pair	n_a	n_b	n_union	remap	quantile	oracle	T_int_err	T_ceil_err	G_int_err	G_ceil_err
1	10	31	41	1	P1	42	-0.001475	-0.001475	0.000293	0.000293
1	10	31	41	1	P50	47	-0.001786	-0.001786	0.003699	0.003699
1	10	31	41	1	P75	172	0.002006	0.002006	0.003424	0.003424
1	10	31	41	1	P90	181	0.003352	0.003352	0.001010	0.001010
1	10	31	41	1	P95	183	0.003580	0.003580	0.001235	0.001235
1	10	31	41	1	P99	212	-0.001447	-0.001447	0.003659	0.003659
1	10	31	41	1	P999	212	-0.001447	-0.001447	0.003659	0.003659
2	31	31	62	1	P1	40	-0.000758	-0.000758	-0.002000	-0.002000
2	31	31	62	1	P50	44	0.000828	-0.000107	0.001246	0.000872
2	31	31	62	1	P75	47	-0.000013	-0.000013	0.002449	0.002449
2	31	31	62	1	P90	50	0.001672	0.001672	0.000378	0.000378
2	31	31	62	1	P95	59	0.001910	0.001910	0.000580	0.000580
2	31	31	62	1	P99	211	-0.001232	-0.001232	0.000905	0.000905
2	31	31	62	1	P999	211	-0.001232	-0.001232	0.000905	0.000905
3	17	31	48	1	P1	42	-0.000674	-0.000674	-0.002196	-0.002196
3	17	31	48	1	P50	46	-0.001165	-0.001539	-0.000220	-0.000594
3	17	31	48	1	P75	49	-0.001531	-0.020023	0.001269	-0.019106
3	17	31	48	1	P90	53	-0.001487	-0.001487	0.003168	0.003168
3	17	31	48	1	P95	107	0.002622	0.002622	0.003368	0.003368
3	17	31	48	1	P99	209	-0.001370	-0.001370	0.002957	0.002957
3	17	31	48	1	P999	209	-0.001370	-0.001370	0.002957	0.002957
4	31	31	62	1	P1	41	0.004246	0.004246	0.001965	0.001965
4	31	31	62	1	P50	47	0.002265	0.001641	0.003699	0.003358
4	31	31	62	1	P75	50	0.000210	0.000210	0.001625	0.001625
4	31	31	62	1	P90	61	0.003266	0.003266	0.000886	0.000886
4	31	31	62	1	P95	99	0.001337	0.001337	0.002578	0.002578
4	31	31	62	1	P99	124	0.000510	0.000510	0.001692	0.001692
4	31	31	62	1	P999	124	0.000510	0.000510	0.001692	0.001692
5	31	31	62	1	P1	40	0.004798	0.004798	0.000490	0.000490
5	31	31	62	1	P50	46	0.000241	-0.000382	0.001072	0.000732
5	31	31	62	1	P75	48	0.001175	0.001175	0.000581	0.000581
5	31	31	62	1	P90	51	-0.000130	-0.000130	-0.000734	-0.000734
5	31	31	62	1	P95	52	0.004139	0.004139	0.003527	0.003527
5	31	31	62	1	P99	214	-0.001116	-0.001116	0.001740	0.001740
5	31	31	62	1	P999	214	-0.001116	-0.001116	0.001740	0.001740
6	31	31	62	1	P1	41	0.000817	0.000817	0.001965	0.001965
6	31	31	62	1	P50	47	0.002554	0.001805	0.003699	0.002949
6	31	31	62	1	P75	52	-0.000109	-0.000109	0.001029	0.001029
6	31	31	62	1	P90	55	0.000496	0.000496	0.001633	0.001633
6	31	31	62	1	P95	62	0.002185	0.002185	0.003320	0.003320
6	31	31	62	1	P99	211	-0.000188	-0.000188	0.000905	0.000905
6	31	31	62	1	P999	211	-0.000188	-0.000188	0.000905	0.000905
7	31	31	62	0	P1	41	0.002776	0.002776	0.001965	0.001965
7	31	31	62	0	P50	47	0.000764	-0.001105	0.003699	0.001825
7	31	31	62	0	P75	50	-0.000058	-0.000058	-0.000868	-0.000868
7	31	31	62	0	P90	52	0.000593	0.000593	0.003527	0.003527
7	31	31	62	0	P95	59	0.001390	0.001390	0.000580	0.000580
7	31	31	62	0	P99	114	0.000610	0.000610	0.003545	0.003545
7	31	31	62	0	P999	114	0.000610	0.000610	0.003545	0.003545
8	31	31	62	1	P1	42	-0.001088	-0.001088	-0.002196	-0.002196
8	31	31	62	1	P50	46	0.002019	0.001083	0.001526	0.000902
8	31	31	62	1	P75	49	0.000518	0.000518	0.003142	0.003142
8	31	31	62	1	P90	54	0.000546	0.000546	0.003165	0.003165
8	31	31	62	1	P95	60	-0.000146	-0.000146	0.002466	0.002466
8	31	31	62	1	P99	120	0.002006	0.002006	0.000839	0.000839
8	31	31	62	1	P999	120	0.002006	0.002006	0.000839	0.000839
9	31	31	62	1	P1	40	0.001599	0.001599	0.000490	0.000490
9	31	31	62	1	P50	46	-0.001720	-0.002342	0.000052	-0.000288
9	31	31	62	1	P75	48	0.001700	0.001700	0.000581	0.000581
9	31	31	62	1	P90	51	0.001633	0.001633	0.000511	0.000511
9	31	31	62	1	P95	54	0.000546	0.000546	0.003165	0.003165
9	31	31	62	1	P99	112	0.003717	0.003717	0.002551	0.002551
9	31	31	62	1	P999	112	0.003717	0.003717	0.002551	0.002551
10	31	31	62	1	P1	41	-0.000034	-0.000034	0.000094	0.000094
10	31	31	62	1	P50	46	0.002025	0.001401	0.002150	0.001526
10	31	31	62	1	P75	49	0.001146	0.001146	0.001269	0.001269
10	31	31	62	1	P90	52	0.003406	0.003406	0.003527	0.003527
10	31	31	62	1	P95	106	0.001439	0.001439	0.001540	0.001540
10	31	31	62	1	P99	212	-0.000166	-0.000166	0.003659	0.003659
10	31	31	62	1	P999	212	-0.000166	-0.000166	0.003659	0.003659
11	31	31	62	1	P1	40	0.002086	0.002086	0.000490	0.000490
11	31	31	62	1	P50	47	0.000485	-0.000049	0.002628	0.002092
11	31	31	62	1	P75	49	0.001000	0.001000	0.003142	0.003142
11	31	31	62	1	P90	55	0.000121	0.000121	0.002257	0.002257
11	31	31	62	1	P95	69	0.002620	0.002620	0.001006	0.001006
11	31	31	62	1	P99	218	-0.000181	-0.000181	0.001911	0.001911
11	31	31	62	1	P999	218	-0.000181	-0.000181	0.001911	0.001911
12	31	31	62	1	P1	40	0.001406	0.001406	0.000490	0.000490
12	31	31	62	1	P50	47	-0.001796	-0.002329	0.001023	0.000488
12	31	31	62	1	P75	49	0.000318	0.000318	0.003142	0.003142
12	31	31	62	1	P90	56	0.001357	0.001357	0.000434	0.000434
12	31	31	62	1	P95	63	0.003195	0.003195	0.002269	0.002269
12	31	31	62	1	P99	213	-0.000107	-0.000107	0.002688	0.002688
12	31	31	62	1	P999	213	-0.000107	-0.000107	0.002688	0.002688
13	31	32	63	1	P1	40	0.000160	0.000160	-0.001378	-0.001378
13	31	32	63	1	P50	949	0.002000	0.002000	0.000015	0.000015
13	31	32	63	1	P75	1016	-0.000798	-0.000798	0.000948	0.000948
13	31	32	63	1	P90	1049	0.002757	0.002757	0.000756	0.000756
13	31	32	63	1	P95	1070	0.001625	0.001625	0.003368	0.003368
13	31	32	63	1	P99	1149	0.001423	0.001423	0.003156	0.003156
13	31	32	63	1	P999	1149	0.001423	0.001423	0.003156	0.003156
14	24	28	52	1	P1	1	-0.002761	-0.002761	0.000935	0.000935
14	24	28	52	1	P50	1448	-0.000038	-0.096034	0.003620	-0.096112
14	24	28	52	1	P75	4064	0.003406	-0.456448	0.003312	-0.456497
14	24	28	52	1	P90	11529	0.003607	0.003607	0.003506	0.003506
14	24	28	52	1	P95	12310	0.000354	0.000354	0.000253	0.000253
14	24	28	52	1	P99	18063	0.003164	0.003164	0.003060	0.003060
14	24	28	52	1	P999	18063	0.003164	0.003164	0.003060	0.003060
15	43	30	73	1	P1	1	0.000862	0.000862	0.003745	0.003745
15	43	30	73	1	P50	1525	0.001383	0.001383	0.000395	0.000395
15	43	30	73	1	P75	7279	0.004626	0.004626	0.003609	0.003609
15	43	30	73	1	P90	10678	0.002706	0.002706	0.001684	0.001684
15	43	30	73	1	P95	11275	0.000632	0.000632	0.003356	0.003356
15	43	30	73	1	P99	13818	0.002843	0.002843	0.001817	0.001817
15	43	30	73	1	P999	13818	0.002843	0.002843	0.001817	0.001817
16	24	31	55	1	P1	1	-0.002726	-0.002726	0.000156	0.000156
16	24	31	55	1	P50	14744	0.002778	0.002778	0.000497	0.000497
16	24	31	55	1	P75	15978	0.000906	0.000906	0.002358	0.002358
16	24	31	55	1	P90	19497	-0.000000	-0.000000	0.001421	0.001421
16	24	31	55	1	P95	21213	0.001633	0.001633	0.003044	0.003044
16	24	31	55	1	P99	33044	-0.000449	-0.000449	0.000894	0.000894
16	24	31	55	1	P999	33044	-0.000449	-0.000449	0.000894	0.000894
17	32	32	64	1	P1	4717	0.002475	0.002475	0.000082	0.000082
17	32	32	64	1	P50	8250	0.000504	-0.000743	0.000802	-0.000133
17	32	32	64	1	P75	9819	0.000249	-0.027409	0.001446	-0.026239
17	32	32	64	1	P90	10615	0.002686	0.002686	0.000124	0.000124
17	32	32	64	1	P95	11164	0.000860	0.000860	0.000161	0.000161
17	32	32	64	1	P99	11390	-0.000488	-0.000488	0.000678	0.000678
17	32	32	64	1	P999	11390	-0.000488	-0.000488	0.000678	0.000678
18	32	32	64	1	P1	5409	0.002508	0.002508	0.001496	0.001496
18	32	32	64	1	P50	7622	-0.000235	-0.003966	0.002416	-0.001324
18	32	32	64	1	P75	8515	0.001140	-0.013721	0.000023	-0.014818
18	32	32	64	1	P90	8983	-0.001889	-0.001889	0.000720	0.000720
18	32	32	64	1	P95	9380	0.001600	0.001600	0.000460	0.000460
18	32	32	64	1	P99	9585	0.002415	0.002415	0.001269	0.001269
18	32	32	64	1	P999	9585	0.002415	0.002415	0.001269	0.001269
19	32	32	64	1	P1	5787	0.001853	0.001853	0.001229	0.001229
19	32	32	64	1	P50	9792	0.003057	-0.000686	0.002332	-0.001407
19	32	32	64	1	P75	11429	0.001752	-0.009421	0.000998	-0.010164
19	32	32	64	1	P90	12582	-0.000896	-0.000896	0.002074	0.002074
19	32	32	64	1	P95	12868	-0.000940	-0.000940	0.002025	0.002025
19	32	32	64	1	P99	13709	-0.000691	-0.000691	0.002262	0.002262
19	32	32	64	1	P999	13709	-0.000691	-0.000691	0.002262	0.002262
20	32	31	63	1	P1	5524	0.003197	0.003197	0.002889	0.002889
20	32	31	63	1	P50	9246	0.001163	0.001163	0.000832	0.000832
20	32	31	63	1	P75	10727	0.001181	0.001181	0.000843	0.000843
20	32	31	63	1	P90	11780	0.000995	0.000995	0.000652	0.000652
20	32	31	63	1	P95	12392	0.002684	0.002684	0.002339	0.002339
20	32	31	63	1	P99	13414	0.001936	0.001936	0.001586	0.001586
20	32	31	63	1	P999	13414	0.001936	0.001936	0.001586	0.001586
21	10	11	21	1	P1	35	0.003563	0.003563	0.003198	0.003198
21	10	11	21	1	P50	22486	0.001263	0.001263	0.000830	0.000830
21	10	11	21	1	P75	65960	0.001653	0.001653	0.001209	0.001209
21	10	11	21	1	P90	102007	0.003009	0.003009	0.002560	0.002560
21	10	11	21	1	P95	109458	0.003533	0.003533	0.003083	0.003083
21	10	11	21	1	P99	184696	-0.000061	-0.000061	0.003228	0.003228
21	10	11	21	1	P999	184696	-0.000061	-0.000061	0.003228	0.003228
22	10	10	20	1	P1	58	0.001779	0.001779	0.002726	0.002726
22	10	10	20	1	P50	69294	0.000203	-0.998350	0.000492	-0.998349
22	10	10	20	1	P75	92452	-0.000279	-0.015117	0.003728	-0.014857
22	10	10	20	1	P90	104315	0.002363	-0.090478	0.002614	-0.090242
22	10	10	20	1	P95	121635	0.002023	-0.140367	0.002260	-0.140151
22	10	10	20	1	P99	121635	0.002023	0.002023	0.002260	0.002260
22	10	10	20	1	P999	121635	0.002023	0.002023	0.002260	0.002260
23	13	32	45	1	P1	3551	0.004398	0.004398	0.003685	0.003685
23	13	32	45	1	P50	11882	0.004311	0.004311	0.003250	0.003250
23	13	32	45	1	P75	13424	0.001933	0.001933	0.000840	0.000840
23	13	32	45	1	P90	65198	-0.000581	-0.000581	0.001615	0.001615
23	13	32	45	1	P95	69094	0.001205	0.001205	0.003388	0.003388
23	13	32	45	1	P99	98741	-0.000620	-0.000620	0.001457	0.001457
23	13	32	45	1	P999	98741	-0.000620	-0.000620	0.001457	0.001457
24	623	7	630	1	P1	2	-0.001641	-0.001641	-0.000752	-0.000752
24	623	7	630	1	P50	4	0.001237	0.001220	-0.001715	-0.001732
24	623	7	630	1	P75	5	-0.002322	-0.002322	-0.001572	-0.001572
24	623	7	630	1	P90	5	-0.000091	-0.000115	0.000660	0.000637
24	623	7	630	1	P95	5	0.000638	0.000638	0.001390	0.001390
24	623	7	630	1	P99	1168	0.001778	0.001778	0.001703	0.001703
24	623	7	630	1	P999	7255	-0.000219	-0.000219	0.003172	0.003172
25	31	31	62	1	P1	5	0.000811	0.000811	0.001625	0.001625
25	31	31	62	1	P50	3559	0.000648	-0.995209	0.001429	-0.995223
25	31	31	62	1	P75	5074	0.001107	0.001107	0.001886	0.001886
25	31	31	62	1	P90	5531	0.000841	0.000841	0.001620	0.001620
25	31	31	62	1	P95	5738	0.001479	0.001479	0.002258	0.002258
25	31	31	62	1	P99	8432	0.001568	0.001568	0.002346	0.002346
25	31	31	62	1	P999	8432	0.001568	0.001568	0.002346	0.002346
26	7	31	38	1	P1	4	0.000463	0.000463	-0.002311	-0.002311
26	7	31	38	1	P50	6	-0.001253	-0.166092	-0.000341	-0.165312
26	7	31	38	1	P75	15	-0.000699	-0.000699	0.000104	0.000104
26	7	31	38	1	P90	1193	0.002675	0.002675	0.002955	0.002955
26	7	31	38	1	P95	1206	-0.000689	-0.000689	0.003333	0.003333
26	7	31	38	1	P99	11992	0.001504	0.001504	0.001507	0.001507
26	7	31	38	1	P999	11992	0.001504	0.001504	0.001507	0.001507
27	31	7	38	1	P1	956	-0.000306	-0.000306	0.000142	0.000142
27	31	7	38	1	P50	4919	0.000750	-0.010410	0.003009	-0.011876
27	31	7	38	1	P75	5273	0.000410	0.000410	-0.001074	-0.001074
27	31	7	38	1	P90	5837	0.001592	0.001592	0.000101	0.000101
27	31	7	38	1	P95	6259	0.002815	0.002815	0.001320	0.001320
27	31	7	38	1	P99	8375	0.003157	0.003157	0.001651	0.001651
27	31	7	38	1	P999	8375	0.003157	0.003157	0.001651	0.001651
28	7	7	14	0	P1	943	0.000787	0.000787	0.002623	0.002623
28	7	7	14	0	P50	967	0.001822	-0.001916	0.003660	-0.000085
28	7	7	14	0	P75	1014	0.000462	0.000462	0.001049	0.001049
28	7	7	14	0	P90	1017	-0.000000	-0.000000	0.001834	0.001834
28	7	7	14	0	P95	1062	0.001560	0.001560	0.003397	0.003397
28	7	7	14	0	P99	1062	0.001560	0.001560	0.003397	0.003397
28	7	7	14	0	P999	1062	0.001560	0.001560	0.003397	0.003397
29	7	7	14	1	P1	934	0.003747	0.003747	0.000996	0.000996
29	7	7	14	1	P50	968	0.001631	-0.000240	0.002623	0.000751
29	7	7	14	1	P75	984	0.003934	0.003934	0.001178	0.001178
29	7	7	14	1	P90	1025	-0.001381	-0.001381	-0.000396	-0.000396
29	7	7	14	1	P95	1026	-0.000487	-0.000487	0.000498	0.000498
29	7	7	14	1	P99	1026	-0.000487	-0.000487	0.000498	0.000498
29	7	7	14	1	P999	1026	-0.000487	-0.000487	0.000498	0.000498
30	7	7	14	1	P1	934	-0.001006	-0.001006	0.000996	0.000996
30	7	7	14	1	P50	964	0.001030	-0.000839	0.001154	-0.000715
30	7	7	14	1	P75	1019	0.001631	0.001631	0.001739	0.001739
30	7	7	14	1	P90	1030	-0.001628	-0.001628	0.000345	0.000345
30	7	7	14	1	P95	1044	-0.000174	-0.000174	0.001798	0.001798
30	7	7	14	1	P99	1044	-0.000174	-0.000174	0.001798	0.001798
30	7	7	14	1	P999	1044	-0.000174	-0.000174	0.001798	0.001798
31	7	7	14	1	P1	933	0.001884	0.001884	0.002069	0.002069
31	7	7	14	1	P50	970	0.002245	-0.003359	0.000556	-0.003177
31	7	7	14	1	P75	1004	0.003311	0.003311	0.003490	0.003490
31	7	7	14	1	P90	1023	-0.000489	-0.000489	0.003432	0.003432
31	7	7	14	1	P95	1044	0.001622	0.001622	0.001798	0.001798
31	7	7	14	1	P99	1044	0.001622	0.001622	0.001798	0.001798
31	7	7	14	1	P999	1044	0.001622	0.001622	0.001798	0.001798
32	7	7	14	1	P1	937	-0.000778	-0.000778	0.001528	0.001528
32	7	7	14	1	P50	961	0.001972	0.000101	0.002404	0.000532
32	7	7	14	1	P75	1027	-0.000896	-0.000896	0.001394	0.001394
32	7	7	14	1	P90	1054	0.001193	0.001193	0.003483	0.003483
32	7	7	14	1	P95	1084	-0.000703	-0.000703	0.001579	0.001579
32	7	7	14	1	P99	1084	-0.000703	-0.000703	0.001579	0.001579
32	7	7	14	1	P999	1084	-0.000703	-0.000703	0.001579	0.001579
33	7	7	14	1	P1	941	0.003106	0.003106	0.001005	0.001005
33	7	7	14	1	P50	986	0.001244	-0.006213	0.002889	-0.004580
33	7	7	14	1	P75	1024	0.000808	0.000808	0.002452	0.002452
33	7	7	14	1	P90	1082	0.001784	0.001784	0.003430	0.003430
33	7	7	14	1	P95	3402	0.000047	0.000047	0.001690	0.001690
33	7	7	14	1	P99	3402	0.000047	0.000047	0.001690	0.001690
33	7	7	14	1	P999	3402	0.000047	0.000047	0.001690	0.001690
34	7	7	14	0	P1	933	0.000594	0.000594	0.002069	0.002069
34	7	7	14	0	P50	975	0.001418	-0.013444	0.002894	-0.011989
34	7	7	14	0	P75	1019	0.002135	0.002135	0.003613	0.003613
34	7	7	14	0	P90	1025	-0.000000	-0.000000	0.001474	0.001474
34	7	7	14	0	P95	1058	0.001956	0.001956	0.003433	0.003433
34	7	7	14	0	P99	1058	0.001956	0.001956	0.003433	0.003433
34	7	7	14	0	P999	1058	0.001956	0.001956	0.003433	0.003433
35	7	7	14	1	P1	937	0.002202	0.002202	0.001528	0.001528
35	7	7	14	1	P50	992	0.001240	-0.020969	0.000556	-0.021634
35	7	7	14	1	P75	1030	-0.000834	-0.000834	-0.000901	-0.000901
35	7	7	14	1	P90	1036	-0.001034	-0.001034	0.002015	0.002015
35	7	7	14	1	P95	1050	0.004244	0.004244	0.003548	0.003548
35	7	7	14	1	P99	1050	0.004244	0.004244	0.003548	0.003548
35	7	7	14	1	P999	1050	0.004244	0.004244	0.003548	0.003548
36	7	7	14	1	P1	938	0.000392	0.000392	0.000460	0.000460
36	7	7	14	1	P50	972	0.000306	-0.003427	-0.000258	-0.005228
36	7	7	14	1	P75	994	0.004104	0.004104	0.002283	0.002283
36	7	7	14	1	P90	1027	0.001348	0.001348	0.003267	0.003267
36	7	7	14	1	P95	1069	-0.001346	-0.001346	0.000560	0.000560
36	7	7	14	1	P99	1069	-0.001346	-0.001346	0.000560	0.000560
36	7	7	14	1	P999	1069	-0.001346	-0.001346	0.000560	0.000560
37	623	7	630	1	P1	1	0.002552	0.002552	0.003745	0.003745
37	623	7	630	1	P50	3	0.001210	0.001197	-0.001539	-0.001552
37	623	7	630	1	P75	4	-0.000137	-0.000137	-0.002934	-0.002934
37	623	7	630	1	P90	4	0.002128	0.002104	-0.000677	-0.000700
37	623	7	630	1	P95	4	0.002868	0.002868	0.000061	0.000061
37	623	7	630	1	P99	118	0.002379	0.002379	0.002698	0.002698
37	623	7	630	1	P999	123	0.002003	0.002003	0.002314	0.002314
38	31	31	62	1	P1	4	0.000853	0.000853	-0.001378	-0.001378
38	31	31	62	1	P50	3688	0.001845	-0.995379	0.003208	-0.995390
38	31	31	62	1	P75	4674	0.000409	0.000409	0.001765	0.001765
38	31	31	62	1	P90	4956	0.001635	0.001635	0.002992	0.002992
38	31	31	62	1	P95	5262	0.001531	0.001531	0.002886	0.002886
38	31	31	62	1	P99	8662	0.000255	0.000255	0.001598	0.001598
38	31	31	62	1	P999	8662	0.000255	0.000255	0.001598	0.001598
39	31	7	38	1	P1	42	0.000830	0.000830	0.000293	0.000293
39	31	7	38	1	P50	48	0.000940	0.000005	0.000394	-0.000540
39	31	7	38	1	P75	89	0.001247	0.001247	0.000657	0.000657
39	31	7	38	1	P90	106	0.002142	0.002142	0.001540	0.001540
39	31	7	38	1	P95	116	0.001707	0.001707	0.001099	0.001099
39	31	7	38	1	P99	213	-0.000404	-0.000404	0.002688	0.002688
39	31	7	38	1	P999	213	-0.000404	-0.000404	0.002688	0.002688
40	7	7	14	1	P1	98	-0.000823	-0.000823	-0.000979	-0.000979
40	7	7	14	1	P50	104	-0.001667	-0.003532	0.001899	0.000028
40	7	7	14	1	P75	108	0.001722	0.001722	0.001537	0.001537
40	7	7	14	1	P90	112	0.002747	0.002747	0.002551	0.002551
40	7	7	14	1	P95	115	-0.001255	-0.001255	0.002283	0.002283
40	7	7	14	1	P99	115	-0.001255	-0.001255	0.002283	0.002283
40	7	7	14	1	P999	115	-0.001255	-0.001255	0.002283	0.002283
41	7	7	14	1	P1	94	0.002581	0.002581	0.002070	0.002070
41	7	7	14	1	P50	105	0.004069	0.000322	0.003548	0.001674
41	7	7	14	1	P75	113	0.001662	0.001662	0.001136	0.001136
41	7	7	14	1	P90	118	-0.000515	-0.000515	0.002698	0.002698
41	7	7	14	1	P95	126	0.001178	0.001178	0.000642	0.000642
41	7	7	14	1	P99	126	0.001178	0.001178	0.000642	0.000642
41	7	7	14	1	P999	126	0.001178	0.001178	0.000642	0.000642
42	7	7	14	1	P1	96	-0.000906	-0.000906	0.001575	0.001575
42	7	7	14	1	P50	102	0.003902	-0.007294	0.002629	-0.008552
42	7	7	14	1	P75	107	0.004651	0.004651	0.003368	0.003368
42	7	7	14	1	P90	109	0.001076	0.001076	0.003540	0.003540
42	7	7	14	1	P95	112	0.003841	0.003841	0.002551	0.002551
42	7	7	14	1	P99	112	0.003841	0.003841	0.002551	0.002551
42	7	7	14	1	P999	112	0.003841	0.003841	0.002551	0.002551
43	7	623	630	1	P1	1	0.000336	0.000336	0.002382	0.002382
43	7	623	630	1	P50	3	0.000020	0.000007	-0.001689	-0.001702
43	7	623	630	1	P75	4	-0.001355	-0.001355	-0.003065	-0.003065
43	7	623	630	1	P90	4	0.001061	0.001035	-0.000654	-0.000680
43	7	623	630	1	P95	4	0.001850	0.001850	0.000134	0.000134
43	7	623	630	1	P99	100	0.001761	0.001761	0.003745	0.003745
43	7	623	630	1	P999	112	0.000572	0.000572	0.002551	0.002551
44	7	31	38	1	P1	4	-0.002076	-0.002076	-0.002497	-0.002497
44	7	31	38	1	P50	5	0.001851	0.001617	0.001391	0.001157
44	7	31	38	1	P75	13	0.003648	0.003648	0.003036	0.003036
44	7	31	38	1	P90	111	0.001254	0.001254	0.000303	0.000303
44	7	31	38	1	P95	114	-0.001114	-0.001114	0.001671	0.001671
44	7	31	38	1	P99	114	0.000755	0.000755	0.003545	0.003545
44	7	31	38	1	P999	114	0.000755	0.000755	0.003545	0.003545
45	31	31	62	1	P1	42	0.000780	0.000780	-0.002507	-0.002507
45	31	31	62	1	P50	4067	-0.000901	-0.973412	0.002572	-0.973404
45	31	31	62	1	P75	4877	0.000663	0.000663	0.000366	0.000366
45	31	31	62	1	P90	5460	-0.000099	-0.000099	0.003330	0.003330
45	31	31	62	1	P95	5564	-0.000275	-0.000275	0.003151	0.003151
45	31	31	62	1	P99	9459	-0.000051	-0.000051	0.003292	0.003292
45	31	31	62	1	P999	9459	-0.000051	-0.000051	0.003292	0.003292
46	7	7	14	1	P1	92	0.002823	0.002823	0.001147	0.001147
46	7	7	14	1	P50	104	-0.000158	-0.018673	0.001899	-0.016653
46	7	7	14	1	P75	108	-0.000515	-0.000515	0.001537	0.001537
46	7	7	14	1	P90	110	0.003572	0.003572	0.001879	0.001879
46	7	7	14	1	P95	112	0.004247	0.004247	0.002551	0.002551
46	7	7	14	1	P99	112	0.004247	0.004247	0.002551	0.002551
46	7	7	14	1	P999	112	0.004247	0.004247	0.002551	0.002551
47	7	7	14	1	P1	97	-0.001591	-0.001591	-0.001313	-0.001313
47	7	7	14	1	P50	103	0.000069	-0.007380	0.000345	-0.007106
47	7	7	14	1	P75	108	0.001264	0.001264	0.001537	0.001537
47	7	7	14	1	P90	109	0.003266	0.003266	0.003540	0.003540
47	7	7	14	1	P95	111	0.003776	0.003776	0.000303	0.000303
47	7	7	14	1	P99	111	0.003776	0.003776	0.000303	0.000303
47	7	7	14	1	P999	111	0.003776	0.003776	0.000303	0.000303
48	623	7	630	1	P1	1	0.002631	0.002631	0.002183	0.002183
48	623	7	630	1	P50	3	0.003288	0.003274	-0.001137	-0.001152
48	623	7	630	1	P75	4	-0.001484	-0.001484	-0.002226	-0.002226
48	623	7	630	1	P90	4	0.000308	0.000290	-0.000435	-0.000454
48	623	7	630	1	P95	4	0.000894	0.000894	0.000150	0.000150
48	623	7	630	1	P99	954	0.000415	0.000415	0.002239	0.002239
48	623	7	630	1	P999	1087	0.000759	0.000759	0.002555	0.002555
49	31	31	62	1	P1	4	-0.001240	-0.001240	-0.002710	-0.002710
49	31	31	62	1	P50	2930	0.003254	-0.993498	0.001532	-0.993508
49	31	31	62	1	P75	3579	0.001288	0.001288	0.001432	0.001432
49	31	31	62	1	P90	3836	0.002969	0.002969	0.001237	0.001237
49	31	31	62	1	P95	3924	0.002715	0.002715	0.000983	0.000983
49	31	31	62	1	P99	7476	0.001079	0.001079	0.003069	0.003069
49	31	31	62	1	P999	7476	0.001079	0.001079	0.003069	0.003069
50	7	7	14	1	P1	864	0.003893	0.003893	0.000402	0.000402
50	7	7	14	1	P50	891	-0.002579	-0.004442	0.001404	-0.004195
50	7	7	14	1	P75	920	0.000909	0.000909	0.001147	0.001147
50	7	7	14	1	P90	961	-0.001562	-0.001562	0.000532	0.000532
50	7	7	14	1	P95	962	0.004886	0.004886	0.001362	0.001362
50	7	7	14	1	P99	962	0.004886	0.004886	0.001362	0.001362
50	7	7	14	1	P999	962	0.004886	0.004886	0.001362	0.001362
51	7	7	14	1	P1	864	-0.000395	-0.000395	0.000402	0.000402
51	7	7	14	1	P50	906	0.000739	-0.006715	0.001530	-0.009638
51	7	7	14	1	P75	926	0.001336	0.001336	0.000253	0.000253
51	7	7	14	1	P90	951	0.000866	0.000866	0.001649	0.001649
51	7	7	14	1	P95	967	-0.000865	-0.000865	0.003660	0.003660
51	7	7	14	1	P99	967	-0.000865	-0.000865	0.003660	0.003660
51	7	7	14	1	P999	967	-0.000865	-0.000865	0.003660	0.003660
52	623	7	630	1	P1	1	0.003891	0.003891	0.003745	0.003745
52	623	7	630	1	P50	3	-0.001287	-0.001301	-0.001547	-0.001561
52	623	7	630	1	P75	4	-0.002443	-0.002443	-0.002734	-0.002734
52	623	7	630	1	P90	4	-0.000240	-0.000263	-0.000532	-0.000555
52	623	7	630	1	P95	4	0.000480	0.000480	0.000188	0.000188
52	623	7	630	1	P99	1006	0.002374	0.002374	0.001495	0.001495
52	623	7	630	1	P999	1112	-0.000610	-0.000610	0.002243	0.002243
53	31	31	62	1	P1	4	0.001292	0.001292	0.000490	0.000490
53	31	31	62	1	P50	2928	0.000369	-0.995214	0.002216	-0.995201
53	31	31	62	1	P75	4870	0.000042	0.000042	0.001804	0.001804
53	31	31	62	1	P90	5273	-0.000953	-0.000953	0.000794	0.000794
53	31	31	62	1	P95	5490	-0.000158	-0.000158	0.001584	0.001584
53	31	31	62	1	P99	9835	0.000042	0.000042	0.001687	0.001687
53	31	31	62	1	P999	9835	0.000042	0.000042	0.001687	0.001687
54	7	7	14	1	P1	901	-0.000981	-0.000981	0.003331	0.003331
54	7	7	14	1	P50	925	0.002645	-0.001097	0.003207	-0.000536
54	7	7	14	1	P75	973	0.000657	0.000657	0.001206	0.001206
54	7	7	14	1	P90	998	0.001461	0.001461	0.002004	0.002004
54	7	7	14	1	P95	1016	-0.001459	-0.001459	0.002820	0.002820
54	7	7	14	1	P99	1016	-0.001459	-0.001459	0.002820	0.002820
54	7	7	14	1	P999	1016	-0.001459	-0.001459	0.002820	0.002820
55	7	7	14	1	P1	890	-0.000550	-0.000550	0.000657	0.000657
55	7	7	14	1	P50	930	0.002224	-0.007100	0.001551	-0.005909
55	7	7	14	1	P75	937	0.000331	0.000331	-0.000342	-0.000342
55	7	7	14	1	P90	1005	0.001310	0.001310	0.002491	0.002491
55	7	7	14	1	P95	1019	-0.001308	-0.001308	0.003613	0.003613
55	7	7	14	1	P99	1019	-0.001308	-0.001308	0.003613	0.003613
55	7	7	14	1	P999	1019	-0.001308	-0.001308	0.003613	0.003613
56	7	7	14	1	P1	906	0.001338	0.001338	0.001530	0.001530
56	7	7	14	1	P50	935	-0.000887	-0.013260	0.001172	-0.014914
56	7	7	14	1	P75	939	0.001074	0.001074	0.003137	0.003137
56	7	7	14	1	P90	994	0.000223	0.000223	0.002283	0.002283
56	7	7	14	1	P95	1017	-0.000223	-0.000223	0.001834	0.001834
56	7	7	14	1	P99	1017	-0.000223	-0.000223	0.001834	0.001834
56	7	7	14	1	P999	1017	-0.000223	-0.000223	0.001834	0.001834
57	7	7	14	1	P1	899	0.002528	0.002528	0.001811	0.001811
57	7	7	14	1	P50	916	0.001239	-0.000008	0.000520	-0.000726
57	7	7	14	1	P75	964	0.003757	0.003757	0.003027	0.003027
57	7	7	14	1	P90	996	-0.000866	-0.000866	0.000270	0.000270
57	7	7	14	1	P95	998	-0.001003	-0.001003	0.002004	0.002004
57	7	7	14	1	P99	998	-0.001003	-0.001003	0.002004	0.002004
57	7	7	14	1	P999	998	-0.001003	-0.001003	0.002004	0.002004
58	7	7	14	1	P1	893	0.002986	0.002986	0.001030	0.001030
58	7	7	14	1	P50	925	-0.000450	-0.006040	0.001334	-0.007980
58	7	7	14	1	P75	939	0.001351	0.001351	0.003137	0.003137
58	7	7	14	1	P90	994	-0.001365	-0.001365	0.000411	0.000411
58	7	7	14	1	P95	995	-0.000503	-0.000503	0.001275	0.001275
58	7	7	14	1	P99	995	-0.000503	-0.000503	0.001275	0.001275
58	7	7	14	1	P999	995	-0.000503	-0.000503	0.001275	0.001275
59	7	7	14	1	P1	907	0.000351	0.000351	0.000426	0.000426
59	7	7	14	1	P50	923	-0.000935	-0.005903	-0.000240	-0.005830
59	7	7	14	1	P75	926	0.002052	0.002052	0.002124	0.002124
59	7	7	14	1	P90	988	0.000796	0.000796	0.000859	0.000859
59	7	7	14	1	P95	997	-0.000795	-0.000795	0.003009	0.003009
59	7	7	14	1	P99	997	-0.000795	-0.000795	0.003009	0.003009
59	7	7	14	1	P999	997	-0.000795	-0.000795	0.003009	0.003009
60	7	7	14	1	P1	894	0.001930	0.001930	0.003655	0.003655
60	7	7	14	1	P50	917	0.000824	-0.001045	0.000675	-0.000571
60	7	7	14	1	P75	938	0.002482	0.002482	0.000460	0.000460
60	7	7	14	1	P90	991	-0.000153	-0.000153	0.001566	0.001566
60	7	7	14	1	P95	1003	0.002767	0.002767	0.000743	0.000743
60	7	7	14	1	P99	1003	0.002767	0.002767	0.000743	0.000743
60	7	7	14	1	P999	1003	0.002767	0.002767	0.000743	0.000743
61	7	7	14	1	P1	900	0.000939	0.000939	0.000698	0.000698
61	7	7	14	1	P50	924	0.000789	-0.001080	0.000546	-0.001322
61	7	7	14	1	P75	932	0.003388	0.003388	0.003144	0.003144
61	7	7	14	1	P90	1000	0.000246	0.000246	0.000000	0.000000
61	7	7	14	1	P95	1008	-0.000246	-0.000246	0.003251	0.003251
61	7	7	14	1	P99	1008	-0.000246	-0.000246	0.003251	0.003251
61	7	7	14	1	P999	1008	-0.000246	-0.000246	0.003251	0.003251
62	7	7	14	1	P1	896	0.001187	0.001187	0.001415	0.001415
62	7	7	14	1	P50	923	-0.000460	-0.004191	0.001630	-0.002107
62	7	7	14	1	P75	961	0.004070	0.004070	0.002404	0.002404
62	7	7	14	1	P90	989	-0.000355	-0.000355	0.001718	0.001718
62	7	7	14	1	P95	992	-0.001513	-0.001513	0.000556	0.000556
62	7	7	14	1	P99	992	-0.001513	-0.001513	0.000556	0.000556
62	7	7	14	1	P999	992	-0.001513	-0.001513	0.000556	0.000556
63	623	7	630	1	P1	1	0.001103	0.001103	0.002912	0.002912
63	623	7	630	1	P50	2	0.000188	0.000176	0.001953	0.001941
63	623	7	630	1	P75	3	0.000547	0.000547	-0.001451	-0.001451
63	623	7	630	1	P90	3	0.001836	0.001822	-0.000166	-0.000179
63	623	7	630	1	P95	3	0.002256	0.002256	0.000254	0.000254
63	623	7	630	1	P99	1308	0.001136	0.001136	0.000634	0.000634
63	623	7	630	1	P999	1409	-0.000351	-0.000351	0.001013	0.001013
64	31	31	62	1	P1	4	-0.002660	-0.002660	-0.002710	-0.002710
64	31	31	62	1	P50	3246	0.000716	-0.993194	0.000035	-0.993221
64	31	31	62	1	P75	4263	0.001063	0.001063	0.000356	0.000356
64	31	31	62	1	P90	4493	0.000852	0.000852	0.000140	0.000140
64	31	31	62	1	P95	4686	-0.000086	-0.000086	0.002942	0.002942
64	31	31	62	1	P99	8652	-0.000213	-0.000213	0.002756	0.002756
64	31	31	62	1	P999	8652	-0.000213	-0.000213	0.002756	0.002756
65	7	7	14	1	P1	1010	0.001436	0.001436	-0.000605	-0.000605
65	7	7	14	1	P50	1040	0.002073	-0.007248	0.000028	-0.005564
65	7	7	14	1	P75	1081	0.002661	0.002661	0.000611	0.000611
65	7	7	14	1	P90	1112	0.000552	0.000552	0.002243	0.002243
65	7	7	14	1	P95	1130	-0.000552	-0.000552	0.001136	0.001136
65	7	7	14	1	P99	1130	-0.000552	-0.000552	0.001136	0.001136
65	7	7	14	1	P999	1130	-0.000552	-0.000552	0.001136	0.001136
66	7	7	14	1	P1	1008	0.002847	0.002847	0.001378	0.001378
66	7	7	14	1	P50	1034	0.001682	-0.000189	0.000207	-0.001661
66	7	7	14	1	P75	1058	0.004921	0.004921	0.003433	0.003433
66	7	7	14	1	P90	1110	-0.000071	-0.000071	0.000303	0.000303
66	7	7	14	1	P95	1114	-0.001797	-0.001797	0.000444	0.000444
66	7	7	14	1	P99	1114	-0.001797	-0.001797	0.000444	0.000444
66	7	7	14	1	P999	1114	-0.001797	-0.001797	0.000444	0.000444
67	7	7	14	0	P1	1010	0.001863	0.001863	0.001264	0.001264
67	7	7	14	0	P50	1031	0.003717	-0.000028	0.003117	-0.000625
67	7	7	14	0	P75	1065	0.001169	0.001169	0.000571	0.000571
67	7	7	14	0	P90	1111	-0.000000	-0.000000	0.003145	0.003145
67	7	7	14	0	P95	1143	0.001509	0.001509	0.000911	0.000911
67	7	7	14	0	P99	1143	0.001509	0.001509	0.000911	0.000911
67	7	7	14	0	P999	1143	0.001509	0.001509	0.000911	0.000911
68	7	7	14	1	P1	1013	0.002098	0.002098	0.002038	0.002038
68	7	7	14	1	P50	1086	-0.000191	-0.036882	0.003478	-0.033339
68	7	7	14	1	P75	1102	0.000138	0.000138	0.000060	0.000060
68	7	7	14	1	P90	1130	0.001219	0.001219	0.001136	0.001136
68	7	7	14	1	P95	1137	-0.001218	-0.001218	0.002438	0.002438
68	7	7	14	1	P99	1137	-0.001218	-0.001218	0.002438	0.002438
68	7	7	14	1	P999	1137	-0.001218	-0.001218	0.002438	0.002438
69	7	7	14	1	P1	1018	-0.000766	-0.000766	-0.001641	-0.001641
69	7	7	14	1	P50	1052	0.000030	-0.003702	0.001640	-0.005821
69	7	7	14	1	P75	1095	0.001096	0.001096	0.002698	0.002698
69	7	7	14	1	P90	1110	-0.001293	-0.001293	0.000303	0.000303
69	7	7	14	1	P95	1151	-0.000177	-0.000177	0.001412	0.001412
69	7	7	14	1	P99	1151	-0.000177	-0.000177	0.001412	0.001412
69	7	7	14	1	P999	1151	-0.000177	-0.000177	0.001412	0.001412
70	7	7	14	1	P1	1009	-0.001160	-0.001160	0.002257	0.002257
70	7	7	14	1	P50	1060	0.001878	-0.005586	0.001540	-0.005920
70	7	7	14	1	P75	1100	-0.001514	-0.001514	0.001879	0.001879
70	7	7	14	1	P90	1109	0.001555	0.001555	0.001205	0.001205
70	7	7	14	1	P95	1125	-0.001552	-0.001552	0.001833	0.001833
70	7	7	14	1	P99	1125	-0.001552	-0.001552	0.001833	0.001833
70	7	7	14	1	P999	1125	-0.001552	-0.001552	0.001833	0.001833
71	7	7	14	1	P1	1022	0.001048	0.001048	0.000667	0.000667
71	7	7	14	1	P50	1072	0.001882	-0.020339	0.001496	-0.020715
71	7	7	14	1	P75	1095	0.003087	0.003087	0.002698	0.002698
71	7	7	14	1	P90	1145	-0.000448	-0.000448	0.002904	0.002904
71	7	7	14	1	P95	1152	0.000934	0.000934	0.000543	0.000543
71	7	7	14	1	P99	1152	0.000934	0.000934	0.000543	0.000543
71	7	7	14	1	P999	1152	0.000934	0.000934	0.000543	0.000543
72	7	623	630	1	P1	1	0.002944	0.002944	0.003276	0.003276
72	7	623	630	1	P50	3	-0.003405	-0.003421	-0.003079	-0.003095
72	7	623	630	1	P75	3	-0.001015	-0.001015	-0.000688	-0.000688
72	7	623	630	1	P90	4	-0.002170	-0.002222	-0.001845	-0.001896
72	7	623	630	1	P95	4	-0.000563	-0.000563	-0.000237	-0.000237
72	7	623	630	1	P99	1016	0.002514	0.002514	0.002820	0.002820
72	7	623	630	1	P999	1148	-0.000022	-0.000022	0.000283	0.000283
73	7	31	38	1	P1	4	-0.000419	-0.000419	-0.001378	-0.001378
73	7	31	38	1	P50	8	0.003709	0.003083	0.002607	0.001983
73	7	31	38	1	P75	13	0.004234	0.004234	0.003036	0.003036
73	7	31	38	1	P90	1382	0.000052	0.000052	0.001672	0.001672
73	7	31	38	1	P95	1422	0.001430	0.001430	0.003047	0.003047
73	7	31	38	1	P99	1431	-0.001141	-0.001141	0.000471	0.000471
73	7	31	38	1	P999	1431	-0.001141	-0.001141	0.000471	0.000471
74	31	7	38	1	P1	195	0.002802	0.002802	0.001267	0.001267
74	31	7	38	1	P50	4879	0.000278	-0.001591	0.001827	-0.000044
74	31	7	38	1	P75	5203	0.001411	0.001411	0.002949	0.002949
74	31	7	38	1	P90	5522	0.001727	0.001727	0.003252	0.003252
74	31	7	38	1	P95	5739	0.000568	0.000568	0.002084	0.002084
74	31	7	38	1	P99	8719	0.001086	0.001086	0.002517	0.002517
74	31	7	38	1	P999	8719	0.001086	0.001086	0.002517	0.002517
75	31	7	38	1	P1	1026	0.002756	0.002756	0.000498	0.000498
75	31	7	38	1	P50	4014	-0.000521	-0.004250	0.000734	-0.003000
75	31	7	38	1	P75	4242	0.000311	0.000311	0.001558	0.001558
75	31	7	38	1	P90	4597	0.002194	0.002194	0.003429	0.003429
75	31	7	38	1	P95	4710	0.000339	0.000339	0.001568	0.001568
75	31	7	38	1	P99	7297	-0.000021	-0.000021	0.001134	0.001134
75	31	7	38	1	P999	7297	-0.000021	-0.000021	0.001134	0.001134
76	7	7	14	1	P1	97	-0.001464	-0.001464	-0.001313	-0.001313
76	7	7	14	1	P50	1033	0.001104	-0.897244	0.001175	-0.897228
76	7	7	14	1	P75	1055	0.002461	0.002461	0.002532	0.002532
76	7	7	14	1	P90	1123	-0.000195	-0.000195	0.003618	0.003618
76	7	7	14	1	P95	1163	0.002189	0.002189	0.002256	0.002256
76	7	7	14	1	P99	1163	0.002189	0.002189	0.002256	0.002256
76	7	7	14	1	P999	1163	0.002189	0.002189	0.002256	0.002256
77	7	7	14	1	P1	92	0.004612	0.004612	0.001147	0.001147
77	7	7	14	1	P50	1027	-0.000239	-0.901188	0.003267	-0.901531
77	7	7	14	1	P75	1044	0.002039	0.002039	0.001798	0.001798
77	7	7	14	1	P90	1112	-0.001242	-0.001242	0.002243	0.002243
77	7	7	14	1	P95	1139	0.000938	0.000938	0.000678	0.000678
77	7	7	14	1	P99	1139	0.000938	0.000938	0.000678	0.000678
77	7	7	14	1	P999	1139	0.000938	0.000938	0.000678	0.000678
78	7	7	14	1	P1	95	0.002667	0.002667	0.002703	0.002703
78	7	7	14	1	P50	1024	-0.000713	-0.893178	0.002452	-0.893178
78	7	7	14	1	P75	1081	0.001201	0.001201	0.000611	0.000611
78	7	7	14	1	P90	1117	0.000221	0.000221	0.001493	0.001493
78	7	7	14	1	P95	1121	-0.001483	-0.001483	0.001657	0.001657
78	7	7	14	1	P99	1121	-0.001483	-0.001483	0.001657	0.001657
78	7	7	14	1	P999	1121	-0.001483	-0.001483	0.001657	0.001657
79	7	7	14	1	P1	97	-0.001191	-0.001191	-0.001313	-0.001313
79	7	7	14	1	P50	1028	-0.000031	-0.896716	-0.000203	-0.896728
79	7	7	14	1	P75	1035	0.003156	0.003156	0.002983	0.002983
79	7	7	14	1	P90	1119	-0.000123	-0.000123	0.003447	0.003447
79	7	7	14	1	P95	1124	0.002899	0.002899	0.002725	0.002725
79	7	7	14	1	P99	1124	0.002899	0.002899	0.002725	0.002725
79	7	7	14	1	P999	1124	0.002899	0.002899	0.002725	0.002725
80	7	7	14	1	P1	98	0.002094	0.002094	0.001514	0.001514
80	7	7	14	1	P50	1034	0.001168	-0.893353	0.000207	-0.893417
80	7	7	14	1	P75	1050	0.000767	0.000767	0.003548	0.003548
80	7	7	14	1	P90	1073	0.001531	0.001531	0.000563	0.000563
80	7	7	14	1	P95	1125	-0.000932	-0.000932	0.001833	0.001833
80	7	7	14	1	P99	1125	-0.000932	-0.000932	0.001833	0.001833
80	7	7	14	1	P999	1125	-0.000932	-0.000932	0.001833	0.001833
81	7	7	14	1	P1	94	0.003037	0.003037	0.002070	0.002070
81	7	7	14	1	P50	1033	0.000595	-0.897127	-0.000694	-0.897228
81	7	7	14	1	P75	1049	0.002050	0.002050	0.000756	0.000756
81	7	7	14	1	P90	1111	0.000702	0.000702	0.003145	0.003145
81	7	7	14	1	P95	1121	-0.000782	-0.000782	0.001657	0.001657
81	7	7	14	1	P99	1121	-0.000782	-0.000782	0.001657	0.001657
81	7	7	14	1	P999	1121	-0.000782	-0.000782	0.001657	0.001657
82	7	7	14	1	P1	95	0.000704	0.000704	0.000831	0.000831
82	7	7	14	1	P50	1030	0.000694	-0.901829	0.000345	-0.901818
82	7	7	14	1	P75	1055	-0.000856	-0.000856	0.000660	0.000660
82	7	7	14	1	P90	1101	0.001331	0.001331	0.000969	0.000969
82	7	7	14	1	P95	1133	-0.001148	-0.001148	0.002224	0.002224
82	7	7	14	1	P99	1133	-0.001148	-0.001148	0.002224	0.002224
82	7	7	14	1	P999	1133	-0.001148	-0.001148	0.002224	0.002224
83	7	7	14	1	P1	1016	0.001839	0.001839	0.002820	0.002820
83	7	7	14	1	P50	1053	0.001590	-0.009582	0.000688	-0.010470
83	7	7	14	1	P75	1099	0.001832	0.001832	0.000918	0.000918
83	7	7	14	1	P90	1122	0.001684	0.001684	0.000764	0.000764
83	7	7	14	1	P95	1130	-0.001681	-0.001681	0.001136	0.001136
83	7	7	14	1	P99	1130	-0.001681	-0.001681	0.001136	0.001136
83	7	7	14	1	P999	1130	-0.001681	-0.001681	0.001136	0.001136
84	7	7	14	1	P1	1021	0.001645	0.001645	0.001647	0.001647
84	7	7	14	1	P50	1050	-0.000196	-0.003927	0.003548	-0.003927
84	7	7	14	1	P75	1114	-0.001419	-0.001419	0.000444	0.000444
84	7	7	14	1	P90	1138	0.001564	0.001564	0.001558	0.001558
84	7	7	14	1	P95	2045	0.002346	0.002346	0.002294	0.002294
84	7	7	14	1	P99	2045	0.002346	0.002346	0.002294	0.002294
84	7	7	14	1	P999	2045	0.002346	0.002346	0.002294	0.002294
85	7	7	14	1	P1	1022	0.001654	0.001654	0.000667	0.000667
85	7	7	14	1	P50	1059	0.001612	-0.003990	-0.000010	-0.001255
85	7	7	14	1	P75	1092	-0.001031	-0.001031	0.001702	0.001702
85	7	7	14	1	P90	1126	-0.001778	-0.001778	0.000944	0.000944
85	7	7	14	1	P95	2052	0.000075	0.000075	0.002615	0.002615
85	7	7	14	1	P99	2052	0.000075	0.000075	0.002615	0.002615
85	7	7	14	1	P999	2052	0.000075	0.000075	0.002615	0.002615
86	7	623	630	1	P1	1	0.002143	0.002143	0.003276	0.003276
86	7	623	630	1	P50	3	-0.000450	-0.000463	-0.003265	-0.003278
86	7	623	630	1	P75	3	0.001626	0.001626	-0.001196	-0.001196
86	7	623	630	1	P90	3	0.002884	0.002870	0.000058	0.000045
86	7	623	630	1	P95	4	0.000750	0.000750	-0.002124	-0.002124
86	7	623	630	1	P99	1010	0.001478	0.001478	0.001264	0.001264
86	7	623	630	1	P999	1116	-0.001117	-0.001117	0.002391	0.002391
87	623	7	630	1	P1	1	0.003899	0.003899	0.003745	0.003745
87	623	7	630	1	P50	3	0.001750	0.001738	-0.002301	-0.002313
87	623	7	630	1	P75	3	0.003649	0.003649	-0.000411	-0.000411
87	623	7	630	1	P90	4	-0.001449	-0.001494	-0.001805	-0.001850
87	623	7	630	1	P95	4	-0.000054	-0.000054	-0.000411	-0.000411
87	623	7	630	1	P99	1116	-0.000165	-0.000165	0.002391	0.002391
87	623	7	630	1	P999	1240	-0.000847	-0.000847	0.001692	0.001692
88	31	31	62	1	P1	4	-0.002158	-0.002158	-0.002497	-0.002497
88	31	31	62	1	P50	4121	0.001935	-0.994637	0.000592	-0.994660
88	31	31	62	1	P75	4864	0.000662	0.000662	0.003040	0.003040
88	31	31	62	1	P90	5395	-0.000141	-0.000141	0.000349	0.000349
88	31	31	62	1	P95	5467	-0.000314	-0.000314	0.002045	0.002045
88	31	31	62	1	P99	9096	0.002760	0.002760	0.001302	0.001302
88	31	31	62	1	P999	9096	0.002760	0.002760	0.001302	0.001302
89	7	7	14	1	P1	936	0.000664	0.000664	0.002598	0.002598
89	7	7	14	1	P50	978	-0.000242	-0.016919	0.001064	-0.015020
89	7	7	14	1	P75	996	0.002082	0.002082	0.000270	0.000270
89	7	7	14	1	P90	1032	0.000216	0.000216	0.002145	0.002145
89	7	7	14	1	P95	1048	-0.000216	-0.000216	0.001711	0.001711
89	7	7	14	1	P99	1048	-0.000216	-0.000216	0.001711	0.001711
89	7	7	14	1	P999	1048	-0.000216	-0.000216	0.001711	0.001711
90	7	7	14	1	P1	939	0.001721	0.001721	0.003137	0.003137
90	7	7	14	1	P50	957	0.001426	0.000490	0.002838	0.000966
90	7	7	14	1	P75	992	-0.000847	-0.000847	0.000556	0.000556
90	7	7	14	1	P90	1030	-0.001051	-0.001051	0.000345	0.000345
90	7	7	14	1	P95	1096	0.004144	0.004144	0.001783	0.001783
90	7	7	14	1	P99	1096	0.004144	0.004144	0.001783	0.001783
90	7	7	14	1	P999	1096	0.004144	0.004144	0.001783	0.001783
91	7	7	14	1	P1	940	0.004712	0.004712	0.002070	0.002070
91	7	7	14	1	P50	959	0.001515	-0.000355	0.000747	-0.000499
91	7	7	14	1	P75	978	0.002462	0.002462	0.003562	0.003562
91	7	7	14	1	P90	1032	0.004807	0.004807	0.002145	0.002145
91	7	7	14	1	P95	1046	-0.001201	-0.001201	0.003627	0.003627
91	7	7	14	1	P99	1046	-0.001201	-0.001201	0.003627	0.003627
91	7	7	14	1	P999	1046	-0.001201	-0.001201	0.003627	0.003627
92	7	7	14	1	P1	959	0.001029	0.001029	0.000747	0.000747
92	7	7	14	1	P50	980	0.000550	-0.000696	0.000267	-0.000979
92	7	7	14	1	P75	1013	0.002322	0.002322	0.002038	0.002038
92	7	7	14	1	P90	1046	0.000167	0.000167	0.003627	0.003627
92	7	7	14	1	P95	1115	-0.000167	-0.000167	0.003290	0.003290
92	7	7	14	1	P99	1115	-0.000167	-0.000167	0.003290	0.003290
92	7	7	14	1	P999	1115	-0.000167	-0.000167	0.003290	0.003290
93	7	7	14	1	P1	937	0.002215	0.002215	0.001528	0.001528
93	7	7	14	1	P50	987	0.002564	-0.001177	0.001873	-0.001865
93	7	7	14	1	P75	993	0.000239	0.000239	0.003292	0.003292
93	7	7	14	1	P90	1023	0.000380	0.000380	0.003432	0.003432
93	7	7	14	1	P95	1047	-0.000380	-0.000380	0.002668	0.002668
93	7	7	14	1	P99	1047	-0.000380	-0.000380	0.002668	0.002668
93	7	7	14	1	P999	1047	-0.000380	-0.000380	0.002668	0.002668
94	7	7	14	1	P1	936	0.000947	0.000947	0.000726	0.000726
94	7	7	14	1	P50	982	0.001574	-0.020643	0.003217	-0.022692
94	7	7	14	1	P75	1020	0.000993	0.000993	0.002629	0.002629
94	7	7	14	1	P90	1057	-0.000992	-0.000992	0.000635	0.000635
94	7	7	14	1	P95	1060	-0.000088	-0.000088	0.001540	0.001540
94	7	7	14	1	P99	1060	-0.000088	-0.000088	0.001540	0.001540
94	7	7	14	1	P999	1060	-0.000088	-0.000088	0.001540	0.001540
95	7	7	14	1	P1	947	-0.000265	-0.000265	0.000256	0.000256
95	7	7	14	1	P50	981	0.003721	-0.007473	0.000493	-0.006959
95	7	7	14	1	P75	1020	0.002114	0.002114	0.002629	0.002629
95	7	7	14	1	P90	1037	0.000536	0.000536	0.001048	0.001048
95	7	7	14	1	P95	1042	-0.000536	-0.000536	0.003721	0.003721
95	7	7	14	1	P99	1042	-0.000536	-0.000536	0.003721	0.003721
95	7	7	14	1	P999	1042	-0.000536	-0.000536	0.003721	0.003721
96	7	7	14	1	P1	945	0.001524	0.001524	0.000501	0.000501
96	7	7	14	1	P50	968	0.001774	-0.005687	0.002623	-0.004845
96	7	7	14	1	P75	1041	0.000090	0.000090	0.000936	0.000936
96	7	7	14	1	P90	1055	0.001684	0.001684	0.002532	0.002532
96	7	7	14	1	P95	1059	0.001638	0.001638	0.002485	0.002485
96	7	7	14	1	P99	1059	0.001638	0.001638	0.002485	0.002485
96	7	7	14	1	P999	1059	0.001638	0.001638	0.002485	0.002485
97	7	623	630	1	P1	2	-0.001091	-0.001091	-0.001596	-0.001596
97	7	623	630	1	P50	3	-0.000698	-0.000711	-0.001268	-0.001280
97	7	623	630	1	P75	4	-0.002064	-0.002064	-0.002678	-0.002678
97	7	623	630	1	P90	4	0.000087	0.000064	-0.000529	-0.000552
97	7	623	630	1	P95	4	0.000789	0.000789	0.000173	0.000173
97	7	623	630	1	P99	942	0.001432	0.001432	0.003687	0.003687
97	7	623	630	1	P999	1029	-0.000919	-0.000919	0.001317	0.001317
98	7	31	38	1	P1	4	0.000345	0.000345	-0.002000	-0.002000
98	7	31	38	1	P50	6	-0.000780	-0.001713	0.000594	-0.000341
98	7	31	38	1	P75	12	0.003237	0.003237	0.000839	0.000839
98	7	31	38	1	P90	1062	0.002238	0.002238	0.003397	0.003397
98	7	31	38	1	P95	1132	0.001954	0.001954	0.003110	0.003110
98	7	31	38	1	P99	1143	-0.000242	-0.000242	0.000911	0.000911
98	7	31	38	1	P999	1143	-0.000242	-0.000242	0.000911	0.000911
99	31	7	38	1	P1	923	-0.000246	-0.000246	-0.000240	-0.000240
99	31	7	38	1	P50	4715	0.000929	-0.000941	0.000506	-0.001362
99	31	7	38	1	P75	5230	0.001958	0.001958	0.001507	0.001507
99	31	7	38	1	P90	5641	0.001086	0.001086	0.000616	0.000616
99	31	7	38	1	P95	5738	-0.001008	-0.001008	0.002258	0.002258
99	31	7	38	1	P99	9053	-0.000842	-0.000842	0.002305	0.002305
99	31	7	38	1	P999	9053	-0.000842	-0.000842	0.002305	0.002305
100	7	7	14	1	P1	910	0.001299	0.001299	0.000862	0.000862
100	7	7	14	1	P50	931	0.000912	-0.002822	0.000475	-0.001393
100	7	7	14	1	P75	953	-0.000015	-0.000015	0.003290	0.003290
100	7	7	14	1	P90	1004	0.000185	0.000185	0.003490	0.003490
100	7	7	14	1	P95	1031	-0.000185	-0.000185	0.003117	0.003117
100	7	7	14	1	P99	1031	-0.000185	-0.000185	0.003117	0.003117
100	7	7	14	1	P999	1031	-0.000185	-0.000185	0.003117	0.003117
101	7	7	14	1	P1	911	0.002102	0.002102	0.003507	0.003507
101	7	7	14	1	P50	946	0.001792	0.000544	0.003186	-0.000557
101	7	7	14	1	P75	986	0.001507	0.001507	0.002889	0.002889
101	7	7	14	1	P90	1004	-0.001627	-0.001627	0.003490	0.003490
101	7	7	14	1	P95	1014	-0.000323	-0.000323	0.001049	0.001049
101	7	7	14	1	P99	1014	-0.000323	-0.000323	0.001049	0.001049
101	7	7	14	1	P999	1014	-0.000323	-0.000323	0.001049	0.001049
102	7	7	14	1	P1	915	-0.000502	-0.000502	0.002862	0.002862
102	7	7	14	1	P50	948	0.001454	-0.006006	0.001070	-0.006386
102	7	7	14	1	P75	977	0.001230	0.001230	0.000841	0.000841
102	7	7	14	1	P90	1007	0.000894	0.000894	0.000500	0.000500
102	7	7	14	1	P95	1024	-0.000893	-0.000893	0.002452	0.002452
102	7	7	14	1	P99	1024	-0.000893	-0.000893	0.002452	0.002452
102	7	7	14	1	P999	1024	-0.000893	-0.000893	0.002452	0.002452
103	7	7	14	1	P1	922	0.001466	0.001466	0.002717	0.002717
103	7	7	14	1	P50	939	0.001887	-0.001851	0.003137	-0.000605
103	7	7	14	1	P75	964	0.001779	0.001779	0.003027	0.003027
103	7	7	14	1	P90	1003	-0.000499	-0.000499	0.000743	0.000743
103	7	7	14	1	P95	1009	0.001014	0.001014	0.002257	0.002257
103	7	7	14	1	P99	1009	0.001014	0.001014	0.002257	0.002257
103	7	7	14	1	P999	1009	0.001014	0.001014	0.002257	0.002257
104	7	7	14	1	P1	912	0.001613	0.001613	0.000535	0.000535
104	7	7	14	1	P50	953	0.002508	-0.001233	0.003290	-0.000453
104	7	7	14	1	P75	1002	0.004725	0.004725	0.001741	0.001741
104	7	7	14	1	P90	1024	0.001692	0.001692	0.002452	0.002452
104	7	7	14	1	P95	1099	-0.001689	-0.001689	0.002790	0.002790
104	7	7	14	1	P99	1099	-0.001689	-0.001689	0.002790	0.002790
104	7	7	14	1	P999	1099	-0.001689	-0.001689	0.002790	0.002790
105	7	7	14	1	P1	917	0.001135	0.001135	0.000675	0.000675
105	7	7	14	1	P50	941	0.001471	-0.002266	0.001005	-0.002729
105	7	7	14	1	P75	965	0.002460	0.002460	0.001987	0.001987
105	7	7	14	1	P90	1003	0.001222	0.001222	0.000743	0.000743
105	7	7	14	1	P95	1013	-0.001221	-0.001221	0.002038	0.002038
105	7	7	14	1	P99	1013	-0.001221	-0.001221	0.002038	0.002038
105	7	7	14	1	P999	1013	-0.001221	-0.001221	0.002038	0.002038
106	7	7	14	1	P1	913	0.000900	0.000900	-0.000561	-0.000561
106	7	7	14	1	P50	940	0.001662	-0.002075	0.002070	-0.001669
106	7	7	14	1	P75	976	0.001461	0.001461	0.001867	0.001867
106	7	7	14	1	P90	1003	0.000339	0.000339	0.000743	0.000743
106	7	7	14	1	P95	1015	-0.000339	-0.000339	0.000063	0.000063
106	7	7	14	1	P99	1015	-0.000339	-0.000339	0.000063	0.000063
106	7	7	14	1	P999	1015	-0.000339	-0.000339	0.000063	0.000063
107	7	7	14	1	P1	911	0.001485	0.001485	0.003507	0.003507
107	7	7	14	1	P50	943	0.000611	-0.001258	0.000128	-0.001118
107	7	7	14	1	P75	958	0.001656	0.001656	0.001792	0.001792
107	7	7	14	1	P90	1004	-0.000378	-0.000378	0.001616	0.001616
107	7	7	14	1	P95	1007	-0.001491	-0.001491	0.000500	0.000500
107	7	7	14	1	P99	1007	-0.001491	-0.001491	0.000500	0.000500
107	7	7	14	1	P999	1007	-0.001491	-0.001491	0.000500	0.000500
108	7	7	14	1	P1	915	0.000432	0.000432	0.002862	0.002862
108	7	7	14	1	P50	987	0.001324	-0.029995	0.000002	-0.031271
108	7	7	14	1	P75	1015	0.001388	0.001388	0.000063	0.000063
108	7	7	14	1	P90	1048	-0.000700	-0.000700	0.001711	0.001711
108	7	7	14	1	P95	1106	0.001511	0.001511	0.000175	0.000175
108	7	7	14	1	P99	1106	0.001511	0.001511	0.000175	0.000175
108	7	7	14	1	P999	1106	0.001511	0.001511	0.000175	0.000175
109	623	7	630	1	P1	3	0.001036	0.001036	-0.002659	-0.002659
109	623	7	630	1	P50	5	-0.000782	-0.000799	-0.000785	-0.000801
109	623	7	630	1	P75	6	-0.000955	-0.000955	-0.000972	-0.000972
109	623	7	630	1	P90	6	0.001446	0.001420	0.001428	0.001403
109	623	7	630	1	P95	6	0.002230	0.002230	0.002213	0.002213
109	623	7	630	1	P99	107	-0.000121	-0.000121	0.003368	0.003368
109	623	7	630	1	P999	122	-0.000474	-0.000474	0.003004	0.003004
110	31	31	62	1	P1	4	-0.000455	-0.000455	-0.002311	-0.002311
110	31	31	62	1	P50	2671	-0.000540	-0.992481	0.000631	-0.992496
110	31	31	62	1	P75	3238	-0.000517	-0.000517	0.000010	0.000010
110	31	31	62	1	P90	3577	0.002723	0.002723	0.000121	0.000121
110	31	31	62	1	P95	3636	0.001314	0.001314	0.002454	0.002454
110	31	31	62	1	P99	7134	0.000232	0.000232	0.001297	0.001297
110	31	31	62	1	P999	7134	0.000232	0.000232	0.001297	0.001297
111	31	7	38	1	P1	41	0.001097	0.001097	-0.000529	-0.000529
111	31	7	38	1	P50	46	0.001316	-0.017843	-0.000344	-0.019465
111	31	7	38	1	P75	49	0.004828	0.004828	0.003142	0.003142
111	31	7	38	1	P90	107	0.005288	0.005288	0.003368	0.003368
111	31	7	38	1	P95	112	0.004483	0.004483	0.002551	0.002551
111	31	7	38	1	P99	212	-0.001710	-0.001710	0.003659	0.003659
111	31	7	38	1	P999	212	-0.001710	-0.001710	0.003659	0.003659
112	31	31	62	1	P1	6	-0.001631	-0.001631	-0.000341	-0.000341
112	31	31	62	1	P50	4068	0.002362	-0.996550	0.002325	-0.996546
112	31	31	62	1	P75	4701	-0.000194	-0.000194	0.003485	0.003485
112	31	31	62	1	P90	5040	0.001212	0.001212	0.001132	0.001132
112	31	31	62	1	P95	5254	0.000754	0.000754	0.000666	0.000666
112	31	31	62	1	P99	7739	0.002301	0.002301	0.002133	0.002133
112	31	31	62	1	P999	7739	0.002301	0.002301	0.002133	0.002133
113	7	31	38	1	P1	5	0.004260	0.004260	0.001625	0.001625
113	7	31	38	1	P50	10	0.002737	0.001488	0.003745	0.002495
113	7	31	38	1	P75	15	-0.001461	-0.001461	-0.000519	-0.000519
113	7	31	38	1	P90	169	0.001756	0.001756	0.002327	0.002327
113	7	31	38	1	P95	176	0.002296	0.002296	0.002861	0.002861
113	7	31	38	1	P99	177	0.000366	0.000366	0.000929	0.000929
113	7	31	38	1	P999	177	0.000366	0.000366	0.000929	0.000929
114	31	7	38	1	P1	109	0.001770	0.001770	0.003540	0.003540
114	31	7	38	1	P50	4825	0.002190	-0.012685	0.003616	-0.011278
114	31	7	38	1	P75	5207	-0.001108	-0.001108	0.000307	0.000307
114	31	7	38	1	P90	5625	0.002050	0.002050	0.003462	0.003462
114	31	7	38	1	P95	6032	-0.000520	-0.000520	0.000882	0.000882
114	31	7	38	1	P99	8304	0.001315	0.001315	0.002691	0.002691
114	31	7	38	1	P999	8304	0.001315	0.001315	0.002691	0.002691
115	31	31	62	1	P1	4	-0.000090	-0.000090	-0.001378	-0.001378
115	31	31	62	1	P50	3775	0.000076	-0.996013	0.002317	-0.996019
115	31	31	62	1	P75	4919	0.000775	0.000775	0.003009	0.003009
115	31	31	62	1	P90	5274	0.002116	0.002116	0.000605	0.000605
115	31	31	62	1	P95	5492	0.000861	0.000861	0.001219	0.001219
115	31	31	62	1	P99	8787	0.000008	0.000008	0.002223	0.002223
115	31	31	62	1	P999	8787	0.000008	0.000008	0.002223	0.002223
116	7	7	14	1	P1	98	0.000738	0.000738	0.001514	0.001514
116	7	7	14	1	P50	106	0.000779	-0.017755	-0.000330	-0.017005
116	7	7	14	1	P75	110	0.001125	0.001125	0.000008	0.000008
116	7	7	14	1	P90	114	-0.000945	-0.000945	0.003545	0.003545
116	7	7	14	1	P95	118	0.001957	0.001957	0.002698	0.002698
116	7	7	14	1	P99	118	0.001957	0.001957	0.002698	0.002698
116	7	7	14	1	P999	118	0.001957	0.001957	0.002698	0.002698
117	7	7	14	1	P1	99	0.002863	0.002863	0.002578	0.002578
117	7	7	14	1	P50	106	0.001826	-0.000045	0.001540	-0.000330
117	7	7	14	1	P75	108	0.001824	0.001824	0.001537	0.001537
117	7	7	14	1	P90	111	0.000590	0.000590	0.000303	0.000303
117	7	7	14	1	P95	116	0.001387	0.001387	0.001099	0.001099
117	7	7	14	1	P99	116	0.001387	0.001387	0.001099	0.001099
117	7	7	14	1	P999	116	0.001387	0.001387	0.001099	0.001099
118	7	7	14	0	P1	99	0.002775	0.002775	0.002578	0.002578
118	7	7	14	0	P50	105	-0.001867	-0.007448	0.001674	-0.007643
118	7	7	14	0	P75	106	0.001737	0.001737	0.001540	0.001540
118	7	7	14	0	P90	109	0.003737	0.003737	0.003540	0.003540
118	7	7	14	0	P95	110	0.002076	0.002076	0.001879	0.001879
118	7	7	14	0	P99	110	0.002076	0.002076	0.001879	0.001879
118	7	7	14	0	P999	110	0.002076	0.002076	0.001879	0.001879
119	7	7	14	1	P1	98	0.001715	0.001715	0.001514	0.001514
119	7	7	14	1	P50	104	0.002100	0.000229	0.001899	0.000028
119	7	7	14	1	P75	109	-0.001871	-0.001871	0.001666	0.001666
119	7	7	14	1	P90	111	0.000504	0.000504	0.000303	0.000303
119	7	7	14	1	P95	118	0.002899	0.002899	0.002698	0.002698
119	7	7	14	1	P99	118	0.002899	0.002899	0.002698	0.002698
119	7	7	14	1	P999	118	0.002899	0.002899	0.002698	0.002698
120	7	7	14	1	P1	95	0.001921	0.001921	0.002703	0.002703
120	7	7	14	1	P50	104	0.001134	-0.000736	0.001899	0.000028
120	7	7	14	1	P75	108	-0.001089	-0.001089	-0.000333	-0.000333
120	7	7	14	1	P90	109	-0.000959	-0.000959	0.001666	0.001666
120	7	7	14	1	P95	109	0.002783	0.002783	0.003540	0.003540
120	7	7	14	1	P99	109	0.002783	0.002783	0.003540	0.003540
120	7	7	14	1	P999	109	0.002783	0.002783	0.003540	0.003540
121	7	7	14	1	P1	100	0.003065	0.003065	0.003745	0.003745
121	7	7	14	1	P50	108	0.000870	-0.024983	0.001537	-0.024329
121	7	7	14	1	P75	109	0.002873	0.002873	0.003540	0.003540
121	7	7	14	1	P90	112	0.000018	0.000018	0.000679	0.000679
121	7	7	14	1	P95	112	0.001889	0.001889	0.002551	0.002551
121	7	7	14	1	P99	112	0.001889	0.001889	0.002551	0.002551
121	7	7	14	1	P999	112	0.001889	0.001889	0.002551	0.002551
122	7	7	14	1	P1	100	0.001546	0.001546	0.001871	0.001871
122	7	7	14	1	P50	103	-0.002468	-0.007427	-0.002145	-0.007106
122	7	7	14	1	P75	108	0.001213	0.001213	0.001537	0.001537
122	7	7	14	1	P90	111	-0.000021	-0.000021	0.000303	0.000303
122	7	7	14	1	P95	112	0.002227	0.002227	0.002551	0.002551
122	7	7	14	1	P99	112	0.002227	0.002227	0.002551	0.002551
122	7	7	14	1	P999	112	0.002227	0.002227	0.002551	0.002551
123	7	7	14	1	P1	101	0.002186	0.002186	0.001264	0.001264
123	7	7	14	1	P50	107	0.000557	-0.010602	0.001495	-0.007821
123	7	7	14	1	P75	109	0.004481	0.004481	0.003540	0.003540
123	7	7	14	1	P90	110	0.002820	0.002820	0.001879	0.001879
123	7	7	14	1	P95	111	0.004995	0.004995	0.000303	0.000303
123	7	7	14	1	P99	111	0.004995	0.004995	0.000303	0.000303
123	7	7	14	1	P999	111	0.004995	0.004995	0.000303	0.000303
124	7	7	14	1	P1	98	0.002791	0.002791	0.001514	0.001514
124	7	7	14	1	P50	106	0.002829	-0.000913	0.001540	-0.000330
124	7	7	14	1	P75	108	-0.003399	-0.003399	-0.000955	-0.000955
124	7	7	14	1	P90	108	-0.000912	-0.000912	0.001537	0.001537
124	7	7	14	1	P95	112	0.003851	0.003851	0.002551	0.002551
124	7	7	14	1	P99	112	0.003851	0.003851	0.002551	0.002551
124	7	7	14	1	P999	112	0.003851	0.003851	0.002551	0.002551
125	7	7	14	1	P1	98	0.003538	0.003538	0.001514	0.001514
125	7	7	14	1	P50	105	0.001826	-0.009346	0.003548	-0.007643
125	7	7	14	1	P75	108	0.003565	0.003565	0.001537	0.001537
125	7	7	14	1	P90	113	0.003164	0.003164	0.001136	0.001136
125	7	7	14	1	P95	115	0.000567	0.000567	0.002283	0.002283
125	7	7	14	1	P99	115	0.000567	0.000567	0.002283	0.002283
125	7	7	14	1	P999	115	0.000567	0.000567	0.002283	0.002283
126	7	7	14	1	P1	99	0.004710	0.004710	0.002578	0.002578
126	7	7	14	1	P50	113	-0.000439	-0.026262	-0.000734	-0.024720
126	7	7	14	1	P75	116	-0.000468	-0.000468	0.001099	0.001099
126	7	7	14	1	P90	119	0.000172	0.000172	0.001732	0.001732
126	7	7	14	1	P95	121	-0.001537	-0.001537	0.000016	0.000016
126	7	7	14	1	P99	121	-0.001537	-0.001537	0.000016	0.000016
126	7	7	14	1	P999	121	-0.001537	-0.001537	0.000016	0.000016
127	7	7	14	1	P1	109	0.003910	0.003910	0.003540	0.003540
127	7	7	14	1	P50	114	0.000172	-0.007278	0.003545	-0.007646
127	7	7	14	1	P75	116	0.001472	0.001472	0.001099	0.001099
127	7	7	14	1	P90	118	0.003072	0.003072	0.002698	0.002698
127	7	7	14	1	P95	122	-0.000363	-0.000363	0.003004	0.003004
127	7	7	14	1	P99	122	-0.000363	-0.000363	0.003004	0.003004
127	7	7	14	1	P999	122	-0.000363	-0.000363	0.003004	0.003004
128	7	7	14	0	P1	108	0.002998	0.002998	0.001537	0.001537
128	7	7	14	0	P50	115	-0.002800	-0.007448	-0.000523	-0.005182
128	7	7	14	0	P75	115	-0.000000	-0.000000	0.002283	0.002283
128	7	7	14	0	P90	119	0.003193	0.003193	0.001732	0.001732
128	7	7	14	0	P95	120	0.002299	0.002299	0.000839	0.000839
128	7	7	14	0	P99	120	0.002299	0.002299	0.000839	0.000839
128	7	7	14	0	P999	120	0.002299	0.002299	0.000839	0.000839
129	7	7	14	1	P1	108	0.003059	0.003059	0.001537	0.001537
129	7	7	14	1	P50	117	0.001516	-0.000354	0.003736	0.001861
129	7	7	14	1	P75	119	-0.000481	-0.000481	0.000485	0.000485
129	7	7	14	1	P90	124	0.003225	0.003225	0.001692	0.001692
129	7	7	14	1	P95	125	0.002668	0.002668	0.001135	0.001135
129	7	7	14	1	P99	125	0.002668	0.002668	0.001135	0.001135
129	7	7	14	1	P999	125	0.002668	0.002668	0.001135	0.001135
130	7	7	14	1	P1	109	0.002566	0.002566	0.003540	0.003540
130	7	7	14	1	P50	115	0.001312	-0.006146	0.002283	-0.005182
130	7	7	14	1	P75	116	0.000130	0.000130	0.001099	0.001099
130	7	7	14	1	P90	120	-0.000130	-0.000130	-0.001030	-0.001030
130	7	7	14	1	P95	120	0.003615	0.003615	0.000839	0.000839
130	7	7	14	1	P99	120	0.003615	0.003615	0.000839	0.000839
130	7	7	14	1	P999	120	0.003615	0.003615	0.000839	0.000839
131	7	7	14	1	P1	111	0.002266	0.002266	0.000303	0.000303
131	7	7	14	1	P50	115	0.004257	0.000509	0.002283	0.000412
131	7	7	14	1	P75	118	0.000927	0.000927	0.002698	0.002698
131	7	7	14	1	P90	120	-0.000926	-0.000926	0.000839	0.000839
131	7	7	14	1	P95	122	0.001238	0.001238	0.003004	0.003004
131	7	7	14	1	P99	122	0.001238	0.001238	0.003004	0.003004
131	7	7	14	1	P999	122	0.001238	0.001238	0.003004	0.003004
132	7	7	14	1	P1	107	0.001030	0.001030	0.003368	0.003368
132	7	7	14	1	P50	115	-0.000038	-0.007487	0.002283	-0.005182
132	7	7	14	1	P75	117	-0.000455	-0.000455	0.001861	0.001861
132	7	7	14	1	P90	118	0.002253	0.002253	0.000825	0.000825
132	7	7	14	1	P95	118	0.004128	0.004128	0.002698	0.002698
132	7	7	14	1	P99	118	0.004128	0.004128	0.002698	0.002698
132	7	7	14	1	P999	118	0.004128	0.004128	0.002698	0.002698
133	7	7	14	0	P1	107	0.003378	0.003378	0.003368	0.003368
133	7	7	14	0	P50	116	-0.000761	-0.013749	-0.000770	-0.013758
133	7	7	14	0	P75	117	-0.001245	-0.001245	0.002486	0.002486
133	7	7	14	0	P90	119	-0.000129	-0.000129	-0.000138	-0.000138
133	7	7	14	0	P95	119	0.001742	0.001742	0.001732	0.001732
133	7	7	14	0	P99	119	0.001742	0.001742	0.001732	0.001732
133	7	7	14	0	P999	119	0.001742	0.001742	0.001732	0.001732
134	7	623	630	1	P1	3	-0.001023	-0.001023	-0.002862	-0.002862
134	7	623	630	1	P50	5	0.002573	0.002553	0.000670	0.000650
134	7	623	630	1	P75	7	0.000374	0.000374	-0.001561	-0.001561
134	7	623	630	1	P90	7	0.002684	0.002660	0.000743	0.000719
134	7	623	630	1	P95	7	0.003439	0.003439	0.001497	0.001497
134	7	623	630	1	P99	118	0.001210	0.001210	0.002698	0.002698
134	7	623	630	1	P999	174	0.001631	0.001631	0.003076	0.003076
135	7	31	38	1	P1	4	0.001509	0.001509	-0.002311	-0.002311
135	7	31	38	1	P50	5	0.001745	0.001511	0.001625	0.001391
135	7	31	38	1	P75	9	0.000910	0.000910	0.000698	0.000698
135	7	31	38	1	P90	1083	-0.000269	-0.000269	0.002503	0.002503
135	7	31	38	1	P95	1165	0.001517	0.001517	0.000536	0.000536
135	7	31	38	1	P99	1181	-0.000909	-0.000909	0.001848	0.001848
135	7	31	38	1	P999	1181	-0.000909	-0.000909	0.001848	0.001848
136	31	7	38	1	P1	93	0.002932	0.002932	0.001551	0.001551
136	31	7	38	1	P50	4912	-0.000919	-0.012062	0.000691	-0.010468
136	31	7	38	1	P75	5250	-0.000170	-0.000170	0.001428	0.001428
136	31	7	38	1	P90	5674	0.000676	0.000676	0.002261	0.002261
136	31	7	38	1	P95	5912	0.000711	0.000711	0.002289	0.002289
136	31	7	38	1	P99	9541	0.000647	0.000647	0.002134	0.002134
136	31	7	38	1	P999	9541	0.000647	0.000647	0.002134	0.002134
137	31	31	62	1	P1	4	-0.000440	-0.000440	-0.002777	-0.002777
137	31	31	62	1	P50	4757	-0.000873	-0.996416	0.002855	-0.996426
137	31	31	62	1	P75	5171	-0.000201	-0.000201	-0.000231	-0.000231
137	31	31	62	1	P90	5440	-0.001375	-0.001375	0.001388	0.001388
137	31	31	62	1	P95	5754	-0.000477	-0.000477	0.003214	0.003214
137	31	31	62	1	P99	9982	0.001965	0.001965	0.001803	0.001803
137	31	31	62	1	P999	9982	0.001965	0.001965	0.001803	0.001803
138	17	7	24	1	P1	42	0.002385	0.002385	0.000293	0.000293
138	17	7	24	1	P50	47	0.000187	-0.020168	0.001825	-0.018561
138	17	7	24	1	P75	1830	0.000030	-0.007419	0.001235	-0.006222
138	17	7	24	1	P90	1856	0.000876	0.000876	0.002080	0.002080
138	17	7	24	1	P95	2041	-0.002546	-0.002546	-0.001357	-0.001357
138	17	7	24	1	P99	2041	-0.000680	-0.000680	0.000511	0.000511
138	17	7	24	1	P999	2041	-0.000680	-0.000680	0.000511	0.000511
139	31	31	62	1	P1	4	0.001587	0.001587	-0.001378	-0.001378
139	31	31	62	1	P50	4103	-0.000349	-0.995603	0.001232	-0.995601
139	31	31	62	1	P75	4835	0.001855	0.001855	0.001540	0.001540
139	31	31	62	1	P90	5159	0.000547	0.000547	0.000223	0.000223
139	31	31	62	1	P95	5242	-0.000460	-0.000460	0.002957	0.002957
139	31	31	62	1	P99	9006	0.000440	0.000440	0.000031	0.000031
139	31	31	62	1	P999	9006	0.000440	0.000440	0.000031	0.000031
140	7	31	38	1	P1	4	0.000233	0.000233	-0.002497	-0.002497
140	7	31	38	1	P50	7	0.002499	-0.141567	-0.000300	-0.140744
140	7	31	38	1	P75	14	0.000326	0.000326	0.001191	0.001191
140	7	31	38	1	P90	99	0.000060	0.000060	0.000706	0.000706
140	7	31	38	1	P95	100	-0.000644	-0.000644	0.003745	0.003745
140	7	31	38	1	P99	104	0.001258	0.001258	0.001899	0.001899
140	7	31	38	1	P999	104	0.001258	0.001258	0.001899	0.001899
141	31	7	38	1	P1	1804	0.002935	0.002935	0.000592	0.000592
141	31	7	38	1	P50	4492	0.001009	-0.028488	0.000363	-0.029109
141	31	7	38	1	P75	5006	0.001091	0.001091	0.000425	0.000425
141	31	7	38	1	P90	5260	-0.001668	-0.001668	0.001394	0.001394
141	31	7	38	1	P95	5663	0.001151	0.001151	0.000461	0.000461
141	31	7	38	1	P99	9397	-0.000564	-0.000564	0.002390	0.002390
141	31	7	38	1	P999	9397	-0.000564	-0.000564	0.002390	0.002390
142	31	31	62	1	P1	4	0.000144	0.000144	-0.002000	-0.002000
142	31	31	62	1	P50	4315	0.001635	-0.995823	0.003189	-0.995817
142	31	31	62	1	P75	5003	0.001345	0.001345	0.001025	0.001025
142	31	31	62	1	P90	5450	0.003615	0.003615	0.001421	0.001421
142	31	31	62	1	P95	5962	0.003536	0.003536	0.001341	0.001341
142	31	31	62	1	P99	8728	0.003681	0.003681	0.001483	0.001483
142	31	31	62	1	P999	8728	0.003681	0.003681	0.001483	0.001483
143	7	31	38	1	P1	4	0.000610	0.000610	-0.001378	-0.001378
143	7	31	38	1	P50	6	0.000768	0.000234	0.002466	0.001931
143	7	31	38	1	P75	13	0.001441	0.001441	0.003036	0.003036
143	7	31	38	1	P90	97	-0.002634	-0.002634	-0.001313	-0.001313
143	7	31	38	1	P95	98	0.000191	0.000191	0.001514	0.001514
143	7	31	38	1	P99	101	-0.000055	-0.000055	0.001264	0.001264
143	7	31	38	1	P999	101	-0.000055	-0.000055	0.001264	0.001264
144	31	7	38	1	P1	1140	0.001785	0.001785	0.003545	0.003545
144	31	7	38	1	P50	4478	0.001840	-0.031305	0.003491	-0.033327
144	31	7	38	1	P75	5171	0.000003	0.000003	0.001639	0.001639
144	31	7	38	1	P90	5467	0.000413	0.000413	0.002045	0.002045
144	31	7	38	1	P95	5660	0.003107	0.003107	0.000991	0.000991
144	31	7	38	1	P99	8877	0.001655	0.001655	0.003250	0.003250
144	31	7	38	1	P999	8877	0.001655	0.001655	0.003250	0.003250
145	31	31	62	1	P1	4	-0.000654	-0.000654	-0.002000	-0.002000
145	31	31	62	1	P50	3041	0.003359	-0.992421	0.001728	-0.992432
145	31	31	62	1	P75	4878	0.001809	0.001809	0.000161	0.000161
145	31	31	62	1	P90	5247	-0.000089	-0.000089	0.002001	0.002001
145	31	31	62	1	P95	5574	0.003007	0.003007	0.001351	0.001351
145	31	31	62	1	P99	9452	0.001966	0.001966	0.000289	0.000289
145	31	31	62	1	P999	9452	0.001966	0.001966	0.000289	0.000289
146	7	31	38	1	P1	6	0.000106	0.000106	0.000594	0.000594
146	7	31	38	1	P50	9	0.002160	0.001224	-0.001171	-0.002104
146	7	31	38	1	P75	13	0.002697	0.002697	0.003036	0.003036
146	7	31	38	1	P90	95	-0.000993	-0.000993	0.002703	0.002703
146	7	31	38	1	P95	99	-0.002976	-0.002976	0.000706	0.000706
146	7	31	38	1	P99	99	-0.001110	-0.001110	0.002578	0.002578
146	7	31	38	1	P999	99	-0.001110	-0.001110	0.002578	0.002578
147	31	7	38	1	P1	954	0.001296	0.001296	0.000367	0.000367
147	31	7	38	1	P50	4693	0.002389	-0.001351	0.001446	-0.002291
147	31	7	38	1	P75	4972	0.000706	0.000706	0.003508	0.003508
147	31	7	38	1	P90	5204	-0.000043	-0.000043	0.002756	0.002756
147	31	7	38	1	P95	5518	0.001177	0.001177	0.000234	0.000234
147	31	7	38	1	P99	8190	0.002509	0.002509	0.001560	0.001560
147	31	7	38	1	P999	8190	0.002509	0.002509	0.001560	0.001560
148	7	7	14	1	P1	958	-0.000069	-0.000069	-0.000079	-0.000079
148	7	7	14	1	P50	970	0.004315	-0.006886	0.000556	-0.006897
148	7	7	14	1	P75	1041	-0.000909	-0.000909	0.000936	0.000936
148	7	7	14	1	P90	1056	0.001609	0.001609	0.001583	0.001583
148	7	7	14	1	P95	1098	-0.000009	-0.000009	0.003704	0.003704
148	7	7	14	1	P99	1098	-0.000009	-0.000009	0.003704	0.003704
148	7	7	14	1	P999	1098	-0.000009	-0.000009	0.003704	0.003704
149	7	7	14	1	P1	955	0.003831	0.003831	0.001189	0.001189
149	7	7	14	1	P50	1001	0.001649	-0.005814	0.002742	-0.004726
149	7	7	14	1	P75	1067	-0.000512	-0.000512	0.002435	0.002435
149	7	7	14	1	P90	1111	0.002078	0.002078	0.003145	0.003145
149	7	7	14	1	P95	1118	0.003278	0.003278	0.000598	0.000598
149	7	7	14	1	P99	1118	0.003278	0.003278	0.000598	0.000598
149	7	7	14	1	P999	1118	0.003278	0.003278	0.000598	0.000598
150	7	7	14	1	P1	953	-0.000255	-0.000255	0.003290	0.003290
150	7	7	14	1	P50	981	0.000697	-0.003037	0.000493	-0.006959
150	7	7	14	1	P75	1001	0.002951	0.002951	0.002742	0.002742
150	7	7	14	1	P90	1045	0.001055	0.001055	0.000839	0.000839
150	7	7	14	1	P95	1079	-0.001054	-0.001054	0.002466	0.002466
150	7	7	14	1	P99	1079	-0.001054	-0.001054	0.002466	0.002466
150	7	7	14	1	P999	1079	-0.001054	-0.001054	0.002466	0.002466
151	7	7	14	1	P1	958	0.002442	0.002442	-0.000079	-0.000079
151	7	7	14	1	P50	970	0.000273	-0.000661	-0.000379	-0.001313
151	7	7	14	1	P75	990	0.003237	0.003237	0.002578	0.002578
151	7	7	14	1	P90	1049	-0.000441	-0.000441	0.000756	0.000756
151	7	7	14	1	P95	1052	-0.001427	-0.001427	0.001640	0.001640
151	7	7	14	1	P99	1052	-0.001427	-0.001427	0.001640	0.001640
151	7	7	14	1	P999	1052	-0.001427	-0.001427	0.001640	0.001640
152	7	7	14	1	P1	957	-0.001410	-0.001410	0.000031	0.000031
152	7	7	14	1	P50	965	0.000232	-0.001014	0.001987	0.000117
152	7	7	14	1	P75	972	0.000480	0.000480	0.002236	0.002236
152	7	7	14	1	P90	1044	0.000043	0.000043	0.001798	0.001798
152	7	7	14	1	P95	1048	-0.000043	-0.000043	0.001711	0.001711
152	7	7	14	1	P99	1048	-0.000043	-0.000043	0.001711	0.001711
152	7	7	14	1	P999	1048	-0.000043	-0.000043	0.001711	0.001711
153	7	7	14	1	P1	955	-0.001050	-0.001050	-0.001303	-0.001303
153	7	7	14	1	P50	970	0.000809	-0.000437	0.000556	-0.000690
153	7	7	14	1	P75	1000	0.000253	0.000253	0.000000	0.000000
153	7	7	14	1	P90	1058	-0.000057	-0.000057	0.003433	0.003433
153	7	7	14	1	P95	1199	0.001929	0.001929	0.001674	0.001674
153	7	7	14	1	P99	1199	0.001929	0.001929	0.001674	0.001674
153	7	7	14	1	P999	1199	0.001929	0.001929	0.001674	0.001674
154	7	7	14	1	P1	949	0.003093	0.003093	0.000015	0.000015
154	7	7	14	1	P50	995	0.000610	-0.006842	0.001275	-0.006182
154	7	7	14	1	P75	1049	0.000093	0.000093	0.000756	0.000756
154	7	7	14	1	P90	4760	0.001583	0.001583	0.002223	0.002223
154	7	7	14	1	P95	5778	0.002151	0.002151	0.002789	0.002789
154	7	7	14	1	P99	5778	0.002151	0.002151	0.002789	0.002789
154	7	7	14	1	P999	5778	0.002151	0.002151	0.002789	0.002789
155	7	7	14	1	P1	956	-0.000242	-0.000242	0.000142	0.000142
155	7	7	14	1	P50	980	0.003010	-0.006322	0.001514	-0.005945
155	7	7	14	1	P75	1040	0.001536	0.001536	0.001899	0.001899
155	7	7	14	1	P90	1047	-0.001434	-0.001434	0.002668	0.002668
155	7	7	14	1	P95	1987	0.000959	0.000959	0.001160	0.001160
155	7	7	14	1	P99	1987	0.000959	0.000959	0.001160	0.001160
155	7	7	14	1	P999	1987	0.000959	0.000959	0.001160	0.001160
156	7	7	14	1	P1	953	-0.000969	-0.000969	0.001417	0.001417
156	7	7	14	1	P50	968	0.000236	-0.003496	0.000128	-0.001118
156	7	7	14	1	P75	978	0.001174	0.001174	0.003562	0.003562
156	7	7	14	1	P90	1039	-0.001387	-0.001387	0.000990	0.000990
156	7	7	14	1	P95	1040	-0.000481	-0.000481	0.001899	0.001899
156	7	7	14	1	P99	1040	-0.000481	-0.000481	0.001899	0.001899
156	7	7	14	1	P999	1040	-0.000481	-0.000481	0.001899	0.001899
157	7	7	14	1	P1	963	0.003681	0.003681	0.000322	0.000322
157	7	7	14	1	P50	992	0.000178	-0.003555	-0.000690	-0.001934
157	7	7	14	1	P75	1000	-0.000376	-0.000376	0.000000	0.000000
157	7	7	14	1	P90	1036	0.001648	0.001648	0.002015	0.002015
157	7	7	14	1	P95	1063	-0.001646	-0.001646	0.002453	0.002453
157	7	7	14	1	P99	1063	-0.001646	-0.001646	0.002453	0.002453
157	7	7	14	1	P999	1063	-0.001646	-0.001646	0.002453	0.002453
158	7	7	14	1	P1	954	-0.000410	-0.000410	0.002239	0.002239
158	7	7	14	1	P50	985	-0.000611	-0.009908	-0.001706	-0.010991
158	7	7	14	1	P75	997	0.004111	0.004111	0.003009	0.003009
158	7	7	14	1	P90	1036	-0.000624	-0.000624	0.002015	0.002015
158	7	7	14	1	P95	1063	-0.000184	-0.000184	0.002453	0.002453
158	7	7	14	1	P99	1063	-0.000184	-0.000184	0.002453	0.002453
158	7	7	14	1	P999	1063	-0.000184	-0.000184	0.002453	0.002453
159	7	7	14	0	P1	955	0.001950	0.001950	0.001189	0.001189
159	7	7	14	0	P50	972	0.001125	-0.000744	0.000365	-0.001503
159	7	7	14	0	P75	979	0.003299	0.003299	0.002537	0.002537
159	7	7	14	0	P90	1035	-0.000000	-0.000000	0.002983	0.002983
159	7	7	14	0	P95	1059	0.003247	0.003247	0.002485	0.002485
159	7	7	14	0	P99	1059	0.003247	0.003247	0.002485	0.002485
159	7	7	14	0	P999	1059	0.003247	0.003247	0.002485	0.002485
160	7	7	14	1	P1	955	0.000837	0.000837	0.001189	0.001189
160	7	7	14	1	P50	992	0.000209	-0.003523	0.000556	-0.003177
160	7	7	14	1	P75	1013	0.001693	0.001693	0.002038	0.002038
160	7	7	14	1	P90	1039	0.002521	0.002521	0.002863	0.002863
160	7	7	14	1	P95	1074	-0.000706	-0.000706	0.003375	0.003375
160	7	7	14	1	P99	1074	-0.000706	-0.000706	0.003375	0.003375
160	7	7	14	1	P999	1074	-0.000706	-0.000706	0.003375	0.003375
161	7	7	14	1	P1	953	0.000550	0.000550	0.000793	0.000793
161	7	7	14	1	P50	968	0.000512	-0.000734	0.000751	-0.001118
161	7	7	14	1	P75	972	0.001374	0.001374	0.002236	0.002236
161	7	7	14	1	P90	1024	0.001605	0.001605	0.002452	0.002452
161	7	7	14	1	P95	1035	-0.001602	-0.001602	0.002983	0.002983
161	7	7	14	1	P99	1035	-0.001602	-0.001602	0.002983	0.002983
161	7	7	14	1	P999	1035	-0.001602	-0.001602	0.002983	0.002983
162	7	7	14	1	P1	951	-0.000874	-0.000874	0.001649	0.001649
162	7	7	14	1	P50	969	-0.000930	-0.002796	-0.000282	-0.002149
162	7	7	14	1	P75	997	0.000497	0.000497	0.003009	0.003009
162	7	7	14	1	P90	1026	0.001739	0.001739	0.000498	0.000498
162	7	7	14	1	P95	1049	-0.001736	-0.001736	0.000756	0.000756
162	7	7	14	1	P99	1049	-0.001736	-0.001736	0.000756	0.000756
162	7	7	14	1	P999	1049	-0.001736	-0.001736	0.000756	0.000756
163	7	7	14	1	P1	970	-0.000232	-0.000232	-0.001313	-0.001313
163	7	7	14	1	P50	1027	0.001236	-0.000634	0.003267	-0.000476
163	7	7	14	1	P75	1057	0.002352	0.002352	0.000635	0.000635
163	7	7	14	1	P90	1095	0.000676	0.000676	0.002698	0.002698
163	7	7	14	1	P95	1113	-0.000675	-0.000675	0.001343	0.001343
163	7	7	14	1	P99	1113	-0.000675	-0.000675	0.001343	0.001343
163	7	7	14	1	P999	1113	-0.000675	-0.000675	0.001343	0.001343
164	7	7	14	1	P1	1000	0.001487	0.001487	0.000000	0.000000
164	7	7	14	1	P50	1028	0.000038	-0.000896	0.002291	0.001355
164	7	7	14	1	P75	1044	0.003290	0.003290	0.001798	0.001798
164	7	7	14	1	P90	1100	-0.000369	-0.000369	0.001879	0.001879
164	7	7	14	1	P95	2169	0.001028	0.001028	0.003235	0.003235
164	7	7	14	1	P99	2169	0.001028	0.001028	0.003235	0.003235
164	7	7	14	1	P999	2169	0.001028	0.001028	0.003235	0.003235
165	7	7	14	1	P1	1001	0.001557	0.001557	0.000870	0.000870
165	7	7	14	1	P50	1017	0.000651	-0.001218	0.001834	-0.000036
165	7	7	14	1	P75	4165	0.000004	0.000004	0.001186	0.001186
165	7	7	14	1	P90	4928	-0.000004	-0.000004	0.001178	0.001178
165	7	7	14	1	P95	7971	0.001317	0.001317	0.002500	0.002500
165	7	7	14	1	P99	7971	0.001317	0.001317	0.002500	0.002500
165	7	7	14	1	P999	7971	0.001317	0.001317	0.002500	0.002500
166	7	7	14	1	P1	997	0.003142	0.003142	0.001136	0.001136
166	7	7	14	1	P50	1022	0.000805	-0.001064	-0.001202	-0.003067
166	7	7	14	1	P75	1115	0.001579	0.001579	0.003290	0.003290
166	7	7	14	1	P90	3578	-0.001545	-0.001545	0.003586	0.003586
166	7	7	14	1	P95	3673	-0.001577	-0.001577	0.003547	0.003547
166	7	7	14	1	P99	3673	-0.001577	-0.001577	0.003547	0.003547
166	7	7	14	1	P999	3673	-0.001577	-0.001577	0.003547	0.003547
167	7	7	14	1	P1	999	0.001919	0.001919	0.001001	0.001001
167	7	7	14	1	P50	1023	0.000612	-0.001257	0.000935	-0.000312
167	7	7	14	1	P75	1095	0.001772	0.001772	0.002698	0.002698
167	7	7	14	1	P90	1277	0.001315	0.001315	0.002194	0.002194
167	7	7	14	1	P95	4368	0.001692	0.001692	0.002192	0.002192
167	7	7	14	1	P99	4368	0.001692	0.001692	0.002192	0.002192
167	7	7	14	1	P999	4368	0.001692	0.001692	0.002192	0.002192
168	7	7	14	1	P1	995	0.003436	0.003436	0.001275	0.001275
168	7	7	14	1	P50	1020	0.002924	0.001050	0.002629	0.000756
168	7	7	14	1	P75	1050	0.000106	0.000106	0.003548	0.003548
168	7	7	14	1	P90	1084	-0.001847	-0.001847	0.001579	0.001579
168	7	7	14	1	P95	1086	0.003794	0.003794	0.003478	0.003478
168	7	7	14	1	P99	1086	0.003794	0.003794	0.003478	0.003478
168	7	7	14	1	P999	1086	0.003794	0.003794	0.003478	0.003478
169	7	7	14	1	P1	1001	0.002564	0.002564	0.002742	0.002742
169	7	7	14	1	P50	1027	0.001217	-0.000652	0.001394	-0.000476
169	7	7	14	1	P75	1081	0.000438	0.000438	0.000611	0.000611
169	7	7	14	1	P90	1107	0.002843	0.002843	0.003014	0.003014
169	7	7	14	1	P95	4004	0.003161	0.003161	0.003234	0.003234
169	7	7	14	1	P99	4004	0.003161	0.003161	0.003234	0.003234
169	7	7	14	1	P999	4004	0.003161	0.003161	0.003234	0.003234
170	7	7	14	1	P1	1003	0.003399	0.003399	0.000743	0.000743
170	7	7	14	1	P50	3035	0.002700	-0.278389	0.003708	-0.277645
170	7	7	14	1	P75	3661	0.002085	0.002085	0.003079	0.003079
170	7	7	14	1	P90	3963	0.001322	0.001322	0.002310	0.002310
170	7	7	14	1	P95	5130	0.001156	0.001156	0.002124	0.002124
170	7	7	14	1	P99	5130	0.001156	0.001156	0.002124	0.002124
170	7	7	14	1	P999	5130	0.001156	0.001156	0.002124	0.002124
171	7	623	630	1	P1	3	0.000704	0.000704	-0.002762	-0.002762
171	7	623	630	1	P50	5	-0.000782	-0.000798	-0.000535	-0.000551
171	7	623	630	1	P75	6	-0.000934	-0.000934	-0.000694	-0.000694
171	7	623	630	1	P90	6	0.001466	0.001441	0.001706	0.001681
171	7	623	630	1	P95	7	-0.002193	-0.002193	-0.001960	-0.001960
171	7	623	630	1	P99	1090	-0.000233	-0.000233	0.003540	0.003540
171	7	623	630	1	P999	5650	0.002801	0.002801	0.002763	0.002763
172	623	7	630	1	P1	1	0.002930	0.002930	0.003276	0.003276
172	623	7	630	1	P50	3	-0.003389	-0.003401	-0.003046	-0.003058
172	623	7	630	1	P75	3	-0.001494	-0.001494	-0.001151	-0.001151
172	623	7	630	1	P90	3	-0.000346	-0.000358	-0.000002	-0.000014
172	623	7	630	1	P95	4	-0.003120	-0.003120	-0.002777	-0.002777
172	623	7	630	1	P99	1154	0.002210	0.002210	0.002550	0.002550
172	623	7	630	1	P999	4766	0.000623	0.000623	0.000962	0.000962
173	31	31	62	1	P1	4	-0.001334	-0.001334	-0.002777	-0.002777
173	31	31	62	1	P50	3869	0.001813	-0.995345	0.000146	-0.995335
173	31	31	62	1	P75	5077	0.002971	0.002971	0.001294	0.001294
173	31	31	62	1	P90	5395	0.000155	0.000155	-0.001519	-0.001519
173	31	31	62	1	P95	5466	0.000163	0.000163	0.002228	0.002228
173	31	31	62	1	P99	9630	0.002018	0.002018	0.000322	0.000322
173	31	31	62	1	P999	9630	0.002018	0.002018	0.000322	0.000322
174	7	7	14	1	P1	991	0.002786	0.002786	0.001566	0.001566
174	7	7	14	1	P50	1059	0.001833	-0.007485	0.002485	-0.004981
174	7	7	14	1	P75	1139	0.001899	0.001899	0.000678	0.000678
174	7	7	14	1	P90	2813	0.002397	0.002397	0.001165	0.001165
174	7	7	14	1	P95	3642	0.002037	0.002037	0.000802	0.000802
174	7	7	14	1	P99	3642	0.002037	0.002037	0.000802	0.000802
174	7	7	14	1	P999	3642	0.002037	0.002037	0.000802	0.000802
175	7	7	14	1	P1	992	0.001415	0.001415	-0.001312	-0.001312
175	7	7	14	1	P50	1018	-0.000155	-0.011308	0.000850	-0.010310
175	7	7	14	1	P75	1039	0.001861	0.001861	0.002863	0.002863
175	7	7	14	1	P90	1100	0.000892	0.000892	0.001879	0.001879
175	7	7	14	1	P95	1115	-0.001435	-0.001435	0.003290	0.003290
175	7	7	14	1	P99	1115	-0.001435	-0.001435	0.003290	0.003290
175	7	7	14	1	P999	1115	-0.001435	-0.001435	0.003290	0.003290
176	7	7	14	1	P1	997	-0.001368	-0.001368	0.000513	0.000513
176	7	7	14	1	P50	1021	0.002888	-0.004583	0.001647	-0.002091
176	7	7	14	1	P75	1046	0.001125	0.001125	0.003627	0.003627
176	7	7	14	1	P90	1067	-0.000060	-0.000060	0.002435	0.002435
176	7	7	14	1	P95	1076	-0.000982	-0.000982	0.001510	0.001510
176	7	7	14	1	P99	1076	-0.000982	-0.000982	0.001510	0.001510
176	7	7	14	1	P999	1076	-0.000982	-0.000982	0.001510	0.001510
177	7	7	14	1	P1	981	0.000938	0.000938	0.000493	0.000493
177	7	7	14	1	P50	1005	0.001066	-0.010098	0.002491	-0.008688
177	7	7	14	1	P75	1036	0.000591	0.000591	0.002015	0.002015
177	7	7	14	1	P90	2205	0.000344	0.000344	0.001722	0.001722
177	7	7	14	1	P95	9769	-0.000344	-0.000344	0.000944	0.000944
177	7	7	14	1	P99	9769	-0.000344	-0.000344	0.000944	0.000944
177	7	7	14	1	P999	9769	-0.000344	-0.000344	0.000944	0.000944
178	7	7	14	1	P1	976	0.000914	0.000914	0.001867	0.001867
178	7	7	14	1	P50	1006	-0.001319	-0.003185	0.001495	-0.002242
178	7	7	14	1	P75	1034	0.001138	0.001138	0.000207	0.000207
178	7	7	14	1	P90	1778	0.001201	0.001201	0.000157	0.000157
178	7	7	14	1	P95	4118	-0.001199	-0.001199	0.001321	0.001321
178	7	7	14	1	P99	4118	-0.001199	-0.001199	0.001321	0.001321
178	7	7	14	1	P999	4118	-0.001199	-0.001199	0.001321	0.001321
179	7	7	14	1	P1	988	0.001743	0.001743	0.000859	0.000859
179	7	7	14	1	P50	1003	0.004130	0.000383	0.000743	-0.000503
179	7	7	14	1	P75	1056	0.001236	0.001236	0.001583	0.001583
179	7	7	14	1	P90	1125	0.001504	0.001504	0.001833	0.001833
179	7	7	14	1	P95	1216	-0.001501	-0.001501	0.002548	0.002548
179	7	7	14	1	P99	1216	-0.001501	-0.001501	0.002548	0.002548
179	7	7	14	1	P999	1216	-0.001501	-0.001501	0.002548	0.002548
180	7	7	14	1	P1	981	0.001628	0.001628	0.000493	0.000493
180	7	7	14	1	P50	1007	0.001639	-0.005822	0.000500	-0.006951
180	7	7	14	1	P75	1044	-0.000800	-0.000800	0.001798	0.001798
180	7	7	14	1	P90	1062	0.000798	0.000798	0.003397	0.003397
180	7	7	14	1	P95	1142	-0.000798	-0.000798	0.001787	0.001787
180	7	7	14	1	P99	1142	-0.000798	-0.000798	0.001787	0.001787
180	7	7	14	1	P999	1142	-0.000798	-0.000798	0.001787	0.001787
181	7	7	14	1	P1	979	0.001013	0.001013	0.000665	0.000665
181	7	7	14	1	P50	1013	0.002386	-0.016175	0.002038	-0.016516
181	7	7	14	1	P75	1040	0.002247	0.002247	0.001899	0.001899
181	7	7	14	1	P90	1068	0.001845	0.001845	0.001497	0.001497
181	7	7	14	1	P95	1078	-0.000001	-0.000001	0.003395	0.003395
181	7	7	14	1	P99	1078	-0.000001	-0.000001	0.003395	0.003395
181	7	7	14	1	P999	1078	-0.000001	-0.000001	0.003395	0.003395
182	7	7	14	1	P1	973	0.003326	0.003326	0.001206	0.001206
182	7	7	14	1	P50	995	0.003398	-0.000346	0.001275	-0.000594
182	7	7	14	1	P75	1083	0.000894	0.000894	0.002503	0.002503
182	7	7	14	1	P90	1568	0.004692	0.004692	0.002496	0.002496
182	7	7	14	1	P95	3990	0.001590	0.001590	0.002997	0.002997
182	7	7	14	1	P99	3990	0.001590	0.001590	0.002997	0.002997
182	7	7	14	1	P999	3990	0.001590	0.001590	0.002997	0.002997
183	7	7	14	1	P1	988	-0.000241	-0.000241	0.000859	0.000859
183	7	7	14	1	P50	1359	0.002436	-0.152777	0.003508	-0.151857
183	7	7	14	1	P75	6871	0.004310	0.004310	0.001480	0.001480
183	7	7	14	1	P90	8072	0.000218	0.000218	0.001121	0.001121
183	7	7	14	1	P95	8308	0.001308	0.001308	0.002208	0.002208
183	7	7	14	1	P99	8308	0.001308	0.001308	0.002208	0.002208
183	7	7	14	1	P999	8308	0.001308	0.001308	0.002208	0.002208
184	7	7	14	1	P1	998	0.002635	0.002635	0.002004	0.002004
184	7	7	14	1	P50	4048	0.004601	0.000852	0.003519	-0.000225
184	7	7	14	1	P75	4827	0.000590	0.000590	0.003200	0.003200
184	7	7	14	1	P90	6718	-0.000929	-0.000929	0.001572	0.001572
184	7	7	14	1	P95	7141	0.001575	0.001575	0.000316	0.000316
184	7	7	14	1	P99	7141	0.001575	0.001575	0.000316	0.000316
184	7	7	14	1	P999	7141	0.001575	0.001575	0.000316	0.000316
185	623	7	630	1	P1	2	-0.001986	-0.001986	-0.001579	-0.001579
185	623	7	630	1	P50	3	0.001792	0.001779	-0.001545	-0.001558
185	623	7	630	1	P75	4	-0.003371	-0.003371	-0.002975	-0.002975
185	623	7	630	1	P90	4	-0.001055	-0.001079	-0.000658	-0.000683
185	623	7	630	1	P95	4	-0.000298	-0.000298	0.000099	0.000099
185	623	7	630	1	P99	123	0.001972	0.001972	0.002314	0.002314
185	623	7	630	1	P999	486	0.003545	0.003545	0.000120	0.000120
186	31	31	62	1	P1	4	0.000404	0.000404	-0.002000	-0.002000
186	31	31	62	1	P50	3915	0.002313	-0.996166	0.003284	-0.996161
186	31	31	62	1	P75	5164	0.002040	0.002040	0.001124	0.001124
186	31	31	62	1	P90	5453	-0.000082	-0.000082	0.000870	0.000870
186	31	31	62	1	P95	5669	0.000945	0.000945	0.001896	0.001896
186	31	31	62	1	P99	8604	-0.000088	-0.000088	0.000840	0.000840
186	31	31	62	1	P999	8604	-0.000088	-0.000088	0.000840	0.000840
187	31	7	38	1	P1	43	0.000216	0.000216	0.001060	0.001060
187	31	7	38	1	P50	47	0.002876	0.002407	0.003699	0.003230
187	31	7	38	1	P75	55	0.002725	0.002725	0.003507	0.003507
187	31	7	38	1	P90	210	0.001483	0.001483	0.001919	0.001919
187	31	7	38	1	P95	409	0.000403	0.000403	0.000667	0.000667
187	31	7	38	1	P99	495	0.000246	0.000246	0.000461	0.000461
187	31	7	38	1	P999	495	0.000246	0.000246	0.000461	0.000461
188	7	7	14	1	P1	105	-0.002146	-0.002146	0.001050	0.001050
188	7	7	14	1	P50	195	0.001330	-0.039017	0.001267	-0.039068
188	7	7	14	1	P75	414	0.003715	0.003715	0.003474	0.003474
188	7	7	14	1	P90	505	-0.000564	-0.000564	0.002892	0.002892
188	7	7	14	1	P95	591	0.002952	0.002952	0.002628	0.002628
188	7	7	14	1	P99	591	0.002952	0.002952	0.002628	0.002628
188	7	7	14	1	P999	591	0.002952	0.002952	0.002628	0.002628
189	7	7	14	1	P1	109	-0.000115	-0.000115	0.001666	0.001666
189	7	7	14	1	P50	188	0.000681	-0.151117	0.000444	-0.151280
189	7	7	14	1	P75	344	0.002196	0.002196	0.001796	0.001796
189	7	7	14	1	P90	371	0.005164	0.005164	0.000994	0.000994
189	7	7	14	1	P95	774	-0.001120	-0.001120	0.002004	0.002004
189	7	7	14	1	P99	774	-0.001120	-0.001120	0.002004	0.002004
189	7	7	14	1	P999	774	-0.001120	-0.001120	0.002004	0.002004
190	7	7	14	1	P1	102	0.001828	0.001828	0.002629	0.002629
190	7	7	14	1	P50	200	0.001459	-0.265716	0.002116	-0.262434
190	7	7	14	1	P75	411	0.002766	0.002766	0.003270	0.003270
190	7	7	14	1	P90	481	0.002519	0.002519	0.002990	0.002990
190	7	7	14	1	P95	503	-0.001080	-0.001080	0.003123	0.003123
190	7	7	14	1	P99	503	-0.001080	-0.001080	0.003123	0.003123
190	7	7	14	1	P999	503	-0.001080	-0.001080	0.003123	0.003123
191	7	7	14	1	P1	105	0.002772	0.002772	0.003548	0.003548
191	7	7	14	1	P50	163	0.004200	-0.039862	0.001094	-0.042819
191	7	7	14	1	P75	242	0.005362	0.005362	0.002132	0.002132
191	7	7	14	1	P90	511	-0.001742	-0.001742	0.002293	0.002293
191	7	7	14	1	P95	611	-0.000994	-0.000994	0.002990	0.002990
191	7	7	14	1	P99	611	-0.000994	-0.000994	0.002990	0.002990
191	7	7	14	1	P999	611	-0.000994	-0.000994	0.002990	0.002990
192	7	7	14	1	P1	109	0.001512	0.001512	0.003540	0.003540
192	7	7	14	1	P50	172	0.001414	-0.196787	0.003424	-0.195168
192	7	7	14	1	P75	260	0.003161	0.003161	0.001408	0.001408
192	7	7	14	1	P90	295	0.000219	0.000219	0.002206	0.002206
192	7	7	14	1	P95	404	-0.000219	-0.000219	0.001755	0.001755
192	7	7	14	1	P99	404	-0.000219	-0.000219	0.001755	0.001755
192	7	7	14	1	P999	404	-0.000219	-0.000219	0.001755	0.001755
193	7	7	14	1	P1	104	0.000841	0.000841	0.001899	0.001899
193	7	7	14	1	P50	164	0.001465	-0.140853	0.002456	-0.139983
193	7	7	14	1	P75	213	0.001736	0.001736	0.002688	0.002688
193	7	7	14	1	P90	288	-0.000852	-0.000852	0.000053	0.000053
193	7	7	14	1	P95	379	0.001223	0.001223	0.002089	0.002089
193	7	7	14	1	P99	379	0.001223	0.001223	0.002089	0.002089
193	7	7	14	1	P999	379	0.001223	0.001223	0.002089	0.002089
194	7	623	630	1	P1	1	0.004404	0.004404	0.003745	0.003745
194	7	623	630	1	P50	3	-0.002252	-0.002265	-0.003140	-0.003154
194	7	623	630	1	P75	3	-0.000127	-0.000127	-0.001019	-0.001019
194	7	623	630	1	P90	3	0.001160	0.001147	0.000268	0.000254
194	7	623	630	1	P95	4	-0.000170	-0.000170	-0.001124	-0.001124
194	7	623	630	1	P99	113	-0.000929	-0.000929	0.001136	0.001136
194	7	623	630	1	P999	381	-0.001240	-0.001240	0.000562	0.000562
195	7	31	38	1	P1	4	-0.002319	-0.002319	-0.002311	-0.002311
195	7	31	38	1	P50	5	0.001416	0.001195	0.001405	0.001185
195	7	31	38	1	P75	8	0.002657	0.002657	0.002607	0.002607
195	7	31	38	1	P90	235	0.001912	0.001912	0.001579	0.001579
195	7	31	38	1	P95	323	0.001599	0.001599	0.001239	0.001239
195	7	31	38	1	P99	707	-0.000481	-0.000481	0.002836	0.002836
195	7	31	38	1	P999	707	-0.000481	-0.000481	0.002836	0.002836
196	31	7	38	1	P1	99	0.000202	0.000202	0.002578	0.002578
196	31	7	38	1	P50	3030	0.003066	-0.000676	0.001614	-0.002123
196	31	7	38	1	P75	3281	0.001977	0.001977	0.000524	0.000524
196	31	7	38	1	P90	3434	0.001255	0.001255	0.003546	0.003546
196	31	7	38	1	P95	3587	0.002524	0.002524	0.001068	0.001068
196	31	7	38	1	P99	7268	0.002852	0.002852	0.001378	0.001378
196	31	7	38	1	P999	7268	0.002852	0.002852	0.001378	0.001378
197	7	7	14	1	P1	95	0.004035	0.004035	0.002703	0.002703
197	7	7	14	1	P50	103	0.001680	-0.000191	0.000345	-0.001523
197	7	7	14	1	P75	124	0.003044	0.003044	0.001692	0.001692
197	7	7	14	1	P90	150	-0.000402	-0.000402	0.001975	0.001975
197	7	7	14	1	P95	294	-0.000459	-0.000459	0.001863	0.001863
197	7	7	14	1	P99	294	-0.000459	-0.000459	0.001863	0.001863
197	7	7	14	1	P999	294	-0.000459	-0.000459	0.001863	0.001863
198	7	7	14	1	P1	94	0.002536	0.002536	0.002070	0.002070
198	7	7	14	1	P50	123	0.002801	-0.037599	0.002314	-0.038063
198	7	7	14	1	P75	216	0.000440	0.000440	0.003657	0.003657
198	7	7	14	1	P90	252	0.003302	0.003302	0.002760	0.002760
198	7	7	14	1	P95	295	0.002760	0.002760	0.002206	0.002206
198	7	7	14	1	P99	295	0.002760	0.002760	0.002206	0.002206
198	7	7	14	1	P999	295	0.002760	0.002760	0.002206	0.002206
199	7	7	14	1	P1	95	0.002669	0.002669	0.002703	0.002703
199	7	7	14	1	P50	138	0.003097	-0.055138	0.003124	-0.055111
199	7	7	14	1	P75	156	0.000107	0.000107	0.000132	0.000132
199	7	7	14	1	P90	216	-0.000107	-0.000107	0.003657	0.003657
199	7	7	14	1	P95	286	0.003276	0.003276	0.003289	0.003289
199	7	7	14	1	P99	286	0.003276	0.003276	0.003289	0.003289
199	7	7	14	1	P999	286	0.003276	0.003276	0.003289	0.003289
200	7	7	14	1	P1	99	0.002280	0.002280	0.002578	0.002578
200	7	7	14	1	P50	103	0.003794	0.000049	0.000345	-0.001523
200	7	7	14	1	P75	188	0.000165	0.000165	0.000444	0.000444
200	7	7	14	1	P90	213	0.002412	0.002412	0.002688	0.002688
200	7	7	14	1	P95	238	-0.000165	-0.000165	0.000107	0.000107
200	7	7	14	1	P99	238	-0.000165	-0.000165	0.000107	0.000107
200	7	7	14	1	P999	238	-0.000165	-0.000165	0.000107	0.000107
201	623	7	630	1	P1	1	0.003371	0.003371	0.002912	0.002912
201	623	7	630	1	P50	3	-0.001236	-0.001249	-0.001882	-0.001895
201	623	7	630	1	P75	3	0.000733	0.000733	0.000085	0.000085
201	623	7	630	1	P90	4	-0.000284	-0.000314	-0.000980	-0.001011
201	623	7	630	1	P95	4	0.000666	0.000666	-0.000031	-0.000031
201	623	7	630	1	P99	962	-0.000731	-0.000731	0.001362	0.001362
201	623	7	630	1	P999	7236	0.000309	0.000309	0.002054	0.002054
202	31	31	62	1	P1	4	-0.002969	-0.002969	-0.002710	-0.002710
202	31	31	62	1	P50	4193	0.001982	-0.995221	0.001963	-0.995220
202	31	31	62	1	P75	5019	0.001596	0.001596	0.001570	0.001570
202	31	31	62	1	P90	5316	0.000176	0.000176	0.000148	0.000148
202	31	31	62	1	P95	5465	0.002441	0.002441	0.002412	0.002412
202	31	31	62	1	P99	8611	0.000073	0.000073	0.000026	0.000026
202	31	31	62	1	P999	8611	0.000073	0.000073	0.000026	0.000026
203	7	7	14	1	P1	877	0.002810	0.002810	0.000420	0.000420
203	7	7	14	1	P50	924	-0.000792	-0.008236	0.000546	-0.010611
203	7	7	14	1	P75	978	-0.001505	-0.001505	0.003562	0.003562
203	7	7	14	1	P90	3249	0.001842	0.001842	0.002853	0.002853
203	7	7	14	1	P95	3667	0.004207	0.004207	0.001438	0.001438
203	7	7	14	1	P99	3667	0.004207	0.004207	0.001438	0.001438
203	7	7	14	1	P999	3667	0.004207	0.004207	0.001438	0.001438
204	7	7	14	1	P1	872	-0.000381	-0.000381	0.002402	0.002402
204	7	7	14	1	P50	917	0.001642	-0.020576	0.000675	-0.021518
204	7	7	14	1	P75	967	0.000890	0.000890	0.003660	0.003660
204	7	7	14	1	P90	2122	0.003813	0.003813	0.002713	0.002713
204	7	7	14	1	P95	3404	0.002272	0.002272	0.001101	0.001101
204	7	7	14	1	P99	3404	0.002272	0.002272	0.001101	0.001101
204	7	7	14	1	P999	3404	0.002272	0.002272	0.001101	0.001101
205	7	7	14	1	P1	876	-0.000870	-0.000870	-0.000308	-0.000308
205	7	7	14	1	P50	929	0.002072	-0.016485	0.002629	-0.019608
205	7	7	14	1	P75	955	0.000636	0.000636	0.001189	0.001189
205	7	7	14	1	P90	972	0.001685	0.001685	0.002236	0.002236
205	7	7	14	1	P95	1000	0.003196	0.003196	0.000000	0.000000
205	7	7	14	1	P99	1000	0.003196	0.003196	0.000000	0.000000
205	7	7	14	1	P999	1000	0.003196	0.003196	0.000000	0.000000
206	7	7	14	1	P1	886	0.002041	0.002041	0.001425	0.001425
206	7	7	14	1	P50	948	0.001692	-0.042251	0.001070	-0.042841
206	7	7	14	1	P75	962	0.001986	0.001986	0.001362	0.001362
206	7	7	14	1	P90	990	-0.000538	-0.000538	0.002578	0.002578
206	7	7	14	1	P95	5027	0.000754	0.000754	0.003721	0.003721
206	7	7	14	1	P99	5027	0.000754	0.000754	0.003721	0.003721
206	7	7	14	1	P999	5027	0.000754	0.000754	0.003721	0.003721
207	7	7	14	1	P1	878	0.000168	0.000168	0.003023	0.003023
207	7	7	14	1	P50	2694	0.004372	-0.644766	0.003276	-0.643758
207	7	7	14	1	P75	3303	0.002448	0.002448	0.001318	0.001318
207	7	7	14	1	P90	3543	0.003342	0.003342	0.002198	0.002198
207	7	7	14	1	P95	5696	-0.000385	-0.000385	0.002129	0.002129
207	7	7	14	1	P99	5696	-0.000385	-0.000385	0.002129	0.002129
207	7	7	14	1	P999	5696	-0.000385	-0.000385	0.002129	0.002129
208	7	7	14	1	P1	906	0.002171	0.002171	0.001530	0.001530
208	7	7	14	1	P50	3018	0.002660	-0.283809	0.001844	-0.281677
208	7	7	14	1	P75	3239	0.003022	0.003022	0.002196	0.002196
208	7	7	14	1	P90	3551	0.000777	0.000777	0.003685	0.003685
208	7	7	14	1	P95	3616	0.001331	0.001331	0.000491	0.000491
208	7	7	14	1	P99	3616	0.001331	0.001331	0.000491	0.000491
208	7	7	14	1	P999	3616	0.001331	0.001331	0.000491	0.000491
209	7	7	14	1	P1	875	0.003575	0.003575	0.002706	0.002706
209	7	7	14	1	P50	973	-0.001637	-0.009075	0.001206	-0.006251
209	7	7	14	1	P75	1957	-0.001223	-0.001223	0.001422	0.001422
209	7	7	14	1	P90	3161	0.001636	0.001636	0.000404	0.000404
209	7	7	14	1	P95	4306	-0.000886	-0.000886	0.001535	0.001535
209	7	7	14	1	P99	4306	-0.000886	-0.000886	0.001535	0.001535
209	7	7	14	1	P999	4306	-0.000886	-0.000886	0.001535	0.001535
210	7	623	630	1	P1	1	0.003265	0.003265	0.003276	0.003276
210	7	623	630	1	P50	3	-0.003083	-0.003098	-0.003151	-0.003166
210	7	623	630	1	P75	3	-0.000804	-0.000804	-0.000873	-0.000873
210	7	623	630	1	P90	4	-0.002459	-0.002522	-0.002548	-0.002611
210	7	623	630	1	P95	4	-0.000498	-0.000498	-0.000587	-0.000587
210	7	623	630	1	P99	886	0.001906	0.001906	0.001425	0.001425
210	7	623	630	1	P999	1192	0.000554	0.000554	0.000052	0.000052
211	7	31	38	1	P1	5	0.004039	0.004039	0.001625	0.001625
211	7	31	38	1	P50	10	-0.000257	-0.097095	0.000935	-0.099372
211	7	31	38	1	P75	14	0.002563	0.002563	0.003689	0.003689
211	7	31	38	1	P90	1305	-0.001011	-0.001011	0.002935	0.002935
211	7	31	38	1	P95	1360	-0.001167	-0.001167	0.000898	0.000898
211	7	31	38	1	P99	1363	0.000368	0.000368	0.000563	0.000563
211	7	31	38	1	P999	1363	0.000368	0.000368	0.000563	0.000563
212	31	7	38	1	P1	1006	0.004925	0.004925	0.001495	0.001495
212	31	7	38	1	P50	5036	0.001941	-0.027584	0.001928	-0.023949
212	31	7	38	1	P75	5330	0.001281	0.001281	0.001257	0.001257
212	31	7	38	1	P90	5746	0.000903	0.000903	0.000863	0.000863
212	31	7	38	1	P95	6332	0.000998	0.000998	0.000938	0.000938
212	31	7	38	1	P99	8494	0.002617	0.002617	0.002496	0.002496
212	31	7	38	1	P999	8494	0.002617	0.002617	0.002496	0.002496
213	7	7	14	1	P1	1001	0.001683	0.001683	0.002742	0.002742
213	7	7	14	1	P50	1038	0.002778	-0.000964	0.000084	-0.003647
213	7	7	14	1	P75	1072	0.002327	0.002327	0.001496	0.001496
213	7	7	14	1	P90	1085	-0.000383	-0.000383	0.000655	0.000655
213	7	7	14	1	P95	1095	0.001661	0.001661	0.002698	0.002698
213	7	7	14	1	P99	1095	0.001661	0.001661	0.002698	0.002698
213	7	7	14	1	P999	1095	0.001661	0.001661	0.002698	0.002698
214	7	7	14	1	P1	993	0.001541	0.001541	0.003292	0.003292
214	7	7	14	1	P50	1055	0.000790	-0.010371	0.002532	-0.008648
214	7	7	14	1	P75	1091	0.000883	0.000883	0.002620	0.002620
214	7	7	14	1	P90	1122	0.002776	0.002776	0.000764	0.000764
214	7	7	14	1	P95	1271	0.001451	0.001451	0.003169	0.003169
214	7	7	14	1	P99	1271	0.001451	0.001451	0.003169	0.003169
214	7	7	14	1	P999	1271	0.001451	0.001451	0.003169	0.003169
215	7	7	14	1	P1	987	0.002056	0.002056	0.001873	0.001873
215	7	7	14	1	P50	1073	0.000755	-0.025094	0.000563	-0.025278
215	7	7	14	1	P75	1100	0.002073	0.002073	0.001879	0.001879
215	7	7	14	1	P90	1117	0.001690	0.001690	0.001493	0.001493
215	7	7	14	1	P95	1145	-0.000639	-0.000639	0.002904	0.002904
215	7	7	14	1	P99	1145	-0.000639	-0.000639	0.002904	0.002904
215	7	7	14	1	P999	1145	-0.000639	-0.000639	0.002904	0.002904
216	7	7	14	1	P1	1000	0.002443	0.002443	0.000000	0.000000
216	7	7	14	1	P50	1030	0.002791	-0.000951	0.000345	-0.000901
216	7	7	14	1	P75	1079	0.001171	0.001171	0.002466	0.002466
216	7	7	14	1	P90	1190	0.000446	0.000446	0.001732	0.001732
216	7	7	14	1	P95	1200	-0.000446	-0.000446	0.000839	0.000839
216	7	7	14	1	P99	1200	-0.000446	-0.000446	0.000839	0.000839
216	7	7	14	1	P999	1200	-0.000446	-0.000446	0.000839	0.000839
217	7	7	14	1	P1	1004	0.001441	0.001441	0.003490	0.003490
217	7	7	14	1	P50	1058	0.001389	-0.002348	0.003433	-0.000311
217	7	7	14	1	P75	1088	0.003339	0.003339	0.001633	0.001633
217	7	7	14	1	P90	1167	0.000528	0.000528	0.002561	0.002561
217	7	7	14	1	P95	1177	-0.000528	-0.000528	0.001503	0.001503
217	7	7	14	1	P99	1177	-0.000528	-0.000528	0.001503	0.001503
217	7	7	14	1	P999	1177	-0.000528	-0.000528	0.001503	0.001503
218	7	7	14	1	P1	1012	0.000899	0.000899	0.003028	0.003028
218	7	7	14	1	P50	1072	0.001249	-0.033687	0.001496	-0.031635
218	7	7	14	1	P75	1112	0.003876	0.003876	0.002243	0.002243
218	7	7	14	1	P90	1193	0.000851	0.000851	0.002955	0.002955
218	7	7	14	1	P95	1204	-0.000850	-0.000850	0.001250	0.001250
218	7	7	14	1	P99	1204	-0.000850	-0.000850	0.001250	0.001250
218	7	7	14	1	P999	1204	-0.000850	-0.000850	0.001250	0.001250
219	7	7	14	1	P1	1000	0.000554	0.000554	0.000000	0.000000
219	7	7	14	1	P50	1038	0.000642	-0.006812	0.000084	-0.007365
219	7	7	14	1	P75	1074	0.003939	0.003939	0.003375	0.003375
219	7	7	14	1	P90	1127	0.000623	0.000623	0.000056	0.000056
219	7	7	14	1	P95	1154	-0.000622	-0.000622	0.002550	0.002550
219	7	7	14	1	P99	1154	-0.000622	-0.000622	0.002550	0.002550
219	7	7	14	1	P999	1154	-0.000622	-0.000622	0.002550	0.002550
220	7	7	14	1	P1	990	-0.000629	-0.000629	0.000082	0.000082
220	7	7	14	1	P50	1014	0.001590	-0.000281	0.001049	-0.002685
220	7	7	14	1	P75	1080	0.002091	0.002091	0.001537	0.001537
220	7	7	14	1	P90	1129	-0.003022	-0.003022	0.000152	0.000152
220	7	7	14	1	P95	1129	-0.001156	-0.001156	0.002023	0.002023
220	7	7	14	1	P99	1129	-0.001156	-0.001156	0.002023	0.002023
220	7	7	14	1	P999	1129	-0.001156	-0.001156	0.002023	0.002023
221	7	7	14	1	P1	990	0.002759	0.002759	0.002578	0.002578
221	7	7	14	1	P50	1020	0.002813	-0.000929	0.002629	-0.001112
221	7	7	14	1	P75	1091	0.002810	0.002810	0.002620	0.002620
221	7	7	14	1	P90	1110	0.000494	0.000494	0.000303	0.000303
221	7	7	14	1	P95	1184	-0.000494	-0.000494	0.003052	0.003052
221	7	7	14	1	P99	1184	-0.000494	-0.000494	0.003052	0.003052
221	7	7	14	1	P999	1184	-0.000494	-0.000494	0.003052	0.003052
222	7	623	630	1	P1	2	-0.001391	-0.001391	-0.001603	-0.001603
222	7	623	630	1	P50	3	-0.001574	-0.001587	-0.001829	-0.001842
222	7	623	630	1	P75	3	0.000414	0.000414	0.000159	0.000159
222	7	623	630	1	P90	4	-0.000626	-0.000656	-0.000911	-0.000941
222	7	623	630	1	P95	4	0.000279	0.000279	-0.000007	-0.000007
222	7	623	630	1	P99	1006	0.002362	0.002362	0.001495	0.001495
222	7	623	630	1	P999	1163	-0.000604	-0.000604	0.002256	0.002256
223	7	31	38	1	P1	4	-0.002720	-0.002720	-0.002311	-0.002311
223	7	31	38	1	P50	6	0.001228	0.000813	0.001633	0.001217
223	7	31	38	1	P75	12	0.000444	0.000444	0.000839	0.000839
223	7	31	38	1	P90	1495	0.001247	0.001247	0.001575	0.001575
223	7	31	38	1	P95	1577	0.000180	0.000180	0.000507	0.000507
223	7	31	38	1	P99	1664	0.002554	0.002554	0.002881	0.002881
223	7	31	38	1	P999	1664	0.002554	0.002554	0.002881	0.002881
224	31	7	38	1	P1	358	0.002677	0.002677	0.003025	0.003025
224	31	7	38	1	P50	4967	0.000720	-0.001149	0.000770	-0.000476
224	31	7	38	1	P75	5247	0.001957	0.001957	0.002001	0.002001
224	31	7	38	1	P90	5681	0.000991	0.000991	0.001026	0.001026
224	31	7	38	1	P95	6054	0.000951	0.000951	0.000979	0.000979
224	31	7	38	1	P99	8301	0.003061	0.003061	0.003054	0.003054
224	31	7	38	1	P999	8301	0.003061	0.003061	0.003054	0.003054
225	7	7	14	1	P1	334	0.001236	0.001236	0.001392	0.001392
225	7	7	14	1	P50	1145	0.001135	-0.000735	0.001032	-0.000838
225	7	7	14	1	P75	1168	0.001811	0.001811	-0.000167	-0.000167
225	7	7	14	1	P90	1181	0.001959	0.001959	0.001848	0.001848
225	7	7	14	1	P95	1219	0.003944	0.003944	0.000081	0.000081
225	7	7	14	1	P99	1219	0.003944	0.003944	0.000081	0.000081
225	7	7	14	1	P999	1219	0.003944	0.003944	0.000081	0.000081
226	7	7	14	1	P1	336	-0.000422	-0.000422	0.002901	0.002901
226	7	7	14	1	P50	1135	0.001015	-0.000854	0.000458	-0.001410
226	7	7	14	1	P75	1150	0.002843	0.002843	0.002283	0.002283
226	7	7	14	1	P90	1187	0.001079	0.001079	0.000517	0.000517
226	7	7	14	1	P95	1199	0.002238	0.002238	0.001674	0.001674
226	7	7	14	1	P99	1199	0.002238	0.002238	0.001674	0.001674
226	7	7	14	1	P999	1199	0.002238	0.002238	0.001674	0.001674
227	7	7	14	1	P1	332	0.001441	0.001441	0.001792	0.001792
227	7	7	14	1	P50	1142	0.003338	0.001464	0.001787	-0.000083
227	7	7	14	1	P75	1154	0.000356	0.000356	0.002550	0.002550
227	7	7	14	1	P90	1221	-0.000010	-0.000010	0.002182	0.002182
227	7	7	14	1	P95	1227	0.002568	0.002568	0.001016	0.001016
227	7	7	14	1	P99	1227	0.002568	0.002568	0.001016	0.001016
227	7	7	14	1	P999	1227	0.002568	0.002568	0.001016	0.001016
228	7	7	14	1	P1	332	0.001818	0.001818	0.003666	0.003666
228	7	7	14	1	P50	1139	0.002756	0.000883	0.000678	-0.001190
228	7	7	14	1	P75	1162	0.001454	0.001454	0.003119	0.003119
228	7	7	14	1	P90	1178	0.002735	0.002735	0.000652	0.000652
228	7	7	14	1	P95	1259	0.003531	0.003531	0.001437	0.001437
228	7	7	14	1	P99	1259	0.003531	0.003531	0.001437	0.001437
228	7	7	14	1	P999	1259	0.003531	0.003531	0.001437	0.001437
229	7	7	14	1	P1	327	-0.000591	-0.000591	0.000144	0.000144
229	7	7	14	1	P50	1135	0.003774	0.000028	0.000458	-0.001410
229	7	7	14	1	P75	1166	0.002997	0.002997	0.003421	0.003421
229	7	7	14	1	P90	1177	0.001081	0.001081	0.001503	0.001503
229	7	7	14	1	P95	1219	0.003413	0.003413	0.000081	0.000081
229	7	7	14	1	P99	1219	0.003413	0.003413	0.000081	0.000081
229	7	7	14	1	P999	1219	0.003413	0.003413	0.000081	0.000081
230	7	7	14	1	P1	327	0.002847	0.002847	0.000144	0.000144
230	7	7	14	1	P50	1126	0.003737	-0.000008	0.000944	-0.000925
230	7	7	14	1	P75	1151	0.004209	0.004209	0.001412	0.001412
230	7	7	14	1	P90	1160	0.000149	0.000149	0.001099	0.001099
230	7	7	14	1	P95	1180	0.001748	0.001748	0.002698	0.002698
230	7	7	14	1	P99	1180	0.001748	0.001748	0.002698	0.002698
230	7	7	14	1	P999	1180	0.001748	0.001748	0.002698	0.002698
231	7	7	14	1	P1	319	0.001675	0.001675	0.002489	0.002489
231	7	7	14	1	P50	1134	0.000854	-0.001015	0.001340	-0.002396
231	7	7	14	1	P75	1162	0.000766	0.000766	0.001246	0.001246
231	7	7	14	1	P90	1175	-0.001012	-0.001012	0.003207	0.003207
231	7	7	14	1	P95	1189	0.002101	0.002101	0.002575	0.002575
231	7	7	14	1	P99	1189	0.002101	0.002101	0.002575	0.002575
231	7	7	14	1	P999	1189	0.002101	0.002101	0.002575	0.002575
232	7	7	14	1	P1	328	0.001977	0.001977	0.000829	0.000829
232	7	7	14	1	P50	1131	0.000267	-0.000979	0.000251	-0.001617
232	7	7	14	1	P75	1145	0.004173	0.004173	0.002904	0.002904
232	7	7	14	1	P90	1169	0.002114	0.002114	0.000846	0.000846
232	7	7	14	1	P95	1184	0.000577	0.000577	0.003052	0.003052
232	7	7	14	1	P99	1184	0.000577	0.000577	0.003052	0.003052
232	7	7	14	1	P999	1184	0.000577	0.000577	0.003052	0.003052
233	7	7	14	1	P1	304	0.001942	0.001942	0.002058	0.002058
233	7	7	14	1	P50	1117	0.001489	-0.000382	0.001493	-0.000377
233	7	7	14	1	P75	1138	0.001554	0.001554	0.001558	0.001558
233	7	7	14	1	P90	1143	0.000908	0.000908	0.000911	0.000911
233	7	7	14	1	P95	1170	-0.000010	-0.000010	0.003736	0.003736
233	7	7	14	1	P99	1170	-0.000010	-0.000010	0.003736	0.003736
233	7	7	14	1	P999	1170	-0.000010	-0.000010	0.003736	0.003736
234	623	7	630	1	P1	2	-0.003569	-0.003569	-0.001601	-0.001601
234	623	7	630	1	P50	3	0.000144	0.000131	-0.001630	-0.001643
234	623	7	630	1	P75	4	-0.001339	-0.001339	-0.003117	-0.003117
234	623	7	630	1	P90	4	0.001061	0.001035	-0.000722	-0.000747
234	623	7	630	1	P95	4	0.001845	0.001845	0.000060	0.000060
234	623	7	630	1	P99	119	-0.002008	-0.002008	-0.000138	-0.000138
234	623	7	630	1	P999	132	0.000846	0.000846	0.002719	0.002719
235	31	31	62	1	P1	6	0.001822	0.001822	-0.000029	-0.000029
235	31	31	62	1	P50	3512	0.002455	-0.993158	0.003514	-0.993146
235	31	31	62	1	P75	4785	-0.000295	-0.000295	0.000721	0.000721
235	31	31	62	1	P90	5086	0.002255	0.002255	0.003265	0.003265
235	31	31	62	1	P95	5394	-0.000466	-0.000466	0.000534	0.000534
235	31	31	62	1	P99	8082	0.002677	0.002677	0.003626	0.003626
235	31	31	62	1	P999	8082	0.002677	0.002677	0.003626	0.003626
236	31	7	38	1	P1	44	0.002507	0.002507	0.002369	0.002369
236	31	7	38	1	P50	50	0.001796	0.000548	0.001625	0.000378
236	31	7	38	1	P75	63	0.002499	0.002499	0.002269	0.002269
236	31	7	38	1	P90	113	0.001517	0.001517	0.001136	0.001136
236	31	7	38	1	P95	117	0.000380	0.000380	0.003736	0.003736
236	31	7	38	1	P99	125	0.005294	0.005294	0.001135	0.001135
236	31	7	38	1	P999	125	0.005294	0.005294	0.001135	0.001135
237	7	7	14	1	P1	102	0.000922	0.000922	0.000756	0.000756
237	7	7	14	1	P50	108	-0.002018	-0.007600	-0.000333	-0.005922
237	7	7	14	1	P75	112	0.000872	0.000872	0.002551	0.002551
237	7	7	14	1	P90	118	0.001034	0.001034	0.002698	0.002698
237	7	7	14	1	P95	125	0.003234	0.003234	0.001135	0.001135
237	7	7	14	1	P99	125	0.003234	0.003234	0.001135	0.001135
237	7	7	14	1	P999	125	0.003234	0.003234	0.001135	0.001135
238	7	7	14	1	P1	101	-0.001462	-0.001462	-0.000605	-0.000605
238	7	7	14	1	P50	109	0.001445	0.000198	0.002290	0.001042
238	7	7	14	1	P75	111	0.003206	0.003206	0.000303	0.000303
238	7	7	14	1	P90	117	-0.000840	-0.000840	0.001861	0.001861
238	7	7	14	1	P95	117	0.002903	0.002903	0.003736	0.003736
238	7	7	14	1	P99	117	0.002903	0.002903	0.003736	0.003736
238	7	7	14	1	P999	117	0.002903	0.002903	0.003736	0.003736
239	7	7	14	1	P1	102	0.004036	0.004036	0.002629	0.002629
239	7	7	14	1	P50	110	-0.000444	-0.007890	0.001879	-0.005583
239	7	7	14	1	P75	116	0.002531	0.002531	0.001099	0.001099
239	7	7	14	1	P90	117	0.001422	0.001422	0.003736	0.003736
239	7	7	14	1	P95	120	0.002277	0.002277	0.000839	0.000839
239	7	7	14	1	P99	120	0.002277	0.002277	0.000839	0.000839
239	7	7	14	1	P999	120	0.002277	0.002277	0.000839	0.000839
240	7	7	14	1	P1	100	-0.001055	-0.001055	0.001871	0.001871
240	7	7	14	1	P50	106	0.002362	-0.008817	0.001540	-0.005920
240	7	7	14	1	P75	114	0.000629	0.000629	0.003545	0.003545
240	7	7	14	1	P90	115	-0.000628	-0.000628	0.002283	0.002283
240	7	7	14	1	P95	117	0.000822	0.000822	0.003736	0.003736
240	7	7	14	1	P99	117	0.000822	0.000822	0.003736	0.003736
240	7	7	14	1	P999	117	0.000822	0.000822	0.003736	0.003736
241	7	7	14	1	P1	102	-0.003040	-0.003040	0.000756	0.000756
241	7	7	14	1	P50	108	0.001490	-0.017058	0.001537	-0.017007
241	7	7	14	1	P75	110	0.001836	0.001836	0.001879	0.001879
241	7	7	14	1	P90	117	0.003710	0.003710	0.003736	0.003736
241	7	7	14	1	P95	118	-0.001068	-0.001068	0.002698	0.002698
241	7	7	14	1	P99	118	-0.001068	-0.001068	0.002698	0.002698
241	7	7	14	1	P999	118	-0.001068	-0.001068	0.002698	0.002698
242	623	7	630	1	P1	1	0.001334	0.001334	0.003276	0.003276
242	623	7	630	1	P50	2	-0.000667	-0.000676	0.001248	0.001238
242	623	7	630	1	P75	3	-0.000305	-0.000305	-0.002141	-0.002141
242	623	7	630	1	P90	3	0.001546	0.001526	-0.000294	-0.000313
242	623	7	630	1	P95	3	0.002150	0.002150	0.000310	0.000310
242	623	7	630	1	P99	990	0.000877	0.000877	0.002578	0.002578
242	623	7	630	1	P999	1068	-0.000200	-0.000200	0.001497	0.001497
243	31	31	62	1	P1	4	-0.002693	-0.002693	-0.002311	-0.002311
243	31	31	62	1	P50	3189	0.002544	-0.994342	0.002803	-0.994340
243	31	31	62	1	P75	3902	0.000744	0.000744	0.000999	0.000999
243	31	31	62	1	P90	4271	0.001969	0.001969	0.002222	0.002222
243	31	31	62	1	P95	4520	0.001374	0.001374	0.001626	0.001626
243	31	31	62	1	P99	7413	0.000070	0.000070	0.000313	0.000313
243	31	31	62	1	P999	7413	0.000070	0.000070	0.000313	0.000313
244	7	7	14	1	P1	141	-0.001184	-0.001184	0.000303	0.000303
244	7	7	14	1	P50	150	0.004247	-0.006954	0.001975	-0.005488
244	7	7	14	1	P75	154	0.004101	0.004101	0.001823	0.001823
244	7	7	14	1	P90	157	-0.000245	-0.000245	0.001219	0.001219
244	7	7	14	1	P95	163	0.003384	0.003384	0.001094	0.001094
244	7	7	14	1	P99	163	0.003384	0.003384	0.001094	0.001094
244	7	7	14	1	P999	163	0.003384	0.003384	0.001094	0.001094
245	7	7	14	1	P1	140	0.001019	0.001019	0.003689	0.003689
245	7	7	14	1	P50	147	0.000829	-0.001040	0.003492	0.001618
245	7	7	14	1	P75	153	0.001949	0.001949	0.000860	0.000860
245	7	7	14	1	P90	154	-0.000829	-0.000829	0.001823	0.001823
245	7	7	14	1	P95	156	0.001222	0.001222	0.000132	0.000132
245	7	7	14	1	P99	156	0.001222	0.001222	0.000132	0.000132
245	7	7	14	1	P999	156	0.001222	0.001222	0.000132	0.000132
246	7	7	14	1	P1	144	0.001373	0.001373	0.001679	0.001679
246	7	7	14	1	P50	149	-0.000365	-0.001610	-0.000060	-0.001305
246	7	7	14	1	P75	155	0.002524	0.002524	0.002829	0.002829
246	7	7	14	1	P90	160	0.000677	0.000677	0.000980	0.000980
246	7	7	14	1	P95	170	-0.000139	-0.000139	0.000162	0.000162
246	7	7	14	1	P99	170	-0.000139	-0.000139	0.000162	0.000162
246	7	7	14	1	P999	170	-0.000139	-0.000139	0.000162	0.000162
247	7	7	14	1	P1	141	0.000165	0.000165	0.000303	0.000303
247	7	7	14	1	P50	149	0.001059	-0.000810	0.001187	-0.000683
247	7	7	14	1	P75	152	-0.000182	-0.000182	0.003686	0.003686
247	7	7	14	1	P90	162	0.003403	0.003403	0.003515	0.003515
247	7	7	14	1	P95	166	0.001439	0.001439	0.001547	0.001547
247	7	7	14	1	P99	166	0.001439	0.001439	0.001547	0.001547
247	7	7	14	1	P999	166	0.001439	0.001439	0.001547	0.001547
248	7	7	14	1	P1	142	-0.000612	-0.000612	0.000712	0.000712
248	7	7	14	1	P50	146	-0.000972	-0.002216	0.000344	-0.004629
248	7	7	14	1	P75	154	0.004268	0.004268	0.001823	0.001823
248	7	7	14	1	P90	159	-0.001519	-0.001519	0.003518	0.003518
248	7	7	14	1	P95	171	0.004247	0.004247	0.001775	0.001775
248	7	7	14	1	P99	171	0.004247	0.004247	0.001775	0.001775
248	7	7	14	1	P999	171	0.004247	0.004247	0.001775	0.001775
249	623	7	630	1	P1	2	-0.000916	-0.000916	-0.001576	-0.001576
249	623	7	630	1	P50	3	0.003542	0.003525	-0.000956	-0.000972
249	623	7	630	1	P75	4	-0.001138	-0.001138	-0.001955	-0.001955
249	623	7	630	1	P90	4	0.000476	0.000459	-0.000343	-0.000360
249	623	7	630	1	P95	4	0.001003	0.001003	0.000184	0.000184
249	623	7	630	1	P99	113	-0.001025	-0.001025	0.001136	0.001136
249	623	7	630	1	P999	127	0.001819	0.001819	0.000213	0.000213
250	31	31	62	1	P1	5	0.000346	0.000346	-0.000245	-0.000245
250	31	31	62	1	P50	2923	0.001520	-0.990746	0.000185	-0.990753
250	31	31	62	1	P75	5137	0.002160	0.002160	0.000759	0.000759
250	31	31	62	1	P90	5542	0.001040	0.001040	0.003375	0.003375
250	31	31	62	1	P95	5700	0.002840	0.002840	0.001426	0.001426
250	31	31	62	1	P99	8747	0.000770	0.000770	0.003050	0.003050
250	31	31	62	1	P999	8747	0.000770	0.000770	0.003050	0.003050
251	7	7	14	1	P1	90	0.003545	0.003545	0.000698	0.000698
251	7	7	14	1	P50	95	-0.000055	-0.009358	0.000831	-0.008478
251	7	7	14	1	P75	97	-0.000326	-0.000326	0.000556	0.000556
251	7	7	14	1	P90	105	0.002680	0.002680	0.003548	0.003548
251	7	7	14	1	P95	116	0.000253	0.000253	0.001099	0.001099
251	7	7	14	1	P99	116	0.000253	0.000253	0.001099	0.001099
251	7	7	14	1	P999	116	0.000253	0.000253	0.001099	0.001099
252	7	7	14	1	P1	91	0.000669	0.000669	0.000862	0.000862
252	7	7	14	1	P50	98	0.001338	0.000091	0.001514	0.000267
252	7	7	14	1	P75	99	0.002404	0.002404	0.002578	0.002578
252	7	7	14	1	P90	108	0.001384	0.001384	0.001537	0.001537
252	7	7	14	1	P95	110	0.001730	0.001730	0.001879	0.001879
252	7	7	14	1	P99	110	0.001730	0.001730	0.001879	0.001879
252	7	7	14	1	P999	110	0.001730	0.001730	0.001879	0.001879
253	7	7	14	0	P1	91	0.001976	0.001976	0.000862	0.000862
253	7	7	14	0	P50	100	-0.000756	-0.006343	0.001871	-0.007448
253	7	7	14	0	P75	102	-0.001245	-0.001245	0.001380	0.001380
253	7	7	14	0	P90	105	-0.000952	-0.000952	0.001674	0.001674
253	7	7	14	0	P95	105	0.000917	0.000917	0.003548	0.003548
253	7	7	14	0	P99	105	0.000917	0.000917	0.003548	0.003548
253	7	7	14	0	P999	105	0.000917	0.000917	0.003548	0.003548
254	7	7	14	1	P1	90	0.003121	0.003121	0.000698	0.000698
254	7	7	14	1	P50	97	0.002989	-0.000754	0.000556	-0.001313
254	7	7	14	1	P75	103	0.000913	0.000913	-0.001523	-0.001523
254	7	7	14	1	P90	105	0.002245	0.002245	0.003548	0.003548
254	7	7	14	1	P95	109	0.002242	0.002242	0.003540	0.003540
254	7	7	14	1	P99	109	0.002242	0.002242	0.003540	0.003540
254	7	7	14	1	P999	109	0.002242	0.002242	0.003540	0.003540
255	7	7	14	1	P1	90	0.003121	0.003121	0.000698	0.000698
255	7	7	14	1	P50	95	0.001388	-0.009780	0.002703	-0.008478
255	7	7	14	1	P75	98	0.000205	0.000205	0.001514	0.001514
255	7	7	14	1	P90	102	0.001323	0.001323	0.002629	0.002629
255	7	7	14	1	P95	104	0.004344	0.004344	0.001899	0.001899
255	7	7	14	1	P99	104	0.004344	0.004344	0.001899	0.001899
255	7	7	14	1	P999	104	0.004344	0.004344	0.001899	0.001899
256	7	623	630	1	P1	2	-0.003498	-0.003498	-0.001604	-0.001604
256	7	623	630	1	P50	3	0.000033	0.000020	-0.001819	-0.001832
256	7	623	630	1	P75	3	0.002178	0.002178	0.000322	0.000322
256	7	623	630	1	P90	4	0.001065	0.001039	-0.000800	-0.000826
256	7	623	630	1	P95	4	0.001882	0.001882	0.000016	0.000016
256	7	623	630	1	P99	89	0.002641	0.002641	0.000657	0.000657
256	7	623	630	1	P999	108	-0.000215	-0.000215	0.001537	0.001537
257	7	31	38	1	P1	4	-0.000659	-0.000659	-0.002000	-0.002000
257	7	31	38	1	P50	7	0.001050	0.000115	-0.000300	-0.001234
257	7	31	38	1	P75	15	0.003338	0.003338	0.001975	0.001975
257	7	31	38	1	P90	117	0.001377	0.001377	0.003736	0.003736
257	7	31	38	1	P95	122	0.000647	0.000647	0.003004	0.003004
257	7	31	38	1	P99	129	0.000926	0.000926	0.003283	0.003283
257	7	31	38	1	P999	129	0.000926	0.000926	0.003283	0.003283
258	31	31	62	1	P1	42	0.002095	0.002095	0.000293	0.000293
258	31	31	62	1	P50	3521	0.003086	-0.964920	0.000949	-0.964986
258	31	31	62	1	P75	4860	0.002279	0.002279	0.000120	0.000120
258	31	31	62	1	P90	5291	0.003293	0.003293	0.001125	0.001125
258	31	31	62	1	P95	5551	0.000175	0.000175	0.001748	0.001748
258	31	31	62	1	P99	9823	0.001379	0.001379	0.002911	0.002911
258	31	31	62	1	P999	9823	0.001379	0.001379	0.002911	0.002911
259	7	7	14	1	P1	89	0.000021	0.000021	0.000657	0.000657
259	7	7	14	1	P50	96	-0.000920	-0.008362	0.003448	-0.007741
259	7	7	14	1	P75	98	0.004641	0.004641	0.001514	0.001514
259	7	7	14	1	P90	106	0.004680	0.004680	0.001540	0.001540
259	7	7	14	1	P95	108	0.000931	0.000931	0.001537	0.001537
259	7	7	14	1	P99	108	0.000931	0.000931	0.001537	0.001537
259	7	7	14	1	P999	108	0.000931	0.000931	0.001537	0.001537
260	7	7	14	1	P1	92	0.003483	0.003483	0.001147	0.001147
260	7	7	14	1	P50	101	0.003603	-0.000142	0.001264	-0.000605
260	7	7	14	1	P75	102	0.001221	0.001221	0.002629	0.002629
260	7	7	14	1	P90	106	0.000134	0.000134	0.001540	0.001540
260	7	7	14	1	P95	113	0.003477	0.003477	0.001136	0.001136
260	7	7	14	1	P99	113	0.003477	0.003477	0.001136	0.001136
260	7	7	14	1	P999	113	0.003477	0.003477	0.001136	0.001136
261	7	7	14	0	P1	92	0.002262	0.002262	0.001147	0.001147
261	7	7	14	0	P50	100	0.001113	-0.028380	0.003745	-0.029461
261	7	7	14	0	P75	102	-0.000000	-0.000000	0.002629	0.002629
261	7	7	14	0	P90	112	0.003668	0.003668	0.002551	0.002551
261	7	7	14	0	P95	119	0.002848	0.002848	0.001732	0.001732
261	7	7	14	0	P99	119	0.002848	0.002848	0.001732	0.001732
261	7	7	14	0	P999	119	0.002848	0.002848	0.001732	0.001732
262	7	7	14	1	P1	92	-0.000798	-0.000798	-0.001345	-0.001345
262	7	7	14	1	P50	100	0.000556	-0.001313	0.003745	0.001871
262	7	7	14	1	P75	105	0.000364	0.000364	0.003548	0.003548
262	7	7	14	1	P90	106	0.002102	0.002102	0.001540	0.001540
262	7	7	14	1	P95	107	0.003933	0.003933	0.003368	0.003368
262	7	7	14	1	P99	107	0.003933	0.003933	0.003368	0.003368
262	7	7	14	1	P999	107	0.003933	0.003933	0.003368	0.003368
263	7	7	14	1	P1	90	0.003224	0.003224	0.000698	0.000698
263	7	7	14	1	P50	98	0.000318	-0.010840	-0.000356	-0.009654
263	7	7	14	1	P75	99	0.005134	0.005134	0.002578	0.002578
263	7	7	14	1	P90	105	-0.001373	-0.001373	0.003548	0.003548
263	7	7	14	1	P95	109	0.002369	0.002369	0.003540	0.003540
263	7	7	14	1	P99	109	0.002369	0.002369	0.003540	0.003540
263	7	7	14	1	P999	109	0.002369	0.002369	0.003540	0.003540
264	7	623	630	1	P1	1	0.001823	0.001823	0.003745	0.003745
264	7	623	630	1	P50	2	0.000074	0.000062	0.001965	0.001953
264	7	623	630	1	P75	3	0.000447	0.000447	-0.001417	-0.001417
264	7	623	630	1	P90	3	0.001749	0.001736	-0.000117	-0.000130
264	7	623	630	1	P95	3	0.002175	0.002175	0.000308	0.000308
264	7	623	630	1	P99	99	0.000838	0.000838	0.002578	0.002578
264	7	623	630	1	P999	175	0.003107	0.003107	0.001079	0.001079
265	7	31	38	1	P1	4	-0.001410	-0.001410	-0.001378	-0.001378
265	7	31	38	1	P50	6	0.002466	0.001218	0.002466	0.001217
265	7	31	38	1	P75	14	0.003757	0.003757	0.003689	0.003689
265	7	31	38	1	P90	167	-0.000458	-0.000458	0.003020	0.003020
265	7	31	38	1	P95	175	0.001348	0.001348	0.001079	0.001079
265	7	31	38	1	P99	176	0.003131	0.003131	0.002861	0.002861
265	7	31	38	1	P999	176	0.003131	0.003131	0.002861	0.002861
266	31	31	62	1	P1	41	0.002840	0.002840	0.001965	0.001965
266	31	31	62	1	P50	4083	-0.000236	-0.972983	0.002383	-0.973008
266	31	31	62	1	P75	5030	0.000513	0.000513	0.003123	0.003123
266	31	31	62	1	P90	5334	0.001643	0.001643	0.000506	0.000506
266	31	31	62	1	P95	5453	0.002008	0.002008	0.000870	0.000870
266	31	31	62	1	P99	9270	0.002211	0.002211	0.001043	0.001043
266	31	31	62	1	P999	9270	0.002211	0.002211	0.001043	0.001043
267	7	7	14	0	P1	137	0.002976	0.002976	0.002920	0.002920
267	7	7	14	0	P50	144	-0.000136	-0.005727	-0.000192	-0.005782
267	7	7	14	0	P75	146	0.002896	0.002896	0.002840	0.002840
267	7	7	14	0	P90	148	0.000500	0.000500	0.000444	0.000444
267	7	7	14	0	P95	154	0.001879	0.001879	0.001823	0.001823
267	7	7	14	0	P99	154	0.001879	0.001879	0.001823	0.001823
267	7	7	14	0	P999	154	0.001879	0.001879	0.001823	0.001823
268	7	7	14	1	P1	135	0.003152	0.003152	0.002674	0.002674
268	7	7	14	1	P50	143	-0.000841	-0.005809	-0.001321	-0.006286
268	7	7	14	1	P75	146	-0.000420	-0.000420	0.002840	0.002840
268	7	7	14	1	P90	152	0.000427	0.000427	0.003686	0.003686
268	7	7	14	1	P95	155	-0.000427	-0.000427	0.002829	0.002829
268	7	7	14	1	P99	155	-0.000427	-0.000427	0.002829	0.002829
268	7	7	14	1	P999	155	-0.000427	-0.000427	0.002829	0.002829
269	7	7	14	1	P1	135	0.003154	0.003154	0.002674	0.002674
269	7	7	14	1	P50	143	0.001654	-0.020563	0.001171	-0.017367
269	7	7	14	1	P75	149	0.001673	0.001673	0.001187	0.001187
269	7	7	14	1	P90	153	0.001348	0.001348	0.000860	0.000860
269	7	7	14	1	P95	155	-0.000425	-0.000425	0.002829	0.002829
269	7	7	14	1	P99	155	-0.000425	-0.000425	0.002829	0.002829
269	7	7	14	1	P999	155	-0.000425	-0.000425	0.002829	0.002829
270	7	7	14	1	P1	138	-0.000526	-0.000526	0.003124	0.003124
270	7	7	14	1	P50	144	0.001781	-0.005682	0.001679	-0.005782
270	7	7	14	1	P75	148	0.004300	0.004300	0.000444	0.000444
270	7	7	14	1	P90	152	0.000056	0.000056	0.003686	0.003686
270	7	7	14	1	P95	158	-0.001270	-0.001270	0.002347	0.002347
270	7	7	14	1	P99	158	-0.001270	-0.001270	0.002347	0.002347
270	7	7	14	1	P999	158	-0.001270	-0.001270	0.002347	0.002347
271	7	7	14	1	P1	138	0.000917	0.000917	0.003124	0.003124
271	7	7	14	1	P50	143	-0.001023	-0.008465	0.001171	-0.006286
271	7	7	14	1	P75	148	0.002000	0.002000	0.000444	0.000444
271	7	7	14	1	P90	150	0.003537	0.003537	0.001975	0.001975
271	7	7	14	1	P95	156	0.001701	0.001701	0.000132	0.000132
271	7	7	14	1	P99	156	0.001701	0.001701	0.000132	0.000132
271	7	7	14	1	P999	156	0.001701	0.001701	0.000132	0.000132
272	7	623	630	1	P1	1	0.003357	0.003357	0.003745	0.003745
272	7	623	630	1	P50	3	0.002698	0.002683	-0.000683	-0.000698
272	7	623	630	1	P75	4	-0.002182	-0.002182	-0.001829	-0.001829
272	7	623	630	1	P90	4	-0.000653	-0.000670	-0.000300	-0.000316
272	7	623	630	1	P95	4	-0.000154	-0.000154	0.000200	0.000200
272	7	623	630	1	P99	143	-0.000968	-0.000968	-0.000699	-0.000699
272	7	623	630	1	P999	157	0.000951	0.000951	0.001219	0.001219
273	7	31	38	1	P1	4	0.002106	0.002106	-0.001378	-0.001378
273	7	31	38	1	P50	6	0.001561	0.000813	0.001717	0.000968
273	7	31	38	1	P75	10	0.003717	0.003717	0.003745	0.003745
273	7	31	38	1	P90	121	0.000604	0.000604	0.000016	0.000016
273	7	31	38	1	P95	128	0.000447	0.000447	0.003590	0.003590
273	7	31	38	1	P99	131	-0.000287	-0.000287	0.002848	0.002848
273	7	31	38	1	P999	131	-0.000287	-0.000287	0.002848	0.002848
274	31	31	62	1	P1	43	0.001046	0.001046	0.001060	0.001060
274	31	31	62	1	P50	3662	-0.000092	-0.941224	0.002806	-0.941241
274	31	31	62	1	P75	5091	-0.000552	-0.000552	0.002280	0.002280
274	31	31	62	1	P90	5355	0.001233	0.001233	0.000315	0.000315
274	31	31	62	1	P95	5605	0.000469	0.000469	0.003285	0.003285
274	31	31	62	1	P99	7929	0.001299	0.001299	0.000305	0.000305
274	31	31	62	1	P999	7929	0.001299	0.001299	0.000305	0.000305
275	7	7	14	1	P1	97	0.003006	0.003006	0.000556	0.000556
275	7	7	14	1	P50	102	0.001345	-0.006115	0.002629	-0.008552
275	7	7	14	1	P75	104	0.004368	0.004368	0.001899	0.001899
275	7	7	14	1	P90	115	0.004776	0.004776	0.002283	0.002283
275	7	7	14	1	P95	116	-0.000154	-0.000154	0.001099	0.001099
275	7	7	14	1	P99	116	-0.000154	-0.000154	0.001099	0.001099
275	7	7	14	1	P999	116	-0.000154	-0.000154	0.001099	0.001099
276	7	7	14	1	P1	100	0.000514	0.000514	0.003745	0.003745
276	7	7	14	1	P50	105	0.000318	-0.007133	0.003548	-0.007643
276	7	7	14	1	P75	108	0.002054	0.002054	0.001537	0.001537
276	7	7	14	1	P90	115	0.002801	0.002801	0.002283	0.002283
276	7	7	14	1	P95	174	-0.000140	-0.000140	0.003076	0.003076
276	7	7	14	1	P99	174	-0.000140	-0.000140	0.003076	0.003076
276	7	7	14	1	P999	174	-0.000140	-0.000140	0.003076	0.003076
277	7	7	14	1	P1	96	-0.001390	-0.001390	0.001575	0.001575
277	7	7	14	1	P50	107	0.000406	-0.007046	0.003368	-0.007821
277	7	7	14	1	P75	110	0.002663	0.002663	0.001879	0.001879
277	7	7	14	1	P90	112	-0.000406	-0.000406	0.002551	0.002551
277	7	7	14	1	P95	164	0.003269	0.003269	0.002456	0.002456
277	7	7	14	1	P99	164	0.003269	0.003269	0.002456	0.002456
277	7	7	14	1	P999	164	0.003269	0.003269	0.002456	0.002456
278	7	7	14	1	P1	97	-0.000127	-0.000127	-0.001313	-0.001313
278	7	7	14	1	P50	104	0.001226	-0.000644	0.001899	0.000028
278	7	7	14	1	P75	108	-0.000999	-0.000999	-0.000333	-0.000333
278	7	7	14	1	P90	109	-0.000869	-0.000869	0.003540	0.003540
278	7	7	14	1	P95	115	0.001625	0.001625	0.002283	0.002283
278	7	7	14	1	P99	115	0.001625	0.001625	0.002283	0.002283
278	7	7	14	1	P999	115	0.001625	0.001625	0.002283	0.002283
279	7	7	14	1	P1	97	-0.000127	-0.000127	-0.001313	-0.001313
279	7	7	14	1	P50	102	0.001952	0.000081	0.002629	0.000756
279	7	7	14	1	P75	106	0.000870	0.000870	0.001540	0.001540
279	7	7	14	1	P90	112	0.001889	0.001889	0.002551	0.002551
279	7	7	14	1	P95	117	-0.000663	-0.000663	0.003736	0.003736
279	7	7	14	1	P99	117	-0.000663	-0.000663	0.003736	0.003736
279	7	7	14	1	P999	117	-0.000663	-0.000663	0.003736	0.003736
280	623	7	630	1	P1	1	0.003259	0.003259	0.002912	0.002912
280	623	7	630	1	P50	3	-0.002115	-0.002128	-0.002623	-0.002636
280	623	7	630	1	P75	3	-0.000155	-0.000155	-0.000664	-0.000664
280	623	7	630	1	P90	4	-0.001877	-0.001935	-0.002427	-0.002486
280	623	7	630	1	P95	4	-0.000068	-0.000068	-0.000620	-0.000620
280	623	7	630	1	P99	1389	0.001783	0.001783	0.000357	0.000357
280	623	7	630	1	P999	1473	-0.000858	-0.000858	0.001448	0.001448
281	31	31	62	1	P1	4	-0.000008	-0.000008	-0.002497	-0.002497
281	31	31	62	1	P50	4597	0.002664	-0.995428	0.003429	-0.995423
281	31	31	62	1	P75	5034	0.001568	0.001568	0.002326	0.002326
281	31	31	62	1	P90	5372	0.000131	0.000131	0.000883	0.000883
281	31	31	62	1	P95	5456	0.003312	0.003312	0.000319	0.000319
281	31	31	62	1	P99	9221	0.001891	0.001891	0.002608	0.002608
281	31	31	62	1	P999	9221	0.001891	0.001891	0.002608	0.002608
282	7	7	14	1	P1	1082	0.000079	0.000079	0.003430	0.003430
282	7	7	14	1	P50	1119	0.000097	-0.011055	0.001574	-0.011444
282	7	7	14	1	P75	1130	0.001530	0.001530	0.001136	0.001136
282	7	7	14	1	P90	1188	0.000069	0.000069	0.003419	0.003419
282	7	7	14	1	P95	1252	-0.000069	-0.000069	0.003279	0.003279
282	7	7	14	1	P99	1252	-0.000069	-0.000069	0.003279	0.003279
282	7	7	14	1	P999	1252	-0.000069	-0.000069	0.003279	0.003279
283	7	7	14	1	P1	1113	-0.000716	-0.000716	-0.000527	-0.000527
283	7	7	14	1	P50	1143	0.000726	-0.000520	0.000911	-0.000336
283	7	7	14	1	P75	1171	-0.001043	-0.001043	0.002878	0.002878
283	7	7	14	1	P90	1213	0.001105	0.001105	0.001278	0.001278
283	7	7	14	1	P95	1234	-0.001104	-0.001104	0.002807	0.002807
283	7	7	14	1	P99	1234	-0.001104	-0.001104	0.002807	0.002807
283	7	7	14	1	P999	1234	-0.001104	-0.001104	0.002807	0.002807
284	7	7	14	1	P1	1098	-0.000140	-0.000140	0.001205	0.001205
284	7	7	14	1	P50	1127	0.002452	-0.001288	0.000056	-0.001812
284	7	7	14	1	P75	1163	0.000911	0.000911	0.002256	0.002256
284	7	7	14	1	P90	1199	0.000330	0.000330	0.001674	0.001674
284	7	7	14	1	P95	1236	-0.000158	-0.000158	0.001184	0.001184
284	7	7	14	1	P99	1236	-0.000158	-0.000158	0.001184	0.001184
284	7	7	14	1	P999	1236	-0.000158	-0.000158	0.001184	0.001184
285	7	7	14	1	P1	1080	0.000776	0.000776	-0.000333	-0.000333
285	7	7	14	1	P50	1107	0.002257	-0.001483	0.003014	-0.000728
285	7	7	14	1	P75	1162	0.002372	0.002372	0.003119	0.003119
285	7	7	14	1	P90	1175	-0.001277	-0.001277	0.001334	0.001334
285	7	7	14	1	P95	1177	0.000760	0.000760	0.001503	0.001503
285	7	7	14	1	P99	1177	0.000760	0.000760	0.001503	0.001503
285	7	7	14	1	P999	1177	0.000760	0.000760	0.001503	0.001503
286	7	7	14	1	P1	1093	-0.001480	-0.001480	-0.001083	-0.001083
286	7	7	14	1	P50	1117	0.000161	-0.000773	0.000558	-0.000377
286	7	7	14	1	P75	1140	0.003146	0.003146	0.003545	0.003545
286	7	7	14	1	P90	1205	0.000022	0.000022	0.000419	0.000419
286	7	7	14	1	P95	1237	-0.000022	-0.000022	0.000375	0.000375
286	7	7	14	1	P99	1237	-0.000022	-0.000022	0.000375	0.000375
286	7	7	14	1	P999	1237	-0.000022	-0.000022	0.000375	0.000375
287	7	7	14	1	P1	1074	0.003194	0.003194	0.003375	0.003375
287	7	7	14	1	P50	1119	0.003274	-0.000470	0.003447	-0.000297
287	7	7	14	1	P75	1151	0.001245	0.001245	0.001412	0.001412
287	7	7	14	1	P90	1204	0.001090	0.001090	0.001250	0.001250
287	7	7	14	1	P95	1234	-0.001089	-0.001089	0.002807	0.002807
287	7	7	14	1	P99	1234	-0.001089	-0.001089	0.002807	0.002807
287	7	7	14	1	P999	1234	-0.001089	-0.001089	0.002807	0.002807
288	7	7	14	1	P1	1085	0.001311	0.001311	0.000655	0.000655
288	7	7	14	1	P50	1110	0.000963	-0.000907	0.000303	-0.003429
288	7	7	14	1	P75	1122	0.001426	0.001426	0.000764	0.000764
288	7	7	14	1	P90	1237	0.001054	0.001054	0.000375	0.000375
288	7	7	14	1	P95	1263	-0.001053	-0.001053	0.002004	0.002004
288	7	7	14	1	P99	1263	-0.001053	-0.001053	0.002004	0.002004
288	7	7	14	1	P999	1263	-0.001053	-0.001053	0.002004	0.002004
289	7	7	14	1	P1	1091	0.001494	0.001494	0.002620	0.002620
289	7	7	14	1	P50	1134	0.000224	-0.003509	0.001340	-0.002396
289	7	7	14	1	P75	1155	0.004317	0.004317	0.001682	0.001682
289	7	7	14	1	P90	1176	0.001245	0.001245	0.002354	0.002354
289	7	7	14	1	P95	1280	-0.001243	-0.001243	0.003590	0.003590
289	7	7	14	1	P99	1280	-0.001243	-0.001243	0.003590	0.003590
289	7	7	14	1	P999	1280	-0.001243	-0.001243	0.003590	0.003590
290	7	7	14	1	P1	1095	-0.000860	-0.000860	0.000203	0.000203
290	7	7	14	1	P50	1110	0.002361	-0.001379	0.000303	-0.001565
290	7	7	14	1	P75	1115	0.001604	0.001604	0.003290	0.003290
290	7	7	14	1	P90	1193	0.001285	0.001285	0.002955	0.002955
290	7	7	14	1	P95	1237	-0.001284	-0.001284	0.000375	0.000375
290	7	7	14	1	P99	1237	-0.001284	-0.001284	0.000375	0.000375
290	7	7	14	1	P999	1237	-0.001284	-0.001284	0.000375	0.000375
291	7	7	14	1	P1	1104	-0.000376	-0.000376	0.001987	0.001987
291	7	7	14	1	P50	1139	0.002065	-0.005400	0.000678	-0.003055
291	7	7	14	1	P75	1176	0.003752	0.003752	0.002354	0.002354
291	7	7	14	1	P90	1201	0.001405	0.001405	0.000006	0.000006
291	7	7	14	1	P95	1241	-0.001447	-0.001447	0.000885	0.000885
291	7	7	14	1	P99	1241	-0.001447	-0.001447	0.000885	0.000885
291	7	7	14	1	P999	1241	-0.001447	-0.001447	0.000885	0.000885
292	623	7	630	1	P1	1	0.003609	0.003609	0.003276	0.003276
292	623	7	630	1	P50	3	0.003427	0.003413	-0.000854	-0.000868
292	623	7	630	1	P75	4	-0.001399	-0.001399	-0.001989	-0.001989
292	623	7	630	1	P90	4	0.000237	0.000220	-0.000354	-0.000371
292	623	7	630	1	P95	4	0.000771	0.000771	0.000180	0.000180
292	623	7	630	1	P99	160	0.002266	0.002266	0.000980	0.000980
292	623	7	630	1	P999	185	-0.000849	-0.000849	0.001579	0.001579
293	31	31	62	1	P1	6	-0.000567	-0.000567	-0.000029	-0.000029
293	31	31	62	1	P50	3351	0.001681	-0.994909	0.001843	-0.994926
293	31	31	62	1	P75	4917	0.003278	0.003278	0.003417	0.003417
293	31	31	62	1	P90	5397	-0.000156	-0.000156	0.001225	0.001225
293	31	31	62	1	P95	5609	0.002438	0.002438	0.002570	0.002570
293	31	31	62	1	P99	7555	-0.000086	-0.000086	0.000028	0.000028
293	31	31	62	1	P999	7555	-0.000086	-0.000086	0.000028	0.000028
294	31	7	38	1	P1	46	0.001882	0.001882	0.000902	0.000902
294	31	7	38	1	P50	51	0.000251	-0.000995	-0.000734	-0.001979
294	31	7	38	1	P75	58	0.003724	0.003724	0.002726	0.002726
294	31	7	38	1	P90	123	-0.000382	-0.000382	0.002314	0.002314
294	31	7	38	1	P95	128	0.000893	0.000893	0.003590	0.003590
294	31	7	38	1	P99	130	0.000341	0.000341	0.003036	0.003036
294	31	7	38	1	P999	130	0.000341	0.000341	0.003036	0.003036
295	7	7	14	0	P1	114	0.002901	0.002901	0.003545	0.003545
295	7	7	14	0	P50	126	-0.000000	-0.001245	0.000642	-0.000604
295	7	7	14	0	P75	127	0.002377	0.002377	-0.000722	-0.000722
295	7	7	14	0	P90	132	0.002076	0.002076	0.002719	0.002719
295	7	7	14	0	P95	133	0.002004	0.002004	0.002648	0.002648
295	7	7	14	0	P99	133	0.002004	0.002004	0.002648	0.002648
295	7	7	14	0	P999	133	0.002004	0.002004	0.002648	0.002648
296	7	7	14	1	P1	114	0.002759	0.002759	0.003545	0.003545
296	7	7	14	1	P50	127	0.003190	-0.000554	0.000213	-0.001655
296	7	7	14	1	P75	129	0.002517	0.002517	0.003283	0.003283
296	7	7	14	1	P90	131	0.002085	0.002085	0.002848	0.002848
296	7	7	14	1	P95	136	0.002013	0.002013	0.002770	0.002770
296	7	7	14	1	P99	136	0.002013	0.002013	0.002770	0.002770
296	7	7	14	1	P999	136	0.002013	0.002013	0.002770	0.002770
297	7	7	14	1	P1	116	0.001048	0.001048	-0.000770	-0.000770
297	7	7	14	1	P50	122	0.001086	-0.006371	0.003004	-0.008181
297	7	7	14	1	P75	125	-0.000776	-0.000776	0.001135	0.001135
297	7	7	14	1	P90	132	0.000813	0.000813	0.002719	0.002719
297	7	7	14	1	P95	147	0.001599	0.001599	0.003492	0.003492
297	7	7	14	1	P99	147	0.001599	0.001599	0.003492	0.003492
297	7	7	14	1	P999	147	0.001599	0.001599	0.003492	0.003492
298	7	7	14	0	P1	119	-0.002800	-0.002800	-0.001072	-0.001072
298	7	7	14	0	P50	124	0.002455	0.001206	0.000445	-0.000801
298	7	7	14	0	P75	129	0.001547	0.001547	0.003283	0.003283
298	7	7	14	0	P90	132	0.000985	0.000985	0.002719	0.002719
298	7	7	14	0	P95	140	0.001953	0.001953	0.003689	0.003689
298	7	7	14	0	P99	140	0.001953	0.001953	0.003689	0.003689
298	7	7	14	0	P999	140	0.001953	0.001953	0.003689	0.003689
299	7	7	14	1	P1	114	0.002741	0.002741	0.003545	0.003545
299	7	7	14	1	P50	125	0.000348	-0.014500	0.001135	-0.013723
299	7	7	14	1	P75	129	0.000628	0.000628	0.001409	0.001409
299	7	7	14	1	P90	132	0.001940	0.001940	0.002719	0.002719
299	7	7	14	1	P95	139	0.002610	0.002610	0.003381	0.003381
299	7	7	14	1	P99	139	0.002610	0.002610	0.003381	0.003381
299	7	7	14	1	P999	139	0.002610	0.002610	0.003381	0.003381
300	7	7	14	1	P1	111	0.000692	0.000692	0.000303	0.000303
300	7	7	14	1	P50	124	0.002093	0.000222	0.001692	-0.000179
300	7	7	14	1	P75	130	-0.000302	-0.000302	0.003036	0.003036
300	7	7	14	1	P90	132	0.003128	0.003128	0.002719	0.002719
300	7	7	14	1	P95	133	0.003057	0.003057	0.002648	0.002648
300	7	7	14	1	P99	133	0.003057	0.003057	0.002648	0.002648
300	7	7	14	1	P999	133	0.003057	0.003057	0.002648	0.002648
301	7	7	14	1	P1	114	0.000599	0.000599	0.003545	0.003545
301	7	7	14	1	P50	123	0.003116	-0.022791	0.002314	-0.023572
301	7	7	14	1	P75	130	0.000093	0.000093	0.003036	0.003036
301	7	7	14	1	P90	134	0.003436	0.003436	0.002633	0.002633
301	7	7	14	1	P95	141	0.001105	0.001105	0.000303	0.000303
301	7	7	14	1	P99	141	0.001105	0.001105	0.000303	0.000303
301	7	7	14	1	P999	141	0.001105	0.001105	0.000303	0.000303
302	7	623	630	1	P1	1	0.001208	0.001208	0.002912	0.002912
302	7	623	630	1	P50	3	-0.000575	-0.000590	-0.002699	-0.002714
302	7	623	630	1	P75	3	0.001822	0.001822	-0.000307	-0.000307
302	7	623	630	1	P90	4	0.000809	0.000772	-0.001342	-0.001378
302	7	623	630	1	P95	4	0.001947	0.001947	-0.000206	-0.000206
302	7	623	630	1	P99	120	-0.002337	-0.002337	-0.001030	-0.001030
302	7	623	630	1	P999	132	0.001415	0.001415	0.002719	0.002719
303	7	31	38	1	P1	4	0.001939	0.001939	-0.001378	-0.001378
303	7	31	38	1	P50	6	0.000883	-0.000364	0.001217	-0.000029
303	7	31	38	1	P75	10	0.003521	0.003521	0.003745	0.003745
303	7	31	38	1	P90	1087	-0.000392	-0.000392	0.002555	0.002555
303	7	31	38	1	P95	1124	-0.000215	-0.000215	0.002725	0.002725
303	7	31	38	1	P99	1155	-0.001249	-0.001249	0.001682	0.001682
303	7	31	38	1	P999	1155	-0.001249	-0.001249	0.001682	0.001682
304	31	7	38	1	P1	916	0.001882	0.001882	0.001767	0.001767
304	31	7	38	1	P50	4658	0.000035	-0.001833	0.000209	-0.001037
304	31	7	38	1	P75	4999	0.002291	0.002291	0.001826	0.001826
304	31	7	38	1	P90	5645	-0.001473	-0.001473	0.001777	0.001777
304	31	7	38	1	P95	5759	-0.000904	-0.000904	0.002343	0.002343
304	31	7	38	1	P99	9141	0.000692	0.000692	0.000104	0.000104
304	31	7	38	1	P999	9141	0.000692	0.000692	0.000104	0.000104
305	7	7	14	1	P1	926	0.002606	0.002606	0.002124	0.002124
305	7	7	14	1	P50	950	0.003188	0.001314	0.002703	0.000831
305	7	7	14	1	P75	965	0.002472	0.002472	0.001987	0.001987
305	7	7	14	1	P90	1019	0.000355	0.000355	0.003613	0.003613
305	7	7	14	1	P95	1103	-0.000355	-0.000355	0.002895	0.002895
305	7	7	14	1	P99	1103	-0.000355	-0.000355	0.002895	0.002895
305	7	7	14	1	P999	1103	-0.000355	-0.000355	0.002895	0.002895
306	7	7	14	1	P1	924	0.003669	0.003669	0.000546	0.000546
306	7	7	14	1	P50	947	0.001504	-0.002232	0.002127	-0.001612
306	7	7	14	1	P75	962	0.000740	0.000740	0.001362	0.001362
306	7	7	14	1	P90	1003	0.000122	0.000122	0.000743	0.000743
306	7	7	14	1	P95	1026	-0.000122	-0.000122	0.000498	0.000498
306	7	7	14	1	P99	1026	-0.000122	-0.000122	0.000498	0.000498
306	7	7	14	1	P999	1026	-0.000122	-0.000122	0.000498	0.000498
307	7	7	14	1	P1	935	-0.000583	-0.000583	0.003670	0.003670
307	7	7	14	1	P50	967	0.001287	-0.000583	0.001786	-0.000085
307	7	7	14	1	P75	991	0.001075	0.001075	0.001566	0.001566
307	7	7	14	1	P90	1009	0.001771	0.001771	0.002257	0.002257
307	7	7	14	1	P95	1024	-0.001768	-0.001768	0.002452	0.002452
307	7	7	14	1	P99	1024	-0.001768	-0.001768	0.002452	0.002452
307	7	7	14	1	P999	1024	-0.001768	-0.001768	0.002452	0.002452
308	7	7	14	1	P1	938	0.000785	0.000785	0.000460	0.000460
308	7	7	14	1	P50	1029	0.001648	-0.013218	0.001317	-0.013543
308	7	7	14	1	P75	1053	0.001021	0.001021	0.000688	0.000688
308	7	7	14	1	P90	1066	-0.000035	-0.000035	0.003376	0.003376
308	7	7	14	1	P95	1107	-0.000393	-0.000393	0.003014	0.003014
308	7	7	14	1	P99	1107	-0.000393	-0.000393	0.003014	0.003014
308	7	7	14	1	P999	1107	-0.000393	-0.000393	0.003014	0.003014
309	7	7	14	1	P1	933	0.001492	0.001492	0.002069	0.002069
309	7	7	14	1	P50	954	0.001664	-0.000206	0.002239	0.000367
309	7	7	14	1	P75	1011	0.003452	0.003452	0.000274	0.000274
309	7	7	14	1	P90	1026	-0.000066	-0.000066	0.000498	0.000498
309	7	7	14	1	P95	1063	0.001892	0.001892	0.002453	0.002453
309	7	7	14	1	P99	1063	0.001892	0.001892	0.002453	0.002453
309	7	7	14	1	P999	1063	0.001892	0.001892	0.002453	0.002453
310	7	7	14	1	P1	920	0.002531	0.002531	-0.000722	-0.000722
310	7	7	14	1	P50	959	0.000269	-0.003464	0.000747	-0.002987
310	7	7	14	1	P75	974	0.003450	0.003450	0.000178	0.000178
310	7	7	14	1	P90	1020	-0.001572	-0.001572	0.002629	0.002629
310	7	7	14	1	P95	1034	0.003495	0.003495	0.000207	0.000207
310	7	7	14	1	P99	1034	0.003495	0.003495	0.000207	0.000207
310	7	7	14	1	P999	1034	0.003495	0.003495	0.000207	0.000207
311	623	7	630	1	P1	1	0.001135	0.001135	0.002912	0.002912
311	623	7	630	1	P50	3	0.000611	0.000598	-0.001427	-0.001440
311	623	7	630	1	P75	4	-0.000675	-0.000675	-0.002730	-0.002730
311	623	7	630	1	P90	4	0.001545	0.001522	-0.000515	-0.000538
311	623	7	630	1	P95	4	0.002271	0.002271	0.000210	0.000210
311	623	7	630	1	P99	1066	0.002069	0.002069	0.003376	0.003376
311	623	7	630	1	P999	1244	0.000916	0.000916	0.002210	0.002210
312	31	31	62	1	P1	6	0.000242	0.000242	-0.000029	-0.000029
312	31	31	62	1	P50	2931	0.002585	-0.994870	0.001190	-0.994872
312	31	31	62	1	P75	4931	0.002056	0.002056	0.000568	0.000568
312	31	31	62	1	P90	5539	-0.000190	-0.000190	0.000173	0.000173
312	31	31	62	1	P95	5756	0.000638	0.000638	0.002866	0.002866
312	31	31	62	1	P99	7261	0.000158	0.000158	0.002343	0.002343
312	31	31	62	1	P999	7261	0.000158	0.000158	0.002343	0.002343
313	7	7	14	1	P1	922	0.000837	0.000837	0.002717	0.002717
313	7	7	14	1	P50	947	0.000250	-0.001618	0.002127	-0.001612
313	7	7	14	1	P75	1013	0.000162	0.000162	0.002038	0.002038
313	7	7	14	1	P90	1034	0.002074	0.002074	0.000207	0.000207
313	7	7	14	1	P95	1048	-0.000162	-0.000162	0.001711	0.001711
313	7	7	14	1	P99	1048	-0.000162	-0.000162	0.001711	0.001711
313	7	7	14	1	P999	1048	-0.000162	-0.000162	0.001711	0.001711
314	7	7	14	1	P1	920	0.002981	0.002981	0.001147	0.001147
314	7	7	14	1	P50	958	0.001755	-0.007563	0.001792	-0.005670
314	7	7	14	1	P75	990	-0.001197	-0.001197	0.000706	0.000706
314	7	7	14	1	P90	1028	0.000388	0.000388	0.002291	0.002291
314	7	7	14	1	P95	1064	-0.000388	-0.000388	0.001511	0.001511
314	7	7	14	1	P99	1064	-0.000388	-0.000388	0.001511	0.001511
314	7	7	14	1	P999	1064	-0.000388	-0.000388	0.001511	0.001511
315	7	7	14	1	P1	924	-0.000134	-0.000134	0.000546	0.000546
315	7	7	14	1	P50	957	0.000294	-0.001575	0.000966	0.000031
315	7	7	14	1	P75	977	0.002045	0.002045	0.000841	0.000841
315	7	7	14	1	P90	1038	0.001301	0.001301	0.000084	0.000084
315	7	7	14	1	P95	1236	-0.001299	-0.001299	0.001184	0.001184
315	7	7	14	1	P99	1236	-0.001299	-0.001299	0.001184	0.001184
315	7	7	14	1	P999	1236	-0.001299	-0.001299	0.001184	0.001184
316	7	7	14	1	P1	927	-0.000145	-0.000145	0.001043	0.001043
316	7	7	14	1	P50	973	0.001894	-0.022158	0.001206	-0.020999
316	7	7	14	1	P75	1005	0.001310	0.001310	0.002491	0.002491
316	7	7	14	1	P90	1045	-0.000336	-0.000336	0.000839	0.000839
316	7	7	14	1	P95	1152	-0.000621	-0.000621	0.000543	0.000543
316	7	7	14	1	P99	1152	-0.000621	-0.000621	0.000543	0.000543
316	7	7	14	1	P999	1152	-0.000621	-0.000621	0.000543	0.000543
317	7	7	14	1	P1	932	0.002273	0.002273	0.003144	0.003144
317	7	7	14	1	P50	977	-0.000028	-0.007476	0.000841	-0.006613
317	7	7	14	1	P75	1019	0.002742	0.002742	0.003613	0.003613
317	7	7	14	1	P90	1101	0.000102	0.000102	0.000969	0.000969
317	7	7	14	1	P95	1122	-0.000102	-0.000102	0.000764	0.000764
317	7	7	14	1	P99	1122	-0.000102	-0.000102	0.000764	0.000764
317	7	7	14	1	P999	1122	-0.000102	-0.000102	0.000764	0.000764
318	623	7	630	1	P1	2	-0.000992	-0.000992	-0.001156	-0.001156
318	623	7	630	1	P50	4	-0.002900	-0.002916	-0.003129	-0.003146
318	623	7	630	1	P75	4	-0.000352	-0.000352	-0.000583	-0.000583
318	623	7	630	1	P90	5	-0.000523	-0.000570	-0.000775	-0.000821
318	623	7	630	1	P95	5	0.000908	0.000908	0.000655	0.000655
318	623	7	630	1	P99	1227	-0.000696	-0.000696	-0.000853	-0.000853
318	623	7	630	1	P999	1381	-0.000552	-0.000552	0.002398	0.002398
319	31	31	62	1	P1	4	0.001127	0.001127	-0.002000	-0.002000
319	31	31	62	1	P50	2431	0.001900	-0.990917	0.001333	-0.990948
319	31	31	62	1	P75	3209	0.000902	0.000902	0.000285	0.000285
319	31	31	62	1	P90	3494	-0.000067	-0.000067	0.001171	0.001171
319	31	31	62	1	P95	3525	0.000447	0.000447	0.003557	0.003557
319	31	31	62	1	P99	7089	0.000910	0.000910	0.000148	0.000148
319	31	31	62	1	P999	7089	0.000910	0.000910	0.000148	0.000148
320	7	31	38	1	P1	4	-0.002122	-0.002122	-0.002000	-0.002000
320	7	31	38	1	P50	6	0.001433	0.000498	0.001529	0.000594
320	7	31	38	1	P75	14	0.003647	0.003647	0.003689	0.003689
320	7	31	38	1	P90	1241	0.001129	0.001129	0.000885	0.000885
320	7	31	38	1	P95	1313	0.000805	0.000805	0.000557	0.000557
320	7	31	38	1	P99	1380	-0.000368	-0.000368	0.003124	0.003124
320	7	31	38	1	P999	1380	-0.000368	-0.000368	0.003124	0.003124
321	31	7	38	1	P1	953	0.004099	0.004099	0.003290	0.003290
321	31	7	38	1	P50	5263	-0.000108	-0.025934	0.000824	-0.023200
321	31	7	38	1	P75	5502	-0.001528	-0.001528	0.001269	0.001269
321	31	7	38	1	P90	5754	-0.001452	-0.001452	0.001341	0.001341
321	31	7	38	1	P95	5959	0.002795	0.002795	0.001845	0.001845
321	31	7	38	1	P99	9102	0.001623	0.001623	0.000642	0.000642
321	31	7	38	1	P999	9102	0.001623	0.001623	0.000642	0.000642
322	7	7	14	1	P1	938	0.001753	0.001753	0.000460	0.000460
322	7	7	14	1	P50	969	0.002885	-0.000857	0.001588	-0.000282
322	7	7	14	1	P75	994	-0.000161	-0.000161	0.000411	0.000411
322	7	7	14	1	P90	1035	0.000541	0.000541	0.002983	0.002983
322	7	7	14	1	P95	1040	-0.000540	-0.000540	0.001899	0.001899
322	7	7	14	1	P99	1040	-0.000540	-0.000540	0.001899	0.001899
322	7	7	14	1	P999	1040	-0.000540	-0.000540	0.001899	0.001899
323	7	7	14	1	P1	932	0.003732	0.003732	0.003144	0.003144
323	7	7	14	1	P50	980	0.002105	-0.020121	0.001514	-0.020698
323	7	7	14	1	P75	998	0.002597	0.002597	0.002004	0.002004
323	7	7	14	1	P90	1047	-0.000478	-0.000478	0.002668	0.002668
323	7	7	14	1	P95	1067	0.003034	0.003034	0.002435	0.002435
323	7	7	14	1	P99	1067	0.003034	0.003034	0.002435	0.002435
323	7	7	14	1	P999	1067	0.003034	0.003034	0.002435	0.002435
324	7	7	14	1	P1	933	0.003058	0.003058	0.002069	0.002069
324	7	7	14	1	P50	1001	0.001878	-0.034891	0.002742	-0.037652
324	7	7	14	1	P75	1083	0.001662	0.001662	0.002503	0.002503
324	7	7	14	1	P90	1994	0.000717	0.000717	0.001381	0.001381
324	7	7	14	1	P95	2030	0.005271	0.005271	0.002180	0.002180
324	7	7	14	1	P99	2030	0.005271	0.005271	0.002180	0.002180
324	7	7	14	1	P999	2030	0.005271	0.005271	0.002180	0.002180
325	7	7	14	1	P1	941	-0.001368	-0.001368	-0.000864	-0.000864
325	7	7	14	1	P50	960	0.003567	-0.000177	0.003448	-0.000296
325	7	7	14	1	P75	1011	0.000393	0.000393	0.000274	0.000274
325	7	7	14	1	P90	1098	0.000079	0.000079	0.003704	0.003704
325	7	7	14	1	P95	1140	-0.000079	-0.000079	0.003545	0.003545
325	7	7	14	1	P99	1140	-0.000079	-0.000079	0.003545	0.003545
325	7	7	14	1	P999	1140	-0.000079	-0.000079	0.003545	0.003545
326	7	7	14	1	P1	945	-0.000541	-0.000541	0.000501	0.000501
326	7	7	14	1	P50	981	0.003200	-0.011691	0.000493	-0.010664
326	7	7	14	1	P75	1021	0.004362	0.004362	0.001647	0.001647
326	7	7	14	1	P90	1044	0.000768	0.000768	0.001798	0.001798
326	7	7	14	1	P95	1131	-0.000767	-0.000767	0.000251	0.000251
326	7	7	14	1	P99	1131	-0.000767	-0.000767	0.000251	0.000251
326	7	7	14	1	P999	1131	-0.000767	-0.000767	0.000251	0.000251
327	7	7	14	0	P1	940	0.001499	0.001499	0.002070	0.002070
327	7	7	14	0	P50	971	0.000824	-0.004772	0.001395	-0.007919
327	7	7	14	0	P75	987	0.001302	0.001302	0.001873	0.001873
327	7	7	14	0	P90	1065	-0.000000	-0.000000	0.000571	0.000571
327	7	7	14	0	P95	1080	0.000966	0.000966	0.001537	0.001537
327	7	7	14	0	P99	1080	0.000966	0.000966	0.001537	0.001537
327	7	7	14	0	P999	1080	0.000966	0.000966	0.001537	0.001537
328	7	7	14	1	P1	935	0.001633	0.001633	0.001796	0.001796
328	7	7	14	1	P50	964	0.000993	-0.010170	0.003027	-0.008158
328	7	7	14	1	P75	992	0.002270	0.002270	0.000556	0.000556
328	7	7	14	1	P90	1059	0.000460	0.000460	0.002485	0.002485
328	7	7	14	1	P95	1138	-0.000460	-0.000460	0.001558	0.001558
328	7	7	14	1	P99	1138	-0.000460	-0.000460	0.001558	0.001558
328	7	7	14	1	P999	1138	-0.000460	-0.000460	0.001558	0.001558
329	7	7	14	1	P1	938	0.002494	0.002494	0.000460	0.000460
329	7	7	14	1	P50	977	0.002877	-0.015693	0.000841	-0.014012
329	7	7	14	1	P75	1040	0.000193	0.000193	0.001899	0.001899
329	7	7	14	1	P90	1098	0.001997	0.001997	0.003704	0.003704
329	7	7	14	1	P95	7885	0.000495	0.000495	0.002133	0.002133
329	7	7	14	1	P99	7885	0.000495	0.000495	0.002133	0.002133
329	7	7	14	1	P999	7885	0.000495	0.000495	0.002133	0.002133
330	7	7	14	1	P1	937	0.001068	0.001068	0.001528	0.001528
330	7	7	14	1	P50	963	0.003614	-0.003863	0.000322	-0.003410
330	7	7	14	1	P75	995	0.000828	0.000828	0.001275	0.001275
330	7	7	14	1	P90	1080	0.001105	0.001105	0.001537	0.001537
330	7	7	14	1	P95	1184	-0.001104	-0.001104	0.003052	0.003052
330	7	7	14	1	P99	1184	-0.001104	-0.001104	0.003052	0.003052
330	7	7	14	1	P999	1184	-0.001104	-0.001104	0.003052	0.003052
331	7	623	630	1	P1	1	0.001808	0.001808	0.002183	0.002183
331	7	623	630	1	P50	3	0.002047	0.002034	-0.001347	-0.001360
331	7	623	630	1	P75	4	-0.002951	-0.002951	-0.002614	-0.002614
331	7	623	630	1	P90	4	-0.000891	-0.000912	-0.000553	-0.000575
331	7	623	630	1	P95	4	-0.000217	-0.000217	0.000120	0.000120
331	7	623	630	1	P99	935	0.001602	0.001602	0.001796	0.001796
331	7	623	630	1	P999	1144	-0.000152	-0.000152	0.000036	0.000036
332	7	31	38	1	P1	4	-0.000158	-0.000158	-0.002311	-0.002311
332	7	31	38	1	P50	6	-0.002104	-0.166630	-0.000528	-0.165312
332	7	31	38	1	P75	13	0.001459	0.001459	0.003036	0.003036
332	7	31	38	1	P90	975	0.001351	0.001351	0.002894	0.002894
332	7	31	38	1	P95	1003	0.002945	0.002945	0.000743	0.000743
332	7	31	38	1	P99	1068	-0.000044	-0.000044	0.001497	0.001497
332	7	31	38	1	P999	1068	-0.000044	-0.000044	0.001497	0.001497
333	31	7	38	1	P1	875	0.002289	0.002289	0.002706	0.002706
333	31	7	38	1	P50	4695	0.000792	-0.025058	0.001019	-0.021182
333	31	7	38	1	P75	5163	0.002974	0.002974	0.003191	0.003191
333	31	7	38	1	P90	5584	-0.000650	-0.000650	0.001428	0.001428
333	31	7	38	1	P95	5745	0.000833	0.000833	0.001037	0.001037
333	31	7	38	1	P99	10339	0.000166	0.000166	0.000304	0.000304
333	31	7	38	1	P999	10339	0.000166	0.000166	0.000304	0.000304
334	7	7	14	1	P1	877	0.000351	0.000351	0.000420	0.000420
334	7	7	14	1	P50	912	-0.000768	-0.002013	0.001159	-0.000088
334	7	7	14	1	P75	944	-0.000356	-0.000356	0.000314	0.000314
334	7	7	14	1	P90	989	0.001684	0.001684	0.003591	0.003591
334	7	7	14	1	P95	1034	-0.001682	-0.001682	0.000207	0.000207
334	7	7	14	1	P99	1034	-0.001682	-0.001682	0.000207	0.000207
334	7	7	14	1	P999	1034	-0.001682	-0.001682	0.000207	0.000207
335	7	7	14	1	P1	883	0.001633	0.001633	0.001078	0.001078
335	7	7	14	1	P50	903	0.001669	-0.000202	0.001108	-0.002627
335	7	7	14	1	P75	928	0.000531	0.000531	0.003709	0.003709
335	7	7	14	1	P90	1049	0.001352	0.001352	0.000756	0.000756
335	7	7	14	1	P95	1096	-0.001350	-0.001350	0.001783	0.001783
335	7	7	14	1	P99	1096	-0.001350	-0.001350	0.001783	0.001783
335	7	7	14	1	P999	1096	-0.001350	-0.001350	0.001783	0.001783
336	7	7	14	1	P1	883	0.003092	0.003092	0.001078	0.001078
336	7	7	14	1	P50	923	0.003649	-0.014936	0.001630	-0.013235
336	7	7	14	1	P75	956	0.002161	0.002161	0.000142	0.000142
336	7	7	14	1	P90	973	-0.000514	-0.000514	0.001206	0.001206
336	7	7	14	1	P95	1015	0.002088	0.002088	0.000063	0.000063
336	7	7	14	1	P99	1015	0.002088	0.002088	0.000063	0.000063
336	7	7	14	1	P999	1015	0.002088	0.002088	0.000063	0.000063
337	7	7	14	1	P1	887	0.002245	0.002245	0.000296	0.000296
337	7	7	14	1	P50	911	-0.000156	-0.002023	0.001010	-0.000237
337	7	7	14	1	P75	916	0.001849	0.001849	0.001767	0.001767
337	7	7	14	1	P90	970	0.000643	0.000643	0.000556	0.000556
337	7	7	14	1	P95	997	-0.000643	-0.000643	0.003009	0.003009
337	7	7	14	1	P99	997	-0.000643	-0.000643	0.003009	0.003009
337	7	7	14	1	P999	997	-0.000643	-0.000643	0.003009	0.003009
338	7	7	14	1	P1	875	0.002340	0.002340	0.002706	0.002706
338	7	7	14	1	P50	903	0.000745	-0.001124	0.001108	-0.002627
338	7	7	14	1	P75	950	0.002344	0.002344	0.002703	0.002703
338	7	7	14	1	P90	977	0.000485	0.000485	0.000841	0.000841
338	7	7	14	1	P95	1019	-0.000485	-0.000485	0.003613	0.003613
338	7	7	14	1	P99	1019	-0.000485	-0.000485	0.003613	0.003613
338	7	7	14	1	P999	1019	-0.000485	-0.000485	0.003613	0.003613
339	7	7	14	1	P1	884	0.001369	0.001369	0.003690	0.003690
339	7	7	14	1	P50	915	0.004294	-0.003187	0.002862	-0.000880
339	7	7	14	1	P75	946	0.000874	0.000874	0.003186	0.003186
339	7	7	14	1	P90	964	0.000718	0.000718	0.003027	0.003027
339	7	7	14	1	P95	969	-0.000717	-0.000717	0.001588	0.001588
339	7	7	14	1	P99	969	-0.000717	-0.000717	0.001588	0.001588
339	7	7	14	1	P999	969	-0.000717	-0.000717	0.001588	0.001588
340	7	623	630	1	P1	1	0.003238	0.003238	0.002912	0.002912
340	7	623	630	1	P50	3	-0.001966	-0.001980	-0.002448	-0.002462
340	7	623	630	1	P75	3	0.000230	0.000230	-0.000253	-0.000253
340	7	623	630	1	P90	4	-0.000760	-0.000797	-0.001284	-0.001322
340	7	623	630	1	P95	4	0.000411	0.000411	-0.000114	-0.000114
340	7	623	630	1	P99	885	0.000121	0.000121	0.000684	0.000684
340	7	623	630	1	P999	1000	0.001324	0.001324	0.000000	0.000000
341	7	31	38	1	P1	4	-0.001499	-0.001499	-0.002311	-0.002311
341	7	31	38	1	P50	6	0.000378	-0.164590	-0.000528	-0.165312
341	7	31	38	1	P75	8	0.003582	0.003582	0.002607	0.002607
341	7	31	38	1	P90	200	0.000076	0.000076	0.002116	0.002116
341	7	31	38	1	P95	217	0.000750	0.000750	0.002773	0.002773
341	7	31	38	1	P99	246	-0.001303	-0.001303	0.000688	0.000688
341	7	31	38	1	P999	246	-0.001303	-0.001303	0.000688	0.000688
342	31	31	62	1	P1	42	0.000483	0.000483	-0.001575	-0.001575
342	31	31	62	1	P50	3929	-0.000867	-0.945712	0.003453	-0.945642
342	31	31	62	1	P75	4907	0.001188	0.001188	0.001711	0.001711
342	31	31	62	1	P90	5352	0.000374	0.000374	0.000875	0.000875
342	31	31	62	1	P95	5447	0.001475	0.001475	0.001972	0.001972
342	31	31	62	1	P99	7601	0.001019	0.001019	0.001435	0.001435
342	31	31	62	1	P999	7601	0.001019	0.001019	0.001435	0.001435
343	7	7	14	1	P1	93	0.002653	0.002653	0.001551	0.001551
343	7	7	14	1	P50	99	-0.000996	-0.001930	0.001080	0.000332
343	7	7	14	1	P75	101	0.002368	0.002368	0.001264	0.001264
343	7	7	14	1	P90	103	0.001447	0.001447	0.000345	0.000345
343	7	7	14	1	P95	105	0.000906	0.000906	0.003548	0.003548
343	7	7	14	1	P99	105	0.000906	0.000906	0.003548	0.003548
343	7	7	14	1	P999	105	0.000906	0.000906	0.003548	0.003548
344	7	7	14	1	P1	91	0.000580	0.000580	0.000862	0.000862
344	7	7	14	1	P50	100	-0.002144	-0.018789	0.001871	-0.018516
344	7	7	14	1	P75	101	0.000988	0.000988	0.001264	0.001264
344	7	7	14	1	P90	102	0.002352	0.002352	0.002629	0.002629
344	7	7	14	1	P95	108	0.001264	0.001264	0.001537	0.001537
344	7	7	14	1	P99	108	0.001264	0.001264	0.001537	0.001537
344	7	7	14	1	P999	108	0.001264	0.001264	0.001537	0.001537
345	7	7	14	1	P1	92	0.001874	0.001874	0.001147	0.001147
345	7	7	14	1	P50	100	-0.001759	-0.010428	0.001247	-0.007448
345	7	7	14	1	P75	101	0.001998	0.001998	0.001264	0.001264
345	7	7	14	1	P90	103	0.001079	0.001079	0.000345	0.000345
345	7	7	14	1	P95	107	0.004108	0.004108	0.003368	0.003368
345	7	7	14	1	P99	107	0.004108	0.004108	0.003368	0.003368
345	7	7	14	1	P999	107	0.004108	0.004108	0.003368	0.003368
346	7	7	14	1	P1	94	0.001306	0.001306	0.002070	0.002070
346	7	7	14	1	P50	99	0.001820	0.000884	0.002578	0.001641
346	7	7	14	1	P75	106	0.000791	0.000791	0.001540	0.001540
346	7	7	14	1	P90	108	0.000792	0.000792	0.001537	0.001537
346	7	7	14	1	P95	111	0.003305	0.003305	0.000303	0.000303
346	7	7	14	1	P99	111	0.003305	0.003305	0.000303	0.000303
346	7	7	14	1	P999	111	0.003305	0.003305	0.000303	0.000303
347	7	7	14	1	P1	92	0.003849	0.003849	0.001147	0.001147
347	7	7	14	1	P50	100	-0.001028	-0.002272	0.003745	0.002495
347	7	7	14	1	P75	102	0.001602	0.001602	0.002629	0.002629
347	7	7	14	1	P90	103	-0.000678	-0.000678	-0.000901	-0.000901
347	7	7	14	1	P95	103	0.003065	0.003065	0.000345	0.000345
347	7	7	14	1	P99	103	0.003065	0.003065	0.000345	0.000345
347	7	7	14	1	P999	103	0.003065	0.003065	0.000345	0.000345
348	623	7	630	1	P1	1	0.003659	0.003659	0.003276	0.003276
348	623	7	630	1	P50	3	-0.001275	-0.001290	-0.001826	-0.001841
348	623	7	630	1	P75	4	-0.002358	-0.002358	-0.002954	-0.002954
348	623	7	630	1	P90	4	-0.000070	-0.000094	-0.000667	-0.000692
348	623	7	630	1	P95	4	0.000678	0.000678	0.000080	0.000080
348	623	7	630	1	P99	145	0.003399	0.003399	0.002235	0.002235
348	623	7	630	1	P999	167	0.000460	0.000460	0.003020	0.003020
349	31	31	62	1	P1	4	0.002389	0.002389	0.000490	0.000490
349	31	31	62	1	P50	3160	0.002671	-0.992397	0.000721	-0.992383
349	31	31	62	1	P75	4988	0.002241	0.002241	0.000289	0.000289
349	31	31	62	1	P90	5347	0.000022	0.000022	0.001811	0.001811
349	31	31	62	1	P95	5624	0.001848	0.001848	0.003640	0.003640
349	31	31	62	1	P99	7869	0.002381	0.002381	0.000425	0.000425
349	31	31	62	1	P999	7869	0.002381	0.002381	0.000425	0.000425
350	31	7	38	1	P1	43	0.000960	0.000960	0.002933	0.002933
350	31	7	38	1	P50	50	0.003409	0.001536	0.001625	-0.000245
350	31	7	38	1	P75	54	0.001208	0.001208	0.003165	0.003165
350	31	7	38	1	P90	102	0.000716	0.000716	0.002629	0.002629
350	31	7	38	1	P95	103	0.002177	0.002177	0.000345	0.000345
350	31	7	38	1	P99	104	-0.000011	-0.000011	0.001899	0.001899
350	31	7	38	1	P999	104	-0.000011	-0.000011	0.001899	0.001899
351	7	7	14	1	P1	94	-0.000724	-0.000724	0.000199	0.000199
351	7	7	14	1	P50	99	0.003541	-0.011356	0.002578	-0.008602
351	7	7	14	1	P75	101	-0.003374	-0.003374	-0.000605	-0.000605
351	7	7	14	1	P90	105	0.004528	0.004528	0.003548	0.003548
351	7	7	14	1	P95	106	0.002520	0.002520	0.001540	0.001540
351	7	7	14	1	P99	106	0.002520	0.002520	0.001540	0.001540
351	7	7	14	1	P999	106	0.002520	0.002520	0.001540	0.001540
352	7	7	14	1	P1	91	0.000094	0.000094	0.000862	0.000862
352	7	7	14	1	P50	99	0.001820	-0.009353	0.002578	-0.008602
352	7	7	14	1	P75	100	0.002988	0.002988	0.003745	0.003745
352	7	7	14	1	P90	105	0.002797	0.002797	0.003548	0.003548
352	7	7	14	1	P95	106	0.000791	0.000791	0.001540	0.001540
352	7	7	14	1	P99	106	0.000791	0.000791	0.001540	0.001540
352	7	7	14	1	P999	106	0.000791	0.000791	0.001540	0.001540
353	7	7	14	0	P1	93	-0.001808	-0.001808	-0.001253	-0.001253
353	7	7	14	0	P50	99	0.002021	-0.020202	0.002578	-0.019658
353	7	7	14	0	P75	100	0.003188	0.003188	0.003745	0.003745
353	7	7	14	0	P90	102	0.002072	0.002072	0.002629	0.002629
353	7	7	14	0	P95	109	0.002982	0.002982	0.003540	0.003540
353	7	7	14	0	P99	109	0.002982	0.002982	0.003540	0.003540
353	7	7	14	0	P999	109	0.002982	0.002982	0.003540	0.003540
354	7	7	14	1	P1	97	0.000831	0.000831	0.000556	0.000556
354	7	7	14	1	P50	99	0.002857	0.001608	0.002578	0.001329
354	7	7	14	1	P75	101	0.001546	0.001546	0.001264	0.001264
354	7	7	14	1	P90	106	-0.000043	-0.000043	-0.000330	-0.000330
354	7	7	14	1	P95	106	0.001828	0.001828	0.001540	0.001540
354	7	7	14	1	P99	106	0.001828	0.001828	0.001540	0.001540
354	7	7	14	1	P999	106	0.001828	0.001828	0.001540	0.001540
355	7	7	14	1	P1	92	0.004954	0.004954	0.001147	0.001147
355	7	7	14	1	P50	96	-0.000228	-0.002095	0.002199	0.000951
355	7	7	14	1	P75	99	0.002655	0.002655	0.002578	0.002578
355	7	7	14	1	P90	104	0.001989	0.001989	0.001899	0.001899
355	7	7	14	1	P95	105	-0.000104	-0.000104	0.003548	0.003548
355	7	7	14	1	P99	105	-0.000104	-0.000104	0.003548	0.003548
355	7	7	14	1	P999	105	-0.000104	-0.000104	0.003548	0.003548
356	623	7	630	1	P1	1	0.002269	0.002269	0.002015	0.002015
356	623	7	630	1	P50	3	-0.002812	-0.002826	-0.003206	-0.003220
356	623	7	630	1	P75	3	-0.000666	-0.000666	-0.001061	-0.001061
356	623	7	630	1	P90	3	0.000635	0.000621	0.000239	0.000226
356	623	7	630	1	P95	4	-0.000611	-0.000611	-0.001043	-0.001043
356	623	7	630	1	P99	1041	0.000219	0.000219	-0.000933	-0.000933
356	623	7	630	1	P999	1156	0.001982	0.001982	0.000815	0.000815
357	31	31	62	1	P1	5	0.000584	0.000584	0.001625	0.001625
357	31	31	62	1	P50	4302	0.002083	-0.996510	0.002466	-0.996506
357	31	31	62	1	P75	4941	0.001913	0.001913	0.002283	0.002283
357	31	31	62	1	P90	5298	-0.000560	-0.000560	0.001672	0.001672
357	31	31	62	1	P95	5657	0.001166	0.001166	0.001522	0.001522
357	31	31	62	1	P99	8261	0.000084	0.000084	0.000403	0.000403
357	31	31	62	1	P999	8261	0.000084	0.000084	0.000403	0.000403
358	7	7	14	1	P1	910	0.001661	0.001661	0.000862	0.000862
358	7	7	14	1	P50	957	0.002401	0.001152	0.001590	0.000342
358	7	7	14	1	P75	972	-0.000692	-0.000692	0.002236	0.002236
358	7	7	14	1	P90	1026	0.001324	0.001324	0.000498	0.000498
358	7	7	14	1	P95	1084	-0.001322	-0.001322	0.001579	0.001579
358	7	7	14	1	P99	1084	-0.001322	-0.001322	0.001579	0.001579
358	7	7	14	1	P999	1084	-0.001322	-0.001322	0.001579	0.001579
359	7	7	14	1	P1	901	0.003230	0.003230	0.003331	0.003331
359	7	7	14	1	P50	935	0.003575	-0.003901	0.003670	-0.003805
359	7	7	14	1	P75	956	0.001921	0.001921	0.000142	0.000142
359	7	7	14	1	P90	999	0.000916	0.000916	0.001001	0.001001
359	7	7	14	1	P95	1103	-0.000915	-0.000915	0.002895	0.002895
359	7	7	14	1	P99	1103	-0.000915	-0.000915	0.002895	0.002895
359	7	7	14	1	P999	1103	-0.000915	-0.000915	0.002895	0.002895
360	7	7	14	1	P1	905	0.002027	0.002027	0.002637	0.002637
360	7	7	14	1	P50	937	0.000924	-0.000946	0.001528	-0.000342
360	7	7	14	1	P75	970	0.003703	0.003703	0.000556	0.000556
360	7	7	14	1	P90	1007	-0.000092	-0.000092	0.000500	0.000500
360	7	7	14	1	P95	1023	-0.000901	-0.000901	0.003432	0.003432
360	7	7	14	1	P99	1023	-0.000901	-0.000901	0.003432	0.003432
360	7	7	14	1	P999	1023	-0.000901	-0.000901	0.003432	0.003432
361	7	7	14	0	P1	907	0.001295	0.001295	0.000426	0.000426
361	7	7	14	0	P50	933	0.001067	-0.000802	0.002069	0.000198
361	7	7	14	0	P75	984	-0.001691	-0.001691	-0.000691	-0.000691
361	7	7	14	0	P90	999	-0.001867	-0.001867	-0.000868	-0.000868
361	7	7	14	0	P95	999	-0.000000	-0.000000	0.001001	0.001001
361	7	7	14	0	P99	999	-0.000000	-0.000000	0.001001	0.001001
361	7	7	14	0	P999	999	-0.000000	-0.000000	0.001001	0.001001
362	7	7	14	1	P1	906	-0.000229	-0.000229	0.001530	0.001530
362	7	7	14	1	P50	933	0.002186	0.000314	0.002069	0.000198
362	7	7	14	1	P75	956	0.000262	0.000262	0.000142	0.000142
362	7	7	14	1	P90	1018	-0.000888	-0.000888	0.000850	0.000850
362	7	7	14	1	P95	1020	-0.000981	-0.000981	0.002629	0.002629
362	7	7	14	1	P99	1020	-0.000981	-0.000981	0.002629	0.002629
362	7	7	14	1	P999	1020	-0.000981	-0.000981	0.002629	0.002629
363	7	7	14	1	P1	908	-0.000337	-0.000337	0.001194	0.001194
363	7	7	14	1	P50	938	0.002672	-0.008509	0.000460	-0.010696
363	7	7	14	1	P75	956	0.001105	0.001105	0.000142	0.000142
363	7	7	14	1	P90	991	0.000035	0.000035	0.001566	0.001566
363	7	7	14	1	P95	1006	-0.000035	-0.000035	0.001495	0.001495
363	7	7	14	1	P99	1006	-0.000035	-0.000035	0.001495	0.001495
363	7	7	14	1	P999	1006	-0.000035	-0.000035	0.001495	0.001495
364	7	7	14	1	P1	915	0.000715	0.000715	0.002862	0.002862
364	7	7	14	1	P50	932	0.000997	-0.002738	0.003144	-0.000599
364	7	7	14	1	P75	947	-0.000018	-0.000018	0.002127	0.002127
364	7	7	14	1	P90	994	0.000139	0.000139	0.002283	0.002283
364	7	7	14	1	P95	998	-0.000139	-0.000139	0.002004	0.002004
364	7	7	14	1	P99	998	-0.000139	-0.000139	0.002004	0.002004
364	7	7	14	1	P999	998	-0.000139	-0.000139	0.002004	0.002004
365	623	7	630	1	P1	1	0.003291	0.003291	0.003276	0.003276
365	623	7	630	1	P50	3	-0.001657	-0.001669	-0.001757	-0.001770
365	623	7	630	1	P75	3	0.000311	0.000311	0.000211	0.000211
365	623	7	630	1	P90	4	-0.000710	-0.000739	-0.000832	-0.000861
365	623	7	630	1	P95	4	0.000181	0.000181	0.000059	0.000059
365	623	7	630	1	P99	1277	0.000896	0.000896	0.000323	0.000323
365	623	7	630	1	P999	1355	-0.000449	-0.000449	0.002715	0.002715
366	31	31	62	1	P1	4	-0.000564	-0.000564	-0.002311	-0.002311
366	31	31	62	1	P50	2868	-0.000699	-0.991622	0.000491	-0.991607
366	31	31	62	1	P75	4778	0.001057	0.001057	0.002187	0.002187
366	31	31	62	1	P90	5374	-0.000603	-0.000603	0.000511	0.000511
366	31	31	62	1	P95	5616	0.000211	0.000211	0.001320	0.001320
366	31	31	62	1	P99	9871	0.000731	0.000731	0.001772	0.001772
366	31	31	62	1	P999	9871	0.000731	0.000731	0.001772	0.001772
367	7	7	14	1	P1	1041	0.001763	0.001763	0.000936	0.000936
367	7	7	14	1	P50	1101	0.001810	-0.009364	0.000969	-0.010193
367	7	7	14	1	P75	1178	0.001511	0.001511	0.000652	0.000652
367	7	7	14	1	P90	1202	0.000036	0.000036	0.002916	0.002916
367	7	7	14	1	P95	1222	-0.001509	-0.001509	0.001362	0.001362
367	7	7	14	1	P99	1222	-0.001509	-0.001509	0.001362	0.001362
367	7	7	14	1	P999	1222	-0.001509	-0.001509	0.001362	0.001362
368	7	7	14	1	P1	1041	0.002750	0.002750	0.000936	0.000936
368	7	7	14	1	P50	1081	-0.000064	-0.001309	0.000611	-0.003122
368	7	7	14	1	P75	1107	0.001094	0.001094	0.003014	0.003014
368	7	7	14	1	P90	1116	0.000474	0.000474	0.002391	0.002391
368	7	7	14	1	P95	1156	-0.001093	-0.001093	0.000815	0.000815
368	7	7	14	1	P99	1156	-0.001093	-0.001093	0.000815	0.000815
368	7	7	14	1	P999	1156	-0.001093	-0.001093	0.000815	0.000815
369	7	7	14	1	P1	1054	0.001178	0.001178	0.003483	0.003483
369	7	7	14	1	P50	1079	0.003916	0.000169	0.002466	0.001217
369	7	7	14	1	P75	1145	0.000625	0.000625	0.001032	0.001032
369	7	7	14	1	P90	1160	0.002569	0.002569	0.001099	0.001099
369	7	7	14	1	P95	1187	-0.001746	-0.001746	0.000517	0.000517
369	7	7	14	1	P99	1187	-0.001746	-0.001746	0.000517	0.000517
369	7	7	14	1	P999	1187	-0.001746	-0.001746	0.000517	0.000517
370	7	7	14	1	P1	1066	0.001004	0.001004	0.003376	0.003376
370	7	7	14	1	P50	1110	0.001677	-0.005784	0.000303	-0.007147
370	7	7	14	1	P75	1125	0.003210	0.003210	0.001833	0.001833
370	7	7	14	1	P90	1218	0.000409	0.000409	0.000902	0.000902
370	7	7	14	1	P95	1221	-0.000182	-0.000182	0.002182	0.002182
370	7	7	14	1	P99	1221	-0.000182	-0.000182	0.002182	0.002182
370	7	7	14	1	P999	1221	-0.000182	-0.000182	0.002182	0.002182
371	7	7	14	1	P1	1062	0.000576	0.000576	0.003397	0.003397
371	7	7	14	1	P50	1125	0.002761	-0.015807	0.001833	-0.016717
371	7	7	14	1	P75	1158	0.001884	0.001884	0.002828	0.002828
371	7	7	14	1	P90	1198	-0.000303	-0.000303	0.002510	0.002510
371	7	7	14	1	P95	1236	0.002116	0.002116	0.001184	0.001184
371	7	7	14	1	P99	1236	0.002116	0.002116	0.001184	0.001184
371	7	7	14	1	P999	1236	0.002116	0.002116	0.001184	0.001184
372	7	7	14	1	P1	1067	0.003269	0.003269	0.002435	0.002435
372	7	7	14	1	P50	1093	0.001618	-0.002119	0.000785	-0.002949
372	7	7	14	1	P75	1127	0.000889	0.000889	0.000056	0.000056
372	7	7	14	1	P90	1162	0.000210	0.000210	0.003119	0.003119
372	7	7	14	1	P95	1180	-0.000210	-0.000210	0.002698	0.002698
372	7	7	14	1	P99	1180	-0.000210	-0.000210	0.002698	0.002698
372	7	7	14	1	P999	1180	-0.000210	-0.000210	0.002698	0.002698
373	7	7	14	1	P1	1055	-0.000723	-0.000723	0.002532	0.002532
373	7	7	14	1	P50	1084	0.002071	-0.005394	0.001579	-0.002158
373	7	7	14	1	P75	1119	0.003947	0.003947	0.003447	0.003447
373	7	7	14	1	P90	1152	0.001046	0.001046	0.000543	0.000543
373	7	7	14	1	P95	1221	-0.001045	-0.001045	0.002182	0.002182
373	7	7	14	1	P99	1221	-0.001045	-0.001045	0.002182	0.002182
373	7	7	14	1	P999	1221	-0.001045	-0.001045	0.002182	0.002182
374	623	7	630	1	P1	1	0.002126	0.002126	0.003276	0.003276
374	623	7	630	1	P50	3	0.000272	0.000258	-0.002525	-0.002539
374	623	7	630	1	P75	3	0.002386	0.002386	-0.000418	-0.000418
374	623	7	630	1	P90	4	0.001222	0.001179	-0.001633	-0.001675
374	623	7	630	1	P95	4	0.002541	0.002541	-0.000317	-0.000317
374	623	7	630	1	P99	134	0.002420	0.002420	0.002633	0.002633
374	623	7	630	1	P999	148	0.000250	0.000250	0.000444	0.000444
375	31	31	62	1	P1	4	0.001769	0.001769	0.000490	0.000490
375	31	31	62	1	P50	4264	0.001599	-0.996007	0.000122	-0.996012
375	31	31	62	1	P75	4870	0.003287	0.003287	0.001804	0.001804
375	31	31	62	1	P90	5190	0.003194	0.003194	0.001709	0.001709
375	31	31	62	1	P95	5296	0.001663	0.001663	0.000180	0.000180
375	31	31	62	1	P99	8893	0.002944	0.002944	0.001445	0.001445
375	31	31	62	1	P999	8893	0.002944	0.002944	0.001445	0.001445
376	31	7	38	1	P1	42	0.002365	0.002365	0.000293	0.000293
376	31	7	38	1	P50	47	0.000791	-0.000456	0.002449	0.001201
376	31	7	38	1	P75	57	0.003537	0.003537	0.001426	0.001426
376	31	7	38	1	P90	114	0.001993	0.001993	0.003545	0.003545
376	31	7	38	1	P95	115	0.004483	0.004483	0.002283	0.002283
376	31	7	38	1	P99	120	-0.000703	-0.000703	0.000839	0.000839
376	31	7	38	1	P999	120	-0.000703	-0.000703	0.000839	0.000839
377	7	7	14	0	P1	108	0.000857	0.000857	-0.000333	-0.000333
377	7	7	14	0	P50	112	-0.000000	-0.001245	0.002551	0.001303
377	7	7	14	0	P75	116	0.002291	0.002291	0.001099	0.001099
377	7	7	14	0	P90	119	0.001052	0.001052	-0.000138	-0.000138
377	7	7	14	0	P95	119	0.002925	0.002925	0.001732	0.001732
377	7	7	14	0	P99	119	0.002925	0.002925	0.001732	0.001732
377	7	7	14	0	P999	119	0.002925	0.002925	0.001732	0.001732
378	7	7	14	1	P1	108	-0.001875	-0.001875	-0.000955	-0.000955
378	7	7	14	1	P50	112	0.001633	-0.009538	0.002551	-0.008628
378	7	7	14	1	P75	115	0.001367	0.001367	0.002283	0.002283
378	7	7	14	1	P90	117	0.002820	0.002820	0.003736	0.003736
378	7	7	14	1	P95	177	0.003806	0.003806	0.000929	0.000929
378	7	7	14	1	P99	177	0.003806	0.003806	0.000929	0.000929
378	7	7	14	1	P999	177	0.003806	0.003806	0.000929	0.000929
379	7	7	14	1	P1	108	0.000698	0.000698	-0.000333	-0.000333
379	7	7	14	1	P50	111	0.001339	-0.006120	0.000303	-0.007147
379	7	7	14	1	P75	114	-0.001030	-0.001030	0.001671	0.001671
379	7	7	14	1	P90	118	0.003745	0.003745	0.002698	0.002698
379	7	7	14	1	P95	124	0.002745	0.002745	0.001692	0.001692
379	7	7	14	1	P99	124	0.002745	0.002745	0.001692	0.001692
379	7	7	14	1	P999	124	0.002745	0.002745	0.001692	0.001692
380	7	7	14	1	P1	104	0.003709	0.003709	0.001899	0.001899
380	7	7	14	1	P50	111	-0.004097	-0.005338	-0.002187	-0.007147
380	7	7	14	1	P75	112	0.002508	0.002508	0.000679	0.000679
380	7	7	14	1	P90	114	0.001632	0.001632	0.003545	0.003545
380	7	7	14	1	P95	115	0.000375	0.000375	0.002283	0.002283
380	7	7	14	1	P99	115	0.000375	0.000375	0.002283	0.002283
380	7	7	14	1	P999	115	0.000375	0.000375	0.002283	0.002283
381	7	7	14	1	P1	107	0.002699	0.002699	0.003368	0.003368
381	7	7	14	1	P50	111	-0.000359	-0.007806	-0.002187	-0.007147
381	7	7	14	1	P75	113	0.004223	0.004223	0.001136	0.001136
381	7	7	14	1	P90	115	0.001625	0.001625	0.002283	0.002283
381	7	7	14	1	P95	119	0.001080	0.001080	0.001732	0.001732
381	7	7	14	1	P99	119	0.001080	0.001080	0.001732	0.001732
381	7	7	14	1	P999	119	0.001080	0.001080	0.001732	0.001732
382	7	7	14	0	P1	107	0.001487	0.001487	0.003368	0.003368
382	7	7	14	0	P50	110	-0.000000	-0.000934	0.001879	0.000943
382	7	7	14	0	P75	113	0.003001	0.003001	0.001136	0.001136
382	7	7	14	0	P90	115	0.000404	0.000404	0.002283	0.002283
382	7	7	14	0	P95	116	0.002964	0.002964	0.001099	0.001099
382	7	7	14	0	P99	116	0.002964	0.002964	0.001099	0.001099
382	7	7	14	0	P999	116	0.002964	0.002964	0.001099	0.001099
383	7	623	630	1	P1	2	-0.001153	-0.001153	-0.001586	-0.001586
383	7	623	630	1	P50	3	-0.002803	-0.002816	-0.003294	-0.003307
383	7	623	630	1	P75	3	-0.000797	-0.000797	-0.001289	-0.001289
383	7	623	630	1	P90	3	0.000419	0.000407	-0.000074	-0.000086
383	7	623	630	1	P95	3	0.000816	0.000816	0.000323	0.000323
383	7	623	630	1	P99	110	-0.000841	-0.000841	0.001879	0.001879
383	7	623	630	1	P999	145	0.003298	0.003298	0.002235	0.002235
384	7	31	38	1	P1	5	0.000457	0.000457	-0.001845	-0.001845
384	7	31	38	1	P50	6	0.000529	-0.000006	0.001931	0.001396
384	7	31	38	1	P75	13	0.001775	0.001775	0.003036	0.003036
384	7	31	38	1	P90	147	-0.001062	-0.001062	0.003492	0.003492
384	7	31	38	1	P95	155	0.002027	0.002027	0.002829	0.002829
384	7	31	38	1	P99	158	0.001549	0.001549	0.002347	0.002347
384	7	31	38	1	P999	158	0.001549	0.001549	0.002347	0.002347
385	31	31	62	1	P1	43	-0.001240	-0.001240	0.001060	0.001060
385	31	31	62	1	P50	3395	0.001811	-0.964304	0.000010	-0.964359
385	31	31	62	1	P75	4948	0.002698	0.002698	0.000865	0.000865
385	31	31	62	1	P90	5402	0.000890	0.000890	0.002794	0.002794
385	31	31	62	1	P95	5570	0.000170	0.000170	0.002070	0.002070
385	31	31	62	1	P99	9677	0.001077	0.001077	0.002934	0.002934
385	31	31	62	1	P999	9677	0.001077	0.001077	0.002934	0.002934
386	7	7	14	1	P1	123	0.000316	0.000316	0.000443	0.000443
386	7	7	14	1	P50	128	0.000972	-0.000275	0.001716	0.000780
386	7	7	14	1	P75	130	-0.000824	-0.000824	0.003036	0.003036
386	7	7	14	1	P90	132	0.002605	0.002605	0.002719	0.002719
386	7	7	14	1	P95	135	0.002563	0.002563	0.002674	0.002674
386	7	7	14	1	P99	135	0.002563	0.002563	0.002674	0.002674
386	7	7	14	1	P999	135	0.002563	0.002563	0.002674	0.002674
387	7	7	14	1	P1	124	-0.000797	-0.000797	-0.000179	-0.000179
387	7	7	14	1	P50	128	0.001103	-0.000767	0.002340	0.001092
387	7	7	14	1	P75	130	0.002425	0.002425	0.003036	0.003036
387	7	7	14	1	P90	134	0.000780	0.000780	0.001384	0.001384
387	7	7	14	1	P95	134	0.002028	0.002028	0.002633	0.002633
387	7	7	14	1	P99	134	0.002028	0.002028	0.002633	0.002633
387	7	7	14	1	P999	134	0.002028	0.002028	0.002633	0.002633
388	7	7	14	1	P1	125	-0.000306	-0.000306	-0.000734	-0.000734
388	7	7	14	1	P50	129	0.003715	-0.000030	0.003283	0.001409
388	7	7	14	1	P75	130	0.003468	0.003468	0.003036	0.003036
388	7	7	14	1	P90	134	0.003067	0.003067	0.002633	0.002633
388	7	7	14	1	P95	135	0.003108	0.003108	0.002674	0.002674
388	7	7	14	1	P99	135	0.003108	0.003108	0.002674	0.002674
388	7	7	14	1	P999	135	0.003108	0.003108	0.002674	0.002674
389	7	7	14	1	P1	122	-0.000620	-0.000620	0.003004	0.003004
389	7	7	14	1	P50	128	0.003716	-0.003760	0.003590	-0.007601
389	7	7	14	1	P75	132	0.002849	0.002849	0.002719	0.002719
389	7	7	14	1	P90	133	0.002779	0.002779	0.002648	0.002648
389	7	7	14	1	P95	134	0.002765	0.002765	0.002633	0.002633
389	7	7	14	1	P99	134	0.002765	0.002765	0.002633	0.002633
389	7	7	14	1	P999	134	0.002765	0.002765	0.002633	0.002633
390	7	7	14	1	P1	123	0.003215	0.003215	0.002314	0.002314
390	7	7	14	1	P50	128	0.000745	-0.000190	0.003590	0.002652
390	7	7	14	1	P75	131	0.003751	0.003751	0.002848	0.002848
390	7	7	14	1	P90	133	-0.002060	-0.002060	0.000776	0.000776
390	7	7	14	1	P95	133	-0.000193	-0.000193	0.002648	0.002648
390	7	7	14	1	P99	133	-0.000193	-0.000193	0.002648	0.002648
390	7	7	14	1	P999	133	-0.000193	-0.000193	0.002648	0.002648
391	7	7	14	1	P1	123	0.002744	0.002744	0.002314	0.002314
391	7	7	14	1	P50	128	-0.001592	-0.007175	0.001716	-0.007601
391	7	7	14	1	P75	129	-0.000030	-0.000030	0.003283	0.003283
391	7	7	14	1	P90	137	0.003355	0.003355	0.002920	0.002920
391	7	7	14	1	P95	147	0.003931	0.003931	0.003492	0.003492
391	7	7	14	1	P99	147	0.003931	0.003931	0.003492	0.003492
391	7	7	14	1	P999	147	0.003931	0.003931	0.003492	0.003492
392	7	7	14	1	P1	122	0.003248	0.003248	0.003004	0.003004
392	7	7	14	1	P50	129	0.003531	-0.003944	0.003283	-0.004190
392	7	7	14	1	P75	131	0.000289	0.000289	0.000041	0.000041
392	7	7	14	1	P90	131	0.002161	0.002161	0.001911	0.001911
392	7	7	14	1	P95	131	0.003098	0.003098	0.002848	0.002848
392	7	7	14	1	P99	131	0.003098	0.003098	0.002848	0.002848
392	7	7	14	1	P999	131	0.003098	0.003098	0.002848	0.002848
393	7	7	14	1	P1	121	0.004004	0.004004	0.000016	0.000016
393	7	7	14	1	P50	128	0.003838	0.000092	0.003590	0.001716
393	7	7	14	1	P75	129	0.003531	0.003531	0.003283	0.003283
393	7	7	14	1	P90	138	-0.000366	-0.000366	0.001251	0.001251
393	7	7	14	1	P95	138	0.003378	0.003378	0.003124	0.003124
393	7	7	14	1	P99	138	0.003378	0.003378	0.003124	0.003124
393	7	7	14	1	P999	138	0.003378	0.003378	0.003124	0.003124
394	7	7	14	1	P1	124	0.002214	0.002214	0.001692	0.001692
394	7	7	14	1	P50	129	0.000063	-0.007386	0.001409	-0.004190
394	7	7	14	1	P75	130	0.003562	0.003562	0.003036	0.003036
394	7	7	14	1	P90	132	0.001373	0.001373	0.000847	0.000847
394	7	7	14	1	P95	132	0.003246	0.003246	0.002719	0.002719
394	7	7	14	1	P99	132	0.003246	0.003246	0.002719	0.002719
394	7	7	14	1	P999	132	0.003246	0.003246	0.002719	0.002719
395	623	7	630	1	P1	1	0.002109	0.002109	0.002382	0.002382
395	623	7	630	1	P50	3	-0.003476	-0.003489	-0.003223	-0.003237
395	623	7	630	1	P75	3	-0.001377	-0.001377	-0.001124	-0.001124
395	623	7	630	1	P90	3	-0.000106	-0.000119	0.000148	0.000134
395	623	7	630	1	P95	4	-0.001736	-0.001736	-0.001488	-0.001488
395	623	7	630	1	P99	993	0.003134	0.003134	0.003292	0.003292
395	623	7	630	1	P999	1102	-0.000095	-0.000095	0.000060	0.000060
396	31	31	62	1	P1	4	0.000039	0.000039	-0.002000	-0.002000
396	31	31	62	1	P50	3577	-0.000604	-0.996078	0.000121	-0.996072
396	31	31	62	1	P75	4848	0.000042	0.000042	0.000723	0.000723
396	31	31	62	1	P90	5227	0.001411	0.001411	0.002082	0.002082
396	31	31	62	1	P95	5378	0.002843	0.002843	0.003511	0.003511
396	31	31	62	1	P99	9813	-0.000393	-0.000393	0.000187	0.000187
396	31	31	62	1	P999	9813	-0.000393	-0.000393	0.000187	0.000187
397	7	7	14	1	P1	924	0.001003	0.001003	-0.001322	-0.001322
397	7	7	14	1	P50	934	0.000207	-0.003525	-0.000873	-0.002739
397	7	7	14	1	P75	963	0.003281	0.003281	0.000322	0.000322
397	7	7	14	1	P90	1006	0.000715	0.000715	0.001495	0.001495
397	7	7	14	1	P95	1015	-0.000715	-0.000715	0.000063	0.000063
397	7	7	14	1	P99	1015	-0.000715	-0.000715	0.000063	0.000063
397	7	7	14	1	P999	1015	-0.000715	-0.000715	0.000063	0.000063
398	7	7	14	1	P1	915	0.001348	0.001348	0.002862	0.002862
398	7	7	14	1	P50	939	0.001628	-0.002110	0.001264	-0.000605
398	7	7	14	1	P75	947	0.004368	0.004368	0.002127	0.002127
398	7	7	14	1	P90	1005	-0.000875	-0.000875	0.000620	0.000620
398	7	7	14	1	P95	1007	-0.000994	-0.000994	0.000500	0.000500
398	7	7	14	1	P99	1007	-0.000994	-0.000994	0.000500	0.000500
398	7	7	14	1	P999	1007	-0.000994	-0.000994	0.000500	0.000500
399	7	7	14	1	P1	913	0.002421	0.002421	0.001309	0.001309
399	7	7	14	1	P50	932	0.000514	-0.001355	0.001271	-0.000599
399	7	7	14	1	P75	938	0.001575	0.001575	0.000460	0.000460
399	7	7	14	1	P90	1044	-0.000813	-0.000813	0.001798	0.001798
399	7	7	14	1	P95	1705	0.002164	0.002164	0.000964	0.000964
399	7	7	14	1	P99	1705	0.002164	0.002164	0.000964	0.000964
399	7	7	14	1	P999	1705	0.002164	0.002164	0.000964	0.000964
400	7	7	14	1	P1	909	0.000919	0.000919	0.000092	0.000092
400	7	7	14	1	P50	950	0.000421	-0.007032	0.002703	-0.004765
400	7	7	14	1	P75	1004	0.001217	0.001217	0.003490	0.003490
400	7	7	14	1	P90	2408	0.001281	0.001281	0.003368	0.003368
400	7	7	14	1	P95	3864	0.003201	0.003201	0.001441	0.001441
400	7	7	14	1	P99	3864	0.003201	0.003201	0.001441	0.001441
400	7	7	14	1	P999	3864	0.003201	0.003201	0.001441	0.001441
401	7	7	14	1	P1	912	0.003254	0.003254	0.002407	0.002407
401	7	7	14	1	P50	955	0.002038	0.000167	0.001189	-0.000680
401	7	7	14	1	P75	1005	-0.000399	-0.000399	0.002491	0.002491
401	7	7	14	1	P90	1306	0.003038	0.003038	0.002167	0.002167
401	7	7	14	1	P95	3945	0.000329	0.000329	0.003126	0.003126
401	7	7	14	1	P99	3945	0.000329	0.000329	0.003126	0.003126
401	7	7	14	1	P999	3945	0.000329	0.000329	0.003126	0.003126
402	7	7	14	1	P1	921	0.000965	0.000965	0.000060	0.000060
402	7	7	14	1	P50	935	0.000833	-0.001036	0.001796	-0.000075
402	7	7	14	1	P75	1000	0.000918	0.000918	0.000000	0.000000
402	7	7	14	1	P90	1011	0.001194	0.001194	0.000274	0.000274
402	7	7	14	1	P95	1040	-0.000917	-0.000917	0.001899	0.001899
402	7	7	14	1	P99	1040	-0.000917	-0.000917	0.001899	0.001899
402	7	7	14	1	P999	1040	-0.000917	-0.000917	0.001899	0.001899
403	7	7	14	1	P1	918	0.001557	0.001557	0.003328	0.003328
403	7	7	14	1	P50	937	-0.000239	-0.001173	0.001528	0.000281
403	7	7	14	1	P75	943	0.000855	0.000855	0.002623	0.002623
403	7	7	14	1	P90	1009	-0.001373	-0.001373	0.000385	0.000385
403	7	7	14	1	P95	1010	-0.000495	-0.000495	0.001264	0.001264
403	7	7	14	1	P99	1010	-0.000495	-0.000495	0.001264	0.001264
403	7	7	14	1	P999	1010	-0.000495	-0.000495	0.001264	0.001264
404	7	7	14	0	P1	914	0.000665	0.000665	0.000214	0.000214
404	7	7	14	0	P50	933	0.002521	0.000649	0.002069	0.000198
404	7	7	14	0	P75	954	0.000819	0.000819	0.000367	0.000367
404	7	7	14	0	P90	993	-0.001867	-0.001867	0.001419	0.001419
404	7	7	14	0	P95	993	-0.000000	-0.000000	0.003292	0.003292
404	7	7	14	0	P99	993	-0.000000	-0.000000	0.003292	0.003292
404	7	7	14	0	P999	993	-0.000000	-0.000000	0.003292	0.003292
405	7	7	14	1	P1	924	-0.000071	-0.000071	-0.001322	-0.001322
405	7	7	14	1	P50	935	0.003055	-0.000688	0.003670	-0.000075
405	7	7	14	1	P75	979	0.001935	0.001935	0.002537	0.002537
405	7	7	14	1	P90	998	-0.000463	-0.000463	0.002004	0.002004
405	7	7	14	1	P95	1001	-0.001594	-0.001594	0.002742	0.002742
405	7	7	14	1	P99	1001	-0.001594	-0.001594	0.002742	0.002742
405	7	7	14	1	P999	1001	-0.001594	-0.001594	0.002742	0.002742
406	623	7	630	1	P1	1	0.002490	0.002490	0.002183	0.002183
406	623	7	630	1	P50	3	0.002512	0.002499	-0.001734	-0.001747
406	623	7	630	1	P75	4	-0.002634	-0.002634	-0.003190	-0.003190
406	623	7	630	1	P90	4	-0.000118	-0.000145	-0.000676	-0.000703
406	623	7	630	1	P95	4	0.000704	0.000704	0.000145	0.000145
406	623	7	630	1	P99	1083	0.000341	0.000341	0.000631	0.000631
406	623	7	630	1	P999	1174	0.001911	0.001911	0.000316	0.000316
407	31	31	62	1	P1	4	0.000232	0.000232	-0.002000	-0.002000
407	31	31	62	1	P50	3283	0.002297	-0.994809	0.003659	-0.994821
407	31	31	62	1	P75	4958	0.001235	0.001235	0.002587	0.002587
407	31	31	62	1	P90	5606	0.001756	0.001756	0.003106	0.003106
407	31	31	62	1	P95	5724	0.003358	0.003358	0.000961	0.000961
407	31	31	62	1	P99	9312	0.002666	0.002666	0.000260	0.000260
407	31	31	62	1	P999	9312	0.002666	0.002666	0.000260	0.000260
408	7	7	14	1	P1	945	0.000421	0.000421	-0.001367	-0.001367
408	7	7	14	1	P50	965	0.003784	0.000039	0.001987	-0.001751
408	7	7	14	1	P75	977	0.002637	0.002637	0.000841	0.000841
408	7	7	14	1	P90	1055	0.000591	0.000591	0.002532	0.002532
408	7	7	14	1	P95	1134	-0.000591	-0.000591	0.001340	0.001340
408	7	7	14	1	P99	1134	-0.000591	-0.000591	0.001340	0.001340
408	7	7	14	1	P999	1134	-0.000591	-0.000591	0.001340	0.001340
409	7	7	14	1	P1	940	-0.000558	-0.000558	0.000199	0.000199
409	7	7	14	1	P50	961	0.000711	-0.000224	0.001156	-0.000091
409	7	7	14	1	P75	1009	0.001501	0.001501	0.002257	0.002257
409	7	7	14	1	P90	1041	0.000182	0.000182	0.000936	0.000936
409	7	7	14	1	P95	1065	-0.000182	-0.000182	0.000571	0.000571
409	7	7	14	1	P99	1065	-0.000182	-0.000182	0.000571	0.000571
409	7	7	14	1	P999	1065	-0.000182	-0.000182	0.000571	0.000571
410	7	7	14	1	P1	943	-0.000474	-0.000474	0.002623	0.002623
410	7	7	14	1	P50	968	0.002027	0.000778	0.001374	0.000128
410	7	7	14	1	P75	988	0.001516	0.001516	0.000859	0.000859
410	7	7	14	1	P90	1049	0.001428	0.001428	0.000756	0.000756
410	7	7	14	1	P95	1088	-0.001426	-0.001426	0.001633	0.001633
410	7	7	14	1	P99	1088	-0.001426	-0.001426	0.001633	0.001633
410	7	7	14	1	P999	1088	-0.001426	-0.001426	0.001633	0.001633
411	7	7	14	1	P1	940	0.003260	0.003260	0.002070	0.002070
411	7	7	14	1	P50	960	0.000892	-0.002842	0.003448	-0.004025
411	7	7	14	1	P75	975	0.000340	0.000340	0.002894	0.002894
411	7	7	14	1	P90	1047	0.000116	0.000116	0.002668	0.002668
411	7	7	14	1	P95	1067	-0.000116	-0.000116	0.002435	0.002435
411	7	7	14	1	P99	1067	-0.000116	-0.000116	0.002435	0.002435
411	7	7	14	1	P999	1067	-0.000116	-0.000116	0.002435	0.002435
412	7	7	14	1	P1	941	0.002163	0.002163	0.001005	0.001005
412	7	7	14	1	P50	974	0.001340	-0.017204	0.000178	-0.014665
412	7	7	14	1	P75	1010	0.002433	0.002433	0.001264	0.001264
412	7	7	14	1	P90	1023	0.000857	0.000857	0.003432	0.003432
412	7	7	14	1	P95	1048	-0.000856	-0.000856	0.001711	0.001711
412	7	7	14	1	P99	1048	-0.000856	-0.000856	0.001711	0.001711
412	7	7	14	1	P999	1048	-0.000856	-0.000856	0.001711	0.001711
413	7	7	14	1	P1	939	0.004072	0.004072	0.003137	0.003137
413	7	7	14	1	P50	1003	0.005445	-0.009480	0.000743	-0.010417
413	7	7	14	1	P75	2463	0.004413	0.004413	0.003212	0.003212
413	7	7	14	1	P90	4930	-0.001580	-0.001580	0.000771	0.000771
413	7	7	14	1	P95	6901	-0.001399	-0.001399	0.000861	0.000861
413	7	7	14	1	P99	6901	-0.001399	-0.001399	0.000861	0.000861
413	7	7	14	1	P999	6901	-0.001399	-0.001399	0.000861	0.000861
414	7	7	14	1	P1	941	-0.000496	-0.000496	0.001005	0.001005
414	7	7	14	1	P50	1025	0.003734	-0.025842	0.001474	-0.024390
414	7	7	14	1	P75	3728	0.002394	0.002394	0.003636	0.003636
414	7	7	14	1	P90	4280	0.002645	0.002645	0.000115	0.000115
414	7	7	14	1	P95	8803	-0.000673	-0.000673	0.000402	0.000402
414	7	7	14	1	P99	8803	-0.000673	-0.000673	0.000402	0.000402
414	7	7	14	1	P999	8803	-0.000673	-0.000673	0.000402	0.000402
415	623	7	630	1	P1	1	0.002665	0.002665	0.002912	0.002912
415	623	7	630	1	P50	2	0.001493	0.001482	0.001723	0.001712
415	623	7	630	1	P75	3	-0.001581	-0.001581	-0.001360	-0.001360
415	623	7	630	1	P90	3	0.000010	-0.000006	0.000231	0.000215
415	623	7	630	1	P95	4	-0.001376	-0.001376	-0.001161	-0.001161
415	623	7	630	1	P99	1092	0.001611	0.001611	0.001702	0.001702
415	623	7	630	1	P999	1304	-0.000128	-0.000128	0.003704	0.003704
416	31	31	62	1	P1	5	-0.003142	-0.003142	-0.001892	-0.001892
416	31	31	62	1	P50	3935	0.001100	-0.995920	0.001923	-0.995930
416	31	31	62	1	P75	4843	0.002819	0.002819	0.003630	0.003630
416	31	31	62	1	P90	5222	0.002236	0.002236	0.003042	0.003042
416	31	31	62	1	P95	5494	0.000054	0.000054	0.000855	0.000855
416	31	31	62	1	P99	9470	0.001360	0.001360	0.002127	0.002127
416	31	31	62	1	P999	9470	0.001360	0.001360	0.002127	0.002127
417	7	7	14	1	P1	944	0.001283	0.001283	0.001561	0.001561
417	7	7	14	1	P50	1037	0.000784	-0.053793	0.001048	-0.053535
417	7	7	14	1	P75	1217	0.001482	0.001482	0.001725	0.001725
417	7	7	14	1	P90	1859	0.000278	0.000278	0.000463	0.000463
417	7	7	14	1	P95	4875	0.004471	0.004471	0.000776	0.000776
417	7	7	14	1	P99	4875	0.004471	0.004471	0.000776	0.000776
417	7	7	14	1	P999	4875	0.004471	0.004471	0.000776	0.000776
418	7	7	14	1	P1	965	0.000239	0.000239	0.001987	0.001987
418	7	7	14	1	P50	1010	0.001389	-0.020821	0.001264	-0.020942
418	7	7	14	1	P75	1029	0.001442	0.001442	0.001317	0.001317
418	7	7	14	1	P90	2480	0.000220	0.000220	0.000066	0.000066
418	7	7	14	1	P95	4791	0.003386	0.003386	0.003210	0.003210
418	7	7	14	1	P99	4791	0.003386	0.003386	0.003210	0.003210
418	7	7	14	1	P999	4791	0.003386	0.003386	0.003210	0.003210
419	7	7	14	1	P1	951	0.000560	0.000560	0.001649	0.001649
419	7	7	14	1	P50	997	0.000057	-0.022127	0.003009	-0.022895
419	7	7	14	1	P75	1026	0.001295	0.001295	0.000498	0.000498
419	7	7	14	1	P90	1044	-0.001142	-0.001142	0.001798	0.001798
419	7	7	14	1	P95	1136	0.000394	0.000394	0.003321	0.003321
419	7	7	14	1	P99	1136	0.000394	0.000394	0.003321	0.003321
419	7	7	14	1	P999	1136	0.000394	0.000394	0.003321	0.003321
420	7	7	14	1	P1	946	0.002267	0.002267	0.003186	0.003186
420	7	7	14	1	P50	970	0.003385	-0.000359	0.000556	-0.000690
420	7	7	14	1	P75	1009	0.001344	0.001344	0.002257	0.002257
420	7	7	14	1	P90	1025	0.000564	0.000564	0.001474	0.001474
420	7	7	14	1	P95	1030	-0.000564	-0.000564	0.000345	0.000345
420	7	7	14	1	P99	1030	-0.000564	-0.000564	0.000345	0.000345
420	7	7	14	1	P999	1030	-0.000564	-0.000564	0.000345	0.000345
421	7	7	14	1	P1	948	0.000043	0.000043	0.001070	0.001070
421	7	7	14	1	P50	1014	0.000028	-0.011124	0.001049	-0.010113
421	7	7	14	1	P75	1073	-0.000453	-0.000453	0.000563	0.000563
421	7	7	14	1	P90	3129	0.002174	0.002174	0.003108	0.003108
421	7	7	14	1	P95	3599	0.000545	0.000545	0.001466	0.001466
421	7	7	14	1	P99	3599	0.000545	0.000545	0.001466	0.001466
421	7	7	14	1	P999	3599	0.000545	0.000545	0.001466	0.001466
422	7	7	14	1	P1	961	0.000875	0.000875	0.000532	0.000532
422	7	7	14	1	P50	1044	0.002167	-0.014555	0.001798	-0.013070
422	7	7	14	1	P75	3505	0.000633	0.000633	0.001767	0.001767
422	7	7	14	1	P90	4089	-0.000174	-0.000174	0.000912	0.000912
422	7	7	14	1	P95	4241	0.000719	0.000719	0.001794	0.001794
422	7	7	14	1	P99	4241	0.000719	0.000719	0.001794	0.001794
422	7	7	14	1	P999	4241	0.000719	0.000719	0.001794	0.001794
423	7	7	14	1	P1	952	0.001393	0.001393	0.000597	0.000597
423	7	7	14	1	P50	1019	-0.001192	-0.008632	0.003613	-0.007579
423	7	7	14	1	P75	1389	0.003104	0.003104	0.000357	0.000357
423	7	7	14	1	P90	2746	0.001990	0.001990	0.002847	0.002847
423	7	7	14	1	P95	3150	-0.000674	-0.000674	0.000152	0.000152
423	7	7	14	1	P99	3150	-0.000674	-0.000674	0.000152	0.000152
423	7	7	14	1	P999	3150	-0.000674	-0.000674	0.000152	0.000152
424	7	623	630	1	P1	1	0.003432	0.003432	0.003276	0.003276
424	7	623	630	1	P50	3	0.002697	0.002685	-0.001362	-0.001374
424	7	623	630	1	P75	4	-0.002504	-0.002504	-0.002863	-0.002863
424	7	623	630	1	P90	4	-0.000245	-0.000269	-0.000605	-0.000629
424	7	623	630	1	P95	4	0.000493	0.000493	0.000133	0.000133
424	7	623	630	1	P99	957	-0.001603	-0.001603	0.000966	0.000966
424	7	623	630	1	P999	1092	-0.000850	-0.000850	0.001702	0.001702
425	7	31	38	1	P1	4	0.003351	0.003351	0.000490	0.000490
425	7	31	38	1	P50	8	-0.001178	-0.124335	-0.000387	-0.123627
425	7	31	38	1	P75	15	0.001265	0.001265	0.001975	0.001975
425	7	31	38	1	P90	1115	-0.000594	-0.000594	0.003290	0.003290
425	7	31	38	1	P95	1147	0.001019	0.001019	0.001155	0.001155
425	7	31	38	1	P99	1162	-0.000759	-0.000759	0.003119	0.003119
425	7	31	38	1	P999	1162	-0.000759	-0.000759	0.003119	0.003119
426	31	7	38	1	P1	915	0.002160	0.002160	0.002862	0.002862
426	31	7	38	1	P50	4788	-0.000237	-0.002104	0.000094	-0.001774
426	31	7	38	1	P75	5101	-0.000001	-0.000001	0.000315	0.000315
426	31	7	38	1	P90	5293	0.000439	0.000439	0.000747	0.000747
426	31	7	38	1	P95	5499	-0.000354	-0.000354	0.003690	0.003690
426	31	7	38	1	P99	8286	0.000913	0.000913	0.001120	0.001120
426	31	7	38	1	P999	8286	0.000913	0.000913	0.001120	0.001120
427	7	7	14	1	P1	912	-0.000406	-0.000406	0.002407	0.002407
427	7	7	14	1	P50	946	0.004123	0.000376	0.003186	-0.000557
427	7	7	14	1	P75	1761	-0.000436	-0.000436	0.002291	0.002291
427	7	7	14	1	P90	5240	0.000753	0.000753	0.003340	0.003340
427	7	7	14	1	P95	7947	-0.000752	-0.000752	0.001776	0.001776
427	7	7	14	1	P99	7947	-0.000752	-0.000752	0.001776	0.001776
427	7	7	14	1	P999	7947	-0.000752	-0.000752	0.001776	0.001776
428	7	7	14	1	P1	912	0.001611	0.001611	0.002407	0.002407
428	7	7	14	1	P50	933	0.001278	-0.002459	0.002069	-0.001670
428	7	7	14	1	P75	1125	0.001077	0.001077	0.001833	0.001833
428	7	7	14	1	P90	3687	0.002945	0.002945	0.003480	0.003480
428	7	7	14	1	P95	7497	-0.000142	-0.000142	0.000259	0.000259
428	7	7	14	1	P99	7497	-0.000142	-0.000142	0.000259	0.000259
428	7	7	14	1	P999	7497	-0.000142	-0.000142	0.000259	0.000259
429	7	7	14	1	P1	909	0.003515	0.003515	0.001963	0.001963
429	7	7	14	1	P50	966	-0.001227	-0.034276	0.000950	-0.035774
429	7	7	14	1	P75	1018	-0.001315	-0.001315	0.000850	0.000850
429	7	7	14	1	P90	1442	0.001944	0.001944	0.000289	0.000289
429	7	7	14	1	P95	2152	0.001630	0.001630	0.003629	0.003629
429	7	7	14	1	P99	2152	0.001630	0.001630	0.003629	0.003629
429	7	7	14	1	P999	2152	0.001630	0.001630	0.003629	0.003629
430	7	7	14	1	P1	907	0.004236	0.004236	0.000426	0.000426
430	7	7	14	1	P50	981	0.000580	-0.025269	0.000493	-0.028982
430	7	7	14	1	P75	1096	-0.001833	-0.001833	0.001783	0.001783
430	7	7	14	1	P90	6770	0.002041	0.002041	0.001337	0.001337
430	7	7	14	1	P95	7371	-0.000752	-0.000752	0.002259	0.002259
430	7	7	14	1	P99	7371	-0.000752	-0.000752	0.002259	0.002259
430	7	7	14	1	P999	7371	-0.000752	-0.000752	0.002259	0.002259
431	7	7	14	1	P1	916	0.002580	0.002580	0.001767	0.001767
431	7	7	14	1	P50	1062	0.000476	-0.057610	0.003397	-0.058380
431	7	7	14	1	P75	1322	0.002044	0.002044	0.001202	0.001202
431	7	7	14	1	P90	1928	0.002273	0.002273	0.001399	0.001399
431	7	7	14	1	P95	3990	0.003933	0.003933	0.002997	0.002997
431	7	7	14	1	P99	3990	0.003933	0.003933	0.002997	0.002997
431	7	7	14	1	P999	3990	0.003933	0.003933	0.002997	0.002997
432	7	7	14	1	P1	906	0.000231	0.000231	-0.000340	-0.000340
432	7	7	14	1	P50	998	-0.001145	-0.004873	0.002004	-0.005459
432	7	7	14	1	P75	2642	0.004869	0.004869	0.000334	0.000334
432	7	7	14	1	P90	4499	-0.000304	-0.000304	0.002547	0.002547
432	7	7	14	1	P95	5580	0.004958	0.004958	0.000274	0.000274
432	7	7	14	1	P99	5580	0.004958	0.004958	0.000274	0.000274
432	7	7	14	1	P999	5580	0.004958	0.004958	0.000274	0.000274
433	7	7	14	1	P1	902	0.003281	0.003281	0.002218	0.002218
433	7	7	14	1	P50	963	0.001390	-0.009778	0.000322	-0.010833
433	7	7	14	1	P75	993	0.000619	0.000619	0.003292	0.003292
433	7	7	14	1	P90	2606	0.004022	0.004022	0.002844	0.002844
433	7	7	14	1	P95	3984	0.001981	0.001981	0.000760	0.000760
433	7	7	14	1	P99	3984	0.001981	0.001981	0.000760	0.000760
433	7	7	14	1	P999	3984	0.001981	0.001981	0.000760	0.000760
434	623	7	630	1	P1	1	0.001835	0.001835	0.003276	0.003276
434	623	7	630	1	P50	3	0.000703	0.000690	-0.001742	-0.001756
434	623	7	630	1	P75	3	0.002774	0.002774	0.000323	0.000323
434	623	7	630	1	P90	4	0.001687	0.001661	-0.000800	-0.000826
434	623	7	630	1	P95	4	0.002505	0.002505	0.000016	0.000016
434	623	7	630	1	P99	210	0.001195	0.001195	0.001919	0.001919
434	623	7	630	1	P999	1054	-0.000769	-0.000769	0.003483	0.003483
435	31	31	62	1	P1	6	-0.001359	-0.001359	-0.000528	-0.000528
435	31	31	62	1	P50	3947	0.001792	-0.994409	0.002618	-0.994425
435	31	31	62	1	P75	4771	0.002830	0.002830	0.003657	0.003657
435	31	31	62	1	P90	5315	0.003255	0.003255	0.000336	0.000336
435	31	31	62	1	P95	5487	0.001306	0.001306	0.002132	0.002132
435	31	31	62	1	P99	8918	0.001552	0.001552	0.002377	0.002377
435	31	31	62	1	P999	8918	0.001552	0.001552	0.002377	0.002377
436	31	7	38	1	P1	43	0.000877	0.000877	0.002933	0.002933
436	31	7	38	1	P50	47	0.001646	0.000399	0.003699	0.002449
436	31	7	38	1	P75	56	0.002137	0.002137	0.000434	0.000434
436	31	7	38	1	P90	134	0.000640	0.000640	0.002633	0.002633
436	31	7	38	1	P95	141	0.002056	0.002056	0.000303	0.000303
436	31	7	38	1	P99	521	-0.000316	-0.000316	0.001601	0.001601
436	31	7	38	1	P999	521	-0.000316	-0.000316	0.001601	0.001601
437	7	7	14	1	P1	124	-0.001550	-0.001550	0.001692	0.001692
437	7	7	14	1	P50	137	-0.002167	-0.004031	0.001048	-0.004549
437	7	7	14	1	P75	139	0.003909	0.003909	0.003381	0.003381
437	7	7	14	1	P90	316	0.001455	0.001455	0.000721	0.000721
437	7	7	14	1	P95	489	-0.001452	-0.001452	0.001443	0.001443
437	7	7	14	1	P99	489	-0.001452	-0.001452	0.001443	0.001443
437	7	7	14	1	P999	489	-0.001452	-0.001452	0.001443	0.001443
438	7	7	14	1	P1	128	0.002319	0.002319	0.003590	0.003590
438	7	7	14	1	P50	143	0.003647	-0.003828	0.001171	-0.006286
438	7	7	14	1	P75	182	0.001710	0.001710	0.002980	0.002980
438	7	7	14	1	P90	539	0.000011	0.000011	0.001277	0.001277
438	7	7	14	1	P95	633	-0.000011	-0.000011	0.001254	0.001254
438	7	7	14	1	P99	633	-0.000011	-0.000011	0.001254	0.001254
438	7	7	14	1	P999	633	-0.000011	-0.000011	0.001254	0.001254
439	7	7	14	1	P1	133	0.002306	0.002306	0.002648	0.002648
439	7	7	14	1	P50	148	0.000121	-0.014724	0.000444	-0.010712
439	7	7	14	1	P75	425	0.003273	0.003273	0.003416	0.003416
439	7	7	14	1	P90	611	-0.000834	-0.000834	0.002990	0.002990
439	7	7	14	1	P95	632	-0.000979	-0.000979	0.002838	0.002838
439	7	7	14	1	P99	632	-0.000979	-0.000979	0.002838	0.002838
439	7	7	14	1	P999	632	-0.000979	-0.000979	0.002838	0.002838
440	7	7	14	1	P1	131	0.005029	0.005029	0.002848	0.002848
440	7	7	14	1	P50	151	0.005032	-0.009888	0.002808	-0.012074
440	7	7	14	1	P75	285	0.001715	0.001715	0.003053	0.003053
440	7	7	14	1	P90	376	0.001306	0.001306	0.002561	0.002561
440	7	7	14	1	P95	430	0.005470	0.005470	0.002933	0.002933
440	7	7	14	1	P99	430	0.005470	0.005470	0.002933	0.002933
440	7	7	14	1	P999	430	0.005470	0.005470	0.002933	0.002933
441	7	7	14	1	P1	129	0.000797	0.000797	0.003283	0.003283
441	7	7	14	1	P50	141	0.001575	-0.031564	0.000303	-0.032789
441	7	7	14	1	P75	218	0.003250	0.003250	0.001911	0.001911
441	7	7	14	1	P90	534	0.000849	0.000849	0.003125	0.003125
441	7	7	14	1	P95	545	-0.000848	-0.000848	0.001421	0.001421
441	7	7	14	1	P99	545	-0.000848	-0.000848	0.001421	0.001421
441	7	7	14	1	P999	545	-0.000848	-0.000848	0.001421	0.001421
442	7	7	14	1	P1	132	0.002420	0.002420	0.000224	0.000224
442	7	7	14	1	P50	138	0.005341	-0.009583	0.003124	-0.011763
442	7	7	14	1	P75	207	0.003682	0.003682	0.001355	0.001355
442	7	7	14	1	P90	492	0.001631	0.001631	0.002806	0.002806
442	7	7	14	1	P95	526	-0.001628	-0.001628	0.003268	0.003268
442	7	7	14	1	P99	526	-0.001628	-0.001628	0.003268	0.003268
442	7	7	14	1	P999	526	-0.001628	-0.001628	0.003268	0.003268
443	7	7	14	1	P1	127	0.002795	0.002795	0.000213	0.000213
443	7	7	14	1	P50	141	-0.000838	-0.004566	-0.001565	-0.003429
443	7	7	14	1	P75	304	0.001056	0.001056	0.002058	0.002058
443	7	7	14	1	P90	444	0.003608	0.003608	0.000793	0.000793
443	7	7	14	1	P95	669	0.001155	0.001155	0.002011	0.002011
443	7	7	14	1	P99	669	0.001155	0.001155	0.002011	0.002011
443	7	7	14	1	P999	669	0.001155	0.001155	0.002011	0.002011
444	623	7	630	1	P1	1	0.002528	0.002528	0.002620	0.002620
444	623	7	630	1	P50	3	0.002775	0.002761	-0.000974	-0.000988
444	623	7	630	1	P75	4	-0.002107	-0.002107	-0.002141	-0.002141
444	623	7	630	1	P90	4	-0.000360	-0.000379	-0.000394	-0.000412
444	623	7	630	1	P95	4	0.000211	0.000211	0.000177	0.000177
444	623	7	630	1	P99	1179	0.000355	0.000355	0.003548	0.003548
444	623	7	630	1	P999	5526	-0.000524	-0.000524	0.002526	0.002526
445	31	31	62	1	P1	4	0.002794	0.002794	0.000490	0.000490
445	31	31	62	1	P50	3531	0.000642	-0.996026	0.001852	-0.996020
445	31	31	62	1	P75	4801	-0.000078	-0.000078	0.001121	0.001121
445	31	31	62	1	P90	5148	0.001162	0.001162	0.002360	0.002360
445	31	31	62	1	P95	5415	0.002934	0.002934	0.000386	0.000386
445	31	31	62	1	P99	8706	0.002832	0.002832	0.000268	0.000268
445	31	31	62	1	P999	8706	0.002832	0.002832	0.000268	0.000268
446	7	7	14	1	P1	985	0.003590	0.003590	0.000162	0.000162
446	7	7	14	1	P50	3597	-0.001659	-0.602064	0.002023	-0.601981
446	7	7	14	1	P75	4275	0.001391	0.001391	0.001284	0.001284
446	7	7	14	1	P90	6421	-0.001582	-0.001582	0.001933	0.001933
446	7	7	14	1	P95	7398	-0.001135	-0.001135	0.002341	0.002341
446	7	7	14	1	P99	7398	-0.001135	-0.001135	0.002341	0.002341
446	7	7	14	1	P999	7398	-0.001135	-0.001135	0.002341	0.002341
447	7	7	14	1	P1	980	0.002633	0.002633	0.001514	0.001514
447	7	7	14	1	P50	1095	0.003852	-0.014741	0.002698	-0.015868
447	7	7	14	1	P75	1767	0.000179	0.000179	0.002629	0.002629
447	7	7	14	1	P90	4205	0.000656	0.000656	0.002845	0.002845
447	7	7	14	1	P95	6058	0.001982	0.001982	0.000318	0.000318
447	7	7	14	1	P99	6058	0.001982	0.001982	0.000318	0.000318
447	7	7	14	1	P999	6058	0.001982	0.001982	0.000318	0.000318
448	7	7	14	1	P1	989	0.003118	0.003118	0.003591	0.003591
448	7	7	14	1	P50	1022	0.003942	-0.003536	0.000667	-0.003067
448	7	7	14	1	P75	1090	0.003073	0.003073	0.003540	0.003540
448	7	7	14	1	P90	1102	-0.000405	-0.000405	0.000060	0.000060
448	7	7	14	1	P95	1693	0.003862	0.003862	0.000551	0.000551
448	7	7	14	1	P99	1693	0.003862	0.003862	0.000551	0.000551
448	7	7	14	1	P999	1693	0.003862	0.003862	0.000551	0.000551
449	7	7	14	1	P1	978	0.001059	0.001059	0.001688	0.001688
449	7	7	14	1	P50	1010	0.002515	-0.001226	0.001264	-0.002471
449	7	7	14	1	P75	1067	0.003701	0.003701	0.002435	0.002435
449	7	7	14	1	P90	1127	-0.000540	-0.000540	0.000056	0.000056
449	7	7	14	1	P95	1130	-0.001328	-0.001328	0.001136	0.001136
449	7	7	14	1	P99	1130	-0.001328	-0.001328	0.001136	0.001136
449	7	7	14	1	P999	1130	-0.001328	-0.001328	0.001136	0.001136
450	7	7	14	1	P1	985	0.000913	0.000913	0.000162	0.000162
450	7	7	14	1	P50	1013	0.000300	-0.004674	-0.000456	-0.005426
450	7	7	14	1	P75	1073	0.001334	0.001334	0.000563	0.000563
450	7	7	14	1	P90	1088	-0.001332	-0.001332	0.001633	0.001633
450	7	7	14	1	P95	1238	0.004117	0.004117	0.003310	0.003310
450	7	7	14	1	P99	1238	0.004117	0.004117	0.003310	0.003310
450	7	7	14	1	P999	1238	0.004117	0.004117	0.003310	0.003310
451	7	7	14	1	P1	986	0.001219	0.001219	0.002889	0.002889
451	7	7	14	1	P50	1041	-0.000724	-0.004453	0.000936	-0.002798
451	7	7	14	1	P75	1075	0.000783	0.000783	0.002442	0.002442
451	7	7	14	1	P90	3583	0.000691	0.000691	0.002185	0.002185
451	7	7	14	1	P95	4109	0.002037	0.002037	0.003514	0.003514
451	7	7	14	1	P99	4109	0.002037	0.002037	0.003514	0.003514
451	7	7	14	1	P999	4109	0.002037	0.002037	0.003514	0.003514
452	7	7	14	1	P1	992	0.002066	0.002066	0.000556	0.000556
452	7	7	14	1	P50	1035	0.000750	-0.010410	0.002983	-0.011902
452	7	7	14	1	P75	2161	0.000985	0.000985	0.003192	0.003192
452	7	7	14	1	P90	4012	0.002794	0.002794	0.001233	0.001233
452	7	7	14	1	P95	4081	0.000691	0.000691	0.002874	0.002874
452	7	7	14	1	P99	4081	0.000691	0.000691	0.002874	0.002874
452	7	7	14	1	P999	4081	0.000691	0.000691	0.002874	0.002874
453	7	623	630	1	P1	1	0.001790	0.001790	0.003745	0.003745
453	7	623	630	1	P50	2	0.000187	0.000175	0.002116	0.002104
453	7	623	630	1	P75	3	0.000531	0.000531	-0.001292	-0.001292
453	7	623	630	1	P90	3	0.001801	0.001787	-0.000025	-0.000038
453	7	623	630	1	P95	4	-0.000905	-0.000905	-0.002735	-0.002735
453	7	623	630	1	P99	996	0.002285	0.002285	0.000270	0.000270
453	7	623	630	1	P999	6696	0.003192	0.003192	0.001113	0.001113
454	7	31	38	1	P1	5	0.004177	0.004177	0.001625	0.001625
454	7	31	38	1	P50	9	0.002079	0.001455	-0.000548	-0.001171
454	7	31	38	1	P75	12	0.003510	0.003510	0.000839	0.000839
454	7	31	38	1	P90	140	-0.000791	-0.000791	0.003689	0.003689
454	7	31	38	1	P95	814	-0.000287	-0.000287	0.000207	0.000207
454	7	31	38	1	P99	1065	0.000114	0.000114	0.000571	0.000571
454	7	31	38	1	P999	1065	0.000114	0.000114	0.000571	0.000571
455	31	31	62	1	P1	42	0.001100	0.001100	-0.001575	-0.001575
455	31	31	62	1	P50	4054	0.001982	-0.972737	0.002034	-0.972815
455	31	31	62	1	P75	4932	0.000357	0.000357	0.000366	0.000366
455	31	31	62	1	P90	5256	0.000290	0.000290	0.000285	0.000285
455	31	31	62	1	P95	5437	0.000082	0.000082	0.000070	0.000070
455	31	31	62	1	P99	8305	-0.001064	-0.001064	0.002570	0.002570
455	31	31	62	1	P999	8305	-0.001064	-0.001064	0.002570	0.002570
456	7	7	14	1	P1	109	-0.002178	-0.002178	0.000730	0.000730
456	7	7	14	1	P50	115	-0.000623	-0.008068	0.002283	-0.005182
456	7	7	14	1	P75	647	0.002831	0.002831	0.001807	0.001807
456	7	7	14	1	P90	843	0.003637	0.003637	0.002583	0.002583
456	7	7	14	1	P95	1049	0.001831	0.001831	0.000756	0.000756
456	7	7	14	1	P99	1049	0.001831	0.001831	0.000756	0.000756
456	7	7	14	1	P999	1049	0.001831	0.001831	0.000756	0.000756
457	7	7	14	1	P1	109	0.001690	0.001690	0.003540	0.003540
457	7	7	14	1	P50	118	0.000859	-0.024993	0.002698	-0.023199
457	7	7	14	1	P75	463	0.002080	0.002080	0.000008	0.000008
457	7	7	14	1	P90	590	0.002683	0.002683	0.000580	0.000580
457	7	7	14	1	P95	604	0.001660	0.001660	0.003299	0.003299
457	7	7	14	1	P99	604	0.001660	0.001660	0.003299	0.003299
457	7	7	14	1	P999	604	0.001660	0.001660	0.003299	0.003299
458	7	7	14	1	P1	111	-0.000145	-0.000145	-0.002187	-0.002187
458	7	7	14	1	P50	118	0.001007	-0.017530	0.002698	-0.015869
458	7	7	14	1	P75	355	0.002388	0.002388	0.000222	0.000222
458	7	7	14	1	P90	558	0.002487	0.002487	0.000274	0.000274
458	7	7	14	1	P95	644	0.001202	0.001202	0.002719	0.002719
458	7	7	14	1	P99	644	0.001202	0.001202	0.002719	0.002719
458	7	7	14	1	P999	644	0.001202	0.001202	0.002719	0.002719
459	7	7	14	1	P1	108	0.002638	0.002638	0.001537	0.001537
459	7	7	14	1	P50	128	0.000970	-0.071144	0.003590	-0.068702
459	7	7	14	1	P75	530	0.000770	0.000770	0.003168	0.003168
459	7	7	14	1	P90	547	0.002849	0.002849	0.001496	0.001496
459	7	7	14	1	P95	620	0.000946	0.000946	0.003320	0.003320
459	7	7	14	1	P99	620	0.000946	0.000946	0.003320	0.003320
459	7	7	14	1	P999	620	0.000946	0.000946	0.003320	0.003320
460	7	7	14	1	P1	106	0.002362	0.002362	0.001540	0.001540
460	7	7	14	1	P50	115	0.003115	-0.000628	0.002283	0.000412
460	7	7	14	1	P75	342	0.001098	0.001098	0.000149	0.000149
460	7	7	14	1	P90	459	0.002191	0.002191	0.001210	0.001210
460	7	7	14	1	P95	592	0.001944	0.001944	0.000934	0.000934
460	7	7	14	1	P99	592	0.001944	0.001944	0.000934	0.000934
460	7	7	14	1	P999	592	0.001944	0.001944	0.000934	0.000934
461	7	7	14	1	P1	109	-0.001867	-0.001867	0.001042	0.001042
461	7	7	14	1	P50	121	0.000856	-0.050179	0.000016	-0.047417
461	7	7	14	1	P75	360	0.002147	0.002147	0.001188	0.001188
461	7	7	14	1	P90	441	0.001077	0.001077	0.000097	0.000097
461	7	7	14	1	P95	465	0.004168	0.004168	0.003179	0.003179
461	7	7	14	1	P99	465	0.004168	0.004168	0.003179	0.003179
461	7	7	14	1	P999	465	0.004168	0.004168	0.003179	0.003179
462	7	7	14	1	P1	109	0.000189	0.000189	0.001666	0.001666
462	7	7	14	1	P50	125	0.003423	-0.044178	0.001135	-0.046351
462	7	7	14	1	P75	245	-0.000338	-0.000338	0.001024	0.001024
462	7	7	14	1	P90	358	0.001715	0.001715	0.003025	0.003025
462	7	7	14	1	P95	541	0.003807	0.003807	0.001311	0.001311
462	7	7	14	1	P99	541	0.003807	0.003807	0.001311	0.001311
462	7	7	14	1	P999	541	0.003807	0.003807	0.001311	0.001311
463	623	7	630	1	P1	1	0.000203	0.000203	0.002015	0.002015
463	623	7	630	1	P50	2	-0.000246	-0.000257	0.001523	0.001513
463	623	7	630	1	P75	3	0.000273	0.000273	-0.001719	-0.001719
463	623	7	630	1	P90	3	0.001860	0.001844	-0.000135	-0.000152
463	623	7	630	1	P95	4	-0.000863	-0.000863	-0.002870	-0.002870
463	623	7	630	1	P99	1377	0.000181	0.000181	0.001559	0.001559
463	623	7	630	1	P999	5082	0.002753	0.002753	0.000309	0.000309
464	31	31	62	1	P1	4	-0.002355	-0.002355	-0.002497	-0.002497
464	31	31	62	1	P50	3503	-0.000515	-0.995127	0.002338	-0.995146
464	31	31	62	1	P75	4778	-0.000632	-0.000632	0.000315	0.000315
464	31	31	62	1	P90	5125	0.000288	0.000288	0.003102	0.003102
464	31	31	62	1	P95	5241	0.000337	0.000337	0.003148	0.003148
464	31	31	62	1	P99	8289	0.001741	0.001741	0.000758	0.000758
464	31	31	62	1	P999	8289	0.001741	0.001741	0.000758	0.000758
465	7	7	14	1	P1	1002	0.003447	0.003447	0.001741	0.001741
465	7	7	14	1	P50	1070	0.001332	0.000085	0.003368	0.001495
465	7	7	14	1	P75	1089	0.002425	0.002425	0.000714	0.000714
465	7	7	14	1	P90	1138	-0.000470	-0.000470	0.001558	0.001558
465	7	7	14	1	P95	1246	0.002323	0.002323	0.000602	0.000602
465	7	7	14	1	P99	1246	0.002323	0.002323	0.000602	0.000602
465	7	7	14	1	P999	1246	0.002323	0.002323	0.000602	0.000602
466	7	7	14	1	P1	1000	0.002020	0.002020	0.000000	0.000000
466	7	7	14	1	P50	1075	0.000721	-0.010438	0.002442	-0.008737
466	7	7	14	1	P75	1096	0.000065	0.000065	0.001783	0.001783
466	7	7	14	1	P90	1110	0.002327	0.002327	0.000303	0.000303
466	7	7	14	1	P95	1138	-0.000160	-0.000160	0.001558	0.001558
466	7	7	14	1	P99	1138	-0.000160	-0.000160	0.001558	0.001558
466	7	7	14	1	P999	1138	-0.000160	-0.000160	0.001558	0.001558
467	7	7	14	1	P1	1012	0.003414	0.003414	0.003028	0.003028
467	7	7	14	1	P50	1078	0.000037	-0.003694	0.001522	-0.004078
467	7	7	14	1	P75	1092	0.002088	0.002088	0.001702	0.001702
467	7	7	14	1	P90	1146	0.002416	0.002416	0.002029	0.002029
467	7	7	14	1	P95	2551	0.002136	0.002136	0.001745	0.001745
467	7	7	14	1	P99	2551	0.002136	0.002136	0.001745	0.001745
467	7	7	14	1	P999	2551	0.002136	0.002136	0.001745	0.001745
468	7	7	14	1	P1	989	0.004547	0.004547	0.003591	0.003591
468	7	7	14	1	P50	1040	-0.000877	-0.002122	0.001899	0.000028
468	7	7	14	1	P75	1081	0.001586	0.001586	0.000611	0.000611
468	7	7	14	1	P90	1994	0.002523	0.002523	0.001381	0.001381
468	7	7	14	1	P95	3734	-0.000409	-0.000409	0.002023	0.002023
468	7	7	14	1	P99	3734	-0.000409	-0.000409	0.002023	0.002023
468	7	7	14	1	P999	3734	-0.000409	-0.000409	0.002023	0.002023
469	7	7	14	1	P1	1046	0.004128	0.004128	0.003627	0.003627
469	7	7	14	1	P50	1126	0.001458	-0.017089	0.000944	-0.013911
469	7	7	14	1	P75	1146	-0.001193	-0.001193	0.002029	0.002029
469	7	7	14	1	P90	4228	0.001915	0.001915	0.001125	0.001125
469	7	7	14	1	P95	6755	0.004450	0.004450	0.003560	0.003560
469	7	7	14	1	P99	6755	0.004450	0.004450	0.003560	0.003560
469	7	7	14	1	P999	6755	0.004450	0.004450	0.003560	0.003560
470	7	7	14	1	P1	988	0.002049	0.002049	0.000859	0.000859
470	7	7	14	1	P50	1037	0.002254	-0.001486	0.001048	-0.000821
470	7	7	14	1	P75	1261	0.001115	0.001115	0.003593	0.003593
470	7	7	14	1	P90	4242	-0.000531	-0.000531	0.001558	0.001558
470	7	7	14	1	P95	4392	0.002113	0.002113	0.000449	0.000449
470	7	7	14	1	P99	4392	0.002113	0.002113	0.000449	0.000449
470	7	7	14	1	P999	4392	0.002113	0.002113	0.000449	0.000449
471	7	7	14	1	P1	986	0.001504	0.001504	0.002889	0.002889
471	7	7	14	1	P50	1023	0.002048	-0.001690	0.003432	-0.004041
471	7	7	14	1	P75	1098	0.000453	0.000453	0.001829	0.001829
471	7	7	14	1	P90	1872	0.003377	0.003377	0.000971	0.000971
471	7	7	14	1	P95	5851	0.000187	0.000187	0.001445	0.001445
471	7	7	14	1	P99	5851	0.000187	0.000187	0.001445	0.001445
471	7	7	14	1	P999	5851	0.000187	0.000187	0.001445	0.001445
472	7	7	14	1	P1	995	0.002537	0.002537	0.001275	0.001275
472	7	7	14	1	P50	1058	0.000968	-0.002768	0.003433	-0.000311
472	7	7	14	1	P75	1079	0.000009	0.000009	0.002466	0.002466
472	7	7	14	1	P90	1139	-0.001758	-0.001758	0.000678	0.000678
472	7	7	14	1	P95	1185	-0.000220	-0.000220	0.002206	0.002206
472	7	7	14	1	P99	1185	-0.000220	-0.000220	0.002206	0.002206
472	7	7	14	1	P999	1185	-0.000220	-0.000220	0.002206	0.002206
473	7	623	630	1	P1	2	-0.002459	-0.002459	-0.001139	-0.001139
473	7	623	630	1	P50	4	0.002883	0.002859	0.000419	0.000396
473	7	623	630	1	P75	5	-0.001426	-0.001426	-0.000163	-0.000163
473	7	623	630	1	P90	5	-0.000223	-0.000236	0.001042	0.001029
473	7	623	630	1	P95	5	0.000169	0.000169	0.001435	0.001435
473	7	623	630	1	P99	1005	0.001556	0.001556	0.002491	0.002491
473	7	623	630	1	P999	1065	-0.000359	-0.000359	0.000571	0.000571
474	7	31	38	1	P1	5	0.004062	0.004062	0.001625	0.001625
474	7	31	38	1	P50	10	0.002602	0.000729	0.003745	0.001871
474	7	31	38	1	P75	14	0.002629	0.002629	0.003689	0.003689
474	7	31	38	1	P90	153	0.000388	0.000388	0.000860	0.000860
474	7	31	38	1	P95	165	-0.000342	-0.000342	0.000112	0.000112
474	7	31	38	1	P99	168	0.000334	0.000334	0.000783	0.000783
474	7	31	38	1	P999	168	0.000334	0.000334	0.000783	0.000783
475	31	31	62	1	P1	41	0.003417	0.003417	0.001965	0.001965
475	31	31	62	1	P50	3993	-0.000022	-0.971943	0.002244	-0.971879
475	31	31	62	1	P75	4887	0.003538	0.003538	0.002058	0.002058
475	31	31	62	1	P90	5352	0.000483	0.000483	-0.000371	-0.000371
475	31	31	62	1	P95	5489	0.003247	0.003247	0.001767	0.001767
475	31	31	62	1	P99	8650	0.000725	0.000725	0.002988	0.002988
475	31	31	62	1	P999	8650	0.000725	0.000725	0.002988	0.002988
476	7	31	38	1	P1	5	0.002948	0.002948	0.001625	0.001625
476	7	31	38	1	P50	9	0.000776	-0.000470	-0.000548	-0.001793
476	7	31	38	1	P75	14	0.001273	0.001273	0.003689	0.003689
476	7	31	38	1	P90	156	0.001480	0.001480	0.000132	0.000132
476	7	31	38	1	P95	158	-0.000046	-0.000046	0.002347	0.002347
476	7	31	38	1	P99	169	0.003679	0.003679	0.002327	0.002327
476	7	31	38	1	P999	169	0.003679	0.003679	0.002327	0.002327
477	31	7	38	1	P1	99	0.002672	0.002672	0.002578	0.002578
477	31	7	38	1	P50	4776	-0.000124	-0.033210	0.002606	-0.030562
477	31	7	38	1	P75	5252	0.002083	0.002083	0.001047	0.001047
477	31	7	38	1	P90	5582	-0.000905	-0.000905	0.001786	0.001786
477	31	7	38	1	P95	5689	0.000671	0.000671	0.003362	0.003362
477	31	7	38	1	P99	9266	-0.001096	-0.001096	0.001475	0.001475
477	31	7	38	1	P999	9266	-0.001096	-0.001096	0.001475	0.001475
478	7	7	14	1	P1	99	0.001770	0.001770	0.002578	0.002578
478	7	7	14	1	P50	106	0.000738	-0.017794	0.001540	-0.017005
478	7	7	14	1	P75	114	0.000875	0.000875	0.001671	0.001671
478	7	7	14	1	P90	115	-0.000383	-0.000383	0.000412	0.000412
478	7	7	14	1	P95	115	0.001487	0.001487	0.002283	0.002283
478	7	7	14	1	P99	115	0.001487	0.001487	0.002283	0.002283
478	7	7	14	1	P999	115	0.001487	0.001487	0.002283	0.002283
479	7	7	14	1	P1	99	0.002859	0.002859	0.002578	0.002578
479	7	7	14	1	P50	110	0.002188	-0.016374	0.001879	-0.016672
479	7	7	14	1	P75	113	0.001452	0.001452	0.001136	0.001136
479	7	7	14	1	P90	115	-0.001137	-0.001137	0.002283	0.002283
479	7	7	14	1	P95	123	-0.001088	-0.001088	0.002314	0.002314
479	7	7	14	1	P99	123	-0.001088	-0.001088	0.002314	0.002314
479	7	7	14	1	P999	123	-0.001088	-0.001088	0.002314	0.002314
480	7	7	14	1	P1	99	-0.000030	-0.000030	0.000706	0.000706
480	7	7	14	1	P50	108	0.000829	-0.001040	0.000290	-0.000955
480	7	7	14	1	P75	117	-0.002558	-0.002558	0.001861	0.001861
480	7	7	14	1	P90	119	0.001055	0.001055	0.001732	0.001732
480	7	7	14	1	P95	121	-0.000656	-0.000656	0.000016	0.000016
480	7	7	14	1	P99	121	-0.000656	-0.000656	0.000016	0.000016
480	7	7	14	1	P999	121	-0.000656	-0.000656	0.000016	0.000016
481	7	7	14	1	P1	101	0.001646	0.001646	-0.000605	-0.000605
481	7	7	14	1	P50	109	0.002063	-0.023822	0.003540	-0.026026
481	7	7	14	1	P75	114	0.000205	0.000205	0.001671	0.001671
481	7	7	14	1	P90	115	0.000819	0.000819	0.002283	0.002283
481	7	7	14	1	P95	118	0.001238	0.001238	0.002698	0.002698
481	7	7	14	1	P99	118	0.001238	0.001238	0.002698	0.002698
481	7	7	14	1	P999	118	0.001238	0.001238	0.002698	0.002698
482	7	7	14	1	P1	99	0.002859	0.002859	0.002578	0.002578
482	7	7	14	1	P50	108	0.001841	-0.000030	0.001537	-0.000333
482	7	7	14	1	P75	112	0.002866	0.002866	0.002551	0.002551
482	7	7	14	1	P90	116	0.001422	0.001422	0.001099	0.001099
482	7	7	14	1	P95	117	0.004062	0.004062	0.003736	0.003736
482	7	7	14	1	P99	117	0.004062	0.004062	0.003736	0.003736
482	7	7	14	1	P999	117	0.004062	0.004062	0.003736	0.003736
483	7	7	14	1	P1	101	-0.001825	-0.001825	-0.001539	-0.001539
483	7	7	14	1	P50	110	0.000677	-0.006778	0.001879	-0.005583
483	7	7	14	1	P75	113	0.003687	0.003687	0.001136	0.001136
483	7	7	14	1	P90	121	-0.003026	-0.003026	-0.001852	-0.001852
483	7	7	14	1	P95	121	-0.001161	-0.001161	0.000016	0.000016
483	7	7	14	1	P99	121	-0.001161	-0.001161	0.000016	0.000016
483	7	7	14	1	P999	121	-0.001161	-0.001161	0.000016	0.000016
484	7	7	14	1	P1	99	0.001891	0.001891	0.002578	0.002578
484	7	7	14	1	P50	109	0.002867	0.001618	0.003540	0.002290
484	7	7	14	1	P75	112	0.001884	0.001884	0.002551	0.002551
484	7	7	14	1	P90	113	0.000470	0.000470	0.001136	0.001136
484	7	7	14	1	P95	114	-0.000863	-0.000863	0.003545	0.003545
484	7	7	14	1	P99	114	-0.000863	-0.000863	0.003545	0.003545
484	7	7	14	1	P999	114	-0.000863	-0.000863	0.003545	0.003545
485	7	7	14	1	P1	101	-0.000146	-0.000146	-0.000605	-0.000605
485	7	7	14	1	P50	108	-0.001722	-0.023868	0.001537	-0.024329
485	7	7	14	1	P75	113	0.001630	0.001630	-0.000734	-0.000734
485	7	7	14	1	P90	117	-0.001375	-0.001375	0.001861	0.001861
485	7	7	14	1	P95	117	0.000494	0.000494	0.003736	0.003736
485	7	7	14	1	P99	117	0.000494	0.000494	0.003736	0.003736
485	7	7	14	1	P999	117	0.000494	0.000494	0.003736	0.003736
486	7	7	14	1	P1	101	-0.000146	-0.000146	-0.000605	-0.000605
486	7	7	14	1	P50	109	0.000277	-0.010880	0.003540	-0.007651
486	7	7	14	1	P75	115	-0.000959	-0.000959	0.002283	0.002283
486	7	7	14	1	P90	119	0.002242	0.002242	0.001732	0.001732
486	7	7	14	1	P95	123	0.002835	0.002835	0.002314	0.002314
486	7	7	14	1	P99	123	0.002835	0.002835	0.002314	0.002314
486	7	7	14	1	P999	123	0.002835	0.002835	0.002314	0.002314
487	7	7	14	1	P1	101	-0.000321	-0.000321	-0.000605	-0.000605
487	7	7	14	1	P50	108	0.001841	-0.034926	0.001537	-0.035209
487	7	7	14	1	P75	113	0.005203	0.005203	0.001136	0.001136
487	7	7	14	1	P90	115	-0.001137	-0.001137	0.002283	0.002283
487	7	7	14	1	P95	121	0.004097	0.004097	0.000016	0.000016
487	7	7	14	1	P99	121	0.004097	0.004097	0.000016	0.000016
487	7	7	14	1	P999	121	0.004097	0.004097	0.000016	0.000016
488	623	7	630	1	P1	1	0.000742	0.000742	0.002620	0.002620
488	623	7	630	1	P50	3	0.000211	0.000197	-0.001703	-0.001717
488	623	7	630	1	P75	4	-0.001029	-0.001029	-0.002954	-0.002954
488	623	7	630	1	P90	4	0.001262	0.001238	-0.000667	-0.000692
488	623	7	630	1	P95	4	0.002011	0.002011	0.000080	0.000080
488	623	7	630	1	P99	159	0.001878	0.001878	0.003518	0.003518
488	623	7	630	1	P999	190	0.003192	0.003192	0.001076	0.001076
489	31	31	62	1	P1	4	0.000334	0.000334	0.000490	0.000490
489	31	31	62	1	P50	3558	0.001949	-0.993792	0.001710	-0.993815
489	31	31	62	1	P75	5101	0.000574	0.000574	0.000315	0.000315
489	31	31	62	1	P90	5577	0.001077	0.001077	0.000812	0.000812
489	31	31	62	1	P95	5969	0.000435	0.000435	0.000167	0.000167
489	31	31	62	1	P99	9381	0.000648	0.000648	0.000353	0.000353
489	31	31	62	1	P999	9381	0.000648	0.000648	0.000353	0.000353
490	31	7	38	1	P1	43	0.000843	0.000843	0.002933	0.002933
490	31	7	38	1	P50	48	0.003001	0.002377	0.001329	0.000706
490	31	7	38	1	P75	60	0.004173	0.004173	0.002466	0.002466
490	31	7	38	1	P90	123	0.000380	0.000380	0.002314	0.002314
490	31	7	38	1	P95	126	0.002455	0.002455	0.000642	0.000642
490	31	7	38	1	P99	134	0.000710	0.000710	0.002633	0.002633
490	31	7	38	1	P999	134	0.000710	0.000710	0.002633	0.002633
491	7	7	14	1	P1	114	-0.000099	-0.000099	0.001671	0.001671
491	7	7	14	1	P50	125	-0.000606	-0.033678	0.001135	-0.031985
491	7	7	14	1	P75	128	0.001853	0.001853	0.003590	0.003590
491	7	7	14	1	P90	132	0.004743	0.004743	0.002719	0.002719
491	7	7	14	1	P95	140	0.001980	0.001980	0.003689	0.003689
491	7	7	14	1	P99	140	0.001980	0.001980	0.003689	0.003689
491	7	7	14	1	P999	140	0.001980	0.001980	0.003689	0.003689
492	7	7	14	1	P1	113	0.003315	0.003315	0.001136	0.001136
492	7	7	14	1	P50	123	0.000758	-0.006696	0.002314	-0.005151
492	7	7	14	1	P75	128	0.002037	0.002037	0.003590	0.003590
492	7	7	14	1	P90	135	0.001129	0.001129	0.002674	0.002674
492	7	7	14	1	P95	140	0.002147	0.002147	0.003689	0.003689
492	7	7	14	1	P99	140	0.002147	0.002147	0.003689	0.003689
492	7	7	14	1	P999	140	0.002147	0.002147	0.003689	0.003689
493	7	7	14	1	P1	113	-0.000154	-0.000154	-0.000734	-0.000734
493	7	7	14	1	P50	124	0.004155	-0.032689	0.001692	-0.031446
493	7	7	14	1	P75	126	0.003104	0.003104	0.000642	0.000642
493	7	7	14	1	P90	138	0.001847	0.001847	0.003124	0.003124
493	7	7	14	1	P95	146	0.001568	0.001568	0.002840	0.002840
493	7	7	14	1	P99	146	0.001568	0.001568	0.002840	0.002840
493	7	7	14	1	P999	146	0.001568	0.001568	0.002840	0.002840
494	7	7	14	1	P1	112	0.000815	0.000815	0.002551	0.002551
494	7	7	14	1	P50	127	0.002233	-0.016327	0.000213	-0.014631
494	7	7	14	1	P75	131	-0.000742	-0.000742	0.000976	0.000976
494	7	7	14	1	P90	133	-0.000940	-0.000940	0.000776	0.000776
494	7	7	14	1	P95	133	0.000929	0.000929	0.002648	0.002648
494	7	7	14	1	P99	133	0.000929	0.000929	0.002648	0.002648
494	7	7	14	1	P999	133	0.000929	0.000929	0.002648	0.002648
495	7	7	14	1	P1	114	0.001239	0.001239	0.001671	0.001671
495	7	7	14	1	P50	126	-0.002275	-0.014630	-0.001848	-0.014208
495	7	7	14	1	P75	127	-0.000214	-0.000214	0.000213	0.000213
495	7	7	14	1	P90	133	0.002221	0.002221	0.002648	0.002648
495	7	7	14	1	P95	137	0.002495	0.002495	0.002920	0.002920
495	7	7	14	1	P99	137	0.002495	0.002495	0.002920	0.002920
495	7	7	14	1	P999	137	0.002495	0.002495	0.002920	0.002920
496	7	7	14	1	P1	115	0.002253	0.002253	0.002283	0.002283
496	7	7	14	1	P50	128	0.003580	-0.015006	0.003590	-0.014993
496	7	7	14	1	P75	131	-0.000900	-0.000900	0.002848	0.002848
496	7	7	14	1	P90	135	0.002674	0.002674	0.002674	0.002674
496	7	7	14	1	P95	138	0.003128	0.003128	0.003124	0.003124
496	7	7	14	1	P99	138	0.003128	0.003128	0.003124	0.003124
496	7	7	14	1	P999	138	0.003128	0.003128	0.003124	0.003124
497	7	7	14	1	P1	112	0.001289	0.001289	0.002551	0.002551
497	7	7	14	1	P50	123	0.001069	-0.006388	0.002314	-0.005151
497	7	7	14	1	P75	126	0.003146	0.003146	0.000642	0.000642
497	7	7	14	1	P90	130	0.001799	0.001799	0.003036	0.003036
497	7	7	14	1	P95	134	0.001402	0.001402	0.002633	0.002633
497	7	7	14	1	P99	134	0.001402	0.001402	0.002633	0.002633
497	7	7	14	1	P999	134	0.001402	0.001402	0.002633	0.002633
498	7	623	630	1	P1	1	0.002436	0.002436	0.002183	0.002183
498	7	623	630	1	P50	3	0.003057	0.003044	-0.001124	-0.001137
498	7	623	630	1	P75	4	-0.001777	-0.001777	-0.002263	-0.002263
498	7	623	630	1	P90	4	0.000052	0.000033	-0.000435	-0.000454
498	7	623	630	1	P95	4	0.000650	0.000650	0.000162	0.000162
498	7	623	630	1	P99	115	-0.000400	-0.000400	0.002283	0.002283
498	7	623	630	1	P999	131	0.000186	0.000186	0.002848	0.002848
499	7	31	38	1	P1	4	-0.002185	-0.002185	-0.002000	-0.002000
499	7	31	38	1	P50	5	0.001452	0.001232	0.001625	0.001405
499	7	31	38	1	P75	7	0.001414	0.001414	0.001570	0.001570
499	7	31	38	1	P90	172	-0.000305	-0.000305	0.003424	0.003424
499	7	31	38	1	P95	178	0.002791	0.002791	0.002775	0.002775
499	7	31	38	1	P99	204	0.001025	0.001025	0.001002	0.001002
499	7	31	38	1	P999	204	0.001025	0.001025	0.001002	0.001002
500	31	31	62	1	P1	42	-0.000463	-0.000463	-0.001575	-0.001575
500	31	31	62	1	P50	3383	0.000989	-0.937033	0.003557	-0.936869
500	31	31	62	1	P75	5042	0.001918	0.001918	0.000735	0.000735
500	31	31	62	1	P90	5523	0.000511	0.000511	0.003070	0.003070
500	31	31	62	1	P95	5685	0.001506	0.001506	0.000322	0.000322
500	31	31	62	1	P99	9730	0.002399	0.002399	0.001206	0.001206
500	31	31	62	1	P999	9730	0.002399	0.002399	0.001206	0.001206
501	7	7	14	1	P1	101	0.000674	0.000674	-0.000605	-0.000605
501	7	7	14	1	P50	108	0.002830	-0.000912	0.001537	0.000290
501	7	7	14	1	P75	113	0.002435	0.002435	0.001136	0.001136
501	7	7	14	1	P90	116	0.002402	0.002402	0.001099	0.001099
501	7	7	14	1	P95	118	0.004006	0.004006	0.002698	0.002698
501	7	7	14	1	P99	118	0.004006	0.004006	0.002698	0.002698
501	7	7	14	1	P999	118	0.004006	0.004006	0.002698	0.002698
502	7	7	14	1	P1	99	0.003769	0.003769	0.002578	0.002578
502	7	7	14	1	P50	109	0.004749	-0.024857	0.003540	-0.026026
502	7	7	14	1	P75	114	0.001013	0.001013	0.003545	0.003545
502	7	7	14	1	P90	116	0.002316	0.002316	0.001099	0.001099
502	7	7	14	1	P95	117	0.001208	0.001208	0.003736	0.003736
502	7	7	14	1	P99	117	0.001208	0.001208	0.003736	0.003736
502	7	7	14	1	P999	117	0.001208	0.001208	0.003736	0.003736
503	7	7	14	1	P1	100	-0.001602	-0.001602	0.003745	0.003745
503	7	7	14	1	P50	107	0.001783	-0.000088	0.003368	0.001495
503	7	7	14	1	P75	109	-0.003023	-0.003023	0.002290	0.002290
503	7	7	14	1	P90	110	0.004051	0.004051	0.001879	0.001879
503	7	7	14	1	P95	113	0.003315	0.003315	0.001136	0.001136
503	7	7	14	1	P99	113	0.003315	0.003315	0.001136	0.001136
503	7	7	14	1	P999	113	0.003315	0.003315	0.001136	0.001136
504	7	7	14	1	P1	98	0.002622	0.002622	0.001514	0.001514
504	7	7	14	1	P50	110	0.003002	-0.000741	0.001879	0.000008
504	7	7	14	1	P75	113	0.002261	0.002261	0.001136	0.001136
504	7	7	14	1	P90	116	0.002228	0.002228	0.001099	0.001099
504	7	7	14	1	P95	124	0.002830	0.002830	0.001692	0.001692
504	7	7	14	1	P99	124	0.002830	0.002830	0.001692	0.001692
504	7	7	14	1	P999	124	0.002830	0.002830	0.001692	0.001692
505	7	7	14	1	P1	100	0.001108	0.001108	0.003745	0.003745
505	7	7	14	1	P50	110	-0.000741	-0.001985	0.000943	0.000008
505	7	7	14	1	P75	113	0.002261	0.002261	0.001136	0.001136
505	7	7	14	1	P90	119	0.002866	0.002866	0.001732	0.001732
505	7	7	14	1	P95	125	0.002274	0.002274	0.001135	0.001135
505	7	7	14	1	P99	125	0.002274	0.002274	0.001135	0.001135
505	7	7	14	1	P999	125	0.002274	0.002274	0.001135	0.001135
506	7	623	630	1	P1	1	0.004274	0.004274	0.003745	0.003745
506	7	623	630	1	P50	3	-0.001797	-0.001809	-0.002528	-0.002540
506	7	623	630	1	P75	3	0.000047	0.000047	-0.000685	-0.000685
506	7	623	630	1	P90	4	-0.002016	-0.002080	-0.002801	-0.002864
506	7	623	630	1	P95	4	-0.000054	-0.000054	-0.000840	-0.000840
506	7	623	630	1	P99	101	-0.001081	-0.001081	0.001264	0.001264
506	7	623	630	1	P999	145	0.003701	0.003701	0.002235	0.002235
507	7	31	38	1	P1	4	0.001328	0.001328	-0.002000	-0.002000
507	7	31	38	1	P50	6	0.000897	-0.000350	0.001217	-0.000029
507	7	31	38	1	P75	16	0.004624	0.004624	0.000980	0.000980
507	7	31	38	1	P90	193	0.000804	0.000804	0.000362	0.000362
507	7	31	38	1	P95	198	0.001399	0.001399	0.000951	0.000951
507	7	31	38	1	P99	223	0.002137	0.002137	0.001662	0.001662
507	7	31	38	1	P999	223	0.002137	0.002137	0.001662	0.001662
508	31	31	62	1	P1	41	0.000227	0.000227	0.001965	0.001965
508	31	31	62	1	P50	3305	0.002904	-0.934023	0.000712	-0.933913
508	31	31	62	1	P75	3846	0.000828	0.000828	0.002374	0.002374
508	31	31	62	1	P90	4072	-0.000201	-0.000201	0.001341	0.001341
508	31	31	62	1	P95	4214	0.002906	0.002906	0.000704	0.000704
508	31	31	62	1	P99	7312	0.001302	0.001302	0.002821	0.002821
508	31	31	62	1	P999	7312	0.001302	0.001302	0.002821	0.002821
509	7	7	14	0	P1	113	0.000297	0.000297	0.001136	0.001136
509	7	7	14	0	P50	125	0.000296	-0.007155	0.001135	-0.006322
509	7	7	14	0	P75	134	0.001792	0.001792	0.002633	0.002633
509	7	7	14	0	P90	142	0.003618	0.003618	0.000712	0.000712
509	7	7	14	0	P95	148	0.003349	0.003349	0.000444	0.000444
509	7	7	14	0	P99	148	0.003349	0.003349	0.000444	0.000444
509	7	7	14	0	P999	148	0.003349	0.003349	0.000444	0.000444
510	7	7	14	0	P1	113	0.001120	0.001120	0.001136	0.001136
510	7	7	14	0	P50	123	0.002299	-0.016260	0.002314	-0.016245
510	7	7	14	0	P75	130	0.003020	0.003020	0.003036	0.003036
510	7	7	14	0	P90	134	0.002617	0.002617	0.002633	0.002633
510	7	7	14	0	P95	136	0.002754	0.002754	0.002770	0.002770
510	7	7	14	0	P99	136	0.002754	0.002754	0.002770	0.002770
510	7	7	14	0	P999	136	0.002754	0.002754	0.002770	0.002770
511	7	7	14	1	P1	115	0.000160	0.000160	-0.000211	-0.000211
511	7	7	14	1	P50	122	-0.000363	-0.007809	0.003004	-0.008181
511	7	7	14	1	P75	130	0.003417	0.003417	0.003036	0.003036
511	7	7	14	1	P90	138	-0.000236	-0.000236	0.001251	0.001251
511	7	7	14	1	P95	138	0.003509	0.003509	0.003124	0.003124
511	7	7	14	1	P99	138	0.003509	0.003509	0.003124	0.003124
511	7	7	14	1	P999	138	0.003509	0.003509	0.003124	0.003124
512	7	7	14	1	P1	113	-0.000639	-0.000639	0.001136	0.001136
512	7	7	14	1	P50	123	0.000551	-0.006902	0.002314	-0.005151
512	7	7	14	1	P75	127	0.002198	0.002198	0.000213	0.000213
512	7	7	14	1	P90	130	0.001280	0.001280	0.003036	0.003036
512	7	7	14	1	P95	137	0.001173	0.001173	0.002920	0.002920
512	7	7	14	1	P99	137	0.001173	0.001173	0.002920	0.002920
512	7	7	14	1	P999	137	0.001173	0.001173	0.002920	0.002920
513	7	7	14	1	P1	114	0.002759	0.002759	0.003545	0.003545
513	7	7	14	1	P50	127	-0.002420	-0.011701	-0.001655	-0.014631
513	7	7	14	1	P75	128	0.002822	0.002822	0.003590	0.003590
513	7	7	14	1	P90	145	0.001489	0.001489	0.002235	0.002235
513	7	7	14	1	P95	146	0.002094	0.002094	0.002840	0.002840
513	7	7	14	1	P99	146	0.002094	0.002094	0.002840	0.002840
513	7	7	14	1	P999	146	0.002094	0.002094	0.002840	0.002840
514	7	623	630	1	P1	1	0.001499	0.001499	0.001746	0.001746
514	7	623	630	1	P50	3	-0.001215	-0.001230	-0.000993	-0.001007
514	7	623	630	1	P75	4	-0.002295	-0.002295	-0.002079	-0.002079
514	7	623	630	1	P90	4	-0.000565	-0.000583	-0.000349	-0.000367
514	7	623	630	1	P95	4	-0.000000	-0.000000	0.000216	0.000216
514	7	623	630	1	P99	114	0.003401	0.003401	0.003545	0.003545
514	7	623	630	1	P999	148	0.000307	0.000307	0.000444	0.000444
515	7	31	38	1	P1	5	0.000578	0.000578	-0.001845	-0.001845
515	7	31	38	1	P50	6	0.001188	0.000564	0.002466	0.001841
515	7	31	38	1	P75	12	0.003450	0.003450	0.000839	0.000839
515	7	31	38	1	P90	1319	-0.002296	-0.002296	0.001606	0.001606
515	7	31	38	1	P95	1364	-0.000328	-0.000328	0.003574	0.003574
515	7	31	38	1	P99	1434	0.001970	0.001970	0.002117	0.002117
515	7	31	38	1	P999	1434	0.001970	0.001970	0.002117	0.002117
516	31	7	38	1	P1	990	0.001544	0.001544	0.002578	0.002578
516	31	7	38	1	P50	4928	-0.001319	-0.006904	0.001178	-0.006279
516	31	7	38	1	P75	5135	0.000531	0.000531	0.001149	0.001149
516	31	7	38	1	P90	5483	0.002261	0.002261	0.002863	0.002863
516	31	7	38	1	P95	5737	0.001843	0.001843	0.002433	0.002433
516	31	7	38	1	P99	9396	0.002031	0.002031	0.002497	0.002497
516	31	7	38	1	P999	9396	0.002031	0.002031	0.002497	0.002497
517	7	7	14	1	P1	984	-0.000378	-0.000378	0.001178	0.001178
517	7	7	14	1	P50	1032	0.000595	-0.001274	0.002145	0.000274
517	7	7	14	1	P75	1071	0.000886	0.000886	0.002431	0.002431
517	7	7	14	1	P90	1090	0.001996	0.001996	0.003540	0.003540
517	7	7	14	1	P95	1096	0.003989	0.003989	0.001783	0.001783
517	7	7	14	1	P99	1096	0.003989	0.003989	0.001783	0.001783
517	7	7	14	1	P999	1096	0.003989	0.003989	0.001783	0.001783
518	7	7	14	1	P1	979	-0.001305	-0.001305	0.000665	0.000665
518	7	7	14	1	P50	1012	-0.000191	-0.001436	0.001155	-0.000714
518	7	7	14	1	P75	1068	-0.000468	-0.000468	0.001497	0.001497
518	7	7	14	1	P90	1074	0.001407	0.001407	0.003375	0.003375
518	7	7	14	1	P95	1079	0.000500	0.000500	0.002466	0.002466
518	7	7	14	1	P99	1079	0.000500	0.000500	0.002466	0.002466
518	7	7	14	1	P999	1079	0.000500	0.000500	0.002466	0.002466
519	7	7	14	1	P1	978	0.002777	0.002777	0.003562	0.003562
519	7	7	14	1	P50	1012	0.002248	-0.005218	0.001155	-0.004443
519	7	7	14	1	P75	1074	0.002603	0.002603	0.003375	0.003375
519	7	7	14	1	P90	1089	0.003690	0.003690	0.000714	0.000714
519	7	7	14	1	P95	1098	-0.000808	-0.000808	0.003704	0.003704
519	7	7	14	1	P99	1098	-0.000808	-0.000808	0.003704	0.003704
519	7	7	14	1	P999	1098	-0.000808	-0.000808	0.003704	0.003704
520	7	7	14	1	P1	983	0.002569	0.002569	0.002197	0.002197
520	7	7	14	1	P50	1014	0.001422	-0.002315	0.001049	-0.002685
520	7	7	14	1	P75	1043	0.001258	0.001258	0.002758	0.002758
520	7	7	14	1	P90	1066	0.000004	0.000004	0.003376	0.003376
520	7	7	14	1	P95	1070	-0.000004	-0.000004	0.003368	0.003368
520	7	7	14	1	P99	1070	-0.000004	-0.000004	0.003368	0.003368
520	7	7	14	1	P999	1070	-0.000004	-0.000004	0.003368	0.003368
521	7	7	14	1	P1	980	-0.000168	-0.000168	0.001514	0.001514
521	7	7	14	1	P50	1020	0.000951	-0.013906	0.002629	-0.012251
521	7	7	14	1	P75	1039	0.001187	0.001187	0.002863	0.002863
521	7	7	14	1	P90	1079	0.000796	0.000796	0.002466	0.002466
521	7	7	14	1	P95	1097	-0.000795	-0.000795	0.000870	0.000870
521	7	7	14	1	P99	1097	-0.000795	-0.000795	0.000870	0.000870
521	7	7	14	1	P999	1097	-0.000795	-0.000795	0.000870	0.000870
522	7	7	14	1	P1	988	0.000247	0.000247	0.000859	0.000859
522	7	7	14	1	P50	1019	0.003005	-0.000738	0.003613	-0.000132
522	7	7	14	1	P75	1040	0.001295	0.001295	0.001899	0.001899
522	7	7	14	1	P90	1082	-0.000911	-0.000911	0.003430	0.003430
522	7	7	14	1	P95	1092	0.001105	0.001105	0.001702	0.001702
522	7	7	14	1	P99	1092	0.001105	0.001105	0.001702	0.001702
522	7	7	14	1	P999	1092	0.001105	0.001105	0.001702	0.001702
523	7	7	14	1	P1	981	0.003401	0.003401	0.000493	0.000493
523	7	7	14	1	P50	1013	0.001209	-0.009958	0.002038	-0.009136
523	7	7	14	1	P75	1044	0.000978	0.000978	0.001798	0.001798
523	7	7	14	1	P90	1086	0.002669	0.002669	0.003478	0.003478
523	7	7	14	1	P95	1128	-0.001627	-0.001627	0.002911	0.002911
523	7	7	14	1	P99	1128	-0.001627	-0.001627	0.002911	0.002911
523	7	7	14	1	P999	1128	-0.001627	-0.001627	0.002911	0.002911
524	7	623	630	1	P1	1	0.001966	0.001966	0.002015	0.002015
524	7	623	630	1	P50	3	0.001556	0.001542	-0.002243	-0.002257
524	7	623	630	1	P75	3	0.003752	0.003752	-0.000056	-0.000056
524	7	623	630	1	P90	4	-0.000992	-0.001025	-0.001083	-0.001116
524	7	623	630	1	P95	4	0.000024	0.000024	-0.000068	-0.000068
524	7	623	630	1	P99	1004	0.000395	0.000395	0.003490	0.003490
524	7	623	630	1	P999	1083	-0.000581	-0.000581	0.002503	0.002503
525	7	31	38	1	P1	4	0.000382	0.000382	-0.001378	-0.001378
525	7	31	38	1	P50	7	0.002449	0.001512	0.000634	-0.000300
525	7	31	38	1	P75	14	-0.000673	-0.000673	0.001191	0.001191
525	7	31	38	1	P90	1077	0.002853	0.002853	0.000580	0.000580
525	7	31	38	1	P95	1126	-0.000522	-0.000522	0.000944	0.000944
525	7	31	38	1	P99	1134	-0.000125	-0.000125	0.001340	0.001340
525	7	31	38	1	P999	1134	-0.000125	-0.000125	0.001340	0.001340
526	31	7	38	1	P1	915	0.002126	0.002126	0.002862	0.002862
526	31	7	38	1	P50	4911	0.000385	-0.001483	0.000895	-0.000974
526	31	7	38	1	P75	5357	-0.000557	-0.000557	0.003686	0.003686
526	31	7	38	1	P90	5671	0.002300	0.002300	0.002791	0.002791
526	31	7	38	1	P95	6235	0.000946	0.000946	0.001424	0.001424
526	31	7	38	1	P99	8819	0.001895	0.001895	0.002327	0.002327
526	31	7	38	1	P999	8819	0.001895	0.001895	0.002327	0.002327
527	7	7	14	1	P1	916	0.001109	0.001109	0.001767	0.001767
527	7	7	14	1	P50	971	-0.001117	-0.002983	0.001395	-0.000475
527	7	7	14	1	P75	994	0.001022	0.001022	0.000411	0.000411
527	7	7	14	1	P90	999	-0.001503	-0.001503	0.001001	0.001001
527	7	7	14	1	P95	1008	0.004493	0.004493	0.003251	0.003251
527	7	7	14	1	P99	1008	0.004493	0.004493	0.003251	0.003251
527	7	7	14	1	P999	1008	0.004493	0.004493	0.003251	0.003251
528	7	7	14	1	P1	918	0.000326	0.000326	0.003328	0.003328
528	7	7	14	1	P50	964	0.003773	-0.014814	0.003027	-0.015545
528	7	7	14	1	P75	993	0.000294	0.000294	0.003292	0.003292
528	7	7	14	1	P90	1017	0.002582	0.002582	0.001834	0.001834
528	7	7	14	1	P95	1095	-0.000293	-0.000293	0.002698	0.002698
528	7	7	14	1	P99	1095	-0.000293	-0.000293	0.002698	0.002698
528	7	7	14	1	P999	1095	-0.000293	-0.000293	0.002698	0.002698
529	7	7	14	1	P1	906	0.002559	0.002559	0.001530	0.001530
529	7	7	14	1	P50	952	0.001630	-0.016918	0.000597	-0.017930
529	7	7	14	1	P75	992	-0.000277	-0.000277	0.000556	0.000556
529	7	7	14	1	P90	1025	0.002516	0.002516	0.001474	0.001474
529	7	7	14	1	P95	1108	-0.000584	-0.000584	0.002109	0.002109
529	7	7	14	1	P99	1108	-0.000584	-0.000584	0.002109	0.002109
529	7	7	14	1	P999	1108	-0.000584	-0.000584	0.002109	0.002109
530	7	7	14	1	P1	918	0.001540	0.001540	0.003328	0.003328
530	7	7	14	1	P50	960	0.001663	-0.002074	0.003448	-0.000296
530	7	7	14	1	P75	982	0.001435	0.001435	0.003217	0.003217
530	7	7	14	1	P90	994	-0.001365	-0.001365	0.000411	0.000411
530	7	7	14	1	P95	995	-0.000503	-0.000503	0.001275	0.001275
530	7	7	14	1	P99	995	-0.000503	-0.000503	0.001275	0.001275
530	7	7	14	1	P999	995	-0.000503	-0.000503	0.001275	0.001275
531	7	7	14	1	P1	913	0.004439	0.004439	0.001309	0.001309
531	7	7	14	1	P50	974	0.000828	-0.000419	0.000178	-0.003553
531	7	7	14	1	P75	987	0.003153	0.003153	0.001873	0.001873
531	7	7	14	1	P90	1067	0.001867	0.001867	0.002435	0.002435
531	7	7	14	1	P95	1075	-0.001864	-0.001864	0.002442	0.002442
531	7	7	14	1	P99	1075	-0.001864	-0.001864	0.002442	0.002442
531	7	7	14	1	P999	1075	-0.001864	-0.001864	0.002442	0.002442
532	7	7	14	1	P1	927	0.000769	0.000769	0.001043	0.001043
532	7	7	14	1	P50	967	0.001512	-0.017032	0.003660	-0.018600
532	7	7	14	1	P75	995	0.000068	0.000068	-0.000594	-0.000594
532	7	7	14	1	P90	996	0.000933	0.000933	0.000270	0.000270
532	7	7	14	1	P95	998	-0.000139	-0.000139	0.002004	0.002004
532	7	7	14	1	P99	998	-0.000139	-0.000139	0.002004	0.002004
532	7	7	14	1	P999	998	-0.000139	-0.000139	0.002004	0.002004
533	623	7	630	1	P1	1	0.001543	0.001543	0.001746	0.001746
533	623	7	630	1	P50	3	-0.001745	-0.001760	-0.001577	-0.001592
533	623	7	630	1	P75	4	-0.002847	-0.002847	-0.002688	-0.002688
533	623	7	630	1	P90	4	-0.000737	-0.000759	-0.000578	-0.000600
533	623	7	630	1	P95	4	-0.000047	-0.000047	0.000112	0.000112
533	623	7	630	1	P99	177	0.000889	0.000889	0.000929	0.000929
533	623	7	630	1	P999	1052	0.001656	0.001656	0.001640	0.001640
534	31	31	62	1	P1	6	-0.001509	-0.001509	-0.000341	-0.000341
534	31	31	62	1	P50	3509	-0.000091	-0.995722	0.000625	-0.995717
534	31	31	62	1	P75	4876	-0.000121	-0.000121	-0.000675	-0.000675
534	31	31	62	1	P90	5253	0.000169	0.000169	0.000857	0.000857
534	31	31	62	1	P95	5546	0.000096	0.000096	0.000779	0.000779
534	31	31	62	1	P99	7272	0.000163	0.000163	0.000827	0.000827
534	31	31	62	1	P999	7272	0.000163	0.000163	0.000827	0.000827
535	7	7	14	1	P1	146	-0.001186	-0.001186	0.000967	0.000967
535	7	7	14	1	P50	930	0.001708	-0.000163	0.001551	-0.002186
535	7	7	14	1	P75	941	0.004916	0.004916	0.001005	0.001005
535	7	7	14	1	P90	973	0.001375	0.001375	0.001206	0.001206
535	7	7	14	1	P95	983	-0.001373	-0.001373	0.002197	0.002197
535	7	7	14	1	P99	983	-0.001373	-0.001373	0.002197	0.002197
535	7	7	14	1	P999	983	-0.001373	-0.001373	0.002197	0.002197
536	7	7	14	1	P1	142	0.003371	0.003371	0.000712	0.000712
536	7	7	14	1	P50	922	-0.000181	-0.001115	0.000844	-0.000091
536	7	7	14	1	P75	926	0.001098	0.001098	0.002124	0.002124
536	7	7	14	1	P90	973	0.000182	0.000182	0.001206	0.001206
536	7	7	14	1	P95	977	-0.000182	-0.000182	0.000841	0.000841
536	7	7	14	1	P99	977	-0.000182	-0.000182	0.000841	0.000841
536	7	7	14	1	P999	977	-0.000182	-0.000182	0.000841	0.000841
537	7	7	14	1	P1	145	0.003041	0.003041	0.002235	0.002235
537	7	7	14	1	P50	917	0.000389	-0.000857	0.000675	-0.001194
537	7	7	14	1	P75	923	0.002593	0.002593	0.001630	0.001630
537	7	7	14	1	P90	971	0.000491	0.000491	0.003268	0.003268
537	7	7	14	1	P95	994	-0.000490	-0.000490	0.002283	0.002283
537	7	7	14	1	P99	994	-0.000490	-0.000490	0.002283	0.002283
537	7	7	14	1	P999	994	-0.000490	-0.000490	0.002283	0.002283
538	7	7	14	1	P1	145	0.000484	0.000484	0.002235	0.002235
538	7	7	14	1	P50	921	0.000395	-0.008911	0.000060	-0.007388
538	7	7	14	1	P75	925	0.001670	0.001670	0.003207	0.003207
538	7	7	14	1	P90	983	0.000668	0.000668	0.002197	0.002197
538	7	7	14	1	P95	988	-0.000667	-0.000667	0.000859	0.000859
538	7	7	14	1	P99	988	-0.000667	-0.000667	0.000859	0.000859
538	7	7	14	1	P999	988	-0.000667	-0.000667	0.000859	0.000859
539	7	7	14	1	P1	142	0.002237	0.002237	0.000712	0.000712
539	7	7	14	1	P50	919	0.002220	-0.007104	0.000365	-0.005228
539	7	7	14	1	P75	967	0.001778	0.001778	0.003660	0.003660
539	7	7	14	1	P90	981	0.002360	0.002360	0.000493	0.000493
539	7	7	14	1	P95	988	-0.001014	-0.001014	0.000859	0.000859
539	7	7	14	1	P99	988	-0.001014	-0.001014	0.000859	0.000859
539	7	7	14	1	P999	988	-0.001014	-0.001014	0.000859	0.000859
540	7	623	630	1	P1	1	0.002804	0.002804	0.002183	0.002183
540	7	623	630	1	P50	3	-0.002265	-0.002278	-0.003109	-0.003122
540	7	623	630	1	P75	3	-0.000208	-0.000208	-0.001054	-0.001054
540	7	623	630	1	P90	3	0.001039	0.001026	0.000191	0.000178
540	7	623	630	1	P95	4	-0.000566	-0.000566	-0.001472	-0.001472
540	7	623	630	1	P99	151	0.000727	0.000727	0.002808	0.002808
540	7	623	630	1	P999	981	-0.001195	-0.001195	0.000493	0.000493
541	7	31	38	1	P1	4	-0.001542	-0.001542	-0.001378	-0.001378
541	7	31	38	1	P50	6	0.001388	0.000453	0.001529	0.000594
541	7	31	38	1	P75	10	0.003633	0.003633	0.003745	0.003745
541	7	31	38	1	P90	964	0.003174	0.003174	0.003027	0.003027
541	7	31	38	1	P95	1027	-0.000326	-0.000326	0.003267	0.003267
541	7	31	38	1	P99	1033	0.001326	0.001326	0.001175	0.001175
541	7	31	38	1	P999	1033	0.001326	0.001326	0.001175	0.001175
542	31	7	38	1	P1	879	0.002934	0.002934	0.001881	0.001881
542	31	7	38	1	P50	4665	0.001006	-0.010156	0.003698	-0.007495
542	31	7	38	1	P75	5068	-0.001485	-0.001485	0.001199	0.001199
542	31	7	38	1	P90	5508	0.003106	0.003106	0.002050	0.002050
542	31	7	38	1	P95	5625	0.000772	0.000772	0.003462	0.003462
542	31	7	38	1	P99	8751	0.003649	0.003649	0.002592	0.002592
542	31	7	38	1	P999	8751	0.003649	0.003649	0.002592	0.002592
543	7	7	14	1	P1	864	0.001941	0.001941	0.000402	0.000402
543	7	7	14	1	P50	902	0.000022	-0.003710	0.000347	-0.001521
543	7	7	14	1	P75	946	0.000996	0.000996	0.000689	0.000689
543	7	7	14	1	P90	949	0.001569	0.001569	0.000015	0.000015
543	7	7	14	1	P95	955	-0.000995	-0.000995	0.001189	0.001189
543	7	7	14	1	P99	955	-0.000995	-0.000995	0.001189	0.001189
543	7	7	14	1	P999	955	-0.000995	-0.000995	0.001189	0.001189
544	7	7	14	1	P1	861	0.002764	0.002764	0.000142	0.000142
544	7	7	14	1	P50	896	0.004046	0.000300	0.001415	0.000168
544	7	7	14	1	P75	940	0.000962	0.000962	0.002070	0.002070
544	7	7	14	1	P90	956	-0.000961	-0.000961	0.000142	0.000142
544	7	7	14	1	P95	963	0.002963	0.002963	0.000322	0.000322
544	7	7	14	1	P99	963	0.002963	0.002963	0.000322	0.000322
544	7	7	14	1	P999	963	0.002963	0.002963	0.000322	0.000322
545	7	7	14	1	P1	863	-0.000962	-0.000962	0.001561	0.001561
545	7	7	14	1	P50	897	0.001527	-0.000343	0.000299	-0.001569
545	7	7	14	1	P75	923	0.002870	0.002870	0.001630	0.001630
545	7	7	14	1	P90	954	-0.000256	-0.000256	0.002239	0.002239
545	7	7	14	1	P95	959	-0.001743	-0.001743	0.000747	0.000747
545	7	7	14	1	P99	959	-0.001743	-0.001743	0.000747	0.000747
545	7	7	14	1	P999	959	-0.001743	-0.001743	0.000747	0.000747
546	7	7	14	1	P1	863	0.001100	0.001100	0.001561	0.001561
546	7	7	14	1	P50	932	0.002694	-0.008489	0.003144	-0.011743
546	7	7	14	1	P75	971	-0.000917	-0.000917	0.003268	0.003268
546	7	7	14	1	P90	1916	0.003577	0.003577	0.000166	0.000166
546	7	7	14	1	P95	1949	0.001449	0.001449	0.001781	0.001781
546	7	7	14	1	P99	1949	0.001449	0.001449	0.001781	0.001781
546	7	7	14	1	P999	1949	0.001449	0.001449	0.001781	0.001781
547	7	7	14	1	P1	866	-0.000420	-0.000420	0.001829	0.001829
547	7	7	14	1	P50	900	0.002201	-0.001539	0.000698	-0.003036
547	7	7	14	1	P75	939	0.000908	0.000908	0.003137	0.003137
547	7	7	14	1	P90	956	0.001662	0.001662	0.000142	0.000142
547	7	7	14	1	P95	970	-0.001659	-0.001659	0.000556	0.000556
547	7	7	14	1	P99	970	-0.001659	-0.001659	0.000556	0.000556
547	7	7	14	1	P999	970	-0.001659	-0.001659	0.000556	0.000556
548	623	7	630	1	P1	1	0.001808	0.001808	0.002183	0.002183
548	623	7	630	1	P50	3	0.002246	0.002233	-0.001148	-0.001162
548	623	7	630	1	P75	4	-0.002648	-0.002648	-0.002311	-0.002311
548	623	7	630	1	P90	4	-0.000633	-0.000655	-0.000296	-0.000317
548	623	7	630	1	P95	4	0.000025	0.000025	0.000362	0.000362
548	623	7	630	1	P99	1038	-0.000107	-0.000107	0.000084	0.000084
548	623	7	630	1	P999	1154	0.002361	0.002361	0.002550	0.002550
549	31	31	62	1	P1	4	-0.001934	-0.001934	-0.002000	-0.002000
549	31	31	62	1	P50	3873	0.003016	-0.996119	0.002855	-0.996119
549	31	31	62	1	P75	4976	0.002866	0.002866	0.002701	0.002701
549	31	31	62	1	P90	5314	0.000690	0.000690	0.000525	0.000525
549	31	31	62	1	P95	5391	0.001256	0.001256	0.001091	0.001091
549	31	31	62	1	P99	9192	0.002191	0.002191	0.002018	0.002018
549	31	31	62	1	P999	9192	0.002191	0.002191	0.002018	0.002018
550	7	7	14	1	P1	910	0.002553	0.002553	0.000862	0.000862
550	7	7	14	1	P50	937	0.003229	-0.006105	-0.000342	-0.009640
550	7	7	14	1	P75	985	0.000005	0.000005	0.000162	0.000162
550	7	7	14	1	P90	998	0.001852	0.001852	0.002004	0.002004
550	7	7	14	1	P95	1013	-0.001849	-0.001849	0.002038	0.002038
550	7	7	14	1	P99	1013	-0.001849	-0.001849	0.002038	0.002038
550	7	7	14	1	P999	1013	-0.001849	-0.001849	0.002038	0.002038
551	7	7	14	0	P1	913	0.003312	0.003312	0.001309	0.001309
551	7	7	14	0	P50	937	0.003531	-0.000213	0.001528	-0.000342
551	7	7	14	0	P75	1002	-0.001867	-0.001867	-0.000129	-0.000129
551	7	7	14	0	P90	1027	0.001523	0.001523	0.003267	0.003267
551	7	7	14	0	P95	1034	0.002207	0.002207	0.000207	0.000207
551	7	7	14	0	P99	1034	0.002207	0.002207	0.000207	0.000207
551	7	7	14	0	P999	1034	0.002207	0.002207	0.000207	0.000207
552	7	7	14	1	P1	907	-0.000977	-0.000977	0.000426	0.000426
552	7	7	14	1	P50	937	0.000133	-0.001735	0.001528	-0.002209
552	7	7	14	1	P75	951	0.000258	0.000258	0.001649	0.001649
552	7	7	14	1	P90	1004	-0.001627	-0.001627	0.003490	0.003490
552	7	7	14	1	P95	1016	0.005198	0.005198	0.002820	0.002820
552	7	7	14	1	P99	1016	0.005198	0.005198	0.002820	0.002820
552	7	7	14	1	P999	1016	0.005198	0.005198	0.002820	0.002820
553	7	7	14	1	P1	914	0.001045	0.001045	-0.001654	-0.001654
553	7	7	14	1	P50	931	0.000060	-0.001807	0.000475	-0.001393
553	7	7	14	1	P75	952	0.000183	0.000183	0.000597	0.000597
553	7	7	14	1	P90	992	0.000143	0.000143	0.000556	0.000556
553	7	7	14	1	P95	996	-0.000143	-0.000143	0.000270	0.000270
553	7	7	14	1	P99	996	-0.000143	-0.000143	0.000270	0.000270
553	7	7	14	1	P999	996	-0.000143	-0.000143	0.000270	0.000270
554	7	7	14	1	P1	923	0.001299	0.001299	-0.000240	-0.000240
554	7	7	14	1	P50	938	0.001689	0.000753	-0.000474	-0.001408
554	7	7	14	1	P75	995	-0.000298	-0.000298	0.001275	0.001275
554	7	7	14	1	P90	1046	0.002052	0.002052	0.003627	0.003627
554	7	7	14	1	P95	1139	0.002854	0.002854	0.000678	0.000678
554	7	7	14	1	P99	1139	0.002854	0.002854	0.000678	0.000678
554	7	7	14	1	P999	1139	0.002854	0.002854	0.000678	0.000678
555	7	7	14	1	P1	922	0.001088	0.001088	0.000844	0.000844
555	7	7	14	1	P50	947	0.004254	-0.006948	0.002127	-0.005337
555	7	7	14	1	P75	985	-0.001445	-0.001445	0.000162	0.000162
555	7	7	14	1	P90	1000	-0.001603	-0.001603	0.000000	0.000000
555	7	7	14	1	P95	1016	0.001218	0.001218	0.002820	0.002820
555	7	7	14	1	P99	1016	0.001218	0.001218	0.002820	0.002820
555	7	7	14	1	P999	1016	0.001218	0.001218	0.002820	0.002820
556	7	7	14	1	P1	908	0.000615	0.000615	0.003067	0.003067
556	7	7	14	1	P50	936	0.000153	-0.003579	0.002598	-0.001143
556	7	7	14	1	P75	959	0.002051	0.002051	0.000747	0.000747
556	7	7	14	1	P90	995	-0.001154	-0.001154	0.001275	0.001275
556	7	7	14	1	P95	1003	0.002055	0.002055	0.000743	0.000743
556	7	7	14	1	P99	1003	0.002055	0.002055	0.000743	0.000743
556	7	7	14	1	P999	1003	0.002055	0.002055	0.000743	0.000743
557	7	7	14	1	P1	915	0.002171	0.002171	0.002862	0.002862
557	7	7	14	1	P50	937	0.004593	0.002716	0.001528	-0.000342
557	7	7	14	1	P75	983	0.000277	0.000277	0.002197	0.002197
557	7	7	14	1	P90	1013	0.003248	0.003248	0.002038	0.002038
557	7	7	14	1	P95	1016	0.002157	0.002157	0.002820	0.002820
557	7	7	14	1	P99	1016	0.002157	0.002157	0.002820	0.002820
557	7	7	14	1	P999	1016	0.002157	0.002157	0.002820	0.002820
558	7	7	14	1	P1	921	0.000651	0.000651	0.000060	0.000060
558	7	7	14	1	P50	942	0.000534	-0.003199	0.003687	-0.000057
558	7	7	14	1	P75	974	-0.001098	-0.001098	-0.001689	-0.001689
558	7	7	14	1	P90	993	0.000141	0.000141	0.003292	0.003292
558	7	7	14	1	P95	997	-0.000141	-0.000141	0.003009	0.003009
558	7	7	14	1	P99	997	-0.000141	-0.000141	0.003009	0.003009
558	7	7	14	1	P999	997	-0.000141	-0.000141	0.003009	0.003009
559	7	7	14	1	P1	911	0.002374	0.002374	0.003507	0.003507
559	7	7	14	1	P50	973	0.003828	-0.003650	0.001206	-0.002529
559	7	7	14	1	P75	1009	0.001135	0.001135	0.002257	0.002257
559	7	7	14	1	P90	1023	0.000439	0.000439	0.001558	0.001558
559	7	7	14	1	P95	1026	-0.000620	-0.000620	0.000498	0.000498
559	7	7	14	1	P99	1026	-0.000620	-0.000620	0.000498	0.000498
559	7	7	14	1	P999	1026	-0.000620	-0.000620	0.000498	0.000498
560	7	7	14	1	P1	920	0.000550	0.000550	-0.000722	-0.000722
560	7	7	14	1	P50	933	0.001473	-0.002264	0.000198	-0.001670
560	7	7	14	1	P75	970	-0.000036	-0.000036	0.000556	0.000556
560	7	7	14	1	P90	986	0.002299	0.002299	0.002889	0.002889
560	7	7	14	1	P95	1000	-0.000588	-0.000588	0.000000	0.000000
560	7	7	14	1	P99	1000	-0.000588	-0.000588	0.000000	0.000000
560	7	7	14	1	P999	1000	-0.000588	-0.000588	0.000000	0.000000
561	7	623	630	1	P1	2	-0.002374	-0.002374	-0.001078	-0.001078
561	7	623	630	1	P50	4	0.001567	0.001542	-0.000921	-0.000945
561	7	623	630	1	P75	5	-0.001785	-0.001785	-0.000550	-0.000550
561	7	623	630	1	P90	5	-0.000300	-0.000316	0.000936	0.000921
561	7	623	630	1	P95	5	0.000184	0.000184	0.001422	0.001422
561	7	623	630	1	P99	920	0.000261	0.000261	0.001147	0.001147
561	7	623	630	1	P999	981	-0.000388	-0.000388	0.000493	0.000493
562	7	31	38	1	P1	6	-0.000617	-0.000617	0.000594	0.000594
562	7	31	38	1	P50	9	0.003283	0.002748	0.000698	0.000164
562	7	31	38	1	P75	14	0.000090	0.000090	0.001191	0.001191
562	7	31	38	1	P90	1314	-0.000718	-0.000718	0.003540	0.003540
562	7	31	38	1	P95	1351	0.001422	0.001422	0.001932	0.001932
562	7	31	38	1	P99	1359	-0.000745	-0.000745	0.003508	0.003508
562	7	31	38	1	P999	1359	-0.000745	-0.000745	0.003508	0.003508
563	31	7	38	1	P1	1277	0.003478	0.003478	0.002194	0.002194
563	31	7	38	1	P50	4771	0.001532	-0.000339	0.003657	-0.000087
563	31	7	38	1	P75	5347	-0.000282	-0.000282	0.001811	0.001811
563	31	7	38	1	P90	5689	0.001282	0.001282	0.003362	0.003362
563	31	7	38	1	P95	6047	0.000076	0.000076	0.002138	0.002138
563	31	7	38	1	P99	8859	-0.000425	-0.000425	0.001538	0.001538
563	31	7	38	1	P999	8859	-0.000425	-0.000425	0.001538	0.001538
564	31	31	62	1	P1	4	-0.000269	-0.000269	-0.002000	-0.002000
564	31	31	62	1	P50	4312	0.000603	-0.995581	0.000142	-0.995589
564	31	31	62	1	P75	5020	-0.000024	-0.000024	0.001371	0.001371
564	31	31	62	1	P90	5491	0.000014	0.000014	0.001402	0.001402
564	31	31	62	1	P95	5568	0.001042	0.001042	0.002430	0.002430
564	31	31	62	1	P99	8275	0.001097	0.001097	0.002451	0.002451
564	31	31	62	1	P999	8275	0.001097	0.001097	0.002451	0.002451
565	7	7	14	1	P1	965	0.001335	0.001335	0.001987	0.001987
565	7	7	14	1	P50	1000	0.001225	-0.000645	0.000000	-0.001245
565	7	7	14	1	P75	1027	0.002625	0.002625	0.003267	0.003267
565	7	7	14	1	P90	1052	0.001003	0.001003	0.001640	0.001640
565	7	7	14	1	P95	1066	-0.001002	-0.001002	0.003376	0.003376
565	7	7	14	1	P99	1066	-0.001002	-0.001002	0.003376	0.003376
565	7	7	14	1	P999	1066	-0.001002	-0.001002	0.003376	0.003376
566	7	7	14	1	P1	968	0.001081	0.001081	0.002623	0.002623
566	7	7	14	1	P50	998	0.000463	-0.003269	-0.000490	-0.001734
566	7	7	14	1	P75	1001	0.001200	0.001200	0.002742	0.002742
566	7	7	14	1	P90	1056	0.000043	0.000043	0.001583	0.001583
566	7	7	14	1	P95	1072	-0.000043	-0.000043	0.001496	0.001496
566	7	7	14	1	P99	1072	-0.000043	-0.000043	0.001496	0.001496
566	7	7	14	1	P999	1072	-0.000043	-0.000043	0.001496	0.001496
567	7	7	14	1	P1	970	0.000343	0.000343	0.000556	0.000556
567	7	7	14	1	P50	994	0.002072	-0.001667	0.002283	-0.001457
567	7	7	14	1	P75	1020	0.002420	0.002420	0.002629	0.002629
567	7	7	14	1	P90	1052	0.001435	0.001435	0.001640	0.001640
567	7	7	14	1	P95	1078	-0.000551	-0.000551	0.003395	0.003395
567	7	7	14	1	P99	1078	-0.000551	-0.000551	0.003395	0.003395
567	7	7	14	1	P999	1078	-0.000551	-0.000551	0.003395	0.003395
568	7	7	14	1	P1	980	0.000795	0.000795	0.001514	0.001514
568	7	7	14	1	P50	1002	0.001026	-0.000844	0.001741	-0.000129
568	7	7	14	1	P75	1056	0.000874	0.000874	0.001583	0.001583
568	7	7	14	1	P90	1074	0.002668	0.002668	0.003375	0.003375
568	7	7	14	1	P95	1094	-0.000832	-0.000832	0.003615	0.003615
568	7	7	14	1	P99	1094	-0.000832	-0.000832	0.003615	0.003615
568	7	7	14	1	P999	1094	-0.000832	-0.000832	0.003615	0.003615
569	7	7	14	1	P1	980	-0.000059	-0.000059	0.001514	0.001514
569	7	7	14	1	P50	1019	0.003917	0.000171	0.003613	-0.000132
569	7	7	14	1	P75	1073	0.000874	0.000874	0.000563	0.000563
569	7	7	14	1	P90	1087	-0.000873	-0.000873	0.002555	0.002555
569	7	7	14	1	P95	1090	0.003855	0.003855	0.003540	0.003540
569	7	7	14	1	P99	1090	0.003855	0.003855	0.003540	0.003540
569	7	7	14	1	P999	1090	0.003855	0.003855	0.003540	0.003540
570	7	7	14	1	P1	986	0.001811	0.001811	0.002889	0.002889
570	7	7	14	1	P50	1007	-0.000571	-0.002437	0.000500	-0.001368
570	7	7	14	1	P75	1059	-0.000445	-0.000445	0.000614	0.000614
570	7	7	14	1	P90	1074	-0.001423	-0.001423	0.003375	0.003375
570	7	7	14	1	P95	1100	0.004577	0.004577	0.001879	0.001879
570	7	7	14	1	P99	1100	0.004577	0.004577	0.001879	0.001879
570	7	7	14	1	P999	1100	0.004577	0.004577	0.001879	0.001879
571	7	7	14	1	P1	987	0.000805	0.000805	0.000002	0.000002
571	7	7	14	1	P50	1010	0.002070	-0.005394	0.001264	-0.002471
571	7	7	14	1	P75	1067	-0.000497	-0.000497	0.002435	0.002435
571	7	7	14	1	P90	1087	0.003368	0.003368	0.002555	0.002555
571	7	7	14	1	P95	1149	0.000228	0.000228	0.003156	0.003156
571	7	7	14	1	P99	1149	0.000228	0.000228	0.003156	0.003156
571	7	7	14	1	P999	1149	0.000228	0.000228	0.003156	0.003156
572	623	7	630	1	P1	1	0.001762	0.001762	0.002912	0.002912
572	623	7	630	1	P50	3	0.001003	0.000990	-0.001796	-0.001809
572	623	7	630	1	P75	3	0.002990	0.002990	0.000185	0.000185
572	623	7	630	1	P90	4	0.001949	0.001920	-0.000908	-0.000936
572	623	7	630	1	P95	4	0.002836	0.002836	-0.000024	-0.000024
572	623	7	630	1	P99	144	0.001480	0.001480	0.001679	0.001679
572	623	7	630	1	P999	158	0.002166	0.002166	0.002347	0.002347
573	31	31	62	1	P1	5	0.002938	0.002938	0.001625	0.001625
573	31	31	62	1	P50	3317	0.002354	-0.995165	0.000826	-0.995172
573	31	31	62	1	P75	4793	0.000588	0.000588	0.002792	0.002792
573	31	31	62	1	P90	5289	0.001176	0.001176	0.001503	0.001503
573	31	31	62	1	P95	5575	0.002718	0.002718	0.001171	0.001171
573	31	31	62	1	P99	8060	0.000425	0.000425	0.002611	0.002611
573	31	31	62	1	P999	8060	0.000425	0.000425	0.002611	0.002611
574	31	7	38	1	P1	46	-0.001916	-0.001916	0.000279	0.000279
574	31	7	38	1	P50	49	0.000117	-0.000299	0.002309	0.001893
574	31	7	38	1	P75	56	0.001998	0.001998	0.000434	0.000434
574	31	7	38	1	P90	108	-0.000574	-0.000574	0.001537	0.001537
574	31	7	38	1	P95	113	0.002771	0.002771	0.001136	0.001136
574	31	7	38	1	P99	115	0.000176	0.000176	0.002283	0.002283
574	31	7	38	1	P999	115	0.000176	0.000176	0.002283	0.002283
575	7	7	14	1	P1	99	0.001379	0.001379	0.002578	0.002578
575	7	7	14	1	P50	110	0.004455	0.000706	0.001879	0.000008
575	7	7	14	1	P75	115	0.001121	0.001121	0.002283	0.002283
575	7	7	14	1	P90	117	-0.001165	-0.001165	0.003736	0.003736
575	7	7	14	1	P95	118	0.001541	0.001541	0.002698	0.002698
575	7	7	14	1	P99	118	0.001541	0.001541	0.002698	0.002698
575	7	7	14	1	P999	118	0.001541	0.001541	0.002698	0.002698
576	7	7	14	0	P1	100	-0.001867	-0.001867	0.001871	0.001871
576	7	7	14	0	P50	108	0.001537	0.000290	0.001537	0.000290
576	7	7	14	0	P75	111	0.000303	0.000303	0.000303	0.000303
576	7	7	14	0	P90	114	0.003545	0.003545	0.003545	0.003545
576	7	7	14	0	P95	124	0.001692	0.001692	0.001692	0.001692
576	7	7	14	0	P99	124	0.001692	0.001692	0.001692	0.001692
576	7	7	14	0	P999	124	0.001692	0.001692	0.001692	0.001692
577	7	7	14	1	P1	101	0.002391	0.002391	0.001264	0.001264
577	7	7	14	1	P50	111	0.001452	0.000205	0.000303	-0.000943
577	7	7	14	1	P75	115	0.003444	0.003444	0.002283	0.002283
577	7	7	14	1	P90	117	0.004903	0.004903	0.003736	0.003736
577	7	7	14	1	P95	120	0.002008	0.002008	0.000839	0.000839
577	7	7	14	1	P99	120	0.002008	0.002008	0.000839	0.000839
577	7	7	14	1	P999	120	0.002008	0.002008	0.000839	0.000839
578	7	7	14	1	P1	101	0.001217	0.001217	0.001264	0.001264
578	7	7	14	1	P50	110	0.001849	-0.005614	0.001879	-0.005583
578	7	7	14	1	P75	113	0.001112	0.001112	0.001136	0.001136
578	7	7	14	1	P90	117	-0.000026	-0.000026	0.003736	0.003736
578	7	7	14	1	P95	120	0.000828	0.000828	0.000839	0.000839
578	7	7	14	1	P99	120	0.000828	0.000828	0.000839	0.000839
578	7	7	14	1	P999	120	0.000828	0.000828	0.000839	0.000839
579	7	7	14	1	P1	100	0.002219	0.002219	0.003745	0.003745
579	7	7	14	1	P50	109	0.002020	0.000772	0.003540	0.002290
579	7	7	14	1	P75	113	-0.000378	-0.000378	0.001136	0.001136
579	7	7	14	1	P90	118	0.001184	0.001184	0.002698	0.002698
579	7	7	14	1	P95	122	0.001492	0.001492	0.003004	0.003004
579	7	7	14	1	P99	122	0.001492	0.001492	0.003004	0.003004
579	7	7	14	1	P999	122	0.001492	0.001492	0.003004	0.003004
580	7	7	14	1	P1	101	0.002743	0.002743	0.001264	0.001264
580	7	7	14	1	P50	111	0.001786	-0.016764	0.000303	-0.014542
580	7	7	14	1	P75	115	-0.001841	-0.001841	0.000412	0.000412
580	7	7	14	1	P90	116	0.002586	0.002586	0.001099	0.001099
580	7	7	14	1	P95	118	0.000442	0.000442	0.002698	0.002698
580	7	7	14	1	P99	118	0.000442	0.000442	0.002698	0.002698
580	7	7	14	1	P999	118	0.000442	0.000442	0.002698	0.002698
581	7	7	14	1	P1	101	0.002921	0.002921	0.001264	0.001264
581	7	7	14	1	P50	107	-0.000585	-0.006174	0.001495	-0.007821
581	7	7	14	1	P75	111	0.001967	0.001967	0.000303	0.000303
581	7	7	14	1	P90	113	0.002803	0.002803	0.001136	0.001136
581	7	7	14	1	P95	114	0.001466	0.001466	0.003545	0.003545
581	7	7	14	1	P99	114	0.001466	0.001466	0.003545	0.003545
581	7	7	14	1	P999	114	0.001466	0.001466	0.003545	0.003545
582	7	7	14	1	P1	100	0.001885	0.001885	0.003745	0.003745
582	7	7	14	1	P50	107	0.001527	0.000591	0.003368	0.002431
582	7	7	14	1	P75	110	0.001918	0.001918	0.000008	0.000008
582	7	7	14	1	P90	111	-0.001524	-0.001524	0.000303	0.000303
582	7	7	14	1	P95	112	0.004472	0.004472	0.002551	0.002551
582	7	7	14	1	P99	112	0.004472	0.004472	0.002551	0.002551
582	7	7	14	1	P999	112	0.004472	0.004472	0.002551	0.002551
583	7	623	630	1	P1	2	-0.003636	-0.003636	-0.001608	-0.001608
583	7	623	630	1	P50	3	-0.000848	-0.000861	-0.002555	-0.002569
583	7	623	630	1	P75	3	0.001326	0.001326	-0.000385	-0.000385
583	7	623	630	1	P90	4	0.000192	0.000151	-0.001522	-0.001563
583	7	623	630	1	P95	4	0.001466	0.001466	-0.000250	-0.000250
583	7	623	630	1	P99	104	-0.001948	-0.001948	0.000028	0.000028
583	7	623	630	1	P999	177	0.002700	0.002700	0.000929	0.000929
584	7	31	38	1	P1	4	0.000779	0.000779	-0.002000	-0.002000
584	7	31	38	1	P50	5	0.000300	0.000104	0.001231	0.001034
584	7	31	38	1	P75	11	0.001042	0.001042	0.001879	0.001879
584	7	31	38	1	P90	131	0.002311	0.002311	0.002848	0.002848
584	7	31	38	1	P95	140	-0.000584	-0.000584	0.003689	0.003689
584	7	31	38	1	P99	243	0.001283	0.001283	0.001745	0.001745
584	7	31	38	1	P999	243	0.001283	0.001283	0.001745	0.001745
585	31	31	62	1	P1	42	0.003125	0.003125	0.000293	0.000293
585	31	31	62	1	P50	2853	0.001931	-0.924905	0.001998	-0.924861
585	31	31	62	1	P75	3678	0.002166	0.002166	0.002182	0.002182
585	31	31	62	1	P90	3991	-0.000996	-0.000996	0.002746	0.002746
585	31	31	62	1	P95	4145	0.002271	0.002271	0.002264	0.002264
585	31	31	62	1	P99	7619	-0.000802	-0.000802	0.002811	0.002811
585	31	31	62	1	P999	7619	-0.000802	-0.000802	0.002811	0.002811
586	7	7	14	0	P1	100	-0.001867	-0.001867	0.001871	0.001871
586	7	7	14	0	P50	108	-0.000333	-0.001266	-0.000333	-0.001266
586	7	7	14	0	P75	109	0.001666	0.001666	0.001666	0.001666
586	7	7	14	0	P90	112	0.002551	0.002551	0.002551	0.002551
586	7	7	14	0	P95	113	0.001136	0.001136	0.001136	0.001136
586	7	7	14	0	P99	113	0.001136	0.001136	0.001136	0.001136
586	7	7	14	0	P999	113	0.001136	0.001136	0.001136	0.001136
587	7	7	14	1	P1	100	-0.001313	-0.001313	0.001871	0.001871
587	7	7	14	1	P50	106	0.002102	0.000231	0.001540	-0.000330
587	7	7	14	1	P75	111	-0.001000	-0.001000	-0.001565	-0.001565
587	7	7	14	1	P90	112	0.001246	0.001246	0.000679	0.000679
587	7	7	14	1	P95	112	0.003120	0.003120	0.002551	0.002551
587	7	7	14	1	P99	112	0.003120	0.003120	0.002551	0.002551
587	7	7	14	1	P999	112	0.003120	0.003120	0.002551	0.002551
588	7	7	14	1	P1	96	0.001717	0.001717	0.003448	0.003448
588	7	7	14	1	P50	106	0.003586	0.001712	0.001540	-0.000330
588	7	7	14	1	P75	108	-0.000156	-0.000156	-0.000333	-0.000333
588	7	7	14	1	P90	110	0.000190	0.000190	0.001879	0.001879
588	7	7	14	1	P95	113	0.003200	0.003200	0.001136	0.001136
588	7	7	14	1	P99	113	0.003200	0.003200	0.001136	0.001136
588	7	7	14	1	P999	113	0.003200	0.003200	0.001136	0.001136
589	7	7	14	1	P1	98	0.000756	0.000756	0.001514	0.001514
589	7	7	14	1	P50	107	0.000748	-0.008562	0.001495	-0.007821
589	7	7	14	1	P75	110	0.001135	0.001135	0.001879	0.001879
589	7	7	14	1	P90	116	0.000363	0.000363	-0.000770	-0.000770
589	7	7	14	1	P95	116	0.004110	0.004110	0.001099	0.001099
589	7	7	14	1	P99	116	0.004110	0.004110	0.001099	0.001099
589	7	7	14	1	P999	116	0.004110	0.004110	0.001099	0.001099
590	7	7	14	1	P1	97	0.001192	0.001192	0.000556	0.000556
590	7	7	14	1	P50	109	0.000455	-0.014395	0.003540	-0.015042
590	7	7	14	1	P75	111	0.002840	0.002840	-0.001565	-0.001565
590	7	7	14	1	P90	112	0.003219	0.003219	0.002551	0.002551
590	7	7	14	1	P95	119	0.002412	0.002412	0.001732	0.001732
590	7	7	14	1	P99	119	0.002412	0.002412	0.001732	0.001732
590	7	7	14	1	P999	119	0.002412	0.002412	0.001732	0.001732
591	7	7	14	1	P1	98	0.000582	0.000582	0.001514	0.001514
591	7	7	14	1	P50	107	0.000571	-0.016120	0.001495	-0.015210
591	7	7	14	1	P75	108	0.000615	0.000615	0.001537	0.001537
591	7	7	14	1	P90	115	0.001366	0.001366	0.002283	0.002283
591	7	7	14	1	P95	116	0.003930	0.003930	0.001099	0.001099
591	7	7	14	1	P99	116	0.003930	0.003930	0.001099	0.001099
591	7	7	14	1	P999	116	0.003930	0.003930	0.001099	0.001099
592	7	7	14	0	P1	101	0.002379	0.002379	0.001264	0.001264
592	7	7	14	0	P50	107	0.000738	-0.017792	0.003368	-0.015210
592	7	7	14	0	P75	109	0.000909	0.000909	0.003540	0.003540
592	7	7	14	0	P90	112	0.003668	0.003668	0.002551	0.002551
592	7	7	14	0	P95	116	0.002214	0.002214	0.001099	0.001099
592	7	7	14	0	P99	116	0.002214	0.002214	0.001099	0.001099
592	7	7	14	0	P999	116	0.002214	0.002214	0.001099	0.001099
593	623	7	630	1	P1	1	0.003948	0.003948	0.003745	0.003745
593	623	7	630	1	P50	2	0.002079	0.002068	0.001795	0.001784
593	623	7	630	1	P75	3	-0.001104	-0.001104	-0.001435	-0.001435
593	623	7	630	1	P90	3	0.000345	0.000330	0.000013	-0.000002
593	623	7	630	1	P95	4	-0.001635	-0.001635	-0.002000	-0.002000
593	623	7	630	1	P99	270	0.001912	0.001912	0.001047	0.001047
593	623	7	630	1	P999	1172	-0.000680	-0.000680	0.002023	0.002023
594	31	31	62	1	P1	4	0.000165	0.000165	-0.002000	-0.002000
594	31	31	62	1	P50	3742	-0.000549	-0.991685	0.003625	-0.991706
594	31	31	62	1	P75	5026	-0.000205	-0.000205	0.000176	0.000176
594	31	31	62	1	P90	5300	-0.000947	-0.000947	0.003168	0.003168
594	31	31	62	1	P95	5695	0.001945	0.001945	0.002305	0.002305
594	31	31	62	1	P99	9316	-0.000447	-0.000447	0.003575	0.003575
594	31	31	62	1	P999	9316	-0.000447	-0.000447	0.003575	0.003575
595	7	7	14	1	P1	172	0.001959	0.001959	0.003424	0.003424
595	7	7	14	1	P50	993	0.001991	-0.027532	0.003292	-0.029899
595	7	7	14	1	P75	1017	0.000537	0.000537	0.001834	0.001834
595	7	7	14	1	P90	1044	0.000503	0.000503	0.001798	0.001798
595	7	7	14	1	P95	1049	-0.000537	-0.000537	0.000756	0.000756
595	7	7	14	1	P99	1049	-0.000537	-0.000537	0.000756	0.000756
595	7	7	14	1	P999	1049	-0.000537	-0.000537	0.000756	0.000756
596	7	7	14	1	P1	169	0.001068	0.001068	0.002327	0.002327
596	7	7	14	1	P50	977	0.003666	-0.003811	0.000841	-0.002893
596	7	7	14	1	P75	1020	0.001715	0.001715	0.002629	0.002629
596	7	7	14	1	P90	1050	-0.001103	-0.001103	0.003548	0.003548
596	7	7	14	1	P95	1062	0.002491	0.002491	0.003397	0.003397
596	7	7	14	1	P99	1062	0.002491	0.002491	0.003397	0.003397
596	7	7	14	1	P999	1062	0.002491	0.002491	0.003397	0.003397
597	7	7	14	1	P1	170	-0.000857	-0.000857	0.000162	0.000162
597	7	7	14	1	P50	974	0.001335	-0.000535	0.000178	-0.003553
597	7	7	14	1	P75	997	0.002298	0.002298	0.001136	0.001136
597	7	7	14	1	P90	1048	0.001010	0.001010	0.001711	0.001711
597	7	7	14	1	P95	1058	-0.001009	-0.001009	0.003433	0.003433
597	7	7	14	1	P99	1058	-0.001009	-0.001009	0.003433	0.003433
597	7	7	14	1	P999	1058	-0.001009	-0.001009	0.003433	0.003433
598	7	7	14	1	P1	173	0.001162	0.001162	0.001360	0.001360
598	7	7	14	1	P50	973	0.001139	-0.002596	0.001206	-0.002529
598	7	7	14	1	P75	1023	0.000872	0.000872	0.000935	0.000935
598	7	7	14	1	P90	1026	0.000435	0.000435	0.000498	0.000498
598	7	7	14	1	P95	1070	-0.000435	-0.000435	0.003368	0.003368
598	7	7	14	1	P99	1070	-0.000435	-0.000435	0.003368	0.003368
598	7	7	14	1	P999	1070	-0.000435	-0.000435	0.003368	0.003368
599	7	7	14	1	P1	182	0.000443	0.000443	0.001107	0.001107
599	7	7	14	1	P50	998	-0.000222	-0.022399	0.002004	-0.023874
599	7	7	14	1	P75	1027	0.001044	0.001044	0.003267	0.003267
599	7	7	14	1	P90	1045	0.002364	0.002364	0.000839	0.000839
599	7	7	14	1	P95	1163	0.000057	0.000057	0.002256	0.002256
599	7	7	14	1	P99	1163	0.000057	0.000057	0.002256	0.002256
599	7	7	14	1	P999	1163	0.000057	0.000057	0.002256	0.002256
600	7	7	14	1	P1	176	0.001875	0.001875	0.002861	0.002861
600	7	7	14	1	P50	969	-0.000147	-0.001393	0.001588	-0.002149
600	7	7	14	1	P75	1013	0.005314	0.005314	0.002038	0.002038
600	7	7	14	1	P90	1050	-0.000662	-0.000662	0.003548	0.003548
600	7	7	14	1	P95	1055	-0.001672	-0.001672	0.002532	0.002532
600	7	7	14	1	P99	1055	-0.001672	-0.001672	0.002532	0.002532
600	7	7	14	1	P999	1055	-0.001672	-0.001672	0.002532	0.002532
601	7	623	630	1	P1	1	0.004310	0.004310	0.003745	0.003745
601	7	623	630	1	P50	2	0.002546	0.002535	0.001846	0.001835
601	7	623	630	1	P75	3	-0.000532	-0.000532	-0.001308	-0.001308
601	7	623	630	1	P90	3	0.000955	0.000939	0.000177	0.000161
601	7	623	630	1	P95	4	-0.000546	-0.000546	-0.001378	-0.001378
601	7	623	630	1	P99	187	-0.000113	-0.000113	0.002041	0.002041
601	7	623	630	1	P999	1055	0.000715	0.000715	0.002532	0.002532
602	7	31	38	1	P1	6	-0.001052	-0.001052	-0.000528	-0.000528
602	7	31	38	1	P50	10	0.001441	-0.096405	0.001871	-0.099372
602	7	31	38	1	P75	15	0.001620	0.001620	0.001975	0.001975
602	7	31	38	1	P90	1111	-0.002017	-0.002017	0.001272	0.001272
602	7	31	38	1	P95	1129	0.002475	0.002475	0.002023	0.002023
602	7	31	38	1	P99	1277	-0.001072	-0.001072	0.002194	0.002194
602	7	31	38	1	P999	1277	-0.001072	-0.001072	0.002194	0.002194
603	31	7	38	1	P1	963	0.003378	0.003378	0.000322	0.000322
603	31	7	38	1	P50	4831	0.000100	-0.023911	0.000498	-0.019861
603	31	7	38	1	P75	5116	0.000730	0.000730	0.001117	0.001117
603	31	7	38	1	P90	5422	0.002459	0.002459	0.002836	0.002836
603	31	7	38	1	P95	5932	0.002289	0.002289	0.002650	0.002650
603	31	7	38	1	P99	7209	0.001728	0.001728	0.002054	0.002054
603	31	7	38	1	P999	7209	0.001728	0.001728	0.002054	0.002054
604	7	7	14	1	P1	940	0.002718	0.002718	0.002070	0.002070
604	7	7	14	1	P50	968	0.002031	-0.005435	0.000128	-0.008558
604	7	7	14	1	P75	971	0.002677	0.002677	0.003268	0.003268
604	7	7	14	1	P90	1116	0.001845	0.001845	0.002391	0.002391
604	7	7	14	1	P95	1137	-0.001841	-0.001841	0.002438	0.002438
604	7	7	14	1	P99	1137	-0.001841	-0.001841	0.002438	0.002438
604	7	7	14	1	P999	1137	-0.001841	-0.001841	0.002438	0.002438
605	7	7	14	1	P1	938	0.000685	0.000685	0.000460	0.000460
605	7	7	14	1	P50	1013	0.002274	-0.016287	0.002038	-0.016516
605	7	7	14	1	P75	1045	0.001079	0.001079	0.000839	0.000839
605	7	7	14	1	P90	1077	0.000824	0.000824	0.000580	0.000580
605	7	7	14	1	P95	1141	-0.000824	-0.000824	0.002665	0.002665
605	7	7	14	1	P99	1141	-0.000824	-0.000824	0.002665	0.002665
605	7	7	14	1	P999	1141	-0.000824	-0.000824	0.002665	0.002665
606	7	7	14	1	P1	948	0.001140	0.001140	0.001070	0.001070
606	7	7	14	1	P50	986	0.002960	-0.004510	0.002889	-0.004580
606	7	7	14	1	P75	1038	0.000155	0.000155	0.000084	0.000084
606	7	7	14	1	P90	1046	-0.000047	-0.000047	0.003627	0.003627
606	7	7	14	1	P95	1052	0.001711	0.001711	0.001640	0.001640
606	7	7	14	1	P99	1052	0.001711	0.001711	0.001640	0.001640
606	7	7	14	1	P999	1052	0.001711	0.001711	0.001640	0.001640
607	7	7	14	1	P1	948	0.001837	0.001837	0.001070	0.001070
607	7	7	14	1	P50	998	-0.000334	-0.020681	0.000133	-0.016549
607	7	7	14	1	P75	1021	0.001185	0.001185	0.001647	0.001647
607	7	7	14	1	P90	1043	-0.001439	-0.001439	0.002758	0.002758
607	7	7	14	1	P95	1046	-0.000573	-0.000573	0.003627	0.003627
607	7	7	14	1	P99	1046	-0.000573	-0.000573	0.003627	0.003627
607	7	7	14	1	P999	1046	-0.000573	-0.000573	0.003627	0.003627
608	7	7	14	1	P1	953	0.002481	0.002481	0.003290	0.003290
608	7	7	14	1	P50	1001	0.000076	-0.001792	0.000870	-0.000999
608	7	7	14	1	P75	1022	0.001750	0.001750	0.000667	0.000667
608	7	7	14	1	P90	1039	-0.001661	-0.001661	0.002863	0.002863
608	7	7	14	1	P95	1046	-0.000899	-0.000899	0.003627	0.003627
608	7	7	14	1	P99	1046	-0.000899	-0.000899	0.003627	0.003627
608	7	7	14	1	P999	1046	-0.000899	-0.000899	0.003627	0.003627
609	7	7	14	1	P1	954	0.001927	0.001927	0.002239	0.002239
609	7	7	14	1	P50	968	0.000442	-0.000804	0.002623	0.001374
609	7	7	14	1	P75	1012	0.000853	0.000853	0.003028	0.003028
609	7	7	14	1	P90	1025	0.001798	0.001798	0.001474	0.001474
609	7	7	14	1	P95	1029	-0.000852	-0.000852	0.001317	0.001317
609	7	7	14	1	P99	1029	-0.000852	-0.000852	0.001317	0.001317
609	7	7	14	1	P999	1029	-0.000852	-0.000852	0.001317	0.001317
610	7	7	14	1	P1	949	0.000719	0.000719	0.000015	0.000015
610	7	7	14	1	P50	969	0.002297	0.000425	0.001588	-0.000282
610	7	7	14	1	P75	1011	-0.000881	-0.000881	0.000274	0.000274
610	7	7	14	1	P90	1027	0.002112	0.002112	0.001394	0.001394
610	7	7	14	1	P95	1029	0.002036	0.002036	0.001317	0.001317
610	7	7	14	1	P99	1029	0.002036	0.002036	0.001317	0.001317
610	7	7	14	1	P999	1029	0.002036	0.002036	0.001317	0.001317
611	7	623	630	1	P1	1	0.001180	0.001180	0.002620	0.002620
611	7	623	630	1	P50	3	0.000647	0.000633	-0.001799	-0.001813
611	7	623	630	1	P75	3	0.002800	0.002800	0.000349	0.000349
611	7	623	630	1	P90	4	0.001794	0.001767	-0.000693	-0.000720
611	7	623	630	1	P95	4	0.002630	0.002630	0.000140	0.000140
611	7	623	630	1	P99	953	0.002768	0.002768	0.003290	0.003290
611	7	623	630	1	P999	1054	-0.000769	-0.000769	0.003483	0.003483
612	7	31	38	1	P1	4	-0.000107	-0.000107	-0.002311	-0.002311
612	7	31	38	1	P50	6	-0.001304	-0.002050	0.000220	-0.000528
612	7	31	38	1	P75	11	0.000363	0.000363	0.001879	0.001879
612	7	31	38	1	P90	1130	0.000945	0.000945	0.001136	0.001136
612	7	31	38	1	P95	1134	-0.000097	-0.000097	0.000094	0.000094
612	7	31	38	1	P99	1135	0.002764	0.002764	0.000458	0.000458
612	7	31	38	1	P999	1135	0.002764	0.002764	0.000458	0.000458
613	31	7	38	1	P1	915	0.001832	0.001832	0.000366	0.000366
613	31	7	38	1	P50	4498	0.001891	-0.001848	0.002770	-0.000971
613	31	7	38	1	P75	4845	0.000472	0.000472	0.000719	0.000719
613	31	7	38	1	P90	4996	0.001558	0.001558	0.002427	0.002427
613	31	7	38	1	P95	5369	0.000581	0.000581	0.001443	0.001443
613	31	7	38	1	P99	8661	0.000897	0.000897	0.001714	0.001714
613	31	7	38	1	P999	8661	0.000897	0.000897	0.001714	0.001714
614	7	7	14	1	P1	906	0.002025	0.002025	0.001530	0.001530
614	7	7	14	1	P50	929	0.003131	-0.000613	0.001380	0.000133
614	7	7	14	1	P75	952	0.004853	0.004853	0.000597	0.000597
614	7	7	14	1	P90	987	-0.001352	-0.001352	0.001873	0.001873
614	7	7	14	1	P95	989	0.004109	0.004109	0.003591	0.003591
614	7	7	14	1	P99	989	0.004109	0.004109	0.003591	0.003591
614	7	7	14	1	P999	989	0.004109	0.004109	0.003591	0.003591
615	7	7	14	1	P1	914	0.000149	0.000149	0.000214	0.000214
615	7	7	14	1	P50	933	0.002008	-0.001731	0.002069	-0.001670
615	7	7	14	1	P75	959	0.002562	0.002562	0.000747	0.000747
615	7	7	14	1	P90	977	0.000786	0.000786	0.000841	0.000841
615	7	7	14	1	P95	997	-0.000786	-0.000786	0.003009	0.003009
615	7	7	14	1	P99	997	-0.000786	-0.000786	0.003009	0.003009
615	7	7	14	1	P999	997	-0.000786	-0.000786	0.003009	0.003009
616	7	7	14	1	P1	908	0.003043	0.003043	0.003067	0.003067
616	7	7	14	1	P50	941	0.000989	-0.000881	0.001005	-0.000864
616	7	7	14	1	P75	971	-0.000485	-0.000485	0.003268	0.003268
616	7	7	14	1	P90	984	0.001171	0.001171	0.001178	0.001178
616	7	7	14	1	P95	990	-0.001169	-0.001169	0.002578	0.002578
616	7	7	14	1	P99	990	-0.001169	-0.001169	0.002578	0.002578
616	7	7	14	1	P999	990	-0.001169	-0.001169	0.002578	0.002578
617	7	7	14	1	P1	901	0.000818	0.000818	0.000833	0.000833
617	7	7	14	1	P50	929	0.002615	-0.001126	0.002629	-0.001112
617	7	7	14	1	P75	974	0.000165	0.000165	0.000178	0.000178
617	7	7	14	1	P90	995	0.001263	0.001263	0.001275	0.001275
617	7	7	14	1	P95	1015	0.003797	0.003797	0.000063	0.000063
617	7	7	14	1	P99	1015	0.003797	0.003797	0.000063	0.000063
617	7	7	14	1	P999	1015	0.003797	0.003797	0.000063	0.000063
618	7	7	14	1	P1	907	0.002145	0.002145	0.000426	0.000426
618	7	7	14	1	P50	926	-0.000829	-0.001763	0.000253	-0.001615
618	7	7	14	1	P75	965	-0.000022	-0.000022	0.001987	0.001987
618	7	7	14	1	P90	971	0.001258	0.001258	0.003268	0.003268
618	7	7	14	1	P95	1003	-0.001256	-0.001256	0.000743	0.000743
618	7	7	14	1	P99	1003	-0.001256	-0.001256	0.000743	0.000743
618	7	7	14	1	P999	1003	-0.001256	-0.001256	0.000743	0.000743
619	7	7	14	1	P1	910	0.000428	0.000428	0.000862	0.000862
619	7	7	14	1	P50	942	0.001386	-0.004214	0.001813	-0.003788
619	7	7	14	1	P75	963	0.003646	0.003646	0.000322	0.000322
619	7	7	14	1	P90	991	0.001149	0.001149	0.001566	0.001566
619	7	7	14	1	P95	997	-0.001148	-0.001148	0.003009	0.003009
619	7	7	14	1	P99	997	-0.001148	-0.001148	0.003009	0.003009
619	7	7	14	1	P999	997	-0.001148	-0.001148	0.003009	0.003009
620	7	7	14	1	P1	902	0.003369	0.003369	0.002218	0.002218
620	7	7	14	1	P50	965	0.003150	-0.019102	0.001987	-0.020235
620	7	7	14	1	P75	989	-0.000859	-0.000859	0.001718	0.001718
620	7	7	14	1	P90	1000	0.001166	0.001166	0.000000	0.000000
620	7	7	14	1	P95	1017	0.003005	0.003005	0.001834	0.001834
620	7	7	14	1	P99	1017	0.003005	0.003005	0.001834	0.001834
620	7	7	14	1	P999	1017	0.003005	0.003005	0.001834	0.001834
621	7	7	14	1	P1	908	0.001558	0.001558	0.003067	0.003067
621	7	7	14	1	P50	951	0.000156	-0.007296	0.001649	-0.005811
621	7	7	14	1	P75	981	0.000880	0.000880	0.000493	0.000493
621	7	7	14	1	P90	987	0.004138	0.004138	0.001873	0.001873
621	7	7	14	1	P95	1004	-0.001729	-0.001729	0.003490	0.003490
621	7	7	14	1	P99	1004	-0.001729	-0.001729	0.003490	0.003490
621	7	7	14	1	P999	1004	-0.001729	-0.001729	0.003490	0.003490
622	623	7	630	1	P1	2	-0.001761	-0.001761	-0.001606	-0.001606
622	623	7	630	1	P50	3	-0.002281	-0.002295	-0.002141	-0.002155
622	623	7	630	1	P75	3	-0.000061	-0.000061	0.000080	0.000080
622	623	7	630	1	P90	4	-0.001068	-0.001098	-0.000938	-0.000968
622	623	7	630	1	P95	4	-0.000126	-0.000126	0.000004	0.000004
622	623	7	630	1	P99	106	0.001528	0.001528	0.001540	0.001540
622	623	7	630	1	P999	176	0.002868	0.002868	0.002861	0.002861
623	31	31	62	1	P1	4	-0.001527	-0.001527	-0.001378	-0.001378
623	31	31	62	1	P50	3958	0.000091	-0.995954	0.003576	-0.995954
623	31	31	62	1	P75	4979	0.000500	0.000500	0.000226	0.000226
623	31	31	62	1	P90	5441	0.003357	0.003357	0.003077	0.003077
623	31	31	62	1	P95	5546	0.002932	0.002932	0.002651	0.002651
623	31	31	62	1	P99	9330	0.002381	0.002381	0.002069	0.002069
623	31	31	62	1	P999	9330	0.002381	0.002381	0.002069	0.002069
624	31	7	38	1	P1	41	0.003850	0.003850	0.001965	0.001965
624	31	7	38	1	P50	50	0.001279	0.000531	-0.000619	-0.001365
624	31	7	38	1	P75	57	0.003339	0.003339	0.001426	0.001426
624	31	7	38	1	P90	106	0.003509	0.003509	0.001540	0.001540
624	31	7	38	1	P95	108	-0.000236	-0.000236	0.001537	0.001537
624	31	7	38	1	P99	114	0.001773	0.001773	0.003545	0.003545
624	31	7	38	1	P999	114	0.001773	0.001773	0.003545	0.003545
625	7	7	14	1	P1	98	0.001615	0.001615	0.001514	0.001514
625	7	7	14	1	P50	105	-0.000094	-0.007542	0.001674	-0.007643
625	7	7	14	1	P75	109	-0.000102	-0.000102	0.003540	0.003540
625	7	7	14	1	P90	110	0.001982	0.001982	0.001879	0.001879
625	7	7	14	1	P95	121	0.000121	0.000121	0.000016	0.000016
625	7	7	14	1	P99	121	0.000121	0.000121	0.000016	0.000016
625	7	7	14	1	P999	121	0.000121	0.000121	0.000016	0.000016
626	7	7	14	1	P1	94	0.000299	0.000299	0.002070	0.002070
626	7	7	14	1	P50	102	0.004630	0.000881	0.002629	0.000756
626	7	7	14	1	P75	110	0.003900	0.003900	0.001879	0.001879
626	7	7	14	1	P90	118	0.000992	0.000992	0.002698	0.002698
626	7	7	14	1	P95	121	-0.001679	-0.001679	0.000016	0.000016
626	7	7	14	1	P99	121	-0.001679	-0.001679	0.000016	0.000016
626	7	7	14	1	P999	121	-0.001679	-0.001679	0.000016	0.000016
627	7	7	14	0	P1	94	0.001514	0.001514	0.002070	0.002070
627	7	7	14	0	P50	101	0.000708	-0.001160	0.001264	-0.000605
627	7	7	14	0	P75	105	0.002990	0.002990	0.003548	0.003548
627	7	7	14	0	P90	107	0.002811	0.002811	0.003368	0.003368
627	7	7	14	0	P95	119	0.001176	0.001176	0.001732	0.001732
627	7	7	14	0	P99	119	0.001176	0.001176	0.001732	0.001732
627	7	7	14	0	P999	119	0.001176	0.001176	0.001732	0.001732
628	7	623	630	1	P1	1	0.002501	0.002501	0.002183	0.002183
628	7	623	630	1	P50	3	0.001681	0.001669	-0.002574	-0.002587
628	7	623	630	1	P75	3	0.003617	0.003617	-0.000647	-0.000647
628	7	623	630	1	P90	4	-0.001869	-0.001927	-0.002440	-0.002497
628	7	623	630	1	P95	4	-0.000088	-0.000088	-0.000660	-0.000660
628	7	623	630	1	P99	98	-0.001062	-0.001062	0.001514	0.001514
628	7	623	630	1	P999	148	0.005437	0.005437	0.000444	0.000444
629	7	31	38	1	P1	135	0.001368	0.001368	0.002674	0.002674
629	7	31	38	1	P50	4577	-0.000160	-0.015002	0.000307	-0.010848
629	7	31	38	1	P75	5096	-0.001014	-0.001014	-0.000573	-0.000573
629	7	31	38	1	P90	5366	0.001573	0.001573	0.002003	0.002003
629	7	31	38	1	P95	6221	-0.000461	-0.000461	0.003678	0.003678
629	7	31	38	1	P99	7762	-0.001178	-0.001178	0.002906	0.002906
629	7	31	38	1	P999	7762	-0.001178	-0.001178	0.002906	0.002906
630	7	7	14	1	P1	131	0.001726	0.001726	0.002848	0.002848
630	7	7	14	1	P50	135	0.003435	-0.002177	0.000802	-0.004794
630	7	7	14	1	P75	138	-0.001723	-0.001723	0.003124	0.003124
630	7	7	14	1	P90	140	0.002586	0.002586	0.003689	0.003689
630	7	7	14	1	P95	141	-0.000796	-0.000796	0.000303	0.000303
630	7	7	14	1	P99	141	-0.000796	-0.000796	0.000303	0.000303
630	7	7	14	1	P999	141	-0.000796	-0.000796	0.000303	0.000303
631	7	7	14	0	P1	124	-0.001867	-0.001867	-0.000179	-0.000179
631	7	7	14	0	P50	136	0.001076	-0.013780	0.002770	-0.012112
631	7	7	14	0	P75	139	-0.000184	-0.000184	0.001507	0.001507
631	7	7	14	0	P90	142	0.002763	0.002763	0.000712	0.000712
631	7	7	14	0	P95	144	0.003732	0.003732	0.001679	0.001679
631	7	7	14	0	P99	144	0.003732	0.003732	0.001679	0.001679
631	7	7	14	0	P999	144	0.003732	0.003732	0.001679	0.001679
632	7	7	14	1	P1	124	0.000921	0.000921	0.001692	0.001692
632	7	7	14	1	P50	134	0.001873	-0.005590	0.002633	-0.004835
632	7	7	14	1	P75	137	0.002164	0.002164	0.002920	0.002920
632	7	7	14	1	P90	138	0.002369	0.002369	0.003124	0.003124
632	7	7	14	1	P95	140	0.002936	0.002936	0.003689	0.003689
632	7	7	14	1	P99	140	0.002936	0.002936	0.003689	0.003689
632	7	7	14	1	P999	140	0.002936	0.002936	0.003689	0.003689
633	7	7	14	1	P1	122	0.000931	0.000931	0.003004	0.003004
633	7	7	14	1	P50	135	0.000618	-0.036100	0.002674	-0.034114
633	7	7	14	1	P75	138	-0.000175	-0.000175	0.001875	0.001875
633	7	7	14	1	P90	141	0.001998	0.001998	0.000303	0.000303
633	7	7	14	1	P95	144	-0.000365	-0.000365	0.001679	0.001679
633	7	7	14	1	P99	144	-0.000365	-0.000365	0.001679	0.001679
633	7	7	14	1	P999	144	-0.000365	-0.000365	0.001679	0.001679
634	7	7	14	1	P1	124	0.000738	0.000738	0.001692	0.001692
634	7	7	14	1	P50	134	0.000440	-0.000805	0.001384	0.000137
634	7	7	14	1	P75	138	0.002183	0.002183	0.003124	0.003124
634	7	7	14	1	P90	141	-0.000634	-0.000634	0.000303	0.000303
634	7	7	14	1	P95	142	0.003520	0.003520	0.000712	0.000712
634	7	7	14	1	P99	142	0.003520	0.003520	0.000712	0.000712
634	7	7	14	1	P999	142	0.003520	0.003520	0.000712	0.000712
635	7	7	14	1	P1	126	0.000398	0.000398	0.000642	0.000642
635	7	7	14	1	P50	135	0.002434	-0.005033	0.002674	-0.004794
635	7	7	14	1	P75	137	0.002681	0.002681	0.002920	0.002920
635	7	7	14	1	P90	139	0.003143	0.003143	0.003381	0.003381
635	7	7	14	1	P95	144	0.001443	0.001443	0.001679	0.001679
635	7	7	14	1	P99	144	0.001443	0.001443	0.001679	0.001679
635	7	7	14	1	P999	144	0.001443	0.001443	0.001679	0.001679
636	623	7	630	1	P1	2	-0.002523	-0.002523	-0.001586	-0.001586
636	623	7	630	1	P50	3	-0.000395	-0.000409	-0.003271	-0.003285
636	623	7	630	1	P75	3	0.001814	0.001814	-0.001070	-0.001070
636	623	7	630	1	P90	3	0.003152	0.003138	0.000264	0.000250
636	623	7	630	1	P95	4	0.001868	0.001868	-0.001074	-0.001074
636	623	7	630	1	P99	140	-0.000127	-0.000127	0.003689	0.003689
636	623	7	630	1	P999	176	-0.000906	-0.000906	0.002861	0.002861
637	31	7	38	1	P1	120	0.000771	0.000771	0.000839	0.000839
637	31	7	38	1	P50	4814	0.000712	-0.004884	0.000285	-0.001583
637	31	7	38	1	P75	5215	0.001078	0.001078	0.000641	0.000641
637	31	7	38	1	P90	5641	0.001064	0.001064	0.000616	0.000616
637	31	7	38	1	P95	5726	0.001062	0.001062	0.000612	0.000612
637	31	7	38	1	P99	8136	0.001196	0.001196	0.000699	0.000699
637	31	7	38	1	P999	8136	0.001196	0.001196	0.000699	0.000699
638	7	7	14	1	P1	117	0.000706	0.000706	0.003736	0.003736
638	7	7	14	1	P50	131	-0.000165	-0.015005	0.002848	-0.012035
638	7	7	14	1	P75	136	0.003506	0.003506	0.002770	0.002770
638	7	7	14	1	P90	140	0.000681	0.000681	0.003689	0.003689
638	7	7	14	1	P95	142	0.001451	0.001451	0.000712	0.000712
638	7	7	14	1	P99	142	0.001451	0.001451	0.000712	0.000712
638	7	7	14	1	P999	142	0.001451	0.001451	0.000712	0.000712
639	7	7	14	1	P1	119	0.000857	0.000857	0.001732	0.001732
639	7	7	14	1	P50	128	0.002724	0.001475	0.003590	0.002340
639	7	7	14	1	P75	136	0.000666	0.000666	0.001521	0.001521
639	7	7	14	1	P90	137	0.002065	0.002065	0.002920	0.002920
639	7	7	14	1	P95	141	0.003197	0.003197	0.000303	0.000303
639	7	7	14	1	P99	141	0.003197	0.003197	0.000303	0.000303
639	7	7	14	1	P999	141	0.003197	0.003197	0.000303	0.000303
640	7	7	14	0	P1	122	-0.002489	-0.002489	0.000507	0.000507
640	7	7	14	0	P50	131	0.001715	0.000780	0.000976	0.000041
640	7	7	14	0	P75	132	0.003460	0.003460	0.002719	0.002719
640	7	7	14	0	P90	133	0.003389	0.003389	0.002648	0.002648
640	7	7	14	0	P95	136	0.003511	0.003511	0.002770	0.002770
640	7	7	14	0	P99	136	0.003511	0.003511	0.002770	0.002770
640	7	7	14	0	P999	136	0.003511	0.003511	0.002770	0.002770
641	7	7	14	0	P1	120	-0.001867	-0.001867	-0.001030	-0.001030
641	7	7	14	0	P50	132	0.001879	-0.005583	0.002719	-0.004749
641	7	7	14	0	P75	135	0.001833	0.001833	0.002674	0.002674
641	7	7	14	0	P90	140	0.002848	0.002848	0.003689	0.003689
641	7	7	14	0	P95	142	0.003618	0.003618	0.000712	0.000712
641	7	7	14	0	P99	142	0.003618	0.003618	0.000712	0.000712
641	7	7	14	0	P999	142	0.003618	0.003618	0.000712	0.000712
642	7	7	14	1	P1	120	-0.001374	-0.001374	-0.001030	-0.001030
642	7	7	14	1	P50	129	0.002943	0.001070	0.003283	0.001409
642	7	7	14	1	P75	136	0.002435	0.002435	0.002770	0.002770
642	7	7	14	1	P90	140	0.003357	0.003357	0.003689	0.003689
642	7	7	14	1	P95	141	-0.000028	-0.000028	0.000303	0.000303
642	7	7	14	1	P99	141	-0.000028	-0.000028	0.000303	0.000303
642	7	7	14	1	P999	141	-0.000028	-0.000028	0.000303	0.000303
643	7	623	630	1	P1	1	0.001651	0.001651	0.002620	0.002620
643	7	623	630	1	P50	3	0.001553	0.001540	-0.001467	-0.001480
643	7	623	630	1	P75	4	0.000255	0.000255	-0.002826	-0.002826
643	7	623	630	1	P90	4	0.002464	0.002440	-0.000624	-0.000648
643	7	623	630	1	P95	4	0.003186	0.003186	0.000095	0.000095
643	7	623	630	1	P99	123	-0.001303	-0.001303	0.002314	0.002314
643	7	623	630	1	P999	133	-0.000953	-0.000953	0.002648	0.002648
644	7	31	38	1	P1	994	0.003261	0.003261	0.002283	0.002283
644	7	31	38	1	P50	5023	-0.003418	-0.008991	-0.001096	-0.006681
644	7	31	38	1	P75	5252	-0.001267	-0.001267	0.001047	0.001047
644	7	31	38	1	P90	5467	-0.000260	-0.000260	0.002045	0.002045
644	7	31	38	1	P95	6557	0.001147	0.001147	0.003406	0.003406
644	7	31	38	1	P99	9141	0.001679	0.001679	0.000104	0.000104
644	7	31	38	1	P999	9141	0.001679	0.001679	0.000104	0.000104
645	7	7	14	1	P1	152	0.003170	0.003170	0.003686	0.003686
645	7	7	14	1	P50	173	0.000853	-0.017681	0.001360	-0.017181
645	7	7	14	1	P75	937	0.001122	0.001122	0.001528	0.001528
645	7	7	14	1	P90	991	0.001163	0.001163	0.001566	0.001566
645	7	7	14	1	P95	1016	0.002419	0.002419	0.002820	0.002820
645	7	7	14	1	P99	1016	0.002419	0.002419	0.002820	0.002820
645	7	7	14	1	P999	1016	0.002419	0.002419	0.002820	0.002820
646	7	7	14	1	P1	151	0.001334	0.001334	0.002808	0.002808
646	7	7	14	1	P50	168	0.003079	-0.000664	0.000783	-0.001085
646	7	7	14	1	P75	933	0.004767	0.004767	0.002069	0.002069
646	7	7	14	1	P90	943	0.005325	0.005325	0.002623	0.002623
646	7	7	14	1	P95	949	0.002711	0.002711	0.000015	0.000015
646	7	7	14	1	P99	949	0.002711	0.002711	0.000015	0.000015
646	7	7	14	1	P999	949	0.002711	0.002711	0.000015	0.000015
647	7	7	14	1	P1	156	0.003964	0.003964	0.000132	0.000132
647	7	7	14	1	P50	185	0.001704	-0.049380	0.001579	-0.045927
647	7	7	14	1	P75	941	0.005251	0.005251	0.001005	0.001005
647	7	7	14	1	P90	972	0.002738	0.002738	0.002236	0.002236
647	7	7	14	1	P95	987	0.002378	0.002378	0.001873	0.001873
647	7	7	14	1	P99	987	0.002378	0.002378	0.001873	0.001873
647	7	7	14	1	P999	987	0.002378	0.002378	0.001873	0.001873
648	7	7	14	1	P1	153	0.002015	0.002015	0.000860	0.000860
648	7	7	14	1	P50	176	0.000277	-0.043601	0.002861	-0.044707
648	7	7	14	1	P75	935	0.001154	0.001154	0.001796	0.001796
648	7	7	14	1	P90	943	0.000110	0.000110	0.002623	0.002623
648	7	7	14	1	P95	966	0.002181	0.002181	0.000950	0.000950
648	7	7	14	1	P99	966	0.002181	0.002181	0.000950	0.000950
648	7	7	14	1	P999	966	0.002181	0.002181	0.000950	0.000950
649	7	7	14	1	P1	152	0.000084	0.000084	0.003686	0.003686
649	7	7	14	1	P50	181	0.001155	-0.013703	0.001010	-0.013846
649	7	7	14	1	P75	934	0.001165	0.001165	0.000996	0.000996
649	7	7	14	1	P90	947	0.002296	0.002296	0.002127	0.002127
649	7	7	14	1	P95	950	0.002873	0.002873	0.002703	0.002703
649	7	7	14	1	P99	950	0.002873	0.002873	0.002703	0.002703
649	7	7	14	1	P999	950	0.002873	0.002873	0.002703	0.002703
650	7	7	14	1	P1	153	0.001124	0.001124	0.000860	0.000860
650	7	7	14	1	P50	174	-0.000378	-0.004108	0.003076	-0.004395
650	7	7	14	1	P75	933	0.002687	0.002687	0.002069	0.002069
650	7	7	14	1	P90	955	0.001811	0.001811	0.001189	0.001189
650	7	7	14	1	P95	958	0.002415	0.002415	0.001792	0.001792
650	7	7	14	1	P99	958	0.002415	0.002415	0.001792	0.001792
650	7	7	14	1	P999	958	0.002415	0.002415	0.001792	0.001792
651	7	7	14	1	P1	152	0.000084	0.000084	0.003686	0.003686
651	7	7	14	1	P50	185	0.001725	-0.091050	0.001579	-0.091181
651	7	7	14	1	P75	934	-0.000705	-0.000705	0.000996	0.000996
651	7	7	14	1	P90	937	0.001697	0.001697	0.001528	0.001528
651	7	7	14	1	P95	940	0.002239	0.002239	0.002070	0.002070
651	7	7	14	1	P99	940	0.002239	0.002239	0.002070	0.002070
651	7	7	14	1	P999	940	0.002239	0.002239	0.002070	0.002070
652	623	7	630	1	P1	1	0.003236	0.003236	0.002912	0.002912
652	623	7	630	1	P50	3	-0.001754	-0.001767	-0.002235	-0.002247
652	623	7	630	1	P75	3	0.000254	0.000254	-0.000227	-0.000227
652	623	7	630	1	P90	4	-0.000875	-0.000912	-0.001397	-0.001434
652	623	7	630	1	P95	4	0.000273	0.000273	-0.000250	-0.000250
652	623	7	630	1	P99	1009	-0.000164	-0.000164	0.002257	0.002257
652	623	7	630	1	P999	1084	-0.000830	-0.000830	0.001579	0.001579
653	31	7	38	1	P1	156	0.000545	0.000545	0.000132	0.000132
653	31	7	38	1	P50	4831	0.003110	-0.000633	0.002370	-0.001370
653	31	7	38	1	P75	5200	0.000528	0.000528	0.001653	0.001653
653	31	7	38	1	P90	5780	-0.000544	-0.000544	0.002442	0.002442
653	31	7	38	1	P95	6310	0.001444	0.001444	0.000680	0.000680
653	31	7	38	1	P99	7513	0.002648	0.002648	0.001867	0.001867
653	31	7	38	1	P999	7513	0.002648	0.002648	0.001867	0.001867
654	7	7	14	1	P1	154	0.002116	0.002116	0.001823	0.001823
654	7	7	14	1	P50	179	0.001211	-0.031914	0.000907	-0.032205
654	7	7	14	1	P75	944	0.000117	0.000117	0.001561	0.001561
654	7	7	14	1	P90	950	0.001258	0.001258	0.000831	0.000831
654	7	7	14	1	P95	951	0.002076	0.002076	0.001649	0.001649
654	7	7	14	1	P99	951	0.002076	0.002076	0.001649	0.001649
654	7	7	14	1	P999	951	0.002076	0.002076	0.001649	0.001649
655	7	7	14	0	P1	152	-0.001867	-0.001867	0.001812	0.001812
655	7	7	14	0	P50	168	0.000842	-0.017690	0.000783	-0.017747
655	7	7	14	0	P75	936	0.000784	0.000784	0.000726	0.000726
655	7	7	14	0	P90	942	0.000001	0.000001	0.003687	0.003687
655	7	7	14	0	P95	953	0.003349	0.003349	0.003290	0.003290
655	7	7	14	0	P99	953	0.003349	0.003349	0.003290	0.003290
655	7	7	14	0	P999	953	0.003349	0.003349	0.003290	0.003290
656	7	7	14	1	P1	152	0.001410	0.001410	0.003686	0.003686
656	7	7	14	1	P50	174	0.004583	-0.014022	0.003076	-0.015497
656	7	7	14	1	P75	948	-0.000753	-0.000753	0.001070	0.001070
656	7	7	14	1	P90	985	0.002089	0.002089	0.000162	0.000162
656	7	7	14	1	P95	1008	0.001440	0.001440	0.003251	0.003251
656	7	7	14	1	P99	1008	0.001440	0.001440	0.003251	0.003251
656	7	7	14	1	P999	1008	0.001440	0.001440	0.003251	0.003251
657	7	7	14	1	P1	153	0.001389	0.001389	0.000860	0.000860
657	7	7	14	1	P50	175	0.001640	-0.035118	0.001079	-0.032039
657	7	7	14	1	P75	951	0.002620	0.002620	-0.000221	-0.000221
657	7	7	14	1	P90	956	0.001112	0.001112	0.000142	0.000142
657	7	7	14	1	P95	977	0.005570	0.005570	0.000841	0.000841
657	7	7	14	1	P99	977	0.005570	0.005570	0.000841	0.000841
657	7	7	14	1	P999	977	0.005570	0.005570	0.000841	0.000841
658	7	7	14	1	P1	153	0.001517	0.001517	0.000860	0.000860
658	7	7	14	1	P50	174	0.003769	-0.047422	0.003076	-0.044502
658	7	7	14	1	P75	938	-0.000276	-0.000276	0.000460	0.000460
658	7	7	14	1	P90	945	0.001638	0.001638	0.000501	0.000501
658	7	7	14	1	P95	960	0.000844	0.000844	0.003448	0.003448
658	7	7	14	1	P99	960	0.000844	0.000844	0.003448	0.003448
658	7	7	14	1	P999	960	0.000844	0.000844	0.003448	0.003448
659	7	623	630	1	P1	1	0.002911	0.002911	0.002620	0.002620
659	7	623	630	1	P50	3	-0.001438	-0.001453	-0.001877	-0.001892
659	7	623	630	1	P75	4	-0.002490	-0.002490	-0.002968	-0.002968
659	7	623	630	1	P90	4	-0.000109	-0.000134	-0.000589	-0.000614
659	7	623	630	1	P95	4	0.000669	0.000669	0.000189	0.000189
659	7	623	630	1	P99	150	-0.000789	-0.000789	0.001975	0.001975
659	7	623	630	1	P999	944	0.002792	0.002792	0.001561	0.001561
660	7	31	38	1	P1	1004	0.002159	0.002159	0.003490	0.003490
660	7	31	38	1	P50	4806	-0.000936	-0.002801	0.000079	-0.001788
660	7	31	38	1	P75	5115	0.000310	0.000310	0.001313	0.001313
660	7	31	38	1	P90	5553	0.000401	0.000401	0.001388	0.001388
660	7	31	38	1	P95	5881	-0.000907	-0.000907	0.000068	0.000068
660	7	31	38	1	P99	9017	0.001661	0.001661	0.002552	0.002552
660	7	31	38	1	P999	9017	0.001661	0.001661	0.002552	0.002552
661	7	7	14	1	P1	925	0.002112	0.002112	0.001334	0.001334
661	7	7	14	1	P50	948	0.001851	-0.001887	0.001070	-0.000799
661	7	7	14	1	P75	994	-0.000670	-0.000670	0.002283	0.002283
661	7	7	14	1	P90	2685	0.000093	0.000093	0.002884	0.002884
661	7	7	14	1	P95	3777	0.002796	0.002796	0.001786	0.001786
661	7	7	14	1	P99	3777	0.002796	0.002796	0.001786	0.001786
661	7	7	14	1	P999	3777	0.002796	0.002796	0.001786	0.001786
662	7	7	14	1	P1	927	0.002274	0.002274	0.001043	0.001043
662	7	7	14	1	P50	976	0.003103	-0.026452	0.001867	-0.027649
662	7	7	14	1	P75	1214	0.001707	0.001707	0.000453	0.000453
662	7	7	14	1	P90	4491	0.001953	0.001953	0.000586	0.000586
662	7	7	14	1	P95	4884	0.000305	0.000305	0.002673	0.002673
662	7	7	14	1	P99	4884	0.000305	0.000305	0.002673	0.002673
662	7	7	14	1	P999	4884	0.000305	0.000305	0.002673	0.002673
663	7	7	14	1	P1	912	0.003188	0.003188	0.002407	0.002407
663	7	7	14	1	P50	937	-0.001425	-0.003290	0.001528	-0.002209
663	7	7	14	1	P75	988	0.001662	0.001662	0.000859	0.000859
663	7	7	14	1	P90	1238	0.000433	0.000433	0.003310	0.003310
663	7	7	14	1	P95	2924	0.000958	0.000958	0.003587	0.003587
663	7	7	14	1	P99	2924	0.000958	0.000958	0.003587	0.003587
663	7	7	14	1	P999	2924	0.000958	0.000958	0.003587	0.003587
664	7	7	14	1	P1	928	0.000176	0.000176	0.003709	0.003709
664	7	7	14	1	P50	942	0.003903	0.000157	0.003687	-0.000057
664	7	7	14	1	P75	992	0.000778	0.000778	0.000556	0.000556
664	7	7	14	1	P90	1057	0.000865	0.000865	0.000635	0.000635
664	7	7	14	1	P95	1231	0.001751	0.001751	0.001500	0.001500
664	7	7	14	1	P99	1231	0.001751	0.001751	0.001500	0.001500
664	7	7	14	1	P999	1231	0.001751	0.001751	0.001500	0.001500
665	7	7	14	1	P1	933	0.001526	0.001526	0.002069	0.002069
665	7	7	14	1	P50	963	0.001658	-0.002080	0.000322	-0.003410
665	7	7	14	1	P75	1000	0.001344	0.001344	0.000000	0.000000
665	7	7	14	1	P90	2490	0.005088	0.005088	0.003524	0.003524
665	7	7	14	1	P95	4300	0.000874	0.000874	0.002933	0.002933
665	7	7	14	1	P99	4300	0.000874	0.000874	0.002933	0.002933
665	7	7	14	1	P999	4300	0.000874	0.000874	0.002933	0.002933
666	7	7	14	1	P1	928	0.000909	0.000909	0.001835	0.001835
666	7	7	14	1	P50	961	-0.000389	-0.002256	0.000532	-0.005062
666	7	7	14	1	P75	991	0.000647	0.000647	0.001566	0.001566
666	7	7	14	1	P90	2242	0.002948	0.002948	0.000032	0.000032
666	7	7	14	1	P95	2654	0.002475	0.002475	0.003284	0.003284
666	7	7	14	1	P99	2654	0.002475	0.002475	0.003284	0.003284
666	7	7	14	1	P999	2654	0.002475	0.002475	0.003284	0.003284
667	7	7	14	1	P1	923	0.002586	0.002586	0.001630	0.001630
667	7	7	14	1	P50	953	0.004257	0.000509	0.003290	-0.000453
667	7	7	14	1	P75	1001	0.003722	0.003722	0.002742	0.002742
667	7	7	14	1	P90	1491	0.001603	0.001603	0.000515	0.000515
667	7	7	14	1	P95	7722	-0.001601	-0.001601	0.000592	0.000592
667	7	7	14	1	P99	7722	-0.001601	-0.001601	0.000592	0.000592
667	7	7	14	1	P999	7722	-0.001601	-0.001601	0.000592	0.000592
668	623	7	630	1	P1	1	0.000150	0.000150	0.002183	0.002183
668	623	7	630	1	P50	2	-0.000012	-0.000024	0.002008	0.001996
668	623	7	630	1	P75	3	0.000334	0.000334	-0.001391	-0.001391
668	623	7	630	1	P90	3	0.001617	0.001604	-0.000110	-0.000124
668	623	7	630	1	P95	3	0.002036	0.002036	0.000308	0.000308
668	623	7	630	1	P99	971	0.001348	0.001348	0.003268	0.003268
668	623	7	630	1	P999	3571	-0.000095	-0.000095	0.001801	0.001801
669	31	7	38	1	P1	149	0.001715	0.001715	0.001187	0.001187
669	31	7	38	1	P50	4980	-0.000771	-0.026581	0.001896	-0.027621
669	31	7	38	1	P75	5172	0.000654	0.000654	0.001445	0.001445
669	31	7	38	1	P90	5465	-0.000242	-0.000242	0.002412	0.002412
669	31	7	38	1	P95	5784	-0.002760	-0.002760	-0.000122	-0.000122
669	31	7	38	1	P99	5784	-0.000894	-0.000894	0.001749	0.001749
669	31	7	38	1	P999	5784	-0.000894	-0.000894	0.001749	0.001749
670	7	7	14	1	P1	146	0.003241	0.003241	0.002840	0.002840
670	7	7	14	1	P50	537	-0.001698	-0.658638	0.001256	-0.658797
670	7	7	14	1	P75	932	0.000347	0.000347	0.003144	0.003144
670	7	7	14	1	P90	942	0.000892	0.000892	0.003687	0.003687
670	7	7	14	1	P95	966	0.001909	0.001909	0.000950	0.000950
670	7	7	14	1	P99	966	0.001909	0.001909	0.000950	0.000950
670	7	7	14	1	P999	966	0.001909	0.001909	0.000950	0.000950
671	7	7	14	1	P1	147	0.001128	0.001128	0.003492	0.003492
671	7	7	14	1	P50	157	-0.001127	-0.004855	0.001219	-0.006239
671	7	7	14	1	P75	918	0.005075	0.005075	0.003328	0.003328
671	7	7	14	1	P90	924	0.002289	0.002289	0.000546	0.000546
671	7	7	14	1	P95	963	0.002073	0.002073	0.000322	0.000322
671	7	7	14	1	P99	963	0.002073	0.002073	0.000322	0.000322
671	7	7	14	1	P999	963	0.002073	0.002073	0.000322	0.000322
672	7	7	14	1	P1	147	0.001760	0.001760	0.001618	0.001618
672	7	7	14	1	P50	159	-0.000084	-0.003814	0.003518	-0.003957
672	7	7	14	1	P75	924	0.000715	0.000715	0.000546	0.000546
672	7	7	14	1	P90	958	0.001961	0.001961	0.001792	0.001792
672	7	7	14	1	P95	960	0.003618	0.003618	0.003448	0.003448
672	7	7	14	1	P99	960	0.003618	0.003618	0.003448	0.003448
672	7	7	14	1	P999	960	0.003618	0.003618	0.003448	0.003448
673	7	7	14	1	P1	146	0.004767	0.004767	0.002840	0.002840
673	7	7	14	1	P50	160	0.002930	-0.000813	0.000980	-0.000889
673	7	7	14	1	P75	927	-0.000241	-0.000241	0.001043	0.001043
673	7	7	14	1	P90	932	0.001859	0.001859	0.003144	0.003144
673	7	7	14	1	P95	2019	-0.000923	-0.000923	0.000135	0.000135
673	7	7	14	1	P99	2019	-0.000923	-0.000923	0.000135	0.000135
673	7	7	14	1	P999	2019	-0.000923	-0.000923	0.000135	0.000135
674	7	7	14	0	P1	148	-0.000491	-0.000491	-0.001424	-0.001424
674	7	7	14	0	P50	338	0.001635	-0.516773	0.000700	-0.517224
674	7	7	14	0	P75	1489	0.002795	0.002795	0.001859	0.001859
674	7	7	14	0	P90	6623	0.001796	0.001796	0.000861	0.000861
674	7	7	14	0	P95	8378	0.002228	0.002228	0.001292	0.001292
674	7	7	14	0	P99	8378	0.002228	0.002228	0.001292	0.001292
674	7	7	14	0	P999	8378	0.002228	0.002228	0.001292	0.001292
675	7	8	15	1	P1	145	0.001461	0.001461	0.002235	0.002235
675	7	8	15	1	P50	167	-0.001459	-0.001459	0.003020	0.003020
675	7	8	15	1	P75	979	0.002248	0.002248	0.002537	0.002537
675	7	8	15	1	P90	4337	0.001928	0.001928	0.001838	0.001838
675	7	8	15	1	P95	5688	-0.000048	-0.000048	0.003538	0.003538
675	7	8	15	1	P99	5688	-0.000048	-0.000048	0.003538	0.003538
675	7	8	15	1	P999	5688	-0.000048	-0.000048	0.003538	0.003538
676	623	8	631	1	P1	1	0.001007	0.001007	0.002912	0.002912
676	623	8	631	1	P50	3	0.000179	0.000179	-0.001703	-0.001703
676	623	8	631	1	P75	4	-0.001300	-0.001300	-0.003191	-0.003191
676	623	8	631	1	P90	4	0.001123	0.001123	-0.000773	-0.000773
676	623	8	631	1	P95	4	0.001949	0.001949	0.000052	0.000052
676	623	8	631	1	P99	1038	0.000968	0.000968	0.000084	0.000084
676	623	8	631	1	P999	2141	0.003438	0.003438	0.001272	0.001272
677	31	8	39	1	P1	937	0.004243	0.004243	0.001528	0.001528
677	31	8	39	1	P50	4835	0.000685	0.000685	0.001540	0.001540
677	31	8	39	1	P75	5280	0.002363	0.002363	0.003210	0.003210
677	31	8	39	1	P90	5479	0.002752	0.002752	0.003595	0.003595
677	31	8	39	1	P95	5683	-0.000164	-0.000164	0.000674	0.000674
677	31	8	39	1	P99	8867	-0.000155	-0.000155	0.000634	0.000634
677	31	8	39	1	P999	8867	-0.000155	-0.000155	0.000634	0.000634
678	8	8	16	1	P1	930	0.001353	0.001353	0.001551	0.001551
678	8	8	16	1	P50	958	0.001601	-0.002137	-0.000079	-0.001946
678	8	8	16	1	P75	1009	0.002078	-0.005387	0.002257	-0.005208
678	8	8	16	1	P90	1064	0.001345	0.001345	0.001511	0.001511
678	8	8	16	1	P95	1120	-0.001343	-0.001343	0.002551	0.002551
678	8	8	16	1	P99	1120	-0.001343	-0.001343	0.002551	0.002551
678	8	8	16	1	P999	1120	-0.001343	-0.001343	0.002551	0.002551
679	8	8	16	1	P1	941	0.000092	0.000092	0.001005	0.001005
679	8	8	16	1	P50	1013	-0.002602	-0.011880	0.000167	-0.012833
679	8	8	16	1	P75	1072	0.002473	-0.019763	0.001496	-0.017048
679	8	8	16	1	P90	2081	0.000856	0.000856	0.003536	0.003536
679	8	8	16	1	P95	7053	0.002733	0.002733	0.001503	0.001503
679	8	8	16	1	P99	7053	0.002733	0.002733	0.001503	0.001503
679	8	8	16	1	P999	7053	0.002733	0.002733	0.001503	0.001503
680	8	8	16	1	P1	939	0.002446	0.002446	0.003137	0.003137
680	8	8	16	1	P50	1049	0.000101	-0.032995	0.000756	-0.035961
680	8	8	16	1	P75	2806	-0.000425	-0.613324	0.003662	-0.611626
680	8	8	16	1	P90	3268	0.000462	0.000462	0.000756	0.000756
680	8	8	16	1	P95	7792	-0.000973	-0.000973	0.002786	0.002786
680	8	8	16	1	P99	7792	-0.000973	-0.000973	0.002786	0.002786
680	8	8	16	1	P999	7792	-0.000973	-0.000973	0.002786	0.002786
681	8	8	16	1	P1	937	-0.000410	-0.000410	0.001528	0.001528
681	8	8	16	1	P50	1005	0.004310	-0.036153	0.002491	-0.037893
681	8	8	16	1	P75	1165	0.002371	-0.052292	0.000536	-0.050478
681	8	8	16	1	P90	3355	0.002638	0.002638	0.000648	0.000648
681	8	8	16	1	P95	3779	-0.000479	-0.000479	0.001256	0.001256
681	8	8	16	1	P99	3779	-0.000479	-0.000479	0.001256	0.001256
681	8	8	16	1	P999	3779	-0.000479	-0.000479	0.001256	0.001256
682	8	8	16	1	P1	938	-0.000608	-0.000608	0.000460	0.000460
682	8	8	16	1	P50	1011	-0.000778	-0.019284	0.000274	-0.018247
682	8	8	16	1	P75	1084	0.004289	-0.032566	0.001579	-0.027929
682	8	8	16	1	P90	3192	0.004805	0.004805	0.001860	0.001860
682	8	8	16	1	P95	3231	0.000127	0.000127	0.000929	0.000929
682	8	8	16	1	P99	3231	0.000127	0.000127	0.000929	0.000929
682	8	8	16	1	P999	3231	0.000127	0.000127	0.000929	0.000929
683	8	8	16	1	P1	937	0.001915	0.001915	0.001528	0.001528
683	8	8	16	1	P50	990	-0.000761	-0.002627	0.002578	-0.001163
683	8	8	16	1	P75	1084	-0.001730	-0.049093	0.001579	-0.049488
683	8	8	16	1	P90	3861	-0.000710	-0.000710	0.002219	0.002219
683	8	8	16	1	P95	5140	0.001073	0.001073	0.000175	0.000175
683	8	8	16	1	P99	5140	0.001073	0.001073	0.000175	0.000175
683	8	8	16	1	P999	5140	0.001073	0.001073	0.000175	0.000175
684	8	8	16	1	P1	922	0.004489	0.004489	0.002717	0.002717
684	8	8	16	1	P50	1015	0.001855	-0.038513	0.000063	-0.040223
684	8	8	16	1	P75	1114	-0.001480	-0.055939	0.000444	-0.054107
684	8	8	16	1	P90	2504	-0.000066	-0.000066	0.001651	0.001651
684	8	8	16	1	P95	3527	0.005108	0.005108	0.002988	0.002988
684	8	8	16	1	P99	3527	0.005108	0.005108	0.002988	0.002988
684	8	8	16	1	P999	3527	0.005108	0.005108	0.002988	0.002988
685	8	8	16	1	P1	975	0.002580	0.002580	0.002894	0.002894
685	8	8	16	1	P50	1070	0.003059	-0.026494	0.003368	-0.026192
685	8	8	16	1	P75	2985	0.001378	-0.353376	0.001625	-0.353200
685	8	8	16	1	P90	4085	0.001665	0.001665	0.001892	0.001892
685	8	8	16	1	P95	6434	0.003453	0.003453	0.003654	0.003654
685	8	8	16	1	P99	6434	0.003453	0.003453	0.003654	0.003654
685	8	8	16	1	P999	6434	0.003453	0.003453	0.003654	0.003654
686	8	8	16	1	P1	939	0.001104	0.001104	0.003137	0.003137
686	8	8	16	1	P50	1037	-0.000965	-0.002831	0.001048	-0.000821
686	8	8	16	1	P75	3178	0.000692	-0.206341	0.002520	-0.207827
686	8	8	16	1	P90	4417	0.000479	0.000479	0.002251	0.002251
686	8	8	16	1	P95	4864	0.001282	0.001282	0.003040	0.003040
686	8	8	16	1	P99	4864	0.001282	0.001282	0.003040	0.003040
686	8	8	16	1	P999	4864	0.001282	0.001282	0.003040	0.003040
687	623	8	631	1	P1	1	0.002984	0.002984	0.002912	0.002912
687	623	8	631	1	P50	3	-0.001864	-0.001864	-0.002035	-0.002035
687	623	8	631	1	P75	3	0.000077	0.000077	-0.000094	-0.000094
687	623	8	631	1	P90	4	-0.001025	-0.001025	-0.001221	-0.001221
687	623	8	631	1	P95	4	0.000093	0.000093	-0.000104	-0.000104
687	623	8	631	1	P99	1105	0.001786	0.001786	0.001080	0.001080
687	623	8	631	1	P999	3573	0.002052	0.002052	0.001241	0.001241
688	31	8	39	1	P1	956	0.002276	0.002276	0.000142	0.000142
688	31	8	39	1	P50	4498	-0.000368	-0.000368	0.000898	0.000898
688	31	8	39	1	P75	4899	0.002097	0.002097	0.003347	0.003347
688	31	8	39	1	P90	5233	-0.000299	-0.000299	0.000933	0.000933
688	31	8	39	1	P95	5458	-0.001270	-0.001270	0.003697	0.003697
688	31	8	39	1	P99	9084	0.001512	0.001512	0.002625	0.002625
688	31	8	39	1	P999	9084	0.001512	0.001512	0.002625	0.002625
689	8	8	16	1	P1	940	0.002726	0.002726	0.002070	0.002070
689	8	8	16	1	P50	994	-0.000797	-0.004526	0.002283	-0.005182
689	8	8	16	1	P75	1053	0.001356	-0.009811	0.000688	-0.006765
689	8	8	16	1	P90	2693	0.000683	0.000683	0.003649	0.003649
689	8	8	16	1	P95	4008	-0.000683	-0.000683	0.002232	0.002232
689	8	8	16	1	P99	4008	-0.000683	-0.000683	0.002232	0.002232
689	8	8	16	1	P999	4008	-0.000683	-0.000683	0.002232	0.002232
690	8	8	16	1	P1	947	0.000185	0.000185	0.002127	0.002127
690	8	8	16	1	P50	996	0.002072	-0.009102	0.000270	-0.010884
690	8	8	16	1	P75	1076	0.003317	-0.018936	0.001510	-0.020702
690	8	8	16	1	P90	1891	0.000167	0.000167	0.002088	0.002088
690	8	8	16	1	P95	4010	-0.000167	-0.000167	0.001732	0.001732
690	8	8	16	1	P99	4010	-0.000167	-0.000167	0.001732	0.001732
690	8	8	16	1	P999	4010	-0.000167	-0.000167	0.001732	0.001732
691	8	8	16	1	P1	949	0.000836	0.000836	0.000015	0.000015
691	8	8	16	1	P50	989	0.002547	-0.008635	0.003591	-0.007600
691	8	8	16	1	P75	1022	0.003373	-0.000371	0.000667	-0.001202
691	8	8	16	1	P90	1100	0.000851	0.000851	0.001879	0.001879
691	8	8	16	1	P95	1106	-0.000850	-0.000850	0.000175	0.000175
691	8	8	16	1	P99	1106	-0.000850	-0.000850	0.000175	0.000175
691	8	8	16	1	P999	1106	-0.000850	-0.000850	0.000175	0.000175
692	8	8	16	1	P1	942	0.000741	0.000741	0.001813	0.001813
692	8	8	16	1	P50	1001	-0.000185	-0.035076	0.000870	-0.037652
692	8	8	16	1	P75	1051	-0.000321	-0.005912	0.000721	-0.004875
692	8	8	16	1	P90	1175	-0.001547	-0.001547	0.003207	0.003207
692	8	8	16	1	P95	3010	0.003746	0.003746	0.000759	0.000759
692	8	8	16	1	P99	3010	0.003746	0.003746	0.000759	0.000759
692	8	8	16	1	P999	3010	0.003746	0.003746	0.000759	0.000759
693	8	8	16	1	P1	940	0.000138	0.000138	0.002070	0.002070
693	8	8	16	1	P50	967	0.001725	-0.002012	0.003660	-0.003816
693	8	8	16	1	P75	1048	-0.000216	-0.015054	0.001711	-0.013155
693	8	8	16	1	P90	3735	-0.000125	-0.000125	0.001755	0.001755
693	8	8	16	1	P95	4207	0.000492	0.000492	0.002369	0.002369
693	8	8	16	1	P99	4207	0.000492	0.000492	0.002369	0.002369
693	8	8	16	1	P999	4207	0.000492	0.000492	0.002369	0.002369
694	8	8	16	1	P1	945	-0.002377	-0.002377	-0.001989	-0.001989
694	8	8	16	1	P50	972	0.001230	-0.000017	0.002236	0.000988
694	8	8	16	1	P75	1030	0.003097	-0.000647	0.000345	-0.001523
694	8	8	16	1	P90	3187	0.002693	0.002693	0.003432	0.003432
694	8	8	16	1	P95	3739	0.003727	0.003727	0.000683	0.000683
694	8	8	16	1	P99	3739	0.003727	0.003727	0.000683	0.000683
694	8	8	16	1	P999	3739	0.003727	0.003727	0.000683	0.000683
695	8	8	16	1	P1	944	-0.001091	-0.001091	0.001561	0.001561
695	8	8	16	1	P50	985	0.001261	-0.000610	0.000162	-0.001706
695	8	8	16	1	P75	1030	-0.000415	-0.020761	0.000345	-0.018178
695	8	8	16	1	P90	1042	0.001088	0.001088	0.003721	0.003721
695	8	8	16	1	P95	1439	0.003573	0.003573	0.002375	0.002375
695	8	8	16	1	P99	1439	0.003573	0.003573	0.002375	0.002375
695	8	8	16	1	P999	1439	0.003573	0.003573	0.002375	0.002375
696	8	623	631	1	P1	2	-0.000921	-0.000921	-0.001598	-0.001598
696	8	623	631	1	P50	3	-0.002455	-0.002455	-0.003207	-0.003207
696	8	623	631	1	P75	3	-0.000310	-0.000310	-0.001064	-0.001064
696	8	623	631	1	P90	3	0.000968	0.000968	0.000213	0.000213
696	8	623	631	1	P95	4	-0.000274	-0.000274	-0.001083	-0.001083
696	8	623	631	1	P99	964	0.001147	0.001147	0.003027	0.003027
696	8	623	631	1	P999	1065	0.002455	0.002455	0.000571	0.000571
697	8	31	39	1	P1	130	0.001855	0.001855	0.003036	0.003036
697	8	31	39	1	P50	3374	0.000256	0.000256	0.000608	0.000608
697	8	31	39	1	P75	3637	-0.000649	-0.000649	0.000307	0.000307
697	8	31	39	1	P90	3927	-0.000095	-0.000095	0.000219	0.000219
697	8	31	39	1	P95	4163	0.001368	0.001368	0.001667	0.001667
697	8	31	39	1	P99	7638	0.000171	0.000171	0.000316	0.000316
697	8	31	39	1	P999	7638	0.000171	0.000171	0.000316	0.000316
698	8	8	16	1	P1	115	0.001777	0.001777	0.002283	0.002283
698	8	8	16	1	P50	132	0.002242	-0.041730	0.002719	-0.044842
698	8	8	16	1	P75	880	0.004421	-0.160585	0.000743	-0.163626
698	8	8	16	1	P90	935	-0.000132	-0.000132	0.001796	0.001796
698	8	8	16	1	P95	935	0.003613	0.003613	0.003670	0.003670
698	8	8	16	1	P99	935	0.003613	0.003613	0.003670	0.003670
698	8	8	16	1	P999	935	0.003613	0.003613	0.003670	0.003670
699	8	8	16	1	P1	117	0.000998	0.000998	0.003736	0.003736
699	8	8	16	1	P50	136	0.000061	-0.040232	0.002770	-0.041216
699	8	8	16	1	P75	882	-0.000171	-0.489886	0.002213	-0.490518
699	8	8	16	1	P90	897	0.001660	0.001660	0.000299	0.000299
699	8	8	16	1	P95	920	0.002514	0.002514	0.001147	0.001147
699	8	8	16	1	P99	920	0.002514	0.002514	0.001147	0.001147
699	8	8	16	1	P999	920	0.002514	0.002514	0.001147	0.001147
700	8	8	16	1	P1	116	0.000540	0.000540	0.001099	0.001099
700	8	8	16	1	P50	234	0.001613	-0.374633	0.002107	-0.374297
700	8	8	16	1	P75	893	0.000662	-0.252429	0.001030	-0.252134
700	8	8	16	1	P90	904	0.003378	0.003378	0.000001	0.000001
700	8	8	16	1	P95	912	0.002041	0.002041	0.002407	0.002407
700	8	8	16	1	P99	912	0.002041	0.002041	0.002407	0.002407
700	8	8	16	1	P999	912	0.002041	0.002041	0.002407	0.002407
701	8	8	16	1	P1	118	0.001713	0.001713	0.002698	0.002698
701	8	8	16	1	P50	196	0.002800	-0.364518	0.003633	-0.366277
701	8	8	16	1	P75	897	-0.000081	-0.342202	0.000299	-0.341870
701	8	8	16	1	P90	911	-0.000612	-0.000612	0.003507	0.003507
701	8	8	16	1	P95	951	0.001287	0.001287	0.001649	0.001649
701	8	8	16	1	P99	951	0.001287	0.001287	0.001649	0.001649
701	8	8	16	1	P999	951	0.001287	0.001287	0.001649	0.001649
702	8	8	16	1	P1	116	0.001551	0.001551	0.001099	0.001099
702	8	8	16	1	P50	259	0.002193	-0.481009	0.001524	-0.481263
702	8	8	16	1	P75	900	0.001702	-0.348372	0.000698	-0.346511
702	8	8	16	1	P90	928	0.000976	0.000976	0.003709	0.003709
702	8	8	16	1	P95	975	0.000176	0.000176	0.002894	0.002894
702	8	8	16	1	P99	975	0.000176	0.000176	0.002894	0.002894
702	8	8	16	1	P999	975	0.000176	0.000176	0.002894	0.002894
703	8	8	16	1	P1	118	0.001567	0.001567	0.002698	0.002698
703	8	8	16	1	P50	182	0.001967	-0.262605	0.002980	-0.261798
703	8	8	16	1	P75	902	0.001642	-0.426196	0.002218	-0.425779
703	8	8	16	1	P90	948	0.000507	0.000507	0.001070	0.001070
703	8	8	16	1	P95	983	0.001644	0.001644	0.002197	0.002197
703	8	8	16	1	P99	983	0.001644	0.001644	0.002197	0.002197
703	8	8	16	1	P999	983	0.001644	0.001644	0.002197	0.002197
704	623	8	631	1	P1	1	0.003490	0.003490	0.003276	0.003276
704	623	8	631	1	P50	2	0.001963	0.001963	0.001667	0.001667
704	623	8	631	1	P75	3	-0.001252	-0.001252	-0.001596	-0.001596
704	623	8	631	1	P90	3	0.000199	0.000199	-0.000145	-0.000145
704	623	8	631	1	P95	3	0.000694	0.000694	0.000349	0.000349
704	623	8	631	1	P99	145	0.003050	0.003050	0.002235	0.002235
704	623	8	631	1	P999	664	0.003035	0.003035	0.002037	0.002037
705	31	8	39	1	P1	132	0.000129	0.000129	0.002719	0.002719
705	31	8	39	1	P50	4832	0.003398	0.003398	0.002162	0.002162
705	31	8	39	1	P75	5161	-0.000177	-0.000177	0.001706	0.001706
705	31	8	39	1	P90	5411	0.002363	0.002363	0.001126	0.001126
705	31	8	39	1	P95	5724	0.002200	0.002200	0.000961	0.000961
705	31	8	39	1	P99	8664	0.002615	0.002615	0.001367	0.001367
705	31	8	39	1	P999	8664	0.002615	0.002615	0.001367	0.001367
706	8	8	16	1	P1	135	-0.000353	-0.000353	0.000802	0.000802
706	8	8	16	1	P50	142	0.003317	-0.015266	0.000712	-0.010447
706	8	8	16	1	P75	272	0.000203	-0.332103	0.001143	-0.333887
706	8	8	16	1	P90	974	-0.000370	-0.000370	0.000178	0.000178
706	8	8	16	1	P95	1214	-0.000027	-0.000027	0.000453	0.000453
706	8	8	16	1	P99	1214	-0.000027	-0.000027	0.000453	0.000453
706	8	8	16	1	P999	1214	-0.000027	-0.000027	0.000453	0.000453
707	8	8	16	1	P1	130	0.003965	0.003965	0.003036	0.003036
707	8	8	16	1	P50	146	0.003780	-0.007414	0.002840	-0.004629
707	8	8	16	1	P75	419	0.003725	-0.627284	0.002681	-0.627636
707	8	8	16	1	P90	612	0.002432	0.002432	0.001351	0.001351
707	8	8	16	1	P95	1256	0.001234	0.001234	0.000084	0.000084
707	8	8	16	1	P99	1256	0.001234	0.001234	0.000084	0.000084
707	8	8	16	1	P999	1256	0.001234	0.001234	0.000084	0.000084
708	8	8	16	1	P1	129	0.002340	0.002340	0.003283	0.003283
708	8	8	16	1	P50	145	0.001329	-0.006131	0.000364	-0.005229
708	8	8	16	1	P75	212	-0.000875	-0.286373	0.003659	-0.285736
708	8	8	16	1	P90	460	0.002219	0.002219	0.002774	0.002774
708	8	8	16	1	P95	923	0.001286	0.001286	0.001630	0.001630
708	8	8	16	1	P99	923	0.001286	0.001286	0.001630	0.001630
708	8	8	16	1	P999	923	0.001286	0.001286	0.001630	0.001630
709	8	8	16	1	P1	130	0.001734	0.001734	0.003036	0.003036
709	8	8	16	1	P50	142	-0.000567	-0.002433	0.000712	-0.001157
709	8	8	16	1	P75	156	0.002617	-0.023283	0.000132	-0.022049
709	8	8	16	1	P90	304	0.000954	0.000954	0.002058	0.002058
709	8	8	16	1	P95	630	0.005086	0.005086	0.002269	0.002269
709	8	8	16	1	P99	630	0.005086	0.005086	0.002269	0.002269
709	8	8	16	1	P999	630	0.005086	0.005086	0.002269	0.002269
710	8	8	16	1	P1	129	0.000216	0.000216	0.003283	0.003283
710	8	8	16	1	P50	145	0.002918	0.001046	0.002235	0.000364
710	8	8	16	1	P75	185	0.002271	-0.133694	0.001579	-0.134287
710	8	8	16	1	P90	380	0.003915	0.003915	0.003195	0.003195
710	8	8	16	1	P95	544	0.000249	0.000249	0.003261	0.003261
710	8	8	16	1	P99	544	0.000249	0.000249	0.003261	0.003261
710	8	8	16	1	P999	544	0.000249	0.000249	0.003261	0.003261
711	8	8	16	1	P1	131	0.000100	0.000100	0.002848	0.002848
711	8	8	16	1	P50	147	0.000744	-0.001125	0.003492	0.001618
711	8	8	16	1	P75	492	0.000080	-0.682569	0.002806	-0.682885
711	8	8	16	1	P90	577	0.001453	0.001453	0.000433	0.000433
711	8	8	16	1	P95	797	0.003655	0.003655	0.002626	0.002626
711	8	8	16	1	P99	797	0.003655	0.003655	0.002626	0.002626
711	8	8	16	1	P999	797	0.003655	0.003655	0.002626	0.002626
712	623	8	631	1	P1	1	0.003466	0.003466	0.003745	0.003745
712	623	8	631	1	P50	2	0.001754	0.001754	0.002022	0.002022
712	623	8	631	1	P75	3	-0.001303	-0.001303	-0.001043	-0.001043
712	623	8	631	1	P90	4	-0.003160	-0.003160	-0.002904	-0.002904
712	623	8	631	1	P95	4	-0.000989	-0.000989	-0.000733	-0.000733
712	623	8	631	1	P99	165	-0.000088	-0.000088	0.000112	0.000112
712	623	8	631	1	P999	1691	0.001570	0.001570	0.001734	0.001734
713	31	8	39	1	P1	148	0.003917	0.003917	0.000444	0.000444
713	31	8	39	1	P50	4701	0.000017	0.000017	0.003485	0.003485
713	31	8	39	1	P75	5269	0.001848	0.001848	0.001554	0.001554
713	31	8	39	1	P90	5526	0.000955	0.000955	0.000654	0.000654
713	31	8	39	1	P95	5729	0.000395	0.000395	0.000088	0.000088
713	31	8	39	1	P99	9214	0.000008	0.000008	0.003369	0.003369
713	31	8	39	1	P999	9214	0.000008	0.000008	0.003369	0.003369
714	8	8	16	1	P1	144	0.002334	0.002334	0.001679	0.001679
714	8	8	16	1	P50	926	0.003138	-0.011752	0.002124	-0.012748
714	8	8	16	1	P75	952	0.001614	-0.013253	0.000597	-0.014253
714	8	8	16	1	P90	3508	0.002178	0.002178	0.000910	0.000910
714	8	8	16	1	P95	7206	0.003881	0.003881	0.002471	0.002471
714	8	8	16	1	P99	7206	0.003881	0.003881	0.002471	0.002471
714	8	8	16	1	P999	7206	0.003881	0.003881	0.002471	0.002471
715	8	8	16	1	P1	143	-0.000216	-0.000216	0.001171	0.001171
715	8	8	16	1	P50	947	-0.000660	-0.028294	0.000256	-0.027397
715	8	8	16	1	P75	963	-0.000590	-0.008035	0.000322	-0.007128
715	8	8	16	1	P90	1931	-0.000895	-0.000895	0.003588	0.003588
715	8	8	16	1	P95	2049	-0.000387	-0.000387	0.000337	0.000337
715	8	8	16	1	P99	2049	-0.000387	-0.000387	0.000337	0.000337
715	8	8	16	1	P999	2049	-0.000387	-0.000387	0.000337	0.000337
716	8	8	16	1	P1	145	0.000130	0.000130	0.002235	0.002235
716	8	8	16	1	P50	920	0.001578	0.000331	-0.000100	-0.001345
716	8	8	16	1	P75	950	0.000639	-0.001229	0.002703	0.000831
716	8	8	16	1	P90	1015	0.001743	0.001743	0.000063	0.000063
716	8	8	16	1	P95	1340	0.000577	0.000577	0.002633	0.002633
716	8	8	16	1	P99	1340	0.000577	0.000577	0.002633	0.002633
716	8	8	16	1	P999	1340	0.000577	0.000577	0.002633	0.002633
717	8	8	16	1	P1	143	0.000976	0.000976	0.001171	0.001171
717	8	8	16	1	P50	925	0.003094	-0.000649	0.003207	-0.000536
717	8	8	16	1	P75	931	0.000362	-0.000573	0.000475	-0.000460
717	8	8	16	1	P90	998	0.001894	0.001894	0.002004	0.002004
717	8	8	16	1	P95	1026	0.000389	0.000389	0.000498	0.000498
717	8	8	16	1	P99	1026	0.000389	0.000389	0.000498	0.000498
717	8	8	16	1	P999	1026	0.000389	0.000389	0.000498	0.000498
718	8	8	16	1	P1	142	0.003487	0.003487	0.000712	0.000712
718	8	8	16	1	P50	918	-0.000783	-0.002650	0.003328	-0.000415
718	8	8	16	1	P75	945	0.000142	-0.014705	0.000501	-0.014347
718	8	8	16	1	P90	958	0.001437	0.001437	0.001792	0.001792
718	8	8	16	1	P95	990	0.002234	0.002234	0.002578	0.002578
718	8	8	16	1	P99	990	0.002234	0.002234	0.002578	0.002578
718	8	8	16	1	P999	990	0.002234	0.002234	0.002578	0.002578
719	8	8	16	1	P1	144	0.002161	0.002161	0.001679	0.001679
719	8	8	16	1	P50	923	0.000379	-0.005215	-0.000240	-0.005830
719	8	8	16	1	P75	937	0.002149	-0.001590	0.001528	-0.002209
719	8	8	16	1	P90	954	0.000989	0.000989	0.000367	0.000367
719	8	8	16	1	P95	955	0.001812	0.001812	0.001189	0.001189
719	8	8	16	1	P99	955	0.001812	0.001812	0.001189	0.001189
719	8	8	16	1	P999	955	0.001812	0.001812	0.001189	0.001189
720	8	8	16	1	P1	143	0.001683	0.001683	0.001171	0.001171
720	8	8	16	1	P50	919	0.000702	-0.000544	-0.000258	-0.005228
720	8	8	16	1	P75	990	0.003559	-0.054715	0.002578	-0.052089
720	8	8	16	1	P90	2273	-0.001308	-0.001308	0.001252	0.001252
720	8	8	16	1	P95	3351	-0.000625	-0.000625	0.001843	0.001843
720	8	8	16	1	P99	3351	-0.000625	-0.000625	0.001843	0.001843
720	8	8	16	1	P999	3351	-0.000625	-0.000625	0.001843	0.001843
721	8	623	631	1	P1	1	0.002215	0.002215	0.002183	0.002183
721	8	623	631	1	P50	2	0.001848	0.001848	0.001759	0.001759
721	8	623	631	1	P75	3	-0.001391	-0.001391	-0.001512	-0.001512
721	8	623	631	1	P90	3	0.000008	0.000008	-0.000113	-0.000113
721	8	623	631	1	P95	4	-0.002913	-0.002913	-0.003057	-0.003057
721	8	623	631	1	P99	155	-0.000470	-0.000470	0.002829	0.002829
721	8	623	631	1	P999	2991	0.000300	0.000300	0.003359	0.003359
722	8	31	39	1	P1	180	0.000192	0.000192	0.002815	0.002815
722	8	31	39	1	P50	4861	0.001142	0.001142	0.001785	0.001785
722	8	31	39	1	P75	5188	0.003329	0.003329	0.002096	0.002096
722	8	31	39	1	P90	5681	0.002261	0.002261	0.001026	0.001026
722	8	31	39	1	P95	6019	0.000536	0.000536	0.003044	0.003044
722	8	31	39	1	P99	9008	0.001058	0.001058	0.003553	0.003553
722	8	31	39	1	P999	9008	0.001058	0.001058	0.003553	0.003553
723	8	8	16	1	P1	170	0.000241	0.000241	0.000162	0.000162
723	8	8	16	1	P50	974	-0.001538	-0.025506	-0.001689	-0.025653
723	8	8	16	1	P75	1890	0.002798	-0.442387	0.002618	-0.442474
723	8	8	16	1	P90	3449	0.003129	0.003129	0.002924	0.002924
723	8	8	16	1	P95	6168	0.001243	0.001243	0.001014	0.001014
723	8	8	16	1	P99	6168	0.001243	0.001243	0.001014	0.001014
723	8	8	16	1	P999	6168	0.001243	0.001243	0.001014	0.001014
724	8	8	16	1	P1	166	0.000690	0.000690	0.001547	0.001547
724	8	8	16	1	P50	995	0.000634	-0.003100	0.001275	-0.002460
724	8	8	16	1	P75	1045	0.000204	-0.003528	0.000839	-0.006615
724	8	8	16	1	P90	4176	0.001819	0.001819	0.002289	0.002289
724	8	8	16	1	P95	4823	-0.000165	-0.000165	0.000286	0.000286
724	8	8	16	1	P99	4823	-0.000165	-0.000165	0.000286	0.000286
724	8	8	16	1	P999	4823	-0.000165	-0.000165	0.000286	0.000286
725	8	8	16	1	P1	169	0.001012	0.001012	0.002327	0.002327
725	8	8	16	1	P50	987	0.000868	-0.017667	0.000002	-0.016678
725	8	8	16	1	P75	1015	0.002807	-0.000935	0.000063	-0.001804
725	8	8	16	1	P90	1188	0.000573	0.000573	0.001545	0.001545
725	8	8	16	1	P95	1189	0.001602	0.001602	0.002575	0.002575
725	8	8	16	1	P99	1189	0.001602	0.001602	0.002575	0.002575
725	8	8	16	1	P999	1189	0.001602	0.001602	0.002575	0.002575
726	8	8	16	1	P1	488	0.001703	0.001703	0.003495	0.003495
726	8	8	16	1	P50	966	-0.000637	-0.004366	0.000950	-0.002784
726	8	8	16	1	P75	984	-0.000404	-0.007851	0.001178	-0.002557
726	8	8	16	1	P90	1013	0.000463	0.000463	0.002038	0.002038
726	8	8	16	1	P95	1020	0.001056	0.001056	0.002629	0.002629
726	8	8	16	1	P99	1020	0.001056	0.001056	0.002629	0.002629
726	8	8	16	1	P999	1020	0.001056	0.001056	0.002629	0.002629
727	8	8	16	1	P1	869	0.001780	0.001780	0.002110	0.002110
727	8	8	16	1	P50	1006	0.004961	-0.035535	0.001495	-0.038849
727	8	8	16	1	P75	1043	0.002485	0.000612	0.002758	-0.000983
727	8	8	16	1	P90	1086	-0.000527	-0.000527	0.003478	0.003478
727	8	8	16	1	P95	1306	-0.001777	-0.001777	0.002167	0.002167
727	8	8	16	1	P99	1306	-0.001777	-0.001777	0.002167	0.002167
727	8	8	16	1	P999	1306	-0.001777	-0.001777	0.002167	0.002167
728	8	8	16	1	P1	914	0.001464	0.001464	0.000214	0.000214
728	8	8	16	1	P50	964	0.000547	-0.001321	0.003027	-0.000715
728	8	8	16	1	P75	1007	0.001776	-0.013094	0.000500	-0.014348
728	8	8	16	1	P90	1039	0.004150	0.004150	0.002863	0.002863
728	8	8	16	1	P95	1553	-0.001462	-0.001462	0.000891	0.000891
728	8	8	16	1	P99	1553	-0.001462	-0.001462	0.000891	0.000891
728	8	8	16	1	P999	1553	-0.001462	-0.001462	0.000891	0.000891
729	8	623	631	1	P1	1	0.002124	0.002124	0.002382	0.002382
729	8	623	631	1	P50	2	0.001207	0.001207	0.001450	0.001450
729	8	623	631	1	P75	3	-0.001977	-0.001977	-0.001742	-0.001742
729	8	623	631	1	P90	3	-0.000298	-0.000298	-0.000063	-0.000063
729	8	623	631	1	P95	4	-0.002274	-0.002274	-0.002045	-0.002045
729	8	623	631	1	P99	943	0.002501	0.002501	0.002623	0.002623
729	8	623	631	1	P999	1374	-0.000114	-0.000114	0.000001	0.000001
730	8	31	39	1	P1	995	-0.000384	-0.000384	0.001275	0.001275
730	8	31	39	1	P50	4792	-0.000334	-0.000334	0.001128	0.001128
730	8	31	39	1	P75	5092	0.004375	0.004375	0.002083	0.002083
730	8	31	39	1	P90	5807	0.003825	0.003825	0.001518	0.001518
730	8	31	39	1	P95	6980	-0.000722	-0.000722	0.000692	0.000692
730	8	31	39	1	P99	9703	0.002615	0.002615	0.000246	0.000246
730	8	31	39	1	P999	9703	0.002615	0.002615	0.000246	0.000246
731	8	8	16	1	P1	148	0.001657	0.001657	0.000444	0.000444
731	8	8	16	1	P50	159	0.000998	-0.002737	0.003518	-0.003957
731	8	8	16	1	P75	169	-0.000178	-0.007626	0.002327	-0.008850
731	8	8	16	1	P90	307	0.001057	0.001057	0.003455	0.003455
731	8	8	16	1	P95	603	-0.001056	-0.001056	0.001214	0.001214
731	8	8	16	1	P99	603	-0.001056	-0.001056	0.001214	0.001214
731	8	8	16	1	P999	603	-0.001056	-0.001056	0.001214	0.001214
732	8	8	16	1	P1	147	0.002200	0.002200	0.003492	0.003492
732	8	8	16	1	P50	158	0.001068	-0.000802	0.002347	0.000476
732	8	8	16	1	P75	163	-0.000179	-0.015020	0.001094	-0.017443
732	8	8	16	1	P90	432	0.000908	0.000908	0.002028	0.002028
732	8	8	16	1	P95	575	-0.000907	-0.000907	0.000167	0.000167
732	8	8	16	1	P99	575	-0.000907	-0.000907	0.000167	0.000167
732	8	8	16	1	P999	575	-0.000907	-0.000907	0.000167	0.000167
733	8	8	16	1	P1	147	0.002404	0.002404	0.003492	0.003492
733	8	8	16	1	P50	158	0.001262	-0.000608	0.002347	0.000476
733	8	8	16	1	P75	174	0.000120	-0.031157	0.001203	-0.033726
733	8	8	16	1	P90	263	0.000071	0.000071	0.001149	0.001149
733	8	8	16	1	P95	268	-0.000071	-0.000071	0.001006	0.001006
733	8	8	16	1	P99	268	-0.000071	-0.000071	0.001006	0.001006
733	8	8	16	1	P999	268	-0.000071	-0.000071	0.001006	0.001006
734	8	8	16	1	P1	144	0.000746	0.000746	0.001679	0.001679
734	8	8	16	1	P50	157	0.004052	-0.003427	0.001219	-0.006239
734	8	8	16	1	P75	171	0.004629	-0.006576	0.001775	-0.005686
734	8	8	16	1	P90	234	0.001282	0.001282	0.002107	0.002107
734	8	8	16	1	P95	326	-0.001280	-0.001280	0.003212	0.003212
734	8	8	16	1	P99	326	-0.001280	-0.001280	0.003212	0.003212
734	8	8	16	1	P999	326	-0.001280	-0.001280	0.003212	0.003212
735	8	8	16	1	P1	144	0.000376	0.000376	0.001679	0.001679
735	8	8	16	1	P50	157	-0.000082	-0.029541	0.001219	-0.028278
735	8	8	16	1	P75	164	0.001154	-0.010010	0.002456	-0.008723
735	8	8	16	1	P90	244	0.000082	0.000082	0.001376	0.001376
735	8	8	16	1	P95	273	-0.000082	-0.000082	0.001211	0.001211
735	8	8	16	1	P99	273	-0.000082	-0.000082	0.001211	0.001211
735	8	8	16	1	P999	273	-0.000082	-0.000082	0.001211	0.001211
736	8	8	16	1	P1	145	0.000562	0.000562	0.002235	0.002235
736	8	8	16	1	P50	157	0.003296	-0.011595	0.001219	-0.009946
736	8	8	16	1	P75	187	0.000385	-0.039917	0.002041	-0.041913
736	8	8	16	1	P90	383	0.001197	0.001197	0.002806	0.002806
736	8	8	16	1	P95	833	0.001747	0.001747	0.003305	0.003305
736	8	8	16	1	P99	833	0.001747	0.001747	0.003305	0.003305
736	8	8	16	1	P999	833	0.001747	0.001747	0.003305	0.003305
737	8	8	16	1	P1	147	0.002330	0.002330	0.003492	0.003492
737	8	8	16	1	P50	158	0.001188	-0.024669	0.002347	-0.023540
737	8	8	16	1	P75	183	0.000079	-0.068485	0.001235	-0.070887
737	8	8	16	1	P90	406	0.003152	0.003152	0.000553	0.000553
737	8	8	16	1	P95	667	0.000128	0.000128	0.001266	0.001266
737	8	8	16	1	P99	667	0.000128	0.000128	0.001266	0.001266
737	8	8	16	1	P999	667	0.000128	0.000128	0.001266	0.001266
738	623	8	631	1	P1	1	0.002907	0.002907	0.002382	0.002382
738	623	8	631	1	P50	3	-0.001067	-0.001067	-0.001795	-0.001795
738	623	8	631	1	P75	3	0.001065	0.001065	0.000335	0.000335
738	623	8	631	1	P90	4	0.000000	0.000000	-0.000782	-0.000782
738	623	8	631	1	P95	4	0.000849	0.000849	0.000066	0.000066
738	623	8	631	1	P99	1086	-0.000303	-0.000303	0.001604	0.001604
738	623	8	631	1	P999	4035	0.001333	0.001333	0.002996	0.002996
739	31	8	39	1	P1	211	0.000684	0.000684	0.000905	0.000905
739	31	8	39	1	P50	4866	0.000908	0.000908	0.000755	0.000755
739	31	8	39	1	P75	5311	0.001253	0.001253	0.001090	0.001090
739	31	8	39	1	P90	5518	0.000401	0.000401	0.000234	0.000234
739	31	8	39	1	P95	6493	0.002184	0.002184	0.001997	0.001997
739	31	8	39	1	P99	7405	0.001596	0.001596	0.001394	0.001394
739	31	8	39	1	P999	7405	0.001596	0.001596	0.001394	0.001394
740	8	8	16	1	P1	208	0.001451	0.001451	0.000273	0.000273
740	8	8	16	1	P50	1055	0.000376	-0.003357	0.002532	-0.004935
740	8	8	16	1	P75	3515	0.000805	-0.685967	0.002657	-0.686468
740	8	8	16	1	P90	3989	0.001427	0.001427	0.003249	0.003249
740	8	8	16	1	P95	6483	0.001843	0.001843	0.003542	0.003542
740	8	8	16	1	P99	6483	0.001843	0.001843	0.003542	0.003542
740	8	8	16	1	P999	6483	0.001843	0.001843	0.003542	0.003542
741	8	8	16	1	P1	210	0.000001	0.000001	0.001919	0.001919
741	8	8	16	1	P50	1053	0.002514	-0.004953	0.000688	-0.006765
741	8	8	16	1	P75	1093	0.002611	-0.001130	0.000785	-0.002949
741	8	8	16	1	P90	2190	0.002898	0.002898	0.001071	0.001071
741	8	8	16	1	P95	4009	0.000065	0.000065	0.001982	0.001982
741	8	8	16	1	P99	4009	0.000065	0.000065	0.001982	0.001982
741	8	8	16	1	P999	4009	0.000065	0.000065	0.001982	0.001982
742	8	8	16	1	P1	207	0.000719	0.000719	0.001355	0.001355
742	8	8	16	1	P50	1040	0.001464	-0.020750	0.001899	-0.020322
742	8	8	16	1	P75	1087	0.002125	-0.016433	0.000683	-0.016009
742	8	8	16	1	P90	1109	0.004527	0.004527	0.001205	0.001205
742	8	8	16	1	P95	1182	0.000582	0.000582	0.001001	0.001001
742	8	8	16	1	P99	1182	0.000582	0.000582	0.001001	0.001001
742	8	8	16	1	P999	1182	0.000582	0.000582	0.001001	0.001001
743	8	8	16	1	P1	217	0.000172	0.000172	0.002773	0.002773
743	8	8	16	1	P50	1001	0.002059	-0.003544	0.002742	-0.004726
743	8	8	16	1	P75	1053	0.001878	-0.001860	0.000688	-0.001180
743	8	8	16	1	P90	1082	0.000876	0.000876	0.003430	0.003430
743	8	8	16	1	P95	1090	0.000985	0.000985	0.003540	0.003540
743	8	8	16	1	P99	1090	0.000985	0.000985	0.003540	0.003540
743	8	8	16	1	P999	1090	0.000985	0.000985	0.003540	0.003540
744	8	8	16	1	P1	246	0.001682	0.001682	0.000688	0.000688
744	8	8	16	1	P50	999	-0.001335	-0.002579	0.001001	-0.000868
744	8	8	16	1	P75	1042	0.001391	-0.002346	0.003721	-0.000024
744	8	8	16	1	P90	1124	0.000420	0.000420	0.002725	0.002725
744	8	8	16	1	P95	1135	0.001900	0.001900	0.000458	0.000458
744	8	8	16	1	P99	1135	0.001900	0.001900	0.000458	0.000458
744	8	8	16	1	P999	1135	0.001900	0.001900	0.000458	0.000458
745	8	8	16	1	P1	204	0.001692	0.001692	0.001002	0.001002
745	8	8	16	1	P50	1003	0.001902	0.000030	0.000743	-0.000503
745	8	8	16	1	P75	1047	0.000096	-0.022091	0.002668	-0.019569
745	8	8	16	1	P90	1081	0.001792	0.001792	0.000611	0.000611
745	8	8	16	1	P95	1097	0.002056	0.002056	0.000870	0.000870
745	8	8	16	1	P99	1097	0.002056	0.002056	0.000870	0.000870
745	8	8	16	1	P999	1097	0.002056	0.002056	0.000870	0.000870
746	8	8	16	1	P1	201	0.000507	0.000507	0.000865	0.000865
746	8	8	16	1	P50	1023	0.003217	0.001344	0.003432	-0.000312
746	8	8	16	1	P75	1052	0.001428	-0.006032	0.001640	-0.005821
746	8	8	16	1	P90	1068	0.001286	0.001286	0.001497	0.001497
746	8	8	16	1	P95	1163	0.002053	0.002053	0.002256	0.002256
746	8	8	16	1	P99	1163	0.002053	0.002053	0.002256	0.002256
746	8	8	16	1	P999	1163	0.002053	0.002053	0.002256	0.002256
747	8	8	16	1	P1	201	0.000955	0.000955	0.000865	0.000865
747	8	8	16	1	P50	1022	0.001026	-0.000220	0.000667	-0.000580
747	8	8	16	1	P75	1074	0.003744	-0.029467	0.003375	-0.026185
747	8	8	16	1	P90	3559	0.001996	0.001996	0.001429	0.001429
747	8	8	16	1	P95	3849	0.002173	0.002173	0.001592	0.001592
747	8	8	16	1	P99	3849	0.002173	0.002173	0.001592	0.001592
747	8	8	16	1	P999	3849	0.002173	0.002173	0.001592	0.001592
748	8	8	16	1	P1	206	0.000270	0.000270	0.002462	0.002462
748	8	8	16	1	P50	1013	0.001793	-0.000078	0.000167	-0.001701
748	8	8	16	1	P75	1069	0.002189	-0.020039	0.000560	-0.021631
748	8	8	16	1	P90	3641	0.002765	0.002765	0.001077	0.001077
748	8	8	16	1	P95	3857	0.001203	0.001203	0.003258	0.003258
748	8	8	16	1	P99	3857	0.001203	0.001203	0.003258	0.003258
748	8	8	16	1	P999	3857	0.001203	0.001203	0.003258	0.003258
749	623	8	631	1	P1	1	0.003180	0.003180	0.003276	0.003276
749	623	8	631	1	P50	3	-0.002559	-0.002559	-0.002522	-0.002522
749	623	8	631	1	P75	3	-0.000325	-0.000325	-0.000288	-0.000288
749	623	8	631	1	P90	4	-0.001360	-0.001360	-0.001339	-0.001339
749	623	8	631	1	P95	4	-0.000115	-0.000115	-0.000094	-0.000094
749	623	8	631	1	P99	995	0.001555	0.001555	0.001275	0.001275
749	623	8	631	1	P999	2593	0.000696	0.000696	0.000365	0.000365
750	31	8	39	1	P1	934	0.001103	0.001103	0.000996	0.000996
750	31	8	39	1	P50	3512	0.002414	0.002414	0.003514	0.003514
750	31	8	39	1	P75	3872	0.002017	0.002017	0.003114	0.003114
750	31	8	39	1	P90	4046	0.002919	0.002919	0.000269	0.000269
750	31	8	39	1	P95	4509	0.002977	0.002977	0.000324	0.000324
750	31	8	39	1	P99	6914	0.001642	0.001642	0.002720	0.002720
750	31	8	39	1	P999	6914	0.001642	0.001642	0.002720	0.002720
751	8	8	16	1	P1	930	0.001577	0.001577	0.001551	0.001551
751	8	8	16	1	P50	945	0.000532	-0.001337	0.000501	-0.001367
751	8	8	16	1	P75	1025	0.001527	-0.017023	-0.000396	-0.017069
751	8	8	16	1	P90	1032	-0.001540	-0.001540	0.002145	0.002145
751	8	8	16	1	P95	1071	0.002496	0.002496	0.002431	0.002431
751	8	8	16	1	P99	1071	0.002496	0.002496	0.002431	0.002431
751	8	8	16	1	P999	1071	0.002496	0.002496	0.002431	0.002431
752	8	8	16	1	P1	930	0.002066	0.002066	0.001551	0.001551
752	8	8	16	1	P50	945	0.000396	-0.000850	0.000501	-0.000247
752	8	8	16	1	P75	1005	0.001150	-0.028351	0.002491	-0.030673
752	8	8	16	1	P90	1026	-0.000837	-0.000837	0.000498	0.000498
752	8	8	16	1	P95	2891	-0.001149	-0.001149	0.003724	0.003724
752	8	8	16	1	P99	2891	-0.001149	-0.001149	0.003724	0.003724
752	8	8	16	1	P999	2891	-0.001149	-0.001149	0.003724	0.003724
753	8	8	16	1	P1	929	-0.000565	-0.000565	0.000133	0.000133
753	8	8	16	1	P50	947	0.000806	-0.001063	0.000879	-0.000367
753	8	8	16	1	P75	1019	0.002297	-0.027234	0.003613	-0.025955
753	8	8	16	1	P90	3505	0.000577	0.000577	0.001767	0.001767
753	8	8	16	1	P95	4491	-0.000577	-0.000577	0.000586	0.000586
753	8	8	16	1	P99	4491	-0.000577	-0.000577	0.000586	0.000586
753	8	8	16	1	P999	4491	-0.000577	-0.000577	0.000586	0.000586
754	8	8	16	1	P1	921	0.003828	0.003828	0.000060	0.000060
754	8	8	16	1	P50	950	0.002734	-0.001008	0.002703	-0.004765
754	8	8	16	1	P75	1018	0.004648	-0.032222	0.000850	-0.035871
754	8	8	16	1	P90	3822	0.001564	0.001564	0.001155	0.001155
754	8	8	16	1	P95	4040	-0.001561	-0.001561	0.001755	0.001755
754	8	8	16	1	P99	4040	-0.001561	-0.001561	0.001755	0.001755
754	8	8	16	1	P999	4040	-0.001561	-0.001561	0.001755	0.001755
755	8	8	16	1	P1	927	0.000941	0.000941	0.001043	0.001043
755	8	8	16	1	P50	948	0.000968	0.000220	0.001070	0.000322
755	8	8	16	1	P75	1014	0.000949	-0.024902	0.001049	-0.024804
755	8	8	16	1	P90	1034	0.000107	0.000107	0.000207	0.000207
755	8	8	16	1	P95	1170	-0.000107	-0.000107	0.003736	0.003736
755	8	8	16	1	P99	1170	-0.000107	-0.000107	0.003736	0.003736
755	8	8	16	1	P999	1170	-0.000107	-0.000107	0.003736	0.003736
756	8	8	16	1	P1	918	-0.000050	-0.000050	0.003328	0.003328
756	8	8	16	1	P50	950	-0.000664	-0.001908	0.001455	0.000208
756	8	8	16	1	P75	1033	0.001571	-0.020647	0.001175	-0.021029
756	8	8	16	1	P90	1040	-0.001443	-0.001443	0.001899	0.001899
756	8	8	16	1	P95	1104	0.002401	0.002401	0.001987	0.001987
756	8	8	16	1	P99	1104	0.002401	0.002401	0.001987	0.001987
756	8	8	16	1	P999	1104	0.002401	0.002401	0.001987	0.001987
757	8	8	16	1	P1	936	0.000007	0.000007	0.000102	0.000102
757	8	8	16	1	P50	949	-0.000700	-0.001633	0.000015	-0.001852
757	8	8	16	1	P75	1011	0.003323	-0.011571	0.000274	-0.010880
757	8	8	16	1	P90	1047	-0.001757	-0.001757	0.002668	0.002668
757	8	8	16	1	P95	1065	-0.000109	-0.000109	0.000571	0.000571
757	8	8	16	1	P99	1065	-0.000109	-0.000109	0.000571	0.000571
757	8	8	16	1	P999	1065	-0.000109	-0.000109	0.000571	0.000571
758	8	8	16	1	P1	922	0.004622	0.004622	0.002717	0.002717
758	8	8	16	1	P50	959	0.000783	-0.004813	0.000747	-0.006707
758	8	8	16	1	P75	1020	0.004553	-0.006652	0.002629	-0.008552
758	8	8	16	1	P90	1039	0.001041	0.001041	0.002863	0.002863
758	8	8	16	1	P95	1122	-0.001040	-0.001040	0.000764	0.000764
758	8	8	16	1	P99	1122	-0.001040	-0.001040	0.000764	0.000764
758	8	8	16	1	P999	1122	-0.001040	-0.001040	0.000764	0.000764
759	623	8	631	1	P1	1	0.001202	0.001202	0.002382	0.002382
759	623	8	631	1	P50	2	0.000868	0.000868	0.001918	0.001918
759	623	8	631	1	P75	3	0.001380	0.001380	-0.001384	-0.001384
759	623	8	631	1	P90	3	0.002719	0.002719	-0.000049	-0.000049
759	623	8	631	1	P95	4	0.000219	0.000219	-0.002595	-0.002595
759	623	8	631	1	P99	1007	0.000602	0.000602	0.000500	0.000500
759	623	8	631	1	P999	1154	-0.001064	-0.001064	0.002550	0.002550
760	31	8	39	1	P1	146	0.003248	0.003248	0.002840	0.002840
760	31	8	39	1	P50	4753	-0.001295	-0.001295	0.001825	0.001825
760	31	8	39	1	P75	5215	0.001266	0.001266	0.000641	0.000641
760	31	8	39	1	P90	5427	0.002541	0.002541	0.001912	0.001912
760	31	8	39	1	P95	6126	0.001005	0.001005	0.000370	0.000370
760	31	8	39	1	P99	8018	0.001007	0.001007	0.000356	0.000356
760	31	8	39	1	P999	8018	0.001007	0.001007	0.000356	0.000356
761	8	8	16	1	P1	139	-0.000092	-0.000092	0.003381	0.003381
761	8	8	16	1	P50	150	0.002266	0.000395	0.001975	0.000727
761	8	8	16	1	P75	154	0.002121	0.000250	0.001823	-0.000048
761	8	8	16	1	P90	155	-0.000614	-0.000614	0.002829	0.002829
761	8	8	16	1	P95	158	-0.001089	-0.001089	0.002347	0.002347
761	8	8	16	1	P99	158	-0.001089	-0.001089	0.002347	0.002347
761	8	8	16	1	P999	158	-0.001089	-0.001089	0.002347	0.002347
762	8	8	16	0	P1	141	0.002859	0.002859	0.000303	0.000303
762	8	8	16	0	P50	148	0.003001	0.002251	0.000444	-0.000304
762	8	8	16	0	P75	152	0.000625	-0.012381	0.001812	-0.011209
762	8	8	16	0	P90	153	0.001544	0.001544	-0.001008	-0.001008
762	8	8	16	0	P95	153	0.003418	0.003418	0.000860	0.000860
762	8	8	16	0	P99	153	0.003418	0.003418	0.000860	0.000860
762	8	8	16	0	P999	153	0.003418	0.003418	0.000860	0.000860
763	8	8	16	1	P1	142	0.002133	0.002133	0.000712	0.000712
763	8	8	16	1	P50	148	-0.000002	-0.005594	-0.001424	-0.003289
763	8	8	16	1	P75	151	0.000491	-0.000755	0.002808	0.001559
763	8	8	16	1	P90	154	-0.002357	-0.002357	-0.000048	-0.000048
763	8	8	16	1	P95	154	-0.000491	-0.000491	0.001823	0.001823
763	8	8	16	1	P99	154	-0.000491	-0.000491	0.001823	0.001823
763	8	8	16	1	P999	154	-0.000491	-0.000491	0.001823	0.001823
764	8	8	16	1	P1	142	0.000481	0.000481	0.000712	0.000712
764	8	8	16	1	P50	148	0.003962	-0.003516	0.000444	-0.003289
764	8	8	16	1	P75	152	-0.000284	-0.004014	0.001812	-0.003789
764	8	8	16	1	P90	153	-0.001233	-0.001233	-0.001008	-0.001008
764	8	8	16	1	P95	153	0.000635	0.000635	0.000860	0.000860
764	8	8	16	1	P99	153	0.000635	0.000635	0.000860	0.000860
764	8	8	16	1	P999	153	0.000635	0.000635	0.000860	0.000860
765	8	8	16	1	P1	142	0.000805	0.000805	0.000712	0.000712
765	8	8	16	1	P50	149	-0.000583	-0.002449	-0.000683	-0.006270
765	8	8	16	1	P75	151	0.001038	-0.004560	0.000936	-0.004661
765	8	8	16	1	P90	152	0.000044	0.000044	0.003686	0.003686
765	8	8	16	1	P95	155	0.002935	0.002935	0.002829	0.002829
765	8	8	16	1	P99	155	0.002935	0.002935	0.002829	0.002829
765	8	8	16	1	P999	155	0.002935	0.002935	0.002829	0.002829
766	8	8	16	1	P1	139	0.001716	0.001716	0.003381	0.003381
766	8	8	16	1	P50	147	0.001844	0.000596	0.003492	0.002242
766	8	8	16	1	P75	153	-0.000772	-0.011918	0.000860	-0.010300
766	8	8	16	1	P90	169	0.004471	0.004471	0.002327	0.002327
766	8	8	16	1	P95	174	0.005231	0.005231	0.003076	0.003076
766	8	8	16	1	P99	174	0.005231	0.005231	0.003076	0.003076
766	8	8	16	1	P999	174	0.005231	0.005231	0.003076	0.003076
767	8	623	631	1	P1	2	-0.001098	-0.001098	-0.001587	-0.001587
767	8	623	631	1	P50	3	-0.001401	-0.001401	-0.001953	-0.001953
767	8	623	631	1	P75	3	0.000778	0.000778	0.000225	0.000225
767	8	623	631	1	P90	4	-0.000261	-0.000261	-0.000859	-0.000859
767	8	623	631	1	P95	4	0.000638	0.000638	0.000040	0.000040
767	8	623	631	1	P99	147	0.000911	0.000911	0.003492	0.003492
767	8	623	631	1	P999	176	0.004056	0.004056	0.002861	0.002861
768	8	31	39	1	P1	217	0.000506	0.000506	0.002773	0.002773
768	8	31	39	1	P50	4968	0.002321	0.002321	0.000569	0.000569
768	8	31	39	1	P75	5397	-0.000134	-0.000134	0.001225	0.001225
768	8	31	39	1	P90	5607	0.000945	0.000945	0.001055	0.001055
768	8	31	39	1	P95	5939	-0.000505	-0.000505	0.001469	0.001469
768	8	31	39	1	P99	8506	0.002882	0.002882	0.001081	0.001081
768	8	31	39	1	P999	8506	0.002882	0.002882	0.001081	0.001081
769	8	8	16	0	P1	180	-0.001867	-0.001867	0.000943	0.000943
769	8	8	16	0	P50	965	0.001044	-0.000826	0.000740	-0.000506
769	8	8	16	0	P75	975	0.000079	-0.001789	0.002894	-0.000848
769	8	8	16	0	P90	988	0.001787	0.001787	0.000859	0.000859
769	8	8	16	0	P95	1024	0.003381	0.003381	0.002452	0.002452
769	8	8	16	0	P99	1024	0.003381	0.003381	0.002452	0.002452
769	8	8	16	0	P999	1024	0.003381	0.003381	0.002452	0.002452
770	8	8	16	1	P1	180	0.001440	0.001440	0.002815	0.002815
770	8	8	16	1	P50	963	-0.000631	-0.001876	0.000322	-0.000923
770	8	8	16	1	P75	977	0.003637	-0.000109	0.000841	-0.001028
770	8	8	16	1	P90	986	0.001940	0.001940	0.002889	0.002889
770	8	8	16	1	P95	1008	-0.001433	-0.001433	0.003251	0.003251
770	8	8	16	1	P99	1008	-0.001433	-0.001433	0.003251	0.003251
770	8	8	16	1	P999	1008	-0.001433	-0.001433	0.003251	0.003251
771	8	8	16	1	P1	178	0.001159	0.001159	0.002775	0.002775
771	8	8	16	1	P50	963	0.002791	0.000919	0.000322	-0.000923
771	8	8	16	1	P75	988	0.003335	-0.004140	0.000859	-0.002875
771	8	8	16	1	P90	992	0.003032	0.003032	0.000556	0.000556
771	8	8	16	1	P95	1081	0.003104	0.003104	0.000611	0.000611
771	8	8	16	1	P99	1081	0.003104	0.003104	0.000611	0.000611
771	8	8	16	1	P999	1081	0.003104	0.003104	0.000611	0.000611
772	8	8	16	1	P1	177	-0.000158	-0.000158	-0.000940	-0.000940
772	8	8	16	1	P50	970	-0.000025	-0.009329	0.000556	-0.006897
772	8	8	16	1	P75	994	-0.000162	-0.003894	0.002283	-0.001457
772	8	8	16	1	P90	1000	0.001299	0.001299	0.000000	0.000000
772	8	8	16	1	P95	1003	0.002043	0.002043	0.000743	0.000743
772	8	8	16	1	P99	1003	0.002043	0.002043	0.000743	0.000743
772	8	8	16	1	P999	1003	0.002043	0.002043	0.000743	0.000743
773	8	8	16	1	P1	175	0.000980	0.000980	0.001079	0.001079
773	8	8	16	1	P50	970	0.004497	-0.002986	0.000556	-0.001313
773	8	8	16	1	P75	994	0.000608	-0.004988	0.002283	-0.001457
773	8	8	16	1	P90	1023	0.003635	0.003635	0.003432	0.003432
773	8	8	16	1	P95	1086	0.003691	0.003691	0.003478	0.003478
773	8	8	16	1	P99	1086	0.003691	0.003691	0.003478	0.003478
773	8	8	16	1	P999	1086	0.003691	0.003691	0.003478	0.003478
774	8	8	16	1	P1	177	0.001827	0.001827	0.000929	0.000929
774	8	8	16	1	P50	961	0.000096	-0.001772	0.001156	-0.000091
774	8	8	16	1	P75	988	0.002304	0.000432	0.000859	-0.001010
774	8	8	16	1	P90	999	0.002449	0.002449	0.001001	0.001001
774	8	8	16	1	P95	1034	0.001665	0.001665	0.000207	0.000207
774	8	8	16	1	P99	1034	0.001665	0.001665	0.000207	0.000207
774	8	8	16	1	P999	1034	0.001665	0.001665	0.000207	0.000207
775	8	623	631	1	P1	1	0.004011	0.004011	0.003745	0.003745
775	8	623	631	1	P50	3	0.003720	0.003720	-0.000480	-0.000480
775	8	623	631	1	P75	4	-0.001179	-0.001179	-0.001682	-0.001682
775	8	623	631	1	P90	4	0.000249	0.000249	-0.000255	-0.000255
775	8	623	631	1	P95	4	0.000736	0.000736	0.000232	0.000232
775	8	623	631	1	P99	191	0.000736	0.000736	0.003308	0.003308
775	8	623	631	1	P999	1032	-0.000132	-0.000132	0.002145	0.002145
776	8	31	39	1	P1	115	-0.000784	-0.000784	0.000412	0.000412
776	8	31	39	1	P50	3741	-0.002258	-0.002258	0.000148	0.000148
776	8	31	39	1	P75	4019	-0.001036	-0.001036	0.001359	0.001359
776	8	31	39	1	P90	4295	-0.000159	-0.000159	0.000354	0.000354
776	8	31	39	1	P95	4414	0.002423	0.002423	0.002932	0.002932
776	8	31	39	1	P99	7988	-0.000029	-0.000029	0.000367	0.000367
776	8	31	39	1	P999	7988	-0.000029	-0.000029	0.000367	0.000367
777	8	8	16	1	P1	99	0.000655	0.000655	0.002578	0.002578
777	8	8	16	1	P50	105	-0.000241	-0.005832	0.001674	-0.007643
777	8	8	16	1	P75	108	-0.000374	-0.007820	0.001537	-0.005922
777	8	8	16	1	P90	111	0.002136	0.002136	0.000303	0.000303
777	8	8	16	1	P95	112	0.000642	0.000642	0.002551	0.002551
777	8	8	16	1	P99	112	0.000642	0.000642	0.002551	0.002551
777	8	8	16	1	P999	112	0.000642	0.000642	0.002551	0.002551
778	8	8	16	1	P1	99	0.002779	0.002779	0.002578	0.002578
778	8	8	16	1	P50	106	0.001741	-0.009430	0.001540	-0.005920
778	8	8	16	1	P75	111	-0.001364	-0.018022	-0.001565	-0.014542
778	8	8	16	1	P90	113	0.001337	0.001337	0.001136	0.001136
778	8	8	16	1	P95	114	0.003746	0.003746	0.003545	0.003545
778	8	8	16	1	P99	114	0.003746	0.003746	0.003545	0.003545
778	8	8	16	1	P999	114	0.003746	0.003746	0.003545	0.003545
779	8	8	16	1	P1	98	0.003765	0.003765	0.001514	0.001514
779	8	8	16	1	P50	106	-0.001808	-0.025773	-0.000330	-0.027967
779	8	8	16	1	P75	108	0.003807	0.000062	0.001537	-0.000333
779	8	8	16	1	P90	115	0.004568	0.004568	0.002283	0.002283
779	8	8	16	1	P95	116	-0.000362	-0.000362	0.001099	0.001099
779	8	8	16	1	P99	116	-0.000362	-0.000362	0.001099	0.001099
779	8	8	16	1	P999	116	-0.000362	-0.000362	0.001099	0.001099
780	8	8	16	1	P1	97	0.001830	0.001830	0.000556	0.000556
780	8	8	16	1	P50	106	-0.000913	-0.002779	0.001540	-0.000330
780	8	8	16	1	P75	109	0.001087	-0.010078	0.003540	-0.007651
780	8	8	16	1	P90	113	0.002435	0.002435	0.001136	0.001136
780	8	8	16	1	P95	121	0.001324	0.001324	0.000016	0.000016
780	8	8	16	1	P99	121	0.001324	0.001324	0.000016	0.000016
780	8	8	16	1	P999	121	0.001324	0.001324	0.000016	0.000016
781	8	8	16	1	P1	99	-0.001537	-0.001537	0.002578	0.002578
781	8	8	16	1	P50	107	0.003015	0.001141	0.003368	0.002119
781	8	8	16	1	P75	110	0.001533	-0.005929	0.001879	-0.005583
781	8	8	16	1	P90	112	-0.003395	-0.003395	0.000679	0.000679
781	8	8	16	1	P95	112	-0.001530	-0.001530	0.002551	0.002551
781	8	8	16	1	P99	112	-0.001530	-0.001530	0.002551	0.002551
781	8	8	16	1	P999	112	-0.001530	-0.001530	0.002551	0.002551
782	8	8	16	1	P1	97	0.003088	0.003088	0.000556	0.000556
782	8	8	16	1	P50	107	0.002178	0.000306	0.003368	0.001495
782	8	8	16	1	P75	114	-0.001371	-0.016195	0.003545	-0.015037
782	8	8	16	1	P90	116	0.003676	0.003676	0.001099	0.001099
782	8	8	16	1	P95	121	-0.001142	-0.001142	0.000016	0.000016
782	8	8	16	1	P99	121	-0.001142	-0.001142	0.000016	0.000016
782	8	8	16	1	P999	121	-0.001142	-0.001142	0.000016	0.000016
783	8	8	16	1	P1	97	-0.000127	-0.000127	0.000556	0.000556
783	8	8	16	1	P50	105	0.002875	-0.008310	0.003548	-0.007643
783	8	8	16	1	P75	109	-0.000869	-0.008312	0.003540	-0.007651
783	8	8	16	1	P90	112	0.001889	0.001889	0.002551	0.002551
783	8	8	16	1	P95	115	0.001625	0.001625	0.002283	0.002283
783	8	8	16	1	P99	115	0.001625	0.001625	0.002283	0.002283
783	8	8	16	1	P999	115	0.001625	0.001625	0.002283	0.002283
784	8	8	16	1	P1	96	0.001578	0.001578	0.003448	0.003448
784	8	8	16	1	P50	107	-0.001278	-0.017023	0.000559	-0.015210
784	8	8	16	1	P75	108	-0.000299	-0.007747	0.001537	-0.005922
784	8	8	16	1	P90	114	0.001719	0.001719	0.003545	0.003545
784	8	8	16	1	P95	116	-0.000718	-0.000718	0.001099	0.001099
784	8	8	16	1	P99	116	-0.000718	-0.000718	0.001099	0.001099
784	8	8	16	1	P999	116	-0.000718	-0.000718	0.001099	0.001099
785	623	8	631	1	P1	1	0.004000	0.004000	0.003745	0.003745
785	623	8	631	1	P50	3	-0.001645	-0.001645	-0.002039	-0.002039
785	623	8	631	1	P75	3	0.000363	0.000363	-0.000033	-0.000033
785	623	8	631	1	P90	4	-0.000698	-0.000698	-0.001130	-0.001130
785	623	8	631	1	P95	4	0.000360	0.000360	-0.000073	-0.000073
785	623	8	631	1	P99	1008	0.000656	0.000656	0.003251	0.003251
785	623	8	631	1	P999	1125	-0.000744	-0.000744	0.001833	0.001833
786	31	8	39	1	P1	914	0.002079	0.002079	0.000214	0.000214
786	31	8	39	1	P50	4443	-0.001330	-0.001330	0.000117	0.000117
786	31	8	39	1	P75	5304	-0.000860	-0.000860	0.000539	0.000539
786	31	8	39	1	P90	5752	-0.001558	-0.001558	0.003563	0.003563
786	31	8	39	1	P95	5988	-0.000640	-0.000640	0.000727	0.000727
786	31	8	39	1	P99	9710	0.002030	0.002030	0.003268	0.003268
786	31	8	39	1	P999	9710	0.002030	0.002030	0.003268	0.003268
787	8	8	16	1	P1	911	0.001613	0.001613	0.003507	0.003507
787	8	8	16	1	P50	940	0.000180	-0.000754	0.002070	0.001134
787	8	8	16	1	P75	1001	0.000855	-0.032258	0.002742	-0.030431
787	8	8	16	1	P90	1046	0.001741	0.001741	0.003627	0.003627
787	8	8	16	1	P95	1076	-0.000371	-0.000371	0.001510	0.001510
787	8	8	16	1	P99	1076	-0.000371	-0.000371	0.001510	0.001510
787	8	8	16	1	P999	1076	-0.000371	-0.000371	0.001510	0.001510
788	8	8	16	1	P1	915	0.002644	0.002644	0.002862	0.002862
788	8	8	16	1	P50	958	0.000328	-0.000918	0.000544	-0.000702
788	8	8	16	1	P75	1030	0.000130	-0.040159	0.000345	-0.039953
788	8	8	16	1	P90	1038	-0.000130	-0.000130	0.000084	0.000084
788	8	8	16	1	P95	1070	0.003154	0.003154	0.003368	0.003368
788	8	8	16	1	P99	1070	0.003154	0.003154	0.003368	0.003368
788	8	8	16	1	P999	1070	0.003154	0.003154	0.003368	0.003368
789	8	8	16	0	P1	917	0.000804	0.000804	0.000675	0.000675
789	8	8	16	0	P50	956	0.002142	-0.001597	0.000142	-0.003590
789	8	8	16	0	P75	1002	-0.001245	-0.002489	0.000494	-0.000752
789	8	8	16	0	P90	1056	0.003586	0.003586	0.001583	0.001583
789	8	8	16	0	P95	1090	0.001795	0.001795	0.003540	0.003540
789	8	8	16	0	P99	1090	0.001795	0.001795	0.003540	0.003540
789	8	8	16	0	P999	1090	0.001795	0.001795	0.003540	0.003540
790	8	8	16	1	P1	918	-0.000238	-0.000238	0.001455	0.001455
790	8	8	16	1	P50	954	0.000556	-0.008753	0.000367	-0.005226
790	8	8	16	1	P75	1003	0.002819	-0.010219	0.000743	-0.010417
790	8	8	16	1	P90	1017	-0.001697	-0.001697	0.001834	0.001834
790	8	8	16	1	P95	1019	0.000076	0.000076	0.003613	0.003613
790	8	8	16	1	P99	1019	0.000076	0.000076	0.003613	0.003613
790	8	8	16	1	P999	1019	0.000076	0.000076	0.003613	0.003613
791	8	8	16	1	P1	922	0.001730	0.001730	0.002717	0.002717
791	8	8	16	1	P50	955	0.003953	-0.010948	0.001189	-0.009975
791	8	8	16	1	P75	1027	0.002289	-0.027242	0.003267	-0.029923
791	8	8	16	1	P90	1091	0.001648	0.001648	0.002620	0.002620
791	8	8	16	1	P95	1114	-0.000524	-0.000524	0.000444	0.000444
791	8	8	16	1	P99	1114	-0.000524	-0.000524	0.000444	0.000444
791	8	8	16	1	P999	1114	-0.000524	-0.000524	0.000444	0.000444
792	8	8	16	1	P1	927	0.003957	0.003957	0.001043	0.001043
792	8	8	16	1	P50	959	-0.000075	-0.011229	-0.001122	-0.014105
792	8	8	16	1	P75	1020	0.001825	-0.049269	0.002629	-0.044928
792	8	8	16	1	P90	1072	0.000709	0.000709	0.001496	0.001496
792	8	8	16	1	P95	1095	-0.001822	-0.001822	0.002698	0.002698
792	8	8	16	1	P99	1095	-0.001822	-0.001822	0.002698	0.002698
792	8	8	16	1	P999	1095	-0.001822	-0.001822	0.002698	0.002698
793	623	8	631	1	P1	1	0.003701	0.003701	0.003276	0.003276
793	623	8	631	1	P50	3	0.003127	0.003127	-0.001268	-0.001268
793	623	8	631	1	P75	4	-0.001753	-0.001753	-0.002463	-0.002463
793	623	8	631	1	P90	4	0.000289	0.000289	-0.000423	-0.000423
793	623	8	631	1	P95	4	0.000985	0.000985	0.000273	0.000273
793	623	8	631	1	P99	1001	0.000865	0.000865	0.002742	0.002742
793	623	8	631	1	P999	1139	-0.001168	-0.001168	0.000678	0.000678
794	31	8	39	1	P1	163	0.001035	0.001035	0.001094	0.001094
794	31	8	39	1	P50	4997	-0.000957	-0.000957	0.002227	0.002227
794	31	8	39	1	P75	5315	0.000904	0.000904	0.000336	0.000336
794	31	8	39	1	P90	5667	0.000334	0.000334	0.003499	0.003499
794	31	8	39	1	P95	5712	-0.000098	-0.000098	0.003064	0.003064
794	31	8	39	1	P99	9971	-0.000153	-0.000153	0.002908	0.002908
794	31	8	39	1	P999	9971	-0.000153	-0.000153	0.002908	0.002908
795	8	8	16	1	P1	156	0.001157	0.001157	0.000132	0.000132
795	8	8	16	1	P50	944	0.002950	-0.008236	0.001561	-0.009608
795	8	8	16	1	P75	964	0.000675	-0.010486	0.003027	-0.008158
795	8	8	16	1	P90	1076	0.001053	0.001053	-0.000360	-0.000360
795	8	8	16	1	P95	1076	0.002926	0.002926	0.001510	0.001510
795	8	8	16	1	P99	1076	0.002926	0.002926	0.001510	0.001510
795	8	8	16	1	P999	1076	0.002926	0.002926	0.001510	0.001510
796	8	8	16	1	P1	164	0.001142	0.001142	0.002456	0.002456
796	8	8	16	1	P50	951	0.000685	-0.014168	0.001649	-0.013216
796	8	8	16	1	P75	992	0.003346	-0.026219	0.000556	-0.025284
796	8	8	16	1	P90	1080	0.004347	0.004347	0.001537	0.001537
796	8	8	16	1	P95	1091	0.001683	0.001683	0.002620	0.002620
796	8	8	16	1	P99	1091	0.001683	0.001683	0.002620	0.002620
796	8	8	16	1	P999	1091	0.001683	0.001683	0.002620	0.002620
797	8	8	16	1	P1	182	0.000152	0.000152	0.002980	0.002980
797	8	8	16	1	P50	931	0.001434	-0.000436	0.000475	-0.000771
797	8	8	16	1	P75	949	0.000974	-0.000895	0.000015	-0.001852
797	8	8	16	1	P90	996	0.001230	0.001230	0.000270	0.000270
797	8	8	16	1	P95	1006	0.002457	0.002457	0.001495	0.001495
797	8	8	16	1	P99	1006	0.002457	0.002457	0.001495	0.001495
797	8	8	16	1	P999	1006	0.002457	0.002457	0.001495	0.001495
798	8	8	16	1	P1	157	0.001306	0.001306	0.001219	0.001219
798	8	8	16	1	P50	931	0.000966	-0.000281	0.000475	-0.000771
798	8	8	16	1	P75	965	0.002488	-0.004980	0.001987	-0.005475
798	8	8	16	1	P90	1006	0.002004	0.002004	0.001495	0.001495
798	8	8	16	1	P95	1008	0.003762	0.003762	0.003251	0.003251
798	8	8	16	1	P99	1008	0.003762	0.003762	0.003251	0.003251
798	8	8	16	1	P999	1008	0.003762	0.003762	0.003251	0.003251
799	8	8	16	1	P1	168	0.001099	0.001099	0.000783	0.000783
799	8	8	16	1	P50	945	0.003019	0.001146	0.000501	-0.001367
799	8	8	16	1	P75	1002	0.002399	-0.027139	0.001741	-0.031398
799	8	8	16	1	P90	1035	0.003647	0.003647	0.002983	0.002983
799	8	8	16	1	P95	1040	0.002563	0.002563	0.001899	0.001899
799	8	8	16	1	P99	1040	0.002563	0.002563	0.001899	0.001899
799	8	8	16	1	P999	1040	0.002563	0.002563	0.001899	0.001899
800	8	8	16	1	P1	159	0.000325	0.000325	0.003518	0.003518
800	8	8	16	1	P50	941	0.001658	-0.005803	0.001005	-0.006450
800	8	8	16	1	P75	1004	0.004148	-0.007050	0.003490	-0.007700
800	8	8	16	1	P90	1023	0.000344	0.000344	0.003432	0.003432
800	8	8	16	1	P95	1034	0.000864	0.000864	0.000207	0.000207
800	8	8	16	1	P99	1034	0.000864	0.000864	0.000207	0.000207
800	8	8	16	1	P999	1034	0.000864	0.000864	0.000207	0.000207
801	623	8	631	1	P1	1	0.002728	0.002728	0.002382	0.002382
801	623	8	631	1	P50	3	-0.001330	-0.001330	-0.001839	-0.001839
801	623	8	631	1	P75	3	0.000692	0.000692	0.000182	0.000182
801	623	8	631	1	P90	4	-0.000367	-0.000367	-0.000919	-0.000919
801	623	8	631	1	P95	4	0.000553	0.000553	0.000001	0.000001
801	623	8	631	1	P99	1006	0.002874	0.002874	0.001495	0.001495
801	623	8	631	1	P999	1114	0.001837	0.001837	0.000444	0.000444
802	31	8	39	1	P1	157	0.000435	0.000435	0.001219	0.001219
802	31	8	39	1	P50	4936	0.002775	0.002775	0.003298	0.003298
802	31	8	39	1	P75	5396	-0.000352	-0.000352	0.000163	0.000163
802	31	8	39	1	P90	5599	-0.001767	-0.001767	-0.001255	-0.001255
802	31	8	39	1	P95	5787	0.000719	0.000719	0.001229	0.001229
802	31	8	39	1	P99	8924	0.001226	0.001226	0.001703	0.001703
802	31	8	39	1	P999	8924	0.001226	0.001226	0.001703	0.001703
803	8	8	16	1	P1	155	0.000803	0.000803	0.002829	0.002829
803	8	8	16	1	P50	948	0.003043	-0.000700	0.001070	-0.000799
803	8	8	16	1	P75	1005	0.004475	-0.039591	0.002491	-0.041482
803	8	8	16	1	P90	1020	0.004615	0.004615	0.002629	0.002629
803	8	8	16	1	P95	1030	0.002328	0.002328	0.000345	0.000345
803	8	8	16	1	P99	1030	0.002328	0.002328	0.000345	0.000345
803	8	8	16	1	P999	1030	0.002328	0.002328	0.000345	0.000345
804	8	8	16	0	P1	155	-0.001867	-0.001867	0.000956	0.000956
804	8	8	16	0	P50	945	-0.000455	-0.002321	-0.001367	-0.003232
804	8	8	16	0	P75	991	0.002481	-0.019752	0.001566	-0.020647
804	8	8	16	0	P90	1006	0.002410	0.002410	0.001495	0.001495
804	8	8	16	0	P95	1021	0.002562	0.002562	0.001647	0.001647
804	8	8	16	0	P99	1021	0.002562	0.002562	0.001647	0.001647
804	8	8	16	0	P999	1021	0.002562	0.002562	0.001647	0.001647
805	8	8	16	1	P1	153	0.001389	0.001389	0.000860	0.000860
805	8	8	16	1	P50	944	0.002530	0.000657	0.001561	0.000314
805	8	8	16	1	P75	968	-0.000146	-0.011299	0.002623	-0.012257
805	8	8	16	1	P90	1012	0.004015	0.004015	0.003028	0.003028
805	8	8	16	1	P95	1027	0.004258	0.004258	0.003267	0.003267
805	8	8	16	1	P99	1027	0.004258	0.004258	0.003267	0.003267
805	8	8	16	1	P999	1027	0.004258	0.004258	0.003267	0.003267
806	8	8	16	1	P1	154	0.001606	0.001606	0.001823	0.001823
806	8	8	16	1	P50	939	-0.000318	-0.004049	0.001264	-0.004334
806	8	8	16	1	P75	963	0.000617	-0.001252	0.000322	-0.001546
806	8	8	16	1	P90	1017	0.002145	0.002145	0.001834	0.001834
806	8	8	16	1	P95	1025	0.001787	0.001787	0.001474	0.001474
806	8	8	16	1	P99	1025	0.001787	0.001787	0.001474	0.001474
806	8	8	16	1	P999	1025	0.001787	0.001787	0.001474	0.001474
807	8	8	16	1	P1	156	0.001384	0.001384	0.000132	0.000132
807	8	8	16	1	P50	946	0.003002	0.001128	0.003186	0.001313
807	8	8	16	1	P75	983	0.003896	-0.011006	0.002197	-0.008979
807	8	8	16	1	P90	1012	0.004736	0.004736	0.003028	0.003028
807	8	8	16	1	P95	1066	0.001346	0.001346	0.003376	0.003376
807	8	8	16	1	P99	1066	0.001346	0.001346	0.003376	0.003376
807	8	8	16	1	P999	1066	0.001346	0.001346	0.003376	0.003376
808	8	8	16	1	P1	152	0.001228	0.001228	0.003686	0.003686
808	8	8	16	1	P50	942	0.001619	-0.002119	0.001813	-0.000057
808	8	8	16	1	P75	962	-0.000697	-0.004427	0.001362	-0.006096
808	8	8	16	1	P90	1018	0.002545	0.002545	0.000850	0.000850
808	8	8	16	1	P95	1044	-0.000245	-0.000245	0.001798	0.001798
808	8	8	16	1	P99	1044	-0.000245	-0.000245	0.001798	0.001798
808	8	8	16	1	P999	1044	-0.000245	-0.000245	0.001798	0.001798
809	623	8	631	1	P1	1	0.002656	0.002656	0.002382	0.002382
809	623	8	631	1	P50	3	0.003175	0.003175	-0.001033	-0.001033
809	623	8	631	1	P75	4	-0.001533	-0.001533	-0.002048	-0.002048
809	623	8	631	1	P90	4	0.000147	0.000147	-0.000369	-0.000369
809	623	8	631	1	P95	4	0.000720	0.000720	0.000204	0.000204
809	623	8	631	1	P99	1606	0.002541	0.002541	0.000975	0.000975
809	623	8	631	1	P999	1976	0.000834	0.000834	0.002977	0.002977
810	31	8	39	1	P1	1492	0.002259	0.002259	0.003589	0.003589
810	31	8	39	1	P50	3387	-0.000650	-0.000650	0.000500	0.000500
810	31	8	39	1	P75	3636	0.001317	0.001317	0.002454	0.002454
810	31	8	39	1	P90	3855	-0.001089	-0.001089	0.000034	0.000034
810	31	8	39	1	P95	4024	0.000871	0.000871	0.001986	0.001986
810	31	8	39	1	P99	7816	0.002477	0.002477	0.003451	0.003451
810	31	8	39	1	P999	7816	0.002477	0.002477	0.003451	0.003451
811	8	8	16	1	P1	1466	0.002574	0.002574	0.002476	0.002476
811	8	8	16	1	P50	1517	0.002028	-0.001712	0.001919	0.000048
811	8	8	16	1	P75	1635	-0.001837	-0.003701	0.001770	-0.001968
811	8	8	16	1	P90	1834	-0.000781	-0.000781	0.002792	0.002792
811	8	8	16	1	P95	1853	0.000130	0.000130	0.003703	0.003703
811	8	8	16	1	P99	1853	0.000130	0.000130	0.003703	0.003703
811	8	8	16	1	P999	1853	0.000130	0.000130	0.003703	0.003703
812	8	8	16	1	P1	1477	0.003574	0.003574	0.002476	0.002476
812	8	8	16	1	P50	1521	0.002254	0.000383	0.003026	-0.000716
812	8	8	16	1	P75	1626	-0.000947	-0.035807	0.001683	-0.033264
812	8	8	16	1	P90	1828	-0.000282	-0.000282	0.000459	0.000459
812	8	8	16	1	P95	1830	0.002365	0.002365	0.001235	0.001235
812	8	8	16	1	P99	1830	0.002365	0.002365	0.001235	0.001235
812	8	8	16	1	P999	1830	0.002365	0.002365	0.001235	0.001235
813	8	8	16	1	P1	1472	0.000279	0.000279	0.002128	0.002128
813	8	8	16	1	P50	1531	0.002108	-0.012767	0.000207	-0.014637
813	8	8	16	1	P75	1627	0.001108	-0.028391	0.002940	-0.030240
813	8	8	16	1	P90	1839	0.002002	0.002002	0.000066	0.000066
813	8	8	16	1	P95	1863	0.000250	0.000250	0.002054	0.002054
813	8	8	16	1	P99	1863	0.000250	0.000250	0.002054	0.002054
813	8	8	16	1	P999	1863	0.000250	0.000250	0.002054	0.002054
814	8	8	16	1	P1	1478	0.001711	0.001711	0.001798	0.001798
814	8	8	16	1	P50	1542	0.002311	-0.001429	0.000524	-0.003209
814	8	8	16	1	P75	1623	-0.000292	-0.004022	0.001660	-0.002077
814	8	8	16	1	P90	1830	0.001159	0.001159	-0.000635	-0.000635
814	8	8	16	1	P95	1831	0.002484	0.002484	0.000688	0.000688
814	8	8	16	1	P99	1831	0.002484	0.002484	0.000688	0.000688
814	8	8	16	1	P999	1831	0.002484	0.002484	0.000688	0.000688
815	8	8	16	1	P1	1479	0.005430	0.005430	0.001121	0.001121
815	8	8	16	1	P50	1542	0.001094	-0.002643	0.000524	-0.003209
815	8	8	16	1	P75	1642	-0.000046	-0.027699	0.001235	-0.024623
815	8	8	16	1	P90	1839	0.004440	0.004440	0.000066	0.000066
815	8	8	16	1	P95	1872	0.001603	0.001603	0.000971	0.000971
815	8	8	16	1	P99	1872	0.001603	0.001603	0.000971	0.000971
815	8	8	16	1	P999	1872	0.001603	0.001603	0.000971	0.000971
816	8	8	16	1	P1	1479	0.000920	0.000920	0.001121	0.001121
816	8	8	16	1	P50	1563	0.001765	-0.005699	0.001950	-0.005512
816	8	8	16	1	P75	1629	0.000286	-0.000960	0.001708	-0.002029
816	8	8	16	1	P90	1838	0.002340	0.002340	0.000610	0.000610
816	8	8	16	1	P95	1842	0.002034	0.002034	0.002176	0.002176
816	8	8	16	1	P99	1842	0.002034	0.002034	0.002176	0.002176
816	8	8	16	1	P999	1842	0.002034	0.002034	0.002176	0.002176
817	8	623	631	1	P1	1	0.001656	0.001656	0.002912	0.002912
817	8	623	631	1	P50	2	0.000932	0.000932	0.002068	0.002068
817	8	623	631	1	P75	3	0.001370	0.001370	-0.001303	-0.001303
817	8	623	631	1	P90	3	0.002646	0.002646	-0.000030	-0.000030
817	8	623	631	1	P95	4	0.000123	0.000123	-0.002595	-0.002595
817	8	623	631	1	P99	1503	-0.000034	-0.000034	0.001846	0.001846
817	8	623	631	1	P999	1884	0.002089	0.002089	0.002059	0.002059
818	8	31	39	1	P1	967	0.001070	0.001070	0.003660	0.003660
818	8	31	39	1	P50	3530	-0.000257	-0.000257	0.000265	0.000265
818	8	31	39	1	P75	3671	0.001702	0.001702	0.000347	0.000347
818	8	31	39	1	P90	4146	-0.000347	-0.000347	0.002022	0.002022
818	8	31	39	1	P95	4265	0.001264	0.001264	0.003632	0.003632
818	8	31	39	1	P99	8510	0.002092	0.002092	0.000611	0.000611
818	8	31	39	1	P999	8510	0.002092	0.002092	0.000611	0.000611
819	8	8	16	1	P1	892	0.003088	0.003088	0.002153	0.002153
819	8	8	16	1	P50	919	0.003177	-0.000567	0.002236	-0.001503
819	8	8	16	1	P75	978	0.002638	-0.002969	0.003562	-0.003912
819	8	8	16	1	P90	1000	0.000952	0.000952	0.000000	0.000000
819	8	8	16	1	P95	1017	-0.000951	-0.000951	0.001834	0.001834
819	8	8	16	1	P99	1017	-0.000951	-0.000951	0.001834	0.001834
819	8	8	16	1	P999	1017	-0.000951	-0.000951	0.001834	0.001834
820	8	8	16	1	P1	885	0.001331	0.001331	0.002556	0.002556
820	8	8	16	1	P50	920	0.001799	-0.000072	-0.000100	-0.001345
820	8	8	16	1	P75	976	0.000654	-0.017877	0.001867	-0.020353
820	8	8	16	1	P90	990	-0.000504	-0.000504	0.000706	0.000706
820	8	8	16	1	P95	992	-0.000653	-0.000653	0.000556	0.000556
820	8	8	16	1	P99	992	-0.000653	-0.000653	0.000556	0.000556
820	8	8	16	1	P999	992	-0.000653	-0.000653	0.000556	0.000556
821	8	8	16	1	P1	885	-0.000977	-0.000977	0.002556	0.002556
821	8	8	16	1	P50	928	0.003934	-0.010970	0.003709	-0.011187
821	8	8	16	1	P75	980	0.001754	-0.009420	0.001514	-0.009654
821	8	8	16	1	P90	1002	-0.001751	-0.001751	0.001741	0.001741
821	8	8	16	1	P95	1008	0.003501	0.003501	0.003251	0.003251
821	8	8	16	1	P99	1008	0.003501	0.003501	0.003251	0.003251
821	8	8	16	1	P999	1008	0.003501	0.003501	0.003251	0.003251
822	8	8	16	1	P1	886	0.001237	0.001237	0.001425	0.001425
822	8	8	16	1	P50	919	0.002051	0.001115	0.002236	0.001300
822	8	8	16	1	P75	981	0.000312	-0.001556	0.000493	-0.001375
822	8	8	16	1	P90	1019	-0.000311	-0.000311	0.003613	0.003613
822	8	8	16	1	P95	2007	0.002218	0.002218	0.002361	0.002361
822	8	8	16	1	P99	2007	0.002218	0.002218	0.002361	0.002361
822	8	8	16	1	P999	2007	0.002218	0.002218	0.002361	0.002361
823	8	8	16	1	P1	902	0.003327	0.003327	0.002218	0.002218
823	8	8	16	1	P50	973	0.000455	-0.001413	-0.000663	-0.002529
823	8	8	16	1	P75	982	0.000594	-0.000652	0.003217	-0.000526
823	8	8	16	1	P90	1052	-0.000968	-0.000968	0.001640	0.001640
823	8	8	16	1	P95	1856	0.003311	0.003311	0.002080	0.002080
823	8	8	16	1	P99	1856	0.003311	0.003311	0.002080	0.002080
823	8	8	16	1	P999	1856	0.003311	0.003311	0.002080	0.002080
824	8	8	16	1	P1	908	0.002243	0.002243	0.003067	0.003067
824	8	8	16	1	P50	934	0.000179	-0.001689	0.000996	-0.002739
824	8	8	16	1	P75	984	0.000369	-0.039936	-0.000691	-0.039153
824	8	8	16	1	P90	1002	0.000935	0.000935	0.001741	0.001741
824	8	8	16	1	P95	1019	-0.000934	-0.000934	0.003613	0.003613
824	8	8	16	1	P99	1019	-0.000934	-0.000934	0.003613	0.003613
824	8	8	16	1	P999	1019	-0.000934	-0.000934	0.003613	0.003613
825	8	8	16	0	P1	903	0.000267	0.000267	0.001108	0.001108
825	8	8	16	0	P50	918	0.002485	0.000613	0.003328	-0.000415
825	8	8	16	0	P75	977	-0.001245	-0.002489	-0.000405	-0.001650
825	8	8	16	0	P90	981	0.003396	0.003396	0.000493	0.000493
825	8	8	16	0	P95	991	0.000724	0.000724	0.001566	0.001566
825	8	8	16	0	P99	991	0.000724	0.000724	0.001566	0.001566
825	8	8	16	0	P999	991	0.000724	0.000724	0.001566	0.001566
826	623	8	631	1	P1	1	0.003775	0.003775	0.003745	0.003745
826	623	8	631	1	P50	3	-0.000985	-0.000985	-0.001104	-0.001104
826	623	8	631	1	P75	4	-0.002284	-0.002284	-0.002426	-0.002426
826	623	8	631	1	P90	4	-0.000313	-0.000313	-0.000455	-0.000455
826	623	8	631	1	P95	4	0.000359	0.000359	0.000217	0.000217
826	623	8	631	1	P99	131	-0.002334	-0.002334	0.000976	0.000976
826	623	8	631	1	P999	1000	0.000591	0.000591	0.000000	0.000000
827	31	8	39	1	P1	123	0.002180	0.002180	0.002314	0.002314
827	31	8	39	1	P50	4961	0.002492	0.002492	0.001981	0.001981
827	31	8	39	1	P75	5282	-0.000391	-0.000391	0.002831	0.002831
827	31	8	39	1	P90	5533	0.001787	0.001787	0.001258	0.001258
827	31	8	39	1	P95	6043	-0.000396	-0.000396	0.002801	0.002801
827	31	8	39	1	P99	8103	0.001622	0.001622	0.001025	0.001025
827	31	8	39	1	P999	8103	0.001622	0.001622	0.001025	0.001025
828	8	8	16	1	P1	123	0.000899	0.000899	0.002314	0.002314
828	8	8	16	1	P50	898	-0.000264	-0.674885	0.001054	-0.675653
828	8	8	16	1	P75	916	0.000450	-0.003283	0.001767	-0.005694
828	8	8	16	1	P90	932	0.001826	0.001826	0.003144	0.003144
828	8	8	16	1	P95	963	0.002751	0.002751	0.000322	0.000322
828	8	8	16	1	P99	963	0.002751	0.002751	0.000322	0.000322
828	8	8	16	1	P999	963	0.002751	0.002751	0.000322	0.000322
829	8	8	16	1	P1	124	0.000449	0.000449	-0.000179	-0.000179
829	8	8	16	1	P50	886	0.002215	-0.848264	0.001425	-0.848360
829	8	8	16	1	P75	898	-0.000025	-0.001893	0.001054	-0.000815
829	8	8	16	1	P90	911	0.002427	0.002427	0.001634	0.001634
829	8	8	16	1	P95	913	0.002102	0.002102	0.001309	0.001309
829	8	8	16	1	P99	913	0.002102	0.002102	0.001309	0.001309
829	8	8	16	1	P999	913	0.002102	0.002102	0.001309	0.001309
830	8	8	16	1	P1	125	-0.001398	-0.001398	-0.001357	-0.001357
830	8	8	16	1	P50	880	0.002947	-0.846759	0.000743	-0.846181
830	8	8	16	1	P75	903	0.001444	-0.002293	0.001108	-0.000761
830	8	8	16	1	P90	960	0.000051	0.000051	0.003448	0.003448
830	8	8	16	1	P95	970	0.004654	0.004654	0.000556	0.000556
830	8	8	16	1	P99	970	0.004654	0.004654	0.000556	0.000556
830	8	8	16	1	P999	970	0.004654	0.004654	0.000556	0.000556
831	8	8	16	1	P1	118	0.001755	0.001755	0.002698	0.002698
831	8	8	16	1	P50	873	0.004541	-0.845088	0.001254	-0.844947
831	8	8	16	1	P75	899	0.003230	-0.006104	0.001811	-0.009361
831	8	8	16	1	P90	907	-0.000026	-0.000026	0.000426	0.000426
831	8	8	16	1	P95	910	0.000411	0.000411	0.000862	0.000862
831	8	8	16	1	P99	910	0.000411	0.000411	0.000862	0.000862
831	8	8	16	1	P999	910	0.000411	0.000411	0.000862	0.000862
832	8	8	16	1	P1	123	-0.001035	-0.001035	0.000443	0.000443
832	8	8	16	1	P50	879	0.004434	-0.848513	0.001881	-0.848291
832	8	8	16	1	P75	912	0.001216	-0.020992	0.002407	-0.023481
832	8	8	16	1	P90	932	0.001956	0.001956	0.003144	0.003144
832	8	8	16	1	P95	939	0.001950	0.001950	0.003137	0.003137
832	8	8	16	1	P99	939	0.001950	0.001950	0.003137	0.003137
832	8	8	16	1	P999	939	0.001950	0.001950	0.003137	0.003137
833	8	8	16	1	P1	126	0.000215	0.000215	0.000642	0.000642
833	8	8	16	1	P50	882	-0.000014	-0.845443	0.000342	-0.845378
833	8	8	16	1	P75	901	0.001102	-0.015597	0.001457	-0.015247
833	8	8	16	1	P90	908	0.000839	0.000839	0.001194	0.001194
833	8	8	16	1	P95	910	0.000508	0.000508	0.000862	0.000862
833	8	8	16	1	P99	910	0.000508	0.000508	0.000862	0.000862
833	8	8	16	1	P999	910	0.000508	0.000508	0.000862	0.000862
834	8	8	16	1	P1	125	-0.000428	-0.000428	-0.000734	-0.000734
834	8	8	16	1	P50	885	0.002916	-0.835741	0.002556	-0.835792
834	8	8	16	1	P75	906	0.001890	0.000020	0.001530	-0.000340
834	8	8	16	1	P90	913	0.001669	0.001669	0.001309	0.001309
834	8	8	16	1	P95	935	0.000286	0.000286	0.003670	0.003670
834	8	8	16	1	P99	935	0.000286	0.000286	0.003670	0.003670
834	8	8	16	1	P999	935	0.000286	0.000286	0.003670	0.003670
835	8	8	16	1	P1	123	0.002715	0.002715	0.002314	0.002314
835	8	8	16	1	P50	878	0.001136	-0.835647	0.000526	-0.835716
835	8	8	16	1	P75	903	-0.000149	-0.009450	-0.000761	-0.010055
835	8	8	16	1	P90	910	0.001476	0.001476	0.000862	0.000862
835	8	8	16	1	P95	913	0.001924	0.001924	0.001309	0.001309
835	8	8	16	1	P99	913	0.001924	0.001924	0.001309	0.001309
835	8	8	16	1	P999	913	0.001924	0.001924	0.001309	0.001309
836	8	8	16	1	P1	121	0.001552	0.001552	0.000016	0.000016
836	8	8	16	1	P50	886	-0.000244	-0.853697	0.001425	-0.853924
836	8	8	16	1	P75	914	-0.001444	-0.016268	0.000214	-0.014630
836	8	8	16	1	P90	2496	-0.000277	-0.000277	0.001112	0.001112
836	8	8	16	1	P95	2526	-0.001007	-0.001007	0.000378	0.000378
836	8	8	16	1	P99	2526	-0.001007	-0.001007	0.000378	0.000378
836	8	8	16	1	P999	2526	-0.001007	-0.001007	0.000378	0.000378
837	8	8	16	0	P1	125	-0.001867	-0.001867	-0.000734	-0.000734
837	8	8	16	0	P50	880	0.003352	-0.853095	0.000743	-0.852928
837	8	8	16	0	P75	975	0.001757	-0.056399	0.002894	-0.055328
837	8	8	16	0	P90	3419	0.003050	0.003050	0.000442	0.000442
837	8	8	16	0	P95	3818	0.001068	0.001068	0.002204	0.002204
837	8	8	16	0	P99	3818	0.001068	0.001068	0.002204	0.002204
837	8	8	16	0	P999	3818	0.001068	0.001068	0.002204	0.002204
838	8	8	16	1	P1	119	0.001054	0.001054	0.001732	0.001732
838	8	8	16	1	P50	882	0.001694	-0.846632	0.002213	-0.846529
838	8	8	16	1	P75	952	0.003830	-0.033003	0.000597	-0.036115
838	8	8	16	1	P90	2676	0.002072	0.002072	0.002502	0.002502
838	8	8	16	1	P95	3901	0.002728	0.002728	0.003128	0.003128
838	8	8	16	1	P99	3901	0.002728	0.002728	0.003128	0.003128
838	8	8	16	1	P999	3901	0.002728	0.002728	0.003128	0.003128
839	623	8	631	1	P1	1	0.000426	0.000426	0.001637	0.001637
839	623	8	631	1	P50	2	0.000968	0.000968	0.002055	0.002055
839	623	8	631	1	P75	3	0.001432	0.001432	-0.001293	-0.001293
839	623	8	631	1	P90	3	0.002722	0.002722	-0.000007	-0.000007
839	623	8	631	1	P95	4	0.000548	0.000548	-0.002226	-0.002226
839	623	8	631	1	P99	1050	-0.000163	-0.000163	0.003548	0.003548
839	623	8	631	1	P999	3075	0.002050	0.002050	0.001824	0.001824
840	31	8	39	1	P1	962	0.002362	0.002362	0.001362	0.001362
840	31	8	39	1	P50	4992	-0.001692	-0.001692	0.000734	0.000734
840	31	8	39	1	P75	5242	-0.001333	-0.001333	0.001084	0.001084
840	31	8	39	1	P90	5395	0.001677	0.001677	0.000349	0.000349
840	31	8	39	1	P95	5975	0.000508	0.000508	0.002904	0.002904
840	31	8	39	1	P99	9596	0.001559	0.001559	0.000121	0.000121
840	31	8	39	1	P999	9596	0.001559	0.001559	0.000121	0.000121
841	8	8	16	1	P1	947	0.003080	0.003080	0.002127	0.002127
841	8	8	16	1	P50	1025	0.002430	-0.027104	0.001474	-0.024390
841	8	8	16	1	P75	1051	-0.000194	-0.002061	0.002593	-0.001148
841	8	8	16	1	P90	1056	0.002539	0.002539	0.001583	0.001583
841	8	8	16	1	P95	1229	0.000347	0.000347	0.003130	0.003130
841	8	8	16	1	P99	1229	0.000347	0.000347	0.003130	0.003130
841	8	8	16	1	P999	1229	0.000347	0.000347	0.003130	0.003130
842	8	8	16	1	P1	960	0.001880	0.001880	0.003448	0.003448
842	8	8	16	1	P50	1013	0.004233	-0.003248	0.002038	-0.001701
842	8	8	16	1	P75	1038	-0.000214	-0.005186	0.000084	-0.003647
842	8	8	16	1	P90	1042	-0.001566	-0.001566	0.003721	0.003721
842	8	8	16	1	P95	1090	0.002006	0.002006	0.003540	0.003540
842	8	8	16	1	P99	1090	0.002006	0.002006	0.003540	0.003540
842	8	8	16	1	P999	1090	0.002006	0.002006	0.003540	0.003540
843	8	8	16	1	P1	950	0.002893	0.002893	0.000831	0.000831
843	8	8	16	1	P50	980	-0.002027	-0.003891	-0.000356	-0.002223
843	8	8	16	1	P75	1031	-0.000417	-0.031685	0.001244	-0.033687
843	8	8	16	1	P90	1040	0.000239	0.000239	0.001899	0.001899
843	8	8	16	1	P95	1043	0.004848	0.004848	0.002758	0.002758
843	8	8	16	1	P99	1043	0.004848	0.004848	0.002758	0.002758
843	8	8	16	1	P999	1043	0.004848	0.004848	0.002758	0.002758
844	8	8	16	1	P1	952	0.002064	0.002064	0.000597	0.000597
844	8	8	16	1	P50	990	-0.001558	-0.003422	0.000706	-0.004890
844	8	8	16	1	P75	1046	-0.000500	-0.028138	0.001129	-0.025941
844	8	8	16	1	P90	1048	0.003204	0.003204	0.001711	0.001711
844	8	8	16	1	P95	1097	-0.001369	-0.001369	0.000870	0.000870
844	8	8	16	1	P99	1097	-0.001369	-0.001369	0.000870	0.000870
844	8	8	16	1	P999	1097	-0.001369	-0.001369	0.000870	0.000870
845	7	7	14	1	P1	954	0.001013	0.001013	0.002239	0.002239
845	7	7	14	1	P50	1013	0.002691	-0.004778	0.002038	-0.005426
845	7	7	14	1	P75	1042	0.000631	0.000631	0.003721	0.003721
845	7	7	14	1	P90	1063	-0.000630	-0.000630	0.002453	0.002453
845	7	7	14	1	P95	1134	0.002006	0.002006	0.001340	0.001340
845	7	7	14	1	P99	1134	0.002006	0.002006	0.001340	0.001340
845	7	7	14	1	P999	1134	0.002006	0.002006	0.001340	0.001340
846	7	7	14	1	P1	953	0.000305	0.000305	0.003290	0.003290
846	7	7	14	1	P50	991	0.002329	-0.001411	0.001566	-0.000304
846	7	7	14	1	P75	1054	0.000506	0.000506	0.003483	0.003483
846	7	7	14	1	P90	1079	-0.000506	-0.000506	0.002466	0.002466
846	7	7	14	1	P95	1897	0.003481	0.003481	0.002659	0.002659
846	7	7	14	1	P99	1897	0.003481	0.003481	0.002659	0.002659
846	7	7	14	1	P999	1897	0.003481	0.003481	0.002659	0.002659
847	7	7	14	0	P1	949	0.000383	0.000383	0.000015	0.000015
847	7	7	14	0	P50	1060	0.001908	-0.005554	0.001540	-0.005920
847	7	7	14	0	P75	1066	-0.000000	-0.000000	0.003376	0.003376
847	7	7	14	0	P90	3822	0.001524	0.001524	0.001155	0.001155
847	7	7	14	0	P95	4899	0.003716	0.003716	0.003347	0.003347
847	7	7	14	0	P99	4899	0.003716	0.003716	0.003347	0.003347
847	7	7	14	0	P999	4899	0.003716	0.003716	0.003347	0.003347
848	7	7	14	1	P1	948	0.000214	0.000214	0.001070	0.001070
848	7	7	14	1	P50	1057	-0.000190	-0.047626	0.000635	-0.046827
848	7	7	14	1	P75	1090	0.002723	0.002723	0.003540	0.003540
848	7	7	14	1	P90	1199	0.004634	0.004634	0.001674	0.001674
848	7	7	14	1	P95	2354	-0.000716	-0.000716	0.003622	0.003622
848	7	7	14	1	P99	2354	-0.000716	-0.000716	0.003622	0.003622
848	7	7	14	1	P999	2354	-0.000716	-0.000716	0.003622	0.003622
849	7	7	14	1	P1	948	0.002986	0.002986	0.001070	0.001070
849	7	7	14	1	P50	1031	0.001304	-0.049758	0.003117	-0.051579
849	7	7	14	1	P75	1055	0.000724	0.000724	0.000660	0.000660
849	7	7	14	1	P90	3621	0.001294	0.001294	0.002851	0.002851
849	7	7	14	1	P95	10288	0.003915	0.003915	0.001512	0.001512
849	7	7	14	1	P99	10288	0.003915	0.003915	0.001512	0.001512
849	7	7	14	1	P999	10288	0.003915	0.003915	0.001512	0.001512
850	7	7	14	1	P1	957	0.000887	0.000887	0.002838	0.002838
850	7	7	14	1	P50	984	0.002975	0.001102	0.001178	-0.000691
850	7	7	14	1	P75	1056	-0.000357	-0.000357	0.001583	0.001583
850	7	7	14	1	P90	1613	0.002210	0.002210	0.000364	0.000364
850	7	7	14	1	P95	4113	0.000737	0.000737	0.002538	0.002538
850	7	7	14	1	P99	4113	0.000737	0.000737	0.002538	0.002538
850	7	7	14	1	P999	4113	0.000737	0.000737	0.002538	0.002538
851	7	623	630	1	P1	1	0.001944	0.001944	0.002015	0.002015
851	7	623	630	1	P50	3	0.001973	0.001961	-0.001800	-0.001812
851	7	623	630	1	P75	3	0.003942	0.003942	0.000161	0.000161
851	7	623	630	1	P90	4	-0.000849	-0.000879	-0.000911	-0.000941
851	7	623	630	1	P95	4	0.000056	0.000056	-0.000007	-0.000007
851	7	623	630	1	P99	959	0.001335	0.001335	0.000747	0.000747
851	7	623	630	1	P999	1151	0.002019	0.002019	0.001412	0.001412
852	7	31	38	1	P1	950	0.000355	0.000355	0.002703	0.002703
852	7	31	38	1	P50	4586	-0.000206	-0.003936	0.000212	-0.001656
852	7	31	38	1	P75	4913	0.001943	0.001943	0.000488	0.000488
852	7	31	38	1	P90	5286	-0.000212	-0.000212	0.002072	0.002072
852	7	31	38	1	P95	5599	0.002074	0.002074	0.000613	0.000613
852	7	31	38	1	P99	9008	0.001286	0.001286	0.003553	0.003553
852	7	31	38	1	P999	9008	0.001286	0.001286	0.003553	0.003553
853	7	7	14	1	P1	131	0.000558	0.000558	0.002848	0.002848
853	7	7	14	1	P50	143	-0.002965	-0.004827	-0.000699	-0.006286
853	7	7	14	1	P75	906	0.003356	0.003356	0.001530	0.001530
853	7	7	14	1	P90	965	0.003827	0.003827	0.001987	0.001987
853	7	7	14	1	P95	982	0.001312	0.001312	0.003217	0.003217
853	7	7	14	1	P99	982	0.001312	0.001312	0.003217	0.003217
853	7	7	14	1	P999	982	0.001312	0.001312	0.003217	0.003217
854	7	7	14	1	P1	132	0.001504	0.001504	0.000847	0.000847
854	7	7	14	1	P50	140	-0.001252	-0.003117	0.002439	0.001191
854	7	7	14	1	P75	915	-0.001567	-0.001567	0.002862	0.002862
854	7	7	14	1	P90	1027	0.002610	0.002610	0.003267	0.003267
854	7	7	14	1	P95	1965	0.000599	0.000599	0.001080	0.001080
854	7	7	14	1	P99	1965	0.000599	0.000599	0.001080	0.001080
854	7	7	14	1	P999	1965	0.000599	0.000599	0.001080	0.001080
855	7	7	14	1	P1	134	0.004452	0.004452	0.002633	0.002633
855	7	7	14	1	P50	139	0.001459	0.000212	0.003381	0.002131
855	7	7	14	1	P75	908	0.001621	0.001621	0.003067	0.003067
855	7	7	14	1	P90	2467	0.000395	0.000395	0.001585	0.001585
855	7	7	14	1	P95	3703	0.001797	0.001797	0.002886	0.002886
855	7	7	14	1	P99	3703	0.001797	0.001797	0.002886	0.002886
855	7	7	14	1	P999	3703	0.001797	0.001797	0.002886	0.002886
856	7	7	14	1	P1	132	0.004845	0.004845	0.002719	0.002719
856	7	7	14	1	P50	141	-0.001303	-0.002547	0.000303	-0.000943
856	7	7	14	1	P75	929	0.005198	0.005198	0.002629	0.002629
856	7	7	14	1	P90	3099	0.000617	0.000617	0.001524	0.001524
856	7	7	14	1	P95	3475	0.002007	0.002007	0.002889	0.002889
856	7	7	14	1	P99	3475	0.002007	0.002007	0.002889	0.002889
856	7	7	14	1	P999	3475	0.002007	0.002007	0.002889	0.002889
857	7	7	14	0	P1	133	0.000967	0.000967	0.002648	0.002648
857	7	7	14	0	P50	144	-0.001867	-0.003731	-0.000192	-0.005782
857	7	7	14	0	P75	938	0.002524	0.002524	0.000460	0.000460
857	7	7	14	0	P90	2318	0.002400	0.002400	0.000337	0.000337
857	7	7	14	0	P95	3410	0.001401	0.001401	0.003082	0.003082
857	7	7	14	0	P99	3410	0.001401	0.001401	0.003082	0.003082
857	7	7	14	0	P999	3410	0.001401	0.001401	0.003082	0.003082
858	7	7	14	1	P1	135	0.004805	0.004805	0.002674	0.002674
858	7	7	14	1	P50	141	-0.001303	-0.005030	0.000303	-0.003429
858	7	7	14	1	P75	923	0.004196	0.004196	0.001630	0.001630
858	7	7	14	1	P90	1430	0.000088	0.000088	0.001171	0.001171
858	7	7	14	1	P95	1696	0.001477	0.001477	0.002521	0.002521
858	7	7	14	1	P99	1696	0.001477	0.001477	0.002521	0.002521
858	7	7	14	1	P999	1696	0.001477	0.001477	0.002521	0.002521
859	7	623	630	1	P1	2	-0.001030	-0.001030	-0.001565	-0.001565
859	7	623	630	1	P50	3	0.003272	0.003259	-0.001090	-0.001103
859	7	623	630	1	P75	4	-0.001706	-0.001706	-0.002381	-0.002381
859	7	623	630	1	P90	4	0.000202	0.000182	-0.000475	-0.000495
859	7	623	630	1	P95	4	0.000825	0.000825	0.000148	0.000148
859	7	623	630	1	P99	138	0.000776	0.000776	0.003124	0.003124
859	7	623	630	1	P999	2217	0.001990	0.001990	0.000031	0.000031
860	7	31	38	1	P1	1098	0.004951	0.004951	0.003704	0.003704
860	7	31	38	1	P50	4982	-0.000651	-0.011798	0.001494	-0.013369
860	7	31	38	1	P75	5413	0.002373	0.002373	0.000756	0.000756
860	7	31	38	1	P90	5854	-0.001174	-0.001174	0.000932	0.000932
860	7	31	38	1	P95	7164	-0.001220	-0.001220	0.000838	0.000838
860	7	31	38	1	P99	8057	0.004699	0.004699	0.002984	0.002984
860	7	31	38	1	P999	8057	0.004699	0.004699	0.002984	0.002984
861	7	7	14	1	P1	972	0.002314	0.002314	0.002236	0.002236
861	7	7	14	1	P50	1061	0.000697	-0.057413	0.000596	-0.057493
861	7	7	14	1	P75	1075	0.002547	0.002547	0.002442	0.002442
861	7	7	14	1	P90	3231	0.001340	0.001340	0.000929	0.000929
861	7	7	14	1	P95	7679	-0.000649	-0.000649	0.002441	0.002441
861	7	7	14	1	P99	7679	-0.000649	-0.000649	0.002441	0.002441
861	7	7	14	1	P999	7679	-0.000649	-0.000649	0.002441	0.002441
862	7	7	14	1	P1	982	0.002556	0.002556	0.001344	0.001344
862	7	7	14	1	P50	1062	0.002748	-0.034048	0.003397	-0.033417
862	7	7	14	1	P75	1071	0.001784	0.001784	0.002431	0.002431
862	7	7	14	1	P90	1090	-0.000848	-0.000848	0.003540	0.003540
862	7	7	14	1	P95	1119	0.002806	0.002806	0.003447	0.003447
862	7	7	14	1	P99	1119	0.002806	0.002806	0.003447	0.003447
862	7	7	14	1	P999	1119	0.002806	0.002806	0.003447	0.003447
863	7	7	14	0	P1	978	0.000468	0.000468	0.001064	0.001064
863	7	7	14	0	P50	1048	0.001115	-0.017422	0.001711	-0.016837
863	7	7	14	0	P75	1066	0.000283	0.000283	0.000878	0.000878
863	7	7	14	0	P90	1067	0.001839	0.001839	0.002435	0.002435
863	7	7	14	0	P95	1082	0.002832	0.002832	0.003430	0.003430
863	7	7	14	0	P99	1082	0.002832	0.002832	0.003430	0.003430
863	7	7	14	0	P999	1082	0.002832	0.002832	0.003430	0.003430
864	7	7	14	1	P1	979	0.000076	0.000076	0.002537	0.002537
864	7	7	14	1	P50	997	0.004298	-0.003183	0.003009	-0.004461
864	7	7	14	1	P75	1062	0.000948	0.000948	0.001524	0.001524
864	7	7	14	1	P90	1068	-0.000947	-0.000947	0.001497	0.001497
864	7	7	14	1	P95	1095	0.004002	0.004002	0.002698	0.002698
864	7	7	14	1	P99	1095	0.004002	0.004002	0.002698	0.002698
864	7	7	14	1	P999	1095	0.004002	0.004002	0.002698	0.002698
865	7	7	14	1	P1	967	0.000741	0.000741	0.003660	0.003660
865	7	7	14	1	P50	1006	0.002325	-0.016235	0.001495	-0.017049
865	7	7	14	1	P75	1066	0.000466	0.000466	0.003376	0.003376
865	7	7	14	1	P90	1076	0.002346	0.002346	0.001510	0.001510
865	7	7	14	1	P95	3176	0.000330	0.000330	0.003151	0.003151
865	7	7	14	1	P99	3176	0.000330	0.000330	0.003151	0.003151
865	7	7	14	1	P999	3176	0.000330	0.000330	0.003151	0.003151
866	7	7	14	1	P1	967	0.003061	0.003061	0.003660	0.003660
866	7	7	14	1	P50	1060	0.000957	-0.050086	0.001540	-0.049525
866	7	7	14	1	P75	1070	-0.000956	-0.000956	0.001495	0.001495
866	7	7	14	1	P90	4267	0.002810	0.002810	0.003162	0.003162
866	7	7	14	1	P95	4964	0.001049	0.001049	0.001375	0.001375
866	7	7	14	1	P99	4964	0.001049	0.001049	0.001375	0.001375
866	7	7	14	1	P999	4964	0.001049	0.001049	0.001375	0.001375
867	7	623	630	1	P1	2	-0.001576	-0.001576	-0.001603	-0.001603
867	7	623	630	1	P50	3	0.002095	0.002081	-0.001713	-0.001726
867	7	623	630	1	P75	4	-0.003068	-0.003068	-0.003166	-0.003166
867	7	623	630	1	P90	4	-0.000624	-0.000649	-0.000722	-0.000747
867	7	623	630	1	P95	4	0.000175	0.000175	0.000077	0.000077
867	7	623	630	1	P99	979	-0.000544	-0.000544	0.002537	0.002537
867	7	623	630	1	P999	3900	0.000443	0.000443	0.003386	0.003386
868	7	31	38	1	P1	203	0.001311	0.001311	0.002180	0.002180
868	7	31	38	1	P50	4838	0.000634	-0.021562	0.000919	-0.021279
868	7	31	38	1	P75	5188	0.001823	0.001823	0.002096	0.002096
868	7	31	38	1	P90	5451	-0.000273	-0.000273	-0.000010	-0.000010
868	7	31	38	1	P95	5527	0.002083	0.002083	0.002345	0.002345
868	7	31	38	1	P99	8036	0.001661	0.001661	0.001854	0.001854
868	7	31	38	1	P999	8036	0.001661	0.001661	0.001854	0.001854
869	31	7	38	1	P1	41	-0.003209	-0.003209	0.000094	0.000094
869	31	7	38	1	P50	47	-0.002080	-0.021781	0.001201	-0.018561
869	31	7	38	1	P75	66	0.001123	0.001123	0.000602	0.000602
869	31	7	38	1	P90	193	0.001084	0.001084	0.000362	0.000362
869	31	7	38	1	P95	218	-0.001083	-0.001083	0.001911	0.001911
869	31	7	38	1	P99	652	0.002538	0.002538	0.001584	0.001584
869	31	7	38	1	P999	652	0.002538	0.002538	0.001584	0.001584
870	7	7	14	1	P1	185	0.000483	0.000483	0.001579	0.001579
870	7	7	14	1	P50	192	0.000728	-0.001140	0.001820	-0.000051
870	7	7	14	1	P75	194	0.001582	0.001582	0.002673	0.002673
870	7	7	14	1	P90	408	0.002123	0.002123	0.003120	0.003120
870	7	7	14	1	P95	458	0.002413	0.002413	0.003396	0.003396
870	7	7	14	1	P99	458	0.002413	0.002413	0.003396	0.003396
870	7	7	14	1	P999	458	0.002413	0.002413	0.003396	0.003396
871	7	7	14	1	P1	183	-0.002294	-0.002294	-0.001257	-0.001257
871	7	7	14	1	P50	190	0.000037	-0.001208	0.001076	-0.000170
871	7	7	14	1	P75	204	-0.000037	-0.000037	0.001002	0.001002
871	7	7	14	1	P90	250	0.002214	0.002214	0.003253	0.003253
871	7	7	14	1	P95	283	0.001580	0.001580	0.002618	0.002618
871	7	7	14	1	P99	283	0.001580	0.001580	0.002618	0.002618
871	7	7	14	1	P999	283	0.001580	0.001580	0.002618	0.002618
872	7	7	14	1	P1	182	0.004585	0.004585	0.002980	0.002980
872	7	7	14	1	P50	195	-0.000860	-0.019364	0.001267	-0.017273
872	7	7	14	1	P75	198	-0.001172	-0.001172	0.000951	0.000951
872	7	7	14	1	P90	214	-0.000368	-0.000368	0.001740	0.001740
872	7	7	14	1	P95	360	0.002929	0.002929	0.001188	0.001188
872	7	7	14	1	P99	360	0.002929	0.002929	0.001188	0.001188
872	7	7	14	1	P999	360	0.002929	0.002929	0.001188	0.001188
873	7	7	14	1	P1	183	-0.001839	-0.001839	-0.000635	-0.000635
873	7	7	14	1	P50	189	0.001415	-0.002322	0.002618	-0.004849
873	7	7	14	1	P75	191	0.002105	0.002105	0.003308	0.003308
873	7	7	14	1	P90	357	0.000972	0.000972	0.002082	0.002082
873	7	7	14	1	P95	459	0.000137	0.000137	0.001210	0.001210
873	7	7	14	1	P99	459	0.000137	0.000137	0.001210	0.001210
873	7	7	14	1	P999	459	0.000137	0.000137	0.001210	0.001210
874	7	7	14	1	P1	186	0.000193	0.000193	0.001796	0.001796
874	7	7	14	1	P50	192	0.003967	-0.010934	0.001820	-0.009352
874	7	7	14	1	P75	198	0.003100	0.003100	0.000951	0.000951
874	7	7	14	1	P90	211	-0.000681	-0.000681	0.000905	0.000905
874	7	7	14	1	P95	262	-0.000340	-0.000340	0.001221	0.001221
874	7	7	14	1	P99	262	-0.000340	-0.000340	0.001221	0.001221
874	7	7	14	1	P999	262	-0.000340	-0.000340	0.001221	0.001221
875	7	7	14	1	P1	183	0.000831	0.000831	0.001235	0.001235
875	7	7	14	1	P50	190	-0.002128	-0.003060	-0.001726	-0.002659
875	7	7	14	1	P75	190	0.000673	0.000673	0.001076	0.001076
875	7	7	14	1	P90	218	0.001509	0.001509	0.001911	0.001911
875	7	7	14	1	P95	238	0.003450	0.003450	0.000107	0.000107
875	7	7	14	1	P99	238	0.003450	0.003450	0.000107	0.000107
875	7	7	14	1	P999	238	0.003450	0.003450	0.000107	0.000107
876	7	7	14	1	P1	183	0.001919	0.001919	0.001235	0.001235
876	7	7	14	1	P50	191	0.004007	0.000260	0.003308	0.002371
876	7	7	14	1	P75	194	0.002439	0.002439	0.002673	0.002673
876	7	7	14	1	P90	218	-0.001092	-0.001092	0.001911	0.001911
876	7	7	14	1	P95	225	0.004704	0.004704	0.000208	0.000208
876	7	7	14	1	P99	225	0.004704	0.004704	0.000208	0.000208
876	7	7	14	1	P999	225	0.004704	0.004704	0.000208	0.000208
877	7	623	630	1	P1	1	0.001251	0.001251	0.003276	0.003276
877	7	623	630	1	P50	2	-0.000206	-0.000217	0.001804	0.001793
877	7	623	630	1	P75	3	0.000254	0.000254	-0.001482	-0.001482
877	7	623	630	1	P90	3	0.001659	0.001644	-0.000080	-0.000094
877	7	623	630	1	P95	4	-0.001165	-0.001165	-0.002904	-0.002904
877	7	623	630	1	P99	191	0.001379	0.001379	0.003308	0.003308
877	7	623	630	1	P999	210	-0.000005	-0.000005	0.001919	0.001919
878	7	31	38	1	P1	712	0.001145	0.001145	0.003266	0.003266
878	7	31	38	1	P50	5141	0.000157	-0.016530	0.001851	-0.014860
878	7	31	38	1	P75	5384	-0.000539	-0.000539	0.001144	0.001144
878	7	31	38	1	P90	5603	0.001965	0.001965	0.003643	0.003643
878	7	31	38	1	P95	5859	0.002154	0.002154	0.000077	0.000077
878	7	31	38	1	P99	8866	-0.000829	-0.000829	0.000747	0.000747
878	7	31	38	1	P999	8866	-0.000829	-0.000829	0.000747	0.000747
879	7	7	14	0	P1	299	0.002972	0.002972	0.003694	0.003694
879	7	7	14	0	P50	316	-0.000000	-0.001245	0.000721	-0.000525
879	7	7	14	0	P75	321	0.002995	0.002995	0.003718	0.003718
879	7	7	14	0	P90	332	0.002943	0.002943	0.003666	0.003666
879	7	7	14	0	P95	370	0.002976	0.002976	0.003699	0.003699
879	7	7	14	0	P99	370	0.002976	0.002976	0.003699	0.003699
879	7	7	14	0	P999	370	0.002976	0.002976	0.003699	0.003699
880	7	7	14	1	P1	295	0.003073	0.003073	0.002206	0.002206
880	7	7	14	1	P50	304	-0.000815	-0.002059	0.002058	-0.001681
880	7	7	14	1	P75	313	-0.000083	-0.000083	0.002787	0.002787
880	7	7	14	1	P90	334	0.002275	0.002275	0.001392	0.001392
880	7	7	14	1	P95	346	0.004369	0.004369	0.003479	0.003479
880	7	7	14	1	P99	346	0.004369	0.004369	0.003479	0.003479
880	7	7	14	1	P999	346	0.004369	0.004369	0.003479	0.003479
881	7	7	14	1	P1	297	0.001921	0.001921	0.001055	0.001055
881	7	7	14	1	P50	305	-0.000361	-0.004091	0.002512	-0.001228
881	7	7	14	1	P75	317	0.002175	0.002175	0.001300	0.001300
881	7	7	14	1	P90	327	0.001023	0.001023	0.000144	0.000144
881	7	7	14	1	P95	407	0.002744	0.002744	0.001833	0.001833
881	7	7	14	1	P99	407	0.002744	0.002744	0.001833	0.001833
881	7	7	14	1	P999	407	0.002744	0.002744	0.001833	0.001833
882	7	7	14	1	P1	288	0.002868	0.002868	0.000053	0.000053
882	7	7	14	1	P50	300	-0.000573	-0.002439	0.000349	-0.001519
882	7	7	14	1	P75	315	-0.000761	-0.000761	0.000152	0.000152
882	7	7	14	1	P90	321	-0.000937	-0.000937	0.003718	0.003718
882	7	7	14	1	P95	366	0.002462	0.002462	0.003354	0.003354
882	7	7	14	1	P99	366	0.002462	0.002462	0.003354	0.003354
882	7	7	14	1	P999	366	0.002462	0.002462	0.003354	0.003354
883	7	623	630	1	P1	1	0.000700	0.000700	0.002382	0.002382
883	7	623	630	1	P50	3	-0.000856	-0.000869	-0.003004	-0.003018
883	7	623	630	1	P75	3	0.001279	0.001279	-0.000874	-0.000874
883	7	623	630	1	P90	4	-0.000718	-0.000788	-0.002891	-0.002962
883	7	623	630	1	P95	4	0.001470	0.001470	-0.000709	-0.000709
883	7	623	630	1	P99	298	0.002112	0.002112	0.003305	0.003305
883	7	623	630	1	P999	334	0.000210	0.000210	0.001392	0.001392
884	7	31	38	1	P1	1343	0.003710	0.003710	0.000393	0.000393
884	7	31	38	1	P50	3256	0.000280	-0.018241	0.000697	-0.017832
884	7	31	38	1	P75	3445	-0.000074	-0.000074	-0.001526	-0.001526
884	7	31	38	1	P90	3490	0.001902	0.001902	0.002318	0.002318
884	7	31	38	1	P95	3897	-0.000003	-0.000003	0.000412	0.000412
884	7	31	38	1	P99	7917	0.001415	0.001415	0.001821	0.001821
884	7	31	38	1	P999	7917	0.001415	0.001415	0.001821	0.001821
885	7	7	14	1	P1	1079	0.000729	0.000729	0.000594	0.000594
885	7	7	14	1	P50	1132	0.001384	-0.000487	0.001237	-0.000633
885	7	7	14	1	P75	1168	-0.000013	-0.000013	0.001703	0.001703
885	7	7	14	1	P90	1183	0.002184	0.002184	0.000155	0.000155
885	7	7	14	1	P95	1258	0.000534	0.000534	0.002233	0.002233
885	7	7	14	1	P99	1258	0.000534	0.000534	0.002233	0.002233
885	7	7	14	1	P999	1258	0.000534	0.000534	0.002233	0.002233
886	7	7	14	1	P1	1075	0.001043	0.001043	0.002442	0.002442
886	7	7	14	1	P50	1146	0.002504	-0.023387	0.002029	-0.023850
886	7	7	14	1	P75	1162	-0.000150	-0.000150	0.003119	0.003119
886	7	7	14	1	P90	1170	0.000465	0.000465	0.001861	0.001861
886	7	7	14	1	P95	1174	0.000791	0.000791	0.000316	0.000316
886	7	7	14	1	P99	1174	0.000791	0.000791	0.000316	0.000316
886	7	7	14	1	P999	1174	0.000791	0.000791	0.000316	0.000316
887	7	7	14	1	P1	1071	0.001970	0.001970	0.002431	0.002431
887	7	7	14	1	P50	1121	0.004961	-0.013653	0.001657	-0.016890
887	7	7	14	1	P75	1163	0.001820	0.001820	0.002256	0.002256
887	7	7	14	1	P90	2857	0.000444	0.000444	0.000596	0.000596
887	7	7	14	1	P95	4315	-0.000575	-0.000575	0.003189	0.003189
887	7	7	14	1	P99	4315	-0.000575	-0.000575	0.003189	0.003189
887	7	7	14	1	P999	4315	-0.000575	-0.000575	0.003189	0.003189
888	7	7	14	1	P1	1076	0.002873	0.002873	0.001510	0.001510
888	7	7	14	1	P50	1129	-0.000351	-0.002218	0.002023	-0.001716
888	7	7	14	1	P75	3207	0.002417	0.002417	0.000909	0.000909
888	7	7	14	1	P90	4254	0.004021	0.004021	0.002473	0.002473
888	7	7	14	1	P95	6299	0.004028	0.004028	0.002428	0.002428
888	7	7	14	1	P99	6299	0.004028	0.004028	0.002428	0.002428
888	7	7	14	1	P999	6299	0.004028	0.004028	0.002428	0.002428
889	7	7	14	1	P1	1079	-0.000658	-0.000658	0.002466	0.002466
889	7	7	14	1	P50	1115	0.003922	0.000175	0.003290	0.001417
889	7	7	14	1	P75	1173	0.001814	0.001814	0.001169	0.001169
889	7	7	14	1	P90	1195	-0.001811	-0.001811	0.001277	0.001277
889	7	7	14	1	P95	1854	0.000207	0.000207	0.003161	0.003161
889	7	7	14	1	P99	1854	0.000207	0.000207	0.003161	0.003161
889	7	7	14	1	P999	1854	0.000207	0.000207	0.003161	0.003161
890	7	7	14	1	P1	1071	-0.000539	-0.000539	0.000560	0.000560
890	7	7	14	1	P50	1098	-0.001134	-0.003000	0.001829	-0.000041
890	7	7	14	1	P75	1126	-0.000144	-0.000144	0.000944	0.000944
890	7	7	14	1	P90	1176	-0.000595	-0.000595	0.002354	0.002354
890	7	7	14	1	P95	1179	-0.001273	-0.001273	0.003548	0.003548
890	7	7	14	1	P99	1179	-0.001273	-0.001273	0.003548	0.003548
890	7	7	14	1	P999	1179	-0.001273	-0.001273	0.003548	0.003548
891	623	7	630	1	P1	1	0.001572	0.001572	0.002912	0.002912
891	623	7	630	1	P50	3	0.000943	0.000930	-0.001626	-0.001638
891	623	7	630	1	P75	3	0.002923	0.002923	0.000349	0.000349
891	623	7	630	1	P90	4	0.001851	0.001825	-0.000765	-0.000791
891	623	7	630	1	P95	4	0.002663	0.002663	0.000045	0.000045
891	623	7	630	1	P99	195	0.000738	0.000738	0.001267	0.001267
891	623	7	630	1	P999	1100	0.001616	0.001616	0.001879	0.001879
892	31	7	38	1	P1	148	0.004110	0.004110	0.000444	0.000444
892	31	7	38	1	P50	3402	0.002170	0.000298	0.001690	0.000442
892	31	7	38	1	P75	3644	0.000745	0.000745	0.000253	0.000253
892	31	7	38	1	P90	3837	0.001478	0.001478	0.000976	0.000976
892	31	7	38	1	P95	3890	0.002716	0.002716	0.002212	0.002212
892	31	7	38	1	P99	7620	-0.000440	-0.000440	0.002679	0.002679
892	31	7	38	1	P999	7620	-0.000440	-0.000440	0.002679	0.002679
893	7	7	14	1	P1	141	-0.001702	-0.001702	-0.002187	-0.002187
893	7	7	14	1	P50	934	0.001207	-0.002529	-0.000873	-0.002739
893	7	7	14	1	P75	951	0.001863	0.001863	0.001649	0.001649
893	7	7	14	1	P90	961	0.002621	0.002621	0.001156	0.001156
893	7	7	14	1	P95	963	0.004286	0.004286	0.000322	0.000322
893	7	7	14	1	P99	963	0.004286	0.004286	0.000322	0.000322
893	7	7	14	1	P999	963	0.004286	0.004286	0.000322	0.000322
894	7	7	14	1	P1	142	-0.000935	-0.000935	0.000712	0.000712
894	7	7	14	1	P50	923	0.001306	0.000370	0.000383	-0.000863
894	7	7	14	1	P75	927	-0.000215	-0.000215	0.001043	0.001043
894	7	7	14	1	P90	936	0.001340	0.001340	0.002598	0.002598
894	7	7	14	1	P95	981	-0.000753	-0.000753	0.000493	0.000493
894	7	7	14	1	P99	981	-0.000753	-0.000753	0.000493	0.000493
894	7	7	14	1	P999	981	-0.000753	-0.000753	0.000493	0.000493
895	7	7	14	1	P1	143	-0.000217	-0.000217	0.001171	0.001171
895	7	7	14	1	P50	929	-0.000789	-0.002033	0.001380	0.000133
895	7	7	14	1	P75	936	0.001676	0.001676	0.002598	0.002598
895	7	7	14	1	P90	942	-0.000976	-0.000976	0.001813	0.001813
895	7	7	14	1	P95	944	0.000642	0.000642	0.001561	0.001561
895	7	7	14	1	P99	944	0.000642	0.000642	0.001561	0.001561
895	7	7	14	1	P999	944	0.000642	0.000642	0.001561	0.001561
896	7	7	14	1	P1	145	-0.000494	-0.000494	-0.000259	-0.000259
896	7	7	14	1	P50	925	-0.000254	-0.003985	0.003207	-0.004265
896	7	7	14	1	P75	939	-0.000319	-0.000319	0.003137	0.003137
896	7	7	14	1	P90	994	0.002586	0.002586	0.002283	0.002283
896	7	7	14	1	P95	1028	0.002604	0.002604	0.002291	0.002291
896	7	7	14	1	P99	1028	0.002604	0.002604	0.002291	0.002291
896	7	7	14	1	P999	1028	0.002604	0.002604	0.002291	0.002291
897	7	7	14	1	P1	146	0.000259	0.000259	0.002840	0.002840
897	7	7	14	1	P50	932	0.000636	-0.003097	0.001271	-0.004327
897	7	7	14	1	P75	963	0.001560	0.001560	0.000322	0.000322
897	7	7	14	1	P90	1003	0.001982	0.001982	0.000743	0.000743
897	7	7	14	1	P95	1019	0.001107	0.001107	0.003613	0.003613
897	7	7	14	1	P99	1019	0.001107	0.001107	0.003613	0.003613
897	7	7	14	1	P999	1019	0.001107	0.001107	0.003613	0.003613
898	7	7	14	1	P1	142	0.002807	0.002807	0.000712	0.000712
898	7	7	14	1	P50	923	0.004117	-0.003363	0.001630	-0.002107
898	7	7	14	1	P75	966	-0.000299	-0.000299	0.000950	0.000950
898	7	7	14	1	P90	992	0.001182	0.001182	0.000556	0.000556
898	7	7	14	1	P95	993	0.002046	0.002046	0.003292	0.003292
898	7	7	14	1	P99	993	0.002046	0.002046	0.003292	0.003292
898	7	7	14	1	P999	993	0.002046	0.002046	0.003292	0.003292
899	7	623	630	1	P1	1	0.003150	0.003150	0.002620	0.002620
899	7	623	630	1	P50	2	0.002054	0.002045	0.001395	0.001385
899	7	623	630	1	P75	3	-0.001077	-0.001077	-0.001810	-0.001810
899	7	623	630	1	P90	3	0.000708	0.000689	-0.000027	-0.000046
899	7	623	630	1	P95	4	-0.001174	-0.001174	-0.001961	-0.001961
899	7	623	630	1	P99	143	0.002635	0.002635	0.001171	0.001171
899	7	623	630	1	P999	1007	0.002332	0.002332	0.000500	0.000500
900	7	31	38	1	P1	3776	-0.000282	-0.000282	0.002052	0.002052
900	7	31	38	1	P50	5088	0.004368	0.002492	0.002871	0.000998
900	7	31	38	1	P75	5363	0.002199	0.002199	0.000691	0.000691
900	7	31	38	1	P90	5599	0.002133	0.002133	0.000613	0.000613
900	7	31	38	1	P95	8695	0.003178	0.003178	0.001533	0.001533
900	7	31	38	1	P99	20081	-0.000054	-0.000054	0.001812	0.001812
900	7	31	38	1	P999	20081	-0.000054	-0.000054	0.001812	0.001812
901	7	7	14	1	P1	3713	0.001967	0.001967	0.000185	0.000185
901	7	7	14	1	P50	3872	0.001153	-0.002582	0.003114	-0.000628
901	7	7	14	1	P75	5227	0.000130	0.000130	0.002082	0.002082
901	7	7	14	1	P90	10984	0.001400	0.001400	0.003338	0.003338
901	7	7	14	1	P95	11179	0.002496	0.002496	0.000687	0.000687
901	7	7	14	1	P99	11179	0.002496	0.002496	0.000687	0.000687
901	7	7	14	1	P999	11179	0.002496	0.002496	0.000687	0.000687
902	7	7	14	1	P1	3684	0.001798	0.001798	0.000550	0.000550
902	7	7	14	1	P50	4518	0.003380	-0.132768	0.002070	-0.133864
902	7	7	14	1	P75	6699	0.002089	0.002089	0.000665	0.000665
902	7	7	14	1	P90	13775	-0.000910	-0.000910	0.001195	0.001195
902	7	7	14	1	P95	16666	-0.000734	-0.000734	0.001316	0.001316
902	7	7	14	1	P99	16666	-0.000734	-0.000734	0.001316	0.001316
902	7	7	14	1	P999	16666	-0.000734	-0.000734	0.001316	0.001316
903	7	7	14	1	P1	3702	0.000079	0.000079	0.000660	0.000660
903	7	7	14	1	P50	3825	-0.000207	-0.001141	0.000370	-0.000875
903	7	7	14	1	P75	4006	0.002159	0.002159	0.002733	0.002733
903	7	7	14	1	P90	5141	-0.000568	-0.000568	0.003725	0.003725
903	7	7	14	1	P95	6099	0.004265	0.004265	0.001050	0.001050
903	7	7	14	1	P99	6099	0.004265	0.004265	0.001050	0.001050
903	7	7	14	1	P999	6099	0.004265	0.004265	0.001050	0.001050
904	7	7	14	1	P1	3700	0.000064	0.000064	0.001201	0.001201
904	7	7	14	1	P50	3997	0.001369	-0.028139	0.001241	-0.031882
904	7	7	14	1	P75	5168	-0.001333	-0.001333	0.002220	0.002220
904	7	7	14	1	P90	10988	-0.000408	-0.000408	0.002973	0.002973
904	7	7	14	1	P95	13738	0.000560	0.000560	0.000146	0.000146
904	7	7	14	1	P99	13738	0.000560	0.000560	0.000146	0.000146
904	7	7	14	1	P999	13738	0.000560	0.000560	0.000146	0.000146
905	7	7	14	1	P1	3677	0.001620	0.001620	0.002455	0.002455
905	7	7	14	1	P50	3937	0.000586	-0.010573	0.001414	-0.009753
905	7	7	14	1	P75	5101	-0.000490	-0.000490	0.000315	0.000315
905	7	7	14	1	P90	13630	0.003586	0.003586	0.000563	0.000563
905	7	7	14	1	P95	15813	0.000813	0.000813	0.001523	0.001523
905	7	7	14	1	P99	15813	0.000813	0.000813	0.001523	0.001523
905	7	7	14	1	P999	15813	0.000813	0.000813	0.001523	0.001523
906	7	7	14	1	P1	3684	0.000597	0.000597	0.000550	0.000550
906	7	7	14	1	P50	3885	-0.000191	-0.009492	0.001628	-0.007689
906	7	7	14	1	P75	4021	0.000915	0.000915	0.002733	0.002733
906	7	7	14	1	P90	5115	-0.000482	-0.000482	0.001313	0.001313
906	7	7	14	1	P95	7017	0.001113	0.001113	0.002885	0.002885
906	7	7	14	1	P99	7017	0.001113	0.001113	0.002885	0.002885
906	7	7	14	1	P999	7017	0.001113	0.001113	0.002885	0.002885
907	7	7	14	1	P1	3691	0.002704	0.002704	0.002392	0.002392
907	7	7	14	1	P50	3919	0.002579	-0.012302	0.002260	-0.012614
907	7	7	14	1	P75	5236	0.000714	0.000714	0.000360	0.000360
907	7	7	14	1	P90	11452	0.003181	0.003181	0.002729	0.002729
907	7	7	14	1	P95	15797	-0.000713	-0.000713	0.002538	0.002538
907	7	7	14	1	P99	15797	-0.000713	-0.000713	0.002538	0.002538
907	7	7	14	1	P999	15797	-0.000713	-0.000713	0.002538	0.002538
908	31	31	62	1	P1	531	0.001513	0.001513	0.001278	0.001278
908	31	31	62	1	P50	3856	0.000203	-0.014642	0.003518	-0.015063
908	31	31	62	1	P75	5230	0.001967	0.001967	0.001507	0.001507
908	31	31	62	1	P90	9473	0.002328	0.002328	0.001810	0.001810
908	31	31	62	1	P95	12446	0.002272	0.002272	0.001727	0.001727
908	31	31	62	1	P99	16947	0.000121	0.000121	0.003290	0.003290
908	31	31	62	1	P999	16947	0.000121	0.000121	0.003290	0.003290
909	31	31	62	0	P1	6	0.000126	0.000126	-0.001008	-0.001008
909	31	31	62	0	P50	7	0.000736	0.000637	-0.000399	-0.000497
909	31	31	62	0	P75	7	0.002213	0.002213	0.001077	0.001077
909	31	31	62	0	P90	8	-0.001245	-0.001245	0.001359	0.001359
909	31	31	62	0	P95	9	0.001833	0.001833	0.000698	0.000698
909	31	31	62	0	P99	1611	0.002742	0.002742	0.001605	0.001605
909	31	31	62	0	P999	1611	0.002742	0.002742	0.001605	0.001605
910	31	31	62	0	P1	6	-0.002553	-0.002553	-0.000987	-0.000987
910	31	31	62	0	P50	7	-0.001915	-0.002011	-0.000348	-0.000444
910	31	31	62	0	P75	7	-0.000479	-0.000479	0.001090	0.001090
910	31	31	62	0	P90	8	-0.000211	-0.000211	0.001359	0.001359
910	31	31	62	0	P95	9	0.002871	0.002871	0.000698	0.000698
910	31	31	62	0	P99	1105	0.003254	0.003254	0.001080	0.001080
910	31	31	62	0	P999	1105	0.003254	0.003254	0.001080	0.001080
911	31	31	62	1	P1	6	-0.004345	-0.004345	-0.001026	-0.001026
911	31	31	62	1	P50	7	-0.000416	-0.000514	-0.000497	-0.000595
911	31	31	62	1	P75	7	0.001061	0.001061	0.000979	0.000979
911	31	31	62	1	P90	8	0.000855	0.000855	0.001671	0.001671
911	31	31	62	1	P95	417	0.001240	0.001240	0.003731	0.003731
911	31	31	62	1	P99	2430	0.003509	0.003509	0.001745	0.001745
911	31	31	62	1	P999	2430	0.003509	0.003509	0.001745	0.001745
912	31	31	62	1	P1	6	-0.003025	-0.003025	-0.001008	-0.001008
912	31	31	62	1	P50	7	0.000026	-0.000208	-0.000067	-0.000184
912	31	31	62	1	P75	8	-0.002663	-0.002663	-0.000667	-0.000667
912	31	31	62	1	P90	348	0.001607	0.001607	0.001448	0.001448
912	31	31	62	1	P95	466	0.003080	0.003080	0.001026	0.001026
912	31	31	62	1	P99	920	0.003254	0.003254	0.001147	0.001147
912	31	31	62	1	P999	920	0.003254	0.003254	0.001147	0.001147
913	31	31	62	0	P1	6	-0.002620	-0.002620	-0.001055	-0.001055
913	31	31	62	0	P50	7	-0.002298	-0.002393	-0.000732	-0.000827
913	31	31	62	0	P75	7	-0.000862	-0.000862	0.000706	0.000706
913	31	31	62	0	P90	7	-0.000000	-0.000000	0.001570	0.001570
913	31	31	62	0	P95	8	-0.000460	-0.000460	0.001109	0.001109
913	31	31	62	0	P99	9	0.002871	0.002871	0.000698	0.000698
913	31	31	62	0	P999	9	0.002871	0.002871	0.000698	0.000698
914	31	31	62	0	P1	6	-0.002607	-0.002607	-0.001041	-0.001041
914	31	31	62	0	P50	7	-0.002119	-0.002220	-0.000553	-0.000654
914	31	31	62	0	P75	7	-0.000606	-0.000606	0.000963	0.000963
914	31	31	62	0	P90	8	0.001036	0.001036	0.002607	0.002607
914	31	31	62	0	P95	16	0.003154	0.003154	0.000980	0.000980
914	31	31	62	0	P99	782	0.001365	0.001365	0.002937	0.002937
914	31	31	62	0	P999	782	0.001365	0.001365	0.002937	0.002937
915	31	31	62	1	P1	6	-0.003059	-0.003059	-0.001041	-0.001041
915	31	31	62	1	P50	7	-0.001188	-0.001375	-0.000553	-0.000654
915	31	31	62	1	P75	7	0.001980	0.001980	0.000963	0.000963
915	31	31	62	1	P90	8	-0.000330	-0.000330	0.001671	0.001671
915	31	31	62	1	P95	13	0.001070	0.001070	0.003036	0.003036
915	31	31	62	1	P99	633	0.003333	0.003333	0.001254	0.001254
915	31	31	62	1	P999	633	0.003333	0.003333	0.001254	0.001254
916	31	31	62	1	P1	6	-0.003025	-0.003025	-0.001008	-0.001008
916	31	31	62	1	P50	7	-0.001487	-0.001636	-0.000567	-0.000656
916	31	31	62	1	P75	7	0.001319	0.001319	0.000768	0.000768
916	31	31	62	1	P90	7	0.003302	0.003302	0.001570	0.001570
916	31	31	62	1	P95	8	-0.001264	-0.001264	0.000735	0.000735
916	31	31	62	1	P99	8	0.000605	0.000605	0.002607	0.002607
916	31	31	62	1	P999	8	0.000605	0.000605	0.002607	0.002607
917	31	31	62	1	P1	6	-0.001343	-0.001343	-0.000987	-0.000987
917	31	31	62	1	P50	7	-0.000201	-0.000322	0.000122	0.000001
917	31	31	62	1	P75	8	0.000174	0.000174	0.000468	0.000468
917	31	31	62	1	P90	813	0.002146	0.002146	0.001437	0.001437
917	31	31	62	1	P95	968	0.003370	0.003370	0.002623	0.002623
917	31	31	62	1	P99	2979	0.000886	0.000886	0.003642	0.003642
917	31	31	62	1	P999	2979	0.000886	0.000886	0.003642	0.003642
918	31	31	62	1	P1	6	0.000913	0.000913	-0.000741	-0.000741
918	31	31	62	1	P50	360	-0.000507	-0.977766	0.001188	-0.977720
918	31	31	62	1	P75	1033	-0.000420	-0.000420	0.001175	0.001175
918	31	31	62	1	P90	1189	0.000991	0.000991	0.002575	0.002575
918	31	31	62	1	P95	1323	0.002616	0.002616	0.000445	0.000445
918	31	31	62	1	P99	3034	0.002543	0.002543	0.000293	0.000293
918	31	31	62	1	P999	3034	0.002543	0.002543	0.000293	0.000293
919	31	31	62	1	P1	6	-0.000995	-0.000995	-0.000029	-0.000029
919	31	31	62	1	P50	532	0.002654	-0.766672	0.003139	-0.766523
919	31	31	62	1	P75	1343	0.000009	0.000009	0.000393	0.000393
919	31	31	62	1	P90	1547	0.000655	0.000655	0.001025	0.001025
919	31	31	62	1	P95	1631	0.000117	0.000117	0.000480	0.000480
919	31	31	62	1	P99	3336	0.002306	0.002306	0.002593	0.002593
919	31	31	62	1	P999	3336	0.002306	0.002306	0.002593	0.002593
920	31	31	62	0	P1	6	-0.002374	-0.002374	-0.000808	-0.000808
920	31	31	62	0	P50	7	-0.000000	-0.000156	0.001570	0.001414
920	31	31	62	0	P75	8	0.000412	0.000412	0.001983	0.001983
920	31	31	62	0	P90	9	0.002336	0.002336	0.000164	0.000164
920	31	31	62	0	P95	10	0.002172	0.002172	0.003745	0.003745
920	31	31	62	0	P99	131	0.001276	0.001276	0.002848	0.002848
920	31	31	62	0	P999	131	0.001276	0.001276	0.002848	0.002848
921	31	31	62	0	P1	6	-0.002573	-0.002573	-0.001008	-0.001008
921	31	31	62	0	P50	7	-0.001566	-0.001687	0.000001	-0.000120
921	31	31	62	0	P75	8	-0.002078	-0.002078	-0.000511	-0.000511
921	31	31	62	0	P90	8	0.000724	0.000724	0.002295	0.002295
921	31	31	62	0	P95	12	0.000516	0.000516	-0.001652	-0.001652
921	31	31	62	0	P99	68	0.002826	0.002826	0.000653	0.000653
921	31	31	62	0	P999	68	0.002826	0.002826	0.000653	0.000653
922	31	31	62	1	P1	6	-0.003005	-0.003005	-0.000987	-0.000987
922	31	31	62	1	P50	7	0.000372	0.000209	-0.000250	-0.000351
922	31	31	62	1	P75	7	0.002813	0.002813	0.001266	0.001266
922	31	31	62	1	P90	8	-0.000642	-0.000642	0.001359	0.001359
922	31	31	62	1	P95	8	0.000605	0.000605	0.002607	0.002607
922	31	31	62	1	P99	9	0.002448	0.002448	0.000698	0.000698
922	31	31	62	1	P999	9	0.002448	0.002448	0.000698	0.000698
923	31	31	62	1	P1	6	-0.002854	-0.002854	-0.000901	-0.000901
923	31	31	62	1	P50	703	-0.000507	-0.988613	0.001030	-0.988591
923	31	31	62	1	P75	971	0.001756	0.001756	0.003268	0.003268
923	31	31	62	1	P90	1180	0.001203	0.001203	0.002698	0.002698
923	31	31	62	1	P95	1243	-0.000344	-0.000344	0.001144	0.001144
923	31	31	62	1	P99	1901	0.002842	0.002842	0.000550	0.000550
923	31	31	62	1	P999	1901	0.002842	0.002842	0.000550	0.000550
924	31	31	62	1	P1	7	-0.001678	-0.001678	-0.001794	-0.001794
924	31	31	62	1	P50	929	-0.000273	-0.935227	0.002629	-0.935255
924	31	31	62	1	P75	1225	-0.000211	-0.000211	0.002651	0.002651
924	31	31	62	1	P90	1521	0.000196	0.000196	0.000530	0.000530
924	31	31	62	1	P95	1532	0.000467	0.000467	0.001424	0.001424
924	31	31	62	1	P99	2197	0.002588	0.002588	0.001619	0.001619
924	31	31	62	1	P999	2197	0.002588	0.002588	0.001619	0.001619
925	31	31	62	1	P1	6	-0.001427	-0.001427	0.000594	0.000594
925	31	31	62	1	P50	8	-0.002252	-0.002471	-0.000255	-0.000474
925	31	31	62	1	P75	9	-0.000613	-0.000613	-0.002358	-0.002358
925	31	31	62	1	P90	9	0.002448	0.002448	0.000698	0.000698
925	31	31	62	1	P95	47	0.001830	0.001830	0.003699	0.003699
925	31	31	62	1	P99	78	-0.000069	-0.000069	0.001757	0.001757
925	31	31	62	1	P999	78	-0.000069	-0.000069	0.001757	0.001757
926	31	31	62	1	P1	6	-0.001404	-0.001404	-0.000341	-0.000341
926	31	31	62	1	P50	438	0.002510	-0.821753	0.003190	-0.821605
926	31	31	62	1	P75	1895	0.003170	0.003170	0.003718	0.003718
926	31	31	62	1	P90	2184	-0.000457	-0.000457	0.000076	0.000076
926	31	31	62	1	P95	2470	-0.000153	-0.000153	0.000369	0.000369
926	31	31	62	1	P99	2747	0.001968	0.001968	0.002482	0.002482
926	31	31	62	1	P999	2747	0.001968	0.001968	0.002482	0.002482
927	31	31	62	1	P1	6	-0.002953	-0.002953	-0.000935	-0.000935
927	31	31	62	1	P50	7	0.002437	0.002149	0.001102	0.000946
927	31	31	62	1	P75	9	0.000406	0.000406	-0.001340	-0.001340
927	31	31	62	1	P90	10	0.000822	0.000822	0.002807	0.002807
927	31	31	62	1	P95	12	0.002612	0.002612	0.000839	0.000839
927	31	31	62	1	P99	1382	0.000066	0.000066	0.001672	0.001672
927	31	31	62	1	P999	1382	0.000066	0.000066	0.001672	0.001672
928	31	31	62	1	P1	6	-0.001266	-0.001266	0.000594	0.000594
928	31	31	62	1	P50	809	0.000850	-0.021347	0.002634	-0.023261
928	31	31	62	1	P75	1150	0.000506	0.000506	0.000412	0.000412
928	31	31	62	1	P90	1359	0.001731	0.001731	0.003508	0.003508
928	31	31	62	1	P95	1470	0.001716	0.001716	0.003492	0.003492
928	31	31	62	1	P99	1666	-0.000094	-0.000094	0.001677	0.001677
928	31	31	62	1	P999	1666	-0.000094	-0.000094	0.001677	0.001677
929	31	31	62	1	P1	6	0.001518	0.001518	-0.000741	-0.000741
929	31	31	62	1	P50	735	0.000880	-0.986362	0.001373	-0.986344
929	31	31	62	1	P75	3610	0.001988	0.001988	0.002154	0.002154
929	31	31	62	1	P90	6638	0.002299	0.002299	0.002339	0.002339
929	31	31	62	1	P95	6929	0.000518	0.000518	0.000549	0.000549
929	31	31	62	1	P99	9990	0.001045	0.001045	0.001001	0.001001
929	31	31	62	1	P999	9990	0.001045	0.001045	0.001001	0.001001
930	31	31	62	0	P1	6	-0.002591	-0.002591	-0.001026	-0.001026
930	31	31	62	0	P50	7	-0.001971	-0.002074	-0.000404	-0.000508
930	31	31	62	0	P75	7	-0.000415	-0.000415	0.001154	0.001154
930	31	31	62	0	P90	8	-0.000626	-0.000626	0.000943	0.000943
930	31	31	62	0	P95	8	0.000620	0.000620	0.002191	0.002191
930	31	31	62	0	P99	1460	0.001268	0.001268	0.002840	0.002840
930	31	31	62	0	P999	1460	0.001268	0.001268	0.002840	0.002840
931	31	31	62	1	P1	6	-0.003025	-0.003025	-0.001008	-0.001008
931	31	31	62	1	P50	7	-0.000638	-0.000834	-0.000487	-0.000581
931	31	31	62	1	P75	7	0.002053	0.002053	0.000915	0.000915
931	31	31	62	1	P90	8	-0.001886	-0.001886	0.000112	0.000112
931	31	31	62	1	P95	8	-0.000019	-0.000019	0.001983	0.001983
931	31	31	62	1	P99	976	0.000234	0.000234	0.001867	0.001867
931	31	31	62	1	P999	976	0.000234	0.000234	0.001867	0.001867
932	31	31	62	1	P1	6	-0.001643	-0.001643	-0.000935	-0.000935
932	31	31	62	1	P50	7	0.002573	0.002365	0.000363	0.000242
932	31	31	62	1	P75	8	-0.001007	-0.001007	0.000943	0.000943
932	31	31	62	1	P90	966	0.001793	0.001793	0.000950	0.000950
932	31	31	62	1	P95	1309	0.000804	0.000804	0.003614	0.003614
932	31	31	62	1	P99	1905	0.003240	0.003240	0.002188	0.002188
932	31	31	62	1	P999	1905	0.003240	0.003240	0.002188	0.002188
933	31	31	62	0	P1	6	-0.002501	-0.002501	-0.000935	-0.000935
933	31	31	62	0	P50	7	-0.001867	-0.001956	-0.000300	-0.000389
933	31	31	62	0	P75	7	-0.000534	-0.000534	0.001035	0.001035
933	31	31	62	0	P90	8	-0.001100	-0.001100	0.000468	0.000468
933	31	31	62	0	P95	8	0.000501	0.000501	0.002072	0.002072
933	31	31	62	0	P99	665	0.002703	0.002703	0.000530	0.000530
933	31	31	62	0	P999	665	0.002703	0.002703	0.000530	0.000530
934	31	31	62	1	P1	6	-0.003072	-0.003072	-0.001055	-0.001055
934	31	31	62	1	P50	7	-0.001064	-0.001271	-0.000520	-0.000630
934	31	31	62	1	P75	7	0.002365	0.002365	0.001129	0.001129
934	31	31	62	1	P90	8	-0.000797	-0.000797	0.001203	0.001203
934	31	31	62	1	P95	8	0.000605	0.000605	0.002607	0.002607
934	31	31	62	1	P99	9	0.002448	0.002448	0.000698	0.000698
934	31	31	62	1	P999	9	0.002448	0.002448	0.000698	0.000698
935	31	31	62	0	P1	6	-0.002607	-0.002607	-0.001041	-0.001041
935	31	31	62	0	P50	7	-0.001807	-0.001927	-0.000240	-0.000361
935	31	31	62	0	P75	7	-0.000000	-0.000000	0.001570	0.001570
935	31	31	62	0	P90	1142	0.000217	0.000217	0.001787	0.001787
935	31	31	62	0	P95	1581	0.000143	0.000143	0.001713	0.001713
935	31	31	62	0	P99	1713	0.002192	0.002192	0.000020	0.000020
935	31	31	62	0	P999	1713	0.002192	0.002192	0.000020	0.000020
936	31	31	62	1	P1	6	-0.002323	-0.002323	-0.001041	-0.001041
936	31	31	62	1	P50	7	0.000827	0.000657	-0.000461	-0.000567
936	31	31	62	1	P75	7	0.003381	0.003381	0.001142	0.001142
936	31	31	62	1	P90	8	-0.000023	-0.000023	0.001203	0.001203
936	31	31	62	1	P95	8	0.001380	0.001380	0.002607	0.002607
936	31	31	62	1	P99	511	0.001919	0.001919	0.002293	0.002293
936	31	31	62	1	P999	511	0.001919	0.001919	0.002293	0.002293
937	31	31	62	1	P1	6	-0.001099	-0.001099	-0.000528	-0.000528
937	31	31	62	1	P50	330	0.002370	-0.222646	0.002228	-0.222721
937	31	31	62	1	P75	836	0.000011	0.000011	0.003448	0.003448
937	31	31	62	1	P90	998	0.002344	0.002344	0.002004	0.002004
937	31	31	62	1	P95	1118	0.000957	0.000957	0.000598	0.000598
937	31	31	62	1	P99	2525	0.001278	0.001278	0.000774	0.000774
937	31	31	62	1	P999	2525	0.001278	0.001278	0.000774	0.000774
938	31	31	62	1	P1	6	-0.002166	-0.002166	-0.000808	-0.000808
938	31	31	62	1	P50	566	0.003544	-0.058245	0.000991	-0.057120
938	31	31	62	1	P75	3666	0.000588	0.000588	-0.000159	-0.000159
938	31	31	62	1	P90	5528	0.001055	0.001055	0.002163	0.002163
938	31	31	62	1	P95	7167	0.003065	0.003065	0.000419	0.000419
938	31	31	62	1	P99	11302	-0.000122	-0.000122	0.000959	0.000959
938	31	31	62	1	P999	11302	-0.000122	-0.000122	0.000959	0.000959
939	31	31	62	1	P1	6	-0.003072	-0.003072	-0.001055	-0.001055
939	31	31	62	1	P50	7	-0.000254	-0.000441	-0.000520	-0.000630
939	31	31	62	1	P75	7	0.002553	0.002553	0.001129	0.001129
939	31	31	62	1	P90	8	0.000605	0.000605	0.002607	0.002607
939	31	31	62	1	P95	12	0.000740	0.000740	-0.001030	-0.001030
939	31	31	62	1	P99	15	0.000022	0.000022	0.001975	0.001975
939	31	31	62	1	P999	15	0.000022	0.000022	0.001975	0.001975
940	31	31	62	0	P1	6	-0.002467	-0.002467	-0.000901	-0.000901
940	31	31	62	0	P50	7	-0.001778	-0.001867	-0.000211	-0.000300
940	31	31	62	0	P75	7	-0.000445	-0.000445	0.001124	0.001124
940	31	31	62	0	P90	8	-0.000211	-0.000211	0.001359	0.001359
940	31	31	62	0	P95	9	0.002871	0.002871	0.000698	0.000698
940	31	31	62	0	P99	10	0.002172	0.002172	0.003745	0.003745
940	31	31	62	0	P999	10	0.002172	0.002172	0.003745	0.003745
941	31	31	62	1	P1	6	-0.003072	-0.003072	-0.001055	-0.001055
941	31	31	62	1	P50	7	-0.001064	-0.001271	-0.000694	-0.000792
941	31	31	62	1	P75	7	0.001803	0.001803	0.000782	0.000782
941	31	31	62	1	P90	8	-0.002508	-0.002508	-0.000511	-0.000511
941	31	31	62	1	P95	8	-0.000642	-0.000642	0.001359	0.001359
941	31	31	62	1	P99	12	0.002612	0.002612	0.000839	0.000839
941	31	31	62	1	P999	12	0.002612	0.002612	0.000839	0.000839
942	31	31	62	1	P1	6	-0.001256	-0.001256	-0.000987	-0.000987
942	31	31	62	1	P50	7	-0.000533	-0.000631	-0.000300	-0.000399
942	31	31	62	1	P75	7	0.000943	0.000943	0.001176	0.001176
942	31	31	62	1	P90	8	-0.001335	-0.001335	0.000943	0.000943
942	31	31	62	1	P95	8	0.001469	0.001469	0.002191	0.002191
942	31	31	62	1	P99	1084	-0.001223	-0.001223	0.001579	0.001579
942	31	31	62	1	P999	1084	-0.001223	-0.001223	0.001579	0.001579
943	31	31	62	1	P1	6	-0.001276	-0.001276	-0.001008	-0.001008
943	31	31	62	1	P50	7	-0.000480	-0.000586	-0.000247	-0.000354
943	31	31	62	1	P75	7	0.001123	0.001123	0.001356	0.001356
943	31	31	62	1	P90	8	-0.000401	-0.000401	0.001483	0.001483
943	31	31	62	1	P95	8	0.002406	0.002406	0.002607	0.002607
943	31	31	62	1	P99	741	0.001568	0.001568	0.000718	0.000718
943	31	31	62	1	P999	741	0.001568	0.001568	0.000718	0.000718
944	31	31	62	0	P1	6	-0.002620	-0.002620	-0.001055	-0.001055
944	31	31	62	0	P50	7	-0.002400	-0.002489	-0.000834	-0.000923
944	31	31	62	0	P75	7	-0.001067	-0.001067	0.000501	0.000501
944	31	31	62	0	P90	7	-0.000267	-0.000267	0.001302	0.001302
944	31	31	62	0	P95	7	-0.000000	-0.000000	0.001570	0.001570
944	31	31	62	0	P99	10	0.002172	0.002172	0.003745	0.003745
944	31	31	62	0	P999	10	0.002172	0.002172	0.003745	0.003745
945	31	31	62	1	P1	6	-0.001792	-0.001792	-0.000741	-0.000741
945	31	31	62	1	P50	7	0.000531	0.000381	0.001570	0.001420
945	31	31	62	1	P75	451	0.003191	0.003191	0.000102	0.000102
945	31	31	62	1	P90	565	0.002128	0.002128	0.002763	0.002763
945	31	31	62	1	P95	644	0.002096	0.002096	0.002719	0.002719
945	31	31	62	1	P99	907	-0.000164	-0.000164	0.000426	0.000426
945	31	31	62	1	P999	907	-0.000164	-0.000164	0.000426	0.000426
946	31	31	62	1	P1	6	-0.000791	-0.000791	-0.000341	-0.000341
946	31	31	62	1	P50	582	-0.000257	-0.982760	0.003023	-0.982754
946	31	31	62	1	P75	3917	-0.000127	-0.000127	0.002772	0.002772
946	31	31	62	1	P90	8038	-0.001148	-0.001148	0.001604	0.001604
946	31	31	62	1	P95	12194	0.000823	0.000823	0.003497	0.003497
946	31	31	62	1	P99	24761	-0.000887	-0.000887	0.001642	0.001642
946	31	31	62	1	P999	24761	-0.000887	-0.000887	0.001642	0.001642
947	31	31	62	0	P1	6	-0.002591	-0.002591	-0.001026	-0.001026
947	31	31	62	0	P50	7	-0.001618	-0.001743	-0.000051	-0.000176
947	31	31	62	0	P75	8	-0.001456	-0.001456	0.000112	0.000112
947	31	31	62	0	P90	9	0.002871	0.002871	0.000698	0.000698
947	31	31	62	0	P95	155	0.001257	0.001257	0.002829	0.002829
947	31	31	62	0	P99	1830	0.003409	0.003409	0.001235	0.001235
947	31	31	62	0	P999	1830	0.003409	0.003409	0.001235	0.001235
948	31	31	62	1	P1	6	-0.002315	-0.002315	-0.001088	-0.001088
948	31	31	62	1	P50	7	-0.001986	-0.002102	-0.000767	-0.000884
948	31	31	62	1	P75	7	-0.000235	-0.000235	0.000985	0.000985
948	31	31	62	1	P90	8	-0.000210	-0.000210	0.001002	0.001002
948	31	31	62	1	P95	8	0.001393	0.001393	0.002607	0.002607
948	31	31	62	1	P99	12	-0.000349	-0.000349	0.000839	0.000839
948	31	31	62	1	P999	12	-0.000349	-0.000349	0.000839	0.000839
949	31	31	62	1	P1	6	-0.003025	-0.003025	-0.001008	-0.001008
949	31	31	62	1	P50	7	-0.000297	-0.000441	-0.000605	-0.000691
949	31	31	62	1	P75	7	0.001861	0.001861	0.000699	0.000699
949	31	31	62	1	P90	7	0.003158	0.003158	0.001483	0.001483
949	31	31	62	1	P95	8	-0.001637	-0.001637	0.000361	0.000361
949	31	31	62	1	P99	8	0.000605	0.000605	0.002607	0.002607
949	31	31	62	1	P999	8	0.000605	0.000605	0.002607	0.002607
950	31	31	62	1	P1	6	-0.002953	-0.002953	-0.000935	-0.000935
950	31	31	62	1	P50	7	-0.000441	-0.000619	-0.000048	-0.000149
950	31	31	62	1	P75	7	0.003068	0.003068	0.001469	0.001469
950	31	31	62	1	P90	8	0.000605	0.000605	0.002607	0.002607
950	31	31	62	1	P95	148	0.002409	0.002409	0.000444	0.000444
950	31	31	62	1	P99	673	0.001866	0.001866	0.003530	0.003530
950	31	31	62	1	P999	673	0.001866	0.001866	0.003530	0.003530
951	31	31	62	0	P1	6	-0.002653	-0.002653	-0.001088	-0.001088
951	31	31	62	0	P50	7	-0.002074	-0.002213	-0.000508	-0.000646
951	31	31	62	0	P75	7	-0.000000	-0.000000	0.001570	0.001570
951	31	31	62	0	P90	8	0.001036	0.001036	0.002607	0.002607
951	31	31	62	0	P95	540	0.001593	0.001593	0.003165	0.003165
951	31	31	62	0	P99	982	0.001645	0.001645	0.003217	0.003217
951	31	31	62	0	P999	982	0.001645	0.001645	0.003217	0.003217
952	31	31	62	1	P1	6	-0.003059	-0.003059	-0.001041	-0.001041
952	31	31	62	1	P50	7	-0.001460	-0.001629	-0.000553	-0.000654
952	31	31	62	1	P75	7	0.001803	0.001803	0.000963	0.000963
952	31	31	62	1	P90	8	-0.000330	-0.000330	0.001671	0.001671
952	31	31	62	1	P95	142	0.002674	0.002674	0.000712	0.000712
952	31	31	62	1	P99	664	0.004121	0.004121	0.002037	0.002037
952	31	31	62	1	P999	664	0.004121	0.004121	0.002037	0.002037
953	31	31	62	1	P1	6	-0.002165	-0.002165	-0.000741	-0.000741
953	31	31	62	1	P50	7	-0.000477	-0.000601	0.000946	0.000821
953	31	31	62	1	P75	321	0.002389	0.002389	0.003718	0.003718
953	31	31	62	1	P90	424	0.000711	0.000711	0.002030	0.002030
953	31	31	62	1	P95	565	0.001450	0.001450	0.002763	0.002763
953	31	31	62	1	P99	769	0.003448	0.003448	0.001007	0.001007
953	31	31	62	1	P999	769	0.003448	0.003448	0.001007	0.001007
954	31	31	62	1	P1	6	0.000816	0.000816	-0.000341	-0.000341
954	31	31	62	1	P50	134	0.000061	-0.932711	0.002633	-0.932789
954	31	31	62	1	P75	334	0.002568	0.002568	0.001392	0.001392
954	31	31	62	1	P90	524	0.000771	0.000771	0.003340	0.003340
954	31	31	62	1	P95	720	0.000740	0.000740	0.003307	0.003307
954	31	31	62	1	P99	2225	0.001349	0.001349	0.000167	0.000167
954	31	31	62	1	P999	2225	0.001349	0.001349	0.000167	0.000167
955	31	31	62	1	P1	7	-0.003769	-0.003769	-0.001421	-0.001421
955	31	31	62	1	P50	12	-0.001581	-0.003446	-0.000407	-0.001652
955	31	31	62	1	P75	83	0.004928	0.004928	0.003174	0.003174
955	31	31	62	1	P90	90	-0.001276	-0.001276	-0.001171	-0.001171
955	31	31	62	1	P95	98	0.003302	0.003302	0.001514	0.001514
955	31	31	62	1	P99	195	-0.000537	-0.000537	0.001267	0.001267
955	31	31	62	1	P999	195	-0.000537	-0.000537	0.001267	0.001267
956	31	31	62	1	P1	7	-0.002776	-0.002776	-0.001794	-0.001794
956	31	31	62	1	P50	9	0.001753	0.001464	-0.000165	-0.000452
956	31	31	62	1	P75	11	0.003827	0.003827	0.001879	0.001879
956	31	31	62	1	P90	66	0.002787	0.002787	0.000602	0.000602
956	31	31	62	1	P95	79	0.002439	0.002439	0.000231	0.000231
956	31	31	62	1	P99	159	0.002074	0.002074	0.003518	0.003518
956	31	31	62	1	P999	159	0.002074	0.002074	0.003518	0.003518
957	31	31	62	1	P1	6	0.001405	0.001405	0.002466	0.002466
957	31	31	62	1	P50	9	-0.002430	-0.002697	-0.001970	-0.002148
957	31	31	62	1	P75	9	0.003447	0.003447	0.000698	0.000698
957	31	31	62	1	P90	15	0.001060	0.001060	0.001975	0.001975
957	31	31	62	1	P95	73	0.000060	0.000060	0.000722	0.000722
957	31	31	62	1	P99	96	-0.000914	-0.000914	0.003448	0.003448
957	31	31	62	1	P999	96	-0.000914	-0.000914	0.003448	0.003448
958	31	31	62	1	P1	6	-0.000010	-0.000010	0.000594	0.000594
958	31	31	62	1	P50	1891	0.001584	-0.995240	0.002088	-0.995237
958	31	31	62	1	P75	4451	0.001569	0.001569	0.002058	0.002058
958	31	31	62	1	P90	7575	0.000644	0.000644	0.001123	0.001123
958	31	31	62	1	P95	10223	-0.000101	-0.000101	0.000373	0.000373
958	31	31	62	1	P99	11222	0.000114	0.000114	0.000586	0.000586
958	31	31	62	1	P999	11222	0.000114	0.000114	0.000586	0.000586
959	31	31	62	0	P1	6	-0.002573	-0.002573	-0.001008	-0.001008
959	31	31	62	0	P50	7	-0.001814	-0.001921	-0.000247	-0.000354
959	31	31	62	0	P75	7	-0.000214	-0.000214	0.001356	0.001356
959	31	31	62	0	P90	8	-0.000086	-0.000086	0.001483	0.001483
959	31	31	62	0	P95	8	0.001036	0.001036	0.002607	0.002607
959	31	31	62	0	P99	15	0.000404	0.000404	0.001975	0.001975
959	31	31	62	0	P999	15	0.000404	0.000404	0.001975	0.001975
960	31	31	62	1	P1	6	-0.003005	-0.003005	-0.000987	-0.000987
960	31	31	62	1	P50	7	-0.001091	-0.001253	-0.000555	-0.000640
960	31	31	62	1	P75	7	0.001518	0.001518	0.000719	0.000719
960	31	31	62	1	P90	7	0.003124	0.003124	0.001485	0.001485
960	31	31	62	1	P95	8	-0.001264	-0.001264	0.000735	0.000735
960	31	31	62	1	P99	9	0.002448	0.002448	0.000698	0.000698
960	31	31	62	1	P999	9	0.002448	0.002448	0.000698	0.000698
961	31	31	62	1	P1	6	-0.001497	-0.001497	-0.001026	-0.001026
961	31	31	62	1	P50	7	0.000416	0.000237	-0.000619	-0.000711
961	31	31	62	1	P75	7	0.003189	0.003189	0.000748	0.000748
961	31	31	62	1	P90	7	0.004878	0.004878	0.001570	0.001570
961	31	31	62	1	P95	9	0.004053	0.004053	0.000698	0.000698
961	31	31	62	1	P99	1158	-0.000355	-0.000355	0.002828	0.002828
961	31	31	62	1	P999	1158	-0.000355	-0.000355	0.002828	0.002828
962	31	31	62	0	P1	6	-0.002591	-0.002591	-0.001026	-0.001026
962	31	31	62	0	P50	7	-0.002064	-0.002162	-0.000497	-0.000595
962	31	31	62	0	P75	7	-0.000590	-0.000590	0.000979	0.000979
962	31	31	62	0	P90	8	-0.000833	-0.000833	0.000735	0.000735
962	31	31	62	0	P95	8	0.001036	0.001036	0.002607	0.002607
962	31	31	62	0	P99	13	0.001464	0.001464	0.003036	0.003036
962	31	31	62	0	P999	13	0.001464	0.001464	0.003036	0.003036
963	31	31	62	1	P1	6	-0.003072	-0.003072	-0.001055	-0.001055
963	31	31	62	1	P50	7	-0.001508	-0.001686	-0.000732	-0.000827
963	31	31	62	1	P75	7	0.001429	0.001429	0.000706	0.000706
963	31	31	62	1	P90	7	0.003302	0.003302	0.001570	0.001570
963	31	31	62	1	P95	9	0.002448	0.002448	0.000698	0.000698
963	31	31	62	1	P99	519	0.003774	0.003774	0.001709	0.001709
963	31	31	62	1	P999	519	0.003774	0.003774	0.001709	0.001709
964	31	31	62	0	P1	6	-0.002573	-0.002573	-0.001008	-0.001008
964	31	31	62	0	P50	7	-0.002054	-0.002147	-0.000487	-0.000581
964	31	31	62	0	P75	7	-0.000654	-0.000654	0.000915	0.000915
964	31	31	62	0	P90	8	-0.001207	-0.001207	0.000361	0.000361
964	31	31	62	0	P95	8	0.001036	0.001036	0.002607	0.002607
964	31	31	62	0	P99	13	0.001464	0.001464	0.003036	0.003036
964	31	31	62	0	P999	13	0.001464	0.001464	0.003036	0.003036
965	31	31	62	1	P1	6	-0.002981	-0.002981	-0.000963	-0.000963
965	31	31	62	1	P50	7	-0.000441	-0.000628	-0.000431	-0.000518
965	31	31	62	1	P75	7	0.001999	0.001999	0.000873	0.000873
965	31	31	62	1	P90	8	-0.002596	-0.002596	-0.000600	-0.000600
965	31	31	62	1	P95	8	-0.000997	-0.000997	0.001002	0.001002
965	31	31	62	1	P99	8	0.000605	0.000605	0.002607	0.002607
965	31	31	62	1	P999	8	0.000605	0.000605	0.002607	0.002607
966	31	31	62	1	P1	6	-0.001213	-0.001213	-0.000652	-0.000652
966	31	31	62	1	P50	8	0.002097	0.000225	0.002607	0.000735
966	31	31	62	1	P75	852	-0.000234	-0.000234	0.003179	0.003179
966	31	31	62	1	P90	1020	-0.000750	-0.000750	0.002629	0.002629
966	31	31	62	1	P95	1105	0.001458	0.001458	0.001080	0.001080
966	31	31	62	1	P99	1934	0.002510	0.002510	0.002031	0.002031
966	31	31	62	1	P999	1934	0.002510	0.002510	0.002031	0.002031
967	31	31	62	1	P1	6	-0.002233	-0.002233	-0.000860	-0.000860
967	31	31	62	1	P50	3162	0.002670	-0.997467	0.000088	-0.997463
967	31	31	62	1	P75	4508	0.001268	0.001268	0.000546	0.000546
967	31	31	62	1	P90	7821	0.001678	0.001678	0.002809	0.002809
967	31	31	62	1	P95	9139	0.002943	0.002943	0.000323	0.000323
967	31	31	62	1	P99	11455	0.001349	0.001349	0.002466	0.002466
967	31	31	62	1	P999	11455	0.001349	0.001349	0.002466	0.002466
968	31	31	62	1	P1	6	-0.001364	-0.001364	-0.001008	-0.001008
968	31	31	62	1	P50	7	-0.000673	-0.000774	-0.000351	-0.000452
968	31	31	62	1	P75	7	0.000842	0.000842	0.001165	0.001165
968	31	31	62	1	P90	886	0.002152	0.002152	0.001425	0.001425
968	31	31	62	1	P95	2280	0.002849	0.002849	0.001916	0.001916
968	31	31	62	1	P99	5917	0.002581	0.002581	0.001442	0.001442
968	31	31	62	1	P999	5917	0.002581	0.002581	0.001442	0.001442
969	31	31	62	0	P1	6	-0.002425	-0.002425	-0.000860	-0.000860
969	31	31	62	0	P50	7	-0.001867	-0.001948	-0.000300	-0.000382
969	31	31	62	0	P75	7	-0.000650	-0.000650	0.000919	0.000919
969	31	31	62	0	P90	8	-0.001456	-0.001456	0.000112	0.000112
969	31	31	62	0	P95	9	0.000999	0.000999	-0.001171	-0.001171
969	31	31	62	0	P99	13	0.001464	0.001464	0.003036	0.003036
969	31	31	62	0	P999	13	0.001464	0.001464	0.003036	0.003036
970	31	31	62	1	P1	6	-0.001479	-0.001479	-0.001008	-0.001008
970	31	31	62	1	P50	7	0.000594	0.000416	-0.000351	-0.000452
970	31	31	62	1	P75	7	0.003939	0.003939	0.001165	0.001165
970	31	31	62	1	P90	8	0.001567	0.001567	0.001983	0.001983
970	31	31	62	1	P95	869	-0.001127	-0.001127	0.002110	0.002110
970	31	31	62	1	P99	2292	0.001097	0.001097	0.000403	0.000403
970	31	31	62	1	P999	2292	0.001097	0.001097	0.000403	0.000403
971	31	31	62	1	P1	6	-0.002241	-0.002241	-0.001026	-0.001026
971	31	31	62	1	P50	7	-0.000008	-0.000205	-0.000051	-0.000176
971	31	31	62	1	P75	8	-0.000793	-0.000793	0.000361	0.000361
971	31	31	62	1	P90	1138	0.001476	0.001476	0.001558	0.001558
971	31	31	62	1	P95	1658	-0.000987	-0.000987	0.002755	0.002755
971	31	31	62	1	P99	4262	0.000796	0.000796	0.000591	0.000591
971	31	31	62	1	P999	4262	0.000796	0.000796	0.000591	0.000591
972	31	31	62	0	P1	6	-0.002607	-0.002607	-0.001041	-0.001041
972	31	31	62	0	P50	7	-0.002162	-0.002260	-0.000595	-0.000694
972	31	31	62	0	P75	7	-0.000688	-0.000688	0.000880	0.000880
972	31	31	62	0	P90	8	-0.000211	-0.000211	0.001359	0.001359
972	31	31	62	0	P95	472	0.001617	0.001617	0.003189	0.003189
972	31	31	62	0	P99	1461	0.000583	0.000583	0.002153	0.002153
972	31	31	62	0	P999	1461	0.000583	0.000583	0.002153	0.002153
973	31	31	62	1	P1	6	-0.003150	-0.003150	-0.000987	-0.000987
973	31	31	62	1	P50	7	-0.000371	-0.000591	-0.000140	-0.000247
973	31	31	62	1	P75	7	0.002932	0.002932	0.001463	0.001463
973	31	31	62	1	P90	600	0.000532	0.000532	0.002466	0.002466
973	31	31	62	1	P95	949	0.001847	0.001847	0.000015	0.000015
973	31	31	62	1	P99	3594	0.001017	0.001017	0.002860	0.002860
973	31	31	62	1	P999	3594	0.001017	0.001017	0.002860	0.002860
974	31	31	62	1	P1	6	-0.001345	-0.001345	-0.000652	-0.000652
974	31	31	62	1	P50	198	0.000804	-0.959517	0.000951	-0.959491
974	31	31	62	1	P75	634	-0.000290	-0.000290	0.003419	0.003419
974	31	31	62	1	P90	987	0.001978	0.001978	0.001873	0.001873
974	31	31	62	1	P95	1117	0.001617	0.001617	0.001493	0.001493
974	31	31	62	1	P99	1312	0.001469	0.001469	0.001319	0.001319
974	31	31	62	1	P999	1312	0.001469	0.001469	0.001319	0.001319
975	31	31	62	0	P1	6	-0.002529	-0.002529	-0.000963	-0.000963
975	31	31	62	0	P50	7	-0.001913	-0.002004	-0.000346	-0.000437
975	31	31	62	0	P75	7	-0.000547	-0.000547	0.001022	0.001022
975	31	31	62	0	P90	368	0.000068	0.000068	0.001638	0.001638
975	31	31	62	0	P95	592	0.003108	0.003108	0.000934	0.000934
975	31	31	62	0	P99	993	0.001720	0.001720	0.003292	0.003292
975	31	31	62	0	P999	993	0.001720	0.001720	0.003292	0.003292
976	31	31	62	1	P1	6	-0.002919	-0.002919	-0.000901	-0.000901
976	31	31	62	1	P50	7	-0.001016	-0.001159	-0.000382	-0.000463
976	31	31	62	1	P75	7	0.001616	0.001616	0.000837	0.000837
976	31	31	62	1	P90	7	0.003302	0.003302	0.001570	0.001570
976	31	31	62	1	P95	8	-0.000891	-0.000891	0.001109	0.001109
976	31	31	62	1	P99	9	0.002448	0.002448	0.000698	0.000698
976	31	31	62	1	P999	9	0.002448	0.002448	0.000698	0.000698
977	31	124	155	1	P1	187	0.004057	0.004057	0.002041	0.002041
977	31	124	155	1	P50	2398	0.002504	0.002504	0.000048	0.000048
977	31	124	155	1	P75	3769	0.000830	0.000830	0.000167	0.000167
977	31	124	155	1	P90	4324	-0.000082	-0.000082	0.001101	0.001101
977	31	124	155	1	P95	4688	0.001343	0.001343	0.002514	0.002514
977	31	124	155	1	P99	6486	0.001963	0.001963	0.003078	0.003078
977	31	124	155	1	P999	7170	0.002648	0.002648	0.000001	0.000001
978	31	31	62	1	P1	1433	0.003042	0.003042	0.002816	0.002816
978	31	31	62	1	P50	3208	0.000992	-0.028505	0.000597	-0.028882
978	31	31	62	1	P75	4142	-0.000305	-0.000305	0.002990	0.002990
978	31	31	62	1	P90	4679	0.001169	0.001169	0.000694	0.000694
978	31	31	62	1	P95	4940	-0.000770	-0.000770	0.002486	0.002486
978	31	31	62	1	P99	7193	0.001102	0.001102	0.000536	0.000536
978	31	31	62	1	P999	7193	0.001102	0.001102	0.000536	0.000536
979	31	31	62	1	P1	1343	0.004920	0.004920	0.000393	0.000393
979	31	31	62	1	P50	2971	0.003593	-0.000152	0.002590	0.001341
979	31	31	62	1	P75	3786	-0.000774	-0.000774	0.001898	0.001898
979	31	31	62	1	P90	4225	-0.000805	-0.000805	0.001836	0.001836
979	31	31	62	1	P95	4367	-0.000211	-0.000211	0.002422	0.002422
979	31	31	62	1	P99	6509	0.000754	0.000754	0.003277	0.003277
979	31	31	62	1	P999	6509	0.000754	0.000754	0.003277	0.003277
980	31	31	62	0	P1	6	-0.002553	-0.002553	-0.000987	-0.000987
980	31	31	62	0	P50	7	-0.001817	-0.001918	-0.000250	-0.000351
980	31	31	62	0	P75	7	-0.000303	-0.000303	0.001266	0.001266
980	31	31	62	0	P90	8	-0.000460	-0.000460	0.001109	0.001109
980	31	31	62	0	P95	8	0.000662	0.000662	0.002232	0.002232
980	31	31	62	0	P99	10	0.002172	0.002172	0.003745	0.003745
980	31	31	62	0	P999	10	0.002172	0.002172	0.003745	0.003745
981	31	31	62	0	P1	6	-0.002644	-0.002644	-0.001078	-0.001078
981	31	31	62	0	P50	7	-0.002385	-0.002489	-0.000819	-0.000923
981	31	31	62	0	P75	7	-0.000830	-0.000830	0.000738	0.000738
981	31	31	62	0	P90	8	-0.001953	-0.001953	-0.000387	-0.000387
981	31	31	62	0	P95	8	0.000288	0.000288	0.001858	0.001858
981	31	31	62	0	P99	443	0.001480	0.001480	0.003052	0.003052
981	31	31	62	0	P999	443	0.001480	0.001480	0.003052	0.003052
982	31	31	62	1	P1	6	-0.003025	-0.003025	-0.001008	-0.001008
982	31	31	62	1	P50	7	-0.001487	-0.001636	-0.000487	-0.000581
982	31	31	62	1	P75	7	0.001554	0.001554	0.000915	0.000915
982	31	31	62	1	P90	8	-0.002064	-0.002064	-0.000066	-0.000066
982	31	31	62	1	P95	8	-0.000464	-0.000464	0.001537	0.001537
982	31	31	62	1	P99	9	0.002448	0.002448	0.000698	0.000698
982	31	31	62	1	P999	9	0.002448	0.002448	0.000698	0.000698
983	31	31	62	0	P1	6	-0.003554	-0.003554	-0.001097	-0.001097
983	31	31	62	0	P50	7	0.000315	0.000205	-0.000960	-0.001070
983	31	31	62	0	P75	7	0.001966	0.001966	0.000689	0.000689
983	31	31	62	0	P90	8	-0.002969	-0.002969	-0.000511	-0.000511
983	31	31	62	0	P95	8	-0.001104	-0.001104	0.001359	0.001359
983	31	31	62	0	P99	10	0.001276	0.001276	0.003745	0.003745
983	31	31	62	0	P999	10	0.001276	0.001276	0.003745	0.003745
984	31	31	62	1	P1	6	-0.001515	-0.001515	-0.000808	-0.000808
984	31	31	62	1	P50	7	0.000492	0.000354	-0.000375	-0.000450
984	31	31	62	1	P75	7	0.002863	0.002863	0.000746	0.000746
984	31	31	62	1	P90	7	0.004331	0.004331	0.001420	0.001420
984	31	31	62	1	P95	8	-0.001754	-0.001754	-0.000200	-0.000200
984	31	31	62	1	P99	8	0.001986	0.001986	0.002607	0.002607
984	31	31	62	1	P999	8	0.001986	0.001986	0.002607	0.002607
985	31	31	62	1	P1	6	-0.003085	-0.003085	-0.001067	-0.001067
985	31	31	62	1	P50	7	-0.001100	-0.001320	-0.000584	-0.000697
985	31	31	62	1	P75	7	0.002365	0.002365	0.001116	0.001116
985	31	31	62	1	P90	8	-0.000797	-0.000797	0.001203	0.001203
985	31	31	62	1	P95	8	0.000605	0.000605	0.002607	0.002607
985	31	31	62	1	P99	14	0.001727	0.001727	0.003689	0.003689
985	31	31	62	1	P999	14	0.001727	0.001727	0.003689	0.003689
986	31	31	62	0	P1	6	-0.003483	-0.003483	-0.001026	-0.001026
986	31	31	62	0	P50	7	0.000824	0.000722	-0.000452	-0.000553
986	31	31	62	0	P75	7	0.002341	0.002341	0.001064	0.001064
986	31	31	62	0	P90	8	-0.001934	-0.001934	0.000527	0.000527
986	31	31	62	0	P95	8	-0.000689	-0.000689	0.001775	0.001775
986	31	31	62	0	P99	323	0.002517	0.002517	0.001239	0.001239
986	31	31	62	0	P999	323	0.002517	0.002517	0.001239	0.001239
987	31	31	62	0	P1	6	-0.002644	-0.002644	-0.001078	-0.001078
987	31	31	62	0	P50	7	-0.002385	-0.002489	-0.000819	-0.000923
987	31	31	62	0	P75	7	-0.000830	-0.000830	0.000738	0.000738
987	31	31	62	0	P90	8	-0.002078	-0.002078	-0.000511	-0.000511
987	31	31	62	0	P95	8	-0.000211	-0.000211	0.001359	0.001359
987	31	31	62	0	P99	9	0.002871	0.002871	0.000698	0.000698
987	31	31	62	0	P999	9	0.002871	0.002871	0.000698	0.000698
988	31	31	62	0	P1	6	-0.002662	-0.002662	-0.001097	-0.001097
988	31	31	62	0	P50	7	-0.002592	-0.002696	-0.001027	-0.001131
988	31	31	62	0	P75	7	-0.001038	-0.001038	0.000530	0.000530
988	31	31	62	0	P90	7	-0.000104	-0.000104	0.001466	0.001466
988	31	31	62	0	P95	8	-0.001207	-0.001207	0.000361	0.000361
988	31	31	62	0	P99	8	0.001036	0.001036	0.002607	0.002607
988	31	31	62	0	P999	8	0.001036	0.001036	0.002607	0.002607
989	31	31	62	1	P1	6	-0.002826	-0.002826	-0.000808	-0.000808
989	31	31	62	1	P50	7	-0.000174	-0.000308	-0.000375	-0.000450
989	31	31	62	1	P75	7	0.001830	0.001830	0.000746	0.000746
989	31	31	62	1	P90	7	0.003035	0.003035	0.001420	0.001420
989	31	31	62	1	P95	8	0.000605	0.000605	0.002607	0.002607
989	31	31	62	1	P99	451	0.002152	0.002152	0.000102	0.000102
989	31	31	62	1	P999	451	0.002152	0.002152	0.000102	0.000102
990	31	31	62	0	P1	5	0.000056	0.000056	0.001625	0.001625
990	31	31	62	0	P50	7	-0.002029	-0.002111	-0.000463	-0.000544
990	31	31	62	0	P75	7	-0.000812	-0.000812	0.000756	0.000756
990	31	31	62	0	P90	7	-0.000081	-0.000081	0.001488	0.001488
990	31	31	62	0	P95	8	-0.000833	-0.000833	0.000735	0.000735
990	31	31	62	0	P99	9	0.002871	0.002871	0.000698	0.000698
990	31	31	62	0	P999	9	0.002871	0.002871	0.000698	0.000698
991	31	31	62	0	P1	6	-0.003498	-0.003498	-0.001041	-0.001041
991	31	31	62	0	P50	7	0.000640	0.000544	-0.000636	-0.000732
991	31	31	62	0	P75	7	0.002079	0.002079	0.000802	0.000802
991	31	31	62	0	P90	8	-0.002845	-0.002845	-0.000387	-0.000387
991	31	31	62	0	P95	8	-0.000606	-0.000606	0.001858	0.001858
991	31	31	62	0	P99	9	0.001975	0.001975	0.000698	0.000698
991	31	31	62	0	P999	9	0.001975	0.001975	0.000698	0.000698
992	31	31	62	0	P1	6	-0.002218	-0.002218	-0.000652	-0.000652
992	31	31	62	0	P50	7	-0.001624	-0.001705	-0.000057	-0.000138
992	31	31	62	0	P75	7	-0.000406	-0.000406	0.001163	0.001163
992	31	31	62	0	P90	8	-0.001207	-0.001207	0.000361	0.000361
992	31	31	62	0	P95	8	-0.000086	-0.000086	0.001483	0.001483
992	31	31	62	0	P99	8	0.001036	0.001036	0.002607	0.002607
992	31	31	62	0	P999	8	0.001036	0.001036	0.002607	0.002607
993	31	31	62	0	P1	6	-0.002678	-0.002678	-0.001112	-0.001112
993	31	31	62	0	P50	7	-0.002649	-0.002769	-0.001084	-0.001204
993	31	31	62	0	P75	7	-0.000844	-0.000844	0.000725	0.000725
993	31	31	62	0	P90	8	-0.001767	-0.001767	-0.000200	-0.000200
993	31	31	62	0	P95	8	-0.000366	-0.000366	0.001203	0.001203
993	31	31	62	0	P99	8	0.001036	0.001036	0.002607	0.002607
993	31	31	62	0	P999	8	0.001036	0.001036	0.002607	0.002607
994	31	31	62	0	P1	6	-0.002633	-0.002633	-0.001067	-0.001067
994	31	31	62	0	P50	7	-0.002393	-0.002489	-0.000827	-0.000923
994	31	31	62	0	P75	7	-0.000958	-0.000958	0.000610	0.000610
994	31	31	62	0	P90	7	-0.000096	-0.000096	0.001474	0.001474
994	31	31	62	0	P95	8	-0.000833	-0.000833	0.000735	0.000735
994	31	31	62	0	P99	9	0.002871	0.002871	0.000698	0.000698
994	31	31	62	0	P999	9	0.002871	0.002871	0.000698	0.000698
995	31	31	62	1	P1	6	-0.001749	-0.001749	-0.001041	-0.001041
995	31	31	62	1	P50	7	-0.000112	-0.000282	-0.000674	-0.000767
995	31	31	62	1	P75	7	0.002781	0.002781	0.000728	0.000728
995	31	31	62	1	P90	7	0.004658	0.004658	0.001570	0.001570
995	31	31	62	1	P95	8	-0.002686	-0.002686	0.000735	0.000735
995	31	31	62	1	P99	8	0.001986	0.001986	0.002607	0.002607
995	31	31	62	1	P999	8	0.001986	0.001986	0.002607	0.002607
996	31	31	62	1	P1	6	-0.002981	-0.002981	-0.000963	-0.000963
996	31	31	62	1	P50	7	-0.000619	-0.000797	-0.000346	-0.000437
996	31	31	62	1	P75	7	0.002178	0.002178	0.001022	0.001022
996	31	31	62	1	P90	8	-0.001731	-0.001731	0.000268	0.000268
996	31	31	62	1	P95	8	-0.000330	-0.000330	0.001671	0.001671
996	31	31	62	1	P99	9	0.002448	0.002448	0.000698	0.000698
996	31	31	62	1	P999	9	0.002448	0.002448	0.000698	0.000698
997	31	31	62	1	P1	5	0.003332	0.003332	0.001625	0.001625
997	31	31	62	1	P50	7	-0.001415	-0.001578	-0.000757	-0.000840
997	31	31	62	1	P75	7	0.001089	0.001089	0.000489	0.000489
997	31	31	62	1	P90	7	0.002621	0.002621	0.001237	0.001237
997	31	31	62	1	P95	7	0.003132	0.003132	0.001487	0.001487
997	31	31	62	1	P99	8	0.000605	0.000605	0.002607	0.002607
997	31	31	62	1	P999	8	0.000605	0.000605	0.002607	0.002607
998	31	31	62	1	P1	6	0.000945	0.000945	-0.000741	-0.000741
998	31	31	62	1	P50	533	-0.000344	-0.981206	0.001257	-0.981168
998	31	31	62	1	P75	2722	0.002713	0.002713	0.000407	0.000407
998	31	31	62	1	P90	3090	0.003013	0.003013	0.000694	0.000694
998	31	31	62	1	P95	3274	0.001243	0.001243	0.002663	0.002663
998	31	31	62	1	P99	7041	0.001866	0.001866	0.003209	0.003209
998	31	31	62	1	P999	7041	0.001866	0.001866	0.003209	0.003209
999	31	31	62	1	P1	570	0.002932	0.002932	0.001426	0.001426
999	31	31	62	1	P50	2572	-0.000807	-0.002674	0.001021	-0.002713
999	31	31	62	1	P75	2808	0.004890	0.004890	0.002948	0.002948
999	31	31	62	1	P90	3229	-0.000219	-0.000219	0.001549	0.001549
999	31	31	62	1	P95	4734	0.002300	0.002300	0.000222	0.000222
999	31	31	62	1	P99	8818	0.000943	0.000943	0.002440	0.002440
999	31	31	62	1	P999	8818	0.000943	0.000943	0.002440	0.002440
1000	31	31	62	1	P1	6	0.001086	0.001086	-0.000741	-0.000741
1000	31	31	62	1	P50	402	0.001600	-0.980085	0.002983	-0.980048
1000	31	31	62	1	P75	704	0.002040	0.002040	0.003352	0.003352
1000	31	31	62	1	P90	1171	0.001631	0.001631	0.002878	0.002878
1000	31	31	62	1	P95	1306	0.000934	0.000934	0.002167	0.002167
1000	31	31	62	1	P99	2317	-0.000390	-0.000390	0.000769	0.000769
1000	31	31	62	1	P999	2317	-0.000390	-0.000390	0.000769	0.000769
1001	31	31	62	1	P1	6	-0.003095	-0.003095	-0.001078	-0.001078
1001	31	31	62	1	P50	7	-0.001479	-0.001686	-0.000781	-0.000888
1001	31	31	62	1	P75	7	0.001759	0.001759	0.000821	0.000821
1001	31	31	62	1	P90	8	-0.002197	-0.002197	-0.000200	-0.000200
1001	31	31	62	1	P95	8	-0.000797	-0.000797	0.001203	0.001203
1001	31	31	62	1	P99	8	0.000605	0.000605	0.002607	0.002607
1001	31	31	62	1	P999	8	0.000605	0.000605	0.002607	0.002607
1002	31	31	62	1	P1	6	-0.001989	-0.001989	-0.000341	-0.000341
1002	31	31	62	1	P50	7	0.003685	0.003551	0.001570	0.001436
1002	31	31	62	1	P75	4137	-0.000273	-0.000273	0.000455	0.000455
1002	31	31	62	1	P90	4936	0.002593	0.002593	0.003298	0.003298
1002	31	31	62	1	P95	5409	0.000805	0.000805	0.001496	0.001496
1002	31	31	62	1	P99	10666	0.002216	0.002216	0.002811	0.002811
1002	31	31	62	1	P999	10666	0.002216	0.002216	0.002811	0.002811
1003	31	31	62	1	P1	6	-0.001868	-0.001868	-0.001041	-0.001041
1003	31	31	62	1	P50	7	-0.001268	-0.001375	-0.000461	-0.000567
1003	31	31	62	1	P75	7	0.000334	0.000334	0.001142	0.001142
1003	31	31	62	1	P90	15	0.001267	0.001267	0.001975	0.001975
1003	31	31	62	1	P95	394	0.004123	0.004123	0.000652	0.000652
1003	31	31	62	1	P99	427	0.002192	0.002192	0.002457	0.002457
1003	31	31	62	1	P999	427	0.002192	0.002192	0.002457	0.002457
1004	31	31	62	1	P1	6	-0.001595	-0.001595	-0.000741	-0.000741
1004	31	31	62	1	P50	8	-0.000083	-0.001017	0.000735	-0.000200
1004	31	31	62	1	P75	231	-0.000334	-0.000334	0.000056	0.000056
1004	31	31	62	1	P90	270	0.000677	0.000677	0.001047	0.001047
1004	31	31	62	1	P95	277	0.001251	0.001251	0.001618	0.001618
1004	31	31	62	1	P99	381	0.000236	0.000236	0.000562	0.000562
1004	31	31	62	1	P999	381	0.000236	0.000236	0.000562	0.000562
1005	31	31	62	0	P1	6	-0.002529	-0.002529	-0.000963	-0.000963
1005	31	31	62	0	P50	7	-0.001867	-0.001961	-0.000300	-0.000394
1005	31	31	62	0	P75	7	-0.000467	-0.000467	0.001102	0.001102
1005	31	31	62	0	P90	8	-0.000567	-0.000567	0.001002	0.001002
1005	31	31	62	0	P95	8	0.001036	0.001036	0.002607	0.002607
1005	31	31	62	0	P99	71	0.000768	0.000768	0.002338	0.002338
1005	31	31	62	0	P999	71	0.000768	0.000768	0.002338	0.002338
1006	31	31	62	0	P1	6	-0.002467	-0.002467	-0.000901	-0.000901
1006	31	31	62	0	P50	7	-0.001867	-0.001952	-0.000300	-0.000385
1006	31	31	62	0	P75	7	-0.000594	-0.000594	0.000974	0.000974
1006	31	31	62	0	P90	8	-0.001767	-0.001767	-0.000200	-0.000200
1006	31	31	62	0	P95	8	-0.000366	-0.000366	0.001203	0.001203
1006	31	31	62	0	P99	8	0.001036	0.001036	0.002607	0.002607
1006	31	31	62	0	P999	8	0.001036	0.001036	0.002607	0.002607
1007	31	31	62	1	P1	6	-0.001727	-0.001727	-0.000808	-0.000808
1007	31	31	62	1	P50	161	0.001911	0.000040	0.002228	0.000356
1007	31	31	62	1	P75	175	0.004527	0.004527	0.001079	0.001079
1007	31	31	62	1	P90	208	0.003749	0.003749	0.000273	0.000273
1007	31	31	62	1	P95	232	-0.000775	-0.000775	0.003218	0.003218
1007	31	31	62	1	P99	311	0.001524	0.001524	0.001719	0.001719
1007	31	31	62	1	P999	311	0.001524	0.001524	0.001719	0.001719
1008	31	31	62	1	P1	6	-0.002092	-0.002092	-0.000808	-0.000808
1008	31	31	62	1	P50	7	-0.000125	-0.000263	0.001154	0.001015
1008	31	31	62	1	P75	161	0.001106	0.001106	0.002228	0.002228
1008	31	31	62	1	P90	193	0.002994	0.002994	0.000362	0.000362
1008	31	31	62	1	P95	224	-0.000179	-0.000179	0.000925	0.000925
1008	31	31	62	1	P99	366	0.002272	0.002272	0.003354	0.003354
1008	31	31	62	1	P999	366	0.002272	0.002272	0.003354	0.003354
1009	31	31	62	1	P1	6	-0.001232	-0.001232	-0.000963	-0.000963
1009	31	31	62	1	P50	7	-0.000579	-0.000670	-0.000346	-0.000437
1009	31	31	62	1	P75	7	0.000789	0.000789	0.001022	0.001022
1009	31	31	62	1	P90	8	-0.003200	-0.003200	0.000468	0.000468
1009	31	31	62	1	P95	8	-0.001335	-0.001335	0.002072	0.002072
1009	31	31	62	1	P99	19	0.004825	0.004825	0.001076	0.001076
1009	31	31	62	1	P999	19	0.004825	0.004825	0.001076	0.001076
1010	31	31	62	1	P1	6	0.001667	0.001667	-0.000652	-0.000652
1010	31	31	62	1	P50	370	-0.000575	-0.040844	0.003699	-0.040328
1010	31	31	62	1	P75	2670	0.000905	0.000905	0.001006	0.001006
1010	31	31	62	1	P90	3340	0.001339	0.001339	0.001392	0.001392
1010	31	31	62	1	P95	4049	-0.000483	-0.000483	0.003271	0.003271
1010	31	31	62	1	P99	5063	0.000354	0.000354	0.000317	0.000317
1010	31	31	62	1	P999	5063	0.000354	0.000354	0.000317	0.000317
1011	31	31	62	0	P1	6	-0.002467	-0.002467	-0.000901	-0.000901
1011	31	31	62	0	P50	7	-0.000163	-0.000325	0.001407	0.001244
1011	31	31	62	0	P75	200	0.000546	0.000546	0.002116	0.002116
1011	31	31	62	0	P90	249	0.001952	0.001952	0.003524	0.003524
1011	31	31	62	0	P95	295	0.000636	0.000636	0.002206	0.002206
1011	31	31	62	0	P99	419	0.001109	0.001109	0.002681	0.002681
1011	31	31	62	0	P999	419	0.001109	0.001109	0.002681	0.002681
1012	31	31	62	0	P1	6	-0.002307	-0.002307	-0.000741	-0.000741
1012	31	31	62	0	P50	7	-0.001705	-0.001786	-0.000138	-0.000219
1012	31	31	62	0	P75	7	-0.000487	-0.000487	0.001082	0.001082
1012	31	31	62	0	P90	8	-0.001100	-0.001100	0.000468	0.000468
1012	31	31	62	0	P95	8	0.000501	0.000501	0.002072	0.002072
1012	31	31	62	0	P99	14	0.002116	0.002116	0.003689	0.003689
1012	31	31	62	0	P999	14	0.002116	0.002116	0.003689	0.003689
1013	31	31	62	1	P1	6	-0.001218	-0.001218	-0.000341	-0.000341
1013	31	31	62	1	P50	315	0.003506	-0.280515	0.000152	-0.280205
1013	31	31	62	1	P75	1602	-0.000459	-0.000459	0.003474	0.003474
1013	31	31	62	1	P90	1931	-0.000323	-0.000323	0.001714	0.001714
1013	31	31	62	1	P95	2472	-0.000577	-0.000577	0.003303	0.003303
1013	31	31	62	1	P99	4311	0.000306	0.000306	0.000374	0.000374
1013	31	31	62	1	P999	4311	0.000306	0.000306	0.000374	0.000374
1014	31	31	62	1	P1	6	-0.001942	-0.001942	-0.000935	-0.000935
1014	31	31	62	1	P50	8	0.000094	-0.000653	0.001109	0.000361
1014	31	31	62	1	P75	205	-0.000388	-0.000388	0.003593	0.003593
1014	31	31	62	1	P90	243	0.001549	0.001549	0.001745	0.001745
1014	31	31	62	1	P95	283	-0.001282	-0.001282	0.002618	0.002618
1014	31	31	62	1	P99	439	0.000850	0.000850	0.000904	0.000904
1014	31	31	62	1	P999	439	0.000850	0.000850	0.000904	0.000904
1015	31	31	62	1	P1	6	-0.001671	-0.001671	-0.000963	-0.000963
1015	31	31	62	1	P50	7	0.000568	0.000398	-0.000346	-0.000437
1015	31	31	62	1	P75	7	0.003472	0.003472	0.001022	0.001022
1015	31	31	62	1	P90	8	-0.003246	-0.003246	0.000468	0.000468
1015	31	31	62	1	P95	8	0.000114	0.000114	0.002072	0.002072
1015	31	31	62	1	P99	68	0.000685	0.000685	0.000653	0.000653
1015	31	31	62	1	P999	68	0.000685	0.000685	0.000653	0.000653
1016	31	31	62	1	P1	6	-0.002953	-0.002953	-0.000935	-0.000935
1016	31	31	62	1	P50	7	-0.000441	-0.000619	-0.000425	-0.000508
1016	31	31	62	1	P75	7	0.001897	0.001897	0.000821	0.000821
1016	31	31	62	1	P90	7	0.003302	0.003302	0.001570	0.001570
1016	31	31	62	1	P95	8	-0.001264	-0.001264	0.000735	0.000735
1016	31	31	62	1	P99	8	0.000605	0.000605	0.002607	0.002607
1016	31	31	62	1	P999	8	0.000605	0.000605	0.002607	0.002607
1017	31	31	62	1	P1	6	-0.001232	-0.001232	-0.000963	-0.000963
1017	31	31	62	1	P50	7	0.000589	0.000439	0.000821	0.000672
1017	31	31	62	1	P75	284	-0.000286	-0.000286	0.002830	0.002830
1017	31	31	62	1	P90	568	0.001991	0.001991	0.001202	0.001202
1017	31	31	62	1	P95	606	0.000791	0.000791	0.003733	0.003733
1017	31	31	62	1	P99	791	-0.000170	-0.000170	0.002707	0.002707
1017	31	31	62	1	P999	791	-0.000170	-0.000170	0.002707	0.002707
1018	31	31	62	0	P1	6	-0.002529	-0.002529	-0.000963	-0.000963
1018	31	31	62	0	P50	7	-0.001867	-0.001961	-0.000300	-0.000394
1018	31	31	62	0	P75	7	-0.000467	-0.000467	0.001102	0.001102
1018	31	31	62	0	P90	8	-0.000567	-0.000567	0.001002	0.001002
1018	31	31	62	0	P95	8	0.001036	0.001036	0.002607	0.002607
1018	31	31	62	0	P99	224	0.003098	0.003098	0.000925	0.000925
1018	31	31	62	0	P999	224	0.003098	0.003098	0.000925	0.000925
1019	31	31	62	0	P1	6	-0.002425	-0.002425	-0.000860	-0.000860
1019	31	31	62	0	P50	7	-0.001782	-0.001867	-0.000216	-0.000300
1019	31	31	62	0	P75	7	-0.000510	-0.000510	0.001059	0.001059
1019	31	31	62	0	P90	8	0.001036	0.001036	0.002607	0.002607
1019	31	31	62	0	P95	12	0.003013	0.003013	0.000839	0.000839
1019	31	31	62	0	P99	154	0.000253	0.000253	0.001823	0.001823
1019	31	31	62	0	P999	154	0.000253	0.000253	0.001823	0.001823
1020	31	31	62	0	P1	6	-0.002573	-0.002573	-0.001008	-0.001008
1020	31	31	62	0	P50	7	-0.001965	-0.002064	-0.000399	-0.000497
1020	31	31	62	0	P75	7	-0.000492	-0.000492	0.001077	0.001077
1020	31	31	62	0	P90	8	-0.001207	-0.001207	0.000361	0.000361
1020	31	31	62	0	P95	8	-0.000086	-0.000086	0.001483	0.001483
1020	31	31	62	0	P99	8	0.001036	0.001036	0.002607	0.002607
1020	31	31	62	0	P999	8	0.001036	0.001036	0.002607	0.002607
1021	31	31	62	1	P1	6	-0.002759	-0.002759	-0.000741	-0.000741
1021	31	31	62	1	P50	7	-0.000085	-0.000263	-0.000046	-0.000131
1021	31	31	62	1	P75	7	0.002588	0.002588	0.001229	0.001229
1021	31	31	62	1	P90	8	-0.000797	-0.000797	0.001203	0.001203
1021	31	31	62	1	P95	8	0.000605	0.000605	0.002607	0.002607
1021	31	31	62	1	P99	20	0.003931	0.003931	0.002116	0.002116
1021	31	31	62	1	P999	20	0.003931	0.003931	0.002116	0.002116
1022	31	31	62	0	P1	6	-0.002425	-0.002425	-0.000860	-0.000860
1022	31	31	62	0	P50	7	-0.001907	-0.001986	-0.000340	-0.000420
1022	31	31	62	0	P75	7	-0.000716	-0.000716	0.000853	0.000853
1022	31	31	62	0	P90	7	-0.000000	-0.000000	0.001570	0.001570
1022	31	31	62	0	P95	8	-0.000460	-0.000460	0.001109	0.001109
1022	31	31	62	0	P99	9	0.002871	0.002871	0.000698	0.000698
1022	31	31	62	0	P999	9	0.002871	0.002871	0.000698	0.000698
1023	31	31	62	1	P1	6	-0.002878	-0.002878	-0.000860	-0.000860
1023	31	31	62	1	P50	7	-0.000244	-0.000441	-0.000073	-0.000164
1023	31	31	62	1	P75	7	0.002710	0.002710	0.001296	0.001296
1023	31	31	62	1	P90	8	-0.000642	-0.000642	0.001359	0.001359
1023	31	31	62	1	P95	8	0.000605	0.000605	0.002607	0.002607
1023	31	31	62	1	P99	10	0.001757	0.001757	0.003745	0.003745
1023	31	31	62	1	P999	10	0.001757	0.001757	0.003745	0.003745
1024	31	104	135	1	P1	7	-0.002383	-0.002383	-0.001998	-0.001998
1024	31	104	135	1	P50	2430	0.002563	0.002563	0.001745	0.001745
1024	31	104	135	1	P75	3178	-0.000351	-0.000351	0.000648	0.000648
1024	31	104	135	1	P90	3624	-0.000821	-0.000821	0.001085	0.001085
1024	31	104	135	1	P95	4065	0.000244	0.000244	0.003065	0.003065
1024	31	104	135	1	P99	6066	0.000002	0.000002	0.002740	0.002740
1024	31	104	135	1	P999	6970	-0.000580	-0.000580	0.002128	0.002128
1025	31	31	62	1	P1	600	-0.000170	-0.000170	0.002466	0.002466
1025	31	31	62	1	P50	2991	0.001098	-0.035641	0.001485	-0.037060
1025	31	31	62	1	P75	3604	0.001604	0.001604	0.000077	0.000077
1025	31	31	62	1	P90	4375	0.002162	0.002162	0.000589	0.000589
1025	31	31	62	1	P95	4701	0.001330	0.001330	0.003485	0.003485
1025	31	31	62	1	P99	6992	0.000655	0.000655	0.002716	0.002716
1025	31	31	62	1	P999	6992	0.000655	0.000655	0.002716	0.002716
1026	31	31	62	1	P1	561	0.002281	0.002281	0.002391	0.002391
1026	31	31	62	1	P50	3140	0.001435	-0.033504	0.001464	-0.033475
1026	31	31	62	1	P75	3413	0.002176	0.002176	0.002201	0.002201
1026	31	31	62	1	P90	3750	0.001464	0.001464	0.001484	0.001484
1026	31	31	62	1	P95	4408	0.000538	0.000538	0.000550	0.000550
1026	31	31	62	1	P99	6088	0.002861	0.002861	0.002858	0.002858
1026	31	31	62	1	P999	6088	0.002861	0.002861	0.002858	0.002858
1027	31	31	62	1	P1	6	-0.002362	-0.002362	-0.000741	-0.000741
1027	31	31	62	1	P50	2145	0.002380	-0.016183	0.003148	-0.015427
1027	31	31	62	1	P75	7868	-0.000025	-0.000025	0.000552	0.000552
1027	31	31	62	1	P90	12554	0.000053	0.000053	0.000562	0.000562
1027	31	31	62	1	P95	13320	0.000642	0.000642	0.001142	0.001142
1027	31	31	62	1	P99	21350	-0.000092	-0.000092	0.000340	0.000340
1027	31	31	62	1	P999	21350	-0.000092	-0.000092	0.000340	0.000340
1028	31	31	62	1	P1	6	-0.002150	-0.002150	-0.000935	-0.000935
1028	31	31	62	1	P50	7	0.000060	-0.000102	-0.000255	-0.000346
1028	31	31	62	1	P75	7	0.003090	0.003090	0.001113	0.001113
1028	31	31	62	1	P90	8	-0.000153	-0.000153	0.001002	0.001002
1028	31	31	62	1	P95	8	0.001451	0.001451	0.002607	0.002607
1028	31	31	62	1	P99	2030	0.002224	0.002224	0.002180	0.002180
1028	31	31	62	1	P999	2030	0.002224	0.002224	0.002180	0.002180
1029	31	31	62	1	P1	6	-0.002461	-0.002461	0.000594	0.000594
1029	31	31	62	1	P50	1412	0.003361	-0.004112	0.002627	-0.004841
1029	31	31	62	1	P75	2072	0.004874	0.004874	0.000388	0.000388
1029	31	31	62	1	P90	2573	0.001370	0.001370	0.000632	0.000632
1029	31	31	62	1	P95	2809	0.003331	0.003331	0.002591	0.002591
1029	31	31	62	1	P99	3858	-0.000003	-0.000003	0.002998	0.002998
1029	31	31	62	1	P999	3858	-0.000003	-0.000003	0.002998	0.002998
1030	31	31	62	1	P1	6	-0.001203	-0.001203	-0.000935	-0.000935
1030	31	31	62	1	P50	7	-0.000440	-0.000533	-0.000207	-0.000300
1030	31	31	62	1	P75	7	0.000963	0.000963	0.001195	0.001195
1030	31	31	62	1	P90	8	0.002406	0.002406	0.002607	0.002607
1030	31	31	62	1	P95	11	0.001751	0.001751	0.001879	0.001879
1030	31	31	62	1	P99	2236	0.000079	0.000079	0.002715	0.002715
1030	31	31	62	1	P999	2236	0.000079	0.000079	0.002715	0.002715
1031	31	31	62	1	P1	6	-0.003043	-0.003043	-0.001026	-0.001026
1031	31	31	62	1	P50	7	-0.001153	-0.001330	-0.000184	-0.000300
1031	31	31	62	1	P75	7	0.003302	0.003302	0.001570	0.001570
1031	31	31	62	1	P90	353	0.004171	0.004171	0.002136	0.002136
1031	31	31	62	1	P95	565	0.001087	0.001087	0.002763	0.002763
1031	31	31	62	1	P99	812	0.001022	0.001022	0.002671	0.002671
1031	31	31	62	1	P999	812	0.001022	0.001022	0.002671	0.002671
1032	31	31	62	1	P1	6	-0.002080	-0.002080	-0.000528	-0.000528
1032	31	31	62	1	P50	9	0.002886	-0.110177	0.000698	-0.108794
1032	31	31	62	1	P75	281	0.000686	0.000686	0.002234	0.002234
1032	31	31	62	1	P90	355	0.002418	0.002418	0.000222	0.000222
1032	31	31	62	1	P95	404	0.000209	0.000209	0.001755	0.001755
1032	31	31	62	1	P99	713	0.000314	0.000314	0.001859	0.001859
1032	31	31	62	1	P999	713	0.000314	0.000314	0.001859	0.001859
1033	31	31	62	1	P1	6	-0.001294	-0.001294	-0.001026	-0.001026
1033	31	31	62	1	P50	7	-0.000533	-0.000643	-0.000300	-0.000410
1033	31	31	62	1	P75	7	0.001117	0.001117	0.001350	0.001350
1033	31	31	62	1	P90	8	0.001469	0.001469	0.002139	0.002139
1033	31	31	62	1	P95	11	0.001751	0.001751	0.001879	0.001879
1033	31	31	62	1	P99	424	-0.000990	-0.000990	0.002030	0.002030
1033	31	31	62	1	P999	424	-0.000990	-0.000990	0.002030	0.002030
1034	31	31	62	1	P1	6	-0.001169	-0.001169	-0.000901	-0.000901
1034	31	31	62	1	P50	7	-0.000180	-0.000281	0.000053	-0.000048
1034	31	31	62	1	P75	7	0.001337	0.001337	0.001570	0.001570
1034	31	31	62	1	P90	8	0.000266	0.000266	0.001455	0.001455
1034	31	31	62	1	P95	8	0.001870	0.001870	0.002319	0.002319
1034	31	31	62	1	P99	1217	0.002692	0.002692	0.001725	0.001725
1034	31	31	62	1	P999	1217	0.002692	0.002692	0.001725	0.001725
1035	31	31	62	0	P1	6	-0.002374	-0.002374	-0.000808	-0.000808
1035	31	31	62	0	P50	7	-0.001601	-0.001690	-0.000034	-0.000122
1035	31	31	62	0	P75	7	-0.000267	-0.000267	0.001302	0.001302
1035	31	31	62	0	P90	8	0.000501	0.000501	0.002072	0.002072
1035	31	31	62	0	P95	160	0.003154	0.003154	0.000980	0.000980
1035	31	31	62	0	P99	193	0.002534	0.002534	0.000362	0.000362
1035	31	31	62	0	P999	193	0.002534	0.002534	0.000362	0.000362
1036	31	31	62	1	P1	6	-0.001203	-0.001203	-0.000935	-0.000935
1036	31	31	62	1	P50	7	-0.000488	-0.000579	-0.000255	-0.000346
1036	31	31	62	1	P75	7	0.000881	0.000881	0.001113	0.001113
1036	31	31	62	1	P90	8	-0.002934	-0.002934	0.000527	0.000527
1036	31	31	62	1	P95	8	-0.001335	-0.001335	0.001775	0.001775
1036	31	31	62	1	P99	10	-0.000150	-0.000150	0.003745	0.003745
1036	31	31	62	1	P999	10	-0.000150	-0.000150	0.003745	0.003745
1037	31	31	62	1	P1	6	-0.003025	-0.003025	-0.001008	-0.001008
1037	31	31	62	1	P50	7	-0.000815	-0.001001	-0.000399	-0.000497
1037	31	31	62	1	P75	7	0.002261	0.002261	0.001077	0.001077
1037	31	31	62	1	P90	8	-0.001264	-0.001264	0.000735	0.000735
1037	31	31	62	1	P95	8	0.000137	0.000137	0.002139	0.002139
1037	31	31	62	1	P99	13	0.001070	0.001070	0.003036	0.003036
1037	31	31	62	1	P999	13	0.001070	0.001070	0.003036	0.003036
1038	31	31	62	1	P1	6	0.002140	0.002140	0.002466	0.002466
1038	31	31	62	1	P50	552	0.000549	-0.346670	0.003616	-0.344606
1038	31	31	62	1	P75	1035	0.000058	0.000058	0.001110	0.001110
1038	31	31	62	1	P90	1217	-0.001161	-0.001161	0.001725	0.001725
1038	31	31	62	1	P95	1402	-0.000598	-0.000598	0.000386	0.000386
1038	31	31	62	1	P99	2002	0.002081	0.002081	0.001115	0.001115
1038	31	31	62	1	P999	2002	0.002081	0.002081	0.001115	0.001115
1039	31	31	62	1	P1	6	0.001785	0.001785	-0.000029	-0.000029
1039	31	31	62	1	P50	540	0.001795	-0.975897	0.003165	-0.975853
1039	31	31	62	1	P75	1342	-0.000117	-0.000117	0.001139	0.001139
1039	31	31	62	1	P90	1542	-0.000714	-0.000714	0.000524	0.000524
1039	31	31	62	1	P95	1667	-0.000152	-0.000152	0.001076	0.001076
1039	31	31	62	1	P99	2178	0.001634	0.001634	0.002831	0.002831
1039	31	31	62	1	P999	2178	0.001634	0.001634	0.002831	0.002831
1040	31	31	62	1	P1	6	-0.001009	-0.001009	-0.000741	-0.000741
1040	31	31	62	1	P50	8	-0.002934	-0.003467	-0.000255	-0.000474
1040	31	31	62	1	P75	9	-0.002145	-0.002145	-0.002358	-0.002358
1040	31	31	62	1	P90	9	0.004271	0.004271	0.000698	0.000698
1040	31	31	62	1	P95	10	0.003595	0.003595	0.003745	0.003745
1040	31	31	62	1	P99	133	-0.000643	-0.000643	0.002648	0.002648
1040	31	31	62	1	P999	133	-0.000643	-0.000643	0.002648	0.002648
1041	31	31	62	0	P1	6	-0.002425	-0.002425	-0.000860	-0.000860
1041	31	31	62	0	P50	7	-0.001132	-0.001245	0.000436	0.000323
1041	31	31	62	0	P75	8	-0.001264	-0.001264	0.000304	0.000304
1041	31	31	62	0	P90	9	0.000375	0.000375	-0.001793	-0.001793
1041	31	31	62	0	P95	13	0.001464	0.001464	0.003036	0.003036
1041	31	31	62	0	P99	868	0.001692	0.001692	0.003264	0.003264
1041	31	31	62	0	P999	868	0.001692	0.001692	0.003264	0.003264
1042	31	31	62	0	P1	6	-0.003483	-0.003483	-0.001026	-0.001026
1042	31	31	62	0	P50	7	0.000922	0.000815	-0.000354	-0.000461
1042	31	31	62	0	P75	7	0.002527	0.002527	0.001249	0.001249
1042	31	31	62	0	P90	8	-0.000393	-0.000393	0.002072	0.002072
1042	31	31	62	0	P95	9	0.000727	0.000727	-0.000548	-0.000548
1042	31	31	62	0	P99	28	0.003339	0.003339	0.002060	0.002060
1042	31	31	62	0	P999	28	0.003339	0.003339	0.002060	0.002060
1043	31	31	62	1	P1	6	-0.002446	-0.002446	-0.000987	-0.000987
1043	31	31	62	1	P50	7	-0.000623	-0.000793	-0.000394	-0.000487
1043	31	31	62	1	P75	7	0.002381	0.002381	0.001008	0.001008
1043	31	31	62	1	P90	8	-0.001392	-0.001392	0.000268	0.000268
1043	31	31	62	1	P95	8	0.000009	0.000009	0.001671	0.001671
1043	31	31	62	1	P99	9	-0.000943	-0.000943	0.000698	0.000698
1043	31	31	62	1	P999	9	-0.000943	-0.000943	0.000698	0.000698
1044	31	31	62	0	P1	6	-0.003545	-0.003545	-0.001088	-0.001088
1044	31	31	62	0	P50	7	0.000425	0.000315	-0.000850	-0.000960
1044	31	31	62	0	P75	7	0.002076	0.002076	0.000799	0.000799
1044	31	31	62	0	P90	8	-0.002526	-0.002526	-0.000066	-0.000066
1044	31	31	62	0	P95	8	-0.000926	-0.000926	0.001537	0.001537
1044	31	31	62	0	P99	11	0.003157	0.003157	0.001879	0.001879
1044	31	31	62	0	P999	11	0.003157	0.003157	0.001879	0.001879
1045	31	31	62	1	P1	6	-0.002315	-0.002315	-0.001088	-0.001088
1045	31	31	62	1	P50	7	-0.002068	-0.002178	-0.000850	-0.000960
1045	31	31	62	1	P75	7	-0.000421	-0.000421	0.000799	0.000799
1045	31	31	62	1	P90	8	-0.001277	-0.001277	-0.000066	-0.000066
1045	31	31	62	1	P95	8	0.000324	0.000324	0.001537	0.001537
1045	31	31	62	1	P99	12	-0.000349	-0.000349	0.000839	0.000839
1045	31	31	62	1	P999	12	-0.000349	-0.000349	0.000839	0.000839
1046	31	31	62	1	P1	6	0.001041	0.001041	-0.000741	-0.000741
1046	31	31	62	1	P50	403	0.002778	-0.977611	0.000494	-0.977652
1046	31	31	62	1	P75	1635	0.000477	0.000477	0.001770	0.001770
1046	31	31	62	1	P90	1909	0.000684	0.000684	0.000088	0.000088
1046	31	31	62	1	P95	2068	0.001058	0.001058	0.002323	0.002323
1046	31	31	62	1	P99	2792	-0.000047	-0.000047	0.001182	0.001182
1046	31	31	62	1	P999	2792	-0.000047	-0.000047	0.001182	0.001182
1047	31	31	62	1	P1	6	-0.002981	-0.002981	-0.000963	-0.000963
1047	31	31	62	1	P50	7	-0.000208	-0.000441	-0.000034	-0.000140
1047	31	31	62	1	P75	7	0.003302	0.003302	0.001570	0.001570
1047	31	31	62	1	P90	10	-0.000113	-0.000113	0.001871	0.001871
1047	31	31	62	1	P95	12	0.002612	0.002612	0.000839	0.000839
1047	31	31	62	1	P99	130	0.001246	0.001246	0.003036	0.003036
1047	31	31	62	1	P999	130	0.001246	0.001246	0.003036	0.003036
1048	31	31	62	1	P1	6	-0.002981	-0.002981	-0.000963	-0.000963
1048	31	31	62	1	P50	7	-0.000441	-0.000628	-0.000093	-0.000197
1048	31	31	62	1	P75	7	0.003068	0.003068	0.001466	0.001466
1048	31	31	62	1	P90	8	0.000605	0.000605	0.002607	0.002607
1048	31	31	62	1	P95	9	0.000950	0.000950	-0.000797	-0.000797
1048	31	31	62	1	P99	15	0.003767	0.003767	0.001975	0.001975
1048	31	31	62	1	P999	15	0.003767	0.003767	0.001975	0.001975
1049	31	31	62	1	P1	6	-0.002981	-0.002981	-0.000963	-0.000963
1049	31	31	62	1	P50	7	-0.000441	-0.000628	-0.000202	-0.000300
1049	31	31	62	1	P75	7	0.002678	0.002678	0.001274	0.001274
1049	31	31	62	1	P90	8	-0.000642	-0.000642	0.001359	0.001359
1049	31	31	62	1	P95	8	0.000605	0.000605	0.002607	0.002607
1049	31	31	62	1	P99	82	0.002259	0.002259	0.000339	0.000339
1049	31	31	62	1	P999	82	0.002259	0.002259	0.000339	0.000339
1050	31	31	62	1	P1	6	-0.002649	-0.002649	-0.001041	-0.001041
1050	31	31	62	1	P50	7	-0.000909	-0.001086	-0.000553	-0.000654
1050	31	31	62	1	P75	7	0.002320	0.002320	0.000963	0.000963
1050	31	31	62	1	P90	8	-0.001099	-0.001099	0.000468	0.000468
1050	31	31	62	1	P95	8	0.000502	0.000502	0.002072	0.002072
1050	31	31	62	1	P99	78	0.004273	0.004273	0.001757	0.001757
1050	31	31	62	1	P999	78	0.004273	0.004273	0.001757	0.001757
1051	31	31	62	1	P1	6	-0.002094	-0.002094	-0.000860	-0.000860
1051	31	31	62	1	P50	2931	0.000321	-0.997267	0.001190	-0.997263
1051	31	31	62	1	P75	3999	-0.000110	-0.000110	0.000740	0.000740
1051	31	31	62	1	P90	5369	0.000609	0.000609	0.001443	0.001443
1051	31	31	62	1	P95	6251	0.001776	0.001776	0.002602	0.002602
1051	31	31	62	1	P99	16562	0.003076	0.003076	0.000099	0.000099
1051	31	31	62	1	P999	16562	0.003076	0.003076	0.000099	0.000099
1052	31	31	62	1	P1	6	-0.002269	-0.002269	-0.001097	-0.001097
1052	31	31	62	1	P50	7	0.001220	0.001091	-0.000923	-0.001036
1052	31	31	62	1	P75	7	0.003158	0.003158	0.000776	0.000776
1052	31	31	62	1	P90	8	-0.000490	-0.000490	0.000735	0.000735
1052	31	31	62	1	P95	1606	0.000837	0.000837	0.000975	0.000975
1052	31	31	62	1	P99	5162	0.003487	0.003487	0.003385	0.003385
1052	31	31	62	1	P999	5162	0.003487	0.003487	0.003385	0.003385
1053	31	31	62	0	P1	6	-0.002591	-0.002591	-0.001026	-0.001026
1053	31	31	62	0	P50	7	-0.002018	-0.002119	-0.000452	-0.000553
1053	31	31	62	0	P75	7	-0.000505	-0.000505	0.001064	0.001064
1053	31	31	62	0	P90	8	-0.000567	-0.000567	0.001002	0.001002
1053	31	31	62	0	P95	8	0.001036	0.001036	0.002607	0.002607
1053	31	31	62	0	P99	9	0.002871	0.002871	0.000698	0.000698
1053	31	31	62	0	P999	9	0.002871	0.002871	0.000698	0.000698
1054	31	31	62	0	P1	6	-0.002633	-0.002633	-0.001067	-0.001067
1054	31	31	62	0	P50	7	-0.002240	-0.002347	-0.000674	-0.000781
1054	31	31	62	0	P75	7	-0.000641	-0.000641	0.000928	0.000928
1054	31	31	62	0	P90	8	-0.001456	-0.001456	0.000112	0.000112
1054	31	31	62	0	P95	8	-0.000211	-0.000211	0.001359	0.001359
1054	31	31	62	0	P99	8	0.001036	0.001036	0.002607	0.002607
1054	31	31	62	0	P999	8	0.001036	0.001036	0.002607	0.002607
1055	31	31	62	0	P1	6	-0.003562	-0.003562	-0.001105	-0.001105
1055	31	31	62	0	P50	7	0.000239	0.000125	-0.001036	-0.001149
1055	31	31	62	0	P75	7	0.001939	0.001939	0.000663	0.000663
1055	31	31	62	0	P90	8	-0.002969	-0.002969	-0.000511	-0.000511
1055	31	31	62	0	P95	8	-0.001104	-0.001104	0.001359	0.001359
1055	31	31	62	0	P99	1772	0.001075	0.001075	0.003544	0.003544
1055	31	31	62	0	P999	1772	0.001075	0.001075	0.003544	0.003544
1056	31	31	62	0	P1	6	-0.002573	-0.002573	-0.001008	-0.001008
1056	31	31	62	0	P50	7	-0.001965	-0.002064	-0.000399	-0.000497
1056	31	31	62	0	P75	7	-0.000492	-0.000492	0.001077	0.001077
1056	31	31	62	0	P90	16	0.003154	0.003154	0.000980	0.000980
1056	31	31	62	0	P95	960	0.001876	0.001876	0.003448	0.003448
1056	31	31	62	0	P99	1676	0.001600	0.001600	0.003172	0.003172
1056	31	31	62	0	P999	1676	0.001600	0.001600	0.003172	0.003172
1057	31	31	62	1	P1	251	0.003035	0.003035	0.002999	0.002999
1057	31	31	62	1	P50	3350	0.002530	-0.735091	0.002142	-0.735146
1057	31	31	62	1	P75	8291	0.001027	0.001027	0.000516	0.000516
1057	31	31	62	1	P90	9164	0.001854	0.001854	0.001330	0.001330
1057	31	31	62	1	P95	9935	-0.000420	-0.000420	0.002787	0.002787
1057	31	31	62	1	P99	11620	-0.000069	-0.000069	0.003119	0.003119
1057	31	31	62	1	P999	11620	-0.000069	-0.000069	0.003119	0.003119
1058	31	31	62	0	P1	6	-0.002662	-0.002662	-0.001097	-0.001097
1058	31	31	62	0	P50	7	-0.002525	-0.002635	-0.000960	-0.001070
1058	31	31	62	0	P75	7	-0.000879	-0.000879	0.000689	0.000689
1058	31	31	62	0	P90	8	-0.001767	-0.001767	-0.000200	-0.000200
1058	31	31	62	0	P95	8	0.001036	0.001036	0.002607	0.002607
1058	31	31	62	0	P99	14	0.002116	0.002116	0.003689	0.003689
1058	31	31	62	0	P999	14	0.002116	0.002116	0.003689	0.003689
1059	31	31	62	1	P1	6	-0.001340	-0.001340	-0.000341	-0.000341
1059	31	31	62	1	P50	612	0.000819	-0.977061	0.001351	-0.977040
1059	31	31	62	1	P75	2615	0.002750	0.002750	0.003135	0.003135
1059	31	31	62	1	P90	2966	0.000162	0.000162	0.000533	0.000533
1059	31	31	62	1	P95	3211	0.003042	0.003042	0.003406	0.003406
1059	31	31	62	1	P99	4773	0.002913	0.002913	0.003237	0.003237
1059	31	31	62	1	P999	4773	0.002913	0.002913	0.003237	0.003237
1060	31	31	62	0	P1	6	-0.002620	-0.002620	-0.001055	-0.001055
1060	31	31	62	0	P50	7	-0.002037	-0.002150	-0.000470	-0.000584
1060	31	31	62	0	P75	7	-0.000340	-0.000340	0.001229	0.001229
1060	31	31	62	0	P90	8	0.000101	0.000101	0.001671	0.001671
1060	31	31	62	0	P95	799	0.002289	0.002289	0.000117	0.000117
1060	31	31	62	0	P99	1415	0.002674	0.002674	0.000501	0.000501
1060	31	31	62	0	P999	1415	0.002674	0.002674	0.000501	0.000501
1061	31	31	62	1	P1	6	-0.002919	-0.002919	-0.000901	-0.000901
1061	31	31	62	1	P50	7	-0.000752	-0.000908	-0.000164	-0.000255
1061	31	31	62	1	P75	7	0.002420	0.002420	0.001205	0.001205
1061	31	31	62	1	P90	9	0.000576	0.000576	-0.001171	-0.001171
1061	31	31	62	1	P95	70	0.003480	0.003480	0.001570	0.001570
1061	31	31	62	1	P99	1121	0.003780	0.003780	0.001657	0.001657
1061	31	31	62	1	P999	1121	0.003780	0.003780	0.001657	0.001657
1062	31	31	62	1	P1	6	-0.003105	-0.003105	-0.001088	-0.001088
1062	31	31	62	1	P50	7	-0.002308	-0.002463	-0.001019	-0.001115
1062	31	31	62	1	P75	7	0.000306	0.000306	0.000418	0.000418
1062	31	31	62	1	P90	7	0.002553	0.002553	0.001282	0.001282
1062	31	31	62	1	P95	7	0.003302	0.003302	0.001570	0.001570
1062	31	31	62	1	P99	10	0.001757	0.001757	0.003745	0.003745
1062	31	31	62	1	P999	10	0.001757	0.001757	0.003745	0.003745
1063	31	31	62	1	P1	6	-0.003059	-0.003059	-0.001041	-0.001041
1063	31	31	62	1	P50	7	-0.000856	-0.001064	-0.000461	-0.000567
1063	31	31	62	1	P75	7	0.002420	0.002420	0.001142	0.001142
1063	31	31	62	1	P90	8	-0.000464	-0.000464	0.001537	0.001537
1063	31	31	62	1	P95	9	0.002448	0.002448	0.000698	0.000698
1063	31	31	62	1	P99	804	0.003452	0.003452	0.001355	0.001355
1063	31	31	62	1	P999	804	0.003452	0.003452	0.001355	0.001355
1064	31	31	62	0	P1	6	-0.002529	-0.002529	-0.000963	-0.000963
1064	31	31	62	0	P50	7	-0.001769	-0.001867	-0.000202	-0.000300
1064	31	31	62	0	P75	7	-0.000295	-0.000295	0.001274	0.001274
1064	31	31	62	0	P90	8	0.001036	0.001036	0.002607	0.002607
1064	31	31	62	0	P95	555	0.000359	0.000359	0.001929	0.001929
1064	31	31	62	0	P99	920	0.003321	0.003321	0.001147	0.001147
1064	31	31	62	0	P999	920	0.003321	0.003321	0.001147	0.001147
1065	31	31	62	1	P1	6	-0.002981	-0.002981	-0.000963	-0.000963
1065	31	31	62	1	P50	7	-0.000781	-0.000951	-0.000389	-0.000478
1065	31	31	62	1	P75	7	0.001991	0.001991	0.000946	0.000946
1065	31	31	62	1	P90	8	-0.001637	-0.001637	0.000361	0.000361
1065	31	31	62	1	P95	8	0.000605	0.000605	0.002607	0.002607
1065	31	31	62	1	P99	10	0.001757	0.001757	0.003745	0.003745
1065	31	31	62	1	P999	10	0.001757	0.001757	0.003745	0.003745
1066	31	31	62	1	P1	6	-0.001636	-0.001636	-0.000652	-0.000652
1066	31	31	62	1	P50	257	0.001207	-0.274063	0.001800	-0.273608
1066	31	31	62	1	P75	618	0.002309	0.002309	0.002812	0.002812
1066	31	31	62	1	P90	698	0.000203	0.000203	0.000692	0.000692
1066	31	31	62	1	P95	822	0.001170	0.001170	0.001642	0.001642
1066	31	31	62	1	P99	1754	0.002143	0.002143	0.002537	0.002537
1066	31	31	62	1	P999	1754	0.002143	0.002143	0.002537	0.002537
1067	31	31	62	1	P1	6	-0.003114	-0.003114	-0.001097	-0.001097
1067	31	31	62	1	P50	7	-0.001242	-0.001508	-0.000923	-0.001036
1067	31	31	62	1	P75	7	0.001922	0.001922	0.000776	0.000776
1067	31	31	62	1	P90	8	-0.002064	-0.002064	-0.000066	-0.000066
1067	31	31	62	1	P95	8	-0.000464	-0.000464	0.001537	0.001537
1067	31	31	62	1	P99	9	0.002448	0.002448	0.000698	0.000698
1067	31	31	62	1	P999	9	0.002448	0.002448	0.000698	0.000698
1068	31	31	62	1	P1	6	-0.002724	-0.002724	-0.000935	-0.000935
1068	31	31	62	1	P50	9	0.002695	-0.110359	0.000698	-0.108794
1068	31	31	62	1	P75	280	0.000715	0.000715	0.002060	0.002060
1068	31	31	62	1	P90	394	0.003091	0.003091	0.000652	0.000652
1068	31	31	62	1	P95	463	0.002464	0.002464	0.000008	0.000008
1068	31	31	62	1	P99	675	0.003058	0.003058	0.000557	0.000557
1068	31	31	62	1	P999	675	0.003058	0.003058	0.000557	0.000557
1069	31	31	62	0	P1	6	-0.002573	-0.002573	-0.001008	-0.001008
1069	31	31	62	0	P50	7	-0.002011	-0.002106	-0.000444	-0.000540
1069	31	31	62	0	P75	7	-0.000575	-0.000575	0.000994	0.000994
1069	31	31	62	0	P90	8	-0.000833	-0.000833	0.000735	0.000735
1069	31	31	62	0	P95	8	0.001036	0.001036	0.002607	0.002607
1069	31	31	62	0	P99	238	0.002279	0.002279	0.000107	0.000107
1069	31	31	62	0	P999	238	0.002279	0.002279	0.000107	0.000107
1070	31	31	62	1	P1	6	-0.001925	-0.001925	-0.000808	-0.000808
1070	31	31	62	1	P50	712	0.002530	-0.345337	0.003266	-0.344834
1070	31	31	62	1	P75	3301	0.001313	0.001313	0.001924	0.001924
1070	31	31	62	1	P90	6179	0.002412	0.002412	0.002974	0.002974
1070	31	31	62	1	P95	8670	0.000140	0.000140	0.000674	0.000674
1070	31	31	62	1	P99	18734	-0.000249	-0.000249	0.000223	0.000223
1070	31	31	62	1	P999	18734	-0.000249	-0.000249	0.000223	0.000223
1071	31	31	62	1	P1	6	-0.001756	-0.001756	-0.001008	-0.001008
1071	31	31	62	1	P50	7	-0.000917	-0.001027	-0.000191	-0.000300
1071	31	31	62	1	P75	7	0.000732	0.000732	0.001460	0.001460
1071	31	31	62	1	P90	527	0.001269	0.001269	0.001364	0.001364
1071	31	31	62	1	P95	978	-0.000187	-0.000187	0.003562	0.003562
1071	31	31	62	1	P99	1562	0.002656	0.002656	0.002592	0.002592
1071	31	31	62	1	P999	1562	0.002656	0.002656	0.002592	0.002592
1072	31	31	62	1	P1	6	-0.001733	-0.001733	-0.001026	-0.001026
1072	31	31	62	1	P50	7	0.001907	0.001657	0.000100	-0.000034
1072	31	31	62	1	P75	8	-0.001754	-0.001754	0.000527	0.000527
1072	31	31	62	1	P90	12	0.000342	0.000342	0.000839	0.000839
1072	31	31	62	1	P95	640	0.002188	0.002188	0.001471	0.001471
1072	31	31	62	1	P99	1110	0.001187	0.001187	0.000303	0.000303
1072	31	31	62	1	P999	1110	0.001187	0.001187	0.000303	0.000303
1073	31	31	62	1	P1	6	-0.002048	-0.002048	-0.001008	-0.001008
1073	31	31	62	1	P50	7	-0.001425	-0.001523	-0.000399	-0.000497
1073	31	31	62	1	P75	7	0.000049	0.000049	0.001077	0.001077
1073	31	31	62	1	P90	235	0.000882	0.000882	0.001579	0.001579
1073	31	31	62	1	P95	441	-0.000541	-0.000541	0.000097	0.000097
1073	31	31	62	1	P99	685	0.003952	0.003952	0.000803	0.000803
1073	31	31	62	1	P999	685	0.003952	0.003952	0.000803	0.000803
1074	31	31	62	1	P1	6	-0.001671	-0.001671	-0.000963	-0.000963
1074	31	31	62	1	P50	7	0.001282	0.001095	-0.000202	-0.000300
1074	31	31	62	1	P75	7	0.004094	0.004094	0.001274	0.001274
1074	31	31	62	1	P90	8	0.000738	0.000738	0.002072	0.002072
1074	31	31	62	1	P95	9	0.000113	0.000113	0.000698	0.000698
1074	31	31	62	1	P99	610	0.001588	0.001588	0.000886	0.000886
1074	31	31	62	1	P999	610	0.001588	0.001588	0.000886	0.000886
1075	31	31	62	1	P1	6	-0.003025	-0.003025	-0.001008	-0.001008
1075	31	31	62	1	P50	7	-0.001120	-0.001290	-0.000567	-0.000656
1075	31	31	62	1	P75	7	0.001616	0.001616	0.000768	0.000768
1075	31	31	62	1	P90	7	0.003302	0.003302	0.001570	0.001570
1075	31	31	62	1	P95	8	-0.000330	-0.000330	0.001671	0.001671
1075	31	31	62	1	P99	1715	0.001004	0.001004	0.002595	0.002595
1075	31	31	62	1	P999	1715	0.001004	0.001004	0.002595	0.002595
1076	31	31	62	1	P1	6	-0.001230	-0.001230	-0.000652	-0.000652
1076	31	31	62	1	P50	7	-0.000375	-0.000466	0.000201	0.000110
1076	31	31	62	1	P75	7	0.000993	0.000993	0.001570	0.001570
1076	31	31	62	1	P90	141	0.003538	0.003538	0.000303	0.000303
1076	31	31	62	1	P95	247	-0.000128	-0.000128	0.000369	0.000369
1076	31	31	62	1	P99	2484	0.001749	0.001749	0.002195	0.002195
1076	31	31	62	1	P999	2484	0.001749	0.001749	0.002195	0.002195
1077	31	31	62	1	P1	6	-0.002111	-0.002111	-0.000901	-0.000901
1077	31	31	62	1	P50	7	-0.001148	-0.001249	0.000053	-0.000048
1077	31	31	62	1	P75	7	0.000367	0.000367	0.001570	0.001570
1077	31	31	62	1	P90	146	0.001829	0.001829	0.002840	0.002840
1077	31	31	62	1	P95	345	0.001677	0.001677	0.002633	0.002633
1077	31	31	62	1	P99	2061	0.001134	0.001134	0.001975	0.001975
1077	31	31	62	1	P999	2061	0.001134	0.001134	0.001975	0.001975
1078	31	31	62	1	P1	6	-0.003150	-0.003150	-0.000987	-0.000987
1078	31	31	62	1	P50	7	0.001279	0.001092	0.000280	0.000151
1078	31	31	62	1	P75	40	0.005914	0.005914	0.000490	0.000490
1078	31	31	62	1	P90	211	0.000789	0.000789	-0.000964	-0.000964
1078	31	31	62	1	P95	234	0.003871	0.003871	0.002107	0.002107
1078	31	31	62	1	P99	3016	0.004405	0.004405	0.002509	0.002509
1078	31	31	62	1	P999	3016	0.004405	0.004405	0.002509	0.002509
1079	31	31	62	1	P1	6	-0.001009	-0.001009	-0.000741	-0.000741
1079	31	31	62	1	P50	7	0.000518	0.000402	0.000751	0.000634
1079	31	31	62	1	P75	39	-0.000192	-0.000192	0.003386	0.003386
1079	31	31	62	1	P90	201	0.001412	0.001412	0.000865	0.000865
1079	31	31	62	1	P95	250	0.000107	0.000107	0.003253	0.003253
1079	31	31	62	1	P99	734	-0.000158	-0.000158	0.002737	0.002737
1079	31	31	62	1	P999	734	-0.000158	-0.000158	0.002737	0.002737
1080	31	31	62	1	P1	634	0.002149	0.002149	0.003419	0.003419
1080	31	31	62	1	P50	1228	-0.000880	-0.048283	0.000201	-0.050795
1080	31	31	62	1	P75	1434	0.002951	0.002951	0.002117	0.002117
1080	31	31	62	1	P90	1729	0.000953	0.000953	0.001939	0.001939
1080	31	31	62	1	P95	1921	0.000342	0.000342	0.001298	0.001298
1080	31	31	62	1	P99	3141	0.002199	0.002199	0.003018	0.003018
1080	31	31	62	1	P999	3141	0.002199	0.002199	0.003018	0.003018
1081	31	31	62	1	P1	6	-0.001813	-0.001813	-0.000652	-0.000652
1081	31	31	62	1	P50	8	-0.000941	-0.001207	0.000201	-0.000066
1081	31	31	62	1	P75	9	0.000499	0.000499	-0.001171	-0.001171
1081	31	31	62	1	P90	10	0.001118	0.001118	0.002245	0.002245
1081	31	31	62	1	P95	11	-0.001110	-0.001110	0.000008	0.000008
1081	31	31	62	1	P99	68	0.003410	0.003410	0.000653	0.000653
1081	31	31	62	1	P999	68	0.003410	0.003410	0.000653	0.000653
1082	31	31	62	1	P1	6	-0.001009	-0.001009	-0.000741	-0.000741
1082	31	31	62	1	P50	7	0.000936	0.000802	0.001169	0.001035
1082	31	31	62	1	P75	8	-0.000090	-0.000090	0.001671	0.001671
1082	31	31	62	1	P90	9	0.003020	0.003020	0.000075	0.000075
1082	31	31	62	1	P95	11	0.001751	0.001751	0.001879	0.001879
1082	31	31	62	1	P99	68	0.004697	0.004697	0.000653	0.000653
1082	31	31	62	1	P999	68	0.004697	0.004697	0.000653	0.000653
1083	31	31	62	0	P1	6	-0.002425	-0.002425	-0.000860	-0.000860
1083	31	31	62	0	P50	7	-0.001587	-0.001681	-0.000020	-0.000114
1083	31	31	62	0	P75	7	-0.000187	-0.000187	0.001383	0.001383
1083	31	31	62	0	P90	8	0.000205	0.000205	0.001775	0.001775
1083	31	31	62	0	P95	9	0.000999	0.000999	-0.001171	-0.001171
1083	31	31	62	0	P99	12	0.003013	0.003013	0.000839	0.000839
1083	31	31	62	0	P999	12	0.003013	0.003013	0.000839	0.000839
1084	31	31	62	0	P1	6	-0.002644	-0.002644	-0.001078	-0.001078
1084	31	31	62	0	P50	7	-0.002217	-0.002333	-0.000651	-0.000767
1084	31	31	62	0	P75	7	-0.000467	-0.000467	0.001102	0.001102
1084	31	31	62	0	P90	8	-0.001003	-0.001003	0.000565	0.000565
1084	31	31	62	0	P95	8	0.000016	0.000016	0.001586	0.001586
1084	31	31	62	0	P99	8	0.001036	0.001036	0.002607	0.002607
1084	31	31	62	0	P999	8	0.001036	0.001036	0.002607	0.002607
1085	31	31	62	0	P1	6	-0.002653	-0.002653	-0.001088	-0.001088
1085	31	31	62	0	P50	7	-0.002453	-0.002560	-0.000888	-0.000994
1085	31	31	62	0	P75	7	-0.000854	-0.000854	0.000714	0.000714
1085	31	31	62	0	P90	8	-0.001953	-0.001953	-0.000387	-0.000387
1085	31	31	62	0	P95	8	0.000288	0.000288	0.001858	0.001858
1085	31	31	62	0	P99	10	0.002172	0.002172	0.003745	0.003745
1085	31	31	62	0	P999	10	0.002172	0.002172	0.003745	0.003745
1086	31	31	62	1	P1	6	-0.001707	-0.001707	-0.000901	-0.000901
1086	31	31	62	1	P50	304	0.001784	-0.970285	0.002058	-0.970374
1086	31	31	62	1	P75	2333	0.001368	0.001368	0.001363	0.001363
1086	31	31	62	1	P90	2616	0.002772	0.002772	0.002752	0.002752
1086	31	31	62	1	P95	3085	0.002358	0.002358	0.002316	0.002316
1086	31	31	62	1	P99	3836	0.001309	0.001309	0.001237	0.001237
1086	31	31	62	1	P999	3836	0.001309	0.001309	0.001237	0.001237
1087	31	31	62	1	P1	5	0.001539	0.001539	0.001625	0.001625
1087	31	31	62	1	P50	7	0.000233	0.000104	0.000280	0.000151
1087	31	31	62	1	P75	8	0.001952	0.001952	0.001983	0.001983
1087	31	31	62	1	P90	11	0.001885	0.001885	0.001879	0.001879
1087	31	31	62	1	P95	77	-0.000056	-0.000056	0.003451	0.003451
1087	31	31	62	1	P99	144	0.001990	0.001990	0.001679	0.001679
1087	31	31	62	1	P999	144	0.001990	0.001990	0.001679	0.001679
1088	31	31	62	0	P1	6	0.000233	0.000233	-0.000901	-0.000901
1088	31	31	62	0	P50	7	0.001250	0.001146	0.000115	0.000011
1088	31	31	62	0	P75	8	-0.003359	-0.003359	-0.000760	-0.000760
1088	31	31	62	0	P90	8	-0.000000	-0.000000	0.002607	0.002607
1088	31	31	62	0	P95	9	0.000337	0.000337	-0.000797	-0.000797
1088	31	31	62	0	P99	81	0.002533	0.002533	0.001396	0.001396
1088	31	31	62	0	P999	81	0.002533	0.002533	0.001396	0.001396
1089	31	31	62	0	P1	6	-0.002501	-0.002501	-0.000935	-0.000935
1089	31	31	62	0	P50	7	-0.001724	-0.001819	-0.000157	-0.000253
1089	31	31	62	0	P75	7	-0.000287	-0.000287	0.001282	0.001282
1089	31	31	62	0	P90	8	-0.000211	-0.000211	0.001359	0.001359
1089	31	31	62	0	P95	8	0.001036	0.001036	0.002607	0.002607
1089	31	31	62	0	P99	9	0.002871	0.002871	0.000698	0.000698
1089	31	31	62	0	P999	9	0.002871	0.002871	0.000698	0.000698
1090	31	31	62	1	P1	6	-0.002919	-0.002919	-0.000901	-0.000901
1090	31	31	62	1	P50	7	0.002678	0.002469	0.001121	0.000971
1090	31	31	62	1	P75	178	0.001010	0.001010	0.002775	0.002775
1090	31	31	62	1	P90	261	0.003318	0.003318	0.001307	0.001307
1090	31	31	62	1	P95	325	0.000826	0.000826	0.002544	0.002544
1090	31	31	62	1	P99	372	0.000334	0.000334	0.002041	0.002041
1090	31	31	62	1	P999	372	0.000334	0.000334	0.002041	0.002041
1091	31	31	62	0	P1	6	-0.002501	-0.002501	-0.000935	-0.000935
1091	31	31	62	0	P50	7	-0.002029	-0.002111	-0.000463	-0.000544
1091	31	31	62	0	P75	7	-0.000812	-0.000812	0.000756	0.000756
1091	31	31	62	0	P90	7	-0.000081	-0.000081	0.001488	0.001488
1091	31	31	62	0	P95	8	-0.000833	-0.000833	0.000735	0.000735
1091	31	31	62	0	P99	12	0.003013	0.003013	0.000839	0.000839
1091	31	31	62	0	P999	12	0.003013	0.003013	0.000839	0.000839
1092	31	31	62	1	P1	6	-0.001288	-0.001288	-0.000341	-0.000341
1092	31	31	62	1	P50	1945	-0.000212	-0.995880	0.000095	-0.995876
1092	31	31	62	1	P75	2185	0.003067	0.003067	0.003362	0.003362
1092	31	31	62	1	P90	2395	0.001016	0.001016	0.001301	0.001301
1092	31	31	62	1	P95	2500	0.002973	0.002973	0.003253	0.003253
1092	31	31	62	1	P99	2856	0.000681	0.000681	0.000946	0.000946
1092	31	31	62	1	P999	2856	0.000681	0.000681	0.000946	0.000946
1093	31	31	62	0	P1	5	0.000056	0.000056	0.001625	0.001625
1093	31	31	62	0	P50	7	-0.001965	-0.002064	-0.000399	-0.000497
1093	31	31	62	0	P75	7	-0.000492	-0.000492	0.001077	0.001077
1093	31	31	62	0	P90	8	-0.000833	-0.000833	0.000735	0.000735
1093	31	31	62	0	P95	8	0.000568	0.000568	0.002139	0.002139
1093	31	31	62	0	P99	9	0.002871	0.002871	0.000698	0.000698
1093	31	31	62	0	P999	9	0.002871	0.002871	0.000698	0.000698
1094	31	31	62	0	P1	6	-0.002573	-0.002573	-0.001008	-0.001008
1094	31	31	62	0	P50	7	-0.002054	-0.002147	-0.000487	-0.000581
1094	31	31	62	0	P75	7	-0.000654	-0.000654	0.000915	0.000915
1094	31	31	62	0	P90	8	-0.000833	-0.000833	0.000735	0.000735
1094	31	31	62	0	P95	9	0.000375	0.000375	-0.001793	-0.001793
1094	31	31	62	0	P99	12	0.003013	0.003013	0.000839	0.000839
1094	31	31	62	0	P999	12	0.003013	0.003013	0.000839	0.000839
1095	31	31	62	0	P1	6	-0.002633	-0.002633	-0.001067	-0.001067
1095	31	31	62	0	P50	7	-0.002240	-0.002347	-0.000674	-0.000781
1095	31	31	62	0	P75	7	-0.000641	-0.000641	0.000928	0.000928
1095	31	31	62	0	P90	8	0.000101	0.000101	0.001671	0.001671
1095	31	31	62	0	P95	9	0.002871	0.002871	0.000698	0.000698
1095	31	31	62	0	P99	73	0.002896	0.002896	0.000722	0.000722
1095	31	31	62	0	P999	73	0.002896	0.002896	0.000722	0.000722
1096	31	31	62	0	P1	6	-0.002633	-0.002633	-0.001067	-0.001067
1096	31	31	62	0	P50	7	-0.002282	-0.002385	-0.000716	-0.000819
1096	31	31	62	0	P75	7	-0.000727	-0.000727	0.000842	0.000842
1096	31	31	62	0	P90	8	-0.001767	-0.001767	-0.000200	-0.000200
1096	31	31	62	0	P95	8	-0.000366	-0.000366	0.001203	0.001203
1096	31	31	62	0	P99	8	0.001036	0.001036	0.002607	0.002607
1096	31	31	62	0	P999	8	0.001036	0.001036	0.002607	0.002607
1097	31	31	62	1	P1	6	-0.003043	-0.003043	-0.001026	-0.001026
1097	31	31	62	1	P50	7	-0.001153	-0.001330	-0.000540	-0.000636
1097	31	31	62	1	P75	7	0.001845	0.001845	0.000898	0.000898
1097	31	31	62	1	P90	8	-0.002064	-0.002064	-0.000066	-0.000066
1097	31	31	62	1	P95	8	-0.000464	-0.000464	0.001537	0.001537
1097	31	31	62	1	P99	9	0.002448	0.002448	0.000698	0.000698
1097	31	31	62	1	P999	9	0.002448	0.002448	0.000698	0.000698
1098	31	31	62	1	P1	1084	0.003638	0.003638	0.001579	0.001579
1098	31	31	62	1	P50	2059	0.001396	-0.111522	0.002949	-0.110122
1098	31	31	62	1	P75	2491	0.001609	0.001609	0.003122	0.003122
1098	31	31	62	1	P90	2805	-0.001210	-0.001210	0.000274	0.000274
1098	31	31	62	1	P95	2874	0.000660	0.000660	0.002141	0.002141
1098	31	31	62	1	P99	4336	0.000675	0.000675	0.002069	0.002069
1098	31	31	62	1	P999	4336	0.000675	0.000675	0.002069	0.002069
1099	31	31	62	1	P1	6	-0.001128	-0.001128	-0.000860	-0.000860
1099	31	31	62	1	P50	7	-0.000492	-0.000575	-0.000259	-0.000342
1099	31	31	62	1	P75	7	0.000755	0.000755	0.000988	0.000988
1099	31	31	62	1	P90	8	-0.003200	-0.003200	-0.000066	-0.000066
1099	31	31	62	1	P95	8	-0.000090	-0.000090	0.001537	0.001537
1099	31	31	62	1	P99	9	0.000524	0.000524	0.000698	0.000698
1099	31	31	62	1	P999	9	0.000524	0.000524	0.000698	0.000698
1100	31	31	62	0	P1	6	-0.002620	-0.002620	-0.001055	-0.001055
1100	31	31	62	0	P50	7	-0.002260	-0.002358	-0.000694	-0.000792
1100	31	31	62	0	P75	7	-0.000787	-0.000787	0.000782	0.000782
1100	31	31	62	0	P90	8	-0.001767	-0.001767	-0.000200	-0.000200
1100	31	31	62	0	P95	8	0.001036	0.001036	0.002607	0.002607
1100	31	31	62	0	P99	13	0.001464	0.001464	0.003036	0.003036
1100	31	31	62	0	P999	13	0.001464	0.001464	0.003036	0.003036
1101	31	31	62	0	P1	6	-0.002644	-0.002644	-0.001078	-0.001078
1101	31	31	62	0	P50	7	-0.002422	-0.002522	-0.000856	-0.000957
1101	31	31	62	0	P75	7	-0.000909	-0.000909	0.000659	0.000659
1101	31	31	62	0	P90	7	-0.000000	-0.000000	0.001570	0.001570
1101	31	31	62	0	P95	8	0.001036	0.001036	0.002607	0.002607
1101	31	31	62	0	P99	70	0.003745	0.003745	0.001570	0.001570
1101	31	31	62	0	P999	70	0.003745	0.003745	0.001570	0.001570
1102	31	31	62	0	P1	6	-0.002607	-0.002607	-0.001041	-0.001041
1102	31	31	62	0	P50	7	-0.002311	-0.002400	-0.000745	-0.000834
1102	31	31	62	0	P75	7	-0.000979	-0.000979	0.000590	0.000590
1102	31	31	62	0	P90	7	-0.000178	-0.000178	0.001391	0.001391
1102	31	31	62	0	P95	8	-0.001456	-0.001456	0.000112	0.000112
1102	31	31	62	0	P99	9	0.002871	0.002871	0.000698	0.000698
1102	31	31	62	0	P999	9	0.002871	0.002871	0.000698	0.000698
1103	31	31	62	1	P1	6	-0.002864	-0.002864	-0.001088	-0.001088
1103	31	31	62	1	P50	7	-0.000726	-0.000993	-0.000674	-0.000799
1103	31	31	62	1	P75	7	0.002849	0.002849	0.001195	0.001195
1103	31	31	62	1	P90	8	-0.000076	-0.000076	0.001671	0.001671
1103	31	31	62	1	P95	9	0.002708	0.002708	0.000698	0.000698
1103	31	31	62	1	P99	16	-0.000683	-0.000683	0.000980	0.000980
1103	31	31	62	1	P999	16	-0.000683	-0.000683	0.000980	0.000980
1104	31	31	62	1	P1	6	-0.001444	-0.001444	-0.000652	-0.000652
1104	31	31	62	1	P50	776	-0.000699	-0.988359	0.003164	-0.988394
1104	31	31	62	1	P75	1031	-0.000706	-0.000706	0.003117	0.003117
1104	31	31	62	1	P90	1217	0.001667	0.001667	0.001725	0.001725
1104	31	31	62	1	P95	1415	0.000464	0.000464	0.000501	0.000501
1104	31	31	62	1	P99	2064	0.000535	0.000535	0.000519	0.000519
1104	31	31	62	1	P999	2064	0.000535	0.000535	0.000519	0.000519
1105	31	31	62	1	P1	6	-0.000135	-0.000135	-0.000528	-0.000528
1105	31	31	62	1	P50	1007	0.001940	-0.931350	0.000500	-0.931411
1105	31	31	62	1	P75	1323	0.001941	0.001941	0.000445	0.000445
1105	31	31	62	1	P90	1520	-0.000406	-0.000406	0.001812	0.001812
1105	31	31	62	1	P95	1706	0.001924	0.001924	0.000377	0.000377
1105	31	31	62	1	P99	2315	-0.000499	-0.000499	0.001633	0.001633
1105	31	31	62	1	P999	2315	-0.000499	-0.000499	0.001633	0.001633
1106	31	31	62	1	P1	6	-0.002178	-0.002178	-0.001026	-0.001026
1106	31	31	62	1	P50	7	-0.001325	-0.001442	-0.000184	-0.000300
1106	31	31	62	1	P75	7	0.000426	0.000426	0.001570	0.001570
1106	31	31	62	1	P90	8	0.001473	0.001473	0.002607	0.002607
1106	31	31	62	1	P95	9	0.003318	0.003318	0.000698	0.000698
1106	31	31	62	1	P99	24	0.001903	0.001903	0.002957	0.002957
1106	31	31	62	1	P999	24	0.001903	0.001903	0.002957	0.002957
1107	31	31	62	1	P1	6	-0.001256	-0.001256	-0.000987	-0.000987
1107	31	31	62	1	P50	7	-0.000483	-0.000584	-0.000250	-0.000351
1107	31	31	62	1	P75	7	0.001034	0.001034	0.001266	0.001266
1107	31	31	62	1	P90	8	-0.001335	-0.001335	0.001109	0.001109
1107	31	31	62	1	P95	8	0.001469	0.001469	0.002232	0.002232
1107	31	31	62	1	P99	89	0.001015	0.001015	0.000657	0.000657
1107	31	31	62	1	P999	89	0.001015	0.001015	0.000657	0.000657
1108	31	31	62	1	P1	6	-0.001775	-0.001775	-0.001067	-0.001067
1108	31	31	62	1	P50	7	0.000077	-0.000131	-0.000674	-0.000781
1108	31	31	62	1	P75	7	0.003333	0.003333	0.000928	0.000928
1108	31	31	62	1	P90	8	-0.001754	-0.001754	0.000268	0.000268
1108	31	31	62	1	P95	8	0.000488	0.000488	0.001671	0.001671
1108	31	31	62	1	P99	10	-0.000552	-0.000552	0.003745	0.003745
1108	31	31	62	1	P999	10	-0.000552	-0.000552	0.003745	0.003745
1109	31	31	62	0	P1	6	-0.003545	-0.003545	-0.001088	-0.001088
1109	31	31	62	0	P50	7	0.000508	0.000391	-0.000767	-0.000884
1109	31	31	62	0	P75	7	0.002262	0.002262	0.000985	0.000985
1109	31	31	62	0	P90	8	-0.001726	-0.001726	0.000735	0.000735
1109	31	31	62	0	P95	8	-0.000326	-0.000326	0.002139	0.002139
1109	31	31	62	0	P99	10	0.001276	0.001276	0.003745	0.003745
1109	31	31	62	0	P999	10	0.001276	0.001276	0.003745	0.003745
1110	31	31	62	0	P1	6	-0.002591	-0.002591	-0.001026	-0.001026
1110	31	31	62	0	P50	7	-0.002258	-0.002344	-0.000691	-0.000778
1110	31	31	62	0	P75	7	-0.000956	-0.000956	0.000612	0.000612
1110	31	31	62	0	P90	7	-0.000174	-0.000174	0.001396	0.001396
1110	31	31	62	0	P95	8	-0.001456	-0.001456	0.000112	0.000112
1110	31	31	62	0	P99	9	0.002871	0.002871	0.000698	0.000698
1110	31	31	62	0	P999	9	0.002871	0.002871	0.000698	0.000698
1111	31	31	62	1	P1	707	0.004417	0.004417	0.002836	0.002836
1111	31	31	62	1	P50	1195	-0.000748	-0.008192	0.001277	-0.009889
1111	31	31	62	1	P75	1403	-0.000439	-0.000439	0.001543	0.001543
1111	31	31	62	1	P90	1602	0.001525	0.001525	0.003474	0.003474
1111	31	31	62	1	P95	1755	0.000043	0.000043	0.001965	0.001965
1111	31	31	62	1	P99	3250	0.000786	0.000786	0.002544	0.002544
1111	31	31	62	1	P999	3250	0.000786	0.000786	0.002544	0.002544
1112	31	31	62	1	P1	6	-0.001805	-0.001805	-0.000652	-0.000652
1112	31	31	62	1	P50	8	-0.000584	-0.000771	0.000548	0.000361
1112	31	31	62	1	P75	9	-0.002026	-0.002026	-0.001793	-0.001793
1112	31	31	62	1	P90	10	0.000130	0.000130	0.001247	0.001247
1112	31	31	62	1	P95	11	0.000768	0.000768	0.001879	0.001879
1112	31	31	62	1	P99	85	0.000829	0.000829	0.001788	0.001788
1112	31	31	62	1	P999	85	0.000829	0.000829	0.001788	0.001788
1113	31	31	62	1	P1	6	-0.003103	-0.003103	-0.000341	-0.000341
1113	31	31	62	1	P50	8	-0.003253	-0.003625	-0.000422	-0.000600
1113	31	31	62	1	P75	8	0.002047	0.002047	0.002250	0.002250
1113	31	31	62	1	P90	10	0.003931	0.003931	0.003745	0.003745
1113	31	31	62	1	P95	14	0.000225	0.000225	0.003689	0.003689
1113	31	31	62	1	P99	73	0.001477	0.001477	0.000722	0.000722
1113	31	31	62	1	P999	73	0.001477	0.001477	0.000722	0.000722
1114	31	31	62	0	P1	6	-0.002374	-0.002374	-0.000808	-0.000808
1114	31	31	62	0	P50	7	-0.001549	-0.001640	0.000019	-0.000073
1114	31	31	62	0	P75	7	-0.000182	-0.000182	0.001387	0.001387
1114	31	31	62	0	P90	8	0.000205	0.000205	0.001775	0.001775
1114	31	31	62	0	P95	9	0.000999	0.000999	-0.001171	-0.001171
1114	31	31	62	0	P99	11	0.000308	0.000308	0.001879	0.001879
1114	31	31	62	0	P999	11	0.000308	0.000308	0.001879	0.001879
1115	31	31	62	0	P1	6	-0.003498	-0.003498	-0.001041	-0.001041
1115	31	31	62	0	P50	7	0.000497	0.000410	-0.000778	-0.000865
1115	31	31	62	0	P75	7	0.001802	0.001802	0.000525	0.000525
1115	31	31	62	0	P90	7	0.002586	0.002586	0.001309	0.001309
1115	31	31	62	0	P95	7	0.002848	0.002848	0.001570	0.001570
1115	31	31	62	0	P99	9	0.001975	0.001975	0.000698	0.000698
1115	31	31	62	0	P999	9	0.001975	0.001975	0.000698	0.000698
1116	31	31	62	0	P1	6	-0.002529	-0.002529	-0.000963	-0.000963
1116	31	31	62	0	P50	7	-0.001997	-0.002084	-0.000431	-0.000518
1116	31	31	62	0	P75	7	-0.000695	-0.000695	0.000873	0.000873
1116	31	31	62	0	P90	8	-0.002166	-0.002166	-0.000600	-0.000600
1116	31	31	62	0	P95	8	-0.000567	-0.000567	0.001002	0.001002
1116	31	31	62	0	P99	8	0.001036	0.001036	0.002607	0.002607
1116	31	31	62	0	P999	8	0.001036	0.001036	0.002607	0.002607
1117	31	31	62	1	P1	6	-0.001428	-0.001428	-0.000528	-0.000528
1117	31	31	62	1	P50	1966	0.000359	-0.068231	0.000570	-0.068027
1117	31	31	62	1	P75	3991	0.002619	0.002619	0.002746	0.002746
1117	31	31	62	1	P90	4344	0.000107	0.000107	0.000224	0.000224
1117	31	31	62	1	P95	5322	0.002670	0.002670	0.002762	0.002762
1117	31	31	62	1	P99	6473	0.001274	0.001274	0.001343	0.001343
1117	31	31	62	1	P999	6473	0.001274	0.001274	0.001343	0.001343
1118	31	31	62	1	P1	6	-0.001113	-0.001113	-0.000901	-0.000901
1118	31	31	62	1	P50	7	-0.000425	-0.000581	0.000115	0.000011
1118	31	31	62	1	P75	8	-0.002258	-0.002258	-0.000600	-0.000600
1118	31	31	62	1	P90	14	0.002116	0.002116	0.003689	0.003689
1118	31	31	62	1	P95	525	0.004200	0.004200	0.001428	0.001428
1118	31	31	62	1	P99	1855	0.001851	0.001851	0.002621	0.002621
1118	31	31	62	1	P999	1855	0.001851	0.001851	0.002621	0.002621
1119	31	31	62	0	P1	6	-0.002591	-0.002591	-0.001026	-0.001026
1119	31	31	62	0	P50	7	-0.002064	-0.002162	-0.000497	-0.000595
1119	31	31	62	0	P75	7	-0.000590	-0.000590	0.000979	0.000979
1119	31	31	62	0	P90	8	0.000101	0.000101	0.001671	0.001671
1119	31	31	62	0	P95	525	0.003603	0.003603	0.001428	0.001428
1119	31	31	62	0	P99	1080	0.003713	0.003713	0.001537	0.001537
1119	31	31	62	0	P999	1080	0.003713	0.003713	0.001537	0.001537
1120	31	31	62	1	P1	6	-0.001076	-0.001076	-0.000808	-0.000808
1120	31	31	62	1	P50	7	-0.000363	-0.000448	-0.000131	-0.000216
1120	31	31	62	1	P75	7	0.000912	0.000912	0.001144	0.001144
1120	31	31	62	1	P90	8	-0.001335	-0.001335	0.001002	0.001002
1120	31	31	62	1	P95	8	0.002406	0.002406	0.002607	0.002607
1120	31	31	62	1	P99	491	0.001854	0.001854	0.001099	0.001099
1120	31	31	62	1	P999	491	0.001854	0.001854	0.001099	0.001099
1121	31	31	62	1	P1	6	-0.001894	-0.001894	-0.001067	-0.001067
1121	31	31	62	1	P50	7	-0.001523	-0.001626	-0.000716	-0.000819
1121	31	31	62	1	P75	7	0.000034	0.000034	0.000842	0.000842
1121	31	31	62	1	P90	8	-0.000055	-0.000055	0.000735	0.000735
1121	31	31	62	1	P95	9	-0.000077	-0.000077	-0.001171	-0.001171
1121	31	31	62	1	P99	10	-0.000760	-0.000760	0.003745	0.003745
1121	31	31	62	1	P999	10	-0.000760	-0.000760	0.003745	0.003745
1122	31	31	62	1	P1	6	-0.003005	-0.003005	-0.000987	-0.000987
1122	31	31	62	1	P50	7	0.000408	0.000238	-0.000197	-0.000300
1122	31	31	62	1	P75	7	0.002962	0.002962	0.001362	0.001362
1122	31	31	62	1	P90	8	0.000137	0.000137	0.002139	0.002139
1122	31	31	62	1	P95	11	-0.000098	-0.000098	0.001879	0.001879
1122	31	31	62	1	P99	855	0.001758	0.001758	0.003403	0.003403
1122	31	31	62	1	P999	855	0.001758	0.001758	0.003403	0.003403
1123	31	31	62	1	P1	6	-0.001294	-0.001294	-0.001026	-0.001026
1123	31	31	62	1	P50	7	-0.000284	-0.000409	-0.000051	-0.000176
1123	31	31	62	1	P75	8	-0.003200	-0.003200	-0.000066	-0.000066
1123	31	31	62	1	P90	175	0.001595	0.001595	0.001079	0.001079
1123	31	31	62	1	P95	296	-0.000544	-0.000544	0.000689	0.000689
1123	31	31	62	1	P99	624	0.001432	0.001432	0.000622	0.000622
1123	31	31	62	1	P999	624	0.001432	0.001432	0.000622	0.000622
1124	31	31	62	0	P1	6	-0.002425	-0.002425	-0.000860	-0.000860
1124	31	31	62	0	P50	7	-0.001532	-0.001628	0.000035	-0.000061
1124	31	31	62	0	P75	7	-0.000096	-0.000096	0.001474	0.001474
1124	31	31	62	0	P90	8	0.000016	0.000016	0.001586	0.001586
1124	31	31	62	0	P95	8	0.001036	0.001036	0.002607	0.002607
1124	31	31	62	0	P99	65	0.003091	0.003091	0.000918	0.000918
1124	31	31	62	0	P999	65	0.003091	0.003091	0.000918	0.000918
1125	31	31	62	1	P1	6	-0.001191	-0.001191	-0.000652	-0.000652
1125	31	31	62	1	P50	171	0.001851	-0.027670	0.001775	-0.027738
1125	31	31	62	1	P75	282	0.000716	0.000716	0.002420	0.002420
1125	31	31	62	1	P90	324	0.002080	0.002080	0.001887	0.001887
1125	31	31	62	1	P95	389	0.002439	0.002439	0.002212	0.002212
1125	31	31	62	1	P99	451	0.004103	0.004103	0.000102	0.000102
1125	31	31	62	1	P999	451	0.004103	0.004103	0.000102	0.000102
1126	31	31	62	0	P1	6	-0.002425	-0.002425	-0.000860	-0.000860
1126	31	31	62	0	P50	7	-0.001690	-0.001778	-0.000122	-0.000211
1126	31	31	62	0	P75	7	-0.000356	-0.000356	0.001213	0.001213
1126	31	31	62	0	P90	8	-0.000366	-0.000366	0.001203	0.001203
1126	31	31	62	0	P95	8	0.001036	0.001036	0.002607	0.002607
1126	31	31	62	0	P99	1780	0.001203	0.001203	0.002775	0.002775
1126	31	31	62	0	P999	1780	0.001203	0.001203	0.002775	0.002775
1127	31	31	62	1	P1	7	0.003455	0.003455	0.001570	0.001570
1127	31	31	62	1	P50	775	-0.000128	-0.476352	0.000711	-0.477795
1127	31	31	62	1	P75	1073	-0.000205	-0.000205	0.000563	0.000563
1127	31	31	62	1	P90	1205	-0.000324	-0.000324	0.000419	0.000419
1127	31	31	62	1	P95	1307	0.000674	0.000674	0.001400	0.001400
1127	31	31	62	1	P99	3096	0.001956	0.001956	0.002495	0.002495
1127	31	31	62	1	P999	3096	0.001956	0.001956	0.002495	0.002495
1128	31	31	62	1	P1	6	0.000138	0.000138	0.000594	0.000594
1128	31	31	62	1	P50	993	0.000107	-0.944419	0.003292	-0.944418
1128	31	31	62	1	P75	1349	0.000293	0.000293	0.003417	0.003417
1128	31	31	62	1	P90	1541	-0.000051	-0.000051	0.001173	0.001173
1128	31	31	62	1	P95	1621	-0.000190	-0.000190	0.002896	0.002896
1128	31	31	62	1	P99	3275	-0.000588	-0.000588	0.002357	0.002357
1128	31	31	62	1	P999	3275	-0.000588	-0.000588	0.002357	0.002357
1129	31	31	62	0	P1	6	-0.002529	-0.002529	-0.000963	-0.000963
1129	31	31	62	0	P50	7	-0.001159	-0.001288	0.000409	0.000280
1129	31	31	62	0	P75	8	-0.000460	-0.000460	0.001109	0.001109
1129	31	31	62	0	P90	9	0.002247	0.002247	0.000075	0.000075
1129	31	31	62	0	P95	11	0.000308	0.000308	0.001879	0.001879
1129	31	31	62	0	P99	66	0.002775	0.002775	0.000602	0.000602
1129	31	31	62	0	P999	66	0.002775	0.002775	0.000602	0.000602
1130	31	31	62	0	P1	6	-0.002591	-0.002591	-0.001026	-0.001026
1130	31	31	62	0	P50	7	-0.002064	-0.002162	-0.000497	-0.000595
1130	31	31	62	0	P75	7	-0.000590	-0.000590	0.000979	0.000979
1130	31	31	62	0	P90	8	-0.000833	-0.000833	0.000735	0.000735
1130	31	31	62	0	P95	8	0.001036	0.001036	0.002607	0.002607
1130	31	31	62	0	P99	9	0.002871	0.002871	0.000698	0.000698
1130	31	31	62	0	P999	9	0.002871	0.002871	0.000698	0.000698
1131	31	31	62	0	P1	6	-0.002620	-0.002620	-0.001055	-0.001055
1131	31	31	62	0	P50	7	-0.002134	-0.002240	-0.000567	-0.000674
1131	31	31	62	0	P75	7	-0.000534	-0.000534	0.001035	0.001035
1131	31	31	62	0	P90	8	-0.000833	-0.000833	0.000735	0.000735
1131	31	31	62	0	P95	8	0.000568	0.000568	0.002139	0.002139
1131	31	31	62	0	P99	12	0.003013	0.003013	0.000839	0.000839
1131	31	31	62	0	P999	12	0.003013	0.003013	0.000839	0.000839
1132	31	31	62	0	P1	6	-0.002573	-0.002573	-0.001008	-0.001008
1132	31	31	62	0	P50	7	-0.001918	-0.002018	-0.000351	-0.000452
1132	31	31	62	0	P75	7	-0.000404	-0.000404	0.001165	0.001165
1132	31	31	62	0	P90	8	-0.000366	-0.000366	0.001203	0.001203
1132	31	31	62	0	P95	8	0.001036	0.001036	0.002607	0.002607
1132	31	31	62	0	P99	11	0.000308	0.000308	0.001879	0.001879
1132	31	31	62	0	P999	11	0.000308	0.000308	0.001879	0.001879
1133	31	31	62	0	P1	6	-0.002620	-0.002620	-0.001055	-0.001055
1133	31	31	62	0	P50	7	-0.002298	-0.002393	-0.000732	-0.000827
1133	31	31	62	0	P75	7	-0.000862	-0.000862	0.000706	0.000706
1133	31	31	62	0	P90	7	-0.000000	-0.000000	0.001570	0.001570
1133	31	31	62	0	P95	8	0.000101	0.000101	0.001671	0.001671
1133	31	31	62	0	P99	10	0.002172	0.002172	0.003745	0.003745
1133	31	31	62	0	P999	10	0.002172	0.002172	0.003745	0.003745
1134	31	31	62	0	P1	6	-0.002620	-0.002620	-0.001055	-0.001055
1134	31	31	62	0	P50	7	-0.002178	-0.002282	-0.000612	-0.000716
1134	31	31	62	0	P75	7	-0.000623	-0.000623	0.000946	0.000946
1134	31	31	62	0	P90	8	-0.001100	-0.001100	0.000468	0.000468
1134	31	31	62	0	P95	8	0.000501	0.000501	0.002072	0.002072
1134	31	31	62	0	P99	10	0.002172	0.002172	0.003745	0.003745
1134	31	31	62	0	P999	10	0.002172	0.002172	0.003745	0.003745
1135	31	31	62	0	P1	6	-0.003535	-0.003535	-0.001078	-0.001078
1135	31	31	62	0	P50	7	0.000494	0.000387	-0.000781	-0.000888
1135	31	31	62	0	P75	7	0.002098	0.002098	0.000821	0.000821
1135	31	31	62	0	P90	8	-0.002100	-0.002100	0.000361	0.000361
1135	31	31	62	0	P95	8	0.000141	0.000141	0.002607	0.002607
1135	31	31	62	0	P99	11	0.003157	0.003157	0.001879	0.001879
1135	31	31	62	0	P999	11	0.003157	0.003157	0.001879	0.001879
1136	31	31	62	1	P1	6	-0.002296	-0.002296	-0.000860	-0.000860
1136	31	31	62	1	P50	917	0.000132	-0.990155	0.000675	-0.990179
1136	31	31	62	1	P75	3290	0.001208	0.001208	0.001524	0.001524
1136	31	31	62	1	P90	4048	-0.000503	-0.000503	0.003519	0.003519
1136	31	31	62	1	P95	4690	0.001834	0.001834	0.002086	0.002086
1136	31	31	62	1	P99	5585	-0.000842	-0.000842	0.003121	0.003121
1136	31	31	62	1	P999	5585	-0.000842	-0.000842	0.003121	0.003121
1137	31	31	62	1	P1	6	-0.002179	-0.002179	-0.000963	-0.000963
1137	31	31	62	1	P50	7	-0.000775	-0.000904	-0.000202	-0.000300
1137	31	31	62	1	P75	7	0.002882	0.002882	0.001274	0.001274
1137	31	31	62	1	P90	9	0.003313	0.003313	0.000698	0.000698
1137	31	31	62	1	P95	1198	0.002440	0.002440	0.002510	0.002510
1137	31	31	62	1	P99	1974	0.000285	0.000285	0.000247	0.000247
1137	31	31	62	1	P999	1974	0.000285	0.000285	0.000247	0.000247
1138	31	31	62	1	P1	6	-0.003122	-0.003122	-0.001105	-0.001105
1138	31	31	62	1	P50	7	-0.001979	-0.002198	-0.001036	-0.001149
1138	31	31	62	1	P75	7	0.001429	0.001429	0.000663	0.000663
1138	31	31	62	1	P90	8	-0.001886	-0.001886	0.000112	0.000112
1138	31	31	62	1	P95	12	0.002612	0.002612	0.000839	0.000839
1138	31	31	62	1	P99	972	0.004350	0.004350	0.002236	0.002236
1138	31	31	62	1	P999	972	0.004350	0.004350	0.002236	0.002236
1139	31	31	62	0	P1	6	-0.003444	-0.003444	-0.000987	-0.000987
1139	31	31	62	0	P50	7	0.000882	0.000788	-0.000394	-0.000487
1139	31	31	62	0	P75	7	0.002286	0.002286	0.001008	0.001008
1139	31	31	62	0	P90	8	-0.001353	-0.001353	0.001109	0.001109
1139	31	31	62	0	P95	9	0.000104	0.000104	-0.001171	-0.001171
1139	31	31	62	0	P99	10	0.001276	0.001276	0.003745	0.003745
1139	31	31	62	0	P999	10	0.001276	0.001276	0.003745	0.003745
1140	31	31	62	1	P1	6	-0.001719	-0.001719	-0.000341	-0.000341
1140	31	31	62	1	P50	8	0.001235	0.000487	0.002607	0.001858
1140	31	31	62	1	P75	4077	0.002695	0.002695	0.000113	0.000113
1140	31	31	62	1	P90	5492	0.003815	0.003815	0.001219	0.001219
1140	31	31	62	1	P95	6745	0.003901	0.003901	0.001298	0.001298
1140	31	31	62	1	P99	9721	0.001001	0.001001	0.002133	0.002133
1140	31	31	62	1	P999	9721	0.001001	0.001001	0.002133	0.002133
1141	31	31	62	0	P1	6	-0.002573	-0.002573	-0.001008	-0.001008
1141	31	31	62	0	P50	7	-0.001918	-0.002018	-0.000351	-0.000452
1141	31	31	62	0	P75	7	-0.000404	-0.000404	0.001165	0.001165
1141	31	31	62	0	P90	8	-0.000626	-0.000626	0.000943	0.000943
1141	31	31	62	0	P95	8	0.000620	0.000620	0.002191	0.002191
1141	31	31	62	0	P99	1018	0.003024	0.003024	0.000850	0.000850
1141	31	31	62	0	P999	1018	0.003024	0.003024	0.000850	0.000850
1142	31	31	62	0	P1	6	-0.002591	-0.002591	-0.001026	-0.001026
1142	31	31	62	0	P50	7	-0.002147	-0.002240	-0.000581	-0.000674
1142	31	31	62	0	P75	7	-0.000747	-0.000747	0.000821	0.000821
1142	31	31	62	0	P90	8	-0.001767	-0.001767	-0.000200	-0.000200
1142	31	31	62	0	P95	8	0.001036	0.001036	0.002607	0.002607
1142	31	31	62	0	P99	684	0.000695	0.000695	0.002266	0.002266
1142	31	31	62	0	P999	684	0.000695	0.000695	0.002266	0.002266
1143	31	31	62	1	P1	6	-0.001701	-0.001701	-0.000860	-0.000860
1143	31	31	62	1	P50	1993	0.001795	-0.995979	0.001884	-0.995975
1143	31	31	62	1	P75	3516	0.002357	0.002357	0.002372	0.002372
1143	31	31	62	1	P90	5744	0.001260	0.001260	0.001211	0.001211
1143	31	31	62	1	P95	7901	0.000194	0.000194	0.000104	0.000104
1143	31	31	62	1	P99	16043	0.002218	0.002218	0.002036	0.002036
1143	31	31	62	1	P999	16043	0.002218	0.002218	0.002036	0.002036
1144	31	31	62	1	P1	6	-0.001423	-0.001423	-0.001067	-0.001067
1144	31	31	62	1	P50	7	-0.000997	-0.001103	-0.000674	-0.000781
1144	31	31	62	1	P75	7	0.000606	0.000606	0.000928	0.000928
1144	31	31	62	1	P90	8	-0.000026	-0.000026	0.000268	0.000268
1144	31	31	62	1	P95	8	0.001377	0.001377	0.001671	0.001671
1144	31	31	62	1	P99	3013	0.000753	0.000753	0.003507	0.003507
1144	31	31	62	1	P999	3013	0.000753	0.000753	0.003507	0.003507
1145	31	31	62	1	P1	5	0.001230	0.001230	0.001625	0.001625
1145	31	31	62	1	P50	7	-0.000183	-0.000293	0.000139	0.000029
1145	31	31	62	1	P75	8	-0.000360	-0.000360	-0.000066	-0.000066
1145	31	31	62	1	P90	788	-0.000273	-0.000273	0.002769	0.002769
1145	31	31	62	1	P95	942	0.000682	0.000682	0.003687	0.003687
1145	31	31	62	1	P99	2878	0.001730	0.001730	0.000748	0.000748
1145	31	31	62	1	P999	2878	0.001730	0.001730	0.000748	0.000748
1146	31	31	62	0	P1	6	-0.002591	-0.002591	-0.001026	-0.001026
1146	31	31	62	0	P50	7	-0.002064	-0.002162	-0.000497	-0.000595
1146	31	31	62	0	P75	7	-0.000590	-0.000590	0.000979	0.000979
1146	31	31	62	0	P90	8	-0.000833	-0.000833	0.000735	0.000735
1146	31	31	62	0	P95	8	0.001036	0.001036	0.002607	0.002607
1146	31	31	62	0	P99	1189	0.001004	0.001004	0.002575	0.002575
1146	31	31	62	0	P999	1189	0.001004	0.001004	0.002575	0.002575
1147	31	31	62	1	P1	6	-0.002237	-0.002237	-0.000901	-0.000901
1147	31	31	62	1	P50	520	0.002370	-0.980723	0.003527	-0.980697
1147	31	31	62	1	P75	994	0.001154	0.001154	0.002283	0.002283
1147	31	31	62	1	P90	1255	-0.000237	-0.000237	0.000881	0.000881
1147	31	31	62	1	P95	1500	0.000863	0.000863	0.001975	0.001975
1147	31	31	62	1	P99	1754	0.001431	0.001431	0.002537	0.002537
1147	31	31	62	1	P999	1754	0.001431	0.001431	0.002537	0.002537
1148	31	31	62	1	P1	6	-0.001423	-0.001423	-0.001067	-0.001067
1148	31	31	62	1	P50	7	-0.001077	-0.001178	-0.000755	-0.000856
1148	31	31	62	1	P75	7	0.000438	0.000438	0.000761	0.000761
1148	31	31	62	1	P90	8	-0.000493	-0.000493	-0.000200	-0.000200
1148	31	31	62	1	P95	8	0.002313	0.002313	0.002607	0.002607
1148	31	31	62	1	P99	2404	0.002232	0.002232	0.001288	0.001288
1148	31	31	62	1	P999	2404	0.002232	0.002232	0.001288	0.001288
1149	31	31	62	1	P1	2278	0.003941	0.003941	0.002796	0.002796
1149	31	31	62	1	P50	4109	0.001042	-0.006415	0.003514	-0.003960
1149	31	31	62	1	P75	4663	0.001683	0.001683	0.000382	0.000382
1149	31	31	62	1	P90	5574	-0.001049	-0.001049	0.001351	0.001351
1149	31	31	62	1	P95	8973	0.001410	0.001410	0.003709	0.003709
1149	31	31	62	1	P99	18440	0.002697	0.002697	0.001089	0.001089
1149	31	31	62	1	P999	18440	0.002697	0.002697	0.001089	0.001089
1150	31	31	62	1	P1	6	-0.001364	-0.001364	-0.001008	-0.001008
1150	31	31	62	1	P50	7	-0.000673	-0.000774	-0.000351	-0.000452
1150	31	31	62	1	P75	7	0.000842	0.000842	0.001165	0.001165
1150	31	31	62	1	P90	8	0.001689	0.001689	0.001983	0.001983
1150	31	31	62	1	P95	476	-0.000926	-0.000926	0.002223	0.002223
1150	31	31	62	1	P99	2427	0.000185	0.000185	0.002984	0.002984
1150	31	31	62	1	P999	2427	0.000185	0.000185	0.002984	0.002984
1151	31	31	62	1	P1	6	-0.002878	-0.002878	-0.000860	-0.000860
1151	31	31	62	1	P50	7	-0.000740	-0.000889	-0.000073	-0.000164
1151	31	31	62	1	P75	7	0.002599	0.002599	0.001296	0.001296
1151	31	31	62	1	P90	8	-0.000642	-0.000642	0.001359	0.001359
1151	31	31	62	1	P95	8	0.000605	0.000605	0.002607	0.002607
1151	31	31	62	1	P99	1117	0.003616	0.003616	0.001493	0.001493
1151	31	31	62	1	P999	1117	0.003616	0.003616	0.001493	0.001493
1152	31	31	62	0	P1	6	-0.003512	-0.003512	-0.001055	-0.001055
1152	31	31	62	0	P50	7	0.000708	0.000601	-0.000567	-0.000674
1152	31	31	62	0	P75	7	0.002312	0.002312	0.001035	0.001035
1152	31	31	62	0	P90	8	-0.001104	-0.001104	0.001359	0.001359
1152	31	31	62	0	P95	9	0.001975	0.001975	0.000698	0.000698
1152	31	31	62	0	P99	655	0.002008	0.002008	0.000731	0.000731
1152	31	31	62	0	P999	655	0.002008	0.002008	0.000731	0.000731
1153	31	31	62	0	P1	6	-0.002607	-0.002607	-0.001041	-0.001041
1153	31	31	62	0	P50	7	-0.002074	-0.002178	-0.000508	-0.000612
1153	31	31	62	0	P75	7	-0.000519	-0.000519	0.001050	0.001050
1153	31	31	62	0	P90	8	-0.000211	-0.000211	0.001359	0.001359
1153	31	31	62	0	P95	9	0.002871	0.002871	0.000698	0.000698
1153	31	31	62	0	P99	1201	0.002177	0.002177	0.000006	0.000006
1153	31	31	62	0	P999	1201	0.002177	0.002177	0.000006	0.000006
1154	31	31	62	0	P1	6	0.000326	0.000326	-0.000808	-0.000808
1154	31	31	62	0	P50	7	0.001208	0.001115	0.000073	-0.000020
1154	31	31	62	0	P75	7	0.002613	0.002613	0.001476	0.001476
1154	31	31	62	0	P90	8	-0.001019	-0.001019	0.001586	0.001586
1154	31	31	62	0	P95	8	-0.000000	-0.000000	0.002607	0.002607
1154	31	31	62	0	P99	11	0.003016	0.003016	0.001879	0.001879
1154	31	31	62	0	P999	11	0.003016	0.003016	0.001879	0.001879
1155	31	31	62	1	P1	6	-0.001148	-0.001148	-0.000808	-0.000808
1155	31	31	62	1	P50	302	0.001701	-0.970074	0.001181	-0.970178
1155	31	31	62	1	P75	772	0.001578	0.001578	0.000852	0.000852
1155	31	31	62	1	P90	903	0.001870	0.001870	0.001108	0.001108
1155	31	31	62	1	P95	1006	0.002280	0.002280	0.001495	0.001495
1155	31	31	62	1	P99	1179	0.000622	0.000622	0.003548	0.003548
1155	31	31	62	1	P999	1179	0.000622	0.000622	0.003548	0.003548
1156	31	31	62	1	P1	6	-0.003043	-0.003043	-0.001026	-0.001026
1156	31	31	62	1	P50	7	-0.001001	-0.001188	-0.000691	-0.000778
1156	31	31	62	1	P75	7	0.001510	0.001510	0.000612	0.000612
1156	31	31	62	1	P90	7	0.002976	0.002976	0.001396	0.001396
1156	31	31	62	1	P95	8	-0.001886	-0.001886	0.000112	0.000112
1156	31	31	62	1	P99	14	0.001727	0.001727	0.003689	0.003689
1156	31	31	62	1	P999	14	0.001727	0.001727	0.003689	0.003689
1157	31	31	62	1	P1	6	-0.001232	-0.001232	-0.000963	-0.000963
1157	31	31	62	1	P50	7	-0.000533	-0.000627	-0.000300	-0.000394
1157	31	31	62	1	P75	7	0.000869	0.000869	0.001102	0.001102
1157	31	31	62	1	P90	8	-0.001335	-0.001335	0.000361	0.000361
1157	31	31	62	1	P95	8	0.000533	0.000533	0.001483	0.001483
1157	31	31	62	1	P99	8	0.002406	0.002406	0.002607	0.002607
1157	31	31	62	1	P999	8	0.002406	0.002406	0.002607	0.002607
1158	31	31	62	0	P1	6	-0.002607	-0.002607	-0.001041	-0.001041
1158	31	31	62	0	P50	7	-0.002311	-0.002400	-0.000745	-0.000834
1158	31	31	62	0	P75	7	-0.000979	-0.000979	0.000590	0.000590
1158	31	31	62	0	P90	7	-0.000178	-0.000178	0.001391	0.001391
1158	31	31	62	0	P95	8	-0.001767	-0.001767	-0.000200	-0.000200
1158	31	31	62	0	P99	8	0.001036	0.001036	0.002607	0.002607
1158	31	31	62	0	P999	8	0.001036	0.001036	0.002607	0.002607
1159	31	31	62	0	P1	6	-0.002607	-0.002607	-0.001041	-0.001041
1159	31	31	62	0	P50	7	-0.002311	-0.002400	-0.000745	-0.000834
1159	31	31	62	0	P75	7	-0.000979	-0.000979	0.000590	0.000590
1159	31	31	62	0	P90	7	-0.000178	-0.000178	0.001391	0.001391
1159	31	31	62	0	P95	8	-0.000833	-0.000833	0.000735	0.000735
1159	31	31	62	0	P99	26	0.003583	0.003583	0.001408	0.001408
1159	31	31	62	0	P999	26	0.003583	0.003583	0.001408	0.001408
1160	31	31	62	1	P1	6	-0.001430	-0.001430	-0.000901	-0.000901
1160	31	31	62	1	P50	1338	0.000859	-0.993247	0.000385	-0.993269
1160	31	31	62	1	P75	2735	-0.000013	-0.000013	0.003123	0.003123
1160	31	31	62	1	P90	3170	0.001935	0.001935	0.001300	0.001300
1160	31	31	62	1	P95	4302	-0.000584	-0.000584	0.002466	0.002466
1160	31	31	62	1	P99	5112	0.002625	0.002625	0.001901	0.001901
1160	31	31	62	1	P999	5112	0.002625	0.002625	0.001901	0.001901
1161	31	31	62	1	P1	6	-0.002270	-0.002270	-0.001055	-0.001055
1161	31	31	62	1	P50	7	-0.001483	-0.001607	-0.000654	-0.000755
1161	31	31	62	1	P75	7	0.000385	0.000385	0.000862	0.000862
1161	31	31	62	1	P90	8	0.001451	0.001451	0.002607	0.002607
1161	31	31	62	1	P95	1074	0.003281	0.003281	0.003375	0.003375
1161	31	31	62	1	P99	2307	0.001429	0.001429	0.001357	0.001357
1161	31	31	62	1	P999	2307	0.001429	0.001429	0.001357	0.001357
1162	31	31	62	1	P1	6	-0.004584	-0.004584	-0.001026	-0.001026
1162	31	31	62	1	P50	7	-0.000457	-0.000558	-0.000452	-0.000553
1162	31	31	62	1	P75	7	0.001059	0.001059	0.001064	0.001064
1162	31	31	62	1	P90	8	-0.001850	-0.001850	0.001858	0.001858
1162	31	31	62	1	P95	15	-0.001563	-0.001563	0.001975	0.001975
1162	31	31	62	1	P99	1771	0.001864	0.001864	0.000364	0.000364
1162	31	31	62	1	P999	1771	0.001864	0.001864	0.000364	0.000364
1163	31	31	62	1	P1	6	-0.002219	-0.002219	-0.001067	-0.001067
1163	31	31	62	1	P50	7	-0.001622	-0.001743	-0.000481	-0.000602
1163	31	31	62	1	P75	7	0.000185	0.000185	0.001328	0.001328
1163	31	31	62	1	P90	8	0.001473	0.001473	0.002607	0.002607
1163	31	31	62	1	P95	822	0.000852	0.000852	0.001642	0.001642
1163	31	31	62	1	P99	2065	0.003056	0.003056	0.000035	0.000035
1163	31	31	62	1	P999	2065	0.003056	0.003056	0.000035	0.000035
1164	31	31	62	1	P1	6	-0.001332	-0.001332	-0.000808	-0.000808
1164	31	31	62	1	P50	665	0.000883	-0.172866	0.000530	-0.173128
1164	31	31	62	1	P75	1222	0.001829	0.001829	0.001362	0.001362
1164	31	31	62	1	P90	1403	0.002035	0.002035	0.001543	0.001543
1164	31	31	62	1	P95	1648	0.001848	0.001848	0.001325	0.001325
1164	31	31	62	1	P99	2187	-0.000722	-0.000722	0.002444	0.002444
1164	31	31	62	1	P999	2187	-0.000722	-0.000722	0.002444	0.002444
1165	31	31	62	0	P1	6	-0.002633	-0.002633	-0.001067	-0.001067
1165	31	31	62	0	P50	7	-0.002321	-0.002422	-0.000755	-0.000856
1165	31	31	62	0	P75	7	-0.000808	-0.000808	0.000761	0.000761
1165	31	31	62	0	P90	8	-0.001767	-0.001767	-0.000200	-0.000200
1165	31	31	62	0	P95	8	0.001036	0.001036	0.002607	0.002607
1165	31	31	62	0	P99	69	0.003180	0.003180	0.001006	0.001006
1165	31	31	62	0	P999	69	0.003180	0.003180	0.001006	0.001006
1166	31	31	62	0	P1	6	-0.003444	-0.003444	-0.000987	-0.000987
1166	31	31	62	0	P50	7	0.000758	0.000671	-0.000518	-0.000605
1166	31	31	62	0	P75	7	0.002064	0.002064	0.000786	0.000786
1166	31	31	62	0	P90	7	0.002848	0.002848	0.001570	0.001570
1166	31	31	62	0	P95	12	0.002116	0.002116	0.000839	0.000839
1166	31	31	62	0	P99	659	0.003399	0.003399	0.002120	0.002120
1166	31	31	62	0	P999	659	0.003399	0.003399	0.002120	0.002120
1167	31	31	62	1	P1	6	0.000845	0.000845	-0.000341	-0.000341
1167	31	31	62	1	P50	1002	0.002978	-0.992016	0.001741	-0.991995
1167	31	31	62	1	P75	1318	0.001731	0.001731	0.000494	0.000494
1167	31	31	62	1	P90	1761	0.003533	0.003533	0.002291	0.002291
1167	31	31	62	1	P95	1820	0.000477	0.000477	0.002980	0.002980
1167	31	31	62	1	P99	2630	0.002394	0.002394	0.001149	0.001149
1167	31	31	62	1	P999	2630	0.002394	0.002394	0.001149	0.001149
1168	31	31	62	1	P1	6	-0.002073	-0.002073	-0.000860	-0.000860
1168	31	31	62	1	P50	2018	-0.000218	-0.995526	0.000630	-0.995537
1168	31	31	62	1	P75	2442	-0.000280	-0.000280	0.000556	0.000556
1168	31	31	62	1	P90	2764	0.002962	0.002962	0.000047	0.000047
1168	31	31	62	1	P95	2824	0.000173	0.000173	0.001000	0.001000
1168	31	31	62	1	P99	3454	0.000657	0.000657	0.001472	0.001472
1168	31	31	62	1	P999	3454	0.000657	0.000657	0.001472	0.001472
1169	31	31	62	0	P1	6	-0.002620	-0.002620	-0.001055	-0.001055
1169	31	31	62	0	P50	7	-0.002260	-0.002358	-0.000694	-0.000792
1169	31	31	62	0	P75	7	-0.000787	-0.000787	0.000782	0.000782
1169	31	31	62	0	P90	8	-0.002166	-0.002166	-0.000600	-0.000600
1169	31	31	62	0	P95	8	-0.000567	-0.000567	0.001002	0.001002
1169	31	31	62	0	P99	8	0.001036	0.001036	0.002607	0.002607
1169	31	31	62	0	P999	8	0.001036	0.001036	0.002607	0.002607
1170	31	31	62	1	P1	6	-0.001812	-0.001812	-0.001105	-0.001105
1170	31	31	62	1	P50	7	-0.000161	-0.000428	-0.000923	-0.001048
1170	31	31	62	1	P75	7	0.003484	0.003484	0.000946	0.000946
1170	31	31	62	1	P90	8	-0.001007	-0.001007	0.000735	0.000735
1170	31	31	62	1	P95	8	0.001237	0.001237	0.002139	0.002139
1170	31	31	62	1	P99	15	0.001546	0.001546	0.001975	0.001975
1170	31	31	62	1	P999	15	0.001546	0.001546	0.001975	0.001975
1171	31	31	62	0	P1	6	-0.003498	-0.003498	-0.001041	-0.001041
1171	31	31	62	0	P50	7	0.000497	0.000410	-0.000778	-0.000865
1171	31	31	62	0	P75	7	0.001802	0.001802	0.000525	0.000525
1171	31	31	62	0	P90	7	0.002586	0.002586	0.001309	0.001309
1171	31	31	62	0	P95	7	0.002848	0.002848	0.001570	0.001570
1171	31	31	62	0	P99	11	0.003157	0.003157	0.001879	0.001879
1171	31	31	62	0	P999	11	0.003157	0.003157	0.001879	0.001879
1172	31	31	62	1	P1	6	-0.003025	-0.003025	-0.001008	-0.001008
1172	31	31	62	1	P50	7	-0.000441	-0.000649	-0.000487	-0.000581
1172	31	31	62	1	P75	7	0.002110	0.002110	0.000915	0.000915
1172	31	31	62	1	P90	8	-0.002064	-0.002064	-0.000066	-0.000066
1172	31	31	62	1	P95	8	-0.000464	-0.000464	0.001537	0.001537
1172	31	31	62	1	P99	69	0.002913	0.002913	0.001006	0.001006
1172	31	31	62	1	P999	69	0.002913	0.002913	0.001006	0.001006
1173	31	31	62	1	P1	6	-0.002168	-0.002168	-0.000808	-0.000808
1173	31	31	62	1	P50	633	0.000782	-0.985737	0.001254	-0.985772
1173	31	31	62	1	P75	1442	-0.000025	-0.000025	0.000289	0.000289
1173	31	31	62	1	P90	1556	0.000531	0.000531	0.000831	0.000831
1173	31	31	62	1	P95	1617	0.001333	0.001333	0.001626	0.001626
1173	31	31	62	1	P99	3117	-0.000697	-0.000697	0.003213	0.003213
1173	31	31	62	1	P999	3117	-0.000697	-0.000697	0.003213	0.003213
1174	31	31	62	1	P1	6	0.000494	0.000494	-0.000860	-0.000860
1174	31	31	62	1	P50	934	0.002555	-0.989279	0.000996	-0.989253
1174	31	31	62	1	P75	2628	-0.000231	-0.000231	0.001911	0.001911
1174	31	31	62	1	P90	2868	0.002094	0.002094	0.000491	0.000491
1174	31	31	62	1	P95	2972	0.000115	0.000115	0.002253	0.002253
1174	31	31	62	1	P99	4335	0.000178	0.000178	0.002300	0.002300
1174	31	31	62	1	P999	4335	0.000178	0.000178	0.002300	0.002300
1175	31	31	62	1	P1	6	-0.001294	-0.001294	-0.001026	-0.001026
1175	31	31	62	1	P50	7	-0.000773	-0.000868	-0.000540	-0.000636
1175	31	31	62	1	P75	7	0.000665	0.000665	0.000898	0.000898
1175	31	31	62	1	P90	8	-0.001335	-0.001335	0.000361	0.000361
1175	31	31	62	1	P95	8	0.002406	0.002406	0.002607	0.002607
1175	31	31	62	1	P99	10	0.003595	0.003595	0.003745	0.003745
1175	31	31	62	1	P999	10	0.003595	0.003595	0.003745	0.003745
1176	31	31	62	0	P1	5	0.000056	0.000056	0.001625	0.001625
1176	31	31	62	0	P50	7	-0.002453	-0.002560	-0.000888	-0.000994
1176	31	31	62	0	P75	7	-0.000854	-0.000854	0.000714	0.000714
1176	31	31	62	0	P90	8	-0.001767	-0.001767	-0.000200	-0.000200
1176	31	31	62	0	P95	8	0.001036	0.001036	0.002607	0.002607
1176	31	31	62	0	P99	10	0.002172	0.002172	0.003745	0.003745
1176	31	31	62	0	P999	10	0.002172	0.002172	0.003745	0.003745
1177	31	31	62	1	P1	6	-0.003059	-0.003059	-0.001041	-0.001041
1177	31	31	62	1	P50	7	-0.001031	-0.001227	-0.000636	-0.000732
1177	31	31	62	1	P75	7	0.001803	0.001803	0.000802	0.000802
1177	31	31	62	1	P90	8	-0.002383	-0.002383	-0.000387	-0.000387
1177	31	31	62	1	P95	8	-0.000143	-0.000143	0.001858	0.001858
1177	31	31	62	1	P99	12	0.002612	0.002612	0.000839	0.000839
1177	31	31	62	1	P999	12	0.002612	0.002612	0.000839	0.000839
1178	31	31	62	0	P1	6	-0.002620	-0.002620	-0.001055	-0.001055
1178	31	31	62	0	P50	7	-0.002333	-0.002427	-0.000767	-0.000861
1178	31	31	62	0	P75	7	-0.000934	-0.000934	0.000634	0.000634
1178	31	31	62	0	P90	7	-0.000093	-0.000093	0.001476	0.001476
1178	31	31	62	0	P95	8	-0.000211	-0.000211	0.001359	0.001359
1178	31	31	62	0	P99	9	0.002871	0.002871	0.000698	0.000698
1178	31	31	62	0	P999	9	0.002871	0.002871	0.000698	0.000698
1179	31	31	62	1	P1	6	-0.002826	-0.002826	-0.000808	-0.000808
1179	31	31	62	1	P50	7	-0.000591	-0.000740	-0.000339	-0.000415
1179	31	31	62	1	P75	7	0.001741	0.001741	0.000806	0.000806
1179	31	31	62	1	P90	7	0.003146	0.003146	0.001493	0.001493
1179	31	31	62	1	P95	8	-0.001264	-0.001264	0.000735	0.000735
1179	31	31	62	1	P99	9	0.002448	0.002448	0.000698	0.000698
1179	31	31	62	1	P999	9	0.002448	0.002448	0.000698	0.000698
1180	31	31	62	1	P1	6	0.001451	0.001451	-0.000860	-0.000860
1180	31	31	62	1	P50	1884	0.001867	-0.995208	0.002059	-0.995220
1180	31	31	62	1	P75	2798	-0.001072	-0.001072	0.000281	0.000281
1180	31	31	62	1	P90	3002	-0.000410	-0.000410	0.003426	0.003426
1180	31	31	62	1	P95	3048	-0.000661	-0.000661	0.003170	0.003170
1180	31	31	62	1	P99	3583	0.002132	0.002132	0.002185	0.002185
1180	31	31	62	1	P999	3583	0.002132	0.002132	0.002185	0.002185
1181	31	31	62	1	P1	6	-0.002826	-0.002826	-0.000808	-0.000808
1181	31	31	62	1	P50	7	-0.000856	-0.000995	-0.000300	-0.000378
1181	31	31	62	1	P75	7	0.001696	0.001696	0.000868	0.000868
1181	31	31	62	1	P90	7	0.003302	0.003302	0.001570	0.001570
1181	31	31	62	1	P95	8	0.000605	0.000605	0.002607	0.002607
1181	31	31	62	1	P99	1127	0.002176	0.002176	0.000056	0.000056
1181	31	31	62	1	P999	1127	0.002176	0.002176	0.000056	0.000056
1182	31	31	62	1	P1	6	-0.001423	-0.001423	-0.001067	-0.001067
1182	31	31	62	1	P50	7	-0.000747	-0.000872	-0.000425	-0.000550
1182	31	31	62	1	P75	7	0.001122	0.001122	0.001445	0.001445
1182	31	31	62	1	P90	9	0.002302	0.002302	-0.001171	-0.001171
1182	31	31	62	1	P95	11	0.001654	0.001654	0.001879	0.001879
1182	31	31	62	1	P99	4372	0.002349	0.002349	0.001276	0.001276
1182	31	31	62	1	P999	4372	0.002349	0.002349	0.001276	0.001276
1183	31	31	62	1	P1	6	-0.003085	-0.003085	-0.001067	-0.001067
1183	31	31	62	1	P50	7	-0.001271	-0.001479	-0.000630	-0.000740
1183	31	31	62	1	P75	7	0.002131	0.002131	0.001019	0.001019
1183	31	31	62	1	P90	8	-0.000997	-0.000997	0.001002	0.001002
1183	31	31	62	1	P95	8	0.000605	0.000605	0.002607	0.002607
1183	31	31	62	1	P99	1035	0.001352	0.001352	0.002983	0.002983
1183	31	31	62	1	P999	1035	0.001352	0.001352	0.002983	0.002983
1184	31	31	62	1	P1	6	-0.003072	-0.003072	-0.001055	-0.001055
1184	31	31	62	1	P50	7	-0.001629	-0.001799	-0.000802	-0.000893
1184	31	31	62	1	P75	7	0.001133	0.001133	0.000566	0.000566
1184	31	31	62	1	P90	7	0.002908	0.002908	0.001387	0.001387
1184	31	31	62	1	P95	8	-0.002197	-0.002197	-0.000200	-0.000200
1184	31	31	62	1	P99	8	0.000605	0.000605	0.002607	0.002607
1184	31	31	62	1	P999	8	0.000605	0.000605	0.002607	0.002607
1185	31	31	62	1	P1	6	-0.001733	-0.001733	-0.001026	-0.001026
1185	31	31	62	1	P50	7	0.000514	0.000317	-0.000354	-0.000461
1185	31	31	62	1	P75	7	0.003953	0.003953	0.001249	0.001249
1185	31	31	62	1	P90	8	0.001050	0.001050	0.002072	0.002072
1185	31	31	62	1	P95	13	-0.001179	-0.001179	0.003036	0.003036
1185	31	31	62	1	P99	733	0.001116	0.001116	0.000359	0.000359
1185	31	31	62	1	P999	733	0.001116	0.001116	0.000359	0.000359
1186	31	31	62	1	P1	6	-0.001734	-0.001734	-0.000741	-0.000741
1186	31	31	62	1	P50	470	-0.000593	-0.978664	0.003699	-0.978644
1186	31	31	62	1	P75	968	0.002149	0.002149	0.002623	0.002623
1186	31	31	62	1	P90	1151	0.000957	0.000957	0.001412	0.001412
1186	31	31	62	1	P95	1225	0.002201	0.002201	0.002651	0.002651
1186	31	31	62	1	P99	1995	0.000481	0.000481	0.000879	0.000879
1186	31	31	62	1	P999	1995	0.000481	0.000481	0.000879	0.000879
1187	31	31	62	1	P1	6	-0.001983	-0.001983	-0.000860	-0.000860
1187	31	31	62	1	P50	2697	0.001519	-0.995535	0.002160	-0.995547
1187	31	31	62	1	P75	3316	0.000503	0.000503	0.001127	0.001127
1187	31	31	62	1	P90	3898	-0.000456	-0.000456	0.000155	0.000155
1187	31	31	62	1	P95	6267	0.003212	0.003212	0.000042	0.000042
1187	31	31	62	1	P99	10045	0.002453	0.002453	0.002990	0.002990
1187	31	31	62	1	P999	10045	0.002453	0.002453	0.002990	0.002990
1188	31	31	62	0	P1	6	-0.002644	-0.002644	-0.001078	-0.001078
1188	31	31	62	0	P50	7	-0.002456	-0.002554	-0.000890	-0.000989
1188	31	31	62	0	P75	7	-0.000983	-0.000983	0.000585	0.000585
1188	31	31	62	0	P90	7	-0.000098	-0.000098	0.001471	0.001471
1188	31	31	62	0	P95	8	-0.000211	-0.000211	0.001359	0.001359
1188	31	31	62	0	P99	12	0.003013	0.003013	0.000839	0.000839
1188	31	31	62	0	P999	12	0.003013	0.003013	0.000839	0.000839
1189	31	31	62	1	P1	6	-0.003059	-0.003059	-0.001041	-0.001041
1189	31	31	62	1	P50	7	-0.001330	-0.001508	-0.000553	-0.000654
1189	31	31	62	1	P75	7	0.001897	0.001897	0.000963	0.000963
1189	31	31	62	1	P90	8	-0.001531	-0.001531	0.000468	0.000468
1189	31	31	62	1	P95	8	0.000070	0.000070	0.002072	0.002072
1189	31	31	62	1	P99	15	0.003767	0.003767	0.001975	0.001975
1189	31	31	62	1	P999	15	0.003767	0.003767	0.001975	0.001975
1190	31	31	62	0	P1	6	-0.002633	-0.002633	-0.001067	-0.001067
1190	31	31	62	0	P50	7	-0.002393	-0.002489	-0.000827	-0.000923
1190	31	31	62	0	P75	7	-0.000958	-0.000958	0.000610	0.000610
1190	31	31	62	0	P90	7	-0.000096	-0.000096	0.001474	0.001474
1190	31	31	62	0	P95	8	-0.000211	-0.000211	0.001359	0.001359
1190	31	31	62	0	P99	13	0.001464	0.001464	0.003036	0.003036
1190	31	31	62	0	P999	13	0.001464	0.001464	0.003036	0.003036
1191	31	31	62	0	P1	6	-0.002607	-0.002607	-0.001041	-0.001041
1191	31	31	62	0	P50	7	-0.002119	-0.002220	-0.000553	-0.000654
1191	31	31	62	0	P75	7	-0.000606	-0.000606	0.000963	0.000963
1191	31	31	62	0	P90	8	-0.000460	-0.000460	0.001109	0.001109
1191	31	31	62	0	P95	9	0.000999	0.000999	-0.001171	-0.001171
1191	31	31	62	0	P99	10	0.002172	0.002172	0.003745	0.003745
1191	31	31	62	0	P999	10	0.002172	0.002172	0.003745	0.003745
1192	31	31	62	1	P1	6	-0.001323	-0.001323	-0.001055	-0.001055
1192	31	31	62	1	P50	7	-0.000926	-0.001025	-0.000694	-0.000792
1192	31	31	62	1	P75	7	0.000549	0.000549	0.000782	0.000782
1192	31	31	62	1	P90	8	-0.004132	-0.004132	-0.000600	-0.000600
1192	31	31	62	1	P95	8	-0.001335	-0.001335	0.001002	0.001002
1192	31	31	62	1	P99	8	0.002406	0.002406	0.002607	0.002607
1192	31	31	62	1	P999	8	0.002406	0.002406	0.002607	0.002607
1193	31	31	62	1	P1	6	-0.000944	-0.000944	0.000594	0.000594
1193	31	31	62	1	P50	244	0.003602	-0.967178	0.001376	-0.967128
1193	31	31	62	1	P75	364	0.003581	0.003581	0.001352	0.001352
1193	31	31	62	1	P90	483	0.001061	0.001061	0.002577	0.002577
1193	31	31	62	1	P95	582	0.001507	0.001507	0.003023	0.003023
1193	31	31	62	1	P99	1142	0.000277	0.000277	0.001787	0.001787
1193	31	31	62	1	P999	1142	0.000277	0.000277	0.001787	0.001787
1194	31	31	62	1	P1	6	-0.001232	-0.001232	-0.000963	-0.000963
1194	31	31	62	1	P50	7	-0.000325	-0.000429	-0.000093	-0.000197
1194	31	31	62	1	P75	7	0.001233	0.001233	0.001466	0.001466
1194	31	31	62	1	P90	8	0.000266	0.000266	0.001359	0.001359
1194	31	31	62	1	P95	8	0.001870	0.001870	0.002295	0.002295
1194	31	31	62	1	P99	17	0.000136	0.000136	0.000162	0.000162
1194	31	31	62	1	P999	17	0.000136	0.000136	0.000162	0.000162
1195	31	31	62	1	P1	603	0.002164	0.002164	0.001214	0.001214
1195	31	31	62	1	P50	1199	0.002690	-0.001051	0.001674	-0.000197
1195	31	31	62	1	P75	1373	0.001758	0.001758	0.000729	0.000729
1195	31	31	62	1	P90	1613	0.001407	0.001407	0.000364	0.000364
1195	31	31	62	1	P95	1731	0.001833	0.001833	0.000782	0.000782
1195	31	31	62	1	P99	2313	-0.000164	-0.000164	0.002499	0.002499
1195	31	31	62	1	P999	2313	-0.000164	-0.000164	0.002499	0.002499
1196	31	31	62	1	P1	6	-0.001235	-0.001235	-0.000528	-0.000528
1196	31	31	62	1	P50	8	-0.000197	-0.000509	0.001151	0.000943
1196	31	31	62	1	P75	9	-0.000906	-0.000906	-0.000322	-0.000322
1196	31	31	62	1	P90	10	-0.000552	-0.000552	0.003745	0.003745
1196	31	31	62	1	P95	31	0.000994	0.000994	0.001201	0.001201
1196	31	31	62	1	P99	82	0.000428	0.000428	0.000339	0.000339
1196	31	31	62	1	P999	82	0.000428	0.000428	0.000339	0.000339
1197	31	31	62	0	P1	6	-0.002553	-0.002553	-0.000987	-0.000987
1197	31	31	62	0	P50	7	-0.001446	-0.001566	0.000122	0.000001
1197	31	31	62	0	P75	8	-0.001100	-0.001100	0.000468	0.000468
1197	31	31	62	0	P90	10	-0.000634	-0.000634	0.000935	0.000935
1197	31	31	62	0	P95	10	0.002172	0.002172	0.003745	0.003745
1197	31	31	62	0	P99	68	0.002826	0.002826	0.000653	0.000653
1197	31	31	62	0	P999	68	0.002826	0.002826	0.000653	0.000653
1198	31	31	62	1	P1	6	-0.003005	-0.003005	-0.000987	-0.000987
1198	31	31	62	1	P50	7	0.000069	-0.000101	-0.000300	-0.000399
1198	31	31	62	1	P75	7	0.002621	0.002621	0.001176	0.001176
1198	31	31	62	1	P90	8	-0.001057	-0.001057	0.000943	0.000943
1198	31	31	62	1	P95	8	0.000189	0.000189	0.002191	0.002191
1198	31	31	62	1	P99	9	0.002448	0.002448	0.000698	0.000698
1198	31	31	62	1	P999	9	0.002448	0.002448	0.000698	0.000698
1199	31	31	62	1	P1	6	-0.003072	-0.003072	-0.001055	-0.001055
1199	31	31	62	1	P50	7	-0.001227	-0.001424	-0.000654	-0.000755
1199	31	31	62	1	P75	7	0.001845	0.001845	0.000862	0.000862
1199	31	31	62	1	P90	8	-0.001886	-0.001886	0.000112	0.000112
1199	31	31	62	1	P95	8	-0.000019	-0.000019	0.001983	0.001983
1199	31	31	62	1	P99	12	0.002612	0.002612	0.000839	0.000839
1199	31	31	62	1	P999	12	0.002612	0.002612	0.000839	0.000839
1200	31	31	62	1	P1	6	-0.003005	-0.003005	-0.000987	-0.000987
1200	31	31	62	1	P50	7	-0.000441	-0.000638	-0.000394	-0.000487
1200	31	31	62	1	P75	7	0.002231	0.002231	0.001008	0.001008
1200	31	31	62	1	P90	8	-0.001531	-0.001531	0.000468	0.000468
1200	31	31	62	1	P95	8	0.000070	0.000070	0.002072	0.002072
1200	31	31	62	1	P99	13	0.001070	0.001070	0.003036	0.003036
1200	31	31	62	1	P999	13	0.001070	0.001070	0.003036	0.003036
1201	31	31	62	0	P1	6	-0.002591	-0.002591	-0.001026	-0.001026
1201	31	31	62	0	P50	7	-0.002064	-0.002162	-0.000497	-0.000595
1201	31	31	62	0	P75	7	-0.000590	-0.000590	0.000979	0.000979
1201	31	31	62	0	P90	8	-0.001100	-0.001100	0.000468	0.000468
1201	31	31	62	0	P95	8	0.000501	0.000501	0.002072	0.002072
1201	31	31	62	0	P99	9	0.002871	0.002871	0.000698	0.000698
1201	31	31	62	0	P999	9	0.002871	0.002871	0.000698	0.000698
1202	31	31	62	0	P1	6	-0.002633	-0.002633	-0.001067	-0.001067
1202	31	31	62	0	P50	7	-0.002459	-0.002549	-0.000893	-0.000984
1202	31	31	62	0	P75	7	-0.001093	-0.001093	0.000475	0.000475
1202	31	31	62	0	P90	7	-0.000273	-0.000273	0.001296	0.001296
1202	31	31	62	0	P95	7	-0.000000	-0.000000	0.001570	0.001570
1202	31	31	62	0	P99	9	0.002871	0.002871	0.000698	0.000698
1202	31	31	62	0	P999	9	0.002871	0.002871	0.000698	0.000698
1203	31	31	62	1	P1	820	0.004042	0.004042	0.000339	0.000339
1203	31	31	62	1	P50	1433	0.000023	-0.004639	0.000009	-0.004653
1203	31	31	62	1	P75	1640	0.000612	0.000612	0.000584	0.000584
1203	31	31	62	1	P90	1902	0.000067	0.000067	0.000024	0.000024
1203	31	31	62	1	P95	2029	0.002724	0.002724	0.002673	0.002673
1203	31	31	62	1	P99	2857	0.000681	0.000681	0.000596	0.000596
1203	31	31	62	1	P999	2857	0.000681	0.000681	0.000596	0.000596
1204	31	31	62	0	P1	6	-0.002467	-0.002467	-0.000901	-0.000901
1204	31	31	62	0	P50	7	-0.000801	-0.000934	0.000768	0.000634
1204	31	31	62	0	P75	8	0.000662	0.000662	0.002232	0.002232
1204	31	31	62	0	P90	9	0.002122	0.002122	-0.000050	-0.000050
1204	31	31	62	0	P95	11	-0.001559	-0.001559	0.000008	0.000008
1204	31	31	62	0	P99	26	0.003583	0.003583	0.001408	0.001408
1204	31	31	62	0	P999	26	0.003583	0.003583	0.001408	0.001408
1205	31	31	62	1	P1	6	-0.003105	-0.003105	-0.001088	-0.001088
1205	31	31	62	1	P50	7	-0.001188	-0.001437	-0.000623	-0.000751
1205	31	31	62	1	P75	7	0.002767	0.002767	0.001312	0.001312
1205	31	31	62	1	P90	8	-0.000755	-0.000755	0.001245	0.001245
1205	31	31	62	1	P95	8	0.000265	0.000265	0.002266	0.002266
1205	31	31	62	1	P99	13	0.001070	0.001070	0.003036	0.003036
1205	31	31	62	1	P999	13	0.001070	0.001070	0.003036	0.003036
1206	31	31	62	1	P1	6	-0.003085	-0.003085	-0.001067	-0.001067
1206	31	31	62	1	P50	7	-0.001424	-0.001620	-0.000674	-0.000781
1206	31	31	62	1	P75	7	0.001897	0.001897	0.000928	0.000928
1206	31	31	62	1	P90	8	-0.001731	-0.001731	0.000268	0.000268
1206	31	31	62	1	P95	8	-0.000330	-0.000330	0.001671	0.001671
1206	31	31	62	1	P99	9	0.002448	0.002448	0.000698	0.000698
1206	31	31	62	1	P999	9	0.002448	0.002448	0.000698	0.000698
1207	31	31	62	0	P1	6	-0.002620	-0.002620	-0.001055	-0.001055
1207	31	31	62	0	P50	7	-0.002333	-0.002427	-0.000767	-0.000861
1207	31	31	62	0	P75	7	-0.000934	-0.000934	0.000634	0.000634
1207	31	31	62	0	P90	7	-0.000093	-0.000093	0.001476	0.001476
1207	31	31	62	0	P95	8	-0.000211	-0.000211	0.001359	0.001359
1207	31	31	62	0	P99	9	0.002871	0.002871	0.000698	0.000698
1207	31	31	62	0	P999	9	0.002871	0.002871	0.000698	0.000698
1208	31	31	62	1	P1	6	-0.001294	-0.001294	-0.001026	-0.001026
1208	31	31	62	1	P50	7	-0.000889	-0.000978	-0.000656	-0.000745
1208	31	31	62	1	P75	7	0.000446	0.000446	0.000679	0.000679
1208	31	31	62	1	P90	7	0.001248	0.001248	0.001481	0.001481
1208	31	31	62	1	P95	8	-0.001335	-0.001335	0.002607	0.002607
1208	31	31	62	1	P99	10	0.003595	0.003595	0.003745	0.003745
1208	31	31	62	1	P999	10	0.003595	0.003595	0.003745	0.003745
1209	31	31	62	1	P1	6	-0.003059	-0.003059	-0.001041	-0.001041
1209	31	31	62	1	P50	7	-0.001460	-0.001629	-0.000745	-0.000834
1209	31	31	62	1	P75	7	0.001242	0.001242	0.000590	0.000590
1209	31	31	62	1	P90	7	0.002927	0.002927	0.001391	0.001391
1209	31	31	62	1	P95	9	0.002448	0.002448	0.000698	0.000698
1209	31	31	62	1	P99	12	0.002612	0.002612	0.000839	0.000839
1209	31	31	62	1	P999	12	0.002612	0.002612	0.000839	0.000839
1210	31	31	62	1	P1	6	-0.003005	-0.003005	-0.000987	-0.000987
1210	31	31	62	1	P50	7	-0.000797	-0.000975	-0.000437	-0.000528
1210	31	31	62	1	P75	7	0.001991	0.001991	0.000931	0.000931
1210	31	31	62	1	P90	8	-0.002064	-0.002064	-0.000066	-0.000066
1210	31	31	62	1	P95	8	-0.000464	-0.000464	0.001537	0.001537
1210	31	31	62	1	P99	9	0.002448	0.002448	0.000698	0.000698
1210	31	31	62	1	P999	9	0.002448	0.002448	0.000698	0.000698
1211	31	31	62	1	P1	6	-0.003043	-0.003043	-0.001026	-0.001026
1211	31	31	62	1	P50	7	-0.000834	-0.001031	-0.000404	-0.000508
1211	31	31	62	1	P75	7	0.002420	0.002420	0.001154	0.001154
1211	31	31	62	1	P90	8	-0.001057	-0.001057	0.000943	0.000943
1211	31	31	62	1	P95	8	0.000189	0.000189	0.002191	0.002191
1211	31	31	62	1	P99	9	0.002448	0.002448	0.000698	0.000698
1211	31	31	62	1	P999	9	0.002448	0.002448	0.000698	0.000698
1212	31	31	62	1	P1	6	-0.003085	-0.003085	-0.001067	-0.001067
1212	31	31	62	1	P50	7	-0.001424	-0.001620	-0.000584	-0.000697
1212	31	31	62	1	P75	7	0.002231	0.002231	0.001116	0.001116
1212	31	31	62	1	P90	8	-0.000464	-0.000464	0.001537	0.001537
1212	31	31	62	1	P95	9	-0.000358	-0.000358	-0.002104	-0.002104
1212	31	31	62	1	P99	9	0.002448	0.002448	0.000698	0.000698
1212	31	31	62	1	P999	9	0.002448	0.002448	0.000698	0.000698
1213	31	31	62	1	P1	6	0.000328	0.000328	0.000594	0.000594
1213	31	31	62	1	P50	704	-0.000050	-0.247362	0.003352	-0.247592
1213	31	31	62	1	P75	3150	0.000685	0.000685	0.000152	0.000152
1213	31	31	62	1	P90	5641	0.001223	0.001223	0.000616	0.000616
1213	31	31	62	1	P95	7078	0.002340	0.002340	0.001703	0.001703
1213	31	31	62	1	P99	13760	-0.000733	-0.000733	0.002287	0.002287
1213	31	31	62	1	P999	13760	-0.000733	-0.000733	0.002287	0.002287
1214	31	31	62	1	P1	6	-0.001692	-0.001692	-0.000935	-0.000935
1214	31	31	62	1	P50	7	-0.000268	-0.000393	0.000447	0.000323
1214	31	31	62	1	P75	8	0.000991	0.000991	0.001671	0.001671
1214	31	31	62	1	P90	10	0.001253	0.001253	0.001871	0.001871
1214	31	31	62	1	P95	683	0.000529	0.000529	0.003733	0.003733
1214	31	31	62	1	P99	1260	0.001352	0.001352	0.000642	0.000642
1214	31	31	62	1	P999	1260	0.001352	0.001352	0.000642	0.000642
1215	31	31	62	1	P1	6	-0.004292	-0.004292	-0.000808	-0.000808
1215	31	31	62	1	P50	7	0.000305	0.000207	0.000191	0.000093
1215	31	31	62	1	P75	8	-0.004107	-0.004107	-0.000794	-0.000794
1215	31	31	62	1	P90	8	0.001993	0.001993	0.002266	0.002266
1215	31	31	62	1	P95	10	0.000168	0.000168	0.003745	0.003745
1215	31	31	62	1	P99	2042	0.001007	0.001007	0.000021	0.000021
1215	31	31	62	1	P999	2042	0.001007	0.001007	0.000021	0.000021
1216	31	31	62	1	P1	6	0.000026	0.000026	-0.001055	-0.001055
1216	31	31	62	1	P50	7	0.000701	0.000584	-0.000417	-0.000534
1216	31	31	62	1	P75	7	0.002457	0.002457	0.001336	0.001336
1216	31	31	62	1	P90	8	0.003762	0.003762	0.002607	0.002607
1216	31	31	62	1	P95	481	0.001379	0.001379	0.002990	0.002990
1216	31	31	62	1	P99	1775	0.004299	0.004299	0.001848	0.001848
1216	31	31	62	1	P999	1775	0.004299	0.004299	0.001848	0.001848
1217	31	31	62	1	P1	6	-0.003667	-0.003667	-0.001008	-0.001008
1217	31	31	62	1	P50	7	0.000758	0.000645	-0.000131	-0.000244
1217	31	31	62	1	P75	7	0.002460	0.002460	0.001570	0.001570
1217	31	31	62	1	P90	457	-0.000586	-0.000586	0.001839	0.001839
1217	31	31	62	1	P95	1061	0.001997	0.001997	0.000596	0.000596
1217	31	31	62	1	P99	2008	0.003330	0.003330	0.001862	0.001862
1217	31	31	62	1	P999	2008	0.003330	0.003330	0.001862	0.001862
1218	31	31	62	1	P1	6	-0.000316	-0.000316	-0.001008	-0.001008
1218	31	31	62	1	P50	7	0.000343	0.000242	-0.000351	-0.000452
1218	31	31	62	1	P75	7	0.001860	0.001860	0.001165	0.001165
1218	31	31	62	1	P90	11	0.002579	0.002579	0.001879	0.001879
1218	31	31	62	1	P95	590	0.001327	0.001327	0.000580	0.000580
1218	31	31	62	1	P99	4408	0.001320	0.001320	0.000550	0.000550
1218	31	31	62	1	P999	4408	0.001320	0.001320	0.000550	0.000550
1219	31	31	62	1	P1	6	-0.002615	-0.002615	-0.001008	-0.001008
1219	31	31	62	1	P50	7	0.001986	0.001876	-0.000191	-0.000300
1219	31	31	62	1	P75	7	0.003640	0.003640	0.001460	0.001460
1219	31	31	62	1	P90	9	0.002951	0.002951	0.000698	0.000698
1219	31	31	62	1	P95	379	0.001707	0.001707	0.002089	0.002089
1219	31	31	62	1	P99	581	0.004494	0.004494	0.001000	0.001000
1219	31	31	62	1	P999	581	0.004494	0.004494	0.001000	0.001000
1220	31	31	62	1	P1	6	-0.002240	-0.002240	-0.001041	-0.001041
1220	31	31	62	1	P50	7	0.001827	0.001723	-0.000508	-0.000612
1220	31	31	62	1	P75	7	0.003389	0.003389	0.001050	0.001050
1220	31	31	62	1	P90	8	0.000477	0.000477	0.001858	0.001858
1220	31	31	62	1	P95	401	0.001100	0.001100	0.001732	0.001732
1220	31	31	62	1	P99	1061	0.000150	0.000150	0.000596	0.000596
1220	31	31	62	1	P999	1061	0.000150	0.000150	0.000596	0.000596
1221	31	31	62	1	P1	6	-0.001550	-0.001550	-0.001088	-0.001088
1221	31	31	62	1	P50	7	-0.001164	-0.001284	-0.000722	-0.000843
1221	31	31	62	1	P75	7	0.000645	0.000645	0.001087	0.001087
1221	31	31	62	1	P90	9	0.000290	0.000290	0.000698	0.000698
1221	31	31	62	1	P95	715	-0.000768	-0.000768	0.002798	0.002798
1221	31	31	62	1	P99	1172	0.002265	0.002265	0.002023	0.002023
1221	31	31	62	1	P999	1172	0.002265	0.002265	0.002023	0.002023
1222	31	31	62	1	P1	6	0.000778	0.000778	-0.000341	-0.000341
1222	31	31	62	1	P50	1407	0.000441	-0.311609	0.002436	-0.310207
1222	31	31	62	1	P75	3803	0.000523	0.000523	0.002403	0.002403
1222	31	31	62	1	P90	5723	0.003048	0.003048	0.001136	0.001136
1222	31	31	62	1	P95	7544	-0.000313	-0.000313	0.001486	0.001486
1222	31	31	62	1	P99	13297	0.001137	0.001137	0.002874	0.002874
1222	31	31	62	1	P999	13297	0.001137	0.001137	0.002874	0.002874
1223	31	31	62	1	P1	6	-0.003005	-0.003005	-0.000987	-0.000987
1223	31	31	62	1	P50	7	-0.000263	-0.000441	-0.000348	-0.000444
1223	31	31	62	1	P75	7	0.002410	0.002410	0.001090	0.001090
1223	31	31	62	1	P90	8	-0.000143	-0.000143	0.001858	0.001858
1223	31	31	62	1	P95	11	-0.000098	-0.000098	0.001879	0.001879
1223	31	31	62	1	P99	1343	0.002528	0.002528	0.000393	0.000393
1223	31	31	62	1	P999	1343	0.002528	0.002528	0.000393	0.000393
1224	31	31	62	1	P1	6	-0.003043	-0.003043	-0.001026	-0.001026
1224	31	31	62	1	P50	7	-0.000441	-0.000661	-0.000300	-0.000410
1224	31	31	62	1	P75	7	0.002861	0.002861	0.001350	0.001350
1224	31	31	62	1	P90	11	0.003647	0.003647	0.001879	0.001879
1224	31	31	62	1	P95	534	0.001443	0.001443	0.003125	0.003125
1224	31	31	62	1	P99	1191	0.003018	0.003018	0.000891	0.000891
1224	31	31	62	1	P999	1191	0.003018	0.003018	0.000891	0.000891
1225	31	31	62	0	P1	6	-0.001291	-0.001291	-0.000935	-0.000935
1225	31	31	62	0	P50	7	-0.000370	-0.000471	-0.000048	-0.000149
1225	31	31	62	0	P75	7	0.001146	0.001146	0.001469	0.001469
1225	31	31	62	0	P90	1108	0.002885	0.002885	0.002109	0.002109
1225	31	31	62	0	P95	1361	-0.000888	-0.000888	0.002033	0.002033
1225	31	31	62	0	P99	2857	0.001576	0.001576	0.000596	0.000596
1225	31	31	62	0	P999	2857	0.001576	0.001576	0.000596	0.000596
1226	31	31	62	1	P1	6	-0.003059	-0.003059	-0.001041	-0.001041
1226	31	31	62	1	P50	7	-0.000441	-0.000675	-0.000410	-0.000520
1226	31	31	62	1	P75	7	0.002678	0.002678	0.001239	0.001239
1226	31	31	62	1	P90	8	0.000605	0.000605	0.002607	0.002607
1226	31	31	62	1	P95	749	0.003285	0.003285	0.001194	0.001194
1226	31	31	62	1	P99	1125	0.003957	0.003957	0.001833	0.001833
1226	31	31	62	1	P999	1125	0.003957	0.003957	0.001833	0.001833
1227	31	31	62	1	P1	6	-0.003025	-0.003025	-0.001008	-0.001008
1227	31	31	62	1	P50	7	-0.000815	-0.001001	-0.000399	-0.000497
1227	31	31	62	1	P75	7	0.002261	0.002261	0.001077	0.001077
1227	31	31	62	1	P90	8	-0.000642	-0.000642	0.001359	0.001359
1227	31	31	62	1	P95	9	0.000576	0.000576	-0.001171	-0.001171
1227	31	31	62	1	P99	1195	0.003404	0.003404	0.001277	0.001277
1227	31	31	62	1	P999	1195	0.003404	0.003404	0.001277	0.001277
1228	31	31	62	1	P1	6	-0.000990	-0.000990	-0.000528	-0.000528
1228	31	31	62	1	P50	436	0.000669	-0.028817	0.000285	-0.029184
1228	31	31	62	1	P75	711	0.001410	0.001410	0.000929	0.000929
1228	31	31	62	1	P90	884	0.000469	0.000469	0.003690	0.003690
1228	31	31	62	1	P95	964	-0.000175	-0.000175	0.003027	0.003027
1228	31	31	62	1	P99	2124	0.002467	0.002467	0.001769	0.001769
1228	31	31	62	1	P999	2124	0.002467	0.002467	0.001769	0.001769
1229	31	31	62	1	P1	6	-0.003150	-0.003150	-0.000987	-0.000987
1229	31	31	62	1	P50	7	-0.000946	-0.001124	-0.000437	-0.000528
1229	31	31	62	1	P75	7	0.001841	0.001841	0.000931	0.000931
1229	31	31	62	1	P90	8	-0.001790	-0.001790	0.000361	0.000361
1229	31	31	62	1	P95	8	0.000451	0.000451	0.002607	0.002607
1229	31	31	62	1	P99	5935	0.004074	0.004074	0.002144	0.002144
1229	31	31	62	1	P999	5935	0.004074	0.004074	0.002144	0.002144
1230	31	31	62	1	P1	6	-0.001236	-0.001236	-0.000808	-0.000808
1230	31	31	62	1	P50	2992	0.000117	-0.996646	0.003024	-0.996645
1230	31	31	62	1	P75	3993	-0.000602	-0.000602	0.002244	0.002244
1230	31	31	62	1	P90	5771	0.001229	0.001229	0.000259	0.000259
1230	31	31	62	1	P95	6690	-0.000729	-0.000729	0.002011	0.002011
1230	31	31	62	1	P99	9509	-0.000914	-0.000914	0.001754	0.001754
1230	31	31	62	1	P999	9509	-0.000914	-0.000914	0.001754	0.001754
1231	31	31	62	1	P1	6	-0.003085	-0.003085	-0.001067	-0.001067
1231	31	31	62	1	P50	7	-0.001686	-0.001864	-0.000674	-0.000781
1231	31	31	62	1	P75	7	0.001696	0.001696	0.000928	0.000928
1231	31	31	62	1	P90	8	-0.001264	-0.001264	0.000735	0.000735
1231	31	31	62	1	P95	8	0.000605	0.000605	0.002607	0.002607
1231	31	31	62	1	P99	11	0.003647	0.003647	0.001879	0.001879
1231	31	31	62	1	P999	11	0.003647	0.003647	0.001879	0.001879
1232	31	31	62	1	P1	6	-0.002615	-0.002615	-0.001008	-0.001008
1232	31	31	62	1	P50	7	-0.000553	-0.000731	-0.000528	-0.000619
1232	31	31	62	1	P75	7	0.002227	0.002227	0.000839	0.000839
1232	31	31	62	1	P90	8	-0.001953	-0.001953	-0.000387	-0.000387
1232	31	31	62	1	P95	8	0.000289	0.000289	0.001858	0.001858
1232	31	31	62	1	P99	11	0.000357	0.000357	0.001879	0.001879
1232	31	31	62	1	P999	11	0.000357	0.000357	0.001879	0.001879
1233	31	31	62	0	P1	6	-0.002553	-0.002553	-0.000987	-0.000987
1233	31	31	62	0	P50	7	-0.001648	-0.001757	-0.000081	-0.000191
1233	31	31	62	0	P75	7	-0.000000	-0.000000	0.001570	0.001570
1233	31	31	62	0	P90	8	0.000662	0.000662	0.002232	0.002232
1233	31	31	62	0	P95	11	0.000308	0.000308	0.001879	0.001879
1233	31	31	62	0	P99	1131	0.002423	0.002423	0.000251	0.000251
1233	31	31	62	0	P999	1131	0.002423	0.002423	0.000251	0.000251
1234	31	31	62	0	P1	6	-0.002467	-0.002467	-0.000901	-0.000901
1234	31	31	62	0	P50	7	-0.001867	-0.001952	-0.000300	-0.000385
1234	31	31	62	0	P75	7	-0.000594	-0.000594	0.000974	0.000974
1234	31	31	62	0	P90	8	-0.001456	-0.001456	0.000112	0.000112
1234	31	31	62	0	P95	8	0.000412	0.000412	0.001983	0.001983
1234	31	31	62	0	P99	1251	0.002507	0.002507	0.000335	0.000335
1234	31	31	62	0	P999	1251	0.002507	0.002507	0.000335	0.000335
1235	31	31	62	1	P1	6	0.001405	0.001405	-0.000901	-0.000901
1235	31	31	62	1	P50	490	-0.001090	-0.983653	0.001269	-0.983631
1235	31	31	62	1	P75	800	0.002222	0.002222	0.002607	0.002607
1235	31	31	62	1	P90	964	-0.001060	-0.001060	0.003027	0.003027
1235	31	31	62	1	P95	1156	0.000509	0.000509	0.000815	0.000815
1235	31	31	62	1	P99	1641	0.001614	0.001614	0.001845	0.001845
1235	31	31	62	1	P999	1641	0.001614	0.001614	0.001845	0.001845
1236	31	31	62	0	P1	6	-0.002553	-0.002553	-0.000987	-0.000987
1236	31	31	62	0	P50	7	-0.002157	-0.002240	-0.000591	-0.000674
1236	31	31	62	0	P75	7	-0.000913	-0.000913	0.000655	0.000655
1236	31	31	62	0	P90	7	-0.000166	-0.000166	0.001403	0.001403
1236	31	31	62	0	P95	8	-0.001767	-0.001767	-0.000200	-0.000200
1236	31	31	62	0	P99	8	0.001036	0.001036	0.002607	0.002607
1236	31	31	62	0	P999	8	0.001036	0.001036	0.002607	0.002607
1237	31	31	62	1	P1	6	-0.002407	-0.002407	-0.000935	-0.000935
1237	31	31	62	1	P50	313	0.001376	-0.958401	0.002787	-0.958340
1237	31	31	62	1	P75	570	0.000026	0.000026	0.001426	0.001426
1237	31	31	62	1	P90	690	0.003354	0.003354	0.001006	0.001006
1237	31	31	62	1	P95	724	0.000105	0.000105	0.001500	0.001500
1237	31	31	62	1	P99	1732	0.002565	0.002565	0.000204	0.000204
1237	31	31	62	1	P999	1732	0.002565	0.002565	0.000204	0.000204
1238	31	31	62	1	P1	6	-0.001294	-0.001294	-0.000860	-0.000860
1238	31	31	62	1	P50	2401	-0.000424	-0.993742	0.002539	-0.993740
1238	31	31	62	1	P75	3145	-0.001164	-0.001164	0.001742	0.001742
1238	31	31	62	1	P90	4309	0.001736	0.001736	0.000838	0.000838
1238	31	31	62	1	P95	5439	0.000646	0.000646	0.003446	0.003446
1238	31	31	62	1	P99	9126	-0.000943	-0.000943	0.001748	0.001748
1238	31	31	62	1	P999	9126	-0.000943	-0.000943	0.001748	0.001748
1239	31	31	62	1	P1	6	-0.001397	-0.001397	-0.001041	-0.001041
1239	31	31	62	1	P50	7	-0.000783	-0.000890	-0.000461	-0.000567
1239	31	31	62	1	P75	7	0.000819	0.000819	0.001142	0.001142
1239	31	31	62	1	P90	8	0.000909	0.000909	0.001203	0.001203
1239	31	31	62	1	P95	8	0.002313	0.002313	0.002607	0.002607
1239	31	31	62	1	P99	3114	0.001431	0.001431	0.000433	0.000433
1239	31	31	62	1	P999	3114	0.001431	0.001431	0.000433	0.000433
1240	31	31	62	1	P1	6	-0.001356	-0.001356	-0.001088	-0.001088
1240	31	31	62	1	P50	7	-0.001000	-0.001117	-0.000767	-0.000884
1240	31	31	62	1	P75	7	0.000752	0.000752	0.000985	0.000985
1240	31	31	62	1	P90	8	-0.001335	-0.001335	0.001359	0.001359
1240	31	31	62	1	P95	11	0.001751	0.001751	0.001879	0.001879
1240	31	31	62	1	P99	14	0.003618	0.003618	0.003689	0.003689
1240	31	31	62	1	P999	14	0.003618	0.003618	0.003689	0.003689
1241	31	31	62	1	P1	6	-0.003005	-0.003005	-0.000987	-0.000987
1241	31	31	62	1	P50	7	-0.000254	-0.000441	-0.000300	-0.000399
1241	31	31	62	1	P75	7	0.002553	0.002553	0.001176	0.001176
1241	31	31	62	1	P90	8	-0.000019	-0.000019	0.001983	0.001983
1241	31	31	62	1	P95	9	0.002448	0.002448	0.000698	0.000698
1241	31	31	62	1	P99	1707	0.001943	0.001943	0.003535	0.003535
1241	31	31	62	1	P999	1707	0.001943	0.001943	0.003535	0.003535
1242	31	31	62	0	P1	6	-0.002529	-0.002529	-0.000963	-0.000963
1242	31	31	62	0	P50	7	-0.002074	-0.002157	-0.000508	-0.000591
1242	31	31	62	0	P75	7	-0.000830	-0.000830	0.000738	0.000738
1242	31	31	62	0	P90	7	-0.000083	-0.000083	0.001487	0.001487
1242	31	31	62	0	P95	8	-0.000211	-0.000211	0.001359	0.001359
1242	31	31	62	0	P99	1586	0.000724	0.000724	0.002295	0.002295
1242	31	31	62	0	P999	1586	0.000724	0.000724	0.002295	0.002295
1243	31	31	62	1	P1	6	-0.001853	-0.001853	-0.000652	-0.000652
1243	31	31	62	1	P50	583	0.000398	-0.984512	0.001302	-0.984552
1243	31	31	62	1	P75	1031	0.002249	0.002249	0.003117	0.003117
1243	31	31	62	1	P90	1216	-0.000179	-0.000179	0.000676	0.000676
1243	31	31	62	1	P95	1386	0.001674	0.001674	0.002522	0.002522
1243	31	31	62	1	P99	3348	0.001950	0.001950	0.002741	0.002741
1243	31	31	62	1	P999	3348	0.001950	0.001950	0.002741	0.002741
1244	31	31	62	0	P1	6	-0.002653	-0.002653	-0.001088	-0.001088
1244	31	31	62	0	P50	7	-0.002522	-0.002623	-0.000957	-0.001058
1244	31	31	62	0	P75	7	-0.001010	-0.001010	0.000558	0.000558
1244	31	31	62	0	P90	7	-0.000101	-0.000101	0.001469	0.001469
1244	31	31	62	0	P95	8	0.001036	0.001036	0.002607	0.002607
1244	31	31	62	0	P99	778	0.002759	0.002759	0.000585	0.000585
1244	31	31	62	0	P999	778	0.002759	0.002759	0.000585	0.000585
1245	31	31	62	0	P1	6	-0.002501	-0.002501	-0.000935	-0.000935
1245	31	31	62	0	P50	7	-0.001952	-0.002037	-0.000385	-0.000470
1245	31	31	62	0	P75	7	-0.000679	-0.000679	0.000889	0.000889
1245	31	31	62	0	P90	8	-0.002078	-0.002078	-0.000511	-0.000511
1245	31	31	62	0	P95	8	-0.000211	-0.000211	0.001359	0.001359
1245	31	31	62	0	P99	796	0.002313	0.002313	0.000140	0.000140
1245	31	31	62	0	P999	796	0.002313	0.002313	0.000140	0.000140
1246	31	31	62	1	P1	848	0.001974	0.001974	0.000404	0.000404
1246	31	31	62	1	P50	1239	0.000332	-0.000914	0.002500	-0.001240
1246	31	31	62	1	P75	1458	0.002046	0.002046	0.000469	0.000469
1246	31	31	62	1	P90	1690	0.000163	0.000163	0.002327	0.002327
1246	31	31	62	1	P95	1865	0.002560	0.002560	0.000979	0.000979
1246	31	31	62	1	P99	3234	0.001587	0.001587	0.000001	0.000001
1246	31	31	62	1	P999	3234	0.001587	0.001587	0.000001	0.000001
1247	31	31	62	1	P1	6	-0.002826	-0.002826	-0.000808	-0.000808
1247	31	31	62	1	P50	7	0.001696	0.001429	0.000821	0.000697
1247	31	31	62	1	P75	8	-0.001031	-0.001031	0.000969	0.000969
1247	31	31	62	1	P90	9	-0.000047	-0.000047	-0.001793	-0.001793
1247	31	31	62	1	P95	9	0.001824	0.001824	0.000075	0.000075
1247	31	31	62	1	P99	10	0.001757	0.001757	0.003745	0.003745
1247	31	31	62	1	P999	10	0.001757	0.001757	0.003745	0.003745
1248	31	31	62	0	P1	6	-0.002607	-0.002607	-0.001041	-0.001041
1248	31	31	62	0	P50	7	-0.001924	-0.002037	-0.000357	-0.000470
1248	31	31	62	0	P75	7	-0.000227	-0.000227	0.001343	0.001343
1248	31	31	62	0	P90	8	-0.000086	-0.000086	0.001483	0.001483
1248	31	31	62	0	P95	8	0.001036	0.001036	0.002607	0.002607
1248	31	31	62	0	P99	26	0.003583	0.003583	0.001408	0.001408
1248	31	31	62	0	P999	26	0.003583	0.003583	0.001408	0.001408
1249	31	31	62	1	P1	6	-0.001335	-0.001335	-0.001067	-0.001067
1249	31	31	62	1	P50	7	-0.001093	-0.001187	-0.000861	-0.000954
1249	31	31	62	1	P75	7	0.000308	0.000308	0.000541	0.000541
1249	31	31	62	1	P90	7	0.001150	0.001150	0.001383	0.001383
1249	31	31	62	1	P95	8	-0.001335	-0.001335	-0.000200	-0.000200
1249	31	31	62	1	P99	8	0.002406	0.002406	0.002607	0.002607
1249	31	31	62	1	P999	8	0.002406	0.002406	0.002607	0.002607
1250	31	31	62	0	P1	6	-0.002573	-0.002573	-0.001008	-0.001008
1250	31	31	62	0	P50	7	-0.002095	-0.002186	-0.000528	-0.000619
1250	31	31	62	0	P75	7	-0.000729	-0.000729	0.000839	0.000839
1250	31	31	62	0	P90	8	-0.001953	-0.001953	-0.000387	-0.000387
1250	31	31	62	0	P95	8	0.000288	0.000288	0.001858	0.001858
1250	31	31	62	0	P99	13	0.001464	0.001464	0.003036	0.003036
1250	31	31	62	0	P999	13	0.001464	0.001464	0.003036	0.003036
1251	31	31	62	1	P1	6	-0.001687	-0.001687	-0.000860	-0.000860
1251	31	31	62	1	P50	7	-0.001066	-0.001149	-0.000259	-0.000342
1251	31	31	62	1	P75	7	0.000179	0.000179	0.000988	0.000988
1251	31	31	62	1	P90	8	-0.000429	-0.000429	0.000361	0.000361
1251	31	31	62	1	P95	8	0.001815	0.001815	0.002607	0.002607
1251	31	31	62	1	P99	10	-0.000760	-0.000760	0.003745	0.003745
1251	31	31	62	1	P999	10	-0.000760	-0.000760	0.003745	0.003745
1252	31	31	62	0	P1	6	-0.002553	-0.002553	-0.000987	-0.000987
1252	31	31	62	0	P50	7	-0.002045	-0.002134	-0.000478	-0.000567
1252	31	31	62	0	P75	7	-0.000712	-0.000712	0.000857	0.000857
1252	31	31	62	0	P90	8	-0.001767	-0.001767	-0.000200	-0.000200
1252	31	31	62	0	P95	8	0.001036	0.001036	0.002607	0.002607
1252	31	31	62	0	P99	11	0.000308	0.000308	0.001879	0.001879
1252	31	31	62	0	P999	11	0.000308	0.000308	0.001879	0.001879
1253	31	31	62	1	P1	6	-0.002571	-0.002571	-0.000963	-0.000963
1253	31	31	62	1	P50	7	0.000144	-0.000019	-0.000389	-0.000478
1253	31	31	62	1	P75	7	0.002585	0.002585	0.000946	0.000946
1253	31	31	62	1	P90	8	-0.001455	-0.001455	0.000112	0.000112
1253	31	31	62	1	P95	8	0.000413	0.000413	0.001983	0.001983
1253	31	31	62	1	P99	13	0.001537	0.001537	0.003036	0.003036
1253	31	31	62	1	P999	13	0.001537	0.001537	0.003036	0.003036
1254	31	31	62	1	P1	6	-0.003213	-0.003213	-0.000901	-0.000901
1254	31	31	62	1	P50	705	0.003475	-0.988649	0.001929	-0.988623
1254	31	31	62	1	P75	3127	0.001586	0.001586	0.000005	0.000005
1254	31	31	62	1	P90	3898	0.001742	0.001742	0.000155	0.000155
1254	31	31	62	1	P95	5198	0.001762	0.001762	0.000168	0.000168
1254	31	31	62	1	P99	6790	-0.000014	-0.000014	0.002126	0.002126
1254	31	31	62	1	P999	6790	-0.000014	-0.000014	0.002126	0.002126
1255	31	31	62	1	P1	6	-0.003005	-0.003005	-0.000987	-0.000987
1255	31	31	62	1	P50	7	0.000597	0.000390	0.000050	-0.000067
1255	31	31	62	1	P75	8	-0.002383	-0.002383	-0.000387	-0.000387
1255	31	31	62	1	P90	9	0.002448	0.002448	0.000698	0.000698
1255	31	31	62	1	P95	709	0.002092	0.002092	0.000007	0.000007
1255	31	31	62	1	P99	1170	0.002114	0.002114	0.003736	0.003736
1255	31	31	62	1	P999	1170	0.002114	0.002114	0.003736	0.003736
1256	31	31	62	0	P1	6	-0.002553	-0.002553	-0.000987	-0.000987
1256	31	31	62	0	P50	7	-0.001915	-0.002011	-0.000348	-0.000444
1256	31	31	62	0	P75	7	-0.000479	-0.000479	0.001090	0.001090
1256	31	31	62	0	P90	8	-0.000211	-0.000211	0.001359	0.001359
1256	31	31	62	0	P95	9	0.000999	0.000999	-0.001171	-0.001171
1256	31	31	62	0	P99	16	0.003154	0.003154	0.000980	0.000980
1256	31	31	62	0	P999	16	0.003154	0.003154	0.000980	0.000980
1257	31	31	62	1	P1	6	-0.001390	-0.001390	-0.001026	-0.001026
1257	31	31	62	1	P50	7	0.000262	0.000100	-0.000540	-0.000636
1257	31	31	62	1	P75	7	0.003346	0.003346	0.000898	0.000898
1257	31	31	62	1	P90	8	0.000432	0.000432	0.000735	0.000735
1257	31	31	62	1	P95	14	0.003507	0.003507	0.003689	0.003689
1257	31	31	62	1	P99	1217	-0.001237	-0.001237	0.001725	0.001725
1257	31	31	62	1	P999	1217	-0.001237	-0.001237	0.001725	0.001725
1258	31	31	62	1	P1	6	-0.002311	-0.002311	-0.000963	-0.000963
1258	31	31	62	1	P50	7	-0.001689	-0.001780	-0.000346	-0.000437
1258	31	31	62	1	P75	7	-0.000322	-0.000322	0.001022	0.001022
1258	31	31	62	1	P90	8	-0.000230	-0.000230	0.001109	0.001109
1258	31	31	62	1	P95	343	-0.000225	-0.000225	0.000968	0.000968
1258	31	31	62	1	P99	717	0.002579	0.002579	0.000001	0.000001
1258	31	31	62	1	P999	717	0.002579	0.002579	0.000001	0.000001
1259	31	31	62	1	P1	6	-0.003085	-0.003085	-0.001067	-0.001067
1259	31	31	62	1	P50	7	-0.001100	-0.001320	-0.000716	-0.000819
1259	31	31	62	1	P75	7	0.001922	0.001922	0.000842	0.000842
1259	31	31	62	1	P90	8	-0.002064	-0.002064	-0.000066	-0.000066
1259	31	31	62	1	P95	8	-0.000464	-0.000464	0.001537	0.001537
1259	31	31	62	1	P99	9	0.002448	0.002448	0.000698	0.000698
1259	31	31	62	1	P999	9	0.002448	0.002448	0.000698	0.000698
1260	31	31	62	1	P1	6	-0.000718	-0.000718	-0.000341	-0.000341
1260	31	31	62	1	P50	335	-0.001119	-0.008560	0.002142	-0.005322
1260	31	31	62	1	P75	671	-0.000349	-0.000349	0.002766	0.002766
1260	31	31	62	1	P90	855	0.000338	0.000338	0.003403	0.003403
1260	31	31	62	1	P95	973	0.001913	0.001913	0.001206	0.001206
1260	31	31	62	1	P99	2683	0.000808	0.000808	0.003631	0.003631
1260	31	31	62	1	P999	2683	0.000808	0.000808	0.003631	0.003631
1261	31	31	62	1	P1	6	-0.001276	-0.001276	-0.001008	-0.001008
1261	31	31	62	1	P50	7	-0.000631	-0.000730	-0.000399	-0.000497
1261	31	31	62	1	P75	7	0.000845	0.000845	0.001077	0.001077
1261	31	31	62	1	P90	8	-0.002082	-0.002082	0.001359	0.001359
1261	31	31	62	1	P95	10	0.003595	0.003595	0.003745	0.003745
1261	31	31	62	1	P99	1763	0.002207	0.002207	0.001154	0.001154
1261	31	31	62	1	P999	1763	0.002207	0.002207	0.001154	0.001154
1262	31	31	62	1	P1	6	-0.002184	-0.002184	-0.000860	-0.000860
1262	31	31	62	1	P50	718	0.001226	-0.987426	0.002348	-0.987456
1262	31	31	62	1	P75	1105	-0.000022	-0.000022	0.001080	0.001080
1262	31	31	62	1	P90	1309	0.002517	0.002517	0.003614	0.003614
1262	31	31	62	1	P95	1454	0.002128	0.002128	0.003221	0.003221
1262	31	31	62	1	P99	2102	-0.000109	-0.000109	0.000966	0.000966
1262	31	31	62	1	P999	2102	-0.000109	-0.000109	0.000966	0.000966
1263	31	31	62	1	P1	6	-0.000075	-0.000075	-0.000341	-0.000341
1263	31	31	62	1	P50	891	0.000054	-0.949359	0.003277	-0.949378
1263	31	31	62	1	P75	1417	0.003375	0.003375	0.002831	0.002831
1263	31	31	62	1	P90	1604	0.002774	0.002774	0.002223	0.002223
1263	31	31	62	1	P95	1761	0.002847	0.002847	0.002291	0.002291
1263	31	31	62	1	P99	2370	0.001149	0.001149	0.000580	0.000580
1263	31	31	62	1	P999	2370	0.001149	0.001149	0.000580	0.000580
1264	31	31	62	0	P1	6	-0.002307	-0.002307	-0.000741	-0.000741
1264	31	31	62	0	P50	7	-0.000623	-0.000747	0.000946	0.000821
1264	31	31	62	0	P75	8	0.000173	0.000173	0.001743	0.001743
1264	31	31	62	0	P90	10	0.001236	0.001236	0.002807	0.002807
1264	31	31	62	0	P95	13	0.001464	0.001464	0.003036	0.003036
1264	31	31	62	0	P99	78	0.000187	0.000187	0.001757	0.001757
1264	31	31	62	0	P999	78	0.000187	0.000187	0.001757	0.001757
1265	31	31	62	1	P1	6	-0.001169	-0.001169	-0.000901	-0.000901
1265	31	31	62	1	P50	7	0.000017	-0.000093	0.000249	0.000139
1265	31	31	62	1	P75	8	-0.003666	-0.003666	-0.000115	-0.000115
1265	31	31	62	1	P90	9	0.000524	0.000524	-0.002104	-0.002104
1265	31	31	62	1	P95	9	0.004271	0.004271	0.000698	0.000698
1265	31	31	62	1	P99	608	0.001236	0.001236	0.000431	0.000431
1265	31	31	62	1	P999	608	0.001236	0.001236	0.000431	0.000431
1266	31	31	62	1	P1	6	-0.003043	-0.003043	-0.001026	-0.001026
1266	31	31	62	1	P50	7	-0.001153	-0.001330	-0.000452	-0.000553
1266	31	31	62	1	P75	7	0.002131	0.002131	0.001064	0.001064
1266	31	31	62	1	P90	8	-0.000642	-0.000642	0.001359	0.001359
1266	31	31	62	1	P95	9	-0.000358	-0.000358	-0.002104	-0.002104
1266	31	31	62	1	P99	9	0.002448	0.002448	0.000698	0.000698
1266	31	31	62	1	P999	9	0.002448	0.002448	0.000698	0.000698
1267	31	31	62	1	P1	5	0.003332	0.003332	0.001625	0.001625
1267	31	31	62	1	P50	7	-0.002210	-0.002406	-0.001070	-0.001179
1267	31	31	62	1	P75	7	0.001055	0.001055	0.000579	0.000579
1267	31	31	62	1	P90	7	0.003302	0.003302	0.001570	0.001570
1267	31	31	62	1	P95	8	0.000605	0.000605	0.002607	0.002607
1267	31	31	62	1	P99	13	0.001070	0.001070	0.003036	0.003036
1267	31	31	62	1	P999	13	0.001070	0.001070	0.003036	0.003036
1268	31	31	62	0	P1	6	0.000037	0.000037	-0.001097	-0.001097
1268	31	31	62	0	P50	7	0.000335	0.000211	-0.000799	-0.000923
1268	31	31	62	0	P75	7	0.002207	0.002207	0.001071	0.001071
1268	31	31	62	0	P90	8	-0.001867	-0.001867	0.000735	0.000735
1268	31	31	62	0	P95	8	-0.000747	-0.000747	0.001858	0.001858
1268	31	31	62	0	P99	9	0.001833	0.001833	0.000698	0.000698
1268	31	31	62	0	P999	9	0.001833	0.001833	0.000698	0.000698
1269	31	31	62	0	P1	6	-0.002553	-0.002553	-0.000987	-0.000987
1269	31	31	62	0	P50	7	-0.002084	-0.002171	-0.000518	-0.000605
1269	31	31	62	0	P75	7	-0.000782	-0.000782	0.000786	0.000786
1269	31	31	62	0	P90	7	-0.000000	-0.000000	0.001570	0.001570
1269	31	31	62	0	P95	8	-0.000833	-0.000833	0.000735	0.000735
1269	31	31	62	0	P99	8	0.001036	0.001036	0.002607	0.002607
1269	31	31	62	0	P999	8	0.001036	0.001036	0.002607	0.002607
1270	31	31	62	1	P1	6	-0.001440	-0.001440	-0.000528	-0.000528
1270	31	31	62	1	P50	389	0.001786	-0.979399	0.002212	-0.979381
1270	31	31	62	1	P75	3329	0.000779	0.000779	0.000953	0.000953
1270	31	31	62	1	P90	4070	0.001682	0.001682	0.001833	0.001833
1270	31	31	62	1	P95	6787	0.002479	0.002479	0.002569	0.002569
1270	31	31	62	1	P99	13645	0.003198	0.003198	0.003206	0.003206
1270	31	31	62	1	P999	13645	0.003198	0.003198	0.003206	0.003206
1271	31	31	62	1	P1	6	-0.001323	-0.001323	-0.001055	-0.001055
1271	31	31	62	1	P50	7	-0.000703	-0.000816	-0.000470	-0.000584
1271	31	31	62	1	P75	7	0.000997	0.000997	0.001229	0.001229
1271	31	31	62	1	P90	8	-0.001335	-0.001335	0.001671	0.001671
1271	31	31	62	1	P95	9	0.000524	0.000524	0.000698	0.000698
1271	31	31	62	1	P99	1039	0.000049	0.000049	0.002863	0.002863
1271	31	31	62	1	P999	1039	0.000049	0.000049	0.002863	0.002863
1272	31	31	62	1	P1	6	-0.001733	-0.001733	-0.001026	-0.001026
1272	31	31	62	1	P50	7	0.000058	-0.000112	-0.000691	-0.000778
1272	31	31	62	1	P75	7	0.002692	0.002692	0.000612	0.000612
1272	31	31	62	1	P90	7	0.004300	0.004300	0.001396	0.001396
1272	31	31	62	1	P95	8	-0.003618	-0.003618	-0.000200	-0.000200
1272	31	31	62	1	P99	8	0.001986	0.001986	0.002607	0.002607
1272	31	31	62	1	P999	8	0.001986	0.001986	0.002607	0.002607
1273	31	31	62	0	P1	6	-0.002678	-0.002678	-0.001112	-0.001112
1273	31	31	62	0	P50	7	-0.002745	-0.002854	-0.001179	-0.001289
1273	31	31	62	0	P75	7	-0.001099	-0.001099	0.000469	0.000469
1273	31	31	62	0	P90	7	-0.000110	-0.000110	0.001460	0.001460
1273	31	31	62	0	P95	8	-0.000211	-0.000211	0.001359	0.001359
1273	31	31	62	0	P99	12	0.003013	0.003013	0.000839	0.000839
1273	31	31	62	0	P999	12	0.003013	0.003013	0.000839	0.000839
1274	31	31	62	1	P1	6	-0.001276	-0.001276	-0.001008	-0.001008
1274	31	31	62	1	P50	7	-0.000533	-0.000637	-0.000300	-0.000404
1274	31	31	62	1	P75	7	0.001025	0.001025	0.001258	0.001258
1274	31	31	62	1	P90	8	0.000533	0.000533	0.002072	0.002072
1274	31	31	62	1	P95	11	0.001751	0.001751	0.001879	0.001879
1274	31	31	62	1	P99	793	0.001044	0.001044	0.000178	0.000178
1274	31	31	62	1	P999	793	0.001044	0.001044	0.000178	0.000178
1275	31	31	62	1	P1	6	-0.003043	-0.003043	-0.001026	-0.001026
1275	31	31	62	1	P50	7	-0.001153	-0.001330	-0.000619	-0.000711
1275	31	31	62	1	P75	7	0.001616	0.001616	0.000748	0.000748
1275	31	31	62	1	P90	7	0.003302	0.003302	0.001570	0.001570
1275	31	31	62	1	P95	8	-0.000891	-0.000891	0.001109	0.001109
1275	31	31	62	1	P99	13	0.001070	0.001070	0.003036	0.003036
1275	31	31	62	1	P999	13	0.001070	0.001070	0.003036	0.003036
1276	31	31	62	0	P1	6	-0.002607	-0.002607	-0.001041	-0.001041
1276	31	31	62	0	P50	7	-0.002162	-0.002260	-0.000595	-0.000694
1276	31	31	62	0	P75	7	-0.000688	-0.000688	0.000880	0.000880
1276	31	31	62	0	P90	8	-0.001207	-0.001207	0.000361	0.000361
1276	31	31	62	0	P95	8	0.001036	0.001036	0.002607	0.002607
1276	31	31	62	0	P99	584	0.001759	0.001759	0.003331	0.003331
1276	31	31	62	0	P999	584	0.001759	0.001759	0.003331	0.003331
1277	31	31	62	1	P1	6	-0.001364	-0.001364	-0.001008	-0.001008
1277	31	31	62	1	P50	7	-0.000721	-0.000820	-0.000399	-0.000497
1277	31	31	62	1	P75	7	0.000755	0.000755	0.001077	0.001077
1277	31	31	62	1	P90	8	0.002313	0.002313	0.002607	0.002607
1277	31	31	62	1	P95	425	0.000239	0.000239	0.003416	0.003416
1277	31	31	62	1	P99	4029	0.001797	0.001797	0.000742	0.000742
1277	31	31	62	1	P999	4029	0.001797	0.001797	0.000742	0.000742
1278	31	31	62	1	P1	6	-0.002919	-0.002919	-0.000901	-0.000901
1278	31	31	62	1	P50	7	0.002886	0.002678	0.001258	0.001102
1278	31	31	62	1	P75	340	0.000565	0.000565	0.002279	0.002279
1278	31	31	62	1	P90	416	0.000690	0.000690	0.002390	0.002390
1278	31	31	62	1	P95	698	0.002777	0.002777	0.000692	0.000692
1278	31	31	62	1	P99	1147	0.003279	0.003279	0.001155	0.001155
1278	31	31	62	1	P999	1147	0.003279	0.003279	0.001155	0.001155
1279	31	62	93	1	P1	6	-0.000977	-0.000977	-0.000341	-0.000341
1279	31	62	93	1	P50	1371	0.002456	0.002456	0.002189	0.002189
1279	31	62	93	1	P75	2249	0.001001	0.001001	0.000652	0.000652
1279	31	62	93	1	P90	2974	0.000103	0.000103	-0.000292	-0.000292
1279	31	62	93	1	P95	3086	0.002393	0.002393	0.001991	0.001991
1279	31	62	93	1	P99	4886	0.002742	0.002742	0.002263	0.002263
1279	31	62	93	1	P999	4886	0.002742	0.002742	0.002263	0.002263
1280	31	31	62	1	P1	1296	0.003548	0.003548	0.002378	0.002378
1280	31	31	62	1	P50	2078	-0.001235	-0.004963	0.001236	-0.006222
1280	31	31	62	1	P75	2493	-0.000117	-0.000117	0.002317	0.002317
1280	31	31	62	1	P90	3093	0.001077	0.001077	0.003467	0.003467
1280	31	31	62	1	P95	3294	0.001675	0.001675	0.000308	0.000308
1280	31	31	62	1	P99	4910	0.002554	0.002554	0.001099	0.001099
1280	31	31	62	1	P999	4910	0.002554	0.002554	0.001099	0.001099
1281	31	31	62	0	P1	6	-0.002553	-0.002553	-0.000987	-0.000987
1281	31	31	62	0	P50	7	-0.001915	-0.002011	-0.000348	-0.000444
1281	31	31	62	0	P75	7	-0.000479	-0.000479	0.001090	0.001090
1281	31	31	62	0	P90	8	-0.001207	-0.001207	0.000361	0.000361
1281	31	31	62	0	P95	8	-0.000086	-0.000086	0.001483	0.001483
1281	31	31	62	0	P99	8	0.001036	0.001036	0.002607	0.002607
1281	31	31	62	0	P999	8	0.001036	0.001036	0.002607	0.002607
1282	31	31	62	0	P1	6	-0.002591	-0.002591	-0.001026	-0.001026
1282	31	31	62	0	P50	7	-0.002064	-0.002162	-0.000497	-0.000595
1282	31	31	62	0	P75	7	-0.000590	-0.000590	0.000979	0.000979
1282	31	31	62	0	P90	8	-0.001100	-0.001100	0.000468	0.000468
1282	31	31	62	0	P95	8	0.000501	0.000501	0.002072	0.002072
1282	31	31	62	0	P99	71	0.000768	0.000768	0.002338	0.002338
1282	31	31	62	0	P999	71	0.000768	0.000768	0.002338	0.002338
1283	31	31	62	0	P1	6	0.000093	0.000093	-0.001041	-0.001041
1283	31	31	62	0	P50	7	0.000581	0.000480	-0.000553	-0.000654
1283	31	31	62	0	P75	7	0.002099	0.002099	0.000963	0.000963
1283	31	31	62	0	P90	8	-0.001494	-0.001494	0.001109	0.001109
1283	31	31	62	0	P95	9	0.001833	0.001833	0.000698	0.000698
1283	31	31	62	0	P99	12	0.001975	0.001975	0.000839	0.000839
1283	31	31	62	0	P999	12	0.001975	0.001975	0.000839	0.000839
1284	31	31	62	0	P1	6	-0.002573	-0.002573	-0.001008	-0.001008
1284	31	31	62	0	P50	7	-0.001918	-0.002018	-0.000351	-0.000452
1284	31	31	62	0	P75	7	-0.000404	-0.000404	0.001165	0.001165
1284	31	31	62	0	P90	8	-0.000833	-0.000833	0.000735	0.000735
1284	31	31	62	0	P95	8	0.000288	0.000288	0.001858	0.001858
1284	31	31	62	0	P99	9	0.002871	0.002871	0.000698	0.000698
1284	31	31	62	0	P999	9	0.002871	0.002871	0.000698	0.000698
1285	31	31	62	0	P1	6	-0.002467	-0.002467	-0.000901	-0.000901
1285	31	31	62	0	P50	7	-0.001387	-0.001494	0.000180	0.000073
1285	31	31	62	0	P75	8	-0.002078	-0.002078	-0.000511	-0.000511
1285	31	31	62	0	P90	8	0.000724	0.000724	0.002295	0.002295
1285	31	31	62	0	P95	9	0.002871	0.002871	0.000698	0.000698
1285	31	31	62	0	P99	13	0.001464	0.001464	0.003036	0.003036
1285	31	31	62	0	P999	13	0.001464	0.001464	0.003036	0.003036
1286	31	31	62	0	P1	6	-0.002662	-0.002662	-0.001097	-0.001097
1286	31	31	62	0	P50	7	-0.002489	-0.002602	-0.000923	-0.001036
1286	31	31	62	0	P75	7	-0.000793	-0.000793	0.000776	0.000776
1286	31	31	62	0	P90	8	-0.001456	-0.001456	0.000112	0.000112
1286	31	31	62	0	P95	8	0.000412	0.000412	0.001983	0.001983
1286	31	31	62	0	P99	13	0.001464	0.001464	0.003036	0.003036
1286	31	31	62	0	P999	13	0.001464	0.001464	0.003036	0.003036
1287	31	31	62	1	P1	6	-0.002675	-0.002675	-0.001067	-0.001067
1287	31	31	62	1	P50	7	-0.001264	-0.001442	-0.000674	-0.000781
1287	31	31	62	1	P75	7	0.002120	0.002120	0.000928	0.000928
1287	31	31	62	1	P90	8	-0.000833	-0.000833	0.000735	0.000735
1287	31	31	62	1	P95	8	0.001037	0.001037	0.002607	0.002607
1287	31	31	62	1	P99	10	0.002206	0.002206	0.003745	0.003745
1287	31	31	62	1	P999	10	0.002206	0.002206	0.003745	0.003745
1288	31	31	62	0	P1	6	-0.003498	-0.003498	-0.001041	-0.001041
1288	31	31	62	0	P50	7	0.000565	0.000473	-0.000711	-0.000802
1288	31	31	62	0	P75	7	0.001934	0.001934	0.000657	0.000657
1288	31	31	62	0	P90	7	0.002756	0.002756	0.001478	0.001478
1288	31	31	62	0	P95	8	-0.001104	-0.001104	0.001359	0.001359
1288	31	31	62	0	P99	11	0.003157	0.003157	0.001879	0.001879
1288	31	31	62	0	P999	11	0.003157	0.003157	0.001879	0.001879
1289	31	31	62	0	P1	6	-0.002591	-0.002591	-0.001026	-0.001026
1289	31	31	62	0	P50	7	-0.002291	-0.002376	-0.000725	-0.000810
1289	31	31	62	0	P75	7	-0.001019	-0.001019	0.000549	0.000549
1289	31	31	62	0	P90	7	-0.000255	-0.000255	0.001314	0.001314
1289	31	31	62	0	P95	7	-0.000000	-0.000000	0.001570	0.001570
1289	31	31	62	0	P99	8	0.001036	0.001036	0.002607	0.002607
1289	31	31	62	0	P999	8	0.001036	0.001036	0.002607	0.002607
1290	31	31	62	1	P1	6	-0.003122	-0.003122	-0.001105	-0.001105
1290	31	31	62	1	P50	7	-0.001841	-0.002075	-0.001101	-0.001208
1290	31	31	62	1	P75	7	0.001330	0.001330	0.000501	0.000501
1290	31	31	62	1	P90	7	0.003105	0.003105	0.001463	0.001463
1290	31	31	62	1	P95	8	-0.001637	-0.001637	0.000361	0.000361
1290	31	31	62	1	P99	8	0.000605	0.000605	0.002607	0.002607
1290	31	31	62	1	P999	8	0.000605	0.000605	0.002607	0.002607
1291	31	31	62	1	P1	6	-0.002827	-0.002827	-0.000652	-0.000652
1291	31	31	62	1	P50	747	0.001929	-0.986592	0.000129	-0.986563
1291	31	31	62	1	P75	1032	0.000219	0.000219	0.002145	0.002145
1291	31	31	62	1	P90	1214	0.002278	0.002278	0.000453	0.000453
1291	31	31	62	1	P95	1283	0.003072	0.003072	0.001243	0.001243
1291	31	31	62	1	P99	2934	0.002035	0.002035	0.000167	0.000167
1291	31	31	62	1	P999	2934	0.002035	0.002035	0.000167	0.000167
1292	31	31	62	1	P1	6	0.002205	0.002205	0.000594	0.000594
1292	31	31	62	1	P50	915	0.001165	-0.921202	0.002862	-0.921051
1292	31	31	62	1	P75	1329	0.001736	0.001736	0.001529	0.001529
1292	31	31	62	1	P90	1518	-0.000392	-0.000392	0.001259	0.001259
1292	31	31	62	1	P95	1598	0.000585	0.000585	0.002233	0.002233
1292	31	31	62	1	P99	3262	0.001010	0.001010	0.002597	0.002597
1292	31	31	62	1	P999	3262	0.001010	0.001010	0.002597	0.002597
1293	31	31	62	0	P1	6	-0.002307	-0.002307	-0.000741	-0.000741
1293	31	31	62	0	P50	7	-0.000989	-0.001099	0.000579	0.000469
1293	31	31	62	0	P75	8	-0.000664	-0.000664	0.000905	0.000905
1293	31	31	62	0	P90	9	0.002122	0.002122	-0.000050	-0.000050
1293	31	31	62	0	P95	10	0.000924	0.000924	0.002495	0.002495
1293	31	31	62	0	P99	91	0.003036	0.003036	0.000862	0.000862
1293	31	31	62	0	P999	91	0.003036	0.003036	0.000862	0.000862
1294	31	31	62	0	P1	6	-0.003465	-0.003465	-0.001008	-0.001008
1294	31	31	62	0	P50	7	0.001029	0.000922	-0.000247	-0.000354
1294	31	31	62	0	P75	7	0.002634	0.002634	0.001356	0.001356
1294	31	31	62	0	P90	8	-0.001583	-0.001583	0.000879	0.000879
1294	31	31	62	0	P95	8	-0.000721	-0.000721	0.001743	0.001743
1294	31	31	62	0	P99	8	0.000141	0.000141	0.002607	0.002607
1294	31	31	62	0	P999	8	0.000141	0.000141	0.002607	0.002607
1295	31	31	62	0	P1	6	-0.003524	-0.003524	-0.001067	-0.001067
1295	31	31	62	0	P50	7	0.000483	0.000385	-0.000792	-0.000890
1295	31	31	62	0	P75	7	0.001960	0.001960	0.000683	0.000683
1295	31	31	62	0	P90	7	0.002848	0.002848	0.001570	0.001570
1295	31	31	62	0	P95	8	0.000141	0.000141	0.002607	0.002607
1295	31	31	62	0	P99	10	0.001276	0.001276	0.003745	0.003745
1295	31	31	62	0	P999	10	0.001276	0.001276	0.003745	0.003745
1296	31	31	62	1	P1	6	-0.001256	-0.001256	-0.000987	-0.000987
1296	31	31	62	1	P50	7	-0.000788	-0.000873	-0.000555	-0.000640
1296	31	31	62	1	P75	7	0.000487	0.000487	0.000719	0.000719
1296	31	31	62	1	P90	7	0.001252	0.001252	0.001485	0.001485
1296	31	31	62	1	P95	8	-0.003200	-0.003200	0.000735	0.000735
1296	31	31	62	1	P99	9	0.000524	0.000524	0.000698	0.000698
1296	31	31	62	1	P999	9	0.000524	0.000524	0.000698	0.000698
1297	31	31	62	0	P1	6	-0.002653	-0.002653	-0.001088	-0.001088
1297	31	31	62	0	P50	7	-0.002416	-0.002525	-0.000850	-0.000960
1297	31	31	62	0	P75	7	-0.000769	-0.000769	0.000799	0.000799
1297	31	31	62	0	P90	8	-0.001633	-0.001633	-0.000066	-0.000066
1297	31	31	62	0	P95	8	-0.000033	-0.000033	0.001537	0.001537
1297	31	31	62	0	P99	10	0.002172	0.002172	0.003745	0.003745
1297	31	31	62	0	P999	10	0.002172	0.002172	0.003745	0.003745
1298	31	31	62	0	P1	6	-0.002553	-0.002553	-0.000987	-0.000987
1298	31	31	62	0	P50	7	-0.002157	-0.002240	-0.000591	-0.000674
1298	31	31	62	0	P75	7	-0.000913	-0.000913	0.000655	0.000655
1298	31	31	62	0	P90	7	-0.000166	-0.000166	0.001403	0.001403
1298	31	31	62	0	P95	8	-0.001767	-0.001767	-0.000200	-0.000200
1298	31	31	62	0	P99	8	0.001036	0.001036	0.002607	0.002607
1298	31	31	62	0	P999	8	0.001036	0.001036	0.002607	0.002607
1299	31	31	62	1	P1	6	-0.002981	-0.002981	-0.000963	-0.000963
1299	31	31	62	1	P50	7	-0.000928	-0.001091	-0.000579	-0.000658
1299	31	31	62	1	P75	7	0.001429	0.001429	0.000614	0.000614
1299	31	31	62	1	P90	7	0.002834	0.002834	0.001331	0.001331
1299	31	31	62	1	P95	7	0.003302	0.003302	0.001570	0.001570
1299	31	31	62	1	P99	11	-0.000098	-0.000098	0.001879	0.001879
1299	31	31	62	1	P999	11	-0.000098	-0.000098	0.001879	0.001879
1300	31	31	62	1	P1	6	-0.001288	-0.001288	-0.000341	-0.000341
1300	31	31	62	1	P50	380	0.002705	-0.978912	0.003195	-0.978892
1300	31	31	62	1	P75	1123	-0.000495	-0.000495	0.003618	0.003618
1300	31	31	62	1	P90	1240	0.001334	0.001334	0.001692	0.001692
1300	31	31	62	1	P95	1325	0.002326	0.002326	0.002676	0.002676
1300	31	31	62	1	P99	2706	0.002297	0.002297	0.002568	0.002568
1300	31	31	62	1	P999	2706	0.002297	0.002297	0.002568	0.002568
1301	31	31	62	1	P1	6	-0.000754	-0.000754	-0.000341	-0.000341
1301	31	31	62	1	P50	542	-0.000022	-0.955594	0.003206	-0.955589
1301	31	31	62	1	P75	1481	0.000491	0.000491	0.003513	0.003513
1301	31	31	62	1	P90	1639	-0.001800	-0.001800	0.001194	0.001194
1301	31	31	62	1	P95	1720	0.000433	0.000433	0.003424	0.003424
1301	31	31	62	1	P99	2956	0.001037	0.001037	0.000172	0.000172
1301	31	31	62	1	P999	2956	0.001037	0.001037	0.000172	0.000172
1302	31	31	62	0	P1	6	-0.002307	-0.002307	-0.000741	-0.000741
1302	31	31	62	0	P50	7	-0.001067	-0.001174	0.000501	0.000394
1302	31	31	62	0	P75	8	-0.001145	-0.001145	0.000423	0.000423
1302	31	31	62	0	P90	9	0.000624	0.000624	-0.001544	-0.001544
1302	31	31	62	0	P95	9	0.002871	0.002871	0.000698	0.000698
1302	31	31	62	0	P99	40	0.002663	0.002663	0.000490	0.000490
1302	31	31	62	0	P999	40	0.002663	0.002663	0.000490	0.000490
1303	31	31	62	1	P1	6	-0.003043	-0.003043	-0.001026	-0.001026
1303	31	31	62	1	P50	7	-0.000441	-0.000661	-0.000300	-0.000410
1303	31	31	62	1	P75	7	0.002861	0.002861	0.001350	0.001350
1303	31	31	62	1	P90	8	-0.000226	-0.000226	0.001775	0.001775
1303	31	31	62	1	P95	9	0.000576	0.000576	-0.001171	-0.001171
1303	31	31	62	1	P99	71	0.000504	0.000504	0.002338	0.002338
1303	31	31	62	1	P999	71	0.000504	0.000504	0.002338	0.002338
1304	31	31	62	1	P1	6	-0.002160	-0.002160	-0.001008	-0.001008
1304	31	31	62	1	P50	7	-0.001209	-0.001325	-0.000067	-0.000184
1304	31	31	62	1	P75	8	-0.001953	-0.001953	-0.000822	-0.000822
1304	31	31	62	1	P90	8	0.000849	0.000849	0.001983	0.001983
1304	31	31	62	1	P95	9	-0.002914	-0.002914	-0.001793	-0.001793
1304	31	31	62	1	P99	10	0.002626	0.002626	0.003745	0.003745
1304	31	31	62	1	P999	10	0.002626	0.002626	0.003745	0.003745
1305	31	31	62	0	P1	6	-0.002633	-0.002633	-0.001067	-0.001067
1305	31	31	62	0	P50	7	-0.002321	-0.002422	-0.000755	-0.000856
1305	31	31	62	0	P75	7	-0.000808	-0.000808	0.000761	0.000761
1305	31	31	62	0	P90	8	-0.001456	-0.001456	0.000112	0.000112
1305	31	31	62	0	P95	9	0.000999	0.000999	-0.001171	-0.001171
1305	31	31	62	0	P99	15	0.000404	0.000404	0.001975	0.001975
1305	31	31	62	0	P999	15	0.000404	0.000404	0.001975	0.001975
1306	31	31	62	0	P1	6	-0.002653	-0.002653	-0.001088	-0.001088
1306	31	31	62	0	P50	7	-0.002416	-0.002525	-0.000850	-0.000960
1306	31	31	62	0	P75	7	-0.000769	-0.000769	0.000799	0.000799
1306	31	31	62	0	P90	8	-0.001633	-0.001633	-0.000066	-0.000066
1306	31	31	62	0	P95	8	-0.000033	-0.000033	0.001537	0.001537
1306	31	31	62	0	P99	13	0.001464	0.001464	0.003036	0.003036
1306	31	31	62	0	P999	13	0.001464	0.001464	0.003036	0.003036
1307	31	31	62	1	P1	612	0.003267	0.003267	0.001351	0.001351
1307	31	31	62	1	P50	1205	0.002370	0.000498	0.000419	-0.001449
1307	31	31	62	1	P75	1458	0.000559	0.000559	0.000469	0.000469
1307	31	31	62	1	P90	1537	0.001997	0.001997	0.000033	0.000033
1307	31	31	62	1	P95	1749	0.003626	0.003626	0.001652	0.001652
1307	31	31	62	1	P99	3241	-0.000160	-0.000160	0.001578	0.001578
1307	31	31	62	1	P999	3241	-0.000160	-0.000160	0.001578	0.001578
1308	31	31	62	0	P1	6	-0.002094	-0.002094	-0.000528	-0.000528
1308	31	31	62	0	P50	7	-0.000679	-0.000793	0.000889	0.000776
1308	31	31	62	0	P75	8	-0.000300	-0.000300	0.001270	0.001270
1308	31	31	62	0	P90	9	0.001622	0.001622	-0.000548	-0.000548
1308	31	31	62	0	P95	10	-0.000322	-0.000322	0.001247	0.001247
1308	31	31	62	0	P99	39	0.001813	0.001813	0.003386	0.003386
1308	31	31	62	0	P999	39	0.001813	0.001813	0.003386	0.003386
1309	31	31	62	1	P1	6	-0.003085	-0.003085	-0.001067	-0.001067
1309	31	31	62	1	P50	7	-0.001271	-0.001479	-0.000674	-0.000781
1309	31	31	62	1	P75	7	0.001980	0.001980	0.000928	0.000928
1309	31	31	62	1	P90	8	-0.001531	-0.001531	0.000468	0.000468
1309	31	31	62	1	P95	8	0.000070	0.000070	0.002072	0.002072
1309	31	31	62	1	P99	9	0.002448	0.002448	0.000698	0.000698
1309	31	31	62	1	P999	9	0.002448	0.002448	0.000698	0.000698
1310	31	31	62	0	P1	6	-0.003554	-0.003554	-0.001097	-0.001097
1310	31	31	62	0	P50	7	0.000315	0.000205	-0.000960	-0.001070
1310	31	31	62	0	P75	7	0.001966	0.001966	0.000689	0.000689
1310	31	31	62	0	P90	8	-0.002969	-0.002969	-0.000511	-0.000511
1310	31	31	62	0	P95	8	-0.001104	-0.001104	0.001359	0.001359
1310	31	31	62	0	P99	9	0.001975	0.001975	0.000698	0.000698
1310	31	31	62	0	P999	9	0.001975	0.001975	0.000698	0.000698
1311	31	31	62	0	P1	6	-0.002591	-0.002591	-0.001026	-0.001026
1311	31	31	62	0	P50	7	-0.001618	-0.001743	-0.000051	-0.000176
1311	31	31	62	0	P75	8	-0.002202	-0.002202	-0.000636	-0.000636
1311	31	31	62	0	P90	8	0.000038	0.000038	0.001608	0.001608
1311	31	31	62	0	P95	8	0.000786	0.000786	0.002357	0.002357
1311	31	31	62	0	P99	12	0.003013	0.003013	0.000839	0.000839
1311	31	31	62	0	P999	12	0.003013	0.003013	0.000839	0.000839
1312	31	31	62	0	P1	6	-0.002644	-0.002644	-0.001078	-0.001078
1312	31	31	62	0	P50	7	-0.002347	-0.002453	-0.000781	-0.000888
1312	31	31	62	0	P75	7	-0.000747	-0.000747	0.000821	0.000821
1312	31	31	62	0	P90	8	-0.001207	-0.001207	0.000361	0.000361
1312	31	31	62	0	P95	8	0.001036	0.001036	0.002607	0.002607
1312	31	31	62	0	P99	10	0.002172	0.002172	0.003745	0.003745
1312	31	31	62	0	P999	10	0.002172	0.002172	0.003745	0.003745
1313	31	31	62	1	P1	6	-0.002305	-0.002305	-0.000935	-0.000935
1313	31	31	62	1	P50	507	0.001457	-0.982194	0.002677	-0.982236
1313	31	31	62	1	P75	5079	0.003508	0.003508	0.000900	0.000900
1313	31	31	62	1	P90	8067	0.000620	0.000620	0.001741	0.001741
1313	31	31	62	1	P95	9299	0.000542	0.000542	0.001658	0.001658
1313	31	31	62	1	P99	9571	0.001617	0.001617	0.002734	0.002734
1313	31	31	62	1	P999	9571	0.001617	0.001617	0.002734	0.002734
1314	31	31	62	0	P1	6	-0.002501	-0.002501	-0.000935	-0.000935
1314	31	31	62	0	P50	7	-0.001556	-0.001660	0.000011	-0.000093
1314	31	31	62	0	P75	7	-0.000000	-0.000000	0.001570	0.001570
1314	31	31	62	0	P90	9	0.002871	0.002871	0.000698	0.000698
1314	31	31	62	0	P95	30	0.002521	0.002521	0.000349	0.000349
1314	31	31	62	0	P99	1600	0.003154	0.003154	0.000980	0.000980
1314	31	31	62	0	P999	1600	0.003154	0.003154	0.000980	0.000980
1315	31	31	62	1	P1	6	-0.001207	-0.001207	-0.000741	-0.000741
1315	31	31	62	1	P50	8	0.000326	-0.120727	0.000735	-0.123627
1315	31	31	62	1	P75	1442	-0.000966	-0.000966	0.000289	0.000289
1315	31	31	62	1	P90	1744	0.001427	0.001427	0.000775	0.000775
1315	31	31	62	1	P95	1864	0.002182	0.002182	0.001516	0.001516
1315	31	31	62	1	P99	2129	0.000106	0.000106	0.003159	0.003159
1315	31	31	62	1	P999	2129	0.000106	0.000106	0.003159	0.003159
1316	31	31	62	1	P1	6	-0.001294	-0.001294	-0.001026	-0.001026
1316	31	31	62	1	P50	7	-0.000730	-0.000828	-0.000497	-0.000595
1316	31	31	62	1	P75	7	0.000746	0.000746	0.000979	0.000979
1316	31	31	62	1	P90	8	-0.000588	-0.000588	0.000468	0.000468
1316	31	31	62	1	P95	8	0.001656	0.001656	0.002072	0.002072
1316	31	31	62	1	P99	9	0.000524	0.000524	0.000698	0.000698
1316	31	31	62	1	P999	9	0.000524	0.000524	0.000698	0.000698
1317	31	31	62	0	P1	6	-0.002644	-0.002644	-0.001078	-0.001078
1317	31	31	62	0	P50	7	-0.002385	-0.002489	-0.000819	-0.000923
1317	31	31	62	0	P75	7	-0.000830	-0.000830	0.000738	0.000738
1317	31	31	62	0	P90	8	-0.002078	-0.002078	-0.000511	-0.000511
1317	31	31	62	0	P95	8	-0.000211	-0.000211	0.001359	0.001359
1317	31	31	62	0	P99	12	0.003013	0.003013	0.000839	0.000839
1317	31	31	62	0	P999	12	0.003013	0.003013	0.000839	0.000839
1318	31	31	62	0	P1	6	-0.002467	-0.002467	-0.000901	-0.000901
1318	31	31	62	0	P50	7	-0.002058	-0.002134	-0.000491	-0.000567
1318	31	31	62	0	P75	7	-0.000915	-0.000915	0.000653	0.000653
1318	31	31	62	0	P90	7	-0.000229	-0.000229	0.001341	0.001341
1318	31	31	62	0	P95	7	-0.000000	-0.000000	0.001570	0.001570
1318	31	31	62	0	P99	11	0.000308	0.000308	0.001879	0.001879
1318	31	31	62	0	P999	11	0.000308	0.000308	0.001879	0.001879
1319	31	31	62	1	P1	6	-0.003072	-0.003072	-0.001055	-0.001055
1319	31	31	62	1	P50	7	-0.001508	-0.001686	-0.000732	-0.000827
1319	31	31	62	1	P75	7	0.001429	0.001429	0.000706	0.000706
1319	31	31	62	1	P90	7	0.003302	0.003302	0.001570	0.001570
1319	31	31	62	1	P95	8	-0.000330	-0.000330	0.001671	0.001671
1319	31	31	62	1	P99	11	0.003647	0.003647	0.001879	0.001879
1319	31	31	62	1	P999	11	0.003647	0.003647	0.001879	0.001879
1320	31	31	62	0	P1	6	-0.002529	-0.002529	-0.000963	-0.000963
1320	31	31	62	0	P50	7	-0.001997	-0.002084	-0.000431	-0.000518
1320	31	31	62	0	P75	7	-0.000695	-0.000695	0.000873	0.000873
1320	31	31	62	0	P90	8	-0.002166	-0.002166	-0.000600	-0.000600
1320	31	31	62	0	P95	8	-0.000567	-0.000567	0.001002	0.001002
1320	31	31	62	0	P99	8	0.001036	0.001036	0.002607	0.002607
1320	31	31	62	0	P999	8	0.001036	0.001036	0.002607	0.002607
1321	31	31	62	0	P1	6	-0.002591	-0.002591	-0.001026	-0.001026
1321	31	31	62	0	P50	7	-0.002147	-0.002240	-0.000581	-0.000674
1321	31	31	62	0	P75	7	-0.000747	-0.000747	0.000821	0.000821
1321	31	31	62	0	P90	8	-0.002078	-0.002078	-0.000511	-0.000511
1321	31	31	62	0	P95	8	-0.000211	-0.000211	0.001359	0.001359
1321	31	31	62	0	P99	9	0.002871	0.002871	0.000698	0.000698
1321	31	31	62	0	P999	9	0.002871	0.002871	0.000698	0.000698
1322	31	31	62	1	P1	6	-0.001285	-0.001285	-0.000741	-0.000741
1322	31	31	62	1	P50	3084	0.003239	-0.142547	0.002641	-0.143034
1322	31	31	62	1	P75	5004	0.001510	0.001510	0.000825	0.000825
1322	31	31	62	1	P90	5453	0.001571	0.001571	0.000870	0.000870
1322	31	31	62	1	P95	7605	0.001670	0.001670	0.000908	0.000908
1322	31	31	62	1	P99	8971	0.000979	0.000979	0.000187	0.000187
1322	31	31	62	1	P999	8971	0.000979	0.000979	0.000187	0.000187
1323	31	31	62	1	P1	6	-0.003105	-0.003105	-0.001088	-0.001088
1323	31	31	62	1	P50	7	-0.001375	-0.001608	-0.000810	-0.000923
1323	31	31	62	1	P75	7	0.001980	0.001980	0.000889	0.000889
1323	31	31	62	1	P90	8	-0.001264	-0.001264	0.000735	0.000735
1323	31	31	62	1	P95	8	0.000605	0.000605	0.002607	0.002607
1323	31	31	62	1	P99	12	0.002612	0.002612	0.000839	0.000839
1323	31	31	62	1	P999	12	0.002612	0.002612	0.000839	0.000839
1324	31	31	62	1	P1	6	-0.003059	-0.003059	-0.001041	-0.001041
1324	31	31	62	1	P50	7	-0.001460	-0.001629	-0.000745	-0.000834
1324	31	31	62	1	P75	7	0.001242	0.001242	0.000590	0.000590
1324	31	31	62	1	P90	7	0.002927	0.002927	0.001391	0.001391
1324	31	31	62	1	P95	8	-0.001886	-0.001886	0.000112	0.000112
1324	31	31	62	1	P99	9	0.002448	0.002448	0.000698	0.000698
1324	31	31	62	1	P999	9	0.002448	0.002448	0.000698	0.000698
1325	31	31	62	0	P1	6	-0.002425	-0.002425	-0.000860	-0.000860
1325	31	31	62	0	P50	7	-0.001737	-0.001824	-0.000170	-0.000257
1325	31	31	62	0	P75	7	-0.000435	-0.000435	0.001134	0.001134
1325	31	31	62	0	P90	8	-0.000211	-0.000211	0.001359	0.001359
1325	31	31	62	0	P95	9	0.002871	0.002871	0.000698	0.000698
1325	31	31	62	0	P99	1515	0.001669	0.001669	0.003242	0.003242
1325	31	31	62	0	P999	1515	0.001669	0.001669	0.003242	0.003242
1326	31	31	62	0	P1	6	-0.002653	-0.002653	-0.001088	-0.001088
1326	31	31	62	0	P50	7	-0.002416	-0.002525	-0.000850	-0.000960
1326	31	31	62	0	P75	7	-0.000769	-0.000769	0.000799	0.000799
1326	31	31	62	0	P90	8	-0.001207	-0.001207	0.000361	0.000361
1326	31	31	62	0	P95	8	0.001036	0.001036	0.002607	0.002607
1326	31	31	62	0	P99	1972	0.003436	0.003436	0.001262	0.001262
1326	31	31	62	0	P999	1972	0.003436	0.003436	0.001262	0.001262
1327	31	31	62	0	P1	6	-0.002573	-0.002573	-0.001008	-0.001008
1327	31	31	62	0	P50	7	-0.001965	-0.002064	-0.000399	-0.000497
1327	31	31	62	0	P75	7	-0.000492	-0.000492	0.001077	0.001077
1327	31	31	62	0	P90	8	-0.000567	-0.000567	0.001002	0.001002
1327	31	31	62	0	P95	8	0.001036	0.001036	0.002607	0.002607
1327	31	31	62	0	P99	13	0.001464	0.001464	0.003036	0.003036
1327	31	31	62	0	P999	13	0.001464	0.001464	0.003036	0.003036
1328	31	31	62	1	P1	6	-0.001232	-0.001232	-0.000963	-0.000963
1328	31	31	62	1	P50	7	-0.000579	-0.000670	-0.000346	-0.000437
1328	31	31	62	1	P75	7	0.000789	0.000789	0.001022	0.001022
1328	31	31	62	1	P90	8	-0.002828	-0.002828	0.000735	0.000735
1328	31	31	62	1	P95	8	0.002406	0.002406	0.002607	0.002607
1328	31	31	62	1	P99	1321	-0.000796	-0.000796	0.001960	0.001960
1328	31	31	62	1	P999	1321	-0.000796	-0.000796	0.001960	0.001960
1329	31	31	62	1	P1	6	-0.002147	-0.002147	-0.000808	-0.000808
1329	31	31	62	1	P50	625	0.001607	-0.199630	0.002762	-0.198700
1329	31	31	62	1	P75	6317	0.002254	0.002254	0.003315	0.003315
1329	31	31	62	1	P90	6835	0.001941	0.001941	0.002999	0.002999
1329	31	31	62	1	P95	9549	0.000252	0.000252	0.001294	0.001294
1329	31	31	62	1	P99	11151	0.002162	0.002162	0.003200	0.003200
1329	31	31	62	1	P999	11151	0.002162	0.002162	0.003200	0.003200
1330	31	31	62	1	P1	6	-0.002075	-0.002075	-0.000860	-0.000860
1330	31	31	62	1	P50	7	0.002674	0.002569	0.000154	0.000053
1330	31	31	62	1	P75	8	-0.001540	-0.001540	-0.000387	-0.000387
1330	31	31	62	1	P90	10	0.000763	0.000763	0.001871	0.001871
1330	31	31	62	1	P95	12	0.003517	0.003517	0.000839	0.000839
1330	31	31	62	1	P99	2732	0.000587	0.000587	0.000478	0.000478
1330	31	31	62	1	P999	2732	0.000587	0.000587	0.000478	0.000478
1331	31	31	62	1	P1	6	-0.002537	-0.002537	-0.000860	-0.000860
1331	31	31	62	1	P50	7	0.001903	0.001806	0.000035	-0.000061
1331	31	31	62	1	P75	7	0.003344	0.003344	0.001474	0.001474
1331	31	31	62	1	P90	12	0.002762	0.002762	0.000839	0.000839
1331	31	31	62	1	P95	680	0.002980	0.002980	0.000653	0.000653
1331	31	31	62	1	P99	3346	0.002080	0.002080	0.003340	0.003340
1331	31	31	62	1	P999	3346	0.002080	0.002080	0.003340	0.003340
1332	31	31	62	0	P1	6	-0.002591	-0.002591	-0.001026	-0.001026
1332	31	31	62	0	P50	7	-0.001971	-0.002074	-0.000404	-0.000508
1332	31	31	62	0	P75	7	-0.000415	-0.000415	0.001154	0.001154
1332	31	31	62	0	P90	8	0.001036	0.001036	0.002607	0.002607
1332	31	31	62	0	P95	776	0.001592	0.001592	0.003164	0.003164
1332	31	31	62	0	P99	1870	0.000471	0.000471	0.002041	0.002041
1332	31	31	62	0	P999	1870	0.000471	0.000471	0.002041	0.002041
1333	31	31	62	0	P1	6	-0.002529	-0.002529	-0.000963	-0.000963
1333	31	31	62	0	P50	7	-0.001401	-0.001517	0.000167	0.000050
1333	31	31	62	0	P75	8	-0.001580	-0.001580	-0.000013	-0.000013
1333	31	31	62	0	P90	9	0.002871	0.002871	0.000698	0.000698
1333	31	31	62	0	P95	573	0.002085	0.002085	0.003658	0.003658
1333	31	31	62	0	P99	1600	0.003154	0.003154	0.000980	0.000980
1333	31	31	62	0	P999	1600	0.003154	0.003154	0.000980	0.000980
1334	31	31	62	1	P1	6	-0.001749	-0.001749	-0.001041	-0.001041
1334	31	31	62	1	P50	7	0.000160	-0.000027	-0.000636	-0.000732
1334	31	31	62	1	P75	7	0.003077	0.003077	0.000802	0.000802
1334	31	31	62	1	P90	8	-0.003618	-0.003618	0.000112	0.000112
1334	31	31	62	1	P95	9	0.000113	0.000113	0.000698	0.000698
1334	31	31	62	1	P99	617	0.001395	0.001395	0.000689	0.000689
1334	31	31	62	1	P999	617	0.001395	0.001395	0.000689	0.000689
1335	31	31	62	1	P1	6	-0.001289	-0.001289	-0.000029	-0.000029
1335	31	31	62	1	P50	618	0.001803	-0.196478	0.002812	-0.198660
1335	31	31	62	1	P75	1017	0.000854	0.000854	0.001834	0.001834
1335	31	31	62	1	P90	5445	0.001452	0.001452	0.002340	0.002340
1335	31	31	62	1	P95	5723	0.000251	0.000251	0.001136	0.001136
1335	31	31	62	1	P99	13847	0.002625	0.002625	0.003463	0.003463
1335	31	31	62	1	P999	13847	0.002625	0.002625	0.003463	0.003463
1336	31	31	62	1	P1	6	-0.002546	-0.002546	-0.000528	-0.000528
1336	31	31	62	1	P50	8	-0.001154	-0.001374	0.000845	0.000625
1336	31	31	62	1	P75	9	0.001087	0.001087	-0.000661	-0.000661
1336	31	31	62	1	P90	12	0.002612	0.002612	0.000839	0.000839
1336	31	31	62	1	P95	19	0.002885	0.002885	0.001076	0.001076
1336	31	31	62	1	P99	206	0.000709	0.000709	0.002462	0.002462
1336	31	31	62	1	P999	206	0.000709	0.000709	0.002462	0.002462
1337	31	31	62	1	P1	6	-0.000920	-0.000920	-0.000652	-0.000652
1337	31	31	62	1	P50	7	0.000543	0.000430	0.000776	0.000663
1337	31	31	62	1	P75	8	-0.000868	-0.000868	0.000860	0.000860
1337	31	31	62	1	P90	9	0.002396	0.002396	-0.001171	-0.001171
1337	31	31	62	1	P95	10	-0.002017	-0.002017	0.001247	0.001247
1337	31	31	62	1	P99	56	0.004433	0.004433	0.000434	0.000434
1337	31	31	62	1	P999	56	0.004433	0.004433	0.000434	0.000434
1338	31	31	62	1	P1	6	-0.003005	-0.003005	-0.000987	-0.000987
1338	31	31	62	1	P50	7	-0.000441	-0.000638	-0.000348	-0.000444
1338	31	31	62	1	P75	7	0.002365	0.002365	0.001090	0.001090
1338	31	31	62	1	P90	8	-0.000997	-0.000997	0.001002	0.001002
1338	31	31	62	1	P95	8	0.000605	0.000605	0.002607	0.002607
1338	31	31	62	1	P99	36	0.003046	0.003046	0.001188	0.001188
1338	31	31	62	1	P999	36	0.003046	0.003046	0.001188	0.001188
1339	31	31	62	0	P1	6	-0.002684	-0.002684	-0.001119	-0.001119
1339	31	31	62	0	P50	7	-0.002800	-0.002916	-0.001234	-0.001351
1339	31	31	62	0	P75	7	-0.001051	-0.001051	0.000517	0.000517
1339	31	31	62	0	P90	7	-0.000000	-0.000000	0.001570	0.001570
1339	31	31	62	0	P95	8	-0.000460	-0.000460	0.001109	0.001109
1339	31	31	62	0	P99	11	0.000308	0.000308	0.001879	0.001879
1339	31	31	62	0	P999	11	0.000308	0.000308	0.001879	0.001879
1340	31	31	62	1	P1	6	-0.003043	-0.003043	-0.001026	-0.001026
1340	31	31	62	1	P50	7	-0.000834	-0.001031	-0.000354	-0.000461
1340	31	31	62	1	P75	7	0.002599	0.002599	0.001249	0.001249
1340	31	31	62	1	P90	8	-0.001264	-0.001264	0.000735	0.000735
1340	31	31	62	1	P95	8	-0.000330	-0.000330	0.001671	0.001671
1340	31	31	62	1	P99	8	0.000605	0.000605	0.002607	0.002607
1340	31	31	62	1	P999	8	0.000605	0.000605	0.002607	0.002607
1341	31	31	62	1	P1	6	-0.000533	-0.000533	-0.000029	-0.000029
1341	31	31	62	1	P50	842	0.000465	-0.006988	0.000029	-0.003702
1341	31	31	62	1	P75	5840	0.000391	0.000391	0.003331	0.003331
1341	31	31	62	1	P90	8909	0.000530	0.000530	0.003390	0.003390
1341	31	31	62	1	P95	10102	0.001976	0.001976	0.001066	0.001066
1341	31	31	62	1	P99	12487	-0.000615	-0.000615	0.002177	0.002177
1341	31	31	62	1	P999	12487	-0.000615	-0.000615	0.002177	0.002177
1342	31	31	62	0	P1	6	-0.002529	-0.002529	-0.000963	-0.000963
1342	31	31	62	0	P50	7	-0.001601	-0.001707	-0.000034	-0.000140
1342	31	31	62	0	P75	7	-0.000000	-0.000000	0.001570	0.001570
1342	31	31	62	0	P90	918	0.001756	0.001756	0.003328	0.003328
1342	31	31	62	0	P95	1301	0.000694	0.000694	0.002265	0.002265
1342	31	31	62	0	P99	1628	0.000753	0.000753	0.002324	0.002324
1342	31	31	62	0	P999	1628	0.000753	0.000753	0.002324	0.002324
1343	31	31	62	0	P1	6	-0.002633	-0.002633	-0.001067	-0.001067
1343	31	31	62	0	P50	7	-0.002282	-0.002385	-0.000716	-0.000819
1343	31	31	62	0	P75	7	-0.000727	-0.000727	0.000842	0.000842
1343	31	31	62	0	P90	8	-0.000211	-0.000211	0.001359	0.001359
1343	31	31	62	0	P95	12	0.003013	0.003013	0.000839	0.000839
1343	31	31	62	0	P99	1120	0.000980	0.000980	0.002551	0.002551
1343	31	31	62	0	P999	1120	0.000980	0.000980	0.002551	0.002551
1344	31	31	62	1	P1	5	0.001315	0.001315	0.001625	0.001625
1344	31	31	62	1	P50	7	-0.000627	-0.000720	-0.000394	-0.000487
1344	31	31	62	1	P75	7	0.000776	0.000776	0.001008	0.001008
1344	31	31	62	1	P90	8	-0.002268	-0.002268	0.001671	0.001671
1344	31	31	62	1	P95	359	0.000913	0.000913	0.000231	0.000231
1344	31	31	62	1	P99	1889	0.000473	0.000473	0.003149	0.003149
1344	31	31	62	1	P999	1889	0.000473	0.000473	0.003149	0.003149
1345	31	31	62	0	P1	6	-0.002591	-0.002591	-0.001026	-0.001026
1345	31	31	62	0	P50	7	-0.002064	-0.002162	-0.000497	-0.000595
1345	31	31	62	0	P75	7	-0.000590	-0.000590	0.000979	0.000979
1345	31	31	62	0	P90	8	-0.001100	-0.001100	0.000468	0.000468
1345	31	31	62	0	P95	8	0.000501	0.000501	0.002072	0.002072
1345	31	31	62	0	P99	916	0.000197	0.000197	0.001767	0.001767
1345	31	31	62	0	P999	916	0.000197	0.000197	0.001767	0.001767
1346	31	31	62	1	P1	6	-0.003025	-0.003025	-0.001008	-0.001008
1346	31	31	62	1	P50	7	-0.000441	-0.000649	-0.000444	-0.000540
1346	31	31	62	1	P75	7	0.002231	0.002231	0.000994	0.000994
1346	31	31	62	1	P90	8	-0.000330	-0.000330	0.001671	0.001671
1346	31	31	62	1	P95	365	0.000640	0.000640	0.002349	0.002349
1346	31	31	62	1	P99	546	0.001650	0.001650	0.003330	0.003330
1346	31	31	62	1	P999	546	0.001650	0.001650	0.003330	0.003330
1347	31	31	62	1	P1	6	-0.001762	-0.001762	-0.001055	-0.001055
1347	31	31	62	1	P50	7	0.000120	-0.000076	-0.000361	-0.000481
1347	31	31	62	1	P75	7	0.004345	0.004345	0.001449	0.001449
1347	31	31	62	1	P90	8	0.000738	0.000738	0.001858	0.001858
1347	31	31	62	1	P95	246	0.001112	0.001112	0.000688	0.000688
1347	31	31	62	1	P99	549	0.002255	0.002255	0.001584	0.001584
1347	31	31	62	1	P999	549	0.002255	0.002255	0.001584	0.001584
1348	31	31	62	0	P1	6	-0.002529	-0.002529	-0.000963	-0.000963
1348	31	31	62	0	P50	7	-0.002037	-0.002122	-0.000470	-0.000555
1348	31	31	62	0	P75	7	-0.000764	-0.000764	0.000804	0.000804
1348	31	31	62	0	P90	7	-0.000000	-0.000000	0.001570	0.001570
1348	31	31	62	0	P95	8	-0.000460	-0.000460	0.001109	0.001109
1348	31	31	62	0	P99	14	0.002116	0.002116	0.003689	0.003689
1348	31	31	62	0	P999	14	0.002116	0.002116	0.003689	0.003689
1349	31	31	62	1	P1	6	-0.002953	-0.002953	-0.000935	-0.000935
1349	31	31	62	1	P50	7	-0.000130	-0.000285	-0.000344	-0.000431
1349	31	31	62	1	P75	7	0.002209	0.002209	0.000960	0.000960
1349	31	31	62	1	P90	8	-0.001637	-0.001637	0.000361	0.000361
1349	31	31	62	1	P95	8	0.000605	0.000605	0.002607	0.002607
1349	31	31	62	1	P99	524	0.001657	0.001657	0.003340	0.003340
1349	31	31	62	1	P999	524	0.001657	0.001657	0.003340	0.003340
1350	31	31	62	0	P1	6	-0.002553	-0.002553	-0.000987	-0.000987
1350	31	31	62	0	P50	7	-0.002045	-0.002134	-0.000478	-0.000567
1350	31	31	62	0	P75	7	-0.000712	-0.000712	0.000857	0.000857
1350	31	31	62	0	P90	8	-0.002166	-0.002166	-0.000600	-0.000600
1350	31	31	62	0	P95	8	-0.000567	-0.000567	0.001002	0.001002
1350	31	31	62	0	P99	8	0.001036	0.001036	0.002607	0.002607
1350	31	31	62	0	P999	8	0.001036	0.001036	0.002607	0.002607
1351	31	31	62	0	P1	6	-0.002644	-0.002644	-0.001078	-0.001078
1351	31	31	62	0	P50	7	-0.002306	-0.002416	-0.000740	-0.000850
1351	31	31	62	0	P75	7	-0.000659	-0.000659	0.000909	0.000909
1351	31	31	62	0	P90	8	0.000101	0.000101	0.001671	0.001671
1351	31	31	62	0	P95	11	0.000308	0.000308	0.001879	0.001879
1351	31	31	62	0	P99	330	0.000657	0.000657	0.002228	0.002228
1351	31	31	62	0	P999	330	0.000657	0.000657	0.002228	0.002228
1352	31	31	62	0	P1	6	-0.002633	-0.002633	-0.001067	-0.001067
1352	31	31	62	0	P50	7	-0.002150	-0.002263	-0.000584	-0.000697
1352	31	31	62	0	P75	7	-0.000453	-0.000453	0.001116	0.001116
1352	31	31	62	0	P90	8	-0.000033	-0.000033	0.001537	0.001537
1352	31	31	62	0	P95	206	0.000891	0.000891	0.002462	0.002462
1352	31	31	62	0	P99	466	0.003200	0.003200	0.001026	0.001026
1352	31	31	62	0	P999	466	0.003200	0.003200	0.001026	0.001026
1353	31	31	62	1	P1	734	0.001226	0.001226	0.002737	0.002737
1353	31	31	62	1	P50	3112	0.003359	-0.000385	0.001076	-0.000794
1353	31	31	62	1	P75	4160	0.000937	0.000937	0.002390	0.002390
1353	31	31	62	1	P90	4547	0.001699	0.001699	0.003150	0.003150
1353	31	31	62	1	P95	4897	0.002307	0.002307	0.000011	0.000011
1353	31	31	62	1	P99	9002	0.002793	0.002793	0.000475	0.000475
1353	31	31	62	1	P999	9002	0.002793	0.002793	0.000475	0.000475
1354	31	31	62	1	P1	6	-0.003005	-0.003005	-0.000987	-0.000987
1354	31	31	62	1	P50	7	-0.000951	-0.001120	-0.000197	-0.000300
1354	31	31	62	1	P75	7	0.002767	0.002767	0.001362	0.001362
1354	31	31	62	1	P90	659	0.000457	0.000457	0.002120	0.002120
1354	31	31	62	1	P95	748	0.000878	0.000878	0.002532	0.002532
1354	31	31	62	1	P99	977	0.002952	0.002952	0.000841	0.000841
1354	31	31	62	1	P999	977	0.002952	0.002952	0.000841	0.000841
1355	31	31	62	1	P1	6	-0.001557	-0.001557	-0.000935	-0.000935
1355	31	31	62	1	P50	7	0.001470	0.001182	0.000284	0.000167
1355	31	31	62	1	P75	8	0.001952	0.001952	0.002607	0.002607
1355	31	31	62	1	P90	705	0.001971	0.001971	0.001929	0.001929
1355	31	31	62	1	P95	974	0.000270	0.000270	0.000178	0.000178
1355	31	31	62	1	P99	7357	0.000826	0.000826	0.000420	0.000420
1355	31	31	62	1	P999	7357	0.000826	0.000826	0.000420	0.000420
1356	31	31	62	0	P1	6	-0.002467	-0.002467	-0.000901	-0.000901
1356	31	31	62	0	P50	7	-0.001681	-0.001774	-0.000114	-0.000207
1356	31	31	62	0	P75	7	-0.000280	-0.000280	0.001289	0.001289
1356	31	31	62	0	P90	8	0.001036	0.001036	0.002607	0.002607
1356	31	31	62	0	P95	352	0.003408	0.003408	0.001233	0.001233
1356	31	31	62	0	P99	519	0.000139	0.000139	0.001709	0.001709
1356	31	31	62	0	P999	519	0.000139	0.000139	0.001709	0.001709
1357	31	31	62	1	P1	6	-0.001291	-0.001291	-0.000935	-0.000935
1357	31	31	62	1	P50	7	-0.000479	-0.000575	-0.000157	-0.000253
1357	31	31	62	1	P75	7	0.000959	0.000959	0.001282	0.001282
1357	31	31	62	1	P90	594	0.001940	0.001940	0.001300	0.001300
1357	31	31	62	1	P95	948	0.001811	0.001811	0.001070	0.001070
1357	31	31	62	1	P99	7224	0.001154	0.001154	0.003718	0.003718
1357	31	31	62	1	P999	7224	0.001154	0.001154	0.003718	0.003718
1358	31	31	62	0	P1	6	-0.002620	-0.002620	-0.001055	-0.001055
1358	31	31	62	0	P50	7	-0.002260	-0.002358	-0.000694	-0.000792
1358	31	31	62	0	P75	7	-0.000787	-0.000787	0.000782	0.000782
1358	31	31	62	0	P90	8	-0.002166	-0.002166	-0.000600	-0.000600
1358	31	31	62	0	P95	8	-0.000567	-0.000567	0.001002	0.001002
1358	31	31	62	0	P99	8	0.001036	0.001036	0.002607	0.002607
1358	31	31	62	0	P999	8	0.001036	0.001036	0.002607	0.002607
1359	31	31	62	1	P1	6	-0.001294	-0.001294	-0.001026	-0.001026
1359	31	31	62	1	P50	7	-0.000773	-0.000868	-0.000540	-0.000636
1359	31	31	62	1	P75	7	0.000665	0.000665	0.000898	0.000898
1359	31	31	62	1	P90	8	-0.003200	-0.003200	0.000112	0.000112
1359	31	31	62	1	P95	8	0.000533	0.000533	0.001983	0.001983
1359	31	31	62	1	P99	286	0.000174	0.000174	0.003289	0.003289
1359	31	31	62	1	P999	286	0.000174	0.000174	0.003289	0.003289
1360	31	31	62	1	P1	6	-0.001232	-0.001232	-0.000963	-0.000963
1360	31	31	62	1	P50	7	0.000090	-0.000035	0.000323	0.000198
1360	31	31	62	1	P75	8	0.002406	0.002406	0.002607	0.002607
1360	31	31	62	1	P90	313	-0.000305	-0.000305	0.002787	0.002787
1360	31	31	62	1	P95	449	0.001543	0.001543	0.000809	0.000809
1360	31	31	62	1	P99	882	0.003106	0.003106	0.002213	0.002213
1360	31	31	62	1	P999	882	0.003106	0.003106	0.002213	0.002213
1361	31	31	62	1	P1	383	0.003964	0.003964	0.002806	0.002806
1361	31	31	62	1	P50	1137	0.000155	-0.003578	0.002438	-0.001302
1361	31	31	62	1	P75	1330	0.000408	0.000408	0.002648	0.002648
1361	31	31	62	1	P90	1523	-0.000491	-0.000491	0.001709	0.001709
1361	31	31	62	1	P95	1833	0.001188	0.001188	0.003340	0.003340
1361	31	31	62	1	P99	3061	0.000644	0.000644	0.002651	0.002651
1361	31	31	62	1	P999	3061	0.000644	0.000644	0.002651	0.002651
1362	31	31	62	1	P1	6	-0.000796	-0.000796	-0.000528	-0.000528
1362	31	31	62	1	P50	8	-0.002734	-0.003200	0.000034	-0.000200
1362	31	31	62	1	P75	9	0.002771	0.002771	-0.000548	-0.000548
1362	31	31	62	1	P90	10	0.003595	0.003595	0.003745	0.003745
1362	31	31	62	1	P95	15	0.001919	0.001919	0.001975	0.001975
1362	31	31	62	1	P99	90	0.001058	0.001058	0.000698	0.000698
1362	31	31	62	1	P999	90	0.001058	0.001058	0.000698	0.000698
1363	31	31	62	0	P1	6	-0.002425	-0.002425	-0.000860	-0.000860
1363	31	31	62	0	P50	7	-0.000299	-0.000448	0.001270	0.001121
1363	31	31	62	0	P75	8	-0.000145	-0.000145	0.001424	0.001424
1363	31	31	62	0	P90	9	0.001373	0.001373	-0.000797	-0.000797
1363	31	31	62	0	P95	10	0.000301	0.000301	0.001871	0.001871
1363	31	31	62	0	P99	40	0.002663	0.002663	0.000490	0.000490
1363	31	31	62	0	P999	40	0.002663	0.002663	0.000490	0.000490
1364	31	31	62	1	P1	6	-0.002953	-0.002953	-0.000935	-0.000935
1364	31	31	62	1	P50	7	-0.000067	-0.000254	-0.000157	-0.000253
1364	31	31	62	1	P75	7	0.002740	0.002740	0.001282	0.001282
1364	31	31	62	1	P90	8	0.000605	0.000605	0.002607	0.002607
1364	31	31	62	1	P95	9	0.000576	0.000576	-0.001171	-0.001171
1364	31	31	62	1	P99	9	0.002448	0.002448	0.000698	0.000698
1364	31	31	62	1	P999	9	0.002448	0.002448	0.000698	0.000698
1365	31	31	62	0	P1	6	-0.002620	-0.002620	-0.001055	-0.001055
1365	31	31	62	0	P50	7	-0.002298	-0.002393	-0.000732	-0.000827
1365	31	31	62	0	P75	7	-0.000862	-0.000862	0.000706	0.000706
1365	31	31	62	0	P90	7	-0.000000	-0.000000	0.001570	0.001570
1365	31	31	62	0	P95	8	-0.000833	-0.000833	0.000735	0.000735
1365	31	31	62	0	P99	8	0.001036	0.001036	0.002607	0.002607
1365	31	31	62	0	P999	8	0.001036	0.001036	0.002607	0.002607
1366	31	31	62	0	P1	6	-0.002553	-0.002553	-0.000987	-0.000987
1366	31	31	62	0	P50	7	-0.001961	-0.002054	-0.000394	-0.000487
1366	31	31	62	0	P75	7	-0.000561	-0.000561	0.001008	0.001008
1366	31	31	62	0	P90	8	0.000101	0.000101	0.001671	0.001671
1366	31	31	62	0	P95	13	0.001464	0.001464	0.003036	0.003036
1366	31	31	62	0	P99	78	0.000187	0.000187	0.001757	0.001757
1366	31	31	62	0	P999	78	0.000187	0.000187	0.001757	0.001757
1367	31	31	62	0	P1	6	-0.002425	-0.002425	-0.000860	-0.000860
1367	31	31	62	0	P50	7	-0.001826	-0.001909	-0.000259	-0.000342
1367	31	31	62	0	P75	7	-0.000581	-0.000581	0.000988	0.000988
1367	31	31	62	0	P90	8	-0.001207	-0.001207	0.000361	0.000361
1367	31	31	62	0	P95	8	0.001036	0.001036	0.002607	0.002607
1367	31	31	62	0	P99	11	0.000308	0.000308	0.001879	0.001879
1367	31	31	62	0	P999	11	0.000308	0.000308	0.001879	0.001879
1368	31	31	62	1	P1	6	-0.001775	-0.001775	-0.001067	-0.001067
1368	31	31	62	1	P50	7	0.000248	0.000028	-0.000792	-0.000890
1368	31	31	62	1	P75	7	0.003049	0.003049	0.000683	0.000683
1368	31	31	62	1	P90	7	0.004658	0.004658	0.001570	0.001570
1368	31	31	62	1	P95	8	0.001986	0.001986	0.002607	0.002607
1368	31	31	62	1	P99	11	0.001355	0.001355	0.001879	0.001879
1368	31	31	62	1	P999	11	0.001355	0.001355	0.001879	0.001879
1369	31	31	62	0	P1	6	-0.002307	-0.002307	-0.000741	-0.000741
1369	31	31	62	0	P50	7	-0.001705	-0.001786	-0.000138	-0.000219
1369	31	31	62	0	P75	7	-0.000487	-0.000487	0.001082	0.001082
1369	31	31	62	0	P90	8	-0.001300	-0.001300	0.000268	0.000268
1369	31	31	62	0	P95	8	0.000101	0.000101	0.001671	0.001671
1369	31	31	62	0	P99	10	0.002172	0.002172	0.003745	0.003745
1369	31	31	62	0	P999	10	0.002172	0.002172	0.003745	0.003745
1370	31	31	62	0	P1	6	-0.002553	-0.002553	-0.000987	-0.000987
1370	31	31	62	0	P50	7	-0.002084	-0.002171	-0.000518	-0.000605
1370	31	31	62	0	P75	7	-0.000782	-0.000782	0.000786	0.000786
1370	31	31	62	0	P90	7	-0.000000	-0.000000	0.001570	0.001570
1370	31	31	62	0	P95	8	-0.000833	-0.000833	0.000735	0.000735
1370	31	31	62	0	P99	8	0.001036	0.001036	0.002607	0.002607
1370	31	31	62	0	P999	8	0.001036	0.001036	0.002607	0.002607
1371	31	31	62	1	P1	359	0.004044	0.004044	0.000231	0.000231
1371	31	31	62	1	P50	1226	0.002284	-0.005184	0.001833	-0.005629
1371	31	31	62	1	P75	1404	0.001322	0.001322	0.000830	0.000830
1371	31	31	62	1	P90	1558	-0.001798	-0.001798	0.001416	0.001416
1371	31	31	62	1	P95	1689	-0.000272	-0.000272	0.002920	0.002920
1371	31	31	62	1	P99	3202	-0.000520	-0.000520	0.002472	0.002472
1371	31	31	62	1	P999	3202	-0.000520	-0.000520	0.002472	0.002472
1372	31	31	62	1	P1	6	-0.002546	-0.002546	-0.000528	-0.000528
1372	31	31	62	1	P50	7	0.003302	0.003052	0.001570	0.001431
1372	31	31	62	1	P75	8	0.000605	0.000605	0.002607	0.002607
1372	31	31	62	1	P90	9	0.001767	0.001767	0.000018	0.000018
1372	31	31	62	1	P95	10	-0.000113	-0.000113	0.001871	0.001871
1372	31	31	62	1	P99	133	0.000861	0.000861	0.002648	0.002648
1372	31	31	62	1	P999	133	0.000861	0.000861	0.002648	0.002648
1373	31	31	62	1	P1	6	-0.001128	-0.001128	-0.000860	-0.000860
1373	31	31	62	1	P50	7	0.000464	0.000339	0.000697	0.000572
1373	31	31	62	1	P75	8	-0.001750	-0.001750	0.001002	0.001002
1373	31	31	62	1	P90	9	0.004271	0.004271	0.000698	0.000698
1373	31	31	62	1	P95	12	0.004480	0.004480	0.000839	0.000839
1373	31	31	62	1	P99	75	0.000177	0.000177	0.003603	0.003603
1373	31	31	62	1	P999	75	0.000177	0.000177	0.003603	0.003603
1374	31	31	62	0	P1	6	-0.002653	-0.002653	-0.001088	-0.001088
1374	31	31	62	0	P50	7	-0.002522	-0.002623	-0.000957	-0.001058
1374	31	31	62	0	P75	7	-0.001010	-0.001010	0.000558	0.000558
1374	31	31	62	0	P90	7	-0.000101	-0.000101	0.001469	0.001469
1374	31	31	62	0	P95	8	-0.000211	-0.000211	0.001359	0.001359
1374	31	31	62	0	P99	9	0.002871	0.002871	0.000698	0.000698
1374	31	31	62	0	P999	9	0.002871	0.002871	0.000698	0.000698
1375	31	31	62	1	P1	6	-0.002981	-0.002981	-0.000963	-0.000963
1375	31	31	62	1	P50	7	-0.001064	-0.001219	-0.000431	-0.000518
1375	31	31	62	1	P75	7	0.001725	0.001725	0.000873	0.000873
1375	31	31	62	1	P90	8	-0.001886	-0.001886	0.000112	0.000112
1375	31	31	62	1	P95	9	0.000576	0.000576	-0.001171	-0.001171
1375	31	31	62	1	P99	13	0.001070	0.001070	0.003036	0.003036
1375	31	31	62	1	P999	13	0.001070	0.001070	0.003036	0.003036
1376	31	31	62	1	P1	6	-0.002878	-0.002878	-0.000860	-0.000860
1376	31	31	62	1	P50	7	-0.000740	-0.000889	-0.000340	-0.000420
1376	31	31	62	1	P75	7	0.001769	0.001769	0.000853	0.000853
1376	31	31	62	1	P90	7	0.003302	0.003302	0.001570	0.001570
1376	31	31	62	1	P95	8	-0.000330	-0.000330	0.001671	0.001671
1376	31	31	62	1	P99	74	0.003985	0.003985	0.002070	0.002070
1376	31	31	62	1	P999	74	0.003985	0.003985	0.002070	0.002070
1377	31	31	62	1	P1	6	-0.003085	-0.003085	-0.001067	-0.001067
1377	31	31	62	1	P50	7	-0.001686	-0.001864	-0.000893	-0.000984
1377	31	31	62	1	P75	7	0.001055	0.001055	0.000475	0.000475
1377	31	31	62	1	P90	7	0.002740	0.002740	0.001296	0.001296
1377	31	31	62	1	P95	7	0.003302	0.003302	0.001570	0.001570
1377	31	31	62	1	P99	8	0.000605	0.000605	0.002607	0.002607
1377	31	31	62	1	P999	8	0.000605	0.000605	0.002607	0.002607
1378	31	31	62	0	P1	6	-0.002633	-0.002633	-0.001067	-0.001067
1378	31	31	62	0	P50	7	-0.002489	-0.002578	-0.000923	-0.001012
1378	31	31	62	0	P75	7	-0.001156	-0.001156	0.000412	0.000412
1378	31	31	62	0	P90	7	-0.000356	-0.000356	0.001213	0.001213
1378	31	31	62	0	P95	7	-0.000089	-0.000089	0.001481	0.001481
1378	31	31	62	0	P99	8	0.001036	0.001036	0.002607	0.002607
1378	31	31	62	0	P999	8	0.001036	0.001036	0.002607	0.002607
1379	31	31	62	1	P1	6	-0.001889	-0.001889	-0.000935	-0.000935
1379	31	31	62	1	P50	936	0.002195	-0.444824	0.002598	-0.444565
1379	31	31	62	1	P75	5379	-0.000630	-0.000630	0.003324	0.003324
1379	31	31	62	1	P90	6624	0.000522	0.000522	0.000710	0.000710
1379	31	31	62	1	P95	7679	0.002269	0.002269	0.002441	0.002441
1379	31	31	62	1	P99	21394	0.001961	0.001961	0.002021	0.002021
1379	31	31	62	1	P999	21394	0.001961	0.001961	0.002021	0.002021
1380	31	31	62	1	P1	6	-0.001364	-0.001364	-0.001008	-0.001008
1380	31	31	62	1	P50	7	-0.000721	-0.000820	-0.000399	-0.000497
1380	31	31	62	1	P75	7	0.000755	0.000755	0.001077	0.001077
1380	31	31	62	1	P90	8	0.000709	0.000709	0.001002	0.001002
1380	31	31	62	1	P95	8	0.002313	0.002313	0.002607	0.002607
1380	31	31	62	1	P99	3587	0.002098	0.002098	0.001068	0.001068
1380	31	31	62	1	P999	3587	0.002098	0.002098	0.001068	0.001068
1381	31	31	62	1	P1	6	-0.002981	-0.002981	-0.000963	-0.000963
1381	31	31	62	1	P50	7	-0.000001	-0.000221	-0.000034	-0.000140
1381	31	31	62	1	P75	7	0.003302	0.003302	0.001570	0.001570
1381	31	31	62	1	P90	10	-0.000736	-0.000736	0.001247	0.001247
1381	31	31	62	1	P95	11	-0.000098	-0.000098	0.001879	0.001879
1381	31	31	62	1	P99	868	0.001620	0.001620	0.003264	0.003264
1381	31	31	62	1	P999	868	0.001620	0.001620	0.003264	0.003264
1382	31	31	62	0	P1	6	-0.002553	-0.002553	-0.000987	-0.000987
1382	31	31	62	0	P50	7	-0.001707	-0.001814	-0.000140	-0.000247
1382	31	31	62	0	P75	7	-0.000107	-0.000107	0.001463	0.001463
1382	31	31	62	0	P90	8	0.000620	0.000620	0.002191	0.002191
1382	31	31	62	0	P95	12	0.003013	0.003013	0.000839	0.000839
1382	31	31	62	0	P99	851	0.002784	0.002784	0.000611	0.000611
1382	31	31	62	0	P999	851	0.002784	0.002784	0.000611	0.000611
1383	31	31	62	1	P1	6	-0.002150	-0.002150	-0.000935	-0.000935
1383	31	31	62	1	P50	7	-0.000082	-0.000238	-0.000425	-0.000508
1383	31	31	62	1	P75	7	0.002525	0.002525	0.000821	0.000821
1383	31	31	62	1	P90	7	0.004133	0.004133	0.001570	0.001570
1383	31	31	62	1	P95	733	0.000182	0.000182	0.000359	0.000359
1383	31	31	62	1	P99	2234	0.003678	0.003678	0.003613	0.003613
1383	31	31	62	1	P999	2234	0.003678	0.003678	0.003613	0.003613
1384	31	31	62	1	P1	6	-0.001868	-0.001868	-0.001041	-0.001041
1384	31	31	62	1	P50	7	-0.001360	-0.001461	-0.000553	-0.000654
1384	31	31	62	1	P75	7	0.000155	0.000155	0.000963	0.000963
1384	31	31	62	1	P90	8	0.001815	0.001815	0.002607	0.002607
1384	31	31	62	1	P95	10	-0.000760	-0.000760	0.003745	0.003745
1384	31	31	62	1	P99	798	0.001188	0.001188	0.001370	0.001370
1384	31	31	62	1	P999	798	0.001188	0.001188	0.001370	0.001370
1385	31	31	62	1	P1	6	-0.001671	-0.001671	-0.000963	-0.000963
1385	31	31	62	1	P50	7	0.000568	0.000398	-0.000431	-0.000518
1385	31	31	62	1	P75	7	0.003228	0.003228	0.000873	0.000873
1385	31	31	62	1	P90	8	-0.003618	-0.003618	0.000112	0.000112
1385	31	31	62	1	P95	9	0.000113	0.000113	0.000698	0.000698
1385	31	31	62	1	P99	846	-0.000172	-0.000172	0.002769	0.002769
1385	31	31	62	1	P999	846	-0.000172	-0.000172	0.002769	0.002769
1386	31	31	62	1	P1	6	-0.001725	-0.001725	-0.000860	-0.000860
1386	31	31	62	1	P50	710	0.002070	-0.987278	0.002338	-0.987315
1386	31	31	62	1	P75	5662	0.000630	0.000630	0.000638	0.000638
1386	31	31	62	1	P90	8091	0.002548	0.002548	0.002510	0.002510
1386	31	31	62	1	P95	8830	0.001126	0.001126	0.001078	0.001078
1386	31	31	62	1	P99	12996	-0.000302	-0.000302	0.003344	0.003344
1386	31	31	62	1	P999	12996	-0.000302	-0.000302	0.003344	0.003344
1387	31	31	62	0	P1	6	-0.002607	-0.002607	-0.001041	-0.001041
1387	31	31	62	0	P50	7	-0.002074	-0.002178	-0.000508	-0.000612
1387	31	31	62	0	P75	7	-0.000519	-0.000519	0.001050	0.001050
1387	31	31	62	0	P90	8	-0.000567	-0.000567	0.001002	0.001002
1387	31	31	62	0	P95	8	0.001036	0.001036	0.002607	0.002607
1387	31	31	62	0	P99	141	0.002475	0.002475	0.000303	0.000303
1387	31	31	62	0	P999	141	0.002475	0.002475	0.000303	0.000303
1388	31	31	62	0	P1	5	0.000056	0.000056	0.001625	0.001625
1388	31	31	62	0	P50	7	-0.002054	-0.002147	-0.000487	-0.000581
1388	31	31	62	0	P75	7	-0.000654	-0.000654	0.000915	0.000915
1388	31	31	62	0	P90	8	-0.001207	-0.001207	0.000361	0.000361
1388	31	31	62	0	P95	8	0.001036	0.001036	0.002607	0.002607
1388	31	31	62	0	P99	10	0.002172	0.002172	0.003745	0.003745
1388	31	31	62	0	P999	10	0.002172	0.002172	0.003745	0.003745
1389	31	31	62	0	P1	6	0.000046	0.000046	-0.001088	-0.001088
1389	31	31	62	0	P50	7	0.000177	0.000076	-0.000957	-0.001058
1389	31	31	62	0	P75	7	0.001694	0.001694	0.000558	0.000558
1389	31	31	62	0	P90	7	0.002605	0.002605	0.001469	0.001469
1389	31	31	62	0	P95	8	-0.001245	-0.001245	0.001359	0.001359
1389	31	31	62	0	P99	11	0.003016	0.003016	0.001879	0.001879
1389	31	31	62	0	P999	11	0.003016	0.003016	0.001879	0.001879
1390	31	31	62	1	P1	6	-0.001795	-0.001795	-0.001088	-0.001088
1390	31	31	62	1	P50	7	-0.000470	-0.000666	-0.000722	-0.000843
1390	31	31	62	1	P75	7	0.003406	0.003406	0.001087	0.001087
1390	31	31	62	1	P90	8	-0.001131	-0.001131	0.000735	0.000735
1390	31	31	62	1	P95	8	0.000738	0.000738	0.001858	0.001858
1390	31	31	62	1	P99	9	0.000113	0.000113	0.000698	0.000698
1390	31	31	62	1	P999	9	0.000113	0.000113	0.000698	0.000698
1391	31	31	62	1	P1	6	-0.002241	-0.002241	-0.001026	-0.001026
1391	31	31	62	1	P50	7	0.002204	0.002097	-0.000354	-0.000461
1391	31	31	62	1	P75	7	0.003811	0.003811	0.001249	0.001249
1391	31	31	62	1	P90	8	0.000203	0.000203	0.001359	0.001359
1391	31	31	62	1	P95	8	0.001451	0.001451	0.002607	0.002607
1391	31	31	62	1	P99	2408	0.003450	0.003450	0.003368	0.003368
1391	31	31	62	1	P999	2408	0.003450	0.003450	0.003368	0.003368
1392	31	31	62	0	P1	6	-0.002501	-0.002501	-0.000935	-0.000935
1392	31	31	62	0	P50	7	-0.001867	-0.001956	-0.000300	-0.000389
1392	31	31	62	0	P75	7	-0.000534	-0.000534	0.001035	0.001035
1392	31	31	62	0	P90	8	-0.000833	-0.000833	0.000735	0.000735
1392	31	31	62	0	P95	8	0.001036	0.001036	0.002607	0.002607
1392	31	31	62	0	P99	1487	0.001634	0.001634	0.003206	0.003206
1392	31	31	62	0	P999	1487	0.001634	0.001634	0.003206	0.003206
1393	31	31	62	1	P1	6	-0.001785	-0.001785	-0.000963	-0.000963
1393	31	31	62	1	P50	7	-0.000895	-0.000999	-0.000093	-0.000197
1393	31	31	62	1	P75	7	0.000662	0.000662	0.001466	0.001466
1393	31	31	62	1	P90	8	0.001072	0.001072	0.001858	0.001858
1393	31	31	62	1	P95	9	-0.000072	-0.000072	-0.001171	-0.001171
1393	31	31	62	1	P99	1459	0.003435	0.003435	0.003527	0.003527
1393	31	31	62	1	P999	1459	0.003435	0.003435	0.003527	0.003527
1394	31	31	62	1	P1	6	-0.001232	-0.001232	-0.000652	-0.000652
1394	31	31	62	1	P50	4236	-0.000189	-0.819582	0.002977	-0.820304
1394	31	31	62	1	P75	8479	0.001222	0.001222	0.000522	0.000522
1394	31	31	62	1	P90	10839	0.002415	0.002415	0.001671	0.001671
1394	31	31	62	1	P95	12007	0.001017	0.001017	0.000255	0.000255
1394	31	31	62	1	P99	16240	0.001859	0.001859	0.001043	0.001043
1394	31	31	62	1	P999	16240	0.001859	0.001859	0.001043	0.001043
1395	31	31	62	0	P1	6	-0.002553	-0.002553	-0.000987	-0.000987
1395	31	31	62	0	P50	7	-0.001867	-0.001965	-0.000300	-0.000399
1395	31	31	62	0	P75	7	-0.000393	-0.000393	0.001176	0.001176
1395	31	31	62	0	P90	8	0.001036	0.001036	0.002607	0.002607
1395	31	31	62	0	P95	9	0.001934	0.001934	-0.000237	-0.000237
1395	31	31	62	0	P99	13	0.001464	0.001464	0.003036	0.003036
1395	31	31	62	0	P999	13	0.001464	0.001464	0.003036	0.003036
1396	31	31	62	1	P1	6	-0.001474	-0.001474	-0.000808	-0.000808
1396	31	31	62	1	P50	496	0.002228	-0.983839	0.002183	-0.983829
1396	31	31	62	1	P75	1399	0.000871	0.000871	0.000659	0.000659
1396	31	31	62	1	P90	1968	-0.000180	-0.000180	0.003297	0.003297
1396	31	31	62	1	P95	2150	0.001096	0.001096	0.000815	0.000815
1396	31	31	62	1	P99	4636	0.002860	0.002860	0.002454	0.002454
1396	31	31	62	1	P999	4636	0.002860	0.002860	0.002454	0.002454
1397	31	31	62	1	P1	6	-0.002878	-0.002878	-0.000860	-0.000860
1397	31	31	62	1	P50	7	-0.000441	-0.000604	-0.000216	-0.000300
1397	31	31	62	1	P75	7	0.002231	0.002231	0.001059	0.001059
1397	31	31	62	1	P90	8	-0.001731	-0.001731	0.000268	0.000268
1397	31	31	62	1	P95	8	-0.000330	-0.000330	0.001671	0.001671
1397	31	31	62	1	P99	9	0.002448	0.002448	0.000698	0.000698
1397	31	31	62	1	P999	9	0.002448	0.002448	0.000698	0.000698
1398	31	31	62	1	P1	6	-0.003114	-0.003114	-0.001097	-0.001097
1398	31	31	62	1	P50	7	-0.001759	-0.001979	-0.001027	-0.001131
1398	31	31	62	1	P75	7	0.001330	0.001330	0.000530	0.000530
1398	31	31	62	1	P90	7	0.003105	0.003105	0.001466	0.001466
1398	31	31	62	1	P95	8	-0.001637	-0.001637	0.000361	0.000361
1398	31	31	62	1	P99	8	0.000605	0.000605	0.002607	0.002607
1398	31	31	62	1	P999	8	0.000605	0.000605	0.002607	0.002607
1399	31	31	62	0	P1	6	-0.002620	-0.002620	-0.001055	-0.001055
1399	31	31	62	0	P50	7	-0.002400	-0.002489	-0.000834	-0.000923
1399	31	31	62	0	P75	7	-0.001067	-0.001067	0.000501	0.000501
1399	31	31	62	0	P90	7	-0.000267	-0.000267	0.001302	0.001302
1399	31	31	62	0	P95	7	-0.000000	-0.000000	0.001570	0.001570
1399	31	31	62	0	P99	8	0.001036	0.001036	0.002607	0.002607
1399	31	31	62	0	P999	8	0.001036	0.001036	0.002607	0.002607
1400	31	31	62	1	P1	6	-0.001695	-0.001695	-0.000987	-0.000987
1400	31	31	62	1	P50	7	0.001095	0.000908	-0.000300	-0.000399
1400	31	31	62	1	P75	7	0.003907	0.003907	0.001176	0.001176
1400	31	31	62	1	P90	8	-0.001754	-0.001754	0.001203	0.001203
1400	31	31	62	1	P95	8	0.001986	0.001986	0.002607	0.002607
1400	31	31	62	1	P99	15	0.001546	0.001546	0.001975	0.001975
1400	31	31	62	1	P999	15	0.001546	0.001546	0.001975	0.001975
1401	31	31	62	1	P1	6	-0.001749	-0.001749	-0.001041	-0.001041
1401	31	31	62	1	P50	7	0.000160	-0.000027	-0.000636	-0.000732
1401	31	31	62	1	P75	7	0.003077	0.003077	0.000802	0.000802
1401	31	31	62	1	P90	8	-0.004239	-0.004239	-0.000511	-0.000511
1401	31	31	62	1	P95	8	-0.000509	-0.000509	0.001359	0.001359
1401	31	31	62	1	P99	9	0.000113	0.000113	0.000698	0.000698
1401	31	31	62	1	P999	9	0.000113	0.000113	0.000698	0.000698
1402	31	31	62	1	P1	6	-0.001753	-0.001753	-0.000963	-0.000963
1402	31	31	62	1	P50	387	-0.000323	-0.979290	0.003633	-0.979274
1402	31	31	62	1	P75	749	0.001075	0.001075	0.001194	0.001194
1402	31	31	62	1	P90	1016	0.002744	0.002744	0.002820	0.002820
1402	31	31	62	1	P95	1274	0.000761	0.000761	0.000806	0.000806
1402	31	31	62	1	P99	3702	-0.000483	-0.000483	0.003157	0.003157
1402	31	31	62	1	P999	3702	-0.000483	-0.000483	0.003157	0.003157
1403	31	31	62	1	P1	6	-0.002174	-0.002174	-0.000528	-0.000528
1403	31	31	62	1	P50	766	0.000216	-0.988217	0.001178	-0.988242
1403	31	31	62	1	P75	991	0.000640	0.000640	0.001566	0.001566
1403	31	31	62	1	P90	1169	-0.000056	-0.000056	0.000846	0.000846
1403	31	31	62	1	P95	1297	0.000717	0.000717	0.001605	0.001605
1403	31	31	62	1	P99	2911	-0.000212	-0.000212	0.000561	0.000561
1403	31	31	62	1	P999	2911	-0.000212	-0.000212	0.000561	0.000561
1404	31	31	62	1	P1	6	-0.000250	-0.000250	0.000594	0.000594
1404	31	31	62	1	P50	1030	0.000166	-0.803297	0.000345	-0.803220
1404	31	31	62	1	P75	1231	0.001344	0.001344	0.001500	0.001500
1404	31	31	62	1	P90	1509	-0.000401	-0.000401	0.003473	0.003473
1404	31	31	62	1	P95	1672	0.001704	0.001704	0.001820	0.001820
1404	31	31	62	1	P99	3099	0.001488	0.001488	0.001524	0.001524
1404	31	31	62	1	P999	3099	0.001488	0.001488	0.001524	0.001524
1405	31	31	62	0	P1	6	-0.001907	-0.001907	-0.000341	-0.000341
1405	31	31	62	0	P50	8	-0.001726	-0.001888	-0.000159	-0.000322
1405	31	31	62	0	P75	8	0.000710	0.000710	0.002281	0.002281
1405	31	31	62	0	P90	9	0.002403	0.002403	0.000230	0.000230
1405	31	31	62	0	P95	10	0.002172	0.002172	0.003745	0.003745
1405	31	31	62	0	P99	71	0.000768	0.000768	0.002338	0.002338
1405	31	31	62	0	P999	71	0.000768	0.000768	0.002338	0.002338
1406	31	31	62	1	P1	6	-0.002670	-0.002670	-0.000652	-0.000652
1406	31	31	62	1	P50	7	0.001099	0.000879	0.000530	0.000426
1406	31	31	62	1	P75	8	-0.001695	-0.001695	0.000304	0.000304
1406	31	31	62	1	P90	9	-0.000358	-0.000358	-0.002104	-0.002104
1406	31	31	62	1	P95	9	0.002448	0.002448	0.000698	0.000698
1406	31	31	62	1	P99	36	0.003046	0.003046	0.001188	0.001188
1406	31	31	62	1	P999	36	0.003046	0.003046	0.001188	0.001188
1407	31	31	62	0	P1	6	-0.002501	-0.002501	-0.000935	-0.000935
1407	31	31	62	0	P50	7	-0.001724	-0.001819	-0.000157	-0.000253
1407	31	31	62	0	P75	7	-0.000287	-0.000287	0.001282	0.001282
1407	31	31	62	0	P90	8	0.001036	0.001036	0.002607	0.002607
1407	31	31	62	0	P95	9	0.002871	0.002871	0.000698	0.000698
1407	31	31	62	0	P99	72	0.001734	0.001734	0.003307	0.003307
1407	31	31	62	0	P999	72	0.001734	0.001734	0.003307	0.003307
1408	31	31	62	1	P1	6	-0.002320	-0.002320	-0.000652	-0.000652
1408	31	31	62	1	P50	517	0.000774	-0.984511	0.001833	-0.984486
1408	31	31	62	1	P75	2834	0.000380	0.000380	0.001203	0.001203
1408	31	31	62	1	P90	4972	0.002760	0.002760	0.003508	0.003508
1408	31	31	62	1	P95	6498	0.000516	0.000516	0.001226	0.001226
1408	31	31	62	1	P99	7590	0.002198	0.002198	0.002886	0.002886
1408	31	31	62	1	P999	7590	0.002198	0.002198	0.002886	0.002886
1409	31	31	62	0	P1	6	-0.002529	-0.002529	-0.000963	-0.000963
1409	31	31	62	0	P50	7	-0.001245	-0.001370	0.000323	0.000198
1409	31	31	62	0	P75	8	0.001036	0.001036	0.002607	0.002607
1409	31	31	62	0	P90	12	0.001140	0.001140	-0.001030	-0.001030
1409	31	31	62	0	P95	17	0.002335	0.002335	0.000162	0.000162
1409	31	31	62	0	P99	81	0.003571	0.003571	0.001396	0.001396
1409	31	31	62	0	P999	81	0.003571	0.003571	0.001396	0.001396
1410	31	31	62	1	P1	6	-0.002878	-0.002878	-0.000860	-0.000860
1410	31	31	62	1	P50	7	0.000238	0.000069	-0.000073	-0.000164
1410	31	31	62	1	P75	7	0.002791	0.002791	0.001296	0.001296
1410	31	31	62	1	P90	8	0.000605	0.000605	0.002607	0.002607
1410	31	31	62	1	P95	9	0.001512	0.001512	-0.000237	-0.000237
1410	31	31	62	1	P99	81	0.003317	0.003317	0.001396	0.001396
1410	31	31	62	1	P999	81	0.003317	0.003317	0.001396	0.001396
1411	31	31	62	1	P1	6	-0.001232	-0.001232	-0.000963	-0.000963
1411	31	31	62	1	P50	7	-0.000622	-0.000711	-0.000389	-0.000478
1411	31	31	62	1	P75	7	0.000713	0.000713	0.000946	0.000946
1411	31	31	62	1	P90	8	-0.003200	-0.003200	-0.000066	-0.000066
1411	31	31	62	1	P95	8	-0.000090	-0.000090	0.001537	0.001537
1411	31	31	62	1	P99	9	0.004271	0.004271	0.000698	0.000698
1411	31	31	62	1	P999	9	0.004271	0.004271	0.000698	0.000698
1412	31	31	62	0	P1	6	-0.002573	-0.002573	-0.001008	-0.001008
1412	31	31	62	0	P50	7	-0.002011	-0.002106	-0.000444	-0.000540
1412	31	31	62	0	P75	7	-0.000575	-0.000575	0.000994	0.000994
1412	31	31	62	0	P90	8	-0.001100	-0.001100	0.000468	0.000468
1412	31	31	62	0	P95	8	0.000501	0.000501	0.002072	0.002072
1412	31	31	62	0	P99	13	0.001464	0.001464	0.003036	0.003036
1412	31	31	62	0	P999	13	0.001464	0.001464	0.003036	0.003036
1413	31	31	62	0	P1	6	0.000093	0.000093	-0.001041	-0.001041
1413	31	31	62	0	P50	7	0.000581	0.000480	-0.000553	-0.000654
1413	31	31	62	0	P75	7	0.002099	0.002099	0.000963	0.000963
1413	31	31	62	0	P90	8	-0.001494	-0.001494	0.001109	0.001109
1413	31	31	62	0	P95	9	-0.000660	-0.000660	-0.001793	-0.001793
1413	31	31	62	0	P99	10	0.001135	0.001135	0.003745	0.003745
1413	31	31	62	0	P999	10	0.001135	0.001135	0.003745	0.003745
1414	31	31	62	0	P1	6	-0.002633	-0.002633	-0.001067	-0.001067
1414	31	31	62	0	P50	7	-0.002358	-0.002456	-0.000792	-0.000890
1414	31	31	62	0	P75	7	-0.000885	-0.000885	0.000683	0.000683
1414	31	31	62	0	P90	7	-0.000000	-0.000000	0.001570	0.001570
1414	31	31	62	0	P95	8	-0.000460	-0.000460	0.001109	0.001109
1414	31	31	62	0	P99	12	0.003013	0.003013	0.000839	0.000839
1414	31	31	62	0	P999	12	0.003013	0.003013	0.000839	0.000839
1415	31	31	62	1	P1	6	0.001472	0.001472	-0.000029	-0.000029
1415	31	31	62	1	P50	610	0.002698	-0.857001	0.000886	-0.857240
1415	31	31	62	1	P75	1313	0.002420	0.002420	0.000557	0.000557
1415	31	31	62	1	P90	1547	0.001027	0.001027	-0.000845	-0.000845
1415	31	31	62	1	P95	1722	0.000396	0.000396	0.002259	0.002259
1415	31	31	62	1	P99	2047	0.003209	0.003209	0.001314	0.001314
1415	31	31	62	1	P999	2047	0.003209	0.003209	0.001314	0.001314
1416	31	31	62	0	P1	6	-0.002501	-0.002501	-0.000935	-0.000935
1416	31	31	62	0	P50	7	-0.000934	-0.001067	0.000634	0.000501
1416	31	31	62	0	P75	8	-0.000211	-0.000211	0.001359	0.001359
1416	31	31	62	0	P90	9	0.002871	0.002871	0.000698	0.000698
1416	31	31	62	0	P95	10	0.002172	0.002172	0.003745	0.003745
1416	31	31	62	0	P99	80	0.001036	0.001036	0.002607	0.002607
1416	31	31	62	0	P999	80	0.001036	0.001036	0.002607	0.002607
1417	31	31	62	0	P1	6	-0.002553	-0.002553	-0.000987	-0.000987
1417	31	31	62	0	P50	7	-0.001915	-0.002011	-0.000348	-0.000444
1417	31	31	62	0	P75	7	-0.000479	-0.000479	0.001090	0.001090
1417	31	31	62	0	P90	8	-0.000211	-0.000211	0.001359	0.001359
1417	31	31	62	0	P95	9	0.000999	0.000999	-0.001171	-0.001171
1417	31	31	62	0	P99	10	0.002172	0.002172	0.003745	0.003745
1417	31	31	62	0	P999	10	0.002172	0.002172	0.003745	0.003745
1418	31	31	62	0	P1	6	-0.002633	-0.002633	-0.001067	-0.001067
1418	31	31	62	0	P50	7	-0.002150	-0.002263	-0.000584	-0.000697
1418	31	31	62	0	P75	7	-0.000453	-0.000453	0.001116	0.001116
1418	31	31	62	0	P90	8	-0.000366	-0.000366	0.001203	0.001203
1418	31	31	62	0	P95	8	0.001036	0.001036	0.002607	0.002607
1418	31	31	62	0	P99	9	0.002871	0.002871	0.000698	0.000698
1418	31	31	62	0	P999	9	0.002871	0.002871	0.000698	0.000698
1419	31	31	62	1	P1	6	-0.001365	-0.001365	-0.001097	-0.001097
1419	31	31	62	1	P50	7	-0.001075	-0.001196	-0.000843	-0.000963
1419	31	31	62	1	P75	7	0.000733	0.000733	0.000966	0.000966
1419	31	31	62	1	P90	8	-0.002579	-0.002579	0.000735	0.000735
1419	31	31	62	1	P95	8	0.000533	0.000533	0.002139	0.002139
1419	31	31	62	1	P99	9	0.000524	0.000524	0.000698	0.000698
1419	31	31	62	1	P999	9	0.000524	0.000524	0.000698	0.000698
1420	31	31	62	0	P1	6	-0.003535	-0.003535	-0.001078	-0.001078
1420	31	31	62	0	P50	7	0.000456	0.000352	-0.000819	-0.000923
1420	31	31	62	0	P75	7	0.002015	0.002015	0.000738	0.000738
1420	31	31	62	0	P90	8	-0.002845	-0.002845	-0.000387	-0.000387
1420	31	31	62	0	P95	8	-0.000606	-0.000606	0.001858	0.001858
1420	31	31	62	0	P99	10	0.001276	0.001276	0.003745	0.003745
1420	31	31	62	0	P999	10	0.001276	0.001276	0.003745	0.003745
1421	31	31	62	1	P1	6	-0.001207	-0.001207	-0.000741	-0.000741
1421	31	31	62	1	P50	834	-0.001133	-0.990387	0.002102	-0.990383
1421	31	31	62	1	P75	3910	0.001630	0.001630	0.000819	0.000819
1421	31	31	62	1	P90	4477	0.000806	0.000806	0.003715	0.003715
1421	31	31	62	1	P95	5850	0.002507	0.002507	0.001616	0.001616
1421	31	31	62	1	P99	12288	0.000585	0.000585	0.003293	0.003293
1421	31	31	62	1	P999	12288	0.000585	0.000585	0.003293	0.003293
1422	31	31	62	1	P1	6	-0.001882	-0.001882	-0.001055	-0.001055
1422	31	31	62	1	P50	7	-0.001375	-0.001481	-0.000567	-0.000674
1422	31	31	62	1	P75	7	0.000227	0.000227	0.001035	0.001035
1422	31	31	62	1	P90	8	0.001067	0.001067	0.001858	0.001858
1422	31	31	62	1	P95	9	-0.000077	-0.000077	0.000698	0.000698
1422	31	31	62	1	P99	1966	0.000508	0.000508	0.000570	0.000570
1422	31	31	62	1	P999	1966	0.000508	0.000508	0.000570	0.000570
1423	31	31	62	1	P1	6	-0.003366	-0.003366	-0.000987	-0.000987
1423	31	31	62	1	P50	7	0.001556	0.001431	0.000198	0.000073
1423	31	31	62	1	P75	8	-0.000523	-0.000523	0.001858	0.001858
1423	31	31	62	1	P90	1086	0.001161	0.001161	0.003478	0.003478
1423	31	31	62	1	P95	1948	-0.000012	-0.000012	0.002295	0.002295
1423	31	31	62	1	P99	3822	0.002602	0.002602	0.001155	0.001155
1423	31	31	62	1	P999	3822	0.002602	0.002602	0.001155	0.001155
1424	31	31	62	1	P1	6	-0.003383	-0.003383	-0.000987	-0.000987
1424	31	31	62	1	P50	7	0.002912	0.002443	0.001570	0.001373
1424	31	31	62	1	P75	759	0.000534	0.000534	0.002886	0.002886
1424	31	31	62	1	P90	1377	0.002958	0.002958	0.001559	0.001559
1424	31	31	62	1	P95	1751	0.001907	0.001907	0.000507	0.000507
1424	31	31	62	1	P99	2909	0.002655	0.002655	0.001249	0.001249
1424	31	31	62	1	P999	2909	0.002655	0.002655	0.001249	0.001249
1425	31	31	62	1	P1	6	-0.001310	-0.001310	-0.001041	-0.001041
1425	31	31	62	1	P50	7	-0.000010	-0.000159	0.000223	0.000073
1425	31	31	62	1	P75	217	-0.000405	-0.000405	0.002773	0.002773
1425	31	31	62	1	P90	863	0.002448	0.002448	0.001561	0.001561
1425	31	31	62	1	P95	1026	0.001424	0.001424	0.000498	0.000498
1425	31	31	62	1	P99	1305	0.000173	0.000173	0.002935	0.002935
1425	31	31	62	1	P999	1305	0.000173	0.000173	0.002935	0.002935
1426	31	31	62	0	P1	6	-0.001956	-0.001956	-0.000741	-0.000741
1426	31	31	62	0	P50	549	0.001345	-0.053266	0.001584	-0.053029
1426	31	31	62	0	P75	1375	0.002976	0.002976	0.003016	0.003016
1426	31	31	62	0	P90	2559	0.000575	0.000575	0.000481	0.000481
1426	31	31	62	0	P95	2632	0.000489	0.000489	0.000388	0.000388
1426	31	31	62	0	P99	3854	0.000476	0.000476	0.000293	0.000293
1426	31	31	62	0	P999	3854	0.000476	0.000476	0.000293	0.000293
1427	31	31	62	0	P1	6	-0.002529	-0.002529	-0.000963	-0.000963
1427	31	31	62	0	P50	7	-0.000623	-0.000778	0.000946	0.000790
1427	31	31	62	0	P75	392	0.000434	0.000434	0.002005	0.002005
1427	31	31	62	0	P90	686	0.001514	0.001514	0.003086	0.003086
1427	31	31	62	0	P95	883	0.003252	0.003252	0.001078	0.001078
1427	31	31	62	0	P99	1368	0.002812	0.002812	0.000639	0.000639
1427	31	31	62	0	P999	1368	0.002812	0.002812	0.000639	0.000639
1428	31	31	62	0	P1	6	-0.003421	-0.003421	-0.000963	-0.000963
1428	31	31	62	0	P50	7	0.001305	0.001195	0.000029	-0.000081
1428	31	31	62	0	P75	8	-0.002348	-0.002348	0.000112	0.000112
1428	31	31	62	0	P90	430	0.000466	0.000466	0.002933	0.002933
1428	31	31	62	0	P95	666	0.000303	0.000303	0.002769	0.002769
1428	31	31	62	0	P99	1232	0.001964	0.001964	0.000687	0.000687
1428	31	31	62	0	P999	1232	0.001964	0.001964	0.000687	0.000687
1429	31	31	62	1	P1	6	-0.002202	-0.002202	-0.000741	-0.000741
1429	31	31	62	1	P50	2252	0.001707	-0.134179	0.003062	-0.133006
1429	31	31	62	1	P75	4012	-0.000108	-0.000108	0.001233	0.001233
1429	31	31	62	1	P90	6253	0.000947	0.000947	0.002281	0.002281
1429	31	31	62	1	P95	7017	0.001552	0.001552	0.002885	0.002885
1429	31	31	62	1	P99	11941	0.000710	0.000710	0.002032	0.002032
1429	31	31	62	1	P999	11941	0.000710	0.000710	0.002032	0.002032
1430	31	31	62	1	P1	6	-0.003150	-0.003150	-0.000987	-0.000987
1430	31	31	62	1	P50	7	-0.001100	-0.001270	0.001059	0.000889
1430	31	31	62	1	P75	1228	0.000176	0.000176	0.000201	0.000201
1430	31	31	62	1	P90	2120	0.005540	0.005540	0.003659	0.003659
1430	31	31	62	1	P95	2322	0.004236	0.004236	0.002353	0.002353
1430	31	31	62	1	P99	2680	0.002894	0.002894	0.001006	0.001006
1430	31	31	62	1	P999	2680	0.002894	0.002894	0.001006	0.001006
1431	31	31	62	1	P1	6	-0.002293	-0.002293	-0.001078	-0.001078
1431	31	31	62	1	P50	7	-0.000494	-0.000714	-0.000370	-0.000508
1431	31	31	62	1	P75	8	-0.000420	-0.000420	0.000735	0.000735
1431	31	31	62	1	P90	945	0.000379	0.000379	0.000501	0.000501
1431	31	31	62	1	P95	1143	0.000830	0.000830	0.000911	0.000911
1431	31	31	62	1	P99	2174	0.000987	0.000987	0.000928	0.000928
1431	31	31	62	1	P999	2174	0.000987	0.000987	0.000928	0.000928
1432	31	31	62	1	P1	6	-0.001215	-0.001215	-0.000860	-0.000860
1432	31	31	62	1	P50	7	0.000473	0.000344	0.000795	0.000666
1432	31	31	62	1	P75	494	-0.000656	-0.000656	0.002486	0.002486
1432	31	31	62	1	P90	952	0.001339	0.001339	0.000597	0.000597
1432	31	31	62	1	P95	1225	-0.000295	-0.000295	0.002651	0.002651
1432	31	31	62	1	P99	2630	0.002112	0.002112	0.001149	0.001149
1432	31	31	62	1	P999	2630	0.002112	0.002112	0.001149	0.001149
1433	31	31	62	1	P1	6	-0.001381	-0.001381	-0.001026	-0.001026
1433	31	31	62	1	P50	7	0.000050	-0.000100	0.000372	0.000223
1433	31	31	62	1	P75	8	0.001845	0.001845	0.002139	0.002139
1433	31	31	62	1	P90	1395	0.000608	0.000608	0.003528	0.003528
1433	31	31	62	1	P95	2944	0.001489	0.001489	0.000502	0.000502
1433	31	31	62	1	P99	12738	0.002268	0.002268	0.000963	0.000963
1433	31	31	62	1	P999	12738	0.002268	0.002268	0.000963	0.000963
1434	31	31	62	1	P1	6	-0.002016	-0.002016	-0.000652	-0.000652
1434	31	31	62	1	P50	134	0.001377	-0.087964	0.002633	-0.086818
1434	31	31	62	1	P75	464	0.000380	0.000380	0.001590	0.001590
1434	31	31	62	1	P90	2194	0.001833	0.001833	0.002988	0.002988
1434	31	31	62	1	P95	2774	0.002772	0.002772	0.000174	0.000174
1434	31	31	62	1	P99	4912	0.003312	0.003312	0.000691	0.000691
1434	31	31	62	1	P999	4912	0.003312	0.003312	0.000691	0.000691
1435	31	31	62	1	P1	6	-0.002566	-0.002566	-0.000987	-0.000987
1435	31	31	62	1	P50	3350	0.001529	-0.870903	0.002142	-0.871265
1435	31	31	62	1	P75	4470	0.000968	0.000968	0.001536	0.001536
1435	31	31	62	1	P90	8755	-0.000202	-0.000202	0.000262	0.000262
1435	31	31	62	1	P95	9755	0.001932	0.001932	0.002380	0.002380
1435	31	31	62	1	P99	16148	0.002619	0.002619	0.002991	0.002991
1435	31	31	62	1	P999	16148	0.002619	0.002619	0.002991	0.002991
1436	31	31	62	1	P1	6	-0.001411	-0.001411	-0.001055	-0.001055
1436	31	31	62	1	P50	7	-0.000156	-0.000312	0.000167	0.000011
1436	31	31	62	1	P75	8	0.002313	0.002313	0.002607	0.002607
1436	31	31	62	1	P90	1521	0.000126	0.000126	0.003026	0.003026
1436	31	31	62	1	P95	2176	0.000928	0.000928	0.000008	0.000008
1436	31	31	62	1	P99	4351	0.003428	0.003428	0.002354	0.002354
1436	31	31	62	1	P999	4351	0.003428	0.003428	0.002354	0.002354
1437	31	31	62	1	P1	6	-0.002020	-0.002020	-0.000963	-0.000963
1437	31	31	62	1	P50	7	-0.000099	-0.000254	0.000946	0.000790
1437	31	31	62	1	P75	670	-0.000113	-0.000113	0.000516	0.000516
1437	31	31	62	1	P90	1124	0.002142	0.002142	0.002725	0.002725
1437	31	31	62	1	P95	1192	-0.000524	-0.000524	0.000052	0.000052
1437	31	31	62	1	P99	2777	0.002335	0.002335	0.002835	0.002835
1437	31	31	62	1	P999	2777	0.002335	0.002335	0.002835	0.002835
1438	31	31	62	1	P1	6	-0.003079	-0.003079	-0.001088	-0.001088
1438	31	31	62	1	P50	7	-0.000947	-0.001214	-0.000623	-0.000751
1438	31	31	62	1	P75	7	0.002830	0.002830	0.001312	0.001312
1438	31	31	62	1	P90	688	0.002302	0.002302	0.000170	0.000170
1438	31	31	62	1	P95	1050	0.001969	0.001969	0.003548	0.003548
1438	31	31	62	1	P99	1342	0.003327	0.003327	0.001139	0.001139
1438	31	31	62	1	P999	1342	0.003327	0.003327	0.001139	0.001139
1439	31	31	62	1	P1	6	-0.004756	-0.004756	-0.000901	-0.000901
1439	31	31	62	1	P50	7	0.000996	0.000840	0.001258	0.001102
1439	31	31	62	1	P75	823	0.000950	0.000950	0.000425	0.000425
1439	31	31	62	1	P90	1278	0.002008	0.002008	0.001410	0.001410
1439	31	31	62	1	P95	1352	0.001798	0.001798	0.001191	0.001191
1439	31	31	62	1	P99	3723	0.002009	0.002009	0.001234	0.001234
1439	31	31	62	1	P999	3723	0.002009	0.002009	0.001234	0.001234
1440	31	31	62	1	P1	528	0.000894	0.000894	0.003210	0.003210
1440	31	31	62	1	P50	2449	0.003046	-0.030140	0.001432	-0.028071
1440	31	31	62	1	P75	3230	0.002886	0.002886	0.001239	0.001239
1440	31	31	62	1	P90	3667	0.003101	0.003101	0.001438	0.001438
1440	31	31	62	1	P95	4023	0.000164	0.000164	0.002235	0.002235
1440	31	31	62	1	P99	4386	-0.000242	-0.000242	0.001817	0.001817
1440	31	31	62	1	P999	4386	-0.000242	-0.000242	0.001817	0.001817
1441	31	31	62	1	P1	6	-0.000826	-0.000826	-0.000901	-0.000901
1441	31	31	62	1	P50	237	-0.000045	-0.014888	0.000580	-0.014270
1441	31	31	62	1	P75	545	0.000976	0.000976	0.001421	0.001421
1441	31	31	62	1	P90	893	0.000693	0.000693	0.001030	0.001030
1441	31	31	62	1	P95	1163	0.001976	0.001976	0.002256	0.002256
1441	31	31	62	1	P99	5544	-0.000671	-0.000671	0.003013	0.003013
1441	31	31	62	1	P999	5544	-0.000671	-0.000671	0.003013	0.003013
1442	31	31	62	1	P1	6	0.000185	0.000185	-0.000029	-0.000029
1442	31	31	62	1	P50	404	0.002808	-0.026741	0.001755	-0.027758
1442	31	31	62	1	P75	652	-0.001009	-0.001009	0.001584	0.001584
1442	31	31	62	1	P90	1044	-0.000703	-0.000703	0.001798	0.001798
1442	31	31	62	1	P95	1277	-0.000267	-0.000267	0.002194	0.002194
1442	31	31	62	1	P99	3537	0.001635	0.001635	0.000153	0.000153
1442	31	31	62	1	P999	3537	0.001635	0.001635	0.000153	0.000153
1443	31	31	62	1	P1	6	-0.001840	-0.001840	-0.000652	-0.000652
1443	31	31	62	1	P50	813	0.000580	-0.074964	0.001437	-0.074167
1443	31	31	62	1	P75	3404	0.000341	0.000341	0.001101	0.001101
1443	31	31	62	1	P90	4202	0.002814	0.002814	0.003561	0.003561
1443	31	31	62	1	P95	8015	0.000029	0.000029	0.000731	0.000731
1443	31	31	62	1	P99	12040	0.000575	0.000575	0.001250	0.001250
1443	31	31	62	1	P999	12040	0.000575	0.000575	0.001250	0.001250
1444	31	31	62	0	P1	6	-0.001163	-0.001163	-0.000808	-0.000808
1444	31	31	62	0	P50	9	0.004177	0.000430	0.000698	-0.001171
1444	31	31	62	0	P75	1091	-0.000351	-0.000351	0.002620	0.002620
1444	31	31	62	0	P90	2015	-0.000717	-0.000717	0.002120	0.002120
1444	31	31	62	0	P95	2271	0.003066	0.003066	0.002134	0.002134
1444	31	31	62	0	P99	8048	0.001564	0.001564	0.000360	0.000360
1444	31	31	62	0	P999	8048	0.001564	0.001564	0.000360	0.000360
1445	31	31	62	1	P1	6	-0.002816	-0.002816	-0.000652	-0.000652
1445	31	31	62	1	P50	557	0.000133	-0.095883	0.002070	-0.094128
1445	31	31	62	1	P75	1009	-0.001518	-0.001518	0.000385	0.000385
1445	31	31	62	1	P90	1246	0.002449	0.002449	0.000602	0.000602
1445	31	31	62	1	P95	1949	0.003653	0.003653	0.001781	0.001781
1445	31	31	62	1	P99	6268	0.001812	0.001812	0.003627	0.003627
1445	31	31	62	1	P999	6268	0.001812	0.001812	0.003627	0.003627
1446	31	31	62	1	P1	6	-0.002179	-0.002179	-0.000963	-0.000963
1446	31	31	62	1	P50	7	0.000045	-0.000125	0.000501	0.000367
1446	31	31	62	1	P75	517	0.001580	0.001580	0.001833	0.001833
1446	31	31	62	1	P90	936	-0.001267	-0.001267	0.002598	0.002598
1446	31	31	62	1	P95	1196	0.000369	0.000369	0.000440	0.000440
1446	31	31	62	1	P99	3706	0.002249	0.002249	0.002074	0.002074
1446	31	31	62	1	P999	3706	0.002249	0.002249	0.002074	0.002074
1447	31	31	62	1	P1	6	-0.003005	-0.003005	-0.000987	-0.000987
1447	31	31	62	1	P50	7	0.000093	-0.000174	0.000122	0.000001
1447	31	31	62	1	P75	9	0.000576	0.000576	-0.001171	-0.001171
1447	31	31	62	1	P90	615	0.002272	0.002272	0.000198	0.000198
1447	31	31	62	1	P95	940	0.004181	0.004181	0.002070	0.002070
1447	31	31	62	1	P99	1662	0.002492	0.002492	0.000341	0.000341
1447	31	31	62	1	P999	1662	0.002492	0.002492	0.000341	0.000341
1448	31	31	62	1	P1	6	-0.003059	-0.003059	-0.001041	-0.001041
1448	31	31	62	1	P50	7	-0.001031	-0.001227	-0.000410	-0.000520
1448	31	31	62	1	P75	7	0.002553	0.002553	0.001239	0.001239
1448	31	31	62	1	P90	8	-0.000330	-0.000330	0.001671	0.001671
1448	31	31	62	1	P95	9	0.002448	0.002448	0.000698	0.000698
1448	31	31	62	1	P99	423	0.002698	0.002698	0.000652	0.000652
1448	31	31	62	1	P999	423	0.002698	0.002698	0.000652	0.000652
1449	31	31	62	1	P1	6	-0.003095	-0.003095	-0.001078	-0.001078
1449	31	31	62	1	P50	7	-0.001479	-0.001686	-0.000740	-0.000850
1449	31	31	62	1	P75	7	0.001897	0.001897	0.000909	0.000909
1449	31	31	62	1	P90	8	-0.000891	-0.000891	0.001109	0.001109
1449	31	31	62	1	P95	9	0.002448	0.002448	0.000698	0.000698
1449	31	31	62	1	P99	425	0.001717	0.001717	0.003416	0.003416
1449	31	31	62	1	P999	425	0.001717	0.001717	0.003416	0.003416
1450	31	31	62	1	P1	6	0.003789	0.003789	0.002466	0.002466
1450	31	31	62	1	P50	735	0.002858	-0.984986	0.001373	-0.985006
1450	31	31	62	1	P75	4138	0.001755	0.001755	0.000213	0.000213
1450	31	31	62	1	P90	4610	0.002145	0.002145	0.000599	0.000599
1450	31	31	62	1	P95	5646	0.001281	0.001281	0.003473	0.003473
1450	31	31	62	1	P99	50982	0.002492	0.002492	0.000865	0.000865
1450	31	31	62	1	P999	50982	0.002492	0.002492	0.000865	0.000865
1451	31	31	62	1	P1	6	-0.002919	-0.002919	-0.000901	-0.000901
1451	31	31	62	1	P50	7	0.000879	0.000658	0.000323	0.000209
1451	31	31	62	1	P75	8	-0.001886	-0.001886	0.000112	0.000112
1451	31	31	62	1	P90	9	-0.000047	-0.000047	-0.001793	-0.001793
1451	31	31	62	1	P95	10	-0.000113	-0.000113	0.001871	0.001871
1451	31	31	62	1	P99	19	0.002885	0.002885	0.001076	0.001076
1451	31	31	62	1	P999	19	0.002885	0.002885	0.001076	0.001076
1452	31	31	62	0	P1	6	-0.002501	-0.002501	-0.000935	-0.000935
1452	31	31	62	0	P50	7	-0.001671	-0.001769	-0.000104	-0.000202
1452	31	31	62	0	P75	7	-0.000197	-0.000197	0.001373	0.001373
1452	31	31	62	0	P90	8	-0.000324	-0.000324	0.001245	0.001245
1452	31	31	62	0	P95	8	0.000696	0.000696	0.002266	0.002266
1452	31	31	62	0	P99	11	0.000308	0.000308	0.001879	0.001879
1452	31	31	62	0	P999	11	0.000308	0.000308	0.001879	0.001879
1453	31	31	62	1	P1	6	-0.002826	-0.002826	-0.000808	-0.000808
1453	31	31	62	1	P50	7	0.000338	0.000182	-0.000083	-0.000170
1453	31	31	62	1	P75	7	0.002678	0.002678	0.001222	0.001222
1453	31	31	62	1	P90	8	-0.001264	-0.001264	0.000735	0.000735
1453	31	31	62	1	P95	8	-0.000143	-0.000143	0.001858	0.001858
1453	31	31	62	1	P99	9	0.002448	0.002448	0.000698	0.000698
1453	31	31	62	1	P999	9	0.002448	0.002448	0.000698	0.000698
1454	31	31	62	1	P1	6	-0.003127	-0.003127	-0.000963	-0.000963
1454	31	31	62	1	P50	7	-0.001991	-0.002108	0.000167	0.000050
1454	31	31	62	1	P75	9	0.002292	0.002292	0.000698	0.000698
1454	31	31	62	1	P90	898	0.004761	0.004761	0.002927	0.002927
1454	31	31	62	1	P95	2060	0.000591	0.000591	0.002462	0.002462
1454	31	31	62	1	P99	3127	0.001898	0.001898	0.000005	0.000005
1454	31	31	62	1	P999	3127	0.001898	0.001898	0.000005	0.000005
1455	31	31	62	1	P1	6	-0.001960	-0.001960	-0.000808	-0.000808
1455	31	31	62	1	P50	7	-0.001123	-0.001214	0.000019	-0.000073
1455	31	31	62	1	P75	7	0.000244	0.000244	0.001387	0.001387
1455	31	31	62	1	P90	8	0.001005	0.001005	0.002139	0.002139
1455	31	31	62	1	P95	9	0.003318	0.003318	0.000698	0.000698
1455	31	31	62	1	P99	71	0.001366	0.001366	0.002338	0.002338
1455	31	31	62	1	P999	71	0.001366	0.001366	0.002338	0.002338
1456	31	31	62	1	P1	6	-0.002602	-0.002602	-0.000808	-0.000808
1456	31	31	62	1	P50	1811	0.002488	-0.993925	0.000457	-0.993915
1456	31	31	62	1	P75	5531	-0.000074	-0.000074	0.001620	0.001620
1456	31	31	62	1	P90	7177	0.001075	0.001075	0.002767	0.002767
1456	31	31	62	1	P95	16134	0.002180	0.002180	0.000115	0.000115
1456	31	31	62	1	P99	43148	0.001571	0.001571	0.003236	0.003236
1456	31	31	62	1	P999	43148	0.001571	0.001571	0.003236	0.003236
1457	31	31	62	1	P1	6	-0.001733	-0.001733	-0.001026	-0.001026
1457	31	31	62	1	P50	7	0.001443	0.000908	0.000594	0.000431
1457	31	31	62	1	P75	441	0.000699	0.000699	0.000097	0.000097
1457	31	31	62	1	P90	1225	-0.000178	-0.000178	0.002651	0.002651
1457	31	31	62	1	P95	1554	0.001234	0.001234	0.000247	0.000247
1457	31	31	62	1	P99	1778	0.001185	0.001185	0.000157	0.000157
1457	31	31	62	1	P999	1778	0.001185	0.001185	0.000157	0.000157
1458	31	31	62	1	P1	6	-0.001557	-0.001557	-0.000341	-0.000341
1458	31	31	62	1	P50	1909	0.000119	-0.047329	-0.001779	-0.047348
1458	31	31	62	1	P75	2696	0.002638	0.002638	0.002532	0.002532
1458	31	31	62	1	P90	3228	0.002004	0.002004	0.001859	0.001859
1458	31	31	62	1	P95	3301	0.002074	0.002074	0.001924	0.001924
1458	31	31	62	1	P99	4339	0.001585	0.001585	0.001376	0.001376
1458	31	31	62	1	P999	4339	0.001585	0.001585	0.001376	0.001376
1459	31	31	62	1	P1	6	-0.001203	-0.001203	-0.000935	-0.000935
1459	31	31	62	1	P50	7	-0.000440	-0.000533	-0.000207	-0.000300
1459	31	31	62	1	P75	7	0.000963	0.000963	0.001195	0.001195
1459	31	31	62	1	P90	8	-0.000713	-0.000713	0.000735	0.000735
1459	31	31	62	1	P95	8	0.001157	0.001157	0.001858	0.001858
1459	31	31	62	1	P99	9	0.000524	0.000524	0.000698	0.000698
1459	31	31	62	1	P999	9	0.000524	0.000524	0.000698	0.000698
1460	31	31	62	1	P1	6	-0.001736	-0.001736	-0.000528	-0.000528
1460	31	31	62	1	P50	2756	-0.001608	-0.020096	0.002950	-0.019294
1460	31	31	62	1	P75	4178	0.001018	0.001018	0.001809	0.001809
1460	31	31	62	1	P90	4652	0.000091	0.000091	0.000875	0.000875
1460	31	31	62	1	P95	4765	0.000389	0.000389	0.001172	0.001172
1460	31	31	62	1	P99	7539	0.001397	0.001397	0.002151	0.002151
1460	31	31	62	1	P999	7539	0.001397	0.001397	0.002151	0.002151
1461	31	31	62	1	P1	6	-0.001163	-0.001163	-0.000808	-0.000808
1461	31	31	62	1	P50	7	-0.000192	-0.000288	0.000131	0.000035
1461	31	31	62	1	P75	7	0.001247	0.001247	0.001570	0.001570
1461	31	31	62	1	P90	924	0.001281	0.001281	0.000546	0.000546
1461	31	31	62	1	P95	1728	-0.000352	-0.000352	0.002519	0.002519
1461	31	31	62	1	P99	3105	0.000586	0.000586	0.003333	0.003333
1461	31	31	62	1	P999	3105	0.000586	0.000586	0.003333	0.003333
1462	31	31	62	1	P1	6	-0.003105	-0.003105	-0.001088	-0.001088
1462	31	31	62	1	P50	7	-0.002041	-0.002219	-0.001019	-0.001115
1462	31	31	62	1	P75	7	0.000805	0.000805	0.000418	0.000418
1462	31	31	62	1	P90	7	0.002678	0.002678	0.001282	0.001282
1462	31	31	62	1	P95	7	0.003302	0.003302	0.001570	0.001570
1462	31	31	62	1	P99	9	0.002448	0.002448	0.000698	0.000698
1462	31	31	62	1	P999	9	0.002448	0.002448	0.000698	0.000698
1463	31	31	62	0	P1	6	-0.002553	-0.002553	-0.000987	-0.000987
1463	31	31	62	0	P50	7	-0.001707	-0.001814	-0.000140	-0.000247
1463	31	31	62	0	P75	7	-0.000107	-0.000107	0.001463	0.001463
1463	31	31	62	0	P90	1077	0.002753	0.002753	0.000580	0.000580
1463	31	31	62	0	P95	1301	0.000694	0.000694	0.002265	0.002265
1463	31	31	62	0	P99	1874	0.002074	0.002074	0.003647	0.003647
1463	31	31	62	0	P999	1874	0.002074	0.002074	0.003647	0.003647
1464	31	31	62	0	P1	6	-0.002573	-0.002573	-0.001008	-0.001008
1464	31	31	62	0	P50	7	-0.001918	-0.002018	-0.000351	-0.000452
1464	31	31	62	0	P75	7	-0.000404	-0.000404	0.001165	0.001165
1464	31	31	62	0	P90	8	-0.000626	-0.000626	0.000943	0.000943
1464	31	31	62	0	P95	8	0.000620	0.000620	0.002191	0.002191
1464	31	31	62	0	P99	11	0.000308	0.000308	0.001879	0.001879
1464	31	31	62	0	P999	11	0.000308	0.000308	0.001879	0.001879
1465	31	31	62	0	P1	6	-0.002553	-0.002553	-0.000987	-0.000987
1465	31	31	62	0	P50	7	-0.002192	-0.002273	-0.000625	-0.000707
1465	31	31	62	0	P75	7	-0.000975	-0.000975	0.000594	0.000594
1465	31	31	62	0	P90	7	-0.000244	-0.000244	0.001326	0.001326
1465	31	31	62	0	P95	7	-0.000000	-0.000000	0.001570	0.001570
1465	31	31	62	0	P99	8	0.001036	0.001036	0.002607	0.002607
1465	31	31	62	0	P999	8	0.001036	0.001036	0.002607	0.002607
1466	31	31	62	1	P1	6	-0.003025	-0.003025	-0.000963	-0.000963
1466	31	31	62	1	P50	7	0.000261	0.000074	-0.000093	-0.000197
1466	31	31	62	1	P75	7	0.003069	0.003069	0.001466	0.001466
1466	31	31	62	1	P90	1052	0.003674	0.003674	0.001640	0.001640
1466	31	31	62	1	P95	1724	0.003163	0.003163	0.001096	0.001096
1466	31	31	62	1	P99	3821	-0.000204	-0.000204	0.001417	0.001417
1466	31	31	62	1	P999	3821	-0.000204	-0.000204	0.001417	0.001417
1467	31	31	62	1	P1	6	-0.003085	-0.003085	-0.001067	-0.001067
1467	31	31	62	1	P50	7	-0.001424	-0.001620	-0.000827	-0.000923
1467	31	31	62	1	P75	7	0.001429	0.001429	0.000610	0.000610
1467	31	31	62	1	P90	7	0.003115	0.003115	0.001474	0.001474
1467	31	31	62	1	P95	8	-0.000642	-0.000642	0.001359	0.001359
1467	31	31	62	1	P99	11	-0.000098	-0.000098	0.001879	0.001879
1467	31	31	62	1	P999	11	-0.000098	-0.000098	0.001879	0.001879
1468	31	31	62	1	P1	698	-0.001139	-0.001139	0.000692	0.000692
1468	31	31	62	1	P50	1225	0.004690	-0.013917	0.002651	-0.012229
1468	31	31	62	1	P75	2108	0.002137	0.002137	-0.000016	-0.000016
1468	31	31	62	1	P90	2425	0.002250	0.002250	0.000066	0.000066
1468	31	31	62	1	P95	3279	0.003388	0.003388	0.001134	0.001134
1468	31	31	62	1	P99	4285	0.005005	0.005005	0.002689	0.002689
1468	31	31	62	1	P999	4285	0.005005	0.005005	0.002689	0.002689
1469	31	31	62	1	P1	6	-0.000430	-0.000430	0.002466	0.002466
1469	31	31	62	1	P50	8	0.003502	0.002752	0.002607	0.002339
1469	31	31	62	1	P75	10	0.000928	0.000928	0.003745	0.003745
1469	31	31	62	1	P90	15	-0.000772	-0.000772	0.001975	0.001975
1469	31	31	62	1	P95	82	0.001608	0.001608	0.000339	0.000339
1469	31	31	62	1	P99	2650	0.002881	0.002881	0.001049	0.001049
1469	31	31	62	1	P999	2650	0.002881	0.002881	0.001049	0.001049
1470	31	31	62	1	P1	6	-0.001009	-0.001009	-0.000741	-0.000741
1470	31	31	62	1	P50	8	-0.003946	-0.004318	-0.000433	-0.000667
1470	31	31	62	1	P75	9	-0.001718	-0.001718	-0.002207	-0.002207
1470	31	31	62	1	P90	10	-0.001395	-0.001395	0.002495	0.002495
1470	31	31	62	1	P95	72	-0.000128	-0.000128	0.003307	0.003307
1470	31	31	62	1	P99	2159	0.001474	0.001474	0.000375	0.000375
1470	31	31	62	1	P999	2159	0.001474	0.001474	0.000375	0.000375
1471	31	31	62	1	P1	6	-0.001076	-0.001076	-0.000808	-0.000808
1471	31	31	62	1	P50	7	0.000161	0.000054	0.000394	0.000287
1471	31	31	62	1	P75	8	-0.002934	-0.002934	0.000112	0.000112
1471	31	31	62	1	P90	9	0.004271	0.004271	0.000698	0.000698
1471	31	31	62	1	P95	967	0.000827	0.000827	0.003660	0.003660
1471	31	31	62	1	P99	1511	0.003163	0.003163	0.002144	0.002144
1471	31	31	62	1	P999	1511	0.003163	0.003163	0.002144	0.002144
1472	31	31	62	0	P1	6	-0.002573	-0.002573	-0.001008	-0.001008
1472	31	31	62	0	P50	7	-0.002011	-0.002106	-0.000444	-0.000540
1472	31	31	62	0	P75	7	-0.000575	-0.000575	0.000994	0.000994
1472	31	31	62	0	P90	8	0.001036	0.001036	0.002607	0.002607
1472	31	31	62	0	P95	518	0.002070	0.002070	0.003643	0.003643
1472	31	31	62	0	P99	2072	0.002561	0.002561	0.000388	0.000388
1472	31	31	62	0	P999	2072	0.002561	0.002561	0.000388	0.000388
1473	31	31	62	1	P1	6	-0.002971	-0.002971	-0.000808	-0.000808
1473	31	31	62	1	P50	7	-0.000124	-0.000357	0.000191	0.000093
1473	31	31	62	1	P75	8	-0.002749	-0.002749	-0.000600	-0.000600
1473	31	31	62	1	P90	379	0.000132	0.000132	0.002089	0.002089
1473	31	31	62	1	P95	3689	0.001095	0.001095	0.002936	0.002936
1473	31	31	62	1	P99	6498	0.003159	0.003159	0.001226	0.001226
1473	31	31	62	1	P999	6498	0.003159	0.003159	0.001226	0.001226
1474	31	31	62	1	P1	6	-0.003043	-0.003043	-0.001026	-0.001026
1474	31	31	62	1	P50	7	-0.000834	-0.001031	-0.000497	-0.000595
1474	31	31	62	1	P75	7	0.002119	0.002119	0.000979	0.000979
1474	31	31	62	1	P90	8	-0.000330	-0.000330	0.001671	0.001671
1474	31	31	62	1	P95	11	-0.000098	-0.000098	0.001879	0.001879
1474	31	31	62	1	P99	549	-0.000093	-0.000093	0.001584	0.001584
1474	31	31	62	1	P999	549	-0.000093	-0.000093	0.001584	0.001584
1475	31	31	62	1	P1	6	-0.001446	-0.001446	-0.000652	-0.000652
1475	31	31	62	1	P50	603	0.001056	-0.976713	0.001214	-0.976697
1475	31	31	62	1	P75	2821	0.002120	0.002120	0.002064	0.002064
1475	31	31	62	1	P90	4761	0.002140	0.002140	0.002013	0.002013
1475	31	31	62	1	P95	5387	0.001979	0.001979	0.001834	0.001834
1475	31	31	62	1	P99	10456	0.000501	0.000501	0.000265	0.000265
1475	31	31	62	1	P999	10456	0.000501	0.000501	0.000265	0.000265
1476	31	31	62	0	P1	6	-0.002501	-0.002501	-0.000935	-0.000935
1476	31	31	62	0	P50	7	-0.000598	-0.000747	0.000971	0.000821
1476	31	31	62	0	P75	8	0.001036	0.001036	0.002607	0.002607
1476	31	31	62	0	P90	10	0.000301	0.000301	0.001871	0.001871
1476	31	31	62	0	P95	11	-0.002181	-0.002181	-0.000615	-0.000615
1476	31	31	62	0	P99	13	0.001464	0.001464	0.003036	0.003036
1476	31	31	62	0	P999	13	0.001464	0.001464	0.003036	0.003036
1477	31	31	62	0	P1	6	-0.002425	-0.002425	-0.000860	-0.000860
1477	31	31	62	0	P50	7	-0.001349	-0.001453	0.000219	0.000115
1477	31	31	62	0	P75	8	-0.002202	-0.002202	-0.000636	-0.000636
1477	31	31	62	0	P90	8	0.000038	0.000038	0.001608	0.001608
1477	31	31	62	0	P95	8	0.000786	0.000786	0.002357	0.002357
1477	31	31	62	0	P99	10	0.002172	0.002172	0.003745	0.003745
1477	31	31	62	0	P999	10	0.002172	0.002172	0.003745	0.003745
1478	31	31	62	0	P1	6	-0.002553	-0.002553	-0.000987	-0.000987
1478	31	31	62	0	P50	7	-0.002084	-0.002171	-0.000518	-0.000605
1478	31	31	62	0	P75	7	-0.000782	-0.000782	0.000786	0.000786
1478	31	31	62	0	P90	7	-0.000000	-0.000000	0.001570	0.001570
1478	31	31	62	0	P95	8	-0.000460	-0.000460	0.001109	0.001109
1478	31	31	62	0	P99	9	0.002871	0.002871	0.000698	0.000698
1478	31	31	62	0	P999	9	0.002871	0.002871	0.000698	0.000698
1479	31	31	62	1	P1	6	-0.002290	-0.002290	-0.001008	-0.001008
1479	31	31	62	1	P50	7	0.000495	0.000317	-0.000399	-0.000497
1479	31	31	62	1	P75	7	0.003170	0.003170	0.001077	0.001077
1479	31	31	62	1	P90	8	-0.000223	-0.000223	0.001002	0.001002
1479	31	31	62	1	P95	8	0.001380	0.001380	0.002607	0.002607
1479	31	31	62	1	P99	10	-0.001179	-0.001179	0.003745	0.003745
1479	31	31	62	1	P999	10	-0.001179	-0.001179	0.003745	0.003745
1480	31	31	62	1	P1	6	-0.001749	-0.001749	-0.001041	-0.001041
1480	31	31	62	1	P50	7	0.000160	-0.000027	-0.000711	-0.000802
1480	31	31	62	1	P75	7	0.002870	0.002870	0.000657	0.000657
1480	31	31	62	1	P90	7	0.004479	0.004479	0.001478	0.001478
1480	31	31	62	1	P95	8	-0.001754	-0.001754	0.000361	0.000361
1480	31	31	62	1	P99	8	0.001986	0.001986	0.002607	0.002607
1480	31	31	62	1	P999	8	0.001986	0.001986	0.002607	0.002607
1481	31	31	62	1	P1	6	-0.003005	-0.003005	-0.000987	-0.000987
1481	31	31	62	1	P50	7	-0.001219	-0.001375	-0.000518	-0.000605
1481	31	31	62	1	P75	7	0.001527	0.001527	0.000786	0.000786
1481	31	31	62	1	P90	7	0.003302	0.003302	0.001570	0.001570
1481	31	31	62	1	P95	8	-0.001264	-0.001264	0.000735	0.000735
1481	31	31	62	1	P99	8	0.000605	0.000605	0.002607	0.002607
1481	31	31	62	1	P999	8	0.000605	0.000605	0.002607	0.002607
1482	31	31	62	1	P1	6	-0.001163	-0.001163	-0.000808	-0.000808
1482	31	31	62	1	P50	2046	-0.001029	-0.019530	0.001804	-0.020414
1482	31	31	62	1	P75	3618	0.000968	0.000968	0.003683	0.003683
1482	31	31	62	1	P90	4477	0.001047	0.001047	0.003715	0.003715
1482	31	31	62	1	P95	5840	0.000722	0.000722	0.003331	0.003331
1482	31	31	62	1	P99	9079	0.000663	0.000663	0.003177	0.003177
1482	31	31	62	1	P999	9079	0.000663	0.000663	0.003177	0.003177
1483	31	31	62	1	P1	6	-0.001163	-0.001163	-0.000808	-0.000808
1483	31	31	62	1	P50	7	0.000071	-0.000036	0.000394	0.000287
1483	31	31	62	1	P75	8	0.001564	0.001564	0.001858	0.001858
1483	31	31	62	1	P90	1690	-0.000549	-0.000549	0.002327	0.002327
1483	31	31	62	1	P95	1968	0.000452	0.000452	0.003297	0.003297
1483	31	31	62	1	P99	2721	0.001745	0.001745	0.000775	0.000775
1483	31	31	62	1	P999	2721	0.001745	0.001745	0.000775	0.000775
1484	31	31	62	1	P1	6	-0.002223	-0.002223	-0.001008	-0.001008
1484	31	31	62	1	P50	7	-0.001110	-0.001234	0.000073	-0.000051
1484	31	31	62	1	P75	9	0.001439	0.001439	-0.001171	-0.001171
1484	31	31	62	1	P90	1342	0.001093	0.001093	0.001139	0.001139
1484	31	31	62	1	P95	2019	0.000177	0.000177	0.000135	0.000135
1484	31	31	62	1	P99	2910	0.001027	0.001027	0.000905	0.000905
1484	31	31	62	1	P999	2910	0.001027	0.001027	0.000905	0.000905
1485	31	31	62	1	P1	6	-0.003150	-0.003150	-0.000987	-0.000987
1485	31	31	62	1	P50	7	-0.000777	-0.000964	0.000919	0.000756
1485	31	31	62	1	P75	966	0.002785	0.002785	0.000950	0.000950
1485	31	31	62	1	P90	1408	-0.000165	-0.000165	0.001724	0.001724
1485	31	31	62	1	P95	2324	0.003372	0.003372	0.001491	0.001491
1485	31	31	62	1	P99	3124	0.002860	0.002860	0.000965	0.000965
1485	31	31	62	1	P999	3124	0.002860	0.002860	0.000965	0.000965
1486	31	31	62	1	P1	6	-0.003171	-0.003171	-0.001008	-0.001008
1486	31	31	62	1	P50	7	0.001279	0.001071	0.000323	0.000184
1486	31	31	62	1	P75	702	0.004278	0.004278	0.002456	0.002456
1486	31	31	62	1	P90	3494	0.003073	0.003073	0.001171	0.001171
1486	31	31	62	1	P95	3684	0.002453	0.002453	0.000550	0.000550
1486	31	31	62	1	P99	5562	0.001690	0.001690	0.003511	0.003511
1486	31	31	62	1	P999	5562	0.001690	0.001690	0.003511	0.003511
1487	31	31	62	1	P1	6	-0.001275	-0.001275	-0.000741	-0.000741
1487	31	31	62	1	P50	35	-0.000754	-0.227962	0.003198	-0.227764
1487	31	31	62	1	P75	651	-0.000289	-0.000289	0.003123	0.003123
1487	31	31	62	1	P90	1120	0.002984	0.002984	0.002551	0.002551
1487	31	31	62	1	P95	1206	0.000034	0.000034	0.003333	0.003333
1487	31	31	62	1	P99	3062	0.002942	0.002942	0.002323	0.002323
1487	31	31	62	1	P999	3062	0.002942	0.002942	0.002323	0.002323
1488	31	31	62	1	P1	6	-0.002416	-0.002416	-0.000808	-0.000808
1488	31	31	62	1	P50	7	0.002477	0.002268	0.000821	0.000697
1488	31	31	62	1	P75	9	-0.000852	-0.000852	0.000698	0.000698
1488	31	31	62	1	P90	849	0.002089	0.002089	0.002968	0.002968
1488	31	31	62	1	P95	1347	0.000349	0.000349	0.001158	0.001158
1488	31	31	62	1	P99	1471	0.002013	0.002013	0.002810	0.002810
1488	31	31	62	1	P999	1471	0.002013	0.002013	0.002810	0.002810
1489	31	31	62	0	P1	6	-0.002425	-0.002425	-0.000860	-0.000860
1489	31	31	62	0	P50	7	-0.001640	-0.001731	-0.000073	-0.000164
1489	31	31	62	0	P75	7	-0.000273	-0.000273	0.001296	0.001296
1489	31	31	62	0	P90	9	0.001622	0.001622	-0.000548	-0.000548
1489	31	31	62	0	P95	10	0.002172	0.002172	0.003745	0.003745
1489	31	31	62	0	P99	397	0.002715	0.002715	0.000542	0.000542
1489	31	31	62	0	P999	397	0.002715	0.002715	0.000542	0.000542
1490	31	31	62	1	P1	6	0.001025	0.001025	-0.000808	-0.000808
1490	31	31	62	1	P50	623	0.000914	-0.360903	0.002228	-0.362415
1490	31	31	62	1	P75	1934	0.000862	0.000862	0.002031	0.002031
1490	31	31	62	1	P90	3670	-0.000466	-0.000466	0.000620	0.000620
1490	31	31	62	1	P95	5118	-0.000317	-0.000317	0.000726	0.000726
1490	31	31	62	1	P99	8239	0.002090	0.002090	0.003075	0.003075
1490	31	31	62	1	P999	8239	0.002090	0.002090	0.003075	0.003075
1491	31	31	62	0	P1	6	-0.001257	-0.001257	-0.000901	-0.000901
1491	31	31	62	0	P50	7	0.001247	0.001077	0.001570	0.001400
1491	31	31	62	0	P75	87	0.001181	0.001181	0.000958	0.000958
1491	31	31	62	0	P90	1650	0.000972	0.000972	0.000112	0.000112
1491	31	31	62	0	P95	2167	0.001335	0.001335	0.000415	0.000415
1491	31	31	62	0	P99	3523	0.001406	0.001406	0.000381	0.000381
1491	31	31	62	0	P999	3523	0.001406	0.001406	0.000381	0.000381
1492	31	31	62	1	P1	5	-0.000552	-0.000552	0.001625	0.001625
1492	31	31	62	1	P50	7	0.002287	0.001999	0.001082	0.000919
1492	31	31	62	1	P75	853	0.000088	0.000088	0.002003	0.002003
1492	31	31	62	1	P90	1363	0.002415	0.002415	0.000563	0.000563
1492	31	31	62	1	P95	1751	0.002372	0.002372	0.000507	0.000507
1492	31	31	62	1	P99	4004	0.001396	0.001396	0.003234	0.003234
1492	31	31	62	1	P999	4004	0.001396	0.001396	0.003234	0.003234
1493	31	31	62	1	P1	6	-0.003023	-0.003023	-0.000860	-0.000860
1493	31	31	62	1	P50	7	0.000847	0.000559	0.000604	0.000483
1493	31	31	62	1	P75	556	0.001932	0.001932	0.000127	0.000127
1493	31	31	62	1	P90	1001	0.000834	0.000834	0.002742	0.002742
1493	31	31	62	1	P95	1108	0.000207	0.000207	0.002109	0.002109
1493	31	31	62	1	P99	3700	0.001856	0.001856	0.003699	0.003699
1493	31	31	62	1	P999	3700	0.001856	0.001856	0.003699	0.003699
1494	31	31	62	1	P1	6	-0.002282	-0.002282	-0.001067	-0.001067
1494	31	31	62	1	P50	7	-0.000275	-0.000494	-0.000157	-0.000300
1494	31	31	62	1	P75	8	-0.000046	-0.000046	0.001109	0.001109
1494	31	31	62	1	P90	555	0.001692	0.001692	0.001929	0.001929
1494	31	31	62	1	P95	732	0.001549	0.001549	0.001725	0.001725
1494	31	31	62	1	P99	1929	0.000913	0.000913	0.000880	0.000880
1494	31	31	62	1	P999	1929	0.000913	0.000913	0.000880	0.000880
1495	31	31	62	1	P1	6	-0.001257	-0.001257	-0.000901	-0.000901
1495	31	31	62	1	P50	8	0.001377	0.000909	0.001671	0.001203
1495	31	31	62	1	P75	1182	0.001790	0.001790	0.001001	0.001001
1495	31	31	62	1	P90	2360	0.002010	0.002010	0.001070	0.001070
1495	31	31	62	1	P95	3125	0.001644	0.001644	0.000645	0.000645
1495	31	31	62	1	P99	4307	0.002373	0.002373	0.001303	0.001303
1495	31	31	62	1	P999	4307	0.002373	0.002373	0.001303	0.001303
1496	31	31	62	1	P1	6	-0.002981	-0.002981	-0.000963	-0.000963
1496	31	31	62	1	P50	7	0.000936	0.000740	0.000167	0.000050
1496	31	31	62	1	P75	8	-0.001731	-0.001731	0.000268	0.000268
1496	31	31	62	1	P90	532	0.001457	0.001457	0.003139	0.003139
1496	31	31	62	1	P95	652	-0.000079	-0.000079	0.001584	0.001584
1496	31	31	62	1	P99	1551	0.000584	0.000584	0.002182	0.002182
1496	31	31	62	1	P999	1551	0.000584	0.000584	0.002182	0.002182
1497	31	31	62	1	P1	5	0.000472	0.000472	0.001625	0.001625
1497	31	31	62	1	P50	1096	0.001043	-0.091674	0.001783	-0.090995
1497	31	31	62	1	P75	4114	0.001656	0.001656	0.002295	0.002295
1497	31	31	62	1	P90	6124	0.000090	0.000090	0.000697	0.000697
1497	31	31	62	1	P95	9252	0.002414	0.002414	0.002991	0.002991
1497	31	31	62	1	P99	12910	0.001955	0.001955	0.002505	0.002505
1497	31	31	62	1	P999	12910	0.001955	0.001955	0.002505	0.002505
1498	31	31	62	1	P1	6	-0.001226	-0.001226	-0.001008	-0.001008
1498	31	31	62	1	P50	7	0.000244	0.000100	0.000418	0.000275
1498	31	31	62	1	P75	9	0.000595	0.000595	-0.001171	-0.001171
1498	31	31	62	1	P90	826	0.001713	0.001713	0.000525	0.000525
1498	31	31	62	1	P95	1471	0.000419	0.000419	0.002810	0.002810
1498	31	31	62	1	P99	2307	-0.000903	-0.000903	0.001357	0.001357
1498	31	31	62	1	P999	2307	-0.000903	-0.000903	0.001357	0.001357
1499	31	31	62	1	P1	6	0.000098	0.000098	-0.000901	-0.000901
1499	31	31	62	1	P50	7	0.001799	0.001665	0.000768	0.000634
1499	31	31	62	1	P75	320	0.001148	0.001148	0.003098	0.003098
1499	31	31	62	1	P90	1299	0.002136	0.002136	0.000063	0.000063
1499	31	31	62	1	P95	1523	0.000072	0.000072	0.001709	0.001709
1499	31	31	62	1	P99	2380	0.002301	0.002301	0.000107	0.000107
1499	31	31	62	1	P999	2380	0.002301	0.002301	0.000107	0.000107
1500	31	31	62	1	P1	6	-0.002536	-0.002536	-0.001041	-0.001041
1500	31	31	62	1	P50	7	-0.001670	-0.001795	-0.000176	-0.000300
1500	31	31	62	1	P75	8	-0.002003	-0.002003	-0.000511	-0.000511
1500	31	31	62	1	P90	687	0.000187	0.000187	0.001626	0.001626
1500	31	31	62	1	P95	1057	0.002945	0.002945	0.000635	0.000635
1500	31	31	62	1	P99	1810	0.003327	0.003327	0.001010	0.001010
1500	31	31	62	1	P999	1810	0.003327	0.003327	0.001010	0.001010
1501	31	31	62	1	P1	6	-0.002023	-0.002023	-0.001067	-0.001067
1501	31	31	62	1	P50	7	0.002113	0.001825	0.000323	0.000145
1501	31	31	62	1	P75	10	0.002636	0.002636	0.003745	0.003745
1501	31	31	62	1	P90	931	0.000350	0.000350	0.000475	0.000475
1501	31	31	62	1	P95	1227	0.000951	0.000951	0.001016	0.001016
1501	31	31	62	1	P99	6882	0.000188	0.000188	0.003624	0.003624
1501	31	31	62	1	P999	6882	0.000188	0.000188	0.003624	0.003624
1502	31	31	62	1	P1	6	-0.001008	-0.001008	-0.000652	-0.000652
1502	31	31	62	1	P50	327	0.000654	-0.025195	0.000144	-0.022037
1502	31	31	62	1	P75	1342	0.000084	0.000084	0.001139	0.001139
1502	31	31	62	1	P90	1627	0.000054	0.000054	0.002940	0.002940
1502	31	31	62	1	P95	2364	0.000314	0.000314	0.003119	0.003119
1502	31	31	62	1	P99	3744	0.000384	0.000384	0.003089	0.003089
1502	31	31	62	1	P999	3744	0.000384	0.000384	0.003089	0.003089
1503	31	31	62	0	P1	6	-0.003110	-0.003110	-0.000652	-0.000652
1503	31	31	62	0	P50	7	0.002848	0.002704	0.001570	0.001426
1503	31	31	62	0	P75	504	0.002410	0.002410	0.001132	0.001132
1503	31	31	62	0	P90	1304	0.001235	0.001235	0.003704	0.003704
1503	31	31	62	0	P95	1592	0.003536	0.003536	0.002257	0.002257
1503	31	31	62	0	P99	1850	0.002858	0.002858	0.001579	0.001579
1503	31	31	62	0	P999	1850	0.002858	0.002858	0.001579	0.001579
1504	31	31	62	1	P1	6	-0.001607	-0.001607	-0.000808	-0.000808
1504	31	31	62	1	P50	7	0.000374	0.000235	0.001154	0.001015
1504	31	31	62	1	P75	456	0.003829	0.003829	0.000290	0.000290
1504	31	31	62	1	P90	722	0.004131	0.004131	0.000528	0.000528
1504	31	31	62	1	P95	973	0.001103	0.001103	0.001206	0.001206
1504	31	31	62	1	P99	2145	0.003154	0.003154	0.003148	0.003148
1504	31	31	62	1	P999	2145	0.003154	0.003154	0.003148	0.003148
1505	31	31	62	1	P1	6	-0.001989	-0.001989	-0.000860	-0.000860
1505	31	31	62	1	P50	2736	0.002103	-0.137076	0.002757	-0.136504
1505	31	31	62	1	P75	4060	-0.000068	-0.000068	0.000553	0.000553
1505	31	31	62	1	P90	5027	0.003115	0.003115	0.003721	0.003721
1505	31	31	62	1	P95	6536	0.002289	0.002289	0.002874	0.002874
1505	31	31	62	1	P99	12833	0.000477	0.000477	0.001009	0.001009
1505	31	31	62	1	P999	12833	0.000477	0.000477	0.001009	0.001009
1506	31	31	62	1	P1	6	-0.001364	-0.001364	-0.001008	-0.001008
1506	31	31	62	1	P50	7	0.000000	-0.000138	0.000323	0.000184
1506	31	31	62	1	P75	219	0.001495	0.001495	0.001071	0.001071
1506	31	31	62	1	P90	1904	0.003609	0.003609	0.002714	0.002714
1506	31	31	62	1	P95	2123	-0.000585	-0.000585	0.002241	0.002241
1506	31	31	62	1	P99	4299	0.000490	0.000490	0.003166	0.003166
1506	31	31	62	1	P999	4299	0.000490	0.000490	0.003166	0.003166
1507	31	31	62	0	P1	6	-0.001257	-0.001257	-0.000901	-0.000901
1507	31	31	62	0	P50	8	-0.000493	-0.123909	-0.000200	-0.123627
1507	31	31	62	0	P75	767	0.000567	0.000567	0.003618	0.003618
1507	31	31	62	0	P90	1205	0.001211	0.001211	0.000419	0.000419
1507	31	31	62	0	P95	1899	-0.001245	-0.001245	0.001603	0.001603
1507	31	31	62	0	P99	4988	0.001390	0.001390	0.000289	0.000289
1507	31	31	62	0	P999	4988	0.001390	0.001390	0.000289	0.000289
1508	31	31	62	1	P1	6	-0.002904	-0.002904	-0.000741	-0.000741
1508	31	31	62	1	P50	7	0.003152	0.002811	0.001570	0.001420
1508	31	31	62	1	P75	512	0.002137	0.002137	0.000335	0.000335
1508	31	31	62	1	P90	833	0.001386	0.001386	0.003305	0.003305
1508	31	31	62	1	P95	1081	0.002451	0.002451	0.000611	0.000611
1508	31	31	62	1	P99	2709	0.003347	0.003347	0.001458	0.001458
1508	31	31	62	1	P999	2709	0.003347	0.003347	0.001458	0.001458
1509	31	31	62	1	P1	6	-0.001956	-0.001956	-0.000741	-0.000741
1509	31	31	62	1	P50	7	0.003844	0.003555	0.001426	0.001282
1509	31	31	62	1	P75	483	0.002310	0.002310	0.002577	0.002577
1509	31	31	62	1	P90	762	0.002511	0.002511	0.002679	0.002679
1509	31	31	62	1	P95	1027	0.003164	0.003164	0.003267	0.003267
1509	31	31	62	1	P99	2591	0.001234	0.001234	0.001137	0.001137
1509	31	31	62	1	P999	2591	0.001234	0.001234	0.001137	0.001137
1510	31	31	62	0	P1	6	-0.002374	-0.002374	-0.000808	-0.000808
1510	31	31	62	0	P50	8	0.000101	-0.000833	0.001671	0.000735
1510	31	31	62	0	P75	371	0.003168	0.003168	0.000994	0.000994
1510	31	31	62	0	P90	500	0.000056	0.000056	0.001625	0.001625
1510	31	31	62	0	P95	639	0.001466	0.001466	0.003038	0.003038
1510	31	31	62	0	P99	835	0.003076	0.003076	0.000902	0.000902
1510	31	31	62	0	P999	835	0.003076	0.003076	0.000902	0.000902
1511	31	31	62	1	P1	6	-0.003052	-0.003052	-0.000860	-0.000860
1511	31	31	62	1	P50	7	0.002567	0.002428	0.001015	0.000877
1511	31	31	62	1	P75	390	0.001377	0.001377	0.003386	0.003386
1511	31	31	62	1	P90	748	0.000556	0.000556	0.002532	0.002532
1511	31	31	62	1	P95	1066	0.001414	0.001414	0.003376	0.003376
1511	31	31	62	1	P99	1475	0.001888	0.001888	0.000090	0.000090
1511	31	31	62	1	P999	1475	0.001888	0.001888	0.000090	0.000090
1512	31	31	62	1	P1	6	-0.003314	-0.003314	-0.000860	-0.000860
1512	31	31	62	1	P50	332	0.001203	-0.000667	0.003666	0.001792
1512	31	31	62	1	P75	523	0.002791	0.002791	0.001507	0.001507
1512	31	31	62	1	P90	702	-0.000003	-0.000003	0.002456	0.002456
1512	31	31	62	1	P95	1006	0.002779	0.002779	0.001495	0.001495
1512	31	31	62	1	P99	1715	0.000135	0.000135	0.002595	0.002595
1512	31	31	62	1	P999	1715	0.000135	0.000135	0.002595	0.002595
1513	31	31	62	0	P1	6	-0.002633	-0.002633	-0.001067	-0.001067
1513	31	31	62	0	P50	7	-0.001724	-0.001867	-0.000157	-0.000300
1513	31	31	62	0	P75	8	-0.000460	-0.000460	0.001109	0.001109
1513	31	31	62	0	P90	485	0.000611	0.000611	0.000311	0.000311
1513	31	31	62	0	P95	830	0.001602	0.001602	0.003174	0.003174
1513	31	31	62	0	P99	2020	0.001811	0.001811	0.003383	0.003383
1513	31	31	62	0	P999	2020	0.001811	0.001811	0.003383	0.003383
1514	31	31	62	1	P1	6	-0.001171	-0.001171	-0.000741	-0.000741
1514	31	31	62	1	P50	134	-0.000907	-0.940165	0.002633	-0.940143
1514	31	31	62	1	P75	754	-0.001169	-0.001169	0.002018	0.002018
1514	31	31	62	1	P90	1112	-0.000866	-0.000866	0.002243	0.002243
1514	31	31	62	1	P95	1255	0.001538	0.001538	0.000881	0.000881
1514	31	31	62	1	P99	1831	0.001422	0.001422	0.000688	0.000688
1514	31	31	62	1	P999	1831	0.001422	0.001422	0.000688	0.000688
1515	31	31	62	1	P1	6	-0.001896	-0.001896	-0.000341	-0.000341
1515	31	31	62	1	P50	3306	0.002607	-0.649280	0.000409	-0.648737
1515	31	31	62	1	P75	4150	0.003255	0.003255	0.001056	0.001056
1515	31	31	62	1	P90	4817	-0.000012	-0.000012	0.001532	0.001532
1515	31	31	62	1	P95	5155	0.003199	0.003199	0.000999	0.000999
1515	31	31	62	1	P99	7486	0.000185	0.000185	0.001729	0.001729
1515	31	31	62	1	P999	7486	0.000185	0.000185	0.001729	0.001729
1516	31	31	62	1	P1	6	-0.001381	-0.001381	-0.001026	-0.001026
1516	31	31	62	1	P50	7	-0.000862	-0.000958	-0.000540	-0.000636
1516	31	31	62	1	P75	7	0.000575	0.000575	0.000898	0.000898
1516	31	31	62	1	P90	8	0.000067	0.000067	0.000361	0.000361
1516	31	31	62	1	P95	8	0.002313	0.002313	0.002607	0.002607
1516	31	31	62	1	P99	2501	0.000060	0.000060	0.002852	0.002852
1516	31	31	62	1	P999	2501	0.000060	0.000060	0.002852	0.002852
1517	31	31	62	1	P1	6	-0.003098	-0.003098	-0.000935	-0.000935
1517	31	31	62	1	P50	7	-0.000916	-0.001078	0.001102	0.000946
1517	31	31	62	1	P75	667	0.003083	0.003083	0.001266	0.001266
1517	31	31	62	1	P90	1590	0.005383	0.005383	0.003518	0.003518
1517	31	31	62	1	P95	2216	0.002359	0.002359	0.000482	0.000482
1517	31	31	62	1	P99	3189	0.004703	0.004703	0.002803	0.002803
1517	31	31	62	1	P999	3189	0.004703	0.004703	0.002803	0.002803
1518	31	31	62	1	P1	6	-0.003114	-0.003114	-0.001097	-0.001097
1518	31	31	62	1	P50	7	-0.001608	-0.001841	-0.000960	-0.001070
1518	31	31	62	1	P75	7	0.001637	0.001637	0.000689	0.000689
1518	31	31	62	1	P90	8	-0.001886	-0.001886	0.000112	0.000112
1518	31	31	62	1	P95	11	-0.000098	-0.000098	0.000008	0.000008
1518	31	31	62	1	P99	37	0.001812	0.001812	0.003699	0.003699
1518	31	31	62	1	P999	37	0.001812	0.001812	0.003699	0.003699
1519	31	31	62	1	P1	6	-0.003200	-0.003200	-0.000987	-0.000987
1519	31	31	62	1	P50	7	0.001262	0.001148	-0.000017	-0.000131
1519	31	31	62	1	P75	8	-0.002839	-0.002839	-0.000387	-0.000387
1519	31	31	62	1	P90	714	0.001854	0.001854	0.000456	0.000456
1519	31	31	62	1	P95	1046	0.001290	0.001290	0.003627	0.003627
1519	31	31	62	1	P99	1387	0.003217	0.003217	0.001799	0.001799
1519	31	31	62	1	P999	1387	0.003217	0.003217	0.001799	0.001799
1520	31	31	62	1	P1	6	-0.003215	-0.003215	-0.000860	-0.000860
1520	31	31	62	1	P50	7	0.001986	0.001865	0.000604	0.000483
1520	31	31	62	1	P75	496	-0.000102	-0.000102	0.002183	0.002183
1520	31	31	62	1	P90	907	0.001894	0.001894	0.000426	0.000426
1520	31	31	62	1	P95	1317	0.002730	0.002730	0.001254	0.001254
1520	31	31	62	1	P99	1479	0.002598	0.002598	0.001121	0.001121
1520	31	31	62	1	P999	1479	0.002598	0.002598	0.001121	0.001121
1521	31	31	62	1	P1	6	-0.003114	-0.003114	-0.001097	-0.001097
1521	31	31	62	1	P50	7	-0.001759	-0.001979	-0.000960	-0.001070
1521	31	31	62	1	P75	7	0.001539	0.001539	0.000689	0.000689
1521	31	31	62	1	P90	8	-0.001886	-0.001886	0.000112	0.000112
1521	31	31	62	1	P95	9	0.002448	0.002448	0.000698	0.000698
1521	31	31	62	1	P99	1411	0.001731	0.001731	0.003337	0.003337
1521	31	31	62	1	P999	1411	0.001731	0.001731	0.003337	0.003337
1522	31	31	62	1	P1	6	-0.000659	-0.000659	-0.000987	-0.000987
1522	31	31	62	1	P50	7	0.001929	0.001732	0.001570	0.001373
1522	31	31	62	1	P75	4064	0.001148	0.001148	0.003312	0.003312
1522	31	31	62	1	P90	5356	0.001761	0.001761	0.000128	0.000128
1522	31	31	62	1	P95	5478	0.001670	0.001670	0.000033	0.000033
1522	31	31	62	1	P99	6200	0.001237	0.001237	0.003320	0.003320
1522	31	31	62	1	P999	6200	0.001237	0.001237	0.003320	0.003320
1523	31	31	62	1	P1	6	-0.001528	-0.001528	-0.000987	-0.000987
1523	31	31	62	1	P50	7	0.004806	0.001057	0.001570	0.001373
1523	31	31	62	1	P75	809	-0.000749	-0.000749	0.002634	0.002634
1523	31	31	62	1	P90	1287	0.002315	0.002315	0.001869	0.001869
1523	31	31	62	1	P95	2303	-0.000096	-0.000096	0.003096	0.003096
1523	31	31	62	1	P99	7263	0.002831	0.002831	0.002067	0.002067
1523	31	31	62	1	P999	7263	0.002831	0.002831	0.002067	0.002067
1524	31	31	62	1	P1	7	-0.001045	-0.001045	-0.000300	-0.000300
1524	31	31	62	1	P50	568	0.001542	-0.020676	0.001202	-0.017336
1524	31	31	62	1	P75	797	-0.000693	-0.000693	0.002626	0.002626
1524	31	31	62	1	P90	917	0.001133	0.001133	0.000675	0.000675
1524	31	31	62	1	P95	1251	0.000869	0.000869	0.000335	0.000335
1524	31	31	62	1	P99	2488	0.001288	0.001288	0.000584	0.000584
1524	31	31	62	1	P999	2488	0.001288	0.001288	0.000584	0.000584
1525	31	31	62	0	P1	6	-0.001038	-0.001038	-0.000341	-0.000341
1525	31	31	62	0	P50	8	0.001620	0.001332	0.002319	0.002031
1525	31	31	62	0	P75	9	-0.000000	-0.000000	0.000698	0.000698
1525	31	31	62	0	P90	38	0.002495	0.002495	0.003195	0.003195
1525	31	31	62	0	P95	79	0.003276	0.003276	0.000231	0.000231
1525	31	31	62	0	P99	88	0.000045	0.000045	0.000743	0.000743
1525	31	31	62	0	P999	88	0.000045	0.000045	0.000743	0.000743
1526	31	31	62	1	P1	6	-0.001762	-0.001762	-0.000935	-0.000935
1526	31	31	62	1	P50	7	-0.000445	-0.000566	0.000363	0.000242
1526	31	31	62	1	P75	8	-0.000055	-0.000055	0.000735	0.000735
1526	31	31	62	1	P90	9	0.000858	0.000858	-0.000904	-0.000904
1526	31	31	62	1	P95	9	0.003668	0.003668	0.000698	0.000698
1526	31	31	62	1	P99	77	0.002959	0.002959	0.003451	0.003451
1526	31	31	62	1	P999	77	0.002959	0.002959	0.003451	0.003451
1527	31	31	62	0	P1	6	-0.002553	-0.002553	-0.000987	-0.000987
1527	31	31	62	0	P50	7	-0.001764	-0.001867	-0.000197	-0.000300
1527	31	31	62	0	P75	7	-0.000208	-0.000208	0.001362	0.001362
1527	31	31	62	0	P90	8	0.000568	0.000568	0.002139	0.002139
1527	31	31	62	0	P95	9	0.001622	0.001622	-0.000548	-0.000548
1527	31	31	62	0	P99	71	0.000768	0.000768	0.002338	0.002338
1527	31	31	62	0	P999	71	0.000768	0.000768	0.002338	0.002338
1528	31	31	62	0	P1	5	0.002904	0.002904	0.001625	0.001625
1528	31	31	62	0	P50	7	0.000174	0.000067	-0.001101	-0.001208
1528	31	31	62	0	P75	7	0.001777	0.001777	0.000501	0.000501
1528	31	31	62	0	P90	7	0.002741	0.002741	0.001463	0.001463
1528	31	31	62	0	P95	8	-0.002100	-0.002100	0.000361	0.000361
1528	31	31	62	0	P99	8	0.000141	0.000141	0.002607	0.002607
1528	31	31	62	0	P999	8	0.000141	0.000141	0.002607	0.002607
1529	31	31	62	0	P1	6	-0.002633	-0.002633	-0.001067	-0.001067
1529	31	31	62	0	P50	7	-0.002427	-0.002520	-0.000861	-0.000954
1529	31	31	62	0	P75	7	-0.001027	-0.001027	0.000541	0.000541
1529	31	31	62	0	P90	7	-0.000187	-0.000187	0.001383	0.001383
1529	31	31	62	0	P95	8	-0.001767	-0.001767	-0.000200	-0.000200
1529	31	31	62	0	P99	8	0.001036	0.001036	0.002607	0.002607
1529	31	31	62	0	P999	8	0.001036	0.001036	0.002607	0.002607
1530	31	31	62	0	P1	6	-0.002620	-0.002620	-0.001055	-0.001055
1530	31	31	62	0	P50	7	-0.002333	-0.002427	-0.000767	-0.000861
1530	31	31	62	0	P75	7	-0.000934	-0.000934	0.000634	0.000634
1530	31	31	62	0	P90	7	-0.000093	-0.000093	0.001476	0.001476
1530	31	31	62	0	P95	8	-0.000833	-0.000833	0.000735	0.000735
1530	31	31	62	0	P99	9	0.002871	0.002871	0.000698	0.000698
1530	31	31	62	0	P999	9	0.002871	0.002871	0.000698	0.000698
1531	31	31	62	1	P1	6	-0.002145	-0.002145	-0.000987	-0.000987
1531	31	31	62	1	P50	631	0.000576	-0.050450	0.000680	-0.050340
1531	31	31	62	1	P75	933	0.002054	0.002054	0.002069	0.002069
1531	31	31	62	1	P90	1802	0.001837	0.001837	0.001702	0.001702
1531	31	31	62	1	P95	2559	0.002567	0.002567	0.002353	0.002353
1531	31	31	62	1	P99	4859	0.000685	0.000685	0.000326	0.000326
1531	31	31	62	1	P999	4859	0.000685	0.000685	0.000326	0.000326
1532	31	31	62	1	P1	6	-0.001134	-0.001134	-0.000652	-0.000652
1532	31	31	62	1	P50	9	-0.002383	-0.002756	-0.001917	-0.002290
1532	31	31	62	1	P75	10	0.003281	0.003281	0.003745	0.003745
1532	31	31	62	1	P90	909	0.001681	0.001681	0.001963	0.001963
1532	31	31	62	1	P95	2198	0.000917	0.000917	0.001163	0.001163
1532	31	31	62	1	P99	3903	0.002391	0.002391	0.002614	0.002614
1532	31	31	62	1	P999	3903	0.002391	0.002391	0.002614	0.002614
1533	31	31	62	1	P1	6	-0.001190	-0.001190	-0.000741	-0.000741
1533	31	31	62	1	P50	2260	0.000248	-0.176478	0.003254	-0.177053
1533	31	31	62	1	P75	6068	-0.000397	-0.000397	0.002410	0.002410
1533	31	31	62	1	P90	6728	0.001039	0.001039	0.000083	0.000083
1533	31	31	62	1	P95	6947	-0.001084	-0.001084	0.001694	0.001694
1533	31	31	62	1	P99	16158	-0.000241	-0.000241	0.002370	0.002370
1533	31	31	62	1	P999	16158	-0.000241	-0.000241	0.002370	0.002370
1534	31	31	62	1	P1	6	-0.002953	-0.002953	-0.000935	-0.000935
1534	31	31	62	1	P50	7	0.000260	0.000026	0.000139	0.000029
1534	31	31	62	1	P75	8	0.000605	0.000605	0.002607	0.002607
1534	31	31	62	1	P90	719	0.003041	0.003041	0.000954	0.000954
1534	31	31	62	1	P95	839	0.001958	0.001958	0.003605	0.003605
1534	31	31	62	1	P99	1003	0.002856	0.002856	0.000743	0.000743
1534	31	31	62	1	P999	1003	0.002856	0.002856	0.000743	0.000743
1535	31	31	62	1	P1	6	-0.001951	-0.001951	-0.000528	-0.000528
1535	31	31	62	1	P50	1435	0.000050	-0.684940	0.001419	-0.685682
1535	31	31	62	1	P75	3468	0.003550	0.003550	0.001164	0.001164
1535	31	31	62	1	P90	4259	-0.000061	-0.000061	0.001296	0.001296
1535	31	31	62	1	P95	4416	0.001120	0.001120	0.002478	0.002478
1535	31	31	62	1	P99	9355	0.001783	0.001783	0.003134	0.003134
1535	31	31	62	1	P999	9355	0.001783	0.001783	0.003134	0.003134
1536	31	31	62	1	P1	6	-0.004267	-0.004267	-0.000808	-0.000808
1536	31	31	62	1	P50	410	0.002658	-0.055556	0.001965	-0.052669
1536	31	31	62	1	P75	1620	0.004347	0.004347	0.003515	0.003515
1536	31	31	62	1	P90	2078	0.002090	0.002090	0.001236	0.001236
1536	31	31	62	1	P95	2521	0.003236	0.003236	0.002362	0.002362
1536	31	31	62	1	P99	2744	0.004462	0.004462	0.003578	0.003578
1536	31	31	62	1	P999	2744	0.004462	0.004462	0.003578	0.003578
1537	31	31	62	1	P1	6	-0.002981	-0.002981	-0.000963	-0.000963
1537	31	31	62	1	P50	7	-0.000619	-0.000797	-0.000300	-0.000394
1537	31	31	62	1	P75	7	0.002316	0.002316	0.001102	0.001102
1537	31	31	62	1	P90	8	-0.000997	-0.000997	0.001002	0.001002
1537	31	31	62	1	P95	8	0.000605	0.000605	0.002607	0.002607
1537	31	31	62	1	P99	445	0.000590	0.000590	0.002284	0.002284
1537	31	31	62	1	P999	445	0.000590	0.000590	0.002284	0.002284
1538	31	31	62	1	P1	6	-0.001629	-0.001629	-0.000652	-0.000652
1538	31	31	62	1	P50	580	0.002230	-0.216907	0.002726	-0.216499
1538	31	31	62	1	P75	1299	-0.000348	-0.000348	0.000063	0.000063
1538	31	31	62	1	P90	1416	-0.000607	-0.000607	0.001665	0.001665
1538	31	31	62	1	P95	1502	0.000245	0.000245	0.000641	0.000641
1538	31	31	62	1	P99	2055	0.000789	0.000789	0.001152	0.001152
1538	31	31	62	1	P999	2055	0.000789	0.000789	0.001152	0.001152
1539	31	31	62	1	P1	6	-0.001494	-0.001494	-0.000341	-0.000341
1539	31	31	62	1	P50	8	0.000641	0.000433	0.001775	0.001567
1539	31	31	62	1	P75	10	0.000130	0.000130	0.001247	0.001247
1539	31	31	62	1	P90	31	0.000168	0.000168	0.001201	0.001201
1539	31	31	62	1	P95	73	0.003497	0.003497	0.000722	0.000722
1539	31	31	62	1	P99	132	0.001792	0.001792	0.002719	0.002719
1539	31	31	62	1	P999	132	0.001792	0.001792	0.002719	0.002719
1540	31	31	62	1	P1	6	-0.001009	-0.001009	-0.000741	-0.000741
1540	31	31	62	1	P50	7	0.001193	0.001049	0.001426	0.001282
1540	31	31	62	1	P75	8	0.000266	0.000266	0.001775	0.001775
1540	31	31	62	1	P90	10	-0.002017	-0.002017	0.001247	0.001247
1540	31	31	62	1	P95	14	0.003618	0.003618	0.003689	0.003689
1540	31	31	62	1	P99	70	0.001872	0.001872	0.001570	0.001570
1540	31	31	62	1	P999	70	0.001872	0.001872	0.001570	0.001570
1541	31	31	62	1	P1	6	-0.002953	-0.002953	-0.000935	-0.000935
1541	31	31	62	1	P50	7	-0.000441	-0.000619	0.000011	-0.000093
1541	31	31	62	1	P75	7	0.003302	0.003302	0.001570	0.001570
1541	31	31	62	1	P90	8	-0.000075	-0.000075	0.001926	0.001926
1541	31	31	62	1	P95	9	-0.000047	-0.000047	-0.001793	-0.001793
1541	31	31	62	1	P99	10	0.001757	0.001757	0.003745	0.003745
1541	31	31	62	1	P999	10	0.001757	0.001757	0.003745	0.003745
1542	31	31	62	0	P1	6	-0.002633	-0.002633	-0.001067	-0.001067
1542	31	31	62	0	P50	7	-0.001867	-0.002000	-0.000300	-0.000434
1542	31	31	62	0	P75	8	-0.002412	-0.002412	-0.000846	-0.000846
1542	31	31	62	0	P90	8	0.000173	0.000173	0.001743	0.001743
1542	31	31	62	0	P95	8	0.001036	0.001036	0.002607	0.002607
1542	31	31	62	0	P99	33	0.000657	0.000657	0.002228	0.002228
1542	31	31	62	0	P999	33	0.000657	0.000657	0.002228	0.002228
1543	31	31	62	0	P1	6	-0.002501	-0.002501	-0.000935	-0.000935
1543	31	31	62	0	P50	7	-0.001774	-0.001867	-0.000207	-0.000300
1543	31	31	62	0	P75	7	-0.000374	-0.000374	0.001195	0.001195
1543	31	31	62	0	P90	8	-0.000833	-0.000833	0.000735	0.000735
1543	31	31	62	0	P95	8	0.000288	0.000288	0.001858	0.001858
1543	31	31	62	0	P99	10	0.002172	0.002172	0.003745	0.003745
1543	31	31	62	0	P999	10	0.002172	0.002172	0.003745	0.003745
1544	31	31	62	0	P1	6	-0.002591	-0.002591	-0.001026	-0.001026
1544	31	31	62	0	P50	7	-0.002223	-0.002311	-0.000656	-0.000745
1544	31	31	62	0	P75	7	-0.000890	-0.000890	0.000679	0.000679
1544	31	31	62	0	P90	7	-0.000089	-0.000089	0.001481	0.001481
1544	31	31	62	0	P95	8	-0.000833	-0.000833	0.000735	0.000735
1544	31	31	62	0	P99	9	0.002871	0.002871	0.000698	0.000698
1544	31	31	62	0	P999	9	0.002871	0.002871	0.000698	0.000698
1545	31	31	62	0	P1	6	-0.002653	-0.002653	-0.001088	-0.001088
1545	31	31	62	0	P50	7	-0.002554	-0.002652	-0.000989	-0.001087
1545	31	31	62	0	P75	7	-0.001081	-0.001081	0.000487	0.000487
1545	31	31	62	0	P90	7	-0.000197	-0.000197	0.001373	0.001373
1545	31	31	62	0	P95	8	-0.001767	-0.001767	-0.000200	-0.000200
1545	31	31	62	0	P99	8	0.001036	0.001036	0.002607	0.002607
1545	31	31	62	0	P999	8	0.001036	0.001036	0.002607	0.002607
1546	31	31	62	0	P1	6	-0.002633	-0.002633	-0.001067	-0.001067
1546	31	31	62	0	P50	7	-0.002240	-0.002347	-0.000674	-0.000781
1546	31	31	62	0	P75	7	-0.000641	-0.000641	0.000928	0.000928
1546	31	31	62	0	P90	8	-0.001300	-0.001300	0.000268	0.000268
1546	31	31	62	0	P95	8	0.000101	0.000101	0.001671	0.001671
1546	31	31	62	0	P99	9	0.002871	0.002871	0.000698	0.000698
1546	31	31	62	0	P999	9	0.002871	0.002871	0.000698	0.000698
1547	31	31	62	1	P1	6	-0.002533	-0.002533	-0.000341	-0.000341
1547	31	31	62	1	P50	610	0.002646	-0.978670	0.000886	-0.978624
1547	31	31	62	1	P75	3299	0.000627	0.000627	0.002532	0.002532
1547	31	31	62	1	P90	3900	0.001487	0.001487	0.003386	0.003386
1547	31	31	62	1	P95	5051	0.000808	0.000808	0.002693	0.002693
1547	31	31	62	1	P99	6776	0.002322	0.002322	0.000450	0.000450
1547	31	31	62	1	P999	6776	0.002322	0.002322	0.000450	0.000450
1548	31	31	62	0	P1	6	-0.002501	-0.002501	-0.000935	-0.000935
1548	31	31	62	0	P50	7	-0.001284	-0.001401	0.000284	0.000167
1548	31	31	62	0	P75	8	-0.000211	-0.000211	0.001359	0.001359
1548	31	31	62	0	P90	10	0.000301	0.000301	0.001871	0.001871
1548	31	31	62	0	P95	11	0.000308	0.000308	0.001879	0.001879
1548	31	31	62	0	P99	68	0.002826	0.002826	0.000653	0.000653
1548	31	31	62	0	P999	68	0.002826	0.002826	0.000653	0.000653
1549	31	31	62	0	P1	6	-0.002591	-0.002591	-0.001026	-0.001026
1549	31	31	62	0	P50	7	-0.001867	-0.001977	-0.000300	-0.000410
1549	31	31	62	0	P75	7	-0.000220	-0.000220	0.001350	0.001350
1549	31	31	62	0	P90	8	0.000568	0.000568	0.002139	0.002139
1549	31	31	62	0	P95	9	0.000624	0.000624	-0.001544	-0.001544
1549	31	31	62	0	P99	9	0.002871	0.002871	0.000698	0.000698
1549	31	31	62	0	P999	9	0.002871	0.002871	0.000698	0.000698
1550	31	31	62	0	P1	6	-0.002529	-0.002529	-0.000963	-0.000963
1550	31	31	62	0	P50	7	-0.001997	-0.002084	-0.000431	-0.000518
1550	31	31	62	0	P75	7	-0.000695	-0.000695	0.000873	0.000873
1550	31	31	62	0	P90	8	-0.002078	-0.002078	-0.000511	-0.000511
1550	31	31	62	0	P95	8	-0.000211	-0.000211	0.001359	0.001359
1550	31	31	62	0	P99	14	0.002116	0.002116	0.003689	0.003689
1550	31	31	62	0	P999	14	0.002116	0.002116	0.003689	0.003689
1551	31	31	62	1	P1	6	-0.002446	-0.002446	-0.001008	-0.001008
1551	31	31	62	1	P50	7	-0.000114	-0.000321	-0.000351	-0.000452
1551	31	31	62	1	P75	7	0.002842	0.002842	0.001165	0.001165
1551	31	31	62	1	P90	8	-0.000458	-0.000458	0.001203	0.001203
1551	31	31	62	1	P95	8	0.000944	0.000944	0.002607	0.002607
1551	31	31	62	1	P99	11	0.000269	0.000269	0.001879	0.001879
1551	31	31	62	1	P999	11	0.000269	0.000269	0.001879	0.001879
1552	31	31	62	0	P1	6	-0.002607	-0.002607	-0.001041	-0.001041
1552	31	31	62	0	P50	7	-0.002344	-0.002431	-0.000778	-0.000865
1552	31	31	62	0	P75	7	-0.001043	-0.001043	0.000525	0.000525
1552	31	31	62	0	P90	7	-0.000261	-0.000261	0.001309	0.001309
1552	31	31	62	0	P95	7	-0.000000	-0.000000	0.001570	0.001570
1552	31	31	62	0	P99	12	0.003013	0.003013	0.000839	0.000839
1552	31	31	62	0	P999	12	0.003013	0.003013	0.000839	0.000839
1553	31	31	62	1	P1	6	-0.003618	-0.003618	-0.000528	-0.000528
1553	31	31	62	1	P50	756	0.000100	-0.043772	0.003109	-0.044470
1553	31	31	62	1	P75	1546	0.002448	0.002448	0.001672	0.001672
1553	31	31	62	1	P90	1869	-0.000379	-0.000379	0.002578	0.002578
1553	31	31	62	1	P95	2292	0.001200	0.001200	0.000403	0.000403
1553	31	31	62	1	P99	3233	0.004876	0.004876	0.000310	0.000310
1553	31	31	62	1	P999	3233	0.004876	0.004876	0.000310	0.000310
1554	31	31	62	1	P1	6	-0.002932	-0.002932	-0.000808	-0.000808
1554	31	31	62	1	P50	737	0.000685	-0.043213	0.002395	-0.045150
1554	31	31	62	1	P75	3305	0.002878	0.002878	0.000712	0.000712
1554	31	31	62	1	P90	5931	0.001291	0.001291	0.002819	0.002819
1554	31	31	62	1	P95	6479	0.002640	0.002640	0.000415	0.000415
1554	31	31	62	1	P99	10458	0.002339	0.002339	0.000073	0.000073
1554	31	31	62	1	P999	10458	0.002339	0.002339	0.000073	0.000073
1555	31	31	62	0	P1	6	-0.002094	-0.002094	-0.000528	-0.000528
1555	31	31	62	0	P50	7	-0.001214	-0.001307	0.000354	0.000260
1555	31	31	62	0	P75	8	-0.001767	-0.001767	-0.000200	-0.000200
1555	31	31	62	0	P90	9	0.001373	0.001373	-0.000797	-0.000797
1555	31	31	62	0	P95	10	0.002172	0.002172	0.003745	0.003745
1555	31	31	62	0	P99	1274	0.002980	0.002980	0.000806	0.000806
1555	31	31	62	0	P999	1274	0.002980	0.002980	0.000806	0.000806
1556	31	31	62	0	P1	6	-0.002607	-0.002607	-0.001041	-0.001041
1556	31	31	62	0	P50	7	-0.002240	-0.002333	-0.000674	-0.000767
1556	31	31	62	0	P75	7	-0.000841	-0.000841	0.000728	0.000728
1556	31	31	62	0	P90	7	-0.000000	-0.000000	0.001570	0.001570
1556	31	31	62	0	P95	8	0.000101	0.000101	0.001671	0.001671
1556	31	31	62	0	P99	929	0.001057	0.001057	0.002629	0.002629
1556	31	31	62	0	P999	929	0.001057	0.001057	0.002629	0.002629
1557	31	31	62	1	P1	6	-0.002878	-0.002878	-0.000860	-0.000860
1557	31	31	62	1	P50	7	-0.000441	-0.000604	-0.000300	-0.000382
1557	31	31	62	1	P75	7	0.001999	0.001999	0.000919	0.000919
1557	31	31	62	1	P90	8	-0.001264	-0.001264	0.000735	0.000735
1557	31	31	62	1	P95	9	0.002448	0.002448	0.000698	0.000698
1557	31	31	62	1	P99	591	0.000955	0.000955	0.002628	0.002628
1557	31	31	62	1	P999	591	0.000955	0.000955	0.002628	0.002628
1558	31	31	62	1	P1	6	-0.002075	-0.002075	-0.000860	-0.000860
1558	31	31	62	1	P50	7	-0.001255	-0.001346	-0.000170	-0.000257
1558	31	31	62	1	P75	7	0.000112	0.000112	0.001134	0.001134
1558	31	31	62	1	P90	8	0.000203	0.000203	0.001359	0.001359
1558	31	31	62	1	P95	469	0.001813	0.001813	0.002086	0.002086
1558	31	31	62	1	P99	3240	0.002033	0.002033	0.001887	0.001887
1558	31	31	62	1	P999	3240	0.002033	0.002033	0.001887	0.001887
1559	31	31	62	1	P1	6	-0.002194	-0.002194	-0.000029	-0.000029
1559	31	31	62	1	P50	2712	0.002237	-0.012638	0.000350	-0.014496
1559	31	31	62	1	P75	3411	0.004692	0.004692	0.002788	0.002788
1559	31	31	62	1	P90	4306	0.003448	0.003448	0.001535	0.001535
1559	31	31	62	1	P95	4766	0.002879	0.002879	0.000962	0.000962
1559	31	31	62	1	P99	12629	0.004053	0.004053	0.002083	0.002083
1559	31	31	62	1	P999	12629	0.004053	0.004053	0.002083	0.002083
1560	31	31	62	0	P1	6	-0.003524	-0.003524	-0.001067	-0.001067
1560	31	31	62	0	P50	7	0.000601	0.000494	-0.000674	-0.000781
1560	31	31	62	0	P75	7	0.002205	0.002205	0.000928	0.000928
1560	31	31	62	0	P90	8	-0.000793	-0.000793	0.001671	0.001671
1560	31	31	62	0	P95	9	0.001975	0.001975	0.000698	0.000698
1560	31	31	62	0	P99	435	0.000119	0.000119	0.002585	0.002585
1560	31	31	62	0	P999	435	0.000119	0.000119	0.002585	0.002585
1561	31	31	62	1	P1	6	-0.000709	-0.000709	-0.000652	-0.000652
1561	31	31	62	1	P50	1794	0.003042	-0.583342	0.002415	-0.581999
1561	31	31	62	1	P75	3936	0.002389	0.002389	0.001669	0.001669
1561	31	31	62	1	P90	5008	0.000773	0.000773	0.000025	0.000025
1561	31	31	62	1	P95	5754	0.000236	0.000236	0.003214	0.003214
1561	31	31	62	1	P99	13887	0.001443	0.001443	0.000573	0.000573
1561	31	31	62	1	P999	13887	0.001443	0.001443	0.000573	0.000573
1562	31	31	62	1	P1	6	-0.003999	-0.003999	-0.000987	-0.000987
1562	31	31	62	1	P50	7	0.000608	0.000488	0.000122	0.000001
1562	31	31	62	1	P75	8	0.000611	0.000611	0.001109	0.001109
1562	31	31	62	1	P90	1169	0.001795	0.001795	0.000846	0.000846
1562	31	31	62	1	P95	2385	0.002762	0.002762	0.001748	0.001748
1562	31	31	62	1	P99	2986	0.002324	0.002324	0.001289	0.001289
1562	31	31	62	1	P999	2986	0.002324	0.002324	0.001289	0.001289
1563	31	31	62	1	P1	6	-0.002864	-0.002864	-0.000987	-0.000987
1563	31	31	62	1	P50	7	-0.000278	-0.000474	0.000198	0.000073
1563	31	31	62	1	P75	8	0.000039	0.000039	0.001858	0.001858
1563	31	31	62	1	P90	981	0.003461	0.003461	0.000493	0.000493
1563	31	31	62	1	P95	1516	0.001897	0.001897	0.002580	0.002580
1563	31	31	62	1	P99	2158	0.000233	0.000233	0.000839	0.000839
1563	31	31	62	1	P999	2158	0.000233	0.000233	0.000839	0.000839
1564	31	31	62	1	P1	6	-0.003098	-0.003098	-0.000935	-0.000935
1564	31	31	62	1	P50	7	0.002403	0.002028	0.001244	0.001082
1564	31	31	62	1	P75	669	0.003829	0.003829	0.002011	0.002011
1564	31	31	62	1	P90	1039	0.000957	0.000957	0.002863	0.002863
1564	31	31	62	1	P95	1202	0.001017	0.001017	0.002916	0.002916
1564	31	31	62	1	P99	3008	0.003319	0.003319	0.001425	0.001425
1564	31	31	62	1	P999	3008	0.003319	0.003319	0.001425	0.001425
1565	31	31	62	1	P1	6	-0.003023	-0.003023	-0.000860	-0.000860
1565	31	31	62	1	P50	7	0.001190	0.001012	0.000359	0.000249
1565	31	31	62	1	P75	356	0.002932	0.002932	0.001147	0.001147
1565	31	31	62	1	P90	1196	0.002285	0.002285	0.000440	0.000440
1565	31	31	62	1	P95	1253	0.004329	0.004329	0.002478	0.002478
1565	31	31	62	1	P99	3096	0.004393	0.004393	0.002495	0.002495
1565	31	31	62	1	P999	3096	0.004393	0.004393	0.002495	0.002495
1566	31	31	62	1	P1	6	-0.001257	-0.001257	-0.000901	-0.000901
1566	31	31	62	1	P50	8	0.001689	0.001065	0.001983	0.001359
1566	31	31	62	1	P75	1371	0.003011	0.003011	0.002189	0.002189
1566	31	31	62	1	P90	2771	0.002231	0.002231	0.001256	0.001256
1566	31	31	62	1	P95	3110	0.002719	0.002719	0.001719	0.001719
1566	31	31	62	1	P99	3966	0.002604	0.002604	0.001551	0.001551
1566	31	31	62	1	P999	3966	0.002604	0.002604	0.001551	0.001551
1567	31	31	62	1	P1	6	-0.001076	-0.001076	-0.000808	-0.000808
1567	31	31	62	1	P50	7	0.000589	0.000464	0.000821	0.000697
1567	31	31	62	1	P75	385	0.002031	0.002031	0.001332	0.001332
1567	31	31	62	1	P90	618	-0.000123	-0.000123	0.002812	0.002812
1567	31	31	62	1	P95	757	-0.001101	-0.001101	0.001784	0.001784
1567	31	31	62	1	P99	1381	-0.000349	-0.000349	0.002398	0.002398
1567	31	31	62	1	P999	1381	-0.000349	-0.000349	0.002398	0.002398
1568	31	31	62	1	P1	6	-0.001304	-0.001304	-0.000029	-0.000029
1568	31	31	62	1	P50	1338	0.003136	-0.950515	0.000385	-0.950643
1568	31	31	62	1	P75	1620	0.000658	0.000658	0.001641	0.001641
1568	31	31	62	1	P90	1831	-0.000288	-0.000288	0.000688	0.000688
1568	31	31	62	1	P95	2048	-0.000145	-0.000145	0.000825	0.000825
1568	31	31	62	1	P99	2956	0.002964	0.002964	0.000172	0.000172
1568	31	31	62	1	P999	2956	0.002964	0.002964	0.000172	0.000172
1569	31	31	62	1	P1	5	0.001315	0.001315	0.001625	0.001625
1569	31	31	62	1	P50	7	-0.000485	-0.000581	-0.000253	-0.000348
1569	31	31	62	1	P75	7	0.000953	0.000953	0.001186	0.001186
1569	31	31	62	1	P90	8	-0.000802	-0.000802	0.000565	0.000565
1569	31	31	62	1	P95	8	0.000801	0.000801	0.001586	0.001586
1569	31	31	62	1	P99	8	0.002406	0.002406	0.002607	0.002607
1569	31	31	62	1	P999	8	0.002406	0.002406	0.002607	0.002607
1570	31	31	62	1	P1	6	-0.003072	-0.003072	-0.001055	-0.001055
1570	31	31	62	1	P50	7	-0.000441	-0.000690	-0.000470	-0.000584
1570	31	31	62	1	P75	7	0.002678	0.002678	0.001229	0.001229
1570	31	31	62	1	P90	8	-0.001094	-0.001094	0.000905	0.000905
1570	31	31	62	1	P95	8	-0.000075	-0.000075	0.001926	0.001926
1570	31	31	62	1	P99	9	0.002448	0.002448	0.000698	0.000698
1570	31	31	62	1	P999	9	0.002448	0.002448	0.000698	0.000698
1571	31	31	62	1	P1	6	-0.003025	-0.003025	-0.001008	-0.001008
1571	31	31	62	1	P50	7	-0.000441	-0.000649	-0.000444	-0.000540
1571	31	31	62	1	P75	7	0.002231	0.002231	0.000994	0.000994
1571	31	31	62	1	P90	8	-0.001531	-0.001531	0.000468	0.000468
1571	31	31	62	1	P95	8	0.000070	0.000070	0.002072	0.002072
1571	31	31	62	1	P99	14	0.001727	0.001727	0.003689	0.003689
1571	31	31	62	1	P999	14	0.001727	0.001727	0.003689	0.003689
1572	31	31	62	0	P1	6	-0.003483	-0.003483	-0.001026	-0.001026
1572	31	31	62	0	P50	7	0.000922	0.000815	-0.000354	-0.000461
1572	31	31	62	0	P75	7	0.002527	0.002527	0.001249	0.001249
1572	31	31	62	0	P90	8	-0.000393	-0.000393	0.002072	0.002072
1572	31	31	62	0	P95	9	0.000727	0.000727	-0.000548	-0.000548
1572	31	31	62	0	P99	14	0.001220	0.001220	0.003689	0.003689
1572	31	31	62	0	P999	14	0.001220	0.001220	0.003689	0.003689
1573	31	31	62	0	P1	6	0.000056	0.000056	-0.001078	-0.001078
1573	31	31	62	0	P50	7	0.000483	0.000367	-0.000651	-0.000767
1573	31	31	62	0	P75	7	0.002238	0.002238	0.001102	0.001102
1573	31	31	62	0	P90	8	-0.001401	-0.001401	0.001203	0.001203
1573	31	31	62	0	P95	8	-0.000000	-0.000000	0.002607	0.002607
1573	31	31	62	0	P99	10	0.001135	0.001135	0.003745	0.003745
1573	31	31	62	0	P999	10	0.001135	0.001135	0.003745	0.003745
1574	31	31	62	0	P1	6	-0.002607	-0.002607	-0.001041	-0.001041
1574	31	31	62	0	P50	7	-0.002162	-0.002260	-0.000595	-0.000694
1574	31	31	62	0	P75	7	-0.000688	-0.000688	0.000880	0.000880
1574	31	31	62	0	P90	8	-0.001456	-0.001456	0.000112	0.000112
1574	31	31	62	0	P95	8	0.000412	0.000412	0.001983	0.001983
1574	31	31	62	0	P99	10	0.002172	0.002172	0.003745	0.003745
1574	31	31	62	0	P999	10	0.002172	0.002172	0.003745	0.003745
1575	31	31	62	1	P1	6	-0.002274	-0.002274	-0.000341	-0.000341
1575	31	31	62	1	P50	349	0.000752	-0.959812	0.002318	-0.959737
1575	31	31	62	1	P75	1159	0.000507	0.000507	0.001963	0.001963
1575	31	31	62	1	P90	3076	0.000132	0.000132	0.001498	0.001498
1575	31	31	62	1	P95	3528	0.001349	0.001349	0.002704	0.002704
1575	31	31	62	1	P99	6289	0.002718	0.002718	0.000276	0.000276
1575	31	31	62	1	P999	6289	0.002718	0.002718	0.000276	0.000276
1576	31	31	62	1	P1	6	-0.002759	-0.002759	-0.000741	-0.000741
1576	31	31	62	1	P50	8	-0.001264	-0.001731	0.000735	0.000268
1576	31	31	62	1	P75	10	-0.000736	-0.000736	0.001247	0.001247
1576	31	31	62	1	P90	18	0.000875	0.000875	0.002815	0.002815
1576	31	31	62	1	P95	89	0.002584	0.002584	0.000657	0.000657
1576	31	31	62	1	P99	199	0.001637	0.001637	0.003394	0.003394
1576	31	31	62	1	P999	199	0.001637	0.001637	0.003394	0.003394
1577	31	31	62	1	P1	6	-0.002981	-0.002981	-0.000963	-0.000963
1577	31	31	62	1	P50	7	0.002053	0.001741	0.000946	0.000790
1577	31	31	62	1	P75	8	-0.000564	-0.000564	0.001437	0.001437
1577	31	31	62	1	P90	9	0.002448	0.002448	0.000698	0.000698
1577	31	31	62	1	P95	12	0.002612	0.002612	0.000839	0.000839
1577	31	31	62	1	P99	94	0.004004	0.004004	0.002070	0.002070
1577	31	31	62	1	P999	94	0.004004	0.004004	0.002070	0.002070
1578	31	31	62	0	P1	6	-0.002467	-0.002467	-0.000901	-0.000901
1578	31	31	62	0	P50	7	-0.001573	-0.001671	-0.000005	-0.000104
1578	31	31	62	0	P75	7	-0.000098	-0.000098	0.001471	0.001471
1578	31	31	62	0	P90	8	0.000016	0.000016	0.001586	0.001586
1578	31	31	62	0	P95	8	0.001036	0.001036	0.002607	0.002607
1578	31	31	62	0	P99	24	0.001385	0.001385	0.002957	0.002957
1578	31	31	62	0	P999	24	0.001385	0.001385	0.002957	0.002957
1579	31	31	62	1	P1	6	-0.003025	-0.003025	-0.001008	-0.001008
1579	31	31	62	1	P50	7	-0.000638	-0.000834	-0.000247	-0.000354
1579	31	31	62	1	P75	7	0.002834	0.002834	0.001356	0.001356
1579	31	31	62	1	P90	8	-0.001120	-0.001120	0.000879	0.000879
1579	31	31	62	1	P95	8	-0.000258	-0.000258	0.001743	0.001743
1579	31	31	62	1	P99	8	0.000605	0.000605	0.002607	0.002607
1579	31	31	62	1	P999	8	0.000605	0.000605	0.002607	0.002607
1580	31	31	62	0	P1	6	-0.002633	-0.002633	-0.001067	-0.001067
1580	31	31	62	0	P50	7	-0.002100	-0.002217	-0.000534	-0.000651
1580	31	31	62	0	P75	7	-0.000350	-0.000350	0.001219	0.001219
1580	31	31	62	0	P90	8	-0.000833	-0.000833	0.000735	0.000735
1580	31	31	62	0	P95	8	0.000101	0.000101	0.001671	0.001671
1580	31	31	62	0	P99	8	0.001036	0.001036	0.002607	0.002607
1580	31	31	62	0	P999	8	0.001036	0.001036	0.002607	0.002607
1581	31	31	62	1	P1	6	-0.003095	-0.003095	-0.001078	-0.001078
1581	31	31	62	1	P50	7	-0.001479	-0.001686	-0.000923	-0.001019
1581	31	31	62	1	P75	7	0.001340	0.001340	0.000514	0.000514
1581	31	31	62	1	P90	7	0.002945	0.002945	0.001378	0.001378
1581	31	31	62	1	P95	8	-0.001264	-0.001264	0.000735	0.000735
1581	31	31	62	1	P99	11	0.003647	0.003647	0.001879	0.001879
1581	31	31	62	1	P999	11	0.003647	0.003647	0.001879	0.001879
1582	31	31	62	0	P1	6	-0.002529	-0.002529	-0.000963	-0.000963
1582	31	31	62	0	P50	7	-0.002145	-0.002224	-0.000579	-0.000658
1582	31	31	62	0	P75	7	-0.000954	-0.000954	0.000614	0.000614
1582	31	31	62	0	P90	7	-0.000239	-0.000239	0.001331	0.001331
1582	31	31	62	0	P95	7	-0.000000	-0.000000	0.001570	0.001570
1582	31	31	62	0	P99	8	0.001036	0.001036	0.002607	0.002607
1582	31	31	62	0	P999	8	0.001036	0.001036	0.002607	0.002607
1583	31	31	62	1	P1	6	0.000863	0.000863	-0.000029	-0.000029
1583	31	31	62	1	P50	701	0.001922	-0.090886	0.000141	-0.092486
1583	31	31	62	1	P75	1360	0.000931	0.000931	0.002770	0.002770
1583	31	31	62	1	P90	5687	0.002141	0.002141	0.003715	0.003715
1583	31	31	62	1	P95	6414	0.001477	0.001477	0.003027	0.003027
1583	31	31	62	1	P99	8412	-0.000517	-0.000517	0.000980	0.000980
1583	31	31	62	1	P999	8412	-0.000517	-0.000517	0.000980	0.000980
1584	31	31	62	1	P1	6	-0.002023	-0.002023	-0.000808	-0.000808
1584	31	31	62	1	P50	8	-0.001913	-0.121384	-0.000760	-0.123627
1584	31	31	62	1	P75	9	0.002063	0.002063	-0.000548	-0.000548
1584	31	31	62	1	P90	12	0.003517	0.003517	0.000839	0.000839
1584	31	31	62	1	P95	93	0.000927	0.000927	0.001551	0.001551
1584	31	31	62	1	P99	2342	0.001326	0.001326	0.001251	0.001251
1584	31	31	62	1	P999	2342	0.001326	0.001326	0.001251	0.001251
1585	31	31	62	0	P1	6	-0.002425	-0.002425	-0.000860	-0.000860
1585	31	31	62	0	P50	7	-0.001209	-0.001318	0.000359	0.000249
1585	31	31	62	0	P75	8	-0.001207	-0.001207	0.000361	0.000361
1585	31	31	62	0	P90	9	0.001373	0.001373	-0.000797	-0.000797
1585	31	31	62	0	P95	47	0.002126	0.002126	0.003699	0.003699
1585	31	31	62	0	P99	1945	0.002267	0.002267	0.000095	0.000095
1585	31	31	62	0	P999	1945	0.002267	0.002267	0.000095	0.000095
1586	31	31	62	1	P1	6	-0.002953	-0.002953	-0.000935	-0.000935
1586	31	31	62	1	P50	7	-0.000067	-0.000254	-0.000157	-0.000253
1586	31	31	62	1	P75	7	0.002740	0.002740	0.001282	0.001282
1586	31	31	62	1	P90	8	-0.000642	-0.000642	0.001359	0.001359
1586	31	31	62	1	P95	8	0.000605	0.000605	0.002607	0.002607
1586	31	31	62	1	P99	901	0.001689	0.001689	0.003331	0.003331
1586	31	31	62	1	P999	901	0.001689	0.001689	0.003331	0.003331
1587	31	31	62	1	P1	6	-0.003059	-0.003059	-0.001041	-0.001041
1587	31	31	62	1	P50	7	-0.000661	-0.000881	-0.000300	-0.000417
1587	31	31	62	1	P75	7	0.003052	0.003052	0.001453	0.001453
1587	31	31	62	1	P90	8	0.000605	0.000605	0.002607	0.002607
1587	31	31	62	1	P95	9	0.002448	0.002448	0.000698	0.000698
1587	31	31	62	1	P99	536	0.001443	0.001443	0.003124	0.003124
1587	31	31	62	1	P999	536	0.001443	0.001443	0.003124	0.003124
1588	31	31	62	0	P1	6	-0.002529	-0.002529	-0.000963	-0.000963
1588	31	31	62	0	P50	7	-0.001819	-0.001915	-0.000253	-0.000348
1588	31	31	62	0	P75	7	-0.000383	-0.000383	0.001186	0.001186
1588	31	31	62	0	P90	8	0.000412	0.000412	0.001983	0.001983
1588	31	31	62	0	P95	9	0.002871	0.002871	0.000698	0.000698
1588	31	31	62	0	P99	535	0.003424	0.003424	0.001250	0.001250
1588	31	31	62	0	P999	535	0.003424	0.003424	0.001250	0.001250
1589	31	31	62	1	P1	6	-0.001977	-0.001977	-0.000528	-0.000528
1589	31	31	62	1	P50	8	-0.001288	-0.121595	-0.000387	-0.123627
1589	31	31	62	1	P75	1657	-0.000846	-0.000846	0.003360	0.003360
1589	31	31	62	1	P90	3124	0.000614	0.000614	0.000965	0.000965
1589	31	31	62	1	P95	4165	0.000886	0.000886	0.001186	0.001186
1589	31	31	62	1	P99	7234	0.002128	0.002128	0.002331	0.002331
1589	31	31	62	1	P999	7234	0.002128	0.002128	0.002331	0.002331
1590	31	31	62	1	P1	6	0.001850	0.001850	0.002466	0.002466
1590	31	31	62	1	P50	643	0.004572	-0.088482	0.000531	-0.088732
1590	31	31	62	1	P75	4010	0.002381	0.002381	0.001732	0.001732
1590	31	31	62	1	P90	5491	0.002111	0.002111	0.001402	0.001402
1590	31	31	62	1	P95	6735	-0.000210	-0.000210	0.002785	0.002785
1590	31	31	62	1	P99	11531	0.000440	0.000440	0.003332	0.003332
1590	31	31	62	1	P999	11531	0.000440	0.000440	0.003332	0.003332
1591	31	31	62	1	P1	6	-0.001962	-0.001962	-0.001026	-0.001026
1591	31	31	62	1	P50	7	0.003147	0.002897	0.001362	0.001154
1591	31	31	62	1	P75	143	-0.000377	-0.000377	0.001171	0.001171
1591	31	31	62	1	P90	577	0.002799	0.002799	0.000433	0.000433
1591	31	31	62	1	P95	705	0.000576	0.000576	0.001929	0.001929
1591	31	31	62	1	P99	865	0.001658	0.001658	0.002988	0.002988
1591	31	31	62	1	P999	865	0.001658	0.001658	0.002988	0.002988
1592	31	31	62	1	P1	6	0.000269	0.000269	-0.000528	-0.000528
1592	31	31	62	1	P50	521	0.002549	-0.037838	0.001601	-0.035147
1592	31	31	62	1	P75	3368	0.001529	0.001529	0.000519	0.000519
1592	31	31	62	1	P90	4197	0.002026	0.002026	0.001008	0.001008
1592	31	31	62	1	P95	4917	0.000695	0.000695	0.001544	0.001544
1592	31	31	62	1	P99	6320	0.000126	0.000126	0.002838	0.002838
1592	31	31	62	1	P999	6320	0.000126	0.000126	0.002838	0.002838
1593	31	31	62	1	P1	6	-0.003182	-0.003182	-0.001008	-0.001008
1593	31	31	62	1	P50	7	0.001139	0.001022	-0.000067	-0.000184
1593	31	31	62	1	P75	8	-0.003038	-0.003038	-0.000511	-0.000511
1593	31	31	62	1	P90	628	0.002974	0.002974	0.001709	0.001709
1593	31	31	62	1	P95	923	0.002900	0.002900	0.001630	0.001630
1593	31	31	62	1	P99	1203	0.003355	0.003355	0.002082	0.002082
1593	31	31	62	1	P999	1203	0.003355	0.003355	0.002082	0.002082
1594	31	31	62	1	P1	6	-0.001554	-0.001554	-0.000860	-0.000860
1594	31	31	62	1	P50	7	0.000898	0.000736	0.001570	0.001407
1594	31	31	62	1	P75	296	0.002475	0.002475	0.002561	0.002561
1594	31	31	62	1	P90	733	0.004161	0.004161	0.000359	0.000359
1594	31	31	62	1	P95	1053	0.000800	0.000800	0.000688	0.000688
1594	31	31	62	1	P99	1591	0.003064	0.003064	0.002887	0.002887
1594	31	31	62	1	P999	1591	0.003064	0.003064	0.002887	0.002887
1595	31	31	62	1	P1	6	-0.002386	-0.002386	-0.000652	-0.000652
1595	31	31	62	1	P50	3371	0.002432	-0.997027	0.003372	-0.997022
1595	31	31	62	1	P75	4849	0.001496	0.001496	0.002389	0.002389
1595	31	31	62	1	P90	7347	0.000942	0.000942	0.001782	0.001782
1595	31	31	62	1	P95	7837	-0.000069	-0.000069	0.000762	0.000762
1595	31	31	62	1	P99	9278	-0.000630	-0.000630	0.000180	0.000180
1595	31	31	62	1	P999	9278	-0.000630	-0.000630	0.000180	0.000180
1596	31	31	62	1	P1	6	-0.003005	-0.003005	-0.000987	-0.000987
1596	31	31	62	1	P50	7	-0.000279	-0.000441	-0.000437	-0.000528
1596	31	31	62	1	P75	7	0.002162	0.002162	0.000931	0.000931
1596	31	31	62	1	P90	8	-0.001886	-0.001886	0.000112	0.000112
1596	31	31	62	1	P95	8	-0.000019	-0.000019	0.001983	0.001983
1596	31	31	62	1	P99	10	0.001757	0.001757	0.003745	0.003745
1596	31	31	62	1	P999	10	0.001757	0.001757	0.003745	0.003745
1597	31	31	62	1	P1	6	-0.001804	-0.001804	-0.001097	-0.001097
1597	31	31	62	1	P50	7	-0.000089	-0.000339	-0.000994	-0.001101
1597	31	31	62	1	P75	7	0.002969	0.002969	0.000607	0.000607
1597	31	31	62	1	P90	7	0.004658	0.004658	0.001570	0.001570
1597	31	31	62	1	P95	8	0.001986	0.001986	0.002607	0.002607
1597	31	31	62	1	P99	11	0.001355	0.001355	0.001879	0.001879
1597	31	31	62	1	P999	11	0.001355	0.001355	0.001879	0.001879
1598	31	31	62	1	P1	6	-0.001169	-0.001169	-0.000901	-0.000901
1598	31	31	62	1	P50	7	-0.000346	-0.000440	-0.000114	-0.000207
1598	31	31	62	1	P75	7	0.001056	0.001056	0.001289	0.001289
1598	31	31	62	1	P90	8	-0.000090	-0.000090	0.001109	0.001109
1598	31	31	62	1	P95	8	0.001781	0.001781	0.002232	0.002232
1598	31	31	62	1	P99	15	0.001919	0.001919	0.001975	0.001975
1598	31	31	62	1	P999	15	0.001919	0.001919	0.001975	0.001975
1599	31	31	62	1	P1	6	-0.001775	-0.001775	-0.001067	-0.001067
1599	31	31	62	1	P50	7	-0.000452	-0.000622	-0.000755	-0.000856
1599	31	31	62	1	P75	7	0.002656	0.002656	0.000761	0.000761
1599	31	31	62	1	P90	8	-0.004735	-0.004735	-0.000511	-0.000511
1599	31	31	62	1	P95	8	-0.002500	-0.002500	0.001359	0.001359
1599	31	31	62	1	P99	9	0.000113	0.000113	0.000698	0.000698
1599	31	31	62	1	P999	9	0.000113	0.000113	0.000698	0.000698
1600	31	31	62	1	P1	6	-0.002193	-0.002193	-0.001041	-0.001041
1600	31	31	62	1	P50	7	-0.001777	-0.001873	-0.000636	-0.000732
1600	31	31	62	1	P75	7	-0.000341	-0.000341	0.000802	0.000802
1600	31	31	62	1	P90	8	-0.001020	-0.001020	0.000112	0.000112
1600	31	31	62	1	P95	9	-0.000426	-0.000426	0.000698	0.000698
1600	31	31	62	1	P99	1536	0.003686	0.003686	0.000684	0.000684
1600	31	31	62	1	P999	1536	0.003686	0.003686	0.000684	0.000684
1601	31	31	62	1	P1	6	-0.001335	-0.001335	-0.000341	-0.000341
1601	31	31	62	1	P50	1724	0.000681	-0.418055	0.001096	-0.417781
1601	31	31	62	1	P75	2817	0.003122	0.003122	0.003487	0.003487
1601	31	31	62	1	P90	3333	0.003147	0.003147	0.003495	0.003495
1601	31	31	62	1	P95	3755	-0.000185	-0.000185	0.000151	0.000151
1601	31	31	62	1	P99	9570	0.002598	0.002598	0.002838	0.002838
1601	31	31	62	1	P999	9570	0.002598	0.002598	0.002838	0.002838
1602	31	31	62	1	P1	6	0.000822	0.000822	-0.000341	-0.000341
1602	31	31	62	1	P50	1010	0.002455	-0.991073	0.001264	-0.991083
1602	31	31	62	1	P75	1623	0.002854	0.002854	0.001660	0.001660
1602	31	31	62	1	P90	1876	0.000027	0.000027	0.000705	0.000705
1602	31	31	62	1	P95	2301	0.001415	0.001415	0.000222	0.000222
1602	31	31	62	1	P99	2650	0.002244	0.002244	0.001049	0.001049
1602	31	31	62	1	P999	2650	0.002244	0.002244	0.001049	0.001049
1603	31	31	62	1	P1	6	-0.000092	-0.000092	-0.000029	-0.000029
1603	31	31	62	1	P50	489	0.001904	-0.294965	0.001443	-0.295260
1603	31	31	62	1	P75	996	0.000815	0.000815	0.000270	0.000270
1603	31	31	62	1	P90	1121	0.002217	0.002217	0.001657	0.001657
1603	31	31	62	1	P95	1239	0.003073	0.003073	0.002500	0.002500
1603	31	31	62	1	P99	1349	0.000254	0.000254	0.003417	0.003417
1603	31	31	62	1	P999	1349	0.000254	0.000254	0.003417	0.003417
1604	31	31	62	0	P1	6	-0.002633	-0.002633	-0.001067	-0.001067
1604	31	31	62	0	P50	7	-0.002393	-0.002489	-0.000827	-0.000923
1604	31	31	62	0	P75	7	-0.000958	-0.000958	0.000610	0.000610
1604	31	31	62	0	P90	7	-0.000096	-0.000096	0.001474	0.001474
1604	31	31	62	0	P95	8	-0.000833	-0.000833	0.000735	0.000735
1604	31	31	62	0	P99	10	0.002172	0.002172	0.003745	0.003745
1604	31	31	62	0	P999	10	0.002172	0.002172	0.003745	0.003745
1605	31	31	62	1	P1	6	-0.002878	-0.002878	-0.000860	-0.000860
1605	31	31	62	1	P50	7	-0.000234	-0.000441	-0.000020	-0.000114
1605	31	31	62	1	P75	7	0.002886	0.002886	0.001383	0.001383
1605	31	31	62	1	P90	8	-0.000953	-0.000953	0.001047	0.001047
1605	31	31	62	1	P95	8	-0.000019	-0.000019	0.001983	0.001983
1605	31	31	62	1	P99	256	0.003972	0.003972	0.001961	0.001961
1605	31	31	62	1	P999	256	0.003972	0.003972	0.001961	0.001961
1606	31	31	62	1	P1	131	0.002628	0.002628	0.002848	0.002848
1606	31	31	62	1	P50	706	0.000777	-0.006679	0.000510	-0.006942
1606	31	31	62	1	P75	840	-0.001013	-0.001013	0.002410	0.002410
1606	31	31	62	1	P90	1205	0.000841	0.000841	0.000419	0.000419
1606	31	31	62	1	P95	3022	0.001208	0.001208	0.000518	0.000518
1606	31	31	62	1	P99	10776	0.001081	0.001081	0.000023	0.000023
1606	31	31	62	1	P999	10776	0.001081	0.001081	0.000023	0.000023
1607	31	31	62	1	P1	6	-0.002218	-0.002218	-0.000528	-0.000528
1607	31	31	62	1	P50	9	0.001013	0.000764	-0.001046	-0.001295
1607	31	31	62	1	P75	11	0.000205	0.000205	0.001879	0.001879
1607	31	31	62	1	P90	84	0.000808	0.000808	0.002410	0.002410
1607	31	31	62	1	P95	100	0.002147	0.002147	0.003745	0.003745
1607	31	31	62	1	P99	2509	0.001916	0.001916	0.003398	0.003398
1607	31	31	62	1	P999	2509	0.001916	0.001916	0.003398	0.003398
1608	31	31	62	1	P1	6	-0.002012	-0.002012	-0.000860	-0.000860
1608	31	31	62	1	P50	8	-0.000024	-0.000398	0.001109	0.000735
1608	31	31	62	1	P75	9	0.000322	0.000322	-0.000299	-0.000299
1608	31	31	62	1	P90	12	-0.000264	-0.000264	0.000839	0.000839
1608	31	31	62	1	P95	71	0.001366	0.001366	0.002338	0.002338
1608	31	31	62	1	P99	1957	0.000696	0.000696	0.001422	0.001422
1608	31	31	62	1	P999	1957	0.000696	0.000696	0.001422	0.001422
1609	31	31	62	0	P1	6	-0.002425	-0.002425	-0.000860	-0.000860
1609	31	31	62	0	P50	7	-0.001690	-0.001778	-0.000122	-0.000211
1609	31	31	62	0	P75	7	-0.000356	-0.000356	0.001213	0.001213
1609	31	31	62	0	P90	8	0.000412	0.000412	0.001983	0.001983
1609	31	31	62	0	P95	12	0.003013	0.003013	0.000839	0.000839
1609	31	31	62	0	P99	645	0.003338	0.003338	0.001164	0.001164
1609	31	31	62	0	P999	645	0.003338	0.003338	0.001164	0.001164
1610	31	31	62	1	P1	6	-0.002235	-0.002235	-0.001008	-0.001008
1610	31	31	62	1	P50	7	-0.001706	-0.001799	-0.000487	-0.000581
1610	31	31	62	1	P75	7	-0.000306	-0.000306	0.000915	0.000915
1610	31	31	62	1	P90	8	-0.000477	-0.000477	0.000735	0.000735
1610	31	31	62	1	P95	10	0.002543	0.002543	0.003745	0.003745
1610	31	31	62	1	P99	461	0.003377	0.003377	0.000599	0.000599
1610	31	31	62	1	P999	461	0.003377	0.003377	0.000599	0.000599
1611	31	31	62	1	P1	1682	0.002849	0.002849	0.003337	0.003337
1611	31	31	62	1	P50	4878	0.003507	-0.007684	0.000161	-0.007288
1611	31	31	62	1	P75	6556	0.003184	0.003184	0.003559	0.003559
1611	31	31	62	1	P90	7086	0.000204	0.000204	0.000572	0.000572
1611	31	31	62	1	P95	7813	-0.000269	-0.000269	0.000091	0.000091
1611	31	31	62	1	P99	18943	0.003801	0.003801	0.000342	0.000342
1611	31	31	62	1	P999	18943	0.003801	0.003801	0.000342	0.000342
1612	31	31	62	1	P1	6	-0.002279	-0.002279	-0.000901	-0.000901
1612	31	31	62	1	P50	7	-0.001125	-0.001235	0.000249	0.000139
1612	31	31	62	1	P75	8	-0.000635	-0.000635	0.000735	0.000735
1612	31	31	62	1	P90	399	0.001756	0.001756	0.002997	0.002997
1612	31	31	62	1	P95	1077	0.003118	0.003118	0.000580	0.000580
1612	31	31	62	1	P99	1187	0.003058	0.003058	0.000517	0.000517
1612	31	31	62	1	P999	1187	0.003058	0.003058	0.000517	0.000517
1613	31	31	62	1	P1	6	-0.001793	-0.001793	-0.000652	-0.000652
1613	31	31	62	1	P50	1788	0.001317	-0.782137	0.002027	-0.782771
1613	31	31	62	1	P75	6329	-0.001069	-0.001069	-0.000457	-0.000457
1613	31	31	62	1	P90	6884	0.002725	0.002725	0.003332	0.003332
1613	31	31	62	1	P95	7269	-0.001231	-0.001231	-0.000629	-0.000629
1613	31	31	62	1	P99	10399	0.001420	0.001420	0.001995	0.001995
1613	31	31	62	1	P999	10399	0.001420	0.001420	0.001995	0.001995
1614	31	31	62	1	P1	6	-0.000913	-0.000913	-0.001055	-0.001055
1614	31	31	62	1	P50	7	-0.000125	-0.000249	-0.000300	-0.000425
1614	31	31	62	1	P75	7	0.001746	0.001746	0.001570	0.001570
1614	31	31	62	1	P90	10	0.000253	0.000253	0.002495	0.002495
1614	31	31	62	1	P95	698	0.001866	0.001866	0.000692	0.000692
1614	31	31	62	1	P99	2325	-0.001245	-0.001245	0.001060	0.001060
1614	31	31	62	1	P999	2325	-0.001245	-0.001245	0.001060	0.001060
1615	31	31	62	1	P1	6	-0.002461	-0.002461	-0.000963	-0.000963
1615	31	31	62	1	P50	7	0.000246	0.000090	-0.000431	-0.000518
1615	31	31	62	1	P75	7	0.002585	0.002585	0.000873	0.000873
1615	31	31	62	1	P90	8	-0.001348	-0.001348	0.000112	0.000112
1615	31	31	62	1	P95	9	-0.000746	-0.000746	0.000698	0.000698
1615	31	31	62	1	P99	1520	-0.000794	-0.000794	0.003686	0.003686
1615	31	31	62	1	P999	1520	-0.000794	-0.000794	0.003686	0.003686
1616	31	31	62	1	P1	6	-0.000514	-0.000514	-0.000741	-0.000741
1616	31	31	62	1	P50	535	0.001514	-0.027992	0.001250	-0.024609
1616	31	31	62	1	P75	2865	0.001816	0.001816	0.001538	0.001538
1616	31	31	62	1	P90	4184	0.000653	0.000653	0.000372	0.000372
1616	31	31	62	1	P95	4597	-0.000034	-0.000034	0.003429	0.003429
1616	31	31	62	1	P99	6210	0.001988	0.001988	0.001704	0.001704
1616	31	31	62	1	P999	6210	0.001988	0.001988	0.001704	0.001704
1617	31	31	62	1	P1	6	-0.002618	-0.002618	-0.001041	-0.001041
1617	31	31	62	1	P50	7	0.001308	0.001209	-0.000595	-0.000694
1617	31	31	62	1	P75	7	0.002787	0.002787	0.000880	0.000880
1617	31	31	62	1	P90	8	0.000806	0.000806	0.000361	0.000361
1617	31	31	62	1	P95	8	0.004555	0.004555	0.002607	0.002607
1617	31	31	62	1	P99	580	-0.001612	-0.001612	0.002726	0.002726
1617	31	31	62	1	P999	580	-0.001612	-0.001612	0.002726	0.002726
1618	31	31	62	1	P1	6	-0.002599	-0.002599	-0.001026	-0.001026
1618	31	31	62	1	P50	7	0.001416	0.001317	-0.000497	-0.000595
1618	31	31	62	1	P75	7	0.002895	0.002895	0.000979	0.000979
1618	31	31	62	1	P90	8	0.001743	0.001743	0.000735	0.000735
1618	31	31	62	1	P95	8	0.004556	0.004556	0.002607	0.002607
1618	31	31	62	1	P99	501	-0.001263	-0.001263	0.003370	0.003370
1618	31	31	62	1	P999	501	-0.001263	-0.001263	0.003370	0.003370
1619	31	31	62	1	P1	6	-0.003230	-0.003230	-0.000935	-0.000935
1619	31	31	62	1	P50	7	0.002228	0.002084	0.000850	0.000706
1619	31	31	62	1	P75	432	0.003729	0.003729	0.002028	0.002028
1619	31	31	62	1	P90	705	0.003668	0.003668	0.001929	0.001929
1619	31	31	62	1	P95	943	0.000639	0.000639	0.002623	0.002623
1619	31	31	62	1	P99	1299	0.001846	0.001846	0.000063	0.000063
1619	31	31	62	1	P999	1299	0.001846	0.001846	0.000063	0.000063
1620	31	31	62	1	P1	6	-0.002025	-0.002025	-0.000652	-0.000652
1620	31	31	62	1	P50	988	0.000260	-0.529953	0.000859	-0.529618
1620	31	31	62	1	P75	1311	0.001526	0.001526	0.002083	0.002083
1620	31	31	62	1	P90	1425	0.000391	0.000391	0.000935	0.000935
1620	31	31	62	1	P95	1474	0.000230	0.000230	0.000769	0.000769
1620	31	31	62	1	P99	2682	-0.000188	-0.000188	0.000259	0.000259
1620	31	31	62	1	P999	2682	-0.000188	-0.000188	0.000259	0.000259
1621	31	31	62	1	P1	6	-0.002166	-0.002166	-0.000901	-0.000901
1621	31	31	62	1	P50	1325	-0.001210	-0.993185	0.002676	-0.993203
1621	31	31	62	1	P75	1846	-0.000071	-0.000071	0.000005	0.000005
1621	31	31	62	1	P90	2008	-0.000068	-0.000068	-0.000009	-0.000009
1621	31	31	62	1	P95	2077	-0.000205	-0.000205	-0.000153	-0.000153
1621	31	31	62	1	P99	3337	0.002340	0.002340	0.002292	0.002292
1621	31	31	62	1	P999	3337	0.002340	0.002340	0.002292	0.002292
1622	31	31	62	1	P1	6	-0.003005	-0.003005	-0.000987	-0.000987
1622	31	31	62	1	P50	7	-0.000797	-0.000975	-0.000394	-0.000487
1622	31	31	62	1	P75	7	0.002119	0.002119	0.001008	0.001008
1622	31	31	62	1	P90	8	-0.001731	-0.001731	0.000268	0.000268
1622	31	31	62	1	P95	8	-0.000330	-0.000330	0.001671	0.001671
1622	31	31	62	1	P99	9	0.002448	0.002448	0.000698	0.000698
1622	31	31	62	1	P999	9	0.002448	0.002448	0.000698	0.000698
1623	31	31	62	1	P1	6	-0.003085	-0.003085	-0.001067	-0.001067
1623	31	31	62	1	P50	7	-0.001271	-0.001479	-0.000674	-0.000781
1623	31	31	62	1	P75	7	0.001980	0.001980	0.000928	0.000928
1623	31	31	62	1	P90	8	-0.000891	-0.000891	0.001109	0.001109
1623	31	31	62	1	P95	9	0.002448	0.002448	0.000698	0.000698
1623	31	31	62	1	P99	13	0.001070	0.001070	0.003036	0.003036
1623	31	31	62	1	P999	13	0.001070	0.001070	0.003036	0.003036
1624	31	31	62	0	P1	6	-0.002684	-0.002684	-0.001119	-0.001119
1624	31	31	62	0	P50	7	-0.002737	-0.002862	-0.001172	-0.001296
1624	31	31	62	0	P75	7	-0.000872	-0.000872	0.000697	0.000697
1624	31	31	62	0	P90	8	-0.001207	-0.001207	0.000361	0.000361
1624	31	31	62	0	P95	8	0.001036	0.001036	0.002607	0.002607
1624	31	31	62	0	P99	11	0.000308	0.000308	0.001879	0.001879
1624	31	31	62	0	P999	11	0.000308	0.000308	0.001879	0.001879
1625	31	31	62	0	P1	6	-0.002425	-0.002425	-0.000860	-0.000860
1625	31	31	62	0	P50	7	-0.001690	-0.001778	-0.000122	-0.000211
1625	31	31	62	0	P75	7	-0.000356	-0.000356	0.001213	0.001213
1625	31	31	62	0	P90	8	-0.000366	-0.000366	0.001203	0.001203
1625	31	31	62	0	P95	8	0.001036	0.001036	0.002607	0.002607
1625	31	31	62	0	P99	11	0.000308	0.000308	0.001879	0.001879
1625	31	31	62	0	P999	11	0.000308	0.000308	0.001879	0.001879
1626	31	31	62	1	P1	6	-0.003122	-0.003122	-0.001105	-0.001105
1626	31	31	62	1	P50	7	-0.002100	-0.002308	-0.001036	-0.001149
1626	31	31	62	1	P75	7	0.001304	0.001304	0.000663	0.000663
1626	31	31	62	1	P90	8	-0.002508	-0.002508	-0.000511	-0.000511
1626	31	31	62	1	P95	8	-0.000642	-0.000642	0.001359	0.001359
1626	31	31	62	1	P99	9	0.002448	0.002448	0.000698	0.000698
1626	31	31	62	1	P999	9	0.002448	0.002448	0.000698	0.000698
1627	31	31	62	0	P1	6	-0.002633	-0.002633	-0.001067	-0.001067
1627	31	31	62	0	P50	7	-0.002393	-0.002489	-0.000827	-0.000923
1627	31	31	62	0	P75	7	-0.000958	-0.000958	0.000610	0.000610
1627	31	31	62	0	P90	7	-0.000096	-0.000096	0.001474	0.001474
1627	31	31	62	0	P95	8	-0.001207	-0.001207	0.000361	0.000361
1627	31	31	62	0	P99	8	0.001036	0.001036	0.002607	0.002607
1627	31	31	62	0	P999	8	0.001036	0.001036	0.002607	0.002607
1628	31	31	62	1	P1	6	-0.002640	-0.002640	-0.001097	-0.001097
1628	31	31	62	1	P50	7	-0.001566	-0.001774	-0.001027	-0.001131
1628	31	31	62	1	P75	7	0.001549	0.001549	0.000530	0.000530
1628	31	31	62	1	P90	7	0.003423	0.003423	0.001466	0.001466
1628	31	31	62	1	P95	8	-0.000303	-0.000303	0.001359	0.001359
1628	31	31	62	1	P99	9	0.002799	0.002799	0.000698	0.000698
1628	31	31	62	1	P999	9	0.002799	0.002799	0.000698	0.000698
1629	31	31	62	1	P1	6	-0.001749	-0.001749	-0.000341	-0.000341
1629	31	31	62	1	P50	1728	0.001268	-0.147404	0.002519	-0.149520
1629	31	31	62	1	P75	3591	0.002466	0.002466	0.001199	0.001199
1629	31	31	62	1	P90	3920	0.000778	0.000778	0.002005	0.002005
1629	31	31	62	1	P95	6309	0.003370	0.003370	0.000839	0.000839
1629	31	31	62	1	P99	16011	0.002849	0.002849	0.000292	0.000292
1629	31	31	62	1	P999	16011	0.002849	0.002849	0.000292	0.000292
1630	31	31	62	1	P1	6	-0.003337	-0.003337	-0.000987	-0.000987
1630	31	31	62	1	P50	7	-0.000343	-0.000563	-0.000081	-0.000191
1630	31	31	62	1	P75	7	0.002959	0.002959	0.001570	0.001570
1630	31	31	62	1	P90	11	0.003277	0.003277	0.001879	0.001879
1630	31	31	62	1	P95	368	0.003102	0.003102	0.001638	0.001638
1630	31	31	62	1	P99	4352	-0.000108	-0.000108	0.002124	0.002124
1630	31	31	62	1	P999	4352	-0.000108	-0.000108	0.002124	0.002124
1631	31	31	62	1	P1	6	-0.001438	-0.001438	-0.001008	-0.001008
1631	31	31	62	1	P50	7	0.000636	0.000458	-0.000444	-0.000540
1631	31	31	62	1	P75	7	0.003669	0.003669	0.000994	0.000994
1631	31	31	62	1	P90	8	0.002235	0.002235	0.002607	0.002607
1631	31	31	62	1	P95	266	0.001362	0.001362	0.001021	0.001021
1631	31	31	62	1	P99	866	0.002411	0.002411	0.001829	0.001829
1631	31	31	62	1	P999	866	0.002411	0.002411	0.001829	0.001829
1632	31	31	62	1	P1	6	-0.001310	-0.001310	-0.001041	-0.001041
1632	31	31	62	1	P50	7	-0.000786	-0.000887	-0.000553	-0.000654
1632	31	31	62	1	P75	7	0.000730	0.000730	0.000963	0.000963
1632	31	31	62	1	P90	8	0.000533	0.000533	0.001671	0.001671
1632	31	31	62	1	P95	12	0.000732	0.000732	0.000839	0.000839
1632	31	31	62	1	P99	263	0.001759	0.001759	0.001149	0.001149
1632	31	31	62	1	P999	263	0.001759	0.001759	0.001149	0.001149
1633	31	31	62	0	P1	6	-0.002467	-0.002467	-0.000901	-0.000901
1633	31	31	62	0	P50	7	-0.001731	-0.001822	-0.000164	-0.000255
1633	31	31	62	0	P75	7	-0.000365	-0.000365	0.001205	0.001205
1633	31	31	62	0	P90	211	0.003079	0.003079	0.000905	0.000905
1633	31	31	62	0	P95	313	0.001216	0.001216	0.002787	0.002787
1633	31	31	62	0	P99	539	0.003451	0.003451	0.001277	0.001277
1633	31	31	62	0	P999	539	0.003451	0.003451	0.001277	0.001277
1634	31	31	62	1	P1	6	-0.000347	-0.000347	-0.000860	-0.000860
1634	31	31	62	1	P50	613	0.001172	-0.184912	0.003461	-0.189099
1634	31	31	62	1	P75	3714	0.001737	0.001737	0.003660	0.003660
1634	31	31	62	1	P90	8555	0.001065	0.001065	0.002817	0.002817
1634	31	31	62	1	P95	10225	0.002206	0.002206	0.000177	0.000177
1634	31	31	62	1	P99	19227	-0.001170	-0.001170	0.000413	0.000413
1634	31	31	62	1	P999	19227	-0.001170	-0.001170	0.000413	0.000413
1635	31	31	62	1	P1	6	-0.001152	-0.001152	-0.000901	-0.000901
1635	31	31	62	1	P50	7	0.000251	0.000130	0.000483	0.000363
1635	31	31	62	1	P75	9	-0.000750	-0.000750	-0.000548	-0.000548
1635	31	31	62	1	P90	1431	0.000891	0.000891	0.000471	0.000471
1635	31	31	62	1	P95	2111	0.000899	0.000899	0.000431	0.000431
1635	31	31	62	1	P99	3469	0.001405	0.001405	0.000876	0.000876
1635	31	31	62	1	P999	3469	0.001405	0.001405	0.000876	0.000876
1636	31	31	62	1	P1	6	-0.004316	-0.004316	-0.001008	-0.001008
1636	31	31	62	1	P50	7	0.001384	0.001206	0.001035	0.000857
1636	31	31	62	1	P75	1174	0.001775	0.001775	0.000316	0.000316
1636	31	31	62	1	P90	1796	0.002852	0.002852	0.001299	0.001299
1636	31	31	62	1	P95	2407	0.001654	0.001654	0.000040	0.000040
1636	31	31	62	1	P99	4681	0.002026	0.002026	0.000267	0.000267
1636	31	31	62	1	P999	4681	0.002026	0.002026	0.000267	0.000267
1637	31	31	62	1	P1	6	-0.004007	-0.004007	-0.001041	-0.001041
1637	31	31	62	1	P50	7	0.000175	0.000068	-0.000461	-0.000567
1637	31	31	62	1	P75	7	0.001779	0.001779	0.001142	0.001142
1637	31	31	62	1	P90	10	0.000661	0.000661	0.003745	0.003745
1637	31	31	62	1	P95	561	-0.000405	-0.000405	0.002391	0.002391
1637	31	31	62	1	P99	2092	0.003038	0.003038	0.001998	0.001998
1637	31	31	62	1	P999	2092	0.003038	0.003038	0.001998	0.001998
1638	31	31	62	1	P1	6	-0.000719	-0.000719	-0.000901	-0.000901
1638	31	31	62	1	P50	7	-0.000091	-0.000176	-0.000300	-0.000385
1638	31	31	62	1	P75	7	0.001184	0.001184	0.000974	0.000974
1638	31	31	62	1	P90	8	0.000595	0.000595	0.000361	0.000361
1638	31	31	62	1	P95	8	0.002842	0.002842	0.002607	0.002607
1638	31	31	62	1	P99	1871	-0.001026	-0.001026	0.001506	0.001506
1638	31	31	62	1	P999	1871	-0.001026	-0.001026	0.001506	0.001506
1639	31	31	62	1	P1	6	-0.000141	-0.000141	-0.000935	-0.000935
1639	31	31	62	1	P50	7	0.000611	0.000518	-0.000207	-0.000300
1639	31	31	62	1	P75	7	0.002015	0.002015	0.001195	0.001195
1639	31	31	62	1	P90	8	0.000639	0.000639	0.001203	0.001203
1639	31	31	62	1	P95	8	0.003449	0.003449	0.002607	0.002607
1639	31	31	62	1	P99	3641	-0.000883	-0.000883	0.001077	0.001077
1639	31	31	62	1	P999	3641	-0.000883	-0.000883	0.001077	0.001077
1640	31	31	62	1	P1	6	-0.001358	-0.001358	-0.001008	-0.001008
1640	31	31	62	1	P50	7	-0.000323	-0.000443	0.000001	-0.000120
1640	31	31	62	1	P75	8	0.000061	0.000061	0.000361	0.000361
1640	31	31	62	1	P90	417	0.000380	0.000380	0.003731	0.003731
1640	31	31	62	1	P95	716	0.001887	0.001887	0.001397	0.001397
1640	31	31	62	1	P99	2853	-0.001010	-0.001010	0.001998	0.001998
1640	31	31	62	1	P999	2853	-0.001010	-0.001010	0.001998	0.001998
1641	31	31	62	1	P1	7	-0.000430	-0.000430	-0.001545	-0.001545
1641	31	31	62	1	P50	735	-0.000287	-0.033367	0.001373	-0.035367
1641	31	31	62	1	P75	1295	-0.000264	-0.000264	0.001279	0.001279
1641	31	31	62	1	P90	1429	0.000348	0.000348	0.001871	0.001871
1641	31	31	62	1	P95	1763	-0.000325	-0.000325	0.001154	0.001154
1641	31	31	62	1	P99	6067	0.001350	0.001350	0.002575	0.002575
1641	31	31	62	1	P999	6067	0.001350	0.001350	0.002575	0.002575
1642	31	31	62	0	P1	6	0.000393	0.000393	-0.000741	-0.000741
1642	31	31	62	0	P50	7	0.001798	0.001685	0.000663	0.000549
1642	31	31	62	0	P75	8	-0.001556	-0.001556	0.001047	0.001047
1642	31	31	62	0	P90	9	0.001833	0.001833	0.000698	0.000698
1642	31	31	62	0	P95	25	0.000645	0.000645	0.003253	0.003253
1642	31	31	62	0	P99	2453	0.000934	0.000934	0.003544	0.003544
1642	31	31	62	0	P999	2453	0.000934	0.000934	0.003544	0.003544
1643	31	31	62	1	P1	6	-0.001294	-0.001294	-0.001026	-0.001026
1643	31	31	62	1	P50	7	-0.000637	-0.000741	-0.000404	-0.000508
1643	31	31	62	1	P75	7	0.000921	0.000921	0.001154	0.001154
1643	31	31	62	1	P90	8	-0.001335	-0.001335	0.001537	0.001537
1643	31	31	62	1	P95	12	0.004480	0.004480	0.000839	0.000839
1643	31	31	62	1	P99	932	0.000304	0.000304	0.003144	0.003144
1643	31	31	62	1	P999	932	0.000304	0.000304	0.003144	0.003144
1644	31	31	62	1	P1	6	-0.003059	-0.003059	-0.001041	-0.001041
1644	31	31	62	1	P50	7	-0.000661	-0.000881	-0.000410	-0.000520
1644	31	31	62	1	P75	7	0.002641	0.002641	0.001239	0.001239
1644	31	31	62	1	P90	8	-0.000642	-0.000642	0.001359	0.001359
1644	31	31	62	1	P95	8	0.000605	0.000605	0.002607	0.002607
1644	31	31	62	1	P99	551	0.003755	0.003755	0.001686	0.001686
1644	31	31	62	1	P999	551	0.003755	0.003755	0.001686	0.001686
1645	31	31	62	1	P1	6	-0.003043	-0.003043	-0.001026	-0.001026
1645	31	31	62	1	P50	7	-0.000834	-0.001031	-0.000497	-0.000595
1645	31	31	62	1	P75	7	0.002119	0.002119	0.000979	0.000979
1645	31	31	62	1	P90	8	-0.001264	-0.001264	0.000735	0.000735
1645	31	31	62	1	P95	8	0.000605	0.000605	0.002607	0.002607
1645	31	31	62	1	P99	578	0.000768	0.000768	0.002442	0.002442
1645	31	31	62	1	P999	578	0.000768	0.000768	0.002442	0.002442
1646	31	31	62	1	P1	6	-0.001294	-0.001294	-0.001026	-0.001026
1646	31	31	62	1	P50	7	-0.000586	-0.000693	-0.000354	-0.000461
1646	31	31	62	1	P75	7	0.001016	0.001016	0.001249	0.001249
1646	31	31	62	1	P90	8	0.001469	0.001469	0.002072	0.002072
1646	31	31	62	1	P95	9	0.004271	0.004271	0.000698	0.000698
1646	31	31	62	1	P99	457	0.002579	0.002579	0.001839	0.001839
1646	31	31	62	1	P999	457	0.002579	0.002579	0.001839	0.001839
1647	31	31	62	1	P1	6	-0.001381	-0.001381	-0.001112	-0.001112
1647	31	31	62	1	P50	7	-0.001350	-0.001467	-0.001118	-0.001234
1647	31	31	62	1	P75	7	0.000402	0.000402	0.000634	0.000634
1647	31	31	62	1	P90	8	-0.003200	-0.003200	-0.000200	-0.000200
1647	31	31	62	1	P95	8	0.002406	0.002406	0.002607	0.002607
1647	31	31	62	1	P99	497	0.000923	0.000923	0.000166	0.000166
1647	31	31	62	1	P999	497	0.000923	0.000923	0.000166	0.000166
1648	31	31	62	1	P1	6	-0.002669	-0.002669	-0.000808	-0.000808
1648	31	31	62	1	P50	623	0.000844	-0.351313	0.002228	-0.352811
1648	31	31	62	1	P75	6229	0.001244	0.001244	0.000517	0.000517
1648	31	31	62	1	P90	8137	-0.000539	-0.000539	0.000576	0.000576
1648	31	31	62	1	P95	10922	0.000433	0.000433	0.001518	0.001518
1648	31	31	62	1	P99	23465	0.002066	0.002066	0.003073	0.003073
1648	31	31	62	1	P999	23465	0.002066	0.002066	0.003073	0.003073
1649	31	31	62	1	P1	6	-0.001097	-0.001097	-0.000741	-0.000741
1649	31	31	62	1	P50	8	0.002313	0.000441	0.002607	0.000735
1649	31	31	62	1	P75	561	0.003020	0.003020	0.002391	0.002391
1649	31	31	62	1	P90	993	0.004046	0.004046	0.003292	0.003292
1649	31	31	62	1	P95	1100	0.002653	0.002653	0.001879	0.001879
1649	31	31	62	1	P99	17965	0.002400	0.002400	0.001020	0.001020
1649	31	31	62	1	P999	17965	0.002400	0.002400	0.001020	0.001020
1650	31	31	62	1	P1	6	0.001419	0.001419	0.002466	0.002466
1650	31	31	62	1	P50	2018	0.000845	-0.243886	0.000630	-0.244002
1650	31	31	62	1	P75	3083	0.003273	0.003273	0.002966	0.002966
1650	31	31	62	1	P90	4322	0.001944	0.001944	0.001564	0.001564
1650	31	31	62	1	P95	5286	-0.001245	-0.001245	0.002072	0.002072
1650	31	31	62	1	P99	6769	0.001962	0.001962	0.001485	0.001485
1650	31	31	62	1	P999	6769	0.001962	0.001962	0.001485	0.001485
1651	31	31	62	0	P1	6	-0.000883	-0.000883	-0.000528	-0.000528
1651	31	31	62	0	P50	7	0.000164	0.000066	0.000487	0.000388
1651	31	31	62	0	P75	8	0.001564	0.001564	0.001858	0.001858
1651	31	31	62	0	P90	410	0.002525	0.002525	0.001965	0.001965
1651	31	31	62	0	P95	808	0.000835	0.000835	0.000129	0.000129
1651	31	31	62	0	P99	6784	0.000436	0.000436	0.003013	0.003013
1651	31	31	62	0	P999	6784	0.000436	0.000436	0.003013	0.003013
1652	31	31	62	1	P1	6	-0.002023	-0.002023	-0.000808	-0.000808
1652	31	31	62	1	P50	7	-0.000929	-0.001033	0.000131	0.000035
1652	31	31	62	1	P75	7	0.004064	0.004064	0.001570	0.001570
1652	31	31	62	1	P90	8	0.001006	0.001006	0.002232	0.002232
1652	31	31	62	1	P95	144	0.001046	0.001046	0.001679	0.001679
1652	31	31	62	1	P99	6845	0.001693	0.001693	0.001534	0.001534
1652	31	31	62	1	P999	6845	0.001693	0.001693	0.001534	0.001534
1653	31	31	62	0	P1	6	-0.000697	-0.000697	-0.000341	-0.000341
1653	31	31	62	0	P50	7	0.000192	0.000096	0.000514	0.000418
1653	31	31	62	0	P75	8	-0.000360	-0.000360	-0.000066	-0.000066
1653	31	31	62	0	P90	8	0.002046	0.002046	0.002339	0.002339
1653	31	31	62	0	P95	15	-0.000054	-0.000054	0.000104	0.000104
1653	31	31	62	0	P99	7000	0.002746	0.002746	0.001570	0.001570
1653	31	31	62	0	P999	7000	0.002746	0.002746	0.001570	0.001570
1654	31	31	62	1	P1	6	-0.001226	-0.001226	-0.000652	-0.000652
1654	31	31	62	1	P50	7	-0.000530	-0.000619	0.000039	-0.000046
1654	31	31	62	1	P75	7	0.000805	0.000805	0.001314	0.001314
1654	31	31	62	1	P90	8	0.000455	0.000455	0.001109	0.001109
1654	31	31	62	1	P95	8	0.001578	0.001578	0.002232	0.002232
1654	31	31	62	1	P99	6779	0.000401	0.000401	0.000007	0.000007
1654	31	31	62	1	P999	6779	0.000401	0.000401	0.000007	0.000007
1655	31	31	62	1	P1	6	-0.002023	-0.002023	-0.000528	-0.000528
1655	31	31	62	1	P50	7	0.003277	0.003160	0.000985	0.000868
1655	31	31	62	1	P75	8	-0.000579	-0.000579	0.000833	0.000833
1655	31	31	62	1	P90	8	0.001192	0.001192	0.002607	0.002607
1655	31	31	62	1	P95	280	0.001691	0.001691	0.002060	0.002060
1655	31	31	62	1	P99	6907	0.000562	0.000562	0.003736	0.003736
1655	31	31	62	1	P999	6907	0.000562	0.000562	0.003736	0.003736
