key_ordinal	n	quantile	oracle	T_int	T_int_err	T_ceil	T_ceil_err	G_int	G_int_err	G_ceil	G_ceil_err
1	334	P1	1	0.979024	-0.020976	0.979024	-0.020976	1.000524	0.000524	1.000524	0.000524
1	334	P50	1	1.000262	0.000262	1.000131	0.000131	1.022228	0.022228	1.022094	0.022094
1	334	P75	1	1.011185	0.011185	1.011185	0.011185	1.033391	0.033391	1.033391	0.033391
1	334	P90	1	1.017823	0.017823	1.017823	0.017823	1.040174	0.040174	1.040174	0.040174
1	334	P95	1	1.020090	0.020090	1.020090	0.020090	1.042491	0.042491	1.042491	0.042491
1	334	P99	1	1.021826	0.021826	1.021826	0.021826	1.044266	0.044266	1.044266	0.044266
1	334	P999	46	46.753198	0.016374	46.753198	0.016374	47.779905	0.038694	47.779905	0.038694
2	516	P1	3	2.893670	-0.035443	2.893670	-0.035443	2.968907	-0.010364	2.968907	-0.010364
2	516	P50	4	3.975484	-0.006129	3.975018	-0.006245	3.905437	-0.023641	3.904980	-0.023755
2	516	P75	4	4.035994	0.008999	4.035522	0.008880	3.964881	-0.008780	3.964417	-0.008896
2	516	P90	4	4.072551	0.018138	4.072551	0.018138	4.000794	0.000198	4.000794	0.000198
2	516	P95	4	4.084969	0.021242	4.084969	0.021242	4.012993	0.003248	4.012993	0.003248
2	516	P99	5	5.040852	0.008170	5.040852	0.008170	5.171916	0.034383	5.171916	0.034383
2	516	P999	45	46.569087	0.034869	46.569087	0.034869	45.748553	0.016635	45.748553	0.016635
3	516	P1	3	2.940476	-0.019841	2.940476	-0.019841	2.967758	-0.010747	2.967758	-0.010747
3	516	P50	4	4.029576	0.007394	4.029085	0.007271	3.894056	-0.026486	3.893582	-0.026604
3	516	P75	4	4.093333	0.023333	4.092835	0.023209	3.955670	-0.011083	3.955188	-0.011203
3	516	P90	4	4.131870	0.032968	4.131870	0.032968	3.992910	-0.001772	3.992910	-0.001772
3	516	P95	4	4.144964	0.036241	4.144964	0.036241	4.005564	0.001391	4.005564	0.001391
3	516	P99	4	4.155065	0.038766	4.155065	0.038766	4.015325	0.003831	4.015325	0.003831
3	516	P999	43	43.400888	0.009323	43.400888	0.009323	43.803563	0.018688	43.803563	0.018688
4	303	P1	3	2.917360	-0.027547	2.917360	-0.027547	2.993213	-0.002262	2.993213	-0.002262
4	303	P50	4	4.007335	0.001834	4.007335	0.001834	3.936727	-0.015818	3.936727	-0.015818
4	303	P75	4	4.060827	0.015207	4.060827	0.015207	3.989277	-0.002681	3.989277	-0.002681
4	303	P90	5	4.903828	-0.019234	4.903828	-0.019234	5.031330	0.006266	5.031330	0.006266
4	303	P95	5	4.990964	-0.001807	4.990964	-0.001807	5.120731	0.024146	5.120731	0.024146
4	303	P99	5	5.061786	0.012357	5.061786	0.012357	5.193394	0.038679	5.193394	0.038679
4	303	P999	5	5.079648	0.015930	5.079648	0.015930	5.211721	0.042344	5.211721	0.042344
5	515	P1	3	2.893398	-0.035534	2.893398	-0.035534	2.968628	-0.010457	2.968628	-0.010457
5	515	P50	4	3.972544	-0.006864	3.972544	-0.006864	3.902549	-0.024363	3.902549	-0.024363
5	515	P75	4	4.033340	0.008335	4.033340	0.008335	3.962274	-0.009432	3.962274	-0.009432
5	515	P90	4	4.070072	0.017518	4.070072	0.017518	3.998358	-0.000410	3.998358	-0.000410
5	515	P95	4	4.082550	0.020637	4.082550	0.020637	4.010616	0.002654	4.010616	0.002654
5	515	P99	5	5.012196	0.002439	5.012196	0.002439	5.142516	0.028503	5.142516	0.028503
5	515	P999	32	32.896851	0.028027	32.896851	0.028027	32.317218	0.009913	32.317218	0.009913
6	514	P1	3	2.897357	-0.034214	2.897357	-0.034214	2.972689	-0.009104	2.972689	-0.009104
6	514	P50	4	3.994785	-0.001304	3.994332	-0.001417	3.924398	-0.018900	3.923953	-0.019012
6	514	P75	4	4.053211	0.013303	4.053211	0.013303	3.981794	-0.004551	3.981794	-0.004551
6	514	P90	5	4.871821	-0.025636	4.871821	-0.025636	4.998491	-0.000302	4.998491	-0.000302
6	514	P95	5	4.978807	-0.004239	4.978807	-0.004239	5.108258	0.021652	5.108258	0.021652
6	514	P99	5	5.062700	0.012540	5.062700	0.012540	5.194333	0.038867	5.194333	0.038867
6	514	P999	7	7.190796	0.027257	7.190796	0.027257	7.064096	0.009157	7.064096	0.009157
7	100	P1	3	2.912890	-0.029037	2.900263	-0.033246	2.988627	-0.003791	2.975671	-0.008110
7	100	P50	4	3.997932	-0.000517	3.995865	-0.001034	3.927489	-0.018128	3.925458	-0.018635
7	100	P75	4	4.049961	0.012490	4.047867	0.011967	3.978602	-0.005350	3.976544	-0.005864
7	100	P90	4	4.081503	0.020376	4.079392	0.019848	4.009588	0.002397	4.007515	0.001879
7	100	P95	5	4.934634	-0.013073	4.899032	-0.020194	5.062937	0.012587	5.026409	0.005282
7	100	P99	5	5.079648	0.015930	5.042999	0.008600	5.211721	0.042344	5.174120	0.034824
7	100	P999	5	5.079648	0.015930	5.079648	0.015930	5.211721	0.042344	5.211721	0.042344
8	205	P1	3	2.898463	-0.033846	2.898463	-0.033846	2.973825	-0.008725	2.973825	-0.008725
8	205	P50	4	3.985193	-0.003702	3.985193	-0.003702	3.914975	-0.021256	3.914975	-0.021256
8	205	P75	4	4.039399	0.009850	4.039399	0.009850	3.968226	-0.007943	3.968226	-0.007943
8	205	P90	4	4.072708	0.018177	4.072708	0.018177	4.000948	0.000237	4.000948	0.000237
8	205	P95	4	4.083511	0.020878	4.083511	0.020878	4.011561	0.002890	4.011561	0.002890
8	205	P99	5	5.006616	0.001323	5.006616	0.001323	5.136790	0.027358	5.136790	0.027358
8	205	P999	5	5.079648	0.015930	5.079648	0.015930	5.211721	0.042344	5.211721	0.042344
9	272	P1	3	3.002239	0.000746	3.002239	0.000746	2.992625	-0.002458	2.992625	-0.002458
9	272	P50	42	41.485715	-0.012245	41.471065	-0.012594	42.407971	0.009714	42.390593	0.009300
9	272	P75	43	43.409091	0.009514	43.360762	0.008390	43.606521	0.014105	43.588652	0.013690
9	272	P90	45	45.654472	0.014544	45.654472	0.014544	45.508271	0.011295	45.508271	0.011295
9	272	P95	46	47.342091	0.029176	47.342091	0.029176	47.190486	0.025880	47.190486	0.025880
9	272	P99	54	54.606211	0.011226	54.606211	0.011226	54.431344	0.007988	54.431344	0.007988
9	272	P999	60	62.207939	0.036799	62.207939	0.036799	62.008729	0.033479	62.008729	0.033479
10	525	P1	8	7.945663	-0.006792	7.945663	-0.006792	7.774924	-0.028134	7.774924	-0.028134
10	525	P50	9	9.298893	0.033210	9.298893	0.033210	9.099075	0.011008	9.099075	0.011008
10	525	P75	10	10.011146	0.001115	10.011146	0.001115	10.230992	0.023099	10.230992	0.023099
10	525	P90	11	10.746078	-0.023084	10.746078	-0.023084	10.982064	-0.001631	10.982064	-0.001631
10	525	P95	11	11.132179	0.012016	11.132179	0.012016	11.376644	0.034240	11.376644	0.034240
10	525	P99	18	18.505277	0.028071	18.505277	0.028071	18.107631	0.005979	18.107631	0.005979
10	525	P999	49	50.997298	0.040761	50.997298	0.040761	49.901455	0.018397	49.901455	0.018397
11	595	P1	7	6.863655	-0.019478	6.863655	-0.019478	6.777665	-0.031762	6.777665	-0.031762
11	595	P50	8	7.964905	-0.004387	7.964905	-0.004387	7.865117	-0.016860	7.865117	-0.016860
11	595	P75	8	8.108615	0.013577	8.108615	0.013577	8.007027	0.000878	8.007027	0.000878
11	595	P90	9	9.091103	0.010123	9.091103	0.010123	8.977206	-0.002533	8.977206	-0.002533
11	595	P95	9	9.222248	0.024694	9.222248	0.024694	9.106708	0.011856	9.106708	0.011856
11	595	P99	10	9.981277	-0.001872	9.981277	-0.001872	10.293869	0.029387	10.293869	0.029387
11	595	P999	10	10.126874	0.012687	10.126874	0.012687	10.444026	0.044403	10.444026	0.044403
12	533	P1	7	7.219225	0.031318	7.219225	0.031318	7.064096	0.009157	7.064096	0.009157
12	533	P50	9	9.099699	0.011078	9.099699	0.011078	8.904162	-0.010649	8.904162	-0.010649
12	533	P75	9	9.361127	0.040125	9.361127	0.040125	9.159973	0.017775	9.159973	0.017775
12	533	P90	10	10.067642	0.006764	10.067642	0.006764	10.288729	0.028873	10.288729	0.028873
12	533	P95	10	10.169965	0.016996	10.169965	0.016996	10.393299	0.039330	10.393299	0.039330
12	533	P99	12	12.159218	0.013268	12.159218	0.013268	12.426237	0.035520	12.426237	0.035520
12	533	P999	66	66.184260	0.002792	66.184260	0.002792	67.637676	0.024813	67.637676	0.024813
13	1501	P1	6	5.776696	-0.037217	5.776696	-0.037217	5.957609	-0.007065	5.957609	-0.007065
13	1501	P50	7	7.002539	0.000363	7.002539	0.000363	6.914809	-0.012170	6.914809	-0.012170
13	1501	P75	7	7.109173	0.015596	7.109173	0.015596	7.020106	0.002872	7.020106	0.002872
13	1501	P90	8	7.917485	-0.010314	7.917485	-0.010314	7.818291	-0.022714	7.818291	-0.022714
13	1501	P95	8	8.041888	0.005236	8.041888	0.005236	7.941136	-0.007358	7.941136	-0.007358
13	1501	P99	8	8.142817	0.017852	8.142817	0.017852	8.040800	0.005100	8.040800	0.005100
13	1501	P999	45	46.328982	0.029533	46.328982	0.029533	45.748553	0.016635	45.748553	0.016635
14	518	P1	5	4.962570	-0.007486	4.962570	-0.007486	5.018504	0.003701	5.018504	0.003701
14	518	P50	6	6.018052	0.003009	6.017357	0.002893	6.085883	0.014314	6.085179	0.014197
14	518	P75	6	6.108425	0.018071	6.108425	0.018071	6.177274	0.029546	6.177274	0.029546
14	518	P90	7	7.135392	0.019342	7.135392	0.019342	6.909038	-0.012995	6.909038	-0.012995
14	518	P95	7	7.223540	0.031934	7.223540	0.031934	6.994389	-0.000802	6.994389	-0.000802
14	518	P99	7	7.292087	0.041727	7.292087	0.041727	7.060761	0.008680	7.060761	0.008680
14	518	P999	64	64.040267	0.000629	64.040267	0.000629	64.762075	0.011907	64.762075	0.011907
15	140	P1	5	4.953205	-0.009359	4.953205	-0.009359	5.009033	0.001807	5.009033	0.001807
15	140	P50	6	5.992338	-0.001277	5.989786	-0.001702	6.059879	0.009980	6.057298	0.009550
15	140	P75	6	6.082339	0.013723	6.079749	0.013291	6.150894	0.025149	6.148274	0.024712
15	140	P90	7	7.028852	0.004122	7.007074	0.001011	6.805877	-0.027732	6.784790	-0.030744
15	140	P95	7	7.183207	0.026172	7.160950	0.022993	6.955335	-0.006381	6.933785	-0.009459
15	140	P99	7	7.295531	0.042219	7.295531	0.042219	7.064096	0.009157	7.064096	0.009157
15	140	P999	8	8.311142	0.038893	8.311142	0.038893	8.047489	0.005936	8.047489	0.005936
16	123	P1	5	5.053457	0.010691	5.053457	0.010691	5.211721	0.042344	5.211721	0.042344
16	123	P50	7	6.939853	-0.008592	6.939853	-0.008592	6.852908	-0.021013	6.852908	-0.021013
16	123	P75	7	7.069077	0.009868	7.069077	0.009868	6.980513	-0.002784	6.980513	-0.002784
16	123	P90	7	7.145211	0.020744	7.145211	0.020744	7.055693	0.007956	7.055693	0.007956
16	123	P95	8	7.939900	-0.007513	7.939900	-0.007513	7.840425	-0.019947	7.840425	-0.019947
16	123	P99	8	8.114261	0.014283	8.114261	0.014283	8.012602	0.001575	8.012602	0.001575
16	123	P999	8	8.149590	0.018699	8.149590	0.018699	8.047489	0.005936	8.047489	0.005936
17	146	P1	5	4.940657	-0.011869	4.940657	-0.011869	4.996344	-0.000731	4.996344	-0.000731
17	146	P50	6	5.885258	-0.019124	5.881708	-0.019715	5.951592	-0.008068	5.948001	-0.008666
17	146	P75	6	6.014499	0.002417	6.014499	0.002417	6.082289	0.013715	6.082289	0.013715
17	146	P90	6	6.094873	0.015812	6.094873	0.015812	6.163569	0.027262	6.163569	0.027262
17	146	P95	6	6.120671	0.020112	6.120671	0.020112	6.189658	0.031610	6.189658	0.031610
17	146	P99	7	7.295531	0.042219	7.295531	0.042219	7.064096	0.009157	7.064096	0.009157
17	146	P999	9	9.065600	0.007289	9.065600	0.007289	9.167779	0.018642	9.167779	0.018642
18	601	P1	6	5.761583	-0.039736	5.761583	-0.039736	5.942023	-0.009663	5.942023	-0.009663
18	601	P50	7	6.922811	-0.011027	6.922811	-0.011027	6.836079	-0.023417	6.836079	-0.023417
18	601	P75	7	7.058799	0.008400	7.058799	0.008400	6.970363	-0.004234	6.970363	-0.004234
18	601	P90	7	7.141671	0.020239	7.141671	0.020239	7.052197	0.007457	7.052197	0.007457
18	601	P95	8	7.948528	-0.006434	7.948528	-0.006434	7.848946	-0.018882	7.848946	-0.018882
18	601	P99	9	9.284094	0.031566	9.284094	0.031566	9.167779	0.018642	9.167779	0.018642
18	601	P999	19	19.430960	0.022682	19.430960	0.022682	19.187521	0.009870	19.187521	0.009870
19	662	P1	6	5.804462	-0.032590	5.804462	-0.032590	5.986245	-0.002292	5.986245	-0.002292
19	662	P50	7	7.067616	0.009659	7.066866	0.009552	6.979070	-0.002990	6.978329	-0.003096
19	662	P75	8	7.887084	-0.014114	7.887084	-0.014114	7.788271	-0.026466	7.788271	-0.026466
19	662	P90	8	8.052677	0.006585	8.052677	0.006585	7.951789	-0.006026	7.951789	-0.006026
19	662	P95	8	8.108643	0.013580	8.108643	0.013580	8.007055	0.000882	8.007055	0.000882
19	662	P99	9	9.084595	0.009399	9.084595	0.009399	8.970780	-0.003247	8.970780	-0.003247
19	662	P999	41	42.473388	0.035936	42.473388	0.035936	41.941263	0.022958	41.941263	0.022958
20	776	P1	5	4.900741	-0.019852	4.900741	-0.019852	4.998491	-0.000302	4.998491	-0.000302
20	776	P50	6	5.920836	-0.013194	5.920348	-0.013275	6.038933	0.006489	6.038435	0.006406
20	776	P75	6	6.016290	0.002715	6.015794	0.002632	6.136290	0.022715	6.135785	0.022631
20	776	P90	6	6.074099	0.012350	6.074099	0.012350	6.195252	0.032542	6.195252	0.032542
20	776	P95	7	7.054789	0.007827	7.054789	0.007827	6.889588	-0.015773	6.889588	-0.015773
20	776	P99	7	7.200228	0.028604	7.200228	0.028604	7.031621	0.004517	7.031621	0.004517
20	776	P999	7	7.233481	0.033354	7.233481	0.033354	7.064096	0.009157	7.064096	0.009157
21	194	P1	6	5.777829	-0.037028	5.777829	-0.037028	5.958778	-0.006870	5.958778	-0.006870
21	194	P50	7	7.013430	0.001919	7.011190	0.001599	6.925562	-0.010634	6.923350	-0.010950
21	194	P75	7	7.121799	0.017400	7.121799	0.017400	7.032574	0.004653	7.032574	0.004653
21	194	P90	8	7.958737	-0.005158	7.958737	-0.005158	7.859027	-0.017622	7.859027	-0.017622
21	194	P95	8	8.064208	0.008026	8.064208	0.008026	7.963176	-0.004603	7.963176	-0.004603
21	194	P99	8	8.149590	0.018699	8.149590	0.018699	8.047489	0.005936	8.047489	0.005936
21	194	P999	9	9.284094	0.031566	9.284094	0.031566	9.167779	0.018642	9.167779	0.018642
22	777	P1	5	4.986773	-0.002645	4.986773	-0.002645	5.042980	0.008596	5.042980	0.008596
22	777	P50	6	6.050064	0.008344	6.050064	0.008344	6.118255	0.019709	6.118255	0.019709
22	777	P75	7	7.033373	0.004768	7.033373	0.004768	6.810255	-0.027106	6.810255	-0.027106
22	777	P90	7	7.196272	0.028039	7.196272	0.028039	6.967986	-0.004573	6.967986	-0.004573
22	777	P95	7	7.251406	0.035915	7.251406	0.035915	7.021371	0.003053	7.021371	0.003053
22	777	P99	7	7.295531	0.042219	7.295531	0.042219	7.064096	0.009157	7.064096	0.009157
22	777	P999	61	61.317609	0.005207	61.317609	0.005207	62.008729	0.016537	62.008729	0.016537
23	605	P1	6	5.877712	-0.020381	5.877712	-0.020381	5.943960	-0.009340	5.943960	-0.009340
23	605	P50	7	7.017682	0.002526	7.017682	0.002526	6.795062	-0.029277	6.795062	-0.029277
23	605	P75	7	7.163034	0.023291	7.163034	0.023291	6.935802	-0.009171	6.935802	-0.009171
23	605	P90	7	7.252080	0.036011	7.252080	0.036011	7.022023	0.003146	7.022023	0.003146
23	605	P95	7	7.281677	0.040240	7.281677	0.040240	7.050682	0.007240	7.050682	0.007240
23	605	P99	8	8.208614	0.026077	8.208614	0.026077	7.948214	-0.006473	7.948214	-0.006473
23	605	P999	12	12.287740	0.023978	12.287740	0.023978	12.426237	0.035520	12.426237	0.035520
24	763	P1	5	4.941004	-0.011799	4.941004	-0.011799	4.996695	-0.000661	4.996695	-0.000661
24	763	P50	6	5.934775	-0.010871	5.934775	-0.010871	6.001666	0.000278	6.001666	0.000278
24	763	P75	6	6.040259	0.006710	6.040259	0.006710	6.108339	0.018057	6.108339	0.018057
24	763	P90	6	6.104109	0.017352	6.104109	0.017352	6.172910	0.028818	6.172910	0.028818
24	763	P95	6	6.125543	0.020924	6.125543	0.020924	6.194584	0.032431	6.194584	0.032431
24	763	P99	7	7.266774	0.038111	7.266774	0.038111	7.036251	0.005179	7.036251	0.005179
24	763	P999	57	58.710704	0.030012	58.710704	0.030012	59.372441	0.041622	59.372441	0.041622
25	827	P1	5	4.943187	-0.011363	4.943187	-0.011363	4.998903	-0.000219	4.998903	-0.000219
25	827	P50	6	5.957779	-0.007037	5.957779	-0.007037	6.024930	0.004155	6.024930	0.004155
25	827	P75	6	6.053197	0.008866	6.053197	0.008866	6.121424	0.020237	6.121424	0.020237
25	827	P90	6	6.111087	0.018514	6.111087	0.018514	6.179966	0.029994	6.179966	0.029994
25	827	P95	6	6.130349	0.021725	6.130349	0.021725	6.199445	0.033241	6.199445	0.033241
25	827	P99	7	7.235812	0.033687	7.235812	0.033687	7.006272	0.000896	7.006272	0.000896
25	827	P999	8	8.311142	0.038893	8.311142	0.038893	8.047489	0.005936	8.047489	0.005936
26	493	P1	5	4.953706	-0.009259	4.953706	-0.009259	5.009540	0.001908	5.009540	0.001908
26	493	P50	6	6.003146	0.000524	6.003146	0.000524	6.070808	0.011801	6.070808	0.011801
26	493	P75	6	6.089768	0.014961	6.089768	0.014961	6.158407	0.026401	6.158407	0.026401
26	493	P90	7	7.060389	0.008627	7.060389	0.008627	6.836414	-0.023369	6.836414	-0.023369
26	493	P95	7	7.187228	0.026747	7.187228	0.026747	6.959228	-0.005825	6.959228	-0.005825
26	493	P99	7	7.290337	0.041477	7.290337	0.041477	7.059067	0.008438	7.059067	0.008438
26	493	P999	52	53.824678	0.035090	53.824678	0.035090	52.117207	0.002254	52.117207	0.002254
27	777	P1	10	9.935240	-0.006476	9.935240	-0.006476	10.067062	0.006706	10.067062	0.006706
27	777	P50	11	11.113846	0.010350	11.113846	0.010350	11.261306	0.023755	11.261306	0.023755
27	777	P75	12	11.918354	-0.006804	11.918354	-0.006804	12.076489	0.006374	12.076489	0.006374
27	777	P90	12	12.210359	0.017530	12.210359	0.017530	12.372368	0.031031	12.372368	0.031031
27	777	P95	13	13.037725	0.002902	13.037725	0.002902	13.210713	0.016209	13.210713	0.016209
27	777	P99	14	14.249358	0.017811	14.249358	0.017811	13.824575	-0.012530	13.824575	-0.012530
27	777	P999	16	16.622283	0.038893	16.622283	0.038893	16.126762	0.007923	16.126762	0.007923
28	601	P1	6	5.793704	-0.034383	5.793704	-0.034383	5.956082	-0.007320	5.956082	-0.007320
28	601	P50	7	7.024676	0.003525	7.024676	0.003525	6.914531	-0.012210	6.914531	-0.012210
28	601	P75	7	7.138907	0.019844	7.138907	0.019844	7.026971	0.003853	7.026971	0.003853
28	601	P90	8	7.981133	-0.002358	7.981133	-0.002358	7.855991	-0.018001	7.855991	-0.018001
28	601	P95	8	8.095005	0.011876	8.095005	0.011876	7.968078	-0.003990	7.968078	-0.003990
28	601	P99	9	9.113680	0.012631	9.113680	0.012631	8.970780	-0.003247	8.970780	-0.003247
28	601	P999	14	14.381592	0.027257	14.381592	0.027257	14.156093	0.011149	14.156093	0.011149
29	357	P1	7	6.877329	-0.017524	6.877329	-0.017524	6.769494	-0.032929	6.769494	-0.032929
29	357	P50	8	7.870945	-0.016132	7.870945	-0.016132	7.747530	-0.031559	7.747530	-0.031559
29	357	P75	8	8.031908	0.003988	8.031908	0.003988	7.905970	-0.011754	7.905970	-0.011754
29	357	P90	8	8.131171	0.016396	8.131171	0.016396	8.003677	0.000460	8.003677	0.000460
29	357	P95	8	8.164531	0.020566	8.164531	0.020566	8.036513	0.004564	8.036513	0.004564
29	357	P99	9	9.204113	0.022679	9.204113	0.022679	9.059795	0.006644	9.059795	0.006644
29	357	P999	9	9.313817	0.034869	9.313817	0.034869	9.167779	0.018642	9.167779	0.018642
30	601	P1	6	5.770128	-0.038312	5.770128	-0.038312	5.950836	-0.008194	5.950836	-0.008194
30	601	P50	7	6.981713	-0.002612	6.981713	-0.002612	6.894243	-0.015108	6.894243	-0.015108
30	601	P75	7	7.101840	0.014549	7.101840	0.014549	7.012865	0.001838	7.012865	0.001838
30	601	P90	8	7.916936	-0.010383	7.916936	-0.010383	7.817750	-0.022781	7.817750	-0.022781
30	601	P95	8	8.050337	0.006292	8.050337	0.006292	7.949479	-0.006315	7.949479	-0.006315
30	601	P99	9	9.019053	0.002117	9.019053	0.002117	8.906058	-0.010438	8.906058	-0.010438
30	601	P999	48	48.386107	0.008044	48.386107	0.008044	49.901455	0.039614	49.901455	0.039614
31	637	P1	7	6.970941	-0.004151	6.970941	-0.004151	6.821148	-0.025550	6.821148	-0.025550
31	637	P50	8	8.101896	0.012737	8.101896	0.012737	7.927800	-0.009025	7.927800	-0.009025
31	637	P75	9	8.995325	-0.000519	8.995325	-0.000519	8.802031	-0.021997	8.802031	-0.021997
31	637	P90	9	9.234403	0.026045	9.234403	0.026045	9.035971	0.003997	9.035971	0.003997
31	637	P95	9	9.315499	0.035055	9.315499	0.035055	9.115325	0.012814	9.115325	0.012814
31	637	P99	10	10.031080	0.003108	10.031080	0.003108	10.251364	0.025136	10.251364	0.025136
31	637	P999	64	66.184260	0.034129	66.184260	0.034129	64.762075	0.011907	64.762075	0.011907
32	694	P1	9	8.824128	-0.019541	8.824128	-0.019541	8.795478	-0.022725	8.795478	-0.022725
32	694	P50	10	9.795394	-0.020461	9.794414	-0.020559	10.197120	0.019712	10.196099	0.019610
32	694	P75	10	9.966508	-0.003349	9.966508	-0.003349	10.375251	0.037525	10.375251	0.037525
32	694	P90	11	11.193601	0.017600	11.193601	0.017600	11.157259	0.014296	11.157259	0.014296
32	694	P95	11	11.429207	0.039019	11.429207	0.039019	11.392100	0.035645	11.392100	0.035645
32	694	P99	12	12.430657	0.035888	12.430657	0.035888	12.390298	0.032525	12.390298	0.032525
32	694	P999	13	13.020266	0.001559	13.020266	0.001559	13.554249	0.042635	13.554249	0.042635
33	601	P1	9	8.982780	-0.001913	8.982780	-0.001913	8.789755	-0.023361	8.789755	-0.023361
33	601	P50	10	9.927853	-0.007215	9.927853	-0.007215	10.145870	0.014587	10.145870	0.014587
33	601	P75	10	10.135381	0.013538	10.135381	0.013538	10.357955	0.035796	10.357955	0.035796
33	601	P90	11	10.876905	-0.011190	10.876905	-0.011190	11.115763	0.010524	11.115763	0.010524
33	601	P95	11	11.084313	0.007665	11.084313	0.007665	11.327726	0.029793	11.327726	0.029793
33	601	P99	12	12.048513	0.004043	12.048513	0.004043	12.313101	0.026092	12.313101	0.026092
33	601	P999	20	20.479566	0.023978	20.479566	0.023978	20.039496	0.001975	20.039496	0.001975
34	777	P1	6	5.757573	-0.040405	5.757573	-0.040405	5.937887	-0.010352	5.937887	-0.010352
34	777	P50	6	6.000208	0.000035	6.000208	0.000035	6.188122	0.031354	6.188122	0.031354
34	777	P75	7	6.997019	-0.000426	6.997019	-0.000426	6.909357	-0.012949	6.909357	-0.012949
34	777	P90	7	7.097357	0.013908	7.097357	0.013908	7.008439	0.001206	7.008439	0.001206
34	777	P95	7	7.131122	0.018732	7.131122	0.018732	7.041780	0.005969	7.041780	0.005969
34	777	P99	8	7.945651	-0.006794	7.945651	-0.006794	7.846104	-0.019237	7.846104	-0.019237
34	777	P999	8	8.149590	0.018699	8.149590	0.018699	8.047489	0.005936	8.047489	0.005936
35	1736	P1	253	250.456620	-0.010053	250.456620	-0.010053	249.459497	-0.013994	249.459497	-0.013994
35	1736	P50	264	265.321048	0.005004	265.308465	0.004956	265.041822	0.003946	265.030156	0.003902
35	1736	P75	269	270.839068	0.006837	270.826223	0.006789	270.153714	0.004289	270.141823	0.004245
35	1736	P90	277	279.037264	0.007355	279.037264	0.007355	278.804366	0.006514	278.804366	0.006514
35	1736	P95	283	284.360816	0.004809	284.360816	0.004809	283.464823	0.001642	283.464823	0.001642
35	1736	P99	297	297.209339	0.000705	297.209339	0.000705	299.048232	0.006896	299.048232	0.006896
35	1736	P999	639	650.584503	0.018129	650.584503	0.018129	647.620749	0.013491	647.620749	0.013491
36	249	P1	1	0.986182	-0.013818	0.986182	-0.013818	1.000585	0.000585	1.000585	0.000585
36	249	P50	1	1.009932	0.009932	1.009932	0.009932	1.024652	0.024652	1.024652	0.024652
36	249	P75	1	1.022221	0.022221	1.022221	0.022221	1.037103	0.037103	1.037103	0.037103
36	249	P90	2	2.034999	0.017500	2.034999	0.017500	1.975138	-0.012431	1.975138	-0.012431
36	249	P95	40	40.053902	0.001348	40.053902	0.001348	39.295211	-0.017620	39.295211	-0.017620
36	249	P99	42	43.379006	0.032833	43.379006	0.032833	43.487534	0.035417	43.487534	0.035417
36	249	P999	602	616.130267	0.023472	616.130267	0.023472	620.087291	0.030045	620.087291	0.030045
37	542	P1	3	2.900056	-0.033315	2.900056	-0.033315	2.975459	-0.008180	2.975459	-0.008180
37	542	P50	4	3.998384	-0.000404	3.997980	-0.000505	3.927933	-0.018017	3.927536	-0.018116
37	542	P75	4	4.053294	0.013324	4.053294	0.013324	3.981876	-0.004531	3.981876	-0.004531
37	542	P90	4	4.086602	0.021650	4.086602	0.021650	4.014597	0.003649	4.014597	0.003649
37	542	P95	5	4.968292	-0.006342	4.968292	-0.006342	5.097470	0.019494	5.097470	0.019494
37	542	P99	5	5.066154	0.013231	5.066154	0.013231	5.197876	0.039575	5.197876	0.039575
37	542	P999	42	42.693512	0.016512	42.693512	0.016512	43.803563	0.042942	43.803563	0.042942
38	1610	P1	1	0.978961	-0.021039	0.978961	-0.021039	1.000459	0.000459	1.000459	0.000459
38	1610	P50	1	1.000027	0.000027	1.000000	0.000000	1.021988	0.021988	1.021960	0.021960
38	1610	P75	1	1.010934	0.010934	1.010934	0.010934	1.033134	0.033134	1.033134	0.033134
38	1610	P90	1	1.017557	0.017557	1.017530	0.017530	1.039903	0.039903	1.039875	0.039875
38	1610	P95	1	1.019756	0.019756	1.019756	0.019756	1.042150	0.042150	1.042150	0.042150
38	1610	P99	1	1.021519	0.021519	1.021519	0.021519	1.043952	0.043952	1.043952	0.043952
38	1610	P999	1	1.021933	0.021933	1.021933	0.021933	1.044374	0.044374	1.044374	0.044374
39	1601	P1	1	0.978963	-0.021037	0.978963	-0.021037	1.000461	0.000461	1.000461	0.000461
39	1601	P50	1	1.000014	0.000014	1.000014	0.000014	1.021974	0.021974	1.021974	0.021974
39	1601	P75	1	1.010927	0.010927	1.010927	0.010927	1.033127	0.033127	1.033127	0.033127
39	1601	P90	1	1.017533	0.017533	1.017533	0.017533	1.039878	0.039878	1.039878	0.039878
39	1601	P95	1	1.019744	0.019744	1.019744	0.019744	1.042138	0.042138	1.042138	0.042138
39	1601	P99	1	1.021517	0.021517	1.021517	0.021517	1.043949	0.043949	1.043949	0.043949
39	1601	P999	1	1.021932	0.021932	1.021932	0.021932	1.044374	0.044374	1.044374	0.044374
40	1622	P1	1	0.978957	-0.021043	0.978957	-0.021043	1.000455	0.000455	1.000455	0.000455
40	1622	P50	1	1.000027	0.000027	1.000000	0.000000	1.021988	0.021988	1.021960	0.021960
40	1622	P75	1	1.010934	0.010934	1.010934	0.010934	1.033134	0.033134	1.033134	0.033134
40	1622	P90	1	1.017535	0.017535	1.017535	0.017535	1.039881	0.039881	1.039881	0.039881
40	1622	P95	1	1.019745	0.019745	1.019745	0.019745	1.042139	0.042139	1.042139	0.042139
40	1622	P99	1	1.021522	0.021522	1.021522	0.021522	1.043955	0.043955	1.043955	0.043955
40	1622	P999	1	1.021933	0.021933	1.021933	0.021933	1.044375	0.044375	1.044375	0.044375
41	2456	P1	1	0.978952	-0.021048	0.978952	-0.021048	1.000450	0.000450	1.000450	0.000450
41	2456	P50	1	1.000396	0.000396	1.000378	0.000378	1.022365	0.022365	1.022346	0.022346
41	2456	P75	1	1.011512	0.011512	1.011494	0.011494	1.033725	0.033725	1.033706	0.033706
41	2456	P90	1	1.018233	0.018233	1.018233	0.018233	1.040594	0.040594	1.040594	0.040594
41	2456	P95	1	1.020490	0.020490	1.020490	0.020490	1.042900	0.042900	1.042900	0.042900
41	2456	P99	2	2.010983	0.005491	2.010983	0.005491	1.967770	-0.016115	1.967770	-0.016115
41	2456	P999	4	4.068497	0.017124	4.068497	0.017124	3.981072	-0.004732	3.981072	-0.004732
42	1964	P1	1	0.978945	-0.021055	0.978945	-0.021055	1.000443	0.000443	1.000443	0.000443
42	1964	P50	1	1.000033	0.000033	1.000011	0.000011	1.021994	0.021994	1.021971	0.021971
42	1964	P75	1	1.010960	0.010960	1.010937	0.010937	1.033160	0.033160	1.033138	0.033138
42	1964	P90	1	1.017559	0.017559	1.017559	0.017559	1.039905	0.039905	1.039905	0.039905
42	1964	P95	1	1.019769	0.019769	1.019769	0.019769	1.042163	0.042163	1.042163	0.042163
42	1964	P99	1	1.021553	0.021553	1.021553	0.021553	1.043987	0.043987	1.043987	0.043987
42	1964	P999	1	1.021960	0.021960	1.021960	0.021960	1.044403	0.044403	1.044403	0.044403
43	1640	P1	1	0.978953	-0.021047	0.978953	-0.021047	1.000450	0.000450	1.000450	0.000450
43	1640	P50	1	1.000026	0.000026	1.000000	0.000000	1.021987	0.021987	1.021960	0.021960
43	1640	P75	1	1.010947	0.010947	1.010920	0.010920	1.033148	0.033148	1.033120	0.033120
43	1640	P90	1	1.017557	0.017557	1.017530	0.017530	1.039903	0.039903	1.039875	0.039875
43	1640	P95	1	1.019770	0.019770	1.019743	0.019743	1.042164	0.042164	1.042136	0.042136
43	1640	P99	1	1.021527	0.021527	1.021527	0.021527	1.043960	0.043960	1.043960	0.043960
43	1640	P999	1	1.021933	0.021933	1.021933	0.021933	1.044375	0.044375	1.044375	0.044375
44	1795	P1	1	0.978938	-0.021062	0.978938	-0.021062	1.000436	0.000436	1.000436	0.000436
44	1795	P50	1	1.000024	0.000024	1.000024	0.000024	1.021985	0.021985	1.021985	0.021985
44	1795	P75	1	1.010957	0.010957	1.010957	0.010957	1.033158	0.033158	1.033158	0.033158
44	1795	P90	1	1.017564	0.017564	1.017564	0.017564	1.039910	0.039910	1.039910	0.039910
44	1795	P95	1	1.019785	0.019785	1.019785	0.019785	1.042179	0.042179	1.042179	0.042179
44	1795	P99	1	1.021564	0.021564	1.021564	0.021564	1.043998	0.043998	1.043998	0.043998
44	1795	P999	1	1.021960	0.021960	1.021960	0.021960	1.044403	0.044403	1.044403	0.044403
45	1671	P1	1	0.978944	-0.021056	0.978944	-0.021056	1.000442	0.000442	1.000442	0.000442
45	1671	P50	1	1.000013	0.000013	1.000013	0.000013	1.021973	0.021973	1.021973	0.021973
45	1671	P75	1	1.010940	0.010940	1.010940	0.010940	1.033141	0.033141	1.033141	0.033141
45	1671	P90	1	1.017533	0.017533	1.017533	0.017533	1.039878	0.039878	1.039878	0.039878
45	1671	P95	1	1.019757	0.019757	1.019757	0.019757	1.042151	0.042151	1.042151	0.042151
45	1671	P99	1	1.021535	0.021535	1.021535	0.021535	1.043968	0.043968	1.043968	0.043968
45	1671	P999	1	1.021934	0.021934	1.021934	0.021934	1.044375	0.044375	1.044375	0.044375
46	1639	P1	1	0.978953	-0.021047	0.978953	-0.021047	1.000451	0.000451	1.000451	0.000451
46	1639	P50	1	1.000013	0.000013	1.000013	0.000013	1.021974	0.021974	1.021974	0.021974
46	1639	P75	1	1.010941	0.010941	1.010941	0.010941	1.033141	0.033141	1.033141	0.033141
46	1639	P90	1	1.017554	0.017554	1.017554	0.017554	1.039900	0.039900	1.039900	0.039900
46	1639	P95	1	1.019768	0.019768	1.019768	0.019768	1.042163	0.042163	1.042163	0.042163
46	1639	P99	1	1.021527	0.021527	1.021527	0.021527	1.043960	0.043960	1.043960	0.043960
46	1639	P999	1	1.021933	0.021933	1.021933	0.021933	1.044375	0.044375	1.044375	0.044375
47	1708	P1	1	0.978960	-0.021040	0.978960	-0.021040	1.000458	0.000458	1.000458	0.000458
47	1708	P50	1	1.000025	0.000025	1.000000	0.000000	1.021986	0.021986	1.021960	0.021960
47	1708	P75	1	1.010946	0.010946	1.010920	0.010920	1.033147	0.033147	1.033120	0.033120
47	1708	P90	1	1.017551	0.017551	1.017551	0.017551	1.039896	0.039896	1.039896	0.039896
47	1708	P95	1	1.019753	0.019753	1.019753	0.019753	1.042147	0.042147	1.042147	0.042147
47	1708	P99	1	1.021518	0.021518	1.021518	0.021518	1.043951	0.043951	1.043951	0.043951
47	1708	P999	1	1.021934	0.021934	1.021934	0.021934	1.044376	0.044376	1.044376	0.044376
48	2491	P1	1	0.978947	-0.021053	0.978947	-0.021053	1.000445	0.000445	1.000445	0.000445
48	2491	P50	1	1.000436	0.000436	1.000436	0.000436	1.022406	0.022406	1.022406	0.022406
48	2491	P75	1	1.011581	0.011581	1.011581	0.011581	1.033796	0.033796	1.033796	0.033796
48	2491	P90	1	1.018314	0.018314	1.018314	0.018314	1.040676	0.040676	1.040676	0.040676
48	2491	P95	1	1.020580	0.020580	1.020580	0.020580	1.042992	0.042992	1.042992	0.042992
48	2491	P99	2	2.038095	0.019047	2.038095	0.019047	1.994299	-0.002850	1.994299	-0.002850
48	2491	P999	5	5.099730	0.019946	5.099730	0.019946	5.211721	0.042344	5.211721	0.042344
49	2069	P1	1	0.978943	-0.021057	0.978943	-0.021057	1.000441	0.000441	1.000441	0.000441
49	2069	P50	1	1.000010	0.000010	1.000010	0.000010	1.021971	0.021971	1.021971	0.021971
49	2069	P75	1	1.010926	0.010926	1.010926	0.010926	1.033126	0.033126	1.033126	0.033126
49	2069	P90	1	1.017549	0.017549	1.017549	0.017549	1.039895	0.039895	1.039895	0.039895
49	2069	P95	1	1.019752	0.019752	1.019752	0.019752	1.042146	0.042146	1.042146	0.042146
49	2069	P99	1	1.021531	0.021531	1.021531	0.021531	1.043964	0.043964	1.043964	0.043964
49	2069	P999	1	1.021917	0.021917	1.021917	0.021917	1.044359	0.044359	1.044359	0.044359
50	1621	P1	1	0.978958	-0.021042	0.978958	-0.021042	1.000456	0.000456	1.000456	0.000456
50	1621	P50	1	1.000027	0.000027	1.000027	0.000027	1.021988	0.021988	1.021988	0.021988
50	1621	P75	1	1.010948	0.010948	1.010948	0.010948	1.033148	0.033148	1.033148	0.033148
50	1621	P90	1	1.017557	0.017557	1.017557	0.017557	1.039903	0.039903	1.039903	0.039903
50	1621	P95	1	1.019770	0.019770	1.019770	0.019770	1.042164	0.042164	1.042164	0.042164
50	1621	P99	1	1.021549	0.021549	1.021549	0.021549	1.043983	0.043983	1.043983	0.043983
50	1621	P999	1	1.021960	0.021960	1.021960	0.021960	1.044403	0.044403	1.044403	0.044403
51	540	P1	1	0.978984	-0.021016	0.978984	-0.021016	1.000483	0.000483	1.000483	0.000483
51	540	P50	1	1.000080	0.000080	1.000000	0.000000	1.022042	0.022042	1.021960	0.021960
51	540	P75	1	1.011002	0.011002	1.010920	0.010920	1.033204	0.033204	1.033120	0.033120
51	540	P90	1	1.017612	0.017612	1.017530	0.017530	1.039959	0.039959	1.039875	0.039875
51	540	P95	1	1.019825	0.019825	1.019743	0.019743	1.042220	0.042220	1.042136	0.042136
51	540	P99	1	1.021549	0.021549	1.021549	0.021549	1.043983	0.043983	1.043983	0.043983
51	540	P999	1	1.021960	0.021960	1.021960	0.021960	1.044403	0.044403	1.044403	0.044403
52	539	P1	1	0.978985	-0.021015	0.978985	-0.021015	1.000484	0.000484	1.000484	0.000484
52	539	P50	1	1.000040	0.000040	1.000040	0.000040	1.022001	0.022001	1.022001	0.022001
52	539	P75	1	1.010982	0.010982	1.010982	0.010982	1.033183	0.033183	1.033183	0.033183
52	539	P90	1	1.017604	0.017604	1.017604	0.017604	1.039950	0.039950	1.039950	0.039950
52	539	P95	1	1.019821	0.019821	1.019821	0.019821	1.042216	0.042216	1.042216	0.042216
52	539	P99	1	1.021548	0.021548	1.021548	0.021548	1.043982	0.043982	1.043982	0.043982
52	539	P999	1	1.021960	0.021960	1.021960	0.021960	1.044403	0.044403	1.044403	0.044403
53	2341	P1	39	38.338683	-0.016957	38.338683	-0.016957	38.582933	-0.010694	38.582933	-0.010694
53	2341	P50	46	45.487756	-0.011136	45.487756	-0.011136	46.006039	0.000131	46.006039	0.000131
53	2341	P75	49	48.598770	-0.008188	48.598770	-0.008188	49.152500	0.003112	49.152500	0.003112
53	2341	P90	53	52.955824	-0.000834	52.955824	-0.000834	52.354306	-0.012183	52.354306	-0.012183
53	2341	P95	58	57.859579	-0.002421	57.859579	-0.002421	58.180825	0.003118	58.180825	0.003118
53	2341	P99	77	76.486958	-0.006663	76.486958	-0.006663	76.636200	-0.004725	76.636200	-0.004725
53	2341	P999	106	107.848850	0.017442	107.848850	0.017442	109.077669	0.029035	109.077669	0.029035
54	126	P1	1	0.979187	-0.020813	0.979187	-0.020813	1.000690	0.000690	1.000690	0.000690
54	126	P50	1	1.000345	0.000345	1.000000	0.000000	1.022313	0.022313	1.021960	0.021960
54	126	P75	1	1.011095	0.011095	1.011095	0.011095	1.033299	0.033299	1.033299	0.033299
54	126	P90	1	1.017740	0.017740	1.017740	0.017740	1.040090	0.040090	1.040090	0.040090
54	126	P95	1	1.019848	0.019848	1.019848	0.019848	1.042244	0.042244	1.042244	0.042244
54	126	P99	1	1.021608	0.021608	1.021608	0.021608	1.044043	0.044043	1.044043	0.044043
54	126	P999	1	1.021960	0.021960	1.021960	0.021960	1.044403	0.044403	1.044403	0.044403
55	352	P1	1	0.978998	-0.021002	0.978998	-0.021002	1.000497	0.000497	1.000497	0.000497
55	352	P50	1	1.000248	0.000248	1.000124	0.000124	1.022214	0.022214	1.022087	0.022087
55	352	P75	1	1.011234	0.011234	1.011109	0.011109	1.033441	0.033441	1.033313	0.033313
55	352	P90	1	1.017783	0.017783	1.017783	0.017783	1.040133	0.040133	1.040133	0.040133
55	352	P95	1	1.020059	0.020059	1.020059	0.020059	1.042460	0.042460	1.042460	0.042460
55	352	P99	1	1.021833	0.021833	1.021833	0.021833	1.044273	0.044273	1.044273	0.044273
55	352	P999	2	2.047957	0.023978	2.047957	0.023978	2.003950	0.001975	2.003950	0.001975
56	495	P1	1	0.973544	-0.026456	0.973544	-0.026456	1.000829	0.000829	1.000829	0.000829
56	495	P50	1	1.013574	0.013574	1.013574	0.013574	1.041981	0.041981	1.041981	0.041981
56	495	P75	9	9.006183	0.000687	9.006183	0.000687	8.864968	-0.015004	8.864968	-0.015004
56	495	P90	9	9.252812	0.028090	9.252812	0.028090	9.107731	0.011970	9.107731	0.011970
56	495	P95	10	9.833602	-0.016640	9.833602	-0.016640	10.109204	0.010920	10.109204	0.010920
56	495	P99	10	10.143544	0.014354	10.143544	0.014354	10.427833	0.042783	10.427833	0.042783
56	495	P999	92	93.138175	0.012371	93.138175	0.012371	95.748521	0.040745	95.748521	0.040745
57	885	P1	1	0.978944	-0.021056	0.978944	-0.021056	1.000442	0.000442	1.000442	0.000442
57	885	P50	1	1.000025	0.000025	1.000025	0.000025	1.021985	0.021985	1.021985	0.021985
57	885	P75	1	1.010933	0.010933	1.010933	0.010933	1.033133	0.033133	1.033133	0.033133
57	885	P90	1	1.017555	0.017555	1.017555	0.017555	1.039901	0.039901	1.039901	0.039901
57	885	P95	1	1.019755	0.019755	1.019755	0.019755	1.042149	0.042149	1.042149	0.042149
57	885	P99	1	1.021559	0.021559	1.021559	0.021559	1.043992	0.043992	1.043992	0.043992
57	885	P999	1	1.021960	0.021960	1.021960	0.021960	1.044403	0.044403	1.044403	0.044403
58	246	P1	5	4.950874	-0.009825	4.950874	-0.009825	5.049624	0.009925	5.049624	0.009925
58	246	P50	7	7.107195	0.015314	7.103023	0.014718	6.940767	-0.008462	6.936693	-0.009044
58	246	P75	8	8.097135	0.012142	8.097135	0.012142	7.907526	-0.011559	7.907526	-0.011559
58	246	P90	9	9.291002	0.032334	9.291002	0.032334	9.073436	0.008160	9.073436	0.008160
58	246	P95	10	10.239783	0.023978	10.239783	0.023978	10.444026	0.044403	10.444026	0.044403
58	246	P99	13	13.098121	0.007548	13.098121	0.007548	13.359376	0.027644	13.359376	0.027644
58	246	P999	14	14.495532	0.035395	14.495532	0.035395	14.156093	0.011149	14.156093	0.011149
59	7378	P1	1	0.977907	-0.022093	0.977907	-0.022093	1.001356	0.001356	1.001356	0.001356
59	7378	P50	2	1.988306	-0.005847	1.988282	-0.005859	1.949423	-0.025289	1.949399	-0.025300
59	7378	P75	2	2.032949	0.016474	2.032949	0.016474	1.993192	-0.003404	1.993192	-0.003404
59	7378	P90	3	2.954861	-0.015046	2.954861	-0.015046	3.025713	0.008571	3.025713	0.008571
59	7378	P95	3	2.989794	-0.003402	2.989794	-0.003402	3.061484	0.020495	3.061484	0.020495
59	7378	P99	3	3.018019	0.006006	3.018019	0.006006	3.090386	0.030129	3.090386	0.030129
59	7378	P999	4	4.072256	0.018064	4.072256	0.018064	3.992619	-0.001845	3.992619	-0.001845
60	537	P1	14	13.475350	-0.037475	13.475350	-0.037475	13.573570	-0.030459	13.573570	-0.030459
60	537	P50	15	14.997768	-0.000149	14.997768	-0.000149	15.107085	0.007139	15.107085	0.007139
60	537	P75	15	15.299781	0.019985	15.299781	0.019985	15.411299	0.027420	15.411299	0.027420
60	537	P90	16	15.884856	-0.007197	15.884856	-0.007197	16.000638	0.000040	16.000638	0.000040
60	537	P95	17	17.088149	0.005185	17.088149	0.005185	17.212702	0.012512	17.212702	0.012512
60	537	P99	19	18.466635	-0.028072	18.466635	-0.028072	18.601235	-0.020988	18.601235	-0.020988
60	537	P999	19	19.048678	0.002562	19.048678	0.002562	19.187521	0.009870	19.187521	0.009870
61	297	P1	4	3.891272	-0.027182	3.891272	-0.027182	3.878638	-0.030341	3.878638	-0.030341
61	297	P50	9	9.136371	0.015152	9.136371	0.015152	9.106708	0.011856	9.106708	0.011856
61	297	P75	17	17.362804	0.021341	17.362804	0.021341	17.306432	0.018025	17.306432	0.018025
61	297	P90	32	32.422484	0.013203	32.422484	0.013203	32.317218	0.009913	32.317218	0.009913
61	297	P95	67	67.857991	0.012806	67.857991	0.012806	67.637676	0.009518	67.637676	0.009518
61	297	P99	107	107.081441	0.000761	107.081441	0.000761	106.733779	-0.002488	106.733779	-0.002488
61	297	P999	111	114.292069	0.029658	114.292069	0.029658	113.920996	0.026315	113.920996	0.026315
62	165	P1	1	0.979040	-0.020960	0.979040	-0.020960	1.000540	0.000540	1.000540	0.000540
62	165	P50	1	1.000675	0.000675	1.000675	0.000675	1.022650	0.022650	1.022650	0.022650
62	165	P75	1	1.011807	0.011807	1.011807	0.011807	1.034027	0.034027	1.034027	0.034027
62	165	P90	1	1.018656	0.018656	1.018656	0.018656	1.041026	0.041026	1.041026	0.041026
62	165	P95	1	1.020858	0.020858	1.020858	0.020858	1.043276	0.043276	1.043276	0.043276
62	165	P99	2	2.025834	0.012917	2.025834	0.012917	1.982302	-0.008849	1.982302	-0.008849
62	165	P999	2	2.047957	0.023978	2.047957	0.023978	2.003950	0.001975	2.003950	0.001975
63	534	P1	1	0.998665	-0.001335	0.998665	-0.001335	1.007930	0.007930	1.007930	0.007930
63	534	P50	2	2.028758	0.014379	2.028572	0.014286	1.960529	-0.019736	1.960349	-0.019825
63	534	P75	2	2.053641	0.026820	2.053641	0.026820	1.984574	-0.007713	1.984574	-0.007713
63	534	P90	2	2.068754	0.034377	2.068754	0.034377	1.999180	-0.000410	1.999180	-0.000410
63	534	P95	3	2.940444	-0.019852	2.940444	-0.019852	2.967726	-0.010758	2.967726	-0.010758
63	534	P99	3	3.045457	0.015152	3.045457	0.015152	3.073713	0.024571	3.073713	0.024571
63	534	P999	4	4.155571	0.038893	4.155571	0.038893	4.015814	0.003953	4.015814	0.003953
64	538	P1	13	12.727926	-0.020929	12.727926	-0.020929	12.985414	-0.001122	12.985414	-0.001122
64	538	P50	14	14.246612	0.017615	14.244622	0.017473	13.916878	-0.005937	13.914934	-0.006076
64	538	P75	15	14.563625	-0.029092	14.563625	-0.029092	14.858250	-0.009450	14.858250	-0.009450
64	538	P90	15	15.059992	0.003999	15.059992	0.003999	15.364658	0.024311	15.364658	0.024311
64	538	P95	16	16.282216	0.017638	16.282216	0.017638	15.905369	-0.005914	15.905369	-0.005914
64	538	P99	21	21.425180	0.020247	21.425180	0.020247	21.858615	0.040886	21.858615	0.040886
64	538	P999	69	69.240221	0.003481	69.240221	0.003481	70.640962	0.023782	70.640962	0.023782
65	351	P1	1	0.978996	-0.021004	0.978996	-0.021004	1.000495	0.000495	1.000495	0.000495
65	351	P50	1	1.000062	0.000062	1.000062	0.000062	1.022023	0.022023	1.022023	0.022023
65	351	P75	1	1.011014	0.011014	1.011014	0.011014	1.033216	0.033216	1.033216	0.033216
65	351	P90	1	1.017542	0.017542	1.017542	0.017542	1.039888	0.039888	1.039888	0.039888
65	351	P95	1	1.019812	0.019812	1.019812	0.019812	1.042207	0.042207	1.042207	0.042207
65	351	P99	1	1.021581	0.021581	1.021581	0.021581	1.044015	0.044015	1.044015	0.044015
65	351	P999	1	1.021960	0.021960	1.021960	0.021960	1.044403	0.044403	1.044403	0.044403
66	231	P1	1	0.979066	-0.020934	0.979066	-0.020934	1.000567	0.000567	1.000567	0.000567
66	231	P50	1	1.000189	0.000189	1.000189	0.000189	1.022153	0.022153	1.022153	0.022153
66	231	P75	1	1.011207	0.011207	1.011207	0.011207	1.033413	0.033413	1.033413	0.033413
66	231	P90	1	1.017722	0.017722	1.017722	0.017722	1.040071	0.040071	1.040071	0.040071
66	231	P95	1	1.020032	0.020032	1.020032	0.020032	1.042432	0.042432	1.042432	0.042432
66	231	P99	1	1.021767	0.021767	1.021767	0.021767	1.044205	0.044205	1.044205	0.044205
66	231	P999	2	2.047957	0.023978	2.047957	0.023978	2.003950	0.001975	2.003950	0.001975
67	868	P1	7	6.850718	-0.021326	6.850718	-0.021326	6.764889	-0.033587	6.764889	-0.033587
67	868	P50	8	7.950147	-0.006232	7.949248	-0.006344	7.850544	-0.018682	7.849656	-0.018793
67	868	P75	8	8.147746	0.018468	8.146825	0.018353	8.045668	0.005708	8.044758	0.005595
67	868	P90	9	9.284094	0.031566	9.284094	0.031566	9.167779	0.018642	9.167779	0.018642
67	868	P95	10	10.116880	0.011688	10.116880	0.011688	10.433718	0.043372	10.433718	0.043372
67	868	P99	12	12.048892	0.004074	12.048892	0.004074	12.426237	0.035520	12.426237	0.035520
67	868	P999	19	19.430960	0.022682	19.430960	0.022682	19.187521	0.009870	19.187521	0.009870
68	578	P1	6	5.758037	-0.040327	5.758037	-0.040327	5.938366	-0.010272	5.938366	-0.010272
68	578	P50	7	6.917549	-0.011779	6.916307	-0.011956	6.830883	-0.024160	6.829657	-0.024335
68	578	P75	7	7.098710	0.014101	7.098710	0.014101	7.009774	0.001396	7.009774	0.001396
68	578	P90	9	9.012181	0.001353	9.012181	0.001353	8.899273	-0.011192	8.899273	-0.011192
68	578	P95	12	11.841315	-0.013224	11.841315	-0.013224	12.212159	0.017680	12.212159	0.017680
68	578	P99	17	17.056523	0.003325	17.056523	0.003325	17.590696	0.034747	17.590696	0.034747
68	578	P999	21	21.194839	0.009278	21.194839	0.009278	21.858615	0.040886	21.858615	0.040886
69	1127	P1	1	0.995623	-0.004377	0.995623	-0.004377	1.019497	0.019497	1.019497	0.019497
69	1127	P50	2	2.010337	0.005169	2.010337	0.005169	1.971023	-0.014488	1.971023	-0.014488
69	1127	P75	2	2.038914	0.019457	2.038914	0.019457	1.999041	-0.000480	1.999041	-0.000480
69	1127	P90	3	2.960613	-0.013129	2.960613	-0.013129	3.031603	0.010534	3.031603	0.010534
69	1127	P95	3	2.992514	-0.002495	2.992514	-0.002495	3.064270	0.021423	3.064270	0.021423
69	1127	P99	3	3.018398	0.006133	3.018398	0.006133	3.090775	0.030258	3.090775	0.030258
69	1127	P999	4	4.060478	0.015120	4.060478	0.015120	3.981072	-0.004732	3.981072	-0.004732
70	113	P1	12	11.851460	-0.012378	11.851460	-0.012378	12.159218	0.013268	12.159218	0.013268
70	113	P50	947	974.689268	0.029239	974.689268	0.029239	957.485213	0.011072	957.485213	0.011072
70	113	P75	1319	1314.382899	-0.003500	1314.382899	-0.003500	1317.852530	-0.000870	1317.852530	-0.000870
70	113	P90	1379	1379.779157	0.000565	1379.779157	0.000565	1380.898396	0.001377	1380.898396	0.001377
70	113	P95	1410	1416.218734	0.004410	1416.218734	0.004410	1406.850594	-0.002234	1406.850594	-0.002234
70	113	P99	1440	1441.044874	0.000726	1441.044874	0.000726	1478.465929	0.026712	1478.465929	0.026712
70	113	P999	1532	1571.858160	0.026017	1571.858160	0.026017	1544.113590	0.007907	1544.113590	0.007907
71	119	P1	16	15.969154	-0.001928	15.969154	-0.001928	15.780226	-0.013736	15.780226	-0.013736
71	119	P50	18	18.356815	0.019823	18.356815	0.019823	18.139638	0.007758	18.139638	0.007758
71	119	P75	19	19.138075	0.007267	19.138075	0.007267	18.911656	-0.004650	18.911656	-0.004650
71	119	P90	20	20.010133	0.000507	20.010133	0.000507	19.773397	-0.011330	19.773397	-0.011330
71	119	P95	21	20.724757	-0.013107	20.724757	-0.013107	21.388911	0.018520	21.388911	0.018520
71	119	P99	24	24.128326	0.005347	24.128326	0.005347	24.901552	0.037565	24.901552	0.037565
71	119	P999	27	27.487229	0.018046	27.487229	0.018046	27.162032	0.006001	27.162032	0.006001
72	421	P1	329	323.962513	-0.015312	323.962513	-0.015312	325.008707	-0.012132	325.008707	-0.012132
72	421	P50	449	446.207482	-0.006219	446.207482	-0.006219	447.017758	-0.004415	447.017758	-0.004415
72	421	P75	464	464.685503	0.001477	464.685503	0.001477	465.755450	0.003783	465.755450	0.003783
72	421	P90	481	482.615317	0.003358	482.615317	0.003358	481.476303	0.000990	481.476303	0.000990
72	421	P95	493	494.663565	0.003374	494.663565	0.003374	494.570986	0.003187	494.570986	0.003187
72	421	P99	550	564.187735	0.025796	564.187735	0.025796	568.482344	0.033604	568.482344	0.033604
72	421	P999	679	701.073035	0.032508	701.073035	0.032508	706.409618	0.040368	706.409618	0.040368
73	106	P1	2	1.997063	-0.001469	1.997063	-0.001469	1.929899	-0.035050	1.929899	-0.035050
73	106	P50	3	3.006432	0.002144	3.004593	0.001531	3.034326	0.011442	3.032469	0.010823
73	106	P75	3	3.054645	0.018215	3.054645	0.018215	3.082986	0.027662	3.082986	0.027662
73	106	P90	4	4.081892	0.020473	4.081892	0.020473	3.944613	-0.013847	3.944613	-0.013847
73	106	P95	4	4.134385	0.033596	4.134385	0.033596	3.995341	-0.001165	3.995341	-0.001165
73	106	P99	5	5.089569	0.017914	5.089569	0.017914	5.136790	0.027358	5.136790	0.027358
73	106	P999	5	5.163811	0.032762	5.163811	0.032762	5.211721	0.042344	5.211721	0.042344
74	2002	P1	1	0.979041	-0.020959	0.979041	-0.020959	1.000541	0.000541	1.000541	0.000541
74	2002	P50	1	1.004106	0.004106	1.004080	0.004080	1.026156	0.026156	1.026129	0.026129
74	2002	P75	1	1.017126	0.017126	1.017126	0.017126	1.039462	0.039462	1.039462	0.039462
74	2002	P90	2	1.992411	-0.003794	1.992411	-0.003794	1.949598	-0.025201	1.949598	-0.025201
74	2002	P95	2	2.019993	0.009997	2.019993	0.009997	1.976587	-0.011707	1.976587	-0.011707
74	2002	P99	2	2.042333	0.021167	2.042333	0.021167	1.998447	-0.000777	1.998447	-0.000777
74	2002	P999	2	2.047394	0.023697	2.047394	0.023697	2.003399	0.001699	2.003399	0.001699
75	458	P1	51	51.021916	0.000430	51.021916	0.000430	50.681767	-0.006240	50.681767	-0.006240
75	458	P50	58	57.928717	-0.001229	57.891718	-0.001867	58.385520	0.006647	58.365551	0.006303
75	458	P75	66	65.539470	-0.006978	65.539470	-0.006978	65.687345	-0.004737	65.687345	-0.004737
75	458	P90	69	69.586926	0.008506	69.586926	0.008506	70.029821	0.014925	70.029821	0.014925
75	458	P95	72	71.891673	-0.001505	71.891673	-0.001505	72.454088	0.006307	72.454088	0.006307
75	458	P99	77	77.570655	0.007411	77.570655	0.007411	77.053515	0.000695	77.053515	0.000695
75	458	P999	136	136.452180	0.003325	136.452180	0.003325	141.560926	0.040889	141.560926	0.040889
76	1802	P1	1	0.981116	-0.018884	0.981116	-0.018884	1.006625	0.006625	1.006625	0.006625
76	1802	P50	2	2.003876	0.001938	2.003810	0.001905	1.968568	-0.015716	1.968503	-0.015748
76	1802	P75	2	2.033845	0.016922	2.033845	0.016922	1.998009	-0.000996	1.998009	-0.000996
76	1802	P90	3	2.953893	-0.015369	2.953893	-0.015369	3.030695	0.010232	3.030695	0.010232
76	1802	P95	3	2.987561	-0.004146	2.987561	-0.004146	3.065239	0.021746	3.065239	0.021746
76	1802	P99	3	3.014772	0.004924	3.014772	0.004924	3.093157	0.031052	3.093157	0.031052
76	1802	P999	6	6.043733	0.007289	6.043733	0.007289	6.200873	0.033479	6.200873	0.033479
77	1784	P1	1	0.996056	-0.003944	0.996056	-0.003944	1.005298	0.005298	1.005298	0.005298
77	1784	P50	2	2.035273	0.017636	2.035205	0.017603	1.966824	-0.016588	1.966759	-0.016621
77	1784	P75	2	2.065647	0.032824	2.065579	0.032789	1.996177	-0.001911	1.996111	-0.001945
77	1784	P90	3	2.995551	-0.001483	2.995551	-0.001483	3.023344	0.007781	3.023344	0.007781
77	1784	P95	3	3.031739	0.010580	3.031739	0.010580	3.059867	0.019956	3.059867	0.019956
77	1784	P99	3	3.061334	0.020445	3.061334	0.020445	3.089737	0.029912	3.089737	0.029912
77	1784	P999	4	4.155571	0.038893	4.155571	0.038893	4.015814	0.003953	4.015814	0.003953
78	2894	P1	1	0.987156	-0.012844	0.987156	-0.012844	1.010827	0.010827	1.010827	0.010827
78	2894	P50	2	2.007562	0.003781	2.007523	0.003762	1.968302	-0.015849	1.968264	-0.015868
78	2894	P75	2	2.035559	0.017779	2.035559	0.017779	1.995752	-0.002124	1.995752	-0.002124
78	2894	P90	3	2.949009	-0.016997	2.949009	-0.016997	3.019722	0.006574	3.019722	0.006574
78	2894	P95	3	2.986249	-0.004584	2.986249	-0.004584	3.057855	0.019285	3.057855	0.019285
78	2894	P99	3	3.016380	0.005460	3.016380	0.005460	3.088707	0.029569	3.088707	0.029569
78	2894	P999	4	4.045386	0.011346	4.045386	0.011346	3.966274	-0.008431	3.966274	-0.008431
79	963	P1	1	0.978959	-0.021041	0.978959	-0.021041	1.000457	0.000457	1.000457	0.000457
79	963	P50	1	1.000320	0.000320	1.000320	0.000320	1.022287	0.022287	1.022287	0.022287
79	963	P75	1	1.011406	0.011406	1.011406	0.011406	1.033617	0.033617	1.033617	0.033617
79	963	P90	1	1.018088	0.018088	1.018088	0.018088	1.040446	0.040446	1.040446	0.040446
79	963	P95	1	1.020326	0.020326	1.020326	0.020326	1.042732	0.042732	1.042732	0.042732
79	963	P99	2	1.987277	-0.006362	1.987277	-0.006362	1.944574	-0.027713	1.944574	-0.027713
79	963	P999	2	2.047957	0.023978	2.047957	0.023978	2.003950	0.001975	2.003950	0.001975
80	155	P1	1	0.979086	-0.020914	0.979086	-0.020914	1.000587	0.000587	1.000587	0.000587
80	155	P50	1	1.001175	0.001175	1.001175	0.001175	1.023161	0.023161	1.023161	0.023161
80	155	P75	1	1.012703	0.012703	1.012703	0.012703	1.034942	0.034942	1.034942	0.034942
80	155	P90	1	1.019563	0.019563	1.019563	0.019563	1.041953	0.041953	1.041953	0.041953
80	155	P95	1	1.021960	0.021960	1.021960	0.021960	1.044403	0.044403	1.044403	0.044403
80	155	P99	2	2.035285	0.017643	2.035285	0.017643	1.991551	-0.004225	1.991551	-0.004225
80	155	P999	2	2.047957	0.023978	2.047957	0.023978	2.003950	0.001975	2.003950	0.001975
81	754	P1	1	0.977110	-0.022890	0.977110	-0.022890	1.000540	0.000540	1.000540	0.000540
81	754	P50	1	1.001807	0.001807	1.001739	0.001739	1.025828	0.025828	1.025759	0.025759
81	754	P75	1	1.014593	0.014593	1.014593	0.014593	1.038921	0.038921	1.038921	0.038921
81	754	P90	2	1.984264	-0.007868	1.984264	-0.007868	1.945460	-0.027270	1.945460	-0.027270
81	754	P95	2	2.014269	0.007135	2.014269	0.007135	1.974878	-0.012561	1.974878	-0.012561
81	754	P99	2	2.038277	0.019139	2.038277	0.019139	1.998417	-0.000792	1.998417	-0.000792
81	754	P999	2	2.043920	0.021960	2.043920	0.021960	2.003950	0.001975	2.003950	0.001975
82	274	P1	1	0.978977	-0.021023	0.978977	-0.021023	1.000476	0.000476	1.000476	0.000476
82	274	P50	1	1.000159	0.000159	1.000000	0.000000	1.022122	0.022122	1.021960	0.021960
82	274	P75	1	1.011001	0.011001	1.011001	0.011001	1.033202	0.033202	1.033202	0.033202
82	274	P90	1	1.017594	0.017594	1.017594	0.017594	1.039941	0.039941	1.039941	0.039941
82	274	P95	1	1.019856	0.019856	1.019856	0.019856	1.042252	0.042252	1.042252	0.042252
82	274	P99	1	1.021636	0.021636	1.021636	0.021636	1.044071	0.044071	1.044071	0.044071
82	274	P999	1	1.021960	0.021960	1.021960	0.021960	1.044403	0.044403	1.044403	0.044403
83	1129	P1	1	0.977520	-0.022480	0.977520	-0.022480	1.000959	0.000959	1.000959	0.000959
83	1129	P50	2	1.960158	-0.019921	1.960158	-0.019921	1.921826	-0.039087	1.921826	-0.039087
83	1129	P75	2	2.002746	0.001373	2.002746	0.001373	1.963580	-0.018210	1.963580	-0.018210
83	1129	P90	2	2.028865	0.014432	2.028865	0.014432	1.989188	-0.005406	1.989188	-0.005406
83	1129	P95	2	2.037543	0.018772	2.037543	0.018772	1.997697	-0.001151	1.997697	-0.001151
83	1129	P99	3	2.932330	-0.022557	2.932330	-0.022557	3.002643	0.000881	3.002643	0.000881
83	1129	P999	6	6.055668	0.009278	6.055668	0.009278	6.200873	0.033479	6.200873	0.033479
84	770	P1	97	96.792484	-0.002139	96.792484	-0.002139	97.145208	0.001497	97.145208	0.001497
84	770	P50	115	115.067405	0.000586	115.052303	0.000455	115.486725	0.004232	115.471567	0.004101
84	770	P75	118	118.004034	0.000034	118.004034	0.000034	118.434055	0.003678	118.434055	0.003678
84	770	P90	121	122.016627	0.008402	121.973184	0.008043	122.295804	0.010709	122.254302	0.010366
84	770	P95	123	123.678984	0.005520	123.678984	0.005520	123.883359	0.007182	123.883359	0.007182
84	770	P99	132	133.384354	0.010488	133.384354	0.010488	133.870423	0.014170	133.870423	0.014170
84	770	P999	190	191.178531	0.006203	191.178531	0.006203	191.875210	0.009870	191.875210	0.009870
85	1620	P1	54	53.028059	-0.017999	53.028059	-0.017999	52.896123	-0.020442	52.896123	-0.020442
85	1620	P50	62	61.880902	-0.001921	61.859225	-0.002271	61.726939	-0.004404	61.705316	-0.004753
85	1620	P75	68	68.240703	0.003540	68.231232	0.003400	68.070917	0.001043	68.061469	0.000904
85	1620	P90	70	70.581641	0.008309	70.571845	0.008169	70.406031	0.005800	70.396259	0.005661
85	1620	P95	72	72.770752	0.010705	72.736019	0.010222	72.589695	0.008190	72.555048	0.007709
85	1620	P99	79	80.093563	0.013843	80.093563	0.013843	79.894287	0.011320	79.894287	0.011320
85	1620	P999	236	239.023379	0.012811	239.023379	0.012811	238.428678	0.010291	238.428678	0.010291
86	3610	P1	33	33.103457	0.003135	33.103457	0.003135	33.266919	0.008088	33.266919	0.008088
86	3610	P50	36	36.547254	0.015202	36.545565	0.015155	36.727721	0.020214	36.726023	0.020167
86	3610	P75	38	37.723041	-0.007288	37.723041	-0.007288	37.909314	-0.002386	37.909314	-0.002386
86	3610	P90	39	39.196620	0.005042	39.189343	0.004855	39.076328	0.001957	39.071478	0.001833
86	3610	P95	40	40.799326	0.019983	40.799326	0.019983	39.959243	-0.001019	39.959243	-0.001019
86	3610	P99	46	46.523470	0.011380	46.523470	0.011380	46.753198	0.016374	46.753198	0.016374
86	3610	P999	108	108.541701	0.005016	108.541701	0.005016	109.077669	0.009978	109.077669	0.009978
87	152055	P1	1	1.033110	0.033110	1.033110	0.033110	1.034831	0.034831	1.034831	0.034831
87	152055	P50	58	58.068020	0.001173	58.068020	0.001173	58.164764	0.002841	58.164764	0.002841
87	152055	P75	60	59.799099	-0.003348	59.799099	-0.003348	59.799086	-0.003349	59.799086	-0.003349
87	152055	P90	62	62.139193	0.002245	62.139193	0.002245	61.584508	-0.006701	61.584508	-0.006701
87	152055	P95	63	63.887577	0.014089	63.887577	0.014089	63.125870	0.001998	63.125870	0.001998
87	152055	P99	69	69.558426	0.008093	69.558426	0.008093	69.674313	0.009773	69.674313	0.009773
87	152055	P999	168	168.148170	0.000882	168.148170	0.000882	168.428311	0.002549	168.428311	0.002549
88	171	P1	2	1.987861	-0.006070	1.987861	-0.006070	1.921006	-0.039497	1.921006	-0.039497
88	171	P50	3	2.953179	-0.015607	2.953179	-0.015607	2.980579	-0.006474	2.980579	-0.006474
88	171	P75	3	3.017278	0.005759	3.017278	0.005759	3.045272	0.015091	3.045272	0.015091
88	171	P90	3	3.055182	0.018394	3.055182	0.018394	3.083528	0.027843	3.083528	0.027843
88	171	P95	4	4.013621	0.003405	4.013621	0.003405	3.878638	-0.030341	3.878638	-0.030341
88	171	P99	4	4.137556	0.034389	4.137556	0.034389	3.998405	-0.000399	3.998405	-0.000399
88	171	P999	4	4.155571	0.038893	4.155571	0.038893	4.015814	0.003953	4.015814	0.003953
89	599	P1	1	0.979036	-0.020964	0.979036	-0.020964	1.000535	0.000535	1.000535	0.000535
89	599	P50	1	1.005053	0.005053	1.005053	0.005053	1.027124	0.027124	1.027124	0.027124
89	599	P75	1	1.018592	0.018592	1.018592	0.018592	1.040961	0.040961	1.040961	0.040961
89	599	P90	2	2.001619	0.000809	2.001619	0.000809	1.958608	-0.020696	1.958608	-0.020696
89	599	P95	2	2.025048	0.012524	2.025048	0.012524	1.981533	-0.009233	1.981533	-0.009233
89	599	P99	2	2.043988	0.021994	2.043988	0.021994	2.000067	0.000033	2.000067	0.000033
89	599	P999	2	2.047957	0.023978	2.047957	0.023978	2.003950	0.001975	2.003950	0.001975
90	4191	P1	1	0.987614	-0.012386	0.987614	-0.012386	1.006269	0.006269	1.006269	0.006269
90	4191	P50	57	57.131723	0.002311	57.131723	0.002311	57.442715	0.007767	57.442715	0.007767
90	4191	P75	59	58.868507	-0.002229	58.868507	-0.002229	58.953335	-0.000791	58.953335	-0.000791
90	4191	P90	61	61.242745	0.003979	61.242745	0.003979	60.929382	-0.001158	60.929382	-0.001158
90	4191	P95	62	62.986320	0.015908	62.986320	0.015908	61.905562	-0.001523	61.905562	-0.001523
90	4191	P99	70	70.499612	0.007137	70.499612	0.007137	70.436658	0.006238	70.436658	0.006238
90	4191	P999	172	172.645892	0.003755	172.645892	0.003755	175.906958	0.022715	175.906958	0.022715
91	168	P1	26	25.456238	-0.020914	25.456238	-0.020914	25.448394	-0.021216	25.448394	-0.021216
91	168	P50	29	29.083321	0.002873	29.059490	0.002051	29.074359	0.002564	29.050536	0.001743
91	168	P75	30	30.463630	0.015454	30.419545	0.013985	30.454242	0.015141	30.410171	0.013672
91	168	P90	31	31.782255	0.025234	31.782255	0.025234	31.772461	0.024918	31.772461	0.024918
91	168	P95	32	32.266173	0.008318	32.266173	0.008318	32.256231	0.008007	32.256231	0.008007
91	168	P99	35	35.261733	0.007478	35.261733	0.007478	35.250868	0.007168	35.250868	0.007168
91	168	P999	105	109.111291	0.039155	109.111291	0.039155	109.077669	0.038835	109.077669	0.038835
92	741	P1	1	0.979103	-0.020897	0.979103	-0.020897	1.000605	0.000605	1.000605	0.000605
92	741	P50	1	1.006329	0.006329	1.006329	0.006329	1.028428	0.028428	1.028428	0.028428
92	741	P75	1	1.020494	0.020494	1.020494	0.020494	1.042904	0.042904	1.042904	0.042904
92	741	P90	2	2.012789	0.006394	2.012789	0.006394	1.969538	-0.015231	1.969538	-0.015231
92	741	P95	2	2.034047	0.017024	2.034047	0.017024	1.990339	-0.004830	1.990339	-0.004830
92	741	P99	3	2.957825	-0.014058	2.957825	-0.014058	3.022779	0.007593	3.022779	0.007593
92	741	P999	3	3.027834	0.009278	3.027834	0.009278	3.094326	0.031442	3.094326	0.031442
93	5104	P1	101	99.754227	-0.012334	99.754227	-0.012334	100.647120	-0.003494	100.647120	-0.003494
93	5104	P50	112	111.433561	-0.005057	111.431303	-0.005078	111.599824	-0.003573	111.597067	-0.003598
93	5104	P75	115	115.519682	0.004519	115.515939	0.004486	115.967410	0.008412	115.962749	0.008372
93	5104	P90	120	120.358316	0.002986	120.358316	0.002986	120.599304	0.004994	120.599304	0.004994
93	5104	P95	124	124.382924	0.003088	124.382924	0.003088	123.918816	-0.000655	123.918816	-0.000655
93	5104	P99	148	149.114841	0.007533	149.114841	0.007533	149.136829	0.007681	149.136829	0.007681
93	5104	P999	265	268.063603	0.011561	268.063603	0.011561	271.620325	0.024982	271.620325	0.024982
94	190	P1	34	34.483035	0.014207	34.483035	0.014207	34.046735	0.001375	34.046735	0.001375
94	190	P50	38	37.552138	-0.011786	37.533812	-0.012268	37.836390	-0.004306	37.817924	-0.004791
94	190	P75	39	39.065222	0.001672	39.065222	0.001672	39.105981	0.002717	39.105981	0.002717
94	190	P90	42	42.540291	0.012864	42.080750	0.001923	42.862300	0.020531	42.399281	0.009507
94	190	P95	64	63.351431	-0.010134	63.351431	-0.010134	63.830970	-0.002641	63.830970	-0.002641
94	190	P99	69	70.110262	0.016091	70.110262	0.016091	70.640962	0.023782	70.640962	0.023782
94	190	P999	77	79.870308	0.037277	79.870308	0.037277	77.053515	0.000695	77.053515	0.000695
95	233	P1	85	83.279956	-0.020236	83.279956	-0.020236	84.276705	-0.008509	84.276705	-0.008509
95	233	P50	132	131.735224	-0.002006	131.735224	-0.002006	130.993780	-0.007623	130.993780	-0.007623
95	233	P75	154	154.800107	0.005196	154.800107	0.005196	154.411359	0.002671	154.411359	0.002671
95	233	P90	166	166.888834	0.005354	166.888834	0.005354	166.867580	0.005226	166.867580	0.005226
95	233	P95	177	175.929363	-0.006049	175.929363	-0.006049	177.442073	0.002498	177.442073	0.002498
95	233	P99	195	198.563298	0.018273	198.563298	0.018273	200.394959	0.027666	200.394959	0.027666
95	233	P999	312	313.337364	0.004286	313.337364	0.004286	323.172176	0.035808	323.172176	0.035808
96	253	P1	1	0.979018	-0.020982	0.979018	-0.020982	1.000517	0.000517	1.000517	0.000517
96	253	P50	1	1.000172	0.000172	1.000172	0.000172	1.022136	0.022136	1.022136	0.022136
96	253	P75	1	1.011095	0.011095	1.011095	0.011095	1.033299	0.033299	1.033299	0.033299
96	253	P90	1	1.017740	0.017740	1.017740	0.017740	1.040090	0.040090	1.040090	0.040090
96	253	P95	1	1.020024	0.020024	1.020024	0.020024	1.042424	0.042424	1.042424	0.042424
96	253	P99	1	1.021784	0.021784	1.021784	0.021784	1.044223	0.044223	1.044223	0.044223
96	253	P999	2	2.047957	0.023978	2.047957	0.023978	2.003950	0.001975	2.003950	0.001975
97	3247	P1	2	1.966542	-0.016729	1.966542	-0.016729	1.919735	-0.040132	1.919735	-0.040132
97	3247	P50	290	289.108944	-0.003073	289.108944	-0.003073	289.257081	-0.002562	289.257081	-0.002562
97	3247	P75	303	303.363180	0.001199	303.363180	0.001199	304.529452	0.005048	304.529452	0.005048
97	3247	P90	326	325.054044	-0.002902	325.054044	-0.002902	325.770625	-0.000704	325.770625	-0.000704
97	3247	P95	337	338.307598	0.003880	338.307598	0.003880	336.509750	-0.001455	336.509750	-0.001455
97	3247	P99	373	370.321967	-0.007180	370.321967	-0.007180	370.629935	-0.006354	370.629935	-0.006354
97	3247	P999	480	482.257518	0.004703	482.257518	0.004703	488.291591	0.017274	488.291591	0.017274
98	1349	P1	34	33.390400	-0.017929	33.390400	-0.017929	33.808630	-0.005629	33.808630	-0.005629
98	1349	P50	37	37.080461	0.002175	37.080461	0.002175	37.337227	0.009114	37.337227	0.009114
98	1349	P75	38	38.663944	0.017472	38.663944	0.017472	38.295074	0.007765	38.295074	0.007765
98	1349	P90	40	39.897265	-0.002568	39.897265	-0.002568	39.702979	-0.007426	39.702979	-0.007426
98	1349	P95	41	40.885211	-0.002800	40.885211	-0.002800	40.806085	-0.004730	40.806085	-0.004730
98	1349	P99	45	46.986739	0.044150	46.986739	0.044150	45.748553	0.016635	45.748553	0.016635
98	1349	P999	98	98.339960	0.003469	98.339960	0.003469	100.000000	0.020408	100.000000	0.020408
99	3308	P1	1	0.993626	-0.006374	0.993626	-0.006374	1.004746	0.004746	1.004746	0.004746
99	3308	P50	388	387.240628	-0.001957	387.218781	-0.002013	387.750897	-0.000642	387.729189	-0.000698
99	3308	P75	406	406.923485	0.002275	406.895698	0.002206	407.204457	0.002967	407.176287	0.002897
99	3308	P90	424	426.951003	0.006960	426.951003	0.006960	426.264078	0.005340	426.264078	0.005340
99	3308	P95	453	452.437194	-0.001242	452.437194	-0.001242	453.090010	0.000199	453.090010	0.000199
99	3308	P99	531	530.900377	-0.000188	530.900377	-0.000188	529.732482	-0.002387	529.732482	-0.002387
99	3308	P999	670	667.105305	-0.004320	667.105305	-0.004320	669.070217	-0.001388	669.070217	-0.001388
100	3942	P1	1	0.961114	-0.038886	0.961114	-0.038886	1.002292	0.002292	1.002292	0.002292
100	3942	P50	266	264.805352	-0.004491	264.799058	-0.004515	264.750817	-0.004696	264.744035	-0.004722
100	3942	P75	271	271.077552	0.000286	271.077552	0.000286	271.515977	0.001904	271.515977	0.001904
100	3942	P90	278	280.143917	0.007712	280.143917	0.007712	280.569131	0.009241	280.569131	0.009241
100	3942	P95	284	283.822831	-0.000624	283.822831	-0.000624	283.793024	-0.000729	283.793024	-0.000729
100	3942	P99	308	309.119266	0.003634	309.119266	0.003634	308.657976	0.002136	308.657976	0.002136
100	3942	P999	476	478.513123	0.005280	478.513123	0.005280	477.799051	0.003780	477.799051	0.003780
101	495	P1	1	0.978952	-0.021048	0.978952	-0.021048	1.000450	0.000450	1.000450	0.000450
101	495	P50	1	1.000585	0.000585	1.000585	0.000585	1.022558	0.022558	1.022558	0.022558
101	495	P75	1	1.011807	0.011807	1.011807	0.011807	1.034027	0.034027	1.034027	0.034027
101	495	P90	1	1.018565	0.018565	1.018565	0.018565	1.040932	0.040932	1.040932	0.040932
101	495	P95	1	1.020858	0.020858	1.020858	0.020858	1.043276	0.043276	1.043276	0.043276
101	495	P99	2	2.018513	0.009256	2.018513	0.009256	1.975138	-0.012431	1.975138	-0.012431
101	495	P999	2	2.047957	0.023978	2.047957	0.023978	2.003950	0.001975	2.003950	0.001975
102	1936	P1	28	27.882397	-0.004200	27.882397	-0.004200	27.960239	-0.001420	27.960239	-0.001420
102	1936	P50	43	42.959019	-0.000953	42.956994	-0.001000	43.078952	0.001836	43.076923	0.001789
102	1936	P75	44	44.318797	0.007245	44.313860	0.007133	44.442527	0.010057	44.437576	0.009945
102	1936	P90	46	46.238317	0.005181	46.238317	0.005181	46.367406	0.007987	46.367406	0.007987
102	1936	P95	48	49.148650	0.023930	49.148650	0.023930	49.285864	0.026789	49.285864	0.026789
102	1936	P99	96	96.874752	0.009112	96.874752	0.009112	97.145208	0.011929	97.145208	0.011929
102	1936	P999	170	175.417225	0.031866	175.417225	0.031866	175.906958	0.034747	175.906958	0.034747
103	123	P1	30	29.285019	-0.023833	29.285019	-0.023833	29.886269	-0.003791	29.886269	-0.003791
103	123	P50	43	43.655458	0.015243	43.655458	0.015243	43.517250	0.012029	43.517250	0.012029
103	123	P75	44	44.663443	0.015078	44.663443	0.015078	44.884240	0.020096	44.884240	0.020096
103	123	P90	45	46.342514	0.029834	46.342514	0.029834	45.748553	0.016635	45.748553	0.016635
103	123	P95	48	48.897542	0.018699	48.897542	0.018699	48.829159	0.017274	48.829159	0.017274
103	123	P99	59	60.761243	0.029852	60.761243	0.029852	59.372441	0.006313	59.372441	0.006313
103	123	P999	65	66.276947	0.019645	66.276947	0.019645	67.637676	0.040580	67.637676	0.040580
104	3226	P1	1	0.991287	-0.008713	0.991287	-0.008713	1.002582	0.002582	1.002582	0.002582
104	3226	P50	56	56.163803	0.002925	56.161216	0.002879	56.792798	0.014157	56.789538	0.014099
104	3226	P75	58	58.404801	0.006979	58.404801	0.006979	58.544269	0.009384	58.544269	0.009384
104	3226	P90	60	60.497524	0.008292	60.497524	0.008292	60.217300	0.003622	60.217300	0.003622
104	3226	P95	61	61.276090	0.004526	61.276090	0.004526	61.511246	0.008381	61.511246	0.008381
104	3226	P99	66	66.364942	0.005529	66.364942	0.005529	66.294944	0.004469	66.294944	0.004469
104	3226	P999	87	90.644993	0.041896	90.644993	0.041896	87.780131	0.008967	87.780131	0.008967
105	3955	P1	25	24.792394	-0.008304	24.792394	-0.008304	24.962654	-0.001494	24.962654	-0.001494
105	3955	P50	28	27.943924	-0.002003	27.943924	-0.002003	27.378098	-0.022211	27.378098	-0.022211
105	3955	P75	29	28.647879	-0.012142	28.647879	-0.012142	28.478616	-0.017979	28.478616	-0.017979
105	3955	P90	30	29.356354	-0.021455	29.356354	-0.021455	29.959068	-0.001364	29.959068	-0.001364
105	3955	P95	31	30.477658	-0.016850	30.477658	-0.016850	31.058701	0.001894	31.058701	0.001894
105	3955	P99	34	34.426451	0.012543	34.426451	0.012543	34.691132	0.020327	34.691132	0.020327
105	3955	P999	97	97.988209	0.010188	97.988209	0.010188	100.000000	0.030928	100.000000	0.030928
106	6875	P1	67	65.983612	-0.015170	65.983612	-0.015170	65.874896	-0.016793	65.874896	-0.016793
106	6875	P50	95	96.060572	0.011164	96.060572	0.011164	95.748521	0.007879	95.748521	0.007879
106	6875	P75	107	106.760159	-0.002242	106.760159	-0.002242	106.330093	-0.006261	106.330093	-0.006261
106	6875	P90	110	110.411279	0.003739	110.411279	0.003739	110.745008	0.006773	110.745008	0.006773
106	6875	P95	113	113.716041	0.006337	113.716041	0.006337	113.491786	0.004352	113.491786	0.004352
106	6875	P99	122	122.848006	0.006951	122.848006	0.006951	123.119026	0.009172	123.119026	0.009172
106	6875	P999	245	246.667844	0.006808	246.667844	0.006808	243.664608	-0.005451	243.664608	-0.005451
107	131	P1	1	0.979226	-0.020774	0.979226	-0.020774	1.000730	0.000730	1.000730	0.000730
107	131	P50	1	1.002376	0.002376	1.002376	0.002376	1.024388	0.024388	1.024388	0.024388
107	131	P75	1	1.014525	0.014525	1.014525	0.014525	1.036804	0.036804	1.036804	0.036804
107	131	P90	1	1.021587	0.021587	1.021587	0.021587	1.044021	0.044021	1.044021	0.044021
107	131	P95	2	2.003950	0.001975	2.003950	0.001975	1.960888	-0.019556	1.960888	-0.019556
107	131	P99	2	2.040556	0.020278	2.040556	0.020278	1.996708	-0.001646	1.996708	-0.001646
107	131	P999	2	2.047957	0.023978	2.047957	0.023978	2.003950	0.001975	2.003950	0.001975
108	792	P1	20	20.025636	0.001282	20.025636	0.001282	19.449798	-0.027510	19.449798	-0.027510
108	792	P50	22	22.505770	0.022990	22.501995	0.022818	22.829193	0.037691	22.825364	0.037517
108	792	P75	23	23.390880	0.016995	23.386323	0.016797	23.727023	0.031610	23.722401	0.031409
108	792	P90	24	24.474226	0.019759	24.474226	0.019759	24.825938	0.034414	24.825938	0.034414
108	792	P95	25	25.361835	0.014473	25.361835	0.014473	25.597661	0.023906	25.597661	0.023906
108	792	P99	29	29.207973	0.007171	29.207973	0.007171	29.627712	0.021645	29.627712	0.021645
108	792	P999	66	66.679447	0.010295	66.679447	0.010295	67.637676	0.024813	67.637676	0.024813
109	335	P1	1	0.979021	-0.020979	0.979021	-0.020979	1.000520	0.000520	1.000520	0.000520
109	335	P50	1	1.000130	0.000130	1.000130	0.000130	1.022093	0.022093	1.022093	0.022093
109	335	P75	1	1.011118	0.011118	1.011118	0.011118	1.033322	0.033322	1.033322	0.033322
109	335	P90	1	1.017715	0.017715	1.017715	0.017715	1.040064	0.040064	1.040064	0.040064
109	335	P95	1	1.019968	0.019968	1.019968	0.019968	1.042367	0.042367	1.042367	0.042367
109	335	P99	1	1.021694	0.021694	1.021694	0.021694	1.044131	0.044131	1.044131	0.044131
109	335	P999	2	2.047957	0.023978	2.047957	0.023978	2.003950	0.001975	2.003950	0.001975
110	3711	P1	1	0.993127	-0.006873	0.993127	-0.006873	1.006706	0.006706	1.006706	0.006706
110	3711	P50	236	236.297153	0.001259	236.297153	0.001259	235.583368	-0.001765	235.583368	-0.001765
110	3711	P75	242	243.614505	0.006672	243.614505	0.006672	244.320293	0.009588	244.320293	0.009588
110	3711	P90	256	256.490976	0.001918	256.490976	0.001918	257.152536	0.004502	257.152536	0.004502
110	3711	P95	276	277.915778	0.006941	277.915778	0.006941	278.992916	0.010844	278.992916	0.010844
110	3711	P99	342	342.753884	0.002204	342.753884	0.002204	344.933876	0.008579	344.933876	0.008579
110	3711	P999	466	471.353966	0.011489	471.353966	0.011489	467.531978	0.003288	467.531978	0.003288
111	214	P1	1	0.979682	-0.020318	0.979682	-0.020318	1.001196	0.001196	1.001196	0.001196
111	214	P50	1	1.021553	0.021553	1.021146	0.021146	1.043986	0.043986	1.043570	0.043570
111	214	P75	2	2.003535	0.001768	2.003535	0.001768	1.960483	-0.019759	1.960483	-0.019759
111	214	P90	2	2.030239	0.015120	2.030239	0.015120	1.986613	-0.006694	1.986613	-0.006694
111	214	P95	2	2.039500	0.019750	2.039500	0.019750	1.995675	-0.002162	1.995675	-0.002162
111	214	P99	2	2.046263	0.023131	2.046263	0.023131	2.002292	0.001146	2.002292	0.001146
111	214	P999	2	2.047957	0.023978	2.047957	0.023978	2.003950	0.001975	2.003950	0.001975
112	317	P1	52	51.070714	-0.017871	51.070714	-0.017871	51.155800	-0.016235	51.155800	-0.016235
112	317	P50	57	57.501895	0.008805	57.501895	0.008805	57.597695	0.010486	57.597695	0.010486
112	317	P75	59	58.971503	-0.000483	58.971503	-0.000483	59.069752	0.001182	59.069752	0.001182
112	317	P90	61	61.133484	0.002188	61.133484	0.002188	61.013172	0.000216	61.013172	0.000216
112	317	P95	62	62.411930	0.006644	62.411930	0.006644	61.850463	-0.002412	61.850463	-0.002412
112	317	P99	64	64.479040	0.007485	64.479040	0.007485	64.481326	0.007521	64.481326	0.007521
112	317	P999	67	67.525177	0.007838	67.525177	0.007838	67.637676	0.009518	67.637676	0.009518
113	553	P1	26	25.637011	-0.013961	25.637011	-0.013961	25.338073	-0.025459	25.338073	-0.025459
113	553	P50	29	29.135400	0.004669	29.135400	0.004669	28.892697	-0.003700	28.892697	-0.003700
113	553	P75	30	29.854199	-0.004860	29.854199	-0.004860	30.324882	0.010829	30.324882	0.010829
113	553	P90	31	31.061475	0.001983	31.061475	0.001983	31.604705	0.019507	31.604705	0.019507
113	553	P95	32	32.208280	0.006509	32.208280	0.006509	32.114642	0.003583	32.114642	0.003583
113	553	P99	34	34.163710	0.004815	34.163710	0.004815	34.870071	0.025590	34.870071	0.025590
113	553	P999	51	52.943981	0.038117	52.943981	0.038117	52.117207	0.021906	52.117207	0.021906
114	872	P1	1	0.978955	-0.021045	0.978955	-0.021045	1.000453	0.000453	1.000453	0.000453
114	872	P50	1	1.000277	0.000277	1.000227	0.000227	1.022243	0.022243	1.022192	0.022192
114	872	P75	1	1.011315	0.011315	1.011264	0.011264	1.033524	0.033524	1.033472	0.033472
114	872	P90	1	1.017955	0.017955	1.017955	0.017955	1.040310	0.040310	1.040310	0.040310
114	872	P95	1	1.020212	0.020212	1.020212	0.020212	1.042616	0.042616	1.042616	0.042616
114	872	P99	2	1.970377	-0.014812	1.970377	-0.014812	1.928037	-0.035982	1.928037	-0.035982
114	872	P999	2	2.047957	0.023978	2.047957	0.023978	2.003950	0.001975	2.003950	0.001975
115	755	P1	18	18.029912	0.001662	18.029912	0.001662	17.647396	-0.019589	17.647396	-0.019589
115	755	P50	20	19.820861	-0.008957	19.820861	-0.008957	19.400349	-0.029983	19.400349	-0.029983
115	755	P75	20	20.466914	0.023346	20.466914	0.023346	20.032695	0.001635	20.032695	0.001635
115	755	P90	22	21.465689	-0.024287	21.465689	-0.024287	21.943191	-0.002582	21.943191	-0.002582
115	755	P95	22	22.267822	0.012174	22.267822	0.012174	22.763168	0.034689	22.763168	0.034689
115	755	P99	26	26.188945	0.007267	26.188945	0.007267	25.866392	-0.005139	25.866392	-0.005139
115	755	P999	230	233.240271	0.014088	233.240271	0.014088	238.428678	0.036646	238.428678	0.036646
116	1620	P1	10	10.007611	0.000761	10.007611	0.000761	10.341410	0.034141	10.341410	0.034141
116	1620	P50	12	11.827660	-0.014362	11.826958	-0.014420	12.222165	0.018514	12.221440	0.018453
116	1620	P75	13	12.745774	-0.019556	12.744281	-0.019671	13.170902	0.013146	13.169360	0.013028
116	1620	P90	13	13.113676	0.008744	13.112140	0.008626	13.551075	0.042390	13.549489	0.042268
116	1620	P95	14	14.125463	0.008962	14.119985	0.008570	13.976039	-0.001712	13.970619	-0.002099
116	1620	P99	16	16.299181	0.018699	16.299181	0.018699	16.126762	0.007923	16.126762	0.007923
116	1620	P999	26	26.285300	0.010973	26.285300	0.010973	26.007244	0.000279	26.007244	0.000279
117	2951	P1	1	0.988148	-0.011852	0.988148	-0.011852	1.009848	0.009848	1.009848	0.009848
117	2951	P50	12	12.067287	0.005607	12.067287	0.005607	12.332287	0.027691	12.332287	0.027691
117	2951	P75	13	13.078942	0.006072	13.078942	0.006072	13.366157	0.028166	13.366157	0.028166
117	2951	P90	14	14.190301	0.013593	14.190301	0.013593	13.885376	-0.008187	13.885376	-0.008187
117	2951	P95	14	14.466963	0.033354	14.466963	0.033354	14.156093	0.011149	14.156093	0.011149
117	2951	P99	16	16.388778	0.024299	16.388778	0.024299	16.036611	0.002288	16.036611	0.002288
117	2951	P999	103	106.733779	0.036250	106.733779	0.036250	104.440255	0.013983	104.440255	0.013983
118	411	P1	1	0.979032	-0.020968	0.979032	-0.020968	1.000531	0.000531	1.000531	0.000531
118	411	P50	1	1.000159	0.000159	1.000159	0.000159	1.022123	0.022123	1.022123	0.022123
118	411	P75	1	1.011162	0.011162	1.011162	0.011162	1.033367	0.033367	1.033367	0.033367
118	411	P90	1	1.017735	0.017735	1.017735	0.017735	1.040085	0.040085	1.040085	0.040085
118	411	P95	1	1.020008	0.020008	1.020008	0.020008	1.042408	0.042408	1.042408	0.042408
118	411	P99	1	1.021743	0.021743	1.021743	0.021743	1.044181	0.044181	1.044181	0.044181
118	411	P999	2	2.047957	0.023978	2.047957	0.023978	2.003950	0.001975	2.003950	0.001975
119	26238	P1	1001	973.487873	-0.027485	973.487873	-0.027485	1000.103458	-0.000896	1000.103458	-0.000896
119	26238	P50	1001	994.610691	-0.006383	994.609030	-0.006385	1021.790496	0.020770	1021.788791	0.020768
119	26238	P75	1002	1005.562426	0.003555	1005.562426	0.003555	1033.034657	0.030973	1033.034657	0.030973
119	26238	P90	1002	1012.192279	0.010172	1012.192279	0.010172	1039.841500	0.037766	1039.841500	0.037766
119	26238	P95	1002	1014.411930	0.012387	1014.411930	0.012387	1042.120400	0.040040	1042.120400	0.040040
119	26238	P99	1002	1016.190137	0.014162	1016.190137	0.014162	1043.946071	0.041862	1043.946071	0.041862
119	26238	P999	1003	1016.590620	0.013550	1016.590620	0.013550	1044.357244	0.041234	1044.357244	0.041234
120	209	P1	14	14.078842	0.005632	14.078842	0.005632	13.652750	-0.024804	13.652750	-0.024804
120	209	P50	457	457.052716	0.000115	457.052716	0.000115	455.785083	-0.002658	455.785083	-0.002658
120	209	P75	487	491.523020	0.009288	491.523020	0.009288	494.697394	0.015806	494.697394	0.015806
120	209	P90	941	930.112491	-0.011570	930.112491	-0.011570	931.113654	-0.010506	931.113654	-0.010506
120	209	P95	960	964.752650	0.004951	964.752650	0.004951	961.654057	0.001723	961.654057	0.001723
120	209	P99	987	987.367603	0.000372	987.367603	0.000372	995.664924	0.008779	995.664924	0.008779
120	209	P999	1142	1174.763843	0.028690	1174.763843	0.028690	1189.793791	0.041851	1189.793791	0.041851
121	380	P1	1	0.978962	-0.021038	0.978962	-0.021038	1.000460	0.000460	1.000460	0.000460
121	380	P50	1	1.000230	0.000230	1.000115	0.000115	1.022195	0.022195	1.022078	0.022078
121	380	P75	1	1.011211	0.011211	1.011095	0.011095	1.033417	0.033417	1.033299	0.033299
121	380	P90	1	1.017857	0.017857	1.017740	0.017740	1.040210	0.040210	1.040090	0.040090
121	380	P95	1	1.020083	0.020083	1.019965	0.019965	1.042484	0.042484	1.042364	0.042364
121	380	P99	1	1.021843	0.021843	1.021843	0.021843	1.044283	0.044283	1.044283	0.044283
121	380	P999	5	5.099730	0.019946	5.099730	0.019946	5.211721	0.042344	5.211721	0.042344
122	1081	P1	1	0.979136	-0.020864	0.979136	-0.020864	1.000638	0.000638	1.000638	0.000638
122	1081	P50	1	1.009704	0.009704	1.009704	0.009704	1.031878	0.031878	1.031878	0.031878
122	1081	P75	2	1.978225	-0.010887	1.978225	-0.010887	1.935717	-0.032142	1.935717	-0.032142
122	1081	P90	2	2.024252	0.012126	2.024252	0.012126	1.980755	-0.009623	1.980755	-0.009623
122	1081	P95	2	2.039831	0.019916	2.039831	0.019916	1.995999	-0.002001	1.995999	-0.002001
122	1081	P99	3	2.980847	-0.006384	2.980847	-0.006384	3.046306	0.015435	3.046306	0.015435
122	1081	P999	3	3.027834	0.009278	3.027834	0.009278	3.094326	0.031442	3.094326	0.031442
123	834	P1	1	0.978972	-0.021028	0.978972	-0.021028	1.000470	0.000470	1.000470	0.000470
123	834	P50	1	1.000104	0.000104	1.000052	0.000052	1.022067	0.022067	1.022014	0.022014
123	834	P75	1	1.011026	0.011026	1.011026	0.011026	1.033228	0.033228	1.033228	0.033228
123	834	P90	1	1.017647	0.017647	1.017647	0.017647	1.039994	0.039994	1.039994	0.039994
123	834	P95	1	1.019881	0.019881	1.019881	0.019881	1.042278	0.042278	1.042278	0.042278
123	834	P99	1	1.021640	0.021640	1.021640	0.021640	1.044075	0.044075	1.044075	0.044075
123	834	P999	2	2.047957	0.023978	2.047957	0.023978	2.003950	0.001975	2.003950	0.001975
124	2774	P1	1	0.978945	-0.021055	0.978945	-0.021055	1.000442	0.000442	1.000442	0.000442
124	2774	P50	1	1.000197	0.000197	1.000182	0.000182	1.022162	0.022162	1.022146	0.022146
124	2774	P75	1	1.011204	0.011204	1.011204	0.011204	1.033410	0.033410	1.033410	0.033410
124	2774	P90	1	1.017869	0.017869	1.017869	0.017869	1.040222	0.040222	1.040222	0.040222
124	2774	P95	1	1.020106	0.020106	1.020106	0.020106	1.042508	0.042508	1.042508	0.042508
124	2774	P99	1	1.021896	0.021896	1.021896	0.021896	1.044337	0.044337	1.044337	0.044337
124	2774	P999	2	2.043916	0.021958	2.043916	0.021958	1.999996	-0.000002	1.999996	-0.000002
125	1062	P1	1	0.981495	-0.018505	0.981495	-0.018505	1.003049	0.003049	1.003049	0.003049
125	1062	P50	21	21.150199	0.007152	21.146371	0.006970	21.614661	0.029270	21.610749	0.029083
125	1062	P75	22	22.176151	0.008007	22.176151	0.008007	22.663143	0.030143	22.663143	0.030143
125	1062	P90	23	23.223271	0.009707	23.223271	0.009707	23.733257	0.031881	23.733257	0.031881
125	1062	P95	24	23.987646	-0.000515	23.987646	-0.000515	24.514418	0.021434	24.514418	0.021434
125	1062	P99	26	25.670478	-0.012674	25.670478	-0.012674	25.827090	-0.006650	25.827090	-0.006650
125	1062	P999	29	30.278341	0.044081	30.278341	0.044081	29.627712	0.021645	29.627712	0.021645
126	344	P1	1	0.979006	-0.020994	0.979006	-0.020994	1.000505	0.000505	1.000505	0.000505
126	344	P50	1	1.000126	0.000126	1.000000	0.000000	1.022089	0.022089	1.021960	0.021960
126	344	P75	1	1.011048	0.011048	1.010920	0.010920	1.033251	0.033251	1.033120	0.033120
126	344	P90	1	1.017581	0.017581	1.017581	0.017581	1.039928	0.039928	1.039928	0.039928
126	344	P95	1	1.019768	0.019768	1.019768	0.019768	1.042163	0.042163	1.042163	0.042163
126	344	P99	1	1.021573	0.021573	1.021573	0.021573	1.044007	0.044007	1.044007	0.044007
126	344	P999	1	1.021960	0.021960	1.021960	0.021960	1.044403	0.044403	1.044403	0.044403
127	2070	P1	1	0.978944	-0.021056	0.978944	-0.021056	1.000442	0.000442	1.000442	0.000442
127	2070	P50	1	1.000074	0.000074	1.000053	0.000053	1.022035	0.022035	1.022014	0.022014
127	2070	P75	1	1.011011	0.011011	1.011011	0.011011	1.033213	0.033213	1.033213	0.033213
127	2070	P90	1	1.017648	0.017648	1.017626	0.017626	1.039995	0.039995	1.039973	0.039973
127	2070	P95	1	1.019855	0.019855	1.019855	0.019855	1.042251	0.042251	1.042251	0.042251
127	2070	P99	1	1.021638	0.021638	1.021638	0.021638	1.044073	0.044073	1.044073	0.044073
127	2070	P999	2	2.025834	0.012917	2.025834	0.012917	1.982302	-0.008849	1.982302	-0.008849
128	280	P1	1	0.978969	-0.021031	0.978969	-0.021031	1.000467	0.000467	1.000467	0.000467
128	280	P50	1	1.000234	0.000234	1.000078	0.000078	1.022199	0.022199	1.022040	0.022040
128	280	P75	1	1.011196	0.011196	1.011039	0.011039	1.033402	0.033402	1.033241	0.033241
128	280	P90	1	1.017831	0.017831	1.017672	0.017672	1.040183	0.040183	1.040021	0.040021
128	280	P95	1	1.020052	0.020052	1.019893	0.019893	1.042453	0.042453	1.042290	0.042290
128	280	P99	1	1.021801	0.021801	1.021801	0.021801	1.044240	0.044240	1.044240	0.044240
128	280	P999	2	2.047957	0.023978	2.047957	0.023978	2.003950	0.001975	2.003950	0.001975
129	180	P1	1	0.978984	-0.021016	0.978984	-0.021016	1.000483	0.000483	1.000483	0.000483
129	180	P50	1	1.000241	0.000241	1.000000	0.000000	1.022207	0.022207	1.021960	0.021960
129	180	P75	1	1.011164	0.011164	1.010920	0.010920	1.033370	0.033370	1.033120	0.033120
129	180	P90	1	1.017775	0.017775	1.017530	0.017530	1.040126	0.040126	1.039875	0.039875
129	180	P95	1	1.019989	0.019989	1.019743	0.019743	1.042388	0.042388	1.042136	0.042136
129	180	P99	1	1.021714	0.021714	1.021714	0.021714	1.044151	0.044151	1.044151	0.044151
129	180	P999	1	1.021960	0.021960	1.021960	0.021960	1.044403	0.044403	1.044403	0.044403
130	5227	P1	1	0.978944	-0.021056	0.978944	-0.021056	1.000442	0.000442	1.000442	0.000442
130	5227	P50	1	1.000058	0.000058	1.000058	0.000058	1.022020	0.022020	1.022020	0.022020
130	5227	P75	1	1.011009	0.011009	1.011009	0.011009	1.033211	0.033211	1.033211	0.033211
130	5227	P90	1	1.017635	0.017635	1.017635	0.017635	1.039982	0.039982	1.039982	0.039982
130	5227	P95	1	1.019851	0.019851	1.019851	0.019851	1.042247	0.042247	1.042247	0.042247
130	5227	P99	1	1.021628	0.021628	1.021628	0.021628	1.044063	0.044063	1.044063	0.044063
130	5227	P999	2	2.018513	0.009256	2.018513	0.009256	1.975138	-0.012431	1.975138	-0.012431
131	1523	P1	1	0.978960	-0.021040	0.978960	-0.021040	1.000458	0.000458	1.000458	0.000458
131	1523	P50	1	1.000100	0.000100	1.000100	0.000100	1.022063	0.022063	1.022063	0.022063
131	1523	P75	1	1.011072	0.011072	1.011072	0.011072	1.033276	0.033276	1.033276	0.033276
131	1523	P90	1	1.017696	0.017696	1.017696	0.017696	1.040045	0.040045	1.040045	0.040045
131	1523	P95	1	1.019913	0.019913	1.019913	0.019913	1.042311	0.042311	1.042311	0.042311
131	1523	P99	1	1.021697	0.021697	1.021697	0.021697	1.044133	0.044133	1.044133	0.044133
131	1523	P999	2	2.033181	0.016591	2.033181	0.016591	1.989492	-0.005254	1.989492	-0.005254
132	1927	P1	1	0.978954	-0.021046	0.978954	-0.021046	1.000452	0.000452	1.000452	0.000452
132	1927	P50	1	1.000056	0.000056	1.000056	0.000056	1.022018	0.022018	1.022018	0.022018
132	1927	P75	1	1.011006	0.011006	1.011006	0.011006	1.033208	0.033208	1.033208	0.033208
132	1927	P90	1	1.017629	0.017629	1.017629	0.017629	1.039976	0.039976	1.039976	0.039976
132	1927	P95	1	1.019838	0.019838	1.019838	0.019838	1.042234	0.042234	1.042234	0.042234
132	1927	P99	1	1.021614	0.021614	1.021614	0.021614	1.044049	0.044049	1.044049	0.044049
132	1927	P999	2	2.047957	0.023978	2.047957	0.023978	2.003950	0.001975	2.003950	0.001975
133	267	P1	1	0.978990	-0.021010	0.978990	-0.021010	1.000488	0.000488	1.000488	0.000488
133	267	P50	1	1.000081	0.000081	1.000081	0.000081	1.022043	0.022043	1.022043	0.022043
133	267	P75	1	1.011044	0.011044	1.011044	0.011044	1.033247	0.033247	1.033247	0.033247
133	267	P90	1	1.017646	0.017646	1.017646	0.017646	1.039993	0.039993	1.039993	0.039993
133	267	P95	1	1.019801	0.019801	1.019801	0.019801	1.042196	0.042196	1.042196	0.042196
133	267	P99	1	1.021628	0.021628	1.021628	0.021628	1.044063	0.044063	1.044063	0.044063
133	267	P999	1	1.021960	0.021960	1.021960	0.021960	1.044403	0.044403	1.044403	0.044403
134	2424	P1	1	0.978951	-0.021049	0.978951	-0.021049	1.000449	0.000449	1.000449	0.000449
134	2424	P50	1	1.000036	0.000036	1.000018	0.000018	1.021997	0.021997	1.021978	0.021978
134	2424	P75	1	1.010966	0.010966	1.010948	0.010948	1.033167	0.033167	1.033148	0.033148
134	2424	P90	1	1.017570	0.017570	1.017570	0.017570	1.039916	0.039916	1.039916	0.039916
134	2424	P95	1	1.019781	0.019781	1.019781	0.019781	1.042176	0.042176	1.042176	0.042176
134	2424	P99	1	1.021557	0.021557	1.021557	0.021557	1.043990	0.043990	1.043990	0.043990
134	2424	P999	1	1.021960	0.021960	1.021960	0.021960	1.044403	0.044403	1.044403	0.044403
135	1307	P1	1	0.978968	-0.021032	0.978968	-0.021032	1.000466	0.000466	1.000466	0.000466
135	1307	P50	1	1.000050	0.000050	1.000050	0.000050	1.022011	0.022011	1.022011	0.022011
135	1307	P75	1	1.010996	0.010996	1.010996	0.010996	1.033198	0.033198	1.033198	0.033198
135	1307	P90	1	1.017615	0.017615	1.017615	0.017615	1.039962	0.039962	1.039962	0.039962
135	1307	P95	1	1.019819	0.019819	1.019819	0.019819	1.042214	0.042214	1.042214	0.042214
135	1307	P99	1	1.021586	0.021586	1.021586	0.021586	1.044020	0.044020	1.044020	0.044020
135	1307	P999	2	2.003950	0.001975	2.003950	0.001975	1.960888	-0.019556	1.960888	-0.019556
136	523	P1	1	0.979000	-0.021000	0.979000	-0.021000	1.000499	0.000499	1.000499	0.000499
136	523	P50	1	1.000042	0.000042	1.000042	0.000042	1.022003	0.022003	1.022003	0.022003
136	523	P75	1	1.010983	0.010983	1.010983	0.010983	1.033185	0.033185	1.033185	0.033185
136	523	P90	1	1.017555	0.017555	1.017555	0.017555	1.039901	0.039901	1.039901	0.039901
136	523	P95	1	1.019755	0.019755	1.019755	0.019755	1.042149	0.042149	1.042149	0.042149
136	523	P99	1	1.021536	0.021536	1.021536	0.021536	1.043969	0.043969	1.043969	0.043969
136	523	P999	1	1.021960	0.021960	1.021960	0.021960	1.044403	0.044403	1.044403	0.044403
137	801	P1	1	0.978990	-0.021010	0.978990	-0.021010	1.000489	0.000489	1.000489	0.000489
137	801	P50	1	1.000054	0.000054	1.000054	0.000054	1.022016	0.022016	1.022016	0.022016
137	801	P75	1	1.010975	0.010975	1.010975	0.010975	1.033177	0.033177	1.033177	0.033177
137	801	P90	1	1.017585	0.017585	1.017585	0.017585	1.039931	0.039931	1.039931	0.039931
137	801	P95	1	1.019798	0.019798	1.019798	0.019798	1.042193	0.042193	1.042193	0.042193
137	801	P99	1	1.021572	0.021572	1.021572	0.021572	1.044006	0.044006	1.044006	0.044006
137	801	P999	2	2.047957	0.023978	2.047957	0.023978	2.003950	0.001975	2.003950	0.001975
138	1208	P1	1	0.978972	-0.021028	0.978972	-0.021028	1.000470	0.000470	1.000470	0.000470
138	1208	P50	1	1.000145	0.000145	1.000108	0.000108	1.022108	0.022108	1.022071	0.022071
138	1208	P75	1	1.011121	0.011121	1.011085	0.011085	1.033326	0.033326	1.033288	0.033288
138	1208	P90	1	1.017758	0.017758	1.017758	0.017758	1.040108	0.040108	1.040108	0.040108
138	1208	P95	1	1.019967	0.019967	1.019967	0.019967	1.042366	0.042366	1.042366	0.042366
138	1208	P99	1	1.021739	0.021739	1.021739	0.021739	1.044176	0.044176	1.044176	0.044176
138	1208	P999	2	2.047957	0.023978	2.047957	0.023978	2.003950	0.001975	2.003950	0.001975
139	1375	P1	1	0.978946	-0.021054	0.978946	-0.021054	1.000443	0.000443	1.000443	0.000443
139	1375	P50	1	1.000063	0.000063	1.000063	0.000063	1.022025	0.022025	1.022025	0.022025
139	1375	P75	1	1.011016	0.011016	1.011016	0.011016	1.033219	0.033219	1.033219	0.033219
139	1375	P90	1	1.017633	0.017633	1.017633	0.017633	1.039980	0.039980	1.039980	0.039980
139	1375	P95	1	1.019859	0.019859	1.019859	0.019859	1.042255	0.042255	1.042255	0.042255
139	1375	P99	1	1.021637	0.021637	1.021637	0.021637	1.044072	0.044072	1.044072	0.044072
139	1375	P999	2	2.018513	0.009256	2.018513	0.009256	1.975138	-0.012431	1.975138	-0.012431
140	532	P1	1	0.978995	-0.021005	0.978995	-0.021005	1.000494	0.000494	1.000494	0.000494
140	532	P50	1	1.000247	0.000247	1.000165	0.000165	1.022212	0.022212	1.022128	0.022128
140	532	P75	1	1.011253	0.011253	1.011170	0.011170	1.033461	0.033461	1.033375	0.033375
140	532	P90	1	1.017848	0.017848	1.017848	0.017848	1.040200	0.040200	1.040200	0.040200
140	532	P95	1	1.020112	0.020112	1.020112	0.020112	1.042514	0.042514	1.042514	0.042514
140	532	P99	1	1.021876	0.021876	1.021876	0.021876	1.044317	0.044317	1.044317	0.044317
140	532	P999	2	2.047957	0.023978	2.047957	0.023978	2.003950	0.001975	2.003950	0.001975
141	196	P1	1	0.978948	-0.021052	0.978948	-0.021052	1.000446	0.000446	1.000446	0.000446
141	196	P50	1	1.000334	0.000334	1.000111	0.000111	1.022302	0.022302	1.022074	0.022074
141	196	P75	1	1.011315	0.011315	1.011089	0.011089	1.033523	0.033523	1.033293	0.033293
141	196	P90	1	1.017870	0.017870	1.017870	0.017870	1.040223	0.040223	1.040223	0.040223
141	196	P95	1	1.020140	0.020140	1.020140	0.020140	1.042543	0.042543	1.042543	0.042543
141	196	P99	1	1.021960	0.021960	1.021960	0.021960	1.044403	0.044403	1.044403	0.044403
141	196	P999	12	12.159218	0.013268	12.159218	0.013268	12.426237	0.035520	12.426237	0.035520
142	526	P1	1	0.978999	-0.021001	0.978999	-0.021001	1.000498	0.000498	1.000498	0.000498
142	526	P50	1	1.000166	0.000166	1.000083	0.000083	1.022130	0.022130	1.022045	0.022045
142	526	P75	1	1.011088	0.011088	1.011088	0.011088	1.033292	0.033292	1.033292	0.033292
142	526	P90	1	1.017732	0.017732	1.017732	0.017732	1.040082	0.040082	1.040082	0.040082
142	526	P95	1	1.019929	0.019929	1.019929	0.019929	1.042326	0.042326	1.042326	0.042326
142	526	P99	1	1.021706	0.021706	1.021706	0.021706	1.044143	0.044143	1.044143	0.044143
142	526	P999	3	3.027834	0.009278	3.027834	0.009278	3.094326	0.031442	3.094326	0.031442
143	536	P1	1	0.978990	-0.021010	0.978990	-0.021010	1.000489	0.000489	1.000489	0.000489
143	536	P50	1	1.000204	0.000204	1.000122	0.000122	1.022168	0.022168	1.022085	0.022085
143	536	P75	1	1.011188	0.011188	1.011106	0.011106	1.033394	0.033394	1.033310	0.033310
143	536	P90	1	1.017804	0.017804	1.017804	0.017804	1.040155	0.040155	1.040155	0.040155
143	536	P95	1	1.020046	0.020046	1.020046	0.020046	1.042446	0.042446	1.042446	0.042446
143	536	P99	1	1.021794	0.021794	1.021794	0.021794	1.044232	0.044232	1.044232	0.044232
143	536	P999	2	2.047957	0.023978	2.047957	0.023978	2.003950	0.001975	2.003950	0.001975
144	2321	P1	1	0.978954	-0.021046	0.978954	-0.021046	1.000452	0.000452	1.000452	0.000452
144	2321	P50	1	1.000151	0.000151	1.000151	0.000151	1.022114	0.022114	1.022114	0.022114
144	2321	P75	1	1.011139	0.011139	1.011139	0.011139	1.033344	0.033344	1.033344	0.033344
144	2321	P90	1	1.017791	0.017791	1.017791	0.017791	1.040141	0.040141	1.040141	0.040141
144	2321	P95	1	1.020017	0.020017	1.020017	0.020017	1.042417	0.042417	1.042417	0.042417
144	2321	P99	1	1.021806	0.021806	1.021806	0.021806	1.044245	0.044245	1.044245	0.044245
144	2321	P999	2	2.047957	0.023978	2.047957	0.023978	2.003950	0.001975	2.003950	0.001975
145	1100	P1	1	0.978976	-0.021024	0.978938	-0.021062	1.000475	0.000475	1.000435	0.000435
145	1100	P50	1	1.000079	0.000079	1.000040	0.000040	1.022041	0.022041	1.022001	0.022001
145	1100	P75	1	1.011020	0.011020	1.010980	0.010980	1.033223	0.033223	1.033182	0.033182
145	1100	P90	1	1.017643	0.017643	1.017602	0.017602	1.039990	0.039990	1.039949	0.039949
145	1100	P95	1	1.019860	0.019860	1.019819	0.019819	1.042256	0.042256	1.042215	0.042215
145	1100	P99	1	1.021637	0.021637	1.021596	0.021596	1.044072	0.044072	1.044031	0.044031
145	1100	P999	2	2.003950	0.001975	2.003950	0.001975	1.960888	-0.019556	1.960888	-0.019556
146	541	P1	1	0.978984	-0.021016	0.978984	-0.021016	1.000483	0.000483	1.000483	0.000483
146	541	P50	1	1.000080	0.000080	1.000080	0.000080	1.022042	0.022042	1.022042	0.022042
146	541	P75	1	1.011002	0.011002	1.011002	0.011002	1.033204	0.033204	1.033204	0.033204
146	541	P90	1	1.017612	0.017612	1.017612	0.017612	1.039959	0.039959	1.039959	0.039959
146	541	P95	1	1.019825	0.019825	1.019825	0.019825	1.042220	0.042220	1.042220	0.042220
146	541	P99	1	1.021631	0.021631	1.021631	0.021631	1.044067	0.044067	1.044067	0.044067
146	541	P999	2	2.047957	0.023978	2.047957	0.023978	2.003950	0.001975	2.003950	0.001975
147	5097	P1	1	0.978939	-0.021061	0.978939	-0.021061	1.000437	0.000437	1.000437	0.000437
147	5097	P50	1	1.000090	0.000090	1.000090	0.000090	1.022052	0.022052	1.022052	0.022052
147	5097	P75	1	1.011052	0.011052	1.011052	0.011052	1.033255	0.033255	1.033255	0.033255
147	5097	P90	1	1.017693	0.017693	1.017693	0.017693	1.040041	0.040041	1.040041	0.040041
147	5097	P95	1	1.019916	0.019916	1.019916	0.019916	1.042313	0.042313	1.042313	0.042313
147	5097	P99	1	1.021698	0.021698	1.021698	0.021698	1.044134	0.044134	1.044134	0.044134
147	5097	P999	2	2.025834	0.012917	2.025834	0.012917	1.982302	-0.008849	1.982302	-0.008849
148	3192	P1	1	0.978939	-0.021061	0.978939	-0.021061	1.000437	0.000437	1.000437	0.000437
148	3192	P50	1	1.000061	0.000061	1.000048	0.000048	1.022023	0.022023	1.022009	0.022009
148	3192	P75	1	1.011007	0.011007	1.010993	0.010993	1.033208	0.033208	1.033194	0.033194
148	3192	P90	1	1.017620	0.017620	1.017620	0.017620	1.039967	0.039967	1.039967	0.039967
148	3192	P95	1	1.019843	0.019843	1.019843	0.019843	1.042239	0.042239	1.042239	0.042239
148	3192	P99	1	1.021626	0.021626	1.021626	0.021626	1.044061	0.044061	1.044061	0.044061
148	3192	P999	2	2.010178	0.005089	2.010178	0.005089	1.966983	-0.016509	1.966983	-0.016509
149	2548	P1	1	0.978946	-0.021054	0.978946	-0.021054	1.000444	0.000444	1.000444	0.000444
149	2548	P50	1	1.000060	0.000060	1.000043	0.000043	1.022021	0.022021	1.022004	0.022004
149	2548	P75	1	1.011002	0.011002	1.010985	0.010985	1.033204	0.033204	1.033187	0.033187
149	2548	P90	1	1.017622	0.017622	1.017622	0.017622	1.039969	0.039969	1.039969	0.039969
149	2548	P95	1	1.019832	0.019832	1.019832	0.019832	1.042228	0.042228	1.042228	0.042228
149	2548	P99	1	1.021611	0.021611	1.021611	0.021611	1.044046	0.044046	1.044046	0.044046
149	2548	P999	2	2.012675	0.006337	2.012675	0.006337	1.969426	-0.015287	1.969426	-0.015287
150	2633	P1	1	0.978951	-0.021049	0.978951	-0.021049	1.000449	0.000449	1.000449	0.000449
150	2633	P50	1	1.000166	0.000166	1.000166	0.000166	1.022130	0.022130	1.022130	0.022130
150	2633	P75	1	1.011164	0.011164	1.011164	0.011164	1.033369	0.033369	1.033369	0.033369
150	2633	P90	1	1.017824	0.017824	1.017824	0.017824	1.040176	0.040176	1.040176	0.040176
150	2633	P95	1	1.020060	0.020060	1.020060	0.020060	1.042460	0.042460	1.042460	0.042460
150	2633	P99	1	1.021841	0.021841	1.021841	0.021841	1.044281	0.044281	1.044281	0.044281
150	2633	P999	2	2.043020	0.021510	2.043020	0.021510	1.999119	-0.000441	1.999119	-0.000441
151	504	P1	1	0.979018	-0.020982	0.979018	-0.020982	1.000517	0.000517	1.000517	0.000517
151	504	P50	1	1.000086	0.000086	1.000000	0.000000	1.022048	0.022048	1.021960	0.021960
151	504	P75	1	1.011008	0.011008	1.010920	0.010920	1.033209	0.033209	1.033120	0.033120
151	504	P90	1	1.017565	0.017565	1.017565	0.017565	1.039911	0.039911	1.039911	0.039911
151	504	P95	1	1.019760	0.019760	1.019760	0.019760	1.042154	0.042154	1.042154	0.042154
151	504	P99	1	1.021520	0.021520	1.021520	0.021520	1.043953	0.043953	1.043953	0.043953
151	504	P999	1	1.021960	0.021960	1.021960	0.021960	1.044403	0.044403	1.044403	0.044403
152	411	P1	1	0.979030	-0.020970	0.979030	-0.020970	1.000530	0.000530	1.000530	0.000530
152	411	P50	1	1.000106	0.000106	1.000106	0.000106	1.022068	0.022068	1.022068	0.022068
152	411	P75	1	1.011081	0.011081	1.011081	0.011081	1.033285	0.033285	1.033285	0.033285
152	411	P90	1	1.017638	0.017638	1.017638	0.017638	1.039985	0.039985	1.039985	0.039985
152	411	P95	1	1.019905	0.019905	1.019905	0.019905	1.042302	0.042302	1.042302	0.042302
152	411	P99	1	1.021635	0.021635	1.021635	0.021635	1.044071	0.044071	1.044071	0.044071
152	411	P999	2	2.047957	0.023978	2.047957	0.023978	2.003950	0.001975	2.003950	0.001975
153	928	P1	1	0.978971	-0.021029	0.978971	-0.021029	1.000469	0.000469	1.000469	0.000469
153	928	P50	1	1.000094	0.000094	1.000047	0.000047	1.022056	0.022056	1.022008	0.022008
153	928	P75	1	1.011039	0.011039	1.010992	0.010992	1.033242	0.033242	1.033193	0.033193
153	928	P90	1	1.017654	0.017654	1.017654	0.017654	1.040002	0.040002	1.040002	0.040002
153	928	P95	1	1.019853	0.019853	1.019853	0.019853	1.042249	0.042249	1.042249	0.042249
153	928	P99	1	1.021625	0.021625	1.021625	0.021625	1.044060	0.044060	1.044060	0.044060
153	928	P999	2	2.047957	0.023978	2.047957	0.023978	2.003950	0.001975	2.003950	0.001975
154	703	P1	1	0.979000	-0.021000	0.979000	-0.021000	1.000499	0.000499	1.000499	0.000499
154	703	P50	1	1.000250	0.000250	1.000250	0.000250	1.022215	0.022215	1.022215	0.022215
154	703	P75	1	1.011299	0.011299	1.011299	0.011299	1.033507	0.033507	1.033507	0.033507
154	703	P90	1	1.017949	0.017949	1.017949	0.017949	1.040303	0.040303	1.040303	0.040303
154	703	P95	1	1.020176	0.020176	1.020176	0.020176	1.042579	0.042579	1.042579	0.042579
154	703	P99	1	1.021960	0.021960	1.021960	0.021960	1.044403	0.044403	1.044403	0.044403
154	703	P999	2	2.047957	0.023978	2.047957	0.023978	2.003950	0.001975	2.003950	0.001975
155	799	P1	1	0.978939	-0.021061	0.978939	-0.021061	1.000436	0.000436	1.000436	0.000436
155	799	P50	1	1.000082	0.000082	1.000082	0.000082	1.022044	0.022044	1.022044	0.022044
155	799	P75	1	1.011044	0.011044	1.011044	0.011044	1.033247	0.033247	1.033247	0.033247
155	799	P90	1	1.017680	0.017680	1.017680	0.017680	1.040028	0.040028	1.040028	0.040028
155	799	P95	1	1.019901	0.019901	1.019901	0.019901	1.042298	0.042298	1.042298	0.042298
155	799	P99	1	1.021682	0.021682	1.021682	0.021682	1.044118	0.044118	1.044118	0.044118
155	799	P999	3	3.027834	0.009278	3.027834	0.009278	3.094326	0.031442	3.094326	0.031442
156	305	P1	1	0.979071	-0.020929	0.979071	-0.020929	1.000572	0.000572	1.000572	0.000572
156	305	P50	1	1.000143	0.000143	1.000143	0.000143	1.022106	0.022106	1.022106	0.022106
156	305	P75	1	1.011065	0.011065	1.011065	0.011065	1.033268	0.033268	1.033268	0.033268
156	305	P90	1	1.017733	0.017733	1.017733	0.017733	1.040083	0.040083	1.040083	0.040083
156	305	P95	1	1.019918	0.019918	1.019918	0.019918	1.042315	0.042315	1.042315	0.042315
156	305	P99	1	1.021668	0.021668	1.021668	0.021668	1.044104	0.044104	1.044104	0.044104
156	305	P999	2	2.047957	0.023978	2.047957	0.023978	2.003950	0.001975	2.003950	0.001975
157	2267	P1	1	0.978944	-0.021056	0.978944	-0.021056	1.000442	0.000442	1.000442	0.000442
157	2267	P50	1	1.000048	0.000048	1.000048	0.000048	1.022009	0.022009	1.022009	0.022009
157	2267	P75	1	1.010993	0.010993	1.010993	0.010993	1.033195	0.033195	1.033195	0.033195
157	2267	P90	1	1.017614	0.017614	1.017614	0.017614	1.039961	0.039961	1.039961	0.039961
157	2267	P95	1	1.019824	0.019824	1.019824	0.019824	1.042219	0.042219	1.042219	0.042219
157	2267	P99	1	1.021607	0.021607	1.021607	0.021607	1.044042	0.044042	1.044042	0.044042
157	2267	P999	2	2.003950	0.001975	2.003950	0.001975	1.960888	-0.019556	1.960888	-0.019556
158	1128	P1	1	0.978964	-0.021036	0.978964	-0.021036	1.000462	0.000462	1.000462	0.000462
158	1128	P50	1	1.000039	0.000039	1.000000	0.000000	1.022000	0.022000	1.021960	0.021960
158	1128	P75	1	1.010959	0.010959	1.010920	0.010920	1.033160	0.033160	1.033120	0.033120
158	1128	P90	1	1.017561	0.017561	1.017561	0.017561	1.039907	0.039907	1.039907	0.039907
158	1128	P95	1	1.019758	0.019758	1.019758	0.019758	1.042152	0.042152	1.042152	0.042152
158	1128	P99	1	1.021527	0.021527	1.021527	0.021527	1.043960	0.043960	1.043960	0.043960
158	1128	P999	1	1.021921	0.021921	1.021921	0.021921	1.044362	0.044362	1.044362	0.044362
159	699	P1	1	0.978941	-0.021059	0.978941	-0.021059	1.000438	0.000438	1.000438	0.000438
159	699	P50	1	1.000188	0.000188	1.000188	0.000188	1.022152	0.022152	1.022152	0.022152
159	699	P75	1	1.011205	0.011205	1.011205	0.011205	1.033411	0.033411	1.033411	0.033411
159	699	P90	1	1.017874	0.017874	1.017874	0.017874	1.040227	0.040227	1.040227	0.040227
159	699	P95	1	1.020107	0.020107	1.020107	0.020107	1.042508	0.042508	1.042508	0.042508
159	699	P99	1	1.021896	0.021896	1.021896	0.021896	1.044337	0.044337	1.044337	0.044337
159	699	P999	2	2.047957	0.023978	2.047957	0.023978	2.003950	0.001975	2.003950	0.001975
160	164	P1	1	0.979030	-0.020970	0.979030	-0.020970	1.000530	0.000530	1.000530	0.000530
160	164	P50	1	1.000265	0.000265	1.000000	0.000000	1.022231	0.022231	1.021960	0.021960
160	164	P75	1	1.011188	0.011188	1.010920	0.010920	1.033394	0.033394	1.033120	0.033120
160	164	P90	1	1.017638	0.017638	1.017638	0.017638	1.039985	0.039985	1.039985	0.039985
160	164	P95	1	1.019797	0.019797	1.019797	0.019797	1.042192	0.042192	1.042192	0.042192
160	164	P99	1	1.021689	0.021689	1.021689	0.021689	1.044126	0.044126	1.044126	0.044126
160	164	P999	1	1.021960	0.021960	1.021960	0.021960	1.044403	0.044403	1.044403	0.044403
161	194	P1	1	0.978952	-0.021048	0.978952	-0.021048	1.000450	0.000450	1.000450	0.000450
161	194	P50	1	1.000338	0.000338	1.000113	0.000113	1.022305	0.022305	1.022075	0.022075
161	194	P75	1	1.011205	0.011205	1.011205	0.011205	1.033411	0.033411	1.033411	0.033411
161	194	P90	1	1.017828	0.017828	1.017828	0.017828	1.040179	0.040179	1.040179	0.040179
161	194	P95	1	1.020121	0.020121	1.020121	0.020121	1.042523	0.042523	1.042523	0.042523
161	194	P99	1	1.021960	0.021960	1.021960	0.021960	1.044403	0.044403	1.044403	0.044403
161	194	P999	2	2.047957	0.023978	2.047957	0.023978	2.003950	0.001975	2.003950	0.001975
162	150	P1	1	0.979079	-0.020921	0.979079	-0.020921	1.000579	0.000579	1.000579	0.000579
162	150	P50	1	1.000290	0.000290	1.000000	0.000000	1.022256	0.022256	1.021960	0.021960
162	150	P75	1	1.011067	0.011067	1.011067	0.011067	1.033270	0.033270	1.033270	0.033270
162	150	P90	1	1.017825	0.017825	1.017530	0.017530	1.040176	0.040176	1.039875	0.039875
162	150	P95	1	1.019890	0.019890	1.019890	0.019890	1.042287	0.042287	1.042287	0.042287
162	150	P99	1	1.021664	0.021664	1.021664	0.021664	1.044100	0.044100	1.044100	0.044100
162	150	P999	1	1.021960	0.021960	1.021960	0.021960	1.044403	0.044403	1.044403	0.044403
163	5078	P1	1	0.978940	-0.021060	0.978940	-0.021060	1.000437	0.000437	1.000437	0.000437
163	5078	P50	1	1.000051	0.000051	1.000043	0.000043	1.022013	0.022013	1.022004	0.022004
163	5078	P75	1	1.010990	0.010990	1.010990	0.010990	1.033191	0.033191	1.033191	0.033191
163	5078	P90	1	1.017615	0.017615	1.017615	0.017615	1.039962	0.039962	1.039962	0.039962
163	5078	P95	1	1.019834	0.019834	1.019834	0.019834	1.042229	0.042229	1.042229	0.042229
163	5078	P99	1	1.021610	0.021610	1.021610	0.021610	1.044044	0.044044	1.044044	0.044044
163	5078	P999	2	2.014862	0.007431	2.014862	0.007431	1.971566	-0.014217	1.971566	-0.014217
164	9595	P1	1	0.978938	-0.021062	0.978938	-0.021062	1.000436	0.000436	1.000436	0.000436
164	9595	P50	1	1.000050	0.000050	1.000050	0.000050	1.022011	0.022011	1.022011	0.022011
164	9595	P75	1	1.010996	0.010996	1.010996	0.010996	1.033198	0.033198	1.033198	0.033198
164	9595	P90	1	1.017619	0.017619	1.017619	0.017619	1.039967	0.039967	1.039967	0.039967
164	9595	P95	1	1.019838	0.019838	1.019838	0.019838	1.042234	0.042234	1.042234	0.042234
164	9595	P99	1	1.021617	0.021617	1.021617	0.021617	1.044052	0.044052	1.044052	0.044052
164	9595	P999	2	2.015438	0.007719	2.015438	0.007719	1.972130	-0.013935	1.972130	-0.013935
165	8526	P1	1	0.978942	-0.021058	0.978942	-0.021058	1.000440	0.000440	1.000440	0.000440
165	8526	P50	1	1.000066	0.000066	1.000061	0.000061	1.022028	0.022028	1.022023	0.022023
165	8526	P75	1	1.011016	0.011016	1.011016	0.011016	1.033218	0.033218	1.033218	0.033218
165	8526	P90	1	1.017645	0.017645	1.017645	0.017645	1.039993	0.039993	1.039993	0.039993
165	8526	P95	1	1.019863	0.019863	1.019863	0.019863	1.042259	0.042259	1.042259	0.042259
165	8526	P99	1	1.021642	0.021642	1.021642	0.021642	1.044077	0.044077	1.044077	0.044077
165	8526	P999	2	2.026882	0.013441	2.026882	0.013441	1.983327	-0.008336	1.983327	-0.008336
166	7023	P1	1	0.978943	-0.021057	0.978943	-0.021057	1.000440	0.000440	1.000440	0.000440
166	7023	P50	1	1.000056	0.000056	1.000056	0.000056	1.022017	0.022017	1.022017	0.022017
166	7023	P75	1	1.011005	0.011005	1.011005	0.011005	1.033207	0.033207	1.033207	0.033207
166	7023	P90	1	1.017628	0.017628	1.017628	0.017628	1.039976	0.039976	1.039976	0.039976
166	7023	P95	1	1.019846	0.019846	1.019846	0.019846	1.042242	0.042242	1.042242	0.042242
166	7023	P99	1	1.021624	0.021624	1.021624	0.021624	1.044059	0.044059	1.044059	0.044059
166	7023	P999	2	2.011646	0.005823	2.011646	0.005823	1.968419	-0.015790	1.968419	-0.015790
167	400	P1	1	0.979043	-0.020957	0.978937	-0.021063	1.000543	0.000543	1.000435	0.000435
167	400	P50	1	1.000109	0.000109	1.000000	0.000000	1.022071	0.022071	1.021960	0.021960
167	400	P75	1	1.011030	0.011030	1.010920	0.010920	1.033233	0.033233	1.033120	0.033120
167	400	P90	1	1.017640	0.017640	1.017530	0.017530	1.039988	0.039988	1.039875	0.039875
167	400	P95	1	1.019853	0.019853	1.019743	0.019743	1.042250	0.042250	1.042136	0.042136
167	400	P99	1	1.021627	0.021627	1.021516	0.021516	1.044062	0.044062	1.043949	0.043949
167	400	P999	1	1.021960	0.021960	1.021960	0.021960	1.044403	0.044403	1.044403	0.044403
168	116	P1	1	0.979251	-0.020749	0.979251	-0.020749	1.000756	0.000756	1.000756	0.000756
168	116	P50	1	1.000567	0.000567	1.000189	0.000189	1.022539	0.022539	1.022153	0.022153
168	116	P75	1	1.011589	0.011589	1.011207	0.011207	1.033804	0.033804	1.033413	0.033413
168	116	P90	1	1.018107	0.018107	1.018107	0.018107	1.040464	0.040464	1.040464	0.040464
168	116	P95	1	1.020417	0.020417	1.020417	0.020417	1.042826	0.042826	1.042826	0.042826
168	116	P99	1	1.021960	0.021960	1.021960	0.021960	1.044403	0.044403	1.044403	0.044403
168	116	P999	2	2.047957	0.023978	2.047957	0.023978	2.003950	0.001975	2.003950	0.001975
169	207	P1	1	0.979131	-0.020869	0.979131	-0.020869	1.000633	0.000633	1.000633	0.000633
169	207	P50	1	1.000211	0.000211	1.000211	0.000211	1.022176	0.022176	1.022176	0.022176
169	207	P75	1	1.011240	0.011240	1.011240	0.011240	1.033447	0.033447	1.033447	0.033447
169	207	P90	1	1.017873	0.017873	1.017873	0.017873	1.040226	0.040226	1.040226	0.040226
169	207	P95	1	1.020022	0.020022	1.020022	0.020022	1.042422	0.042422	1.042422	0.042422
169	207	P99	1	1.021745	0.021745	1.021745	0.021745	1.044182	0.044182	1.044182	0.044182
169	207	P999	2	2.047957	0.023978	2.047957	0.023978	2.003950	0.001975	2.003950	0.001975
170	207	P1	1	0.979137	-0.020863	0.979137	-0.020863	1.000639	0.000639	1.000639	0.000639
170	207	P50	1	1.000426	0.000426	1.000426	0.000426	1.022396	0.022396	1.022396	0.022396
170	207	P75	1	1.011567	0.011567	1.011567	0.011567	1.033781	0.033781	1.033781	0.033781
170	207	P90	1	1.018267	0.018267	1.018267	0.018267	1.040628	0.040628	1.040628	0.040628
170	207	P95	1	1.020438	0.020438	1.020438	0.020438	1.042847	0.042847	1.042847	0.042847
170	207	P99	2	1.989492	-0.005254	1.989492	-0.005254	1.946741	-0.026629	1.946741	-0.026629
170	207	P999	2	2.047957	0.023978	2.047957	0.023978	2.003950	0.001975	2.003950	0.001975
171	1630	P1	1	0.978957	-0.021043	0.978957	-0.021043	1.000455	0.000455	1.000455	0.000455
171	1630	P50	1	1.000094	0.000094	1.000067	0.000067	1.022056	0.022056	1.022028	0.022028
171	1630	P75	1	1.011035	0.011035	1.011035	0.011035	1.033238	0.033238	1.033238	0.033238
171	1630	P90	1	1.017680	0.017680	1.017652	0.017652	1.040028	0.040028	1.040000	0.040000
171	1630	P95	1	1.019886	0.019886	1.019886	0.019886	1.042283	0.042283	1.042283	0.042283
171	1630	P99	1	1.021660	0.021660	1.021660	0.021660	1.044095	0.044095	1.044095	0.044095
171	1630	P999	2	2.047957	0.023978	2.047957	0.023978	2.003950	0.001975	2.003950	0.001975
172	2951	P1	1	0.978945	-0.021055	0.978945	-0.021055	1.000443	0.000443	1.000443	0.000443
172	2951	P50	1	1.000081	0.000081	1.000081	0.000081	1.022043	0.022043	1.022043	0.022043
172	2951	P75	1	1.011044	0.011044	1.011044	0.011044	1.033246	0.033246	1.033246	0.033246
172	2951	P90	1	1.017667	0.017667	1.017667	0.017667	1.040015	0.040015	1.040015	0.040015
172	2951	P95	1	1.019894	0.019894	1.019894	0.019894	1.042291	0.042291	1.042291	0.042291
172	2951	P99	1	1.021673	0.021673	1.021673	0.021673	1.044109	0.044109	1.044109	0.044109
172	2951	P999	2	2.030239	0.015120	2.030239	0.015120	1.986613	-0.006694	1.986613	-0.006694
173	3849	P1	1	0.978945	-0.021055	0.978945	-0.021055	1.000442	0.000442	1.000442	0.000442
173	3849	P50	1	1.000113	0.000113	1.000113	0.000113	1.022076	0.022076	1.022076	0.022076
173	3849	P75	1	1.011087	0.011087	1.011087	0.011087	1.033290	0.033290	1.033290	0.033290
173	3849	P90	1	1.017738	0.017738	1.017738	0.017738	1.040087	0.040087	1.040087	0.040087
173	3849	P95	1	1.019957	0.019957	1.019957	0.019957	1.042355	0.042355	1.042355	0.042355
173	3849	P99	1	1.021740	0.021740	1.021740	0.021740	1.044177	0.044177	1.044177	0.044177
173	3849	P999	2	2.042730	0.021365	2.042730	0.021365	1.998835	-0.000583	1.998835	-0.000583
174	2056	P1	1	0.978947	-0.021053	0.978947	-0.021053	1.000445	0.000445	1.000445	0.000445
174	2056	P50	1	1.000085	0.000085	1.000064	0.000064	1.022047	0.022047	1.022025	0.022025
174	2056	P75	1	1.011038	0.011038	1.011017	0.011017	1.033241	0.033241	1.033219	0.033219
174	2056	P90	1	1.017659	0.017659	1.017659	0.017659	1.040007	0.040007	1.040007	0.040007
174	2056	P95	1	1.019883	0.019883	1.019883	0.019883	1.042280	0.042280	1.042280	0.042280
174	2056	P99	1	1.021657	0.021657	1.021657	0.021657	1.044093	0.044093	1.044093	0.044093
174	2056	P999	2	2.018513	0.009256	2.018513	0.009256	1.975138	-0.012431	1.975138	-0.012431
175	1459	P1	1	0.978950	-0.021050	0.978950	-0.021050	1.000448	0.000448	1.000448	0.000448
175	1459	P50	1	1.000090	0.000090	1.000090	0.000090	1.022052	0.022052	1.022052	0.022052
175	1459	P75	1	1.011056	0.011056	1.011056	0.011056	1.033259	0.033259	1.033259	0.033259
175	1459	P90	1	1.017694	0.017694	1.017694	0.017694	1.040043	0.040043	1.040043	0.040043
175	1459	P95	1	1.019916	0.019916	1.019916	0.019916	1.042314	0.042314	1.042314	0.042314
175	1459	P99	1	1.021685	0.021685	1.021685	0.021685	1.044122	0.044122	1.044122	0.044122
175	1459	P999	2	2.030239	0.015120	2.030239	0.015120	1.986613	-0.006694	1.986613	-0.006694
176	2368	P1	1	0.978944	-0.021056	0.978944	-0.021056	1.000441	0.000441	1.000441	0.000441
176	2368	P50	1	1.000064	0.000064	1.000046	0.000046	1.022026	0.022026	1.022007	0.022007
176	2368	P75	1	1.011009	0.011009	1.010990	0.010990	1.033211	0.033211	1.033192	0.033192
176	2368	P90	1	1.017629	0.017629	1.017629	0.017629	1.039976	0.039976	1.039976	0.039976
176	2368	P95	1	1.019839	0.019839	1.019839	0.019839	1.042235	0.042235	1.042235	0.042235
176	2368	P99	1	1.021622	0.021622	1.021622	0.021622	1.044057	0.044057	1.044057	0.044057
176	2368	P999	2	2.025834	0.012917	2.025834	0.012917	1.982302	-0.008849	1.982302	-0.008849
177	279	P1	1	0.978971	-0.021029	0.978971	-0.021029	1.000469	0.000469	1.000469	0.000469
177	279	P50	1	1.000156	0.000156	1.000156	0.000156	1.022120	0.022120	1.022120	0.022120
177	279	P75	1	1.011157	0.011157	1.011157	0.011157	1.033363	0.033363	1.033363	0.033363
177	279	P90	1	1.017816	0.017816	1.017816	0.017816	1.040168	0.040168	1.040168	0.040168
177	279	P95	1	1.020045	0.020045	1.020045	0.020045	1.042446	0.042446	1.042446	0.042446
177	279	P99	1	1.021800	0.021800	1.021800	0.021800	1.044239	0.044239	1.044239	0.044239
177	279	P999	2	2.047957	0.023978	2.047957	0.023978	2.003950	0.001975	2.003950	0.001975
178	305	P1	1	0.979069	-0.020931	0.979069	-0.020931	1.000570	0.000570	1.000570	0.000570
178	305	P50	1	1.000071	0.000071	1.000071	0.000071	1.022033	0.022033	1.022033	0.022033
178	305	P75	1	1.010956	0.010956	1.010956	0.010956	1.033157	0.033157	1.033157	0.033157
178	305	P90	1	1.017602	0.017602	1.017602	0.017602	1.039949	0.039949	1.039949	0.039949
178	305	P95	1	1.019779	0.019779	1.019779	0.019779	1.042173	0.042173	1.042173	0.042173
178	305	P99	1	1.021524	0.021524	1.021524	0.021524	1.043956	0.043956	1.043956	0.043956
178	305	P999	1	1.021960	0.021960	1.021960	0.021960	1.044403	0.044403	1.044403	0.044403
179	516	P1	86	85.957186	-0.000498	85.957186	-0.000498	85.274191	-0.008440	85.274191	-0.008440
179	516	P50	196	196.923635	0.004712	196.886920	0.004525	197.169501	0.005967	197.135102	0.005791
179	516	P75	203	203.634811	0.003127	203.579178	0.002853	203.618797	0.003048	203.528549	0.002604
179	516	P90	212	213.471837	0.006943	213.471837	0.006943	213.343198	0.006336	213.343198	0.006336
179	516	P95	222	222.743069	0.003347	222.743069	0.003347	222.780594	0.003516	222.780594	0.003516
179	516	P99	243	245.616212	0.010766	245.616212	0.010766	245.435346	0.010022	245.435346	0.010022
179	516	P999	308	318.760557	0.034937	318.760557	0.034937	309.432580	0.004651	309.432580	0.004651
180	269	P1	1	0.978990	-0.021010	0.978990	-0.021010	1.000488	0.000488	1.000488	0.000488
180	269	P50	1	1.000244	0.000244	1.000244	0.000244	1.022210	0.022210	1.022210	0.022210
180	269	P75	1	1.011208	0.011208	1.011208	0.011208	1.033415	0.033415	1.033415	0.033415
180	269	P90	1	1.017977	0.017977	1.017977	0.017977	1.040332	0.040332	1.040332	0.040332
180	269	P95	1	1.020133	0.020133	1.020133	0.020133	1.042535	0.042535	1.042535	0.042535
180	269	P99	1	1.021960	0.021960	1.021960	0.021960	1.044403	0.044403	1.044403	0.044403
180	269	P999	4	4.104002	0.026000	4.104002	0.026000	4.015814	0.003953	4.015814	0.003953
181	361	P1	1	0.978990	-0.021010	0.978990	-0.021010	1.000488	0.000488	1.000488	0.000488
181	361	P50	1	1.000366	0.000366	1.000366	0.000366	1.022334	0.022334	1.022334	0.022334
181	361	P75	1	1.011414	0.011414	1.011414	0.011414	1.033625	0.033625	1.033625	0.033625
181	361	P90	1	1.018101	0.018101	1.018101	0.018101	1.040459	0.040459	1.040459	0.040459
181	361	P95	1	1.020340	0.020340	1.020340	0.020340	1.042747	0.042747	1.042747	0.042747
181	361	P99	2	1.995262	-0.002369	1.995262	-0.002369	1.952388	-0.023806	1.952388	-0.023806
181	361	P999	2	2.047957	0.023978	2.047957	0.023978	2.003950	0.001975	2.003950	0.001975
182	196	P1	1	0.978952	-0.021048	0.978952	-0.021048	1.000450	0.000450	1.000450	0.000450
182	196	P50	1	1.000563	0.000563	1.000338	0.000338	1.022535	0.022535	1.022305	0.022305
182	196	P75	1	1.011660	0.011660	1.011433	0.011433	1.033877	0.033877	1.033644	0.033644
182	196	P90	1	1.018286	0.018286	1.018286	0.018286	1.040648	0.040648	1.040648	0.040648
182	196	P95	1	1.020581	0.020581	1.020581	0.020581	1.042993	0.042993	1.042993	0.042993
182	196	P99	2	2.047957	0.023978	2.047957	0.023978	2.003950	0.001975	2.003950	0.001975
182	196	P999	3	3.027834	0.009278	3.027834	0.009278	3.094326	0.031442	3.094326	0.031442
183	112	P1	1	0.979380	-0.020620	0.979380	-0.020620	1.000887	0.000887	1.000887	0.000887
183	112	P50	1	1.003553	0.003553	1.003108	0.003108	1.025591	0.025591	1.025136	0.025136
183	112	P75	1	1.016087	0.016087	1.015637	0.015637	1.038401	0.038401	1.037941	0.037941
183	112	P90	2	1.980646	-0.009677	1.980646	-0.009677	1.938086	-0.030957	1.938086	-0.030957
183	112	P95	2	2.020762	0.010381	2.020762	0.010381	1.977340	-0.011330	1.977340	-0.011330
183	112	P99	2	2.047957	0.023978	2.047957	0.023978	2.003950	0.001975	2.003950	0.001975
183	112	P999	4	4.104002	0.026000	4.104002	0.026000	4.015814	0.003953	4.015814	0.003953
184	877	P1	1	0.979020	-0.020980	0.979020	-0.020980	1.000519	0.000519	1.000519	0.000519
184	877	P50	1	1.003613	0.003613	1.003613	0.003613	1.025652	0.025652	1.025652	0.025652
184	877	P75	1	1.016374	0.016374	1.016374	0.016374	1.038694	0.038694	1.038694	0.038694
184	877	P90	2	1.986473	-0.006763	1.986473	-0.006763	1.943788	-0.028106	1.943788	-0.028106
184	877	P95	2	2.017334	0.008667	2.017334	0.008667	1.973985	-0.013007	1.973985	-0.013007
184	877	P99	2	2.042224	0.021112	2.042224	0.021112	1.998341	-0.000830	1.998341	-0.000830
184	877	P999	2	2.047957	0.023978	2.047957	0.023978	2.003950	0.001975	2.003950	0.001975
185	1769	P1	1	0.983276	-0.016724	0.983276	-0.016724	1.004869	0.004869	1.004869	0.004869
185	1769	P50	9	9.312954	0.034773	9.312954	0.034773	9.112835	0.012537	9.112835	0.012537
185	1769	P75	10	10.013195	0.001319	10.013195	0.001319	10.233086	0.023309	10.233086	0.023309
185	1769	P90	10	10.199762	0.019976	10.199762	0.019976	10.423750	0.042375	10.423750	0.042375
185	1769	P95	11	10.934126	-0.005989	10.934126	-0.005989	11.174241	0.015840	11.174241	0.015840
185	1769	P99	12	12.159218	0.013268	12.159218	0.013268	12.426237	0.035520	12.426237	0.035520
185	1769	P999	62	63.370450	0.022104	63.370450	0.022104	62.008729	0.000141	62.008729	0.000141
186	145	P1	1	0.989198	-0.010802	0.989198	-0.010802	1.010920	0.010920	1.010920	0.010920
186	145	P50	58	57.469043	-0.009154	57.469043	-0.009154	57.677482	-0.005561	57.677482	-0.005561
186	145	P75	59	59.529932	0.008982	59.529932	0.008982	59.282004	0.004780	59.282004	0.004780
186	145	P90	61	61.561356	0.009203	61.561356	0.009203	61.243781	0.003996	61.243781	0.003996
186	145	P95	62	63.141438	0.018410	63.141438	0.018410	61.912590	-0.001410	61.912590	-0.001410
186	145	P99	69	69.123010	0.001783	69.123010	0.001783	70.640962	0.023782	70.640962	0.023782
186	145	P999	119	121.592184	0.021783	121.592184	0.021783	124.262367	0.044222	124.262367	0.044222
187	716	P1	1	0.978988	-0.021012	0.978988	-0.021012	1.000486	0.000486	1.000486	0.000486
187	716	P50	1	1.000091	0.000091	1.000030	0.000030	1.022053	0.022053	1.021991	0.021991
187	716	P75	1	1.011028	0.011028	1.010967	0.010967	1.033230	0.033230	1.033167	0.033167
187	716	P90	1	1.017623	0.017623	1.017623	0.017623	1.039970	0.039970	1.039970	0.039970
187	716	P95	1	1.019851	0.019851	1.019851	0.019851	1.042247	0.042247	1.042247	0.042247
187	716	P99	1	1.021588	0.021588	1.021588	0.021588	1.044022	0.044022	1.044022	0.044022
187	716	P999	2	2.047957	0.023978	2.047957	0.023978	2.003950	0.001975	2.003950	0.001975
188	4865	P1	1	0.978942	-0.021058	0.978942	-0.021058	1.000439	0.000439	1.000439	0.000439
188	4865	P50	1	1.000081	0.000081	1.000081	0.000081	1.022043	0.022043	1.022043	0.022043
188	4865	P75	1	1.011038	0.011038	1.011038	0.011038	1.033241	0.033241	1.033241	0.033241
188	4865	P90	1	1.017674	0.017674	1.017674	0.017674	1.040022	0.040022	1.040022	0.040022
188	4865	P95	1	1.019892	0.019892	1.019892	0.019892	1.042289	0.042289	1.042289	0.042289
188	4865	P99	1	1.021676	0.021676	1.021676	0.021676	1.044112	0.044112	1.044112	0.044112
188	4865	P999	2	2.027128	0.013564	2.027128	0.013564	1.983569	-0.008216	1.983569	-0.008216
189	5468	P1	1	0.978941	-0.021059	0.978941	-0.021059	1.000438	0.000438	1.000438	0.000438
189	5468	P50	1	1.000072	0.000072	1.000064	0.000064	1.022033	0.022033	1.022025	0.022025
189	5468	P75	1	1.011025	0.011025	1.011017	0.011017	1.033227	0.033227	1.033219	0.033219
189	5468	P90	1	1.017653	0.017653	1.017653	0.017653	1.040001	0.040001	1.040001	0.040001
189	5468	P95	1	1.019869	0.019869	1.019869	0.019869	1.042266	0.042266	1.042266	0.042266
189	5468	P99	1	1.021651	0.021651	1.021651	0.021651	1.044086	0.044086	1.044086	0.044086
189	5468	P999	2	2.024367	0.012184	2.024367	0.012184	1.980867	-0.009566	1.980867	-0.009566
190	221	P1	1	0.979089	-0.020911	0.979089	-0.020911	1.000590	0.000590	1.000590	0.000590
190	221	P50	1	1.000098	0.000098	1.000098	0.000098	1.022061	0.022061	1.022061	0.022061
190	221	P75	1	1.010970	0.010970	1.010970	0.010970	1.033171	0.033171	1.033171	0.033171
190	221	P90	1	1.017550	0.017550	1.017550	0.017550	1.039895	0.039895	1.039895	0.039895
190	221	P95	1	1.019753	0.019753	1.019753	0.019753	1.042147	0.042147	1.042147	0.042147
190	221	P99	1	1.021558	0.021558	1.021558	0.021558	1.043992	0.043992	1.043992	0.043992
190	221	P999	1	1.021960	0.021960	1.021960	0.021960	1.044403	0.044403	1.044403	0.044403
191	405	P1	1	0.979039	-0.020961	0.979039	-0.020961	1.000539	0.000539	1.000539	0.000539
191	405	P50	1	1.000162	0.000162	1.000162	0.000162	1.022125	0.022125	1.022125	0.022125
191	405	P75	1	1.011111	0.011111	1.011111	0.011111	1.033315	0.033315	1.033315	0.033315
191	405	P90	1	1.017782	0.017782	1.017782	0.017782	1.040133	0.040133	1.040133	0.040133
191	405	P95	1	1.019979	0.019979	1.019979	0.019979	1.042378	0.042378	1.042378	0.042378
191	405	P99	1	1.021740	0.021740	1.021740	0.021740	1.044177	0.044177	1.044177	0.044177
191	405	P999	2	2.047957	0.023978	2.047957	0.023978	2.003950	0.001975	2.003950	0.001975
192	507	P1	1	0.979015	-0.020985	0.979015	-0.020985	1.000514	0.000514	1.000514	0.000514
192	507	P50	1	1.000043	0.000043	1.000043	0.000043	1.022004	0.022004	1.022004	0.022004
192	507	P75	1	1.010985	0.010985	1.010985	0.010985	1.033187	0.033187	1.033187	0.033187
192	507	P90	1	1.017591	0.017591	1.017591	0.017591	1.039937	0.039937	1.039937	0.039937
192	507	P95	1	1.019773	0.019773	1.019773	0.019773	1.042168	0.042168	1.042168	0.042168
192	507	P99	1	1.021522	0.021522	1.021522	0.021522	1.043955	0.043955	1.043955	0.043955
192	507	P999	1	1.021960	0.021960	1.021960	0.021960	1.044403	0.044403	1.044403	0.044403
193	879	P1	1	0.978948	-0.021052	0.978948	-0.021052	1.000446	0.000446	1.000446	0.000446
193	879	P50	1	1.000074	0.000074	1.000074	0.000074	1.022036	0.022036	1.022036	0.022036
193	879	P75	1	1.011033	0.011033	1.011033	0.011033	1.033236	0.033236	1.033236	0.033236
193	879	P90	1	1.017666	0.017666	1.017666	0.017666	1.040014	0.040014	1.040014	0.040014
193	879	P95	1	1.019887	0.019887	1.019887	0.019887	1.042283	0.042283	1.042283	0.042283
193	879	P99	1	1.021656	0.021656	1.021656	0.021656	1.044092	0.044092	1.044092	0.044092
193	879	P999	15	15.109333	0.007289	15.109333	0.007289	15.441136	0.029409	15.441136	0.029409
194	4425	P1	1	0.978946	-0.021054	0.978946	-0.021054	1.000444	0.000444	1.000444	0.000444
194	4425	P50	1	1.000118	0.000118	1.000118	0.000118	1.022081	0.022081	1.022081	0.022081
194	4425	P75	1	1.011095	0.011095	1.011095	0.011095	1.033299	0.033299	1.033299	0.033299
194	4425	P90	1	1.017743	0.017743	1.017743	0.017743	1.040093	0.040093	1.040093	0.040093
194	4425	P95	1	1.019965	0.019965	1.019965	0.019965	1.042364	0.042364	1.042364	0.042364
194	4425	P99	1	1.021748	0.021748	1.021748	0.021748	1.044186	0.044186	1.044186	0.044186
194	4425	P999	2	2.032541	0.016271	2.032541	0.016271	1.988865	-0.005567	1.988865	-0.005567
195	753	P1	1	0.978965	-0.021035	0.978965	-0.021035	1.000464	0.000464	1.000464	0.000464
195	753	P50	1	1.000116	0.000116	1.000116	0.000116	1.022079	0.022079	1.022079	0.022079
195	753	P75	1	1.011067	0.011067	1.011067	0.011067	1.033270	0.033270	1.033270	0.033270
195	753	P90	1	1.017707	0.017707	1.017707	0.017707	1.040056	0.040056	1.040056	0.040056
195	753	P95	1	1.019949	0.019949	1.019949	0.019949	1.042348	0.042348	1.042348	0.042348
195	753	P99	1	1.021723	0.021723	1.021723	0.021723	1.044161	0.044161	1.044161	0.044161
195	753	P999	2	2.047957	0.023978	2.047957	0.023978	2.003950	0.001975	2.003950	0.001975
196	102	P1	1	0.979346	-0.020654	0.979346	-0.020654	1.000852	0.000852	1.000852	0.000852
196	102	P50	1	1.000426	0.000426	1.000000	0.000000	1.022396	0.022396	1.021960	0.021960
196	102	P75	1	1.011136	0.011136	1.011136	0.011136	1.033340	0.033340	1.033340	0.033340
196	102	P90	1	1.017617	0.017617	1.017617	0.017617	1.039964	0.039964	1.039964	0.039964
196	102	P95	1	1.019786	0.019786	1.019786	0.019786	1.042181	0.042181	1.042181	0.042181
196	102	P99	1	1.021525	0.021525	1.021525	0.021525	1.043958	0.043958	1.043958	0.043958
196	102	P999	1	1.021960	0.021960	1.021960	0.021960	1.044403	0.044403	1.044403	0.044403
197	3834	P1	1	0.978946	-0.021054	0.978946	-0.021054	1.000444	0.000444	1.000444	0.000444
197	3834	P50	1	1.000114	0.000114	1.000102	0.000102	1.022077	0.022077	1.022065	0.022065
197	3834	P75	1	1.011082	0.011082	1.011082	0.011082	1.033285	0.033285	1.033285	0.033285
197	3834	P90	1	1.017722	0.017722	1.017722	0.017722	1.040072	0.040072	1.040072	0.040072
197	3834	P95	1	1.019949	0.019949	1.019949	0.019949	1.042348	0.042348	1.042348	0.042348
197	3834	P99	1	1.021727	0.021727	1.021727	0.021727	1.044165	0.044165	1.044165	0.044165
197	3834	P999	2	2.033181	0.016591	2.033181	0.016591	1.989492	-0.005254	1.989492	-0.005254
198	852	P1	1	0.978962	-0.021038	0.978962	-0.021038	1.000461	0.000461	1.000461	0.000461
198	852	P50	1	1.000128	0.000128	1.000077	0.000077	1.022091	0.022091	1.022039	0.022039
198	852	P75	1	1.011089	0.011089	1.011037	0.011037	1.033292	0.033292	1.033239	0.033239
198	852	P90	1	1.017681	0.017681	1.017681	0.017681	1.040029	0.040029	1.040029	0.040029
198	852	P95	1	1.019923	0.019923	1.019923	0.019923	1.042320	0.042320	1.042320	0.042320
198	852	P99	1	1.021699	0.021699	1.021699	0.021699	1.044135	0.044135	1.044135	0.044135
198	852	P999	2	2.047957	0.023978	2.047957	0.023978	2.003950	0.001975	2.003950	0.001975
199	2899	P1	1	0.978938	-0.021062	0.978938	-0.021062	1.000435	0.000435	1.000435	0.000435
199	2899	P50	1	1.000038	0.000038	1.000038	0.000038	1.021998	0.021998	1.021998	0.021998
199	2899	P75	1	1.010977	0.010977	1.010977	0.010977	1.033179	0.033179	1.033179	0.033179
199	2899	P90	1	1.017599	0.017599	1.017599	0.017599	1.039945	0.039945	1.039945	0.039945
199	2899	P95	1	1.019815	0.019815	1.019815	0.019815	1.042211	0.042211	1.042211	0.042211
199	2899	P99	1	1.021592	0.021592	1.021592	0.021592	1.044026	0.044026	1.044026	0.044026
199	2899	P999	2	2.003950	0.001975	2.003950	0.001975	1.960888	-0.019556	1.960888	-0.019556
200	543	P1	1	0.978982	-0.021018	0.978982	-0.021018	1.000480	0.000480	1.000480	0.000480
200	543	P50	1	1.000040	0.000040	1.000040	0.000040	1.022001	0.022001	1.022001	0.022001
200	543	P75	1	1.010981	0.010981	1.010981	0.010981	1.033182	0.033182	1.033182	0.033182
200	543	P90	1	1.017554	0.017554	1.017554	0.017554	1.039900	0.039900	1.039900	0.039900
200	543	P95	1	1.019755	0.019755	1.019755	0.019755	1.042149	0.042149	1.042149	0.042149
200	543	P99	1	1.021551	0.021551	1.021551	0.021551	1.043985	0.043985	1.043985	0.043985
200	543	P999	1	1.021960	0.021960	1.021960	0.021960	1.044403	0.044403	1.044403	0.044403
201	433	P1	1	0.979010	-0.020990	0.979010	-0.020990	1.000509	0.000509	1.000509	0.000509
201	433	P50	1	1.000356	0.000356	1.000356	0.000356	1.022324	0.022324	1.022324	0.022324
201	433	P75	1	1.011409	0.011409	1.011409	0.011409	1.033620	0.033620	1.033620	0.033620
201	433	P90	1	1.018120	0.018120	1.018120	0.018120	1.040478	0.040478	1.040478	0.040478
201	433	P95	1	1.020402	0.020402	1.020402	0.020402	1.042810	0.042810	1.042810	0.042810
201	433	P99	2	1.989492	-0.005254	1.989492	-0.005254	1.946741	-0.026629	1.946741	-0.026629
201	433	P999	2	2.047957	0.023978	2.047957	0.023978	2.003950	0.001975	2.003950	0.001975
202	821	P1	1	0.978978	-0.021022	0.978978	-0.021022	1.000477	0.000477	1.000477	0.000477
202	821	P50	1	1.000053	0.000053	1.000053	0.000053	1.022014	0.022014	1.022014	0.022014
202	821	P75	1	1.010974	0.010974	1.010974	0.010974	1.033175	0.033175	1.033175	0.033175
202	821	P90	1	1.017584	0.017584	1.017584	0.017584	1.039930	0.039930	1.039930	0.039930
202	821	P95	1	1.019797	0.019797	1.019797	0.019797	1.042192	0.042192	1.042192	0.042192
202	821	P99	1	1.021581	0.021581	1.021581	0.021581	1.044015	0.044015	1.044015	0.044015
202	821	P999	2	2.047957	0.023978	2.047957	0.023978	2.003950	0.001975	2.003950	0.001975
203	5117	P1	1	0.978945	-0.021055	0.978945	-0.021055	1.000443	0.000443	1.000443	0.000443
203	5117	P50	1	1.000055	0.000055	1.000055	0.000055	1.022017	0.022017	1.022017	0.022017
203	5117	P75	1	1.011000	0.011000	1.011000	0.011000	1.033202	0.033202	1.033202	0.033202
203	5117	P90	1	1.017629	0.017629	1.017629	0.017629	1.039977	0.039977	1.039977	0.039977
203	5117	P95	1	1.019849	0.019849	1.019849	0.019849	1.042245	0.042245	1.042245	0.042245
203	5117	P99	1	1.021621	0.021621	1.021621	0.021621	1.044056	0.044056	1.044056	0.044056
203	5117	P999	2	2.011218	0.005609	2.011218	0.005609	1.968000	-0.016000	1.968000	-0.016000
204	1843	P1	1	0.978952	-0.021048	0.978952	-0.021048	1.000450	0.000450	1.000450	0.000450
204	1843	P50	1	1.000095	0.000095	1.000095	0.000095	1.022057	0.022057	1.022057	0.022057
204	1843	P75	1	1.011064	0.011064	1.011064	0.011064	1.033267	0.033267	1.033267	0.033267
204	1843	P90	1	1.017689	0.017689	1.017689	0.017689	1.040037	0.040037	1.040037	0.040037
204	1843	P95	1	1.019907	0.019907	1.019907	0.019907	1.042304	0.042304	1.042304	0.042304
204	1843	P99	1	1.021694	0.021694	1.021694	0.021694	1.044131	0.044131	1.044131	0.044131
204	1843	P999	2	2.035285	0.017643	2.035285	0.017643	1.991551	-0.004225	1.991551	-0.004225
205	2969	P1	1	0.978942	-0.021058	0.978942	-0.021058	1.000440	0.000440	1.000440	0.000440
205	2969	P50	1	1.000044	0.000044	1.000044	0.000044	1.022005	0.022005	1.022005	0.022005
205	2969	P75	1	1.010980	0.010980	1.010980	0.010980	1.033181	0.033181	1.033181	0.033181
205	2969	P90	1	1.017610	0.017610	1.017610	0.017610	1.039957	0.039957	1.039957	0.039957
205	2969	P95	1	1.019820	0.019820	1.019820	0.019820	1.042216	0.042216	1.042216	0.042216
205	2969	P99	1	1.021601	0.021601	1.021601	0.021601	1.044035	0.044035	1.044035	0.044035
205	2969	P999	2	2.012675	0.006337	2.012675	0.006337	1.969426	-0.015287	1.969426	-0.015287
206	6049	P1	1	0.978941	-0.021059	0.978941	-0.021059	1.000439	0.000439	1.000439	0.000439
206	6049	P50	1	1.000043	0.000043	1.000043	0.000043	1.022004	0.022004	1.022004	0.022004
206	6049	P75	1	1.010982	0.010982	1.010982	0.010982	1.033184	0.033184	1.033184	0.033184
206	6049	P90	1	1.017609	0.017609	1.017609	0.017609	1.039956	0.039956	1.039956	0.039956
206	6049	P95	1	1.019823	0.019823	1.019823	0.019823	1.042218	0.042218	1.042218	0.042218
206	6049	P99	1	1.021600	0.021600	1.021600	0.021600	1.044034	0.044034	1.044034	0.044034
206	6049	P999	2	1.999996	-0.000002	1.999996	-0.000002	1.957020	-0.021490	1.957020	-0.021490
207	2684	P1	1	0.978940	-0.021060	0.978940	-0.021060	1.000438	0.000438	1.000438	0.000438
207	2684	P50	1	1.000057	0.000057	1.000041	0.000041	1.022018	0.022018	1.022002	0.022002
207	2684	P75	1	1.010998	0.010998	1.010982	0.010982	1.033200	0.033200	1.033183	0.033183
207	2684	P90	1	1.017611	0.017611	1.017611	0.017611	1.039958	0.039958	1.039958	0.039958
207	2684	P95	1	1.019824	0.019824	1.019824	0.019824	1.042220	0.042220	1.042220	0.042220
207	2684	P99	1	1.021612	0.021612	1.021612	0.021612	1.044047	0.044047	1.044047	0.044047
207	2684	P999	2	2.025834	0.012917	2.025834	0.012917	1.982302	-0.008849	1.982302	-0.008849
208	5194	P1	1	0.978939	-0.021061	0.978939	-0.021061	1.000436	0.000436	1.000436	0.000436
208	5194	P50	1	1.000080	0.000080	1.000071	0.000071	1.022042	0.022042	1.022033	0.022033
208	5194	P75	1	1.011033	0.011033	1.011033	0.011033	1.033235	0.033235	1.033235	0.033235
208	5194	P90	1	1.017664	0.017664	1.017664	0.017664	1.040012	0.040012	1.040012	0.040012
208	5194	P95	1	1.019887	0.019887	1.019887	0.019887	1.042284	0.042284	1.042284	0.042284
208	5194	P99	1	1.021669	0.021669	1.021669	0.021669	1.044105	0.044105	1.044105	0.044105
208	5194	P999	2	2.030239	0.015120	2.030239	0.015120	1.986613	-0.006694	1.986613	-0.006694
209	6816	P1	1	0.978943	-0.021057	0.978943	-0.021057	1.000440	0.000440	1.000440	0.000440
209	6816	P50	1	1.000035	0.000035	1.000029	0.000029	1.021996	0.021996	1.021990	0.021990
209	6816	P75	1	1.010970	0.010970	1.010964	0.010964	1.033172	0.033172	1.033165	0.033165
209	6816	P90	1	1.017586	0.017586	1.017586	0.017586	1.039933	0.039933	1.039933	0.039933
209	6816	P95	1	1.019803	0.019803	1.019803	0.019803	1.042199	0.042199	1.042199	0.042199
209	6816	P99	1	1.021575	0.021575	1.021575	0.021575	1.044009	0.044009	1.044009	0.044009
209	6816	P999	2	1.989492	-0.005254	1.989492	-0.005254	1.946741	-0.026629	1.946741	-0.026629
210	375	P1	1	0.978967	-0.021033	0.978967	-0.021033	1.000465	0.000465	1.000465	0.000465
210	375	P50	1	1.000116	0.000116	1.000116	0.000116	1.022079	0.022079	1.022079	0.022079
210	375	P75	1	1.011097	0.011097	1.011097	0.011097	1.033300	0.033300	1.033300	0.033300
210	375	P90	1	1.017695	0.017695	1.017695	0.017695	1.040044	0.040044	1.040044	0.040044
210	375	P95	1	1.019944	0.019944	1.019944	0.019944	1.042342	0.042342	1.042342	0.042342
210	375	P99	1	1.021723	0.021723	1.021723	0.021723	1.044160	0.044160	1.044160	0.044160
210	375	P999	2	2.047957	0.023978	2.047957	0.023978	2.003950	0.001975	2.003950	0.001975
211	4256	P1	1	0.978942	-0.021058	0.978942	-0.021058	1.000440	0.000440	1.000440	0.000440
211	4256	P50	1	1.000061	0.000061	1.000051	0.000051	1.022023	0.022023	1.022012	0.022012
211	4256	P75	1	1.011008	0.011008	1.010998	0.010998	1.033210	0.033210	1.033200	0.033200
211	4256	P90	1	1.017630	0.017630	1.017630	0.017630	1.039977	0.039977	1.039977	0.039977
211	4256	P95	1	1.019850	0.019850	1.019850	0.019850	1.042246	0.042246	1.042246	0.042246
211	4256	P99	1	1.021626	0.021626	1.021626	0.021626	1.044061	0.044061	1.044061	0.044061
211	4256	P999	2	2.018513	0.009256	2.018513	0.009256	1.975138	-0.012431	1.975138	-0.012431
212	890	P1	1	0.978942	-0.021058	0.978942	-0.021058	1.000440	0.000440	1.000440	0.000440
212	890	P50	1	1.000073	0.000073	1.000024	0.000024	1.022035	0.022035	1.021985	0.021985
212	890	P75	1	1.010982	0.010982	1.010982	0.010982	1.033184	0.033184	1.033184	0.033184
212	890	P90	1	1.017624	0.017624	1.017575	0.017575	1.039972	0.039972	1.039921	0.039921
212	890	P95	1	1.019815	0.019815	1.019815	0.019815	1.042210	0.042210	1.042210	0.042210
212	890	P99	1	1.021611	0.021611	1.021611	0.021611	1.044045	0.044045	1.044045	0.044045
212	890	P999	2	2.047957	0.023978	2.047957	0.023978	2.003950	0.001975	2.003950	0.001975
213	7243	P1	1	0.978943	-0.021057	0.978943	-0.021057	1.000441	0.000441	1.000441	0.000441
213	7243	P50	1	1.000157	0.000157	1.000157	0.000157	1.022121	0.022121	1.022121	0.022121
213	7243	P75	1	1.011159	0.011159	1.011159	0.011159	1.033364	0.033364	1.033364	0.033364
213	7243	P90	1	1.017814	0.017814	1.017814	0.017814	1.040165	0.040165	1.040165	0.040165
213	7243	P95	1	1.020042	0.020042	1.020042	0.020042	1.042442	0.042442	1.042442	0.042442
213	7243	P99	1	1.021831	0.021831	1.021831	0.021831	1.044270	0.044270	1.044270	0.044270
213	7243	P999	2	2.044092	0.022046	2.044092	0.022046	2.000168	0.000084	2.000168	0.000084
214	7746	P1	1	0.978941	-0.021059	0.978941	-0.021059	1.000439	0.000439	1.000439	0.000439
214	7746	P50	1	1.000073	0.000073	1.000068	0.000068	1.022035	0.022035	1.022029	0.022029
214	7746	P75	1	1.011026	0.011026	1.011026	0.011026	1.033228	0.033228	1.033228	0.033228
214	7746	P90	1	1.017657	0.017657	1.017657	0.017657	1.040005	0.040005	1.040005	0.040005
214	7746	P95	1	1.019875	0.019875	1.019875	0.019875	1.042272	0.042272	1.042272	0.042272
214	7746	P99	1	1.021655	0.021655	1.021655	0.021655	1.044091	0.044091	1.044091	0.044091
214	7746	P999	2	2.027835	0.013917	2.027835	0.013917	1.984260	-0.007870	1.984260	-0.007870
215	267	P1	1	0.978990	-0.021010	0.978990	-0.021010	1.000488	0.000488	1.000488	0.000488
215	267	P50	1	1.000081	0.000081	1.000081	0.000081	1.022043	0.022043	1.022043	0.022043
215	267	P75	1	1.011044	0.011044	1.011044	0.011044	1.033247	0.033247	1.033247	0.033247
215	267	P90	1	1.017646	0.017646	1.017646	0.017646	1.039993	0.039993	1.039993	0.039993
215	267	P95	1	1.019801	0.019801	1.019801	0.019801	1.042196	0.042196	1.042196	0.042196
215	267	P99	1	1.021628	0.021628	1.021628	0.021628	1.044063	0.044063	1.044063	0.044063
215	267	P999	1	1.021960	0.021960	1.021960	0.021960	1.044403	0.044403	1.044403	0.044403
216	1839	P1	1	0.978953	-0.021047	0.978953	-0.021047	1.000451	0.000451	1.000451	0.000451
216	1839	P50	1	1.000119	0.000119	1.000119	0.000119	1.022081	0.022081	1.022081	0.022081
216	1839	P75	1	1.011100	0.011100	1.011100	0.011100	1.033304	0.033304	1.033304	0.033304
216	1839	P90	1	1.017747	0.017747	1.017747	0.017747	1.040097	0.040097	1.040097	0.040097
216	1839	P95	1	1.019973	0.019973	1.019973	0.019973	1.042371	0.042371	1.042371	0.042371
216	1839	P99	1	1.021742	0.021742	1.021742	0.021742	1.044179	0.044179	1.044179	0.044179
216	1839	P999	2	2.038095	0.019047	2.038095	0.019047	1.994299	-0.002850	1.994299	-0.002850
217	491	P1	1	0.978946	-0.021054	0.978946	-0.021054	1.000443	0.000443	1.000443	0.000443
217	491	P50	1	1.000089	0.000089	1.000089	0.000089	1.022051	0.022051	1.022051	0.022051
217	491	P75	1	1.011055	0.011055	1.011055	0.011055	1.033258	0.033258	1.033258	0.033258
217	491	P90	1	1.017620	0.017620	1.017620	0.017620	1.039967	0.039967	1.039967	0.039967
217	491	P95	1	1.019878	0.019878	1.019878	0.019878	1.042275	0.042275	1.042275	0.042275
217	491	P99	1	1.021688	0.021688	1.021688	0.021688	1.044125	0.044125	1.044125	0.044125
217	491	P999	2	2.047957	0.023978	2.047957	0.023978	2.003950	0.001975	2.003950	0.001975
218	445	P1	1	0.978994	-0.021006	0.978994	-0.021006	1.000493	0.000493	1.000493	0.000493
218	445	P50	1	1.000246	0.000246	1.000246	0.000246	1.022212	0.022212	1.022212	0.022212
218	445	P75	1	1.011244	0.011244	1.011244	0.011244	1.033451	0.033451	1.033451	0.033451
218	445	P90	1	1.017941	0.017941	1.017941	0.017941	1.040295	0.040295	1.040295	0.040295
218	445	P95	1	1.020150	0.020150	1.020150	0.020150	1.042552	0.042552	1.042552	0.042552
218	445	P99	1	1.021960	0.021960	1.021960	0.021960	1.044403	0.044403	1.044403	0.044403
218	445	P999	2	2.047957	0.023978	2.047957	0.023978	2.003950	0.001975	2.003950	0.001975
219	1493	P1	1	0.978941	-0.021059	0.978941	-0.021059	1.000438	0.000438	1.000438	0.000438
219	1493	P50	1	1.000102	0.000102	1.000102	0.000102	1.022065	0.022065	1.022065	0.022065
219	1493	P75	1	1.011061	0.011061	1.011061	0.011061	1.033264	0.033264	1.033264	0.033264
219	1493	P90	1	1.017699	0.017699	1.017699	0.017699	1.040048	0.040048	1.040048	0.040048
219	1493	P95	1	1.019932	0.019932	1.019932	0.019932	1.042330	0.042330	1.042330	0.042330
219	1493	P99	1	1.021721	0.021721	1.021721	0.021721	1.044158	0.044158	1.044158	0.044158
219	1493	P999	2	2.047957	0.023978	2.047957	0.023978	2.003950	0.001975	2.003950	0.001975
220	202	P1	1	0.979146	-0.020854	0.979146	-0.020854	1.000649	0.000649	1.000649	0.000649
220	202	P50	1	1.000324	0.000324	1.000108	0.000108	1.022292	0.022292	1.022071	0.022071
220	202	P75	1	1.011194	0.011194	1.011194	0.011194	1.033400	0.033400	1.033400	0.033400
220	202	P90	1	1.017772	0.017772	1.017772	0.017772	1.040122	0.040122	1.040122	0.040122
220	202	P95	1	1.019974	0.019974	1.019974	0.019974	1.042373	0.042373	1.042373	0.042373
220	202	P99	1	1.021739	0.021739	1.021739	0.021739	1.044177	0.044177	1.044177	0.044177
220	202	P999	2	2.047957	0.023978	2.047957	0.023978	2.003950	0.001975	2.003950	0.001975
221	1410	P1	1	0.978968	-0.021032	0.978968	-0.021032	1.000466	0.000466	1.000466	0.000466
221	1410	P50	1	1.000202	0.000202	1.000171	0.000171	1.022166	0.022166	1.022135	0.022135
221	1410	P75	1	1.011195	0.011195	1.011195	0.011195	1.033401	0.033401	1.033401	0.033401
221	1410	P90	1	1.017874	0.017874	1.017843	0.017843	1.040227	0.040227	1.040195	0.040195
221	1410	P95	1	1.020089	0.020089	1.020089	0.020089	1.042491	0.042491	1.042491	0.042491
221	1410	P99	1	1.021865	0.021865	1.021865	0.021865	1.044305	0.044305	1.044305	0.044305
221	1410	P999	3	3.027834	0.009278	3.027834	0.009278	3.094326	0.031442	3.094326	0.031442
222	170	P1	1	0.979012	-0.020988	0.979012	-0.020988	1.000511	0.000511	1.000511	0.000511
222	170	P50	1	1.000256	0.000256	1.000000	0.000000	1.022221	0.022221	1.021960	0.021960
222	170	P75	1	1.011050	0.011050	1.011050	0.011050	1.033252	0.033252	1.033252	0.033252
222	170	P90	1	1.017790	0.017790	1.017530	0.017530	1.040141	0.040141	1.039875	0.039875
222	170	P95	1	1.019873	0.019873	1.019873	0.019873	1.042269	0.042269	1.042269	0.042269
222	170	P99	1	1.021699	0.021699	1.021699	0.021699	1.044136	0.044136	1.044136	0.044136
222	170	P999	1	1.021960	0.021960	1.021960	0.021960	1.044403	0.044403	1.044403	0.044403
223	201	P1	1	0.979146	-0.020854	0.979146	-0.020854	1.000649	0.000649	1.000649	0.000649
223	201	P50	1	1.000108	0.000108	1.000108	0.000108	1.022071	0.022071	1.022071	0.022071
223	201	P75	1	1.010975	0.010975	1.010975	0.010975	1.033176	0.033176	1.033176	0.033176
223	201	P90	1	1.017552	0.017552	1.017552	0.017552	1.039897	0.039897	1.039897	0.039897
223	201	P95	1	1.019754	0.019754	1.019754	0.019754	1.042148	0.042148	1.042148	0.042148
223	201	P99	1	1.021518	0.021518	1.021518	0.021518	1.043951	0.043951	1.043951	0.043951
223	201	P999	1	1.021960	0.021960	1.021960	0.021960	1.044403	0.044403	1.044403	0.044403
224	252	P1	1	0.979018	-0.020982	0.979018	-0.020982	1.000517	0.000517	1.000517	0.000517
224	252	P50	1	1.000172	0.000172	1.000000	0.000000	1.022136	0.022136	1.021960	0.021960
224	252	P75	1	1.011095	0.011095	1.010920	0.010920	1.033299	0.033299	1.033120	0.033120
224	252	P90	1	1.017565	0.017565	1.017565	0.017565	1.039911	0.039911	1.039911	0.039911
224	252	P95	1	1.019848	0.019848	1.019848	0.019848	1.042244	0.042244	1.042244	0.042244
224	252	P99	1	1.021608	0.021608	1.021608	0.021608	1.044043	0.044043	1.044043	0.044043
224	252	P999	1	1.021960	0.021960	1.021960	0.021960	1.044403	0.044403	1.044403	0.044403
225	433	P1	1	0.979003	-0.020997	0.979003	-0.020997	1.000502	0.000502	1.000502	0.000502
225	433	P50	1	1.000050	0.000050	1.000050	0.000050	1.022011	0.022011	1.022011	0.022011
225	433	P75	1	1.010946	0.010946	1.010946	0.010946	1.033146	0.033146	1.033146	0.033146
225	433	P90	1	1.017561	0.017561	1.017561	0.017561	1.039906	0.039906	1.039906	0.039906
225	433	P95	1	1.019809	0.019809	1.019809	0.019809	1.042204	0.042204	1.042204	0.042204
225	433	P99	1	1.021550	0.021550	1.021550	0.021550	1.043983	0.043983	1.043983	0.043983
225	433	P999	1	1.021960	0.021960	1.021960	0.021960	1.044403	0.044403	1.044403	0.044403
226	390	P1	1	0.978948	-0.021052	0.978948	-0.021052	1.000446	0.000446	1.000446	0.000446
226	390	P50	1	1.000111	0.000111	1.000000	0.000000	1.022074	0.022074	1.021960	0.021960
226	390	P75	1	1.010977	0.010977	1.010977	0.010977	1.033178	0.033178	1.033178	0.033178
226	390	P90	1	1.017643	0.017643	1.017530	0.017530	1.039991	0.039991	1.039875	0.039875
226	390	P95	1	1.019799	0.019799	1.019799	0.019799	1.042194	0.042194	1.042194	0.042194
226	390	P99	1	1.021619	0.021619	1.021619	0.021619	1.044054	0.044054	1.044054	0.044054
226	390	P999	1	1.021960	0.021960	1.021960	0.021960	1.044403	0.044403	1.044403	0.044403
227	142	P1	1	0.979111	-0.020889	0.979111	-0.020889	1.000612	0.000612	1.000612	0.000612
227	142	P50	1	1.000306	0.000306	1.000000	0.000000	1.022273	0.022273	1.021960	0.021960
227	142	P75	1	1.011075	0.011075	1.011075	0.011075	1.033278	0.033278	1.033278	0.033278
227	142	P90	1	1.017592	0.017592	1.017592	0.017592	1.039939	0.039939	1.039939	0.039939
227	142	P95	1	1.019774	0.019774	1.019774	0.019774	1.042168	0.042168	1.042168	0.042168
227	142	P99	1	1.021648	0.021648	1.021648	0.021648	1.044083	0.044083	1.044083	0.044083
227	142	P999	1	1.021960	0.021960	1.021960	0.021960	1.044403	0.044403	1.044403	0.044403
228	2193	P1	1	0.978942	-0.021058	0.978942	-0.021058	1.000440	0.000440	1.000440	0.000440
228	2193	P50	1	1.000220	0.000220	1.000220	0.000220	1.022185	0.022185	1.022185	0.022185
228	2193	P75	1	1.011244	0.011244	1.011244	0.011244	1.033451	0.033451	1.033451	0.033451
228	2193	P90	1	1.017921	0.017921	1.017921	0.017921	1.040274	0.040274	1.040274	0.040274
228	2193	P95	1	1.020163	0.020163	1.020163	0.020163	1.042566	0.042566	1.042566	0.042566
228	2193	P99	1	1.021960	0.021960	1.021960	0.021960	1.044403	0.044403	1.044403	0.044403
228	2193	P999	2	2.043513	0.021756	2.043513	0.021756	1.999601	-0.000199	1.999601	-0.000199
229	2600	P1	1	0.978956	-0.021044	0.978940	-0.021060	1.000454	0.000454	1.000437	0.000437
229	2600	P50	1	1.000151	0.000151	1.000135	0.000135	1.022115	0.022115	1.022098	0.022098
229	2600	P75	1	1.011141	0.011141	1.011124	0.011124	1.033346	0.033346	1.033329	0.033329
229	2600	P90	1	1.017793	0.017793	1.017776	0.017776	1.040144	0.040144	1.040127	0.040127
229	2600	P95	1	1.020020	0.020020	1.020003	0.020003	1.042420	0.042420	1.042403	0.042403
229	2600	P99	1	1.021806	0.021806	1.021788	0.021788	1.044245	0.044245	1.044227	0.044227
229	2600	P999	2	2.036865	0.018433	2.036865	0.018433	1.993096	-0.003452	1.993096	-0.003452
230	272	P1	1	0.978981	-0.021019	0.978981	-0.021019	1.000479	0.000479	1.000479	0.000479
230	272	P50	1	1.000160	0.000160	1.000000	0.000000	1.022123	0.022123	1.021960	0.021960
230	272	P75	1	1.011082	0.011082	1.010920	0.010920	1.033285	0.033285	1.033120	0.033120
230	272	P90	1	1.017562	0.017562	1.017562	0.017562	1.039908	0.039908	1.039908	0.039908
230	272	P95	1	1.019840	0.019840	1.019840	0.019840	1.042236	0.042236	1.042236	0.042236
230	272	P99	1	1.021634	0.021634	1.021634	0.021634	1.044069	0.044069	1.044069	0.044069
230	272	P999	1	1.021960	0.021960	1.021960	0.021960	1.044403	0.044403	1.044403	0.044403
231	963	P1	1	0.978954	-0.021046	0.978954	-0.021046	1.000452	0.000452	1.000452	0.000452
231	963	P50	1	1.000068	0.000068	1.000068	0.000068	1.022029	0.022029	1.022029	0.022029
231	963	P75	1	1.011023	0.011023	1.011023	0.011023	1.033226	0.033226	1.033226	0.033226
231	963	P90	1	1.017626	0.017626	1.017626	0.017626	1.039974	0.039974	1.039974	0.039974
231	963	P95	1	1.019837	0.019837	1.019837	0.019837	1.042233	0.042233	1.042233	0.042233
231	963	P99	1	1.021637	0.021637	1.021637	0.021637	1.044072	0.044072	1.044072	0.044072
231	963	P999	2	2.047957	0.023978	2.047957	0.023978	2.003950	0.001975	2.003950	0.001975
232	1383	P1	1	0.978943	-0.021057	0.978943	-0.021057	1.000441	0.000441	1.000441	0.000441
232	1383	P50	1	1.000063	0.000063	1.000063	0.000063	1.022025	0.022025	1.022025	0.022025
232	1383	P75	1	1.011016	0.011016	1.011016	0.011016	1.033218	0.033218	1.033218	0.033218
232	1383	P90	1	1.017626	0.017626	1.017626	0.017626	1.039973	0.039973	1.039973	0.039973
232	1383	P95	1	1.019839	0.019839	1.019839	0.019839	1.042235	0.042235	1.042235	0.042235
232	1383	P99	1	1.021638	0.021638	1.021638	0.021638	1.044074	0.044074	1.044074	0.044074
232	1383	P999	2	2.047957	0.023978	2.047957	0.023978	2.003950	0.001975	2.003950	0.001975
233	291	P1	1	0.978952	-0.021048	0.978952	-0.021048	1.000450	0.000450	1.000450	0.000450
233	291	P50	1	1.000150	0.000150	1.000150	0.000150	1.022113	0.022113	1.022113	0.022113
233	291	P75	1	1.011148	0.011148	1.011148	0.011148	1.033353	0.033353	1.033353	0.033353
233	291	P90	1	1.017682	0.017682	1.017682	0.017682	1.040031	0.040031	1.040031	0.040031
233	291	P95	1	1.019972	0.019972	1.019972	0.019972	1.042371	0.042371	1.042371	0.042371
233	291	P99	1	1.021807	0.021807	1.021807	0.021807	1.044246	0.044246	1.044246	0.044246
233	291	P999	2	2.047957	0.023978	2.047957	0.023978	2.003950	0.001975	2.003950	0.001975
234	2329	P1	1	0.978952	-0.021048	0.978952	-0.021048	1.000450	0.000450	1.000450	0.000450
234	2329	P50	1	1.000094	0.000094	1.000094	0.000094	1.022056	0.022056	1.022056	0.022056
234	2329	P75	1	1.011053	0.011053	1.011053	0.011053	1.033256	0.033256	1.033256	0.033256
234	2329	P90	1	1.017701	0.017701	1.017701	0.017701	1.040050	0.040050	1.040050	0.040050
234	2329	P95	1	1.019914	0.019914	1.019914	0.019914	1.042312	0.042312	1.042312	0.042312
234	2329	P99	1	1.021692	0.021692	1.021692	0.021692	1.044129	0.044129	1.044129	0.044129
234	2329	P999	3	2.975671	-0.008110	2.975671	-0.008110	3.041017	0.013672	3.041017	0.013672
235	1732	P1	1	0.978955	-0.021045	0.978955	-0.021045	1.000453	0.000453	1.000453	0.000453
235	1732	P50	1	1.000075	0.000075	1.000050	0.000050	1.022037	0.022037	1.022012	0.022012
235	1732	P75	1	1.011022	0.011022	1.010997	0.010997	1.033224	0.033224	1.033198	0.033198
235	1732	P90	1	1.017627	0.017627	1.017627	0.017627	1.039974	0.039974	1.039974	0.039974
235	1732	P95	1	1.019855	0.019855	1.019855	0.019855	1.042252	0.042252	1.042252	0.042252
235	1732	P99	1	1.021626	0.021626	1.021626	0.021626	1.044061	0.044061	1.044061	0.044061
235	1732	P999	2	2.025834	0.012917	2.025834	0.012917	1.982302	-0.008849	1.982302	-0.008849
236	1732	P1	1	0.978954	-0.021046	0.978954	-0.021046	1.000452	0.000452	1.000452	0.000452
236	1732	P50	1	1.000050	0.000050	1.000025	0.000025	1.022011	0.022011	1.021986	0.021986
236	1732	P75	1	1.010984	0.010984	1.010959	0.010959	1.033185	0.033185	1.033159	0.033159
236	1732	P90	1	1.017581	0.017581	1.017581	0.017581	1.039927	0.039927	1.039927	0.039927
236	1732	P95	1	1.019807	0.019807	1.019807	0.019807	1.042202	0.042202	1.042202	0.042202
236	1732	P99	1	1.021575	0.021575	1.021575	0.021575	1.044009	0.044009	1.044009	0.044009
236	1732	P999	3	2.962771	-0.012410	2.962771	-0.012410	3.027834	0.009278	3.027834	0.009278
237	1242	P1	1	0.978959	-0.021041	0.978959	-0.021041	1.000457	0.000457	1.000457	0.000457
237	1242	P50	1	1.000123	0.000123	1.000088	0.000088	1.022086	0.022086	1.022050	0.022050
237	1242	P75	1	1.011071	0.011071	1.011071	0.011071	1.033275	0.033275	1.033275	0.033275
237	1242	P90	1	1.017698	0.017698	1.017698	0.017698	1.040047	0.040047	1.040047	0.040047
237	1242	P95	1	1.019916	0.019916	1.019916	0.019916	1.042314	0.042314	1.042314	0.042314
237	1242	P99	1	1.021709	0.021709	1.021709	0.021709	1.044146	0.044146	1.044146	0.044146
237	1242	P999	2	2.030239	0.015120	2.030239	0.015120	1.986613	-0.006694	1.986613	-0.006694
238	4834	P1	1	0.978944	-0.021056	0.978944	-0.021056	1.000442	0.000442	1.000442	0.000442
238	4834	P50	1	1.000077	0.000077	1.000068	0.000068	1.022038	0.022038	1.022029	0.022029
238	4834	P75	1	1.011028	0.011028	1.011028	0.011028	1.033230	0.033230	1.033230	0.033230
238	4834	P90	1	1.017657	0.017657	1.017657	0.017657	1.040005	0.040005	1.040005	0.040005
238	4834	P95	1	1.019880	0.019880	1.019880	0.019880	1.042277	0.042277	1.042277	0.042277
238	4834	P99	1	1.021656	0.021656	1.021656	0.021656	1.044092	0.044092	1.044092	0.044092
238	4834	P999	2	2.024367	0.012184	2.024367	0.012184	1.980867	-0.009566	1.980867	-0.009566
239	790	P1	1	0.978945	-0.021055	0.978945	-0.021055	1.000443	0.000443	1.000443	0.000443
239	790	P50	1	1.000194	0.000194	1.000138	0.000138	1.022158	0.022158	1.022102	0.022102
239	790	P75	1	1.011158	0.011158	1.011158	0.011158	1.033363	0.033363	1.033363	0.033363
239	790	P90	1	1.017840	0.017840	1.017783	0.017783	1.040192	0.040192	1.040134	0.040134
239	790	P95	1	1.020039	0.020039	1.020039	0.020039	1.042439	0.042439	1.042439	0.042439
239	790	P99	1	1.021847	0.021847	1.021847	0.021847	1.044287	0.044287	1.044287	0.044287
239	790	P999	3	3.027834	0.009278	3.027834	0.009278	3.094326	0.031442	3.094326	0.031442
240	739	P1	1	0.978976	-0.021024	0.978976	-0.021024	1.000474	0.000474	1.000474	0.000474
240	739	P50	1	1.000207	0.000207	1.000207	0.000207	1.022172	0.022172	1.022172	0.022172
240	739	P75	1	1.011235	0.011235	1.011235	0.011235	1.033442	0.033442	1.033442	0.033442
240	739	P90	1	1.017910	0.017910	1.017910	0.017910	1.040263	0.040263	1.040263	0.040263
240	739	P95	1	1.020145	0.020145	1.020145	0.020145	1.042547	0.042547	1.042547	0.042547
240	739	P99	1	1.021900	0.021900	1.021900	0.021900	1.044341	0.044341	1.044341	0.044341
240	739	P999	3	3.027834	0.009278	3.027834	0.009278	3.094326	0.031442	3.094326	0.031442
241	2367	P1	1	0.978944	-0.021056	0.978944	-0.021056	1.000442	0.000442	1.000442	0.000442
241	2367	P50	1	1.000055	0.000055	1.000055	0.000055	1.022017	0.022017	1.022017	0.022017
241	2367	P75	1	1.011004	0.011004	1.011004	0.011004	1.033206	0.033206	1.033206	0.033206
241	2367	P90	1	1.017627	0.017627	1.017627	0.017627	1.039974	0.039974	1.039974	0.039974
241	2367	P95	1	1.019838	0.019838	1.019838	0.019838	1.042234	0.042234	1.042234	0.042234
241	2367	P99	1	1.021622	0.021622	1.021622	0.021622	1.044057	0.044057	1.044057	0.044057
241	2367	P999	2	2.012675	0.006337	2.012675	0.006337	1.969426	-0.015287	1.969426	-0.015287
242	508	P1	1	0.979014	-0.020986	0.979014	-0.020986	1.000513	0.000513	1.000513	0.000513
242	508	P50	1	1.000086	0.000086	1.000000	0.000000	1.022048	0.022048	1.021960	0.021960
242	508	P75	1	1.011007	0.011007	1.010920	0.010920	1.033209	0.033209	1.033120	0.033120
242	508	P90	1	1.017599	0.017599	1.017599	0.017599	1.039946	0.039946	1.039946	0.039946
242	508	P95	1	1.019777	0.019777	1.019777	0.019777	1.042172	0.042172	1.042172	0.042172
242	508	P99	1	1.021523	0.021523	1.021523	0.021523	1.043956	0.043956	1.043956	0.043956
242	508	P999	1	1.021960	0.021960	1.021960	0.021960	1.044403	0.044403	1.044403	0.044403
243	118	P1	1	0.979239	-0.020761	0.979239	-0.020761	1.000743	0.000743	1.000743	0.000743
243	118	P50	1	1.000557	0.000557	1.000186	0.000186	1.022530	0.022530	1.022150	0.022150
243	118	P75	1	1.011390	0.011390	1.011390	0.011390	1.033600	0.033600	1.033600	0.033600
243	118	P90	1	1.018172	0.018172	1.018172	0.018172	1.040532	0.040532	1.040532	0.040532
243	118	P95	1	1.020443	0.020443	1.020443	0.020443	1.042852	0.042852	1.042852	0.042852
243	118	P99	1	1.021960	0.021960	1.021960	0.021960	1.044403	0.044403	1.044403	0.044403
243	118	P999	2	2.047957	0.023978	2.047957	0.023978	2.003950	0.001975	2.003950	0.001975
244	5669	P1	1	0.978940	-0.021060	0.978940	-0.021060	1.000438	0.000438	1.000438	0.000438
244	5669	P50	1	1.000046	0.000046	1.000046	0.000046	1.022007	0.022007	1.022007	0.022007
244	5669	P75	1	1.010986	0.010986	1.010986	0.010986	1.033188	0.033188	1.033188	0.033188
244	5669	P90	1	1.017614	0.017614	1.017614	0.017614	1.039961	0.039961	1.039961	0.039961
244	5669	P95	1	1.019828	0.019828	1.019828	0.019828	1.042224	0.042224	1.042224	0.042224
244	5669	P99	1	1.021607	0.021607	1.021607	0.021607	1.044042	0.044042	1.044042	0.044042
244	5669	P999	2	2.007911	0.003955	2.007911	0.003955	1.964764	-0.017618	1.964764	-0.017618
245	1406	P1	1	0.978966	-0.021034	0.978966	-0.021034	1.000464	0.000464	1.000464	0.000464
245	1406	P50	1	1.000062	0.000062	1.000031	0.000031	1.022023	0.022023	1.021992	0.021992
245	1406	P75	1	1.010983	0.010983	1.010983	0.010983	1.033184	0.033184	1.033184	0.033184
245	1406	P90	1	1.017605	0.017605	1.017605	0.017605	1.039952	0.039952	1.039952	0.039952
245	1406	P95	1	1.019812	0.019812	1.019812	0.019812	1.042207	0.042207	1.042207	0.042207
245	1406	P99	1	1.021581	0.021581	1.021581	0.021581	1.044015	0.044015	1.044015	0.044015
245	1406	P999	2	2.003950	0.001975	2.003950	0.001975	1.960888	-0.019556	1.960888	-0.019556
246	4580	P1	1	0.978940	-0.021060	0.978940	-0.021060	1.000438	0.000438	1.000438	0.000438
246	4580	P50	1	1.000095	0.000095	1.000086	0.000086	1.022057	0.022057	1.022048	0.022048
246	4580	P75	1	1.011060	0.011060	1.011050	0.011050	1.033263	0.033263	1.033253	0.033253
246	4580	P90	1	1.017697	0.017697	1.017687	0.017687	1.040045	0.040045	1.040035	0.040035
246	4580	P95	1	1.019918	0.019918	1.019909	0.019909	1.042316	0.042316	1.042306	0.042306
246	4580	P99	1	1.021697	0.021697	1.021697	0.021697	1.044134	0.044134	1.044134	0.044134
246	4580	P999	2	2.036865	0.018433	2.036865	0.018433	1.993096	-0.003452	1.993096	-0.003452
247	1019	P1	1	0.978971	-0.021029	0.978971	-0.021029	1.000470	0.000470	1.000470	0.000470
247	1019	P50	1	1.000043	0.000043	1.000043	0.000043	1.022004	0.022004	1.022004	0.022004
247	1019	P75	1	1.010985	0.010985	1.010985	0.010985	1.033187	0.033187	1.033187	0.033187
247	1019	P90	1	1.017608	0.017608	1.017608	0.017608	1.039955	0.039955	1.039955	0.039955
247	1019	P95	1	1.019825	0.019825	1.019825	0.019825	1.042221	0.042221	1.042221	0.042221
247	1019	P99	1	1.021568	0.021568	1.021568	0.021568	1.044001	0.044001	1.044001	0.044001
247	1019	P999	1	1.021960	0.021960	1.021960	0.021960	1.044403	0.044403	1.044403	0.044403
248	109	P1	1	0.979292	-0.020708	0.979292	-0.020708	1.000797	0.000797	1.000797	0.000797
248	109	P50	1	1.000199	0.000199	1.000199	0.000199	1.022164	0.022164	1.022164	0.022164
248	109	P75	1	1.011021	0.011021	1.011021	0.011021	1.033223	0.033223	1.033223	0.033223
248	109	P90	1	1.017895	0.017895	1.017895	0.017895	1.040248	0.040248	1.040248	0.040248
248	109	P95	1	1.019926	0.019926	1.019926	0.019926	1.042323	0.042323	1.042323	0.042323
248	109	P99	1	1.021553	0.021553	1.021553	0.021553	1.043986	0.043986	1.043986	0.043986
248	109	P999	1	1.021960	0.021960	1.021960	0.021960	1.044403	0.044403	1.044403	0.044403
249	319	P1	1	0.979050	-0.020950	0.979050	-0.020950	1.000550	0.000550	1.000550	0.000550
249	319	P50	1	1.000275	0.000275	1.000275	0.000275	1.022241	0.022241	1.022241	0.022241
249	319	P75	1	1.011337	0.011337	1.011337	0.011337	1.033547	0.033547	1.033547	0.033547
249	319	P90	1	1.018034	0.018034	1.018034	0.018034	1.040390	0.040390	1.040390	0.040390
249	319	P95	1	1.020276	0.020276	1.020276	0.020276	1.042681	0.042681	1.042681	0.042681
249	319	P99	1	1.021960	0.021960	1.021960	0.021960	1.044403	0.044403	1.044403	0.044403
249	319	P999	3	3.027834	0.009278	3.027834	0.009278	3.094326	0.031442	3.094326	0.031442
250	284	P1	1	0.978962	-0.021038	0.978962	-0.021038	1.000461	0.000461	1.000461	0.000461
250	284	P50	1	1.000230	0.000230	1.000077	0.000077	1.022196	0.022196	1.022039	0.022039
250	284	P75	1	1.011192	0.011192	1.011037	0.011037	1.033398	0.033398	1.033239	0.033239
250	284	P90	1	1.017733	0.017733	1.017733	0.017733	1.040083	0.040083	1.040083	0.040083
250	284	P95	1	1.019923	0.019923	1.019923	0.019923	1.042320	0.042320	1.042320	0.042320
250	284	P99	1	1.021803	0.021803	1.021803	0.021803	1.044242	0.044242	1.044242	0.044242
250	284	P999	2	2.047957	0.023978	2.047957	0.023978	2.003950	0.001975	2.003950	0.001975
251	802	P1	1	0.978994	-0.021006	0.978994	-0.021006	1.000493	0.000493	1.000493	0.000493
251	802	P50	1	1.000301	0.000301	1.000247	0.000247	1.022268	0.022268	1.022212	0.022212
251	802	P75	1	1.011322	0.011322	1.011322	0.011322	1.033531	0.033531	1.033531	0.033531
251	802	P90	1	1.017993	0.017993	1.017993	0.017993	1.040348	0.040348	1.040348	0.040348
251	802	P95	1	1.020226	0.020226	1.020226	0.020226	1.042630	0.042630	1.042630	0.042630
251	802	P99	2	1.970377	-0.014812	1.970377	-0.014812	1.928037	-0.035982	1.928037	-0.035982
251	802	P999	2	2.047957	0.023978	2.047957	0.023978	2.003950	0.001975	2.003950	0.001975
252	187	P1	1	0.978971	-0.021029	0.978971	-0.021029	1.000470	0.000470	1.000470	0.000470
252	187	P50	1	1.000352	0.000352	1.000352	0.000352	1.022320	0.022320	1.022320	0.022320
252	187	P75	1	1.011455	0.011455	1.011455	0.011455	1.033666	0.033666	1.033666	0.033666
252	187	P90	1	1.018127	0.018127	1.018127	0.018127	1.040486	0.040486	1.040486	0.040486
252	187	P95	1	1.020282	0.020282	1.020282	0.020282	1.042687	0.042687	1.042687	0.042687
252	187	P99	2	2.003950	0.001975	2.003950	0.001975	1.960888	-0.019556	1.960888	-0.019556
252	187	P999	2	2.047957	0.023978	2.047957	0.023978	2.003950	0.001975	2.003950	0.001975
253	196	P1	1	0.978950	-0.021050	0.978950	-0.021050	1.000448	0.000448	1.000448	0.000448
253	196	P50	1	1.000448	0.000448	1.000224	0.000224	1.022418	0.022418	1.022189	0.022189
253	196	P75	1	1.011487	0.011487	1.011260	0.011260	1.033699	0.033699	1.033468	0.033468
253	196	P90	1	1.018077	0.018077	1.018077	0.018077	1.040434	0.040434	1.040434	0.040434
253	196	P95	1	1.020359	0.020359	1.020359	0.020359	1.042767	0.042767	1.042767	0.042767
253	196	P99	2	2.003950	0.001975	2.003950	0.001975	1.960888	-0.019556	1.960888	-0.019556
253	196	P999	2	2.047957	0.023978	2.047957	0.023978	2.003950	0.001975	2.003950	0.001975
254	179	P1	1	0.978987	-0.021013	0.978987	-0.021013	1.000486	0.000486	1.000486	0.000486
254	179	P50	1	1.000121	0.000121	1.000121	0.000121	1.022084	0.022084	1.022084	0.022084
254	179	P75	1	1.011104	0.011104	1.011104	0.011104	1.033308	0.033308	1.033308	0.033308
254	179	P90	1	1.017752	0.017752	1.017752	0.017752	1.040102	0.040102	1.040102	0.040102
254	179	P95	1	1.019978	0.019978	1.019978	0.019978	1.042377	0.042377	1.042377	0.042377
254	179	P99	1	1.021712	0.021712	1.021712	0.021712	1.044149	0.044149	1.044149	0.044149
254	179	P999	1	1.021960	0.021960	1.021960	0.021960	1.044403	0.044403	1.044403	0.044403
255	116	P1	1	0.979245	-0.020755	0.979245	-0.020755	1.000749	0.000749	1.000749	0.000749
255	116	P50	1	1.000375	0.000375	1.000000	0.000000	1.022343	0.022343	1.021960	0.021960
255	116	P75	1	1.011299	0.011299	1.010920	0.010920	1.033507	0.033507	1.033120	0.033120
255	116	P90	1	1.017759	0.017759	1.017759	0.017759	1.040109	0.040109	1.040109	0.040109
255	116	P95	1	1.020048	0.020048	1.020048	0.020048	1.042449	0.042449	1.042449	0.042449
255	116	P99	1	1.021577	0.021577	1.021577	0.021577	1.044011	0.044011	1.044011	0.044011
255	116	P999	1	1.021960	0.021960	1.021960	0.021960	1.044403	0.044403	1.044403	0.044403
256	304	P1	1	0.979075	-0.020925	0.979075	-0.020925	1.000576	0.000576	1.000576	0.000576
256	304	P50	1	1.000288	0.000288	1.000144	0.000144	1.022254	0.022254	1.022107	0.022107
256	304	P75	1	1.011284	0.011284	1.011139	0.011139	1.033492	0.033492	1.033343	0.033343
256	304	P90	1	1.017852	0.017852	1.017852	0.017852	1.040204	0.040204	1.040204	0.040204
256	304	P95	1	1.020051	0.020051	1.020051	0.020051	1.042451	0.042451	1.042451	0.042451
256	304	P99	1	1.021813	0.021813	1.021813	0.021813	1.044252	0.044252	1.044252	0.044252
256	304	P999	2	2.047957	0.023978	2.047957	0.023978	2.003950	0.001975	2.003950	0.001975
257	289	P1	1	0.978953	-0.021047	0.978953	-0.021047	1.000451	0.000451	1.000451	0.000451
257	289	P50	1	1.000075	0.000075	1.000075	0.000075	1.022037	0.022037	1.022037	0.022037
257	289	P75	1	1.010958	0.010958	1.010958	0.010958	1.033159	0.033159	1.033159	0.033159
257	289	P90	1	1.017668	0.017668	1.017668	0.017668	1.040016	0.040016	1.040016	0.040016
257	289	P95	1	1.019812	0.019812	1.019812	0.019812	1.042207	0.042207	1.042207	0.042207
257	289	P99	1	1.021653	0.021653	1.021653	0.021653	1.044089	0.044089	1.044089	0.044089
257	289	P999	1	1.021960	0.021960	1.021960	0.021960	1.044403	0.044403	1.044403	0.044403
258	611	P1	1	0.979001	-0.020999	0.979001	-0.020999	1.000500	0.000500	1.000500	0.000500
258	611	P50	1	1.000143	0.000143	1.000143	0.000143	1.022106	0.022106	1.022106	0.022106
258	611	P75	1	1.011137	0.011137	1.011137	0.011137	1.033342	0.033342	1.033342	0.033342
258	611	P90	1	1.017733	0.017733	1.017733	0.017733	1.040083	0.040083	1.040083	0.040083
258	611	P95	1	1.019990	0.019990	1.019990	0.019990	1.042390	0.042390	1.042390	0.042390
258	611	P99	1	1.021741	0.021741	1.021741	0.021741	1.044179	0.044179	1.044179	0.044179
258	611	P999	2	2.047957	0.023978	2.047957	0.023978	2.003950	0.001975	2.003950	0.001975
259	313	P1	1	0.979057	-0.020943	0.979057	-0.020943	1.000557	0.000557	1.000557	0.000557
259	313	P50	1	1.000139	0.000139	1.000139	0.000139	1.022102	0.022102	1.022102	0.022102
259	313	P75	1	1.011061	0.011061	1.011061	0.011061	1.033264	0.033264	1.033264	0.033264
259	313	P90	1	1.017700	0.017700	1.017700	0.017700	1.040049	0.040049	1.040049	0.040049
259	313	P95	1	1.019970	0.019970	1.019970	0.019970	1.042369	0.042369	1.042369	0.042369
259	313	P99	1	1.021676	0.021676	1.021676	0.021676	1.044112	0.044112	1.044112	0.044112
259	313	P999	2	2.047957	0.023978	2.047957	0.023978	2.003950	0.001975	2.003950	0.001975
260	360	P1	1	0.978987	-0.021013	0.978987	-0.021013	1.000486	0.000486	1.000486	0.000486
260	360	P50	1	1.000243	0.000243	1.000121	0.000121	1.022208	0.022208	1.022084	0.022084
260	360	P75	1	1.011227	0.011227	1.011104	0.011104	1.033434	0.033434	1.033308	0.033308
260	360	P90	1	1.017876	0.017876	1.017752	0.017752	1.040228	0.040228	1.040102	0.040102
260	360	P95	1	1.020102	0.020102	1.019978	0.019978	1.042503	0.042503	1.042377	0.042377
260	360	P99	1	1.021836	0.021836	1.021836	0.021836	1.044276	0.044276	1.044276	0.044276
260	360	P999	2	2.047957	0.023978	2.047957	0.023978	2.003950	0.001975	2.003950	0.001975
261	131	P1	1	0.979166	-0.020834	0.979166	-0.020834	1.000669	0.000669	1.000669	0.000669
261	131	P50	1	1.000334	0.000334	1.000334	0.000334	1.022302	0.022302	1.022302	0.022302
261	131	P75	1	1.011427	0.011427	1.011427	0.011427	1.033638	0.033638	1.033638	0.033638
261	131	P90	1	1.017870	0.017870	1.017870	0.017870	1.040223	0.040223	1.040223	0.040223
261	131	P95	1	1.020254	0.020254	1.020254	0.020254	1.042659	0.042659	1.042659	0.042659
261	131	P99	1	1.021960	0.021960	1.021960	0.021960	1.044403	0.044403	1.044403	0.044403
261	131	P999	2	2.047957	0.023978	2.047957	0.023978	2.003950	0.001975	2.003950	0.001975
262	273	P1	1	0.978979	-0.021021	0.978979	-0.021021	1.000478	0.000478	1.000478	0.000478
262	273	P50	1	1.000080	0.000080	1.000080	0.000080	1.022041	0.022041	1.022041	0.022041
262	273	P75	1	1.010961	0.010961	1.010961	0.010961	1.033162	0.033162	1.033162	0.033162
262	273	P90	1	1.017578	0.017578	1.017578	0.017578	1.039925	0.039925	1.039925	0.039925
262	273	P95	1	1.019848	0.019848	1.019848	0.019848	1.042244	0.042244	1.042244	0.042244
262	273	P99	1	1.021635	0.021635	1.021635	0.021635	1.044070	0.044070	1.044070	0.044070
262	273	P999	1	1.021960	0.021960	1.021960	0.021960	1.044403	0.044403	1.044403	0.044403
263	144	P1	1	0.979106	-0.020894	0.979106	-0.020894	1.000608	0.000608	1.000608	0.000608
263	144	P50	1	1.000456	0.000456	1.000152	0.000152	1.022426	0.022426	1.022115	0.022115
263	144	P75	1	1.011458	0.011458	1.011151	0.011151	1.033670	0.033670	1.033356	0.033356
263	144	P90	1	1.017932	0.017932	1.017932	0.017932	1.040286	0.040286	1.040286	0.040286
263	144	P95	1	1.020099	0.020099	1.020099	0.020099	1.042500	0.042500	1.042500	0.042500
263	144	P99	1	1.021960	0.021960	1.021960	0.021960	1.044403	0.044403	1.044403	0.044403
263	144	P999	2	2.047957	0.023978	2.047957	0.023978	2.003950	0.001975	2.003950	0.001975
264	806	P1	1	0.978996	-0.021004	0.978996	-0.021004	1.000495	0.000495	1.000495	0.000495
264	806	P50	1	1.000495	0.000495	1.000440	0.000440	1.022466	0.022466	1.022410	0.022410
264	806	P75	1	1.011616	0.011616	1.011616	0.011616	1.033831	0.033831	1.033831	0.033831
264	806	P90	1	1.018370	0.018370	1.018370	0.018370	1.040733	0.040733	1.040733	0.040733
264	806	P95	1	1.020612	0.020612	1.020612	0.020612	1.043025	0.043025	1.043025	0.043025
264	806	P99	2	2.003950	0.001975	2.003950	0.001975	1.960888	-0.019556	1.960888	-0.019556
264	806	P999	2	2.047957	0.023978	2.047957	0.023978	2.003950	0.001975	2.003950	0.001975
265	755	P1	1	0.978967	-0.021033	0.978967	-0.021033	1.000465	0.000465	1.000465	0.000465
265	755	P50	1	1.000232	0.000232	1.000232	0.000232	1.022198	0.022198	1.022198	0.022198
265	755	P75	1	1.011273	0.011273	1.011273	0.011273	1.033481	0.033481	1.033481	0.033481
265	755	P90	1	1.017932	0.017932	1.017932	0.017932	1.040286	0.040286	1.040286	0.040286
265	755	P95	1	1.020181	0.020181	1.020181	0.020181	1.042584	0.042584	1.042584	0.042584
265	755	P99	1	1.021960	0.021960	1.021960	0.021960	1.044403	0.044403	1.044403	0.044403
265	755	P999	2	2.047957	0.023978	2.047957	0.023978	2.003950	0.001975	2.003950	0.001975
266	111	P1	1	0.979278	-0.020722	0.979278	-0.020722	1.000783	0.000783	1.000783	0.000783
266	111	P50	1	1.000196	0.000196	1.000196	0.000196	1.022160	0.022160	1.022160	0.022160
266	111	P75	1	1.011217	0.011217	1.011217	0.011217	1.033424	0.033424	1.033424	0.033424
266	111	P90	1	1.017570	0.017570	1.017570	0.017570	1.039916	0.039916	1.039916	0.039916
266	111	P95	1	1.019962	0.019962	1.019962	0.019962	1.042361	0.042361	1.042361	0.042361
266	111	P99	1	1.021560	0.021560	1.021560	0.021560	1.043994	0.043994	1.043994	0.043994
266	111	P999	1	1.021960	0.021960	1.021960	0.021960	1.044403	0.044403	1.044403	0.044403
267	437	P1	1	0.979002	-0.020998	0.979002	-0.020998	1.000501	0.000501	1.000501	0.000501
267	437	P50	1	1.000200	0.000200	1.000200	0.000200	1.022165	0.022165	1.022165	0.022165
267	437	P75	1	1.011173	0.011173	1.011173	0.011173	1.033379	0.033379	1.033379	0.033379
267	437	P90	1	1.017876	0.017876	1.017876	0.017876	1.040229	0.040229	1.040229	0.040229
267	437	P95	1	1.020120	0.020120	1.020120	0.020120	1.042522	0.042522	1.042522	0.042522
267	437	P99	1	1.021858	0.021858	1.021858	0.021858	1.044298	0.044298	1.044298	0.044298
267	437	P999	2	2.047957	0.023978	2.047957	0.023978	2.003950	0.001975	2.003950	0.001975
268	112	P1	1	0.979271	-0.020729	0.979271	-0.020729	1.000776	0.000776	1.000776	0.000776
268	112	P50	1	1.000388	0.000388	1.000000	0.000000	1.022357	0.022357	1.021960	0.021960
268	112	P75	1	1.011313	0.011313	1.010920	0.010920	1.033521	0.033521	1.033120	0.033120
268	112	P90	1	1.017609	0.017609	1.017609	0.017609	1.039956	0.039956	1.039956	0.039956
268	112	P95	1	1.019980	0.019980	1.019980	0.019980	1.042379	0.042379	1.042379	0.042379
268	112	P99	1	1.021564	0.021564	1.021564	0.021564	1.043998	0.043998	1.043998	0.043998
268	112	P999	1	1.021960	0.021960	1.021960	0.021960	1.044403	0.044403	1.044403	0.044403
269	704	P1	1	0.979005	-0.020995	0.979005	-0.020995	1.000505	0.000505	1.000505	0.000505
269	704	P50	1	1.000536	0.000536	1.000473	0.000473	1.022508	0.022508	1.022444	0.022444
269	704	P75	1	1.011702	0.011702	1.011638	0.011638	1.033919	0.033919	1.033854	0.033854
269	704	P90	1	1.018422	0.018422	1.018422	0.018422	1.040787	0.040787	1.040787	0.040787
269	704	P95	1	1.020672	0.020672	1.020672	0.020672	1.043086	0.043086	1.043086	0.043086
269	704	P99	2	2.006854	0.003427	2.006854	0.003427	1.963730	-0.018135	1.963730	-0.018135
269	704	P999	2	2.047957	0.023978	2.047957	0.023978	2.003950	0.001975	2.003950	0.001975
270	212	P1	1	0.979119	-0.020881	0.979119	-0.020881	1.000621	0.000621	1.000621	0.000621
270	212	P50	1	1.000414	0.000414	1.000207	0.000207	1.022383	0.022383	1.022172	0.022172
270	212	P75	1	1.011443	0.011443	1.011234	0.011234	1.033655	0.033655	1.033441	0.033441
270	212	P90	1	1.017951	0.017951	1.017951	0.017951	1.040305	0.040305	1.040305	0.040305
270	212	P95	1	1.020270	0.020270	1.020270	0.020270	1.042675	0.042675	1.042675	0.042675
270	212	P99	1	1.021960	0.021960	1.021960	0.021960	1.044403	0.044403	1.044403	0.044403
270	212	P999	2	2.047957	0.023978	2.047957	0.023978	2.003950	0.001975	2.003950	0.001975
271	815	P1	1	0.978993	-0.021007	0.978993	-0.021007	1.000492	0.000492	1.000492	0.000492
271	815	P50	1	1.000574	0.000574	1.000574	0.000574	1.022547	0.022547	1.022547	0.022547
271	815	P75	1	1.011791	0.011791	1.011791	0.011791	1.034010	0.034010	1.034010	0.034010
271	815	P90	1	1.018559	0.018559	1.018559	0.018559	1.040927	0.040927	1.040927	0.040927
271	815	P95	1	1.020844	0.020844	1.020844	0.020844	1.043262	0.043262	1.043262	0.043262
271	815	P99	2	2.012675	0.006337	2.012675	0.006337	1.969426	-0.015287	1.969426	-0.015287
271	815	P999	2	2.047957	0.023978	2.047957	0.023978	2.003950	0.001975	2.003950	0.001975
272	736	P1	1	0.978982	-0.021018	0.978982	-0.021018	1.000481	0.000481	1.000481	0.000481
272	736	P50	1	1.000451	0.000451	1.000391	0.000391	1.022421	0.022421	1.022359	0.022359
272	736	P75	1	1.011574	0.011574	1.011513	0.011513	1.033788	0.033788	1.033726	0.033726
272	736	P90	1	1.018282	0.018282	1.018282	0.018282	1.040644	0.040644	1.040644	0.040644
272	736	P95	1	1.020549	0.020549	1.020549	0.020549	1.042960	0.042960	1.042960	0.042960
272	736	P99	2	2.000604	0.000302	2.000604	0.000302	1.957614	-0.021193	1.957614	-0.021193
272	736	P999	2	2.047957	0.023978	2.047957	0.023978	2.003950	0.001975	2.003950	0.001975
273	371	P1	1	0.978975	-0.021025	0.978975	-0.021025	1.000474	0.000474	1.000474	0.000474
273	371	P50	1	1.000296	0.000296	1.000296	0.000296	1.022263	0.022263	1.022263	0.022263
273	371	P75	1	1.011369	0.011369	1.011369	0.011369	1.033579	0.033579	1.033579	0.033579
273	371	P90	1	1.017976	0.017976	1.017976	0.017976	1.040331	0.040331	1.040331	0.040331
273	371	P95	1	1.020268	0.020268	1.020268	0.020268	1.042673	0.042673	1.042673	0.042673
273	371	P99	2	1.989492	-0.005254	1.989492	-0.005254	1.946741	-0.026629	1.946741	-0.026629
273	371	P999	9	9.369105	0.041012	9.369105	0.041012	9.167779	0.018642	9.167779	0.018642
274	593	P1	1	0.978945	-0.021055	0.978945	-0.021055	1.000443	0.000443	1.000443	0.000443
274	593	P50	1	1.000184	0.000184	1.000184	0.000184	1.022149	0.022149	1.022149	0.022149
274	593	P75	1	1.011163	0.011163	1.011163	0.011163	1.033368	0.033368	1.033368	0.033368
274	593	P90	1	1.017823	0.017823	1.017823	0.017823	1.040174	0.040174	1.040174	0.040174
274	593	P95	1	1.020077	0.020077	1.020077	0.020077	1.042478	0.042478	1.042478	0.042478
274	593	P99	1	1.021885	0.021885	1.021885	0.021885	1.044326	0.044326	1.044326	0.044326
274	593	P999	2	2.047957	0.023978	2.047957	0.023978	2.003950	0.001975	2.003950	0.001975
275	434	P1	1	0.979008	-0.020992	0.979008	-0.020992	1.000508	0.000508	1.000508	0.000508
275	434	P50	1	1.000406	0.000406	1.000305	0.000305	1.022375	0.022375	1.022271	0.022271
275	434	P75	1	1.011434	0.011434	1.011434	0.011434	1.033645	0.033645	1.033645	0.033645
275	434	P90	1	1.018129	0.018129	1.018129	0.018129	1.040487	0.040487	1.040487	0.040487
275	434	P95	1	1.020405	0.020405	1.020405	0.020405	1.042814	0.042814	1.042814	0.042814
275	434	P99	2	1.989492	-0.005254	1.989492	-0.005254	1.946741	-0.026629	1.946741	-0.026629
275	434	P999	2	2.047957	0.023978	2.047957	0.023978	2.003950	0.001975	2.003950	0.001975
276	733	P1	1	0.978978	-0.021022	0.978978	-0.021022	1.000476	0.000476	1.000476	0.000476
276	733	P50	1	1.000119	0.000119	1.000119	0.000119	1.022082	0.022082	1.022082	0.022082
276	733	P75	1	1.011071	0.011071	1.011071	0.011071	1.033274	0.033274	1.033274	0.033274
276	733	P90	1	1.017712	0.017712	1.017712	0.017712	1.040061	0.040061	1.040061	0.040061
276	733	P95	1	1.019955	0.019955	1.019955	0.019955	1.042353	0.042353	1.042353	0.042353
276	733	P99	1	1.021717	0.021717	1.021717	0.021717	1.044154	0.044154	1.044154	0.044154
276	733	P999	2	2.047957	0.023978	2.047957	0.023978	2.003950	0.001975	2.003950	0.001975
277	114	P1	1	0.979258	-0.020742	0.979258	-0.020742	1.000762	0.000762	1.000762	0.000762
277	114	P50	1	1.000381	0.000381	1.000000	0.000000	1.022350	0.022350	1.021960	0.021960
277	114	P75	1	1.011113	0.011113	1.011113	0.011113	1.033317	0.033317	1.033317	0.033317
277	114	P90	1	1.017685	0.017685	1.017685	0.017685	1.040034	0.040034	1.040034	0.040034
277	114	P95	1	1.020015	0.020015	1.020015	0.020015	1.042414	0.042414	1.042414	0.042414
277	114	P99	1	1.021571	0.021571	1.021571	0.021571	1.044005	0.044005	1.044005	0.044005
277	114	P999	1	1.021960	0.021960	1.021960	0.021960	1.044403	0.044403	1.044403	0.044403
278	115	P1	1	0.979251	-0.020749	0.979251	-0.020749	1.000756	0.000756	1.000756	0.000756
278	115	P50	1	1.000189	0.000189	1.000189	0.000189	1.022153	0.022153	1.022153	0.022153
278	115	P75	1	1.011207	0.011207	1.011207	0.011207	1.033413	0.033413	1.033413	0.033413
278	115	P90	1	1.017722	0.017722	1.017722	0.017722	1.040071	0.040071	1.040071	0.040071
278	115	P95	1	1.020032	0.020032	1.020032	0.020032	1.042432	0.042432	1.042432	0.042432
278	115	P99	1	1.021574	0.021574	1.021574	0.021574	1.044008	0.044008	1.044008	0.044008
278	115	P999	1	1.021960	0.021960	1.021960	0.021960	1.044403	0.044403	1.044403	0.044403
279	188	P1	1	0.978967	-0.021033	0.978967	-0.021033	1.000465	0.000465	1.000465	0.000465
279	188	P50	1	1.000349	0.000349	1.000116	0.000116	1.022316	0.022316	1.022079	0.022079
279	188	P75	1	1.011332	0.011332	1.011097	0.011097	1.033541	0.033541	1.033300	0.033300
279	188	P90	1	1.017932	0.017932	1.017932	0.017932	1.040286	0.040286	1.040286	0.040286
279	188	P95	1	1.020062	0.020062	1.020062	0.020062	1.042463	0.042463	1.042463	0.042463
279	188	P99	1	1.021960	0.021960	1.021960	0.021960	1.044403	0.044403	1.044403	0.044403
279	188	P999	2	2.047957	0.023978	2.047957	0.023978	2.003950	0.001975	2.003950	0.001975
280	232	P1	1	0.979069	-0.020931	0.979069	-0.020931	1.000569	0.000569	1.000569	0.000569
280	232	P50	1	1.000474	0.000474	1.000285	0.000285	1.022445	0.022445	1.022251	0.022251
280	232	P75	1	1.011544	0.011544	1.011352	0.011352	1.033758	0.033758	1.033562	0.033562
280	232	P90	1	1.018090	0.018090	1.018090	0.018090	1.040447	0.040447	1.040447	0.040447
280	232	P95	1	1.020410	0.020410	1.020410	0.020410	1.042819	0.042819	1.042819	0.042819
280	232	P99	2	1.989492	-0.005254	1.989492	-0.005254	1.946741	-0.026629	1.946741	-0.026629
280	232	P999	2	2.047957	0.023978	2.047957	0.023978	2.003950	0.001975	2.003950	0.001975
281	657	P1	1	0.978969	-0.021031	0.978969	-0.021031	1.000467	0.000467	1.000467	0.000467
281	657	P50	1	1.000234	0.000234	1.000234	0.000234	1.022199	0.022199	1.022199	0.022199
281	657	P75	1	1.011241	0.011241	1.011241	0.011241	1.033448	0.033448	1.033448	0.033448
281	657	P90	1	1.017944	0.017944	1.017944	0.017944	1.040298	0.040298	1.040298	0.040298
281	657	P95	1	1.020188	0.020188	1.020188	0.020188	1.042592	0.042592	1.042592	0.042592
281	657	P99	1	1.021960	0.021960	1.021960	0.021960	1.044403	0.044403	1.044403	0.044403
281	657	P999	2	2.047957	0.023978	2.047957	0.023978	2.003950	0.001975	2.003950	0.001975
282	324	P1	1	0.971409	-0.028591	0.971409	-0.028591	1.001831	0.001831	1.001831	0.001831
282	324	P50	7	7.019439	0.002777	7.016195	0.002314	6.931496	-0.009786	6.928293	-0.010244
282	324	P75	8	7.986026	-0.001747	7.981402	-0.002325	7.885974	-0.014253	7.881407	-0.014824
282	324	P90	9	9.033992	0.003777	9.033992	0.003777	8.920810	-0.008799	8.920810	-0.008799
282	324	P95	9	9.215206	0.023912	9.215206	0.023912	9.099754	0.011084	9.099754	0.011084
282	324	P99	10	10.029575	0.002957	10.029575	0.002957	10.343679	0.034368	10.343679	0.034368
282	324	P999	11	11.046158	0.004196	11.046158	0.004196	11.392100	0.035645	11.392100	0.035645
283	228	P1	11	10.818910	-0.016463	10.818910	-0.016463	11.037778	0.003434	11.037778	0.003434
283	228	P50	13	12.787144	-0.016374	12.779739	-0.016943	13.045829	0.003525	13.038275	0.002944
283	228	P75	13	13.216400	0.016646	13.208746	0.016057	13.483770	0.037213	13.475961	0.036612
283	228	P90	16	16.037561	0.002348	16.037561	0.002348	15.666376	-0.020851	15.666376	-0.020851
283	228	P95	48	48.911958	0.018999	48.911958	0.018999	49.901455	0.039614	49.901455	0.039614
283	228	P99	62	62.113877	0.001837	62.113877	0.001837	62.008729	0.000141	62.008729	0.000141
283	228	P999	608	634.779068	0.044045	634.779068	0.044045	620.087291	0.019880	620.087291	0.019880
284	129	P1	1	0.979251	-0.020749	0.979251	-0.020749	1.000756	0.000756	1.000756	0.000756
284	129	P50	1	1.002837	0.002837	1.002837	0.002837	1.024860	0.024860	1.024860	0.024860
284	129	P75	1	1.015034	0.015034	1.015034	0.015034	1.037325	0.037325	1.037325	0.037325
284	129	P90	2	1.985380	-0.007310	1.985380	-0.007310	1.942718	-0.028641	1.942718	-0.028641
284	129	P95	4	3.986841	-0.003290	3.986841	-0.003290	3.901171	-0.024707	3.901171	-0.024707
284	129	P99	5	5.044640	0.008928	5.044640	0.008928	5.155421	0.031084	5.155421	0.031084
284	129	P999	5	5.099730	0.019946	5.099730	0.019946	5.211721	0.042344	5.211721	0.042344
