pair	n_a	n_b	n_union	remap	quantile	oracle	T_int_err	T_ceil_err	G_int_err	G_ceil_err
1	47	14	61	1	P1	1	-0.015000	-0.015000	0.000925	0.000925
1	47	14	61	1	P50	1	0.012725	0.012725	0.029070	0.029070
1	47	14	61	1	P75	1	0.026879	0.026879	0.043438	0.043438
1	47	14	61	1	P90	4	0.006703	0.006703	-0.021878	-0.021878
1	47	14	61	1	P95	4	0.019922	0.019922	-0.009047	-0.009047
1	47	14	61	1	P99	4	0.033316	0.033316	0.003953	0.003953
1	47	14	61	1	P999	4	0.033316	0.033316	0.003953	0.003953
2	14	14	28	0	P1	3	-0.029037	-0.029037	-0.003791	-0.003791
2	14	14	28	0	P50	4	-0.002829	-0.004711	-0.020399	-0.022248
2	14	14	28	0	P75	4	0.010443	0.008536	-0.007361	-0.009234
2	14	14	28	0	P90	4	0.018107	0.018107	0.000168	0.000168
2	14	14	28	0	P95	4	0.020032	0.020032	0.002059	0.002059
2	14	14	28	0	P99	4	0.021960	0.021960	0.003953	0.003953
2	14	14	28	0	P999	4	0.021960	0.021960	0.003953	0.003953
3	14	5	19	1	P1	1	0.004618	0.004618	0.008727	0.008727
3	14	5	19	1	P50	4	-0.028171	-0.028171	-0.028232	-0.028232
3	14	5	19	1	P75	4	-0.010364	-0.010364	-0.010481	-0.010481
3	14	5	19	1	P90	4	0.000477	0.000477	0.000325	0.000325
3	14	5	19	1	P95	4	0.004116	0.004116	0.003953	0.003953
3	14	5	19	1	P99	4	0.004116	0.004116	0.003953	0.003953
3	14	5	19	1	P999	4	0.004116	0.004116	0.003953	0.003953
4	4	2	6	0	P1	1	-0.014377	-0.014377	0.007267	0.007267
4	4	2	6	0	P50	1	0.007267	0.000000	0.029387	0.021960
4	4	2	6	0	P75	1	0.014587	0.014587	0.036868	0.036868
4	4	2	6	0	P90	1	0.021960	0.021960	0.044403	0.044403
4	4	2	6	0	P95	1	0.021960	0.021960	0.044403	0.044403
4	4	2	6	0	P99	1	0.021960	0.021960	0.044403	0.044403
4	4	2	6	0	P999	1	0.021960	0.021960	0.044403	0.044403
5	5	19	24	1	P1	1	0.000553	0.000553	0.002719	0.002719
5	5	19	24	1	P50	1	0.033807	0.030994	0.035929	0.033120
5	5	19	24	1	P75	2	-0.024763	-0.030062	-0.024866	-0.030147
5	5	19	24	1	P90	2	-0.008689	-0.008689	-0.008849	-0.008849
5	5	19	24	1	P95	2	-0.003272	-0.003272	-0.003452	-0.003452
5	5	19	24	1	P99	2	0.002174	0.002174	0.001975	0.001975
5	5	19	24	1	P999	2	0.002174	0.002174	0.001975	0.001975
6	21	13	34	1	P1	1	-0.012462	-0.012462	0.003348	0.003348
6	21	13	34	1	P50	15	-0.019262	-0.021924	-0.006294	-0.008989
6	21	13	34	1	P75	15	0.002298	0.002298	0.015528	0.015528
6	21	13	34	1	P90	15	0.016012	0.016012	0.029409	0.029409
6	21	13	34	1	P95	16	-0.005151	-0.005151	0.007923	0.007923
6	21	13	34	1	P99	18	0.007549	0.007549	0.020654	0.020654
6	21	13	34	1	P999	18	0.007549	0.007549	0.020654	0.020654
7	7	21	28	1	P1	1	0.000378	0.000378	0.006226	0.006226
7	7	21	28	1	P50	8	0.001006	-0.003828	0.001092	-0.003729
7	7	21	28	1	P75	9	-0.003019	-0.006632	-0.003247	-0.006849
7	7	21	28	1	P90	9	0.011564	0.011564	0.011293	0.011293
7	7	21	28	1	P95	9	0.015243	0.015243	0.014961	0.014961
7	7	21	28	1	P99	9	0.018936	0.018936	0.018642	0.018642
7	7	21	28	1	P999	9	0.018936	0.018936	0.018642	0.018642
8	8	18	26	0	P1	1	-0.019852	-0.019852	0.001672	0.001672
8	8	18	26	0	P50	1	0.001672	0.000000	0.023669	0.021960
8	8	18	26	0	P75	1	0.011765	0.011765	0.033984	0.033984
8	8	18	26	0	P90	1	0.018551	0.018551	0.040918	0.040918
8	8	18	26	0	P95	1	0.020254	0.020254	0.042659	0.042659
8	8	18	26	0	P99	1	0.021960	0.021960	0.044403	0.044403
8	8	18	26	0	P999	1	0.021960	0.021960	0.044403	0.044403
9	15	20	35	0	P1	1	-0.020273	-0.020273	0.001242	0.001242
9	15	20	35	0	P50	1	0.000621	0.000621	0.022595	0.022595
9	15	20	35	0	P75	1	0.011862	0.011862	0.034083	0.034083
9	15	20	35	0	P90	1	0.018162	0.018162	0.040521	0.040521
9	15	20	35	0	P95	1	0.020692	0.020692	0.043107	0.043107
9	15	20	35	0	P99	1	0.021960	0.021960	0.044403	0.044403
9	15	20	35	0	P999	1	0.021960	0.021960	0.044403	0.044403
10	17	11	28	0	P1	1	-0.019969	-0.019969	0.001553	0.001553
10	17	11	28	0	P50	1	0.001553	0.000000	0.023547	0.021960
10	17	11	28	0	P75	1	0.012490	0.010920	0.034725	0.033120
10	17	11	28	0	P90	1	0.018794	0.018794	0.041167	0.041167
10	17	11	28	0	P95	1	0.020376	0.020376	0.042783	0.042783
10	17	11	28	0	P99	1	0.021960	0.021960	0.044403	0.044403
10	17	11	28	0	P999	1	0.021960	0.021960	0.044403	0.044403
11	6	12	18	0	P1	1	-0.019124	-0.019124	0.002417	0.002417
11	6	12	18	0	P50	1	0.002417	0.000000	0.024430	0.021960
11	6	12	18	0	P75	1	0.012141	0.012141	0.034368	0.034368
11	6	12	18	0	P90	1	0.019497	0.019497	0.041885	0.041885
11	6	12	18	0	P95	1	0.021960	0.021960	0.044403	0.044403
11	6	12	18	0	P99	1	0.021960	0.021960	0.044403	0.044403
11	6	12	18	0	P999	1	0.021960	0.021960	0.044403	0.044403
12	9	9	18	0	P1	1	-0.019124	-0.019124	0.002417	0.002417
12	9	9	18	0	P50	1	0.002417	0.000000	0.024430	0.021960
12	9	9	18	0	P75	1	0.012141	0.012141	0.034368	0.034368
12	9	9	18	0	P90	1	0.019497	0.019497	0.041885	0.041885
12	9	9	18	0	P95	1	0.021960	0.021960	0.044403	0.044403
12	9	9	18	0	P99	1	0.021960	0.021960	0.044403	0.044403
12	9	9	18	0	P999	1	0.021960	0.021960	0.044403	0.044403
13	8	20	28	1	P1	1	-0.015480	-0.015480	0.005445	0.005445
13	8	20	28	1	P50	12	0.004529	-0.000309	0.025570	0.020632
13	8	20	28	1	P75	13	0.004750	-0.000693	0.025786	0.020230
13	8	20	28	1	P90	14	0.034403	0.034403	0.011149	0.011149
13	8	20	28	1	P95	15	-0.013353	-0.013353	0.007289	0.007289
13	8	20	28	1	P99	15	0.008316	0.008316	0.029409	0.029409
13	8	20	28	1	P999	15	0.008316	0.008316	0.029409	0.029409
14	20	8	28	1	P1	1	-0.010274	-0.010274	0.005445	0.005445
14	20	8	28	1	P50	73	-0.016377	-0.020258	-0.005189	-0.009110
14	20	8	28	1	P75	75	0.004903	-0.005964	0.016282	0.005304
14	20	8	28	1	P90	81	0.026118	0.026118	0.015335	0.015335
14	20	8	28	1	P95	84	0.033452	0.033452	0.000574	0.000574
14	20	8	28	1	P99	95	-0.003170	-0.003170	0.007879	0.007879
14	20	8	28	1	P999	95	-0.003170	-0.003170	0.007879	0.007879
15	7	8	15	0	P1	1	-0.018650	-0.018650	0.002901	0.002901
15	7	8	15	0	P50	1	0.001449	0.001449	0.023441	0.023441
15	7	8	15	0	P75	1	0.013119	0.013119	0.035367	0.035367
15	7	8	15	0	P90	1	0.019004	0.019004	0.041382	0.041382
15	7	8	15	0	P95	1	0.021960	0.021960	0.044403	0.044403
15	7	8	15	0	P99	1	0.021960	0.021960	0.044403	0.044403
15	7	8	15	0	P999	1	0.021960	0.021960	0.044403	0.044403
16	10	3	13	0	P1	1	-0.018213	-0.018213	0.003348	0.003348
16	10	3	13	0	P50	1	0.001672	0.001672	0.023669	0.023669
16	10	3	13	0	P75	1	0.011765	0.011765	0.033984	0.033984
16	10	3	13	0	P90	1	0.018551	0.018551	0.040918	0.040918
16	10	3	13	0	P95	1	0.021960	0.021960	0.044403	0.044403
16	10	3	13	0	P99	1	0.021960	0.021960	0.044403	0.044403
16	10	3	13	0	P999	1	0.021960	0.021960	0.044403	0.044403
17	6	18	24	1	P1	1	0.000202	0.000202	0.007267	0.007267
17	6	18	24	1	P50	7	-0.002618	-0.007434	-0.000539	-0.005352
17	6	18	24	1	P75	8	-0.019805	-0.024537	-0.018053	-0.022781
17	6	18	24	1	P90	8	-0.005470	-0.005470	-0.003729	-0.003729
17	6	18	24	1	P95	8	-0.000645	-0.000645	0.001092	0.001092
17	6	18	24	1	P99	8	0.004203	0.004203	0.005936	0.005936
17	6	18	24	1	P999	8	0.004203	0.004203	0.005936	0.005936
18	19	20	39	0	P1	1	-0.014894	-0.014894	0.008727	0.008727
18	19	20	39	0	P50	3	-0.033438	-0.033438	-0.010262	-0.010262
18	19	20	39	0	P75	3	-0.012213	-0.012213	0.011473	0.011473
18	19	20	39	0	P90	3	0.000746	0.000746	0.024742	0.024742
18	19	20	39	0	P95	3	0.005103	0.005103	0.029204	0.029204
18	19	20	39	0	P99	3	0.007289	0.007289	0.031442	0.031442
18	19	20	39	0	P999	3	0.007289	0.007289	0.031442	0.031442
19	21	19	40	1	P1	2	-0.013224	-0.013224	-0.037144	-0.037144
19	21	19	40	1	P50	53	-0.020352	-0.026419	-0.008858	-0.012765
19	21	19	40	1	P75	55	0.004523	-0.001698	0.004097	-0.010339
19	21	19	40	1	P90	58	0.007334	-0.003557	0.023663	0.012605
19	21	19	40	1	P95	64	-0.004162	-0.046534	0.011907	-0.031114
19	21	19	40	1	P99	67	0.037675	0.037675	0.009518	0.009518
19	21	19	40	1	P999	67	0.037675	0.037675	0.009518	0.009518
20	13	2	15	0	P1	1	-0.018650	-0.018650	0.002901	0.002901
20	13	2	15	0	P50	1	0.001449	0.001449	0.023441	0.023441
20	13	2	15	0	P75	1	0.013119	0.013119	0.035367	0.035367
20	13	2	15	0	P90	1	0.019004	0.019004	0.041382	0.041382
20	13	2	15	0	P95	1	0.021960	0.021960	0.044403	0.044403
20	13	2	15	0	P99	1	0.021960	0.021960	0.044403	0.044403
20	13	2	15	0	P999	1	0.021960	0.021960	0.044403	0.044403
21	3	334	337	0	P1	1	-0.020981	-0.020981	0.000519	0.000519
21	3	334	337	0	P50	1	0.000195	0.000195	0.022159	0.022159
21	3	334	337	0	P75	1	0.011150	0.011150	0.033355	0.033355
21	3	334	337	0	P90	1	0.017860	0.017860	0.040212	0.040212
21	3	334	337	0	P95	1	0.020106	0.020106	0.042508	0.042508
21	3	334	337	0	P99	1	0.021828	0.021828	0.044267	0.044267
21	3	334	337	0	P999	46	0.016374	0.016374	0.038694	0.038694
22	2	2	4	0	P1	4	-0.010802	-0.010802	-0.028232	-0.028232
22	2	2	4	0	P50	4	0.010920	0.000000	-0.006892	-0.017620
22	2	2	4	0	P75	4	0.021960	0.010920	0.003953	-0.006892
22	2	2	4	0	P90	4	0.021960	0.021960	0.003953	0.003953
22	2	2	4	0	P95	4	0.021960	0.021960	0.003953	0.003953
22	2	2	4	0	P99	4	0.021960	0.021960	0.003953	0.003953
22	2	2	4	0	P999	4	0.021960	0.021960	0.003953	0.003953
23	2	2	4	0	P1	4	-0.010802	-0.010802	-0.028232	-0.028232
23	2	2	4	0	P50	4	0.010920	0.000000	-0.006892	-0.017620
23	2	2	4	0	P75	4	0.021960	0.010920	0.003953	-0.006892
23	2	2	4	0	P90	4	0.021960	0.021960	0.003953	0.003953
23	2	2	4	0	P95	4	0.021960	0.021960	0.003953	0.003953
23	2	2	4	0	P99	4	0.021960	0.021960	0.003953	0.003953
23	2	2	4	0	P999	4	0.021960	0.021960	0.003953	0.003953
24	2	3	5	0	P1	3	0.005304	0.005304	0.031442	0.031442
24	2	3	5	0	P50	4	0.000000	0.000000	-0.017620	-0.017620
24	2	3	5	0	P75	4	0.010920	0.010920	-0.006892	-0.006892
24	2	3	5	0	P90	4	0.021960	0.021960	0.003953	0.003953
24	2	3	5	0	P95	4	0.021960	0.021960	0.003953	0.003953
24	2	3	5	0	P99	4	0.021960	0.021960	0.003953	0.003953
24	2	3	5	0	P999	4	0.021960	0.021960	0.003953	0.003953
25	4	34	38	0	P1	3	-0.033627	-0.033627	-0.008501	-0.008501
25	4	34	38	0	P50	4	-0.006662	-0.008320	-0.024164	-0.025793
25	4	34	38	0	P75	4	0.008390	0.008390	-0.009378	-0.009378
25	4	34	38	0	P90	4	0.018551	0.018551	0.000604	0.000604
25	4	34	38	0	P95	4	0.021960	0.021960	0.003953	0.003953
25	4	34	38	0	P99	5	0.015930	0.015930	0.042344	0.042344
25	4	34	38	0	P999	5	0.015930	0.015930	0.042344	0.042344
26	516	5	521	1	P1	3	-0.048805	-0.048805	-0.010380	-0.010380
26	516	5	521	1	P50	4	-0.019067	-0.019067	-0.023690	-0.023690
26	516	5	521	1	P75	4	-0.003985	-0.003985	-0.008874	-0.008874
26	516	5	521	1	P90	4	0.005175	0.005175	0.000123	0.000123
26	516	5	521	1	P95	4	0.008247	0.008247	0.003140	0.003140
26	516	5	521	1	P99	5	-0.004529	-0.004529	0.034383	0.034383
26	516	5	521	1	P999	45	0.027059	0.027059	0.016635	0.016635
27	516	303	819	1	P1	3	-0.028639	-0.028639	-0.010162	-0.010162
27	516	303	819	1	P50	4	0.006664	0.006664	-0.022187	-0.022187
27	516	303	819	1	P75	4	0.032753	0.032753	-0.007710	-0.007710
27	516	303	819	1	P90	4	0.048364	0.048364	0.001079	0.001079
27	516	303	819	1	P95	5	-0.038463	-0.038463	-0.000886	-0.000886
27	516	303	819	1	P99	5	-0.001561	-0.001561	0.034449	0.034449
27	516	303	819	1	P999	43	0.029030	0.029030	0.018688	0.018688
28	515	514	1029	0	P1	3	-0.035244	-0.035244	-0.010160	-0.010160
28	515	514	1029	0	P50	4	-0.004093	-0.004093	-0.021641	-0.021641
28	515	514	1029	0	P75	4	0.010804	0.010804	-0.007006	-0.007006
28	515	514	1029	0	P90	4	0.019896	0.019896	0.001926	0.001926
28	515	514	1029	0	P95	5	-0.016804	-0.016804	0.008759	0.008759
28	515	514	1029	0	P99	5	0.010512	0.010512	0.036786	0.036786
28	515	514	1029	0	P999	7	0.027257	0.027257	0.009157	0.009157
29	100	205	305	0	P1	3	-0.033712	-0.033712	-0.008588	-0.008588
29	100	205	305	0	P50	4	-0.002799	-0.002799	-0.020369	-0.020369
29	100	205	305	0	P75	4	0.010566	0.010566	-0.007240	-0.007240
29	100	205	305	0	P90	4	0.018743	0.018743	0.000793	0.000793
29	100	205	305	0	P95	4	0.021423	0.021423	0.003426	0.003426
29	100	205	305	0	P99	5	0.004955	0.004955	0.031084	0.031084
29	100	205	305	0	P999	5	0.015930	0.015930	0.042344	0.042344
30	2	3	5	0	P1	3	0.005304	0.005304	0.031442	0.031442
30	2	3	5	0	P50	4	0.000000	0.000000	-0.017620	-0.017620
30	2	3	5	0	P75	4	0.010920	0.010920	-0.006892	-0.006892
30	2	3	5	0	P90	4	0.021960	0.021960	0.003953	0.003953
30	2	3	5	0	P95	4	0.021960	0.021960	0.003953	0.003953
30	2	3	5	0	P99	4	0.021960	0.021960	0.003953	0.003953
30	2	3	5	0	P999	4	0.021960	0.021960	0.003953	0.003953
31	2	272	274	1	P1	3	-0.016654	-0.016654	-0.002458	-0.002458
31	2	272	274	1	P50	42	-0.024439	-0.024785	0.009300	0.008886
31	2	272	274	1	P75	43	-0.003615	-0.003615	0.013690	0.013690
31	2	272	274	1	P90	45	0.002573	0.002573	0.011295	0.011295
31	2	272	274	1	P95	46	0.017110	0.017110	0.025880	0.025880
31	2	272	274	1	P99	54	-0.000332	-0.000332	0.007988	0.007988
31	2	272	274	1	P999	60	0.025227	0.025227	0.033479	0.033479
32	4	525	529	1	P1	8	-0.031214	-0.031214	-0.033941	-0.033941
32	4	525	529	1	P50	9	0.014072	0.014072	0.010698	0.010698
32	4	525	529	1	P75	10	-0.017172	-0.017172	0.022814	0.022814
32	4	525	529	1	P90	11	-0.040446	-0.040446	-0.001631	-0.001631
32	4	525	529	1	P95	11	-0.005859	-0.005859	0.034240	0.034240
32	4	525	529	1	P99	18	0.011533	0.011533	0.005979	0.005979
32	4	525	529	1	P999	49	0.027299	0.027299	0.018397	0.018397
33	595	2	597	1	P1	7	-0.030118	-0.030118	-0.032424	-0.032424
33	595	2	597	1	P50	8	-0.014375	-0.014375	-0.016978	-0.016978
33	595	2	597	1	P75	8	0.003441	0.003441	0.000758	0.000758
33	595	2	597	1	P90	9	0.000344	0.000344	-0.002533	-0.002533
33	595	2	597	1	P95	9	0.014800	0.014800	0.011856	0.011856
33	595	2	597	1	P99	10	-0.011372	-0.011372	0.029387	0.029387
33	595	2	597	1	P999	10	0.003075	0.003075	0.044403	0.044403
34	533	4	537	1	P1	7	-0.000067	-0.000067	-0.019653	-0.019653
34	533	4	537	1	P50	9	0.008771	0.008771	-0.011070	-0.011070
34	533	4	537	1	P75	9	0.037983	0.037983	0.017558	0.017558
34	533	4	537	1	P90	10	0.004928	0.004928	0.028873	0.028873
34	533	4	537	1	P95	10	0.015145	0.015145	0.039330	0.039330
34	533	4	537	1	P99	12	0.011480	0.011480	0.035520	0.035520
34	533	4	537	1	P999	66	0.001561	0.001561	0.024813	0.024813
35	2	4	6	0	P1	1	-0.014377	-0.014377	0.007267	0.007267
35	2	4	6	0	P50	1	0.007267	0.000000	0.029387	0.021960
35	2	4	6	0	P75	1	0.014587	0.014587	0.036868	0.036868
35	2	4	6	0	P90	1	0.021960	0.021960	0.044403	0.044403
35	2	4	6	0	P95	1	0.021960	0.021960	0.044403	0.044403
35	2	4	6	0	P99	1	0.021960	0.021960	0.044403	0.044403
35	2	4	6	0	P999	1	0.021960	0.021960	0.044403	0.044403
36	8	6	14	1	P1	5	-0.003034	-0.003034	0.012587	0.012587
36	8	6	14	1	P50	6	-0.001790	-0.006601	0.013715	0.008833
36	8	6	14	1	P75	6	0.012781	0.012781	0.028502	0.028502
36	8	6	14	1	P90	7	0.015671	0.015671	-0.012528	-0.012528
36	8	6	14	1	P95	7	0.037991	0.037991	0.009157	0.009157
36	8	6	14	1	P99	7	0.037991	0.037991	0.009157	0.009157
36	8	6	14	1	P999	7	0.037991	0.037991	0.009157	0.009157
37	3	3	6	1	P1	7	0.001582	0.001582	-0.012528	-0.012528
37	3	3	6	1	P50	8	-0.001579	-0.012367	-0.015680	-0.026313
37	3	3	6	1	P75	8	0.009327	0.009327	-0.004931	-0.004931
37	3	3	6	1	P90	8	0.020353	0.020353	0.005936	0.005936
37	3	3	6	1	P95	8	0.020353	0.020353	0.005936	0.005936
37	3	3	6	1	P99	8	0.020353	0.020353	0.005936	0.005936
37	3	3	6	1	P999	8	0.020353	0.020353	0.005936	0.005936
38	3	2	5	1	P1	5	0.042610	0.042610	0.042344	0.042344
38	3	2	5	1	P50	7	-0.018850	-0.018850	-0.019653	-0.019653
38	3	2	5	1	P75	7	-0.004509	-0.004509	-0.005352	-0.005352
38	3	2	5	1	P90	7	0.010042	0.010042	0.009157	0.009157
38	3	2	5	1	P95	7	0.010042	0.010042	0.009157	0.009157
38	3	2	5	1	P99	7	0.010042	0.010042	0.009157	0.009157
38	3	2	5	1	P999	7	0.010042	0.010042	0.009157	0.009157
39	2	2	4	1	P1	6	0.034110	0.034110	0.033479	0.033479
39	2	2	4	1	P50	7	0.010042	-0.011705	-0.005352	-0.019653
39	2	2	4	1	P75	7	0.054985	0.010042	0.009157	-0.005352
39	2	2	4	1	P90	7	0.054985	0.054985	0.009157	0.009157
39	2	2	4	1	P95	7	0.054985	0.054985	0.009157	0.009157
39	2	2	4	1	P99	7	0.054985	0.054985	0.009157	0.009157
39	2	2	4	1	P999	7	0.054985	0.054985	0.009157	0.009157
40	2	3	5	1	P1	5	-0.003034	-0.003034	0.012587	0.012587
40	2	3	5	1	P50	5	0.026285	0.026285	0.042344	0.042344
40	2	3	5	1	P75	6	-0.004198	-0.004198	0.011271	0.011271
40	2	3	5	1	P90	6	0.017686	0.017686	0.033479	0.033479
40	2	3	5	1	P95	6	0.017686	0.017686	0.033479	0.033479
40	2	3	5	1	P99	6	0.017686	0.017686	0.033479	0.033479
40	2	3	5	1	P999	6	0.017686	0.017686	0.033479	0.033479
41	4	2	6	1	P1	7	0.001582	0.001582	-0.012528	-0.012528
41	4	2	6	1	P50	8	0.005679	-0.008784	-0.008527	-0.022781
41	4	2	6	1	P75	8	0.020353	0.020353	0.005936	0.005936
41	4	2	6	1	P90	9	0.033278	0.033278	0.018642	0.018642
41	4	2	6	1	P95	9	0.033278	0.033278	0.018642	0.018642
41	4	2	6	1	P99	9	0.033278	0.033278	0.018642	0.018642
41	4	2	6	1	P999	9	0.033278	0.033278	0.018642	0.018642
42	3	3	6	0	P1	6	0.002095	0.002095	0.033479	0.033479
42	3	3	6	0	P50	7	0.010920	0.000000	-0.001745	-0.012528
42	3	3	6	0	P75	7	0.021960	0.021960	0.009157	0.009157
42	3	3	6	0	P90	8	0.018699	0.018699	0.005936	0.005936
42	3	3	6	0	P95	8	0.018699	0.018699	0.005936	0.005936
42	3	3	6	0	P99	8	0.018699	0.018699	0.005936	0.005936
42	3	3	6	0	P999	8	0.018699	0.018699	0.005936	0.005936
43	1501	518	2019	1	P1	5	0.018232	0.018232	0.018021	0.018021
43	1501	518	2019	1	P50	7	-0.017833	-0.017833	-0.019835	-0.019835
43	1501	518	2019	1	P75	7	0.002403	0.002403	-0.001281	-0.001281
43	1501	518	2019	1	P90	8	-0.031184	-0.031184	-0.032259	-0.032259
43	1501	518	2019	1	P95	8	-0.010586	-0.010586	-0.011923	-0.011923
43	1501	518	2019	1	P99	8	0.006039	0.006039	0.004487	0.004487
43	1501	518	2019	1	P999	45	0.021423	0.021423	0.016635	0.016635
44	3	3	6	0	P1	5	0.030727	0.030727	0.042344	0.042344
44	3	3	6	0	P50	6	0.021960	0.007267	0.033479	0.018620
44	3	3	6	0	P75	7	0.019823	0.019823	-0.012528	-0.012528
44	3	3	6	0	P90	7	0.042219	0.042219	0.009157	0.009157
44	3	3	6	0	P95	7	0.042219	0.042219	0.009157	0.009157
44	3	3	6	0	P99	7	0.042219	0.042219	0.009157	0.009157
44	3	3	6	0	P999	7	0.042219	0.042219	0.009157	0.009157
45	3	4	7	1	P1	5	-0.003034	-0.003034	0.012587	0.012587
45	3	4	7	1	P50	6	-0.014963	-0.014963	0.000347	0.000347
45	3	4	7	1	P75	6	0.006684	0.006684	0.022315	0.022315
45	3	4	7	1	P90	6	0.017686	0.017686	0.033479	0.033479
45	3	4	7	1	P95	6	0.017686	0.017686	0.033479	0.033479
45	3	4	7	1	P99	6	0.017686	0.017686	0.033479	0.033479
45	3	4	7	1	P999	6	0.017686	0.017686	0.033479	0.033479
46	6	5	11	1	P1	5	-0.006002	-0.006002	0.012587	0.012587
46	6	5	11	1	P50	6	-0.003189	-0.003189	0.011271	0.011271
46	6	5	11	1	P75	6	0.029917	0.029917	0.033479	0.033479
46	6	5	11	1	P90	7	-0.015639	-0.015639	-0.012528	-0.012528
46	6	5	11	1	P95	7	0.006038	0.006038	0.009157	0.009157
46	6	5	11	1	P99	7	0.006038	0.006038	0.009157	0.009157
46	6	5	11	1	P999	7	0.006038	0.006038	0.009157	0.009157
47	5	5	10	1	P1	5	0.014192	0.014192	0.012587	0.012587
47	5	5	10	1	P50	7	0.011529	-0.112344	0.009157	-0.114161
47	5	5	10	1	P75	8	-0.005932	-0.005932	-0.008527	-0.008527
47	5	5	10	1	P90	9	0.021647	-0.103465	0.018642	-0.105835
47	5	5	10	1	P95	9	0.021647	0.021647	0.018642	0.018642
47	5	5	10	1	P99	9	0.021647	0.021647	0.018642	0.018642
47	5	5	10	1	P999	9	0.021647	0.021647	0.018642	0.018642
48	5	21	26	0	P1	4	0.036845	0.036845	0.003953	0.003953
48	5	21	26	0	P50	6	-0.007215	-0.009608	0.003975	0.001555
48	5	21	26	0	P75	6	0.007267	0.007267	0.018620	0.018620
48	5	21	26	0	P90	6	0.017039	0.017039	0.028502	0.028502
48	5	21	26	0	P95	6	0.019497	0.019497	0.030987	0.030987
48	5	21	26	0	P99	6	0.021960	0.021960	0.033479	0.033479
48	5	21	26	0	P999	6	0.021960	0.021960	0.033479	0.033479
49	140	38	178	1	P1	5	-0.015185	-0.015185	0.000255	0.000255
49	140	38	178	1	P50	6	-0.007741	-0.008094	0.007676	0.007318
49	140	38	178	1	P75	6	0.007941	0.007941	0.023590	0.023590
49	140	38	178	1	P90	6	0.017686	0.017686	0.033479	0.033479
49	140	38	178	1	P95	7	0.018434	0.018434	-0.009843	-0.009843
49	140	38	178	1	P99	7	0.037991	0.037991	0.009157	0.009157
49	140	38	178	1	P999	8	0.034777	0.034777	0.005936	0.005936
50	10	2	12	1	P1	5	0.006924	0.006924	0.006739	0.006739
50	10	2	12	1	P50	6	-0.001285	-0.009943	0.003975	-0.003268
50	10	2	12	1	P75	6	0.025146	0.016259	0.026023	0.018620
50	10	2	12	1	P90	6	0.034110	0.034110	0.033479	0.033479
50	10	2	12	1	P95	7	0.010042	0.010042	0.009157	0.009157
50	10	2	12	1	P99	7	0.010042	0.010042	0.009157	0.009157
50	10	2	12	1	P999	7	0.010042	0.010042	0.009157	0.009157
51	2	5	7	0	P1	7	0.003202	0.003202	-0.012528	-0.012528
51	2	5	7	0	P50	8	-0.004335	-0.004335	-0.019947	-0.019947
51	2	5	7	0	P75	8	0.013119	0.013119	-0.002767	-0.002767
51	2	5	7	0	P90	8	0.021960	0.021960	0.005936	0.005936
51	2	5	7	0	P95	8	0.021960	0.021960	0.005936	0.005936
51	2	5	7	0	P99	8	0.021960	0.021960	0.005936	0.005936
51	2	5	7	0	P999	8	0.021960	0.021960	0.005936	0.005936
52	5	6	11	1	P1	6	-0.009943	-0.009943	0.000347	0.000347
52	5	6	11	1	P50	7	-0.015999	-0.015999	-0.021679	-0.021679
52	5	6	11	1	P75	7	0.010042	0.010042	-0.003292	-0.003292
52	5	6	11	1	P90	7	0.032269	0.032269	0.002913	0.002913
52	5	6	11	1	P95	7	0.054985	0.054985	0.009157	0.009157
52	5	6	11	1	P99	7	0.054985	0.054985	0.009157	0.009157
52	5	6	11	1	P999	7	0.054985	0.054985	0.009157	0.009157
53	5	5	10	1	P1	8	-0.012578	-0.012578	-0.029832	-0.029832
53	5	5	10	1	P50	8	0.023837	0.016448	0.005936	-0.001321
53	5	5	10	1	P75	9	0.021901	0.021901	0.003997	0.003997
53	5	5	10	1	P90	20	0.020101	-0.533435	0.001975	-0.541611
53	5	5	10	1	P95	20	0.020101	0.020101	0.001975	0.001975
53	5	5	10	1	P99	20	0.020101	0.020101	0.001975	0.001975
53	5	5	10	1	P999	20	0.020101	0.020101	0.001975	0.001975
54	5	82	87	1	P1	6	-0.035239	-0.035239	-0.006543	-0.006543
54	5	82	87	1	P50	7	0.003367	0.003367	-0.010769	-0.010769
54	5	82	87	1	P75	7	0.019217	0.019217	0.004853	0.004853
54	5	82	87	1	P90	8	-0.003024	-0.003024	-0.017104	-0.017104
54	5	82	87	1	P95	8	0.008596	0.008596	-0.005651	-0.005651
54	5	82	87	1	P99	8	0.020353	0.020353	0.005936	0.005936
54	5	82	87	1	P999	8	0.020353	0.020353	0.005936	0.005936
55	2	8	10	1	P1	5	-0.009972	-0.009972	0.006739	0.006739
55	2	8	10	1	P50	6	-0.012596	-0.145782	0.003975	-0.131380
55	2	8	10	1	P75	6	0.016436	0.016436	0.033479	0.033479
55	2	8	10	1	P90	11	0.018891	-0.180142	0.035645	-0.166566
55	2	8	10	1	P95	11	0.018891	0.018891	0.035645	0.035645
55	2	8	10	1	P99	11	0.018891	0.018891	0.035645	0.035645
55	2	8	10	1	P999	11	0.018891	0.018891	0.035645	0.035645
56	4	2	6	1	P1	5	-0.006640	-0.006640	0.008928	0.008928
56	4	2	6	1	P50	5	0.026285	0.015191	0.042344	0.031084
56	4	2	6	1	P75	6	-0.004198	-0.004198	0.011271	0.011271
56	4	2	6	1	P90	6	0.017686	0.017686	0.033479	0.033479
56	4	2	6	1	P95	6	0.017686	0.017686	0.033479	0.033479
56	4	2	6	1	P99	6	0.017686	0.017686	0.033479	0.033479
56	4	2	6	1	P999	6	0.017686	0.017686	0.033479	0.033479
57	5	123	128	1	P1	5	-0.001805	-0.001805	0.042344	0.042344
57	5	123	128	1	P50	7	-0.020799	-0.021382	-0.021761	-0.022335
57	5	123	128	1	P75	7	-0.001933	-0.002528	-0.003209	-0.003794
57	5	123	128	1	P90	7	0.009440	0.009440	0.007972	0.007972
57	5	123	128	1	P95	8	-0.018877	-0.018877	-0.019947	-0.019947
57	5	123	128	1	P99	8	0.002713	0.002713	0.001575	0.001575
57	5	123	128	1	P999	8	0.007088	0.007088	0.005936	0.005936
58	146	8	154	0	P1	5	-0.011919	-0.011919	-0.000782	-0.000782
58	146	8	154	0	P50	6	-0.018687	-0.019248	-0.007627	-0.008194
58	146	8	154	0	P75	6	0.002862	0.002862	0.014166	0.014166
58	146	8	154	0	P90	6	0.016135	0.016135	0.027588	0.027588
58	146	8	154	0	P95	6	0.020792	0.020792	0.032298	0.032298
58	146	8	154	0	P99	7	0.042219	0.042219	0.009157	0.009157
58	146	8	154	0	P999	9	0.007289	0.007289	0.018642	0.018642
59	6	38	44	0	P1	5	-0.007720	-0.007720	0.003464	0.003464
59	6	38	44	0	P50	6	-0.001973	-0.003286	0.009276	0.007948
59	6	38	44	0	P75	6	0.012585	0.011253	0.023998	0.022651
59	6	38	44	0	P90	6	0.020616	0.020616	0.032119	0.032119
59	6	38	44	0	P95	7	0.012466	0.012466	-0.019653	-0.019653
59	6	38	44	0	P99	7	0.042219	0.042219	0.009157	0.009157
59	6	38	44	0	P999	7	0.042219	0.042219	0.009157	0.009157
60	601	662	1263	0	P1	6	-0.038859	-0.038859	-0.008759	-0.008759
60	601	662	1263	0	P50	7	0.000234	0.000234	-0.012298	-0.012298
60	601	662	1263	0	P75	7	0.018862	0.018862	0.006097	0.006097
60	601	662	1263	0	P90	8	-0.000822	-0.000822	-0.013340	-0.013340
60	601	662	1263	0	P95	8	0.010312	0.010312	-0.002346	-0.002346
60	601	662	1263	0	P99	9	0.012537	0.012537	-0.000149	-0.000149
60	601	662	1263	0	P999	23	0.005167	0.005167	0.036646	0.036646
61	776	8	784	0	P1	5	-0.019887	-0.019887	-0.000338	-0.000338
61	776	8	784	0	P50	6	-0.013257	-0.013338	0.006424	0.006342
61	776	8	784	0	P75	6	0.002755	0.002672	0.022756	0.022672
61	776	8	784	0	P90	6	0.012436	0.012436	0.032630	0.032630
61	776	8	784	0	P95	7	0.007925	0.007925	-0.015678	-0.015678
61	776	8	784	0	P99	7	0.028743	0.028743	0.004653	0.004653
61	776	8	784	0	P999	7	0.033354	0.033354	0.009157	0.009157
62	61	194	255	1	P1	5	0.000204	0.000204	0.004243	0.004243
62	61	194	255	1	P50	7	-0.023177	-0.023177	-0.020171	-0.020171
62	61	194	255	1	P75	7	-0.002945	-0.002945	-0.000081	-0.000081
62	61	194	255	1	P90	8	-0.028100	-0.028100	-0.025351	-0.025351
62	61	194	255	1	P95	8	-0.011277	-0.011277	-0.008527	-0.008527
62	61	194	255	1	P99	8	0.001862	0.001862	0.004613	0.004613
62	61	194	255	1	P999	9	0.016219	0.016219	0.018642	0.018642
63	777	2	779	1	P1	5	0.008786	0.008786	0.008596	0.008596
63	777	2	779	1	P50	6	0.020391	0.020391	0.019795	0.019795
63	777	2	779	1	P75	7	0.017198	0.017198	-0.026757	-0.026757
63	777	2	779	1	P90	7	0.040806	0.040806	-0.004318	-0.004318
63	777	2	779	1	P95	7	0.048796	0.048796	0.003276	0.003276
63	777	2	779	1	P99	8	0.007088	0.007088	-0.028426	-0.028426
63	777	2	779	1	P999	61	0.021960	0.021960	0.016537	0.016537
64	84	12	96	1	P1	6	-0.034391	-0.034391	-0.005671	-0.005671
64	84	12	96	1	P50	9	-0.002361	-0.003195	-0.016482	-0.017304
64	84	12	96	1	P75	9	0.017851	0.017000	0.003438	0.002600
64	84	12	96	1	P90	9	0.029829	0.029829	0.015244	0.015244
64	84	12	96	1	P95	10	-0.020268	-0.020268	0.008727	0.008727
64	84	12	96	1	P99	10	0.014392	0.014392	0.044403	0.044403
64	84	12	96	1	P999	10	0.014392	0.014392	0.044403	0.044403
65	605	763	1368	0	P1	5	-0.010827	-0.010827	0.000322	0.000322
65	605	763	1368	0	P50	6	0.002940	0.002881	0.014244	0.014185
65	605	763	1368	0	P75	7	0.000702	0.000575	-0.031043	-0.031166
65	605	763	1368	0	P90	7	0.027104	0.027104	-0.005479	-0.005479
65	605	763	1368	0	P95	7	0.036015	0.036015	0.003149	0.003149
65	605	763	1368	0	P99	8	0.019728	0.019728	-0.012620	-0.012620
65	605	763	1368	0	P999	43	0.007334	0.007334	0.018688	0.018688
66	60	827	887	0	P1	5	-0.011423	-0.011423	-0.000280	-0.000280
66	60	827	887	0	P50	6	-0.006456	-0.006456	0.004742	0.004742
66	60	827	887	0	P75	6	0.009456	0.009456	0.020834	0.020834
66	60	827	887	0	P90	6	0.019111	0.019111	0.030598	0.030598
66	60	827	887	0	P95	7	0.002435	0.002435	-0.029365	-0.029365
66	60	827	887	0	P99	7	0.035636	0.035636	0.002783	0.002783
66	60	827	887	0	P999	8	0.038893	0.038893	0.005936	0.005936
67	6	97	103	0	P1	7	-0.011772	-0.011772	-0.027268	-0.027268
67	6	97	103	0	P50	8	0.001489	0.001489	-0.014214	-0.014214
67	6	97	103	0	P75	8	0.017106	0.017106	0.001158	0.001158
67	6	97	103	0	P90	9	0.008757	0.008757	-0.007060	-0.007060
67	6	97	103	0	P95	9	0.021729	0.021729	0.005709	0.005709
67	6	97	103	0	P99	9	0.032227	0.032227	0.016042	0.016042
67	6	97	103	0	P999	9	0.034869	0.034869	0.018642	0.018642
68	493	2	495	0	P1	5	-0.009259	-0.009259	0.001908	0.001908
68	493	2	495	0	P50	6	0.000521	0.000521	0.011799	0.011799
68	493	2	495	0	P75	6	0.014999	0.014999	0.026439	0.026439
68	493	2	495	0	P90	7	0.008627	0.008627	-0.023369	-0.023369
68	493	2	495	0	P95	7	0.026747	0.026747	-0.005825	-0.005825
68	493	2	495	0	P99	7	0.041477	0.041477	0.008438	0.008438
68	493	2	495	0	P999	52	0.035090	0.035090	0.002254	0.002254
69	2	96	98	1	P1	5	0.000081	0.000081	0.008928	0.008928
69	2	96	98	1	P50	6	0.009639	0.009011	0.018199	0.017567
69	2	96	98	1	P75	6	0.024819	0.024819	0.033479	0.033479
69	2	96	98	1	P90	7	0.031101	0.031101	-0.004697	-0.004697
69	2	96	98	1	P95	7	0.041352	0.041352	0.005179	0.005179
69	2	96	98	1	P99	10	-0.007476	-0.007476	0.044403	0.044403
69	2	96	98	1	P999	10	-0.007476	-0.007476	0.044403	0.044403
70	3	7	10	0	P1	6	-0.016753	-0.016753	-0.005671	-0.005671
70	3	7	10	0	P50	6	0.007267	0.002417	0.018620	0.013715
70	3	7	10	0	P75	6	0.017039	0.017039	0.028502	0.028502
70	3	7	10	0	P90	7	0.042219	-0.124034	0.009157	-0.114161
70	3	7	10	0	P95	7	0.042219	0.042219	0.009157	0.009157
70	3	7	10	0	P99	7	0.042219	0.042219	0.009157	0.009157
70	3	7	10	0	P999	7	0.042219	0.042219	0.009157	0.009157
71	3	3	6	1	P1	6	-0.009943	-0.009943	0.003975	0.003975
71	3	3	6	1	P50	7	-0.011705	-0.113620	-0.019653	-0.114161
71	3	3	6	1	P75	7	0.010042	0.010042	-0.005352	-0.005352
71	3	3	6	1	P90	7	0.054985	0.054985	0.009157	0.009157
71	3	3	6	1	P95	7	0.054985	0.054985	0.009157	0.009157
71	3	3	6	1	P99	7	0.054985	0.054985	0.009157	0.009157
71	3	3	6	1	P999	7	0.054985	0.054985	0.009157	0.009157
72	3	3	6	0	P1	7	0.025232	0.025232	0.009157	0.009157
72	3	3	6	0	P50	8	0.004354	-0.004335	-0.011394	-0.019947
72	3	3	6	0	P75	8	0.013119	0.013119	-0.002767	-0.002767
72	3	3	6	0	P90	8	0.021960	0.021960	0.005936	0.005936
72	3	3	6	0	P95	8	0.021960	0.021960	0.005936	0.005936
72	3	3	6	0	P99	8	0.021960	0.021960	0.005936	0.005936
72	3	3	6	0	P999	8	0.021960	0.021960	0.005936	0.005936
73	777	5	782	1	P1	10	-0.019216	-0.019216	0.002510	0.002510
73	777	5	782	1	P50	11	0.001550	0.001455	0.023561	0.023464
73	777	5	782	1	P75	12	-0.015371	-0.015371	0.006166	0.006166
73	777	5	782	1	P90	12	0.008789	0.008789	0.030817	0.030817
73	777	5	782	1	P95	13	-0.006395	-0.006395	0.015206	0.015206
73	777	5	782	1	P99	14	0.009506	0.009506	-0.012530	-0.012530
73	777	5	782	1	P999	16	0.030648	0.030648	0.007923	0.007923
74	5	601	606	1	P1	6	-0.031732	-0.031732	-0.007320	-0.007320
74	5	601	606	1	P50	7	0.006703	0.006595	-0.011891	-0.011997
74	5	601	606	1	P75	7	0.023192	0.023192	0.004285	0.004285
74	5	601	606	1	P90	8	0.002909	0.002909	-0.015680	-0.015680
74	5	601	606	1	P95	8	0.017225	0.017225	-0.001636	-0.001636
74	5	601	606	1	P99	10	0.004349	0.004349	0.029387	0.029387
74	5	601	606	1	P999	14	0.030549	0.030549	0.011149	0.011149
75	357	94	451	0	P1	7	-0.017402	-0.017402	-0.032809	-0.032809
75	357	94	451	0	P50	8	-0.013635	-0.013635	-0.029101	-0.029101
75	357	94	451	0	P75	8	0.005926	0.005926	-0.009847	-0.009847
75	357	94	451	0	P90	8	0.017707	0.017707	0.001749	0.001749
75	357	94	451	0	P95	8	0.021783	0.021783	0.005761	0.005761
75	357	94	451	0	P99	9	0.026340	0.026340	0.010247	0.010247
75	357	94	451	0	P999	9	0.034869	0.034869	0.018642	0.018642
76	84	84	168	1	P1	7	-0.006981	-0.006981	-0.025315	-0.025315
76	84	84	168	1	P50	9	-0.003685	-0.004312	-0.022206	-0.022821
76	84	84	168	1	P75	9	0.023028	0.022384	0.003997	0.003365
76	84	84	168	1	P90	10	-0.019021	-0.019021	0.005445	0.005445
76	84	84	168	1	P95	10	0.002532	0.002532	0.027525	0.027525
76	84	84	168	1	P99	11	0.010507	0.010507	0.035645	0.035645
76	84	84	168	1	P999	12	0.010429	0.010429	0.035520	0.035520
77	601	637	1238	1	P1	6	-0.032295	-0.032295	-0.006248	-0.006248
77	601	637	1238	1	P50	8	-0.014424	-0.014508	-0.031153	-0.031236
77	601	637	1238	1	P75	8	0.011884	0.011884	-0.005312	-0.005312
77	601	637	1238	1	P90	9	0.006491	0.006491	-0.010698	-0.010698
77	601	637	1238	1	P95	9	0.023069	0.023069	0.005584	0.005584
77	601	637	1238	1	P99	9	0.036365	0.036365	0.018642	0.018642
77	601	637	1238	1	P999	48	0.014019	0.014019	0.039614	0.039614
78	694	5	699	0	P1	9	-0.019862	-0.019862	-0.023044	-0.023044
78	694	5	699	0	P50	10	-0.020755	-0.020755	0.019406	0.019406
78	694	5	699	0	P75	10	-0.003449	-0.003449	0.037421	0.037421
78	694	5	699	0	P90	11	0.017600	0.017600	0.014296	0.014296
78	694	5	699	0	P95	11	0.039019	0.039019	0.035645	0.035645
78	694	5	699	0	P99	12	0.035888	0.035888	0.032525	0.032525
78	694	5	699	0	P999	13	0.001559	0.001559	0.042635	0.042635
79	5	601	606	1	P1	9	0.007982	0.007982	-0.023595	-0.023595
79	5	601	606	1	P50	10	0.003577	0.003438	0.014447	0.014307
79	5	601	606	1	P75	10	0.024737	0.024737	0.035796	0.035796
79	5	601	606	1	P90	11	0.000501	0.000501	0.011160	0.011160
79	5	601	606	1	P95	11	0.019615	0.019615	0.030442	0.030442
79	5	601	606	1	P99	12	0.017800	0.017800	0.028441	0.028441
79	5	601	606	1	P999	20	0.036680	0.036680	0.001975	0.001975
80	6	94	100	1	P1	5	-0.038366	-0.041351	0.003464	0.000743
80	6	94	100	1	P50	6	-0.027739	-0.028445	0.013333	0.012645
80	6	94	100	1	P75	6	-0.009943	-0.010661	0.030676	0.029977
80	6	94	100	1	P90	7	-0.006913	-0.009312	-0.007750	-0.010142
80	6	94	100	1	P95	7	0.005169	0.002740	0.004297	0.001876
80	6	94	100	1	P99	9	0.020080	-0.104811	0.018642	-0.105835
80	6	94	100	1	P999	9	0.020080	0.020080	0.018642	0.018642
81	93	62	155	0	P1	8	-0.027678	-0.027678	-0.030835	-0.030835
81	93	62	155	0	P50	9	0.005025	0.005025	0.001762	0.001762
81	93	62	155	0	P75	9	0.021533	0.021533	0.018217	0.018217
81	93	62	155	0	P90	10	-0.012802	-0.012802	0.027685	0.027685
81	93	62	155	0	P95	10	-0.002950	-0.002950	0.037941	0.037941
81	93	62	155	0	P99	11	0.039019	0.039019	0.035645	0.035645
81	93	62	155	0	P999	16	0.011206	0.011206	0.007923	0.007923
82	777	5	782	1	P1	6	-0.024770	-0.024770	-0.010352	-0.010352
82	777	5	782	1	P50	6	0.016781	0.016671	0.031689	0.031577
82	777	5	782	1	P75	7	0.016932	0.016932	-0.012468	-0.012468
82	777	5	782	1	P90	7	0.031557	0.031557	0.001693	0.001693
82	777	5	782	1	P95	7	0.036479	0.036479	0.006458	0.006458
82	777	5	782	1	P99	8	0.028843	0.028843	-0.001321	-0.001321
82	777	5	782	1	P999	9	0.005069	0.005069	0.018642	0.018642
83	2	2	4	1	P1	6	0.003638	0.003638	0.033479	0.033479
83	2	2	4	1	P50	8	-0.001579	-0.104365	-0.015680	-0.116988
83	2	2	4	1	P75	8	0.020353	-0.001579	0.005936	-0.015680
83	2	2	4	1	P90	8	0.020353	0.020353	0.005936	0.005936
83	2	2	4	1	P95	8	0.020353	0.020353	0.005936	0.005936
83	2	2	4	1	P99	8	0.020353	0.020353	0.005936	0.005936
83	2	2	4	1	P999	8	0.020353	0.020353	0.005936	0.005936
84	5	7	12	1	P1	6	-0.017934	-0.017934	0.011271	0.011271
84	5	7	12	1	P50	7	0.023583	0.014725	0.009157	0.000426
84	5	7	12	1	P75	8	0.002769	-0.005908	-0.011394	-0.019947
84	5	7	12	1	P90	8	0.011523	0.011523	-0.002767	-0.002767
84	5	7	12	1	P95	8	0.020353	0.020353	0.005936	0.005936
84	5	7	12	1	P99	8	0.020353	0.020353	0.005936	0.005936
84	5	7	12	1	P999	8	0.020353	0.020353	0.005936	0.005936
85	7	11	18	1	P1	5	0.008106	0.008106	0.012587	0.012587
85	7	11	18	1	P50	6	0.029158	0.022783	0.033479	0.027084
85	7	11	18	1	P75	8	-0.012376	-0.012376	-0.008527	-0.008527
85	7	11	18	1	P90	9	0.000257	0.000257	0.003997	0.003997
85	7	11	18	1	P95	9	0.014866	0.014866	0.018642	0.018642
85	7	11	18	1	P99	9	0.014866	0.014866	0.018642	0.018642
85	7	11	18	1	P999	9	0.014866	0.014866	0.018642	0.018642
86	2	4	6	0	P1	1	-0.014377	-0.014377	0.007267	0.007267
86	2	4	6	0	P50	1	0.007267	0.000000	0.029387	0.021960
86	2	4	6	0	P75	1	0.014587	0.014587	0.036868	0.036868
86	2	4	6	0	P90	1	0.021960	0.021960	0.044403	0.044403
86	2	4	6	0	P95	1	0.021960	0.021960	0.044403	0.044403
86	2	4	6	0	P99	1	0.021960	0.021960	0.044403	0.044403
86	2	4	6	0	P999	1	0.021960	0.021960	0.044403	0.044403
87	2	3	5	1	P1	1	0.014830	0.014830	0.021960	0.021960
87	2	3	5	1	P50	6	-0.012932	-0.012932	0.033479	0.033479
87	2	3	5	1	P75	7	-0.014613	-0.014613	-0.012528	-0.012528
87	2	3	5	1	P90	7	0.007082	0.007082	0.009157	0.009157
87	2	3	5	1	P95	7	0.007082	0.007082	0.009157	0.009157
87	2	3	5	1	P99	7	0.007082	0.007082	0.009157	0.009157
87	2	3	5	1	P999	7	0.007082	0.007082	0.009157	0.009157
88	2	2	4	0	P1	3	-0.007215	-0.007215	0.001996	0.001996
88	2	2	4	0	P50	3	0.021960	0.007267	0.031442	0.016613
88	2	2	4	0	P75	4	0.038893	-0.233530	0.003953	-0.226419
88	2	2	4	0	P90	4	0.038893	0.038893	0.003953	0.003953
88	2	2	4	0	P95	4	0.038893	0.038893	0.003953	0.003953
88	2	2	4	0	P99	4	0.038893	0.038893	0.003953	0.003953
88	2	2	4	0	P999	4	0.038893	0.038893	0.003953	0.003953
89	8	23	31	1	P1	3	-0.040386	-0.040386	-0.008501	-0.008501
89	8	23	31	1	P50	4	0.011351	0.011351	-0.028232	-0.028232
89	8	23	31	1	P75	4	0.033612	0.033612	-0.011197	-0.011197
89	8	23	31	1	P90	4	0.044925	0.044925	-0.002568	-0.002568
89	8	23	31	1	P95	4	0.050628	0.050628	0.001775	0.001775
89	8	23	31	1	P99	4	0.053492	0.053492	0.003953	0.003953
89	8	23	31	1	P999	4	0.053492	0.053492	0.003953	0.003953
90	2	2	4	0	P1	4	-0.010802	-0.010802	-0.028232	-0.028232
90	2	2	4	0	P50	4	0.010920	0.000000	-0.006892	-0.017620
90	2	2	4	0	P75	4	0.021960	0.010920	0.003953	-0.006892
90	2	2	4	0	P90	4	0.021960	0.021960	0.003953	0.003953
90	2	2	4	0	P95	4	0.021960	0.021960	0.003953	0.003953
90	2	2	4	0	P99	4	0.021960	0.021960	0.003953	0.003953
90	2	2	4	0	P999	4	0.021960	0.021960	0.003953	0.003953
91	2	2	4	0	P1	4	-0.010802	-0.010802	-0.028232	-0.028232
91	2	2	4	0	P50	4	0.010920	0.000000	-0.006892	-0.017620
91	2	2	4	0	P75	4	0.021960	0.010920	0.003953	-0.006892
91	2	2	4	0	P90	4	0.021960	0.021960	0.003953	0.003953
91	2	2	4	0	P95	4	0.021960	0.021960	0.003953	0.003953
91	2	2	4	0	P99	4	0.021960	0.021960	0.003953	0.003953
91	2	2	4	0	P999	4	0.021960	0.021960	0.003953	0.003953
92	25	16	41	0	P1	3	-0.032195	-0.032195	-0.007032	-0.007032
92	25	16	41	0	P50	4	-0.004597	-0.004597	-0.022136	-0.022136
92	25	16	41	0	P75	4	0.008594	0.008594	-0.009177	-0.009177
92	25	16	41	0	P90	4	0.016593	0.016593	-0.001319	-0.001319
92	25	16	41	0	P95	4	0.019273	0.019273	0.001314	0.001314
92	25	16	41	0	P99	4	0.021960	0.021960	0.003953	0.003953
92	25	16	41	0	P999	4	0.021960	0.021960	0.003953	0.003953
93	16	5	21	0	P1	3	-0.032195	-0.032195	-0.007032	-0.007032
93	16	5	21	0	P50	4	-0.011629	-0.011629	-0.029043	-0.029043
93	16	5	21	0	P75	4	0.005025	0.005025	-0.012683	-0.012683
93	16	5	21	0	P90	4	0.015152	0.015152	-0.002734	-0.002734
93	16	5	21	0	P95	4	0.018551	0.018551	0.000604	0.000604
93	16	5	21	0	P99	4	0.021960	0.021960	0.003953	0.003953
93	16	5	21	0	P999	4	0.021960	0.021960	0.003953	0.003953
94	5	5	10	0	P1	3	-0.015396	-0.015396	-0.006261	-0.006261
94	5	5	10	0	P50	3	0.015637	0.009353	0.025060	0.018718
94	5	5	10	0	P75	4	0.009234	0.009234	-0.024707	-0.024707
94	5	5	10	0	P90	4	0.038893	0.023956	0.003953	-0.010481
94	5	5	10	0	P95	4	0.038893	0.038893	0.003953	0.003953
94	5	5	10	0	P99	4	0.038893	0.038893	0.003953	0.003953
94	5	5	10	0	P999	4	0.038893	0.038893	0.003953	0.003953
95	5	5	10	1	P1	3	-0.036897	-0.036897	-0.005233	-0.005233
95	5	5	10	1	P50	3	0.035598	0.020675	0.031442	0.024000
95	5	5	10	1	P75	4	0.008602	0.008602	-0.017620	-0.017620
95	5	5	10	1	P90	4	0.053492	0.030803	0.003953	-0.006892
95	5	5	10	1	P95	4	0.053492	0.053492	0.003953	0.003953
95	5	5	10	1	P99	4	0.053492	0.053492	0.003953	0.003953
95	5	5	10	1	P999	4	0.053492	0.053492	0.003953	0.003953
96	5	2	7	0	P1	3	-0.023396	-0.023396	0.001996	0.001996
96	5	2	7	0	P50	4	-0.010802	-0.010802	-0.028232	-0.028232
96	5	2	7	0	P75	4	0.010920	0.010920	-0.006892	-0.006892
96	5	2	7	0	P90	4	0.021960	0.021960	0.003953	0.003953
96	5	2	7	0	P95	4	0.021960	0.021960	0.003953	0.003953
96	5	2	7	0	P99	4	0.021960	0.021960	0.003953	0.003953
96	5	2	7	0	P999	4	0.021960	0.021960	0.003953	0.003953
97	5	22	27	1	P1	3	-0.046633	-0.046633	-0.009104	-0.009104
97	5	22	27	1	P50	4	-0.030864	-0.030864	-0.035742	-0.035742
97	5	22	27	1	P75	4	-0.005932	-0.005932	-0.014566	-0.014566
97	5	22	27	1	P90	4	0.008602	0.008602	-0.002258	-0.002258
97	5	22	27	1	P95	4	0.030803	0.030803	0.000843	0.000843
97	5	22	27	1	P99	4	0.053492	0.053492	0.003953	0.003953
97	5	22	27	1	P999	4	0.053492	0.053492	0.003953	0.003953
98	16	12	28	0	P1	3	-0.018213	-0.018213	-0.009104	-0.009104
98	16	12	28	0	P50	4	0.000503	-0.002390	-0.033145	-0.035941
98	16	12	28	0	P75	4	0.020995	0.018042	-0.013342	-0.016196
98	16	12	28	0	P90	4	0.032892	0.032892	-0.001845	-0.001845
98	16	12	28	0	P95	4	0.035888	0.035888	0.001050	0.001050
98	16	12	28	0	P99	4	0.038893	0.038893	0.003953	0.003953
98	16	12	28	0	P999	4	0.038893	0.038893	0.003953	0.003953
99	16	13	29	1	P1	3	-0.040386	-0.040386	-0.008110	-0.008110
99	16	13	29	1	P50	4	-0.010730	-0.010730	-0.027058	-0.027058
99	16	13	29	1	P75	4	0.023349	0.023349	-0.010481	-0.010481
99	16	13	29	1	P90	4	0.048407	0.048407	0.001533	0.001533
99	16	13	29	1	P95	4	0.053492	0.053492	0.003953	0.003953
99	16	13	29	1	P99	5	0.047797	0.047797	0.042344	0.042344
99	16	13	29	1	P999	5	0.047797	0.047797	0.042344	0.042344
100	35	21	56	0	P1	3	-0.019715	-0.019715	-0.010620	-0.010620
100	35	21	56	0	P50	4	0.001719	0.000316	-0.031970	-0.033326
100	35	21	56	0	P75	4	0.021567	0.020137	-0.012789	-0.014172
100	35	21	56	0	P90	4	0.033085	0.033085	-0.001659	-0.001659
100	35	21	56	0	P95	4	0.037438	0.037438	0.002547	0.002547
100	35	21	56	0	P99	6	0.023978	0.023978	0.033479	0.033479
100	35	21	56	0	P999	6	0.023978	0.023978	0.033479	0.033479
101	17	21	38	0	P1	3	-0.033945	-0.033945	-0.008828	-0.008828
101	17	21	38	0	P50	4	-0.007790	-0.009512	-0.025272	-0.026964
101	17	21	38	0	P75	4	0.007851	0.007851	-0.009907	-0.009907
101	17	21	38	0	P90	4	0.018414	0.018414	0.000470	0.000470
101	17	21	38	0	P95	4	0.021960	0.021960	0.003953	0.003953
101	17	21	38	0	P99	42	0.016512	0.016512	0.042942	0.042942
101	17	21	38	0	P999	42	0.016512	0.016512	0.042942	0.042942
102	16	16	32	1	P1	3	-0.042473	-0.042473	-0.008828	-0.008828
102	16	16	32	1	P50	4	-0.015072	-0.018963	-0.028232	-0.030341
102	16	16	32	1	P75	4	0.018409	0.013494	-0.011197	-0.013342
102	16	16	32	1	P90	4	0.038311	0.038311	-0.002568	-0.002568
102	16	16	32	1	P95	4	0.048407	0.048407	0.001775	0.001775
102	16	16	32	1	P99	4	0.053492	0.053492	0.003953	0.003953
102	16	16	32	1	P999	4	0.053492	0.053492	0.003953	0.003953
103	12	16	28	0	P1	3	-0.034445	-0.034445	-0.009340	-0.009340
103	12	16	28	0	P50	4	-0.018447	-0.246022	-0.035742	-0.226419
103	12	16	28	0	P75	4	0.003108	0.000000	-0.014566	-0.017620
103	12	16	28	0	P90	4	0.015637	0.015637	-0.002258	-0.002258
103	12	16	28	0	P95	4	0.018794	0.018794	0.000843	0.000843
103	12	16	28	0	P99	4	0.021960	0.021960	0.003953	0.003953
103	12	16	28	0	P999	4	0.021960	0.021960	0.003953	0.003953
104	13	29	42	1	P1	3	-0.044033	-0.044033	-0.010023	-0.010023
104	13	29	42	1	P50	4	-0.011750	-0.017876	-0.030742	-0.032745
104	13	29	42	1	P75	4	0.029017	0.029017	-0.010481	-0.010481
104	13	29	42	1	P90	4	0.048395	0.048395	0.001879	0.001879
104	13	29	42	1	P95	5	0.023391	0.023391	0.019946	0.019946
104	13	29	42	1	P99	8	0.010258	0.010258	0.005936	0.005936
104	13	29	42	1	P999	8	0.010258	0.010258	0.005936	0.005936
105	16	16	32	1	P1	3	-0.036897	-0.036897	-0.008501	-0.008501
105	16	16	32	1	P50	4	-0.014772	-0.018066	-0.026723	-0.028734
105	16	16	32	1	P75	4	0.014107	0.008602	-0.010481	-0.012526
105	16	16	32	1	P90	4	0.036429	0.036429	-0.002258	-0.002258
105	16	16	32	1	P95	4	0.047773	0.047773	0.001879	0.001879
105	16	16	32	1	P99	4	0.053492	0.053492	0.003953	0.003953
105	16	16	32	1	P999	4	0.053492	0.053492	0.003953	0.003953
106	5	20	25	1	P1	3	-0.043862	-0.043862	-0.006261	-0.006261
106	5	20	25	1	P50	4	-0.016185	-0.016185	-0.024707	-0.024707
106	5	20	25	1	P75	4	0.002347	0.002347	-0.010481	-0.010481
106	5	20	25	1	P90	4	0.030803	0.030803	-0.000881	-0.000881
106	5	20	25	1	P95	4	0.042085	0.042085	0.001533	0.001533
106	5	20	25	1	P99	4	0.053492	0.053492	0.003953	0.003953
106	5	20	25	1	P999	4	0.053492	0.053492	0.003953	0.003953
107	29	10	39	0	P1	3	-0.031444	-0.031444	-0.006261	-0.006261
107	29	10	39	0	P50	4	-0.003497	-0.003497	-0.021056	-0.021056
107	29	10	39	0	P75	4	0.010566	0.010566	-0.007240	-0.007240
107	29	10	39	0	P90	4	0.019100	0.019100	0.001143	0.001143
107	29	10	39	0	P95	4	0.021960	0.021960	0.003953	0.003953
107	29	10	39	0	P99	5	0.015930	0.015930	0.042344	0.042344
107	29	10	39	0	P999	5	0.015930	0.015930	0.042344	0.042344
108	2	2	4	0	P1	3	-0.007215	-0.007215	0.001996	0.001996
108	2	2	4	0	P50	3	0.021960	0.007267	0.031442	0.016613
108	2	2	4	0	P75	4	0.038893	-0.233530	0.003953	-0.226419
108	2	2	4	0	P90	4	0.038893	0.038893	0.003953	0.003953
108	2	2	4	0	P95	4	0.038893	0.038893	0.003953	0.003953
108	2	2	4	0	P99	4	0.038893	0.038893	0.003953	0.003953
108	2	2	4	0	P999	4	0.038893	0.038893	0.003953	0.003953
109	5	2	7	0	P1	3	-0.014377	-0.014377	-0.005233	-0.005233
109	5	2	7	0	P50	3	0.007267	0.007267	0.016613	0.016613
109	5	2	7	0	P75	3	0.021960	0.021960	0.031442	0.031442
109	5	2	7	0	P90	4	0.038893	0.038893	0.003953	0.003953
109	5	2	7	0	P95	4	0.038893	0.038893	0.003953	0.003953
109	5	2	7	0	P99	4	0.038893	0.038893	0.003953	0.003953
109	5	2	7	0	P999	4	0.038893	0.038893	0.003953	0.003953
110	5	2	7	0	P1	3	-0.012949	-0.012949	-0.003791	-0.003791
110	5	2	7	0	P50	3	0.013119	0.013119	0.022519	0.022519
110	5	2	7	0	P75	4	0.016569	0.016569	-0.017620	-0.017620
110	5	2	7	0	P90	4	0.038893	0.038893	0.003953	0.003953
110	5	2	7	0	P95	4	0.038893	0.038893	0.003953	0.003953
110	5	2	7	0	P99	4	0.038893	0.038893	0.003953	0.003953
110	5	2	7	0	P999	4	0.038893	0.038893	0.003953	0.003953
111	2	5	7	0	P1	3	-0.012949	-0.012949	-0.003791	-0.003791
111	2	5	7	0	P50	3	0.013119	0.013119	0.022519	0.022519
111	2	5	7	0	P75	4	0.016569	0.016569	-0.017620	-0.017620
111	2	5	7	0	P90	4	0.038893	0.038893	0.003953	0.003953
111	2	5	7	0	P95	4	0.038893	0.038893	0.003953	0.003953
111	2	5	7	0	P99	4	0.038893	0.038893	0.003953	0.003953
111	2	5	7	0	P999	4	0.038893	0.038893	0.003953	0.003953
112	4	4	8	0	P1	3	-0.012949	-0.012949	-0.003791	-0.003791
112	4	4	8	0	P50	3	0.021960	0.013119	0.031442	0.022519
112	4	4	8	0	P75	4	0.023956	0.009234	-0.010481	-0.024707
112	4	4	8	0	P90	4	0.038893	0.038893	0.003953	0.003953
112	4	4	8	0	P95	4	0.038893	0.038893	0.003953	0.003953
112	4	4	8	0	P99	4	0.038893	0.038893	0.003953	0.003953
112	4	4	8	0	P999	4	0.038893	0.038893	0.003953	0.003953
113	1736	6	1742	1	P1	252	-0.012550	-0.012550	-0.010669	-0.010669
113	1736	6	1742	1	P50	264	-0.001095	-0.001142	0.003814	0.003770
113	1736	6	1742	1	P75	269	0.000796	0.000796	0.004200	0.004200
113	1736	6	1742	1	P90	277	0.001219	0.001219	0.006322	0.006322
113	1736	6	1742	1	P95	283	-0.001292	-0.001292	0.001452	0.001452
113	1736	6	1742	1	P99	297	-0.005109	-0.005109	0.006896	0.006896
113	1736	6	1742	1	P999	639	0.013032	0.013032	0.013491	0.013491
114	2	2	4	0	P1	1	-0.010802	-0.010802	0.010920	0.010920
114	2	2	4	0	P50	1	0.010920	0.000000	0.033120	0.021960
114	2	2	4	0	P75	1	0.021960	0.010920	0.044403	0.033120
114	2	2	4	0	P90	1	0.021960	0.021960	0.044403	0.044403
114	2	2	4	0	P95	1	0.021960	0.021960	0.044403	0.044403
114	2	2	4	0	P99	1	0.021960	0.021960	0.044403	0.044403
114	2	2	4	0	P999	1	0.021960	0.021960	0.044403	0.044403
115	20	20	40	1	P1	2	0.024248	0.024248	-0.019556	-0.019556
115	20	20	40	1	P50	6	-0.043654	-0.299907	-0.003268	-0.330698
115	20	20	40	1	P75	7	-0.013723	-0.017293	-0.016097	-0.019653
115	20	20	40	1	P90	7	0.007975	0.004326	0.005510	0.001876
115	20	20	40	1	P95	8	-0.013070	-0.114817	-0.015680	-0.116988
115	20	20	40	1	P99	8	0.008642	0.008642	0.005936	0.005936
115	20	20	40	1	P999	8	0.008642	0.008642	0.005936	0.005936
116	20	19	39	1	P1	1	-0.000366	-0.000366	0.021960	0.021960
116	20	19	39	1	P50	3	0.009264	0.009264	0.031442	0.031442
116	20	19	39	1	P75	4	0.011328	0.011328	-0.010481	-0.010481
116	20	19	39	1	P90	5	-0.012612	-0.012612	0.008928	0.008928
116	20	19	39	1	P95	5	0.009078	0.009078	0.031084	0.031084
116	20	19	39	1	P99	5	0.020101	0.020101	0.042344	0.042344
116	20	19	39	1	P999	5	0.020101	0.020101	0.042344	0.042344
117	20	4	24	1	P1	1	-0.010118	-0.010118	0.010920	0.010920
117	20	4	24	1	P50	13	-0.000693	-0.003789	0.020230	0.017069
117	20	4	24	1	P75	13	0.018090	0.014936	0.039404	0.036184
117	20	4	24	1	P90	15	-0.013353	-0.013353	0.007289	0.007289
117	20	4	24	1	P95	15	0.008316	0.008316	0.029409	0.029409
117	20	4	24	1	P99	16	0.031118	0.031118	0.007923	0.007923
117	20	4	24	1	P999	16	0.031118	0.031118	0.007923	0.007923
118	18	2	20	0	P1	1	-0.019360	-0.019360	0.002175	0.002175
118	18	2	20	0	P50	1	0.002175	0.000000	0.024183	0.021960
118	18	2	20	0	P75	1	0.013119	0.010920	0.035367	0.033120
118	18	2	20	0	P90	1	0.019743	0.017530	0.042136	0.039875
118	18	2	20	0	P95	1	0.021960	0.019743	0.044403	0.042136
118	18	2	20	0	P99	1	0.021960	0.021960	0.044403	0.044403
118	18	2	20	0	P999	1	0.021960	0.021960	0.044403	0.044403
119	2	6	8	0	P1	1	-0.016160	-0.016160	0.005445	0.005445
119	2	6	8	0	P50	1	0.005445	0.000000	0.027525	0.021960
119	2	6	8	0	P75	1	0.016425	0.010920	0.038746	0.033120
119	2	6	8	0	P90	1	0.021960	0.021960	0.044403	0.044403
119	2	6	8	0	P95	1	0.021960	0.021960	0.044403	0.044403
119	2	6	8	0	P99	1	0.021960	0.021960	0.044403	0.044403
119	2	6	8	0	P999	1	0.021960	0.021960	0.044403	0.044403
120	3	249	252	1	P1	1	-0.013826	-0.013826	0.000577	0.000577
120	3	249	252	1	P50	1	0.009994	0.009800	0.024714	0.024517
120	3	249	252	1	P75	1	0.022316	0.022119	0.037200	0.037000
120	3	249	252	1	P90	2	0.002852	0.002852	-0.026629	-0.026629
120	3	249	252	1	P95	40	0.001348	0.001348	-0.017620	-0.017620
120	3	249	252	1	P99	42	0.032833	0.032833	0.035417	0.035417
120	3	249	252	1	P999	602	0.023472	0.023472	0.030045	0.030045
121	19	21	40	1	P1	29	0.000781	0.000781	-0.000308	-0.000308
121	19	21	40	1	P50	35	0.026865	-0.016827	0.007168	-0.003712
121	19	21	40	1	P75	75	-0.000405	-0.004349	0.014706	0.011562
121	19	21	40	1	P90	80	0.026311	0.004239	0.005936	-0.015680
121	19	21	40	1	P95	85	0.008866	-0.012830	0.032707	-0.011198
121	19	21	40	1	P99	88	0.017779	0.017779	0.041793	0.041793
121	19	21	40	1	P999	88	0.017779	0.017779	0.041793	0.041793
122	20	20	40	1	P1	8	0.004767	0.004767	-0.032637	-0.032637
122	20	20	40	1	P50	42	-0.042298	-0.730117	0.002223	-0.728760
122	20	20	40	1	P75	43	-0.013482	-0.020610	0.015006	0.011338
122	20	20	40	1	P90	46	0.013339	0.002377	0.016374	0.005395
122	20	20	40	1	P95	47	0.013590	0.002625	0.016594	0.005612
122	20	20	40	1	P99	50	-0.004858	-0.004858	0.042344	0.042344
122	20	20	40	1	P999	50	-0.004858	-0.004858	0.042344	0.042344
123	21	6	27	1	P1	3	0.015188	0.015188	0.031442	0.031442
123	21	6	27	1	P50	41	0.001803	0.001803	0.013129	0.013129
123	21	6	27	1	P75	42	0.023926	0.023926	0.035417	0.035417
123	21	6	27	1	P90	44	0.028293	0.028293	0.039740	0.039740
123	21	6	27	1	P95	49	0.007342	0.007342	0.018397	0.018397
123	21	6	27	1	P99	51	0.010891	0.010891	0.021906	0.021906
123	21	6	27	1	P999	51	0.010891	0.010891	0.021906	0.021906
124	4	2	6	0	P1	1	-0.014377	-0.014377	0.007267	0.007267
124	4	2	6	0	P50	1	0.007267	0.000000	0.029387	0.021960
124	4	2	6	0	P75	1	0.014587	0.014587	0.036868	0.036868
124	4	2	6	0	P90	1	0.021960	0.021960	0.044403	0.044403
124	4	2	6	0	P95	1	0.021960	0.021960	0.044403	0.044403
124	4	2	6	0	P99	1	0.021960	0.021960	0.044403	0.044403
124	4	2	6	0	P999	1	0.021960	0.021960	0.044403	0.044403
125	3	2	5	0	P1	1	-0.012949	-0.012949	0.008727	0.008727
125	3	2	5	0	P50	1	0.004354	0.004354	0.026410	0.026410
125	3	2	5	0	P75	1	0.013119	0.013119	0.035367	0.035367
125	3	2	5	0	P90	1	0.021960	0.021960	0.044403	0.044403
125	3	2	5	0	P95	1	0.021960	0.021960	0.044403	0.044403
125	3	2	5	0	P99	1	0.021960	0.021960	0.044403	0.044403
125	3	2	5	0	P999	1	0.021960	0.021960	0.044403	0.044403
126	542	3	545	1	P1	3	-0.053226	-0.053226	-0.010297	-0.010297
126	542	3	545	1	P50	4	-0.018123	-0.018123	-0.018215	-0.018215
126	542	3	545	1	P75	4	-0.004496	-0.004496	-0.004632	-0.004632
126	542	3	545	1	P90	4	0.003811	0.003811	0.003649	0.003649
126	542	3	545	1	P95	5	-0.023106	-0.023106	0.019494	0.019494
126	542	3	545	1	P99	5	-0.003804	-0.003804	0.039575	0.039575
126	542	3	545	1	P999	42	0.005987	0.005987	0.042942	0.042942
127	3	5	8	1	P1	1	0.008714	0.008714	0.014587	0.014587
127	3	5	8	1	P50	8	-0.015810	-0.117371	-0.015680	-0.116988
127	3	5	8	1	P75	9	-0.003019	-0.105900	-0.003247	-0.105835
127	3	5	8	1	P90	9	0.018936	0.018936	0.018642	0.018642
127	3	5	8	1	P95	9	0.018936	0.018936	0.018642	0.018642
127	3	5	8	1	P99	9	0.018936	0.018936	0.018642	0.018642
127	3	5	8	1	P999	9	0.018936	0.018936	0.018642	0.018642
128	19	11	30	1	P1	1	-0.016104	-0.016104	0.003957	0.003957
128	19	11	30	1	P50	23	-0.005061	-0.012241	0.014371	0.007052
128	19	11	30	1	P75	24	0.008900	0.008900	0.028588	0.028588
128	19	11	30	1	P90	25	0.020391	0.009366	0.031290	0.022368
128	19	11	30	1	P95	26	0.024723	0.024723	0.000279	0.000279
128	19	11	30	1	P99	27	0.030597	0.030597	0.006001	0.006001
128	19	11	30	1	P999	27	0.030597	0.030597	0.006001	0.006001
129	7	12	19	0	P1	1	-0.019248	-0.019248	0.002289	0.002289
129	7	12	19	0	P50	1	0.001144	0.001144	0.023129	0.023129
129	7	12	19	0	P75	1	0.012656	0.012656	0.034894	0.034894
129	7	12	19	0	P90	1	0.019626	0.019626	0.042017	0.042017
129	7	12	19	0	P95	1	0.021960	0.021960	0.044403	0.044403
129	7	12	19	0	P99	1	0.021960	0.021960	0.044403	0.044403
129	7	12	19	0	P999	1	0.021960	0.021960	0.044403	0.044403
130	11	2	13	1	P1	1	-0.003093	-0.003093	0.003957	0.003957
130	11	2	13	1	P50	1	0.020875	0.020875	0.028033	0.028033
130	11	2	13	1	P75	1	0.033074	0.033074	0.040286	0.040286
130	11	2	13	1	P90	7	-0.014613	-0.014613	-0.012528	-0.012528
130	11	2	13	1	P95	7	0.007082	0.007082	0.009157	0.009157
130	11	2	13	1	P99	7	0.007082	0.007082	0.009157	0.009157
130	11	2	13	1	P999	7	0.007082	0.007082	0.009157	0.009157
131	3	2	5	1	P1	1	0.002935	0.002935	0.021960	0.021960
131	3	2	5	1	P50	22	0.019985	0.019985	0.037691	0.037691
131	3	2	5	1	P75	23	-0.002926	-0.002926	0.014371	0.014371
131	3	2	5	1	P90	23	0.018981	0.018981	0.036646	0.036646
131	3	2	5	1	P95	23	0.018981	0.018981	0.036646	0.036646
131	3	2	5	1	P99	23	0.018981	0.018981	0.036646	0.036646
131	3	2	5	1	P999	23	0.018981	0.018981	0.036646	0.036646
132	2	3	5	1	P1	1	0.008572	0.008572	0.021960	0.021960
132	2	3	5	1	P50	28	0.004813	0.004813	0.013146	0.013146
132	2	3	5	1	P75	29	-0.008499	-0.008499	-0.000308	-0.000308
132	2	3	5	1	P90	29	0.013307	0.013307	0.021645	0.021645
132	2	3	5	1	P95	29	0.013307	0.013307	0.021645	0.021645
132	2	3	5	1	P99	29	0.013307	0.013307	0.021645	0.021645
132	2	3	5	1	P999	29	0.013307	0.013307	0.021645	0.021645
133	21	14	35	1	P1	1	-0.016589	-0.016589	0.003108	0.003108
133	21	14	35	1	P50	35	-0.000651	-0.000651	-0.001546	-0.001546
133	21	14	35	1	P75	37	-0.004989	-0.004989	0.009544	0.009544
133	21	14	35	1	P90	38	0.007680	0.007680	0.006991	0.006991
133	21	14	35	1	P95	39	0.010705	0.010705	0.029696	0.029696
133	21	14	35	1	P99	41	0.004105	0.004105	0.022958	0.022958
133	21	14	35	1	P999	41	0.004105	0.004105	0.022958	0.022958
134	8	13	21	0	P1	1	-0.019462	-0.019462	0.002071	0.002071
134	8	13	21	0	P50	1	0.001035	0.001035	0.023018	0.023018
134	8	13	21	0	P75	1	0.011443	0.011443	0.033655	0.033655
134	8	13	21	0	P90	1	0.017740	0.017740	0.040090	0.040090
134	8	13	21	0	P95	1	0.019848	0.019848	0.042244	0.042244
134	8	13	21	0	P99	1	0.021960	0.021960	0.044403	0.044403
134	8	13	21	0	P999	1	0.021960	0.021960	0.044403	0.044403
135	12	6	18	1	P1	1	-0.001282	-0.001282	0.003627	0.003627
135	12	6	18	1	P50	1	0.031894	0.028154	0.036868	0.033120
135	12	6	18	1	P75	26	-0.027383	-0.027383	-0.025459	-0.025459
135	12	6	18	1	P90	26	0.004926	0.004926	0.000279	0.000279
135	12	6	18	1	P95	27	0.010804	0.010804	0.006001	0.006001
135	12	6	18	1	P99	27	0.010804	0.010804	0.006001	0.006001
135	12	6	18	1	P999	27	0.010804	0.010804	0.006001	0.006001
136	2	3	5	0	P1	1	-0.012949	-0.012949	0.008727	0.008727
136	2	3	5	0	P50	1	0.004354	0.004354	0.026410	0.026410
136	2	3	5	0	P75	1	0.013119	0.013119	0.035367	0.035367
136	2	3	5	0	P90	1	0.021960	0.021960	0.044403	0.044403
136	2	3	5	0	P95	1	0.021960	0.021960	0.044403	0.044403
136	2	3	5	0	P99	1	0.021960	0.021960	0.044403	0.044403
136	2	3	5	0	P999	1	0.021960	0.021960	0.044403	0.044403
137	5	2	7	1	P1	1	0.002805	0.002805	0.021960	0.021960
137	5	2	7	1	P50	33	-0.009128	-0.009128	0.000815	0.000815
137	5	2	7	1	P75	34	-0.002797	-0.002797	0.014511	0.014511
137	5	2	7	1	P90	34	0.019112	0.019112	0.036790	0.036790
137	5	2	7	1	P95	34	0.019112	0.019112	0.036790	0.036790
137	5	2	7	1	P99	34	0.019112	0.019112	0.036790	0.036790
137	5	2	7	1	P999	34	0.019112	0.019112	0.036790	0.036790
138	2	3	5	0	P1	1	-0.012949	-0.012949	0.008727	0.008727
138	2	3	5	0	P50	1	0.004354	0.004354	0.026410	0.026410
138	2	3	5	0	P75	1	0.013119	0.013119	0.035367	0.035367
138	2	3	5	0	P90	1	0.021960	0.021960	0.044403	0.044403
138	2	3	5	0	P95	1	0.021960	0.021960	0.044403	0.044403
138	2	3	5	0	P99	1	0.021960	0.021960	0.044403	0.044403
138	2	3	5	0	P999	1	0.021960	0.021960	0.044403	0.044403
139	4	15	19	1	P1	1	-0.002843	-0.002843	0.010920	0.010920
139	4	15	19	1	P50	33	0.013818	0.013818	0.022793	0.022793
139	4	15	19	1	P75	35	-0.001610	-0.001610	0.007168	0.007168
139	4	15	19	1	P90	37	0.015446	0.015446	0.024270	0.024270
139	4	15	19	1	P95	38	0.003166	0.003166	0.011864	0.011864
139	4	15	19	1	P99	38	0.003166	0.003166	0.011864	0.011864
139	4	15	19	1	P999	38	0.003166	0.003166	0.011864	0.011864
140	5	5	10	0	P1	1	-0.017228	-0.017228	0.004354	0.004354
140	5	5	10	0	P50	1	0.004354	0.000000	0.026410	0.021960
140	5	5	10	0	P75	1	0.013119	0.013119	0.035367	0.035367
140	5	5	10	0	P90	1	0.021960	0.017530	0.044403	0.039875
140	5	5	10	0	P95	1	0.021960	0.021960	0.044403	0.044403
140	5	5	10	0	P99	1	0.021960	0.021960	0.044403	0.044403
140	5	5	10	0	P999	1	0.021960	0.021960	0.044403	0.044403
141	6	8	14	0	P1	1	-0.018447	-0.018447	0.003108	0.003108
141	6	8	14	0	P50	1	0.003108	0.000000	0.025136	0.021960
141	6	8	14	0	P75	1	0.012490	0.012490	0.034725	0.034725
141	6	8	14	0	P90	1	0.018794	0.018794	0.041167	0.041167
141	6	8	14	0	P95	1	0.021960	0.021960	0.044403	0.044403
141	6	8	14	0	P99	1	0.021960	0.021960	0.044403	0.044403
141	6	8	14	0	P999	1	0.021960	0.021960	0.044403	0.044403
142	2	2	4	0	P1	1	-0.010802	-0.010802	0.010920	0.010920
142	2	2	4	0	P50	1	0.010920	0.000000	0.033120	0.021960
142	2	2	4	0	P75	1	0.021960	0.010920	0.044403	0.033120
142	2	2	4	0	P90	1	0.021960	0.021960	0.044403	0.044403
142	2	2	4	0	P95	1	0.021960	0.021960	0.044403	0.044403
142	2	2	4	0	P99	1	0.021960	0.021960	0.044403	0.044403
142	2	2	4	0	P999	1	0.021960	0.021960	0.044403	0.044403
143	2	2	4	0	P1	1	-0.010802	-0.010802	0.010920	0.010920
143	2	2	4	0	P50	1	0.010920	0.000000	0.033120	0.021960
143	2	2	4	0	P75	1	0.021960	0.010920	0.044403	0.033120
143	2	2	4	0	P90	1	0.021960	0.021960	0.044403	0.044403
143	2	2	4	0	P95	1	0.021960	0.021960	0.044403	0.044403
143	2	2	4	0	P99	1	0.021960	0.021960	0.044403	0.044403
143	2	2	4	0	P999	1	0.021960	0.021960	0.044403	0.044403
144	2	2	4	1	P1	1	0.014466	0.014466	0.021960	0.021960
144	2	2	4	1	P50	16	-0.014260	-0.935200	-0.013736	-0.934725
144	2	2	4	1	P75	16	0.007442	-0.014260	0.007923	-0.013736
144	2	2	4	1	P90	16	0.007442	0.007442	0.007923	0.007923
144	2	2	4	1	P95	16	0.007442	0.007442	0.007923	0.007923
144	2	2	4	1	P99	16	0.007442	0.007442	0.007923	0.007923
144	2	2	4	1	P999	16	0.007442	0.007442	0.007923	0.007923
145	2	2	4	1	P1	15	0.004827	0.004827	0.007289	0.007289
145	2	2	4	1	P50	16	0.027625	-0.016105	0.007923	-0.034929
145	2	2	4	1	P75	21	0.016369	-0.217048	0.040886	-0.232059
145	2	2	4	1	P90	21	0.016369	0.016369	0.040886	0.040886
145	2	2	4	1	P95	21	0.016369	0.016369	0.040886	0.040886
145	2	2	4	1	P99	21	0.016369	0.016369	0.040886	0.040886
145	2	2	4	1	P999	21	0.016369	0.016369	0.040886	0.040886
146	1610	1601	3211	0	P1	1	-0.021051	-0.021051	0.000447	0.000447
146	1610	1601	3211	0	P50	1	0.000007	0.000007	0.021967	0.021967
146	1610	1601	3211	0	P75	1	0.010931	0.010931	0.033131	0.033131
146	1610	1601	3211	0	P90	1	0.017531	0.017531	0.039876	0.039876
146	1610	1601	3211	0	P95	1	0.019750	0.019750	0.042144	0.042144
146	1610	1601	3211	0	P99	1	0.021518	0.021518	0.043950	0.043950
146	1610	1601	3211	0	P999	1	0.021919	0.021919	0.044360	0.044360
147	1622	2456	4078	0	P1	1	-0.021056	-0.021056	0.000441	0.000441
147	1622	2456	4078	0	P50	1	0.000237	0.000226	0.022202	0.022191
147	1622	2456	4078	0	P75	1	0.011269	0.011269	0.033476	0.033476
147	1622	2456	4078	0	P90	1	0.017953	0.017953	0.040307	0.040307
147	1622	2456	4078	0	P95	1	0.020191	0.020191	0.042594	0.042594
147	1622	2456	4078	0	P99	2	-0.016804	-0.016804	-0.037931	-0.037931
147	1622	2456	4078	0	P999	4	-0.000399	-0.000399	-0.021878	-0.021878
148	1964	1640	3604	0	P1	1	-0.021052	-0.021052	0.000446	0.000446
148	1964	1640	3604	0	P50	1	0.000018	0.000006	0.021979	0.021966
148	1964	1640	3604	0	P75	1	0.010942	0.010930	0.033142	0.033130
148	1964	1640	3604	0	P90	1	0.017546	0.017546	0.039891	0.039891
148	1964	1640	3604	0	P95	1	0.019757	0.019757	0.042151	0.042151
148	1964	1640	3604	0	P99	1	0.021529	0.021529	0.043962	0.043962
148	1964	1640	3604	0	P999	1	0.021936	0.021936	0.044377	0.044377
149	1795	1671	3466	0	P1	1	-0.021059	-0.021059	0.000439	0.000439
149	1795	1671	3466	0	P50	1	0.000019	0.000006	0.021979	0.021967
149	1795	1671	3466	0	P75	1	0.010936	0.010936	0.033137	0.033137
149	1795	1671	3466	0	P90	1	0.017549	0.017549	0.039895	0.039895
149	1795	1671	3466	0	P95	1	0.019759	0.019759	0.042153	0.042153
149	1795	1671	3466	0	P99	1	0.021537	0.021537	0.043971	0.043971
149	1795	1671	3466	0	P999	1	0.021935	0.021935	0.044376	0.044376
150	1639	1708	3347	0	P1	1	-0.021056	-0.021056	0.000441	0.000441
150	1639	1708	3347	0	P50	1	0.000006	0.000006	0.021967	0.021967
150	1639	1708	3347	0	P75	1	0.010930	0.010930	0.033130	0.033130
150	1639	1708	3347	0	P90	1	0.017539	0.017539	0.039884	0.039884
150	1639	1708	3347	0	P95	1	0.019747	0.019747	0.042141	0.042141
150	1639	1708	3347	0	P99	1	0.021522	0.021522	0.043955	0.043955
150	1639	1708	3347	0	P999	1	0.021920	0.021920	0.044362	0.044362
151	2	2	4	1	P1	1	0.003865	0.003865	0.021960	0.021960
151	2	2	4	1	P50	54	0.014597	-0.981001	0.007988	-0.980659
151	2	2	4	1	P75	55	0.018041	-0.003850	0.033604	-0.010339
151	2	2	4	1	P90	55	0.018041	0.018041	0.033604	0.033604
151	2	2	4	1	P95	55	0.018041	0.018041	0.033604	0.033604
151	2	2	4	1	P99	55	0.018041	0.018041	0.033604	0.033604
151	2	2	4	1	P999	55	0.018041	0.018041	0.033604	0.033604
152	2	4	6	1	P1	1	0.001543	0.001543	0.021960	0.021960
152	2	4	6	1	P50	25	-0.001541	-0.064550	0.010592	-0.046285
152	2	4	6	1	P75	25	0.020391	0.020391	0.025333	0.025333
152	2	4	6	1	P90	26	0.024723	0.024723	0.000279	0.000279
152	2	4	6	1	P95	26	0.024723	0.024723	0.000279	0.000279
152	2	4	6	1	P99	26	0.024723	0.024723	0.000279	0.000279
152	2	4	6	1	P999	26	0.024723	0.024723	0.000279	0.000279
153	2	2	4	1	P1	1	0.002578	0.002578	0.021960	0.021960
153	2	2	4	1	P50	24	-0.002572	-0.957308	0.015269	-0.956483
153	2	2	4	1	P75	24	0.019342	-0.002572	0.037565	0.015269
153	2	2	4	1	P90	24	0.019342	0.019342	0.037565	0.037565
153	2	2	4	1	P95	24	0.019342	0.019342	0.037565	0.037565
153	2	2	4	1	P99	24	0.019342	0.019342	0.037565	0.037565
153	2	2	4	1	P999	24	0.019342	0.019342	0.037565	0.037565
154	2491	2069	4560	0	P1	1	-0.021055	-0.021055	0.000443	0.000443
154	2491	2069	4560	0	P50	1	0.000241	0.000231	0.022206	0.022196
154	2491	2069	4560	0	P75	1	0.011281	0.011271	0.033489	0.033479
154	2491	2069	4560	0	P90	1	0.017963	0.017953	0.040318	0.040308
154	2491	2069	4560	0	P95	1	0.020200	0.020190	0.042604	0.042594
154	2491	2069	4560	0	P99	2	-0.014812	-0.014812	-0.035982	-0.035982
154	2491	2069	4560	0	P999	4	0.026000	0.026000	0.003953	0.003953
155	1621	3	1624	1	P1	1	-0.019033	-0.019033	0.000456	0.000456
155	1621	3	1624	1	P50	1	0.002140	0.002113	0.022042	0.022015
155	1621	3	1624	1	P75	1	0.013115	0.013088	0.033231	0.033204
155	1621	3	1624	1	P90	1	0.019741	0.019741	0.039987	0.039987
155	1621	3	1624	1	P95	1	0.021960	0.021960	0.042248	0.042248
155	1621	3	1624	1	P99	1	0.023743	0.023743	0.044067	0.044067
155	1621	3	1624	1	P999	46	0.019868	0.019868	0.038694	0.038694
156	2	2	4	0	P1	1	-0.010802	-0.010802	0.010920	0.010920
156	2	2	4	0	P50	1	0.010920	0.000000	0.033120	0.021960
156	2	2	4	0	P75	1	0.021960	0.010920	0.044403	0.033120
156	2	2	4	0	P90	1	0.021960	0.021960	0.044403	0.044403
156	2	2	4	0	P95	1	0.021960	0.021960	0.044403	0.044403
156	2	2	4	0	P99	1	0.021960	0.021960	0.044403	0.044403
156	2	2	4	0	P999	1	0.021960	0.021960	0.044403	0.044403
157	6	4	10	1	P1	1	0.030253	0.030253	0.044403	0.044403
157	6	4	10	1	P50	3	0.019656	-0.310862	0.031442	-0.332017
157	6	4	10	1	P75	45	0.010387	0.010387	0.016635	0.016635
157	6	4	10	1	P90	48	-0.010618	-0.031919	0.039614	-0.004585
157	6	4	10	1	P95	48	-0.010618	-0.010618	0.039614	0.039614
157	6	4	10	1	P99	48	-0.010618	-0.010618	0.039614	0.039614
157	6	4	10	1	P999	48	-0.010618	-0.010618	0.039614	0.039614
158	2	3	5	0	P1	1	-0.012949	-0.012949	0.008727	0.008727
158	2	3	5	0	P50	1	0.004354	0.004354	0.026410	0.026410
158	2	3	5	0	P75	1	0.013119	0.013119	0.035367	0.035367
158	2	3	5	0	P90	1	0.021960	0.021960	0.044403	0.044403
158	2	3	5	0	P95	1	0.021960	0.021960	0.044403	0.044403
158	2	3	5	0	P99	1	0.021960	0.021960	0.044403	0.044403
158	2	3	5	0	P999	1	0.021960	0.021960	0.044403	0.044403
159	5	9	14	1	P1	1	0.000604	0.000604	0.021960	0.021960
159	5	9	14	1	P50	46	-0.002926	-0.010124	0.016374	0.009041
159	5	9	14	1	P75	47	-0.002700	-0.002700	0.016594	0.016594
159	5	9	14	1	P90	49	-0.015280	-0.015280	0.003755	0.003755
159	5	9	14	1	P95	49	-0.000909	-0.000909	0.018397	0.018397
159	5	9	14	1	P99	49	-0.000909	-0.000909	0.018397	0.018397
159	5	9	14	1	P999	49	-0.000909	-0.000909	0.018397	0.018397
160	5	5	10	0	P1	1	-0.017228	-0.017228	0.004354	0.004354
160	5	5	10	0	P50	1	0.004354	0.000000	0.026410	0.021960
160	5	5	10	0	P75	1	0.013119	0.013119	0.035367	0.035367
160	5	5	10	0	P90	1	0.021960	0.017530	0.044403	0.039875
160	5	5	10	0	P95	1	0.021960	0.021960	0.044403	0.044403
160	5	5	10	0	P99	1	0.021960	0.021960	0.044403	0.044403
160	5	5	10	0	P999	1	0.021960	0.021960	0.044403	0.044403
161	6	4	10	0	P1	1	-0.017228	-0.017228	0.004354	0.004354
161	6	4	10	0	P50	1	0.004354	0.000000	0.026410	0.021960
161	6	4	10	0	P75	1	0.013119	0.013119	0.035367	0.035367
161	6	4	10	0	P90	1	0.021960	0.017530	0.044403	0.039875
161	6	4	10	0	P95	1	0.021960	0.021960	0.044403	0.044403
161	6	4	10	0	P99	1	0.021960	0.021960	0.044403	0.044403
161	6	4	10	0	P999	1	0.021960	0.021960	0.044403	0.044403
162	4	8	12	1	P1	1	0.013018	0.013018	0.021960	0.021960
162	4	8	12	1	P50	2	0.038981	0.029972	0.001975	-0.006694
162	4	8	12	1	P75	34	-0.029570	-0.050470	0.014511	-0.049494
162	4	8	12	1	P90	34	-0.008211	-0.008211	0.036790	0.036790
162	4	8	12	1	P95	36	0.021918	0.021918	0.022669	0.022669
162	4	8	12	1	P99	36	0.021918	0.021918	0.022669	0.022669
162	4	8	12	1	P999	36	0.021918	0.021918	0.022669	0.022669
163	5	2	7	1	P1	1	0.010181	0.010181	0.021960	0.021960
163	5	2	7	1	P50	44	-0.009410	-0.009410	0.039740	0.039740
163	5	2	7	1	P75	47	-0.002872	-0.002872	0.016594	0.016594
163	5	2	7	1	P90	48	-0.009378	-0.009378	0.039614	0.039614
163	5	2	7	1	P95	48	-0.009378	-0.009378	0.039614	0.039614
163	5	2	7	1	P99	48	-0.009378	-0.009378	0.039614	0.039614
163	5	2	7	1	P999	48	-0.009378	-0.009378	0.039614	0.039614
164	5	6	11	0	P1	1	-0.016160	-0.016160	0.005445	0.005445
164	5	6	11	0	P50	1	0.010920	0.010920	0.033120	0.033120
164	5	6	11	0	P75	2	-0.005254	-0.005254	-0.026629	-0.026629
164	5	6	11	0	P90	2	0.009256	0.009256	-0.012431	-0.012431
164	5	6	11	0	P95	2	0.023978	0.023978	0.001975	0.001975
164	5	6	11	0	P99	2	0.023978	0.023978	0.001975	0.001975
164	5	6	11	0	P999	2	0.023978	0.023978	0.001975	0.001975
165	7	2	9	1	P1	20	0.028022	0.028022	0.001975	0.001975
165	7	2	9	1	P50	46	0.020471	0.020471	0.023760	0.023760
165	7	2	9	1	P75	48	-0.000571	-0.000571	0.009935	0.009935
165	7	2	9	1	P90	48	0.021379	0.021379	0.039614	0.039614
165	7	2	9	1	P95	48	0.021379	0.021379	0.039614	0.039614
165	7	2	9	1	P99	48	0.021379	0.021379	0.039614	0.039614
165	7	2	9	1	P999	48	0.021379	0.021379	0.039614	0.039614
166	4	4	8	0	P1	1	-0.016160	-0.016160	0.005445	0.005445
166	4	4	8	0	P50	1	0.005445	0.000000	0.027525	0.021960
166	4	4	8	0	P75	1	0.016425	0.010920	0.038746	0.033120
166	4	4	8	0	P90	1	0.021960	0.021960	0.044403	0.044403
166	4	4	8	0	P95	1	0.021960	0.021960	0.044403	0.044403
166	4	4	8	0	P99	1	0.021960	0.021960	0.044403	0.044403
166	4	4	8	0	P999	1	0.021960	0.021960	0.044403	0.044403
167	4	4	8	0	P1	1	-0.016160	-0.016160	0.005445	0.005445
167	4	4	8	0	P50	1	0.005445	0.000000	0.027525	0.021960
167	4	4	8	0	P75	1	0.016425	0.010920	0.038746	0.033120
167	4	4	8	0	P90	1	0.021960	0.021960	0.044403	0.044403
167	4	4	8	0	P95	1	0.021960	0.021960	0.044403	0.044403
167	4	4	8	0	P99	1	0.021960	0.021960	0.044403	0.044403
167	4	4	8	0	P999	1	0.021960	0.021960	0.044403	0.044403
168	6	2	8	1	P1	1	0.023091	0.023091	0.044403	0.044403
168	6	2	8	1	P50	2	0.016665	0.007864	-0.006694	-0.015287
168	6	2	8	1	P75	22	-0.003480	-0.906769	0.015392	-0.908911
168	6	2	8	1	P90	22	0.018417	0.018417	0.037691	0.037691
168	6	2	8	1	P95	22	0.018417	0.018417	0.037691	0.037691
168	6	2	8	1	P99	22	0.018417	0.018417	0.037691	0.037691
168	6	2	8	1	P999	22	0.018417	0.018417	0.037691	0.037691
169	10	5	15	1	P1	1	-0.011253	-0.011253	0.008727	0.008727
169	10	5	15	1	P50	45	0.026960	0.026960	0.016635	0.016635
169	10	5	15	1	P75	48	-0.001719	-0.001719	0.012864	0.012864
169	10	5	15	1	P90	49	-0.007823	-0.007823	0.009587	0.009587
169	10	5	15	1	P95	49	-0.000610	-0.000610	0.018397	0.018397
169	10	5	15	1	P99	49	-0.000610	-0.000610	0.018397	0.018397
169	10	5	15	1	P999	49	-0.000610	-0.000610	0.018397	0.018397
170	5	4	9	0	P1	1	-0.016753	-0.016753	0.004839	0.004839
170	5	4	9	0	P50	1	0.002417	0.002417	0.024430	0.024430
170	5	4	9	0	P75	1	0.012141	0.012141	0.034368	0.034368
170	5	4	9	0	P90	1	0.021960	0.021960	0.044403	0.044403
170	5	4	9	0	P95	1	0.021960	0.021960	0.044403	0.044403
170	5	4	9	0	P99	1	0.021960	0.021960	0.044403	0.044403
170	5	4	9	0	P999	1	0.021960	0.021960	0.044403	0.044403
171	2	2	4	1	P1	1	0.013999	0.013999	0.021960	0.021960
171	2	2	4	1	P50	34	-0.006667	-0.969520	0.014511	-0.969282
171	2	2	4	1	P75	35	0.007904	-0.035048	0.007168	-0.014475
171	2	2	4	1	P90	35	0.007904	0.007904	0.007168	0.007168
171	2	2	4	1	P95	35	0.007904	0.007904	0.007168	0.007168
171	2	2	4	1	P99	35	0.007904	0.007904	0.007168	0.007168
171	2	2	4	1	P999	35	0.007904	0.007904	0.007168	0.007168
172	10	2	12	1	P1	1	0.002546	0.002546	0.021960	0.021960
172	10	2	12	1	P50	2	0.014236	0.007958	-0.010386	-0.016509
172	10	2	12	1	P75	3	0.012343	-0.315393	0.031442	-0.332017
172	10	2	12	1	P90	22	-0.002539	-0.002539	0.015392	0.015392
172	10	2	12	1	P95	22	0.019375	0.019375	0.037691	0.037691
172	10	2	12	1	P99	22	0.019375	0.019375	0.037691	0.037691
172	10	2	12	1	P999	22	0.019375	0.019375	0.037691	0.037691
173	3	2	5	1	P1	1	0.009483	0.009483	0.021960	0.021960
173	3	2	5	1	P50	45	0.010500	0.010500	0.016635	0.016635
173	3	2	5	1	P75	47	0.010532	0.010532	0.016594	0.016594
173	3	2	5	1	P90	49	0.012396	0.012396	0.018397	0.018397
173	3	2	5	1	P95	49	0.012396	0.012396	0.018397	0.018397
173	3	2	5	1	P99	49	0.012396	0.012396	0.018397	0.018397
173	3	2	5	1	P999	49	0.012396	0.012396	0.018397	0.018397
174	2	2	4	1	P1	1	0.019819	0.019819	0.021960	0.021960
174	2	2	4	1	P50	2	-0.019434	-0.478854	-0.019556	-0.477799
174	2	2	4	1	P75	2	0.002174	-0.019434	0.001975	-0.019556
174	2	2	4	1	P90	2	0.002174	0.002174	0.001975	0.001975
174	2	2	4	1	P95	2	0.002174	0.002174	0.001975	0.001975
174	2	2	4	1	P99	2	0.002174	0.002174	0.001975	0.001975
174	2	2	4	1	P999	2	0.002174	0.002174	0.001975	0.001975
175	2	2	4	1	P1	3	0.015935	0.015935	0.009278	0.009278
175	2	2	4	1	P50	4	0.011359	-0.221270	0.003953	-0.226419
175	2	2	4	1	P75	5	0.005991	-0.190913	0.042344	-0.196837
175	2	2	4	1	P90	5	0.005991	0.005991	0.042344	0.042344
175	2	2	4	1	P95	5	0.005991	0.005991	0.042344	0.042344
175	2	2	4	1	P99	5	0.005991	0.005991	0.042344	0.042344
175	2	2	4	1	P999	5	0.005991	0.005991	0.042344	0.042344
176	3	2	5	1	P1	3	-0.008529	-0.008529	0.001996	0.001996
176	3	2	5	1	P50	3	0.035598	0.035598	0.031442	0.031442
176	3	2	5	1	P75	4	-0.013120	-0.013120	-0.017620	-0.017620
176	3	2	5	1	P90	4	0.008602	0.008602	0.003953	0.003953
176	3	2	5	1	P95	4	0.008602	0.008602	0.003953	0.003953
176	3	2	5	1	P99	4	0.008602	0.008602	0.003953	0.003953
176	3	2	5	1	P999	4	0.008602	0.008602	0.003953	0.003953
177	2	2	4	1	P1	3	-0.008529	-0.008529	0.009278	0.009278
177	2	2	4	1	P50	4	0.008602	-0.223301	-0.017620	-0.226419
177	2	2	4	1	P75	4	0.053492	0.008602	0.003953	-0.017620
177	2	2	4	1	P90	4	0.053492	0.053492	0.003953	0.003953
177	2	2	4	1	P95	4	0.053492	0.053492	0.003953	0.003953
177	2	2	4	1	P99	4	0.053492	0.053492	0.003953	0.003953
177	2	2	4	1	P999	4	0.053492	0.053492	0.003953	0.003953
178	2	2	4	1	P1	3	0.035598	0.035598	0.031442	0.031442
178	2	2	4	1	P50	4	0.008602	-0.013120	-0.010481	-0.024707
178	2	2	4	1	P75	4	0.053492	0.008602	0.003953	-0.010481
178	2	2	4	1	P90	4	0.053492	0.053492	0.003953	0.003953
178	2	2	4	1	P95	4	0.053492	0.053492	0.003953	0.003953
178	2	2	4	1	P99	4	0.053492	0.053492	0.003953	0.003953
178	2	2	4	1	P999	4	0.053492	0.053492	0.003953	0.003953
179	3	3	6	0	P1	3	-0.010802	-0.010802	-0.001625	-0.001625
179	3	3	6	0	P50	3	0.021960	0.010920	0.031442	0.020300
179	3	3	6	0	P75	4	0.016569	0.016569	-0.017620	-0.017620
179	3	3	6	0	P90	4	0.038893	0.038893	0.003953	0.003953
179	3	3	6	0	P95	4	0.038893	0.038893	0.003953	0.003953
179	3	3	6	0	P99	4	0.038893	0.038893	0.003953	0.003953
179	3	3	6	0	P999	4	0.038893	0.038893	0.003953	0.003953
180	3	3	6	1	P1	3	-0.008529	-0.008529	0.001996	0.001996
180	3	3	6	1	P50	4	-0.013120	-0.223301	-0.024707	-0.226419
180	3	3	6	1	P75	4	0.008602	0.008602	-0.010481	-0.010481
180	3	3	6	1	P90	4	0.053492	0.053492	0.003953	0.003953
180	3	3	6	1	P95	4	0.053492	0.053492	0.003953	0.003953
180	3	3	6	1	P99	4	0.053492	0.053492	0.003953	0.003953
180	3	3	6	1	P999	4	0.053492	0.053492	0.003953	0.003953
181	3	2	5	0	P1	3	0.000000	0.000000	0.009278	0.009278
181	3	2	5	0	P50	4	0.009234	0.009234	-0.024707	-0.024707
181	3	2	5	0	P75	4	0.023956	0.023956	-0.010481	-0.010481
181	3	2	5	0	P90	4	0.038893	0.038893	0.003953	0.003953
181	3	2	5	0	P95	4	0.038893	0.038893	0.003953	0.003953
181	3	2	5	0	P99	4	0.038893	0.038893	0.003953	0.003953
181	3	2	5	0	P999	4	0.038893	0.038893	0.003953	0.003953
182	2	2	4	0	P1	3	-0.007215	-0.007215	0.001996	0.001996
182	2	2	4	0	P50	3	0.021960	0.007267	0.031442	0.016613
182	2	2	4	0	P75	4	0.038893	-0.233530	0.003953	-0.226419
182	2	2	4	0	P90	4	0.038893	0.038893	0.003953	0.003953
182	2	2	4	0	P95	4	0.038893	0.038893	0.003953	0.003953
182	2	2	4	0	P99	4	0.038893	0.038893	0.003953	0.003953
182	2	2	4	0	P999	4	0.038893	0.038893	0.003953	0.003953
183	2	2	4	0	P1	3	-0.007215	-0.007215	0.001996	0.001996
183	2	2	4	0	P50	3	0.021960	0.007267	0.031442	0.016613
183	2	2	4	0	P75	4	0.038893	-0.233530	0.003953	-0.226419
183	2	2	4	0	P90	4	0.038893	0.038893	0.003953	0.003953
183	2	2	4	0	P95	4	0.038893	0.038893	0.003953	0.003953
183	2	2	4	0	P99	4	0.038893	0.038893	0.003953	0.003953
183	2	2	4	0	P999	4	0.038893	0.038893	0.003953	0.003953
184	2	2	4	0	P1	3	-0.010802	-0.010802	-0.001625	-0.001625
184	2	2	4	0	P50	3	0.010920	0.000000	0.020300	0.009278
184	2	2	4	0	P75	3	0.021960	0.010920	0.031442	0.020300
184	2	2	4	0	P90	3	0.021960	0.021960	0.031442	0.031442
184	2	2	4	0	P95	3	0.021960	0.021960	0.031442	0.031442
184	2	2	4	0	P99	3	0.021960	0.021960	0.031442	0.031442
184	2	2	4	0	P999	3	0.021960	0.021960	0.031442	0.031442
185	2	2	4	1	P1	1	0.005722	0.005722	0.021960	0.021960
185	2	2	4	1	P50	3	0.016168	-0.657390	0.031442	-0.651866
185	2	2	4	1	P75	4	0.033316	-0.237874	0.003953	-0.226419
185	2	2	4	1	P90	4	0.033316	0.033316	0.003953	0.003953
185	2	2	4	1	P95	4	0.033316	0.033316	0.003953	0.003953
185	2	2	4	1	P99	4	0.033316	0.033316	0.003953	0.003953
185	2	2	4	1	P999	4	0.033316	0.033316	0.003953	0.003953
186	4	2	6	1	P1	1	0.017839	0.017839	0.021960	0.021960
186	4	2	6	1	P50	4	-0.010364	-0.024636	-0.010481	-0.024707
186	4	2	6	1	P75	4	0.004116	0.004116	0.003953	0.003953
186	4	2	6	1	P90	5	-0.001143	-0.001143	0.042344	0.042344
186	4	2	6	1	P95	5	-0.001143	-0.001143	0.042344	0.042344
186	4	2	6	1	P99	5	-0.001143	-0.001143	0.042344	0.042344
186	4	2	6	1	P999	5	-0.001143	-0.001143	0.042344	0.042344
187	16	540	556	0	P1	1	-0.021029	-0.021029	0.000469	0.000469
187	16	540	556	0	P50	1	0.000078	0.000000	0.022040	0.021960
187	16	540	556	0	P75	1	0.010999	0.010920	0.033201	0.033120
187	16	540	556	0	P90	1	0.017578	0.017578	0.039924	0.039924
187	16	540	556	0	P95	1	0.019806	0.019806	0.042201	0.042201
187	16	540	556	0	P99	1	0.021561	0.021561	0.043995	0.043995
187	16	540	556	0	P999	1	0.021960	0.021960	0.044403	0.044403
188	90	539	629	0	P1	1	-0.021015	-0.021015	0.000484	0.000484
188	90	539	629	0	P50	1	0.000035	0.000035	0.021995	0.021995
188	90	539	629	0	P75	1	0.010938	0.010938	0.033138	0.033138
188	90	539	629	0	P90	1	0.017593	0.017593	0.039940	0.039940
188	90	539	629	0	P95	1	0.019774	0.019774	0.042169	0.042169
188	90	539	629	0	P99	1	0.021537	0.021537	0.043970	0.043970
188	90	539	629	0	P999	1	0.021960	0.021960	0.044403	0.044403
189	3	44	47	0	P1	1	-0.020583	-0.020583	0.000925	0.000925
189	3	44	47	0	P50	1	0.000462	0.000462	0.022433	0.022433
189	3	44	47	0	P75	1	0.011622	0.011622	0.033837	0.033837
189	3	44	47	0	P90	1	0.018188	0.018188	0.040548	0.040548
189	3	44	47	0	P95	1	0.020073	0.020073	0.042474	0.042474
189	3	44	47	0	P99	1	0.021960	0.021960	0.044403	0.044403
189	3	44	47	0	P999	1	0.021960	0.021960	0.044403	0.044403
190	45	38	83	0	P1	1	-0.020976	-0.020976	0.000524	0.000524
190	45	38	83	0	P50	1	0.000262	0.000262	0.022228	0.022228
190	45	38	83	0	P75	1	0.011317	0.011317	0.033526	0.033526
190	45	38	83	0	P90	1	0.017690	0.017690	0.040038	0.040038
190	45	38	83	0	P95	1	0.019823	0.019823	0.042218	0.042218
190	45	38	83	0	P99	1	0.021960	0.021960	0.044403	0.044403
190	45	38	83	0	P999	1	0.021960	0.021960	0.044403	0.044403
191	37	22	59	1	P1	1	-0.013493	-0.013493	0.001175	0.001175
191	37	22	59	1	P50	1	0.020720	0.020720	0.035853	0.035853
191	37	22	59	1	P75	634	0.014458	0.014458	0.021484	0.021484
191	37	22	59	1	P90	1949	0.022523	0.022523	0.028194	0.028194
191	37	22	59	1	P95	2859	0.031071	0.031071	0.036296	0.036296
191	37	22	59	1	P99	3152	0.020230	0.020230	0.025292	0.025292
191	37	22	59	1	P999	3152	0.020230	0.020230	0.025292	0.025292
192	42	79	121	1	P1	1	-0.002031	-0.002031	0.002071	0.002071
192	42	79	121	1	P50	3	-0.031963	-0.031963	0.011861	0.011861
192	42	79	121	1	P75	4	-0.024314	-0.024314	-0.024386	-0.024386
192	42	79	121	1	P90	4	-0.006764	-0.006764	-0.006892	-0.006892
192	42	79	121	1	P95	4	-0.000844	-0.000844	-0.000991	-0.000991
192	42	79	121	1	P99	4	0.004116	0.004116	0.003953	0.003953
192	42	79	121	1	P999	5	-0.001143	-0.001143	0.042344	0.042344
193	3	3	6	0	P1	1	-0.014377	-0.014377	0.007267	0.007267
193	3	3	6	0	P50	1	0.007267	0.000000	0.029387	0.021960
193	3	3	6	0	P75	1	0.014587	0.014587	0.036868	0.036868
193	3	3	6	0	P90	1	0.021960	0.021960	0.044403	0.044403
193	3	3	6	0	P95	1	0.021960	0.021960	0.044403	0.044403
193	3	3	6	0	P99	1	0.021960	0.021960	0.044403	0.044403
193	3	3	6	0	P999	1	0.021960	0.021960	0.044403	0.044403
194	2341	7	2348	1	P1	38	-0.007339	-0.007339	0.009120	0.009120
194	2341	7	2348	1	P50	46	-0.016339	-0.016441	-0.000181	-0.000284
194	2341	7	2348	1	P75	49	-0.013171	-0.013298	0.002984	0.002855
194	2341	7	2348	1	P90	53	-0.005654	-0.005654	-0.012183	-0.012183
194	2341	7	2348	1	P95	58	-0.007161	-0.007161	0.003118	0.003118
194	2341	7	2348	1	P99	77	-0.011152	-0.011152	-0.004725	-0.004725
194	2341	7	2348	1	P999	106	0.013134	0.013134	0.029035	0.029035
195	126	352	478	0	P1	1	-0.021042	-0.021042	0.000456	0.000456
195	126	352	478	0	P50	1	0.000183	0.000091	0.022147	0.022053
195	126	352	478	0	P75	1	0.011105	0.011105	0.033309	0.033309
195	126	352	478	0	P90	1	0.017771	0.017771	0.040122	0.040122
195	126	352	478	0	P95	1	0.020003	0.020003	0.042403	0.042403
195	126	352	478	0	P99	1	0.021774	0.021774	0.044212	0.044212
195	126	352	478	0	P999	2	0.023978	0.023978	0.001975	0.001975
196	8	5	13	0	P1	1	-0.017939	-0.017939	0.003627	0.003627
196	8	5	13	0	P50	1	0.003627	0.003627	0.025667	0.025667
196	8	5	13	0	P75	1	0.014587	0.014587	0.036868	0.036868
196	8	5	13	0	P90	1	0.021960	0.021960	0.044403	0.044403
196	8	5	13	0	P95	2	0.023978	0.023978	0.001975	0.001975
196	8	5	13	0	P99	2	0.023978	0.023978	0.001975	0.001975
196	8	5	13	0	P999	2	0.023978	0.023978	0.001975	0.001975
197	15	495	510	1	P1	1	-0.047260	-0.047260	0.000941	0.000941
197	15	495	510	1	P50	1	-0.006820	-0.006985	0.040968	0.040805
197	15	495	510	1	P75	9	-0.016253	-0.016253	-0.016441	-0.016441
197	15	495	510	1	P90	9	0.011873	0.011502	0.011601	0.011231
197	15	495	510	1	P95	10	-0.033140	-0.033140	0.009353	0.009353
197	15	495	510	1	P99	10	-0.002580	-0.002580	0.041167	0.041167
197	15	495	510	1	P999	92	0.003159	0.003159	0.040745	0.040745
198	26	885	911	0	P1	1	-0.021022	-0.021022	0.000477	0.000477
198	26	885	911	0	P50	1	0.000024	0.000024	0.021985	0.021985
198	26	885	911	0	P75	1	0.010957	0.010957	0.033157	0.033157
198	26	885	911	0	P90	1	0.017535	0.017535	0.039880	0.039880
198	26	885	911	0	P95	1	0.019769	0.019769	0.042164	0.042164
198	26	885	911	0	P99	1	0.021522	0.021522	0.043954	0.043954
198	26	885	911	0	P999	1	0.021960	0.021960	0.044403	0.044403
199	246	7378	7624	1	P1	1	-0.020472	-0.020472	0.001411	0.001411
199	246	7378	7624	1	P50	2	-0.002553	-0.002565	-0.023844	-0.023856
199	246	7378	7624	1	P75	2	0.020611	0.020599	-0.001181	-0.001193
199	246	7378	7624	1	P90	3	-0.006149	-0.006149	0.015696	0.015696
199	246	7378	7624	1	P95	3	0.005989	0.005989	0.028096	0.028096
199	246	7378	7624	1	P99	8	-0.000471	-0.000471	-0.022237	-0.022237
199	246	7378	7624	1	P999	12	-0.015246	-0.015246	0.005958	0.005958
200	2	33	35	0	P1	1	-0.020273	-0.020273	0.001242	0.001242
200	2	33	35	0	P50	1	0.000621	0.000621	0.022595	0.022595
200	2	33	35	0	P75	1	0.011862	0.011862	0.034083	0.034083
200	2	33	35	0	P90	1	0.018162	0.018162	0.040521	0.040521
200	2	33	35	0	P95	1	0.020692	0.020692	0.043107	0.043107
200	2	33	35	0	P99	1	0.021960	0.021960	0.044403	0.044403
200	2	33	35	0	P999	1	0.021960	0.021960	0.044403	0.044403
201	44	537	581	1	P1	1	-0.009906	-0.009906	0.005942	0.005942
201	44	537	581	1	P50	15	-0.009242	-0.009242	0.003848	0.003848
201	44	537	581	1	P75	15	0.012387	0.012387	0.025740	0.025740
201	44	537	581	1	P90	16	-0.015522	-0.015522	-0.002574	-0.002574
201	44	537	581	1	P95	17	-0.005973	-0.005973	0.007028	0.007028
201	44	537	581	1	P99	19	-0.033545	-0.033545	-0.020988	-0.020988
201	44	537	581	1	P999	19	-0.003053	-0.003053	0.009870	0.009870
202	6	30	36	1	P1	1	-0.008752	-0.008752	0.007267	0.007267
202	6	30	36	1	P50	3	-0.008088	-0.010482	0.006845	0.004418
202	6	30	36	1	P75	3	0.013716	0.011270	0.028955	0.026475
202	6	30	36	1	P90	4	0.014236	0.014236	-0.014566	-0.014566
202	6	30	36	1	P95	4	0.026916	0.026916	-0.002258	-0.002258
202	6	30	36	1	P99	4	0.033316	0.033316	0.003953	0.003953
202	6	30	36	1	P999	4	0.033316	0.033316	0.003953	0.003953
203	7	297	304	1	P1	4	-0.011086	-0.011086	-0.027528	-0.027528
203	7	297	304	1	P50	10	-0.018228	-0.021075	0.005809	0.002901
203	7	297	304	1	P75	17	0.033845	0.028231	0.012512	0.007028
203	7	297	304	1	P90	32	0.010720	0.010720	-0.011788	-0.011788
203	7	297	304	1	P95	66	0.027715	0.027715	0.002792	0.002792
203	7	297	304	1	P99	100	-0.017722	-0.017722	0.044403	0.044403
203	7	297	304	1	P999	111	0.008487	0.008487	0.026315	0.026315
204	3	6	9	0	P1	1	-0.016753	-0.016753	0.004839	0.004839
204	3	6	9	0	P50	1	0.002417	0.002417	0.024430	0.024430
204	3	6	9	0	P75	1	0.012141	0.012141	0.034368	0.034368
204	3	6	9	0	P90	1	0.021960	0.021960	0.044403	0.044403
204	3	6	9	0	P95	1	0.021960	0.021960	0.044403	0.044403
204	3	6	9	0	P99	1	0.021960	0.021960	0.044403	0.044403
204	3	6	9	0	P999	1	0.021960	0.021960	0.044403	0.044403
205	14	15	29	0	P1	1	-0.020021	-0.020021	0.001499	0.001499
205	14	15	29	0	P50	1	0.000749	0.000749	0.022726	0.022726
205	14	15	29	0	P75	1	0.011299	0.011299	0.033507	0.033507
205	14	15	29	0	P90	1	0.018903	0.018903	0.041278	0.041278
205	14	15	29	0	P95	1	0.020430	0.020430	0.042839	0.042839
205	14	15	29	0	P99	1	0.021960	0.021960	0.044403	0.044403
205	14	15	29	0	P999	1	0.021960	0.021960	0.044403	0.044403
206	165	6	171	0	P1	1	-0.020979	-0.020979	0.000520	0.000520
206	165	6	171	0	P50	1	0.000651	0.000651	0.022625	0.022625
206	165	6	171	0	P75	1	0.011907	0.011907	0.034129	0.034129
206	165	6	171	0	P90	1	0.018510	0.018510	0.040876	0.040876
206	165	6	171	0	P95	1	0.020897	0.020897	0.043316	0.043316
206	165	6	171	0	P99	2	0.012917	0.012917	-0.008849	-0.008849
206	165	6	171	0	P999	2	0.023978	0.023978	0.001975	0.001975
207	7	9	16	1	P1	1	0.001793	0.001793	0.003957	0.003957
207	7	9	16	1	P50	1	0.034063	0.029973	0.036185	0.032101
207	7	9	16	1	P75	2	-0.023699	-0.032174	-0.023806	-0.032252
207	7	9	16	1	P90	2	-0.006526	-0.006526	-0.006694	-0.006694
207	7	9	16	1	P95	2	0.002174	0.002174	0.001975	0.001975
207	7	9	16	1	P99	2	0.002174	0.002174	0.001975	0.001975
207	7	9	16	1	P999	2	0.002174	0.002174	0.001975	0.001975
208	14	534	548	1	P1	1	-0.010432	-0.010432	0.005562	0.005562
208	14	534	548	1	P50	2	0.007570	0.007478	-0.020364	-0.020454
208	14	534	548	1	P75	2	0.020314	0.020221	-0.007986	-0.008077
208	14	534	548	1	P90	2	0.028019	0.028019	-0.000502	-0.000502
208	14	534	548	1	P95	2	0.030569	0.030569	0.001975	0.001975
208	14	534	548	1	P99	3	0.009392	0.009392	0.024571	0.024571
208	14	534	548	1	P999	4	0.033316	0.033316	0.003953	0.003953
209	538	351	889	1	P1	1	-0.019721	-0.019721	0.001115	0.001115
209	538	351	889	1	P50	14	-0.007779	-0.007779	-0.030080	-0.030080
209	538	351	889	1	P75	14	0.023478	0.023478	0.000471	0.000471
209	538	351	889	1	P90	15	-0.011105	-0.011105	0.009584	0.009584
209	538	351	889	1	P95	15	0.007066	0.007066	0.028132	0.028132
209	538	351	889	1	P99	17	0.013561	0.013561	0.034747	0.034747
209	538	351	889	1	P999	69	0.002988	0.002988	0.023782	0.023782
210	4	6	10	0	P1	1	-0.017228	-0.017228	0.004354	0.004354
210	4	6	10	0	P50	1	0.004354	0.000000	0.026410	0.021960
210	4	6	10	0	P75	1	0.013119	0.013119	0.035367	0.035367
210	4	6	10	0	P90	1	0.021960	0.017530	0.044403	0.039875
210	4	6	10	0	P95	1	0.021960	0.021960	0.044403	0.044403
210	4	6	10	0	P99	1	0.021960	0.021960	0.044403	0.044403
210	4	6	10	0	P999	1	0.021960	0.021960	0.044403	0.044403
211	231	2	233	0	P1	1	-0.020938	-0.020938	0.000562	0.000562
211	231	2	233	0	P50	1	0.000187	0.000187	0.022152	0.022152
211	231	2	233	0	P75	1	0.011110	0.011110	0.033314	0.033314
211	231	2	233	0	P90	1	0.017759	0.017759	0.040109	0.040109
211	231	2	233	0	P95	1	0.020048	0.020048	0.042449	0.042449
211	231	2	233	0	P99	1	0.021769	0.021769	0.044207	0.044207
211	231	2	233	0	P999	2	0.023978	0.023978	0.001975	0.001975
212	868	15	883	1	P1	1	0.019260	0.019260	0.026410	0.026410
212	868	15	883	1	P50	8	-0.021323	-0.021323	-0.019570	-0.019570
212	868	15	883	1	P75	8	0.003520	0.003520	0.005253	0.005253
212	868	15	883	1	P90	9	0.016534	0.016534	0.017951	0.017951
212	868	15	883	1	P95	10	-0.003144	-0.003144	0.042342	0.042342
212	868	15	883	1	P99	12	-0.009223	-0.009223	0.035520	0.035520
212	868	15	883	1	P999	19	0.010372	0.010372	0.009870	0.009870
213	7	578	585	1	P1	1	0.030740	0.030740	0.037941	0.037941
213	7	578	585	1	P50	7	-0.026950	-0.026950	-0.024860	-0.024860
213	7	578	585	1	P75	7	-0.001042	-0.001042	0.001037	0.001037
213	7	578	585	1	P90	9	-0.014902	-0.014902	-0.013450	-0.013450
213	7	578	585	1	P95	12	-0.030567	-0.030567	0.013268	0.013268
213	7	578	585	1	P99	17	-0.009082	-0.009082	0.034747	0.034747
213	7	578	585	1	P999	21	-0.002649	-0.002649	0.040886	0.040886
214	22	22	44	1	P1	11	-0.011105	-0.011105	-0.001179	-0.001179
214	22	22	44	1	P50	15	-0.015093	-0.017947	-0.005754	-0.008630
214	22	22	44	1	P75	15	0.016849	0.013903	0.026432	0.023463
214	22	22	44	1	P90	16	-0.013745	-0.013745	-0.004511	-0.004511
214	22	22	44	1	P95	16	-0.001404	-0.001404	0.007923	0.007923
214	22	22	44	1	P99	18	0.011447	0.011447	0.020654	0.020654
214	22	22	44	1	P999	18	0.011447	0.011447	0.020654	0.020654
215	26	8	34	1	P1	1	-0.016985	-0.016985	0.001672	0.001672
215	26	8	34	1	P50	1	0.011354	0.009664	0.030534	0.028814
215	26	8	34	1	P75	1	0.024971	0.024971	0.044403	0.044403
215	26	8	34	1	P90	17	-0.004908	-0.004908	0.012512	0.012512
215	26	8	34	1	P95	17	0.016956	0.016956	0.034747	0.034747
215	26	8	34	1	P99	23	0.018981	0.018981	0.036646	0.036646
215	26	8	34	1	P999	23	0.018981	0.018981	0.036646	0.036646
216	17	2	19	1	P1	1	-0.015471	-0.015471	0.002417	0.002417
216	17	2	19	1	P50	1	0.006163	0.006163	0.024430	0.024430
216	17	2	19	1	P75	1	0.018387	0.018387	0.036868	0.036868
216	17	2	19	1	P90	1	0.025793	0.025793	0.044403	0.044403
216	17	2	19	1	P95	17	0.018170	0.018170	0.034747	0.034747
216	17	2	19	1	P99	17	0.018170	0.018170	0.034747	0.034747
216	17	2	19	1	P999	17	0.018170	0.018170	0.034747	0.034747
217	4	1127	1131	1	P1	1	0.004942	0.004942	0.019497	0.019497
217	4	1127	1131	1	P50	2	0.015992	0.015992	-0.014390	-0.014390
217	4	1127	1131	1	P75	2	0.030513	0.030513	-0.000329	-0.000329
217	4	1127	1131	1	P90	3	-0.001317	-0.001317	0.011115	0.011115
217	4	1127	1131	1	P95	3	0.009658	0.009658	0.022205	0.022205
217	4	1127	1131	1	P99	3	0.018407	0.018407	0.031047	0.031047
217	4	1127	1131	1	P999	106	0.023110	0.023110	0.029035	0.029035
218	113	90	203	1	P1	12	0.004880	0.004880	0.024334	0.024334
218	113	90	203	1	P50	444	-0.017663	-0.017663	-0.006264	-0.006264
218	113	90	203	1	P75	1276	0.015506	0.015506	-0.009086	-0.009086
218	113	90	203	1	P90	1386	0.016577	0.016577	-0.000584	-0.000584
218	113	90	203	1	P95	1532	0.043466	0.043466	0.007907	0.007907
218	113	90	203	1	P99	5724	0.031056	0.031056	0.037254	0.037254
218	113	90	203	1	P999	6713	0.001820	0.001820	0.007563	0.007563
219	56	119	175	1	P1	1	-0.006309	-0.006309	0.002023	0.002023
219	56	119	175	1	P50	18	-0.023333	-0.023333	-0.021703	-0.021703
219	56	119	175	1	P75	19	-0.028332	-0.028332	-0.026821	-0.026821
219	56	119	175	1	P90	20	-0.032355	-0.032355	-0.030957	-0.030957
219	56	119	175	1	P95	20	-0.002739	-0.002739	-0.001368	-0.001368
219	56	119	175	1	P99	24	-0.007501	-0.007501	0.037565	0.037565
219	56	119	175	1	P999	27	0.005341	0.005341	0.006001	0.006001
220	7	421	428	1	P1	1	0.014029	0.014029	0.031519	0.031519
220	7	421	428	1	P50	449	-0.011857	-0.012201	-0.005478	-0.005832
220	7	421	428	1	P75	464	-0.003553	-0.003973	0.003334	0.002885
220	7	421	428	1	P90	481	-0.001230	-0.001230	0.000990	0.000990
220	7	421	428	1	P95	493	-0.001194	-0.001194	0.003187	0.003187
220	7	421	428	1	P99	550	0.021233	0.021233	0.033604	0.033604
220	7	421	428	1	P999	679	0.028095	0.028095	0.040368	0.040368
221	106	2002	2108	1	P1	1	-0.015352	-0.015352	0.000567	0.000567
221	106	2002	2108	1	P50	1	0.011236	0.011210	0.027558	0.027532
221	106	2002	2108	1	P75	1	0.025076	0.025050	0.041607	0.041581
221	106	2002	2108	1	P90	2	0.014582	0.014582	-0.013554	-0.013554
221	106	2002	2108	1	P95	2	0.028675	0.028675	0.000135	0.000135
221	106	2002	2108	1	P99	3	0.015546	0.015546	0.030811	0.030811
221	106	2002	2108	1	P999	5	-0.001920	-0.001920	0.012587	0.012587
222	25	458	483	1	P1	1	-0.001754	-0.001754	0.009489	0.009489
222	25	458	483	1	P50	58	-0.019834	-0.019834	0.002180	0.002180
222	25	458	483	1	P75	66	-0.021526	-0.021526	-0.010018	-0.010018
222	25	458	483	1	P90	69	-0.005290	-0.005290	0.011990	0.011990
222	25	458	483	1	P95	72	-0.015819	-0.015819	0.002670	0.002670
222	25	458	483	1	P99	77	-0.002561	-0.002561	0.000695	0.000695
222	25	458	483	1	P999	136	-0.005578	-0.005578	0.040889	0.040889
223	11	1802	1813	1	P1	1	-0.014206	-0.014206	0.006625	0.006625
223	11	1802	1813	1	P50	2	0.007668	0.007668	-0.015553	-0.015553
223	11	1802	1813	1	P75	2	0.022856	0.022856	-0.000732	-0.000732
223	11	1802	1813	1	P90	3	-0.008232	-0.008232	0.011505	0.011505
223	11	1802	1813	1	P95	3	0.003211	0.003211	0.023163	0.023163
223	11	1802	1813	1	P99	4	0.013634	0.013634	-0.010481	-0.010481
223	11	1802	1813	1	P999	219	0.004838	0.004838	0.020029	0.020029
224	1784	2894	4678	1	P1	1	-0.009810	-0.009810	0.007735	0.007735
224	1784	2894	4678	1	P50	2	0.010539	0.010526	-0.016131	-0.016143
224	1784	2894	4678	1	P75	2	0.025011	0.025011	-0.002059	-0.002059
224	1784	2894	4678	1	P90	3	-0.009167	-0.009167	0.007046	0.007046
224	1784	2894	4678	1	P95	3	0.003148	0.003148	0.019547	0.019547
224	1784	2894	4678	1	P99	3	0.013099	0.013099	0.029649	0.029649
224	1784	2894	4678	1	P999	4	0.020900	0.020900	-0.006892	-0.006892
225	963	72	1035	0	P1	1	-0.021030	-0.021030	0.000468	0.000468
225	963	72	1035	0	P50	1	0.000319	0.000319	0.022286	0.022286
225	963	72	1035	0	P75	1	0.011404	0.011404	0.033615	0.033615
225	963	72	1035	0	P90	1	0.018097	0.018097	0.040455	0.040455
225	963	72	1035	0	P95	1	0.020352	0.020352	0.042760	0.042760
225	963	72	1035	0	P99	2	-0.007310	-0.007310	-0.028641	-0.028641
225	963	72	1035	0	P999	2	0.020806	0.020806	-0.001130	-0.001130
226	155	9	164	1	P1	1	-0.013645	-0.013645	0.000587	0.000587
226	155	9	164	1	P50	1	0.010120	0.009823	0.024664	0.024363
226	155	9	164	1	P75	1	0.022366	0.022066	0.037070	0.036766
226	155	9	164	1	P90	1	0.029604	0.029604	0.044403	0.044403
226	155	9	164	1	P95	56	0.005935	0.005935	0.015147	0.015147
226	155	9	164	1	P99	63	0.018812	0.018812	0.027969	0.027969
226	155	9	164	1	P999	126	0.021739	0.021739	0.029999	0.029999
227	754	274	1028	1	P1	1	-0.001648	-0.001648	0.000521	0.000521
227	754	274	1028	1	P50	1	0.022535	0.022486	0.024672	0.024624
227	754	274	1028	1	P75	1	0.035090	0.035041	0.037211	0.037162
227	754	274	1028	1	P90	2	-0.037529	-0.037529	-0.037588	-0.037588
227	754	274	1028	1	P95	2	-0.017878	-0.017878	-0.018006	-0.018006
227	754	274	1028	1	P99	2	-0.001790	-0.001790	-0.001975	-0.001975
227	754	274	1028	1	P999	2	0.001777	0.001777	0.001579	0.001579
228	1129	770	1899	1	P1	1	-0.015555	-0.015555	0.001519	0.001519
228	1129	770	1899	1	P50	2	0.016798	0.016798	-0.010472	-0.010472
228	1129	770	1899	1	P75	114	-0.009893	-0.009893	0.001145	0.001145
228	1129	770	1899	1	P90	118	-0.006949	-0.006949	0.004074	0.004074
228	1129	770	1899	1	P95	120	0.002893	0.002893	0.012924	0.012924
228	1129	770	1899	1	P99	127	-0.000616	-0.000616	0.006340	0.006340
228	1129	770	1899	1	P999	167	-0.002066	-0.002066	0.008553	0.008553
229	1620	3610	5230	1	P1	33	0.020181	0.020181	0.021923	0.021923
229	1620	3610	5230	1	P50	37	0.019666	0.019631	0.021336	0.021301
229	1620	3610	5230	1	P75	57	0.003511	0.003511	0.004902	0.004902
229	1620	3610	5230	1	P90	67	-0.002328	-0.002482	-0.001040	-0.001195
229	1620	3610	5230	1	P95	69	0.005596	0.005596	0.006871	0.006871
229	1620	3610	5230	1	P99	73	0.008445	0.008445	0.009688	0.009688
229	1620	3610	5230	1	P999	198	0.011465	0.011465	0.012096	0.012096
230	152055	171	152226	1	P1	1	0.027880	0.027880	0.034878	0.034878
230	152055	171	152226	1	P50	58	-0.001892	-0.001892	0.002787	0.002786
230	152055	171	152226	1	P75	60	-0.006398	-0.006398	-0.003404	-0.003404
230	152055	171	152226	1	P90	62	-0.000795	-0.000795	-0.006723	-0.006723
230	152055	171	152226	1	P95	63	0.011056	0.011056	0.001927	0.001927
230	152055	171	152226	1	P99	69	0.005024	0.005024	0.009640	0.009640
230	152055	171	152226	1	P999	168	-0.001573	-0.001573	0.002549	0.002549
231	599	4191	4790	1	P1	1	-0.017793	-0.017793	0.002681	0.002681
231	599	4191	4790	1	P50	57	-0.005613	-0.005635	0.000331	0.000306
231	599	4191	4790	1	P75	59	-0.011887	-0.011887	-0.004496	-0.004496
231	599	4191	4790	1	P90	60	0.012475	0.012417	0.010965	0.010889
231	599	4191	4790	1	P95	62	0.010703	0.010703	-0.003788	-0.003788
231	599	4191	4790	1	P99	69	0.000968	0.000968	0.003235	0.003235
231	599	4191	4790	1	P999	172	0.002818	0.002818	0.022715	0.022715
232	168	741	909	1	P1	1	-0.012385	-0.012385	0.000756	0.000756
232	168	741	909	1	P50	1	0.021436	0.021436	0.034976	0.034976
232	168	741	909	1	P75	2	0.020418	0.020418	-0.011028	-0.011028
232	168	741	909	1	P90	29	-0.011344	-0.011344	-0.003172	-0.003172
232	168	741	909	1	P95	30	0.001073	0.001073	0.009278	0.009278
232	168	741	909	1	P99	32	-0.001983	-0.001983	0.006105	0.006105
232	168	741	909	1	P999	105	0.032350	0.032350	0.038835	0.038835
233	5104	190	5294	1	P1	37	0.009989	0.009989	0.000387	0.000387
233	5104	190	5294	1	P50	111	-0.015408	-0.015428	0.003046	0.003021
233	5104	190	5294	1	P75	115	-0.014334	-0.014334	0.006469	0.006469
233	5104	190	5294	1	P90	119	-0.007688	-0.007688	0.011391	0.011391
233	5104	190	5294	1	P95	123	-0.008192	-0.008192	0.006505	0.006505
233	5104	190	5294	1	P99	147	-0.007754	-0.007754	0.005759	0.005759
233	5104	190	5294	1	P999	265	-0.003361	-0.003361	0.024982	0.024982
234	84	233	317	1	P1	45	0.025368	0.025368	0.016635	0.016635
234	84	233	317	1	P50	94	0.003704	0.003704	0.004320	0.004320
234	84	233	317	1	P75	145	-0.003205	-0.003205	0.004116	0.004116
234	84	233	317	1	P90	163	-0.003143	-0.003143	-0.001374	-0.001374
234	84	233	317	1	P95	172	-0.005458	-0.005458	0.006188	0.006188
234	84	233	317	1	P99	193	0.003537	0.003537	0.016004	0.016004
234	84	233	317	1	P999	312	0.001388	0.001388	0.035808	0.035808
235	4	253	257	1	P1	1	-0.017843	-0.017843	0.000517	0.000517
235	4	253	257	1	P50	1	0.003738	0.003738	0.022489	0.022489
235	4	253	257	1	P75	1	0.014880	0.014880	0.033833	0.033833
235	4	253	257	1	P90	1	0.021731	0.021731	0.040808	0.040808
235	4	253	257	1	P95	1	0.024024	0.024024	0.043143	0.043143
235	4	253	257	1	P99	150	0.013365	0.013365	0.029409	0.029409
235	4	253	257	1	P999	175	0.033554	0.033554	0.005183	0.005183
236	59	3247	3306	1	P1	1	0.000598	0.000598	0.017123	0.017123
236	59	3247	3306	1	P50	289	0.000553	0.000492	-0.000747	-0.000803
236	59	3247	3306	1	P75	303	0.002263	0.002263	0.003978	0.003978
236	59	3247	3306	1	P90	325	0.000849	0.000849	0.001168	0.001168
236	59	3247	3306	1	P95	337	0.004702	0.004702	-0.002054	-0.002054
236	59	3247	3306	1	P99	369	0.002349	0.002349	0.001066	0.001066
236	59	3247	3306	1	P999	480	0.006502	0.006502	0.017274	0.017274
237	70	68	138	1	P1	1	-0.016863	-0.016863	0.001242	0.001242
237	70	68	138	1	P50	1	0.025543	0.024906	0.044403	0.043755
237	70	68	138	1	P75	10	0.025622	0.025622	0.043028	0.043028
237	70	68	138	1	P90	11	0.016311	0.016311	0.033505	0.033505
237	70	68	138	1	P95	12	0.012042	0.012042	0.029113	0.029113
237	70	68	138	1	P99	14	0.038643	0.038643	0.011149	0.011149
237	70	68	138	1	P999	36	0.006371	0.006371	0.022669	0.022669
238	1349	3308	4657	1	P1	1	-0.004572	-0.004572	0.006566	0.006566
238	1349	3308	4657	1	P50	371	-0.002402	-0.002402	-0.002060	-0.002060
238	1349	3308	4657	1	P75	399	-0.002323	-0.002323	-0.001220	-0.001220
238	1349	3308	4657	1	P90	416	0.002595	0.002595	0.003611	0.003611
238	1349	3308	4657	1	P95	434	0.003551	0.003551	0.005041	0.005041
238	1349	3308	4657	1	P99	504	-0.001387	-0.001387	-0.002697	-0.002697
238	1349	3308	4657	1	P999	653	0.010551	0.010551	0.013541	0.013541
239	3942	495	4437	1	P1	1	-0.053391	-0.053391	0.001575	0.001575
239	3942	495	4437	1	P50	264	-0.010672	-0.010672	-0.003507	-0.003507
239	3942	495	4437	1	P75	271	-0.010451	-0.010451	-0.001273	-0.001273
239	3942	495	4437	1	P90	277	0.000239	0.000239	0.010096	0.010096
239	3942	495	4437	1	P95	282	-0.002923	-0.002923	0.004660	0.004660
239	3942	495	4437	1	P99	307	-0.004955	-0.004955	0.001209	0.001209
239	3942	495	4437	1	P999	475	-0.021225	-0.021225	-0.015722	-0.015722
240	1936	123	2059	1	P1	28	-0.010244	-0.010244	-0.000307	-0.000307
240	1936	123	2059	1	P50	43	-0.008592	-0.008592	0.002343	0.002343
240	1936	123	2059	1	P75	44	0.001417	0.001417	0.010906	0.010906
240	1936	123	2059	1	P90	46	-0.000848	-0.000848	0.007323	0.007323
240	1936	123	2059	1	P95	48	0.015450	0.015450	0.026354	0.026354
240	1936	123	2059	1	P99	86	0.009713	0.009713	0.020699	0.020699
240	1936	123	2059	1	P999	167	-0.001348	-0.001348	0.008553	0.008553
241	3226	3955	7181	1	P1	1	-0.013080	-0.013080	0.005642	0.005642
241	3226	3955	7181	1	P50	29	-0.006379	-0.006379	-0.012973	-0.012973
241	3226	3955	7181	1	P75	56	-0.009529	-0.009529	0.003965	0.003965
241	3226	3955	7181	1	P90	58	0.007250	0.007250	0.012963	0.012963
241	3226	3955	7181	1	P95	60	0.001550	0.001550	-0.000346	-0.000346
241	3226	3955	7181	1	P99	64	-0.010959	-0.010959	-0.003166	-0.003166
241	3226	3955	7181	1	P999	94	0.003123	0.003123	-0.003287	-0.003287
242	45	6875	6920	1	P1	66	-0.018490	-0.018490	-0.014288	-0.014288
242	45	6875	6920	1	P50	95	-0.005410	-0.005628	0.003607	0.003413
242	45	6875	6920	1	P75	107	-0.013965	-0.013997	-0.006602	-0.006633
242	45	6875	6920	1	P90	110	-0.007756	-0.007788	0.006486	0.006414
242	45	6875	6920	1	P95	113	-0.005166	-0.005252	0.004209	0.004138
242	45	6875	6920	1	P99	122	-0.006189	-0.006189	0.008240	0.008240
242	45	6875	6920	1	P999	245	-0.002857	-0.002857	-0.005451	-0.005451
243	51	80	131	1	P1	1	-0.000907	-0.000907	0.001260	0.001260
243	51	80	131	1	P50	1	0.040318	0.040318	0.042432	0.042432
243	51	80	131	1	P75	2	-0.018308	-0.018308	-0.018434	-0.018434
243	51	80	131	1	P90	2	-0.003939	-0.003939	-0.004116	-0.004116
243	51	80	131	1	P95	2	0.001408	0.001408	0.001211	0.001211
243	51	80	131	1	P99	3	-0.019482	-0.019482	0.022519	0.022519
243	51	80	131	1	P999	3	-0.010896	-0.010896	0.031442	0.031442
244	131	86	217	1	P1	1	-0.019900	-0.019900	0.001096	0.001096
244	131	86	217	1	P50	1	0.018776	0.018776	0.040597	0.040597
244	131	86	217	1	P75	113	0.005144	0.005144	0.000072	0.000072
244	131	86	217	1	P90	124	0.012472	0.012472	0.002116	0.002116
244	131	86	217	1	P95	140	0.001209	0.001209	-0.015937	-0.015937
244	131	86	217	1	P99	150	0.008286	0.008286	0.029409	0.029409
244	131	86	217	1	P999	184	0.021422	0.021422	0.042800	0.042800
245	47	792	839	1	P1	1	-0.010425	-0.010425	0.008354	0.008354
245	47	792	839	1	P50	22	0.015884	0.015884	0.033521	0.033521
245	47	792	839	1	P75	23	0.011658	0.011658	0.029201	0.029201
245	47	792	839	1	P90	24	0.015041	0.015041	0.032618	0.032618
245	47	792	839	1	P95	25	0.009558	0.009558	0.022197	0.022197
245	47	792	839	1	P99	29	-0.000493	-0.000493	0.010609	0.010609
245	47	792	839	1	P999	66	0.007884	0.007884	0.024813	0.024813
246	335	3711	4046	1	P1	1	-0.015808	-0.015808	0.003071	0.003071
246	335	3711	4046	1	P50	235	-0.003067	-0.003110	-0.002752	-0.002783
246	335	3711	4046	1	P75	242	0.001081	0.001081	0.005797	0.005797
246	335	3711	4046	1	P90	255	-0.001670	-0.001670	0.000306	0.000306
246	335	3711	4046	1	P95	275	0.000413	0.000413	0.004307	0.004307
246	335	3711	4046	1	P99	340	-0.009026	-0.009026	0.001375	0.001375
246	335	3711	4046	1	P999	437	0.030162	0.030162	0.002370	0.002370
247	51	214	265	0	P1	1	-0.020691	-0.020691	0.000815	0.000815
247	51	214	265	0	P50	1	0.014495	0.014495	0.036774	0.036774
247	51	214	265	0	P75	2	-0.003606	-0.003606	-0.025017	-0.025017
247	51	214	265	0	P90	2	0.013022	0.013022	-0.008746	-0.008746
247	51	214	265	0	P95	2	0.018485	0.018485	-0.003400	-0.003400
247	51	214	265	0	P99	2	0.023131	0.023131	0.001146	0.001146
247	51	214	265	0	P999	2	0.023978	0.023978	0.001975	0.001975
248	317	553	870	1	P1	26	0.008146	0.008146	-0.016954	-0.016954
248	317	553	870	1	P50	30	0.011358	0.011179	0.020188	0.019740
248	317	553	870	1	P75	56	-0.007689	-0.007689	0.006266	0.006266
248	317	553	870	1	P90	59	-0.014814	-0.015129	-0.001054	-0.001373
248	317	553	870	1	P95	60	-0.005006	-0.005006	0.006544	0.006544
248	317	553	870	1	P99	63	-0.002408	-0.002408	0.001520	0.001520
248	317	553	870	1	P999	67	-0.004096	-0.004096	0.009518	0.009518
249	872	755	1627	1	P1	1	-0.004048	-0.004048	0.000856	0.000856
249	872	755	1627	1	P50	1	0.036847	0.036847	0.041829	0.041829
249	872	755	1627	1	P75	20	-0.031106	-0.031106	-0.034745	-0.034745
249	872	755	1627	1	P90	21	-0.032628	-0.032628	0.006393	0.006393
249	872	755	1627	1	P95	21	-0.000188	-0.000188	0.040042	0.040042
249	872	755	1627	1	P99	24	-0.016573	-0.016573	0.022647	0.022647
249	872	755	1627	1	P999	143	-0.000513	-0.000513	0.033892	0.033892
250	1620	2951	4571	1	P1	1	0.006501	0.006501	0.015140	0.015140
250	1620	2951	4571	1	P50	12	0.013717	0.013717	0.024034	0.024034
250	1620	2951	4571	1	P75	13	0.011800	0.011800	0.023341	0.023341
250	1620	2951	4571	1	P90	14	0.017892	0.017892	-0.014483	-0.014483
250	1620	2951	4571	1	P95	14	0.048834	0.048834	0.007799	0.007799
250	1620	2951	4571	1	P99	16	0.038169	0.038169	0.003200	0.003200
250	1620	2951	4571	1	P999	64	0.012897	0.012897	0.011907	0.011907
251	411	33	444	0	P1	1	-0.021007	-0.021007	0.000492	0.000492
251	411	33	444	0	P50	1	0.000197	0.000098	0.022161	0.022061
251	411	33	444	0	P75	1	0.011169	0.011070	0.033374	0.033273
251	411	33	444	0	P90	1	0.017750	0.017750	0.040100	0.040100
251	411	33	444	0	P95	1	0.019953	0.019953	0.042351	0.042351
251	411	33	444	0	P99	1	0.021759	0.021759	0.044197	0.044197
251	411	33	444	0	P999	2	0.023978	0.023978	0.001975	0.001975
252	26238	3	26241	1	P1	1001	-0.021000	-0.021000	-0.000901	-0.000901
252	26238	3	26241	1	P50	1001	0.000219	0.000219	0.020766	0.020766
252	26238	3	26241	1	P75	1002	0.010212	0.010212	0.030971	0.030971
252	26238	3	26241	1	P90	1002	0.016865	0.016865	0.037764	0.037764
252	26238	3	26241	1	P95	1002	0.019092	0.019092	0.040039	0.040039
252	26238	3	26241	1	P99	1002	0.020879	0.020879	0.041862	0.041862
252	26238	3	26241	1	P999	1003	0.020262	0.020262	0.041234	0.041234
253	2	209	211	1	P1	13	0.021876	0.021876	0.042635	0.042635
253	2	209	211	1	P50	454	0.001221	0.001221	0.002687	0.002687
253	2	209	211	1	P75	487	0.004739	0.004739	0.015806	0.015806
253	2	209	211	1	P90	928	-0.007143	-0.007143	0.000246	0.000246
253	2	209	211	1	P95	960	0.000961	0.000961	0.001723	0.001723
253	2	209	211	1	P99	987	-0.003581	-0.003581	0.008779	0.008779
253	2	209	211	1	P999	1142	0.024767	0.024767	0.041851	0.041851
254	2	3	5	1	P1	1	0.016064	0.016064	0.021960	0.021960
254	2	3	5	1	P50	7	0.008719	0.008719	0.009157	0.009157
254	2	3	5	1	P75	8	-0.015810	-0.015810	-0.015680	-0.015680
254	2	3	5	1	P90	8	0.005863	0.005863	0.005936	0.005936
254	2	3	5	1	P95	8	0.005863	0.005863	0.005936	0.005936
254	2	3	5	1	P99	8	0.005863	0.005863	0.005936	0.005936
254	2	3	5	1	P999	8	0.005863	0.005863	0.005936	0.005936
255	3	3	6	1	P1	1	-0.006072	-0.006072	0.014587	0.014587
255	3	3	6	1	P50	210	-0.008359	-0.995128	0.011171	-0.995027
255	3	3	6	1	P75	211	0.001341	0.001341	0.021059	0.021059
255	3	3	6	1	P90	212	0.011158	0.011158	0.031067	0.031067
255	3	3	6	1	P95	212	0.011158	0.011158	0.031067	0.031067
255	3	3	6	1	P99	212	0.011158	0.011158	0.031067	0.031067
255	3	3	6	1	P999	212	0.011158	0.011158	0.031067	0.031067
256	19	2	21	1	P1	1	0.018325	0.018325	0.021960	0.021960
256	19	2	21	1	P50	12	-0.018712	-0.018712	0.020632	0.020632
256	19	2	21	1	P75	13	-0.018851	-0.018851	0.020230	0.020230
256	19	2	21	1	P90	14	-0.005957	-0.005957	-0.010578	-0.010578
256	19	2	21	1	P95	14	0.015942	0.015942	0.011149	0.011149
256	19	2	21	1	P99	15	-0.009549	-0.009549	0.029409	0.029409
256	19	2	21	1	P999	15	-0.009549	-0.009549	0.029409	0.029409
257	19	15	34	1	P1	1	-0.009602	-0.009602	0.002901	0.002901
257	19	15	34	1	P50	15	0.009984	-0.000944	0.018289	0.007289
257	19	15	34	1	P75	16	-0.013178	-0.013178	-0.005129	-0.005129
257	19	15	34	1	P90	17	0.004446	0.004446	0.012512	0.012512
257	19	15	34	1	P95	17	0.026540	0.026540	0.034747	0.034747
257	19	15	34	1	P99	18	0.012629	0.012629	0.020654	0.020654
257	19	15	34	1	P999	18	0.012629	0.012629	0.020654	0.020654
258	10	380	390	1	P1	1	-0.018555	-0.018555	0.000460	0.000460
258	10	380	390	1	P50	1	0.003353	0.003238	0.022783	0.022665
258	10	380	390	1	P75	1	0.014607	0.014607	0.034249	0.034249
258	10	380	390	1	P90	1	0.021513	0.021396	0.041286	0.041167
258	10	380	390	1	P95	1	0.023747	0.023747	0.043563	0.043563
258	10	380	390	1	P99	32	0.003080	0.003080	-0.007486	-0.007486
258	10	380	390	1	P999	33	0.004914	0.004914	0.022793	0.022793
259	13	1081	1094	0	P1	1	-0.020874	-0.020874	0.000628	0.000628
259	13	1081	1094	0	P50	1	0.009608	0.009551	0.031779	0.031721
259	13	1081	1094	0	P75	2	-0.011196	-0.011196	-0.032443	-0.032443
259	13	1081	1094	0	P90	2	0.012021	0.012021	-0.009725	-0.009725
259	13	1081	1094	0	P95	2	0.019929	0.019929	-0.001988	-0.001988
259	13	1081	1094	0	P99	3	-0.006384	-0.006384	0.015435	0.015435
259	13	1081	1094	0	P999	3	0.009278	0.009278	0.031442	0.031442
260	834	2774	3608	0	P1	1	-0.021049	-0.021049	0.000449	0.000449
260	834	2774	3608	0	P50	1	0.000164	0.000152	0.022127	0.022115
260	834	2774	3608	0	P75	1	0.011163	0.011150	0.033368	0.033355
260	834	2774	3608	0	P90	1	0.017817	0.017817	0.040169	0.040169
260	834	2774	3608	0	P95	1	0.020041	0.020041	0.042442	0.042442
260	834	2774	3608	0	P99	1	0.021824	0.021824	0.044263	0.044263
260	834	2774	3608	0	P999	2	0.020278	0.020278	-0.001646	-0.001646
261	1062	344	1406	0	P1	1	-0.020215	-0.020215	0.001302	0.001302
261	1062	344	1406	0	P50	21	-0.023723	-0.023899	-0.002284	-0.002464
261	1062	344	1406	0	P75	22	-0.007311	-0.007311	0.014489	0.014489
261	1062	344	1406	0	P90	23	-0.001529	-0.001529	0.020398	0.020398
261	1062	344	1406	0	P95	24	-0.012543	-0.012543	0.009142	0.009142
261	1062	344	1406	0	P99	25	0.011324	0.011324	0.025927	0.025927
261	1062	344	1406	0	P999	29	0.044081	0.044081	0.021645	0.021645
262	6	19	25	0	P1	1	-0.019786	-0.019786	0.001739	0.001739
262	6	19	25	0	P50	1	0.000869	0.000869	0.022849	0.022849
262	6	19	25	0	P75	1	0.011360	0.011360	0.033569	0.033569
262	6	19	25	0	P90	1	0.018414	0.018414	0.040779	0.040779
262	6	19	25	0	P95	1	0.020186	0.020186	0.042589	0.042589
262	6	19	25	0	P99	1	0.021960	0.021960	0.044403	0.044403
262	6	19	25	0	P999	1	0.021960	0.021960	0.044403	0.044403
263	3	6	9	1	P1	1	0.000081	0.000081	0.007267	0.007267
263	3	6	9	1	P50	1	0.029546	0.029546	0.036868	0.036868
263	3	6	9	1	P75	27	-0.014493	-0.014493	-0.015616	-0.015616
263	3	6	9	1	P90	28	0.014470	0.014470	0.013146	0.013146
263	3	6	9	1	P95	28	0.014470	0.014470	0.013146	0.013146
263	3	6	9	1	P99	28	0.014470	0.014470	0.013146	0.013146
263	3	6	9	1	P999	28	0.014470	0.014470	0.013146	0.013146
264	3	3	6	1	P1	1	0.006627	0.006627	0.021960	0.021960
264	3	3	6	1	P50	29	-0.009709	-0.928826	-0.000308	-0.930898
264	3	3	6	1	P75	29	0.012076	0.012076	0.021645	0.021645
264	3	3	6	1	P90	32	0.000601	0.000601	0.009913	0.009913
264	3	3	6	1	P95	32	0.000601	0.000601	0.009913	0.009913
264	3	3	6	1	P99	32	0.000601	0.000601	0.009913	0.009913
264	3	3	6	1	P999	32	0.000601	0.000601	0.009913	0.009913
265	75	2	77	0	P1	1	-0.020929	-0.020929	0.000572	0.000572
265	75	2	77	0	P50	1	0.000572	0.000572	0.022545	0.022545
265	75	2	77	0	P75	1	0.011499	0.011499	0.033711	0.033711
265	75	2	77	0	P90	1	0.018461	0.018461	0.040827	0.040827
265	75	2	77	0	P95	1	0.020792	0.020792	0.043209	0.043209
265	75	2	77	0	P99	2	0.023978	0.023978	0.001975	0.001975
265	75	2	77	0	P999	2	0.023978	0.023978	0.001975	0.001975
266	2070	280	2350	0	P1	1	-0.021053	-0.021053	0.000445	0.000445
266	2070	280	2350	0	P50	1	0.000074	0.000056	0.022036	0.022017
266	2070	280	2350	0	P75	1	0.011014	0.011014	0.033216	0.033216
266	2070	280	2350	0	P90	1	0.017651	0.017632	0.039998	0.039979
266	2070	280	2350	0	P95	1	0.019860	0.019860	0.042256	0.042256
266	2070	280	2350	0	P99	1	0.021638	0.021638	0.044074	0.044074
266	2070	280	2350	0	P999	2	0.015120	0.015120	-0.006694	-0.006694
267	3	5	8	1	P1	1	0.001534	0.001534	0.008727	0.008727
267	3	5	8	1	P50	1	0.037046	0.028052	0.044403	0.035367
267	3	5	8	1	P75	28	0.014470	-0.028767	0.013146	-0.029927
267	3	5	8	1	P90	30	-0.011011	-0.011011	0.031442	0.031442
267	3	5	8	1	P95	30	-0.011011	-0.011011	0.031442	0.031442
267	3	5	8	1	P99	30	-0.011011	-0.011011	0.031442	0.031442
267	3	5	8	1	P999	30	-0.011011	-0.011011	0.031442	0.031442
268	3	3	6	1	P1	1	0.001285	0.001285	0.014587	0.014587
268	3	3	6	1	P50	28	0.004813	-0.963187	0.013146	-0.962700
268	3	3	6	1	P75	29	-0.008499	-0.008499	-0.000308	-0.000308
268	3	3	6	1	P90	29	0.013307	0.013307	0.021645	0.021645
268	3	3	6	1	P95	29	0.013307	0.013307	0.021645	0.021645
268	3	3	6	1	P99	29	0.013307	0.013307	0.021645	0.021645
268	3	3	6	1	P999	29	0.013307	0.013307	0.021645	0.021645
269	180	2	182	1	P1	1	-0.006672	-0.006672	0.000483	0.000483
269	180	2	182	1	P50	1	0.015197	0.014952	0.022454	0.022207
269	180	2	182	1	P75	1	0.026312	0.026312	0.033619	0.033619
269	180	2	182	1	P90	1	0.033039	0.033039	0.040377	0.040377
269	180	2	182	1	P95	1	0.035291	0.035291	0.042639	0.042639
269	180	2	182	1	P99	27	0.007204	0.007204	0.006001	0.006001
269	180	2	182	1	P999	28	0.014470	0.014470	0.013146	0.013146
270	3	2	5	0	P1	1	-0.012949	-0.012949	0.008727	0.008727
270	3	2	5	0	P50	1	0.004354	0.004354	0.026410	0.026410
270	3	2	5	0	P75	1	0.013119	0.013119	0.035367	0.035367
270	3	2	5	0	P90	1	0.021960	0.021960	0.044403	0.044403
270	3	2	5	0	P95	1	0.021960	0.021960	0.044403	0.044403
270	3	2	5	0	P99	1	0.021960	0.021960	0.044403	0.044403
270	3	2	5	0	P999	1	0.021960	0.021960	0.044403	0.044403
271	4	14	18	1	P1	1	-0.006828	-0.006828	0.003108	0.003108
271	4	14	18	1	P50	1	0.021360	0.018189	0.031519	0.028323
271	4	14	18	1	P75	1	0.034143	0.034143	0.044403	0.044403
271	4	14	18	1	P90	29	0.018574	0.018574	0.021645	0.021645
271	4	14	18	1	P95	30	0.028433	0.028433	0.031442	0.031442
271	4	14	18	1	P99	30	0.028433	0.028433	0.031442	0.031442
271	4	14	18	1	P999	30	0.028433	0.028433	0.031442	0.031442
272	2	5227	5229	0	P1	1	-0.021056	-0.021056	0.000442	0.000442
272	2	5227	5229	0	P50	1	0.000058	0.000058	0.022020	0.022020
272	2	5227	5229	0	P75	1	0.011005	0.011005	0.033206	0.033206
272	2	5227	5229	0	P90	1	0.017637	0.017637	0.039984	0.039984
272	2	5227	5229	0	P95	1	0.019851	0.019851	0.042247	0.042247
272	2	5227	5229	0	P99	1	0.021628	0.021628	0.044063	0.044063
272	2	5227	5229	0	P999	2	0.009256	0.009256	-0.012431	-0.012431
273	1523	31	1554	1	P1	1	-0.006697	-0.006697	0.000458	0.000458
273	1523	31	1554	1	P50	1	0.015274	0.015245	0.022531	0.022502
273	1523	31	1554	1	P75	1	0.026648	0.026648	0.033957	0.033957
273	1523	31	1554	1	P90	1	0.033539	0.033539	0.040879	0.040879
273	1523	31	1554	1	P95	1	0.035856	0.035856	0.043207	0.043207
273	1523	31	1554	1	P99	27	-0.005871	-0.005871	-0.007025	-0.007025
273	1523	31	1554	1	P999	30	-0.011011	-0.011011	0.031442	0.031442
274	48	28	76	1	P1	1	-0.001500	-0.001500	0.000669	0.000669
274	48	28	76	1	P50	1	0.024274	0.023588	0.026410	0.025724
274	48	28	76	1	P75	1	0.037410	0.036714	0.039528	0.038833
274	48	28	76	1	P90	2	-0.025246	-0.025246	-0.025347	-0.025347
274	48	28	76	1	P95	2	-0.009671	-0.009671	-0.009827	-0.009827
274	48	28	76	1	P99	2	0.002174	0.002174	0.001975	0.001975
274	48	28	76	1	P999	2	0.002174	0.002174	0.001975	0.001975
275	53	1927	1980	1	P1	1	-0.009463	-0.009463	0.000452	0.000452
275	53	1927	1980	1	P50	1	0.012552	0.012529	0.022641	0.022618
275	53	1927	1980	1	P75	1	0.023963	0.023940	0.034142	0.034119
275	53	1927	1980	1	P90	1	0.030871	0.030847	0.041104	0.041081
275	53	1927	1980	1	P95	1	0.033184	0.033160	0.043436	0.043412
275	53	1927	1980	1	P99	29	0.018574	0.018574	0.021645	0.021645
275	53	1927	1980	1	P999	33	-0.001971	-0.001971	0.022793	0.022793
276	9	12	21	1	P1	1	-0.006313	-0.006313	0.003627	0.003627
276	9	12	21	1	P50	1	0.030398	0.030398	0.040628	0.040628
276	9	12	21	1	P75	27	0.002798	0.002798	0.006001	0.006001
276	9	12	21	1	P90	28	-0.007425	-0.007425	-0.004308	-0.004308
276	9	12	21	1	P95	28	0.001255	0.001255	0.004381	0.004381
276	9	12	21	1	P99	28	0.010011	0.010011	0.013146	0.013146
276	9	12	21	1	P999	28	0.010011	0.010011	0.013146	0.013146
277	9	9	18	1	P1	1	-0.000956	-0.000956	0.006226	0.006226
277	9	9	18	1	P50	27	0.007204	-0.922894	0.006001	-0.925780
277	9	9	18	1	P75	29	-0.011942	-0.011942	-0.011107	-0.011107
277	9	9	18	1	P90	29	0.014219	0.014219	0.021645	0.021645
277	9	9	18	1	P95	30	-0.011011	-0.011011	0.031442	0.031442
277	9	9	18	1	P99	30	-0.011011	-0.011011	0.031442	0.031442
277	9	9	18	1	P999	30	-0.011011	-0.011011	0.031442	0.031442
278	267	2424	2691	0	P1	1	-0.021061	-0.021061	0.000436	0.000436
278	267	2424	2691	0	P50	1	0.000024	0.000024	0.021985	0.021985
278	267	2424	2691	0	P75	1	0.010957	0.010957	0.033158	0.033158
278	267	2424	2691	0	P90	1	0.017561	0.017561	0.039907	0.039907
278	267	2424	2691	0	P95	1	0.019783	0.019783	0.042178	0.042178
278	267	2424	2691	0	P99	1	0.021564	0.021564	0.043998	0.043998
278	267	2424	2691	0	P999	1	0.021960	0.021960	0.044403	0.044403
279	8	3	11	1	P1	1	-0.015467	-0.015467	0.005445	0.005445
279	8	3	11	1	P50	1	0.011635	0.011635	0.033120	0.033120
279	8	3	11	1	P75	25	0.019059	0.019059	0.040290	0.040290
279	8	3	11	1	P90	29	0.000811	0.000811	0.021645	0.021645
279	8	3	11	1	P95	31	0.021242	0.021242	0.042491	0.042491
279	8	3	11	1	P99	31	0.021242	0.021242	0.042491	0.042491
279	8	3	11	1	P999	31	0.021242	0.021242	0.042491	0.042491
280	5	3	8	0	P1	1	-0.016160	-0.016160	0.005445	0.005445
280	5	3	8	0	P50	1	0.005445	0.000000	0.027525	0.021960
280	5	3	8	0	P75	1	0.016425	0.010920	0.038746	0.033120
280	5	3	8	0	P90	1	0.021960	0.021960	0.044403	0.044403
280	5	3	8	0	P95	1	0.021960	0.021960	0.044403	0.044403
280	5	3	8	0	P99	1	0.021960	0.021960	0.044403	0.044403
280	5	3	8	0	P999	1	0.021960	0.021960	0.044403	0.044403
281	3	1307	1310	1	P1	1	-0.009449	-0.009449	0.000466	0.000466
281	3	1307	1310	1	P50	1	0.011994	0.011961	0.022079	0.022045
281	3	1307	1310	1	P75	1	0.023094	0.023094	0.033267	0.033267
281	3	1307	1310	1	P90	1	0.029840	0.029806	0.040065	0.040031
281	3	1307	1310	1	P95	1	0.032075	0.032075	0.042318	0.042318
281	3	1307	1310	1	P99	1	0.033867	0.033867	0.044124	0.044124
281	3	1307	1310	1	P999	28	-0.004540	-0.004540	-0.001420	-0.001420
282	523	6	529	0	P1	1	-0.021006	-0.021006	0.000493	0.000493
282	523	6	529	0	P50	1	0.000041	0.000041	0.022002	0.022002
282	523	6	529	0	P75	1	0.010941	0.010941	0.033142	0.033142
282	523	6	529	0	P90	1	0.017605	0.017605	0.039952	0.039952
282	523	6	529	0	P95	1	0.019780	0.019780	0.042175	0.042175
282	523	6	529	0	P99	1	0.021541	0.021541	0.043974	0.043974
282	523	6	529	0	P999	1	0.021960	0.021960	0.044403	0.044403
283	801	2	803	1	P1	1	-0.009426	-0.009426	0.000489	0.000489
283	801	2	803	1	P50	1	0.011986	0.011986	0.022071	0.022071
283	801	2	803	1	P75	1	0.023116	0.023116	0.033289	0.033289
283	801	2	803	1	P90	1	0.029819	0.029819	0.040044	0.040044
283	801	2	803	1	P95	1	0.032063	0.032063	0.042306	0.042306
283	801	2	803	1	P99	1	0.033862	0.033862	0.044119	0.044119
283	801	2	803	1	P999	28	0.010011	0.010011	0.013146	0.013146
284	2	2	4	0	P1	1	-0.010802	-0.010802	0.010920	0.010920
284	2	2	4	0	P50	1	0.010920	0.000000	0.033120	0.021960
284	2	2	4	0	P75	1	0.021960	0.010920	0.044403	0.033120
284	2	2	4	0	P90	1	0.021960	0.021960	0.044403	0.044403
284	2	2	4	0	P95	1	0.021960	0.021960	0.044403	0.044403
284	2	2	4	0	P99	1	0.021960	0.021960	0.044403	0.044403
284	2	2	4	0	P999	1	0.021960	0.021960	0.044403	0.044403
285	2	1208	1210	1	P1	1	-0.009445	-0.009445	0.000470	0.000470
285	2	1208	1210	1	P50	1	0.012059	0.012023	0.022145	0.022108
285	2	1208	1210	1	P75	1	0.023190	0.023190	0.033363	0.033363
285	2	1208	1210	1	P90	1	0.029957	0.029920	0.040183	0.040146
285	2	1208	1210	1	P95	1	0.032197	0.032197	0.042441	0.042441
285	2	1208	1210	1	P99	1	0.033993	0.033993	0.044252	0.044252
285	2	1208	1210	1	P999	28	-0.011737	-0.011737	-0.008624	-0.008624
286	24	31	55	1	P1	1	-0.008520	-0.008520	0.001402	0.001402
286	24	31	55	1	P50	1	0.029796	0.029796	0.040021	0.040021
286	24	31	55	1	P75	27	-0.029415	-0.029415	-0.026250	-0.026250
286	24	31	55	1	P90	28	-0.016030	-0.016030	-0.012922	-0.012922
286	24	31	55	1	P95	28	0.010011	0.010011	0.013146	0.013146
286	24	31	55	1	P99	29	0.018574	0.018574	0.021645	0.021645
286	24	31	55	1	P999	29	0.018574	0.018574	0.021645	0.021645
287	20	46	66	1	P1	1	-0.010870	-0.010870	0.002289	0.002289
287	20	46	66	1	P50	27	-0.031941	-0.035176	-0.023806	-0.027063
287	20	46	66	1	P75	28	-0.013239	-0.013239	-0.005029	-0.005029
287	20	46	66	1	P90	29	0.013307	0.013307	0.021645	0.021645
287	20	46	66	1	P95	31	0.034116	0.034116	0.042491	0.042491
287	20	46	66	1	P99	38	0.003994	0.003994	0.011864	0.011864
287	20	46	66	1	P999	38	0.003994	0.003994	0.011864	0.011864
288	1375	4	1379	1	P1	1	-0.004460	-0.004460	0.000443	0.000443
288	1375	4	1379	1	P50	1	0.017144	0.017144	0.022090	0.022090
288	1375	4	1379	1	P75	1	0.028350	0.028350	0.033317	0.033317
288	1375	4	1379	1	P90	1	0.035132	0.035132	0.040112	0.040112
288	1375	4	1379	1	P95	1	0.037403	0.037403	0.042387	0.042387
288	1375	4	1379	1	P99	1	0.039217	0.039217	0.044204	0.044204
288	1375	4	1379	1	P999	27	0.010804	0.010804	0.006001	0.006001
289	6	3	9	0	P1	1	-0.016160	-0.016160	0.005445	0.005445
289	6	3	9	0	P50	1	0.005445	0.005445	0.027525	0.027525
289	6	3	9	0	P75	1	0.016425	0.016425	0.038746	0.038746
289	6	3	9	0	P90	2	0.023978	0.023978	0.001975	0.001975
289	6	3	9	0	P95	2	0.023978	0.023978	0.001975	0.001975
289	6	3	9	0	P99	2	0.023978	0.023978	0.001975	0.001975
289	6	3	9	0	P999	2	0.023978	0.023978	0.001975	0.001975
290	4	532	536	1	P1	1	-0.016289	-0.016289	0.000494	0.000494
290	4	532	536	1	P50	1	0.005249	0.005166	0.022381	0.022297
290	4	532	536	1	P75	1	0.016404	0.016320	0.033716	0.033631
290	4	532	536	1	P90	1	0.023122	0.023122	0.040543	0.040543
290	4	532	536	1	P95	1	0.025399	0.025399	0.042857	0.042857
290	4	532	536	1	P99	2	0.018417	0.018417	-0.008849	-0.008849
290	4	532	536	1	P999	30	0.017061	0.017061	0.031442	0.031442
291	11	14	25	1	P1	1	-0.004059	-0.004059	0.003108	0.003108
291	11	14	25	1	P50	1	0.033825	0.033825	0.041167	0.041167
291	11	14	25	1	P75	27	-0.010191	-0.010191	-0.011330	-0.011330
291	11	14	25	1	P90	28	-0.000152	-0.000152	-0.001420	-0.001420
291	11	14	25	1	P95	28	0.014470	0.014470	0.013146	0.013146
291	11	14	25	1	P99	30	-0.011011	-0.011011	0.031442	0.031442
291	11	14	25	1	P999	30	-0.011011	-0.011011	0.031442	0.031442
292	11	13	24	1	P1	1	-0.012490	-0.012490	0.004354	0.004354
292	11	13	24	1	P50	28	-0.033104	-0.043557	-0.019334	-0.071170
292	11	13	24	1	P75	29	0.007364	-0.007131	0.021645	0.006957
292	11	13	24	1	P90	30	0.006065	0.006065	0.020300	0.020300
292	11	13	24	1	P95	30	0.017061	0.017061	0.031442	0.031442
292	11	13	24	1	P99	31	0.027993	0.027993	0.042491	0.042491
292	11	13	24	1	P999	31	0.027993	0.027993	0.042491	0.042491
293	196	8	204	1	P1	1	-0.006487	-0.006487	0.000669	0.000669
293	196	8	204	1	P50	1	0.015953	0.015727	0.023213	0.022985
293	196	8	204	1	P75	1	0.027593	0.027363	0.034906	0.034675
293	196	8	204	1	P90	1	0.034502	0.034502	0.041846	0.041846
293	196	8	204	1	P95	1	0.036815	0.036815	0.044170	0.044170
293	196	8	204	1	P99	29	0.001053	0.001053	0.006957	0.006957
293	196	8	204	1	P999	30	-0.011011	-0.011011	0.031442	0.031442
294	11	8	19	1	P1	1	0.000553	0.000553	0.002719	0.002719
294	11	8	19	1	P50	1	0.025391	0.025391	0.027525	0.027525
294	11	8	19	1	P75	1	0.039456	0.039456	0.041571	0.041571
294	11	8	19	1	P90	2	-0.012284	-0.012284	-0.012431	-0.012431
294	11	8	19	1	P95	2	0.002174	0.002174	0.001975	0.001975
294	11	8	19	1	P99	2	0.002174	0.002174	0.001975	0.001975
294	11	8	19	1	P999	2	0.002174	0.002174	0.001975	0.001975
295	11	526	537	1	P1	1	-0.009418	-0.009418	0.000498	0.000498
295	11	526	537	1	P50	1	0.012465	0.012465	0.022553	0.022553
295	11	526	537	1	P75	1	0.023799	0.023799	0.033977	0.033977
295	11	526	537	1	P90	1	0.030712	0.030712	0.040945	0.040945
295	11	526	537	1	P95	1	0.033027	0.033027	0.043277	0.043277
295	11	526	537	1	P99	28	0.010011	0.010011	0.013146	0.013146
295	11	526	537	1	P999	30	0.028433	0.028433	0.031442	0.031442
296	8	13	21	1	P1	1	-0.001561	-0.001561	0.003348	0.003348
296	8	13	21	1	P50	1	0.032471	0.032471	0.037445	0.037445
296	8	13	21	1	P75	27	-0.018135	-0.018135	-0.022718	-0.022718
296	8	13	21	1	P90	28	0.018113	0.018113	0.013146	0.013146
296	8	13	21	1	P95	29	0.004657	0.004657	0.021645	0.021645
296	8	13	21	1	P99	30	-0.007442	-0.007442	0.031442	0.031442
296	8	13	21	1	P999	30	-0.007442	-0.007442	0.031442	0.031442
297	8	8	16	1	P1	1	-0.011416	-0.011416	0.005445	0.005445
297	8	8	16	1	P50	27	0.002707	-0.961966	-0.022718	-0.961318
297	8	8	16	1	P75	30	-0.004812	-0.067649	0.009278	-0.054397
297	8	8	16	1	P90	31	0.027993	0.027993	0.042491	0.042491
297	8	8	16	1	P95	33	0.008606	0.008606	0.022793	0.022793
297	8	8	16	1	P99	33	0.008606	0.008606	0.022793	0.022793
297	8	8	16	1	P999	33	0.008606	0.008606	0.022793	0.022793
298	536	6	542	1	P1	1	-0.009426	-0.009426	0.000489	0.000489
298	536	6	542	1	P50	1	0.012331	0.012248	0.022418	0.022335
298	536	6	542	1	P75	1	0.023555	0.023555	0.033731	0.033731
298	536	6	542	1	P90	1	0.030349	0.030349	0.040579	0.040579
298	536	6	542	1	P95	1	0.032624	0.032624	0.042871	0.042871
298	536	6	542	1	P99	27	-0.025887	-0.025887	-0.022718	-0.022718
298	536	6	542	1	P999	30	0.028433	0.028433	0.031442	0.031442
299	12	6	18	1	P1	1	0.000553	0.000553	0.002719	0.002719
299	12	6	18	1	P50	1	0.025391	0.022601	0.027525	0.024739
299	12	6	18	1	P75	1	0.036627	0.036627	0.038746	0.038746
299	12	6	18	1	P90	2	-0.019434	-0.019434	-0.019556	-0.019556
299	12	6	18	1	P95	2	0.002174	0.002174	0.001975	0.001975
299	12	6	18	1	P99	2	0.002174	0.002174	0.001975	0.001975
299	12	6	18	1	P999	2	0.002174	0.002174	0.001975	0.001975
300	6	2321	2327	1	P1	1	-0.012685	-0.012685	0.000452	0.000452
300	6	2321	2327	1	P50	1	0.008781	0.008781	0.022172	0.022172
300	6	2321	2327	1	P75	1	0.019920	0.019920	0.033442	0.033442
300	6	2321	2327	1	P90	1	0.026658	0.026658	0.040259	0.040259
300	6	2321	2327	1	P95	1	0.028907	0.028907	0.042535	0.042535
300	6	2321	2327	1	P99	1	0.030715	0.030715	0.044363	0.044363
300	6	2321	2327	1	P999	29	0.013307	0.013307	0.021645	0.021645
301	5	6	11	1	P1	1	0.002350	0.002350	0.007267	0.007267
301	5	6	11	1	P50	1	0.039415	0.039415	0.044403	0.044403
301	5	6	11	1	P75	27	0.010804	0.010804	0.006001	0.006001
301	5	6	11	1	P90	28	-0.003828	-0.003828	-0.008624	-0.008624
301	5	6	11	1	P95	28	0.018113	0.018113	0.013146	0.013146
301	5	6	11	1	P99	28	0.018113	0.018113	0.013146	0.013146
301	5	6	11	1	P999	28	0.018113	0.018113	0.013146	0.013146
302	5	5	10	1	P1	1	-0.006028	-0.006028	0.010920	0.010920
302	5	5	10	1	P50	29	-0.014300	-0.928997	-0.000308	-0.930898
302	5	5	10	1	P75	30	-0.004812	-0.004812	0.009278	0.009278
302	5	5	10	1	P90	36	0.008557	-0.152449	0.022669	-0.140465
302	5	5	10	1	P95	36	0.008557	0.008557	0.022669	0.022669
302	5	5	10	1	P99	36	0.008557	0.008557	0.022669	0.022669
302	5	5	10	1	P999	36	0.008557	0.008557	0.022669	0.022669
303	1100	7	1107	1	P1	1	-0.012663	-0.012663	0.000475	0.000475
303	1100	7	1107	1	P50	1	0.008772	0.008772	0.022162	0.022162
303	1100	7	1107	1	P75	1	0.019905	0.019905	0.033427	0.033427
303	1100	7	1107	1	P90	1	0.026636	0.026636	0.040237	0.040237
303	1100	7	1107	1	P95	1	0.028876	0.028876	0.042503	0.042503
303	1100	7	1107	1	P99	1	0.030672	0.030672	0.044320	0.044320
303	1100	7	1107	1	P999	29	-0.001283	-0.001283	0.006957	0.006957
304	12	7	19	0	P1	1	-0.019124	-0.019124	0.002417	0.002417
304	12	7	19	0	P50	1	0.002417	0.002417	0.024430	0.024430
304	12	7	19	0	P75	1	0.014587	0.014587	0.036868	0.036868
304	12	7	19	0	P90	1	0.021960	0.021960	0.044403	0.044403
304	12	7	19	0	P95	2	0.023978	0.023978	0.001975	0.001975
304	12	7	19	0	P99	2	0.023978	0.023978	0.001975	0.001975
304	12	7	19	0	P999	2	0.023978	0.023978	0.001975	0.001975
305	7	541	548	1	P1	1	-0.016299	-0.016299	0.000483	0.000483
305	7	541	548	1	P50	1	0.005240	0.005159	0.022371	0.022289
305	7	541	548	1	P75	1	0.016391	0.016309	0.033702	0.033619
305	7	541	548	1	P90	1	0.023124	0.023124	0.040544	0.040544
305	7	541	548	1	P95	1	0.025351	0.025351	0.042807	0.042807
305	7	541	548	1	P99	28	-0.015427	-0.015427	-0.001420	-0.001420
305	7	541	548	1	P999	30	0.017061	0.017061	0.031442	0.031442
306	13	19	32	1	P1	1	-0.007640	-0.007640	0.002289	0.002289
306	13	19	32	1	P50	1	0.029415	0.027059	0.039637	0.037263
306	13	19	32	1	P75	28	-0.016030	-0.024560	-0.012922	-0.021462
306	13	19	32	1	P90	29	-0.003358	-0.003358	-0.000308	-0.000308
306	13	19	32	1	P95	30	0.028433	0.028433	0.031442	0.031442
306	13	19	32	1	P99	32	0.007057	0.007057	0.009913	0.009913
306	13	19	32	1	P999	32	0.007057	0.007057	0.009913	0.009913
307	13	16	29	1	P1	1	-0.013205	-0.013205	0.003627	0.003627
307	13	16	29	1	P50	28	-0.026777	-0.026777	-0.012922	-0.012922
307	13	16	29	1	P75	29	-0.001358	-0.001358	0.012807	0.012807
307	13	16	29	1	P90	31	0.010268	0.010268	0.024531	0.024531
307	13	16	29	1	P95	31	0.019092	0.019092	0.033472	0.033472
307	13	16	29	1	P99	32	-0.004132	-0.004132	0.009913	0.009913
307	13	16	29	1	P999	32	-0.004132	-0.004132	0.009913	0.009913
308	41	8	49	0	P1	1	-0.020620	-0.020620	0.000887	0.000887
308	41	8	49	0	P50	1	0.000443	0.000443	0.022413	0.022413
308	41	8	49	0	P75	1	0.011145	0.011145	0.033349	0.033349
308	41	8	49	0	P90	1	0.018342	0.018342	0.040705	0.040705
308	41	8	49	0	P95	1	0.020150	0.020150	0.042552	0.042552
308	41	8	49	0	P99	1	0.021960	0.021960	0.044403	0.044403
308	41	8	49	0	P999	1	0.021960	0.021960	0.044403	0.044403
309	4	5097	5101	0	P1	1	-0.021053	-0.021053	0.000445	0.000445
309	4	5097	5101	0	P50	1	0.000090	0.000090	0.022052	0.022052
309	4	5097	5101	0	P75	1	0.011052	0.011052	0.033255	0.033255
309	4	5097	5101	0	P90	1	0.017687	0.017687	0.040036	0.040036
309	4	5097	5101	0	P95	1	0.019909	0.019909	0.042306	0.042306
309	4	5097	5101	0	P99	1	0.021689	0.021689	0.044126	0.044126
309	4	5097	5101	0	P999	2	0.012917	0.012917	-0.008849	-0.008849
310	3192	2548	5740	0	P1	1	-0.021058	-0.021058	0.000440	0.000440
310	3192	2548	5740	0	P50	1	0.000053	0.000046	0.022014	0.022007
310	3192	2548	5740	0	P75	1	0.010997	0.010989	0.033199	0.033191
310	3192	2548	5740	0	P90	1	0.017621	0.017613	0.039968	0.039960
310	3192	2548	5740	0	P95	1	0.019839	0.019831	0.042234	0.042226
310	3192	2548	5740	0	P99	1	0.021611	0.021611	0.044046	0.044046
310	3192	2548	5740	0	P999	2	0.005609	0.005609	-0.016000	-0.016000
311	2633	2	2635	0	P1	1	-0.021049	-0.021049	0.000449	0.000449
311	2633	2	2635	0	P50	1	0.000166	0.000166	0.022130	0.022130
311	2633	2	2635	0	P75	1	0.011172	0.011172	0.033378	0.033378
311	2633	2	2635	0	P90	1	0.017827	0.017827	0.040179	0.040179
311	2633	2	2635	0	P95	1	0.020061	0.020061	0.042462	0.042462
311	2633	2	2635	0	P99	1	0.021841	0.021841	0.044281	0.044281
311	2633	2	2635	0	P999	2	0.021510	0.021510	-0.000441	-0.000441
312	2	68	70	1	P1	1	-0.016146	-0.016146	0.000639	0.000639
312	2	68	70	1	P50	1	0.006121	0.005478	0.023267	0.022613
312	2	68	70	1	P75	1	0.017118	0.017118	0.034441	0.034441
312	2	68	70	1	P90	1	0.024297	0.023642	0.041737	0.041072
312	2	68	70	1	P95	1	0.026264	0.026264	0.043735	0.043735
312	2	68	70	1	P99	35	0.037373	0.037373	0.007168	0.007168
312	2	68	70	1	P999	35	0.037373	0.037373	0.007168	0.007168
313	2	2	4	1	P1	1	0.014706	0.014706	0.021960	0.021960
313	2	2	4	1	P50	27	0.007204	-0.961591	0.006001	-0.961318
313	2	2	4	1	P75	29	0.023093	-0.062258	0.021645	-0.063378
313	2	2	4	1	P90	29	0.023093	0.023093	0.021645	0.021645
313	2	2	4	1	P95	29	0.023093	0.023093	0.021645	0.021645
313	2	2	4	1	P99	29	0.023093	0.023093	0.021645	0.021645
313	2	2	4	1	P999	29	0.023093	0.023093	0.021645	0.021645
314	2	2	4	1	P1	2	0.005876	0.005876	-0.019556	-0.019556
314	2	2	4	1	P50	30	-0.005842	-0.931467	0.009278	-0.933202
314	2	2	4	1	P75	30	0.016012	-0.005842	0.031442	0.009278
314	2	2	4	1	P90	30	0.016012	0.016012	0.031442	0.031442
314	2	2	4	1	P95	30	0.016012	0.016012	0.031442	0.031442
314	2	2	4	1	P99	30	0.016012	0.016012	0.031442	0.031442
314	2	2	4	1	P999	30	0.016012	0.016012	0.031442	0.031442
315	504	5	509	1	P1	1	-0.012621	-0.012621	0.000517	0.000517
315	504	5	509	1	P50	1	0.008833	0.008833	0.022224	0.022224
315	504	5	509	1	P75	1	0.019954	0.019954	0.033477	0.033477
315	504	5	509	1	P90	1	0.026757	0.026757	0.040359	0.040359
315	504	5	509	1	P95	1	0.028975	0.028975	0.042604	0.042604
315	504	5	509	1	P99	1	0.030753	0.030753	0.044403	0.044403
315	504	5	509	1	P999	29	0.013307	0.013307	0.021645	0.021645
316	7	5	12	0	P1	1	-0.017939	-0.017939	0.003627	0.003627
316	7	5	12	0	P50	1	0.003627	0.000000	0.025667	0.021960
316	7	5	12	0	P75	1	0.014587	0.010920	0.036868	0.033120
316	7	5	12	0	P90	1	0.018267	0.018267	0.040628	0.040628
316	7	5	12	0	P95	1	0.021960	0.021960	0.044403	0.044403
316	7	5	12	0	P99	1	0.021960	0.021960	0.044403	0.044403
316	7	5	12	0	P999	1	0.021960	0.021960	0.044403	0.044403
317	5	411	416	1	P1	1	-0.009386	-0.009386	0.000530	0.000530
317	5	411	416	1	P50	1	0.012306	0.012199	0.022393	0.022285
317	5	411	416	1	P75	1	0.023547	0.023438	0.033723	0.033613
317	5	411	416	1	P90	1	0.030307	0.030307	0.040536	0.040536
317	5	411	416	1	P95	1	0.032607	0.032607	0.042854	0.042854
317	5	411	416	1	P99	26	-0.002995	-0.002995	0.000279	0.000279
317	5	411	416	1	P999	29	0.018574	0.018574	0.021645	0.021645
318	2	928	930	0	P1	1	-0.021030	-0.021030	0.000468	0.000468
318	2	928	930	0	P50	1	0.000094	0.000047	0.022056	0.022008
318	2	928	930	0	P75	1	0.011015	0.011015	0.033217	0.033217
318	2	928	930	0	P90	1	0.017663	0.017616	0.040011	0.039963
318	2	928	930	0	P95	1	0.019857	0.019857	0.042253	0.042253
318	2	928	930	0	P99	1	0.021625	0.021625	0.044060	0.044060
318	2	928	930	0	P999	2	0.023978	0.023978	0.001975	0.001975
319	21	36	57	1	P1	1	-0.011939	-0.011939	0.001208	0.001208
319	21	36	57	1	P50	1	0.022070	0.022070	0.035617	0.035617
319	21	36	57	1	P75	28	-0.033306	-0.033306	-0.025233	-0.025233
319	21	36	57	1	P90	29	-0.021357	-0.021357	-0.013253	-0.013253
319	21	36	57	1	P95	29	0.004528	0.004528	0.012807	0.012807
319	21	36	57	1	P99	31	0.034116	0.034116	0.042491	0.042491
319	21	36	57	1	P999	31	0.034116	0.034116	0.042491	0.042491
320	21	28	49	1	P1	1	-0.010983	-0.010983	0.002175	0.002175
320	21	28	49	1	P50	28	-0.030967	-0.030967	-0.022878	-0.022878
320	21	28	49	1	P75	29	-0.002599	-0.002599	0.005632	0.005632
320	21	28	49	1	P90	30	0.008359	0.008359	0.016613	0.016613
320	21	28	49	1	P95	30	0.023090	0.023090	0.031442	0.031442
320	21	28	49	1	P99	32	0.001800	0.001800	0.009913	0.009913
320	21	28	49	1	P999	32	0.001800	0.001800	0.009913	0.009913
321	703	4	707	1	P1	1	-0.009416	-0.009416	0.000499	0.000499
321	703	4	707	1	P50	1	0.012256	0.012256	0.022343	0.022343
321	703	4	707	1	P75	1	0.023525	0.023525	0.033701	0.033701
321	703	4	707	1	P90	1	0.030334	0.030334	0.040563	0.040563
321	703	4	707	1	P95	1	0.032592	0.032592	0.042839	0.042839
321	703	4	707	1	P99	2	0.018483	0.018483	-0.016509	-0.016509
321	703	4	707	1	P999	29	0.018574	0.018574	0.021645	0.021645
322	6	4	10	0	P1	1	-0.016160	-0.016160	0.005445	0.005445
322	6	4	10	0	P50	1	0.010920	0.005445	0.033120	0.027525
322	6	4	10	0	P75	1	0.021960	0.021960	0.044403	0.044403
322	6	4	10	0	P90	2	0.023978	0.001975	0.001975	-0.019556
322	6	4	10	0	P95	2	0.023978	0.023978	0.001975	0.001975
322	6	4	10	0	P99	2	0.023978	0.023978	0.001975	0.001975
322	6	4	10	0	P999	2	0.023978	0.023978	0.001975	0.001975
323	5	799	804	1	P1	1	-0.009425	-0.009425	0.000491	0.000491
323	5	799	804	1	P50	1	0.012125	0.012070	0.022211	0.022155
323	5	799	804	1	P75	1	0.023298	0.023243	0.033472	0.033416
323	5	799	804	1	P90	1	0.030028	0.030028	0.040255	0.040255
323	5	799	804	1	P95	1	0.032281	0.032281	0.042526	0.042526
323	5	799	804	1	P99	1	0.034087	0.034087	0.044346	0.044346
323	5	799	804	1	P999	31	-0.004742	-0.004742	0.042491	0.042491
324	2	4	6	1	P1	1	0.003717	0.003717	0.010920	0.010920
324	2	4	6	1	P50	1	0.037046	0.025815	0.044403	0.033120
324	2	4	6	1	P75	27	0.007204	0.007204	0.006001	0.006001
324	2	4	6	1	P90	31	-0.000306	-0.000306	0.042491	0.042491
324	2	4	6	1	P95	31	-0.000306	-0.000306	0.042491	0.042491
324	2	4	6	1	P99	31	-0.000306	-0.000306	0.042491	0.042491
324	2	4	6	1	P999	31	-0.000306	-0.000306	0.042491	0.042491
325	2	3	5	1	P1	1	0.022684	0.022684	0.044403	0.044403
325	2	3	5	1	P50	27	0.029238	0.029238	0.006001	0.006001
325	2	3	5	1	P75	29	0.000811	0.000811	0.021645	0.021645
325	2	3	5	1	P90	31	0.021242	0.021242	0.042491	0.042491
325	2	3	5	1	P95	31	0.021242	0.021242	0.042491	0.042491
325	2	3	5	1	P99	31	0.021242	0.021242	0.042491	0.042491
325	2	3	5	1	P999	31	0.021242	0.021242	0.042491	0.042491
326	305	5	310	1	P1	1	-0.009344	-0.009344	0.000572	0.000572
326	305	5	310	1	P50	1	0.012456	0.012311	0.022545	0.022398
326	305	5	310	1	P75	1	0.023682	0.023682	0.033859	0.033859
326	305	5	310	1	P90	1	0.030595	0.030448	0.040827	0.040678
326	305	5	310	1	P95	1	0.032811	0.032811	0.043060	0.043060
326	305	5	310	1	P99	28	-0.004540	-0.004540	-0.001420	-0.001420
326	305	5	310	1	P999	31	-0.004742	-0.004742	0.042491	0.042491
327	7	5	12	0	P1	1	-0.017228	-0.017228	0.004354	0.004354
327	7	5	12	0	P50	1	0.008727	0.004354	0.030879	0.026410
327	7	5	12	0	P75	1	0.021960	0.017530	0.044403	0.039875
327	7	5	12	0	P90	2	0.001975	0.001975	-0.019556	-0.019556
327	7	5	12	0	P95	2	0.023978	0.023978	0.001975	0.001975
327	7	5	12	0	P99	2	0.023978	0.023978	0.001975	0.001975
327	7	5	12	0	P999	2	0.023978	0.023978	0.001975	0.001975
328	5	2267	2272	1	P1	1	-0.012696	-0.012696	0.000442	0.000442
328	5	2267	2272	1	P50	1	0.008678	0.008659	0.022068	0.022048
328	5	2267	2272	1	P75	1	0.019754	0.019735	0.033274	0.033254
328	5	2267	2272	1	P90	1	0.026442	0.026442	0.040041	0.040041
328	5	2267	2272	1	P95	1	0.028694	0.028694	0.042319	0.042319
328	5	2267	2272	1	P99	1	0.030496	0.030496	0.044142	0.044142
328	5	2267	2272	1	P999	29	-0.008499	-0.008499	-0.000308	-0.000308
329	16	25	41	1	P1	1	-0.011413	-0.011413	0.001739	0.001739
329	16	25	41	1	P50	1	0.023603	0.023603	0.037168	0.037168
329	16	25	41	1	P75	27	-0.002338	-0.002338	0.006001	0.006001
329	16	25	41	1	P90	29	-0.015663	-0.015663	-0.007521	-0.007521
329	16	25	41	1	P95	29	0.013307	0.013307	0.021645	0.021645
329	16	25	41	1	P99	31	0.034116	0.034116	0.042491	0.042491
329	16	25	41	1	P999	31	0.034116	0.034116	0.042491	0.042491
330	16	18	34	1	P1	1	-0.010266	-0.010266	0.002901	0.002901
330	16	18	34	1	P50	27	-0.016703	-0.030861	-0.008462	-0.022718
330	16	18	34	1	P75	29	-0.015663	-0.015663	-0.007521	-0.007521
330	16	18	34	1	P90	30	0.001073	0.001073	0.009278	0.009278
330	16	18	34	1	P95	32	0.001800	0.001800	0.009913	0.009913
330	16	18	34	1	P99	33	0.014642	0.014642	0.022793	0.022793
330	16	18	34	1	P999	33	0.014642	0.014642	0.022793	0.022793
331	1128	2	1130	1	P1	1	-0.006693	-0.006693	0.000462	0.000462
331	1128	2	1130	1	P50	1	0.014785	0.014745	0.022039	0.022000
331	1128	2	1130	1	P75	1	0.025895	0.025895	0.033200	0.033200
331	1128	2	1130	1	P90	1	0.032651	0.032611	0.039987	0.039947
331	1128	2	1130	1	P95	1	0.034886	0.034886	0.042233	0.042233
331	1128	2	1130	1	P99	1	0.036686	0.036686	0.044041	0.044041
331	1128	2	1130	1	P999	27	0.007204	0.007204	0.006001	0.006001
332	3	2	5	0	P1	1	-0.012949	-0.012949	0.008727	0.008727
332	3	2	5	0	P50	1	0.004354	0.004354	0.026410	0.026410
332	3	2	5	0	P75	1	0.013119	0.013119	0.035367	0.035367
332	3	2	5	0	P90	1	0.021960	0.021960	0.044403	0.044403
332	3	2	5	0	P95	1	0.021960	0.021960	0.044403	0.044403
332	3	2	5	0	P99	1	0.021960	0.021960	0.044403	0.044403
332	3	2	5	0	P999	1	0.021960	0.021960	0.044403	0.044403
333	2	5	7	1	P1	1	-0.001253	-0.001253	0.008727	0.008727
333	2	5	7	1	P50	1	0.025178	0.025178	0.035367	0.035367
333	2	5	7	1	P75	28	-0.011737	-0.011737	-0.008624	-0.008624
333	2	5	7	1	P90	28	0.010011	0.010011	0.013146	0.013146
333	2	5	7	1	P95	28	0.010011	0.010011	0.013146	0.013146
333	2	5	7	1	P99	28	0.010011	0.010011	0.013146	0.013146
333	2	5	7	1	P999	28	0.010011	0.010011	0.013146	0.013146
334	699	10	709	1	P1	1	-0.006654	-0.006654	0.000501	0.000501
334	699	10	709	1	P50	1	0.015216	0.015216	0.022472	0.022472
334	699	10	709	1	P75	1	0.026556	0.026556	0.033864	0.033864
334	699	10	709	1	P90	1	0.033473	0.033473	0.040813	0.040813
334	699	10	709	1	P95	1	0.035746	0.035746	0.043096	0.043096
334	699	10	709	1	P99	27	-0.014493	-0.014493	-0.015616	-0.015616
334	699	10	709	1	P999	30	-0.011011	-0.011011	0.031442	0.031442
335	12	10	22	0	P1	1	-0.019462	-0.019462	0.002071	0.002071
335	12	10	22	0	P50	1	0.003108	0.001035	0.025136	0.023018
335	12	10	22	0	P75	1	0.013538	0.013538	0.035796	0.035796
335	12	10	22	0	P90	1	0.019848	0.019848	0.042244	0.042244
335	12	10	22	0	P95	1	0.021960	0.021960	0.044403	0.044403
335	12	10	22	0	P99	2	0.023978	0.023978	0.001975	0.001975
335	12	10	22	0	P999	2	0.023978	0.023978	0.001975	0.001975
336	13	164	177	1	P1	1	-0.012609	-0.012609	0.000530	0.000530
336	13	164	177	1	P50	1	0.010447	0.010447	0.023857	0.023857
336	13	164	177	1	P75	1	0.022311	0.022311	0.035861	0.035861
336	13	164	177	1	P90	1	0.029660	0.029660	0.043296	0.043296
336	13	164	177	1	P95	28	0.004813	0.004813	0.013146	0.013146
336	13	164	177	1	P99	30	0.001073	0.001073	0.009278	0.009278
336	13	164	177	1	P999	30	0.023090	0.023090	0.031442	0.031442
337	4	6	10	1	P1	1	0.002350	0.002350	0.007267	0.007267
337	4	6	10	1	P50	1	0.039415	0.031894	0.044403	0.036868
337	4	6	10	1	P75	27	0.010804	0.010804	0.006001	0.006001
337	4	6	10	1	P90	31	0.003319	-0.080414	0.042491	-0.084900
337	4	6	10	1	P95	31	0.003319	0.003319	0.042491	0.042491
337	4	6	10	1	P99	31	0.003319	0.003319	0.042491	0.042491
337	4	6	10	1	P999	31	0.003319	0.003319	0.042491	0.042491
338	4	5	9	1	P1	1	-0.002339	-0.002339	0.010920	0.010920
338	4	5	9	1	P50	28	-0.023914	-0.023914	-0.015777	-0.015777
338	4	5	9	1	P75	28	0.004813	0.004813	0.013146	0.013146
338	4	5	9	1	P90	29	0.013307	0.013307	0.021645	0.021645
338	4	5	9	1	P95	29	0.013307	0.013307	0.021645	0.021645
338	4	5	9	1	P99	29	0.013307	0.013307	0.021645	0.021645
338	4	5	9	1	P999	29	0.013307	0.013307	0.021645	0.021645
339	17	4	21	1	P1	1	-0.010603	-0.010603	0.002559	0.002559
339	17	4	21	1	P50	1	0.015046	0.015046	0.028510	0.028510
339	17	4	21	1	P75	1	0.028119	0.028119	0.041737	0.041737
339	17	4	21	1	P90	27	-0.002338	-0.002338	0.006001	0.006001
339	17	4	21	1	P95	29	-0.008499	-0.008499	-0.000308	-0.000308
339	17	4	21	1	P99	29	0.013307	0.013307	0.021645	0.021645
339	17	4	21	1	P999	29	0.013307	0.013307	0.021645	0.021645
340	4	4	8	0	P1	1	-0.016160	-0.016160	0.005445	0.005445
340	4	4	8	0	P50	1	0.005445	0.000000	0.027525	0.021960
340	4	4	8	0	P75	1	0.016425	0.010920	0.038746	0.033120
340	4	4	8	0	P90	1	0.021960	0.021960	0.044403	0.044403
340	4	4	8	0	P95	1	0.021960	0.021960	0.044403	0.044403
340	4	4	8	0	P99	1	0.021960	0.021960	0.044403	0.044403
340	4	4	8	0	P999	1	0.021960	0.021960	0.044403	0.044403
341	5	194	199	1	P1	1	-0.012687	-0.012687	0.000450	0.000450
341	5	194	199	1	P50	1	0.009368	0.009368	0.022766	0.022766
341	5	194	199	1	P75	1	0.020810	0.020810	0.034342	0.034342
341	5	194	199	1	P90	1	0.027737	0.027737	0.041351	0.041351
341	5	194	199	1	P95	1	0.030057	0.030057	0.043697	0.043697
341	5	194	199	1	P99	29	-0.001283	-0.001283	0.006957	0.006957
341	5	194	199	1	P999	29	0.013307	0.013307	0.021645	0.021645
342	3	5	8	1	P1	1	-0.001253	-0.001253	0.008727	0.008727
342	3	5	8	1	P50	1	0.034143	0.025178	0.044403	0.035367
342	3	5	8	1	P75	28	-0.011737	-0.033016	-0.008624	-0.029927
342	3	5	8	1	P90	28	0.010011	0.010011	0.013146	0.013146
342	3	5	8	1	P95	28	0.010011	0.010011	0.013146	0.013146
342	3	5	8	1	P99	28	0.010011	0.010011	0.013146	0.013146
342	3	5	8	1	P999	28	0.010011	0.010011	0.013146	0.013146
343	3	3	6	1	P1	1	0.001285	0.001285	0.014587	0.014587
343	3	3	6	1	P50	28	0.004813	-0.963187	0.013146	-0.962700
343	3	3	6	1	P75	29	-0.008499	-0.008499	-0.000308	-0.000308
343	3	3	6	1	P90	29	0.013307	0.013307	0.021645	0.021645
343	3	3	6	1	P95	29	0.013307	0.013307	0.021645	0.021645
343	3	3	6	1	P99	29	0.013307	0.013307	0.021645	0.021645
343	3	3	6	1	P999	29	0.013307	0.013307	0.021645	0.021645
344	150	2	152	1	P1	1	-0.019416	-0.019416	0.000579	0.000579
344	150	2	152	1	P50	1	0.002124	0.001834	0.022552	0.022256
344	150	2	152	1	P75	1	0.013217	0.012924	0.033869	0.033569
344	150	2	152	1	P90	1	0.019696	0.019696	0.040478	0.040478
344	150	2	152	1	P95	1	0.022062	0.022062	0.042891	0.042891
344	150	2	152	1	P99	25	0.020391	0.020391	0.040290	0.040290
344	150	2	152	1	P999	29	0.002138	0.002138	0.021645	0.021645
345	4	2	6	1	P1	1	0.006569	0.006569	0.008727	0.008727
345	4	2	6	1	P50	1	0.033244	0.024274	0.035367	0.026410
345	4	2	6	1	P75	1	0.042292	0.042292	0.044403	0.044403
345	4	2	6	1	P90	2	0.002174	0.002174	0.001975	0.001975
345	4	2	6	1	P95	2	0.002174	0.002174	0.001975	0.001975
345	4	2	6	1	P99	2	0.002174	0.002174	0.001975	0.001975
345	4	2	6	1	P999	2	0.002174	0.002174	0.001975	0.001975
346	3	12	15	1	P1	1	-0.006313	-0.006313	0.003627	0.003627
346	3	12	15	1	P50	1	0.019245	0.019245	0.029387	0.029387
346	3	12	15	1	P75	1	0.034143	0.034143	0.044403	0.044403
346	3	12	15	1	P90	28	0.010011	0.010011	0.013146	0.013146
346	3	12	15	1	P95	29	0.018574	0.018574	0.021645	0.021645
346	3	12	15	1	P99	29	0.018574	0.018574	0.021645	0.021645
346	3	12	15	1	P999	29	0.018574	0.018574	0.021645	0.021645
347	2	4	6	1	P1	1	0.000923	0.000923	0.010920	0.010920
347	2	4	6	1	P50	1	0.034143	0.022949	0.044403	0.033120
347	2	4	6	1	P75	28	-0.011737	-0.011737	-0.008624	-0.008624
347	2	4	6	1	P90	28	0.010011	0.010011	0.013146	0.013146
347	2	4	6	1	P95	28	0.010011	0.010011	0.013146	0.013146
347	2	4	6	1	P99	28	0.010011	0.010011	0.013146	0.013146
347	2	4	6	1	P999	28	0.010011	0.010011	0.013146	0.013146
348	2	2	4	1	P1	1	0.011876	0.011876	0.021960	0.021960
348	2	2	4	1	P50	26	-0.002995	-0.960225	0.000279	-0.959831
348	2	2	4	1	P75	28	0.010011	-0.074210	0.013146	-0.071170
348	2	2	4	1	P90	28	0.010011	0.010011	0.013146	0.013146
348	2	2	4	1	P95	28	0.010011	0.010011	0.013146	0.013146
348	2	2	4	1	P99	28	0.010011	0.010011	0.013146	0.013146
348	2	2	4	1	P999	28	0.010011	0.010011	0.013146	0.013146
349	5078	23	5101	1	P1	1	-0.012692	-0.012692	0.000446	0.000446
349	5078	23	5101	1	P50	1	0.008719	0.008719	0.022109	0.022109
349	5078	23	5101	1	P75	1	0.019821	0.019821	0.033342	0.033342
349	5078	23	5101	1	P90	1	0.026541	0.026541	0.040141	0.040141
349	5078	23	5101	1	P95	1	0.028791	0.028791	0.042417	0.042417
349	5078	23	5101	1	P99	1	0.030594	0.030594	0.044241	0.044241
349	5078	23	5101	1	P999	29	-0.012804	-0.012804	-0.004642	-0.004642
350	35	23	58	0	P1	1	-0.020715	-0.020715	0.000790	0.000790
350	35	23	58	0	P50	1	0.001977	0.001186	0.023980	0.023172
350	35	23	58	0	P75	1	0.013119	0.013119	0.035367	0.035367
350	35	23	58	0	P90	1	0.020347	0.020347	0.042754	0.042754
350	35	23	58	0	P95	2	-0.005254	-0.005254	-0.026629	-0.026629
350	35	23	58	0	P99	2	0.023978	0.023978	0.001975	0.001975
350	35	23	58	0	P999	2	0.023978	0.023978	0.001975	0.001975
351	26	9595	9621	1	P1	1	-0.016341	-0.016341	0.000440	0.000440
351	26	9595	9621	1	P50	1	0.004945	0.004945	0.022071	0.022071
351	26	9595	9621	1	P75	1	0.015982	0.015982	0.033287	0.033287
351	26	9595	9621	1	P90	1	0.022662	0.022662	0.040075	0.040075
351	26	9595	9621	1	P95	1	0.024898	0.024898	0.042348	0.042348
351	26	9595	9621	1	P99	1	0.026692	0.026692	0.044170	0.044170
351	26	9595	9621	1	P999	29	0.007364	0.007364	0.021645	0.021645
352	22	35	57	1	P1	1	-0.003663	-0.003663	0.001242	0.001242
352	22	35	57	1	P50	1	0.031680	0.031680	0.036653	0.036653
352	22	35	57	1	P75	27	0.010804	0.010804	0.006001	0.006001
352	22	35	57	1	P90	29	0.004657	0.004657	0.004044	0.004044
352	22	35	57	1	P95	30	-0.007442	-0.007442	0.031442	0.031442
352	22	35	57	1	P99	54	0.014866	0.014866	0.007988	0.007988
352	22	35	57	1	P999	54	0.014866	0.014866	0.007988	0.007988
353	22	24	46	1	P1	1	-0.011368	-0.011368	0.002289	0.002289
353	22	24	46	1	P50	27	-0.024580	-0.035131	-0.022718	-0.036769
353	22	24	46	1	P75	29	-0.018484	-0.018484	-0.009572	-0.009572
353	22	24	46	1	P90	30	0.000269	0.000269	0.009278	0.009278
353	22	24	46	1	P95	30	0.022266	0.022266	0.031442	0.031442
353	22	24	46	1	P99	33	0.013818	0.013818	0.022793	0.022793
353	22	24	46	1	P999	33	0.013818	0.013818	0.022793	0.022793
354	8526	27	8553	1	P1	1	-0.006715	-0.006715	0.000440	0.000440
354	8526	27	8553	1	P50	1	0.014841	0.014841	0.022096	0.022096
354	8526	27	8553	1	P75	1	0.026018	0.026018	0.033324	0.033324
354	8526	27	8553	1	P90	1	0.032784	0.032784	0.040121	0.040121
354	8526	27	8553	1	P95	1	0.035051	0.035051	0.042398	0.042398
354	8526	27	8553	1	P99	1	0.036866	0.036866	0.044221	0.044221
354	8526	27	8553	1	P999	28	-0.014564	-0.014564	-0.015777	-0.015777
355	40	27	67	0	P1	1	-0.020824	-0.020824	0.000679	0.000679
355	40	27	67	0	P50	1	0.001359	0.001359	0.023349	0.023349
355	40	27	67	0	P75	1	0.012981	0.012981	0.035226	0.035226
355	40	27	67	0	P90	1	0.019881	0.019881	0.042278	0.042278
355	40	27	67	0	P95	1	0.021960	0.021960	0.044403	0.044403
355	40	27	67	0	P99	2	0.023978	0.023978	0.001975	0.001975
355	40	27	67	0	P999	2	0.023978	0.023978	0.001975	0.001975
356	32	7023	7055	1	P1	1	-0.020369	-0.020369	0.000440	0.000440
356	32	7023	7055	1	P50	1	0.000861	0.000861	0.022119	0.022119
356	32	7023	7055	1	P75	1	0.011871	0.011871	0.033361	0.033361
356	32	7023	7055	1	P90	1	0.018532	0.018532	0.040163	0.040163
356	32	7023	7055	1	P95	1	0.020764	0.020764	0.042442	0.042442
356	32	7023	7055	1	P99	1	0.022551	0.022551	0.044267	0.044267
356	32	7023	7055	1	P999	29	-0.003529	-0.003529	0.012807	0.012807
357	31	44	75	1	P1	1	-0.007817	-0.007817	0.000988	0.000988
357	31	44	75	1	P50	1	0.029186	0.029186	0.038233	0.038233
357	31	44	75	1	P75	28	-0.025257	-0.025257	-0.023888	-0.023888
357	31	44	75	1	P90	29	0.020397	0.020397	0.021645	0.021645
357	31	44	75	1	P95	30	0.021349	0.021349	0.031442	0.031442
357	31	44	75	1	P99	33	0.021843	0.021843	0.022793	0.022793
357	31	44	75	1	P999	33	0.021843	0.021843	0.022793	0.022793
358	27	30	57	1	P1	1	-0.011264	-0.011264	0.001891	0.001891
358	27	30	57	1	P50	27	-0.016703	-0.016703	-0.008462	-0.008462
358	27	30	57	1	P75	29	-0.012804	-0.012804	-0.004642	-0.004642
358	27	30	57	1	P90	30	0.012022	0.012022	0.020300	0.020300
358	27	30	57	1	P95	33	0.014642	0.014642	0.022793	0.022793
358	27	30	57	1	P99	57	0.034186	0.034186	0.041622	0.041622
358	27	30	57	1	P999	57	0.034186	0.034186	0.041622	0.041622
359	17	2	19	1	P1	1	-0.006256	-0.006256	0.002559	0.002559
359	17	2	19	1	P50	1	0.016918	0.016918	0.025885	0.025885
359	17	2	19	1	P75	1	0.030025	0.030025	0.039078	0.039078
359	17	2	19	1	P90	27	0.004576	0.004576	0.006001	0.006001
359	17	2	19	1	P95	32	0.008876	0.008876	0.009913	0.009913
359	17	2	19	1	P99	32	0.008876	0.008876	0.009913	0.009913
359	17	2	19	1	P999	32	0.008876	0.008876	0.009913	0.009913
360	3	2	5	0	P1	1	-0.012949	-0.012949	0.008727	0.008727
360	3	2	5	0	P50	1	0.004354	0.004354	0.026410	0.026410
360	3	2	5	0	P75	1	0.013119	0.013119	0.035367	0.035367
360	3	2	5	0	P90	1	0.021960	0.021960	0.044403	0.044403
360	3	2	5	0	P95	1	0.021960	0.021960	0.044403	0.044403
360	3	2	5	0	P99	1	0.021960	0.021960	0.044403	0.044403
360	3	2	5	0	P999	1	0.021960	0.021960	0.044403	0.044403
361	2	69	71	1	P1	1	-0.009286	-0.009286	0.000630	0.000630
361	2	69	71	1	P50	1	0.012834	0.012834	0.022926	0.022926
361	2	69	71	1	P75	1	0.024402	0.024402	0.034585	0.034585
361	2	69	71	1	P90	1	0.030886	0.030886	0.041120	0.041120
361	2	69	71	1	P95	1	0.033491	0.033491	0.043745	0.043745
361	2	69	71	1	P99	29	0.018574	0.018574	0.021645	0.021645
361	2	69	71	1	P999	29	0.018574	0.018574	0.021645	0.021645
362	4	6	10	1	P1	1	0.002350	0.002350	0.007267	0.007267
362	4	6	10	1	P50	1	0.039415	0.031894	0.044403	0.036868
362	4	6	10	1	P75	26	-0.009564	-0.009564	-0.014103	-0.014103
362	4	6	10	1	P90	28	0.018113	-0.066854	0.013146	-0.071170
362	4	6	10	1	P95	28	0.018113	0.018113	0.013146	0.013146
362	4	6	10	1	P99	28	0.018113	0.018113	0.013146	0.013146
362	4	6	10	1	P999	28	0.018113	0.018113	0.013146	0.013146
363	4	4	8	1	P1	1	-0.002339	-0.002339	0.010920	0.010920
363	4	4	8	1	P50	27	-0.002338	-0.961824	0.006001	-0.961318
363	4	4	8	1	P75	29	0.013307	-0.008499	0.021645	-0.000308
363	4	4	8	1	P90	30	0.023090	0.023090	0.031442	0.031442
363	4	4	8	1	P95	30	0.023090	0.023090	0.031442	0.031442
363	4	4	8	1	P99	30	0.023090	0.023090	0.031442	0.031442
363	4	4	8	1	P999	30	0.023090	0.023090	0.031442	0.031442
364	28	4	32	1	P1	1	-0.005607	-0.005607	0.001553	0.001553
364	28	4	32	1	P50	1	0.019452	0.017868	0.026728	0.025136
364	28	4	32	1	P75	1	0.032218	0.030614	0.039552	0.037941
364	28	4	32	1	P90	26	0.001365	0.001365	0.000279	0.000279
364	28	4	32	1	P95	27	0.007204	0.007204	0.006001	0.006001
364	28	4	32	1	P99	29	0.023093	0.023093	0.021645	0.021645
364	28	4	32	1	P999	29	0.023093	0.023093	0.021645	0.021645
365	5	4	9	0	P1	1	-0.016753	-0.016753	0.004839	0.004839
365	5	4	9	0	P50	1	0.002417	0.002417	0.024430	0.024430
365	5	4	9	0	P75	1	0.012141	0.012141	0.034368	0.034368
365	5	4	9	0	P90	1	0.021960	0.021960	0.044403	0.044403
365	5	4	9	0	P95	1	0.021960	0.021960	0.044403	0.044403
365	5	4	9	0	P99	1	0.021960	0.021960	0.044403	0.044403
365	5	4	9	0	P999	1	0.021960	0.021960	0.044403	0.044403
366	5	19	24	1	P1	1	-0.007640	-0.007640	0.002289	0.002289
366	5	19	24	1	P50	1	0.020024	0.017689	0.030172	0.027819
366	5	19	24	1	P75	1	0.034143	0.031776	0.044403	0.042017
366	5	19	24	1	P90	28	0.010011	0.010011	0.013146	0.013146
366	5	19	24	1	P95	29	-0.003358	-0.003358	-0.000308	-0.000308
366	5	19	24	1	P99	29	0.018574	0.018574	0.021645	0.021645
366	5	19	24	1	P999	29	0.018574	0.018574	0.021645	0.021645
367	3	5	8	1	P1	1	-0.001253	-0.001253	0.008727	0.008727
367	3	5	8	1	P50	1	0.034143	0.025178	0.044403	0.035367
367	3	5	8	1	P75	27	0.002798	-0.018794	0.006001	-0.015616
367	3	5	8	1	P90	28	0.010011	0.010011	0.013146	0.013146
367	3	5	8	1	P95	28	0.010011	0.010011	0.013146	0.013146
367	3	5	8	1	P99	28	0.010011	0.010011	0.013146	0.013146
367	3	5	8	1	P999	28	0.010011	0.010011	0.013146	0.013146
368	3	3	6	1	P1	1	0.001285	0.001285	0.014587	0.014587
368	3	3	6	1	P50	27	-0.002338	-0.961824	0.006001	-0.961318
368	3	3	6	1	P75	29	-0.008499	-0.008499	-0.000308	-0.000308
368	3	3	6	1	P90	29	0.013307	0.013307	0.021645	0.021645
368	3	3	6	1	P95	29	0.013307	0.013307	0.021645	0.021645
368	3	3	6	1	P99	29	0.013307	0.013307	0.021645	0.021645
368	3	3	6	1	P999	29	0.013307	0.013307	0.021645	0.021645
369	400	2	402	1	P1	1	-0.009372	-0.009372	0.000543	0.000543
369	400	2	402	1	P50	1	0.012096	0.011986	0.022182	0.022071
369	400	2	402	1	P75	1	0.023172	0.023172	0.033345	0.033345
369	400	2	402	1	P90	1	0.029875	0.029875	0.040101	0.040101
369	400	2	402	1	P95	1	0.032119	0.032119	0.042363	0.042363
369	400	2	402	1	P99	1	0.033918	0.033918	0.044176	0.044176
369	400	2	402	1	P999	28	0.010011	0.010011	0.013146	0.013146
370	2	2	4	0	P1	1	-0.010802	-0.010802	0.010920	0.010920
370	2	2	4	0	P50	1	0.010920	0.000000	0.033120	0.021960
370	2	2	4	0	P75	1	0.021960	0.010920	0.044403	0.033120
370	2	2	4	0	P90	1	0.021960	0.021960	0.044403	0.044403
370	2	2	4	0	P95	1	0.021960	0.021960	0.044403	0.044403
370	2	2	4	0	P99	1	0.021960	0.021960	0.044403	0.044403
370	2	2	4	0	P999	1	0.021960	0.021960	0.044403	0.044403
371	2	116	118	1	P1	1	-0.012385	-0.012385	0.000756	0.000756
371	2	116	118	1	P50	1	0.009526	0.009144	0.022926	0.022539
371	2	116	118	1	P75	1	0.020664	0.020664	0.034194	0.034194
371	2	116	118	1	P90	1	0.027638	0.027638	0.041251	0.041251
371	2	116	118	1	P95	1	0.029974	0.029974	0.043614	0.043614
371	2	116	118	1	P99	28	0.004813	0.004813	0.013146	0.013146
371	2	116	118	1	P999	29	0.013307	0.013307	0.021645	0.021645
372	3	6	9	1	P1	1	0.000081	0.000081	0.007267	0.007267
372	3	6	9	1	P50	1	0.029546	0.029546	0.036868	0.036868
372	3	6	9	1	P75	27	-0.014493	-0.014493	-0.015616	-0.015616
372	3	6	9	1	P90	29	0.023093	0.023093	0.021645	0.021645
372	3	6	9	1	P95	29	0.023093	0.023093	0.021645	0.021645
372	3	6	9	1	P99	29	0.023093	0.023093	0.021645	0.021645
372	3	6	9	1	P999	29	0.023093	0.023093	0.021645	0.021645
373	3	5	8	1	P1	1	0.008572	0.008572	0.021960	0.021960
373	3	5	8	1	P50	28	0.004813	-0.037969	0.013146	-0.029927
373	3	5	8	1	P75	29	0.013307	-0.008499	0.021645	-0.000308
373	3	5	8	1	P90	30	0.023090	0.023090	0.031442	0.031442
373	3	5	8	1	P95	30	0.023090	0.023090	0.031442	0.031442
373	3	5	8	1	P99	30	0.023090	0.023090	0.031442	0.031442
373	3	5	8	1	P999	30	0.023090	0.023090	0.031442	0.031442
374	207	3	210	1	P1	1	-0.006523	-0.006523	0.000633	0.000633
374	207	3	210	1	P50	1	0.015350	0.015135	0.022607	0.022391
374	207	3	210	1	P75	1	0.026575	0.026575	0.033883	0.033883
374	207	3	210	1	P90	1	0.033544	0.033326	0.040884	0.040665
374	207	3	210	1	P95	1	0.035732	0.035732	0.043082	0.043082
374	207	3	210	1	P99	26	0.001365	0.001365	0.000279	0.000279
374	207	3	210	1	P999	27	0.007204	0.007204	0.006001	0.006001
375	3	3	6	0	P1	1	-0.014377	-0.014377	0.007267	0.007267
375	3	3	6	0	P50	1	0.007267	0.000000	0.029387	0.021960
375	3	3	6	0	P75	1	0.014587	0.014587	0.036868	0.036868
375	3	3	6	0	P90	1	0.021960	0.021960	0.044403	0.044403
375	3	3	6	0	P95	1	0.021960	0.021960	0.044403	0.044403
375	3	3	6	0	P99	1	0.021960	0.021960	0.044403	0.044403
375	3	3	6	0	P999	1	0.021960	0.021960	0.044403	0.044403
376	4	207	211	1	P1	1	-0.016146	-0.016146	0.000639	0.000639
376	4	207	211	1	P50	1	0.005693	0.005693	0.022831	0.022831
376	4	207	211	1	P75	1	0.017118	0.017118	0.034441	0.034441
376	4	207	211	1	P90	1	0.023861	0.023861	0.041293	0.041293
376	4	207	211	1	P95	1	0.026264	0.026264	0.043735	0.043735
376	4	207	211	1	P99	28	-0.001052	-0.001052	0.013146	0.013146
376	4	207	211	1	P999	30	0.017061	0.017061	0.031442	0.031442
377	7	10	17	1	P1	1	-0.002819	-0.002819	0.004354	0.004354
377	7	10	17	1	P50	1	0.032539	0.032539	0.039875	0.039875
377	7	10	17	1	P75	27	0.007204	0.007204	0.006001	0.006001
377	7	10	17	1	P90	29	0.001053	0.001053	0.021645	0.021645
377	7	10	17	1	P95	30	-0.011011	-0.011011	0.031442	0.031442
377	7	10	17	1	P99	30	-0.011011	-0.011011	0.031442	0.031442
377	7	10	17	1	P999	30	-0.011011	-0.011011	0.031442	0.031442
378	7	10	17	1	P1	1	-0.003431	-0.003431	0.008727	0.008727
378	7	10	17	1	P50	28	-0.027326	-0.027326	-0.022878	-0.022878
378	7	10	17	1	P75	28	0.001324	0.001324	0.005837	0.005837
378	7	10	17	1	P90	29	0.017180	0.017180	0.021645	0.021645
378	7	10	17	1	P95	35	0.003165	0.003165	0.007168	0.007168
378	7	10	17	1	P99	35	0.003165	0.003165	0.007168	0.007168
378	7	10	17	1	P999	35	0.003165	0.003165	0.007168	0.007168
379	1630	12	1642	1	P1	1	-0.012683	-0.012683	0.000455	0.000455
379	1630	12	1642	1	P50	1	0.008828	0.008801	0.022220	0.022192
379	1630	12	1642	1	P75	1	0.019964	0.019964	0.033486	0.033486
379	1630	12	1642	1	P90	1	0.026704	0.026704	0.040306	0.040306
379	1630	12	1642	1	P95	1	0.028961	0.028961	0.042589	0.042589
379	1630	12	1642	1	P99	2	0.000662	0.000662	-0.030147	-0.030147
379	1630	12	1642	1	P999	29	-0.001283	-0.001283	0.006957	0.006957
380	18	12	30	0	P1	1	-0.020021	-0.020021	0.001499	0.001499
380	18	12	30	0	P50	1	0.002250	0.000749	0.024259	0.022726
380	18	12	30	0	P75	1	0.012815	0.012815	0.035057	0.035057
380	18	12	30	0	P90	1	0.020430	0.018903	0.042839	0.041278
380	18	12	30	0	P95	1	0.021960	0.021960	0.044403	0.044403
380	18	12	30	0	P99	2	0.023978	0.023978	0.001975	0.001975
380	18	12	30	0	P999	2	0.023978	0.023978	0.001975	0.001975
381	13	2951	2964	1	P1	1	-0.009472	-0.009472	0.000443	0.000443
381	13	2951	2964	1	P50	1	0.012063	0.012048	0.022149	0.022134
381	13	2951	2964	1	P75	1	0.023226	0.023210	0.033399	0.033384
381	13	2951	2964	1	P90	1	0.029973	0.029973	0.040199	0.040199
381	13	2951	2964	1	P95	1	0.032232	0.032232	0.042476	0.042476
381	13	2951	2964	1	P99	1	0.034051	0.034051	0.044310	0.044310
381	13	2951	2964	1	P999	29	0.000990	0.000990	0.004044	0.004044
382	43	72	115	1	P1	1	-0.008713	-0.008713	0.001208	0.001208
382	43	72	115	1	P50	1	0.025426	0.025426	0.035617	0.035617
382	43	72	115	1	P75	27	-0.012952	-0.012952	-0.009767	-0.009767
382	43	72	115	1	P90	28	0.006875	0.006875	0.010007	0.010007
382	43	72	115	1	P95	29	0.018574	0.018574	0.021645	0.021645
382	43	72	115	1	P99	31	-0.004742	-0.004742	0.020090	0.020090
382	43	72	115	1	P999	32	0.007057	0.007057	0.009913	0.009913
383	43	59	102	1	P1	1	-0.007699	-0.007699	0.002230	0.002230
383	43	59	102	1	P50	27	-0.014513	-0.023056	-0.011330	-0.019883
383	43	59	102	1	P75	29	-0.017716	-0.017716	-0.014681	-0.014681
383	43	59	102	1	P90	30	0.006289	0.006289	0.011717	0.011717
383	43	59	102	1	P95	31	-0.004742	-0.004742	0.020090	0.020090
383	43	59	102	1	P99	34	-0.010008	-0.010008	0.036790	0.036790
383	43	59	102	1	P999	46	-0.007572	-0.007572	0.038694	0.038694
384	3849	21	3870	1	P1	1	-0.004461	-0.004461	0.000442	0.000442
384	3849	21	3870	1	P50	1	0.017258	0.017246	0.022204	0.022192
384	3849	21	3870	1	P75	1	0.028511	0.028511	0.033478	0.033478
384	3849	21	3870	1	P90	1	0.035332	0.035320	0.040312	0.040300
384	3849	21	3870	1	P95	1	0.037607	0.037607	0.042592	0.042592
384	3849	21	3870	1	P99	2	0.004231	0.004231	-0.035708	-0.035708
384	3849	21	3870	1	P999	28	0.018113	0.018113	0.013146	0.013146
385	32	21	53	0	P1	1	-0.020602	-0.020602	0.000906	0.000906
385	32	21	53	0	P50	1	0.002719	0.002719	0.024739	0.024739
385	32	21	53	0	P75	1	0.014587	0.014587	0.036868	0.036868
385	32	21	53	0	P90	1	0.021960	0.021960	0.044403	0.044403
385	32	21	53	0	P95	2	0.006337	0.006337	-0.015287	-0.015287
385	32	21	53	0	P99	2	0.023978	0.023978	0.001975	0.001975
385	32	21	53	0	P999	2	0.023978	0.023978	0.001975	0.001975
386	25	2056	2081	1	P1	1	-0.012692	-0.012692	0.000445	0.000445
386	25	2056	2081	1	P50	1	0.008914	0.008914	0.022307	0.022307
386	25	2056	2081	1	P75	1	0.020111	0.020111	0.033635	0.033635
386	25	2056	2081	1	P90	1	0.026888	0.026888	0.040492	0.040492
386	25	2056	2081	1	P95	1	0.029158	0.029158	0.042788	0.042788
386	25	2056	2081	1	P99	27	-0.009546	-0.009546	-0.001257	-0.001257
386	25	2056	2081	1	P999	30	0.012022	0.012022	0.020300	0.020300
387	32	52	84	1	P1	1	-0.012290	-0.012290	0.000852	0.000852
387	32	52	84	1	P50	1	0.023742	0.022869	0.037309	0.036426
387	32	52	84	1	P75	27	-0.007149	-0.011937	0.001157	-0.003664
387	32	52	84	1	P90	29	-0.001283	-0.001283	0.006957	0.006957
387	32	52	84	1	P95	30	0.023090	0.023090	0.031442	0.031442
387	32	52	84	1	P99	33	0.014642	0.014642	0.022793	0.022793
387	32	52	84	1	P999	33	0.014642	0.014642	0.022793	0.022793
388	31	52	83	1	P1	1	-0.012084	-0.012084	0.001739	0.001739
388	31	52	83	1	P50	28	-0.027527	-0.027527	-0.018365	-0.018365
388	31	52	83	1	P75	29	0.001905	0.001905	0.011255	0.011255
388	31	52	83	1	P90	30	0.017053	0.017053	0.026475	0.026475
388	31	52	83	1	P95	31	0.015169	0.015169	0.024531	0.024531
388	31	52	83	1	P99	41	0.013995	0.013995	0.022958	0.022958
388	31	52	83	1	P999	41	0.013995	0.013995	0.022958	0.022958
389	1459	11	1470	1	P1	1	-0.016333	-0.016333	0.000448	0.000448
389	1459	11	1470	1	P50	1	0.005106	0.005076	0.022235	0.022204
389	1459	11	1470	1	P75	1	0.016198	0.016198	0.033506	0.033506
389	1459	11	1470	1	P90	1	0.022936	0.022905	0.040354	0.040323
389	1459	11	1470	1	P95	1	0.025172	0.025172	0.042625	0.042625
389	1459	11	1470	1	P99	2	0.003036	0.003036	-0.023806	-0.023806
389	1459	11	1470	1	P999	29	0.007364	0.007364	0.021645	0.021645
390	18	11	29	0	P1	1	-0.019852	-0.019852	0.001672	0.001672
390	18	11	29	0	P50	1	0.003348	0.003348	0.025381	0.025381
390	18	11	29	0	P75	1	0.015152	0.015152	0.037445	0.037445
390	18	11	29	0	P90	2	-0.005254	-0.005254	-0.026629	-0.026629
390	18	11	29	0	P95	2	0.009256	0.009256	-0.012431	-0.012431
390	18	11	29	0	P99	2	0.023978	0.023978	0.001975	0.001975
390	18	11	29	0	P999	2	0.023978	0.023978	0.001975	0.001975
391	11	2368	2379	1	P1	1	-0.009473	-0.009473	0.000441	0.000441
391	11	2368	2379	1	P50	1	0.012035	0.012035	0.022120	0.022120
391	11	2368	2379	1	P75	1	0.023189	0.023189	0.033363	0.033363
391	11	2368	2379	1	P90	1	0.029941	0.029941	0.040168	0.040168
391	11	2368	2379	1	P95	1	0.032202	0.032202	0.042446	0.042446
391	11	2368	2379	1	P99	1	0.034010	0.034010	0.044268	0.044268
391	11	2368	2379	1	P999	29	0.018574	0.018574	0.021645	0.021645
392	8	9	17	1	P1	1	-0.005111	-0.005111	0.004839	0.004839
392	8	9	17	1	P50	1	0.034143	0.034143	0.044403	0.044403
392	8	9	17	1	P75	28	-0.022434	-0.022434	-0.019334	-0.019334
392	8	9	17	1	P90	28	0.010011	0.010011	0.013146	0.013146
392	8	9	17	1	P95	29	0.018574	0.018574	0.021645	0.021645
392	8	9	17	1	P99	29	0.018574	0.018574	0.021645	0.021645
392	8	9	17	1	P999	29	0.018574	0.018574	0.021645	0.021645
393	8	11	19	1	P1	1	-0.003735	-0.003735	0.006226	0.006226
393	8	11	19	1	P50	27	0.002798	0.002798	0.006001	0.006001
393	8	11	19	1	P75	29	0.018574	0.018574	0.021645	0.021645
393	8	11	19	1	P90	30	0.028433	0.028433	0.031442	0.031442
393	8	11	19	1	P95	197	0.018159	0.018159	0.017233	0.017233
393	8	11	19	1	P99	197	0.018159	0.018159	0.017233	0.017233
393	8	11	19	1	P999	197	0.018159	0.018159	0.017233	0.017233
394	12	6	18	1	P1	1	0.009923	0.009923	0.021960	0.021960
394	12	6	18	1	P50	5	0.033268	0.024312	0.042344	0.033326
394	12	6	18	1	P75	10	-0.035864	-0.035864	0.014587	0.014587
394	12	6	18	1	P90	11	0.006023	0.006023	0.013391	0.013391
394	12	6	18	1	P95	11	0.028158	0.028158	0.035645	0.035645
394	12	6	18	1	P99	11	0.028158	0.028158	0.035645	0.035645
394	12	6	18	1	P999	11	0.028158	0.028158	0.035645	0.035645
395	3	3	6	0	P1	1	-0.014377	-0.014377	0.007267	0.007267
395	3	3	6	0	P50	1	0.007267	0.000000	0.029387	0.021960
395	3	3	6	0	P75	1	0.014587	0.014587	0.036868	0.036868
395	3	3	6	0	P90	1	0.021960	0.021960	0.044403	0.044403
395	3	3	6	0	P95	1	0.021960	0.021960	0.044403	0.044403
395	3	3	6	0	P99	1	0.021960	0.021960	0.044403	0.044403
395	3	3	6	0	P999	1	0.021960	0.021960	0.044403	0.044403
396	2	30	32	1	P1	11	0.030462	0.030462	0.035645	0.035645
396	2	30	32	1	P50	31	-0.009328	-0.013238	0.010067	0.006085
396	2	30	32	1	P75	32	0.006363	0.000127	0.009913	0.005932
396	2	30	32	1	P90	35	0.003752	0.003752	0.007168	0.007168
396	2	30	32	1	P95	49	-0.006402	-0.006402	0.018397	0.018397
396	2	30	32	1	P99	50	-0.004860	-0.004860	0.042344	0.042344
396	2	30	32	1	P999	50	-0.004860	-0.004860	0.042344	0.042344
397	2	4	6	1	P1	12	0.020052	0.020052	0.035520	0.035520
397	2	4	6	1	P50	30	-0.005023	-0.015780	0.009278	-0.001625
397	2	4	6	1	P75	30	0.005852	0.005852	0.020300	0.020300
397	2	4	6	1	P90	30	0.016846	0.016846	0.031442	0.031442
397	2	4	6	1	P95	30	0.016846	0.016846	0.031442	0.031442
397	2	4	6	1	P99	30	0.016846	0.016846	0.031442	0.031442
397	2	4	6	1	P999	30	0.016846	0.016846	0.031442	0.031442
398	2	4	6	1	P1	76	-0.001641	-0.001641	-0.015082	-0.015082
398	2	4	6	1	P50	79	0.032706	-0.011277	0.018669	-0.024639
398	2	4	6	1	P75	88	0.011406	0.011406	0.041793	0.041793
398	2	4	6	1	P90	112	0.031816	0.031816	0.017152	0.017152
398	2	4	6	1	P95	112	0.031816	0.031816	0.017152	0.017152
398	2	4	6	1	P99	112	0.031816	0.031816	0.017152	0.017152
398	2	4	6	1	P999	112	0.031816	0.031816	0.017152	0.017152
399	9	2	11	1	P1	1	-0.016753	-0.016753	0.004839	0.004839
399	9	2	11	1	P50	1	0.007267	0.007267	0.029387	0.029387
399	9	2	11	1	P75	1	0.021960	0.021960	0.044403	0.044403
399	9	2	11	1	P90	83	0.034866	0.034866	0.012629	0.012629
399	9	2	11	1	P95	100	0.021960	0.021960	0.044403	0.044403
399	9	2	11	1	P99	100	0.021960	0.021960	0.044403	0.044403
399	9	2	11	1	P999	100	0.021960	0.021960	0.044403	0.044403
400	33	4	37	1	P1	3	-0.009495	-0.009495	-0.001625	-0.001625
400	33	4	37	1	P50	202	0.006825	0.006825	0.013840	0.013840
400	33	4	37	1	P75	477	0.016792	0.016792	0.001675	0.001675
400	33	4	37	1	P90	750	0.020582	0.020582	0.027380	0.027380
400	33	4	37	1	P95	1169	0.011154	0.011154	0.017788	0.017788
400	33	4	37	1	P99	1193	0.034817	0.034817	0.041596	0.041596
400	33	4	37	1	P999	1193	0.034817	0.034817	0.041596	0.041596
401	4	4	8	1	P1	2	0.020949	0.020949	-0.026629	-0.026629
401	4	4	8	1	P50	11	-0.021449	-0.717192	0.013391	-0.718698
401	4	4	8	1	P75	13	0.007286	-0.153766	0.042635	-0.123685
401	4	4	8	1	P90	16	0.017545	0.017545	0.007923	0.007923
401	4	4	8	1	P95	16	0.017545	0.017545	0.007923	0.007923
401	4	4	8	1	P99	16	0.017545	0.017545	0.007923	0.007923
401	4	4	8	1	P999	16	0.017545	0.017545	0.007923	0.007923
402	11	279	290	1	P1	1	-0.016579	-0.016579	0.000469	0.000469
402	11	279	290	1	P50	1	0.005664	0.005506	0.023079	0.022919
402	11	279	290	1	P75	1	0.017052	0.017052	0.034655	0.034655
402	11	279	290	1	P90	1	0.024075	0.023915	0.041794	0.041632
402	11	279	290	1	P95	1	0.026320	0.026320	0.044076	0.044076
402	11	279	290	1	P99	7	0.026427	0.026427	-0.001745	-0.001745
402	11	279	290	1	P999	11	0.019959	0.019959	0.035645	0.035645
403	305	516	821	1	P1	1	-0.017563	-0.017563	0.001283	0.001283
403	305	516	821	1	P50	192	-0.005947	-0.005947	-0.000127	-0.000127
403	305	516	821	1	P75	199	-0.000753	-0.000753	-0.000168	-0.000168
403	305	516	821	1	P90	206	-0.001699	-0.001699	0.008805	0.008805
403	305	516	821	1	P95	216	-0.000921	-0.000921	0.000402	0.000402
403	305	516	821	1	P99	237	0.007017	0.007017	0.001184	0.001184
403	305	516	821	1	P999	308	0.032337	0.032337	0.004651	0.004651
404	269	361	630	0	P1	1	-0.021010	-0.021010	0.000488	0.000488
404	269	361	630	0	P50	1	0.000314	0.000244	0.022281	0.022210
404	269	361	630	0	P75	1	0.011326	0.011326	0.033535	0.033535
404	269	361	630	0	P90	1	0.018048	0.017977	0.040404	0.040332
404	269	361	630	0	P95	1	0.020251	0.020251	0.042656	0.042656
404	269	361	630	0	P99	2	-0.012431	-0.012431	-0.033652	-0.033652
404	269	361	630	0	P999	4	0.026000	0.026000	0.003953	0.003953
405	12	196	208	0	P1	1	-0.020863	-0.020863	0.000639	0.000639
405	12	196	208	0	P50	1	0.000639	0.000426	0.022613	0.022396
405	12	196	208	0	P75	1	0.011782	0.011567	0.034001	0.033781
405	12	196	208	0	P90	1	0.018484	0.018484	0.040850	0.040850
405	12	196	208	0	P95	1	0.020655	0.020655	0.043069	0.043069
405	12	196	208	0	P99	2	0.009256	0.009256	-0.012431	-0.012431
405	12	196	208	0	P999	3	0.009278	0.009278	0.031442	0.031442
406	6	5	11	0	P1	1	-0.017616	-0.017616	0.003957	0.003957
406	6	5	11	0	P50	1	0.001977	0.001977	0.023980	0.023980
406	6	5	11	0	P75	1	0.013919	0.013919	0.036185	0.036185
406	6	5	11	0	P90	1	0.017932	0.017932	0.040286	0.040286
406	6	5	11	0	P95	1	0.021960	0.021960	0.044403	0.044403
406	6	5	11	0	P99	1	0.021960	0.021960	0.044403	0.044403
406	6	5	11	0	P999	1	0.021960	0.021960	0.044403	0.044403
407	11	15	26	1	P1	1	-0.002131	-0.002131	0.006226	0.006226
407	11	15	26	1	P50	2	0.033904	0.028292	-0.003452	-0.008849
407	11	15	26	1	P75	20	-0.033651	-0.033651	-0.032252	-0.032252
407	11	15	26	1	P90	20	0.000607	0.000607	0.001975	0.001975
407	11	15	26	1	P95	21	-0.004626	-0.004626	0.040886	0.040886
407	11	15	26	1	P99	32	0.009659	0.009659	0.009913	0.009913
407	11	15	26	1	P999	32	0.009659	0.009659	0.009913	0.009913
408	9	2	11	1	P1	1	-0.003862	-0.003862	0.005445	0.005445
408	9	2	11	1	P50	1	0.023617	0.023617	0.033120	0.033120
408	9	2	11	1	P75	2	0.038424	0.038424	0.001975	0.001975
408	9	2	11	1	P90	1680	0.009355	0.009355	0.002549	0.002549
408	9	2	11	1	P95	1732	0.022620	0.022620	0.015629	0.015629
408	9	2	11	1	P99	1732	0.022620	0.022620	0.015629	0.015629
408	9	2	11	1	P999	1732	0.022620	0.022620	0.015629	0.015629
409	8	2	10	0	P1	1	-0.016753	-0.016753	0.004839	0.004839
409	8	2	10	0	P50	1	0.007267	0.002417	0.029387	0.024430
409	8	2	10	0	P75	1	0.017039	0.017039	0.039373	0.039373
409	8	2	10	0	P90	2	0.023978	-0.489020	0.001975	-0.477799
409	8	2	10	0	P95	2	0.023978	0.023978	0.001975	0.001975
409	8	2	10	0	P99	2	0.023978	0.023978	0.001975	0.001975
409	8	2	10	0	P999	2	0.023978	0.023978	0.001975	0.001975
410	5	5	10	0	P1	1	-0.012949	-0.012949	0.008727	0.008727
410	5	5	10	0	P50	2	-0.011000	-0.489020	-0.032252	-0.477799
410	5	5	10	0	P75	2	0.006337	0.006337	-0.015287	-0.015287
410	5	5	10	0	P90	2	0.023978	0.015120	0.001975	-0.006694
410	5	5	10	0	P95	2	0.023978	0.023978	0.001975	0.001975
410	5	5	10	0	P99	2	0.023978	0.023978	0.001975	0.001975
410	5	5	10	0	P999	2	0.023978	0.023978	0.001975	0.001975
411	6	7	13	1	P1	1	0.028127	0.028127	0.044403	0.044403
411	6	7	13	1	P50	3	0.017104	0.017104	0.031442	0.031442
411	6	7	13	1	P75	211	-0.000993	-0.000993	0.013692	0.013692
411	6	7	13	1	P90	219	-0.009156	-0.009156	0.042429	0.042429
411	6	7	13	1	P95	394	0.012790	0.012790	0.019242	0.019242
411	6	7	13	1	P99	394	0.012790	0.012790	0.019242	0.019242
411	6	7	13	1	P999	394	0.012790	0.012790	0.019242	0.019242
412	3	12	15	1	P1	10	0.034108	0.034108	0.044403	0.044403
412	3	12	15	1	P50	19	0.016217	0.016217	-0.018960	-0.018960
412	3	12	15	1	P75	20	0.038106	0.038106	0.001975	0.001975
412	3	12	15	1	P90	601	-0.011062	-0.011062	0.009589	0.009589
412	3	12	15	1	P95	617	0.006184	0.006184	0.005004	0.005004
412	3	12	15	1	P99	617	0.006184	0.006184	0.005004	0.005004
412	3	12	15	1	P999	617	0.006184	0.006184	0.005004	0.005004
413	12	11	23	1	P1	1	-0.011035	-0.011035	0.006226	0.006226
413	12	11	23	1	P50	63	-0.008216	-0.008216	0.005880	0.005880
413	12	11	23	1	P75	76	-0.000196	-0.000196	0.013862	0.013862
413	12	11	23	1	P90	79	0.004579	0.004579	0.001120	0.001120
413	12	11	23	1	P95	80	0.013823	0.013823	-0.002767	-0.002767
413	12	11	23	1	P99	80	0.036104	0.036104	0.005936	0.005936
413	12	11	23	1	P999	80	0.036104	0.036104	0.005936	0.005936
414	21	11	32	1	P1	1	-0.008557	-0.008557	0.003957	0.003957
414	21	11	32	1	P50	18	-0.009165	-0.013468	-0.001278	-0.005608
414	21	11	32	1	P75	19	-0.022609	-0.028666	-0.014893	-0.020988
414	21	11	32	1	P90	19	0.001999	0.001999	0.009870	0.009870
414	21	11	32	1	P95	20	-0.005765	-0.005765	0.001975	0.001975
414	21	11	32	1	P99	21	0.032989	0.032989	0.040886	0.040886
414	21	11	32	1	P999	21	0.032989	0.032989	0.040886	0.040886
415	112	5	117	0	P1	1	-0.020662	-0.020662	0.000844	0.000844
415	112	5	117	0	P50	1	0.003168	0.003168	0.025198	0.025198
415	112	5	117	0	P75	1	0.015515	0.015515	0.037816	0.037816
415	112	5	117	0	P90	2	-0.009677	-0.009677	-0.030957	-0.030957
415	112	5	117	0	P95	2	0.010381	0.010381	-0.011330	-0.011330
415	112	5	117	0	P99	2	0.023978	0.023978	0.001975	0.001975
415	112	5	117	0	P999	4	0.026000	0.026000	0.003953	0.003953
416	16	2	18	0	P1	1	-0.018213	-0.018213	0.003348	0.003348
416	16	2	18	0	P50	1	0.011765	0.008390	0.033984	0.030534
416	16	2	18	0	P75	2	-0.011000	-0.011000	-0.032252	-0.032252
416	16	2	18	0	P90	2	0.015120	0.015120	-0.006694	-0.006694
416	16	2	18	0	P95	2	0.023978	0.023978	0.001975	0.001975
416	16	2	18	0	P99	2	0.023978	0.023978	0.001975	0.001975
416	16	2	18	0	P999	2	0.023978	0.023978	0.001975	0.001975
417	5	4	9	0	P1	1	-0.016160	-0.016160	0.005445	0.005445
417	5	4	9	0	P50	1	0.005445	0.005445	0.027525	0.027525
417	5	4	9	0	P75	1	0.016425	0.016425	0.038746	0.038746
417	5	4	9	0	P90	2	0.023978	0.023978	0.001975	0.001975
417	5	4	9	0	P95	2	0.023978	0.023978	0.001975	0.001975
417	5	4	9	0	P99	2	0.023978	0.023978	0.001975	0.001975
417	5	4	9	0	P999	2	0.023978	0.023978	0.001975	0.001975
418	5	2	7	1	P1	1	-0.009174	-0.009174	0.008727	0.008727
418	5	2	7	1	P50	1	0.017011	0.017011	0.035367	0.035367
418	5	2	7	1	P75	301	0.013622	0.013622	0.028015	0.028015
418	5	2	7	1	P90	313	0.018073	0.018073	0.032499	0.032499
418	5	2	7	1	P95	313	0.018073	0.018073	0.032499	0.032499
418	5	2	7	1	P99	313	0.018073	0.018073	0.032499	0.032499
418	5	2	7	1	P999	313	0.018073	0.018073	0.032499	0.032499
419	4	3	7	1	P1	1	0.006569	0.006569	0.008727	0.008727
419	4	3	7	1	P50	1	0.033244	0.033244	0.035367	0.035367
419	4	3	7	1	P75	2	-0.019434	-0.019434	-0.019556	-0.019556
419	4	3	7	1	P90	2	0.002174	0.002174	0.001975	0.001975
419	4	3	7	1	P95	2	0.002174	0.002174	0.001975	0.001975
419	4	3	7	1	P99	2	0.002174	0.002174	0.001975	0.001975
419	4	3	7	1	P999	2	0.002174	0.002174	0.001975	0.001975
420	3	3	6	0	P1	1	-0.014377	-0.014377	0.007267	0.007267
420	3	3	6	0	P50	1	0.007267	0.000000	0.029387	0.021960
420	3	3	6	0	P75	1	0.014587	0.014587	0.036868	0.036868
420	3	3	6	0	P90	1	0.021960	0.021960	0.044403	0.044403
420	3	3	6	0	P95	1	0.021960	0.021960	0.044403	0.044403
420	3	3	6	0	P99	1	0.021960	0.021960	0.044403	0.044403
420	3	3	6	0	P999	1	0.021960	0.021960	0.044403	0.044403
421	3	3	6	1	P1	1	0.001957	0.001957	0.014587	0.014587
421	3	3	6	1	P50	18	0.012629	-0.942697	0.020654	-0.941978
421	3	3	6	1	P75	19	0.001999	0.001999	0.009870	0.009870
421	3	3	6	1	P90	20	-0.005765	-0.005765	0.001975	0.001975
421	3	3	6	1	P95	20	-0.005765	-0.005765	0.001975	0.001975
421	3	3	6	1	P99	20	-0.005765	-0.005765	0.001975	0.001975
421	3	3	6	1	P999	20	-0.005765	-0.005765	0.001975	0.001975
422	6	4	10	1	P1	20	0.024695	0.024695	0.001975	0.001975
422	6	4	10	1	P50	21	0.019253	0.010431	0.040886	0.031881
422	6	4	10	1	P75	22	0.001528	0.001528	0.022771	0.022771
422	6	4	10	1	P90	25	0.018751	-0.105793	0.040290	-0.086832
422	6	4	10	1	P95	25	0.018751	0.018751	0.040290	0.040290
422	6	4	10	1	P99	25	0.018751	0.018751	0.040290	0.040290
422	6	4	10	1	P999	25	0.018751	0.018751	0.040290	0.040290
423	3	3	6	1	P1	7	0.001195	0.001195	-0.019653	-0.019653
423	3	3	6	1	P50	11	-0.008416	-0.344125	0.013391	-0.357809
423	3	3	6	1	P75	11	0.013391	0.013391	0.035645	0.035645
423	3	3	6	1	P90	12	0.013398	0.013398	0.035520	0.035520
423	3	3	6	1	P95	12	0.013398	0.013398	0.035520	0.035520
423	3	3	6	1	P99	12	0.013398	0.013398	0.035520	0.035520
423	3	3	6	1	P999	12	0.013398	0.013398	0.035520	0.035520
424	5	3	8	1	P1	1	0.005098	0.005098	0.008727	0.008727
424	5	3	8	1	P50	1	0.040759	0.031727	0.044403	0.035367
424	5	3	8	1	P75	11	-0.025962	-0.087601	0.013391	-0.050543
424	5	3	8	1	P90	11	-0.004504	-0.004504	0.035645	0.035645
424	5	3	8	1	P95	11	-0.004504	-0.004504	0.035645	0.035645
424	5	3	8	1	P99	11	-0.004504	-0.004504	0.035645	0.035645
424	5	3	8	1	P999	11	-0.004504	-0.004504	0.035645	0.035645
425	3	3	6	0	P1	1	-0.012949	-0.012949	0.008727	0.008727
425	3	3	6	0	P50	1	0.013119	0.004354	0.035367	0.026410
425	3	3	6	0	P75	1	0.021960	0.021960	0.044403	0.044403
425	3	3	6	0	P90	2	0.023978	0.023978	0.001975	0.001975
425	3	3	6	0	P95	2	0.023978	0.023978	0.001975	0.001975
425	3	3	6	0	P99	2	0.023978	0.023978	0.001975	0.001975
425	3	3	6	0	P999	2	0.023978	0.023978	0.001975	0.001975
426	877	1769	2646	1	P1	1	-0.002342	-0.002342	0.001284	0.001284
426	877	1769	2646	1	P50	9	-0.008180	-0.008234	-0.011411	-0.011465
426	877	1769	2646	1	P75	10	-0.031574	-0.031574	0.007873	0.007873
426	877	1769	2646	1	P90	10	-0.004434	-0.004434	0.036028	0.036028
426	877	1769	2646	1	P95	11	-0.040785	-0.040785	-0.001982	-0.001982
426	877	1769	2646	1	P99	12	-0.021188	-0.021188	0.018064	0.018064
426	877	1769	2646	1	P999	33	-0.013483	-0.013483	0.022793	0.022793
427	2	2	4	1	P1	1	0.038782	0.038782	0.044403	0.044403
427	2	2	4	1	P50	3	0.027296	0.005193	0.031442	0.009278
427	2	2	4	1	P75	493	0.014606	-0.993749	0.012200	-0.993723
427	2	2	4	1	P90	493	0.014606	0.014606	0.012200	0.012200
427	2	2	4	1	P95	493	0.014606	0.014606	0.012200	0.012200
427	2	2	4	1	P99	493	0.014606	0.014606	0.012200	0.012200
427	2	2	4	1	P999	493	0.014606	0.014606	0.012200	0.012200
428	8	3	11	0	P1	1	-0.016160	-0.016160	0.005445	0.005445
428	8	3	11	0	P50	1	0.010920	0.010920	0.033120	0.033120
428	8	3	11	0	P75	9	0.041012	0.041012	0.018642	0.018642
428	8	3	11	0	P90	11	-0.008385	-0.008385	0.013391	0.013391
428	8	3	11	0	P95	11	0.013391	0.013391	0.035645	0.035645
428	8	3	11	0	P99	11	0.013391	0.013391	0.035645	0.035645
428	8	3	11	0	P999	11	0.013391	0.013391	0.035645	0.035645
429	2	7	9	1	P1	1	-0.001159	-0.001159	0.006226	0.006226
429	2	7	9	1	P50	1	0.024012	0.024012	0.031519	0.031519
429	2	7	9	1	P75	1	0.036834	0.036834	0.044403	0.044403
429	2	7	9	1	P90	209	0.007409	0.007409	0.001402	0.001402
429	2	7	9	1	P95	209	0.007409	0.007409	0.001402	0.001402
429	2	7	9	1	P99	209	0.007409	0.007409	0.001402	0.001402
429	2	7	9	1	P999	209	0.007409	0.007409	0.001402	0.001402
430	2	8	10	1	P1	1	-0.012667	-0.012667	0.005445	0.005445
430	2	8	10	1	P50	1	0.014526	0.009028	0.033120	0.027525
430	2	8	10	1	P75	1	0.025612	0.025612	0.044403	0.044403
430	2	8	10	1	P90	101	0.018349	-0.215453	0.034062	-0.237094
430	2	8	10	1	P95	101	0.018349	0.018349	0.034062	0.034062
430	2	8	10	1	P99	101	0.018349	0.018349	0.034062	0.034062
430	2	8	10	1	P999	101	0.018349	0.018349	0.034062	0.034062
431	6	8	14	1	P1	1	0.003160	0.003160	0.007267	0.007267
431	6	8	14	1	P50	3	-0.041429	-0.048366	0.001996	-0.005233
431	6	8	14	1	P75	3	-0.020313	-0.020313	0.024000	0.024000
431	6	8	14	1	P90	4	-0.017526	-0.017526	-0.017620	-0.017620
431	6	8	14	1	P95	4	0.004116	0.004116	0.003953	0.003953
431	6	8	14	1	P99	4	0.004116	0.004116	0.003953	0.003953
431	6	8	14	1	P999	4	0.004116	0.004116	0.003953	0.003953
432	4	5	9	0	P1	1	-0.014377	-0.014377	0.007267	0.007267
432	4	5	9	0	P50	1	0.014587	0.014587	0.036868	0.036868
432	4	5	9	0	P75	2	-0.005254	-0.005254	-0.026629	-0.026629
432	4	5	9	0	P90	2	0.023978	0.023978	0.001975	0.001975
432	4	5	9	0	P95	2	0.023978	0.023978	0.001975	0.001975
432	4	5	9	0	P99	2	0.023978	0.023978	0.001975	0.001975
432	4	5	9	0	P999	2	0.023978	0.023978	0.001975	0.001975
433	2	5	7	1	P1	1	-0.005441	-0.005441	0.008727	0.008727
433	2	5	7	1	P50	1	0.020860	0.020860	0.035367	0.035367
433	2	5	7	1	P75	161	-0.005772	-0.005772	0.001662	0.001662
433	2	5	7	1	P90	214	0.014257	0.014257	0.021431	0.021431
433	2	5	7	1	P95	214	0.014257	0.014257	0.021431	0.021431
433	2	5	7	1	P99	214	0.014257	0.014257	0.021431	0.021431
433	2	5	7	1	P999	214	0.014257	0.014257	0.021431	0.021431
434	6	17	23	1	P1	9	0.050053	0.050053	0.018642	0.018642
434	6	17	23	1	P50	39	0.018537	0.018537	0.014892	0.014892
434	6	17	23	1	P75	249	-0.029377	-0.029377	-0.021427	-0.021427
434	6	17	23	1	P90	298	0.030303	0.030303	0.038364	0.038364
434	6	17	23	1	P95	409	0.017968	0.017968	0.025459	0.025459
434	6	17	23	1	P99	635	0.013094	0.013094	0.019875	0.019875
434	6	17	23	1	P999	635	0.013094	0.013094	0.019875	0.019875
435	6	8	14	1	P1	1	-0.005783	-0.005783	0.008727	0.008727
435	6	8	14	1	P50	2	0.014553	0.005765	-0.015287	-0.023806
435	6	8	14	1	P75	3	0.018041	0.018041	0.031442	0.031442
435	6	8	14	1	P90	348	0.005776	0.005776	0.012956	0.012956
435	6	8	14	1	P95	372	0.026410	0.026410	0.033624	0.033624
435	6	8	14	1	P99	372	0.026410	0.026410	0.033624	0.033624
435	6	8	14	1	P999	372	0.026410	0.026410	0.033624	0.033624
436	11	5	16	1	P1	4	-0.008377	-0.008377	-0.028232	-0.028232
436	11	5	16	1	P50	41	0.000474	-0.229185	0.022958	-0.211775
436	11	5	16	1	P75	133	0.011769	-0.002784	0.010300	0.001559
436	11	5	16	1	P90	136	0.018540	0.018540	0.040889	0.040889
436	11	5	16	1	P95	142	0.018837	0.018837	0.041173	0.041173
436	11	5	16	1	P99	142	0.018837	0.018837	0.041173	0.041173
436	11	5	16	1	P999	142	0.018837	0.018837	0.041173	0.041173
437	2	2	4	1	P1	2	0.037847	0.037847	0.001975	0.001975
437	2	2	4	1	P50	35	0.006433	-0.498707	0.007168	-0.497409
437	2	2	4	1	P75	47	0.016677	-0.250529	0.016594	-0.249982
437	2	2	4	1	P90	47	0.016677	0.016677	0.016594	0.016594
437	2	2	4	1	P95	47	0.016677	0.016677	0.016594	0.016594
437	2	2	4	1	P99	47	0.016677	0.016677	0.016594	0.016594
437	2	2	4	1	P999	47	0.016677	0.016677	0.016594	0.016594
438	4	38	42	1	P1	1	-0.002742	-0.002742	0.001359	0.001359
438	4	38	42	1	P50	1	0.026189	0.024793	0.030319	0.028921
438	4	38	42	1	P75	1	0.040260	0.040260	0.044403	0.044403
438	4	38	42	1	P90	3	-0.041429	-0.041429	-0.001625	-0.001625
438	4	38	42	1	P95	3	-0.013172	-0.013172	0.020300	0.020300
438	4	38	42	1	P99	4	0.004116	0.004116	0.003953	0.003953
438	4	38	42	1	P999	4	0.004116	0.004116	0.003953	0.003953
439	24	10	34	1	P1	1	0.023879	0.023879	0.021960	0.021960
439	24	10	34	1	P50	56	0.000341	-0.004006	0.010259	0.005394
439	24	10	34	1	P75	60	0.001026	0.001026	0.018620	0.018620
439	24	10	34	1	P90	70	-0.011526	-0.011526	-0.012528	-0.012528
439	24	10	34	1	P95	72	-0.017829	-0.017829	0.002670	0.002670
439	24	10	34	1	P99	72	-0.007078	-0.007078	0.024689	0.024689
439	24	10	34	1	P999	72	-0.007078	-0.007078	0.024689	0.024689
440	10	45	55	0	P1	1	-0.017337	-0.017337	0.006226	0.006226
440	10	45	55	0	P50	2	0.002289	0.002289	-0.017311	-0.017311
440	10	45	55	0	P75	2	0.018461	0.018461	-0.001456	-0.001456
440	10	45	55	0	P90	3	-0.014356	-0.014356	0.009278	0.009278
440	10	45	55	0	P95	3	-0.001426	-0.001426	0.022519	0.022519
440	10	45	55	0	P99	3	0.007289	0.007289	0.031442	0.031442
440	10	45	55	0	P999	3	0.007289	0.007289	0.031442	0.031442
441	22	2	24	0	P1	1	-0.019638	-0.019638	0.001891	0.001891
441	22	2	24	0	P50	1	0.002837	0.000945	0.024860	0.022926
441	22	2	24	0	P75	1	0.014268	0.012354	0.036541	0.034585
441	22	2	24	0	P90	1	0.020032	0.020032	0.042432	0.042432
441	22	2	24	0	P95	1	0.021960	0.021960	0.044403	0.044403
441	22	2	24	0	P99	2	0.023978	0.023978	0.001975	0.001975
441	22	2	24	0	P999	2	0.023978	0.023978	0.001975	0.001975
442	4	2	6	0	P1	1	-0.012949	-0.012949	0.008727	0.008727
442	4	2	6	0	P50	1	0.013119	0.004354	0.035367	0.026410
442	4	2	6	0	P75	1	0.021960	0.021960	0.044403	0.044403
442	4	2	6	0	P90	2	0.023978	0.023978	0.001975	0.001975
442	4	2	6	0	P95	2	0.023978	0.023978	0.001975	0.001975
442	4	2	6	0	P99	2	0.023978	0.023978	0.001975	0.001975
442	4	2	6	0	P999	2	0.023978	0.023978	0.001975	0.001975
443	2	11	13	0	P1	1	-0.017228	-0.017228	0.004354	0.004354
443	2	11	13	0	P50	1	0.008727	0.008727	0.030879	0.030879
443	2	11	13	0	P75	1	0.021960	0.021960	0.044403	0.044403
443	2	11	13	0	P90	2	0.009256	0.009256	-0.012431	-0.012431
443	2	11	13	0	P95	2	0.023978	0.023978	0.001975	0.001975
443	2	11	13	0	P99	2	0.023978	0.023978	0.001975	0.001975
443	2	11	13	0	P999	2	0.023978	0.023978	0.001975	0.001975
444	24	10	34	1	P1	55	0.033791	0.033791	0.033604	0.033604
444	24	10	34	1	P50	111	-0.014990	-0.023540	-0.000092	-0.008743
444	24	10	34	1	P75	116	-0.020209	-0.020209	0.003644	0.003644
444	24	10	34	1	P90	118	-0.003600	-0.003600	0.008300	0.008300
444	24	10	34	1	P95	120	-0.005866	-0.005866	0.020632	0.020632
444	24	10	34	1	P99	123	0.013100	0.013100	0.010263	0.010263
444	24	10	34	1	P999	123	0.013100	0.013100	0.010263	0.010263
445	41	145	186	1	P1	1	-0.002843	-0.002843	0.010920	0.010920
445	41	145	186	1	P50	56	0.023106	0.022250	0.013811	0.012478
445	41	145	186	1	P75	59	0.012134	0.012134	-0.002850	-0.002850
445	41	145	186	1	P90	60	0.025279	0.025279	0.014414	0.014414
445	41	145	186	1	P95	61	0.041919	0.041919	0.011816	0.011816
445	41	145	186	1	P99	69	0.015844	0.015844	0.023782	0.023782
445	41	145	186	1	P999	119	0.036941	0.036941	0.044222	0.044222
446	4	6	10	1	P1	1	-0.008752	-0.008752	0.007267	0.007267
446	4	6	10	1	P50	1	0.027830	0.020407	0.044403	0.036868
446	4	6	10	1	P75	2	0.015738	0.015738	-0.012431	-0.012431
446	4	6	10	1	P90	3	0.016168	-0.312954	0.031442	-0.332017
446	4	6	10	1	P95	3	0.016168	0.016168	0.031442	0.031442
446	4	6	10	1	P99	3	0.016168	0.016168	0.031442	0.031442
446	4	6	10	1	P999	3	0.016168	0.016168	0.031442	0.031442
447	41	4	45	1	P1	1	0.000923	0.000923	0.010920	0.010920
447	41	4	45	1	P50	55	0.031875	0.031875	0.013393	0.013393
447	41	4	45	1	P75	57	0.021083	0.021083	0.014821	0.014821
447	41	4	45	1	P90	58	0.019702	0.019702	0.017750	0.017750
447	41	4	45	1	P95	59	0.026828	0.026828	0.006313	0.006313
447	41	4	45	1	P99	66	0.023464	0.023464	0.024813	0.024813
447	41	4	45	1	P999	66	0.023464	0.023464	0.024813	0.024813
448	10	76	86	1	P1	1	-0.014317	-0.014317	0.007267	0.007267
448	10	76	86	1	P50	110	0.000380	-0.001068	-0.000521	-0.002493
448	10	76	86	1	P75	114	0.006681	0.006681	0.010220	0.010220
448	10	76	86	1	P90	187	0.004140	0.004140	0.004022	0.004022
448	10	76	86	1	P95	194	0.010886	0.010886	0.010767	0.010767
448	10	76	86	1	P99	201	0.019004	0.019004	0.041259	0.041259
448	10	76	86	1	P999	201	0.019004	0.019004	0.041259	0.041259
449	4	2	6	1	P1	47	0.056162	0.056162	0.016594	0.016594
449	4	2	6	1	P50	65	-0.008236	-0.029600	0.010873	-0.003660
449	4	2	6	1	P75	66	-0.001758	-0.001758	0.010079	0.010079
449	4	2	6	1	P90	66	0.020219	0.020219	0.024813	0.024813
449	4	2	6	1	P95	66	0.020219	0.020219	0.024813	0.024813
449	4	2	6	1	P99	66	0.020219	0.020219	0.024813	0.024813
449	4	2	6	1	P999	66	0.020219	0.020219	0.024813	0.024813
450	8	7	15	1	P1	1	-0.011918	-0.011918	0.006226	0.006226
450	8	7	15	1	P50	90	0.003051	0.003051	0.018642	0.018642
450	8	7	15	1	P75	141	0.003309	0.003309	0.003978	0.003978
450	8	7	15	1	P90	144	0.011294	0.011294	0.011951	0.011951
450	8	7	15	1	P95	147	0.034671	0.034671	0.005759	0.005759
450	8	7	15	1	P99	147	0.034671	0.034671	0.005759	0.005759
450	8	7	15	1	P999	147	0.034671	0.034671	0.005759	0.005759
451	32	2	34	1	P1	1	0.019819	0.019819	0.021960	0.021960
451	32	2	34	1	P50	277	-0.002673	-0.008865	0.017783	0.011485
451	32	2	34	1	P75	296	-0.006033	-0.006033	0.000936	0.000936
451	32	2	34	1	P90	300	0.004756	0.004756	0.024000	0.024000
451	32	2	34	1	P95	312	-0.005400	-0.005400	0.013551	0.013551
451	32	2	34	1	P99	312	0.009159	0.009159	0.035808	0.035808
451	32	2	34	1	P999	312	0.009159	0.009159	0.035808	0.035808
452	2	18	20	1	P1	11	0.018320	0.018320	0.013391	0.013391
452	2	18	20	1	P50	36	-0.012468	-0.021038	0.022669	0.007966
452	2	18	20	1	P75	37	-0.003620	-0.010831	0.019338	0.014429
452	2	18	20	1	P90	38	0.006041	-0.008468	0.006991	0.002142
452	2	18	20	1	P95	38	0.020763	0.006041	0.011864	0.006991
452	2	18	20	1	P99	38	0.020763	0.020763	0.011864	0.011864
452	2	18	20	1	P999	38	0.020763	0.020763	0.011864	0.011864
453	30	39	69	1	P1	1	-0.034967	-0.034967	0.004839	0.004839
453	30	39	69	1	P50	274	-0.003418	-0.003418	0.010642	0.010642
453	30	39	69	1	P75	385	-0.006996	-0.006996	0.002675	0.002675
453	30	39	69	1	P90	405	0.002150	0.002150	-0.001235	-0.001235
453	30	39	69	1	P95	412	0.006784	0.006784	0.003356	0.003356
453	30	39	69	1	P99	422	0.004539	0.004539	0.037999	0.037999
453	30	39	69	1	P999	422	0.004539	0.004539	0.037999	0.037999
454	5	16	21	1	P1	1	-0.012429	-0.012429	0.008727	0.008727
454	5	16	21	1	P50	40	0.012127	0.012127	0.003953	0.003953
454	5	16	21	1	P75	42	0.021422	0.021422	0.024974	0.024974
454	5	16	21	1	P90	44	0.000746	0.000746	0.010057	0.010057
454	5	16	21	1	P95	44	0.009480	0.009480	0.024791	0.024791
454	5	16	21	1	P99	44	0.018290	0.018290	0.039740	0.039740
454	5	16	21	1	P999	44	0.018290	0.018290	0.039740	0.039740
455	3	28	31	1	P1	1	-0.000160	-0.000160	0.014587	0.014587
455	3	28	31	1	P50	56	-0.001528	-0.001528	0.007823	0.007823
455	3	28	31	1	P75	59	-0.002958	-0.002958	0.006313	0.006313
455	3	28	31	1	P90	61	0.007230	0.007230	0.016537	0.016537
455	3	28	31	1	P95	66	0.015547	0.015547	0.024813	0.024813
455	3	28	31	1	P99	71	0.029844	0.029844	0.039121	0.039121
455	3	28	31	1	P999	71	0.029844	0.029844	0.039121	0.039121
456	6	51	57	1	P1	26	-0.013638	-0.013638	-0.031789	-0.031789
456	6	51	57	1	P50	71	-0.005696	-0.005696	0.008333	0.008333
456	6	51	57	1	P75	76	0.012022	0.012022	0.013862	0.013862
456	6	51	57	1	P90	102	0.000446	0.000446	-0.008902	-0.008902
456	6	51	57	1	P95	104	0.007152	0.007152	0.004233	0.004233
456	6	51	57	1	P99	107	-0.003905	-0.003905	0.019417	0.019417
456	6	51	57	1	P999	107	-0.003905	-0.003905	0.019417	0.019417
457	2	2	4	1	P1	1	0.026263	0.026263	0.044403	0.044403
457	2	2	4	1	P50	3	-0.006968	-0.313894	0.009278	-0.332017
457	2	2	4	1	P75	3	0.014866	-0.006968	0.031442	0.009278
457	2	2	4	1	P90	3	0.014866	0.014866	0.031442	0.031442
457	2	2	4	1	P95	3	0.014866	0.014866	0.031442	0.031442
457	2	2	4	1	P99	3	0.014866	0.014866	0.031442	0.031442
457	2	2	4	1	P999	3	0.014866	0.014866	0.031442	0.031442
458	2	4	6	1	P1	21	0.004378	0.004378	0.018520	0.018520
458	2	4	6	1	P50	22	0.023298	0.001304	0.037691	0.015392
458	2	4	6	1	P75	108	0.040572	0.040572	0.009978	0.009978
458	2	4	6	1	P90	115	0.020634	0.020634	0.034603	0.034603
458	2	4	6	1	P95	115	0.020634	0.020634	0.034603	0.034603
458	2	4	6	1	P99	115	0.020634	0.020634	0.034603	0.034603
458	2	4	6	1	P999	115	0.020634	0.020634	0.034603	0.034603
459	4	31	35	1	P1	1	-0.009057	-0.009057	0.006226	0.006226
459	4	31	35	1	P50	233	0.002972	0.002972	0.005670	0.005670
459	4	31	35	1	P75	243	0.010534	0.010534	0.019205	0.019205
459	4	31	35	1	P90	266	-0.002631	-0.002631	0.003537	0.003537
459	4	31	35	1	P95	269	0.000649	0.000649	0.009741	0.009741
459	4	31	35	1	P99	298	0.029164	0.029164	0.038364	0.038364
459	4	31	35	1	P999	298	0.029164	0.029164	0.038364	0.038364
460	8	14	22	1	P1	1	-0.011420	-0.011420	0.010920	0.010920
460	8	14	22	1	P50	28	0.004652	0.000296	0.002202	-0.008624
460	8	14	22	1	P75	29	-0.008684	-0.008684	0.006957	0.006957
460	8	14	22	1	P90	30	0.009570	0.009570	0.031442	0.031442
460	8	14	22	1	P95	31	0.020396	0.020396	0.020090	0.020090
460	8	14	22	1	P99	32	0.032413	0.032413	0.009913	0.009913
460	8	14	22	1	P999	32	0.032413	0.032413	0.009913	0.009913
461	8	2	10	1	P1	1	0.000163	0.000163	0.005445	0.005445
461	8	2	10	1	P50	1	0.027773	0.022191	0.033120	0.027525
461	8	2	10	1	P75	1	0.039029	0.039029	0.044403	0.044403
461	8	2	10	1	P90	21	0.000062	-0.042574	0.040886	-0.045738
461	8	2	10	1	P95	21	0.000062	0.000062	0.040886	0.040886
461	8	2	10	1	P99	21	0.000062	0.000062	0.040886	0.040886
461	8	2	10	1	P999	21	0.000062	0.000062	0.040886	0.040886
462	10	25	35	1	P1	1	0.025572	0.025572	0.044403	0.044403
462	10	25	35	1	P50	12	-0.007831	-0.007831	0.008876	0.008876
462	10	25	35	1	P75	12	0.018388	0.018388	0.035520	0.035520
462	10	25	35	1	P90	13	0.012782	0.012782	0.029772	0.029772
462	10	25	35	1	P95	13	0.025440	0.025440	0.042635	0.042635
462	10	25	35	1	P99	18	0.048616	0.048616	0.020654	0.020654
462	10	25	35	1	P999	18	0.048616	0.048616	0.020654	0.020654
463	3	6	9	0	P1	1	-0.016753	-0.016753	0.004839	0.004839
463	3	6	9	0	P50	1	0.002417	0.002417	0.024430	0.024430
463	3	6	9	0	P75	1	0.012141	0.012141	0.034368	0.034368
463	3	6	9	0	P90	1	0.021960	0.021960	0.044403	0.044403
463	3	6	9	0	P95	1	0.021960	0.021960	0.044403	0.044403
463	3	6	9	0	P99	1	0.021960	0.021960	0.044403	0.044403
463	3	6	9	0	P999	1	0.021960	0.021960	0.044403	0.044403
464	31	41	72	1	P1	6	0.007637	0.007637	0.033479	0.033479
464	31	41	72	1	P50	26	-0.002702	-0.009900	-0.010527	-0.014103
464	31	41	72	1	P75	1001	-0.004531	-0.005925	0.018795	0.017368
464	31	41	72	1	P90	1001	0.009525	0.009525	0.033174	0.033174
464	31	41	72	1	P95	1002	0.014189	0.014189	0.037945	0.037945
464	31	41	72	1	P99	1002	0.018464	0.018464	0.042318	0.042318
464	31	41	72	1	P999	1002	0.018464	0.018464	0.042318	0.042318
465	2	20	22	1	P1	1	-0.015947	-0.015947	0.002175	0.002175
465	2	20	22	1	P50	1	0.007864	0.005676	0.026410	0.024183
465	2	20	22	1	P75	1	0.018877	0.018877	0.037619	0.037619
465	2	20	22	1	P90	1	0.025543	0.025543	0.044403	0.044403
465	2	20	22	1	P95	9	0.001565	0.001565	0.018642	0.018642
465	2	20	22	1	P99	11	0.018417	0.018417	0.035645	0.035645
465	2	20	22	1	P999	11	0.018417	0.018417	0.035645	0.035645
466	18	5	23	1	P1	11	0.041989	0.041989	0.035645	0.035645
466	18	5	23	1	P50	85	0.005099	0.005099	-0.002569	-0.002569
466	18	5	23	1	P75	90	0.026535	0.026535	0.018642	0.018642
466	18	5	23	1	P90	1832	0.012940	0.012940	0.002826	0.002826
466	18	5	23	1	P95	6053	0.035735	0.035735	0.024430	0.024430
466	18	5	23	1	P99	11829	0.017440	0.017440	0.005828	0.005828
466	18	5	23	1	P999	11829	0.017440	0.017440	0.005828	0.005828
467	9	2	11	1	P1	1408	-0.013044	-0.013044	-0.016200	-0.016200
467	9	2	11	1	P50	2468	-0.008139	-0.008139	0.008977	0.008977
467	9	2	11	1	P75	14766	-0.018484	-0.018484	0.001264	0.001264
467	9	2	11	1	P90	14810	-0.007090	-0.007090	0.020212	0.020212
467	9	2	11	1	P95	14969	-0.003271	-0.003271	0.031541	0.031541
467	9	2	11	1	P99	14969	-0.003271	-0.003271	0.031541	0.031541
467	9	2	11	1	P999	14969	-0.003271	-0.003271	0.031541	0.031541
468	10	3	13	0	P1	1	-0.017939	-0.017939	0.003627	0.003627
468	10	3	13	0	P50	1	0.003627	0.003627	0.025667	0.025667
468	10	3	13	0	P75	1	0.014587	0.014587	0.036868	0.036868
468	10	3	13	0	P90	1	0.021960	0.021960	0.044403	0.044403
468	10	3	13	0	P95	2	0.023978	0.023978	0.001975	0.001975
468	10	3	13	0	P99	2	0.023978	0.023978	0.001975	0.001975
468	10	3	13	0	P999	2	0.023978	0.023978	0.001975	0.001975
469	16	6	22	1	P1	11	-0.005105	-0.005105	0.006080	0.006080
469	16	6	22	1	P50	13	0.013579	0.004796	0.024672	0.015807
469	16	6	22	1	P75	517	0.002976	0.002976	0.008070	0.008070
469	16	6	22	1	P90	1365	0.011232	0.011232	0.014791	0.014791
469	16	6	22	1	P95	1393	0.012701	0.012701	0.016231	0.016231
469	16	6	22	1	P99	1516	0.015147	0.015147	0.018545	0.018545
469	16	6	22	1	P999	1516	0.015147	0.015147	0.018545	0.018545
470	8	5	13	1	P1	1	-0.010816	-0.010816	0.003627	0.003627
470	8	5	13	1	P50	1	0.010934	0.010934	0.025667	0.025667
470	8	5	13	1	P75	1	0.021988	0.021988	0.036868	0.036868
470	8	5	13	1	P90	1	0.029424	0.029424	0.044403	0.044403
470	8	5	13	1	P95	3058	0.007459	0.007459	0.011879	0.011879
470	8	5	13	1	P99	3058	0.007459	0.007459	0.011879	0.011879
470	8	5	13	1	P999	3058	0.007459	0.007459	0.011879	0.011879
471	6	2	8	1	P1	1	0.005107	0.005107	0.007267	0.007267
471	6	2	8	1	P50	1	0.034746	0.027256	0.036868	0.029387
471	6	2	8	1	P75	2	0.002174	-0.478854	0.001975	-0.477799
471	6	2	8	1	P90	70	0.021691	0.021691	0.009157	0.009157
471	6	2	8	1	P95	70	0.021691	0.021691	0.009157	0.009157
471	6	2	8	1	P99	70	0.021691	0.021691	0.009157	0.009157
471	6	2	8	1	P999	70	0.021691	0.021691	0.009157	0.009157
472	6	2	8	0	P1	1	-0.016160	-0.016160	0.005445	0.005445
472	6	2	8	0	P50	1	0.005445	0.000000	0.027525	0.021960
472	6	2	8	0	P75	1	0.016425	0.010920	0.038746	0.033120
472	6	2	8	0	P90	1	0.021960	0.021960	0.044403	0.044403
472	6	2	8	0	P95	1	0.021960	0.021960	0.044403	0.044403
472	6	2	8	0	P99	1	0.021960	0.021960	0.044403	0.044403
472	6	2	8	0	P999	1	0.021960	0.021960	0.044403	0.044403
473	3	716	719	0	P1	1	-0.021014	-0.021014	0.000484	0.000484
473	3	716	719	0	P50	1	0.000061	0.000061	0.022022	0.022022
473	3	716	719	0	P75	1	0.011012	0.011012	0.033214	0.033214
473	3	716	719	0	P90	1	0.017641	0.017641	0.039988	0.039988
473	3	716	719	0	P95	1	0.019860	0.019860	0.042256	0.042256
473	3	716	719	0	P99	1	0.021589	0.021589	0.044023	0.044023
473	3	716	719	0	P999	2	0.023978	0.023978	0.001975	0.001975
474	4865	5468	10333	0	P1	1	-0.021059	-0.021059	0.000439	0.000439
474	4865	5468	10333	0	P50	1	0.000072	0.000072	0.022033	0.022033
474	4865	5468	10333	0	P75	1	0.011027	0.011027	0.033229	0.033229
474	4865	5468	10333	0	P90	1	0.017659	0.017659	0.040007	0.040007
474	4865	5468	10333	0	P95	1	0.019880	0.019880	0.042277	0.042277
474	4865	5468	10333	0	P99	1	0.021658	0.021658	0.044094	0.044094
474	4865	5468	10333	0	P999	2	0.011543	0.011543	-0.010194	-0.010194
475	3	4	7	1	P1	1	0.005997	0.005997	0.010920	0.010920
475	3	4	7	1	P50	1	0.039415	0.039415	0.044403	0.044403
475	3	4	7	1	P75	26	0.004926	0.004926	0.000279	0.000279
475	3	4	7	1	P90	28	0.018113	0.018113	0.013146	0.013146
475	3	4	7	1	P95	28	0.018113	0.018113	0.013146	0.013146
475	3	4	7	1	P99	28	0.018113	0.018113	0.013146	0.013146
475	3	4	7	1	P999	28	0.018113	0.018113	0.013146	0.013146
476	3	3	6	1	P1	1	0.009656	0.009656	0.014587	0.014587
476	3	3	6	1	P50	26	0.004926	-0.960023	0.000279	-0.959831
476	3	3	6	1	P75	29	0.004657	0.004657	0.021645	0.021645
476	3	3	6	1	P90	30	-0.007442	-0.007442	0.031442	0.031442
476	3	3	6	1	P95	30	-0.007442	-0.007442	0.031442	0.031442
476	3	3	6	1	P99	30	-0.007442	-0.007442	0.031442	0.031442
476	3	3	6	1	P999	30	-0.007442	-0.007442	0.031442	0.031442
477	221	405	626	0	P1	1	-0.021011	-0.021011	0.000487	0.000487
477	221	405	626	0	P50	1	0.000139	0.000070	0.022102	0.022031
477	221	405	626	0	P75	1	0.011061	0.011061	0.033264	0.033264
477	221	405	626	0	P90	1	0.017700	0.017700	0.040049	0.040049
477	221	405	626	0	P95	1	0.019899	0.019899	0.042296	0.042296
477	221	405	626	0	P99	1	0.021676	0.021676	0.044112	0.044112
477	221	405	626	0	P999	2	0.023978	0.023978	0.001975	0.001975
478	507	879	1386	0	P1	1	-0.021058	-0.021058	0.000440	0.000440
478	507	879	1386	0	P50	1	0.000063	0.000031	0.022024	0.021992
478	507	879	1386	0	P75	1	0.010984	0.010984	0.033185	0.033185
478	507	879	1386	0	P90	1	0.017607	0.017607	0.039953	0.039953
478	507	879	1386	0	P95	1	0.019813	0.019813	0.042208	0.042208
478	507	879	1386	0	P99	1	0.021607	0.021607	0.044042	0.044042
478	507	879	1386	0	P999	2	0.023978	0.023978	0.001975	0.001975
479	9	11	20	1	P1	1	-0.005985	-0.005985	0.003957	0.003957
479	9	11	20	1	P50	1	0.034143	0.030059	0.044403	0.040286
479	9	11	20	1	P75	28	-0.018881	-0.033016	-0.015777	-0.029927
479	9	11	20	1	P90	32	0.007057	-0.116241	0.009913	-0.113497
479	9	11	20	1	P95	34	-0.010008	-0.052182	0.036790	-0.049494
479	9	11	20	1	P99	34	-0.010008	-0.010008	0.036790	0.036790
479	9	11	20	1	P999	34	-0.010008	-0.010008	0.036790	0.036790
480	9	12	21	1	P1	1	-0.008350	-0.008350	0.004839	0.004839
480	9	12	21	1	P50	28	-0.016810	-0.016810	-0.008624	-0.008624
480	9	12	21	1	P75	30	0.023090	0.023090	0.031442	0.031442
480	9	12	21	1	P90	32	0.001800	0.001800	0.009913	0.009913
480	9	12	21	1	P95	43	0.010960	0.010960	0.018688	0.018688
480	9	12	21	1	P99	71	0.032036	0.032036	0.039121	0.039121
480	9	12	21	1	P999	71	0.032036	0.032036	0.039121	0.039121
481	4425	14	4439	1	P1	1	-0.019548	-0.019548	0.000444	0.000444
481	4425	14	4439	1	P50	1	0.001731	0.001731	0.022152	0.022152
481	4425	14	4439	1	P75	1	0.012769	0.012769	0.033411	0.033411
481	4425	14	4439	1	P90	1	0.019449	0.019449	0.040226	0.040226
481	4425	14	4439	1	P95	1	0.021686	0.021686	0.042508	0.042508
481	4425	14	4439	1	P99	1	0.023473	0.023473	0.044330	0.044330
481	4425	14	4439	1	P999	28	0.008290	0.008290	-0.015777	-0.015777
482	14	14	28	0	P1	1	-0.019786	-0.019786	0.001739	0.001739
482	14	14	28	0	P50	1	0.004354	0.002610	0.026410	0.024628
482	14	14	28	0	P75	1	0.016646	0.014881	0.038972	0.037168
482	14	14	28	0	P90	2	-0.005254	-0.005254	-0.026629	-0.026629
482	14	14	28	0	P95	2	0.009256	0.009256	-0.012431	-0.012431
482	14	14	28	0	P99	2	0.023978	0.023978	0.001975	0.001975
482	14	14	28	0	P999	2	0.023978	0.023978	0.001975	0.001975
483	14	753	767	1	P1	1	-0.006691	-0.006691	0.000464	0.000464
483	14	753	767	1	P50	1	0.015237	0.015237	0.022493	0.022493
483	14	753	767	1	P75	1	0.026620	0.026620	0.033929	0.033929
483	14	753	767	1	P90	1	0.033499	0.033499	0.040839	0.040839
483	14	753	767	1	P95	1	0.035782	0.035782	0.043133	0.043133
483	14	753	767	1	P99	29	-0.013376	-0.013376	-0.011107	-0.011107
483	14	753	767	1	P999	32	0.011567	0.011567	0.009913	0.009913
484	102	3834	3936	0	P1	1	-0.021054	-0.021054	0.000444	0.000444
484	102	3834	3936	0	P50	1	0.000111	0.000100	0.022073	0.022062
484	102	3834	3936	0	P75	1	0.011083	0.011072	0.033287	0.033275
484	102	3834	3936	0	P90	1	0.017719	0.017719	0.040069	0.040069
484	102	3834	3936	0	P95	1	0.019945	0.019945	0.042343	0.042343
484	102	3834	3936	0	P99	1	0.021722	0.021722	0.044159	0.044159
484	102	3834	3936	0	P999	2	0.016591	0.016591	-0.005254	-0.005254
485	55	31	86	0	P1	1	-0.020963	-0.020963	0.000537	0.000537
485	55	31	86	0	P50	1	0.001879	0.001342	0.023880	0.023331
485	55	31	86	0	P75	1	0.013227	0.013227	0.035478	0.035478
485	55	31	86	0	P90	1	0.020317	0.020317	0.042723	0.042723
485	55	31	86	0	P95	2	-0.008849	-0.008849	-0.030147	-0.030147
485	55	31	86	0	P99	3	0.009278	0.009278	0.031442	0.031442
485	55	31	86	0	P999	3	0.009278	0.009278	0.031442	0.031442
486	2	40	42	0	P1	1	-0.020451	-0.020451	0.001060	0.001060
486	2	40	42	0	P50	1	0.001591	0.000530	0.023586	0.022502
486	2	40	42	0	P75	1	0.012260	0.012260	0.034490	0.034490
486	2	40	42	0	P90	1	0.018717	0.018717	0.041088	0.041088
486	2	40	42	0	P95	1	0.020878	0.020878	0.043296	0.043296
486	2	40	42	0	P99	3	0.009278	0.009278	0.031442	0.031442
486	2	40	42	0	P999	3	0.009278	0.009278	0.031442	0.031442
487	852	2	854	1	P1	1	-0.004443	-0.004443	0.000461	0.000461
487	852	2	854	1	P50	1	0.017198	0.017145	0.022143	0.022091
487	852	2	854	1	P75	1	0.028378	0.028378	0.033345	0.033345
487	852	2	854	1	P90	1	0.035156	0.035156	0.040136	0.040136
487	852	2	854	1	P95	1	0.037443	0.037443	0.042427	0.042427
487	852	2	854	1	P99	1	0.039255	0.039255	0.044242	0.044242
487	852	2	854	1	P999	29	0.026784	0.026784	0.021645	0.021645
488	3	2	5	1	P1	1	0.012436	0.012436	0.014587	0.014587
488	3	2	5	1	P50	1	0.042292	0.042292	0.044403	0.044403
488	3	2	5	1	P75	2	-0.019434	-0.019434	-0.019556	-0.019556
488	3	2	5	1	P90	2	0.002174	0.002174	0.001975	0.001975
488	3	2	5	1	P95	2	0.002174	0.002174	0.001975	0.001975
488	3	2	5	1	P99	2	0.002174	0.002174	0.001975	0.001975
488	3	2	5	1	P999	2	0.002174	0.002174	0.001975	0.001975
489	2	2899	2901	1	P1	1	-0.012687	-0.012687	0.000450	0.000450
489	2	2899	2901	1	P50	1	0.008625	0.008625	0.022014	0.022014
489	2	2899	2901	1	P75	1	0.019675	0.019675	0.033194	0.033194
489	2	2899	2901	1	P90	1	0.026363	0.026363	0.039961	0.039961
489	2	2899	2901	1	P95	1	0.028602	0.028602	0.042226	0.042226
489	2	2899	2901	1	P99	1	0.030397	0.030397	0.044042	0.044042
489	2	2899	2901	1	P999	2	0.033854	0.033854	0.001975	0.001975
490	10	12	22	1	P1	1	-0.005985	-0.005985	0.003957	0.003957
490	10	12	22	1	P50	2	0.037664	-0.482928	0.001975	-0.477799
490	10	12	22	1	P75	28	-0.018881	-0.018881	-0.015777	-0.015777
490	10	12	22	1	P90	29	-0.010563	-0.010563	-0.007521	-0.007521
490	10	12	22	1	P95	29	0.003900	0.003900	0.006957	0.006957
490	10	12	22	1	P99	29	0.018574	0.018574	0.021645	0.021645
490	10	12	22	1	P999	29	0.018574	0.018574	0.021645	0.021645
491	10	11	21	1	P1	1	-0.003735	-0.003735	0.006226	0.006226
491	10	11	21	1	P50	27	0.002798	0.002798	0.006001	0.006001
491	10	11	21	1	P75	29	0.018574	0.018574	0.021645	0.021645
491	10	11	21	1	P90	31	-0.004742	-0.004742	0.020090	0.020090
491	10	11	21	1	P95	32	0.007057	0.007057	0.009913	0.009913
491	10	11	21	1	P99	33	0.019991	0.019991	0.022793	0.022793
491	10	11	21	1	P999	33	0.019991	0.019991	0.022793	0.022793
492	543	433	976	0	P1	1	-0.021050	-0.021050	0.000448	0.000448
492	543	433	976	0	P50	1	0.000179	0.000134	0.022143	0.022097
492	543	433	976	0	P75	1	0.011170	0.011124	0.033375	0.033329
492	543	433	976	0	P90	1	0.017803	0.017803	0.040154	0.040154
492	543	433	976	0	P95	1	0.020040	0.020040	0.042440	0.042440
492	543	433	976	0	P99	1	0.021823	0.021823	0.044262	0.044262
492	543	433	976	0	P999	2	0.023978	0.023978	0.001975	0.001975
493	821	25	846	1	P1	1	-0.009438	-0.009438	0.000477	0.000477
493	821	25	846	1	P50	1	0.012629	0.012575	0.022718	0.022664
493	821	25	846	1	P75	1	0.024036	0.024036	0.034216	0.034216
493	821	25	846	1	P90	1	0.030964	0.030964	0.041198	0.041198
493	821	25	846	1	P95	1	0.033265	0.033265	0.043518	0.043518
493	821	25	846	1	P99	28	-0.007425	-0.007425	-0.004308	-0.004308
493	821	25	846	1	P999	29	0.018574	0.018574	0.021645	0.021645
494	35	25	60	1	P1	1	-0.001392	-0.001392	0.000776	0.000776
494	35	25	60	1	P50	1	0.022203	0.021408	0.024341	0.023547
494	35	25	60	1	P75	1	0.034209	0.033405	0.036331	0.035528
494	35	25	60	1	P90	1	0.041481	0.040670	0.043593	0.042783
494	35	25	60	1	P95	2	-0.019434	-0.030062	-0.019556	-0.030147
494	35	25	60	1	P99	2	0.002174	0.002174	0.001975	0.001975
494	35	25	60	1	P999	2	0.002174	0.002174	0.001975	0.001975
495	37	5117	5154	1	P1	1	-0.009472	-0.009472	0.000443	0.000443
495	37	5117	5154	1	P50	1	0.012096	0.012088	0.022182	0.022173
495	37	5117	5154	1	P75	1	0.023274	0.023274	0.033448	0.033448
495	37	5117	5154	1	P90	1	0.030042	0.030042	0.040269	0.040269
495	37	5117	5154	1	P95	1	0.032311	0.032311	0.042555	0.042555
495	37	5117	5154	1	P99	1	0.034126	0.034126	0.044385	0.044385
495	37	5117	5154	1	P999	30	0.013617	0.013617	0.031442	0.031442
496	1843	13	1856	1	P1	1	-0.004453	-0.004453	0.000450	0.000450
496	1843	13	1856	1	P50	1	0.017280	0.017256	0.022226	0.022202
496	1843	13	1856	1	P75	1	0.028544	0.028520	0.033512	0.033487
496	1843	13	1856	1	P90	1	0.035353	0.035353	0.040333	0.040333
496	1843	13	1856	1	P95	1	0.037640	0.037640	0.042625	0.042625
496	1843	13	1856	1	P99	2	0.011612	0.011612	-0.028641	-0.028641
496	1843	13	1856	1	P999	29	0.026784	0.026784	0.021645	0.021645
497	14	13	27	0	P1	1	-0.019786	-0.019786	0.001739	0.001739
497	14	13	27	0	P50	1	0.002610	0.002610	0.024628	0.024628
497	14	13	27	0	P75	1	0.014881	0.014881	0.037168	0.037168
497	14	13	27	0	P90	1	0.021960	0.021960	0.044403	0.044403
497	14	13	27	0	P95	2	0.001975	0.001975	-0.019556	-0.019556
497	14	13	27	0	P99	2	0.023978	0.023978	0.001975	0.001975
497	14	13	27	0	P999	2	0.023978	0.023978	0.001975	0.001975
498	13	2969	2982	1	P1	1	-0.012698	-0.012698	0.000440	0.000440
498	13	2969	2982	1	P50	1	0.008720	0.008705	0.022110	0.022095
498	13	2969	2982	1	P75	1	0.019812	0.019812	0.033332	0.033332
498	13	2969	2982	1	P90	1	0.026525	0.026525	0.040125	0.040125
498	13	2969	2982	1	P95	1	0.028773	0.028773	0.042399	0.042399
498	13	2969	2982	1	P99	1	0.030587	0.030587	0.044234	0.044234
498	13	2969	2982	1	P999	30	0.023090	0.023090	0.031442	0.031442
499	6049	12	6061	1	P1	1	-0.006716	-0.006716	0.000439	0.000439
499	6049	12	6061	1	P50	1	0.014794	0.014794	0.022048	0.022048
499	6049	12	6061	1	P75	1	0.025945	0.025945	0.033251	0.033251
499	6049	12	6061	1	P90	1	0.032694	0.032694	0.040031	0.040031
499	6049	12	6061	1	P95	1	0.034954	0.034954	0.042301	0.042301
499	6049	12	6061	1	P99	1	0.036770	0.036770	0.044125	0.044125
499	6049	12	6061	1	P999	27	-0.014493	-0.014493	-0.015616	-0.015616
500	20	12	32	0	P1	1	-0.020070	-0.020070	0.001449	0.001449
500	20	12	32	0	P50	1	0.002901	0.001449	0.024924	0.023441
500	20	12	32	0	P75	1	0.014587	0.013119	0.036868	0.035367
500	20	12	32	0	P90	1	0.020481	0.020481	0.042891	0.042891
500	20	12	32	0	P95	2	0.001975	0.001975	-0.019556	-0.019556
500	20	12	32	0	P99	2	0.023978	0.023978	0.001975	0.001975
500	20	12	32	0	P999	2	0.023978	0.023978	0.001975	0.001975
501	12	2684	2696	1	P1	1	-0.016344	-0.016344	0.000438	0.000438
501	12	2684	2696	1	P50	1	0.004990	0.004974	0.022118	0.022101
501	12	2684	2696	1	P75	1	0.016045	0.016028	0.033351	0.033334
501	12	2684	2696	1	P90	1	0.022729	0.022729	0.040143	0.040143
501	12	2684	2696	1	P95	1	0.024972	0.024972	0.042423	0.042423
501	12	2684	2696	1	P99	1	0.026770	0.026770	0.044250	0.044250
501	12	2684	2696	1	P999	30	-0.000476	-0.000476	0.013672	0.013672
502	4	5	9	1	P1	1	0.001534	0.001534	0.008727	0.008727
502	4	5	9	1	P50	1	0.037046	0.037046	0.044403	0.044403
502	4	5	9	1	P75	26	0.001365	0.001365	0.000279	0.000279
502	4	5	9	1	P90	29	0.023093	0.023093	0.021645	0.021645
502	4	5	9	1	P95	29	0.023093	0.023093	0.021645	0.021645
502	4	5	9	1	P99	29	0.023093	0.023093	0.021645	0.021645
502	4	5	9	1	P999	29	0.023093	0.023093	0.021645	0.021645
503	4	4	8	1	P1	1	-0.000648	-0.000648	0.014587	0.014587
503	4	4	8	1	P50	27	-0.003569	-0.923554	0.006001	-0.925780
503	4	4	8	1	P75	29	0.012076	-0.031024	0.021645	-0.021790
503	4	4	8	1	P90	31	0.032878	0.032878	0.042491	0.042491
503	4	4	8	1	P95	31	0.032878	0.032878	0.042491	0.042491
503	4	4	8	1	P99	31	0.032878	0.032878	0.042491	0.042491
503	4	4	8	1	P999	31	0.032878	0.032878	0.042491	0.042491
504	5194	6816	12010	0	P1	1	-0.021059	-0.021059	0.000439	0.000439
504	5194	6816	12010	0	P50	1	0.000051	0.000047	0.022012	0.022008
504	5194	6816	12010	0	P75	1	0.010994	0.010994	0.033195	0.033195
504	5194	6816	12010	0	P90	1	0.017620	0.017616	0.039967	0.039963
504	5194	6816	12010	0	P95	1	0.019836	0.019836	0.042232	0.042232
504	5194	6816	12010	0	P99	1	0.021612	0.021612	0.044047	0.044047
504	5194	6816	12010	0	P999	2	0.005609	0.005609	-0.016000	-0.016000
505	30	46	76	1	P1	1	-0.008974	-0.008974	0.000945	0.000945
505	30	46	76	1	P50	1	0.027315	0.026343	0.037521	0.036541
505	30	46	76	1	P75	27	-0.017369	-0.020217	-0.014189	-0.017041
505	30	46	76	1	P90	28	-0.011737	-0.011737	-0.008624	-0.008624
505	30	46	76	1	P95	28	0.010011	0.010011	0.013146	0.013146
505	30	46	76	1	P99	35	0.004498	0.004498	0.007168	0.007168
505	30	46	76	1	P999	35	0.004498	0.004498	0.007168	0.007168
506	30	37	67	1	P1	1	-0.007731	-0.007731	0.001812	0.001812
506	30	37	67	1	P50	27	-0.015997	-0.015997	-0.015616	-0.015616
506	30	37	67	1	P75	29	-0.012476	-0.012476	-0.004642	-0.004642
506	30	37	67	1	P90	31	-0.012605	-0.012605	0.020090	0.020090
506	30	37	67	1	P95	32	0.010075	0.010075	0.009913	0.009913
506	30	37	67	1	P99	36	0.023207	0.023207	0.022669	0.022669
506	30	37	67	1	P999	36	0.023207	0.023207	0.022669	0.022669
507	375	2	377	1	P1	1	-0.006690	-0.006690	0.000465	0.000465
507	375	2	377	1	P50	1	0.014943	0.014943	0.022198	0.022198
507	375	2	377	1	P75	1	0.026114	0.026114	0.033420	0.033420
507	375	2	377	1	P90	1	0.032948	0.032948	0.040286	0.040286
507	375	2	377	1	P95	1	0.035236	0.035236	0.042584	0.042584
507	375	2	377	1	P99	1	0.037046	0.037046	0.044403	0.044403
507	375	2	377	1	P999	28	0.014470	0.014470	0.013146	0.013146
508	3	2	5	0	P1	1	-0.012949	-0.012949	0.008727	0.008727
508	3	2	5	0	P50	1	0.004354	0.004354	0.026410	0.026410
508	3	2	5	0	P75	1	0.013119	0.013119	0.035367	0.035367
508	3	2	5	0	P90	1	0.021960	0.021960	0.044403	0.044403
508	3	2	5	0	P95	1	0.021960	0.021960	0.044403	0.044403
508	3	2	5	0	P99	1	0.021960	0.021960	0.044403	0.044403
508	3	2	5	0	P999	1	0.021960	0.021960	0.044403	0.044403
509	2	4256	4258	1	P1	1	-0.012697	-0.012697	0.000440	0.000440
509	2	4256	4258	1	P50	1	0.008644	0.008634	0.022033	0.022023
509	2	4256	4258	1	P75	1	0.019702	0.019702	0.033221	0.033221
509	2	4256	4258	1	P90	1	0.026400	0.026400	0.039998	0.039998
509	2	4256	4258	1	P95	1	0.028643	0.028643	0.042267	0.042267
509	2	4256	4258	1	P99	1	0.030437	0.030437	0.044082	0.044082
509	2	4256	4258	1	P999	2	0.028868	0.028868	-0.002850	-0.002850
510	890	7	897	1	P1	1	-0.006715	-0.006715	0.000440	0.000440
510	890	7	897	1	P50	1	0.014930	0.014930	0.022185	0.022185
510	890	7	897	1	P75	1	0.026130	0.026130	0.033436	0.033436
510	890	7	897	1	P90	1	0.032939	0.032939	0.040277	0.040277
510	890	7	897	1	P95	1	0.035219	0.035219	0.042567	0.042567
510	890	7	897	1	P99	1	0.037046	0.037046	0.044403	0.044403
510	890	7	897	1	P999	29	0.023093	0.023093	0.021645	0.021645
511	9	7	16	1	P1	1	0.001183	0.001183	0.003348	0.003348
511	9	7	16	1	P50	1	0.028404	0.024962	0.030534	0.027096
511	9	7	16	1	P75	1	0.042292	0.038802	0.044403	0.040918
511	9	7	16	1	P90	2	-0.012284	-0.012284	-0.012431	-0.012431
511	9	7	16	1	P95	2	0.002174	0.002174	0.001975	0.001975
511	9	7	16	1	P99	2	0.002174	0.002174	0.001975	0.001975
511	9	7	16	1	P999	2	0.002174	0.002174	0.001975	0.001975
512	7	7243	7250	1	P1	1	-0.009474	-0.009474	0.000441	0.000441
512	7	7243	7250	1	P50	1	0.012060	0.012054	0.022145	0.022139
512	7	7243	7250	1	P75	1	0.023222	0.023222	0.033395	0.033395
512	7	7243	7250	1	P90	1	0.029983	0.029976	0.040209	0.040203
512	7	7243	7250	1	P95	1	0.032242	0.032242	0.042486	0.042486
512	7	7243	7250	1	P99	1	0.034056	0.034056	0.044314	0.044314
512	7	7243	7250	1	P999	17	0.030534	0.030534	0.034747	0.034747
513	18	27	45	1	P1	1	-0.005488	-0.005488	0.001672	0.001672
513	18	27	45	1	P50	1	0.031848	0.031848	0.039180	0.039180
513	18	27	45	1	P75	27	-0.001531	-0.001531	-0.002702	-0.002702
513	18	27	45	1	P90	28	0.008177	0.008177	0.006878	0.006878
513	18	27	45	1	P95	29	0.001053	0.001053	-0.000308	-0.000308
513	18	27	45	1	P99	32	0.011567	0.011567	0.009913	0.009913
513	18	27	45	1	P999	32	0.011567	0.011567	0.009913	0.009913
514	18	19	37	1	P1	1	-0.007034	-0.007034	0.002901	0.002901
514	18	19	37	1	P50	27	-0.029415	-0.029415	-0.026250	-0.026250
514	18	19	37	1	P75	28	0.003749	0.003749	0.006878	0.006878
514	18	19	37	1	P90	30	0.001918	0.001918	0.016613	0.016613
514	18	19	37	1	P95	31	-0.013370	-0.013370	0.020090	0.020090
514	18	19	37	1	P99	31	-0.004742	-0.004742	0.042491	0.042491
514	18	19	37	1	P999	31	-0.004742	-0.004742	0.042491	0.042491
515	7746	30	7776	1	P1	1	-0.009476	-0.009476	0.000439	0.000439
515	7746	30	7776	1	P50	1	0.012036	0.012030	0.022121	0.022115
515	7746	30	7776	1	P75	1	0.023189	0.023183	0.033362	0.033356
515	7746	30	7776	1	P90	1	0.029937	0.029937	0.040163	0.040163
515	7746	30	7776	1	P95	1	0.032198	0.032198	0.042442	0.042442
515	7746	30	7776	1	P99	1	0.034009	0.034009	0.044267	0.044267
515	7746	30	7776	1	P999	29	-0.003358	-0.003358	-0.000308	-0.000308
516	45	30	75	0	P1	1	-0.020854	-0.020854	0.000649	0.000649
516	45	30	75	0	P50	1	0.002922	0.002922	0.024947	0.024947
516	45	30	75	0	P75	1	0.015355	0.015355	0.037652	0.037652
516	45	30	75	0	P90	2	-0.014217	-0.014217	-0.035400	-0.035400
516	45	30	75	0	P95	2	0.007431	0.007431	-0.014217	-0.014217
516	45	30	75	0	P99	2	0.023978	0.023978	0.001975	0.001975
516	45	30	75	0	P999	2	0.023978	0.023978	0.001975	0.001975
517	46	267	313	1	P1	1	-0.016134	-0.016134	0.000651	0.000651
517	46	267	313	1	P50	1	0.008688	0.008688	0.025875	0.025875
517	46	267	313	1	P75	1	0.021583	0.021583	0.038979	0.038979
517	46	267	313	1	P90	28	-0.010658	-0.010658	-0.000307	-0.000307
517	46	267	313	1	P95	29	-0.003527	-0.003527	0.010609	0.010609
517	46	267	313	1	P99	33	-0.013085	-0.013085	0.000815	0.000815
517	46	267	313	1	P999	38	-0.002063	-0.002063	0.011864	0.011864
518	1839	10	1849	1	P1	1	-0.004452	-0.004452	0.000451	0.000451
518	1839	10	1849	1	P50	1	0.017257	0.017257	0.022203	0.022203
518	1839	10	1849	1	P75	1	0.028509	0.028509	0.033476	0.033476
518	1839	10	1849	1	P90	1	0.035339	0.035339	0.040319	0.040319
518	1839	10	1849	1	P95	1	0.037610	0.037610	0.042594	0.042594
518	1839	10	1849	1	P99	2	0.003945	0.003945	-0.035982	-0.035982
518	1839	10	1849	1	P999	31	0.003319	0.003319	0.020090	0.020090
519	18	10	28	1	P1	1	-0.000428	-0.000428	0.001739	0.001739
519	18	10	28	1	P50	1	0.024274	0.022490	0.026410	0.024628
519	18	10	28	1	P75	1	0.036853	0.035047	0.038972	0.037168
519	18	10	28	1	P90	2	-0.026532	-0.026532	-0.026629	-0.026629
519	18	10	28	1	P95	2	-0.012284	-0.012284	-0.012431	-0.012431
519	18	10	28	1	P99	2	0.002174	0.002174	0.001975	0.001975
519	18	10	28	1	P999	2	0.002174	0.002174	0.001975	0.001975
520	12	491	503	1	P1	1	-0.006623	-0.006623	0.000532	0.000532
520	12	491	503	1	P50	1	0.015338	0.015338	0.022595	0.022595
520	12	491	503	1	P75	1	0.026773	0.026773	0.034083	0.034083
520	12	491	503	1	P90	1	0.033641	0.033641	0.040982	0.040982
520	12	491	503	1	P95	1	0.035941	0.035941	0.043292	0.043292
520	12	491	503	1	P99	29	0.005423	0.005423	0.010609	0.010609
520	12	491	503	1	P999	33	0.024581	0.024581	0.022793	0.022793
521	7	11	18	1	P1	1	-0.003214	-0.003214	0.003957	0.003957
521	7	11	18	1	P50	1	0.032948	0.028866	0.040286	0.036185
521	7	11	18	1	P75	27	-0.007313	-0.007313	-0.008462	-0.008462
521	7	11	18	1	P90	28	-0.000152	-0.000152	-0.001420	-0.001420
521	7	11	18	1	P95	28	0.014470	0.014470	0.013146	0.013146
521	7	11	18	1	P99	28	0.014470	0.014470	0.013146	0.013146
521	7	11	18	1	P999	28	0.014470	0.014470	0.013146	0.013146
522	7	8	15	1	P1	1	-0.013683	-0.013683	0.007267	0.007267
522	7	8	15	1	P50	28	0.001142	0.001142	-0.008624	-0.008624
522	7	8	15	1	P75	29	0.000811	0.000811	0.021645	0.021645
522	7	8	15	1	P90	30	0.010413	0.010413	0.031442	0.031442
522	7	8	15	1	P95	31	0.021242	0.021242	0.042491	0.042491
522	7	8	15	1	P99	31	0.021242	0.021242	0.042491	0.042491
522	7	8	15	1	P999	31	0.021242	0.021242	0.042491	0.042491
523	445	7	452	1	P1	1	-0.009423	-0.009423	0.000493	0.000493
523	445	7	452	1	P50	1	0.012526	0.012426	0.022615	0.022514
523	445	7	452	1	P75	1	0.023884	0.023783	0.034062	0.033960
523	445	7	452	1	P90	1	0.030678	0.030678	0.040910	0.040910
523	445	7	452	1	P95	1	0.033021	0.033021	0.043271	0.043271
523	445	7	452	1	P99	27	0.002798	0.002798	0.006001	0.006001
523	445	7	452	1	P999	32	0.007057	0.007057	0.009913	0.009913
524	9	7	16	0	P1	1	-0.018650	-0.018650	0.002901	0.002901
524	9	7	16	0	P50	1	0.004354	0.001449	0.026410	0.023441
524	9	7	16	0	P75	1	0.016057	0.013119	0.038370	0.035367
524	9	7	16	0	P90	1	0.021960	0.021960	0.044403	0.044403
524	9	7	16	0	P95	2	0.023978	0.023978	0.001975	0.001975
524	9	7	16	0	P99	2	0.023978	0.023978	0.001975	0.001975
524	9	7	16	0	P999	2	0.023978	0.023978	0.001975	0.001975
525	7	1493	1500	1	P1	1	-0.016315	-0.016343	0.000468	0.000438
525	7	1493	1500	1	P50	1	0.005056	0.005026	0.022184	0.022154
525	7	1493	1500	1	P75	1	0.016137	0.016108	0.033445	0.033415
525	7	1493	1500	1	P90	1	0.022845	0.022815	0.040261	0.040231
525	7	1493	1500	1	P95	1	0.025090	0.025060	0.042543	0.042512
525	7	1493	1500	1	P99	1	0.026890	0.026860	0.044372	0.044342
525	7	1493	1500	1	P999	30	0.006065	0.006065	0.020300	0.020300
526	8	12	20	1	P1	1	-0.009221	-0.009221	0.003957	0.003957
526	8	12	20	1	P50	1	0.030753	0.026684	0.044403	0.040286
526	8	12	20	1	P75	28	-0.012523	-0.021079	-0.004308	-0.012922
526	8	12	20	1	P90	29	-0.008499	-0.029836	-0.000308	-0.021790
526	8	12	20	1	P95	29	0.013307	-0.008499	0.021645	-0.000308
526	8	12	20	1	P99	29	0.013307	0.013307	0.021645	0.021645
526	8	12	20	1	P999	29	0.013307	0.013307	0.021645	0.021645
527	8	10	18	1	P1	1	-0.003431	-0.003431	0.008727	0.008727
527	8	10	18	1	P50	28	-0.020242	-0.034360	-0.015777	-0.029927
527	8	10	18	1	P75	29	0.017180	0.017180	0.021645	0.021645
527	8	10	18	1	P90	32	0.005699	0.005699	0.009913	0.009913
527	8	10	18	1	P95	35	0.003165	0.003165	0.007168	0.007168
527	8	10	18	1	P99	35	0.003165	0.003165	0.007168	0.007168
527	8	10	18	1	P999	35	0.003165	0.003165	0.007168	0.007168
528	202	1410	1612	0	P1	1	-0.021036	-0.021036	0.000462	0.000462
528	202	1410	1612	0	P50	1	0.000190	0.000163	0.022154	0.022127
528	202	1410	1612	0	P75	1	0.011195	0.011168	0.033401	0.033373
528	202	1410	1612	0	P90	1	0.017834	0.017834	0.040186	0.040186
528	202	1410	1612	0	P95	1	0.020075	0.020075	0.042476	0.042476
528	202	1410	1612	0	P99	1	0.021849	0.021849	0.044289	0.044289
528	202	1410	1612	0	P999	3	0.009278	0.009278	0.031442	0.031442
529	12	21	33	1	P1	1	-0.010983	-0.010983	0.002175	0.002175
529	12	21	33	1	P50	1	0.024048	0.024048	0.037619	0.037619
529	12	21	33	1	P75	27	-0.013131	-0.013131	-0.004866	-0.004866
529	12	21	33	1	P90	29	-0.015663	-0.015663	-0.007521	-0.007521
529	12	21	33	1	P95	29	0.013307	0.013307	0.021645	0.021645
529	12	21	33	1	P99	30	0.023090	0.023090	0.031442	0.031442
529	12	21	33	1	P999	30	0.023090	0.023090	0.031442	0.031442
530	12	16	28	1	P1	1	-0.011416	-0.011416	0.005445	0.005445
530	12	16	28	1	P50	27	0.018084	0.009268	0.006001	-0.008462
530	12	16	28	1	P75	29	0.000090	-0.007131	0.014274	0.006957
530	12	16	28	1	P90	31	-0.001378	-0.001378	0.012730	0.012730
530	12	16	28	1	P95	31	0.013201	0.013201	0.027503	0.027503
530	12	16	28	1	P99	32	-0.004132	-0.004132	0.009913	0.009913
530	12	16	28	1	P999	32	-0.004132	-0.004132	0.009913	0.009913
531	49	170	219	0	P1	1	-0.020903	-0.020903	0.000598	0.000598
531	49	170	219	0	P50	1	0.000199	0.000199	0.022164	0.022164
531	49	170	219	0	P75	1	0.011223	0.011223	0.033429	0.033429
531	49	170	219	0	P90	1	0.017895	0.017895	0.040248	0.040248
531	49	170	219	0	P95	1	0.020129	0.020129	0.042531	0.042531
531	49	170	219	0	P99	1	0.021757	0.021757	0.044194	0.044194
531	49	170	219	0	P999	2	0.023978	0.023978	0.001975	0.001975
532	3	5	8	1	P1	1	-0.004507	-0.004507	0.008727	0.008727
532	3	5	8	1	P50	1	0.030753	0.021823	0.044403	0.035367
532	3	5	8	1	P75	28	0.004813	-0.037969	0.013146	-0.029927
532	3	5	8	1	P90	29	0.013307	0.013307	0.021645	0.021645
532	3	5	8	1	P95	29	0.013307	0.013307	0.021645	0.021645
532	3	5	8	1	P99	29	0.013307	0.013307	0.021645	0.021645
532	3	5	8	1	P999	29	0.013307	0.013307	0.021645	0.021645
533	3	3	6	1	P1	1	0.004561	0.004561	0.014587	0.014587
533	3	3	6	1	P50	27	-0.018794	-0.961698	-0.015616	-0.961318
533	3	3	6	1	P75	27	0.002798	0.002798	0.006001	0.006001
533	3	3	6	1	P90	28	0.010011	0.010011	0.013146	0.013146
533	3	3	6	1	P95	28	0.010011	0.010011	0.013146	0.013146
533	3	3	6	1	P99	28	0.010011	0.010011	0.013146	0.013146
533	3	3	6	1	P999	28	0.010011	0.010011	0.013146	0.013146
534	201	252	453	0	P1	1	-0.021019	-0.021019	0.000480	0.000480
534	201	252	453	0	P50	1	0.000048	0.000048	0.022009	0.022009
534	201	252	453	0	P75	1	0.010945	0.010945	0.033145	0.033145
534	201	252	453	0	P90	1	0.017559	0.017559	0.039905	0.039905
534	201	252	453	0	P95	1	0.019806	0.019806	0.042201	0.042201
534	201	252	453	0	P99	1	0.021568	0.021568	0.044002	0.044002
534	201	252	453	0	P999	1	0.021960	0.021960	0.044403	0.044403
535	19	31	50	1	P1	1	-0.005757	-0.005757	0.001402	0.001402
535	19	31	50	1	P50	1	0.029787	0.028341	0.037110	0.035657
535	19	31	50	1	P75	27	-0.017554	-0.017554	-0.018666	-0.018666
535	19	31	50	1	P90	28	-0.000152	-0.007384	-0.001420	-0.008624
535	19	31	50	1	P95	28	0.014470	0.014470	0.013146	0.013146
535	19	31	50	1	P99	30	-0.011011	-0.011011	0.031442	0.031442
535	19	31	50	1	P999	30	-0.011011	-0.011011	0.031442	0.031442
536	19	19	38	1	P1	1	-0.006828	-0.006828	0.003108	0.003108
536	19	19	38	1	P50	27	-0.025887	-0.923136	-0.022718	-0.925780
536	19	19	38	1	P75	29	-0.012612	-0.012612	-0.009572	-0.009572
536	19	19	38	1	P90	30	-0.004604	-0.004604	-0.001625	-0.001625
536	19	19	38	1	P95	30	0.017301	0.017301	0.020300	0.020300
536	19	19	38	1	P99	30	0.028433	0.028433	0.031442	0.031442
536	19	19	38	1	P999	30	0.028433	0.028433	0.031442	0.031442
537	433	10	443	1	P1	1	-0.009414	-0.009414	0.000502	0.000502
537	433	10	443	1	P50	1	0.012436	0.012436	0.022524	0.022524
537	433	10	443	1	P75	1	0.023798	0.023798	0.033976	0.033976
537	433	10	443	1	P90	1	0.030614	0.030614	0.040846	0.040846
537	433	10	443	1	P95	1	0.032896	0.032896	0.043146	0.043146
537	433	10	443	1	P99	27	0.002798	0.002798	0.006001	0.006001
537	433	10	443	1	P999	28	0.010011	0.010011	0.013146	0.013146
538	14	9	23	0	P1	1	-0.019554	-0.019554	0.001977	0.001977
538	14	9	23	0	P50	1	0.001977	0.001977	0.023980	0.023980
538	14	9	23	0	P75	1	0.013919	0.013919	0.036185	0.036185
538	14	9	23	0	P90	1	0.019944	0.019944	0.042342	0.042342
538	14	9	23	0	P95	1	0.021960	0.021960	0.044403	0.044403
538	14	9	23	0	P99	2	0.023978	0.023978	0.001975	0.001975
538	14	9	23	0	P999	2	0.023978	0.023978	0.001975	0.001975
539	9	390	399	1	P1	1	-0.016336	-0.016336	0.000446	0.000446
539	9	390	399	1	P50	1	0.005396	0.005396	0.022530	0.022530
539	9	390	399	1	P75	1	0.016668	0.016668	0.033984	0.033984
539	9	390	399	1	P90	1	0.023491	0.023491	0.040918	0.040918
539	9	390	399	1	P95	1	0.025776	0.025776	0.043240	0.043240
539	9	390	399	1	P99	29	0.007364	0.007364	0.021645	0.021645
539	9	390	399	1	P999	30	0.017061	0.017061	0.031442	0.031442
540	15	22	37	1	P1	1	-0.005185	-0.005185	0.001977	0.001977
540	15	22	37	1	P50	1	0.030905	0.030905	0.038233	0.038233
540	15	22	37	1	P75	27	-0.014493	-0.014493	-0.015616	-0.015616
540	15	22	37	1	P90	28	0.014470	0.014470	0.013146	0.013146
540	15	22	37	1	P95	30	-0.011011	-0.011011	0.031442	0.031442
540	15	22	37	1	P99	31	-0.000306	-0.000306	0.042491	0.042491
540	15	22	37	1	P999	31	-0.000306	-0.000306	0.042491	0.042491
541	15	17	32	1	P1	1	-0.005195	-0.005195	0.003627	0.003627
541	15	17	32	1	P50	27	-0.017059	-0.038227	-0.015616	-0.036769
541	15	17	32	1	P75	29	-0.005916	-0.014536	-0.004642	-0.013253
541	15	17	32	1	P90	30	0.000805	0.000805	0.031442	0.031442
541	15	17	32	1	P95	31	-0.002953	-0.002953	0.027503	0.027503
541	15	17	32	1	P99	32	0.008876	0.008876	0.009913	0.009913
541	15	17	32	1	P999	32	0.008876	0.008876	0.009913	0.009913
542	142	2	144	1	P1	1	-0.009304	-0.009304	0.000612	0.000612
542	142	2	144	1	P50	1	0.012497	0.012186	0.022586	0.022273
542	142	2	144	1	P75	1	0.023733	0.023420	0.033911	0.033595
542	142	2	144	1	P90	1	0.030346	0.030346	0.040575	0.040575
542	142	2	144	1	P95	1	0.032559	0.032559	0.042806	0.042806
542	142	2	144	1	P99	27	0.002798	0.002798	0.006001	0.006001
542	142	2	144	1	P999	28	0.010011	0.010011	0.013146	0.013146
543	3	2	5	0	P1	1	-0.012949	-0.012949	0.008727	0.008727
543	3	2	5	0	P50	1	0.004354	0.004354	0.026410	0.026410
543	3	2	5	0	P75	1	0.013119	0.013119	0.035367	0.035367
543	3	2	5	0	P90	1	0.021960	0.021960	0.044403	0.044403
543	3	2	5	0	P95	1	0.021960	0.021960	0.044403	0.044403
543	3	2	5	0	P99	1	0.021960	0.021960	0.044403	0.044403
543	3	2	5	0	P999	1	0.021960	0.021960	0.044403	0.044403
544	2	2193	2195	1	P1	1	-0.009475	-0.009475	0.000440	0.000440
544	2	2193	2195	1	P50	1	0.012120	0.012120	0.022205	0.022205
544	2	2193	2195	1	P75	1	0.023318	0.023318	0.033492	0.033492
544	2	2193	2195	1	P90	1	0.030089	0.030089	0.040316	0.040316
544	2	2193	2195	1	P95	1	0.032362	0.032362	0.042608	0.042608
544	2	2193	2195	1	P99	2	-0.002206	-0.002206	-0.036447	-0.036447
544	2	2193	2195	1	P999	8	0.044741	0.044741	0.005936	0.005936
545	9	14	23	1	P1	1	-0.001561	-0.001561	0.003348	0.003348
545	9	14	23	1	P50	1	0.035937	0.035937	0.040918	0.040918
545	9	14	23	1	P75	26	-0.009564	-0.009564	-0.008375	-0.008375
545	9	14	23	1	P90	28	-0.003828	-0.003828	-0.008624	-0.008624
545	9	14	23	1	P95	28	0.018113	0.018113	0.013146	0.013146
545	9	14	23	1	P99	29	0.026784	0.026784	0.021645	0.021645
545	9	14	23	1	P999	29	0.026784	0.026784	0.021645	0.021645
546	9	9	18	1	P1	1	-0.007751	-0.007751	0.005445	0.005445
546	9	9	18	1	P50	27	-0.002338	-0.923418	0.006001	-0.925780
546	9	9	18	1	P75	28	-0.003893	-0.003893	0.004381	0.004381
546	9	9	18	1	P90	31	0.034116	0.034116	0.042491	0.042491
546	9	9	18	1	P95	35	-0.000795	-0.000795	0.007168	0.007168
546	9	9	18	1	P99	35	-0.000795	-0.000795	0.007168	0.007168
546	9	9	18	1	P999	35	-0.000795	-0.000795	0.007168	0.007168
547	12	2	14	1	P1	1	-0.015367	-0.015367	0.004354	0.004354
547	12	2	14	1	P50	1	0.015047	0.010645	0.035367	0.030879
547	12	2	14	1	P75	2	0.004108	0.004108	-0.019556	-0.019556
547	12	2	14	1	P90	27	0.031174	0.031174	0.006001	0.006001
547	12	2	14	1	P95	37	0.020030	0.020030	0.039211	0.039211
547	12	2	14	1	P99	37	0.020030	0.020030	0.039211	0.039211
547	12	2	14	1	P999	37	0.020030	0.020030	0.039211	0.039211
548	3	2	5	0	P1	1	-0.009171	-0.009171	0.014587	0.014587
548	3	2	5	0	P50	1	0.019946	0.019946	0.044403	0.044403
548	3	2	5	0	P75	2	0.000000	0.000000	-0.019556	-0.019556
548	3	2	5	0	P90	2	0.021960	0.021960	0.001975	0.001975
548	3	2	5	0	P95	2	0.021960	0.021960	0.001975	0.001975
548	3	2	5	0	P99	2	0.021960	0.021960	0.001975	0.001975
548	3	2	5	0	P999	2	0.021960	0.021960	0.001975	0.001975
549	2	2600	2602	1	P1	1	-0.018308	-0.018308	0.000454	0.000454
549	2	2600	2602	1	P50	1	0.002974	0.002957	0.022132	0.022115
549	2	2600	2602	1	P75	1	0.014001	0.014001	0.033364	0.033364
549	2	2600	2602	1	P90	1	0.020675	0.020675	0.040162	0.040162
549	2	2600	2602	1	P95	1	0.022909	0.022909	0.042438	0.042438
549	2	2600	2602	1	P99	1	0.024700	0.024700	0.044262	0.044262
549	2	2600	2602	1	P999	2	0.027209	0.027209	0.001975	0.001975
550	7	10	17	1	P1	1	-0.005592	-0.005592	0.004354	0.004354
550	7	10	17	1	P50	1	0.029651	0.029651	0.039875	0.039875
550	7	10	17	1	P75	27	-0.008057	-0.008057	-0.004866	-0.004866
550	7	10	17	1	P90	28	0.010011	0.010011	0.013146	0.013146
550	7	10	17	1	P95	30	0.028433	0.028433	0.031442	0.031442
550	7	10	17	1	P99	30	0.028433	0.028433	0.031442	0.031442
550	7	10	17	1	P999	30	0.028433	0.028433	0.031442	0.031442
551	6	8	14	1	P1	1	-0.010106	-0.010106	0.010920	0.010920
551	6	8	14	1	P50	28	0.001142	-0.007520	-0.021462	-0.029927
551	6	8	14	1	P75	28	0.027585	0.027585	0.004381	0.004381
551	6	8	14	1	P90	30	0.010413	0.010413	0.031442	0.031442
551	6	8	14	1	P95	31	0.021242	0.021242	0.042491	0.042491
551	6	8	14	1	P99	31	0.021242	0.021242	0.042491	0.042491
551	6	8	14	1	P999	31	0.021242	0.021242	0.042491	0.042491
552	272	963	1235	0	P1	1	-0.021040	-0.021040	0.000458	0.000458
552	272	963	1235	0	P50	1	0.000053	0.000053	0.022014	0.022014
552	272	963	1235	0	P75	1	0.011001	0.011001	0.033202	0.033202
552	272	963	1235	0	P90	1	0.017612	0.017612	0.039959	0.039959
552	272	963	1235	0	P95	1	0.019838	0.019838	0.042234	0.042234
552	272	963	1235	0	P99	1	0.021600	0.021600	0.044035	0.044035
552	272	963	1235	0	P999	2	0.001975	0.001975	-0.019556	-0.019556
553	1383	6	1389	1	P1	1	-0.006714	-0.006714	0.000441	0.000441
553	1383	6	1389	1	P50	1	0.014866	0.014866	0.022121	0.022121
553	1383	6	1389	1	P75	1	0.026042	0.026042	0.033348	0.033348
553	1383	6	1389	1	P90	1	0.032833	0.032833	0.040170	0.040170
553	1383	6	1389	1	P95	1	0.035084	0.035084	0.042432	0.042432
553	1383	6	1389	1	P99	1	0.036915	0.036915	0.044271	0.044271
553	1383	6	1389	1	P999	29	0.023093	0.023093	0.021645	0.021645
554	9	6	15	0	P1	1	-0.018650	-0.018650	0.002901	0.002901
554	9	6	15	0	P50	1	0.001449	0.001449	0.023441	0.023441
554	9	6	15	0	P75	1	0.013119	0.013119	0.035367	0.035367
554	9	6	15	0	P90	1	0.019004	0.019004	0.041382	0.041382
554	9	6	15	0	P95	1	0.021960	0.021960	0.044403	0.044403
554	9	6	15	0	P99	1	0.021960	0.021960	0.044403	0.044403
554	9	6	15	0	P999	1	0.021960	0.021960	0.044403	0.044403
555	6	291	297	1	P1	1	-0.012688	-0.012688	0.000450	0.000450
555	6	291	297	1	P50	1	0.009177	0.009177	0.022573	0.022573
555	6	291	297	1	P75	1	0.020444	0.020444	0.033972	0.033972
555	6	291	297	1	P90	1	0.027357	0.027357	0.040966	0.040966
555	6	291	297	1	P95	1	0.029671	0.029671	0.043308	0.043308
555	6	291	297	1	P99	29	-0.001283	-0.001283	0.006957	0.006957
555	6	291	297	1	P999	31	0.034116	0.034116	0.042491	0.042491
556	5	7	12	1	P1	1	-0.005950	-0.005950	0.007267	0.007267
556	5	7	12	1	P50	2	0.033854	-0.484623	0.001975	-0.477799
556	5	7	12	1	P75	28	-0.016810	-0.037969	-0.008624	-0.029927
556	5	7	12	1	P90	28	0.004813	0.004813	0.013146	0.013146
556	5	7	12	1	P95	29	0.013307	0.013307	0.021645	0.021645
556	5	7	12	1	P99	29	0.013307	0.013307	0.021645	0.021645
556	5	7	12	1	P999	29	0.013307	0.013307	0.021645	0.021645
557	5	5	10	1	P1	1	-0.004061	-0.004061	0.014587	0.014587
557	5	5	10	1	P50	27	0.005289	-0.923853	0.006001	-0.925780
557	5	5	10	1	P75	28	-0.002098	-0.002098	0.013146	0.013146
557	5	5	10	1	P90	309	0.032682	-0.901358	0.001400	-0.899860
557	5	5	10	1	P95	309	0.032682	0.032682	0.001400	0.001400
557	5	5	10	1	P99	309	0.032682	0.032682	0.001400	0.001400
557	5	5	10	1	P999	309	0.032682	0.032682	0.001400	0.001400
558	2329	12	2341	1	P1	1	-0.016332	-0.016332	0.000450	0.000450
558	2329	12	2341	1	P50	1	0.005043	0.005043	0.022171	0.022171
558	2329	12	2341	1	P75	1	0.016123	0.016123	0.033430	0.033430
558	2329	12	2341	1	P90	1	0.022829	0.022829	0.040245	0.040245
558	2329	12	2341	1	P95	1	0.025074	0.025074	0.042527	0.042527
558	2329	12	2341	1	P99	1	0.026882	0.026882	0.044363	0.044363
558	2329	12	2341	1	P999	29	0.007364	0.007364	0.021645	0.021645
559	18	12	30	0	P1	1	-0.019852	-0.019852	0.001672	0.001672
559	18	12	30	0	P50	1	0.005025	0.003348	0.027096	0.025381
559	18	12	30	0	P75	1	0.016850	0.016850	0.039180	0.039180
559	18	12	30	0	P90	2	0.001975	-0.008849	-0.019556	-0.030147
559	18	12	30	0	P95	2	0.012917	0.012917	-0.008849	-0.008849
559	18	12	30	0	P99	2	0.023978	0.023978	0.001975	0.001975
559	18	12	30	0	P999	2	0.023978	0.023978	0.001975	0.001975
560	15	1732	1747	1	P1	1	-0.009462	-0.009462	0.000453	0.000453
560	15	1732	1747	1	P50	1	0.012131	0.012131	0.022217	0.022217
560	15	1732	1747	1	P75	1	0.023336	0.023336	0.033510	0.033510
560	15	1732	1747	1	P90	1	0.030113	0.030113	0.040340	0.040340
560	15	1732	1747	1	P95	1	0.032373	0.032373	0.042619	0.042619
560	15	1732	1747	1	P99	2	0.015321	0.015321	-0.019556	-0.019556
560	15	1732	1747	1	P999	34	-0.010008	-0.010008	0.036790	0.036790
561	3	4	7	1	P1	1	0.000923	0.000923	0.010920	0.010920
561	3	4	7	1	P50	1	0.034143	0.034143	0.044403	0.044403
561	3	4	7	1	P75	28	-0.011737	-0.011737	-0.008624	-0.008624
561	3	4	7	1	P90	28	0.010011	0.010011	0.013146	0.013146
561	3	4	7	1	P95	28	0.010011	0.010011	0.013146	0.013146
561	3	4	7	1	P99	28	0.010011	0.010011	0.013146	0.013146
561	3	4	7	1	P999	28	0.010011	0.010011	0.013146	0.013146
562	3	3	6	1	P1	1	0.011876	0.011876	0.021960	0.021960
562	3	3	6	1	P50	27	0.002798	-0.923136	0.006001	-0.925780
562	3	3	6	1	P75	28	0.010011	0.010011	0.013146	0.013146
562	3	3	6	1	P90	30	0.028433	0.028433	0.031442	0.031442
562	3	3	6	1	P95	30	0.028433	0.028433	0.031442	0.031442
562	3	3	6	1	P99	30	0.028433	0.028433	0.031442	0.031442
562	3	3	6	1	P999	30	0.028433	0.028433	0.031442	0.031442
563	1732	9	1741	1	P1	1	-0.012686	-0.012686	0.000452	0.000452
563	1732	9	1741	1	P50	1	0.008724	0.008724	0.022114	0.022114
563	1732	9	1741	1	P75	1	0.019820	0.019820	0.033341	0.033341
563	1732	9	1741	1	P90	1	0.026537	0.026537	0.040136	0.040136
563	1732	9	1741	1	P95	1	0.028785	0.028785	0.042411	0.042411
563	1732	9	1741	1	P99	1	0.030598	0.030598	0.044245	0.044245
563	1732	9	1741	1	P999	29	-0.001283	-0.001283	0.006957	0.006957
564	10	8	18	1	P1	1	0.000553	0.000553	0.002719	0.002719
564	10	8	18	1	P50	1	0.025391	0.022601	0.027525	0.024739
564	10	8	18	1	P75	1	0.036627	0.036627	0.038746	0.038746
564	10	8	18	1	P90	2	-0.019434	-0.019434	-0.019556	-0.019556
564	10	8	18	1	P95	2	0.002174	0.002174	0.001975	0.001975
564	10	8	18	1	P99	2	0.002174	0.002174	0.001975	0.001975
564	10	8	18	1	P999	2	0.002174	0.002174	0.001975	0.001975
565	8	28	36	1	P1	1	-0.008371	-0.008371	0.001553	0.001553
565	8	28	36	1	P50	1	0.019773	0.018189	0.029919	0.028323
565	8	28	36	1	P75	1	0.034143	0.032537	0.044403	0.042783
565	8	28	36	1	P90	28	0.010011	0.010011	0.013146	0.013146
565	8	28	36	1	P95	30	0.006289	0.006289	0.031442	0.031442
565	8	28	36	1	P99	31	-0.004742	-0.004742	0.042491	0.042491
565	8	28	36	1	P999	31	-0.004742	-0.004742	0.042491	0.042491
566	38	1242	1280	0	P1	1	-0.021055	-0.021055	0.000443	0.000443
566	38	1242	1280	0	P50	1	0.000119	0.000085	0.022082	0.022047
566	38	1242	1280	0	P75	1	0.011084	0.011050	0.033288	0.033252
566	38	1242	1280	0	P90	1	0.017721	0.017686	0.040070	0.040034
566	38	1242	1280	0	P95	1	0.019942	0.019908	0.042341	0.042305
566	38	1242	1280	0	P99	1	0.021716	0.021716	0.044153	0.044153
566	38	1242	1280	0	P999	2	0.015120	0.015120	-0.006694	-0.006694
567	4834	790	5624	0	P1	1	-0.021056	-0.021056	0.000442	0.000442
567	4834	790	5624	0	P50	1	0.000085	0.000078	0.022047	0.022039
567	4834	790	5624	0	P75	1	0.011046	0.011038	0.033249	0.033241
567	4834	790	5624	0	P90	1	0.017675	0.017675	0.040023	0.040023
567	4834	790	5624	0	P95	1	0.019894	0.019894	0.042291	0.042291
567	4834	790	5624	0	P99	1	0.021675	0.021675	0.044111	0.044111
567	4834	790	5624	0	P999	2	0.014655	0.014655	-0.007148	-0.007148
568	20	32	52	1	P1	1	-0.003546	-0.003546	0.001359	0.001359
568	20	32	52	1	P50	1	0.032362	0.030958	0.037337	0.035929
568	20	32	52	1	P75	28	-0.019210	-0.025296	-0.023888	-0.029927
568	20	32	52	1	P90	29	-0.002613	-0.002613	0.021645	0.021645
568	20	32	52	1	P95	32	-0.006627	-0.006627	-0.011788	-0.011788
568	20	32	52	1	P99	237	0.017288	0.017288	0.006028	0.006028
568	20	32	52	1	P999	237	0.017288	0.017288	0.006028	0.006028
569	20	24	44	1	P1	1	-0.010603	-0.010603	0.002559	0.002559
569	20	24	44	1	P50	28	-0.030967	-0.037969	-0.022878	-0.029927
569	20	24	44	1	P75	29	0.002345	-0.003092	0.010609	0.005136
569	20	24	44	1	P90	31	0.011862	0.011862	0.020090	0.020090
569	20	24	44	1	P95	33	-0.014366	-0.014366	-0.006405	-0.006405
569	20	24	44	1	P99	33	0.014642	0.014642	0.022793	0.022793
569	20	24	44	1	P999	33	0.014642	0.014642	0.022793	0.022793
570	739	3	742	1	P1	1	-0.009441	-0.009441	0.000474	0.000474
570	739	3	742	1	P50	1	0.012207	0.012147	0.022293	0.022233
570	739	3	742	1	P75	1	0.023390	0.023390	0.033564	0.033564
570	739	3	742	1	P90	1	0.030159	0.030159	0.040387	0.040387
570	739	3	742	1	P95	1	0.032425	0.032425	0.042671	0.042671
570	739	3	742	1	P99	2	0.010910	0.010910	-0.023806	-0.023806
570	739	3	742	1	P999	29	0.018574	0.018574	0.021645	0.021645
571	5	3	8	1	P1	1	0.004064	0.004064	0.006226	0.006226
571	5	3	8	1	P50	1	0.029390	0.023000	0.031519	0.025136
571	5	3	8	1	P75	1	0.042292	0.035821	0.044403	0.037941
571	5	3	8	1	P90	2	0.002174	0.002174	0.001975	0.001975
571	5	3	8	1	P95	2	0.002174	0.002174	0.001975	0.001975
571	5	3	8	1	P99	2	0.002174	0.002174	0.001975	0.001975
571	5	3	8	1	P999	2	0.002174	0.002174	0.001975	0.001975
572	3	2367	2370	1	P1	1	-0.012696	-0.012696	0.000442	0.000442
572	3	2367	2370	1	P50	1	0.008665	0.008646	0.022054	0.022035
572	3	2367	2370	1	P75	1	0.019724	0.019724	0.033244	0.033244
572	3	2367	2370	1	P90	1	0.026433	0.026415	0.040032	0.040013
572	3	2367	2370	1	P95	1	0.028667	0.028667	0.042292	0.042292
572	3	2367	2370	1	P99	1	0.030469	0.030469	0.044114	0.044114
572	3	2367	2370	1	P999	28	-0.016810	-0.016810	-0.008624	-0.008624
573	508	118	626	0	P1	1	-0.021012	-0.021012	0.000487	0.000487
573	508	118	626	0	P50	1	0.000104	0.000035	0.022067	0.021996
573	508	118	626	0	P75	1	0.011008	0.011008	0.033210	0.033210
573	508	118	626	0	P90	1	0.017636	0.017636	0.039983	0.039983
573	508	118	626	0	P95	1	0.019831	0.019831	0.042227	0.042227
573	508	118	626	0	P99	1	0.021605	0.021605	0.044040	0.044040
573	508	118	626	0	P999	2	0.023978	0.023978	0.001975	0.001975
574	2	4	6	1	P1	1	-0.002339	-0.002339	0.010920	0.010920
574	2	4	6	1	P50	1	0.030753	0.019602	0.044403	0.033120
574	2	4	6	1	P75	28	0.004813	0.004813	0.013146	0.013146
574	2	4	6	1	P90	29	0.013307	0.013307	0.021645	0.021645
574	2	4	6	1	P95	29	0.013307	0.013307	0.021645	0.021645
574	2	4	6	1	P99	29	0.013307	0.013307	0.021645	0.021645
574	2	4	6	1	P999	29	0.013307	0.013307	0.021645	0.021645
575	2	3	5	1	P1	1	0.034143	0.034143	0.044403	0.044403
575	2	3	5	1	P50	27	0.002798	0.002798	0.006001	0.006001
575	2	3	5	1	P75	28	-0.011737	-0.011737	-0.008624	-0.008624
575	2	3	5	1	P90	28	0.010011	0.010011	0.013146	0.013146
575	2	3	5	1	P95	28	0.010011	0.010011	0.013146	0.013146
575	2	3	5	1	P99	28	0.010011	0.010011	0.013146	0.013146
575	2	3	5	1	P999	28	0.010011	0.010011	0.013146	0.013146
576	8	26	34	0	P1	1	-0.020237	-0.020237	0.001279	0.001279
576	8	26	34	0	P50	1	0.001279	0.000000	0.023267	0.021960
576	8	26	34	0	P75	1	0.011567	0.011567	0.033781	0.033781
576	8	26	34	0	P90	1	0.018050	0.018050	0.040407	0.040407
576	8	26	34	0	P95	1	0.020655	0.020655	0.043069	0.043069
576	8	26	34	0	P99	1	0.021960	0.021960	0.044403	0.044403
576	8	26	34	0	P999	1	0.021960	0.021960	0.044403	0.044403
577	2	5669	5671	0	P1	1	-0.021060	-0.021060	0.000438	0.000438
577	2	5669	5671	0	P50	1	0.000046	0.000046	0.022007	0.022007
577	2	5669	5671	0	P75	1	0.010990	0.010990	0.033192	0.033192
577	2	5669	5671	0	P90	1	0.017608	0.017608	0.039955	0.039955
577	2	5669	5671	0	P95	1	0.019829	0.019829	0.042224	0.042224
577	2	5669	5671	0	P99	1	0.021607	0.021607	0.044042	0.044042
577	2	5669	5671	0	P999	2	0.003955	0.003955	-0.017618	-0.017618
578	59	1406	1465	0	P1	1	-0.021052	-0.021052	0.000446	0.000446
578	59	1406	1465	0	P50	1	0.000045	0.000045	0.022006	0.022006
578	59	1406	1465	0	P75	1	0.010973	0.010973	0.033174	0.033174
578	59	1406	1465	0	P90	1	0.017599	0.017599	0.039946	0.039946
578	59	1406	1465	0	P95	1	0.019808	0.019808	0.042203	0.042203
578	59	1406	1465	0	P99	1	0.021596	0.021596	0.044030	0.044030
578	59	1406	1465	0	P999	2	0.001975	0.001975	-0.019556	-0.019556
579	4580	6	4586	1	P1	1	-0.012699	-0.012699	0.000438	0.000438
579	4580	6	4586	1	P50	1	0.008697	0.008687	0.022087	0.022077
579	4580	6	4586	1	P75	1	0.019782	0.019782	0.033302	0.033302
579	4580	6	4586	1	P90	1	0.026496	0.026496	0.040095	0.040095
579	4580	6	4586	1	P95	1	0.028740	0.028740	0.042366	0.042366
579	4580	6	4586	1	P99	1	0.030547	0.030547	0.044194	0.044194
579	4580	6	4586	1	P999	27	-0.002338	-0.002338	0.006001	0.006001
580	9	6	15	1	P1	1	0.001183	0.001183	0.003348	0.003348
580	9	6	15	1	P50	1	0.024962	0.024962	0.027096	0.027096
580	9	6	15	1	P75	1	0.038802	0.038802	0.040918	0.040918
580	9	6	15	1	P90	2	-0.019434	-0.019434	-0.019556	-0.019556
580	9	6	15	1	P95	2	0.002174	0.002174	0.001975	0.001975
580	9	6	15	1	P99	2	0.002174	0.002174	0.001975	0.001975
580	9	6	15	1	P999	2	0.002174	0.002174	0.001975	0.001975
581	6	1019	1025	1	P1	1	-0.012668	-0.012668	0.000470	0.000470
581	6	1019	1025	1	P50	1	0.008744	0.008744	0.022135	0.022135
581	6	1019	1025	1	P75	1	0.019842	0.019842	0.033363	0.033363
581	6	1019	1025	1	P90	1	0.026577	0.026577	0.040177	0.040177
581	6	1019	1025	1	P95	1	0.028817	0.028817	0.042443	0.042443
581	6	1019	1025	1	P99	1	0.030621	0.030621	0.044269	0.044269
581	6	1019	1025	1	P999	29	0.013307	0.013307	0.021645	0.021645
582	11	19	30	1	P1	1	-0.004874	-0.004874	0.002289	0.002289
582	11	19	30	1	P50	1	0.029939	0.027581	0.037263	0.034894
582	11	19	30	1	P75	27	0.007204	0.007204	0.006001	0.006001
582	11	19	30	1	P90	29	0.008346	-0.006188	0.006957	-0.007521
582	11	19	30	1	P95	29	0.023093	0.023093	0.021645	0.021645
582	11	19	30	1	P99	31	-0.000306	-0.000306	0.042491	0.042491
582	11	19	30	1	P999	31	-0.000306	-0.000306	0.042491	0.042491
583	11	11	22	1	P1	1	-0.012013	-0.012013	0.004839	0.004839
583	11	11	22	1	P50	27	0.002707	-0.923737	0.006001	-0.925780
583	11	11	22	1	P75	29	-0.014300	-0.014300	-0.000308	-0.000308
583	11	11	22	1	P90	30	-0.004812	-0.004812	0.009278	0.009278
583	11	11	22	1	P95	30	0.017061	0.017061	0.031442	0.031442
583	11	11	22	1	P99	31	0.027993	0.027993	0.042491	0.042491
583	11	11	22	1	P999	31	0.027993	0.027993	0.042491	0.042491
584	21	36	57	0	P1	1	-0.020742	-0.020742	0.000762	0.000762
584	21	36	57	0	P50	1	0.000381	0.000381	0.022350	0.022350
584	21	36	57	0	P75	1	0.011113	0.011113	0.033317	0.033317
584	21	36	57	0	P90	1	0.018073	0.018073	0.040430	0.040430
584	21	36	57	0	P95	1	0.020403	0.020403	0.042812	0.042812
584	21	36	57	0	P99	1	0.021960	0.021960	0.044403	0.044403
584	21	36	57	0	P999	1	0.021960	0.021960	0.044403	0.044403
585	2	7	9	0	P1	1	-0.016753	-0.016753	0.004839	0.004839
585	2	7	9	0	P50	1	0.002417	0.002417	0.024430	0.024430
585	2	7	9	0	P75	1	0.012141	0.012141	0.034368	0.034368
585	2	7	9	0	P90	1	0.021960	0.021960	0.044403	0.044403
585	2	7	9	0	P95	1	0.021960	0.021960	0.044403	0.044403
585	2	7	9	0	P99	1	0.021960	0.021960	0.044403	0.044403
585	2	7	9	0	P999	1	0.021960	0.021960	0.044403	0.044403
586	25	9	34	1	P1	1	-0.011413	-0.011413	0.001739	0.001739
586	25	9	34	1	P50	1	0.018272	0.016502	0.031775	0.029983
586	25	9	34	1	P75	26	-0.036435	-0.036435	-0.028277	-0.028277
586	25	9	34	1	P90	28	0.004813	0.004813	0.013146	0.013146
586	25	9	34	1	P95	29	0.013307	0.013307	0.021645	0.021645
586	25	9	34	1	P99	32	0.001800	0.001800	0.009913	0.009913
586	25	9	34	1	P999	32	0.001800	0.001800	0.009913	0.009913
587	14	9	23	0	P1	1	-0.019462	-0.019462	0.002071	0.002071
587	14	9	23	0	P50	1	0.003108	0.003108	0.025136	0.025136
587	14	9	23	0	P75	1	0.015637	0.015637	0.037941	0.037941
587	14	9	23	0	P90	1	0.021960	0.021960	0.044403	0.044403
587	14	9	23	0	P95	2	0.001975	0.001975	-0.019556	-0.019556
587	14	9	23	0	P99	2	0.023978	0.023978	0.001975	0.001975
587	14	9	23	0	P999	2	0.023978	0.023978	0.001975	0.001975
588	10	109	119	1	P1	1	-0.012344	-0.012344	0.000797	0.000797
588	10	109	119	1	P50	1	0.010788	0.010788	0.024203	0.024203
588	10	109	119	1	P75	1	0.022966	0.022966	0.036523	0.036523
588	10	109	119	1	P90	1	0.030342	0.030342	0.043986	0.043986
588	10	109	119	1	P95	29	-0.012804	-0.012804	-0.004642	-0.004642
588	10	109	119	1	P99	30	0.023090	0.023090	0.031442	0.031442
588	10	109	119	1	P999	31	0.034116	0.034116	0.042491	0.042491
589	319	18	337	1	P1	1	-0.019091	-0.019091	0.000550	0.000550
589	319	18	337	1	P50	1	0.003423	0.003423	0.023507	0.023507
589	319	18	337	1	P75	1	0.015082	0.015082	0.035396	0.035396
589	319	18	337	1	P90	1	0.022227	0.022227	0.042681	0.042681
589	319	18	337	1	P95	27	-0.006521	-0.006521	-0.030772	-0.030772
589	319	18	337	1	P99	30	-0.009418	-0.009418	0.009278	0.009278
589	319	18	337	1	P999	105	0.020024	0.020024	0.038835	0.038835
590	30	18	48	1	P1	1	-0.001157	-0.001157	0.001011	0.001011
590	30	18	48	1	P50	1	0.023444	0.022407	0.025580	0.024545
590	30	18	48	1	P75	1	0.035971	0.034921	0.038090	0.037042
590	30	18	48	1	P90	2	-0.032174	-0.032174	-0.032252	-0.032252
590	30	18	48	1	P95	2	-0.015150	-0.015150	-0.015287	-0.015287
590	30	18	48	1	P99	2	0.002174	0.002174	0.001975	0.001975
590	30	18	48	1	P999	2	0.002174	0.002174	0.001975	0.001975
591	22	8	30	1	P1	16	0.041249	0.041249	0.007923	0.007923
591	22	8	30	1	P50	29	-0.000216	-0.011019	0.010609	-0.000308
591	22	8	30	1	P75	31	-0.005329	-0.005329	0.005423	0.005423
591	22	8	30	1	P90	32	-0.000878	-0.008088	0.009913	0.002627
591	22	8	30	1	P95	47	0.005835	0.005835	0.016594	0.016594
591	22	8	30	1	P99	57	0.030658	0.030658	0.041622	0.041622
591	22	8	30	1	P999	57	0.030658	0.030658	0.041622	0.041622
592	6	2	8	1	P1	1	0.003023	0.003023	0.021960	0.021960
592	6	2	8	1	P50	25	0.000758	-0.140478	0.017936	-0.125655
592	6	2	8	1	P75	76	-0.002668	-0.663570	0.013862	-0.657799
592	6	2	8	1	P90	120	0.018892	0.018892	0.035520	0.035520
592	6	2	8	1	P95	120	0.018892	0.018892	0.035520	0.035520
592	6	2	8	1	P99	120	0.018892	0.018892	0.035520	0.035520
592	6	2	8	1	P999	120	0.018892	0.018892	0.035520	0.035520
593	7	2	9	1	P1	1	-0.014716	-0.014716	0.006226	0.006226
593	7	2	9	1	P50	1	0.010054	0.010054	0.031519	0.031519
593	7	2	9	1	P75	1	0.022671	0.022671	0.044403	0.044403
593	7	2	9	1	P90	13	0.021255	0.021255	0.042635	0.042635
593	7	2	9	1	P95	13	0.021255	0.021255	0.042635	0.042635
593	7	2	9	1	P99	13	0.021255	0.021255	0.042635	0.042635
593	7	2	9	1	P999	13	0.021255	0.021255	0.042635	0.042635
594	3	2	5	1	P1	1	0.021566	0.021566	0.044403	0.044403
594	3	2	5	1	P50	2	0.023805	0.023805	0.001975	0.001975
594	3	2	5	1	P75	57	0.020132	0.020132	0.019239	0.019239
594	3	2	5	1	P90	59	0.029326	0.029326	0.006313	0.006313
594	3	2	5	1	P95	59	0.029326	0.029326	0.006313	0.006313
594	3	2	5	1	P99	59	0.029326	0.029326	0.006313	0.006313
594	3	2	5	1	P999	59	0.029326	0.029326	0.006313	0.006313
595	3	2	5	1	P1	1	0.008765	0.008765	0.010920	0.010920
595	3	2	5	1	P50	1	0.030994	0.030994	0.033120	0.033120
595	3	2	5	1	P75	1	0.042292	0.042292	0.044403	0.044403
595	3	2	5	1	P90	2	0.002174	0.002174	0.001975	0.001975
595	3	2	5	1	P95	2	0.002174	0.002174	0.001975	0.001975
595	3	2	5	1	P99	2	0.002174	0.002174	0.001975	0.001975
595	3	2	5	1	P999	2	0.002174	0.002174	0.001975	0.001975
596	25	22	47	1	P1	1	-0.002125	-0.002125	0.001977	0.001977
596	25	22	47	1	P50	3	-0.034441	-0.034441	0.009278	0.009278
596	25	22	47	1	P75	4	-0.015144	-0.015144	-0.015246	-0.015246
596	25	22	47	1	P90	4	0.001688	0.001688	0.001533	0.001533
596	25	22	47	1	P95	5	-0.029744	-0.029744	0.012587	0.012587
596	25	22	47	1	P99	5	-0.001143	-0.001143	0.042344	0.042344
596	25	22	47	1	P999	5	-0.001143	-0.001143	0.042344	0.042344
597	3	3	6	1	P1	11	0.022911	0.022911	0.035645	0.035645
597	3	3	6	1	P50	52	0.034115	-0.742540	0.002254	-0.739341
597	3	3	6	1	P75	55	0.021128	0.021128	0.033604	0.033604
597	3	3	6	1	P90	58	0.011313	0.011313	0.023663	0.023663
597	3	3	6	1	P95	58	0.011313	0.011313	0.023663	0.023663
597	3	3	6	1	P99	58	0.011313	0.011313	0.023663	0.023663
597	3	3	6	1	P999	58	0.011313	0.011313	0.023663	0.023663
598	3	21	24	1	P1	1	0.010473	0.010473	0.014587	0.014587
598	3	21	24	1	P50	4	-0.022272	-0.024636	-0.022350	-0.024707
598	3	21	24	1	P75	4	-0.007965	-0.010364	-0.008089	-0.010481
598	3	21	24	1	P90	4	-0.000734	-0.000734	-0.000881	-0.000881
598	3	21	24	1	P95	4	0.001688	0.001688	0.001533	0.001533
598	3	21	24	1	P99	4	0.004116	0.004116	0.003953	0.003953
598	3	21	24	1	P999	4	0.004116	0.004116	0.003953	0.003953
599	21	21	42	0	P1	3	-0.034214	-0.034214	-0.009104	-0.009104
599	21	21	42	0	P50	4	-0.006662	-0.008320	-0.024164	-0.025793
599	21	21	42	0	P75	4	0.010076	0.010076	-0.007721	-0.007721
599	21	21	42	0	P90	4	0.020254	0.020254	0.002277	0.002277
599	21	21	42	0	P95	5	-0.013073	-0.013073	0.012587	0.012587
599	21	21	42	0	P99	5	0.015930	0.015930	0.042344	0.042344
599	21	21	42	0	P999	5	0.015930	0.015930	0.042344	0.042344
600	21	21	42	0	P1	3	-0.033246	-0.033246	-0.008110	-0.008110
600	21	21	42	0	P50	4	-0.003098	-0.004644	-0.020664	-0.022182
600	21	21	42	0	P75	4	0.012490	0.012490	-0.005350	-0.005350
600	21	21	42	0	P90	4	0.021960	0.021960	0.003953	0.003953
600	21	21	42	0	P95	5	-0.005901	-0.005901	0.019946	0.019946
600	21	21	42	0	P99	5	0.015930	0.015930	0.042344	0.042344
600	21	21	42	0	P999	5	0.015930	0.015930	0.042344	0.042344
601	21	21	42	0	P1	3	-0.033246	-0.033246	-0.008110	-0.008110
601	21	21	42	0	P50	4	-0.004335	-0.005776	-0.021878	-0.023294
601	21	21	42	0	P75	4	0.010189	0.010189	-0.007611	-0.007611
601	21	21	42	0	P90	4	0.019004	0.019004	0.001050	0.001050
601	21	21	42	0	P95	4	0.021960	0.021960	0.003953	0.003953
601	21	21	42	0	P99	5	0.015930	0.015930	0.042344	0.042344
601	21	21	42	0	P999	5	0.015930	0.015930	0.042344	0.042344
602	21	284	305	1	P1	1	-0.003486	-0.003486	0.000614	0.000614
602	21	284	305	1	P50	1	0.019643	0.019643	0.023766	0.023766
602	21	284	305	1	P75	1	0.031646	0.031646	0.035780	0.035780
602	21	284	305	1	P90	1	0.038979	0.038979	0.043121	0.043121
602	21	284	305	1	P95	3	-0.023864	-0.023864	0.020300	0.020300
602	21	284	305	1	P99	4	-0.003150	-0.003150	-0.003290	-0.003290
602	21	284	305	1	P999	5	-0.001143	-0.001143	0.042344	0.042344
603	21	21	42	0	P1	3	-0.034645	-0.034645	-0.009545	-0.009545
603	21	21	42	0	P50	4	-0.009010	-0.010802	-0.026471	-0.028232
603	21	21	42	0	P75	4	0.009092	0.009092	-0.008688	-0.008688
603	21	21	42	0	P90	4	0.020112	0.020112	0.002138	0.002138
603	21	21	42	0	P95	5	-0.013073	-0.013073	0.012587	0.012587
603	21	21	42	0	P99	5	0.015930	0.015930	0.042344	0.042344
603	21	21	42	0	P999	5	0.015930	0.015930	0.042344	0.042344
604	21	11	32	1	P1	1	-0.000146	-0.000146	0.003957	0.003957
604	21	11	32	1	P50	3	-0.027403	-0.032101	0.016613	0.011717
604	21	11	32	1	P75	4	-0.017526	-0.021798	-0.017620	-0.021878
604	21	11	32	1	P90	4	-0.000250	-0.000250	-0.000399	-0.000399
604	21	11	32	1	P95	5	-0.022672	-0.022672	0.019946	0.019946
604	21	11	32	1	P99	5	-0.001143	-0.001143	0.042344	0.042344
604	21	11	32	1	P999	5	-0.001143	-0.001143	0.042344	0.042344
605	4	3	7	1	P1	1	0.000693	0.000693	0.021960	0.021960
605	4	3	7	1	P50	11	0.014388	0.014388	0.035645	0.035645
605	4	3	7	1	P75	13	0.006570	0.006570	0.027644	0.027644
605	4	3	7	1	P90	13	0.021255	0.021255	0.042635	0.042635
605	4	3	7	1	P95	13	0.021255	0.021255	0.042635	0.042635
605	4	3	7	1	P99	13	0.021255	0.021255	0.042635	0.042635
605	4	3	7	1	P999	13	0.021255	0.021255	0.042635	0.042635
606	4	4	8	1	P1	1	-0.000336	-0.000336	0.010920	0.010920
606	4	4	8	1	P50	53	0.023013	-0.980513	0.027006	-0.980294
606	4	4	8	1	P75	55	0.014837	0.000220	0.018744	0.004097
606	4	4	8	1	P90	56	0.011281	0.011281	0.015147	0.015147
606	4	4	8	1	P95	56	0.011281	0.011281	0.015147	0.015147
606	4	4	8	1	P99	56	0.011281	0.011281	0.015147	0.015147
606	4	4	8	1	P999	56	0.011281	0.011281	0.015147	0.015147
607	21	12	33	1	P1	3	-0.042473	-0.042473	-0.008110	-0.008110
607	21	12	33	1	P50	4	-0.014552	-0.014552	-0.025349	-0.025349
607	21	12	33	1	P75	4	0.008602	0.008602	-0.009829	-0.009829
607	21	12	33	1	P90	4	0.040466	0.040466	-0.000004	-0.000004
607	21	12	33	1	P95	4	0.053492	0.053492	0.003953	0.003953
607	21	12	33	1	P99	7	0.015144	0.015144	0.009157	0.009157
607	21	12	33	1	P999	7	0.015144	0.015144	0.009157	0.009157
608	12	12	24	1	P1	3	-0.040386	-0.040386	-0.008110	-0.008110
608	12	12	24	1	P50	4	-0.018477	-0.023805	-0.029739	-0.032745
608	12	12	24	1	P75	4	0.015949	0.008602	-0.011504	-0.014566
608	12	12	24	1	P90	4	0.038311	0.038311	-0.002258	-0.002258
608	12	12	24	1	P95	4	0.045874	0.045874	0.000843	0.000843
608	12	12	24	1	P99	4	0.053492	0.053492	0.003953	0.003953
608	12	12	24	1	P999	4	0.053492	0.053492	0.003953	0.003953
609	12	12	24	0	P1	3	-0.030442	-0.030442	-0.005233	-0.005233
609	12	12	24	0	P50	4	-0.004816	-0.007215	-0.022350	-0.024707
609	12	12	24	0	P75	4	0.009701	0.007267	-0.008089	-0.010481
609	12	12	24	0	P90	4	0.017039	0.017039	-0.000881	-0.000881
609	12	12	24	0	P95	4	0.019497	0.019497	0.001533	0.001533
609	12	12	24	0	P99	4	0.021960	0.021960	0.003953	0.003953
609	12	12	24	0	P999	4	0.021960	0.021960	0.003953	0.003953
610	12	11	23	0	P1	3	-0.030442	-0.030442	-0.005233	-0.005233
610	12	11	23	0	P50	4	-0.004335	-0.004335	-0.021878	-0.021878
610	12	11	23	0	P75	4	0.013119	0.013119	-0.004732	-0.004732
610	12	11	23	0	P90	4	0.021960	0.021960	0.003953	0.003953
610	12	11	23	0	P95	5	-0.005901	-0.005901	0.019946	0.019946
610	12	11	23	0	P99	5	0.015930	0.015930	0.042344	0.042344
610	12	11	23	0	P999	5	0.015930	0.015930	0.042344	0.042344
611	12	20	32	0	P1	3	-0.033246	-0.033246	-0.008110	-0.008110
611	12	20	32	0	P50	4	-0.007868	-0.009825	-0.025349	-0.027272
611	12	20	32	0	P75	4	0.007930	0.005942	-0.009829	-0.011783
611	12	20	32	0	P90	4	0.015924	0.015924	-0.001977	-0.001977
611	12	20	32	0	P95	4	0.019944	0.019944	0.001973	0.001973
611	12	20	32	0	P99	4	0.021960	0.021960	0.003953	0.003953
611	12	20	32	0	P999	4	0.021960	0.021960	0.003953	0.003953
612	20	20	40	0	P1	3	-0.034645	-0.034645	-0.009545	-0.009545
612	20	20	40	0	P50	4	-0.010335	-0.012203	-0.027773	-0.029608
612	20	20	40	0	P75	4	0.008536	0.006633	-0.009234	-0.011104
612	20	20	40	0	P90	4	0.020032	0.018107	0.002059	0.000168
612	20	20	40	0	P95	5	-0.005901	-0.182432	0.019946	-0.196837
612	20	20	40	0	P99	5	0.015930	0.015930	0.042344	0.042344
612	20	20	40	0	P999	5	0.015930	0.015930	0.042344	0.042344
613	19	13	32	1	P1	1	-0.012338	-0.012338	0.003627	0.003627
613	19	13	32	1	P50	3	-0.008088	-0.012870	0.006845	0.001996
613	19	13	32	1	P75	4	0.005609	0.000157	-0.022940	-0.028232
613	19	13	32	1	P90	4	0.027714	0.027714	-0.001484	-0.001484
613	19	13	32	1	P95	5	0.005340	0.005340	0.019946	0.019946
613	19	13	32	1	P99	5	0.027439	0.027439	0.042344	0.042344
613	19	13	32	1	P999	5	0.027439	0.027439	0.042344	0.042344
614	3	3	6	1	P1	11	0.014580	0.014580	0.013391	0.013391
614	3	3	6	1	P50	52	0.007329	-0.760688	0.002254	-0.761034
614	3	3	6	1	P75	55	-0.005219	-0.005219	0.011394	0.011394
614	3	3	6	1	P90	56	0.020510	0.020510	0.015147	0.015147
614	3	3	6	1	P95	56	0.020510	0.020510	0.015147	0.015147
614	3	3	6	1	P99	56	0.020510	0.020510	0.015147	0.015147
614	3	3	6	1	P999	56	0.020510	0.020510	0.015147	0.015147
615	3	15	18	1	P1	1	0.010473	0.010473	0.014587	0.014587
615	3	15	18	1	P50	4	-0.034036	-0.259879	-0.034078	-0.226419
615	3	15	18	1	P75	4	-0.015144	-0.015144	-0.015246	-0.015246
615	3	15	18	1	P90	4	-0.000734	-0.000734	-0.000881	-0.000881
615	3	15	18	1	P95	4	0.004116	0.004116	0.003953	0.003953
615	3	15	18	1	P99	4	0.004116	0.004116	0.003953	0.003953
615	3	15	18	1	P999	4	0.004116	0.004116	0.003953	0.003953
616	11	3	14	1	P1	1	-0.014168	-0.014168	0.003957	0.003957
616	11	3	14	1	P50	1	0.013485	0.009487	0.032101	0.028033
616	11	3	14	1	P75	1	0.025572	0.025572	0.044403	0.044403
616	11	3	14	1	P90	12	0.018388	0.018388	0.035520	0.035520
616	11	3	14	1	P95	14	0.038686	0.038686	0.011149	0.011149
616	11	3	14	1	P99	14	0.038686	0.038686	0.011149	0.011149
616	11	3	14	1	P999	14	0.038686	0.038686	0.011149	0.011149
617	3	3	6	1	P1	1	0.010601	0.010601	0.021960	0.021960
617	3	3	6	1	P50	56	-0.017642	-0.962993	-0.006667	-0.964215
617	3	3	6	1	P75	56	-0.003285	-0.003285	0.015147	0.015147
617	3	3	6	1	P90	57	-0.006461	-0.006461	0.041622	0.041622
617	3	3	6	1	P95	57	-0.006461	-0.006461	0.041622	0.041622
617	3	3	6	1	P99	57	-0.006461	-0.006461	0.041622	0.041622
617	3	3	6	1	P999	57	-0.006461	-0.006461	0.041622	0.041622
618	15	802	817	1	P1	1	-0.015425	-0.015425	0.000493	0.000493
618	15	802	817	1	P50	1	0.006411	0.006411	0.022660	0.022660
618	15	802	817	1	P75	1	0.017734	0.017734	0.034154	0.034154
618	15	802	817	1	P90	1	0.024622	0.024622	0.041146	0.041146
618	15	802	817	1	P95	1	0.026928	0.026928	0.043487	0.043487
618	15	802	817	1	P99	4	0.005112	0.005112	-0.023422	-0.023422
618	15	802	817	1	P999	5	0.027439	0.027439	0.042344	0.042344
619	16	4	20	1	P1	1	0.006810	0.006810	0.010920	0.010920
619	16	4	20	1	P50	4	-0.020579	-0.023623	-0.020664	-0.023698
619	16	4	20	1	P75	4	-0.005217	-0.008308	-0.005350	-0.008431
619	16	4	20	1	P90	4	0.004116	0.000996	0.003953	0.000843
619	16	4	20	1	P95	5	-0.001143	-0.196707	0.042344	-0.196837
619	16	4	20	1	P99	5	-0.001143	-0.001143	0.042344	0.042344
619	16	4	20	1	P999	5	-0.001143	-0.001143	0.042344	0.042344
620	15	187	202	1	P1	1	-0.003395	-0.003395	0.000705	0.000705
620	15	187	202	1	P50	1	0.020119	0.019879	0.024243	0.024002
620	15	187	202	1	P75	1	0.032205	0.032205	0.036340	0.036340
620	15	187	202	1	P90	1	0.039525	0.039525	0.043667	0.043667
620	15	187	202	1	P95	3	-0.020313	-0.020313	0.024000	0.024000
620	15	187	202	1	P99	4	-0.005561	-0.005561	-0.005692	-0.005692
620	15	187	202	1	P999	4	0.004116	0.004116	0.003953	0.003953
621	2	36	38	1	P1	2	0.004563	0.004563	-0.019556	-0.019556
621	2	36	38	1	P50	12	-0.001834	-0.004542	0.016023	0.013268
621	2	36	38	1	P75	13	-0.009667	-0.009667	0.007992	0.007992
621	2	36	38	1	P90	13	0.019459	0.019459	0.037614	0.037614
621	2	36	38	1	P95	14	0.037645	0.037645	0.011149	0.011149
621	2	36	38	1	P99	15	0.011506	0.011506	0.029409	0.029409
621	2	36	38	1	P999	15	0.011506	0.011506	0.029409	0.029409
622	18	9	27	1	P1	1	-0.013817	-0.013817	0.004839	0.004839
622	18	9	27	1	P50	2	0.007770	0.007770	-0.017187	-0.017187
622	18	9	27	1	P75	101	0.006320	0.006320	0.011842	0.011842
622	18	9	27	1	P90	106	0.012393	0.012393	0.006922	0.006922
622	18	9	27	1	P95	108	0.015477	0.015477	0.009978	0.009978
622	18	9	27	1	P99	110	0.018919	0.018919	0.035645	0.035645
622	18	9	27	1	P999	110	0.018919	0.018919	0.035645	0.035645
623	36	36	72	1	P1	1	-0.009616	-0.009616	0.001553	0.001553
623	36	36	72	1	P50	51	-0.011258	-0.959365	-0.007267	-0.960707
623	36	36	72	1	P75	55	0.004046	0.001748	0.008956	0.006523
623	36	36	72	1	P90	56	0.008967	0.008967	0.015147	0.015147
623	36	36	72	1	P95	58	0.002243	0.002243	0.008945	0.008945
623	36	36	72	1	P99	62	-0.003510	-0.003510	0.000141	0.000141
623	36	36	72	1	P999	62	-0.003510	-0.003510	0.000141	0.000141
624	15	48	63	1	P1	1	-0.015019	-0.015019	0.000906	0.000906
624	15	48	63	1	P50	1	0.013038	0.013038	0.029387	0.029387
624	15	48	63	1	P75	1	0.027830	0.027830	0.044403	0.044403
624	15	48	63	1	P90	4	0.000157	0.000157	-0.028232	-0.028232
624	15	48	63	1	P95	4	0.016601	0.016601	-0.012270	-0.012270
624	15	48	63	1	P99	4	0.033316	0.033316	0.003953	0.003953
624	15	48	63	1	P999	4	0.033316	0.033316	0.003953	0.003953
625	4	9	13	1	P1	1	-0.012405	-0.012405	0.007267	0.007267
625	4	9	13	1	P50	2	-0.002713	-0.002713	-0.026629	-0.026629
625	4	9	13	1	P75	11	-0.011707	-0.011707	0.006080	0.006080
625	4	9	13	1	P90	11	0.017359	0.017359	0.035645	0.035645
625	4	9	13	1	P95	14	0.037613	0.037613	0.011149	0.011149
625	4	9	13	1	P99	14	0.037613	0.037613	0.011149	0.011149
625	4	9	13	1	P999	14	0.037613	0.037613	0.011149	0.011149
626	2	2	4	1	P1	1	0.032835	0.032835	0.044403	0.044403
626	2	2	4	1	P50	53	0.023013	-0.960898	0.027006	-0.962190
626	2	2	4	1	P75	56	0.011281	-0.031791	0.015147	-0.028012
626	2	2	4	1	P90	56	0.011281	0.011281	0.015147	0.015147
626	2	2	4	1	P95	56	0.011281	0.011281	0.015147	0.015147
626	2	2	4	1	P99	56	0.011281	0.011281	0.015147	0.015147
626	2	2	4	1	P999	56	0.011281	0.011281	0.015147	0.015147
627	14	16	30	1	P1	1	-0.001383	-0.001383	0.002719	0.002719
627	14	16	30	1	P50	1	0.040260	0.037430	0.044403	0.041571
627	14	16	30	1	P75	4	-0.021087	-0.021087	-0.021170	-0.021170
627	14	16	30	1	P90	4	-0.003150	-0.006764	-0.003290	-0.006892
627	14	16	30	1	P95	4	0.000477	0.000477	0.000325	0.000325
627	14	16	30	1	P99	4	0.004116	0.004116	0.003953	0.003953
627	14	16	30	1	P999	4	0.004116	0.004116	0.003953	0.003953
628	2	2	4	1	P1	10	0.031548	0.031548	0.044403	0.044403
628	2	2	4	1	P50	55	-0.000817	-0.776844	0.011394	-0.774068
628	2	2	4	1	P75	56	0.002894	-0.018660	0.015147	-0.006667
628	2	2	4	1	P90	56	0.002894	0.002894	0.015147	0.015147
628	2	2	4	1	P95	56	0.002894	0.002894	0.015147	0.015147
628	2	2	4	1	P99	56	0.002894	0.002894	0.015147	0.015147
628	2	2	4	1	P999	56	0.002894	0.002894	0.015147	0.015147
629	2	14	16	1	P1	1	0.037775	0.037775	0.044403	0.044403
629	2	14	16	1	P50	4	-0.022482	-0.028551	-0.020664	-0.026723
629	2	14	16	1	P75	4	0.002174	-0.004048	0.003953	-0.002258
629	2	14	16	1	P90	5	-0.017385	-0.017385	0.027358	0.027358
629	2	14	16	1	P95	5	-0.003002	-0.003002	0.042344	0.042344
629	2	14	16	1	P99	5	-0.003002	-0.003002	0.042344	0.042344
629	2	14	16	1	P999	5	-0.003002	-0.003002	0.042344	0.042344
630	14	9	23	1	P1	3	-0.036897	-0.036897	-0.003791	-0.003791
630	14	9	23	1	P50	4	0.026324	0.026324	-0.015977	-0.015977
630	14	9	23	1	P75	4	0.053492	0.053492	0.003953	0.003953
630	14	9	23	1	P90	5	0.003150	0.003150	0.024387	0.024387
630	14	9	23	1	P95	5	0.025231	0.025231	0.033326	0.033326
630	14	9	23	1	P99	5	0.047797	0.047797	0.042344	0.042344
630	14	9	23	1	P999	5	0.047797	0.047797	0.042344	0.042344
631	9	9	18	1	P1	3	-0.029882	-0.029882	-0.007032	-0.007032
631	9	9	18	1	P50	4	-0.022286	-0.028349	-0.030341	-0.034544
631	9	9	18	1	P75	4	0.002347	0.002347	-0.013342	-0.013342
631	9	9	18	1	P90	4	0.038311	0.038311	-0.000399	-0.000399
631	9	9	18	1	P95	4	0.053492	0.053492	0.003953	0.003953
631	9	9	18	1	P99	4	0.053492	0.053492	0.003953	0.003953
631	9	9	18	1	P999	4	0.053492	0.053492	0.003953	0.003953
632	196	9	205	1	P1	1	-0.003428	-0.003428	0.000672	0.000672
632	196	9	205	1	P50	1	0.019211	0.019211	0.023334	0.023334
632	196	9	205	1	P75	1	0.030955	0.030955	0.035089	0.035089
632	196	9	205	1	P90	1	0.038159	0.038159	0.042300	0.042300
632	196	9	205	1	P95	2	0.022028	0.022028	-0.019556	-0.019556
632	196	9	205	1	P99	3	-0.013172	-0.013172	0.031442	0.031442
632	196	9	205	1	P999	4	0.004116	0.004116	0.003953	0.003953
633	9	3	12	1	P1	1	-0.001541	-0.001541	0.014587	0.014587
633	9	3	12	1	P50	3	0.016168	0.005180	0.031442	0.020300
633	9	3	12	1	P75	4	0.015497	0.006703	-0.013342	-0.021878
633	9	3	12	1	P90	4	0.024368	0.024368	-0.004732	-0.004732
633	9	3	12	1	P95	4	0.033316	0.033316	0.003953	0.003953
633	9	3	12	1	P99	4	0.033316	0.033316	0.003953	0.003953
633	9	3	12	1	P999	4	0.033316	0.033316	0.003953	0.003953
634	3	9	12	1	P1	1	0.010473	0.010473	0.014587	0.014587
634	3	9	12	1	P50	4	-0.022863	-0.028171	-0.022940	-0.028232
634	3	9	12	1	P75	4	-0.006764	-0.012159	-0.006892	-0.012270
634	3	9	12	1	P90	4	-0.001338	-0.001338	-0.001484	-0.001484
634	3	9	12	1	P95	4	0.004116	0.004116	0.003953	0.003953
634	3	9	12	1	P99	4	0.004116	0.004116	0.003953	0.003953
634	3	9	12	1	P999	4	0.004116	0.004116	0.003953	0.003953
635	9	10	19	1	P1	3	-0.036897	-0.036897	-0.001625	-0.001625
635	9	10	19	1	P50	4	0.008602	0.008602	-0.021878	-0.021878
635	9	10	19	1	P75	4	0.033299	0.033299	-0.007611	-0.007611
635	9	10	19	1	P90	4	0.048407	0.048407	0.001050	0.001050
635	9	10	19	1	P95	4	0.053492	0.053492	0.003953	0.003953
635	9	10	19	1	P99	4	0.053492	0.053492	0.003953	0.003953
635	9	10	19	1	P999	4	0.053492	0.053492	0.003953	0.003953
636	10	179	189	1	P1	1	-0.015432	-0.015432	0.000486	0.000486
636	10	179	189	1	P50	1	0.007066	0.007066	0.023325	0.023325
636	10	179	189	1	P75	1	0.018632	0.018632	0.035066	0.035066
636	10	179	189	1	P90	1	0.025834	0.025834	0.042377	0.042377
636	10	179	189	1	P95	3	-0.018577	-0.018577	-0.003791	-0.003791
636	10	179	189	1	P99	4	0.024368	0.024368	-0.004732	-0.004732
636	10	179	189	1	P999	4	0.033316	0.033316	0.003953	0.003953
637	10	9	19	1	P1	3	-0.036897	-0.036897	-0.005233	-0.005233
637	10	9	19	1	P50	4	-0.000144	-0.000144	-0.024707	-0.024707
637	10	9	19	1	P75	4	0.034014	0.034014	-0.006892	-0.006892
637	10	9	19	1	P90	4	0.053492	0.053492	0.003953	0.003953
637	10	9	19	1	P95	5	0.003150	0.003150	0.042344	0.042344
637	10	9	19	1	P99	5	0.003150	0.003150	0.042344	0.042344
637	10	9	19	1	P999	5	0.003150	0.003150	0.042344	0.042344
638	11	14	25	0	P1	1	-0.019786	-0.019786	0.001739	0.001739
638	11	14	25	0	P50	1	0.000869	0.000869	0.022849	0.022849
638	11	14	25	0	P75	1	0.011360	0.011360	0.033569	0.033569
638	11	14	25	0	P90	1	0.018414	0.018414	0.040779	0.040779
638	11	14	25	0	P95	1	0.020186	0.020186	0.042589	0.042589
638	11	14	25	0	P99	1	0.021960	0.021960	0.044403	0.044403
638	11	14	25	0	P999	1	0.021960	0.021960	0.044403	0.044403
639	5	5	10	1	P1	11	0.000866	0.000866	0.013391	0.013391
639	5	5	10	1	P50	55	-0.000865	-0.756598	0.011394	-0.753559
639	5	5	10	1	P75	57	0.006892	0.006892	0.011886	0.011886
639	5	5	10	1	P90	59	0.038273	-0.005875	0.006313	-0.008156
639	5	5	10	1	P95	59	0.038273	0.038273	0.006313	0.006313
639	5	5	10	1	P99	59	0.038273	0.038273	0.006313	0.006313
639	5	5	10	1	P999	59	0.038273	0.038273	0.006313	0.006313
640	5	11	16	0	P1	1	-0.018828	-0.018828	0.002719	0.002719
640	5	11	16	0	P50	1	0.002719	0.000000	0.024739	0.021960
640	5	11	16	0	P75	1	0.013669	0.010920	0.035929	0.033120
640	5	11	16	0	P90	1	0.019189	0.019189	0.041571	0.041571
640	5	11	16	0	P95	1	0.021960	0.021960	0.044403	0.044403
640	5	11	16	0	P99	1	0.021960	0.021960	0.044403	0.044403
640	5	11	16	0	P999	1	0.021960	0.021960	0.044403	0.044403
641	8	5	13	1	P1	1	0.003283	0.003283	0.005445	0.005445
641	8	5	13	1	P50	1	0.036627	0.036627	0.038746	0.038746
641	8	5	13	1	P75	2	-0.023699	-0.023699	-0.023806	-0.023806
641	8	5	13	1	P90	2	-0.006526	-0.006526	-0.006694	-0.006694
641	8	5	13	1	P95	2	0.002174	0.002174	0.001975	0.001975
641	8	5	13	1	P99	2	0.002174	0.002174	0.001975	0.001975
641	8	5	13	1	P999	2	0.002174	0.002174	0.001975	0.001975
642	12	10	22	1	P1	1	0.000250	0.000250	0.004354	0.004354
642	12	10	22	1	P50	4	-0.034503	-0.259879	-0.034544	-0.226419
642	12	10	22	1	P75	4	-0.013235	-0.013235	-0.013342	-0.013342
642	12	10	22	1	P90	4	-0.000250	-0.000250	-0.000399	-0.000399
642	12	10	22	1	P95	4	0.004116	0.004116	0.003953	0.003953
642	12	10	22	1	P99	5	-0.001143	-0.001143	0.042344	0.042344
642	12	10	22	1	P999	5	-0.001143	-0.001143	0.042344	0.042344
643	2	2	4	1	P1	11	0.023184	0.023184	0.035645	0.035645
643	2	2	4	1	P50	55	0.023491	-0.756465	0.033604	-0.753559
643	2	2	4	1	P75	58	0.013709	-0.029449	0.023663	-0.019858
643	2	2	4	1	P90	58	0.013709	0.013709	0.023663	0.023663
643	2	2	4	1	P95	58	0.013709	0.013709	0.023663	0.023663
643	2	2	4	1	P99	58	0.013709	0.013709	0.023663	0.023663
643	2	2	4	1	P999	58	0.013709	0.013709	0.023663	0.023663
644	2	12	14	1	P1	1	0.037775	0.037775	0.044403	0.044403
644	2	12	14	1	P50	4	-0.028551	-0.034582	-0.026723	-0.032745
644	2	12	14	1	P75	4	-0.010231	-0.010231	-0.008431	-0.008431
644	2	12	14	1	P90	4	0.002174	0.002174	0.003953	0.003953
644	2	12	14	1	P95	5	-0.003002	-0.003002	0.042344	0.042344
644	2	12	14	1	P99	5	-0.003002	-0.003002	0.042344	0.042344
644	2	12	14	1	P999	5	-0.003002	-0.003002	0.042344	0.042344
645	51	4	55	1	P1	1	-0.019926	-0.019926	0.000906	0.000906
645	51	4	55	1	P50	1	0.004323	0.004323	0.025667	0.025667
645	51	4	55	1	P75	1	0.017132	0.017132	0.038746	0.038746
645	51	4	55	1	P90	2	0.010041	0.010041	-0.012431	-0.012431
645	51	4	55	1	P95	12	-0.007522	-0.007522	0.013268	0.013268
645	51	4	55	1	P99	13	0.021255	0.021255	0.042635	0.042635
645	51	4	55	1	P999	13	0.021255	0.021255	0.042635	0.042635
646	2	4	6	1	P1	1	0.013845	0.013845	0.021960	0.021960
646	2	4	6	1	P50	55	-0.008830	-0.051068	0.011394	-0.052414
646	2	4	6	1	P75	56	0.016800	0.016800	0.015147	0.015147
646	2	4	6	1	P90	59	0.008056	0.008056	0.006313	0.006313
646	2	4	6	1	P95	59	0.008056	0.008056	0.006313	0.006313
646	2	4	6	1	P99	59	0.008056	0.008056	0.006313	0.006313
646	2	4	6	1	P999	59	0.008056	0.008056	0.006313	0.006313
647	4	12	16	1	P1	1	0.006810	0.006810	0.010920	0.010920
647	4	12	16	1	P50	4	-0.033451	-0.259879	-0.033495	-0.226419
647	4	12	16	1	P75	4	-0.012159	-0.017526	-0.012270	-0.017620
647	4	12	16	1	P90	4	-0.001338	-0.001338	-0.001484	-0.001484
647	4	12	16	1	P95	4	0.004116	0.004116	0.003953	0.003953
647	4	12	16	1	P99	4	0.004116	0.004116	0.003953	0.003953
647	4	12	16	1	P999	4	0.004116	0.004116	0.003953	0.003953
648	5	116	121	0	P1	1	-0.020785	-0.020785	0.000718	0.000718
648	5	116	121	0	P50	1	0.000180	0.000180	0.022144	0.022144
648	5	116	121	0	P75	1	0.011011	0.011011	0.033213	0.033213
648	5	116	121	0	P90	1	0.017566	0.017566	0.039912	0.039912
648	5	116	121	0	P95	1	0.019761	0.019761	0.042155	0.042155
648	5	116	121	0	P99	1	0.021593	0.021593	0.044028	0.044028
648	5	116	121	0	P999	1	0.021960	0.021960	0.044403	0.044403
649	22	15	37	1	P1	1	-0.014196	-0.014196	0.003957	0.003957
649	22	15	37	1	P50	11	-0.018364	-0.018364	-0.001735	-0.001735
649	22	15	37	1	P75	11	0.011628	0.011628	0.028746	0.028746
649	22	15	37	1	P90	12	0.009531	0.009531	0.026561	0.026561
649	22	15	37	1	P95	13	0.003350	0.003350	0.020230	0.020230
649	22	15	37	1	P99	13	0.025398	0.025398	0.042635	0.042635
649	22	15	37	1	P999	13	0.025398	0.025398	0.042635	0.042635
650	19	4	23	1	P1	1	-0.006987	-0.006987	0.010920	0.010920
650	19	4	23	1	P50	55	-0.006253	-0.006253	-0.003147	-0.003147
650	19	4	23	1	P75	57	-0.010537	-0.010537	0.004585	0.004585
650	19	4	23	1	P90	57	0.011207	0.011207	0.026646	0.026646
650	19	4	23	1	P95	58	0.000999	0.000999	0.016277	0.016277
650	19	4	23	1	P99	58	0.008278	0.008278	0.023663	0.023663
650	19	4	23	1	P999	58	0.008278	0.008278	0.023663	0.023663
651	18	5	23	0	P1	1	-0.019554	-0.019554	0.001977	0.001977
651	18	5	23	0	P50	1	0.001977	0.001977	0.023980	0.023980
651	18	5	23	0	P75	1	0.013919	0.013919	0.036185	0.036185
651	18	5	23	0	P90	1	0.019944	0.019944	0.042342	0.042342
651	18	5	23	0	P95	1	0.021960	0.021960	0.044403	0.044403
651	18	5	23	0	P99	2	0.023978	0.023978	0.001975	0.001975
651	18	5	23	0	P999	2	0.023978	0.023978	0.001975	0.001975
652	17	9	26	1	P1	1	-0.013232	-0.013232	0.002719	0.002719
652	17	9	26	1	P50	1	0.022257	0.019483	0.038746	0.035929
652	17	9	26	1	P75	3	0.005180	0.005180	0.020300	0.020300
652	17	9	26	1	P90	4	0.022143	0.022143	-0.006892	-0.006892
652	17	9	26	1	P95	4	0.033316	0.033316	0.003953	0.003953
652	17	9	26	1	P99	5	0.027439	0.027439	0.042344	0.042344
652	17	9	26	1	P999	5	0.027439	0.027439	0.042344	0.042344
653	2	304	306	0	P1	1	-0.020929	-0.020929	0.000572	0.000572
653	2	304	306	0	P50	1	0.000286	0.000143	0.022252	0.022106
653	2	304	306	0	P75	1	0.011209	0.011209	0.033416	0.033416
653	2	304	306	0	P90	1	0.017879	0.017879	0.040232	0.040232
653	2	304	306	0	P95	1	0.020063	0.020063	0.042464	0.042464
653	2	304	306	0	P99	1	0.021814	0.021814	0.044253	0.044253
653	2	304	306	0	P999	2	0.023978	0.023978	0.001975	0.001975
654	7	4	11	1	P1	1	-0.007326	-0.007326	0.010920	0.010920
654	7	4	11	1	P50	12	-0.014280	-0.014280	0.002322	0.002322
654	7	4	11	1	P75	12	0.018388	0.018388	0.035520	0.035520
654	7	4	11	1	P90	14	0.038686	0.038686	0.011149	0.011149
654	7	4	11	1	P95	16	0.035454	0.035454	0.007923	0.007923
654	7	4	11	1	P99	16	0.035454	0.035454	0.007923	0.007923
654	7	4	11	1	P999	16	0.035454	0.035454	0.007923	0.007923
655	7	7	14	1	P1	1	-0.010578	-0.010578	0.007267	0.007267
655	7	7	14	1	P50	55	-0.003850	-0.962603	0.011394	-0.963565
655	7	7	14	1	P75	57	-0.000449	-0.000449	0.014821	0.014821
655	7	7	14	1	P90	57	0.017085	0.017085	0.032610	0.032610
655	7	7	14	1	P95	58	0.008278	0.008278	0.023663	0.023663
655	7	7	14	1	P99	58	0.008278	0.008278	0.023663	0.023663
655	7	7	14	1	P999	58	0.008278	0.008278	0.023663	0.023663
656	7	55	62	1	P1	1	-0.003310	-0.003310	0.000790	0.000790
656	7	55	62	1	P50	1	0.021474	0.020665	0.025599	0.024789
656	7	55	62	1	P75	1	0.033687	0.033687	0.037823	0.037823
656	7	55	62	1	P90	4	-0.032698	-0.032698	-0.032745	-0.032745
656	7	55	62	1	P95	4	-0.014463	-0.014463	-0.014566	-0.014566
656	7	55	62	1	P99	4	0.004116	0.004116	0.003953	0.003953
656	7	55	62	1	P999	4	0.004116	0.004116	0.003953	0.003953
657	10	9	19	1	P1	1	-0.008821	-0.008821	0.010920	0.010920
657	10	9	19	1	P50	11	-0.015282	-0.015282	0.002444	0.002444
657	10	9	19	1	P75	12	0.017305	0.017305	0.035520	0.035520
657	10	9	19	1	P90	13	0.013290	0.013290	0.031372	0.031372
657	10	9	19	1	P95	13	0.024364	0.024364	0.042635	0.042635
657	10	9	19	1	P99	13	0.024364	0.024364	0.042635	0.042635
657	10	9	19	1	P999	13	0.024364	0.024364	0.042635	0.042635
658	10	10	20	1	P1	1	-0.004912	-0.004912	0.008727	0.008727
658	10	10	20	1	P50	51	-0.015261	-0.959475	-0.007267	-0.960707
658	10	10	20	1	P75	55	-0.003866	-0.018208	0.004097	-0.010339
658	10	10	20	1	P90	58	0.015649	-0.027591	0.023663	-0.019858
658	10	10	20	1	P95	63	0.020047	-0.064959	0.027969	-0.057580
658	10	10	20	1	P99	63	0.020047	0.020047	0.027969	0.027969
658	10	10	20	1	P999	63	0.020047	0.020047	0.027969	0.027969
659	7	34	41	1	P1	1	-0.014651	-0.014651	0.001279	0.001279
659	7	34	41	1	P50	1	0.010880	0.010880	0.027197	0.027197
659	7	34	41	1	P75	1	0.023893	0.023893	0.040407	0.040407
659	7	34	41	1	P90	4	-0.002015	-0.002015	-0.030341	-0.030341
659	7	34	41	1	P95	4	0.015497	0.015497	-0.013342	-0.013342
659	7	34	41	1	P99	4	0.033316	0.033316	0.003953	0.003953
659	7	34	41	1	P999	4	0.033316	0.033316	0.003953	0.003953
660	7	7	14	1	P1	1	-0.007326	-0.007326	0.010920	0.010920
660	7	7	14	1	P50	11	-0.010635	-0.813085	0.006080	-0.817823
660	7	7	14	1	P75	12	-0.003509	-0.003509	0.013268	0.013268
660	7	7	14	1	P90	13	0.003391	0.003391	0.020230	0.020230
660	7	7	14	1	P95	13	0.025440	0.025440	0.042635	0.042635
660	7	7	14	1	P99	13	0.025440	0.025440	0.042635	0.042635
660	7	7	14	1	P999	13	0.025440	0.025440	0.042635	0.042635
661	6	6	12	1	P1	1	-0.010734	-0.010734	0.008727	0.008727
661	6	6	12	1	P50	51	0.005496	-0.959729	-0.000053	-0.960707
661	6	6	12	1	P75	55	-0.004793	-0.026196	0.011394	-0.010339
661	6	6	12	1	P90	55	0.017080	0.017080	0.033604	0.033604
661	6	6	12	1	P95	72	0.008527	0.008527	0.024689	0.024689
661	6	6	12	1	P99	72	0.008527	0.008527	0.024689	0.024689
661	6	6	12	1	P999	72	0.008527	0.008527	0.024689	0.024689
662	7	47	54	1	P1	1	-0.015000	-0.015000	0.000925	0.000925
662	7	47	54	1	P50	1	0.009918	0.008984	0.026220	0.025272
662	7	47	54	1	P75	1	0.022139	0.022139	0.038626	0.038626
662	7	47	54	1	P90	3	0.001544	0.001544	0.016613	0.016613
662	7	47	54	1	P95	4	0.011090	0.011090	-0.017620	-0.017620
662	7	47	54	1	P99	4	0.033316	0.033316	0.003953	0.003953
662	7	47	54	1	P999	4	0.033316	0.033316	0.003953	0.003953
663	9	8	17	1	P1	1	-0.010953	-0.010953	0.008727	0.008727
663	9	8	17	1	P50	10	0.025921	0.025921	0.044403	0.044403
663	9	8	17	1	P75	12	-0.015304	-0.015304	0.002322	0.002322
663	9	8	17	1	P90	12	0.017335	0.017335	0.035520	0.035520
663	9	8	17	1	P95	13	0.024396	0.024396	0.042635	0.042635
663	9	8	17	1	P99	13	0.024396	0.024396	0.042635	0.042635
663	9	8	17	1	P999	13	0.024396	0.024396	0.042635	0.042635
664	9	9	18	1	P1	1	-0.015191	-0.015191	0.005445	0.005445
664	9	9	18	1	P50	52	0.003924	-0.960572	0.002254	-0.961463
664	9	9	18	1	P75	55	0.002144	0.002144	0.004097	0.004097
664	9	9	18	1	P90	57	0.020956	0.020956	0.041622	0.041622
664	9	9	18	1	P95	64	0.035894	0.035894	0.011907	0.011907
664	9	9	18	1	P99	64	0.035894	0.035894	0.011907	0.011907
664	9	9	18	1	P999	64	0.035894	0.035894	0.011907	0.011907
665	11	46	57	1	P1	1	-0.014980	-0.014980	0.000945	0.000945
665	11	46	57	1	P50	1	0.011443	0.011443	0.027768	0.027768
665	11	46	57	1	P75	1	0.024919	0.024919	0.041448	0.041448
665	11	46	57	1	P90	4	0.013536	0.013536	-0.015246	-0.015246
665	11	46	57	1	P95	4	0.028335	0.028335	-0.000881	-0.000881
665	11	46	57	1	P99	5	0.027439	0.027439	0.042344	0.042344
665	11	46	57	1	P999	5	0.027439	0.027439	0.042344	0.042344
666	8	7	15	1	P1	1	-0.005203	-0.005203	0.014587	0.014587
666	8	7	15	1	P50	11	-0.011678	-0.011678	0.006080	0.006080
666	8	7	15	1	P75	12	0.002697	0.002697	0.020632	0.020632
666	8	7	15	1	P90	13	0.024396	0.024396	0.042635	0.042635
666	8	7	15	1	P95	14	0.037645	0.037645	0.011149	0.011149
666	8	7	15	1	P99	14	0.037645	0.037645	0.011149	0.011149
666	8	7	15	1	P999	14	0.037645	0.037645	0.011149	0.011149
667	8	6	14	1	P1	1	-0.002473	-0.002473	0.010920	0.010920
667	8	6	14	1	P50	53	-0.011102	-0.021806	-0.005918	-0.016656
667	8	6	14	1	P75	54	0.002798	0.002798	0.007988	0.007988
667	8	6	14	1	P90	56	-0.004540	-0.004540	0.000552	0.000552
667	8	6	14	1	P95	56	0.010011	0.010011	0.015147	0.015147
667	8	6	14	1	P99	56	0.010011	0.010011	0.015147	0.015147
667	8	6	14	1	P999	56	0.010011	0.010011	0.015147	0.015147
668	12	4	16	1	P1	1	-0.005153	-0.005153	0.010920	0.010920
668	12	4	16	1	P50	4	-0.001050	-0.005866	-0.029404	-0.034078
668	12	4	16	1	P75	4	0.018445	0.013536	-0.010481	-0.015246
668	12	4	16	1	P90	4	0.028335	0.028335	-0.000881	-0.000881
668	12	4	16	1	P95	4	0.033316	0.033316	0.003953	0.003953
668	12	4	16	1	P99	4	0.033316	0.033316	0.003953	0.003953
668	12	4	16	1	P999	4	0.033316	0.033316	0.003953	0.003953
669	41	289	330	0	P1	1	-0.020973	-0.020973	0.000527	0.000527
669	41	289	330	0	P50	1	0.000132	0.000000	0.022095	0.021960
669	41	289	330	0	P75	1	0.010987	0.010987	0.033188	0.033188
669	41	289	330	0	P90	1	0.017664	0.017530	0.040012	0.039875
669	41	289	330	0	P95	1	0.019810	0.019810	0.042205	0.042205
669	41	289	330	0	P99	1	0.021557	0.021557	0.043990	0.043990
669	41	289	330	0	P999	1	0.021960	0.021960	0.044403	0.044403
670	20	2	22	1	P1	10	0.000387	0.000387	0.008727	0.008727
670	20	2	22	1	P50	11	0.011080	0.007091	0.019413	0.015394
670	20	2	22	1	P75	12	0.005057	0.005057	0.013268	0.013268
670	20	2	22	1	P90	13	0.034285	0.034285	0.042635	0.042635
670	20	2	22	1	P95	56	0.008295	0.008295	0.015147	0.015147
670	20	2	22	1	P99	58	0.016792	0.016792	0.023663	0.023663
670	20	2	22	1	P999	58	0.016792	0.016792	0.023663	0.023663
671	2	6	8	1	P1	1	-0.010442	-0.010442	0.008727	0.008727
671	2	6	8	1	P50	1	0.024572	0.015704	0.044403	0.035367
671	2	6	8	1	P75	18	0.002543	-0.885899	0.020654	-0.888669
671	2	6	8	1	P90	22	0.019375	0.019375	0.037691	0.037691
671	2	6	8	1	P95	22	0.019375	0.019375	0.037691	0.037691
671	2	6	8	1	P99	22	0.019375	0.019375	0.037691	0.037691
671	2	6	8	1	P999	22	0.019375	0.019375	0.037691	0.037691
672	20	8	28	1	P1	1	-0.010008	-0.010008	0.005445	0.005445
672	20	8	28	1	P50	53	-0.004266	-0.008195	-0.000505	-0.005918
672	20	8	28	1	P75	55	0.007476	-0.007025	0.018744	0.004097
672	20	8	28	1	P90	57	0.030166	0.030166	0.041622	0.041622
672	20	8	28	1	P95	61	0.005404	0.005404	0.016537	0.016537
672	20	8	28	1	P99	105	0.028088	0.028088	0.038835	0.038835
672	20	8	28	1	P999	105	0.028088	0.028088	0.038835	0.038835
673	78	8	86	1	P1	1	-0.001625	-0.001625	0.000543	0.000543
673	78	8	86	1	P50	1	0.022044	0.021488	0.024183	0.023626
673	78	8	86	1	P75	1	0.033807	0.033807	0.035929	0.035929
673	78	8	86	1	P90	1	0.041156	0.041156	0.043269	0.043269
673	78	8	86	1	P95	2	-0.026532	-0.026532	-0.026629	-0.026629
673	78	8	86	1	P99	2	0.002174	0.002174	0.001975	0.001975
673	78	8	86	1	P999	2	0.002174	0.002174	0.001975	0.001975
674	18	3	21	1	P1	1	-0.001383	-0.001383	0.002719	0.002719
674	18	3	21	1	P50	1	0.026189	0.026189	0.030319	0.030319
674	18	3	21	1	P75	1	0.040260	0.040260	0.044403	0.044403
674	18	3	21	1	P90	4	-0.017526	-0.017526	-0.017620	-0.017620
674	18	3	21	1	P95	4	0.004116	0.004116	0.003953	0.003953
674	18	3	21	1	P99	5	-0.001143	-0.001143	0.042344	0.042344
674	18	3	21	1	P999	5	-0.001143	-0.001143	0.042344	0.042344
675	20	6	26	1	P1	1	0.003160	0.003160	0.007267	0.007267
675	20	6	26	1	P50	4	-0.024636	-0.028171	-0.024707	-0.028232
675	20	6	26	1	P75	4	-0.003150	-0.003150	-0.003290	-0.003290
675	20	6	26	1	P90	5	-0.022672	-0.022672	0.019946	0.019946
675	20	6	26	1	P95	5	-0.011966	-0.011966	0.031084	0.031084
675	20	6	26	1	P99	5	-0.001143	-0.001143	0.042344	0.042344
675	20	6	26	1	P999	5	-0.001143	-0.001143	0.042344	0.042344
676	30	6	36	1	P1	1	-0.016611	-0.016611	0.001499	0.001499
676	30	6	36	1	P50	1	0.010285	0.008771	0.028873	0.027333
676	30	6	36	1	P75	1	0.024007	0.022473	0.042839	0.041278
676	30	6	36	1	P90	11	-0.003480	-0.003480	0.013391	0.013391
676	30	6	36	1	P95	12	-0.003549	-0.003549	0.013268	0.013268
676	30	6	36	1	P99	12	0.018347	0.018347	0.035520	0.035520
676	30	6	36	1	P999	12	0.018347	0.018347	0.035520	0.035520
677	8	6	14	1	P1	1	-0.001801	-0.001801	0.006226	0.006226
677	8	6	14	1	P50	2	0.039935	-0.481918	0.001975	-0.477799
677	8	6	14	1	P75	53	0.010810	0.010810	0.009313	0.009313
677	8	6	14	1	P90	54	0.009525	0.009525	0.007988	0.007988
677	8	6	14	1	P95	59	0.008056	0.008056	0.006313	0.006313
677	8	6	14	1	P99	59	0.008056	0.008056	0.006313	0.006313
677	8	6	14	1	P999	59	0.008056	0.008056	0.006313	0.006313
678	6	13	19	1	P1	1	0.004618	0.004618	0.008727	0.008727
678	6	13	19	1	P50	3	-0.027403	-0.027403	0.016613	0.016613
678	6	13	19	1	P75	4	-0.017526	-0.017526	-0.017620	-0.017620
678	6	13	19	1	P90	4	0.004116	0.004116	0.003953	0.003953
678	6	13	19	1	P95	5	-0.001143	-0.001143	0.042344	0.042344
678	6	13	19	1	P99	5	-0.001143	-0.001143	0.042344	0.042344
678	6	13	19	1	P999	5	-0.001143	-0.001143	0.042344	0.042344
679	28	12	40	1	P1	1	-0.007001	-0.007001	0.001553	0.001553
679	28	12	40	1	P50	1	0.024370	0.022778	0.033120	0.031519
679	28	12	40	1	P75	11	-0.036952	-0.045302	0.008998	0.000269
679	28	12	40	1	P90	12	-0.022086	-0.032674	0.024334	0.013268
679	28	12	40	1	P95	14	-0.013105	-0.152613	-0.010578	-0.112412
679	28	12	40	1	P99	14	0.008617	0.008617	0.011149	0.011149
679	28	12	40	1	P999	14	0.008617	0.008617	0.011149	0.011149
680	13	7	20	1	P1	1	-0.016551	-0.016551	0.005445	0.005445
680	13	7	20	1	P50	2	0.006162	-0.002545	-0.015287	-0.023806
680	13	7	20	1	P75	54	0.001570	-0.012835	0.007988	-0.006504
680	13	7	20	1	P90	56	0.016029	-0.005810	0.015147	0.000552
680	13	7	20	1	P95	57	0.020132	-0.001796	0.041622	-0.002663
680	13	7	20	1	P99	57	0.020132	0.020132	0.041622	0.041622
680	13	7	20	1	P999	57	0.020132	0.020132	0.041622	0.041622
681	6	12	18	1	P1	1	-0.008752	-0.008752	0.007267	0.007267
681	6	12	18	1	P50	4	-0.005866	-0.237874	-0.034078	-0.226419
681	6	12	18	1	P75	4	0.013536	0.013536	-0.015246	-0.015246
681	6	12	18	1	P90	4	0.028335	0.028335	-0.000881	-0.000881
681	6	12	18	1	P95	4	0.033316	0.033316	0.003953	0.003953
681	6	12	18	1	P99	4	0.033316	0.033316	0.003953	0.003953
681	6	12	18	1	P999	4	0.033316	0.033316	0.003953	0.003953
682	16	3	19	1	P1	1	-0.015384	-0.015384	0.002719	0.002719
682	16	3	19	1	P50	1	0.008989	0.008989	0.027525	0.027525
682	16	3	19	1	P75	1	0.022789	0.022789	0.041571	0.041571
682	16	3	19	1	P90	11	0.018458	0.018458	0.035645	0.035645
682	16	3	19	1	P95	12	0.018388	0.018388	0.035520	0.035520
682	16	3	19	1	P99	12	0.018388	0.018388	0.035520	0.035520
682	16	3	19	1	P999	12	0.018388	0.018388	0.035520	0.035520
683	3	3	6	1	P1	1	0.005969	0.005969	0.014587	0.014587
683	3	3	6	1	P50	54	-0.013122	-0.980822	-0.013672	-0.980659
683	3	3	6	1	P75	54	0.008600	0.008600	0.007988	0.007988
683	3	3	6	1	P90	56	0.015865	0.015865	0.015147	0.015147
683	3	3	6	1	P95	56	0.015865	0.015865	0.015147	0.015147
683	3	3	6	1	P99	56	0.015865	0.015865	0.015147	0.015147
683	3	3	6	1	P999	56	0.015865	0.015865	0.015147	0.015147
684	9	12	21	1	P1	1	-0.012338	-0.012338	0.003627	0.003627
684	9	12	21	1	P50	1	0.024111	0.024111	0.040628	0.040628
684	9	12	21	1	P75	4	-0.002015	-0.002015	-0.030341	-0.030341
684	9	12	21	1	P90	4	0.024368	0.024368	-0.004732	-0.004732
684	9	12	21	1	P95	4	0.033316	0.033316	0.003953	0.003953
684	9	12	21	1	P99	5	0.027439	0.027439	0.042344	0.042344
684	9	12	21	1	P999	5	0.027439	0.027439	0.042344	0.042344
685	6	6	12	1	P1	11	0.001410	0.001410	0.000269	0.000269
685	6	6	12	1	P50	52	-0.025045	-0.760688	-0.019283	-0.761034
685	6	6	12	1	P75	53	-0.011677	-0.022380	0.012241	-0.002312
685	6	6	12	1	P90	54	-0.008624	-0.008624	0.007988	0.007988
685	6	6	12	1	P95	55	-0.005219	-0.005219	0.033604	0.033604
685	6	6	12	1	P99	55	-0.005219	-0.005219	0.033604	0.033604
685	6	6	12	1	P999	55	-0.005219	-0.005219	0.033604	0.033604
686	6	9	15	1	P1	1	-0.007314	-0.007314	0.008727	0.008727
686	6	9	15	1	P50	3	-0.005689	-0.005689	0.009278	0.009278
686	6	9	15	1	P75	4	0.006703	0.006703	-0.021878	-0.021878
686	6	9	15	1	P90	4	0.024368	0.024368	-0.004732	-0.004732
686	6	9	15	1	P95	4	0.033316	0.033316	0.003953	0.003953
686	6	9	15	1	P99	4	0.033316	0.033316	0.003953	0.003953
686	6	9	15	1	P999	4	0.033316	0.033316	0.003953	0.003953
687	6	2	8	1	P1	1	-0.003995	-0.003995	0.007267	0.007267
687	6	2	8	1	P50	1	0.025329	0.017918	0.036868	0.029387
687	6	2	8	1	P75	9	0.011321	-0.885245	0.018642	-0.883955
687	6	2	8	1	P90	11	0.028609	0.028609	0.035645	0.035645
687	6	2	8	1	P95	11	0.028609	0.028609	0.035645	0.035645
687	6	2	8	1	P99	11	0.028609	0.028609	0.035645	0.035645
687	6	2	8	1	P999	11	0.028609	0.028609	0.035645	0.035645
688	2	2	4	1	P1	1	0.000737	0.000737	0.021960	0.021960
688	2	2	4	1	P50	50	0.021211	-0.979546	0.042344	-0.979112
688	2	2	4	1	P75	56	0.038744	-0.088205	0.015147	-0.069336
688	2	2	4	1	P90	56	0.038744	0.038744	0.015147	0.015147
688	2	2	4	1	P95	56	0.038744	0.038744	0.015147	0.015147
688	2	2	4	1	P99	56	0.038744	0.038744	0.015147	0.015147
688	2	2	4	1	P999	56	0.038744	0.038744	0.015147	0.015147
689	6	611	617	1	P1	1	-0.003600	-0.003600	0.000500	0.000500
689	6	611	617	1	P50	1	0.018203	0.018203	0.022325	0.022325
689	6	611	617	1	P75	1	0.029504	0.029504	0.033637	0.033637
689	6	611	617	1	P90	1	0.036390	0.036390	0.040529	0.040529
689	6	611	617	1	P95	1	0.038695	0.038695	0.042837	0.042837
689	6	611	617	1	P99	2	0.044542	0.044542	0.001975	0.001975
689	6	611	617	1	P999	4	0.004116	0.004116	0.003953	0.003953
690	3	5	8	1	P1	11	0.005102	0.005102	0.013391	0.013391
690	3	5	8	1	P50	53	0.005357	-0.009110	0.012241	-0.002312
690	3	5	8	1	P75	58	-0.005076	-0.067899	0.001666	-0.061529
690	3	5	8	1	P90	58	0.016792	0.016792	0.023663	0.023663
690	3	5	8	1	P95	58	0.016792	0.016792	0.023663	0.023663
690	3	5	8	1	P99	58	0.016792	0.016792	0.023663	0.023663
690	3	5	8	1	P999	58	0.016792	0.016792	0.023663	0.023663
691	4	6	10	1	P1	1	-0.005153	-0.005153	0.010920	0.010920
691	4	6	10	1	P50	4	-0.002015	-0.237874	-0.030341	-0.226419
691	4	6	10	1	P75	4	0.015497	0.015497	-0.013342	-0.013342
691	4	6	10	1	P90	4	0.033316	0.024368	0.003953	-0.004732
691	4	6	10	1	P95	4	0.033316	0.033316	0.003953	0.003953
691	4	6	10	1	P99	4	0.033316	0.033316	0.003953	0.003953
691	4	6	10	1	P999	4	0.033316	0.033316	0.003953	0.003953
692	5	2	7	1	P1	1	-0.006773	-0.006773	0.008727	0.008727
692	5	2	7	1	P50	1	0.019487	0.019487	0.035367	0.035367
692	5	2	7	1	P75	53	0.015615	0.015615	0.027006	0.027006
692	5	2	7	1	P90	55	0.022188	0.022188	0.033604	0.033604
692	5	2	7	1	P95	55	0.022188	0.022188	0.033604	0.033604
692	5	2	7	1	P99	55	0.022188	0.022188	0.033604	0.033604
692	5	2	7	1	P999	55	0.022188	0.022188	0.033604	0.033604
693	2	6	8	1	P1	1	0.005722	0.005722	0.021960	0.021960
693	2	6	8	1	P50	3	0.016168	0.001544	0.031442	0.016613
693	2	6	8	1	P75	4	0.018445	0.003788	-0.010481	-0.024707
693	2	6	8	1	P90	4	0.033316	0.033316	0.003953	0.003953
693	2	6	8	1	P95	4	0.033316	0.033316	0.003953	0.003953
693	2	6	8	1	P99	4	0.033316	0.033316	0.003953	0.003953
693	2	6	8	1	P999	4	0.033316	0.033316	0.003953	0.003953
694	313	6	319	1	P1	1	-0.003543	-0.003543	0.000557	0.000557
694	313	6	319	1	P50	1	0.018407	0.018407	0.022530	0.022530
694	313	6	319	1	P75	1	0.029851	0.029851	0.033984	0.033984
694	313	6	319	1	P90	1	0.036779	0.036779	0.040918	0.040918
694	313	6	319	1	P95	1	0.039098	0.039098	0.043240	0.043240
694	313	6	319	1	P99	4	-0.028171	-0.028171	-0.028232	-0.028232
694	313	6	319	1	P999	4	0.004116	0.004116	0.003953	0.003953
695	6	6	12	1	P1	1	0.002207	0.002207	0.008727	0.008727
695	6	6	12	1	P50	3	-0.015182	-0.305139	0.031442	-0.332017
695	6	6	12	1	P75	4	-0.015150	-0.023699	-0.013342	-0.021878
695	6	6	12	1	P90	4	-0.006526	-0.006526	-0.004732	-0.004732
695	6	6	12	1	P95	4	0.002174	0.002174	0.003953	0.003953
695	6	6	12	1	P99	4	0.002174	0.002174	0.003953	0.003953
695	6	6	12	1	P999	4	0.002174	0.002174	0.003953	0.003953
696	2	5	7	1	P1	3	0.003736	0.003736	0.009278	0.009278
696	2	5	7	1	P50	4	0.027989	0.027989	-0.010481	-0.010481
696	2	5	7	1	P75	51	0.018170	0.018170	0.021906	0.021906
696	2	5	7	1	P90	54	0.004331	0.004331	0.007988	0.007988
696	2	5	7	1	P95	54	0.004331	0.004331	0.007988	0.007988
696	2	5	7	1	P99	54	0.004331	0.004331	0.007988	0.007988
696	2	5	7	1	P999	54	0.004331	0.004331	0.007988	0.007988
697	360	5	365	1	P1	1	-0.003614	-0.003614	0.000486	0.000486
697	360	5	365	1	P50	1	0.018334	0.018334	0.022456	0.022456
697	360	5	365	1	P75	1	0.029677	0.029677	0.033810	0.033810
697	360	5	365	1	P90	1	0.036594	0.036594	0.040733	0.040733
697	360	5	365	1	P95	1	0.038868	0.038868	0.043009	0.043009
697	360	5	365	1	P99	3	-0.013172	-0.013172	0.031442	0.031442
697	360	5	365	1	P999	4	0.004116	0.004116	0.003953	0.003953
698	5	22	27	1	P1	1	-0.013964	-0.013964	0.001977	0.001977
698	5	22	27	1	P50	1	0.011704	0.011704	0.028033	0.028033
698	5	22	27	1	P75	1	0.025800	0.025800	0.042342	0.042342
698	5	22	27	1	P90	4	0.011090	0.011090	-0.017620	-0.017620
698	5	22	27	1	P95	4	0.022143	0.022143	-0.006892	-0.006892
698	5	22	27	1	P99	4	0.033316	0.033316	0.003953	0.003953
698	5	22	27	1	P999	4	0.033316	0.033316	0.003953	0.003953
699	4	2	6	1	P1	1	0.003521	0.003521	0.021960	0.021960
699	4	2	6	1	P50	11	0.018458	-0.066350	0.035645	-0.050543
699	4	2	6	1	P75	12	0.018388	0.018388	0.035520	0.035520
699	4	2	6	1	P90	13	0.025440	0.025440	0.042635	0.042635
699	4	2	6	1	P95	13	0.025440	0.025440	0.042635	0.042635
699	4	2	6	1	P99	13	0.025440	0.025440	0.042635	0.042635
699	4	2	6	1	P999	13	0.025440	0.025440	0.042635	0.042635
700	4	4	8	1	P1	1	0.003296	0.003296	0.014587	0.014587
700	4	4	8	1	P50	55	0.000220	-0.962320	0.004097	-0.963565
700	4	4	8	1	P75	56	0.011281	-0.003285	0.015147	0.000552
700	4	4	8	1	P90	58	0.019845	0.019845	0.023663	0.023663
700	4	4	8	1	P95	58	0.019845	0.019845	0.023663	0.023663
700	4	4	8	1	P99	58	0.019845	0.019845	0.023663	0.023663
700	4	4	8	1	P999	58	0.019845	0.019845	0.023663	0.023663
701	5	36	41	1	P1	1	-0.002893	-0.002893	0.001208	0.001208
701	5	36	41	1	P50	1	0.021542	0.021542	0.025667	0.025667
701	5	36	41	1	P75	1	0.033983	0.033983	0.038120	0.038120
701	5	36	41	1	P90	3	-0.013172	-0.013172	0.031442	0.031442
701	5	36	41	1	P95	4	-0.017526	-0.017526	-0.017620	-0.017620
701	5	36	41	1	P99	4	0.004116	0.004116	0.003953	0.003953
701	5	36	41	1	P999	4	0.004116	0.004116	0.003953	0.003953
702	7	5	12	1	P1	1	-0.007326	-0.007326	0.010920	0.010920
702	7	5	12	1	P50	11	0.003806	-0.010635	0.020756	0.006080
702	7	5	12	1	P75	12	0.003737	-0.010702	0.020632	0.005958
702	7	5	12	1	P90	12	0.018388	0.018388	0.035520	0.035520
702	7	5	12	1	P95	13	0.025440	0.025440	0.042635	0.042635
702	7	5	12	1	P99	13	0.025440	0.025440	0.042635	0.042635
702	7	5	12	1	P999	13	0.025440	0.025440	0.042635	0.042635
703	10	10	20	1	P1	1	-0.000960	-0.000960	0.005445	0.005445
703	10	10	20	1	P50	52	-0.015257	-0.959929	-0.019283	-0.961463
703	10	10	20	1	P75	55	-0.014726	-0.023272	0.000468	-0.010339
703	10	10	20	1	P90	56	0.019609	-0.002358	0.015147	0.004181
703	10	10	20	1	P95	59	0.010853	-0.032235	0.006313	-0.036471
703	10	10	20	1	P99	59	0.010853	0.010853	0.006313	0.006313
703	10	10	20	1	P999	59	0.010853	0.010853	0.006313	0.006313
704	5	5	10	1	P1	1	0.006810	0.006810	0.010920	0.010920
704	5	5	10	1	P50	3	-0.013172	-0.303639	0.031442	-0.332017
704	5	5	10	1	P75	4	-0.017526	-0.017526	-0.017620	-0.017620
704	5	5	10	1	P90	4	0.004116	-0.006764	0.003953	-0.006892
704	5	5	10	1	P95	4	0.004116	0.004116	0.003953	0.003953
704	5	5	10	1	P99	4	0.004116	0.004116	0.003953	0.003953
704	5	5	10	1	P999	4	0.004116	0.004116	0.003953	0.003953
705	2	2	4	1	P1	12	0.008815	0.008815	0.013268	0.013268
705	2	2	4	1	P50	56	-0.008738	-0.779071	-0.006667	-0.778103
705	2	2	4	1	P75	56	0.013064	-0.008738	0.015147	-0.006667
705	2	2	4	1	P90	56	0.013064	0.013064	0.015147	0.015147
705	2	2	4	1	P95	56	0.013064	0.013064	0.015147	0.015147
705	2	2	4	1	P99	56	0.013064	0.013064	0.015147	0.015147
705	2	2	4	1	P999	56	0.013064	0.013064	0.015147	0.015147
706	2	5	7	1	P1	1	0.026263	0.026263	0.044403	0.044403
706	2	5	7	1	P50	4	-0.001064	-0.001064	-0.028232	-0.028232
706	2	5	7	1	P75	4	0.020900	0.020900	-0.006892	-0.006892
706	2	5	7	1	P90	4	0.032062	0.032062	0.003953	0.003953
706	2	5	7	1	P95	4	0.032062	0.032062	0.003953	0.003953
706	2	5	7	1	P99	4	0.032062	0.032062	0.003953	0.003953
706	2	5	7	1	P999	4	0.032062	0.032062	0.003953	0.003953
707	25	8	33	1	P1	1	-0.016375	-0.016375	0.001739	0.001739
707	25	8	33	1	P50	1	0.011376	0.011376	0.029983	0.029983
707	25	8	33	1	P75	1	0.025543	0.025543	0.044403	0.044403
707	25	8	33	1	P90	12	-0.003549	-0.003549	0.013268	0.013268
707	25	8	33	1	P95	14	0.016311	0.016311	-0.010578	-0.010578
707	25	8	33	1	P99	14	0.038643	0.038643	0.011149	0.011149
707	25	8	33	1	P999	14	0.038643	0.038643	0.011149	0.011149
708	24	8	32	1	P1	1	-0.012516	-0.012516	0.002901	0.002901
708	24	8	32	1	P50	2	-0.003097	-0.007903	-0.031317	-0.035982
708	24	8	32	1	P75	51	0.010524	-0.959561	0.021906	-0.960707
708	24	8	32	1	P90	54	-0.003193	-0.003193	0.007988	0.007988
708	24	8	32	1	P95	61	0.005404	0.005404	0.016537	0.016537
708	24	8	32	1	P99	63	0.016759	0.016759	0.027969	0.027969
708	24	8	32	1	P999	63	0.016759	0.016759	0.027969	0.027969
709	8	5	13	1	P1	1	0.003160	0.003160	0.007267	0.007267
709	8	5	13	1	P50	2	0.022028	0.022028	-0.019556	-0.019556
709	8	5	13	1	P75	4	-0.028171	-0.028171	-0.028232	-0.028232
709	8	5	13	1	P90	4	-0.006764	-0.006764	-0.006892	-0.006892
709	8	5	13	1	P95	4	0.004116	0.004116	0.003953	0.003953
709	8	5	13	1	P99	4	0.004116	0.004116	0.003953	0.003953
709	8	5	13	1	P999	4	0.004116	0.004116	0.003953	0.003953
710	14	4	18	1	P1	1	-0.014767	-0.014767	0.003348	0.003348
710	14	4	18	1	P50	1	0.015335	0.011945	0.033984	0.030534
710	14	4	18	1	P75	2	0.028034	0.028034	0.001975	0.001975
710	14	4	18	1	P90	12	0.007380	0.007380	0.024334	0.024334
710	14	4	18	1	P95	12	0.018388	0.018388	0.035520	0.035520
710	14	4	18	1	P99	12	0.018388	0.018388	0.035520	0.035520
710	14	4	18	1	P999	12	0.018388	0.018388	0.035520	0.035520
711	3	4	7	1	P1	1	0.010601	0.010601	0.021960	0.021960
711	3	4	7	1	P50	53	0.000991	0.000991	0.004938	0.004938
711	3	4	7	1	P75	56	0.011281	0.011281	0.015147	0.015147
711	3	4	7	1	P90	62	-0.003510	-0.003510	0.000141	0.000141
711	3	4	7	1	P95	62	-0.003510	-0.003510	0.000141	0.000141
711	3	4	7	1	P99	62	-0.003510	-0.003510	0.000141	0.000141
711	3	4	7	1	P999	62	-0.003510	-0.003510	0.000141	0.000141
712	4	5	9	1	P1	1	0.006810	0.006810	0.010920	0.010920
712	4	5	9	1	P50	3	-0.013172	-0.013172	0.031442	0.031442
712	4	5	9	1	P75	4	-0.017526	-0.017526	-0.017620	-0.017620
712	4	5	9	1	P90	4	0.004116	0.004116	0.003953	0.003953
712	4	5	9	1	P95	4	0.004116	0.004116	0.003953	0.003953
712	4	5	9	1	P99	4	0.004116	0.004116	0.003953	0.003953
712	4	5	9	1	P999	4	0.004116	0.004116	0.003953	0.003953
713	20	3	23	1	P1	1	-0.015807	-0.015807	0.002289	0.002289
713	20	3	23	1	P50	1	0.009277	0.009277	0.027819	0.027819
713	20	3	23	1	P75	1	0.023228	0.023228	0.042017	0.042017
713	20	3	23	1	P90	12	-0.003509	-0.003509	0.013268	0.013268
713	20	3	23	1	P95	12	0.018388	0.018388	0.035520	0.035520
713	20	3	23	1	P99	14	0.038686	0.038686	0.011149	0.011149
713	20	3	23	1	P999	14	0.038686	0.038686	0.011149	0.011149
714	2	3	5	1	P1	1	0.015494	0.015494	0.021960	0.021960
714	2	3	5	1	P50	52	0.006426	0.006426	0.002254	0.002254
714	2	3	5	1	P75	57	-0.019861	-0.019861	0.019239	0.019239
714	2	3	5	1	P90	57	0.001721	0.001721	0.041622	0.041622
714	2	3	5	1	P95	57	0.001721	0.001721	0.041622	0.041622
714	2	3	5	1	P99	57	0.001721	0.001721	0.041622	0.041622
714	2	3	5	1	P999	57	0.001721	0.001721	0.041622	0.041622
715	3	5	8	1	P1	1	0.017839	0.017839	0.021960	0.021960
715	3	5	8	1	P50	4	-0.028171	-0.259879	-0.028232	-0.226419
715	3	5	8	1	P75	4	-0.006764	-0.017526	-0.006892	-0.017620
715	3	5	8	1	P90	4	0.004116	0.004116	0.003953	0.003953
715	3	5	8	1	P95	4	0.004116	0.004116	0.003953	0.003953
715	3	5	8	1	P99	4	0.004116	0.004116	0.003953	0.003953
715	3	5	8	1	P999	4	0.004116	0.004116	0.003953	0.003953
716	18	4	22	1	P1	1	-0.006001	-0.006001	0.002559	0.002559
716	18	4	22	1	P50	1	0.022404	0.019789	0.031142	0.028510
716	18	4	22	1	P75	1	0.035583	0.035583	0.044403	0.044403
716	18	4	22	1	P90	12	-0.032674	-0.032674	0.013268	0.013268
716	18	4	22	1	P95	12	-0.011382	-0.011382	0.035520	0.035520
716	18	4	22	1	P99	14	0.008617	0.008617	0.011149	0.011149
716	18	4	22	1	P999	14	0.008617	0.008617	0.011149	0.011149
717	5	4	9	1	P1	1	0.006208	0.006208	0.021960	0.021960
717	5	4	9	1	P50	2	0.031526	0.031526	0.001975	0.001975
717	5	4	9	1	P75	58	-0.007327	-0.007327	0.001666	0.001666
717	5	4	9	1	P90	61	0.007515	0.007515	0.016537	0.016537
717	5	4	9	1	P95	61	0.007515	0.007515	0.016537	0.016537
717	5	4	9	1	P99	61	0.007515	0.007515	0.016537	0.016537
717	5	4	9	1	P999	61	0.007515	0.007515	0.016537	0.016537
718	4	5	9	1	P1	1	0.010473	0.010473	0.014587	0.014587
718	4	5	9	1	P50	3	-0.013172	-0.013172	0.031442	0.031442
718	4	5	9	1	P75	4	-0.017526	-0.017526	-0.017620	-0.017620
718	4	5	9	1	P90	4	0.004116	0.004116	0.003953	0.003953
718	4	5	9	1	P95	4	0.004116	0.004116	0.003953	0.003953
718	4	5	9	1	P99	4	0.004116	0.004116	0.003953	0.003953
718	4	5	9	1	P999	4	0.004116	0.004116	0.003953	0.003953
719	46	7	53	1	P1	1	-0.017128	-0.017128	0.000945	0.000945
719	46	7	53	1	P50	1	0.007322	0.007322	0.025828	0.025828
719	46	7	53	1	P75	1	0.019773	0.019773	0.038501	0.038501
719	46	7	53	1	P90	12	-0.010702	-0.010702	0.005958	0.005958
719	46	7	53	1	P95	13	0.003391	0.003391	0.020230	0.020230
719	46	7	53	1	P99	14	0.038686	0.038686	0.011149	0.011149
719	46	7	53	1	P999	14	0.038686	0.038686	0.011149	0.011149
720	17	7	24	1	P1	1	-0.006841	-0.006841	0.004354	0.004354
720	17	7	24	1	P50	2	0.010739	0.004474	-0.022594	-0.028641
720	17	7	24	1	P75	56	-0.010489	-0.021198	0.000552	-0.013833
720	17	7	24	1	P90	58	-0.002109	-0.002109	0.008945	0.008945
720	17	7	24	1	P95	59	0.002560	0.002560	0.006313	0.006313
720	17	7	24	1	P99	61	0.012826	0.012826	0.016537	0.016537
720	17	7	24	1	P999	61	0.012826	0.012826	0.016537	0.016537
721	7	5	12	1	P1	1	0.006810	0.006810	0.010920	0.010920
721	7	5	12	1	P50	2	0.044542	0.029478	0.001975	-0.012431
721	7	5	12	1	P75	4	-0.024636	-0.259879	-0.024707	-0.226419
721	7	5	12	1	P90	4	-0.010364	-0.010364	-0.010481	-0.010481
721	7	5	12	1	P95	4	0.004116	0.004116	0.003953	0.003953
721	7	5	12	1	P99	4	0.004116	0.004116	0.003953	0.003953
721	7	5	12	1	P999	4	0.004116	0.004116	0.003953	0.003953
722	13	2	15	0	P1	1	-0.018447	-0.018447	0.003108	0.003108
722	13	2	15	0	P50	1	0.003108	0.003108	0.025136	0.025136
722	13	2	15	0	P75	1	0.015637	0.015637	0.037941	0.037941
722	13	2	15	0	P90	1	0.021960	0.021960	0.044403	0.044403
722	13	2	15	0	P95	2	0.023978	0.023978	0.001975	0.001975
722	13	2	15	0	P99	2	0.023978	0.023978	0.001975	0.001975
722	13	2	15	0	P999	2	0.023978	0.023978	0.001975	0.001975
723	5	5	10	1	P1	3	-0.008529	-0.008529	-0.001625	-0.001625
723	5	5	10	1	P50	4	-0.013120	-0.023805	-0.024707	-0.031744
723	5	5	10	1	P75	4	0.008602	0.008602	-0.010481	-0.010481
723	5	5	10	1	P90	4	0.053492	0.030803	0.003953	-0.003290
723	5	5	10	1	P95	4	0.053492	0.053492	0.003953	0.003953
723	5	5	10	1	P99	4	0.053492	0.053492	0.003953	0.003953
723	5	5	10	1	P999	4	0.053492	0.053492	0.003953	0.003953
724	5	5	10	1	P1	3	0.013295	0.013295	0.009278	0.009278
724	5	5	10	1	P50	4	-0.000144	-0.008813	-0.014566	-0.020664
724	5	5	10	1	P75	4	0.030803	0.030803	-0.002258	-0.002258
724	5	5	10	1	P90	5	0.047797	-0.157207	0.042344	-0.196837
724	5	5	10	1	P95	5	0.047797	0.047797	0.042344	0.042344
724	5	5	10	1	P99	5	0.047797	0.047797	0.042344	0.042344
724	5	5	10	1	P999	5	0.047797	0.047797	0.042344	0.042344
725	4	5	9	1	P1	1	0.006810	0.006810	0.010920	0.010920
725	4	5	9	1	P50	3	-0.013172	-0.013172	0.031442	0.031442
725	4	5	9	1	P75	4	-0.017526	-0.017526	-0.017620	-0.017620
725	4	5	9	1	P90	4	0.004116	0.004116	0.003953	0.003953
725	4	5	9	1	P95	4	0.004116	0.004116	0.003953	0.003953
725	4	5	9	1	P99	4	0.004116	0.004116	0.003953	0.003953
725	4	5	9	1	P999	4	0.004116	0.004116	0.003953	0.003953
726	18	4	22	1	P1	1	-0.015709	-0.015709	0.002417	0.002417
726	18	4	22	1	P50	1	0.010789	0.008351	0.029387	0.026905
726	18	4	22	1	P75	1	0.023069	0.023069	0.041885	0.041885
726	18	4	22	1	P90	11	0.018417	0.018417	0.035645	0.035645
726	18	4	22	1	P95	13	0.025398	0.025398	0.042635	0.042635
726	18	4	22	1	P99	14	0.038643	0.038643	0.011149	0.011149
726	18	4	22	1	P999	14	0.038643	0.038643	0.011149	0.011149
727	9	4	13	1	P1	1	-0.010734	-0.010734	0.008727	0.008727
727	9	4	13	1	P50	2	0.004816	0.004816	-0.019556	-0.019556
727	9	4	13	1	P75	55	-0.004793	-0.004793	0.011394	0.011394
727	9	4	13	1	P90	58	0.007334	0.007334	0.023663	0.023663
727	9	4	13	1	P95	60	0.017030	0.017030	0.033479	0.033479
727	9	4	13	1	P99	60	0.017030	0.017030	0.033479	0.033479
727	9	4	13	1	P999	60	0.017030	0.017030	0.033479	0.033479
728	4	5	9	1	P1	1	-0.005153	-0.005153	0.010920	0.010920
728	4	5	9	1	P50	3	-0.005689	-0.005689	0.009278	0.009278
728	4	5	9	1	P75	4	0.003788	0.003788	-0.024707	-0.024707
728	4	5	9	1	P90	4	0.033316	0.033316	0.003953	0.003953
728	4	5	9	1	P95	4	0.033316	0.033316	0.003953	0.003953
728	4	5	9	1	P99	4	0.033316	0.033316	0.003953	0.003953
728	4	5	9	1	P999	4	0.033316	0.033316	0.003953	0.003953
729	15	4	19	1	P1	1	-0.015206	-0.015206	0.002901	0.002901
729	15	4	19	1	P50	1	0.010818	0.010818	0.029387	0.029387
729	15	4	19	1	P75	1	0.025572	0.025572	0.044403	0.044403
729	15	4	19	1	P90	12	0.007380	0.007380	0.024334	0.024334
729	15	4	19	1	P95	12	0.018388	0.018388	0.035520	0.035520
729	15	4	19	1	P99	12	0.018388	0.018388	0.035520	0.035520
729	15	4	19	1	P999	12	0.018388	0.018388	0.035520	0.035520
730	3	4	7	1	P1	1	0.013296	0.013296	0.021960	0.021960
730	3	4	7	1	P50	54	-0.013122	-0.013122	0.007988	0.007988
730	3	4	7	1	P75	56	-0.006013	-0.006013	0.000552	0.000552
730	3	4	7	1	P90	56	0.015865	0.015865	0.015147	0.015147
730	3	4	7	1	P95	56	0.015865	0.015865	0.015147	0.015147
730	3	4	7	1	P99	56	0.015865	0.015865	0.015147	0.015147
730	3	4	7	1	P999	56	0.015865	0.015865	0.015147	0.015147
731	4	5	9	1	P1	1	0.005722	0.005722	0.021960	0.021960
731	4	5	9	1	P50	3	-0.005689	-0.005689	0.009278	0.009278
731	4	5	9	1	P75	4	0.011090	0.011090	-0.017620	-0.017620
731	4	5	9	1	P90	5	0.027439	0.027439	0.042344	0.042344
731	4	5	9	1	P95	5	0.027439	0.027439	0.042344	0.042344
731	4	5	9	1	P99	5	0.027439	0.027439	0.042344	0.042344
731	4	5	9	1	P999	5	0.027439	0.027439	0.042344	0.042344
732	12	3	15	0	P1	1	-0.018447	-0.018447	0.003108	0.003108
732	12	3	15	0	P50	1	0.003108	0.003108	0.025136	0.025136
732	12	3	15	0	P75	1	0.015637	0.015637	0.037941	0.037941
732	12	3	15	0	P90	1	0.021960	0.021960	0.044403	0.044403
732	12	3	15	0	P95	2	0.023978	0.023978	0.001975	0.001975
732	12	3	15	0	P99	2	0.023978	0.023978	0.001975	0.001975
732	12	3	15	0	P999	2	0.023978	0.023978	0.001975	0.001975
733	3	3	6	1	P1	1	-0.003383	-0.003383	0.014587	0.014587
733	3	3	6	1	P50	52	0.030965	-0.980271	0.002254	-0.979915
733	3	3	6	1	P75	55	0.018041	0.018041	0.033604	0.033604
733	3	3	6	1	P90	60	0.017976	0.017976	0.033479	0.033479
733	3	3	6	1	P95	60	0.017976	0.017976	0.033479	0.033479
733	3	3	6	1	P99	60	0.017976	0.017976	0.033479	0.033479
733	3	3	6	1	P999	60	0.017976	0.017976	0.033479	0.033479
734	5	22	27	1	P1	1	-0.013964	-0.013964	0.001977	0.001977
734	5	22	27	1	P50	1	0.011704	0.011704	0.028033	0.028033
734	5	22	27	1	P75	1	0.025800	0.025800	0.042342	0.042342
734	5	22	27	1	P90	4	0.003788	0.003788	-0.024707	-0.024707
734	5	22	27	1	P95	4	0.018445	0.018445	-0.010481	-0.010481
734	5	22	27	1	P99	4	0.033316	0.033316	0.003953	0.003953
734	5	22	27	1	P999	4	0.033316	0.033316	0.003953	0.003953
735	3	3	6	1	P1	1	0.003493	0.003493	0.021960	0.021960
735	3	3	6	1	P50	11	-0.003480	-0.813091	0.013391	-0.817823
735	3	3	6	1	P75	11	0.018417	0.018417	0.035645	0.035645
735	3	3	6	1	P90	12	0.018347	0.018347	0.035520	0.035520
735	3	3	6	1	P95	12	0.018347	0.018347	0.035520	0.035520
735	3	3	6	1	P99	12	0.018347	0.018347	0.035520	0.035520
735	3	3	6	1	P999	12	0.018347	0.018347	0.035520	0.035520
736	7	7	14	1	P1	1	-0.009143	-0.009143	0.008727	0.008727
736	7	7	14	1	P50	52	0.008796	-0.960445	0.002254	-0.961463
736	7	7	14	1	P75	55	-0.003850	-0.003850	0.011394	0.011394
736	7	7	14	1	P90	56	-0.000139	-0.000139	0.015147	0.015147
736	7	7	14	1	P95	58	0.008278	0.008278	0.023663	0.023663
736	7	7	14	1	P99	58	0.008278	0.008278	0.023663	0.023663
736	7	7	14	1	P999	58	0.008278	0.008278	0.023663	0.023663
737	5	20	25	1	P1	1	-0.001927	-0.001927	0.002175	0.002175
737	5	20	25	1	P50	1	0.024514	0.024514	0.028642	0.028642
737	5	20	25	1	P75	1	0.037996	0.037996	0.042136	0.042136
737	5	20	25	1	P90	3	-0.013172	-0.013172	0.031442	0.031442
737	5	20	25	1	P95	4	-0.017526	-0.017526	-0.017620	-0.017620
737	5	20	25	1	P99	4	0.004116	0.004116	0.003953	0.003953
737	5	20	25	1	P999	4	0.004116	0.004116	0.003953	0.003953
738	4	6	10	1	P1	10	0.040669	0.040669	0.044403	0.044403
738	4	6	10	1	P50	54	-0.012158	-0.033451	0.007988	-0.034867
738	4	6	10	1	P75	56	-0.005006	-0.005006	0.015147	0.015147
738	4	6	10	1	P90	58	0.025584	-0.018152	0.023663	0.001666
738	4	6	10	1	P95	58	0.025584	0.025584	0.023663	0.023663
738	4	6	10	1	P99	58	0.025584	0.025584	0.023663	0.023663
738	4	6	10	1	P999	58	0.025584	0.025584	0.023663	0.023663
739	6	5	11	1	P1	1	0.006810	0.006810	0.010920	0.010920
739	6	5	11	1	P50	2	0.044542	0.044542	0.001975	0.001975
739	6	5	11	1	P75	4	-0.010364	-0.010364	-0.010481	-0.010481
739	6	5	11	1	P90	4	0.004116	0.004116	0.003953	0.003953
739	6	5	11	1	P95	5	-0.001143	-0.001143	0.042344	0.042344
739	6	5	11	1	P99	5	-0.001143	-0.001143	0.042344	0.042344
739	6	5	11	1	P999	5	-0.001143	-0.001143	0.042344	0.042344
740	9	2	11	1	P1	1	-0.010992	-0.010992	0.004839	0.004839
740	9	2	11	1	P50	1	0.013194	0.013194	0.029387	0.029387
740	9	2	11	1	P75	1	0.027988	0.027988	0.044403	0.044403
740	9	2	11	1	P90	12	0.021817	0.021817	0.035520	0.035520
740	9	2	11	1	P95	15	0.016012	0.016012	0.029409	0.029409
740	9	2	11	1	P99	15	0.016012	0.016012	0.029409	0.029409
740	9	2	11	1	P999	15	0.016012	0.016012	0.029409	0.029409
741	2	2	4	1	P1	1	0.000987	0.000987	0.021960	0.021960
741	2	2	4	1	P50	53	0.006616	-0.980699	0.027006	-0.980294
741	2	2	4	1	P75	57	0.020956	-0.064024	0.041622	-0.045064
741	2	2	4	1	P90	57	0.020956	0.020956	0.041622	0.041622
741	2	2	4	1	P95	57	0.020956	0.020956	0.041622	0.041622
741	2	2	4	1	P99	57	0.020956	0.020956	0.041622	0.041622
741	2	2	4	1	P999	57	0.020956	0.020956	0.041622	0.041622
742	2	5	7	1	P1	1	0.027830	0.027830	0.044403	0.044403
742	2	5	7	1	P50	3	0.016168	0.016168	0.031442	0.031442
742	2	5	7	1	P75	4	0.033316	0.033316	0.003953	0.003953
742	2	5	7	1	P90	5	0.027439	0.027439	0.042344	0.042344
742	2	5	7	1	P95	5	0.027439	0.027439	0.042344	0.042344
742	2	5	7	1	P99	5	0.027439	0.027439	0.042344	0.042344
742	2	5	7	1	P999	5	0.027439	0.027439	0.042344	0.042344
743	53	4	57	1	P1	1	-0.017250	-0.017250	0.000820	0.000820
743	53	4	57	1	P50	1	0.005581	0.005581	0.024057	0.024057
743	53	4	57	1	P75	1	0.017195	0.017195	0.035876	0.035876
743	53	4	57	1	P90	1	0.024731	0.024731	0.043547	0.043547
743	53	4	57	1	P95	11	-0.003441	-0.003441	0.013391	0.013391
743	53	4	57	1	P99	12	0.018388	0.018388	0.035520	0.035520
743	53	4	57	1	P999	12	0.018388	0.018388	0.035520	0.035520
744	27	4	31	1	P1	1	-0.019057	-0.019057	0.003108	0.003108
744	27	4	31	1	P50	2	-0.013410	-0.013410	-0.034190	-0.034190
744	27	4	31	1	P75	2	0.013330	0.013330	-0.008021	-0.008021
744	27	4	31	1	P90	50	0.020391	0.020391	0.042344	0.042344
744	27	4	31	1	P95	56	0.037929	0.037929	0.015147	0.015147
744	27	4	31	1	P99	68	0.017041	0.017041	0.038838	0.038838
744	27	4	31	1	P999	68	0.017041	0.017041	0.038838	0.038838
745	4	5	9	1	P1	1	0.017839	0.017839	0.021960	0.021960
745	4	5	9	1	P50	4	-0.028171	-0.028171	-0.028232	-0.028232
745	4	5	9	1	P75	4	-0.006764	-0.006764	-0.006892	-0.006892
745	4	5	9	1	P90	5	-0.001143	-0.001143	0.042344	0.042344
745	4	5	9	1	P95	5	-0.001143	-0.001143	0.042344	0.042344
745	4	5	9	1	P99	5	-0.001143	-0.001143	0.042344	0.042344
745	4	5	9	1	P999	5	-0.001143	-0.001143	0.042344	0.042344
746	18	131	149	0	P1	1	-0.020914	-0.020914	0.000587	0.000587
746	18	131	149	0	P50	1	0.000294	0.000294	0.022260	0.022260
746	18	131	149	0	P75	1	0.011217	0.011217	0.033424	0.033424
746	18	131	149	0	P90	1	0.018068	0.018068	0.040425	0.040425
746	18	131	149	0	P95	1	0.020162	0.020162	0.042565	0.042565
746	18	131	149	0	P99	1	0.021960	0.021960	0.044403	0.044403
746	18	131	149	0	P999	2	0.023978	0.023978	0.001975	0.001975
747	11	26	37	1	P1	1	-0.016252	-0.016252	0.003348	0.003348
747	11	26	37	1	P50	2	0.002862	0.002862	-0.021193	-0.021193
747	11	26	37	1	P75	10	0.025891	0.025891	0.044403	0.044403
747	11	26	37	1	P90	12	-0.011760	-0.011760	0.005958	0.005958
747	11	26	37	1	P95	12	0.017305	0.017305	0.035520	0.035520
747	11	26	37	1	P99	13	0.024364	0.024364	0.042635	0.042635
747	11	26	37	1	P999	13	0.024364	0.024364	0.042635	0.042635
748	10	3	13	1	P1	1	-0.000997	-0.000997	0.014587	0.014587
748	10	3	13	1	P50	55	-0.007025	-0.007025	0.004097	0.004097
748	10	3	13	1	P75	57	0.000725	0.000725	0.011886	0.011886
748	10	3	13	1	P90	57	0.030166	0.030166	0.041622	0.041622
748	10	3	13	1	P95	65	0.029281	0.029281	0.040580	0.040580
748	10	3	13	1	P99	65	0.029281	0.029281	0.040580	0.040580
748	10	3	13	1	P999	65	0.029281	0.029281	0.040580	0.040580
749	37	8	45	0	P1	1	-0.020499	-0.020499	0.001011	0.001011
749	37	8	45	0	P50	1	0.001517	0.001517	0.023510	0.023510
749	37	8	45	0	P75	1	0.012709	0.012709	0.034949	0.034949
749	37	8	45	0	P90	1	0.019897	0.019897	0.042294	0.042294
749	37	8	45	0	P95	1	0.021960	0.021960	0.044403	0.044403
749	37	8	45	0	P99	2	0.023978	0.023978	0.001975	0.001975
749	37	8	45	0	P999	2	0.023978	0.023978	0.001975	0.001975
750	10	6	16	1	P1	1	-0.015310	-0.015310	0.005445	0.005445
750	10	6	16	1	P50	2	0.002947	-0.488576	-0.019556	-0.477799
750	10	6	16	1	P75	4	-0.002219	-0.242260	-0.024707	-0.226419
750	10	6	16	1	P90	4	0.027107	0.027107	0.003953	0.003953
750	10	6	16	1	P95	5	0.021079	0.021079	0.042344	0.042344
750	10	6	16	1	P99	5	0.021079	0.021079	0.042344	0.042344
750	10	6	16	1	P999	5	0.021079	0.021079	0.042344	0.042344
751	3	36	39	0	P1	1	-0.020398	-0.020398	0.001115	0.001115
751	3	36	39	0	P50	1	0.000557	0.000557	0.022530	0.022530
751	3	36	39	0	P75	1	0.011765	0.011765	0.033984	0.033984
751	3	36	39	0	P90	1	0.018551	0.018551	0.040918	0.040918
751	3	36	39	0	P95	1	0.020822	0.020822	0.043240	0.043240
751	3	36	39	0	P99	1	0.021960	0.021960	0.044403	0.044403
751	3	36	39	0	P999	1	0.021960	0.021960	0.044403	0.044403
752	2	30	32	1	P1	1	-0.016868	-0.016868	0.002719	0.002719
752	2	30	32	1	P50	2	-0.013770	-0.487983	-0.037412	-0.477799
752	2	30	32	1	P75	2	0.012975	0.009592	-0.011330	-0.014629
752	2	30	32	1	P90	2	0.026618	0.026618	0.001975	0.001975
752	2	30	32	1	P95	11	0.017359	0.017359	0.035645	0.035645
752	2	30	32	1	P99	12	0.017305	0.017305	0.035520	0.035520
752	2	30	32	1	P999	12	0.017305	0.017305	0.035520	0.035520
753	2	2	4	1	P1	1	0.024283	0.024283	0.044403	0.044403
753	2	2	4	1	P50	53	0.010551	-0.961249	0.027006	-0.962190
753	2	2	4	1	P75	55	0.017080	-0.026196	0.033604	-0.010339
753	2	2	4	1	P90	55	0.017080	0.017080	0.033604	0.033604
753	2	2	4	1	P95	55	0.017080	0.017080	0.033604	0.033604
753	2	2	4	1	P99	55	0.017080	0.017080	0.033604	0.033604
753	2	2	4	1	P999	55	0.017080	0.017080	0.033604	0.033604
754	5	63	68	1	P1	1	-0.015220	-0.015220	0.000701	0.000701
754	5	63	68	1	P50	1	0.008547	0.007840	0.024829	0.024111
754	5	63	68	1	P75	1	0.020645	0.019930	0.037110	0.036383
754	5	63	68	1	P90	1	0.027830	0.027830	0.044403	0.044403
754	5	63	68	1	P95	4	0.000157	0.000157	-0.028232	-0.028232
754	5	63	68	1	P99	4	0.033316	0.033316	0.003953	0.003953
754	5	63	68	1	P999	4	0.033316	0.033316	0.003953	0.003953
755	9	28	37	1	P1	1	-0.016252	-0.016252	0.003348	0.003348
755	9	28	37	1	P50	2	0.000182	0.000182	-0.023806	-0.023806
755	9	28	37	1	P75	2	0.026618	0.026618	0.001975	0.001975
755	9	28	37	1	P90	12	0.002667	0.002667	0.020632	0.020632
755	9	28	37	1	P95	13	0.002336	0.002336	0.020230	0.020230
755	9	28	37	1	P99	13	0.024364	0.024364	0.042635	0.042635
755	9	28	37	1	P999	13	0.024364	0.024364	0.042635	0.042635
756	7	7	14	1	P1	1	0.002325	0.002325	0.010920	0.010920
756	7	7	14	1	P50	50	-0.001563	-0.958428	0.042344	-0.959921
756	7	7	14	1	P75	55	-0.009738	-0.009738	0.018744	0.018744
756	7	7	14	1	P90	57	-0.001957	-0.001957	0.019239	0.019239
756	7	7	14	1	P95	59	0.007125	0.007125	0.006313	0.006313
756	7	7	14	1	P99	59	0.007125	0.007125	0.006313	0.006313
756	7	7	14	1	P999	59	0.007125	0.007125	0.006313	0.006313
757	5	12	17	1	P1	1	-0.000476	-0.000476	0.003627	0.003627
757	5	12	17	1	P50	1	0.028988	0.028988	0.033120	0.033120
757	5	12	17	1	P75	3	-0.041429	-0.041429	0.001996	0.001996
757	5	12	17	1	P90	4	-0.017526	-0.017526	-0.017620	-0.017620
757	5	12	17	1	P95	4	0.004116	0.004116	0.003953	0.003953
757	5	12	17	1	P99	4	0.004116	0.004116	0.003953	0.003953
757	5	12	17	1	P999	4	0.004116	0.004116	0.003953	0.003953
758	2	2	4	1	P1	1	0.003493	0.003493	0.021960	0.021960
758	2	2	4	1	P50	11	0.018417	-0.906769	0.035645	-0.905054
758	2	2	4	1	P75	12	0.018347	-0.066451	0.035520	-0.050658
758	2	2	4	1	P90	12	0.018347	0.018347	0.035520	0.035520
758	2	2	4	1	P95	12	0.018347	0.018347	0.035520	0.035520
758	2	2	4	1	P99	12	0.018347	0.018347	0.035520	0.035520
758	2	2	4	1	P999	12	0.018347	0.018347	0.035520	0.035520
759	2	2	4	1	P1	1	0.010601	0.010601	0.021960	0.021960
759	2	2	4	1	P50	55	0.007502	-0.981221	0.011394	-0.981011
759	2	2	4	1	P75	56	0.011281	-0.010489	0.015147	-0.006667
759	2	2	4	1	P90	56	0.011281	0.011281	0.015147	0.015147
759	2	2	4	1	P95	56	0.011281	0.011281	0.015147	0.015147
759	2	2	4	1	P99	56	0.011281	0.011281	0.015147	0.015147
759	2	2	4	1	P999	56	0.011281	0.011281	0.015147	0.015147
760	5	19	24	1	P1	1	-0.013656	-0.013656	0.002289	0.002289
760	5	19	24	1	P50	1	0.013811	0.011493	0.030172	0.027819
760	5	19	24	1	P75	1	0.027830	0.025480	0.044403	0.042017
760	5	19	24	1	P90	4	0.003788	0.003788	-0.024707	-0.024707
760	5	19	24	1	P95	4	0.018445	0.018445	-0.010481	-0.010481
760	5	19	24	1	P99	4	0.033316	0.033316	0.003953	0.003953
760	5	19	24	1	P999	4	0.033316	0.033316	0.003953	0.003953
761	3	4	7	1	P1	1	-0.003752	-0.003752	0.014587	0.014587
761	3	4	7	1	P50	2	0.028001	0.028001	0.001975	0.001975
761	3	4	7	1	P75	11	0.003766	0.003766	0.020756	0.020756
761	3	4	7	1	P90	11	0.018417	0.018417	0.035645	0.035645
761	3	4	7	1	P95	11	0.018417	0.018417	0.035645	0.035645
761	3	4	7	1	P99	11	0.018417	0.018417	0.035645	0.035645
761	3	4	7	1	P999	11	0.018417	0.018417	0.035645	0.035645
762	3	3	6	1	P1	1	-0.000997	-0.000997	0.014587	0.014587
762	3	3	6	1	P50	53	-0.006232	-0.980596	0.004938	-0.980294
762	3	3	6	1	P75	54	-0.003193	-0.003193	0.007988	0.007988
762	3	3	6	1	P90	55	0.022188	0.022188	0.033604	0.033604
762	3	3	6	1	P95	55	0.022188	0.022188	0.033604	0.033604
762	3	3	6	1	P99	55	0.022188	0.022188	0.033604	0.033604
762	3	3	6	1	P999	55	0.022188	0.022188	0.033604	0.033604
763	5	12	17	1	P1	1	-0.000476	-0.000476	0.003627	0.003627
763	5	12	17	1	P50	1	0.028988	0.028988	0.033120	0.033120
763	5	12	17	1	P75	3	-0.013172	-0.013172	0.031442	0.031442
763	5	12	17	1	P90	5	-0.022672	-0.022672	0.019946	0.019946
763	5	12	17	1	P95	5	-0.001143	-0.001143	0.042344	0.042344
763	5	12	17	1	P99	5	-0.001143	-0.001143	0.042344	0.042344
763	5	12	17	1	P999	5	-0.001143	-0.001143	0.042344	0.042344
764	3	3	6	1	P1	1	0.000693	0.000693	0.021960	0.021960
764	3	3	6	1	P50	11	0.014388	-0.813677	0.035645	-0.817823
764	3	3	6	1	P75	12	0.014275	0.014275	0.035520	0.035520
764	3	3	6	1	P90	13	0.021255	0.021255	0.042635	0.042635
764	3	3	6	1	P95	13	0.021255	0.021255	0.042635	0.042635
764	3	3	6	1	P99	13	0.021255	0.021255	0.042635	0.042635
764	3	3	6	1	P999	13	0.021255	0.021255	0.042635	0.042635
765	3	3	6	1	P1	1	0.033179	0.033179	0.044403	0.044403
765	3	3	6	1	P50	52	0.001365	-0.960114	0.002254	-0.961463
765	3	3	6	1	P75	54	0.007204	0.007204	0.007988	0.007988
765	3	3	6	1	P90	59	0.005752	0.005752	0.006313	0.006313
765	3	3	6	1	P95	59	0.005752	0.005752	0.006313	0.006313
765	3	3	6	1	P99	59	0.005752	0.005752	0.006313	0.006313
765	3	3	6	1	P999	59	0.005752	0.005752	0.006313	0.006313
766	5	19	24	1	P1	1	-0.001813	-0.001813	0.002289	0.002289
766	5	19	24	1	P50	1	0.026042	0.023692	0.030172	0.027819
766	5	19	24	1	P75	1	0.040260	0.037877	0.044403	0.042017
766	5	19	24	1	P90	4	-0.024636	-0.024636	-0.024707	-0.024707
766	5	19	24	1	P95	4	-0.010364	-0.010364	-0.010481	-0.010481
766	5	19	24	1	P99	4	0.004116	0.004116	0.003953	0.003953
766	5	19	24	1	P999	4	0.004116	0.004116	0.003953	0.003953
767	3	3	6	1	P1	1	-0.003752	-0.003752	0.014587	0.014587
767	3	3	6	1	P50	11	-0.003480	-0.906769	0.013391	-0.905054
767	3	3	6	1	P75	11	0.018417	0.018417	0.035645	0.035645
767	3	3	6	1	P90	12	0.018347	0.018347	0.035520	0.035520
767	3	3	6	1	P95	12	0.018347	0.018347	0.035520	0.035520
767	3	3	6	1	P99	12	0.018347	0.018347	0.035520	0.035520
767	3	3	6	1	P999	12	0.018347	0.018347	0.035520	0.035520
768	3	3	6	1	P1	1	0.024283	0.024283	0.044403	0.044403
768	3	3	6	1	P50	55	-0.004793	-0.962658	0.011394	-0.963565
768	3	3	6	1	P75	55	0.017080	0.017080	0.033604	0.033604
768	3	3	6	1	P90	58	0.007334	0.007334	0.023663	0.023663
768	3	3	6	1	P95	58	0.007334	0.007334	0.023663	0.023663
768	3	3	6	1	P99	58	0.007334	0.007334	0.023663	0.023663
768	3	3	6	1	P999	58	0.007334	0.007334	0.023663	0.023663
769	5	5	10	1	P1	1	0.004618	0.004618	0.008727	0.008727
769	5	5	10	1	P50	4	-0.028171	-0.739935	-0.028232	-0.738899
769	5	5	10	1	P75	4	-0.006764	-0.006764	-0.006892	-0.006892
769	5	5	10	1	P90	5	-0.001143	-0.196707	0.042344	-0.196837
769	5	5	10	1	P95	5	-0.001143	-0.001143	0.042344	0.042344
769	5	5	10	1	P99	5	-0.001143	-0.001143	0.042344	0.042344
769	5	5	10	1	P999	5	-0.001143	-0.001143	0.042344	0.042344
770	3	4	7	1	P1	1	0.026263	0.026263	0.044403	0.044403
770	3	4	7	1	P50	3	-0.006968	-0.006968	0.009278	0.009278
770	3	4	7	1	P75	4	0.032062	0.032062	0.003953	0.003953
770	3	4	7	1	P90	5	0.026242	0.026242	0.042344	0.042344
770	3	4	7	1	P95	5	0.026242	0.026242	0.042344	0.042344
770	3	4	7	1	P99	5	0.026242	0.026242	0.042344	0.042344
770	3	4	7	1	P999	5	0.026242	0.026242	0.042344	0.042344
771	7	2	9	1	P1	1	-0.011939	-0.011939	0.006226	0.006226
771	7	2	9	1	P50	1	0.012913	0.012913	0.031519	0.031519
771	7	2	9	1	P75	1	0.025572	0.025572	0.044403	0.044403
771	7	2	9	1	P90	13	0.025440	0.025440	0.042635	0.042635
771	7	2	9	1	P95	13	0.025440	0.025440	0.042635	0.042635
771	7	2	9	1	P99	13	0.025440	0.025440	0.042635	0.042635
771	7	2	9	1	P999	13	0.025440	0.025440	0.042635	0.042635
772	2	2	4	1	P1	1	0.016111	0.016111	0.021960	0.021960
772	2	2	4	1	P50	62	-0.015856	-0.983250	-0.021351	-0.983155
772	2	2	4	1	P75	62	0.005817	-0.015856	0.000141	-0.021351
772	2	2	4	1	P90	62	0.005817	0.005817	0.000141	0.000141
772	2	2	4	1	P95	62	0.005817	0.005817	0.000141	0.000141
772	2	2	4	1	P99	62	0.005817	0.005817	0.000141	0.000141
772	2	2	4	1	P999	62	0.005817	0.005817	0.000141	0.000141
773	4	13	17	1	P1	1	-0.000755	-0.000755	0.003348	0.003348
773	4	13	17	1	P50	1	0.026404	0.026404	0.030534	0.030534
773	4	13	17	1	P75	1	0.040260	0.040260	0.044403	0.044403
773	4	13	17	1	P90	4	-0.006764	-0.006764	-0.006892	-0.006892
773	4	13	17	1	P95	4	0.004116	0.004116	0.003953	0.003953
773	4	13	17	1	P99	4	0.004116	0.004116	0.003953	0.003953
773	4	13	17	1	P999	4	0.004116	0.004116	0.003953	0.003953
774	4	2	6	1	P1	2	0.004563	0.004563	-0.019556	-0.019556
774	4	2	6	1	P50	12	0.017335	-0.004542	0.035520	0.013268
774	4	2	6	1	P75	13	0.002366	0.002366	0.020230	0.020230
774	4	2	6	1	P90	13	0.024396	0.024396	0.042635	0.042635
774	4	2	6	1	P95	13	0.024396	0.024396	0.042635	0.042635
774	4	2	6	1	P99	13	0.024396	0.024396	0.042635	0.042635
774	4	2	6	1	P999	13	0.024396	0.024396	0.042635	0.042635
775	4	4	8	1	P1	1	0.003865	0.003865	0.021960	0.021960
775	4	4	8	1	P50	55	0.018041	-0.962603	0.033604	-0.963565
775	4	4	8	1	P75	61	0.001288	-0.041309	0.016537	-0.026681
775	4	4	8	1	P90	63	0.012579	0.012579	0.027969	0.027969
775	4	4	8	1	P95	63	0.012579	0.012579	0.027969	0.027969
775	4	4	8	1	P99	63	0.012579	0.012579	0.027969	0.027969
775	4	4	8	1	P999	63	0.012579	0.012579	0.027969	0.027969
776	4	11	15	1	P1	1	-0.012012	-0.012012	0.003957	0.003957
776	4	11	15	1	P50	1	0.015711	0.015711	0.032101	0.032101
776	4	11	15	1	P75	3	-0.012870	-0.012870	0.001996	0.001996
776	4	11	15	1	P90	3	0.016168	0.016168	0.031442	0.031442
776	4	11	15	1	P95	4	0.033316	0.033316	0.003953	0.003953
776	4	11	15	1	P99	4	0.033316	0.033316	0.003953	0.003953
776	4	11	15	1	P999	4	0.033316	0.033316	0.003953	0.003953
777	2	4	6	1	P1	1	0.024055	0.024055	0.044403	0.044403
777	2	4	6	1	P50	2	0.026641	0.011869	0.001975	-0.012431
777	2	4	6	1	P75	11	0.017389	0.017389	0.035645	0.035645
777	2	4	6	1	P90	12	0.017335	0.017335	0.035520	0.035520
777	2	4	6	1	P95	12	0.017335	0.017335	0.035520	0.035520
777	2	4	6	1	P99	12	0.017335	0.017335	0.035520	0.035520
777	2	4	6	1	P999	12	0.017335	0.017335	0.035520	0.035520
778	2	2	4	1	P1	1	0.024283	0.024283	0.044403	0.044403
778	2	2	4	1	P50	55	-0.004793	-0.962658	0.011394	-0.963565
778	2	2	4	1	P75	56	-0.001082	-0.022565	0.015147	-0.006667
778	2	2	4	1	P90	56	-0.001082	-0.001082	0.015147	0.015147
778	2	2	4	1	P95	56	-0.001082	-0.001082	0.015147	0.015147
778	2	2	4	1	P99	56	-0.001082	-0.001082	0.015147	0.015147
778	2	2	4	1	P999	56	-0.001082	-0.001082	0.015147	0.015147
779	4	4	8	1	P1	3	0.013295	0.013295	0.009278	0.009278
779	4	4	8	1	P50	4	-0.002318	-0.013120	-0.017620	-0.024707
779	4	4	8	1	P75	4	0.030803	0.008602	-0.003290	-0.010481
779	4	4	8	1	P90	4	0.053492	0.053492	0.003953	0.003953
779	4	4	8	1	P95	4	0.053492	0.053492	0.003953	0.003953
779	4	4	8	1	P99	4	0.053492	0.053492	0.003953	0.003953
779	4	4	8	1	P999	4	0.053492	0.053492	0.003953	0.003953
780	4	4	8	0	P1	3	-0.016299	-0.016299	0.009278	0.009278
780	4	4	8	0	P50	4	0.000000	-0.007215	-0.017620	-0.024707
780	4	4	8	0	P75	4	0.014587	0.007267	-0.003290	-0.010481
780	4	4	8	0	P90	4	0.021960	0.021960	0.003953	0.003953
780	4	4	8	0	P95	4	0.021960	0.021960	0.003953	0.003953
780	4	4	8	0	P99	4	0.021960	0.021960	0.003953	0.003953
780	4	4	8	0	P999	4	0.021960	0.021960	0.003953	0.003953
781	3	56	59	1	P1	1	-0.003324	-0.003324	0.000776	0.000776
781	3	56	59	1	P50	1	0.019424	0.019424	0.023547	0.023547
781	3	56	59	1	P75	1	0.031393	0.031393	0.035528	0.035528
781	3	56	59	1	P90	1	0.038642	0.038642	0.042783	0.042783
781	3	56	59	1	P95	3	-0.013172	-0.013172	0.031442	0.031442
781	3	56	59	1	P99	4	0.004116	0.004116	0.003953	0.003953
781	3	56	59	1	P999	4	0.004116	0.004116	0.003953	0.003953
782	7	12	19	1	P1	1	-0.011939	-0.011939	0.006226	0.006226
782	7	12	19	1	P50	2	0.010312	0.010312	-0.015287	-0.015287
782	7	12	19	1	P75	12	-0.010702	-0.010702	0.005958	0.005958
782	7	12	19	1	P90	13	0.025440	0.025440	0.042635	0.042635
782	7	12	19	1	P95	16	0.035454	0.035454	0.007923	0.007923
782	7	12	19	1	P99	16	0.035454	0.035454	0.007923	0.007923
782	7	12	19	1	P999	16	0.035454	0.035454	0.007923	0.007923
783	7	7	14	1	P1	1	-0.006085	-0.006085	0.007267	0.007267
783	7	7	14	1	P50	55	-0.006825	-0.962395	-0.001703	-0.963565
783	7	7	14	1	P75	56	0.001255	0.001255	0.006365	0.006365
783	7	7	14	1	P90	58	-0.003358	-0.003358	0.001666	0.001666
783	7	7	14	1	P95	58	0.018574	0.018574	0.023663	0.023663
783	7	7	14	1	P99	58	0.018574	0.018574	0.023663	0.023663
783	7	7	14	1	P999	58	0.018574	0.018574	0.023663	0.023663
784	3	22	25	1	P1	1	-0.013964	-0.013964	0.001977	0.001977
784	3	22	25	1	P50	1	0.009706	0.009706	0.026004	0.026004
784	3	22	25	1	P75	1	0.021752	0.021752	0.038233	0.038233
784	3	22	25	1	P90	3	-0.005689	-0.005689	0.009278	0.009278
784	3	22	25	1	P95	3	0.016168	0.016168	0.031442	0.031442
784	3	22	25	1	P99	4	0.033316	0.033316	0.003953	0.003953
784	3	22	25	1	P999	4	0.033316	0.033316	0.003953	0.003953
785	273	22	295	1	P1	1	-0.017587	-0.017587	0.000478	0.000478
785	273	22	295	1	P50	1	0.005360	0.005360	0.023832	0.023832
785	273	22	295	1	P75	1	0.017277	0.017277	0.035960	0.035960
785	273	22	295	1	P90	1	0.024430	0.024430	0.043240	0.043240
785	273	22	295	1	P95	12	-0.020686	-0.020686	-0.004188	-0.004188
785	273	22	295	1	P99	13	0.025440	0.025440	0.042635	0.042635
785	273	22	295	1	P999	14	0.038686	0.038686	0.011149	0.011149
786	34	21	55	1	P1	1	-0.006366	-0.006366	0.002175	0.002175
786	34	21	55	1	P50	2	0.020086	0.020086	-0.016509	-0.016509
786	34	21	55	1	P75	53	0.007491	0.007491	0.012241	0.012241
786	34	21	55	1	P90	56	-0.006013	-0.006013	0.007823	0.007823
786	34	21	55	1	P95	57	-0.001957	-0.001957	0.019239	0.019239
786	34	21	55	1	P99	58	0.024489	0.024489	0.023663	0.023663
786	34	21	55	1	P999	58	0.024489	0.024489	0.023663	0.023663
787	3	41	44	0	P1	1	-0.020522	-0.020522	0.000988	0.000988
787	3	41	44	0	P50	1	0.000988	0.000000	0.022970	0.021960
787	3	41	44	0	P75	1	0.011919	0.010920	0.034141	0.033120
787	3	41	44	0	P90	1	0.017932	0.017932	0.040286	0.040286
787	3	41	44	0	P95	1	0.019944	0.019944	0.042342	0.042342
787	3	41	44	0	P99	1	0.021960	0.021960	0.044403	0.044403
787	3	41	44	0	P999	1	0.021960	0.021960	0.044403	0.044403
788	6	19	25	0	P1	1	-0.021293	-0.021293	0.002175	0.002175
788	6	19	25	0	P50	1	0.004554	0.004554	0.028642	0.028642
788	6	19	25	0	P75	1	0.017733	0.017733	0.042136	0.042136
788	6	19	25	0	P90	2	0.004354	0.004354	-0.015287	-0.015287
788	6	19	25	0	P95	2	0.013119	0.013119	-0.006694	-0.006694
788	6	19	25	0	P99	2	0.021960	0.021960	0.001975	0.001975
788	6	19	25	0	P999	2	0.021960	0.021960	0.001975	0.001975
789	13	3	16	1	P1	1	0.010473	0.010473	0.014587	0.014587
789	13	3	16	1	P50	6	-0.009109	-0.167619	0.033479	-0.131380
789	13	3	16	1	P75	11	-0.026617	-0.088210	0.013391	-0.050543
789	13	3	16	1	P90	12	-0.026476	-0.026476	0.013268	0.013268
789	13	3	16	1	P95	12	-0.005031	-0.005031	0.035520	0.035520
789	13	3	16	1	P99	12	-0.005031	-0.005031	0.035520	0.035520
789	13	3	16	1	P999	12	-0.005031	-0.005031	0.035520	0.035520
790	71	14	85	1	P1	1	-0.017482	-0.017482	0.000612	0.000612
790	71	14	85	1	P50	1	0.008111	0.008111	0.026661	0.026661
790	71	14	85	1	P75	1	0.021157	0.021157	0.039939	0.039939
790	71	14	85	1	P90	11	-0.000381	-0.000381	0.016541	0.016541
790	71	14	85	1	P95	12	-0.003549	-0.003549	0.013268	0.013268
790	71	14	85	1	P99	14	0.038643	0.038643	0.011149	0.011149
790	71	14	85	1	P999	14	0.038643	0.038643	0.011149	0.011149
791	17	13	30	1	P1	1	-0.005201	-0.005201	0.003348	0.003348
791	17	13	30	1	P50	2	0.028049	0.016918	-0.008849	-0.019556
791	17	13	30	1	P75	55	-0.018324	-0.018324	0.011394	0.011394
791	17	13	30	1	P90	57	-0.001957	-0.012763	0.030370	0.019239
791	17	13	30	1	P95	58	0.024489	0.024489	0.023663	0.023663
791	17	13	30	1	P99	61	0.017459	0.017459	0.016537	0.016537
791	17	13	30	1	P999	61	0.017459	0.017459	0.016537	0.016537
792	13	3	16	1	P1	1	0.000250	0.000250	0.004354	0.004354
792	13	3	16	1	P50	1	0.035736	0.031233	0.039875	0.035367
792	13	3	16	1	P75	2	0.044542	0.029478	0.001975	-0.012431
792	13	3	16	1	P90	4	-0.010364	-0.010364	-0.010481	-0.010481
792	13	3	16	1	P95	4	0.004116	0.004116	0.003953	0.003953
792	13	3	16	1	P99	4	0.004116	0.004116	0.003953	0.003953
792	13	3	16	1	P999	4	0.004116	0.004116	0.003953	0.003953
793	2	36	38	0	P1	1	-0.020369	-0.020369	0.001144	0.001144
793	2	36	38	0	P50	1	0.001144	0.000000	0.023129	0.021960
793	2	36	38	0	P75	1	0.011499	0.011499	0.033711	0.033711
793	2	36	38	0	P90	1	0.018461	0.018461	0.040827	0.040827
793	2	36	38	0	P95	1	0.020792	0.020792	0.043209	0.043209
793	2	36	38	0	P99	1	0.021960	0.021960	0.044403	0.044403
793	2	36	38	0	P999	1	0.021960	0.021960	0.044403	0.044403
794	144	20	164	1	P1	1	-0.017486	-0.017486	0.000608	0.000608
794	144	20	164	1	P50	1	0.007007	0.006701	0.025537	0.025225
794	144	20	164	1	P75	1	0.019637	0.019327	0.038391	0.038076
794	144	20	164	1	P90	11	-0.017169	-0.017169	-0.000521	-0.000521
794	144	20	164	1	P95	11	0.014400	0.014400	0.031563	0.031563
794	144	20	164	1	P99	13	0.003350	0.003350	0.020230	0.020230
794	144	20	164	1	P999	13	0.025398	0.025398	0.042635	0.042635
795	20	22	42	1	P1	1	-0.015416	-0.015416	0.003957	0.003957
795	20	22	42	1	P50	51	0.005496	-0.016128	-0.004388	-0.013001
795	20	22	42	1	P75	55	-0.001698	-0.001698	0.011394	0.011394
795	20	22	42	1	P90	58	-0.003557	-0.003557	0.006027	0.006027
795	20	22	42	1	P95	59	0.012025	0.012025	0.006313	0.006313
795	20	22	42	1	P99	139	0.002906	0.002906	0.018424	0.018424
795	20	22	42	1	P999	139	0.002906	0.002906	0.018424	0.018424
796	7	73	80	0	P1	1	-0.020957	-0.020957	0.000543	0.000543
796	7	73	80	0	P50	1	0.000543	0.000000	0.022515	0.021960
796	7	73	80	0	P75	1	0.011470	0.010920	0.033682	0.033120
796	7	73	80	0	P90	1	0.018083	0.017530	0.040440	0.039875
796	7	73	80	0	P95	1	0.020297	0.019743	0.042702	0.042136
796	7	73	80	0	P99	1	0.021960	0.021960	0.044403	0.044403
796	7	73	80	0	P999	1	0.021960	0.021960	0.044403	0.044403
797	11	22	33	0	P1	1	-0.019852	-0.019852	0.001672	0.001672
797	11	22	33	0	P50	1	0.006706	0.006706	0.028814	0.028814
797	11	22	33	0	P75	1	0.020254	0.020254	0.042659	0.042659
797	11	22	33	0	P90	2	0.005089	0.005089	-0.016509	-0.016509
797	11	22	33	0	P95	2	0.017643	0.017643	-0.004225	-0.004225
797	11	22	33	0	P99	2	0.023978	0.023978	0.001975	0.001975
797	11	22	33	0	P999	2	0.023978	0.023978	0.001975	0.001975
798	9	27	36	1	P1	1	-0.002491	-0.002491	0.001610	0.001610
798	9	27	36	1	P50	1	0.026914	0.025258	0.031045	0.029387
798	9	27	36	1	P75	4	-0.024636	-0.739935	-0.024707	-0.738899
798	9	27	36	1	P90	10	-0.025750	-0.025750	0.014587	0.014587
798	9	27	36	1	P95	10	0.002969	0.002969	0.044403	0.044403
798	9	27	36	1	P99	11	-0.005175	-0.005175	0.035645	0.035645
798	9	27	36	1	P999	11	-0.005175	-0.005175	0.035645	0.035645
799	3	11	14	1	P1	1	-0.008801	-0.008801	0.010920	0.010920
799	3	11	14	1	P50	2	0.007688	0.001448	-0.016509	-0.022594
799	3	11	14	1	P75	2	0.026641	0.026641	0.001975	0.001975
799	3	11	14	1	P90	12	-0.004542	-0.004542	0.013268	0.013268
799	3	11	14	1	P95	12	0.017335	0.017335	0.035520	0.035520
799	3	11	14	1	P99	12	0.017335	0.017335	0.035520	0.035520
799	3	11	14	1	P999	12	0.017335	0.017335	0.035520	0.035520
800	3	3	6	1	P1	1	0.028393	0.028393	0.044403	0.044403
800	3	3	6	1	P50	52	0.012879	-0.960338	0.002254	-0.961463
800	3	3	6	1	P75	53	0.015615	0.015615	0.027006	0.027006
800	3	3	6	1	P90	56	0.003935	0.003935	0.015147	0.015147
800	3	3	6	1	P95	56	0.003935	0.003935	0.015147	0.015147
800	3	3	6	1	P99	56	0.003935	0.003935	0.015147	0.015147
800	3	3	6	1	P999	56	0.003935	0.003935	0.015147	0.015147
801	3	60	63	1	P1	1	-0.003364	-0.003364	0.000737	0.000737
801	3	60	63	1	P50	1	0.019720	0.019720	0.023843	0.023843
801	3	60	63	1	P75	1	0.031842	0.031842	0.035977	0.035977
801	3	60	63	1	P90	1	0.038724	0.038724	0.042866	0.042866
801	3	60	63	1	P95	2	0.044542	0.044542	0.001975	0.001975
801	3	60	63	1	P99	4	0.004116	0.004116	0.003953	0.003953
801	3	60	63	1	P999	4	0.004116	0.004116	0.003953	0.003953
802	5	5	10	1	P1	1	-0.007326	-0.007326	0.010920	0.010920
802	5	5	10	1	P50	11	0.018458	-0.813085	0.035645	-0.817823
802	5	5	10	1	P75	12	0.003737	0.003737	0.020632	0.020632
802	5	5	10	1	P90	13	0.025440	-0.059950	0.042635	-0.044136
802	5	5	10	1	P95	13	0.025440	0.025440	0.042635	0.042635
802	5	5	10	1	P99	13	0.025440	0.025440	0.042635	0.042635
802	5	5	10	1	P999	13	0.025440	0.025440	0.042635	0.042635
803	5	5	10	1	P1	1	-0.006773	-0.006773	0.008727	0.008727
803	5	5	10	1	P50	53	-0.013410	-0.980596	-0.002312	-0.980294
803	5	5	10	1	P75	54	-0.003193	-0.003193	0.007988	0.007988
803	5	5	10	1	P90	58	0.012404	-0.030684	0.023663	-0.019858
803	5	5	10	1	P95	58	0.012404	0.012404	0.023663	0.023663
803	5	5	10	1	P99	58	0.012404	0.012404	0.023663	0.023663
803	5	5	10	1	P999	58	0.012404	0.012404	0.023663	0.023663
804	3	3	6	1	P1	3	0.013295	0.013295	0.009278	0.009278
804	3	3	6	1	P50	4	0.008602	-0.013120	-0.010481	-0.024707
804	3	3	6	1	P75	4	0.053492	0.053492	0.003953	0.003953
804	3	3	6	1	P90	5	0.003150	0.003150	0.042344	0.042344
804	3	3	6	1	P95	5	0.003150	0.003150	0.042344	0.042344
804	3	3	6	1	P99	5	0.003150	0.003150	0.042344	0.042344
804	3	3	6	1	P999	5	0.003150	0.003150	0.042344	0.042344
805	4	5	9	1	P1	1	0.004618	0.004618	0.008727	0.008727
805	4	5	9	1	P50	1	0.040260	0.040260	0.044403	0.044403
805	4	5	9	1	P75	4	-0.024636	-0.024636	-0.024707	-0.024707
805	4	5	9	1	P90	4	0.004116	0.004116	0.003953	0.003953
805	4	5	9	1	P95	4	0.004116	0.004116	0.003953	0.003953
805	4	5	9	1	P99	4	0.004116	0.004116	0.003953	0.003953
805	4	5	9	1	P999	4	0.004116	0.004116	0.003953	0.003953
806	4	4	8	1	P1	3	0.013295	0.013295	0.009278	0.009278
806	4	4	8	1	P50	4	-0.002318	-0.013120	-0.013342	-0.021878
806	4	4	8	1	P75	4	0.053492	0.008602	0.003953	-0.004732
806	4	4	8	1	P90	5	0.047797	0.047797	0.042344	0.042344
806	4	4	8	1	P95	5	0.047797	0.047797	0.042344	0.042344
806	4	4	8	1	P99	5	0.047797	0.047797	0.042344	0.042344
806	4	4	8	1	P999	5	0.047797	0.047797	0.042344	0.042344
807	806	4	810	1	P1	1	-0.003605	-0.003605	0.000495	0.000495
807	806	4	810	1	P50	1	0.018456	0.018400	0.022579	0.022522
807	806	4	810	1	P75	1	0.029868	0.029868	0.034001	0.034001
807	806	4	810	1	P90	1	0.036822	0.036765	0.040962	0.040905
807	806	4	810	1	P95	1	0.039113	0.039113	0.043254	0.043254
807	806	4	810	1	P99	2	0.033224	0.033224	-0.008849	-0.008849
807	806	4	810	1	P999	4	0.004116	0.004116	0.003953	0.003953
808	4	755	759	1	P1	1	-0.003635	-0.003635	0.000465	0.000465
808	4	755	759	1	P50	1	0.018194	0.018194	0.022316	0.022316
808	4	755	759	1	P75	1	0.029528	0.029528	0.033661	0.033661
808	4	755	759	1	P90	1	0.036388	0.036388	0.040527	0.040527
808	4	755	759	1	P95	1	0.038685	0.038685	0.042827	0.042827
808	4	755	759	1	P99	2	0.025215	0.025215	-0.016509	-0.016509
808	4	755	759	1	P999	4	0.004116	0.004116	0.003953	0.003953
809	5	3	8	1	P1	1	0.018325	0.018325	0.021960	0.021960
809	5	3	8	1	P50	11	-0.004504	-0.087601	0.035645	-0.050543
809	5	3	8	1	P75	12	-0.004352	-0.025814	0.035520	0.013268
809	5	3	8	1	P90	13	0.002764	0.002764	0.042635	0.042635
809	5	3	8	1	P95	13	0.002764	0.002764	0.042635	0.042635
809	5	3	8	1	P99	13	0.002764	0.002764	0.042635	0.042635
809	5	3	8	1	P999	13	0.002764	0.002764	0.042635	0.042635
810	5	5	10	1	P1	1	-0.004611	-0.004611	0.010920	0.010920
810	5	5	10	1	P50	52	0.005563	-0.960338	0.002254	-0.961463
810	5	5	10	1	P75	54	-0.003193	-0.003193	0.007988	0.007988
810	5	5	10	1	P90	76	0.002995	-0.260259	0.013862	-0.251997
810	5	5	10	1	P95	76	0.002995	0.002995	0.013862	0.013862
810	5	5	10	1	P99	76	0.002995	0.002995	0.013862	0.013862
810	5	5	10	1	P999	76	0.002995	0.002995	0.013862	0.013862
811	4	10	14	1	P1	1	-0.011622	-0.011622	0.004354	0.004354
811	4	10	14	1	P50	1	0.018929	0.014507	0.035367	0.030879
811	4	10	14	1	P75	3	0.016168	0.016168	0.031442	0.031442
811	4	10	14	1	P90	4	0.033316	0.033316	0.003953	0.003953
811	4	10	14	1	P95	5	0.027439	0.027439	0.042344	0.042344
811	4	10	14	1	P99	5	0.027439	0.027439	0.042344	0.042344
811	4	10	14	1	P999	5	0.027439	0.027439	0.042344	0.042344
812	4	2	6	1	P1	1	0.005722	0.005722	0.021960	0.021960
812	4	2	6	1	P50	3	0.016168	-0.005689	0.031442	0.009278
812	4	2	6	1	P75	4	0.011090	0.011090	-0.017620	-0.017620
812	4	2	6	1	P90	4	0.033316	0.033316	0.003953	0.003953
812	4	2	6	1	P95	4	0.033316	0.033316	0.003953	0.003953
812	4	2	6	1	P99	4	0.033316	0.033316	0.003953	0.003953
812	4	2	6	1	P999	4	0.033316	0.033316	0.003953	0.003953
813	4	4	8	0	P1	3	0.005304	0.005304	0.031442	0.031442
813	4	4	8	0	P50	4	0.003108	-0.003098	-0.014566	-0.020664
813	4	4	8	0	P75	4	0.015637	0.009353	-0.002258	-0.008431
813	4	4	8	0	P90	4	0.021960	0.021960	0.003953	0.003953
813	4	4	8	0	P95	4	0.021960	0.021960	0.003953	0.003953
813	4	4	8	0	P99	4	0.021960	0.021960	0.003953	0.003953
813	4	4	8	0	P999	4	0.021960	0.021960	0.003953	0.003953
814	22	7	29	1	P1	1	-0.016142	-0.016142	0.001977	0.001977
814	22	7	29	1	P50	1	0.011455	0.011455	0.030065	0.030065
814	22	7	29	1	P75	1	0.025543	0.025543	0.044403	0.044403
814	22	7	29	1	P90	12	0.009531	0.009531	0.026561	0.026561
814	22	7	29	1	P95	12	0.018347	0.018347	0.035520	0.035520
814	22	7	29	1	P99	13	0.025398	0.025398	0.042635	0.042635
814	22	7	29	1	P999	13	0.025398	0.025398	0.042635	0.042635
815	7	7	14	1	P1	1	-0.011977	-0.011977	0.008727	0.008727
815	7	7	14	1	P50	55	0.013090	-0.962723	0.004097	-0.963565
815	7	7	14	1	P75	57	0.003364	0.003364	0.008229	0.008229
815	7	7	14	1	P90	58	0.003353	0.003353	0.012605	0.012605
815	7	7	14	1	P95	59	0.030151	0.030151	0.006313	0.006313
815	7	7	14	1	P99	59	0.030151	0.030151	0.006313	0.006313
815	7	7	14	1	P999	59	0.030151	0.030151	0.006313	0.006313
816	4	4	8	0	P1	3	-0.016299	-0.016299	0.009278	0.009278
816	4	4	8	0	P50	4	0.000000	-0.007215	-0.017620	-0.024707
816	4	4	8	0	P75	4	0.014587	0.007267	-0.003290	-0.010481
816	4	4	8	0	P90	4	0.021960	0.021960	0.003953	0.003953
816	4	4	8	0	P95	4	0.021960	0.021960	0.003953	0.003953
816	4	4	8	0	P99	4	0.021960	0.021960	0.003953	0.003953
816	4	4	8	0	P999	4	0.021960	0.021960	0.003953	0.003953
817	4	4	8	1	P1	3	-0.008529	-0.008529	0.001996	0.001996
817	4	4	8	1	P50	4	-0.005932	-0.020256	-0.021878	-0.030341
817	4	4	8	1	P75	4	0.030803	0.008602	-0.004732	-0.013342
817	4	4	8	1	P90	4	0.053492	0.053492	0.003953	0.003953
817	4	4	8	1	P95	4	0.053492	0.053492	0.003953	0.003953
817	4	4	8	1	P99	4	0.053492	0.053492	0.003953	0.003953
817	4	4	8	1	P999	4	0.053492	0.053492	0.003953	0.003953
818	71	4	75	1	P1	1	-0.020205	-0.020205	0.000621	0.000621
818	71	4	75	1	P50	1	0.002558	0.002558	0.023865	0.023865
818	71	4	75	1	P75	1	0.014452	0.014452	0.036010	0.036010
818	71	4	75	1	P90	1	0.021402	0.021402	0.043107	0.043107
818	71	4	75	1	P95	10	0.000970	0.000970	0.021960	0.021960
818	71	4	75	1	P99	13	0.021255	0.021255	0.042635	0.042635
818	71	4	75	1	P999	13	0.021255	0.021255	0.042635	0.042635
819	7	4	11	1	P1	1	0.000855	0.000855	0.007267	0.007267
819	7	4	11	1	P50	1	0.037854	0.037854	0.044403	0.044403
819	7	4	11	1	P75	52	0.006426	0.006426	0.002254	0.002254
819	7	4	11	1	P90	56	-0.002358	-0.002358	0.015147	0.015147
819	7	4	11	1	P95	57	0.001721	0.001721	0.041622	0.041622
819	7	4	11	1	P99	57	0.001721	0.001721	0.041622	0.041622
819	7	4	11	1	P999	57	0.001721	0.001721	0.041622	0.041622
820	4	4	8	1	P1	1	0.006810	0.006810	0.010920	0.010920
820	4	4	8	1	P50	3	-0.013172	-0.653247	0.031442	-0.651866
820	4	4	8	1	P75	4	-0.010364	-0.024636	-0.010481	-0.024707
820	4	4	8	1	P90	4	0.004116	0.004116	0.003953	0.003953
820	4	4	8	1	P95	4	0.004116	0.004116	0.003953	0.003953
820	4	4	8	1	P99	4	0.004116	0.004116	0.003953	0.003953
820	4	4	8	1	P999	4	0.004116	0.004116	0.003953	0.003953
821	4	83	87	1	P1	1	-0.003576	-0.003576	0.000524	0.000524
821	4	83	87	1	P50	1	0.019175	0.019175	0.023298	0.023298
821	4	83	87	1	P75	1	0.031016	0.031016	0.035150	0.035150
821	4	83	87	1	P90	1	0.038077	0.038077	0.042218	0.042218
821	4	83	87	1	P95	1	0.040260	0.040260	0.044403	0.044403
821	4	83	87	1	P99	4	0.004116	0.004116	0.003953	0.003953
821	4	83	87	1	P999	4	0.004116	0.004116	0.003953	0.003953
822	9	14	23	1	P1	1	-0.011967	-0.011967	0.006226	0.006226
822	9	14	23	1	P50	2	0.015312	0.015312	-0.010386	-0.010386
822	9	14	23	1	P75	12	-0.010742	-0.010742	0.005958	0.005958
822	9	14	23	1	P90	13	0.003350	0.003350	0.020230	0.020230
822	9	14	23	1	P95	13	0.025398	0.025398	0.042635	0.042635
822	9	14	23	1	P99	14	0.038643	0.038643	0.011149	0.011149
822	9	14	23	1	P999	14	0.038643	0.038643	0.011149	0.011149
823	4	4	8	1	P1	1	0.003296	0.003296	0.014587	0.014587
823	4	4	8	1	P50	55	0.000220	-0.962320	0.011394	-0.963565
823	4	4	8	1	P75	57	-0.006461	-0.020772	0.019239	-0.002663
823	4	4	8	1	P90	58	0.019845	0.019845	0.023663	0.023663
823	4	4	8	1	P95	58	0.019845	0.019845	0.023663	0.023663
823	4	4	8	1	P99	58	0.019845	0.019845	0.023663	0.023663
823	4	4	8	1	P999	58	0.019845	0.019845	0.023663	0.023663
824	4	4	8	0	P1	3	-0.016299	-0.016299	0.009278	0.009278
824	4	4	8	0	P50	4	0.000000	-0.007215	-0.017620	-0.024707
824	4	4	8	0	P75	4	0.014587	0.007267	-0.003290	-0.010481
824	4	4	8	0	P90	4	0.021960	0.021960	0.003953	0.003953
824	4	4	8	0	P95	4	0.021960	0.021960	0.003953	0.003953
824	4	4	8	0	P99	4	0.021960	0.021960	0.003953	0.003953
824	4	4	8	0	P999	4	0.021960	0.021960	0.003953	0.003953
825	8	2	10	1	P1	1	-0.012706	-0.012706	0.005445	0.005445
825	8	2	10	1	P50	1	0.014487	0.008989	0.033120	0.027525
825	8	2	10	1	P75	1	0.025572	0.025572	0.044403	0.044403
825	8	2	10	1	P90	12	0.018388	-0.066414	0.035520	-0.050658
825	8	2	10	1	P95	12	0.018388	0.018388	0.035520	0.035520
825	8	2	10	1	P99	12	0.018388	0.018388	0.035520	0.035520
825	8	2	10	1	P999	12	0.018388	0.018388	0.035520	0.035520
826	2	2	4	1	P1	1	0.007451	0.007451	0.021960	0.021960
826	2	2	4	1	P50	56	0.005935	-0.981614	0.015147	-0.981350
826	2	2	4	1	P75	58	0.014430	-0.028753	0.023663	-0.019858
826	2	2	4	1	P90	58	0.014430	0.014430	0.023663	0.023663
826	2	2	4	1	P95	58	0.014430	0.014430	0.023663	0.023663
826	2	2	4	1	P99	58	0.014430	0.014430	0.023663	0.023663
826	2	2	4	1	P999	58	0.014430	0.014430	0.023663	0.023663
827	4	4	8	0	P1	3	0.005304	0.005304	0.031442	0.031442
827	4	4	8	0	P50	4	0.003108	-0.003098	-0.014566	-0.020664
827	4	4	8	0	P75	4	0.015637	0.009353	-0.002258	-0.008431
827	4	4	8	0	P90	4	0.021960	0.021960	0.003953	0.003953
827	4	4	8	0	P95	4	0.021960	0.021960	0.003953	0.003953
827	4	4	8	0	P99	4	0.021960	0.021960	0.003953	0.003953
827	4	4	8	0	P999	4	0.021960	0.021960	0.003953	0.003953
828	30	3	33	1	P1	1	-0.007104	-0.007104	0.001449	0.001449
828	30	3	33	1	P50	1	0.016225	0.016225	0.024924	0.024924
828	30	3	33	1	P75	1	0.028094	0.028094	0.036868	0.036868
828	30	3	33	1	P90	1	0.035583	0.035583	0.044403	0.044403
828	30	3	33	1	P95	12	-0.011382	-0.011382	0.035520	0.035520
828	30	3	33	1	P99	14	0.008617	0.008617	0.011149	0.011149
828	30	3	33	1	P999	14	0.008617	0.008617	0.011149	0.011149
829	3	3	6	1	P1	1	-0.003383	-0.003383	0.014587	0.014587
829	3	3	6	1	P50	52	0.030965	-0.980271	0.002254	-0.979915
829	3	3	6	1	P75	54	0.014597	0.014597	0.007988	0.007988
829	3	3	6	1	P90	55	0.018041	0.018041	0.033604	0.033604
829	3	3	6	1	P95	55	0.018041	0.018041	0.033604	0.033604
829	3	3	6	1	P99	55	0.018041	0.018041	0.033604	0.033604
829	3	3	6	1	P999	55	0.018041	0.018041	0.033604	0.033604
830	4	4	8	0	P1	3	-0.012949	-0.012949	-0.003791	-0.003791
830	4	4	8	0	P50	3	0.021960	0.013119	0.031442	0.022519
830	4	4	8	0	P75	4	0.038893	0.016569	0.003953	-0.017620
830	4	4	8	0	P90	5	0.032762	0.032762	0.042344	0.042344
830	4	4	8	0	P95	5	0.032762	0.032762	0.042344	0.042344
830	4	4	8	0	P99	5	0.032762	0.032762	0.042344	0.042344
830	4	4	8	0	P999	5	0.032762	0.032762	0.042344	0.042344
831	4	4	8	1	P1	1	0.006810	0.006810	0.010920	0.010920
831	4	4	8	1	P50	4	-0.028171	-0.739935	-0.028232	-0.738899
831	4	4	8	1	P75	4	-0.006764	-0.017526	-0.006892	-0.017620
831	4	4	8	1	P90	4	0.004116	0.004116	0.003953	0.003953
831	4	4	8	1	P95	4	0.004116	0.004116	0.003953	0.003953
831	4	4	8	1	P99	4	0.004116	0.004116	0.003953	0.003953
831	4	4	8	1	P999	4	0.004116	0.004116	0.003953	0.003953
832	77	5	82	1	P1	1	-0.015355	-0.015355	0.000564	0.000564
832	77	5	82	1	P50	1	0.007712	0.007143	0.023980	0.023403
832	77	5	82	1	P75	1	0.019159	0.019159	0.035601	0.035601
832	77	5	82	1	P90	1	0.026090	0.026090	0.042636	0.042636
832	77	5	82	1	P95	3	-0.005689	-0.005689	0.009278	0.009278
832	77	5	82	1	P99	4	0.033316	0.033316	0.003953	0.003953
832	77	5	82	1	P999	4	0.033316	0.033316	0.003953	0.003953
833	20	3	23	1	P1	1	-0.018571	-0.018571	0.002289	0.002289
833	20	3	23	1	P50	1	0.006431	0.006431	0.027819	0.027819
833	20	3	23	1	P75	1	0.020335	0.020335	0.042017	0.042017
833	20	3	23	1	P90	11	0.014388	0.014388	0.035645	0.035645
833	20	3	23	1	P95	12	0.014275	0.014275	0.035520	0.035520
833	20	3	23	1	P99	13	0.021255	0.021255	0.042635	0.042635
833	20	3	23	1	P999	13	0.021255	0.021255	0.042635	0.042635
834	3	3	6	1	P1	1	0.003296	0.003296	0.014587	0.014587
834	3	3	6	1	P50	52	-0.001722	-0.980138	0.002254	-0.979915
834	3	3	6	1	P75	56	-0.010489	-0.010489	-0.006667	-0.006667
834	3	3	6	1	P90	56	0.011281	0.011281	0.015147	0.015147
834	3	3	6	1	P95	56	0.011281	0.011281	0.015147	0.015147
834	3	3	6	1	P99	56	0.011281	0.011281	0.015147	0.015147
834	3	3	6	1	P999	56	0.011281	0.011281	0.015147	0.015147
835	5	4	9	1	P1	1	-0.009948	-0.009948	0.010920	0.010920
835	5	4	9	1	P50	4	-0.005826	-0.005826	-0.028232	-0.028232
835	5	4	9	1	P75	4	0.016010	0.016010	-0.006892	-0.006892
835	5	4	9	1	P90	5	0.021079	0.021079	0.042344	0.042344
835	5	4	9	1	P95	5	0.021079	0.021079	0.042344	0.042344
835	5	4	9	1	P99	5	0.021079	0.021079	0.042344	0.042344
835	5	4	9	1	P999	5	0.021079	0.021079	0.042344	0.042344
836	5	13	18	1	P1	1	-0.000146	-0.000146	0.003957	0.003957
836	5	13	18	1	P50	1	0.036147	0.032050	0.040286	0.036185
836	5	13	18	1	P75	3	0.030784	0.030784	0.031442	0.031442
836	5	13	18	1	P90	4	-0.006764	-0.006764	-0.006892	-0.006892
836	5	13	18	1	P95	4	0.004116	0.004116	0.003953	0.003953
836	5	13	18	1	P99	4	0.004116	0.004116	0.003953	0.003953
836	5	13	18	1	P999	4	0.004116	0.004116	0.003953	0.003953
837	2	2	4	1	P1	13	0.012948	0.012948	0.042635	0.042635
837	2	2	4	1	P50	52	0.017927	-0.723759	0.002254	-0.727767
837	2	2	4	1	P75	54	0.023782	-0.019774	0.007988	-0.034867
837	2	2	4	1	P90	54	0.023782	0.023782	0.007988	0.007988
837	2	2	4	1	P95	54	0.023782	0.023782	0.007988	0.007988
837	2	2	4	1	P99	54	0.023782	0.023782	0.007988	0.007988
837	2	2	4	1	P999	54	0.023782	0.023782	0.007988	0.007988
838	2	5	7	1	P1	1	0.005722	0.005722	0.021960	0.021960
838	2	5	7	1	P50	4	0.000157	0.000157	-0.028232	-0.028232
838	2	5	7	1	P75	4	0.022143	0.022143	-0.006892	-0.006892
838	2	5	7	1	P90	4	0.033316	0.033316	0.003953	0.003953
838	2	5	7	1	P95	4	0.033316	0.033316	0.003953	0.003953
838	2	5	7	1	P99	4	0.033316	0.033316	0.003953	0.003953
838	2	5	7	1	P999	4	0.033316	0.033316	0.003953	0.003953
839	5	7	12	1	P1	1	0.002120	0.002120	0.006226	0.006226
839	5	7	12	1	P50	1	0.040260	0.033804	0.044403	0.037941
839	5	7	12	1	P75	4	-0.013235	-0.021798	-0.013342	-0.021878
839	5	7	12	1	P90	4	-0.004597	-0.004597	-0.004732	-0.004732
839	5	7	12	1	P95	4	0.004116	0.004116	0.003953	0.003953
839	5	7	12	1	P99	4	0.004116	0.004116	0.003953	0.003953
839	5	7	12	1	P999	4	0.004116	0.004116	0.003953	0.003953
840	2	2	4	1	P1	11	0.038990	0.038990	0.035645	0.035645
840	2	2	4	1	P50	53	-0.009147	-0.764727	0.027006	-0.765543
840	2	2	4	1	P75	57	0.005205	-0.078681	0.041622	-0.045064
840	2	2	4	1	P90	57	0.005205	0.005205	0.041622	0.041622
840	2	2	4	1	P95	57	0.005205	0.005205	0.041622	0.041622
840	2	2	4	1	P99	57	0.005205	0.005205	0.041622	0.041622
840	2	2	4	1	P999	57	0.005205	0.005205	0.041622	0.041622
841	2	4	6	1	P1	2	0.019819	0.019819	-0.019556	-0.019556
841	2	4	6	1	P50	4	-0.019434	-0.030062	-0.017620	-0.028232
841	2	4	6	1	P75	4	-0.008689	-0.008689	-0.006892	-0.006892
841	2	4	6	1	P90	4	0.002174	0.002174	0.003953	0.003953
841	2	4	6	1	P95	4	0.002174	0.002174	0.003953	0.003953
841	2	4	6	1	P99	4	0.002174	0.002174	0.003953	0.003953
841	2	4	6	1	P999	4	0.002174	0.002174	0.003953	0.003953
842	4	18	22	1	P1	1	-0.001383	-0.001383	0.002719	0.002719
842	4	18	22	1	P50	1	0.028988	0.026189	0.033120	0.030319
842	4	18	22	1	P75	2	0.044542	0.044542	0.001975	0.001975
842	4	18	22	1	P90	4	-0.017526	-0.017526	-0.017620	-0.017620
842	4	18	22	1	P95	4	-0.006764	-0.006764	-0.006892	-0.006892
842	4	18	22	1	P99	4	0.004116	0.004116	0.003953	0.003953
842	4	18	22	1	P999	4	0.004116	0.004116	0.003953	0.003953
843	2	2	4	1	P1	11	0.034931	0.034931	0.035645	0.035645
843	2	2	4	1	P50	56	0.018012	-0.758035	0.015147	-0.757960
843	2	2	4	1	P75	59	0.009248	-0.033752	0.006313	-0.036471
843	2	2	4	1	P90	59	0.009248	0.009248	0.006313	0.006313
843	2	2	4	1	P95	59	0.009248	0.009248	0.006313	0.006313
843	2	2	4	1	P99	59	0.009248	0.009248	0.006313	0.006313
843	2	2	4	1	P999	59	0.009248	0.009248	0.006313	0.006313
844	2	4	6	1	P1	1	0.000866	0.000866	0.021960	0.021960
844	2	4	6	1	P50	4	0.012338	-0.002219	-0.010481	-0.024707
844	2	4	6	1	P75	4	0.027107	0.027107	0.003953	0.003953
844	2	4	6	1	P90	5	0.021079	0.021079	0.042344	0.042344
844	2	4	6	1	P95	5	0.021079	0.021079	0.042344	0.042344
844	2	4	6	1	P99	5	0.021079	0.021079	0.042344	0.042344
844	2	4	6	1	P999	5	0.021079	0.021079	0.042344	0.042344
845	4	47	51	1	P1	1	-0.003156	-0.003156	0.000945	0.000945
845	4	47	51	1	P50	1	0.020735	0.020735	0.024860	0.024860
845	4	47	51	1	P75	1	0.033384	0.033384	0.037521	0.037521
845	4	47	51	1	P90	1	0.040260	0.040260	0.044403	0.044403
845	4	47	51	1	P95	3	-0.013172	-0.013172	0.031442	0.031442
845	4	47	51	1	P99	4	0.004116	0.004116	0.003953	0.003953
845	4	47	51	1	P999	4	0.004116	0.004116	0.003953	0.003953
846	5	5	10	1	P1	11	0.001032	0.001032	0.002444	0.002444
846	5	5	10	1	P50	54	-0.011845	-0.749242	-0.013672	-0.748995
846	5	5	10	1	P75	57	-0.022198	-0.022198	0.019239	0.019239
846	5	5	10	1	P90	60	-0.008403	-0.050646	0.033479	-0.010459
846	5	5	10	1	P95	60	-0.008403	-0.008403	0.033479	0.033479
846	5	5	10	1	P99	60	-0.008403	-0.008403	0.033479	0.033479
846	5	5	10	1	P999	60	-0.008403	-0.008403	0.033479	0.033479
847	5	4	9	1	P1	1	-0.003070	-0.003070	0.014587	0.014587
847	5	4	9	1	P50	2	0.029158	0.029158	0.001975	0.001975
847	5	4	9	1	P75	4	0.002563	0.002563	-0.024707	-0.024707
847	5	4	9	1	P90	4	0.032062	0.032062	0.003953	0.003953
847	5	4	9	1	P95	4	0.032062	0.032062	0.003953	0.003953
847	5	4	9	1	P99	4	0.032062	0.032062	0.003953	0.003953
847	5	4	9	1	P999	4	0.032062	0.032062	0.003953	0.003953
848	111	4	115	1	P1	1	-0.020046	-0.020046	0.000783	0.000783
848	111	4	115	1	P50	1	0.001673	0.001673	0.022961	0.022961
848	111	4	115	1	P75	1	0.013109	0.013109	0.034638	0.034638
848	111	4	115	1	P90	1	0.019873	0.019873	0.041545	0.041545
848	111	4	115	1	P95	1	0.022271	0.022271	0.043994	0.043994
848	111	4	115	1	P99	13	0.021255	0.021255	0.042635	0.042635
848	111	4	115	1	P999	14	0.034403	0.034403	0.011149	0.011149
849	2	4	6	1	P1	2	0.011272	0.011272	-0.019556	-0.019556
849	2	4	6	1	P50	54	0.001859	-0.019711	0.007988	-0.013672
849	2	4	6	1	P75	56	0.009060	0.009060	0.015147	0.015147
849	2	4	6	1	P90	61	0.010612	0.010612	0.016537	0.016537
849	2	4	6	1	P95	61	0.010612	0.010612	0.016537	0.016537
849	2	4	6	1	P99	61	0.010612	0.010612	0.016537	0.016537
849	2	4	6	1	P999	61	0.010612	0.010612	0.016537	0.016537
850	4	4	8	1	P1	1	0.006810	0.006810	0.010920	0.010920
850	4	4	8	1	P50	3	-0.034441	-0.653247	0.009278	-0.651866
850	4	4	8	1	P75	4	-0.017526	-0.259879	-0.017620	-0.226419
850	4	4	8	1	P90	4	0.004116	0.004116	0.003953	0.003953
850	4	4	8	1	P95	4	0.004116	0.004116	0.003953	0.003953
850	4	4	8	1	P99	4	0.004116	0.004116	0.003953	0.003953
850	4	4	8	1	P999	4	0.004116	0.004116	0.003953	0.003953
851	437	16	453	1	P1	1	-0.017564	-0.017564	0.000501	0.000501
851	437	16	453	1	P50	1	0.004527	0.004527	0.022984	0.022984
851	437	16	453	1	P75	1	0.015961	0.015961	0.034621	0.034621
851	437	16	453	1	P90	1	0.022905	0.022905	0.041688	0.041688
851	437	16	453	1	P95	1	0.025264	0.025264	0.044089	0.044089
851	437	16	453	1	P99	13	0.014356	0.014356	0.031372	0.031372
851	437	16	453	1	P999	15	0.012513	0.012513	0.029409	0.029409
852	9	16	25	1	P1	1	-0.010578	-0.010578	0.007267	0.007267
852	9	16	25	1	P50	53	0.011513	0.011513	0.000581	0.000581
852	9	16	25	1	P75	55	0.003394	0.003394	0.011394	0.011394
852	9	16	25	1	P90	57	0.003906	0.003906	0.019239	0.019239
852	9	16	25	1	P95	57	0.025967	0.025967	0.041622	0.041622
852	9	16	25	1	P99	60	0.017976	0.017976	0.033479	0.033479
852	9	16	25	1	P999	60	0.017976	0.017976	0.033479	0.033479
853	16	4	20	1	P1	1	-0.001202	-0.001202	0.002901	0.002901
853	16	4	20	1	P50	1	0.028241	0.025258	0.032373	0.029387
853	16	4	20	1	P75	2	0.044542	-0.479870	0.001975	-0.477799
853	16	4	20	1	P90	4	-0.010364	-0.024636	-0.010481	-0.024707
853	16	4	20	1	P95	4	0.004116	-0.010364	0.003953	-0.010481
853	16	4	20	1	P99	4	0.004116	0.004116	0.003953	0.003953
853	16	4	20	1	P999	4	0.004116	0.004116	0.003953	0.003953
854	11	3	14	1	P1	1	-0.014196	-0.014196	0.003957	0.003957
854	11	3	14	1	P50	1	0.013456	0.009459	0.032101	0.028033
854	11	3	14	1	P75	1	0.025543	0.025543	0.044403	0.044403
854	11	3	14	1	P90	13	0.003350	0.003350	0.020230	0.020230
854	11	3	14	1	P95	13	0.025398	0.025398	0.042635	0.042635
854	11	3	14	1	P99	13	0.025398	0.025398	0.042635	0.042635
854	11	3	14	1	P999	13	0.025398	0.025398	0.042635	0.042635
855	3	3	6	1	P1	1	0.013296	0.013296	0.021960	0.021960
855	3	3	6	1	P50	54	-0.020258	-0.961507	-0.013672	-0.962890
855	3	3	6	1	P75	54	-0.005934	-0.005934	0.007988	0.007988
855	3	3	6	1	P90	55	-0.009738	-0.009738	0.033604	0.033604
855	3	3	6	1	P95	55	-0.009738	-0.009738	0.033604	0.033604
855	3	3	6	1	P99	55	-0.009738	-0.009738	0.033604	0.033604
855	3	3	6	1	P999	55	-0.009738	-0.009738	0.033604	0.033604
856	4	13	17	1	P1	1	-0.000755	-0.000755	0.003348	0.003348
856	4	13	17	1	P50	1	0.026404	0.026404	0.030534	0.030534
856	4	13	17	1	P75	1	0.040260	0.040260	0.044403	0.044403
856	4	13	17	1	P90	4	0.004116	0.004116	0.003953	0.003953
856	4	13	17	1	P95	5	-0.001143	-0.001143	0.042344	0.042344
856	4	13	17	1	P99	5	-0.001143	-0.001143	0.042344	0.042344
856	4	13	17	1	P999	5	-0.001143	-0.001143	0.042344	0.042344
857	4	4	8	0	P1	3	0.005304	0.005304	0.031442	0.031442
857	4	4	8	0	P50	4	0.003108	-0.003098	-0.014566	-0.020664
857	4	4	8	0	P75	4	0.015637	0.009353	-0.002258	-0.008431
857	4	4	8	0	P90	4	0.021960	0.021960	0.003953	0.003953
857	4	4	8	0	P95	4	0.021960	0.021960	0.003953	0.003953
857	4	4	8	0	P99	4	0.021960	0.021960	0.003953	0.003953
857	4	4	8	0	P999	4	0.021960	0.021960	0.003953	0.003953
858	18	5	23	1	P1	1	-0.015682	-0.015682	0.002417	0.002417
858	18	5	23	1	P50	1	0.010818	0.010818	0.029387	0.029387
858	18	5	23	1	P75	1	0.025572	0.025572	0.044403	0.044403
858	18	5	23	1	P90	11	0.018458	0.018458	0.035645	0.035645
858	18	5	23	1	P95	12	0.018388	0.018388	0.035520	0.035520
858	18	5	23	1	P99	13	0.025440	0.025440	0.042635	0.042635
858	18	5	23	1	P999	13	0.025440	0.025440	0.042635	0.042635
859	5	5	10	1	P1	1	0.000145	0.000145	0.008727	0.008727
859	5	5	10	1	P50	48	-0.004278	-0.978425	0.039614	-0.978242
859	5	5	10	1	P75	54	-0.020258	-0.020258	0.007988	0.007988
859	5	5	10	1	P90	55	-0.009738	-0.024007	0.033604	0.011394
859	5	5	10	1	P95	55	-0.009738	-0.009738	0.033604	0.033604
859	5	5	10	1	P99	55	-0.009738	-0.009738	0.033604	0.033604
859	5	5	10	1	P999	55	-0.009738	-0.009738	0.033604	0.033604
860	4	4	8	0	P1	3	-0.026925	-0.026925	-0.001625	-0.001625
860	4	4	8	0	P50	4	-0.010802	-0.246022	-0.028232	-0.226419
860	4	4	8	0	P75	4	0.010920	0.000000	-0.006892	-0.017620
860	4	4	8	0	P90	4	0.021960	0.021960	0.003953	0.003953
860	4	4	8	0	P95	4	0.021960	0.021960	0.003953	0.003953
860	4	4	8	0	P99	4	0.021960	0.021960	0.003953	0.003953
860	4	4	8	0	P999	4	0.021960	0.021960	0.003953	0.003953
861	112	13	125	1	P1	1	-0.007773	-0.007773	0.000776	0.000776
861	112	13	125	1	P50	1	0.016041	0.016041	0.024739	0.024739
861	112	13	125	1	P75	1	0.028361	0.028361	0.037136	0.037136
861	112	13	125	1	P90	10	-0.003298	-0.003298	0.044403	0.044403
861	112	13	125	1	P95	12	-0.032674	-0.032674	0.013268	0.013268
861	112	13	125	1	P99	14	-0.013105	-0.013105	-0.010578	-0.010578
861	112	13	125	1	P999	14	0.008617	0.008617	0.011149	0.011149
862	16	13	29	1	P1	1	-0.010734	-0.010734	0.008727	0.008727
862	16	13	29	1	P50	2	0.022850	0.022850	-0.001975	-0.001975
862	16	13	29	1	P75	56	-0.001082	-0.001082	0.015147	0.015147
862	16	13	29	1	P90	59	0.034268	0.034268	0.006313	0.006313
862	16	13	29	1	P95	62	0.027962	0.027962	0.000141	0.000141
862	16	13	29	1	P99	83	-0.003235	-0.003235	0.012629	0.012629
862	16	13	29	1	P999	83	-0.003235	-0.003235	0.012629	0.012629
863	13	4	17	1	P1	1	-0.013137	-0.013137	0.004354	0.004354
863	13	4	17	1	P50	1	0.021809	0.021809	0.039875	0.039875
863	13	4	17	1	P75	2	0.029158	0.029158	0.001975	0.001975
863	13	4	17	1	P90	4	0.009858	0.009858	-0.017620	-0.017620
863	13	4	17	1	P95	4	0.032062	0.032062	0.003953	0.003953
863	13	4	17	1	P99	4	0.032062	0.032062	0.003953	0.003953
863	13	4	17	1	P999	4	0.032062	0.032062	0.003953	0.003953
864	3	4	7	1	P1	1	-0.001541	-0.001541	0.014587	0.014587
864	3	4	7	1	P50	3	0.016168	0.016168	0.031442	0.031442
864	3	4	7	1	P75	4	0.033316	0.033316	0.003953	0.003953
864	3	4	7	1	P90	5	0.027439	0.027439	0.042344	0.042344
864	3	4	7	1	P95	5	0.027439	0.027439	0.042344	0.042344
864	3	4	7	1	P99	5	0.027439	0.027439	0.042344	0.042344
864	3	4	7	1	P999	5	0.027439	0.027439	0.042344	0.042344
865	704	2	706	1	P1	1	-0.020318	-0.020318	0.000505	0.000505
865	704	2	706	1	P50	1	0.001293	0.001230	0.022573	0.022508
865	704	2	706	1	P75	1	0.012468	0.012468	0.033984	0.033984
865	704	2	706	1	P90	1	0.019259	0.019259	0.040918	0.040918
865	704	2	706	1	P95	1	0.021511	0.021511	0.043218	0.043218
865	704	2	706	1	P99	2	0.010041	0.010041	-0.012431	-0.012431
865	704	2	706	1	P999	13	0.021255	0.021255	0.042635	0.042635
866	2	2	4	1	P1	2	0.001799	0.001799	-0.019556	-0.019556
866	2	2	4	1	P50	57	0.020132	-0.964077	0.019239	-0.964843
866	2	2	4	1	P75	59	0.029326	-0.014449	0.006313	-0.015311
866	2	2	4	1	P90	59	0.029326	0.029326	0.006313	0.006313
866	2	2	4	1	P95	59	0.029326	0.029326	0.006313	0.006313
866	2	2	4	1	P99	59	0.029326	0.029326	0.006313	0.006313
866	2	2	4	1	P999	59	0.029326	0.029326	0.006313	0.006313
867	4	4	8	0	P1	3	-0.016299	-0.016299	0.009278	0.009278
867	4	4	8	0	P50	4	0.000000	-0.007215	-0.017620	-0.024707
867	4	4	8	0	P75	4	0.014587	0.007267	-0.003290	-0.010481
867	4	4	8	0	P90	4	0.021960	0.021960	0.003953	0.003953
867	4	4	8	0	P95	4	0.021960	0.021960	0.003953	0.003953
867	4	4	8	0	P99	4	0.021960	0.021960	0.003953	0.003953
867	4	4	8	0	P999	4	0.021960	0.021960	0.003953	0.003953
868	37	3	40	1	P1	1	-0.016902	-0.016902	0.001175	0.001175
868	37	3	40	1	P50	1	0.006473	0.005291	0.024964	0.023762
868	37	3	40	1	P75	1	0.018368	0.017172	0.037070	0.035853
868	37	3	40	1	P90	1	0.025572	0.024368	0.044403	0.043177
868	37	3	40	1	P95	12	0.018388	-0.003509	0.035520	0.013268
868	37	3	40	1	P99	13	0.025440	0.025440	0.042635	0.042635
868	37	3	40	1	P999	13	0.025440	0.025440	0.042635	0.042635
869	13	3	16	1	P1	1	-0.013189	-0.013189	0.006226	0.006226
869	13	3	16	1	P50	2	-0.002439	-0.009642	-0.026629	-0.033652
869	13	3	16	1	P75	2	0.026901	0.019486	0.001975	-0.005254
869	13	3	16	1	P90	55	0.002445	0.002445	0.011394	0.011394
869	13	3	16	1	P95	56	-0.001082	-0.001082	0.015147	0.015147
869	13	3	16	1	P99	56	-0.001082	-0.001082	0.015147	0.015147
869	13	3	16	1	P999	56	-0.001082	-0.001082	0.015147	0.015147
870	3	4	7	1	P1	1	-0.001541	-0.001541	0.014587	0.014587
870	3	4	7	1	P50	3	-0.012870	-0.012870	0.001996	0.001996
870	3	4	7	1	P75	3	0.016168	0.016168	0.031442	0.031442
870	3	4	7	1	P90	4	0.033316	0.033316	0.003953	0.003953
870	3	4	7	1	P95	4	0.033316	0.033316	0.003953	0.003953
870	3	4	7	1	P99	4	0.033316	0.033316	0.003953	0.003953
870	3	4	7	1	P999	4	0.033316	0.033316	0.003953	0.003953
871	4	212	216	1	P1	1	-0.015299	-0.015299	0.000621	0.000621
871	4	212	216	1	P50	1	0.006555	0.006347	0.022806	0.022595
871	4	212	216	1	P75	1	0.017874	0.017663	0.034297	0.034083
871	4	212	216	1	P90	1	0.024642	0.024642	0.041167	0.041167
871	4	212	216	1	P95	1	0.026979	0.026979	0.043539	0.043539
871	4	212	216	1	P99	3	0.016168	0.016168	0.031442	0.031442
871	4	212	216	1	P999	4	0.033316	0.033316	0.003953	0.003953
872	3	3	6	1	P1	11	0.022848	0.022848	0.035645	0.035645
872	3	3	6	1	P50	54	0.017637	-0.752090	0.007988	-0.748995
872	3	3	6	1	P75	55	0.021079	0.021079	0.033604	0.033604
872	3	3	6	1	P90	71	0.026570	0.026570	0.039121	0.039121
872	3	3	6	1	P95	71	0.026570	0.026570	0.039121	0.039121
872	3	3	6	1	P99	71	0.026570	0.026570	0.039121	0.039121
872	3	3	6	1	P999	71	0.026570	0.026570	0.039121	0.039121
873	3	4	7	1	P1	1	0.004184	0.004184	0.021960	0.021960
873	3	4	7	1	P50	3	0.014866	0.014866	0.031442	0.031442
873	3	4	7	1	P75	4	0.017206	0.017206	-0.010481	-0.010481
873	3	4	7	1	P90	4	0.032062	0.032062	0.003953	0.003953
873	3	4	7	1	P95	4	0.032062	0.032062	0.003953	0.003953
873	3	4	7	1	P99	4	0.032062	0.032062	0.003953	0.003953
873	3	4	7	1	P999	4	0.032062	0.032062	0.003953	0.003953
874	4	815	819	1	P1	1	-0.003608	-0.003608	0.000492	0.000492
874	4	815	819	1	P50	1	0.018536	0.018536	0.022658	0.022658
874	4	815	819	1	P75	1	0.030046	0.030046	0.034180	0.034180
874	4	815	819	1	P90	1	0.037015	0.037015	0.041154	0.041154
874	4	815	819	1	P95	1	0.039348	0.039348	0.043490	0.043490
874	4	815	819	1	P99	2	0.035478	0.035478	-0.006694	-0.006694
874	4	815	819	1	P999	4	0.004116	0.004116	0.003953	0.003953
875	5	5	10	1	P1	11	0.000866	0.000866	0.006080	0.006080
875	5	5	10	1	P50	53	0.023982	-0.766720	0.027006	-0.765543
875	5	5	10	1	P75	56	-0.002354	-0.002354	0.015147	0.015147
875	5	5	10	1	P90	61	0.013729	-0.070750	0.016537	-0.026681
875	5	5	10	1	P95	61	0.013729	0.013729	0.016537	0.016537
875	5	5	10	1	P99	61	0.013729	0.013729	0.016537	0.016537
875	5	5	10	1	P999	61	0.013729	0.013729	0.016537	0.016537
876	5	4	9	1	P1	1	-0.001541	-0.001541	0.014587	0.014587
876	5	4	9	1	P50	2	0.030569	0.030569	0.001975	0.001975
876	5	4	9	1	P75	3	0.016168	0.016168	0.031442	0.031442
876	5	4	9	1	P90	4	0.033316	0.033316	0.003953	0.003953
876	5	4	9	1	P95	4	0.033316	0.033316	0.003953	0.003953
876	5	4	9	1	P99	4	0.033316	0.033316	0.003953	0.003953
876	5	4	9	1	P999	4	0.033316	0.033316	0.003953	0.003953
877	6	2	8	1	P1	1	-0.010916	-0.010916	0.007267	0.007267
877	6	2	8	1	P50	1	0.018168	0.010818	0.036868	0.029387
877	6	2	8	1	P75	12	-0.003509	-0.914536	0.013268	-0.912966
877	6	2	8	1	P90	12	0.018388	0.018388	0.035520	0.035520
877	6	2	8	1	P95	12	0.018388	0.018388	0.035520	0.035520
877	6	2	8	1	P99	12	0.018388	0.018388	0.035520	0.035520
877	6	2	8	1	P999	12	0.018388	0.018388	0.035520	0.035520
878	12	2	14	1	P1	1	-0.007115	-0.007115	0.006226	0.006226
878	12	2	14	1	P50	2	-0.001253	-0.484683	-0.032252	-0.477799
878	12	2	14	1	P75	2	0.025178	0.025178	-0.006694	-0.006694
878	12	2	14	1	P90	55	0.006232	0.006232	0.011394	0.011394
878	12	2	14	1	P95	56	0.010011	0.010011	0.015147	0.015147
878	12	2	14	1	P99	56	0.010011	0.010011	0.015147	0.015147
878	12	2	14	1	P999	56	0.010011	0.010011	0.015147	0.015147
879	2	4	6	1	P1	1	0.040260	0.040260	0.044403	0.044403
879	2	4	6	1	P50	4	-0.024636	-0.259879	-0.024707	-0.226419
879	2	4	6	1	P75	4	-0.010364	-0.010364	-0.010481	-0.010481
879	2	4	6	1	P90	4	0.004116	0.004116	0.003953	0.003953
879	2	4	6	1	P95	4	0.004116	0.004116	0.003953	0.003953
879	2	4	6	1	P99	4	0.004116	0.004116	0.003953	0.003953
879	2	4	6	1	P999	4	0.004116	0.004116	0.003953	0.003953
880	56	6	62	1	P1	1	-0.017293	-0.017293	0.000805	0.000805
880	56	6	62	1	P50	1	0.007540	0.006729	0.026079	0.025254
880	56	6	62	1	P75	1	0.019780	0.019780	0.038537	0.038537
880	56	6	62	1	P90	3	0.013483	0.013483	0.031442	0.031442
880	56	6	62	1	P95	12	-0.003549	-0.003549	0.013268	0.013268
880	56	6	62	1	P99	13	0.025398	0.025398	0.042635	0.042635
880	56	6	62	1	P999	13	0.025398	0.025398	0.042635	0.042635
881	4	6	10	1	P1	1	-0.003446	-0.003446	0.010920	0.010920
881	4	6	10	1	P50	54	-0.001215	-0.043732	0.007988	-0.034867
881	4	6	10	1	P75	56	0.005935	0.005935	0.015147	0.015147
881	4	6	10	1	P90	58	0.014430	-0.007396	0.023663	0.001666
881	4	6	10	1	P95	58	0.014430	0.014430	0.023663	0.023663
881	4	6	10	1	P99	58	0.014430	0.014430	0.023663	0.023663
881	4	6	10	1	P999	58	0.014430	0.014430	0.023663	0.023663
882	6	4	10	1	P1	1	-0.005153	-0.005153	0.010920	0.010920
882	6	4	10	1	P50	2	0.030569	0.008402	0.001975	-0.019556
882	6	4	10	1	P75	3	0.016168	0.016168	0.031442	0.031442
882	6	4	10	1	P90	4	0.033316	0.011090	0.003953	-0.017620
882	6	4	10	1	P95	4	0.033316	0.033316	0.003953	0.003953
882	6	4	10	1	P99	4	0.033316	0.033316	0.003953	0.003953
882	6	4	10	1	P999	4	0.033316	0.033316	0.003953	0.003953
883	9	4	13	1	P1	1	0.001340	0.001340	0.005445	0.005445
883	9	4	13	1	P50	1	0.034609	0.034609	0.038746	0.038746
883	9	4	13	1	P75	3	-0.013172	-0.013172	0.031442	0.031442
883	9	4	13	1	P90	4	-0.010364	-0.010364	-0.010481	-0.010481
883	9	4	13	1	P95	4	0.004116	0.004116	0.003953	0.003953
883	9	4	13	1	P99	4	0.004116	0.004116	0.003953	0.003953
883	9	4	13	1	P999	4	0.004116	0.004116	0.003953	0.003953
884	3	4	7	1	P1	1	-0.001541	-0.001541	0.014587	0.014587
884	3	4	7	1	P50	3	-0.005689	-0.005689	0.009278	0.009278
884	3	4	7	1	P75	4	0.011090	0.011090	-0.017620	-0.017620
884	3	4	7	1	P90	4	0.033316	0.033316	0.003953	0.003953
884	3	4	7	1	P95	4	0.033316	0.033316	0.003953	0.003953
884	3	4	7	1	P99	4	0.033316	0.033316	0.003953	0.003953
884	3	4	7	1	P999	4	0.033316	0.033316	0.003953	0.003953
885	736	4	740	1	P1	1	-0.003619	-0.003619	0.000481	0.000481
885	736	4	740	1	P50	1	0.018422	0.018360	0.022544	0.022482
885	736	4	740	1	P75	1	0.029841	0.029779	0.033974	0.033912
885	736	4	740	1	P90	1	0.036754	0.036692	0.040894	0.040831
885	736	4	740	1	P95	1	0.039069	0.039007	0.043211	0.043148
885	736	4	740	1	P99	2	0.034090	0.034090	-0.008021	-0.008021
885	736	4	740	1	P999	4	0.004116	0.004116	0.003953	0.003953
886	371	18	389	1	P1	1	-0.017591	-0.017591	0.000474	0.000474
886	371	18	389	1	P50	1	0.004889	0.004889	0.023352	0.023352
886	371	18	389	1	P75	1	0.016501	0.016501	0.035171	0.035171
886	371	18	389	1	P90	1	0.023630	0.023630	0.042426	0.042426
886	371	18	389	1	P95	2	0.028034	0.028034	0.001975	0.001975
886	371	18	389	1	P99	13	-0.007454	-0.007454	0.009209	0.009209
886	371	18	389	1	P999	13	0.025440	0.025440	0.042635	0.042635
887	29	7	36	1	P1	1	-0.012695	-0.012695	0.002719	0.002719
887	29	7	36	1	P50	2	-0.002726	-0.006057	-0.030957	-0.034190
887	29	7	36	1	P75	2	0.027758	0.024325	-0.001368	-0.004700
887	29	7	36	1	P90	56	-0.017661	-0.017661	-0.006667	-0.006667
887	29	7	36	1	P95	57	0.008005	0.008005	0.019239	0.019239
887	29	7	36	1	P99	58	0.012404	0.012404	0.023663	0.023663
887	29	7	36	1	P999	58	0.012404	0.012404	0.023663	0.023663
888	7	4	11	1	P1	1	-0.008752	-0.008752	0.007267	0.007267
888	7	4	11	1	P50	1	0.027830	0.027830	0.044403	0.044403
888	7	4	11	1	P75	3	0.016168	0.016168	0.031442	0.031442
888	7	4	11	1	P90	4	0.011090	0.011090	-0.017620	-0.017620
888	7	4	11	1	P95	4	0.033316	0.033316	0.003953	0.003953
888	7	4	11	1	P99	4	0.033316	0.033316	0.003953	0.003953
888	7	4	11	1	P999	4	0.033316	0.033316	0.003953	0.003953
889	4	4	8	0	P1	4	-0.016160	-0.016160	-0.033495	-0.033495
889	4	4	8	0	P50	4	0.005445	0.000000	-0.012270	-0.017620
889	4	4	8	0	P75	4	0.016425	0.010920	-0.001484	-0.006892
889	4	4	8	0	P90	4	0.021960	0.021960	0.003953	0.003953
889	4	4	8	0	P95	4	0.021960	0.021960	0.003953	0.003953
889	4	4	8	0	P99	4	0.021960	0.021960	0.003953	0.003953
889	4	4	8	0	P999	4	0.021960	0.021960	0.003953	0.003953
890	4	4	8	1	P1	3	-0.008529	-0.008529	0.001996	0.001996
890	4	4	8	1	P50	4	-0.005932	-0.020256	-0.021878	-0.030341
890	4	4	8	1	P75	4	0.030803	0.008602	-0.004732	-0.013342
890	4	4	8	1	P90	4	0.053492	0.053492	0.003953	0.003953
890	4	4	8	1	P95	4	0.053492	0.053492	0.003953	0.003953
890	4	4	8	1	P99	4	0.053492	0.053492	0.003953	0.003953
890	4	4	8	1	P999	4	0.053492	0.053492	0.003953	0.003953
891	4	29	33	1	P1	1	-0.002602	-0.002602	0.001499	0.001499
891	4	29	33	1	P50	1	0.021669	0.021669	0.025795	0.025795
891	4	29	33	1	P75	1	0.034026	0.034026	0.038163	0.038163
891	4	29	33	1	P90	4	-0.028171	-0.028171	-0.028232	-0.028232
891	4	29	33	1	P95	4	-0.006764	-0.006764	-0.006892	-0.006892
891	4	29	33	1	P99	4	0.004116	0.004116	0.003953	0.003953
891	4	29	33	1	P999	4	0.004116	0.004116	0.003953	0.003953
892	2	2	4	1	P1	1	0.003521	0.003521	0.021960	0.021960
892	2	2	4	1	P50	12	-0.003509	-0.914536	0.013268	-0.912966
892	2	2	4	1	P75	12	0.018388	-0.003509	0.035520	0.013268
892	2	2	4	1	P90	12	0.018388	0.018388	0.035520	0.035520
892	2	2	4	1	P95	12	0.018388	0.018388	0.035520	0.035520
892	2	2	4	1	P99	12	0.018388	0.018388	0.035520	0.035520
892	2	2	4	1	P999	12	0.018388	0.018388	0.035520	0.035520
893	2	2	4	1	P1	1	0.003865	0.003865	0.021960	0.021960
893	2	2	4	1	P50	55	-0.003850	-0.981347	0.011394	-0.981011
893	2	2	4	1	P75	56	-0.000139	-0.021638	0.015147	-0.006667
893	2	2	4	1	P90	56	-0.000139	-0.000139	0.015147	0.015147
893	2	2	4	1	P95	56	-0.000139	-0.000139	0.015147	0.015147
893	2	2	4	1	P99	56	-0.000139	-0.000139	0.015147	0.015147
893	2	2	4	1	P999	56	-0.000139	-0.000139	0.015147	0.015147
894	4	4	8	0	P1	3	-0.010802	-0.010802	-0.001625	-0.001625
894	4	4	8	0	P50	4	0.005587	-0.233530	-0.028232	-0.226419
894	4	4	8	0	P75	4	0.027670	0.016569	-0.006892	-0.017620
894	4	4	8	0	P90	4	0.038893	0.038893	0.003953	0.003953
894	4	4	8	0	P95	4	0.038893	0.038893	0.003953	0.003953
894	4	4	8	0	P99	4	0.038893	0.038893	0.003953	0.003953
894	4	4	8	0	P999	4	0.038893	0.038893	0.003953	0.003953
895	593	4	597	1	P1	1	-0.003657	-0.003657	0.000443	0.000443
895	593	4	597	1	P50	1	0.018177	0.018177	0.022299	0.022299
895	593	4	597	1	P75	1	0.029464	0.029464	0.033597	0.033597
895	593	4	597	1	P90	1	0.036342	0.036342	0.040481	0.040481
895	593	4	597	1	P95	1	0.038645	0.038645	0.042786	0.042786
895	593	4	597	1	P99	2	0.033224	0.033224	-0.008849	-0.008849
895	593	4	597	1	P999	4	0.004116	0.004116	0.003953	0.003953
896	4	4	8	0	P1	3	0.005304	0.005304	0.031442	0.031442
896	4	4	8	0	P50	4	0.003108	-0.003098	-0.014566	-0.020664
896	4	4	8	0	P75	4	0.015637	0.009353	-0.002258	-0.008431
896	4	4	8	0	P90	4	0.021960	0.021960	0.003953	0.003953
896	4	4	8	0	P95	4	0.021960	0.021960	0.003953	0.003953
896	4	4	8	0	P99	4	0.021960	0.021960	0.003953	0.003953
896	4	4	8	0	P999	4	0.021960	0.021960	0.003953	0.003953
897	4	4	8	0	P1	3	-0.010802	-0.010802	-0.001625	-0.001625
897	4	4	8	0	P50	4	0.005587	-0.233530	-0.028232	-0.226419
897	4	4	8	0	P75	4	0.027670	0.016569	-0.006892	-0.017620
897	4	4	8	0	P90	4	0.038893	0.038893	0.003953	0.003953
897	4	4	8	0	P95	4	0.038893	0.038893	0.003953	0.003953
897	4	4	8	0	P99	4	0.038893	0.038893	0.003953	0.003953
897	4	4	8	0	P999	4	0.038893	0.038893	0.003953	0.003953
898	4	17	21	1	P1	1	-0.001543	-0.001543	0.002559	0.002559
898	4	17	21	1	P50	1	0.024382	0.024382	0.028510	0.028510
898	4	17	21	1	P75	1	0.037597	0.037597	0.041737	0.041737
898	4	17	21	1	P90	4	-0.024636	-0.024636	-0.024707	-0.024707
898	4	17	21	1	P95	4	-0.010364	-0.010364	-0.010481	-0.010481
898	4	17	21	1	P99	4	0.004116	0.004116	0.003953	0.003953
898	4	17	21	1	P999	4	0.004116	0.004116	0.003953	0.003953
899	7	4	11	1	P1	1	0.004618	0.004618	0.008727	0.008727
899	7	4	11	1	P50	2	0.022028	0.022028	-0.019556	-0.019556
899	7	4	11	1	P75	4	-0.024636	-0.024636	-0.024707	-0.024707
899	7	4	11	1	P90	4	-0.010364	-0.010364	-0.010481	-0.010481
899	7	4	11	1	P95	4	0.004116	0.004116	0.003953	0.003953
899	7	4	11	1	P99	4	0.004116	0.004116	0.003953	0.003953
899	7	4	11	1	P999	4	0.004116	0.004116	0.003953	0.003953
900	4	434	438	1	P1	1	-0.003592	-0.003592	0.000508	0.000508
900	4	434	438	1	P50	1	0.018461	0.018357	0.022583	0.022479
900	4	434	438	1	P75	1	0.029827	0.029827	0.033960	0.033960
900	4	434	438	1	P90	1	0.036770	0.036770	0.040910	0.040910
900	4	434	438	1	P95	1	0.039095	0.039095	0.043237	0.043237
900	4	434	438	1	P99	2	0.044542	0.044542	0.001975	0.001975
900	4	434	438	1	P999	5	-0.001143	-0.001143	0.042344	0.042344
901	6	18	24	1	P1	1	-0.015415	-0.015415	0.003627	0.003627
901	6	18	24	1	P50	2	-0.009583	-0.487697	-0.033652	-0.477799
901	6	18	24	1	P75	11	0.017100	-0.813282	0.035645	-0.817823
901	6	18	24	1	P90	13	0.009315	0.009315	0.027644	0.027644
901	6	18	24	1	P95	13	0.024044	0.024044	0.042635	0.042635
901	6	18	24	1	P99	24	0.019342	0.019342	0.037565	0.037565
901	6	18	24	1	P999	24	0.019342	0.019342	0.037565	0.037565
902	5	5	10	1	P1	1	-0.003446	-0.003446	0.010920	0.010920
902	5	5	10	1	P50	54	-0.001215	-0.961757	0.007988	-0.962890
902	5	5	10	1	P75	56	0.005935	0.005935	0.015147	0.015147
902	5	5	10	1	P90	58	0.014430	-0.007396	0.023663	0.001666
902	5	5	10	1	P95	58	0.014430	0.014430	0.023663	0.023663
902	5	5	10	1	P99	58	0.014430	0.014430	0.023663	0.023663
902	5	5	10	1	P999	58	0.014430	0.014430	0.023663	0.023663
903	4	4	8	1	P1	3	0.013295	0.013295	0.009278	0.009278
903	4	4	8	1	P50	4	-0.002318	-0.013120	-0.017620	-0.024707
903	4	4	8	1	P75	4	0.030803	0.008602	-0.003290	-0.010481
903	4	4	8	1	P90	4	0.053492	0.053492	0.003953	0.003953
903	4	4	8	1	P95	4	0.053492	0.053492	0.003953	0.003953
903	4	4	8	1	P99	4	0.053492	0.053492	0.003953	0.003953
903	4	4	8	1	P999	4	0.053492	0.053492	0.003953	0.003953
904	733	15	748	1	P1	1	-0.020346	-0.020346	0.000476	0.000476
904	733	15	748	1	P50	1	0.001289	0.001229	0.022569	0.022508
904	733	15	748	1	P75	1	0.012496	0.012436	0.034012	0.033951
904	733	15	748	1	P90	1	0.019268	0.019268	0.040928	0.040928
904	733	15	748	1	P95	1	0.021515	0.021515	0.043222	0.043222
904	733	15	748	1	P99	12	0.001762	0.001762	0.022745	0.022745
904	733	15	748	1	P999	14	0.034403	0.034403	0.011149	0.011149
905	30	6	36	1	P1	1	-0.012516	-0.012516	0.002901	0.002901
905	30	6	36	1	P50	2	-0.001168	-0.004060	-0.029445	-0.032252
905	30	6	36	1	P75	2	0.025240	0.022271	-0.003813	-0.006694
905	30	6	36	1	P90	56	0.003935	0.003935	0.015147	0.015147
905	30	6	36	1	P95	57	0.030166	0.030166	0.041622	0.041622
905	30	6	36	1	P99	61	0.005404	0.005404	0.016537	0.016537
905	30	6	36	1	P999	61	0.005404	0.005404	0.016537	0.016537
906	6	4	10	1	P1	1	-0.007314	-0.007314	0.008727	0.008727
906	6	4	10	1	P50	2	0.030569	-0.486085	0.001975	-0.477799
906	6	4	10	1	P75	3	0.016168	0.016168	0.031442	0.031442
906	6	4	10	1	P90	4	0.033316	0.011090	0.003953	-0.017620
906	6	4	10	1	P95	4	0.033316	0.033316	0.003953	0.003953
906	6	4	10	1	P99	4	0.033316	0.033316	0.003953	0.003953
906	6	4	10	1	P999	4	0.033316	0.033316	0.003953	0.003953
907	4	4	8	1	P1	3	0.005967	0.005967	0.001996	0.001996
907	4	4	8	1	P50	4	-0.013120	-0.023805	-0.021878	-0.030341
907	4	4	8	1	P75	4	0.008602	-0.002318	-0.004732	-0.013342
907	4	4	8	1	P90	4	0.053492	0.053492	0.003953	0.003953
907	4	4	8	1	P95	4	0.053492	0.053492	0.003953	0.003953
907	4	4	8	1	P99	4	0.053492	0.053492	0.003953	0.003953
907	4	4	8	1	P999	4	0.053492	0.053492	0.003953	0.003953
908	4	4	8	1	P1	3	0.013295	0.013295	0.009278	0.009278
908	4	4	8	1	P50	4	0.008602	-0.005932	-0.013342	-0.021878
908	4	4	8	1	P75	4	0.053492	0.030803	0.003953	-0.004732
908	4	4	8	1	P90	5	0.003150	0.003150	0.042344	0.042344
908	4	4	8	1	P95	5	0.003150	0.003150	0.042344	0.042344
908	4	4	8	1	P99	5	0.003150	0.003150	0.042344	0.042344
908	4	4	8	1	P999	5	0.003150	0.003150	0.042344	0.042344
909	4	25	29	1	P1	1	-0.014197	-0.014197	0.001739	0.001739
909	4	25	29	1	P50	1	0.010105	0.010105	0.026410	0.026410
909	4	25	29	1	P75	1	0.022480	0.022480	0.038972	0.038972
909	4	25	29	1	P90	3	0.001544	0.001544	0.016613	0.016613
909	4	25	29	1	P95	3	0.016168	0.016168	0.031442	0.031442
909	4	25	29	1	P99	4	0.033316	0.033316	0.003953	0.003953
909	4	25	29	1	P999	4	0.033316	0.033316	0.003953	0.003953
910	7	8	15	1	P1	1	-0.012266	-0.012266	0.008727	0.008727
910	7	8	15	1	P50	2	0.024776	0.024776	0.001975	0.001975
910	7	8	15	1	P75	12	0.014275	0.014275	0.035520	0.035520
910	7	8	15	1	P90	13	0.006570	0.006570	0.027644	0.027644
910	7	8	15	1	P95	13	0.021255	0.021255	0.042635	0.042635
910	7	8	15	1	P99	13	0.021255	0.021255	0.042635	0.042635
910	7	8	15	1	P999	13	0.021255	0.021255	0.042635	0.042635
911	4	4	8	1	P1	1	-0.009828	-0.009828	0.010920	0.010920
911	4	4	8	1	P50	53	0.006616	-0.980699	0.027006	-0.980294
911	4	4	8	1	P75	57	0.006275	-0.008195	0.019239	-0.002663
911	4	4	8	1	P90	57	0.020956	0.020956	0.041622	0.041622
911	4	4	8	1	P95	57	0.020956	0.020956	0.041622	0.041622
911	4	4	8	1	P99	57	0.020956	0.020956	0.041622	0.041622
911	4	4	8	1	P999	57	0.020956	0.020956	0.041622	0.041622
912	4	4	8	1	P1	3	-0.008529	-0.008529	-0.001625	-0.001625
912	4	4	8	1	P50	4	-0.020256	-0.223301	-0.028232	-0.226419
912	4	4	8	1	P75	4	0.008602	-0.005932	-0.006892	-0.017620
912	4	4	8	1	P90	4	0.053492	0.053492	0.003953	0.003953
912	4	4	8	1	P95	4	0.053492	0.053492	0.003953	0.003953
912	4	4	8	1	P99	4	0.053492	0.053492	0.003953	0.003953
912	4	4	8	1	P999	4	0.053492	0.053492	0.003953	0.003953
913	4	4	8	1	P1	3	-0.008529	-0.008529	0.009278	0.009278
913	4	4	8	1	P50	4	0.008602	-0.005932	-0.013342	-0.021878
913	4	4	8	1	P75	4	0.053492	0.030803	0.003953	-0.004732
913	4	4	8	1	P90	5	0.047797	0.047797	0.042344	0.042344
913	4	4	8	1	P95	5	0.047797	0.047797	0.042344	0.042344
913	4	4	8	1	P99	5	0.047797	0.047797	0.042344	0.042344
913	4	4	8	1	P999	5	0.047797	0.047797	0.042344	0.042344
914	9	7	16	0	P1	1	-0.018828	-0.018828	0.002719	0.002719
914	9	7	16	0	P50	1	0.002719	0.000000	0.024739	0.021960
914	9	7	16	0	P75	1	0.013669	0.010920	0.035929	0.033120
914	9	7	16	0	P90	1	0.019189	0.019189	0.041571	0.041571
914	9	7	16	0	P95	1	0.021960	0.021960	0.044403	0.044403
914	9	7	16	0	P99	1	0.021960	0.021960	0.044403	0.044403
914	9	7	16	0	P999	1	0.021960	0.021960	0.044403	0.044403
915	4	4	8	0	P1	3	-0.007215	-0.007215	0.001996	0.001996
915	4	4	8	0	P50	4	0.016569	0.005587	-0.017620	-0.028232
915	4	4	8	0	P75	4	0.038893	0.027670	0.003953	-0.006892
915	4	4	8	0	P90	5	0.032762	0.032762	0.042344	0.042344
915	4	4	8	0	P95	5	0.032762	0.032762	0.042344	0.042344
915	4	4	8	0	P99	5	0.032762	0.032762	0.042344	0.042344
915	4	4	8	0	P999	5	0.032762	0.032762	0.042344	0.042344
916	4	7	11	0	P1	1	-0.015396	-0.015396	0.006226	0.006226
916	4	7	11	0	P50	1	0.015637	0.015637	0.037941	0.037941
916	4	7	11	0	P75	2	0.001975	0.001975	-0.019556	-0.019556
916	4	7	11	0	P90	2	0.012917	0.012917	-0.008849	-0.008849
916	4	7	11	0	P95	2	0.023978	0.023978	0.001975	0.001975
916	4	7	11	0	P99	2	0.023978	0.023978	0.001975	0.001975
916	4	7	11	0	P999	2	0.023978	0.023978	0.001975	0.001975
917	4	4	8	1	P1	3	-0.008529	-0.008529	0.001996	0.001996
917	4	4	8	1	P50	4	-0.005932	-0.020256	-0.021878	-0.030341
917	4	4	8	1	P75	4	0.030803	0.008602	-0.004732	-0.013342
917	4	4	8	1	P90	4	0.053492	0.053492	0.003953	0.003953
917	4	4	8	1	P95	4	0.053492	0.053492	0.003953	0.003953
917	4	4	8	1	P99	4	0.053492	0.053492	0.003953	0.003953
917	4	4	8	1	P999	4	0.053492	0.053492	0.003953	0.003953
918	23	2	25	1	P1	1	-0.016198	-0.016198	0.001891	0.001891
918	23	2	25	1	P50	1	0.006370	0.006370	0.024860	0.024860
918	23	2	25	1	P75	1	0.017848	0.017848	0.036541	0.036541
918	23	2	25	1	P90	1	0.025572	0.025572	0.044403	0.044403
918	23	2	25	1	P95	11	0.018458	0.018458	0.035645	0.035645
918	23	2	25	1	P99	12	0.018388	0.018388	0.035520	0.035520
918	23	2	25	1	P999	12	0.018388	0.018388	0.035520	0.035520
919	8	2	10	1	P1	1	-0.011977	-0.011977	0.008727	0.008727
919	8	2	10	1	P50	2	-0.004155	-0.488514	-0.026629	-0.477799
919	8	2	10	1	P75	2	0.025115	0.025115	0.001975	0.001975
919	8	2	10	1	P90	57	0.020956	-0.064024	0.041622	-0.085663
919	8	2	10	1	P95	57	0.020956	0.020956	0.041622	0.041622
919	8	2	10	1	P99	57	0.020956	0.020956	0.041622	0.041622
919	8	2	10	1	P999	57	0.020956	0.020956	0.041622	0.041622
920	2	4	6	1	P1	1	0.017839	0.017839	0.021960	0.021960
920	2	4	6	1	P50	4	-0.024636	-0.259879	-0.024707	-0.226419
920	2	4	6	1	P75	4	-0.010364	-0.010364	-0.010481	-0.010481
920	2	4	6	1	P90	4	0.004116	0.004116	0.003953	0.003953
920	2	4	6	1	P95	4	0.004116	0.004116	0.003953	0.003953
920	2	4	6	1	P99	4	0.004116	0.004116	0.003953	0.003953
920	2	4	6	1	P999	4	0.004116	0.004116	0.003953	0.003953
921	4	5	9	1	P1	1	-0.007314	-0.007314	0.008727	0.008727
921	4	5	9	1	P50	1	0.027830	0.027830	0.044403	0.044403
921	4	5	9	1	P75	4	0.003788	0.003788	-0.024707	-0.024707
921	4	5	9	1	P90	4	0.033316	0.033316	0.003953	0.003953
921	4	5	9	1	P95	4	0.033316	0.033316	0.003953	0.003953
921	4	5	9	1	P99	4	0.033316	0.033316	0.003953	0.003953
921	4	5	9	1	P999	4	0.033316	0.033316	0.003953	0.003953
922	4	4	8	0	P1	3	-0.016299	-0.016299	0.009278	0.009278
922	4	4	8	0	P50	4	0.000000	-0.007215	-0.017620	-0.024707
922	4	4	8	0	P75	4	0.014587	0.007267	-0.003290	-0.010481
922	4	4	8	0	P90	4	0.021960	0.021960	0.003953	0.003953
922	4	4	8	0	P95	4	0.021960	0.021960	0.003953	0.003953
922	4	4	8	0	P99	4	0.021960	0.021960	0.003953	0.003953
922	4	4	8	0	P999	4	0.021960	0.021960	0.003953	0.003953
923	28	5	33	1	P1	1	-0.017483	-0.017483	0.001553	0.001553
923	28	5	33	1	P50	1	0.007225	0.007225	0.026728	0.026728
923	28	5	33	1	P75	1	0.019811	0.019811	0.039552	0.039552
923	28	5	33	1	P90	11	0.017054	0.017054	0.035645	0.035645
923	28	5	33	1	P95	13	0.023996	0.023996	0.042635	0.042635
923	28	5	33	1	P99	22	0.019375	0.019375	0.037691	0.037691
923	28	5	33	1	P999	22	0.019375	0.019375	0.037691	0.037691
924	10	4	14	1	P1	1	0.003160	0.003160	0.007267	0.007267
924	10	4	14	1	P50	2	0.022028	0.010954	-0.019556	-0.030147
924	10	4	14	1	P75	3	-0.013172	-0.013172	0.031442	0.031442
924	10	4	14	1	P90	4	-0.010364	-0.010364	-0.010481	-0.010481
924	10	4	14	1	P95	4	0.004116	0.004116	0.003953	0.003953
924	10	4	14	1	P99	4	0.004116	0.004116	0.003953	0.003953
924	10	4	14	1	P999	4	0.004116	0.004116	0.003953	0.003953
925	4	20	24	1	P1	1	-0.001813	-0.001813	0.002289	0.002289
925	4	20	24	1	P50	1	0.026042	0.023692	0.030172	0.027819
925	4	20	24	1	P75	1	0.040260	0.037877	0.044403	0.042017
925	4	20	24	1	P90	4	-0.017526	-0.017526	-0.017620	-0.017620
925	4	20	24	1	P95	4	-0.006764	-0.006764	-0.006892	-0.006892
925	4	20	24	1	P99	4	0.004116	0.004116	0.003953	0.003953
925	4	20	24	1	P999	4	0.004116	0.004116	0.003953	0.003953
926	4	3	7	1	P1	11	0.030991	0.030991	0.035645	0.035645
926	4	3	7	1	P50	13	0.038224	0.038224	0.042635	0.042635
926	4	3	7	1	P75	55	0.009285	0.009285	0.011394	0.011394
926	4	3	7	1	P90	56	0.013064	0.013064	0.015147	0.015147
926	4	3	7	1	P95	56	0.013064	0.013064	0.015147	0.015147
926	4	3	7	1	P99	56	0.013064	0.013064	0.015147	0.015147
926	4	3	7	1	P999	56	0.013064	0.013064	0.015147	0.015147
927	3	2	5	1	P1	1	0.037775	0.037775	0.044403	0.044403
927	3	2	5	1	P50	2	0.042292	0.042292	0.001975	0.001975
927	3	2	5	1	P75	4	-0.019434	-0.019434	-0.017620	-0.017620
927	3	2	5	1	P90	4	0.002174	0.002174	0.003953	0.003953
927	3	2	5	1	P95	4	0.002174	0.002174	0.003953	0.003953
927	3	2	5	1	P99	4	0.002174	0.002174	0.003953	0.003953
927	3	2	5	1	P999	4	0.002174	0.002174	0.003953	0.003953
928	2	4	6	0	P1	3	0.005304	0.005304	0.031442	0.031442
928	2	4	6	0	P50	4	0.010920	0.000000	-0.006892	-0.017620
928	2	4	6	0	P75	4	0.021960	0.021960	0.003953	0.003953
928	2	4	6	0	P90	5	0.015930	0.015930	0.042344	0.042344
928	2	4	6	0	P95	5	0.015930	0.015930	0.042344	0.042344
928	2	4	6	0	P99	5	0.015930	0.015930	0.042344	0.042344
928	2	4	6	0	P999	5	0.015930	0.015930	0.042344	0.042344
929	5	42	47	1	P1	1	-0.003066	-0.003066	0.001035	0.001035
929	5	42	47	1	P50	1	0.021012	0.021012	0.025136	0.025136
929	5	42	47	1	P75	1	0.033804	0.033804	0.037941	0.037941
929	5	42	47	1	P90	3	-0.013172	-0.013172	0.031442	0.031442
929	5	42	47	1	P95	4	-0.017526	-0.017526	-0.017620	-0.017620
929	5	42	47	1	P99	4	0.004116	0.004116	0.003953	0.003953
929	5	42	47	1	P999	4	0.004116	0.004116	0.003953	0.003953
930	5	3	8	1	P1	1	0.025572	0.025572	0.044403	0.044403
930	5	3	8	1	P50	12	-0.010702	-0.066414	0.005958	-0.050658
930	5	3	8	1	P75	12	0.018388	0.003737	0.035520	0.020632
930	5	3	8	1	P90	13	0.025440	0.025440	0.042635	0.042635
930	5	3	8	1	P95	13	0.025440	0.025440	0.042635	0.042635
930	5	3	8	1	P99	13	0.025440	0.025440	0.042635	0.042635
930	5	3	8	1	P999	13	0.025440	0.025440	0.042635	0.042635
931	5	5	10	1	P1	1	-0.009143	-0.009143	0.008727	0.008727
931	5	5	10	1	P50	52	0.001513	-0.980271	0.002254	-0.979915
931	5	5	10	1	P75	53	0.011513	0.011513	0.027006	0.027006
931	5	5	10	1	P90	60	0.017976	-0.066796	0.033479	-0.052529
931	5	5	10	1	P95	60	0.017976	0.017976	0.033479	0.033479
931	5	5	10	1	P99	60	0.017976	0.017976	0.033479	0.033479
931	5	5	10	1	P999	60	0.017976	0.017976	0.033479	0.033479
932	5	5	10	1	P1	1	0.004618	0.004618	0.008727	0.008727
932	5	5	10	1	P50	3	-0.034441	-0.653247	0.009278	-0.651866
932	5	5	10	1	P75	4	-0.024636	-0.024636	-0.024707	-0.024707
932	5	5	10	1	P90	4	0.004116	-0.010364	0.003953	-0.010481
932	5	5	10	1	P95	4	0.004116	0.004116	0.003953	0.003953
932	5	5	10	1	P99	4	0.004116	0.004116	0.003953	0.003953
932	5	5	10	1	P999	4	0.004116	0.004116	0.003953	0.003953
933	5	50	55	1	P1	1	-0.015019	-0.015019	0.000906	0.000906
933	5	50	55	1	P50	1	0.009373	0.009373	0.025667	0.025667
933	5	50	55	1	P75	1	0.022257	0.022257	0.038746	0.038746
933	5	50	55	1	P90	2	0.030569	0.030569	0.001975	0.001975
933	5	50	55	1	P95	4	0.011090	0.011090	-0.017620	-0.017620
933	5	50	55	1	P99	4	0.033316	0.033316	0.003953	0.003953
933	5	50	55	1	P999	4	0.033316	0.033316	0.003953	0.003953
934	16	19	35	1	P1	1	-0.016690	-0.016690	0.002901	0.002901
934	16	19	35	1	P50	2	0.015519	0.015519	-0.008849	-0.008849
934	16	19	35	1	P75	12	-0.000235	-0.000235	0.017680	0.017680
934	16	19	35	1	P90	13	0.006703	0.006703	0.024672	0.024672
934	16	19	35	1	P95	13	0.024364	0.024364	0.042635	0.042635
934	16	19	35	1	P99	17	0.016824	0.016824	0.034747	0.034747
934	16	19	35	1	P999	17	0.016824	0.016824	0.034747	0.034747
935	12	12	24	1	P1	1	-0.006361	-0.006361	0.004839	0.004839
935	12	12	24	1	P50	53	-0.006244	-0.960898	-0.002312	-0.962190
935	12	12	24	1	P75	56	-0.003285	-0.010489	0.015147	0.004181
935	12	12	24	1	P90	58	-0.002109	-0.002109	0.012605	0.012605
935	12	12	24	1	P95	58	0.019845	0.019845	0.023663	0.023663
935	12	12	24	1	P99	62	-0.003510	-0.003510	0.000141	0.000141
935	12	12	24	1	P999	62	-0.003510	-0.003510	0.000141	0.000141
936	5	20	25	1	P1	1	-0.001813	-0.001813	0.002289	0.002289
936	5	20	25	1	P50	1	0.026042	0.026042	0.030172	0.030172
936	5	20	25	1	P75	1	0.040260	0.040260	0.044403	0.044403
936	5	20	25	1	P90	4	-0.010364	-0.010364	-0.010481	-0.010481
936	5	20	25	1	P95	4	0.004116	0.004116	0.003953	0.003953
936	5	20	25	1	P99	5	-0.001143	-0.001143	0.042344	0.042344
936	5	20	25	1	P999	5	-0.001143	-0.001143	0.042344	0.042344
937	3	9	12	1	P1	1	-0.009481	-0.009481	0.008727	0.008727
937	3	9	12	1	P50	2	0.005930	-0.004944	-0.019556	-0.030147
937	3	9	12	1	P75	12	-0.010702	-0.828661	0.005958	-0.833004
937	3	9	12	1	P90	12	0.003737	0.003737	0.020632	0.020632
937	3	9	12	1	P95	12	0.018388	0.018388	0.035520	0.035520
937	3	9	12	1	P99	12	0.018388	0.018388	0.035520	0.035520
937	3	9	12	1	P999	12	0.018388	0.018388	0.035520	0.035520
938	3	3	6	1	P1	1	0.007451	0.007451	0.021960	0.021960
938	3	3	6	1	P50	55	0.024224	-0.962452	0.033604	-0.963565
938	3	3	6	1	P75	58	-0.007396	-0.007396	0.001666	0.001666
938	3	3	6	1	P90	58	0.014430	0.014430	0.023663	0.023663
938	3	3	6	1	P95	58	0.014430	0.014430	0.023663	0.023663
938	3	3	6	1	P99	58	0.014430	0.014430	0.023663	0.023663
938	3	3	6	1	P999	58	0.014430	0.014430	0.023663	0.023663
939	7	47	54	1	P1	1	-0.015000	-0.015000	0.000925	0.000925
939	7	47	54	1	P50	1	0.009918	0.008984	0.026220	0.025272
939	7	47	54	1	P75	1	0.022139	0.022139	0.038626	0.038626
939	7	47	54	1	P90	3	0.001544	0.001544	0.016613	0.016613
939	7	47	54	1	P95	4	0.011090	0.011090	-0.017620	-0.017620
939	7	47	54	1	P99	4	0.033316	0.033316	0.003953	0.003953
939	7	47	54	1	P999	4	0.033316	0.033316	0.003953	0.003953
940	12	15	27	1	P1	1	-0.013427	-0.013427	0.006226	0.006226
940	12	15	27	1	P50	2	0.021053	0.021053	-0.003452	-0.003452
940	12	15	27	1	P75	12	-0.001476	-0.001476	0.016417	0.016417
940	12	15	27	1	P90	13	-0.004902	-0.004902	0.012870	0.012870
940	12	15	27	1	P95	13	0.009625	0.009625	0.027644	0.027644
940	12	15	27	1	P99	13	0.024364	0.024364	0.042635	0.042635
940	12	15	27	1	P999	13	0.024364	0.024364	0.042635	0.042635
941	10	10	20	1	P1	1	-0.014769	-0.014769	0.007267	0.007267
941	10	10	20	1	P50	50	0.020798	-0.959048	0.042344	-0.959921
941	10	10	20	1	P75	56	0.011623	0.002869	0.015147	-0.006667
941	10	10	20	1	P90	58	0.002544	-0.006133	0.012605	0.001666
941	10	10	20	1	P95	59	0.029326	-0.014449	0.006313	-0.004558
941	10	10	20	1	P99	59	0.029326	0.029326	0.006313	0.006313
941	10	10	20	1	P999	59	0.029326	0.029326	0.006313	0.006313
942	6	6	12	1	P1	3	-0.008529	-0.008529	0.009278	0.009278
942	6	6	12	1	P50	4	0.008602	-0.000144	-0.017620	-0.021878
942	6	6	12	1	P75	4	0.035301	0.026324	-0.004732	-0.009047
942	6	6	12	1	P90	4	0.044357	0.044357	-0.000399	-0.000399
942	6	6	12	1	P95	4	0.053492	0.053492	0.003953	0.003953
942	6	6	12	1	P99	4	0.053492	0.053492	0.003953	0.003953
942	6	6	12	1	P999	4	0.053492	0.053492	0.003953	0.003953
943	6	15	21	1	P1	1	-0.013054	-0.013054	0.002901	0.002901
943	6	15	21	1	P50	1	0.015979	0.015979	0.032373	0.032373
943	6	15	21	1	P75	3	-0.016441	-0.016441	-0.001625	-0.001625
943	6	15	21	1	P90	3	0.016168	0.016168	0.031442	0.031442
943	6	15	21	1	P95	4	0.011090	0.011090	-0.017620	-0.017620
943	6	15	21	1	P99	4	0.033316	0.033316	0.003953	0.003953
943	6	15	21	1	P999	4	0.033316	0.033316	0.003953	0.003953
944	2	2	4	1	P1	1	0.021368	0.021368	0.044403	0.044403
944	2	2	4	1	P50	12	0.013368	-0.829403	0.035520	-0.833004
944	2	2	4	1	P75	13	0.020355	-0.064583	0.042635	-0.044136
944	2	2	4	1	P90	13	0.020355	0.020355	0.042635	0.042635
944	2	2	4	1	P95	13	0.020355	0.020355	0.042635	0.042635
944	2	2	4	1	P99	13	0.020355	0.020355	0.042635	0.042635
944	2	2	4	1	P999	13	0.020355	0.020355	0.042635	0.042635
945	2	2	4	1	P1	2	0.001799	0.001799	-0.019556	-0.019556
945	2	2	4	1	P50	54	0.031012	-0.962081	0.007988	-0.962890
945	2	2	4	1	P75	57	0.020132	-0.023252	0.041622	-0.045064
945	2	2	4	1	P90	57	0.020132	0.020132	0.041622	0.041622
945	2	2	4	1	P95	57	0.020132	0.020132	0.041622	0.041622
945	2	2	4	1	P99	57	0.020132	0.020132	0.041622	0.041622
945	2	2	4	1	P999	57	0.020132	0.020132	0.041622	0.041622
946	5	3	8	1	P1	1	-0.001541	-0.001541	0.014587	0.014587
946	5	3	8	1	P50	4	0.000157	-0.237874	-0.028232	-0.226419
946	5	3	8	1	P75	4	0.022143	0.011090	-0.006892	-0.017620
946	5	3	8	1	P90	4	0.033316	0.033316	0.003953	0.003953
946	5	3	8	1	P95	4	0.033316	0.033316	0.003953	0.003953
946	5	3	8	1	P99	4	0.033316	0.033316	0.003953	0.003953
946	5	3	8	1	P999	4	0.033316	0.033316	0.003953	0.003953
947	5	5	10	1	P1	3	-0.027374	-0.027374	-0.003791	-0.003791
947	5	5	10	1	P50	4	-0.010432	-0.221270	-0.028232	-0.226419
947	5	5	10	1	P75	4	0.033630	0.033630	-0.006892	-0.006892
947	5	5	10	1	P90	5	0.005991	-0.154886	0.042344	-0.196837
947	5	5	10	1	P95	5	0.005991	0.005991	0.042344	0.042344
947	5	5	10	1	P99	5	0.005991	0.005991	0.042344	0.042344
947	5	5	10	1	P999	5	0.005991	0.005991	0.042344	0.042344
948	5	4	9	0	P1	3	-0.026925	-0.026925	-0.001625	-0.001625
948	5	4	9	0	P50	4	-0.012949	-0.012949	-0.030341	-0.030341
948	5	4	9	0	P75	4	0.004354	0.004354	-0.013342	-0.013342
948	5	4	9	0	P90	4	0.021960	0.021960	0.003953	0.003953
948	5	4	9	0	P95	4	0.021960	0.021960	0.003953	0.003953
948	5	4	9	0	P99	4	0.021960	0.021960	0.003953	0.003953
948	5	4	9	0	P999	4	0.021960	0.021960	0.003953	0.003953
949	4	8	12	1	P1	1	-0.010547	-0.010547	0.005445	0.005445
949	4	8	12	1	P50	1	0.022257	0.016716	0.038746	0.033120
949	4	8	12	1	P75	4	0.003788	-0.237874	-0.024707	-0.226419
949	4	8	12	1	P90	4	0.018445	0.018445	-0.010481	-0.010481
949	4	8	12	1	P95	4	0.033316	0.033316	0.003953	0.003953
949	4	8	12	1	P99	4	0.033316	0.033316	0.003953	0.003953
949	4	8	12	1	P999	4	0.033316	0.033316	0.003953	0.003953
950	3	9	12	1	P1	1	-0.009481	-0.009481	0.008727	0.008727
950	3	9	12	1	P50	2	0.005930	-0.004944	-0.019556	-0.030147
950	3	9	12	1	P75	11	0.018458	-0.813085	0.035645	-0.817823
950	3	9	12	1	P90	12	0.018388	0.018388	0.035520	0.035520
950	3	9	12	1	P95	13	0.025440	0.025440	0.042635	0.042635
950	3	9	12	1	P99	13	0.025440	0.025440	0.042635	0.042635
950	3	9	12	1	P999	13	0.025440	0.025440	0.042635	0.042635
951	2	2	4	1	P1	1	0.003865	0.003865	0.021960	0.021960
951	2	2	4	1	P50	55	-0.003850	-0.981347	0.011394	-0.981011
951	2	2	4	1	P75	55	0.018041	-0.003850	0.033604	0.011394
951	2	2	4	1	P90	55	0.018041	0.018041	0.033604	0.033604
951	2	2	4	1	P95	55	0.018041	0.018041	0.033604	0.033604
951	2	2	4	1	P99	55	0.018041	0.018041	0.033604	0.033604
951	2	2	4	1	P999	55	0.018041	0.018041	0.033604	0.033604
952	4	4	8	1	P1	3	0.013295	0.013295	0.009278	0.009278
952	4	4	8	1	P50	4	-0.002318	-0.013120	-0.017620	-0.024707
952	4	4	8	1	P75	4	0.030803	0.008602	-0.003290	-0.010481
952	4	4	8	1	P90	4	0.053492	0.053492	0.003953	0.003953
952	4	4	8	1	P95	4	0.053492	0.053492	0.003953	0.003953
952	4	4	8	1	P99	4	0.053492	0.053492	0.003953	0.003953
952	4	4	8	1	P999	4	0.053492	0.053492	0.003953	0.003953
953	8	2	10	0	P1	1	-0.016160	-0.016160	0.005445	0.005445
953	8	2	10	0	P50	1	0.010920	0.005445	0.033120	0.027525
953	8	2	10	0	P75	1	0.021960	0.021960	0.044403	0.044403
953	8	2	10	0	P90	2	0.023978	0.001975	0.001975	-0.019556
953	8	2	10	0	P95	2	0.023978	0.023978	0.001975	0.001975
953	8	2	10	0	P99	2	0.023978	0.023978	0.001975	0.001975
953	8	2	10	0	P999	2	0.023978	0.023978	0.001975	0.001975
954	4	4	8	0	P1	3	-0.007215	-0.007215	0.001996	0.001996
954	4	4	8	0	P50	4	0.012162	0.003405	-0.021878	-0.030341
954	4	4	8	0	P75	4	0.029905	0.020995	-0.004732	-0.013342
954	4	4	8	0	P90	4	0.038893	0.038893	0.003953	0.003953
954	4	4	8	0	P95	4	0.038893	0.038893	0.003953	0.003953
954	4	4	8	0	P99	4	0.038893	0.038893	0.003953	0.003953
954	4	4	8	0	P999	4	0.038893	0.038893	0.003953	0.003953
955	114	9	123	1	P1	1	-0.017307	-0.017307	0.000762	0.000762
955	114	9	123	1	P50	1	0.005436	0.005436	0.023909	0.023909
955	114	9	123	1	P75	1	0.017392	0.017392	0.036078	0.036078
955	114	9	123	1	P90	1	0.024399	0.024399	0.043209	0.043209
955	114	9	123	1	P95	12	-0.003509	-0.003509	0.013268	0.013268
955	114	9	123	1	P99	15	-0.009258	-0.009258	0.007289	0.007289
955	114	9	123	1	P999	15	0.012513	0.012513	0.029409	0.029409
956	4	8	12	1	P1	1	0.008443	0.008443	0.021960	0.021960
956	4	8	12	1	P50	55	0.010622	0.001861	0.015797	0.007009
956	4	8	12	1	P75	59	-0.027333	-0.041346	-0.022416	-0.036471
956	4	8	12	1	P90	59	-0.013115	-0.013115	-0.008156	-0.008156
956	4	8	12	1	P95	59	0.001310	0.001310	0.006313	0.006313
956	4	8	12	1	P99	59	0.001310	0.001310	0.006313	0.006313
956	4	8	12	1	P999	59	0.001310	0.001310	0.006313	0.006313
957	8	4	12	1	P1	1	-0.008752	-0.008752	0.007267	0.007267
957	8	4	12	1	P50	2	0.008402	-0.486085	-0.019556	-0.477799
957	8	4	12	1	P75	4	0.003788	-0.237874	-0.024707	-0.226419
957	8	4	12	1	P90	4	0.018445	0.018445	-0.010481	-0.010481
957	8	4	12	1	P95	4	0.033316	0.033316	0.003953	0.003953
957	8	4	12	1	P99	4	0.033316	0.033316	0.003953	0.003953
957	8	4	12	1	P999	4	0.033316	0.033316	0.003953	0.003953
958	70	5	75	1	P1	1	-0.020196	-0.020196	0.000630	0.000630
958	70	5	75	1	P50	1	0.002901	0.002901	0.024215	0.024215
958	70	5	75	1	P75	1	0.014972	0.014972	0.036541	0.036541
958	70	5	75	1	P90	1	0.022027	0.022027	0.043745	0.043745
958	70	5	75	1	P95	12	-0.000309	-0.000309	0.020632	0.020632
958	70	5	75	1	P99	13	0.021255	0.021255	0.042635	0.042635
958	70	5	75	1	P999	13	0.021255	0.021255	0.042635	0.042635
959	5	5	10	1	P1	1	0.004468	0.004468	0.021960	0.021960
959	5	5	10	1	P50	53	-0.007288	-0.961151	0.004938	-0.962190
959	5	5	10	1	P75	55	-0.000855	-0.000855	0.011394	0.011394
959	5	5	10	1	P90	59	-0.005793	-0.048114	0.006313	-0.036471
959	5	5	10	1	P95	59	-0.005793	-0.005793	0.006313	0.006313
959	5	5	10	1	P99	59	-0.005793	-0.005793	0.006313	0.006313
959	5	5	10	1	P999	59	-0.005793	-0.005793	0.006313	0.006313
960	4	37	41	1	P1	1	-0.002926	-0.002926	0.001175	0.001175
960	4	37	41	1	P50	1	0.020840	0.020840	0.024964	0.024964
960	4	37	41	1	P75	1	0.032934	0.032934	0.037070	0.037070
960	4	37	41	1	P90	1	0.040260	0.040260	0.044403	0.044403
960	4	37	41	1	P95	4	-0.017526	-0.017526	-0.017620	-0.017620
960	4	37	41	1	P99	4	0.004116	0.004116	0.003953	0.003953
960	4	37	41	1	P999	4	0.004116	0.004116	0.003953	0.003953
961	7	7	14	1	P1	11	0.024119	0.024119	0.035645	0.035645
961	7	7	14	1	P50	52	-0.003734	-0.679276	0.002254	-0.689870
961	7	7	14	1	P75	55	-0.016106	-0.016106	0.011394	0.011394
961	7	7	14	1	P90	57	-0.008327	-0.008327	0.019239	0.019239
961	7	7	14	1	P95	59	0.000746	0.000746	0.006313	0.006313
961	7	7	14	1	P99	59	0.000746	0.000746	0.006313	0.006313
961	7	7	14	1	P999	59	0.000746	0.000746	0.006313	0.006313
962	7	3	10	1	P1	1	0.004394	0.004394	0.010920	0.010920
962	7	3	10	1	P50	2	0.027256	0.012436	-0.012431	-0.026629
962	7	3	10	1	P75	4	-0.026532	-0.026532	-0.024707	-0.024707
962	7	3	10	1	P90	4	0.002174	-0.012284	0.003953	-0.010481
962	7	3	10	1	P95	4	0.002174	0.002174	0.003953	0.003953
962	7	3	10	1	P99	4	0.002174	0.002174	0.003953	0.003953
962	7	3	10	1	P999	4	0.002174	0.002174	0.003953	0.003953
963	3	35	38	1	P1	1	-0.002859	-0.002859	0.001242	0.001242
963	3	35	38	1	P50	1	0.021012	0.019741	0.025136	0.023865
963	3	35	38	1	P75	1	0.032517	0.032517	0.036653	0.036653
963	3	35	38	1	P90	1	0.040260	0.040260	0.044403	0.044403
963	3	35	38	1	P95	4	-0.010364	-0.010364	-0.010481	-0.010481
963	3	35	38	1	P99	4	0.004116	0.004116	0.003953	0.003953
963	3	35	38	1	P999	4	0.004116	0.004116	0.003953	0.003953
964	8	8	16	1	P1	11	0.011987	0.011987	0.013391	0.013391
964	8	8	16	1	P50	54	-0.011845	-0.749242	0.007988	-0.748995
964	8	8	16	1	P75	56	-0.000395	-0.009061	0.015147	0.004181
964	8	8	16	1	P90	57	-0.000680	-0.000680	0.041622	0.041622
964	8	8	16	1	P95	81	-0.003792	-0.003792	0.037632	0.037632
964	8	8	16	1	P99	81	-0.003792	-0.003792	0.037632	0.037632
964	8	8	16	1	P999	81	-0.003792	-0.003792	0.037632	0.037632
965	8	3	11	1	P1	1	0.003160	0.003160	0.007267	0.007267
965	8	3	11	1	P50	1	0.040260	0.040260	0.044403	0.044403
965	8	3	11	1	P75	4	-0.024636	-0.024636	-0.024707	-0.024707
965	8	3	11	1	P90	4	-0.010364	-0.010364	-0.010481	-0.010481
965	8	3	11	1	P95	4	0.004116	0.004116	0.003953	0.003953
965	8	3	11	1	P99	4	0.004116	0.004116	0.003953	0.003953
965	8	3	11	1	P999	4	0.004116	0.004116	0.003953	0.003953
966	11	3	14	1	P1	1	-0.000146	-0.000146	0.003957	0.003957
966	11	3	14	1	P50	1	0.027969	0.023905	0.032101	0.028033
966	11	3	14	1	P75	1	0.040260	0.040260	0.044403	0.044403
966	11	3	14	1	P90	4	-0.010364	-0.010364	-0.010481	-0.010481
966	11	3	14	1	P95	4	0.004116	0.004116	0.003953	0.003953
966	11	3	14	1	P99	4	0.004116	0.004116	0.003953	0.003953
966	11	3	14	1	P999	4	0.004116	0.004116	0.003953	0.003953
967	65	9	74	1	P1	1	-0.007879	-0.007879	0.000669	0.000669
967	65	9	74	1	P50	1	0.017020	0.016338	0.025724	0.025039
967	65	9	74	1	P75	1	0.029358	0.029358	0.038139	0.038139
967	65	9	74	1	P90	12	-0.045228	-0.045228	0.000147	0.000147
967	65	9	74	1	P95	12	-0.011382	-0.011382	0.035520	0.035520
967	65	9	74	1	P99	14	0.008617	0.008617	0.011149	0.011149
967	65	9	74	1	P999	14	0.008617	0.008617	0.011149	0.011149
968	6	9	15	1	P1	1	0.000145	0.000145	0.008727	0.008727
968	6	9	15	1	P50	54	-0.020258	-0.020258	-0.006504	-0.006504
968	6	9	15	1	P75	55	-0.009738	-0.009738	0.033604	0.033604
968	6	9	15	1	P90	59	0.007125	0.007125	0.006313	0.006313
968	6	9	15	1	P95	76	0.015288	0.015288	0.013862	0.013862
968	6	9	15	1	P99	76	0.015288	0.015288	0.013862	0.013862
968	6	9	15	1	P999	76	0.015288	0.015288	0.013862	0.013862
969	9	4	13	1	P1	1	0.002120	0.002120	0.006226	0.006226
969	9	4	13	1	P50	1	0.040260	0.040260	0.044403	0.044403
969	9	4	13	1	P75	3	-0.013172	-0.013172	0.031442	0.031442
969	9	4	13	1	P90	4	-0.010364	-0.010364	-0.010481	-0.010481
969	9	4	13	1	P95	4	0.004116	0.004116	0.003953	0.003953
969	9	4	13	1	P99	4	0.004116	0.004116	0.003953	0.003953
969	9	4	13	1	P999	4	0.004116	0.004116	0.003953	0.003953
970	4	12	16	1	P1	1	-0.000476	-0.000476	0.003627	0.003627
970	4	12	16	1	P50	1	0.028988	0.025258	0.033120	0.029387
970	4	12	16	1	P75	4	-0.028171	-0.739935	-0.028232	-0.738899
970	4	12	16	1	P90	4	-0.006764	-0.006764	-0.006892	-0.006892
970	4	12	16	1	P95	4	0.004116	0.004116	0.003953	0.003953
970	4	12	16	1	P99	4	0.004116	0.004116	0.003953	0.003953
970	4	12	16	1	P999	4	0.004116	0.004116	0.003953	0.003953
971	2	6	8	1	P1	1	-0.005203	-0.005203	0.014587	0.014587
971	2	6	8	1	P50	2	0.011869	-0.002690	-0.012431	-0.026629
971	2	6	8	1	P75	12	-0.004542	-0.828893	0.013268	-0.833004
971	2	6	8	1	P90	12	0.017335	0.017335	0.035520	0.035520
971	2	6	8	1	P95	12	0.017335	0.017335	0.035520	0.035520
971	2	6	8	1	P99	12	0.017335	0.017335	0.035520	0.035520
971	2	6	8	1	P999	12	0.017335	0.017335	0.035520	0.035520
972	2	2	4	1	P1	1	0.032835	0.032835	0.044403	0.044403
972	2	2	4	1	P50	52	-0.001722	-0.960146	0.002254	-0.961463
972	2	2	4	1	P75	56	0.011281	-0.073028	0.015147	-0.069336
972	2	2	4	1	P90	56	0.011281	0.011281	0.015147	0.015147
972	2	2	4	1	P95	56	0.011281	0.011281	0.015147	0.015147
972	2	2	4	1	P99	56	0.011281	0.011281	0.015147	0.015147
972	2	2	4	1	P999	56	0.011281	0.011281	0.015147	0.015147
973	4	4	8	0	P1	4	-0.015396	-0.015396	-0.032745	-0.032745
973	4	4	8	0	P50	4	0.009353	0.003108	-0.008431	-0.014566
973	4	4	8	0	P75	4	0.021960	0.015637	0.003953	-0.002258
973	4	4	8	0	P90	5	0.015930	0.015930	0.042344	0.042344
973	4	4	8	0	P95	5	0.015930	0.015930	0.042344	0.042344
973	4	4	8	0	P99	5	0.015930	0.015930	0.042344	0.042344
973	4	4	8	0	P999	5	0.015930	0.015930	0.042344	0.042344
974	46	3	49	1	P1	1	-0.019887	-0.019887	0.000945	0.000945
974	46	3	49	1	P50	1	0.002585	0.002585	0.023892	0.023892
974	46	3	49	1	P75	1	0.014014	0.014014	0.035563	0.035563
974	46	3	49	1	P90	1	0.021706	0.021706	0.043417	0.043417
974	46	3	49	1	P95	11	0.014388	0.014388	0.035645	0.035645
974	46	3	49	1	P99	14	0.034403	0.034403	0.011149	0.011149
974	46	3	49	1	P999	14	0.034403	0.034403	0.011149	0.011149
975	12	3	15	1	P1	1	-0.014427	-0.014427	0.006226	0.006226
975	12	3	15	1	P50	2	-0.009908	-0.009908	-0.032252	-0.032252
975	12	3	15	1	P75	2	0.025115	0.025115	0.001975	0.001975
975	12	3	15	1	P90	57	-0.000986	-0.000986	0.019239	0.019239
975	12	3	15	1	P95	57	0.020956	0.020956	0.041622	0.041622
975	12	3	15	1	P99	57	0.020956	0.020956	0.041622	0.041622
975	12	3	15	1	P999	57	0.020956	0.020956	0.041622	0.041622
976	3	4	7	1	P1	1	0.005722	0.005722	0.021960	0.021960
976	3	4	7	1	P50	3	0.016168	0.016168	0.031442	0.031442
976	3	4	7	1	P75	4	0.018445	0.018445	-0.010481	-0.010481
976	3	4	7	1	P90	4	0.033316	0.033316	0.003953	0.003953
976	3	4	7	1	P95	4	0.033316	0.033316	0.003953	0.003953
976	3	4	7	1	P99	4	0.033316	0.033316	0.003953	0.003953
976	3	4	7	1	P999	4	0.033316	0.033316	0.003953	0.003953
977	4	4	8	1	P1	1	-0.005153	-0.005153	0.010920	0.010920
977	4	4	8	1	P50	3	-0.005689	-0.657390	0.009278	-0.651866
977	4	4	8	1	P75	4	0.011090	-0.237874	-0.017620	-0.226419
977	4	4	8	1	P90	4	0.033316	0.033316	0.003953	0.003953
977	4	4	8	1	P95	4	0.033316	0.033316	0.003953	0.003953
977	4	4	8	1	P99	4	0.033316	0.033316	0.003953	0.003953
977	4	4	8	1	P999	4	0.033316	0.033316	0.003953	0.003953
978	115	8	123	1	P1	1	-0.007793	-0.007793	0.000756	0.000756
978	115	8	123	1	P50	1	0.015007	0.015007	0.023699	0.023699
978	115	8	123	1	P75	1	0.026992	0.026992	0.035758	0.035758
978	115	8	123	1	P90	1	0.034015	0.034015	0.042826	0.042826
978	115	8	123	1	P95	12	-0.025628	-0.025628	0.020632	0.020632
978	115	8	123	1	P99	14	0.008617	0.008617	0.011149	0.011149
978	115	8	123	1	P999	17	-0.011333	-0.011333	0.034747	0.034747
979	3	8	11	1	P1	1	0.027662	0.027662	0.044403	0.044403
979	3	8	11	1	P50	55	0.001066	0.001066	0.011394	0.011394
979	3	8	11	1	P75	58	-0.001283	-0.001283	0.008945	0.008945
979	3	8	11	1	P90	58	0.013307	0.013307	0.023663	0.023663
979	3	8	11	1	P95	60	0.023090	0.023090	0.033479	0.033479
979	3	8	11	1	P99	60	0.023090	0.023090	0.033479	0.033479
979	3	8	11	1	P999	60	0.023090	0.023090	0.033479	0.033479
980	8	3	11	1	P1	1	-0.005153	-0.005153	0.010920	0.010920
980	8	3	11	1	P50	2	0.008402	0.008402	-0.019556	-0.019556
980	8	3	11	1	P75	3	-0.005689	-0.005689	0.009278	0.009278
980	8	3	11	1	P90	3	0.016168	0.016168	0.031442	0.031442
980	8	3	11	1	P95	4	0.033316	0.033316	0.003953	0.003953
980	8	3	11	1	P99	4	0.033316	0.033316	0.003953	0.003953
980	8	3	11	1	P999	4	0.033316	0.033316	0.003953	0.003953
981	14	5	19	1	P1	1	-0.017769	-0.017769	0.003108	0.003108
981	14	5	19	1	P50	1	0.010054	0.010054	0.031519	0.031519
981	14	5	19	1	P75	12	-0.007522	-0.007522	0.013268	0.013268
981	14	5	19	1	P90	13	0.021255	0.021255	0.042635	0.042635
981	14	5	19	1	P95	14	0.034403	0.034403	0.011149	0.011149
981	14	5	19	1	P99	14	0.034403	0.034403	0.011149	0.011149
981	14	5	19	1	P999	14	0.034403	0.034403	0.011149	0.011149
982	5	5	10	1	P1	1	-0.007607	-0.007607	0.014587	0.014587
982	5	5	10	1	P50	55	0.012266	-0.962771	0.011394	-0.963565
982	5	5	10	1	P75	57	0.020132	0.020132	0.041622	0.041622
982	5	5	10	1	P90	266	0.000537	-0.761550	0.021129	-0.756534
982	5	5	10	1	P95	266	0.000537	0.000537	0.021129	0.021129
982	5	5	10	1	P99	266	0.000537	0.000537	0.021129	0.021129
982	5	5	10	1	P999	266	0.000537	0.000537	0.021129	0.021129
983	3	3	6	1	P1	3	0.005967	0.005967	0.001996	0.001996
983	3	3	6	1	P50	4	-0.020256	-0.223301	-0.024707	-0.226419
983	3	3	6	1	P75	4	-0.005932	-0.005932	-0.010481	-0.010481
983	3	3	6	1	P90	4	0.008602	0.008602	0.003953	0.003953
983	3	3	6	1	P95	4	0.008602	0.008602	0.003953	0.003953
983	3	3	6	1	P99	4	0.008602	0.008602	0.003953	0.003953
983	3	3	6	1	P999	4	0.008602	0.008602	0.003953	0.003953
984	3	3	6	1	P1	3	-0.008529	-0.008529	0.001996	0.001996
984	3	3	6	1	P50	4	-0.013120	-0.223301	-0.017620	-0.226419
984	3	3	6	1	P75	4	0.008602	0.008602	0.003953	0.003953
984	3	3	6	1	P90	5	0.047797	0.047797	0.042344	0.042344
984	3	3	6	1	P95	5	0.047797	0.047797	0.042344	0.042344
984	3	3	6	1	P99	5	0.047797	0.047797	0.042344	0.042344
984	3	3	6	1	P999	5	0.047797	0.047797	0.042344	0.042344
985	4	4	8	0	P1	4	-0.016160	-0.016160	-0.033495	-0.033495
985	4	4	8	0	P50	4	0.005445	0.000000	-0.012270	-0.017620
985	4	4	8	0	P75	4	0.016425	0.010920	-0.001484	-0.006892
985	4	4	8	0	P90	4	0.021960	0.021960	0.003953	0.003953
985	4	4	8	0	P95	4	0.021960	0.021960	0.003953	0.003953
985	4	4	8	0	P99	4	0.021960	0.021960	0.003953	0.003953
985	4	4	8	0	P999	4	0.021960	0.021960	0.003953	0.003953
986	4	188	192	1	P1	1	-0.003635	-0.003635	0.000465	0.000465
986	4	188	192	1	P50	1	0.018669	0.018432	0.022791	0.022554
986	4	188	192	1	P75	1	0.030128	0.029888	0.034261	0.034021
986	4	188	192	1	P90	1	0.036871	0.036871	0.041011	0.041011
986	4	188	192	1	P95	1	0.039291	0.039291	0.043432	0.043432
986	4	188	192	1	P99	4	-0.006764	-0.006764	-0.006892	-0.006892
986	4	188	192	1	P999	4	0.004116	0.004116	0.003953	0.003953
987	8	4	12	1	P1	1	0.004394	0.004394	0.010920	0.010920
987	8	4	12	1	P50	2	0.030994	0.019819	-0.008849	-0.019556
987	8	4	12	1	P75	4	-0.026532	-0.261386	-0.024707	-0.226419
987	8	4	12	1	P90	4	-0.012284	-0.012284	-0.010481	-0.010481
987	8	4	12	1	P95	4	0.002174	0.002174	0.003953	0.003953
987	8	4	12	1	P99	4	0.002174	0.002174	0.003953	0.003953
987	8	4	12	1	P999	4	0.002174	0.002174	0.003953	0.003953
988	4	12	16	1	P1	1	-0.000476	-0.000476	0.003627	0.003627
988	4	12	16	1	P50	1	0.028988	0.025258	0.033120	0.029387
988	4	12	16	1	P75	3	-0.013172	-0.653247	0.031442	-0.651866
988	4	12	16	1	P90	4	-0.010364	-0.010364	-0.010481	-0.010481
988	4	12	16	1	P95	4	0.004116	0.004116	0.003953	0.003953
988	4	12	16	1	P99	4	0.004116	0.004116	0.003953	0.003953
988	4	12	16	1	P999	4	0.004116	0.004116	0.003953	0.003953
989	4	4	8	0	P1	3	-0.014377	-0.014377	-0.005233	-0.005233
989	4	4	8	0	P50	3	0.014587	0.007267	0.024000	0.016613
989	4	4	8	0	P75	4	0.038893	-0.233530	0.003953	-0.226419
989	4	4	8	0	P90	5	0.032762	0.032762	0.042344	0.042344
989	4	4	8	0	P95	5	0.032762	0.032762	0.042344	0.042344
989	4	4	8	0	P99	5	0.032762	0.032762	0.042344	0.042344
989	4	4	8	0	P999	5	0.032762	0.032762	0.042344	0.042344
990	4	4	8	1	P1	3	0.013295	0.013295	0.009278	0.009278
990	4	4	8	1	P50	4	-0.002318	-0.013120	-0.017620	-0.024707
990	4	4	8	1	P75	4	0.030803	0.008602	-0.003290	-0.010481
990	4	4	8	1	P90	4	0.053492	0.053492	0.003953	0.003953
990	4	4	8	1	P95	4	0.053492	0.053492	0.003953	0.003953
990	4	4	8	1	P99	4	0.053492	0.053492	0.003953	0.003953
990	4	4	8	1	P999	4	0.053492	0.053492	0.003953	0.003953
991	23	5	28	1	P1	1	-0.016198	-0.016198	0.001891	0.001891
991	23	5	28	1	P50	1	0.010181	0.008274	0.028739	0.026798
991	23	5	28	1	P75	1	0.023635	0.021703	0.042432	0.040464
991	23	5	28	1	P90	12	-0.003509	-0.003509	0.013268	0.013268
991	23	5	28	1	P95	12	0.018388	0.018388	0.035520	0.035520
991	23	5	28	1	P99	13	0.025440	0.025440	0.042635	0.042635
991	23	5	28	1	P999	13	0.025440	0.025440	0.042635	0.042635
992	5	5	10	1	P1	1	0.008443	0.008443	0.021960	0.021960
992	5	5	10	1	P50	52	-0.002995	-0.960225	0.002254	-0.961463
992	5	5	10	1	P75	57	-0.007709	-0.007709	0.019239	0.019239
992	5	5	10	1	P90	60	0.028433	-0.015378	0.033479	-0.010459
992	5	5	10	1	P95	60	0.028433	0.028433	0.033479	0.033479
992	5	5	10	1	P99	60	0.028433	0.028433	0.033479	0.033479
992	5	5	10	1	P999	60	0.028433	0.028433	0.033479	0.033479
993	4	4	8	1	P1	3	-0.029882	-0.029882	-0.001625	-0.001625
993	4	4	8	1	P50	4	-0.013120	-0.223301	-0.028232	-0.226419
993	4	4	8	1	P75	4	0.030803	0.008602	-0.006892	-0.017620
993	4	4	8	1	P90	4	0.053492	0.053492	0.003953	0.003953
993	4	4	8	1	P95	4	0.053492	0.053492	0.003953	0.003953
993	4	4	8	1	P99	4	0.053492	0.053492	0.003953	0.003953
993	4	4	8	1	P999	4	0.053492	0.053492	0.003953	0.003953
994	4	4	8	1	P1	3	-0.008529	-0.008529	0.001996	0.001996
994	4	4	8	1	P50	4	-0.005932	-0.020256	-0.021878	-0.030341
994	4	4	8	1	P75	4	0.030803	0.008602	-0.004732	-0.013342
994	4	4	8	1	P90	4	0.053492	0.053492	0.003953	0.003953
994	4	4	8	1	P95	4	0.053492	0.053492	0.003953	0.003953
994	4	4	8	1	P99	4	0.053492	0.053492	0.003953	0.003953
994	4	4	8	1	P999	4	0.053492	0.053492	0.003953	0.003953
995	17	3	20	1	P1	1	-0.006001	-0.006001	0.002559	0.002559
995	17	3	20	1	P50	1	0.019789	0.017180	0.028510	0.025885
995	17	3	20	1	P75	1	0.032933	0.030291	0.041737	0.039078
995	17	3	20	1	P90	13	-0.004391	-0.087429	0.042635	-0.044136
995	17	3	20	1	P95	14	0.008617	-0.075506	0.011149	-0.031839
995	17	3	20	1	P99	14	0.008617	0.008617	0.011149	0.011149
995	17	3	20	1	P999	14	0.008617	0.008617	0.011149	0.011149
996	3	3	6	1	P1	1	-0.006236	-0.006236	0.014587	0.014587
996	3	3	6	1	P50	55	0.013090	-0.981400	0.033604	-0.981011
996	3	3	6	1	P75	57	-0.000986	-0.000986	0.019239	0.019239
996	3	3	6	1	P90	58	0.003353	0.003353	0.023663	0.023663
996	3	3	6	1	P95	58	0.003353	0.003353	0.023663	0.023663
996	3	3	6	1	P99	58	0.003353	0.003353	0.023663	0.023663
996	3	3	6	1	P999	58	0.003353	0.003353	0.023663	0.023663
997	4	4	8	1	P1	3	-0.008529	-0.008529	0.009278	0.009278
997	4	4	8	1	P50	4	0.008602	-0.005932	-0.017620	-0.024707
997	4	4	8	1	P75	4	0.038311	0.023349	-0.003290	-0.010481
997	4	4	8	1	P90	4	0.053492	0.053492	0.003953	0.003953
997	4	4	8	1	P95	4	0.053492	0.053492	0.003953	0.003953
997	4	4	8	1	P99	4	0.053492	0.053492	0.003953	0.003953
997	4	4	8	1	P999	4	0.053492	0.053492	0.003953	0.003953
998	5	5	10	1	P1	3	-0.008529	-0.008529	0.001996	0.001996
998	5	5	10	1	P50	4	0.008602	-0.005932	-0.017620	-0.024707
998	5	5	10	1	P75	4	0.038311	0.038311	-0.003290	-0.003290
998	5	5	10	1	P90	5	0.003150	-0.157207	0.042344	-0.196837
998	5	5	10	1	P95	5	0.003150	0.003150	0.042344	0.042344
998	5	5	10	1	P99	5	0.003150	0.003150	0.042344	0.042344
998	5	5	10	1	P999	5	0.003150	0.003150	0.042344	0.042344
999	232	21	253	1	P1	1	-0.017524	-0.017524	0.000569	0.000569
999	232	21	253	1	P50	1	0.005877	0.005877	0.024387	0.024387
999	232	21	253	1	P75	1	0.017978	0.017978	0.036704	0.036704
999	232	21	253	1	P90	1	0.025348	0.025348	0.044204	0.044204
999	232	21	253	1	P95	12	0.003697	0.003697	0.020632	0.020632
999	232	21	253	1	P99	14	0.023701	0.023701	-0.003388	-0.003388
999	232	21	253	1	P999	18	0.003965	0.003965	0.020654	0.020654
1000	16	21	37	1	P1	1	-0.013955	-0.013955	0.005445	0.005445
1000	16	21	37	1	P50	53	0.010551	0.010551	-0.000505	-0.000505
1000	16	21	37	1	P75	55	0.001408	0.001408	0.008956	0.008956
1000	16	21	37	1	P90	58	0.007334	0.007334	-0.009154	-0.009154
1000	16	21	37	1	P95	59	0.019386	0.019386	-0.004558	-0.004558
1000	16	21	37	1	P99	59	0.034268	0.034268	0.006313	0.006313
1000	16	21	37	1	P999	59	0.034268	0.034268	0.006313	0.006313
1001	21	5	26	1	P1	1	-0.013232	-0.013232	0.002719	0.002719
1001	21	5	26	1	P50	1	0.022257	0.019483	0.038746	0.035929
1001	21	5	26	1	P75	2	0.021645	0.021645	-0.006694	-0.006694
1001	21	5	26	1	P90	4	0.011090	0.011090	-0.017620	-0.017620
1001	21	5	26	1	P95	4	0.022143	0.022143	-0.006892	-0.006892
1001	21	5	26	1	P99	4	0.033316	0.033316	0.003953	0.003953
1001	21	5	26	1	P999	4	0.033316	0.033316	0.003953	0.003953
1002	29	7	36	1	P1	1	-0.016583	-0.016583	0.001499	0.001499
1002	29	7	36	1	P50	1	0.010313	0.008800	0.028873	0.027333
1002	29	7	36	1	P75	1	0.024036	0.022502	0.042839	0.041278
1002	29	7	36	1	P90	12	0.018388	0.018388	0.035520	0.035520
1002	29	7	36	1	P95	14	0.016353	0.016353	-0.010578	-0.010578
1002	29	7	36	1	P99	14	0.038686	0.038686	0.011149	0.011149
1002	29	7	36	1	P999	14	0.038686	0.038686	0.011149	0.011149
1003	7	7	14	1	P1	1	-0.011194	-0.011194	0.010920	0.010920
1003	7	7	14	1	P50	54	0.031012	-0.962081	0.007988	-0.962890
1003	7	7	14	1	P75	57	0.020132	0.020132	0.041622	0.041622
1003	7	7	14	1	P90	63	0.006789	0.006789	0.027969	0.027969
1003	7	7	14	1	P95	65	0.019153	0.019153	0.040580	0.040580
1003	7	7	14	1	P99	65	0.019153	0.019153	0.040580	0.040580
1003	7	7	14	1	P999	65	0.019153	0.019153	0.040580	0.040580
1004	5	52	57	1	P1	1	-0.003265	-0.003265	0.000836	0.000836
1004	5	52	57	1	P50	1	0.020401	0.020401	0.024525	0.024525
1004	5	52	57	1	P75	1	0.032443	0.032443	0.036579	0.036579
1004	5	52	57	1	P90	1	0.040260	0.040260	0.044403	0.044403
1004	5	52	57	1	P95	4	-0.006764	-0.006764	-0.006892	-0.006892
1004	5	52	57	1	P99	5	-0.001143	-0.001143	0.042344	0.042344
1004	5	52	57	1	P999	5	-0.001143	-0.001143	0.042344	0.042344
1005	2	4	6	1	P1	1	0.002012	0.002012	0.021960	0.021960
1005	2	4	6	1	P50	2	0.026618	0.004540	0.001975	-0.019556
1005	2	4	6	1	P75	11	0.017359	0.017359	0.035645	0.035645
1005	2	4	6	1	P90	12	0.017305	0.017305	0.035520	0.035520
1005	2	4	6	1	P95	12	0.017305	0.017305	0.035520	0.035520
1005	2	4	6	1	P99	12	0.017305	0.017305	0.035520	0.035520
1005	2	4	6	1	P999	12	0.017305	0.017305	0.035520	0.035520
1006	2	2	4	1	P1	1	0.010601	0.010601	0.021960	0.021960
1006	2	2	4	1	P50	56	0.011281	-0.981557	0.015147	-0.981350
1006	2	2	4	1	P75	60	0.029706	-0.056138	0.033479	-0.052529
1006	2	2	4	1	P90	60	0.029706	0.029706	0.033479	0.033479
1006	2	2	4	1	P95	60	0.029706	0.029706	0.033479	0.033479
1006	2	2	4	1	P99	60	0.029706	0.029706	0.033479	0.033479
1006	2	2	4	1	P999	60	0.029706	0.029706	0.033479	0.033479
1007	5	6	11	1	P1	3	-0.029882	-0.029882	0.001996	0.001996
1007	5	6	11	1	P50	4	-0.002318	-0.002318	-0.022940	-0.022940
1007	5	6	11	1	P75	4	0.030803	0.030803	-0.006892	-0.006892
1007	5	6	11	1	P90	4	0.042085	0.042085	-0.001484	-0.001484
1007	5	6	11	1	P95	4	0.053492	0.053492	0.003953	0.003953
1007	5	6	11	1	P99	4	0.053492	0.053492	0.003953	0.003953
1007	5	6	11	1	P999	4	0.053492	0.053492	0.003953	0.003953
1008	23	6	29	1	P1	1	-0.002211	-0.002211	0.001891	0.001891
1008	23	6	29	1	P50	1	0.024611	0.024611	0.028739	0.028739
1008	23	6	29	1	P75	1	0.038291	0.038291	0.042432	0.042432
1008	23	6	29	1	P90	4	-0.013235	-0.013235	-0.013342	-0.013342
1008	23	6	29	1	P95	4	-0.004597	-0.004597	-0.004732	-0.004732
1008	23	6	29	1	P99	4	0.004116	0.004116	0.003953	0.003953
1008	23	6	29	1	P999	4	0.004116	0.004116	0.003953	0.003953
1009	6	6	12	1	P1	3	-0.034410	-0.034410	-0.005233	-0.005233
1009	6	6	12	1	P50	4	-0.010432	-0.221270	-0.030341	-0.226419
1009	6	6	12	1	P75	4	0.041163	0.026153	-0.004732	-0.013342
1009	6	6	12	1	P90	4	0.056392	0.056392	0.003953	0.003953
1009	6	6	12	1	P95	5	0.005991	0.005991	0.042344	0.042344
1009	6	6	12	1	P99	5	0.005991	0.005991	0.042344	0.042344
1009	6	6	12	1	P999	5	0.005991	0.005991	0.042344	0.042344
1010	6	16	22	1	P1	1	-0.013232	-0.013232	0.002719	0.002719
1010	6	16	22	1	P50	1	0.016716	0.013956	0.033120	0.030319
1010	6	16	22	1	P75	3	-0.005689	-0.005689	0.009278	0.009278
1010	6	16	22	1	P90	4	0.011090	0.011090	-0.017620	-0.017620
1010	6	16	22	1	P95	4	0.022143	0.022143	-0.006892	-0.006892
1010	6	16	22	1	P99	4	0.033316	0.033316	0.003953	0.003953
1010	6	16	22	1	P999	4	0.033316	0.033316	0.003953	0.003953
1011	4	4	8	1	P1	12	0.012013	0.012013	0.013268	0.013268
1011	4	4	8	1	P50	54	-0.011871	-0.726438	0.007988	-0.737850
1011	4	4	8	1	P75	56	0.017139	-0.026192	0.015147	-0.006667
1011	4	4	8	1	P90	58	0.025764	0.025764	0.023663	0.023663
1011	4	4	8	1	P95	58	0.025764	0.025764	0.023663	0.023663
1011	4	4	8	1	P99	58	0.025764	0.025764	0.023663	0.023663
1011	4	4	8	1	P999	58	0.025764	0.025764	0.023663	0.023663
1012	4	5	9	1	P1	1	0.010473	0.010473	0.014587	0.014587
1012	4	5	9	1	P50	3	-0.013172	-0.013172	0.031442	0.031442
1012	4	5	9	1	P75	4	-0.017526	-0.017526	-0.017620	-0.017620
1012	4	5	9	1	P90	4	0.004116	0.004116	0.003953	0.003953
1012	4	5	9	1	P95	4	0.004116	0.004116	0.003953	0.003953
1012	4	5	9	1	P99	4	0.004116	0.004116	0.003953	0.003953
1012	4	5	9	1	P999	4	0.004116	0.004116	0.003953	0.003953
1013	2	5	7	1	P1	1	0.017839	0.017839	0.021960	0.021960
1013	2	5	7	1	P50	4	-0.028171	-0.028171	-0.028232	-0.028232
1013	2	5	7	1	P75	4	-0.006764	-0.006764	-0.006892	-0.006892
1013	2	5	7	1	P90	4	0.004116	0.004116	0.003953	0.003953
1013	2	5	7	1	P95	4	0.004116	0.004116	0.003953	0.003953
1013	2	5	7	1	P99	4	0.004116	0.004116	0.003953	0.003953
1013	2	5	7	1	P999	4	0.004116	0.004116	0.003953	0.003953
1014	26	4	30	1	P1	1	-0.006882	-0.006882	0.001672	0.001672
1014	26	4	30	1	P50	1	0.018383	0.016679	0.027096	0.025381
1014	26	4	30	1	P75	1	0.030392	0.030392	0.039180	0.039180
1014	26	4	30	1	P90	11	-0.011459	-0.032749	0.035645	0.013391
1014	26	4	30	1	P95	12	-0.011382	-0.011382	0.035520	0.035520
1014	26	4	30	1	P99	14	0.008617	0.008617	0.011149	0.011149
1014	26	4	30	1	P999	14	0.008617	0.008617	0.011149	0.011149
1015	4	4	8	1	P1	1	-0.003359	-0.003359	0.014587	0.014587
1015	4	4	8	1	P50	55	-0.011003	-0.962602	0.004097	-0.963565
1015	4	4	8	1	P75	56	-0.000099	-0.014485	0.015147	0.000552
1015	4	4	8	1	P90	60	0.018017	0.018017	0.033479	0.033479
1015	4	4	8	1	P95	60	0.018017	0.018017	0.033479	0.033479
1015	4	4	8	1	P99	60	0.018017	0.018017	0.033479	0.033479
1015	4	4	8	1	P999	60	0.018017	0.018017	0.033479	0.033479
1016	5	11	16	1	P1	1	-0.000146	-0.000146	0.003957	0.003957
1016	5	11	16	1	P50	1	0.032050	0.027969	0.036185	0.032101
1016	5	11	16	1	P75	4	-0.021798	-0.030287	-0.021878	-0.030341
1016	5	11	16	1	P90	4	-0.004597	-0.004597	-0.004732	-0.004732
1016	5	11	16	1	P95	4	0.004116	0.004116	0.003953	0.003953
1016	5	11	16	1	P99	4	0.004116	0.004116	0.003953	0.003953
1016	5	11	16	1	P999	4	0.004116	0.004116	0.003953	0.003953
1017	3	3	6	1	P1	13	0.020379	0.020379	0.020230	0.020230
1017	3	3	6	1	P50	55	-0.006069	-0.584199	0.033604	-0.584924
1017	3	3	6	1	P75	59	0.010913	0.010913	0.006313	0.006313
1017	3	3	6	1	P90	62	0.004841	0.004841	0.000141	0.000141
1017	3	3	6	1	P95	62	0.004841	0.004841	0.000141	0.000141
1017	3	3	6	1	P99	62	0.004841	0.004841	0.000141	0.000141
1017	3	3	6	1	P999	62	0.004841	0.004841	0.000141	0.000141
1018	3	5	8	1	P1	1	0.037775	0.037775	0.044403	0.044403
1018	3	5	8	1	P50	4	-0.030062	-0.261386	-0.028232	-0.226419
1018	3	5	8	1	P75	4	-0.008689	-0.019434	-0.006892	-0.017620
1018	3	5	8	1	P90	4	0.002174	0.002174	0.003953	0.003953
1018	3	5	8	1	P95	4	0.002174	0.002174	0.003953	0.003953
1018	3	5	8	1	P99	4	0.002174	0.002174	0.003953	0.003953
1018	3	5	8	1	P999	4	0.002174	0.002174	0.003953	0.003953
1019	5	5	10	0	P1	3	0.000000	0.000000	0.009278	0.009278
1019	5	5	10	0	P50	4	0.016569	0.011063	-0.017620	-0.022940
1019	5	5	10	0	P75	4	0.027670	0.027670	-0.006892	-0.006892
1019	5	5	10	0	P90	4	0.038893	0.033266	0.003953	-0.001484
1019	5	5	10	0	P95	4	0.038893	0.038893	0.003953	0.003953
1019	5	5	10	0	P99	4	0.038893	0.038893	0.003953	0.003953
1019	5	5	10	0	P999	4	0.038893	0.038893	0.003953	0.003953
1020	6	5	11	1	P1	1	0.003160	0.003160	0.007267	0.007267
1020	6	5	11	1	P50	1	0.040260	0.040260	0.044403	0.044403
1020	6	5	11	1	P75	4	-0.024636	-0.024636	-0.024707	-0.024707
1020	6	5	11	1	P90	4	-0.010364	-0.010364	-0.010481	-0.010481
1020	6	5	11	1	P95	4	0.004116	0.004116	0.003953	0.003953
1020	6	5	11	1	P99	4	0.004116	0.004116	0.003953	0.003953
1020	6	5	11	1	P999	4	0.004116	0.004116	0.003953	0.003953
1021	5	657	662	1	P1	1	-0.015450	-0.015450	0.000467	0.000467
1021	5	657	662	1	P50	1	0.006158	0.006091	0.022404	0.022335
1021	5	657	662	1	P75	1	0.017310	0.017310	0.033724	0.033724
1021	5	657	662	1	P90	1	0.024060	0.024060	0.040576	0.040576
1021	5	657	662	1	P95	1	0.026320	0.026320	0.042870	0.042870
1021	5	657	662	1	P99	2	0.023127	0.023127	-0.005254	-0.005254
1021	5	657	662	1	P999	4	0.033316	0.033316	0.003953	0.003953
1022	4	4	8	1	P1	11	0.008449	0.008449	0.013391	0.013391
1022	4	4	8	1	P50	55	-0.000104	-0.720582	0.004097	-0.719252
1022	4	4	8	1	P75	56	0.010913	-0.003628	0.015147	0.000552
1022	4	4	8	1	P90	58	0.019412	0.019412	0.023663	0.023663
1022	4	4	8	1	P95	58	0.019412	0.019412	0.023663	0.023663
1022	4	4	8	1	P99	58	0.019412	0.019412	0.023663	0.023663
1022	4	4	8	1	P999	58	0.019412	0.019412	0.023663	0.023663
1023	4	5	9	1	P1	1	0.005722	0.005722	0.021960	0.021960
1023	4	5	9	1	P50	3	-0.005689	-0.005689	0.009278	0.009278
1023	4	5	9	1	P75	4	0.003788	0.003788	-0.024707	-0.024707
1023	4	5	9	1	P90	4	0.033316	0.033316	0.003953	0.003953
1023	4	5	9	1	P95	4	0.033316	0.033316	0.003953	0.003953
1023	4	5	9	1	P99	4	0.033316	0.033316	0.003953	0.003953
1023	4	5	9	1	P999	4	0.033316	0.033316	0.003953	0.003953
1024	5	7	12	1	P1	1	0.002120	0.002120	0.006226	0.006226
1024	5	7	12	1	P50	1	0.040260	0.033804	0.044403	0.037941
1024	5	7	12	1	P75	4	-0.024636	-0.259879	-0.024707	-0.226419
1024	5	7	12	1	P90	4	-0.010364	-0.010364	-0.010481	-0.010481
1024	5	7	12	1	P95	4	0.004116	0.004116	0.003953	0.003953
1024	5	7	12	1	P99	4	0.004116	0.004116	0.003953	0.003953
1024	5	7	12	1	P999	4	0.004116	0.004116	0.003953	0.003953
1025	5	5	10	0	P1	3	0.005304	0.005304	0.031442	0.031442
1025	5	5	10	0	P50	4	0.009353	0.003108	-0.008431	-0.014566
1025	5	5	10	0	P75	4	0.021960	0.021960	0.003953	0.003953
1025	5	5	10	0	P90	5	0.015930	-0.005901	0.042344	0.019946
1025	5	5	10	0	P95	5	0.015930	0.015930	0.042344	0.042344
1025	5	5	10	0	P99	5	0.015930	0.015930	0.042344	0.042344
1025	5	5	10	0	P999	5	0.015930	0.015930	0.042344	0.042344
1026	31	5	36	1	P1	1	-0.016632	-0.016632	0.001449	0.001449
1026	31	5	36	1	P50	1	0.009354	0.007893	0.027897	0.026410
1026	31	5	36	1	P75	1	0.022604	0.021123	0.041382	0.039875
1026	31	5	36	1	P90	12	-0.003509	-0.003509	0.013268	0.013268
1026	31	5	36	1	P95	12	0.018388	0.018388	0.035520	0.035520
1026	31	5	36	1	P99	16	0.035454	0.035454	0.007923	0.007923
1026	31	5	36	1	P999	16	0.035454	0.035454	0.007923	0.007923
1027	5	5	10	1	P1	1	-0.000336	-0.000336	0.010920	0.010920
1027	5	5	10	1	P50	55	-0.005568	-0.962320	0.000468	-0.963565
1027	5	5	10	1	P75	56	-0.006173	-0.006173	0.004181	0.004181
1027	5	5	10	1	P90	57	-0.006461	-0.015072	0.041622	-0.002663
1027	5	5	10	1	P95	57	-0.006461	-0.006461	0.041622	0.041622
1027	5	5	10	1	P99	57	-0.006461	-0.006461	0.041622	0.041622
1027	5	5	10	1	P999	57	-0.006461	-0.006461	0.041622	0.041622
1028	5	4	9	1	P1	1	0.006810	0.006810	0.010920	0.010920
1028	5	4	9	1	P50	3	-0.034441	-0.034441	0.009278	0.009278
1028	5	4	9	1	P75	4	-0.024636	-0.024636	-0.024707	-0.024707
1028	5	4	9	1	P90	4	0.004116	0.004116	0.003953	0.003953
1028	5	4	9	1	P95	4	0.004116	0.004116	0.003953	0.003953
1028	5	4	9	1	P99	4	0.004116	0.004116	0.003953	0.003953
1028	5	4	9	1	P999	4	0.004116	0.004116	0.003953	0.003953
1029	5	44	49	1	P1	1	-0.003113	-0.003113	0.000988	0.000988
1029	5	44	49	1	P50	1	0.020867	0.020867	0.024992	0.024992
1029	5	44	49	1	P75	1	0.033073	0.033073	0.037209	0.037209
1029	5	44	49	1	P90	3	-0.013172	-0.013172	0.031442	0.031442
1029	5	44	49	1	P95	4	-0.017526	-0.017526	-0.017620	-0.017620
1029	5	44	49	1	P99	4	0.004116	0.004116	0.003953	0.003953
1029	5	44	49	1	P999	4	0.004116	0.004116	0.003953	0.003953
1030	6	6	12	1	P1	1	-0.007326	-0.007326	0.010920	0.010920
1030	6	6	12	1	P50	11	0.018458	-0.813085	0.035645	-0.817823
1030	6	6	12	1	P75	12	0.018388	0.003737	0.035520	0.020632
1030	6	6	12	1	P90	13	0.003391	0.003391	0.020230	0.020230
1030	6	6	12	1	P95	13	0.025440	0.025440	0.042635	0.042635
1030	6	6	12	1	P99	13	0.025440	0.025440	0.042635	0.042635
1030	6	6	12	1	P999	13	0.025440	0.025440	0.042635	0.042635
1031	6	6	12	1	P1	1	-0.008212	-0.008212	0.007267	0.007267
1031	6	6	12	1	P50	52	-0.000251	-0.980223	0.002254	-0.979915
1031	6	6	12	1	P75	54	-0.011826	-0.020384	-0.002901	-0.013672
1031	6	6	12	1	P90	54	-0.003193	-0.003193	0.007988	0.007988
1031	6	6	12	1	P95	55	0.022188	0.022188	0.033604	0.033604
1031	6	6	12	1	P99	55	0.022188	0.022188	0.033604	0.033604
1031	6	6	12	1	P999	55	0.022188	0.022188	0.033604	0.033604
1032	5	5	10	1	P1	3	-0.008529	-0.008529	-0.003791	-0.003791
1032	5	5	10	1	P50	4	-0.023805	-0.223301	-0.030341	-0.226419
1032	5	5	10	1	P75	4	-0.002318	-0.002318	-0.013342	-0.013342
1032	5	5	10	1	P90	4	0.053492	0.008602	0.003953	-0.004732
1032	5	5	10	1	P95	4	0.053492	0.053492	0.003953	0.003953
1032	5	5	10	1	P99	4	0.053492	0.053492	0.003953	0.003953
1032	5	5	10	1	P999	4	0.053492	0.053492	0.003953	0.003953
1033	34	9	43	1	P1	1	-0.007048	-0.007048	0.001279	0.001279
1033	34	9	43	1	P50	1	0.020021	0.020021	0.028510	0.028510
1033	34	9	43	1	P75	1	0.034493	0.034493	0.043069	0.043069
1033	34	9	43	1	P90	13	-0.021262	-0.021262	0.024672	0.024672
1033	34	9	43	1	P95	13	-0.004065	-0.004065	0.042635	0.042635
1033	34	9	43	1	P99	19	0.008389	0.008389	0.009870	0.009870
1033	34	9	43	1	P999	19	0.008389	0.008389	0.009870	0.009870
1034	9	9	18	1	P1	1	-0.003446	-0.003446	0.010920	0.010920
1034	9	9	18	1	P50	52	-0.006953	-0.960286	0.002254	-0.961463
1034	9	9	18	1	P75	56	0.005935	0.005935	0.015147	0.015147
1034	9	9	18	1	P90	58	0.003458	0.003458	0.012605	0.012605
1034	9	9	18	1	P95	58	0.014430	0.014430	0.023663	0.023663
1034	9	9	18	1	P99	58	0.014430	0.014430	0.023663	0.023663
1034	9	9	18	1	P999	58	0.014430	0.014430	0.023663	0.023663
1035	5	46	51	1	P1	1	-0.003113	-0.003113	0.000988	0.000988
1035	5	46	51	1	P50	1	0.021879	0.021879	0.026004	0.026004
1035	5	46	51	1	P75	1	0.035121	0.035121	0.039259	0.039259
1035	5	46	51	1	P90	2	0.044542	0.044542	0.001975	0.001975
1035	5	46	51	1	P95	4	-0.024636	-0.024636	-0.024707	-0.024707
1035	5	46	51	1	P99	4	0.004116	0.004116	0.003953	0.003953
1035	5	46	51	1	P999	4	0.004116	0.004116	0.003953	0.003953
1036	3	11	14	1	P1	1	-0.010953	-0.010953	0.008727	0.008727
1036	3	11	14	1	P50	2	0.004563	-0.002690	-0.019556	-0.026629
1036	3	11	14	1	P75	2	0.026641	0.026641	0.001975	0.001975
1036	3	11	14	1	P90	13	0.024396	0.024396	0.042635	0.042635
1036	3	11	14	1	P95	14	0.037645	0.037645	0.011149	0.011149
1036	3	11	14	1	P99	14	0.037645	0.037645	0.011149	0.011149
1036	3	11	14	1	P999	14	0.037645	0.037645	0.011149	0.011149
1037	3	3	6	1	P1	1	0.005969	0.005969	0.014587	0.014587
1037	3	3	6	1	P50	54	-0.013122	-0.980822	0.007988	-0.980659
1037	3	3	6	1	P75	55	-0.009738	-0.009738	0.011394	0.011394
1037	3	3	6	1	P90	56	0.015865	0.015865	0.015147	0.015147
1037	3	3	6	1	P95	56	0.015865	0.015865	0.015147	0.015147
1037	3	3	6	1	P99	56	0.015865	0.015865	0.015147	0.015147
1037	3	3	6	1	P999	56	0.015865	0.015865	0.015147	0.015147
1038	5	21	26	1	P1	1	-0.002031	-0.002031	0.002071	0.002071
1038	5	21	26	1	P50	1	0.025258	0.023133	0.029387	0.027259
1038	5	21	26	1	P75	1	0.038103	0.038103	0.042244	0.042244
1038	5	21	26	1	P90	4	-0.017526	-0.017526	-0.017620	-0.017620
1038	5	21	26	1	P95	4	-0.006764	-0.006764	-0.006892	-0.006892
1038	5	21	26	1	P99	4	0.004116	0.004116	0.003953	0.003953
1038	5	21	26	1	P999	4	0.004116	0.004116	0.003953	0.003953
1039	6	6	12	1	P1	10	0.016559	0.016559	0.044403	0.044403
1039	6	6	12	1	P50	52	0.020645	-0.723157	0.002254	-0.727767
1039	6	6	12	1	P75	57	-0.006117	-0.027497	0.019239	-0.045064
1039	6	6	12	1	P90	57	0.015732	0.015732	0.041622	0.041622
1039	6	6	12	1	P95	61	0.035381	0.035381	0.016537	0.016537
1039	6	6	12	1	P99	61	0.035381	0.035381	0.016537	0.016537
1039	6	6	12	1	P999	61	0.035381	0.035381	0.016537	0.016537
1040	6	5	11	1	P1	1	0.006810	0.006810	0.010920	0.010920
1040	6	5	11	1	P50	2	0.044542	0.044542	0.001975	0.001975
1040	6	5	11	1	P75	4	-0.024636	-0.024636	-0.024707	-0.024707
1040	6	5	11	1	P90	4	-0.010364	-0.010364	-0.010481	-0.010481
1040	6	5	11	1	P95	4	0.004116	0.004116	0.003953	0.003953
1040	6	5	11	1	P99	4	0.004116	0.004116	0.003953	0.003953
1040	6	5	11	1	P999	4	0.004116	0.004116	0.003953	0.003953
1041	5	25	30	1	P1	1	-0.014197	-0.014197	0.001739	0.001739
1041	5	25	30	1	P50	1	0.011864	0.010105	0.028195	0.026410
1041	5	25	30	1	P75	1	0.024260	0.024260	0.040779	0.040779
1041	5	25	30	1	P90	4	0.018445	0.003788	-0.010481	-0.024707
1041	5	25	30	1	P95	4	0.033316	0.033316	0.003953	0.003953
1041	5	25	30	1	P99	5	0.027439	0.027439	0.042344	0.042344
1041	5	25	30	1	P999	5	0.027439	0.027439	0.042344	0.042344
1042	4	4	8	1	P1	12	-0.017404	-0.017404	0.005958	0.005958
1042	4	4	8	1	P50	53	-0.015963	-0.727430	-0.002312	-0.732904
1042	4	4	8	1	P75	54	0.008772	-0.012941	0.007988	-0.006504
1042	4	4	8	1	P90	55	0.012217	0.012217	0.033604	0.033604
1042	4	4	8	1	P95	55	0.012217	0.012217	0.033604	0.033604
1042	4	4	8	1	P99	55	0.012217	0.012217	0.033604	0.033604
1042	4	4	8	1	P999	55	0.012217	0.012217	0.033604	0.033604
1043	4	7	11	1	P1	1	0.006810	0.006810	0.010920	0.010920
1043	4	7	11	1	P50	3	-0.027403	-0.027403	0.016613	0.016613
1043	4	7	11	1	P75	4	-0.017526	-0.017526	-0.017620	-0.017620
1043	4	7	11	1	P90	4	-0.006764	-0.006764	-0.006892	-0.006892
1043	4	7	11	1	P95	4	0.004116	0.004116	0.003953	0.003953
1043	4	7	11	1	P99	4	0.004116	0.004116	0.003953	0.003953
1043	4	7	11	1	P999	4	0.004116	0.004116	0.003953	0.003953
1044	7	2	9	1	P1	1	-0.011939	-0.011939	0.006226	0.006226
1044	7	2	9	1	P50	1	0.012913	0.012913	0.031519	0.031519
1044	7	2	9	1	P75	1	0.025572	0.025572	0.044403	0.044403
1044	7	2	9	1	P90	13	0.025440	0.025440	0.042635	0.042635
1044	7	2	9	1	P95	13	0.025440	0.025440	0.042635	0.042635
1044	7	2	9	1	P99	13	0.025440	0.025440	0.042635	0.042635
1044	7	2	9	1	P999	13	0.025440	0.025440	0.042635	0.042635
1045	2	2	4	1	P1	1	0.007451	0.007451	0.021960	0.021960
1045	2	2	4	1	P50	55	0.024224	-0.981280	0.033604	-0.981011
1045	2	2	4	1	P75	58	0.014430	-0.028753	0.023663	-0.019858
1045	2	2	4	1	P90	58	0.014430	0.014430	0.023663	0.023663
1045	2	2	4	1	P95	58	0.014430	0.014430	0.023663	0.023663
1045	2	2	4	1	P99	58	0.014430	0.014430	0.023663	0.023663
1045	2	2	4	1	P999	58	0.014430	0.014430	0.023663	0.023663
1046	7	4	11	1	P1	1	0.006810	0.006810	0.010920	0.010920
1046	7	4	11	1	P50	4	-0.026658	-0.026658	-0.026723	-0.026723
1046	7	4	11	1	P75	4	-0.008308	-0.008308	-0.008431	-0.008431
1046	7	4	11	1	P90	4	-0.002115	-0.002115	-0.002258	-0.002258
1046	7	4	11	1	P95	4	0.004116	0.004116	0.003953	0.003953
1046	7	4	11	1	P99	4	0.004116	0.004116	0.003953	0.003953
1046	7	4	11	1	P999	4	0.004116	0.004116	0.003953	0.003953
1047	6	7	13	1	P1	3	-0.029882	-0.029882	-0.003791	-0.003791
1047	6	7	13	1	P50	4	-0.013120	-0.013120	-0.026723	-0.026723
1047	6	7	13	1	P75	4	0.023349	0.023349	-0.008431	-0.008431
1047	6	7	13	1	P90	4	0.053492	0.053492	0.003953	0.003953
1047	6	7	13	1	P95	5	0.047797	0.047797	0.042344	0.042344
1047	6	7	13	1	P99	5	0.047797	0.047797	0.042344	0.042344
1047	6	7	13	1	P999	5	0.047797	0.047797	0.042344	0.042344
1048	3	8	11	1	P1	1	0.004064	0.004064	0.006226	0.006226
1048	3	8	11	1	P50	1	0.035821	0.035821	0.037941	0.037941
1048	3	8	11	1	P75	2	-0.019434	-0.019434	-0.019556	-0.019556
1048	3	8	11	1	P90	2	-0.008689	-0.008689	-0.008849	-0.008849
1048	3	8	11	1	P95	2	0.002174	0.002174	0.001975	0.001975
1048	3	8	11	1	P99	2	0.002174	0.002174	0.001975	0.001975
1048	3	8	11	1	P999	2	0.002174	0.002174	0.001975	0.001975
1049	7	8	15	0	P1	3	-0.023396	-0.023396	0.001996	0.001996
1049	7	8	15	0	P50	4	-0.003614	-0.003614	-0.021170	-0.021170
1049	7	8	15	0	P75	4	0.010920	0.010920	-0.006892	-0.006892
1049	7	8	15	0	P90	4	0.018267	0.018267	0.000325	0.000325
1049	7	8	15	0	P95	4	0.021960	0.021960	0.003953	0.003953
1049	7	8	15	0	P99	4	0.021960	0.021960	0.003953	0.003953
1049	7	8	15	0	P999	4	0.021960	0.021960	0.003953	0.003953
1050	11	8	19	1	P1	1	-0.012012	-0.012012	0.003957	0.003957
1050	11	8	19	1	P50	1	0.023774	0.023774	0.040286	0.040286
1050	11	8	19	1	P75	4	0.007954	0.007954	-0.020664	-0.020664
1050	11	8	19	1	P90	4	0.026916	0.026916	-0.002258	-0.002258
1050	11	8	19	1	P95	4	0.033316	0.033316	0.003953	0.003953
1050	11	8	19	1	P99	4	0.033316	0.033316	0.003953	0.003953
1050	11	8	19	1	P999	4	0.033316	0.033316	0.003953	0.003953
1051	7	65	72	1	P1	1	-0.015220	-0.015220	0.000701	0.000701
1051	7	65	72	1	P50	1	0.009963	0.009255	0.026266	0.025547
1051	7	65	72	1	P75	1	0.022795	0.022078	0.039292	0.038564
1051	7	65	72	1	P90	2	0.030569	0.030569	0.001975	0.001975
1051	7	65	72	1	P95	3	0.016168	0.016168	0.031442	0.031442
1051	7	65	72	1	P99	4	0.033316	0.033316	0.003953	0.003953
1051	7	65	72	1	P999	4	0.033316	0.033316	0.003953	0.003953
1052	9	18	27	1	P1	1	-0.014768	-0.014768	0.004839	0.004839
1052	9	18	27	1	P50	2	0.006993	0.006993	-0.017187	-0.017187
1052	9	18	27	1	P75	11	0.017389	0.017389	0.035645	0.035645
1052	9	18	27	1	P90	13	0.024396	0.024396	0.042635	0.042635
1052	9	18	27	1	P95	14	0.037645	0.037645	0.011149	0.011149
1052	9	18	27	1	P99	21	0.023065	0.023065	0.040886	0.040886
1052	9	18	27	1	P999	21	0.023065	0.023065	0.040886	0.040886
1053	4	4	8	1	P1	1	0.004495	0.004495	0.010920	0.010920
1053	4	4	8	1	P50	52	0.006426	-0.980041	0.002254	-0.979915
1053	4	4	8	1	P75	55	-0.020432	-0.034553	0.011394	-0.010339
1053	4	4	8	1	P90	55	-0.006104	-0.006104	0.033604	0.033604
1053	4	4	8	1	P95	55	-0.006104	-0.006104	0.033604	0.033604
1053	4	4	8	1	P99	55	-0.006104	-0.006104	0.033604	0.033604
1053	4	4	8	1	P999	55	-0.006104	-0.006104	0.033604	0.033604
1054	2	8	10	1	P1	3	-0.008529	-0.008529	0.009278	0.009278
1054	2	8	10	1	P50	4	0.030803	0.023349	-0.014566	-0.020664
1054	2	8	10	1	P75	4	0.045874	0.045874	-0.002258	-0.002258
1054	2	8	10	1	P90	5	0.047797	-0.157207	0.042344	-0.196837
1054	2	8	10	1	P95	5	0.047797	0.047797	0.042344	0.042344
1054	2	8	10	1	P99	5	0.047797	0.047797	0.042344	0.042344
1054	2	8	10	1	P999	5	0.047797	0.047797	0.042344	0.042344
1055	8	5	13	1	P1	3	-0.036897	-0.036897	-0.006261	-0.006261
1055	8	5	13	1	P50	3	0.035598	0.035598	0.031442	0.031442
1055	8	5	13	1	P75	4	0.019642	0.019642	-0.017620	-0.017620
1055	8	5	13	1	P90	4	0.042085	0.042085	-0.003290	-0.003290
1055	8	5	13	1	P95	4	0.053492	0.053492	0.003953	0.003953
1055	8	5	13	1	P99	4	0.053492	0.053492	0.003953	0.003953
1055	8	5	13	1	P999	4	0.053492	0.053492	0.003953	0.003953
1056	5	5	10	1	P1	3	0.005967	0.005967	0.001996	0.001996
1056	5	5	10	1	P50	4	-0.002318	-0.013120	-0.017620	-0.024707
1056	5	5	10	1	P75	4	0.030803	0.030803	-0.003290	-0.003290
1056	5	5	10	1	P90	5	0.003150	-0.157207	0.042344	-0.196837
1056	5	5	10	1	P95	5	0.003150	0.003150	0.042344	0.042344
1056	5	5	10	1	P99	5	0.003150	0.003150	0.042344	0.042344
1056	5	5	10	1	P999	5	0.003150	0.003150	0.042344	0.042344
1057	5	3	8	1	P1	1	-0.001541	-0.001541	0.014587	0.014587
1057	5	3	8	1	P50	3	0.016168	-0.005689	0.031442	0.009278
1057	5	3	8	1	P75	4	0.018445	0.003788	-0.010481	-0.024707
1057	5	3	8	1	P90	4	0.033316	0.033316	0.003953	0.003953
1057	5	3	8	1	P95	4	0.033316	0.033316	0.003953	0.003953
1057	5	3	8	1	P99	4	0.033316	0.033316	0.003953	0.003953
1057	5	3	8	1	P999	4	0.033316	0.033316	0.003953	0.003953
1058	2	5	7	1	P1	1	0.040260	0.040260	0.044403	0.044403
1058	2	5	7	1	P50	4	-0.021798	-0.021798	-0.021878	-0.021878
1058	2	5	7	1	P75	4	-0.004597	-0.004597	-0.004732	-0.004732
1058	2	5	7	1	P90	4	0.004116	0.004116	0.003953	0.003953
1058	2	5	7	1	P95	4	0.004116	0.004116	0.003953	0.003953
1058	2	5	7	1	P99	4	0.004116	0.004116	0.003953	0.003953
1058	2	5	7	1	P999	4	0.004116	0.004116	0.003953	0.003953
1059	5	4	9	1	P1	3	-0.008529	-0.008529	-0.001625	-0.001625
1059	5	4	9	1	P50	4	-0.020256	-0.020256	-0.030341	-0.030341
1059	5	4	9	1	P75	4	0.008602	0.008602	-0.013342	-0.013342
1059	5	4	9	1	P90	4	0.053492	0.053492	0.003953	0.003953
1059	5	4	9	1	P95	4	0.053492	0.053492	0.003953	0.003953
1059	5	4	9	1	P99	4	0.053492	0.053492	0.003953	0.003953
1059	5	4	9	1	P999	4	0.053492	0.053492	0.003953	0.003953
1060	4	4	8	0	P1	4	-0.016160	-0.016160	-0.033495	-0.033495
1060	4	4	8	0	P50	4	0.005445	0.000000	-0.012270	-0.017620
1060	4	4	8	0	P75	4	0.016425	0.010920	-0.001484	-0.006892
1060	4	4	8	0	P90	4	0.021960	0.021960	0.003953	0.003953
1060	4	4	8	0	P95	4	0.021960	0.021960	0.003953	0.003953
1060	4	4	8	0	P99	4	0.021960	0.021960	0.003953	0.003953
1060	4	4	8	0	P999	4	0.021960	0.021960	0.003953	0.003953
1061	2	4	6	0	P1	3	0.000000	0.000000	0.009278	0.009278
1061	2	4	6	0	P50	4	0.016569	0.005587	-0.017620	-0.028232
1061	2	4	6	0	P75	4	0.027670	0.027670	-0.006892	-0.006892
1061	2	4	6	0	P90	4	0.038893	0.038893	0.003953	0.003953
1061	2	4	6	0	P95	4	0.038893	0.038893	0.003953	0.003953
1061	2	4	6	0	P99	4	0.038893	0.038893	0.003953	0.003953
1061	2	4	6	0	P999	4	0.038893	0.038893	0.003953	0.003953
1062	4	4	8	1	P1	3	-0.008529	-0.008529	-0.001625	-0.001625
1062	4	4	8	1	P50	4	-0.013120	-0.223301	-0.024707	-0.226419
1062	4	4	8	1	P75	4	0.053492	0.008602	0.003953	-0.010481
1062	4	4	8	1	P90	5	0.003150	0.003150	0.042344	0.042344
1062	4	4	8	1	P95	5	0.003150	0.003150	0.042344	0.042344
1062	4	4	8	1	P99	5	0.003150	0.003150	0.042344	0.042344
1062	4	4	8	1	P999	5	0.003150	0.003150	0.042344	0.042344
1063	4	4	8	0	P1	3	-0.023396	-0.023396	0.001996	0.001996
1063	4	4	8	0	P50	4	0.000000	-0.010802	-0.017620	-0.028232
1063	4	4	8	0	P75	4	0.021960	0.010920	0.003953	-0.006892
1063	4	4	8	0	P90	5	0.015930	0.015930	0.042344	0.042344
1063	4	4	8	0	P95	5	0.015930	0.015930	0.042344	0.042344
1063	4	4	8	0	P99	5	0.015930	0.015930	0.042344	0.042344
1063	4	4	8	0	P999	5	0.015930	0.015930	0.042344	0.042344
1064	4	4	8	0	P1	4	-0.016160	-0.016160	-0.033495	-0.033495
1064	4	4	8	0	P50	4	0.005445	0.000000	-0.012270	-0.017620
1064	4	4	8	0	P75	4	0.016425	0.010920	-0.001484	-0.006892
1064	4	4	8	0	P90	4	0.021960	0.021960	0.003953	0.003953
1064	4	4	8	0	P95	4	0.021960	0.021960	0.003953	0.003953
1064	4	4	8	0	P99	4	0.021960	0.021960	0.003953	0.003953
1064	4	4	8	0	P999	4	0.021960	0.021960	0.003953	0.003953
1065	4	4	8	1	P1	3	-0.008529	-0.008529	-0.001625	-0.001625
1065	4	4	8	1	P50	4	-0.020256	-0.223301	-0.028232	-0.226419
1065	4	4	8	1	P75	4	0.008602	-0.005932	-0.006892	-0.017620
1065	4	4	8	1	P90	4	0.053492	0.053492	0.003953	0.003953
1065	4	4	8	1	P95	4	0.053492	0.053492	0.003953	0.003953
1065	4	4	8	1	P99	4	0.053492	0.053492	0.003953	0.003953
1065	4	4	8	1	P999	4	0.053492	0.053492	0.003953	0.003953
1066	4	4	8	1	P1	3	-0.029882	-0.029882	-0.001625	-0.001625
1066	4	4	8	1	P50	4	-0.013120	-0.223301	-0.028232	-0.226419
1066	4	4	8	1	P75	4	0.030803	0.008602	-0.006892	-0.017620
1066	4	4	8	1	P90	4	0.053492	0.053492	0.003953	0.003953
1066	4	4	8	1	P95	4	0.053492	0.053492	0.003953	0.003953
1066	4	4	8	1	P99	4	0.053492	0.053492	0.003953	0.003953
1066	4	4	8	1	P999	4	0.053492	0.053492	0.003953	0.003953
1067	2	2	4	1	P1	3	0.006376	0.006376	0.009278	0.009278
1067	2	2	4	1	P50	51	0.022174	-0.939500	0.021906	-0.939327
1067	2	2	4	1	P75	56	0.015510	-0.069092	0.015147	-0.069336
1067	2	2	4	1	P90	56	0.015510	0.015510	0.015147	0.015147
1067	2	2	4	1	P95	56	0.015510	0.015510	0.015147	0.015147
1067	2	2	4	1	P99	56	0.015510	0.015510	0.015147	0.015147
1067	2	2	4	1	P999	56	0.015510	0.015510	0.015147	0.015147
1068	3	16	19	1	P1	34	0.052518	0.052518	0.036790	0.036790
1068	3	16	19	1	P50	56	-0.030363	-0.030363	-0.006667	-0.006667
1068	3	16	19	1	P75	60	-0.022806	-0.022806	0.003975	0.003975
1068	3	16	19	1	P90	66	-0.002206	-0.002206	0.024813	0.024813
1068	3	16	19	1	P95	69	-0.003091	-0.003091	0.023782	0.023782
1068	3	16	19	1	P99	69	-0.003091	-0.003091	0.023782	0.023782
1068	3	16	19	1	P999	69	-0.003091	-0.003091	0.023782	0.023782
1069	17	5	22	1	P1	66	0.010321	0.010321	0.024813	0.024813
1069	17	5	22	1	P50	204	-0.001481	-0.015858	0.011196	-0.003343
1069	17	5	22	1	P75	218	-0.001143	-0.001143	0.002689	0.002689
1069	17	5	22	1	P90	224	-0.002188	-0.002188	0.008151	0.008151
1069	17	5	22	1	P95	224	0.006533	0.006533	0.019160	0.019160
1069	17	5	22	1	P99	250	0.027596	0.027596	0.040290	0.040290
1069	17	5	22	1	P999	250	0.027596	0.027596	0.040290	0.040290
1070	10	324	334	1	P1	1	-0.026224	-0.026224	0.001831	0.001831
1070	10	324	334	1	P50	7	0.008831	0.008364	-0.007495	-0.007954
1070	10	324	334	1	P75	8	0.006117	0.006117	-0.010248	-0.010248
1070	10	324	334	1	P90	9	0.018996	0.018996	0.002337	0.002337
1070	10	324	334	1	P95	10	-0.007573	-0.007573	0.019497	0.019497
1070	10	324	334	1	P99	83	0.030938	0.030938	0.012629	0.012629
1070	10	324	334	1	P999	100	0.018195	0.018195	0.044403	0.044403
1071	228	36	264	1	P1	1	-0.017261	-0.017261	0.003627	0.003627
1071	228	36	264	1	P50	12	0.010109	0.009647	0.031266	0.030795
1071	228	36	264	1	P75	13	0.010661	0.010075	0.031820	0.031222
1071	228	36	264	1	P90	15	0.001599	0.001599	0.022552	0.022552
1071	228	36	264	1	P95	31	0.021221	0.021221	0.020090	0.020090
1071	228	36	264	1	P99	62	0.001331	0.001331	0.000141	0.000141
1071	228	36	264	1	P999	608	0.043810	0.043810	0.019880	0.019880
1072	46	43	89	0	P1	1	-0.021010	-0.021010	0.000488	0.000488
1072	46	43	89	0	P50	1	0.000244	0.000244	0.022210	0.022210
1072	46	43	89	0	P75	1	0.011044	0.011044	0.033247	0.033247
1072	46	43	89	0	P90	1	0.017977	0.017977	0.040332	0.040332
1072	46	43	89	0	P95	1	0.019967	0.019967	0.042365	0.042365
1072	46	43	89	0	P99	1	0.021960	0.021960	0.044403	0.044403
1072	46	43	89	0	P999	1	0.021960	0.021960	0.044403	0.044403
1073	21	39	60	0	P1	1	-0.020779	-0.020779	0.000724	0.000724
1073	21	39	60	0	P50	1	0.000724	0.000000	0.022700	0.021960
1073	21	39	60	0	P75	1	0.011653	0.010920	0.033869	0.033120
1073	21	39	60	0	P90	1	0.018267	0.017530	0.040628	0.039875
1073	21	39	60	0	P95	1	0.020481	0.019743	0.042891	0.042136
1073	21	39	60	0	P99	1	0.021960	0.021960	0.044403	0.044403
1073	21	39	60	0	P999	1	0.021960	0.021960	0.044403	0.044403
1074	42	41	83	0	P1	1	-0.020976	-0.020976	0.000524	0.000524
1074	42	41	83	0	P50	1	0.000262	0.000262	0.022228	0.022228
1074	42	41	83	0	P75	1	0.011317	0.011317	0.033526	0.033526
1074	42	41	83	0	P90	1	0.017690	0.017690	0.040038	0.040038
1074	42	41	83	0	P95	1	0.019823	0.019823	0.042218	0.042218
1074	42	41	83	0	P99	1	0.021960	0.021960	0.044403	0.044403
1074	42	41	83	0	P999	1	0.021960	0.021960	0.044403	0.044403
1075	42	50	92	0	P1	1	-0.021026	-0.021026	0.000472	0.000472
1075	42	50	92	0	P50	1	0.000472	0.000000	0.022443	0.021960
1075	42	50	92	0	P75	1	0.011398	0.010920	0.033608	0.033120
1075	42	50	92	0	P90	1	0.017626	0.017626	0.039973	0.039973
1075	42	50	92	0	P95	1	0.020032	0.020032	0.042432	0.042432
1075	42	50	92	0	P99	1	0.021960	0.021960	0.044403	0.044403
1075	42	50	92	0	P999	1	0.021960	0.021960	0.044403	0.044403
1076	40	36	76	0	P1	1	-0.020929	-0.020929	0.000572	0.000572
1076	40	36	76	0	P50	1	0.000572	0.000000	0.022545	0.021960
1076	40	36	76	0	P75	1	0.011499	0.010920	0.033711	0.033120
1076	40	36	76	0	P90	1	0.017879	0.017879	0.040232	0.040232
1076	40	36	76	0	P95	1	0.020209	0.020209	0.042613	0.042613
1076	40	36	76	0	P99	1	0.021960	0.021960	0.044403	0.044403
1076	40	36	76	0	P999	1	0.021960	0.021960	0.044403	0.044403
1077	33	32	65	0	P1	1	-0.020834	-0.020834	0.000669	0.000669
1077	33	32	65	0	P50	1	0.000334	0.000334	0.022302	0.022302
1077	33	32	65	0	P75	1	0.011089	0.011089	0.033293	0.033293
1077	33	32	65	0	P90	1	0.017870	0.017870	0.040223	0.040223
1077	33	32	65	0	P95	1	0.019913	0.019913	0.042310	0.042310
1077	33	32	65	0	P99	1	0.021960	0.021960	0.044403	0.044403
1077	33	32	65	0	P999	1	0.021960	0.021960	0.044403	0.044403
1078	43	35	78	0	P1	1	-0.020943	-0.020943	0.000557	0.000557
1078	43	35	78	0	P50	1	0.000557	0.000000	0.022530	0.021960
1078	43	35	78	0	P75	1	0.011202	0.011202	0.033408	0.033408
1078	43	35	78	0	P90	1	0.017983	0.017983	0.040338	0.040338
1078	43	35	78	0	P95	1	0.020254	0.020254	0.042659	0.042659
1078	43	35	78	0	P99	1	0.021960	0.021960	0.044403	0.044403
1078	43	35	78	0	P999	1	0.021960	0.021960	0.044403	0.044403
1079	48	43	91	0	P1	1	-0.021021	-0.021021	0.000478	0.000478
1079	48	43	91	0	P50	1	0.000239	0.000239	0.022204	0.022204
1079	48	43	91	0	P75	1	0.011282	0.011282	0.033490	0.033490
1079	48	43	91	0	P90	1	0.017578	0.017578	0.039925	0.039925
1079	48	43	91	0	P95	1	0.020010	0.020010	0.042410	0.042410
1079	48	43	91	0	P99	1	0.021960	0.021960	0.044403	0.044403
1079	48	43	91	0	P999	1	0.021960	0.021960	0.044403	0.044403
1080	34	38	72	0	P1	1	-0.020898	-0.020898	0.000604	0.000604
1080	34	38	72	0	P50	1	0.000604	0.000000	0.022577	0.021960
1080	34	38	72	0	P75	1	0.011531	0.010920	0.033744	0.033120
1080	34	38	72	0	P90	1	0.017653	0.017653	0.040000	0.040000
1080	34	38	72	0	P95	1	0.020112	0.020112	0.042514	0.042514
1080	34	38	72	0	P99	1	0.021960	0.021960	0.044403	0.044403
1080	34	38	72	0	P999	1	0.021960	0.021960	0.044403	0.044403
1081	38	38	76	0	P1	1	-0.020929	-0.020929	0.000572	0.000572
1081	38	38	76	0	P50	1	0.000572	0.000000	0.022545	0.021960
1081	38	38	76	0	P75	1	0.011499	0.010920	0.033711	0.033120
1081	38	38	76	0	P90	1	0.017879	0.017879	0.040232	0.040232
1081	38	38	76	0	P95	1	0.020209	0.020209	0.042613	0.042613
1081	38	38	76	0	P99	1	0.021960	0.021960	0.044403	0.044403
1081	38	38	76	0	P999	1	0.021960	0.021960	0.044403	0.044403
1082	34	37	71	0	P1	1	-0.020889	-0.020889	0.000612	0.000612
1082	34	37	71	0	P50	1	0.000306	0.000306	0.022273	0.022273
1082	34	37	71	0	P75	1	0.011384	0.011384	0.033595	0.033595
1082	34	37	71	0	P90	1	0.017592	0.017592	0.039939	0.039939
1082	34	37	71	0	P95	1	0.020086	0.020086	0.042487	0.042487
1082	34	37	71	0	P99	1	0.021960	0.021960	0.044403	0.044403
1082	34	37	71	0	P999	1	0.021960	0.021960	0.044403	0.044403
1083	14	23	37	0	P1	1	-0.020339	-0.020339	0.001175	0.001175
1083	14	23	37	0	P50	1	0.000587	0.000587	0.022560	0.022560
1083	14	23	37	0	P75	1	0.011217	0.011217	0.033424	0.033424
1083	14	23	37	0	P90	1	0.018367	0.018367	0.040730	0.040730
1083	14	23	37	0	P95	1	0.020761	0.020761	0.043177	0.043177
1083	14	23	37	0	P99	1	0.021960	0.021960	0.044403	0.044403
1083	14	23	37	0	P999	1	0.021960	0.021960	0.044403	0.044403
1084	20	16	36	0	P1	1	-0.020307	-0.020307	0.001208	0.001208
1084	20	16	36	0	P50	1	0.001208	0.000000	0.023194	0.021960
1084	20	16	36	0	P75	1	0.012141	0.010920	0.034368	0.033120
1084	20	16	36	0	P90	1	0.018267	0.018267	0.040628	0.040628
1084	20	16	36	0	P95	1	0.020728	0.020728	0.043143	0.043143
1084	20	16	36	0	P99	1	0.021960	0.021960	0.044403	0.044403
1084	20	16	36	0	P999	1	0.021960	0.021960	0.044403	0.044403
1085	2	21	23	0	P1	1	-0.019638	-0.019638	0.001891	0.001891
1085	2	21	23	0	P50	1	0.000945	0.000945	0.022926	0.022926
1085	2	21	23	0	P75	1	0.012354	0.012354	0.034585	0.034585
1085	2	21	23	0	P90	1	0.018107	0.018107	0.040464	0.040464
1085	2	21	23	0	P95	1	0.020032	0.020032	0.042432	0.042432
1085	2	21	23	0	P99	1	0.021960	0.021960	0.044403	0.044403
1085	2	21	23	0	P999	1	0.021960	0.021960	0.044403	0.044403
1086	35	34	69	0	P1	1	-0.020872	-0.020872	0.000630	0.000630
1086	35	34	69	0	P50	1	0.000315	0.000315	0.022282	0.022282
1086	35	34	69	0	P75	1	0.011080	0.011080	0.033283	0.033283
1086	35	34	69	0	P90	1	0.018107	0.018107	0.040464	0.040464
1086	35	34	69	0	P95	1	0.020032	0.020032	0.042432	0.042432
1086	35	34	69	0	P99	1	0.021960	0.021960	0.044403	0.044403
1086	35	34	69	0	P999	1	0.021960	0.021960	0.044403	0.044403
1087	41	24	65	0	P1	1	-0.020834	-0.020834	0.000669	0.000669
1087	41	24	65	0	P50	1	0.000334	0.000334	0.022302	0.022302
1087	41	24	65	0	P75	1	0.011089	0.011089	0.033293	0.033293
1087	41	24	65	0	P90	1	0.017870	0.017870	0.040223	0.040223
1087	41	24	65	0	P95	1	0.019913	0.019913	0.042310	0.042310
1087	41	24	65	0	P99	1	0.021960	0.021960	0.044403	0.044403
1087	41	24	65	0	P999	1	0.021960	0.021960	0.044403	0.044403
1088	31	32	63	0	P1	1	-0.020813	-0.020813	0.000690	0.000690
1088	31	32	63	0	P50	1	0.000345	0.000345	0.022313	0.022313
1088	31	32	63	0	P75	1	0.011443	0.011443	0.033655	0.033655
1088	31	32	63	0	P90	1	0.017740	0.017740	0.040090	0.040090
1088	31	32	63	0	P95	1	0.019848	0.019848	0.042244	0.042244
1088	31	32	63	0	P99	1	0.021960	0.021960	0.044403	0.044403
1088	31	32	63	0	P999	1	0.021960	0.021960	0.044403	0.044403
1089	2	2	4	0	P1	1	-0.010802	-0.010802	0.010920	0.010920
1089	2	2	4	0	P50	1	0.010920	0.000000	0.033120	0.021960
1089	2	2	4	0	P75	1	0.021960	0.010920	0.044403	0.033120
1089	2	2	4	0	P90	1	0.021960	0.021960	0.044403	0.044403
1089	2	2	4	0	P95	1	0.021960	0.021960	0.044403	0.044403
1089	2	2	4	0	P99	1	0.021960	0.021960	0.044403	0.044403
1089	2	2	4	0	P999	1	0.021960	0.021960	0.044403	0.044403
1090	2	2	4	0	P1	1	-0.010802	-0.010802	0.010920	0.010920
1090	2	2	4	0	P50	1	0.010920	0.000000	0.033120	0.021960
1090	2	2	4	0	P75	1	0.021960	0.010920	0.044403	0.033120
1090	2	2	4	0	P90	1	0.021960	0.021960	0.044403	0.044403
1090	2	2	4	0	P95	1	0.021960	0.021960	0.044403	0.044403
1090	2	2	4	0	P99	1	0.021960	0.021960	0.044403	0.044403
1090	2	2	4	0	P999	1	0.021960	0.021960	0.044403	0.044403
1091	2	4	6	0	P1	1	-0.014377	-0.014377	0.007267	0.007267
1091	2	4	6	0	P50	1	0.007267	0.000000	0.029387	0.021960
1091	2	4	6	0	P75	1	0.014587	0.014587	0.036868	0.036868
1091	2	4	6	0	P90	1	0.021960	0.021960	0.044403	0.044403
1091	2	4	6	0	P95	1	0.021960	0.021960	0.044403	0.044403
1091	2	4	6	0	P99	1	0.021960	0.021960	0.044403	0.044403
1091	2	4	6	0	P999	1	0.021960	0.021960	0.044403	0.044403
1092	2	3	5	0	P1	1	-0.012949	-0.012949	0.008727	0.008727
1092	2	3	5	0	P50	1	0.004354	0.004354	0.026410	0.026410
1092	2	3	5	0	P75	1	0.013119	0.013119	0.035367	0.035367
1092	2	3	5	0	P90	1	0.021960	0.021960	0.044403	0.044403
1092	2	3	5	0	P95	1	0.021960	0.021960	0.044403	0.044403
1092	2	3	5	0	P99	1	0.021960	0.021960	0.044403	0.044403
1092	2	3	5	0	P999	1	0.021960	0.021960	0.044403	0.044403
1093	3	2	5	0	P1	1	-0.012949	-0.012949	0.008727	0.008727
1093	3	2	5	0	P50	1	0.004354	0.004354	0.026410	0.026410
1093	3	2	5	0	P75	1	0.013119	0.013119	0.035367	0.035367
1093	3	2	5	0	P90	1	0.021960	0.021960	0.044403	0.044403
1093	3	2	5	0	P95	1	0.021960	0.021960	0.044403	0.044403
1093	3	2	5	0	P99	1	0.021960	0.021960	0.044403	0.044403
1093	3	2	5	0	P999	1	0.021960	0.021960	0.044403	0.044403
1094	3	3	6	0	P1	1	-0.014377	-0.014377	0.007267	0.007267
1094	3	3	6	0	P50	1	0.007267	0.000000	0.029387	0.021960
1094	3	3	6	0	P75	1	0.014587	0.014587	0.036868	0.036868
1094	3	3	6	0	P90	1	0.021960	0.021960	0.044403	0.044403
1094	3	3	6	0	P95	1	0.021960	0.021960	0.044403	0.044403
1094	3	3	6	0	P99	1	0.021960	0.021960	0.044403	0.044403
1094	3	3	6	0	P999	1	0.021960	0.021960	0.044403	0.044403
1095	2	2	4	0	P1	1	-0.010802	-0.010802	0.010920	0.010920
1095	2	2	4	0	P50	1	0.010920	0.000000	0.033120	0.021960
1095	2	2	4	0	P75	1	0.021960	0.010920	0.044403	0.033120
1095	2	2	4	0	P90	1	0.021960	0.021960	0.044403	0.044403
1095	2	2	4	0	P95	1	0.021960	0.021960	0.044403	0.044403
1095	2	2	4	0	P99	1	0.021960	0.021960	0.044403	0.044403
1095	2	2	4	0	P999	1	0.021960	0.021960	0.044403	0.044403
1096	2	2	4	0	P1	1	-0.010802	-0.010802	0.010920	0.010920
1096	2	2	4	0	P50	1	0.010920	0.000000	0.033120	0.021960
1096	2	2	4	0	P75	1	0.021960	0.010920	0.044403	0.033120
1096	2	2	4	0	P90	1	0.021960	0.021960	0.044403	0.044403
1096	2	2	4	0	P95	1	0.021960	0.021960	0.044403	0.044403
1096	2	2	4	0	P99	1	0.021960	0.021960	0.044403	0.044403
1096	2	2	4	0	P999	1	0.021960	0.021960	0.044403	0.044403
1097	3	2	5	0	P1	1	-0.012949	-0.012949	0.008727	0.008727
1097	3	2	5	0	P50	1	0.004354	0.004354	0.026410	0.026410
1097	3	2	5	0	P75	1	0.013119	0.013119	0.035367	0.035367
1097	3	2	5	0	P90	1	0.021960	0.021960	0.044403	0.044403
1097	3	2	5	0	P95	1	0.021960	0.021960	0.044403	0.044403
1097	3	2	5	0	P99	1	0.021960	0.021960	0.044403	0.044403
1097	3	2	5	0	P999	1	0.021960	0.021960	0.044403	0.044403
1098	4	3	7	0	P1	1	-0.015396	-0.015396	0.006226	0.006226
1098	4	3	7	0	P50	1	0.003108	0.003108	0.025136	0.025136
1098	4	3	7	0	P75	1	0.015637	0.015637	0.037941	0.037941
1098	4	3	7	0	P90	1	0.021960	0.021960	0.044403	0.044403
1098	4	3	7	0	P95	1	0.021960	0.021960	0.044403	0.044403
1098	4	3	7	0	P99	1	0.021960	0.021960	0.044403	0.044403
1098	4	3	7	0	P999	1	0.021960	0.021960	0.044403	0.044403
1099	2	2	4	0	P1	1	-0.010802	-0.010802	0.010920	0.010920
1099	2	2	4	0	P50	1	0.010920	0.000000	0.033120	0.021960
1099	2	2	4	0	P75	1	0.021960	0.010920	0.044403	0.033120
1099	2	2	4	0	P90	1	0.021960	0.021960	0.044403	0.044403
1099	2	2	4	0	P95	1	0.021960	0.021960	0.044403	0.044403
1099	2	2	4	0	P99	1	0.021960	0.021960	0.044403	0.044403
1099	2	2	4	0	P999	1	0.021960	0.021960	0.044403	0.044403
1100	3	27	30	0	P1	1	-0.020070	-0.020070	0.001449	0.001449
1100	3	27	30	0	P50	1	0.001449	0.000000	0.023441	0.021960
1100	3	27	30	0	P75	1	0.011653	0.011653	0.033869	0.033869
1100	3	27	30	0	P90	1	0.019004	0.017530	0.041382	0.039875
1100	3	27	30	0	P95	1	0.020481	0.020481	0.042891	0.042891
1100	3	27	30	0	P99	1	0.021960	0.021960	0.044403	0.044403
1100	3	27	30	0	P999	1	0.021960	0.021960	0.044403	0.044403
1101	24	25	49	0	P1	1	-0.020620	-0.020620	0.000887	0.000887
1101	24	25	49	0	P50	1	0.000443	0.000443	0.022413	0.022413
1101	24	25	49	0	P75	1	0.011145	0.011145	0.033349	0.033349
1101	24	25	49	0	P90	1	0.018342	0.018342	0.040705	0.040705
1101	24	25	49	0	P95	1	0.020150	0.020150	0.042552	0.042552
1101	24	25	49	0	P99	1	0.021960	0.021960	0.044403	0.044403
1101	24	25	49	0	P999	1	0.021960	0.021960	0.044403	0.044403
1102	36	29	65	0	P1	1	-0.020834	-0.020834	0.000669	0.000669
1102	36	29	65	0	P50	1	0.000334	0.000334	0.022302	0.022302
1102	36	29	65	0	P75	1	0.011089	0.011089	0.033293	0.033293
1102	36	29	65	0	P90	1	0.017870	0.017870	0.040223	0.040223
1102	36	29	65	0	P95	1	0.019913	0.019913	0.042310	0.042310
1102	36	29	65	0	P99	1	0.021960	0.021960	0.044403	0.044403
1102	36	29	65	0	P999	1	0.021960	0.021960	0.044403	0.044403
1103	31	34	65	0	P1	1	-0.020834	-0.020834	0.000669	0.000669
1103	31	34	65	0	P50	1	0.000334	0.000334	0.022302	0.022302
1103	31	34	65	0	P75	1	0.011089	0.011089	0.033293	0.033293
1103	31	34	65	0	P90	1	0.017870	0.017870	0.040223	0.040223
1103	31	34	65	0	P95	1	0.019913	0.019913	0.042310	0.042310
1103	31	34	65	0	P99	1	0.021960	0.021960	0.044403	0.044403
1103	31	34	65	0	P999	1	0.021960	0.021960	0.044403	0.044403
1104	6	19	25	0	P1	1	-0.019786	-0.019786	0.001739	0.001739
1104	6	19	25	0	P50	1	0.000869	0.000869	0.022849	0.022849
1104	6	19	25	0	P75	1	0.011360	0.011360	0.033569	0.033569
1104	6	19	25	0	P90	1	0.018414	0.018414	0.040779	0.040779
1104	6	19	25	0	P95	1	0.020186	0.020186	0.042589	0.042589
1104	6	19	25	0	P99	1	0.021960	0.021960	0.044403	0.044403
1104	6	19	25	0	P999	1	0.021960	0.021960	0.044403	0.044403
1105	31	30	61	0	P1	1	-0.020791	-0.020791	0.000712	0.000712
1105	31	30	61	0	P50	1	0.000356	0.000356	0.022324	0.022324
1105	31	30	61	0	P75	1	0.011100	0.011100	0.033304	0.033304
1105	31	30	61	0	P90	1	0.017602	0.017602	0.039949	0.039949
1105	31	30	61	0	P95	1	0.019779	0.019779	0.042173	0.042173
1105	31	30	61	0	P99	1	0.021960	0.021960	0.044403	0.044403
1105	31	30	61	0	P999	1	0.021960	0.021960	0.044403	0.044403
1106	28	25	53	0	P1	1	-0.020686	-0.020686	0.000820	0.000820
1106	28	25	53	0	P50	1	0.000410	0.000410	0.022379	0.022379
1106	28	25	53	0	P75	1	0.011128	0.011128	0.033332	0.033332
1106	28	25	53	0	P90	1	0.017780	0.017780	0.040131	0.040131
1106	28	25	53	0	P95	1	0.020286	0.020286	0.042692	0.042692
1106	28	25	53	0	P99	1	0.021960	0.021960	0.044403	0.044403
1106	28	25	53	0	P999	1	0.021960	0.021960	0.044403	0.044403
1107	37	25	62	0	P1	1	-0.020802	-0.020802	0.000701	0.000701
1107	37	25	62	0	P50	1	0.000701	0.000000	0.022677	0.021960
1107	37	25	62	0	P75	1	0.011275	0.011275	0.033482	0.033482
1107	37	25	62	0	P90	1	0.017672	0.017672	0.040021	0.040021
1107	37	25	62	0	P95	1	0.019814	0.019814	0.042209	0.042209
1107	37	25	62	0	P99	1	0.021960	0.021960	0.044403	0.044403
1107	37	25	62	0	P999	1	0.021960	0.021960	0.044403	0.044403
1108	32	31	63	0	P1	1	-0.020813	-0.020813	0.000690	0.000690
1108	32	31	63	0	P50	1	0.000345	0.000345	0.022313	0.022313
1108	32	31	63	0	P75	1	0.011443	0.011443	0.033655	0.033655
1108	32	31	63	0	P90	1	0.017740	0.017740	0.040090	0.040090
1108	32	31	63	0	P95	1	0.019848	0.019848	0.042244	0.042244
1108	32	31	63	0	P99	1	0.021960	0.021960	0.044403	0.044403
1108	32	31	63	0	P999	1	0.021960	0.021960	0.044403	0.044403
1109	4	2	6	0	P1	1	-0.014377	-0.014377	0.007267	0.007267
1109	4	2	6	0	P50	1	0.007267	0.000000	0.029387	0.021960
1109	4	2	6	0	P75	1	0.014587	0.014587	0.036868	0.036868
1109	4	2	6	0	P90	1	0.021960	0.021960	0.044403	0.044403
1109	4	2	6	0	P95	1	0.021960	0.021960	0.044403	0.044403
1109	4	2	6	0	P99	1	0.021960	0.021960	0.044403	0.044403
1109	4	2	6	0	P999	1	0.021960	0.021960	0.044403	0.044403
1110	36	77	113	0	P1	1	-0.020736	-0.020736	0.000769	0.000769
1110	36	77	113	0	P50	1	0.000192	0.000192	0.022157	0.022157
1110	36	77	113	0	P75	1	0.011018	0.011018	0.033220	0.033220
1110	36	77	113	0	P90	1	0.017647	0.017647	0.039995	0.039995
1110	36	77	113	0	P95	1	0.019997	0.019997	0.042397	0.042397
1110	36	77	113	0	P99	1	0.021567	0.021567	0.044001	0.044001
1110	36	77	113	0	P999	1	0.021960	0.021960	0.044403	0.044403
1111	2	2	4	0	P1	1	-0.010802	-0.010802	0.010920	0.010920
1111	2	2	4	0	P50	1	0.010920	0.000000	0.033120	0.021960
1111	2	2	4	0	P75	1	0.021960	0.010920	0.044403	0.033120
1111	2	2	4	0	P90	1	0.021960	0.021960	0.044403	0.044403
1111	2	2	4	0	P95	1	0.021960	0.021960	0.044403	0.044403
1111	2	2	4	0	P99	1	0.021960	0.021960	0.044403	0.044403
1111	2	2	4	0	P999	1	0.021960	0.021960	0.044403	0.044403
1112	2	2	4	0	P1	1	-0.010802	-0.010802	0.010920	0.010920
1112	2	2	4	0	P50	1	0.010920	0.000000	0.033120	0.021960
1112	2	2	4	0	P75	1	0.021960	0.010920	0.044403	0.033120
1112	2	2	4	0	P90	1	0.021960	0.021960	0.044403	0.044403
1112	2	2	4	0	P95	1	0.021960	0.021960	0.044403	0.044403
1112	2	2	4	0	P99	1	0.021960	0.021960	0.044403	0.044403
1112	2	2	4	0	P999	1	0.021960	0.021960	0.044403	0.044403
1113	2	2	4	0	P1	1	-0.010802	-0.010802	0.010920	0.010920
1113	2	2	4	0	P50	1	0.010920	0.000000	0.033120	0.021960
1113	2	2	4	0	P75	1	0.021960	0.010920	0.044403	0.033120
1113	2	2	4	0	P90	1	0.021960	0.021960	0.044403	0.044403
1113	2	2	4	0	P95	1	0.021960	0.021960	0.044403	0.044403
1113	2	2	4	0	P99	1	0.021960	0.021960	0.044403	0.044403
1113	2	2	4	0	P999	1	0.021960	0.021960	0.044403	0.044403
1114	3	2	5	0	P1	1	-0.012949	-0.012949	0.008727	0.008727
1114	3	2	5	0	P50	1	0.004354	0.004354	0.026410	0.026410
1114	3	2	5	0	P75	1	0.013119	0.013119	0.035367	0.035367
1114	3	2	5	0	P90	1	0.021960	0.021960	0.044403	0.044403
1114	3	2	5	0	P95	1	0.021960	0.021960	0.044403	0.044403
1114	3	2	5	0	P99	1	0.021960	0.021960	0.044403	0.044403
1114	3	2	5	0	P999	1	0.021960	0.021960	0.044403	0.044403
1115	2	3	5	0	P1	1	-0.012949	-0.012949	0.008727	0.008727
1115	2	3	5	0	P50	1	0.004354	0.004354	0.026410	0.026410
1115	2	3	5	0	P75	1	0.013119	0.013119	0.035367	0.035367
1115	2	3	5	0	P90	1	0.021960	0.021960	0.044403	0.044403
1115	2	3	5	0	P95	1	0.021960	0.021960	0.044403	0.044403
1115	2	3	5	0	P99	1	0.021960	0.021960	0.044403	0.044403
1115	2	3	5	0	P999	1	0.021960	0.021960	0.044403	0.044403
1116	3	2	5	0	P1	1	-0.012949	-0.012949	0.008727	0.008727
1116	3	2	5	0	P50	1	0.004354	0.004354	0.026410	0.026410
1116	3	2	5	0	P75	1	0.013119	0.013119	0.035367	0.035367
1116	3	2	5	0	P90	1	0.021960	0.021960	0.044403	0.044403
1116	3	2	5	0	P95	1	0.021960	0.021960	0.044403	0.044403
1116	3	2	5	0	P99	1	0.021960	0.021960	0.044403	0.044403
1116	3	2	5	0	P999	1	0.021960	0.021960	0.044403	0.044403
1117	3	2	5	0	P1	1	-0.012949	-0.012949	0.008727	0.008727
1117	3	2	5	0	P50	1	0.004354	0.004354	0.026410	0.026410
1117	3	2	5	0	P75	1	0.013119	0.013119	0.035367	0.035367
1117	3	2	5	0	P90	1	0.021960	0.021960	0.044403	0.044403
1117	3	2	5	0	P95	1	0.021960	0.021960	0.044403	0.044403
1117	3	2	5	0	P99	1	0.021960	0.021960	0.044403	0.044403
1117	3	2	5	0	P999	1	0.021960	0.021960	0.044403	0.044403
1118	2	2	4	0	P1	1	-0.010802	-0.010802	0.010920	0.010920
1118	2	2	4	0	P50	1	0.010920	0.000000	0.033120	0.021960
1118	2	2	4	0	P75	1	0.021960	0.010920	0.044403	0.033120
1118	2	2	4	0	P90	1	0.021960	0.021960	0.044403	0.044403
1118	2	2	4	0	P95	1	0.021960	0.021960	0.044403	0.044403
1118	2	2	4	0	P99	1	0.021960	0.021960	0.044403	0.044403
1118	2	2	4	0	P999	1	0.021960	0.021960	0.044403	0.044403
1119	2	2	4	0	P1	1	-0.010802	-0.010802	0.010920	0.010920
1119	2	2	4	0	P50	1	0.010920	0.000000	0.033120	0.021960
1119	2	2	4	0	P75	1	0.021960	0.010920	0.044403	0.033120
1119	2	2	4	0	P90	1	0.021960	0.021960	0.044403	0.044403
1119	2	2	4	0	P95	1	0.021960	0.021960	0.044403	0.044403
1119	2	2	4	0	P99	1	0.021960	0.021960	0.044403	0.044403
1119	2	2	4	0	P999	1	0.021960	0.021960	0.044403	0.044403
1120	3	5	8	0	P1	1	-0.016160	-0.016160	0.005445	0.005445
1120	3	5	8	0	P50	1	0.005445	0.000000	0.027525	0.021960
1120	3	5	8	0	P75	1	0.016425	0.010920	0.038746	0.033120
1120	3	5	8	0	P90	1	0.021960	0.021960	0.044403	0.044403
1120	3	5	8	0	P95	1	0.021960	0.021960	0.044403	0.044403
1120	3	5	8	0	P99	1	0.021960	0.021960	0.044403	0.044403
1120	3	5	8	0	P999	1	0.021960	0.021960	0.044403	0.044403
1121	3	3	6	0	P1	1	-0.014377	-0.014377	0.007267	0.007267
1121	3	3	6	0	P50	1	0.007267	0.000000	0.029387	0.021960
1121	3	3	6	0	P75	1	0.014587	0.014587	0.036868	0.036868
1121	3	3	6	0	P90	1	0.021960	0.021960	0.044403	0.044403
1121	3	3	6	0	P95	1	0.021960	0.021960	0.044403	0.044403
1121	3	3	6	0	P99	1	0.021960	0.021960	0.044403	0.044403
1121	3	3	6	0	P999	1	0.021960	0.021960	0.044403	0.044403
1122	3	3	6	0	P1	1	-0.014377	-0.014377	0.007267	0.007267
1122	3	3	6	0	P50	1	0.007267	0.000000	0.029387	0.021960
1122	3	3	6	0	P75	1	0.014587	0.014587	0.036868	0.036868
1122	3	3	6	0	P90	1	0.021960	0.021960	0.044403	0.044403
1122	3	3	6	0	P95	1	0.021960	0.021960	0.044403	0.044403
1122	3	3	6	0	P99	1	0.021960	0.021960	0.044403	0.044403
1122	3	3	6	0	P999	1	0.021960	0.021960	0.044403	0.044403
1123	2	2	4	0	P1	1	-0.010802	-0.010802	0.010920	0.010920
1123	2	2	4	0	P50	1	0.010920	0.000000	0.033120	0.021960
1123	2	2	4	0	P75	1	0.021960	0.010920	0.044403	0.033120
1123	2	2	4	0	P90	1	0.021960	0.021960	0.044403	0.044403
1123	2	2	4	0	P95	1	0.021960	0.021960	0.044403	0.044403
1123	2	2	4	0	P99	1	0.021960	0.021960	0.044403	0.044403
1123	2	2	4	0	P999	1	0.021960	0.021960	0.044403	0.044403
1124	2	2	4	0	P1	1	-0.010802	-0.010802	0.010920	0.010920
1124	2	2	4	0	P50	1	0.010920	0.000000	0.033120	0.021960
1124	2	2	4	0	P75	1	0.021960	0.010920	0.044403	0.033120
1124	2	2	4	0	P90	1	0.021960	0.021960	0.044403	0.044403
1124	2	2	4	0	P95	1	0.021960	0.021960	0.044403	0.044403
1124	2	2	4	0	P99	1	0.021960	0.021960	0.044403	0.044403
1124	2	2	4	0	P999	1	0.021960	0.021960	0.044403	0.044403
1125	2	2	4	0	P1	1	-0.010802	-0.010802	0.010920	0.010920
1125	2	2	4	0	P50	1	0.010920	0.000000	0.033120	0.021960
1125	2	2	4	0	P75	1	0.021960	0.010920	0.044403	0.033120
1125	2	2	4	0	P90	1	0.021960	0.021960	0.044403	0.044403
1125	2	2	4	0	P95	1	0.021960	0.021960	0.044403	0.044403
1125	2	2	4	0	P99	1	0.021960	0.021960	0.044403	0.044403
1125	2	2	4	0	P999	1	0.021960	0.021960	0.044403	0.044403
1126	2	2	4	0	P1	1	-0.010802	-0.010802	0.010920	0.010920
1126	2	2	4	0	P50	1	0.010920	0.000000	0.033120	0.021960
1126	2	2	4	0	P75	1	0.021960	0.010920	0.044403	0.033120
1126	2	2	4	0	P90	1	0.021960	0.021960	0.044403	0.044403
1126	2	2	4	0	P95	1	0.021960	0.021960	0.044403	0.044403
1126	2	2	4	0	P99	1	0.021960	0.021960	0.044403	0.044403
1126	2	2	4	0	P999	1	0.021960	0.021960	0.044403	0.044403
1127	2	2	4	0	P1	1	-0.010802	-0.010802	0.010920	0.010920
1127	2	2	4	0	P50	1	0.010920	0.000000	0.033120	0.021960
1127	2	2	4	0	P75	1	0.021960	0.010920	0.044403	0.033120
1127	2	2	4	0	P90	1	0.021960	0.021960	0.044403	0.044403
1127	2	2	4	0	P95	1	0.021960	0.021960	0.044403	0.044403
1127	2	2	4	0	P99	1	0.021960	0.021960	0.044403	0.044403
1127	2	2	4	0	P999	1	0.021960	0.021960	0.044403	0.044403
1128	2	2	4	0	P1	1	-0.010802	-0.010802	0.010920	0.010920
1128	2	2	4	0	P50	1	0.010920	0.000000	0.033120	0.021960
1128	2	2	4	0	P75	1	0.021960	0.010920	0.044403	0.033120
1128	2	2	4	0	P90	1	0.021960	0.021960	0.044403	0.044403
1128	2	2	4	0	P95	1	0.021960	0.021960	0.044403	0.044403
1128	2	2	4	0	P99	1	0.021960	0.021960	0.044403	0.044403
1128	2	2	4	0	P999	1	0.021960	0.021960	0.044403	0.044403
1129	2	2	4	0	P1	1	-0.010802	-0.010802	0.010920	0.010920
1129	2	2	4	0	P50	1	0.010920	0.000000	0.033120	0.021960
1129	2	2	4	0	P75	1	0.021960	0.010920	0.044403	0.033120
1129	2	2	4	0	P90	1	0.021960	0.021960	0.044403	0.044403
1129	2	2	4	0	P95	1	0.021960	0.021960	0.044403	0.044403
1129	2	2	4	0	P99	1	0.021960	0.021960	0.044403	0.044403
1129	2	2	4	0	P999	1	0.021960	0.021960	0.044403	0.044403
1130	2	2	4	0	P1	1	-0.010802	-0.010802	0.010920	0.010920
1130	2	2	4	0	P50	1	0.010920	0.000000	0.033120	0.021960
1130	2	2	4	0	P75	1	0.021960	0.010920	0.044403	0.033120
1130	2	2	4	0	P90	1	0.021960	0.021960	0.044403	0.044403
1130	2	2	4	0	P95	1	0.021960	0.021960	0.044403	0.044403
1130	2	2	4	0	P99	1	0.021960	0.021960	0.044403	0.044403
1130	2	2	4	0	P999	1	0.021960	0.021960	0.044403	0.044403
1131	2	2	4	0	P1	1	-0.010802	-0.010802	0.010920	0.010920
1131	2	2	4	0	P50	1	0.010920	0.000000	0.033120	0.021960
1131	2	2	4	0	P75	1	0.021960	0.010920	0.044403	0.033120
1131	2	2	4	0	P90	1	0.021960	0.021960	0.044403	0.044403
1131	2	2	4	0	P95	1	0.021960	0.021960	0.044403	0.044403
1131	2	2	4	0	P99	1	0.021960	0.021960	0.044403	0.044403
1131	2	2	4	0	P999	1	0.021960	0.021960	0.044403	0.044403
1132	3	3	6	0	P1	1	-0.014377	-0.014377	0.007267	0.007267
1132	3	3	6	0	P50	1	0.007267	0.000000	0.029387	0.021960
1132	3	3	6	0	P75	1	0.014587	0.014587	0.036868	0.036868
1132	3	3	6	0	P90	1	0.021960	0.021960	0.044403	0.044403
1132	3	3	6	0	P95	1	0.021960	0.021960	0.044403	0.044403
1132	3	3	6	0	P99	1	0.021960	0.021960	0.044403	0.044403
1132	3	3	6	0	P999	1	0.021960	0.021960	0.044403	0.044403
1133	2	2	4	0	P1	1	-0.010802	-0.010802	0.010920	0.010920
1133	2	2	4	0	P50	1	0.010920	0.000000	0.033120	0.021960
1133	2	2	4	0	P75	1	0.021960	0.010920	0.044403	0.033120
1133	2	2	4	0	P90	1	0.021960	0.021960	0.044403	0.044403
1133	2	2	4	0	P95	1	0.021960	0.021960	0.044403	0.044403
1133	2	2	4	0	P99	1	0.021960	0.021960	0.044403	0.044403
1133	2	2	4	0	P999	1	0.021960	0.021960	0.044403	0.044403
1134	2	2	4	0	P1	1	-0.010802	-0.010802	0.010920	0.010920
1134	2	2	4	0	P50	1	0.010920	0.000000	0.033120	0.021960
1134	2	2	4	0	P75	1	0.021960	0.010920	0.044403	0.033120
1134	2	2	4	0	P90	1	0.021960	0.021960	0.044403	0.044403
1134	2	2	4	0	P95	1	0.021960	0.021960	0.044403	0.044403
1134	2	2	4	0	P99	1	0.021960	0.021960	0.044403	0.044403
1134	2	2	4	0	P999	1	0.021960	0.021960	0.044403	0.044403
1135	2	2	4	0	P1	1	-0.010802	-0.010802	0.010920	0.010920
1135	2	2	4	0	P50	1	0.010920	0.000000	0.033120	0.021960
1135	2	2	4	0	P75	1	0.021960	0.010920	0.044403	0.033120
1135	2	2	4	0	P90	1	0.021960	0.021960	0.044403	0.044403
1135	2	2	4	0	P95	1	0.021960	0.021960	0.044403	0.044403
1135	2	2	4	0	P99	1	0.021960	0.021960	0.044403	0.044403
1135	2	2	4	0	P999	1	0.021960	0.021960	0.044403	0.044403
1136	2	2	4	0	P1	1	-0.010802	-0.010802	0.010920	0.010920
1136	2	2	4	0	P50	1	0.010920	0.000000	0.033120	0.021960
1136	2	2	4	0	P75	1	0.021960	0.010920	0.044403	0.033120
1136	2	2	4	0	P90	1	0.021960	0.021960	0.044403	0.044403
1136	2	2	4	0	P95	1	0.021960	0.021960	0.044403	0.044403
1136	2	2	4	0	P99	1	0.021960	0.021960	0.044403	0.044403
1136	2	2	4	0	P999	1	0.021960	0.021960	0.044403	0.044403
1137	5	2	7	0	P1	1	-0.015396	-0.015396	0.006226	0.006226
1137	5	2	7	0	P50	1	0.003108	0.003108	0.025136	0.025136
1137	5	2	7	0	P75	1	0.015637	0.015637	0.037941	0.037941
1137	5	2	7	0	P90	1	0.021960	0.021960	0.044403	0.044403
1137	5	2	7	0	P95	1	0.021960	0.021960	0.044403	0.044403
1137	5	2	7	0	P99	1	0.021960	0.021960	0.044403	0.044403
1137	5	2	7	0	P999	1	0.021960	0.021960	0.044403	0.044403
1138	2	2	4	0	P1	1	-0.010802	-0.010802	0.010920	0.010920
1138	2	2	4	0	P50	1	0.010920	0.000000	0.033120	0.021960
1138	2	2	4	0	P75	1	0.021960	0.010920	0.044403	0.033120
1138	2	2	4	0	P90	1	0.021960	0.021960	0.044403	0.044403
1138	2	2	4	0	P95	1	0.021960	0.021960	0.044403	0.044403
1138	2	2	4	0	P99	1	0.021960	0.021960	0.044403	0.044403
1138	2	2	4	0	P999	1	0.021960	0.021960	0.044403	0.044403
1139	8	129	137	1	P1	1	-0.010445	-0.010445	0.000756	0.000756
1139	8	129	137	1	P50	1	0.014968	0.014968	0.026410	0.026410
1139	8	129	137	1	P75	1	0.028114	0.028114	0.039679	0.039679
1139	8	129	137	1	P90	4	0.024538	0.024538	-0.010481	-0.010481
1139	8	129	137	1	P95	8	-0.001532	-0.001532	0.005936	0.005936
1139	8	129	137	1	P99	16	0.001710	0.001710	0.007923	0.007923
1139	8	129	137	1	P999	18	0.014604	0.014604	0.020654	0.020654
1140	2	2	4	1	P1	17	0.016039	0.016039	0.012512	0.012512
1140	2	2	4	1	P50	18	0.024394	-0.019276	0.020654	-0.022739
1140	2	2	4	1	P75	20	0.005888	-0.078046	0.001975	-0.081412
1140	2	2	4	1	P90	20	0.005888	0.005888	0.001975	0.001975
1140	2	2	4	1	P95	20	0.005888	0.005888	0.001975	0.001975
1140	2	2	4	1	P99	20	0.005888	0.005888	0.001975	0.001975
1140	2	2	4	1	P999	20	0.005888	0.005888	0.001975	0.001975
1141	3	2	5	1	P1	1	0.025572	0.025572	0.044403	0.044403
1141	3	2	5	1	P50	12	0.018388	0.018388	0.035520	0.035520
1141	3	2	5	1	P75	16	0.035454	0.035454	0.007923	0.007923
1141	3	2	5	1	P90	17	0.017844	0.017844	0.034747	0.034747
1141	3	2	5	1	P95	17	0.017844	0.017844	0.034747	0.034747
1141	3	2	5	1	P99	17	0.017844	0.017844	0.034747	0.034747
1141	3	2	5	1	P999	17	0.017844	0.017844	0.034747	0.034747
