group	step	n_union	remaps_so_far	quantile	oracle	T_int_err	T_ceil_err	G_int_err	G_ceil_err
1	1	61	1	P1	1	-0.015000	-0.015000	0.000925	0.000925
1	1	61	1	P50	1	0.012725	0.012725	0.029070	0.029070
1	1	61	1	P75	1	0.026879	0.026879	0.043438	0.043438
1	1	61	1	P90	4	0.006703	0.006703	-0.021878	-0.021878
1	1	61	1	P95	4	0.019922	0.019922	-0.009047	-0.009047
1	1	61	1	P99	4	0.033316	0.033316	0.003953	0.003953
1	1	61	1	P999	4	0.033316	0.033316	0.003953	0.003953
1	2	75	2	P1	1	-0.003176	-0.003176	0.000925	0.000925
1	2	75	2	P50	1	0.031615	0.031615	0.035750	0.035750
1	2	75	2	P75	4	-0.024636	-0.024636	-0.031106	-0.031106
1	2	75	2	P90	4	0.017330	0.017330	-0.009829	-0.009829
1	2	75	2	P95	4	0.035219	0.035219	-0.001977	-0.001977
1	2	75	2	P99	4	0.048842	0.048842	0.003953	0.003953
1	2	75	2	P999	4	0.048842	0.048842	0.003953	0.003953
1	3	89	3	P1	1	-0.003176	-0.003176	0.000925	0.000925
1	3	89	3	P50	1	0.038333	0.038333	0.042474	0.042474
1	3	89	3	P75	4	-0.018456	-0.018456	-0.024707	-0.024707
1	3	89	3	P90	4	0.012906	0.012906	-0.006565	-0.006565
1	3	89	3	P95	4	0.030717	0.030717	-0.001319	-0.001319
1	3	89	3	P99	4	0.048842	0.048842	0.003953	0.003953
1	3	89	3	P999	4	0.048842	0.048842	0.003953	0.003953
1	4	103	4	P1	1	-0.002251	-0.002251	0.001850	0.001850
1	4	103	4	P50	3	-0.025382	-0.025382	0.007287	0.007287
1	4	103	4	P75	4	-0.014463	-0.014463	-0.019988	-0.019988
1	4	103	4	P90	4	0.004116	0.004116	-0.005692	-0.005692
1	4	103	4	P95	4	0.026235	0.026235	-0.000881	-0.000881
1	4	103	4	P99	4	0.044281	0.044281	0.002985	0.002985
1	4	103	4	P999	4	0.048842	0.048842	0.003953	0.003953
1	5	108	5	P1	1	-0.002429	-0.002429	0.001672	0.001672
1	5	108	5	P50	3	-0.037442	-0.043416	-0.000638	-0.004578
1	5	108	5	P75	4	-0.015689	-0.016914	-0.020934	-0.021878
1	5	108	5	P90	4	0.004116	0.004116	-0.005692	-0.005692
1	5	108	5	P95	4	0.026235	0.026235	-0.000881	-0.000881
1	5	108	5	P99	4	0.044281	0.044281	0.002985	0.002985
1	5	108	5	P999	4	0.048842	0.048842	0.003953	0.003953
1	6	112	6	P1	1	-0.002548	-0.002548	0.001553	0.001553
1	6	112	6	P50	3	-0.049353	-0.653247	-0.008501	-0.651866
1	6	112	6	P75	4	-0.016914	-0.018137	-0.021878	-0.022822
1	6	112	6	P90	4	0.002867	0.002867	-0.006652	-0.006652
1	6	112	6	P95	4	0.026235	0.026235	-0.000881	-0.000881
1	6	112	6	P99	4	0.044281	0.044281	0.002985	0.002985
1	6	112	6	P999	4	0.048842	0.048842	0.003953	0.003953
1	7	114	7	P1	1	-0.002602	-0.002602	0.001499	0.001499
1	7	114	7	P50	1	0.040260	0.039479	0.044403	0.043621
1	7	114	7	P75	4	-0.018137	-0.018137	-0.022822	-0.022822
1	7	114	7	P90	4	0.002867	0.002867	-0.006652	-0.006652
1	7	114	7	P95	4	0.026235	0.026235	-0.000881	-0.000881
1	7	114	7	P99	4	0.044281	0.044281	0.002985	0.002985
1	7	114	7	P999	4	0.048842	0.048842	0.003953	0.003953
2	1	24	1	P1	1	0.000553	0.000553	0.002719	0.002719
2	1	24	1	P50	1	0.033807	0.030994	0.035929	0.033120
2	1	24	1	P75	2	-0.024763	-0.030062	-0.024866	-0.030147
2	1	24	1	P90	2	-0.008689	-0.008689	-0.008849	-0.008849
2	1	24	1	P95	2	-0.003272	-0.003272	-0.003452	-0.003452
2	1	24	1	P99	2	0.002174	0.002174	0.001975	0.001975
2	1	24	1	P999	2	0.002174	0.002174	0.001975	0.001975
2	2	45	2	P1	1	-0.013081	-0.013081	0.002719	0.002719
2	2	45	2	P50	2	-0.018469	-0.018469	-0.003452	-0.003452
2	2	45	2	P75	15	-0.005842	-0.005842	0.007289	0.007289
2	2	45	2	P90	15	0.013254	0.013254	0.026618	0.026618
2	2	45	2	P95	16	-0.026550	-0.026550	-0.013736	-0.013736
2	2	45	2	P99	18	0.007549	0.007549	0.020654	0.020654
2	2	45	2	P999	18	0.007549	0.007549	0.020654	0.020654
2	3	58	3	P1	1	-0.014283	-0.014283	0.001499	0.001499
2	3	58	3	P50	2	-0.049967	-0.486006	-0.035400	-0.477799
2	3	58	3	P75	15	-0.013916	-0.013916	-0.000883	-0.000883
2	3	58	3	P90	15	0.010504	0.010504	0.023834	0.023834
2	3	58	3	P95	16	-0.026550	-0.026550	-0.013736	-0.013736
2	3	58	3	P99	18	0.007549	0.007549	0.020654	0.020654
2	3	58	3	P999	18	0.007549	0.007549	0.020654	0.020654
2	4	65	4	P1	1	-0.014570	-0.014570	0.001208	0.001208
2	4	65	4	P50	1	0.024270	0.024270	0.040628	0.040628
2	4	65	4	P75	15	-0.019262	-0.019262	-0.006294	-0.006294
2	4	65	4	P90	15	0.007761	0.007761	0.021058	0.021058
2	4	65	4	P95	15	0.016012	0.016012	0.029409	0.029409
2	4	65	4	P99	18	0.007549	0.007549	0.020654	0.020654
2	4	65	4	P999	18	0.007549	0.007549	0.020654	0.020654
2	5	86	5	P1	1	-0.014570	-0.014570	0.001208	0.001208
2	5	86	5	P50	2	-0.013118	-0.018469	0.001975	-0.003452
2	5	86	5	P75	9	0.049516	0.049516	0.018642	0.018642
2	5	86	5	P90	15	0.002298	0.002298	0.015528	0.015528
2	5	86	5	P95	15	0.013254	0.013254	0.026618	0.026618
2	5	86	5	P99	18	0.007549	0.007549	0.020654	0.020654
2	5	86	5	P999	18	0.007549	0.007549	0.020654	0.020654
2	6	94	6	P1	1	-0.014787	-0.014787	0.000988	0.000988
2	6	94	6	P50	2	-0.034346	-0.039581	-0.019556	-0.024866
2	6	94	6	P75	9	0.041937	0.041937	0.011293	0.011293
2	6	94	6	P90	15	-0.000423	-0.000423	0.012774	0.012774
2	6	94	6	P95	15	0.013254	0.013254	0.026618	0.026618
2	6	94	6	P99	18	0.007549	0.007549	0.020654	0.020654
2	6	94	6	P999	18	0.007549	0.007549	0.020654	0.020654
2	7	112	7	P1	1	-0.014378	-0.014378	0.001402	0.001402
2	7	112	7	P50	1	0.024389	0.023671	0.040750	0.040021
2	7	112	7	P75	9	0.026942	0.023226	-0.003247	-0.006849
2	7	112	7	P90	15	-0.005842	-0.005842	0.007289	0.007289
2	7	112	7	P95	15	0.010504	0.010504	0.023834	0.023834
2	7	112	7	P99	16	-0.005151	-0.005151	0.007923	0.007923
2	7	112	7	P999	18	0.007549	0.007549	0.020654	0.020654
3	1	35	0	P1	1	-0.020273	-0.020273	0.001242	0.001242
3	1	35	0	P50	1	0.000621	0.000621	0.022595	0.022595
3	1	35	0	P75	1	0.011862	0.011862	0.034083	0.034083
3	1	35	0	P90	1	0.018162	0.018162	0.040521	0.040521
3	1	35	0	P95	1	0.020692	0.020692	0.043107	0.043107
3	1	35	0	P99	1	0.021960	0.021960	0.044403	0.044403
3	1	35	0	P999	1	0.021960	0.021960	0.044403	0.044403
3	2	52	0	P1	1	-0.020670	-0.020670	0.000836	0.000836
3	2	52	0	P50	1	0.000836	0.000000	0.022814	0.021960
3	2	52	0	P75	1	0.011765	0.010920	0.033984	0.033120
3	2	52	0	P90	1	0.017700	0.017700	0.040049	0.040049
3	2	52	0	P95	1	0.020254	0.020254	0.042659	0.042659
3	2	52	0	P99	1	0.021960	0.021960	0.044403	0.044403
3	2	52	0	P999	1	0.021960	0.021960	0.044403	0.044403
3	3	63	0	P1	1	-0.020813	-0.020813	0.000690	0.000690
3	3	63	0	P50	1	0.000345	0.000345	0.022313	0.022313
3	3	63	0	P75	1	0.011443	0.011443	0.033655	0.033655
3	3	63	0	P90	1	0.017740	0.017740	0.040090	0.040090
3	3	63	0	P95	1	0.019848	0.019848	0.042244	0.042244
3	3	63	0	P99	1	0.021960	0.021960	0.044403	0.044403
3	3	63	0	P999	1	0.021960	0.021960	0.044403	0.044403
3	4	69	0	P1	1	-0.020872	-0.020872	0.000630	0.000630
3	4	69	0	P50	1	0.000315	0.000315	0.022282	0.022282
3	4	69	0	P75	1	0.011080	0.011080	0.033283	0.033283
3	4	69	0	P90	1	0.018107	0.018107	0.040464	0.040464
3	4	69	0	P95	1	0.020032	0.020032	0.042432	0.042432
3	4	69	0	P99	1	0.021960	0.021960	0.044403	0.044403
3	4	69	0	P999	1	0.021960	0.021960	0.044403	0.044403
3	5	81	0	P1	1	-0.020963	-0.020963	0.000537	0.000537
3	5	81	0	P50	1	0.000268	0.000268	0.022234	0.022234
3	5	81	0	P75	1	0.011056	0.011056	0.033259	0.033259
3	5	81	0	P90	1	0.017584	0.017584	0.039931	0.039931
3	5	81	0	P95	1	0.019770	0.019770	0.042164	0.042164
3	5	81	0	P99	1	0.021960	0.021960	0.044403	0.044403
3	5	81	0	P999	1	0.021960	0.021960	0.044403	0.044403
3	6	90	0	P1	1	-0.021016	-0.021016	0.000483	0.000483
3	6	90	0	P50	1	0.000483	0.000000	0.022454	0.021960
3	6	90	0	P75	1	0.011164	0.011164	0.033370	0.033370
3	6	90	0	P90	1	0.018021	0.017530	0.040377	0.039875
3	6	90	0	P95	1	0.019989	0.019989	0.042388	0.042388
3	6	90	0	P99	1	0.021960	0.021960	0.044403	0.044403
3	6	90	0	P999	1	0.021960	0.021960	0.044403	0.044403
3	7	99	0	P1	1	-0.021059	-0.021059	0.000439	0.000439
3	7	99	0	P50	1	0.000219	0.000219	0.022184	0.022184
3	7	99	0	P75	1	0.011253	0.011253	0.033461	0.033461
3	7	99	0	P90	1	0.017932	0.017932	0.040286	0.040286
3	7	99	0	P95	1	0.020168	0.020168	0.042571	0.042571
3	7	99	0	P99	1	0.021960	0.021960	0.044403	0.044403
3	7	99	0	P999	1	0.021960	0.021960	0.044403	0.044403
4	1	28	1	P1	1	-0.015480	-0.015480	0.005445	0.005445
4	1	28	1	P50	12	0.004529	-0.000309	0.025570	0.020632
4	1	28	1	P75	13	0.004750	-0.000693	0.025786	0.020230
4	1	28	1	P90	14	0.034403	0.034403	0.011149	0.011149
4	1	28	1	P95	15	-0.013353	-0.013353	0.007289	0.007289
4	1	28	1	P99	15	0.008316	0.008316	0.029409	0.029409
4	1	28	1	P999	15	0.008316	0.008316	0.029409	0.029409
4	2	48	2	P1	1	-0.010274	-0.010274	0.005445	0.005445
4	2	48	2	P50	13	0.029112	0.023533	0.042635	0.036988
4	2	48	2	P75	73	-0.008569	-0.012481	0.002700	-0.001252
4	2	48	2	P90	78	-0.001711	-0.001711	0.009559	0.009559
4	2	48	2	P95	81	0.026118	0.026118	0.015335	0.015335
4	2	48	2	P99	95	-0.003170	-0.003170	0.007879	0.007879
4	2	48	2	P999	95	-0.003170	-0.003170	0.007879	0.007879
4	3	56	3	P1	1	-0.012960	-0.012960	0.002719	0.002719
4	3	56	3	P50	13	0.006975	0.001516	0.020230	0.014705
4	3	56	3	P75	73	-0.016377	-0.020258	-0.005189	-0.009110
4	3	56	3	P90	75	0.015888	0.015888	0.027380	0.027380
4	3	56	3	P95	81	0.026118	0.026118	0.015335	0.015335
4	3	56	3	P99	95	-0.003170	-0.003170	0.007879	0.007879
4	3	56	3	P999	95	-0.003170	-0.003170	0.007879	0.007879
4	4	63	4	P1	1	-0.013777	-0.013777	0.001891	0.001891
4	4	63	4	P50	12	0.021997	0.021997	0.035520	0.035520
4	4	63	4	P75	73	-0.024124	-0.024124	-0.013016	-0.013016
4	4	63	4	P90	75	0.004903	0.004903	0.016282	0.016282
4	4	63	4	P95	79	0.007320	0.007320	0.018669	0.018669
4	4	63	4	P99	95	-0.003170	-0.003170	0.007879	0.007879
4	4	63	4	P999	95	-0.003170	-0.003170	0.007879	0.007879
4	5	71	5	P1	1	-0.014258	-0.014258	0.001402	0.001402
4	5	71	5	P50	12	0.002433	0.002433	0.015717	0.015717
4	5	71	5	P75	72	-0.018363	-0.018363	-0.007181	-0.007181
4	5	71	5	P90	74	0.007469	0.007469	0.018889	0.018889
4	5	71	5	P95	79	0.007320	0.007320	0.018669	0.018669
4	5	71	5	P99	95	-0.003170	-0.003170	0.007879	0.007879
4	5	71	5	P999	95	-0.003170	-0.003170	0.007879	0.007879
4	6	81	6	P1	1	-0.014595	-0.014595	0.001060	0.001060
4	6	81	6	P50	1	0.028115	0.028115	0.044403	0.044403
4	6	81	6	P75	15	0.016196	0.016196	0.029409	0.029409
4	6	81	6	P90	74	-0.003425	-0.003425	0.007882	0.007882
4	6	81	6	P95	78	-0.001711	-0.001711	0.009559	0.009559
4	6	81	6	P99	95	-0.003170	-0.003170	0.007879	0.007879
4	6	81	6	P999	95	-0.003170	-0.003170	0.007879	0.007879
4	7	84	7	P1	1	-0.014666	-0.014666	0.000988	0.000988
4	7	84	7	P50	1	0.027099	0.026084	0.043372	0.042342
4	7	84	7	P75	15	0.016196	-0.005663	0.029409	0.007289
4	7	84	7	P90	74	-0.003425	-0.003425	0.007882	0.007882
4	7	84	7	P95	78	-0.001711	-0.001711	0.009559	0.009559
4	7	84	7	P99	95	-0.003170	-0.003170	0.007879	0.007879
4	7	84	7	P999	95	-0.003170	-0.003170	0.007879	0.007879
5	1	24	1	P1	1	0.000202	0.000202	0.007267	0.007267
5	1	24	1	P50	7	-0.002618	-0.007434	-0.000539	-0.005352
5	1	24	1	P75	8	-0.019805	-0.024537	-0.018053	-0.022781
5	1	24	1	P90	8	-0.005470	-0.005470	-0.003729	-0.003729
5	1	24	1	P95	8	-0.000645	-0.000645	0.001092	0.001092
5	1	24	1	P99	8	0.004203	0.004203	0.005936	0.005936
5	1	24	1	P999	8	0.004203	0.004203	0.005936	0.005936
5	2	43	2	P1	1	0.000202	0.000202	0.007267	0.007267
5	2	43	2	P50	3	0.019286	0.019286	0.023564	0.023564
5	2	43	2	P75	7	0.002220	0.002220	0.004297	0.004297
5	2	43	2	P90	8	-0.015050	-0.015050	-0.013301	-0.013301
5	2	43	2	P95	8	-0.005470	-0.005470	-0.003729	-0.003729
5	2	43	2	P99	8	0.004203	0.004203	0.005936	0.005936
5	2	43	2	P999	8	0.004203	0.004203	0.005936	0.005936
5	3	63	3	P1	1	-0.003093	-0.003093	0.003957	0.003957
5	3	63	3	P50	3	-0.001521	-0.001521	0.002722	0.002722
5	3	63	3	P75	7	-0.021740	-0.021740	-0.019653	-0.019653
5	3	63	3	P90	8	-0.024537	-0.024537	-0.022781	-0.022781
5	3	63	3	P95	8	-0.010271	-0.010271	-0.008527	-0.008527
5	3	63	3	P99	8	0.004203	0.004203	0.005936	0.005936
5	3	63	3	P999	8	0.004203	0.004203	0.005936	0.005936
5	4	84	4	P1	1	-0.013831	-0.013831	0.003957	0.003957
5	4	84	4	P50	3	0.009533	0.007341	0.026971	0.024742
5	4	84	4	P75	53	-0.025486	-0.850643	-0.012765	-0.848161
5	4	84	4	P90	55	0.011737	0.011737	0.018744	0.018744
5	4	84	4	P95	57	0.014877	0.014877	0.030370	0.030370
5	4	84	4	P99	67	0.038618	0.038618	0.009518	0.009518
5	4	84	4	P999	67	0.038618	0.038618	0.009518	0.009518
5	5	103	5	P1	1	-0.009926	-0.009926	0.007930	0.007930
5	5	103	5	P50	3	-0.005472	-0.005472	0.011717	0.011717
5	5	103	5	P75	8	-0.029443	-0.029443	-0.013301	-0.013301
5	5	103	5	P90	54	0.017753	0.017753	0.007988	0.007988
5	5	103	5	P95	57	0.003906	0.003906	0.019239	0.019239
5	5	103	5	P99	64	-0.003243	-0.003243	0.011907	0.011907
5	5	103	5	P999	67	0.038618	0.038618	0.009518	0.009518
5	6	116	6	P1	1	-0.014156	-0.014156	0.003627	0.003627
5	6	116	6	P50	3	-0.015034	-0.016618	0.001996	0.000385
5	6	116	6	P75	8	-0.043407	-0.048016	-0.027487	-0.032170
5	6	116	6	P90	54	0.011452	0.011452	0.004015	0.004015
5	6	116	6	P95	57	0.003906	0.003906	0.019239	0.019239
5	6	116	6	P99	64	-0.003243	-0.003243	0.011907	0.011907
5	6	116	6	P999	67	0.038618	0.038618	0.009518	0.009518
5	7	118	7	P1	1	-0.014430	-0.014430	0.003348	0.003348
5	7	118	7	P50	3	-0.016618	-0.018200	0.000385	-0.001223
5	7	118	7	P75	8	-0.048016	-0.048016	-0.032170	-0.032170
5	7	118	7	P90	54	0.011452	0.011452	0.004015	0.004015
5	7	118	7	P95	57	0.003906	0.003906	0.019239	0.019239
5	7	118	7	P99	64	-0.003243	-0.003243	0.011907	0.011907
5	7	118	7	P999	67	0.038618	0.038618	0.009518	0.009518
6	1	337	0	P1	1	-0.020981	-0.020981	0.000519	0.000519
6	1	337	0	P50	1	0.000195	0.000195	0.022159	0.022159
6	1	337	0	P75	1	0.011150	0.011150	0.033355	0.033355
6	1	337	0	P90	1	0.017860	0.017860	0.040212	0.040212
6	1	337	0	P95	1	0.020106	0.020106	0.042508	0.042508
6	1	337	0	P99	1	0.021828	0.021828	0.044267	0.044267
6	1	337	0	P999	46	0.016374	0.016374	0.038694	0.038694
6	2	339	1	P1	1	-0.003581	-0.003581	0.000519	0.000519
6	2	339	1	P50	1	0.018170	0.018170	0.022292	0.022292
6	2	339	1	P75	1	0.029490	0.029490	0.033623	0.033623
6	2	339	1	P90	1	0.036343	0.036343	0.040482	0.040482
6	2	339	1	P95	1	0.038637	0.038637	0.042778	0.042778
6	2	339	1	P99	3	0.030784	0.030784	0.031442	0.031442
6	2	339	1	P999	46	0.002156	0.002156	0.038694	0.038694
6	3	341	2	P1	1	-0.003581	-0.003581	0.000519	0.000519
6	3	341	2	P50	1	0.018302	0.018302	0.022424	0.022424
6	3	341	2	P75	1	0.029624	0.029624	0.033757	0.033757
6	3	341	2	P90	1	0.036478	0.036478	0.040617	0.040617
6	3	341	2	P95	1	0.038772	0.038772	0.042914	0.042914
6	3	341	2	P99	4	-0.017526	-0.017526	-0.017620	-0.017620
6	3	341	2	P999	46	0.002156	0.002156	0.038694	0.038694
6	4	343	3	P1	1	-0.003581	-0.003581	0.000519	0.000519
6	4	343	3	P50	1	0.018435	0.018435	0.022557	0.022557
6	4	343	3	P75	1	0.029892	0.029892	0.034025	0.034025
6	4	343	3	P90	1	0.036747	0.036747	0.040887	0.040887
6	4	343	3	P95	1	0.039043	0.039043	0.043184	0.043184
6	4	343	3	P99	4	-0.010364	-0.010364	-0.010481	-0.010481
6	4	343	3	P999	46	0.002156	0.002156	0.038694	0.038694
6	5	345	4	P1	1	-0.003581	-0.003581	0.000519	0.000519
6	5	345	4	P50	1	0.018567	0.018567	0.022689	0.022689
6	5	345	4	P75	1	0.030026	0.030026	0.034159	0.034159
6	5	345	4	P90	1	0.037017	0.037017	0.041157	0.041157
6	5	345	4	P95	1	0.039313	0.039313	0.043455	0.043455
6	5	345	4	P99	4	-0.006764	-0.006764	-0.006892	-0.006892
6	5	345	4	P999	46	0.002156	0.002156	0.038694	0.038694
6	6	347	5	P1	1	-0.003581	-0.003581	0.000519	0.000519
6	6	347	5	P50	1	0.018700	0.018700	0.022822	0.022822
6	6	347	5	P75	1	0.030294	0.030294	0.034428	0.034428
6	6	347	5	P90	1	0.037287	0.037287	0.041427	0.041427
6	6	347	5	P95	1	0.039583	0.039583	0.043726	0.043726
6	6	347	5	P99	4	-0.004597	-0.004597	-0.004732	-0.004732
6	6	347	5	P999	46	0.002156	0.002156	0.038694	0.038694
6	7	350	6	P1	1	-0.003581	-0.003581	0.000519	0.000519
6	7	350	6	P50	1	0.018965	0.018832	0.023087	0.022955
6	7	350	6	P75	1	0.030562	0.030562	0.034696	0.034696
6	7	350	6	P90	1	0.037692	0.037557	0.041832	0.041697
6	7	350	6	P95	1	0.039989	0.039989	0.044132	0.044132
6	7	350	6	P99	4	-0.003150	-0.003150	-0.003290	-0.003290
6	7	350	6	P999	46	0.002156	0.002156	0.038694	0.038694
7	1	38	0	P1	3	-0.033627	-0.033627	-0.008501	-0.008501
7	1	38	0	P50	4	-0.006662	-0.008320	-0.024164	-0.025793
7	1	38	0	P75	4	0.008390	0.008390	-0.009378	-0.009378
7	1	38	0	P90	4	0.018551	0.018551	0.000604	0.000604
7	1	38	0	P95	4	0.021960	0.021960	0.003953	0.003953
7	1	38	0	P99	5	0.015930	0.015930	0.042344	0.042344
7	1	38	0	P999	5	0.015930	0.015930	0.042344	0.042344
7	2	554	0	P1	3	-0.035603	-0.035603	-0.010529	-0.010529
7	2	554	0	P50	4	-0.006273	-0.006381	-0.023782	-0.023889
7	2	554	0	P75	4	0.008848	0.008848	-0.008927	-0.008927
7	2	554	0	P90	4	0.018053	0.018053	0.000116	0.000116
7	2	554	0	P95	4	0.021178	0.021178	0.003185	0.003185
7	2	554	0	P99	5	0.008600	0.008600	0.034824	0.034824
7	2	554	0	P999	45	0.034869	0.034869	0.016635	0.016635
7	3	559	1	P1	3	-0.048964	-0.048964	-0.010542	-0.010542
7	3	559	1	P50	4	-0.019217	-0.019217	-0.023826	-0.023826
7	3	559	1	P75	4	-0.004040	-0.004040	-0.008907	-0.008907
7	3	559	1	P90	4	0.005178	0.005178	0.000154	0.000154
7	3	559	1	P95	4	0.008270	0.008270	0.003192	0.003192
7	3	559	1	P99	5	-0.004104	-0.004104	0.034824	0.034824
7	3	559	1	P999	45	0.027059	0.027059	0.016635	0.016635
7	4	1075	2	P1	3	-0.047451	-0.047451	-0.010797	-0.010797
7	4	1075	2	P50	4	-0.008074	-0.008074	-0.025136	-0.025136
7	4	1075	2	P75	4	0.022937	0.022937	-0.009989	-0.009989
7	4	1075	2	P90	4	0.042997	0.042997	-0.000811	-0.000811
7	4	1075	2	P95	4	0.049813	0.049813	0.002286	0.002286
7	4	1075	2	P99	5	-0.006510	-0.006510	0.027358	0.027358
7	4	1075	2	P999	43	0.029030	0.029030	0.018688	0.018688
7	5	1378	3	P1	3	-0.047011	-0.047011	-0.010470	-0.010470
7	5	1378	3	P50	4	-0.009321	-0.009388	-0.022840	-0.022882
7	5	1378	3	P75	4	0.018136	0.018136	-0.008230	-0.008230
7	5	1378	3	P90	4	0.043878	0.043878	0.000667	0.000667
7	5	1378	3	P95	4	0.052602	0.052602	0.003650	0.003650
7	5	1378	3	P99	5	-0.002394	-0.002394	0.034566	0.034566
7	5	1378	3	P999	43	0.029030	0.029030	0.018688	0.018688
7	6	1893	4	P1	3	-0.048026	-0.048026	-0.010564	-0.010564
7	6	1893	4	P50	4	-0.013226	-0.013226	-0.023279	-0.023279
7	6	1893	4	P75	4	0.007002	0.007002	-0.008583	-0.008583
7	6	1893	4	P90	4	0.039104	0.039104	0.000346	0.000346
7	6	1893	4	P95	4	0.051080	0.051080	0.003351	0.003351
7	6	1893	4	P99	5	-0.003891	-0.003891	0.033453	0.033453
7	6	1893	4	P999	43	0.029030	0.029030	0.018688	0.018688
7	7	2407	5	P1	3	-0.047932	-0.047932	-0.010345	-0.010345
7	7	2407	5	P50	4	-0.013581	-0.013581	-0.022352	-0.022352
7	7	2407	5	P75	4	0.005090	0.005090	-0.007707	-0.007707
7	7	2407	5	P90	4	0.039355	0.039355	0.001180	0.001180
7	7	2407	5	P95	5	-0.036802	-0.036802	0.000853	0.000853
7	7	2407	5	P99	5	-0.002657	-0.002657	0.035372	0.035372
7	7	2407	5	P999	32	0.019455	0.019455	0.009913	0.009913
8	1	305	0	P1	3	-0.033712	-0.033712	-0.008588	-0.008588
8	1	305	0	P50	4	-0.002799	-0.002799	-0.020369	-0.020369
8	1	305	0	P75	4	0.010566	0.010566	-0.007240	-0.007240
8	1	305	0	P90	4	0.018743	0.018743	0.000793	0.000793
8	1	305	0	P95	4	0.021423	0.021423	0.003426	0.003426
8	1	305	0	P99	5	0.004955	0.004955	0.031084	0.031084
8	1	305	0	P999	5	0.015930	0.015930	0.042344	0.042344
8	2	307	0	P1	3	-0.033712	-0.033712	-0.008588	-0.008588
8	2	307	0	P50	4	-0.002777	-0.002777	-0.020347	-0.020347
8	2	307	0	P75	4	0.010657	0.010657	-0.007151	-0.007151
8	2	307	0	P90	4	0.018768	0.018768	0.000818	0.000818
8	2	307	0	P95	4	0.021428	0.021428	0.003430	0.003430
8	2	307	0	P99	5	0.004955	0.004955	0.031084	0.031084
8	2	307	0	P999	5	0.015930	0.015930	0.042344	0.042344
8	3	310	0	P1	3	-0.033793	-0.033793	-0.008672	-0.008672
8	3	310	0	P50	4	-0.002755	-0.002927	-0.020326	-0.020495
8	3	310	0	P75	4	0.010572	0.010572	-0.007234	-0.007234
8	3	310	0	P90	4	0.018794	0.018618	0.000843	0.000670
8	3	310	0	P95	4	0.021432	0.021432	0.003434	0.003434
8	3	310	0	P99	5	0.004955	0.004955	0.031084	0.031084
8	3	310	0	P999	5	0.015930	0.015930	0.042344	0.042344
8	4	312	0	P1	3	-0.033793	-0.033793	-0.008672	-0.008672
8	4	312	0	P50	4	-0.002733	-0.002904	-0.020305	-0.020472
8	4	312	0	P75	4	0.010661	0.010488	-0.007146	-0.007316
8	4	312	0	P90	4	0.018644	0.018644	0.000696	0.000696
8	4	312	0	P95	4	0.021436	0.021436	0.003438	0.003438
8	4	312	0	P99	5	0.004955	0.004955	0.031084	0.031084
8	4	312	0	P999	5	0.015930	0.015930	0.042344	0.042344
8	5	584	1	P1	3	-0.022164	-0.022164	-0.008037	-0.008037
8	5	584	1	P50	4	0.029386	0.029209	-0.000697	-0.000863
8	5	584	1	P75	42	-0.027542	-0.027886	0.005584	0.005172
8	5	584	1	P90	43	0.007570	0.007570	0.017853	0.017853
8	5	584	1	P95	45	-0.000068	-0.000068	0.008636	0.008636
8	5	584	1	P99	51	-0.015610	-0.015610	0.004301	0.004301
8	5	584	1	P999	60	0.025227	0.025227	0.033479	0.033479
8	6	588	2	P1	3	-0.021352	-0.021352	-0.010954	-0.010954
8	6	588	2	P50	4	0.032773	0.032596	-0.001028	-0.001194
8	6	588	2	P75	42	-0.025355	-0.025699	0.005172	0.004760
8	6	588	2	P90	43	0.010167	0.010167	0.017853	0.017853
8	6	588	2	P95	45	0.002492	0.002492	0.008636	0.008636
8	6	588	2	P99	51	-0.013138	-0.013138	0.004301	0.004301
8	6	588	2	P999	60	0.027708	0.027708	0.033479	0.033479
8	7	1113	3	P1	3	-0.017012	-0.017012	-0.006575	-0.006575
8	7	1113	3	P50	9	0.039570	0.039570	0.004048	0.004048
8	7	1113	3	P75	11	0.021442	0.021442	0.030036	0.030036
8	7	1113	3	P90	42	-0.012862	-0.012862	0.020113	0.020113
8	7	1113	3	P95	44	-0.007973	-0.007973	-0.001840	-0.001840
8	7	1113	3	P99	47	0.007350	0.007350	0.013444	0.013444
8	7	1113	3	P999	56	0.009335	0.009335	0.015147	0.015147
9	1	597	1	P1	7	-0.030118	-0.030118	-0.032424	-0.032424
9	1	597	1	P50	8	-0.014375	-0.014375	-0.016978	-0.016978
9	1	597	1	P75	8	0.003441	0.003441	0.000758	0.000758
9	1	597	1	P90	9	0.000344	0.000344	-0.002533	-0.002533
9	1	597	1	P95	9	0.014800	0.014800	0.011856	0.011856
9	1	597	1	P99	10	-0.011372	-0.011372	0.029387	0.029387
9	1	597	1	P999	10	0.003075	0.003075	0.044403	0.044403
9	2	1130	2	P1	7	-0.023989	-0.023989	-0.030586	-0.030586
9	2	1130	2	P50	8	0.003331	0.003252	-0.003841	-0.003919
9	2	1130	2	P75	9	0.005629	0.005629	-0.001851	-0.001851
9	2	1130	2	P90	10	-0.024870	-0.025194	0.010669	0.010334
9	2	1130	2	P95	10	-0.006546	-0.006546	0.029614	0.029614
9	2	1130	2	P99	11	-0.031094	-0.031094	0.004001	0.004001
9	2	1130	2	P999	61	0.028994	0.028994	0.016537	0.016537
9	3	1134	3	P1	7	-0.025267	-0.025267	-0.031852	-0.031852
9	3	1134	3	P50	8	0.003174	0.003095	-0.003997	-0.004075
9	3	1134	3	P75	9	0.005481	0.005481	-0.001998	-0.001998
9	3	1134	3	P90	10	-0.025194	-0.025194	0.010334	0.010334
9	3	1134	3	P95	10	-0.006546	-0.006546	0.029614	0.029614
9	3	1134	3	P99	11	-0.031094	-0.031094	0.004001	0.004001
9	3	1134	3	P999	61	0.028994	0.028994	0.016537	0.016537
9	4	1136	4	P1	7	-0.030157	-0.030157	-0.032484	-0.032484
9	4	1136	4	P50	8	-0.001167	-0.001246	-0.004075	-0.004153
9	4	1136	4	P75	9	0.001294	0.001146	-0.001998	-0.002145
9	4	1136	4	P90	10	-0.029202	-0.029202	0.010334	0.010334
9	4	1136	4	P95	10	-0.010617	-0.010617	0.029614	0.029614
9	4	1136	4	P99	11	-0.035016	-0.035016	0.004001	0.004001
9	4	1136	4	P999	61	0.026125	0.026125	0.016537	0.016537
9	5	1140	5	P1	4	0.004711	0.004711	0.003953	0.003953
9	5	1140	5	P50	8	-0.001324	-0.001402	-0.004230	-0.004308
9	5	1140	5	P75	9	0.001146	0.000998	-0.002145	-0.002292
9	5	1140	5	P90	10	-0.029202	-0.029525	0.010334	0.009999
9	5	1140	5	P95	10	-0.010617	-0.010946	0.029614	0.029273
9	5	1140	5	P99	11	-0.035016	-0.035016	0.004001	0.004001
9	5	1140	5	P999	61	0.026125	0.026125	0.016537	0.016537
9	6	1148	6	P1	4	0.004711	0.004711	0.003953	0.003953
9	6	1148	6	P50	8	-0.001637	-0.001715	-0.004542	-0.004619
9	6	1148	6	P75	9	0.000850	0.000702	-0.002439	-0.002586
9	6	1148	6	P90	10	-0.029525	-0.029525	0.009999	0.009999
9	6	1148	6	P95	10	-0.010946	-0.010946	0.029273	0.029273
9	6	1148	6	P99	11	-0.035016	-0.035016	0.004001	0.004001
9	6	1148	6	P999	61	0.026125	0.026125	0.016537	0.016537
9	7	1154	7	P1	4	0.004711	0.004711	0.003953	0.003953
9	7	1154	7	P50	8	-0.001872	-0.001950	-0.004775	-0.004853
9	7	1154	7	P75	9	0.000554	0.000554	-0.002733	-0.002733
9	7	1154	7	P90	10	-0.029848	-0.029848	0.009664	0.009664
9	7	1154	7	P95	10	-0.010946	-0.010946	0.029273	0.029273
9	7	1154	7	P99	11	-0.035016	-0.035016	0.004001	0.004001
9	7	1154	7	P999	61	0.026125	0.026125	0.016537	0.016537
10	1	6	1	P1	7	0.001582	0.001582	-0.012528	-0.012528
10	1	6	1	P50	8	-0.001579	-0.012367	-0.015680	-0.026313
10	1	6	1	P75	8	0.009327	0.009327	-0.004931	-0.004931
10	1	6	1	P90	8	0.020353	0.020353	0.005936	0.005936
10	1	6	1	P95	8	0.020353	0.020353	0.005936	0.005936
10	1	6	1	P99	8	0.020353	0.020353	0.005936	0.005936
10	1	6	1	P999	8	0.020353	0.020353	0.005936	0.005936
10	2	9	2	P1	7	-0.011391	-0.011391	-0.025315	-0.025315
10	2	9	2	P50	7	0.023583	0.023583	0.009157	0.009157
10	2	9	2	P75	8	-0.001579	-0.001579	-0.015680	-0.015680
10	2	9	2	P90	8	0.020353	0.020353	0.005936	0.005936
10	2	9	2	P95	8	0.020353	0.020353	0.005936	0.005936
10	2	9	2	P99	8	0.020353	0.020353	0.005936	0.005936
10	2	9	2	P999	8	0.020353	0.020353	0.005936	0.005936
10	3	11	3	P1	5	0.044065	0.044065	0.042344	0.042344
10	3	11	3	P50	7	0.002758	0.002758	0.000426	0.000426
10	3	11	3	P75	8	-0.013120	-0.013120	-0.015680	-0.015680
10	3	11	3	P90	8	-0.002318	-0.002318	-0.004931	-0.004931
10	3	11	3	P95	8	0.008602	0.008602	0.005936	0.005936
10	3	11	3	P99	8	0.008602	0.008602	0.005936	0.005936
10	3	11	3	P999	8	0.008602	0.008602	0.005936	0.005936
10	4	13	4	P1	5	0.044065	0.044065	0.042344	0.042344
10	4	13	4	P50	7	-0.000978	-0.000978	-0.003292	-0.003292
10	4	13	4	P75	8	-0.023805	-0.023805	-0.026313	-0.026313
10	4	13	4	P90	8	-0.002318	-0.002318	-0.004931	-0.004931
10	4	13	4	P95	8	0.008602	0.008602	0.005936	0.005936
10	4	13	4	P99	8	0.008602	0.008602	0.005936	0.005936
10	4	13	4	P999	8	0.008602	0.008602	0.005936	0.005936
10	5	15	5	P1	5	0.044065	0.044065	0.042344	0.042344
10	5	15	5	P50	7	-0.000978	-0.000978	-0.007151	-0.007151
10	5	15	5	P75	8	-0.023805	-0.023805	-0.026313	-0.026313
10	5	15	5	P90	8	-0.002318	-0.002318	-0.004931	-0.004931
10	5	15	5	P95	8	0.008602	0.008602	0.005936	0.005936
10	5	15	5	P99	8	0.008602	0.008602	0.005936	0.005936
10	5	15	5	P999	8	0.008602	0.008602	0.005936	0.005936
10	6	17	6	P1	5	0.017278	0.017278	0.019946	0.019946
10	6	17	6	P50	7	-0.011147	-0.011147	-0.012528	-0.012528
10	6	17	6	P75	7	0.052365	0.052365	0.009157	0.009157
10	6	17	6	P90	8	-0.006217	-0.006217	-0.004931	-0.004931
10	6	17	6	P95	8	0.004668	0.004668	0.005936	0.005936
10	6	17	6	P99	8	0.004668	0.004668	0.005936	0.005936
10	6	17	6	P999	8	0.004668	0.004668	0.005936	0.005936
10	7	20	7	P1	5	0.006256	0.006256	0.008928	0.008928
10	7	20	7	P50	7	-0.017283	-0.023382	-0.017876	-0.023196
10	7	20	7	P75	7	0.052365	0.007493	0.009157	0.003691
10	7	20	7	P90	8	-0.006217	-0.016984	-0.004931	-0.015680
10	7	20	7	P95	8	0.004668	-0.006217	0.005936	-0.004931
10	7	20	7	P99	8	0.004668	0.004668	0.005936	0.005936
10	7	20	7	P999	8	0.004668	0.004668	0.005936	0.005936
11	1	6	1	P1	7	0.001582	0.001582	-0.012528	-0.012528
11	1	6	1	P50	8	0.005679	-0.008784	-0.008527	-0.022781
11	1	6	1	P75	8	0.020353	0.020353	0.005936	0.005936
11	1	6	1	P90	9	0.033278	0.033278	0.018642	0.018642
11	1	6	1	P95	9	0.033278	0.033278	0.018642	0.018642
11	1	6	1	P99	9	0.033278	0.033278	0.018642	0.018642
11	1	6	1	P999	9	0.033278	0.033278	0.018642	0.018642
11	2	9	2	P1	6	0.003638	0.003638	0.033479	0.033479
11	2	9	2	P50	7	0.023583	0.023583	0.009157	0.009157
11	2	9	2	P75	8	0.005679	0.005679	-0.008527	-0.008527
11	2	9	2	P90	9	0.033278	0.033278	0.018642	0.018642
11	2	9	2	P95	9	0.033278	0.033278	0.018642	0.018642
11	2	9	2	P99	9	0.033278	0.033278	0.018642	0.018642
11	2	9	2	P999	9	0.033278	0.033278	0.018642	0.018642
11	3	12	3	P1	6	0.003638	0.003638	0.033479	0.033479
11	3	12	3	P50	7	0.023583	0.016196	0.009157	0.001876
11	3	12	3	P75	8	0.009327	-0.001579	-0.004931	-0.015680
11	3	12	3	P90	8	0.020353	0.020353	0.005936	0.005936
11	3	12	3	P95	9	0.033278	0.033278	0.018642	0.018642
11	3	12	3	P99	9	0.033278	0.033278	0.018642	0.018642
11	3	12	3	P999	9	0.033278	0.033278	0.018642	0.018642
11	4	1513	4	P1	6	-0.035762	-0.035762	-0.007082	-0.007082
11	4	1513	4	P50	7	0.002023	0.002023	-0.012093	-0.012093
11	4	1513	4	P75	7	0.017323	0.017323	0.002987	0.002987
11	4	1513	4	P90	8	-0.008177	-0.008177	-0.022183	-0.022183
11	4	1513	4	P95	8	0.007321	0.007321	-0.006907	-0.006907
11	4	1513	4	P99	8	0.019728	0.019728	0.005321	0.005321
11	4	1513	4	P999	45	0.031696	0.031696	0.016635	0.016635
11	5	2031	5	P1	5	0.019647	0.019647	0.018021	0.018021
11	5	2031	5	P50	7	-0.016282	-0.016282	-0.019725	-0.019725
11	5	2031	5	P75	7	0.003999	0.003999	-0.001155	-0.001155
11	5	2031	5	P90	8	-0.029228	-0.029228	-0.031757	-0.031757
11	5	2031	5	P95	8	-0.008773	-0.008773	-0.011594	-0.011594
11	5	2031	5	P99	8	0.007778	0.007778	0.004717	0.004717
11	5	2031	5	P999	45	0.023401	0.023401	0.016635	0.016635
11	6	2034	6	P1	5	0.019647	0.019647	0.018021	0.018021
11	6	2034	6	P50	7	-0.016242	-0.016282	-0.019713	-0.019749
11	6	2034	6	P75	7	0.004039	0.004039	-0.001174	-0.001174
11	6	2034	6	P90	8	-0.029228	-0.029228	-0.031757	-0.031757
11	6	2034	6	P95	8	-0.008773	-0.008773	-0.011594	-0.011594
11	6	2034	6	P99	8	0.007778	0.007778	0.004717	0.004717
11	6	2034	6	P999	45	0.023401	0.023401	0.016635	0.016635
11	7	2037	7	P1	5	0.019216	0.019216	0.017592	0.017592
11	7	2037	7	P50	7	-0.016321	-0.016321	-0.019785	-0.019785
11	7	2037	7	P75	7	0.003999	0.003999	-0.001211	-0.001211
11	7	2037	7	P90	8	-0.029228	-0.029228	-0.031757	-0.031757
11	7	2037	7	P95	8	-0.008773	-0.008773	-0.011594	-0.011594
11	7	2037	7	P99	8	0.007778	0.007778	0.004717	0.004717
11	7	2037	7	P999	45	0.023401	0.023401	0.016635	0.016635
12	1	7	1	P1	5	-0.003034	-0.003034	0.012587	0.012587
12	1	7	1	P50	6	-0.014963	-0.014963	0.000347	0.000347
12	1	7	1	P75	6	0.006684	0.006684	0.022315	0.022315
12	1	7	1	P90	6	0.017686	0.017686	0.033479	0.033479
12	1	7	1	P95	6	0.017686	0.017686	0.033479	0.033479
12	1	7	1	P99	6	0.017686	0.017686	0.033479	0.033479
12	1	7	1	P999	6	0.017686	0.017686	0.033479	0.033479
12	2	13	2	P1	5	-0.008797	-0.008797	0.006739	0.006739
12	2	13	2	P50	6	-0.014963	-0.014963	0.000347	0.000347
12	2	13	2	P75	6	0.001228	0.001228	0.016778	0.016778
12	2	13	2	P90	6	0.012170	0.012170	0.027882	0.027882
12	2	13	2	P95	6	0.017686	0.017686	0.033479	0.033479
12	2	13	2	P99	6	0.017686	0.017686	0.033479	0.033479
12	2	13	2	P999	6	0.017686	0.017686	0.033479	0.033479
12	3	18	3	P1	5	-0.006002	-0.006002	0.005282	0.005282
12	3	18	3	P50	6	-0.003189	-0.008603	0.006887	0.002522
12	3	18	3	P75	6	0.018761	0.018761	0.024538	0.024538
12	3	18	3	P90	7	-0.015639	-0.015639	-0.012528	-0.012528
12	3	18	3	P95	7	0.006038	0.006038	0.009157	0.009157
12	3	18	3	P99	7	0.006038	0.006038	0.009157	0.009157
12	3	18	3	P999	7	0.006038	0.006038	0.009157	0.009157
12	4	23	4	P1	5	-0.006002	-0.006002	0.002858	0.002858
12	4	23	4	P50	6	-0.009682	-0.009682	0.000347	0.000347
12	4	23	4	P75	6	0.016545	0.016545	0.022315	0.022315
12	4	23	4	P90	6	0.029917	0.029917	0.033479	0.033479
12	4	23	4	P95	7	-0.015639	-0.015639	-0.012528	-0.012528
12	4	23	4	P99	7	0.006038	0.006038	0.009157	0.009157
12	4	23	4	P999	7	0.006038	0.006038	0.009157	0.009157
12	5	28	5	P1	5	-0.004646	-0.004646	0.002858	0.002858
12	5	28	5	P50	6	0.004760	0.000391	0.011271	0.007617
12	5	28	5	P75	7	-0.021353	-0.115964	-0.019653	-0.114161
12	5	28	5	P90	8	-0.009819	-0.009819	-0.008527	-0.008527
12	5	28	5	P95	8	0.004668	0.004668	0.005936	0.005936
12	5	28	5	P99	9	0.017752	0.017752	0.018642	0.018642
12	5	28	5	P999	9	0.017752	0.017752	0.018642	0.018642
12	6	33	6	P1	4	0.045181	0.045181	0.003953	0.003953
12	6	33	6	P50	6	-0.001786	-0.001786	0.005014	0.005014
12	6	33	6	P75	6	0.027637	0.027637	0.030277	0.030277
12	6	33	6	P90	8	-0.024098	-0.024098	-0.022781	-0.022781
12	6	33	6	P95	8	0.004668	0.004668	0.005936	0.005936
12	6	33	6	P99	9	0.017752	0.017752	0.018642	0.018642
12	6	33	6	P999	9	0.017752	0.017752	0.018642	0.018642
12	7	54	7	P1	4	0.045181	0.045181	0.003953	0.003953
12	7	54	7	P50	6	0.001326	-0.000231	0.005430	0.003975
12	7	54	7	P75	6	0.021790	0.021790	0.024538	0.024538
12	7	54	7	P90	7	-0.007035	-0.007035	-0.005352	-0.005352
12	7	54	7	P95	8	-0.009819	-0.009819	-0.008527	-0.008527
12	7	54	7	P99	9	0.017752	0.017752	0.018642	0.018642
12	7	54	7	P999	9	0.017752	0.017752	0.018642	0.018642
13	1	178	1	P1	5	-0.015185	-0.015185	0.000255	0.000255
13	1	178	1	P50	6	-0.007741	-0.008094	0.007676	0.007318
13	1	178	1	P75	6	0.007941	0.007941	0.023590	0.023590
13	1	178	1	P90	6	0.017686	0.017686	0.033479	0.033479
13	1	178	1	P95	7	0.018434	0.018434	-0.009843	-0.009843
13	1	178	1	P99	7	0.037991	0.037991	0.009157	0.009157
13	1	178	1	P999	8	0.034777	0.034777	0.005936	0.005936
13	2	188	2	P1	5	-0.015435	-0.015435	0.000002	0.000002
13	2	188	2	P50	6	-0.008451	-0.008790	0.006956	0.006612
13	2	188	2	P75	6	0.007632	0.007287	0.023277	0.022927
13	2	188	2	P90	6	0.017337	0.017337	0.033125	0.033125
13	2	188	2	P95	7	0.015671	0.015671	-0.012528	-0.012528
13	2	188	2	P99	7	0.037991	0.037991	0.009157	0.009157
13	2	188	2	P999	8	0.034777	0.034777	0.005936	0.005936
13	3	190	3	P1	5	-0.004031	-0.004031	0.000002	0.000002
13	3	190	3	P50	6	0.003415	0.003070	0.007161	0.006819
13	3	190	3	P75	6	0.019723	0.019723	0.023356	0.023356
13	3	190	3	P90	6	0.029917	0.029564	0.033479	0.033128
13	3	190	3	P95	7	0.028192	0.028192	-0.011266	-0.011266
13	3	190	3	P99	7	0.050834	0.050834	0.009157	0.009157
13	3	190	3	P999	8	0.047854	0.047854	0.005936	0.005936
13	4	192	4	P1	5	-0.002673	-0.002673	0.000002	0.000002
13	4	192	4	P50	6	0.005174	0.004829	0.007503	0.007161
13	4	192	4	P75	6	0.021865	0.021514	0.024051	0.023704
13	4	192	4	P90	7	0.007493	0.007493	-0.031275	-0.031275
13	4	192	4	P95	7	0.035308	0.035308	-0.006199	-0.006199
13	4	192	4	P99	8	0.004668	0.004668	-0.008527	-0.008527
13	4	192	4	P999	8	0.049413	0.049413	0.005936	0.005936
13	5	197	5	P1	5	-0.002673	-0.002673	0.000002	0.000002
13	5	197	5	P50	6	0.005864	0.005864	0.008187	0.008187
13	5	197	5	P75	6	0.022917	0.022917	0.025094	0.025094
13	5	197	5	P90	7	0.015758	0.015758	-0.020400	-0.020400
13	5	197	5	P95	7	0.043802	0.043802	0.002258	0.002258
13	5	197	5	P99	8	0.004668	0.004668	-0.001321	-0.001321
13	5	197	5	P999	8	0.049413	0.049413	0.005936	0.005936
13	6	202	6	P1	5	-0.001684	-0.001684	0.000990	0.000990
13	6	202	6	P50	6	0.006445	0.006108	0.008759	0.008424
13	6	202	6	P75	6	0.023455	0.023455	0.025626	0.025626
13	6	202	6	P90	7	0.017296	0.017296	-0.019653	-0.019653
13	6	202	6	P95	7	0.042223	0.042223	0.000840	0.000840
13	6	202	6	P99	8	-0.004050	-0.004050	-0.008527	-0.008527
13	6	202	6	P999	8	0.049413	0.049413	0.005936	0.005936
13	7	208	7	P1	5	-0.001684	-0.001684	0.000990	0.000990
13	7	208	7	P50	6	0.007120	0.006783	0.009608	0.009276
13	7	208	7	P75	6	0.024828	0.024484	0.027036	0.026698
13	7	208	7	P90	7	0.017296	0.017296	-0.014177	-0.014177
13	7	208	7	P95	7	0.042223	0.042223	0.002434	0.002434
13	7	208	7	P99	8	-0.004050	-0.004050	-0.008527	-0.008527
13	7	208	7	P999	8	0.049413	0.049413	0.005936	0.005936
14	1	10	1	P1	8	-0.012578	-0.012578	-0.029832	-0.029832
14	1	10	1	P50	8	0.023837	0.016448	0.005936	-0.001321
14	1	10	1	P75	9	0.021901	0.021901	0.003997	0.003997
14	1	10	1	P90	20	0.020101	-0.533435	0.001975	-0.541611
14	1	10	1	P95	20	0.020101	0.020101	0.001975	0.001975
14	1	10	1	P99	20	0.020101	0.020101	0.001975	0.001975
14	1	10	1	P999	20	0.020101	0.020101	0.001975	0.001975
14	2	15	2	P1	6	-0.026951	-0.026951	0.000347	0.000347
14	2	15	2	P50	8	0.000152	0.000152	-0.015680	-0.015680
14	2	15	2	P75	9	0.005549	0.005549	-0.010438	-0.010438
14	2	15	2	P90	9	0.035116	0.035116	0.018642	0.018642
14	2	15	2	P95	20	0.018632	0.018632	0.001975	0.001975
14	2	15	2	P99	20	0.018632	0.018632	0.001975	0.001975
14	2	15	2	P999	20	0.018632	0.018632	0.001975	0.001975
14	3	97	3	P1	6	-0.033657	-0.033657	-0.006543	-0.006543
14	3	97	3	P50	7	0.008656	0.008656	-0.007240	-0.007240
14	3	97	3	P75	8	-0.019323	-0.019323	-0.034836	-0.034836
14	3	97	3	P90	8	0.011604	0.011604	-0.004416	-0.004416
14	3	97	3	P95	8	0.022128	0.022128	0.005936	0.005936
14	3	97	3	P99	20	0.018632	0.018632	0.001975	0.001975
14	3	97	3	P999	20	0.018632	0.018632	0.001975	0.001975
14	4	99	4	P1	6	-0.033657	-0.033657	-0.006543	-0.006543
14	4	99	4	P50	7	0.009375	0.009375	-0.006532	-0.006532
14	4	99	4	P75	8	-0.015255	-0.015255	-0.030835	-0.030835
14	4	99	4	P90	8	0.015801	0.015801	-0.000288	-0.000288
14	4	99	4	P95	9	0.005549	0.005549	-0.003247	-0.003247
14	4	99	4	P99	20	0.018632	0.018632	0.001975	0.001975
14	4	99	4	P999	20	0.018632	0.018632	0.001975	0.001975
14	5	107	5	P1	5	0.013413	0.013413	0.015524	0.015524
14	5	107	5	P50	7	-0.010472	-0.010472	-0.009359	-0.009359
14	5	107	5	P75	8	-0.035603	-0.035603	-0.034836	-0.034836
14	5	107	5	P90	8	-0.003045	-0.003045	-0.002354	-0.002354
14	5	107	5	P95	9	-0.025056	-0.025056	-0.014014	-0.014014
14	5	107	5	P99	11	-0.008120	-0.008120	0.035645	0.035645
14	5	107	5	P999	20	0.004116	0.004116	0.001975	0.001975
14	6	111	6	P1	5	0.005592	0.005592	0.007711	0.007711
14	6	111	6	P50	7	-0.011885	-0.011885	-0.010769	-0.010769
14	6	111	6	P75	7	0.008080	0.008080	0.009157	0.009157
14	6	111	6	P90	8	-0.005111	-0.005111	-0.004416	-0.004416
14	6	111	6	P95	9	-0.025056	-0.025056	-0.014014	-0.014014
14	6	111	6	P99	11	-0.008120	-0.008120	0.035645	0.035645
14	6	111	6	P999	20	0.004116	0.004116	0.001975	0.001975
14	7	113	7	P1	5	0.005592	0.005592	0.007711	0.007711
14	7	113	7	P50	7	-0.012590	-0.012590	-0.011473	-0.011473
14	7	113	7	P75	7	0.007360	0.007360	0.008438	0.008438
14	7	113	7	P90	8	-0.005111	-0.005111	-0.004416	-0.004416
14	7	113	7	P95	9	-0.025056	-0.025056	-0.014014	-0.014014
14	7	113	7	P99	11	-0.008120	-0.008120	0.035645	0.035645
14	7	113	7	P999	20	0.004116	0.004116	0.001975	0.001975
15	1	128	1	P1	5	-0.001805	-0.001805	0.042344	0.042344
15	1	128	1	P50	7	-0.020799	-0.021382	-0.021761	-0.022335
15	1	128	1	P75	7	-0.001933	-0.002528	-0.003209	-0.003794
15	1	128	1	P90	7	0.009440	0.009440	0.007972	0.007972
15	1	128	1	P95	8	-0.018877	-0.018877	-0.019947	-0.019947
15	1	128	1	P99	8	0.002713	0.002713	0.001575	0.001575
15	1	128	1	P999	8	0.007088	0.007088	0.005936	0.005936
15	2	274	2	P1	5	-0.001184	-0.001184	-0.000163	-0.000163
15	2	274	2	P50	6	0.006065	0.005489	0.014746	0.014359
15	2	274	2	P75	7	-0.021382	-0.021382	-0.022782	-0.022782
15	2	274	2	P90	7	0.002840	0.002840	0.000087	0.000087
15	2	274	2	P95	7	0.032269	0.032269	0.008018	0.008018
15	2	274	2	P99	8	0.002713	0.002713	0.001575	0.001575
15	2	274	2	P999	9	0.020080	0.020080	0.018642	0.018642
15	3	282	3	P1	5	-0.001209	-0.001209	-0.000235	-0.000235
15	3	282	3	P50	6	0.005805	0.005258	0.014254	0.013881
15	3	282	3	P75	7	-0.021966	-0.021966	-0.023468	-0.023468
15	3	282	3	P90	7	0.002840	0.002840	-0.000354	-0.000354
15	3	282	3	P95	7	0.027785	0.027785	0.007472	0.007472
15	3	282	3	P99	8	0.002713	0.002713	0.001575	0.001575
15	3	282	3	P999	9	0.020080	0.020080	0.018642	0.018642
15	4	288	4	P1	5	-0.001225	-0.001225	-0.000280	-0.000280
15	4	288	4	P50	6	0.005571	0.005050	0.013795	0.013434
15	4	288	4	P75	7	-0.022549	-0.023132	-0.024011	-0.024555
15	4	288	4	P90	7	0.002840	0.002840	-0.000354	-0.000354
15	4	288	4	P95	7	0.027785	0.027785	0.007472	0.007472
15	4	288	4	P99	8	0.002713	0.002713	0.001575	0.001575
15	4	288	4	P999	9	0.020080	0.020080	0.018642	0.018642
15	5	326	5	P1	5	-0.000731	-0.000731	0.000121	0.000121
15	5	326	5	P50	6	0.006595	0.006208	0.012873	0.012581
15	5	326	5	P75	7	-0.026621	-0.026621	-0.028030	-0.028030
15	5	326	5	P90	7	0.002242	0.002242	-0.002146	-0.002146
15	5	326	5	P95	7	0.026667	0.026667	0.006454	0.006454
15	5	326	5	P99	8	-0.001643	-0.001643	-0.002767	-0.002767
15	5	326	5	P999	9	0.020080	0.020080	0.018642	0.018642
15	6	927	6	P1	5	0.000881	0.000881	0.003084	0.003084
15	6	927	6	P50	7	-0.031850	-0.031850	-0.032637	-0.032637
15	6	927	6	P75	7	-0.007584	-0.007584	-0.008912	-0.008912
15	6	927	6	P90	7	0.007244	0.007244	0.005580	0.005580
15	6	927	6	P95	8	-0.025687	-0.025687	-0.026736	-0.026736
15	6	927	6	P99	8	0.006211	0.006211	0.005062	0.005062
15	6	927	6	P999	19	0.012824	0.012824	0.009870	0.009870
15	7	1589	7	P1	5	0.004114	0.004114	0.006129	0.006129
15	7	1589	7	P50	7	-0.017141	-0.017141	-0.018103	-0.018103
15	7	1589	7	P75	7	0.003872	0.003872	0.002641	0.002641
15	7	1589	7	P90	8	-0.016681	-0.016681	-0.017757	-0.017757
15	7	1589	7	P95	8	-0.003434	-0.003434	-0.004552	-0.004552
15	7	1589	7	P99	9	-0.012688	-0.012688	-0.014014	-0.014014
15	7	1589	7	P999	23	-0.004169	-0.004169	0.036646	0.036646
16	1	784	0	P1	5	-0.019887	-0.019887	-0.000338	-0.000338
16	1	784	0	P50	6	-0.013257	-0.013338	0.006424	0.006342
16	1	784	0	P75	6	0.002755	0.002672	0.022756	0.022672
16	1	784	0	P90	6	0.012436	0.012436	0.032630	0.032630
16	1	784	0	P95	7	0.007925	0.007925	-0.015678	-0.015678
16	1	784	0	P99	7	0.028743	0.028743	0.004653	0.004653
16	1	784	0	P999	7	0.033354	0.033354	0.009157	0.009157
16	2	845	0	P1	5	-0.019844	-0.019844	-0.000294	-0.000294
16	2	845	0	P50	6	-0.013724	-0.013724	0.005948	0.005948
16	2	845	0	P75	6	0.002322	0.002322	0.022315	0.022315
16	2	845	0	P90	6	0.012106	0.012106	0.032294	0.032294
16	2	845	0	P95	7	0.006386	0.006386	-0.017181	-0.017181
16	2	845	0	P99	7	0.028162	0.028162	0.004086	0.004086
16	2	845	0	P999	7	0.033354	0.033354	0.009157	0.009157
16	3	1039	1	P1	5	-0.003908	-0.003908	0.000126	0.000126
16	3	1039	1	P50	6	0.008035	0.008035	0.012459	0.012459
16	3	1039	1	P75	6	0.028339	0.028339	0.031963	0.031963
16	3	1039	1	P90	7	0.006038	0.006038	-0.005493	-0.005493
16	3	1039	1	P95	7	0.039615	0.039615	0.005527	0.005527
16	3	1039	1	P99	8	-0.008663	-0.008663	-0.005913	-0.005913
16	3	1039	1	P999	8	0.003185	0.003185	0.005936	0.005936
16	4	1816	2	P1	5	-0.002749	-0.002749	0.001286	0.001286
16	4	1816	2	P50	6	0.011890	0.011849	0.015826	0.015786
16	4	1816	2	P75	7	-0.032209	-0.032519	-0.032272	-0.032370
16	4	1816	2	P90	7	0.029039	0.029039	-0.005116	-0.005116
16	4	1816	2	P95	7	0.043153	0.043153	0.004138	0.004138
16	4	1816	2	P99	8	-0.009971	-0.009971	-0.010465	-0.010465
16	4	1816	2	P999	24	0.037933	0.037933	0.037565	0.037565
16	5	1818	3	P1	5	-0.002749	-0.002749	0.001286	0.001286
16	5	1818	3	P50	6	0.011930	0.011890	0.015866	0.015826
16	5	1818	3	P75	7	-0.031935	-0.031935	-0.032177	-0.032177
16	5	1818	3	P90	7	0.029193	0.029193	-0.004982	-0.004982
16	5	1818	3	P95	7	0.043310	0.043310	0.004252	0.004252
16	5	1818	3	P99	8	-0.009586	-0.009586	-0.010037	-0.010037
16	5	1818	3	P999	24	0.037933	0.037933	0.037565	0.037565
16	6	1902	4	P1	5	-0.001206	-0.001206	0.001468	0.001468
16	6	1902	4	P50	6	0.015073	0.015032	0.017541	0.017501
16	6	1902	4	P75	7	-0.010922	-0.010922	-0.025968	-0.025968
16	6	1902	4	P90	7	0.042328	0.042328	0.002622	0.002622
16	6	1902	4	P95	8	-0.016633	-0.016633	-0.016666	-0.016666
16	6	1902	4	P99	9	0.008590	0.008590	0.009498	0.009498
16	6	1902	4	P999	24	0.039745	0.039745	0.037565	0.037565
16	7	1914	5	P1	5	-0.001206	-0.001206	0.001468	0.001468
16	7	1914	5	P50	6	0.014950	0.014909	0.017550	0.017510
16	7	1914	5	P75	7	-0.011455	-0.011455	-0.026022	-0.026022
16	7	1914	5	P90	7	0.042171	0.042171	0.002566	0.002566
16	7	1914	5	P95	8	-0.016633	-0.016633	-0.016666	-0.016666
16	7	1914	5	P99	9	0.008590	0.008590	0.009498	0.009498
16	7	1914	5	P999	24	0.039745	0.039745	0.037565	0.037565
17	1	1368	0	P1	5	-0.010827	-0.010827	0.000322	0.000322
17	1	1368	0	P50	6	0.002940	0.002881	0.014244	0.014185
17	1	1368	0	P75	7	0.000702	0.000575	-0.031043	-0.031166
17	1	1368	0	P90	7	0.027104	0.027104	-0.005479	-0.005479
17	1	1368	0	P95	7	0.036015	0.036015	0.003149	0.003149
17	1	1368	0	P99	8	0.019728	0.019728	-0.012620	-0.012620
17	1	1368	0	P999	43	0.007334	0.007334	0.018688	0.018688
17	2	1428	0	P1	5	-0.010736	-0.010736	0.000414	0.000414
17	2	1428	0	P50	6	0.002869	0.002813	0.014172	0.014116
17	2	1428	0	P75	7	0.000122	-0.000001	-0.031605	-0.031724
17	2	1428	0	P90	7	0.026813	0.026813	-0.005760	-0.005760
17	2	1428	0	P95	7	0.035825	0.035825	0.002966	0.002966
17	2	1428	0	P99	8	0.016569	0.016569	-0.015680	-0.015680
17	2	1428	0	P999	43	0.007334	0.007334	0.018688	0.018688
17	3	2255	0	P1	5	-0.011104	-0.011104	0.000042	0.000042
17	3	2255	0	P50	6	-0.001338	-0.001338	0.009918	0.009918
17	3	2255	0	P75	6	0.016995	0.016995	0.028458	0.028458
17	3	2255	0	P90	7	0.018915	0.018915	-0.013408	-0.013408
17	3	2255	0	P95	7	0.031822	0.031822	-0.000910	-0.000910
17	3	2255	0	P99	7	0.042219	0.042219	0.009157	0.009157
17	3	2255	0	P999	43	-0.014312	-0.014312	-0.003202	-0.003202
17	4	2261	1	P1	5	0.001598	0.001598	0.000042	0.000042
17	4	2261	1	P50	6	0.012034	0.012034	0.010016	0.010016
17	4	2261	1	P75	6	0.030689	0.030689	0.028590	0.028590
17	4	2261	1	P90	7	0.033101	0.033101	-0.013020	-0.013020
17	4	2261	1	P95	7	0.046218	0.046218	-0.000613	-0.000613
17	4	2261	1	P99	8	0.008602	0.008602	-0.029832	-0.029832
17	4	2261	1	P999	43	0.003282	0.003282	-0.003202	-0.003202
17	5	2358	2	P1	5	0.001686	0.001686	0.000129	0.000129
17	5	2358	2	P50	6	0.013639	0.013606	0.011614	0.011581
17	5	2358	2	P75	6	0.033124	0.033124	0.031015	0.031015
17	5	2358	2	P90	7	0.042138	0.042138	-0.004136	-0.004136
17	5	2358	2	P95	7	0.055959	0.055959	0.008613	0.008613
17	5	2358	2	P99	9	-0.019516	-0.019516	-0.022308	-0.022308
17	5	2358	2	P999	43	0.003282	0.003282	-0.003202	-0.003202
17	6	2851	3	P1	5	0.001867	0.001867	0.000310	0.000310
17	6	2851	3	P50	6	0.013654	0.013654	0.011629	0.011629
17	6	2851	3	P75	6	0.032117	0.032117	0.030013	0.030013
17	6	2851	3	P90	7	0.039348	0.039348	-0.006779	-0.006779
17	6	2851	3	P95	7	0.053798	0.053798	0.006609	0.006609
17	6	2851	3	P99	8	0.047773	0.047773	0.004954	0.004954
17	6	2851	3	P999	49	0.025380	0.025380	0.018397	0.018397
17	7	2853	4	P1	5	0.001867	0.001867	0.000310	0.000310
17	7	2853	4	P50	6	0.013653	0.013653	0.011628	0.011628
17	7	2853	4	P75	6	0.032095	0.032095	0.029991	0.029991
17	7	2853	4	P90	7	0.039348	0.039348	-0.006779	-0.006779
17	7	2853	4	P95	7	0.053798	0.053798	0.006609	0.006609
17	7	2853	4	P99	8	0.047773	0.047773	0.004954	0.004954
17	7	2853	4	P999	49	0.025380	0.025380	0.018397	0.018397
18	1	98	1	P1	5	0.000081	0.000081	0.008928	0.008928
18	1	98	1	P50	6	0.009639	0.009011	0.018199	0.017567
18	1	98	1	P75	6	0.024819	0.024819	0.033479	0.033479
18	1	98	1	P90	7	0.031101	0.031101	-0.004697	-0.004697
18	1	98	1	P95	7	0.041352	0.041352	0.005179	0.005179
18	1	98	1	P99	10	-0.007476	-0.007476	0.044403	0.044403
18	1	98	1	P999	10	-0.007476	-0.007476	0.044403	0.044403
18	2	101	2	P1	5	0.011023	0.011023	0.019946	0.019946
18	2	101	2	P50	6	0.009447	0.009447	0.018006	0.018006
18	2	101	2	P75	6	0.024819	0.024819	0.033479	0.033479
18	2	101	2	P90	7	0.029771	0.029771	-0.005978	-0.005978
18	2	101	2	P95	7	0.039562	0.039562	0.003454	0.003454
18	2	101	2	P99	9	0.010859	0.010859	0.018642	0.018642
18	2	101	2	P999	10	-0.007476	-0.007476	0.044403	0.044403
18	3	108	3	P1	5	0.011023	0.011023	0.019946	0.019946
18	3	108	3	P50	6	0.009130	0.008574	0.017687	0.017127
18	3	108	3	P75	6	0.024255	0.023691	0.032911	0.032343
18	3	108	3	P90	7	0.029771	0.029771	-0.005978	-0.005978
18	3	108	3	P95	7	0.039562	0.039562	0.003454	0.003454
18	3	108	3	P99	9	0.010859	0.010859	0.018642	0.018642
18	3	108	3	P999	10	-0.007476	-0.007476	0.044403	0.044403
18	4	111	4	P1	5	0.011023	0.011023	0.019946	0.019946
18	4	111	4	P50	6	0.008972	0.008972	0.017528	0.017528
18	4	111	4	P75	6	0.024269	0.024269	0.032925	0.032925
18	4	111	4	P90	7	0.028554	0.028554	-0.007151	-0.007151
18	4	111	4	P95	7	0.039808	0.039808	0.003691	0.003691
18	4	111	4	P99	9	0.010859	0.010859	0.018642	0.018642
18	4	111	4	P999	10	-0.007476	-0.007476	0.044403	0.044403
18	5	114	5	P1	5	0.011023	0.011023	0.019946	0.019946
18	5	114	5	P50	6	0.009515	0.008972	0.018260	0.017721
18	5	114	5	P75	6	0.024819	0.024819	0.033479	0.033479
18	5	114	5	P90	7	0.028554	0.028554	-0.005906	-0.005906
18	5	114	5	P95	7	0.039808	0.039808	0.004110	0.004110
18	5	114	5	P99	9	0.010859	0.010859	0.018642	0.018642
18	5	114	5	P999	10	-0.007476	-0.007476	0.044403	0.044403
18	6	117	6	P1	5	0.011023	0.011023	0.019946	0.019946
18	6	117	6	P50	6	0.010057	0.010057	0.018800	0.018800
18	6	117	6	P75	7	0.000949	0.000949	-0.030633	-0.030633
18	6	117	6	P90	7	0.032816	0.032816	-0.002146	-0.002146
18	6	117	6	P95	7	0.043662	0.043662	0.007534	0.007534
18	6	117	6	P99	9	0.010859	0.010859	0.018642	0.018642
18	6	117	6	P999	10	-0.007476	-0.007476	0.044403	0.044403
18	7	120	7	P1	5	0.011023	0.011023	0.019946	0.019946
18	7	120	7	P50	6	0.011143	0.010600	0.019880	0.019340
18	7	120	7	P75	7	0.006191	0.004441	-0.025942	-0.027508
18	7	120	7	P90	7	0.038225	0.036419	0.002682	0.001070
18	7	120	7	P95	8	0.015531	0.006729	-0.019947	-0.028426
18	7	120	7	P99	9	0.010859	0.010859	0.018642	0.018642
18	7	120	7	P999	10	-0.007476	-0.007476	0.044403	0.044403
19	1	782	1	P1	10	-0.019216	-0.019216	0.002510	0.002510
19	1	782	1	P50	11	0.001550	0.001455	0.023561	0.023464
19	1	782	1	P75	12	-0.015371	-0.015371	0.006166	0.006166
19	1	782	1	P90	12	0.008789	0.008789	0.030817	0.030817
19	1	782	1	P95	13	-0.006395	-0.006395	0.015206	0.015206
19	1	782	1	P99	14	0.009506	0.009506	-0.012530	-0.012530
19	1	782	1	P999	16	0.030648	0.030648	0.007923	0.007923
19	2	787	2	P1	10	-0.019308	-0.019308	0.002417	0.002417
19	2	787	2	P50	11	0.001343	0.001343	0.023351	0.023351
19	2	787	2	P75	12	-0.015575	-0.015575	0.005958	0.005958
19	2	787	2	P90	12	0.008789	0.008789	0.030817	0.030817
19	2	787	2	P95	13	-0.006395	-0.006395	0.015206	0.015206
19	2	787	2	P99	14	0.009506	0.009506	-0.012530	-0.012530
19	2	787	2	P999	16	0.030648	0.030648	0.007923	0.007923
19	3	1388	3	P1	6	-0.026491	-0.026491	-0.004170	-0.004170
19	3	1388	3	P50	11	-0.026375	-0.026467	-0.004936	-0.005029
19	3	1388	3	P75	11	0.005896	0.005802	0.027997	0.027900
19	3	1388	3	P90	12	-0.003467	-0.003467	0.018312	0.018312
19	3	1388	3	P95	12	0.010881	0.010881	0.032952	0.032952
19	3	1388	3	P99	13	0.020490	0.020490	0.042635	0.042635
19	3	1388	3	P999	14	0.033750	0.033750	0.011149	0.011149
19	4	1745	4	P1	6	-0.024806	-0.024806	-0.002449	-0.002449
19	4	1745	4	P50	8	0.016956	0.016956	-0.004437	-0.004437
19	4	1745	4	P75	11	-0.002575	-0.002575	0.019352	0.019352
19	4	1745	4	P90	12	-0.010872	-0.010872	0.010756	0.010756
19	4	1745	4	P95	12	0.007118	0.007118	0.029113	0.029113
19	4	1745	4	P99	13	0.016462	0.016462	0.038525	0.038525
19	4	1745	4	P999	14	0.033750	0.033750	0.011149	0.011149
19	5	1839	5	P1	6	-0.024369	-0.024369	-0.002003	-0.002003
19	5	1839	5	P50	8	0.014012	0.014012	-0.007315	-0.007315
19	5	1839	5	P75	11	-0.004729	-0.004729	0.017154	0.017154
19	5	1839	5	P90	12	-0.012715	-0.012715	0.008876	0.008876
19	5	1839	5	P95	12	0.006284	0.006284	0.028261	0.028261
19	5	1839	5	P99	13	0.015457	0.015457	0.037500	0.037500
19	5	1839	5	P999	14	0.033750	0.033750	0.011149	0.011149
19	6	1923	6	P1	6	-0.023931	-0.023931	-0.001555	-0.001555
19	6	1923	6	P50	8	0.012809	0.012809	-0.008491	-0.008491
19	6	1923	6	P75	11	-0.006598	-0.006598	0.015247	0.015247
19	6	1923	6	P90	12	-0.014424	-0.014424	0.007132	0.007132
19	6	1923	6	P95	12	0.005281	0.005281	0.027238	0.027238
19	6	1923	6	P99	13	0.014454	0.014454	0.036476	0.036476
19	6	1923	6	P999	14	0.033750	0.033750	0.011149	0.011149
19	7	2007	7	P1	6	-0.023493	-0.023493	-0.001108	-0.001108
19	7	2007	7	P50	8	0.016638	0.016638	-0.004748	-0.004748
19	7	2007	7	P75	11	-0.008509	-0.008509	0.013296	0.013296
19	7	2007	7	P90	12	-0.016048	-0.016048	0.005475	0.005475
19	7	2007	7	P95	12	0.004452	0.004452	0.026392	0.026392
19	7	2007	7	P99	13	0.013451	0.013451	0.035453	0.035453
19	7	2007	7	P999	14	0.030009	0.030009	0.007495	0.007495
20	1	1238	1	P1	6	-0.032295	-0.032295	-0.006248	-0.006248
20	1	1238	1	P50	8	-0.014424	-0.014508	-0.031153	-0.031236
20	1	1238	1	P75	8	0.011884	0.011884	-0.005312	-0.005312
20	1	1238	1	P90	9	0.006491	0.006491	-0.010698	-0.010698
20	1	1238	1	P95	9	0.023069	0.023069	0.005584	0.005584
20	1	1238	1	P99	9	0.036365	0.036365	0.018642	0.018642
20	1	1238	1	P999	48	0.014019	0.014019	0.039614	0.039614
20	2	1932	2	P1	6	-0.030078	-0.030078	-0.003973	-0.003973
20	2	1932	2	P50	8	0.015167	0.015081	-0.002087	-0.002172
20	2	1932	2	P75	10	-0.018981	-0.019077	0.007019	0.006920
20	2	1932	2	P90	10	0.009373	0.009373	0.036102	0.036102
20	2	1932	2	P95	11	0.018057	0.018057	0.000974	0.000974
20	2	1932	2	P99	12	0.037116	0.037116	0.019155	0.019155
20	2	1932	2	P999	48	0.014019	0.014019	0.039614	0.039614
20	3	1937	3	P1	6	-0.030078	-0.030078	-0.003973	-0.003973
20	3	1937	3	P50	8	0.015269	0.015269	-0.001986	-0.001986
20	3	1937	3	P75	10	-0.019174	-0.019174	0.006821	0.006821
20	3	1937	3	P90	10	0.009373	0.009373	0.036102	0.036102
20	3	1937	3	P95	11	0.018057	0.018057	0.000974	0.000974
20	3	1937	3	P99	12	0.037116	0.037116	0.019155	0.019155
20	3	1937	3	P999	48	0.014019	0.014019	0.039614	0.039614
20	4	1942	4	P1	6	-0.020221	-0.020221	-0.003973	-0.003973
20	4	1942	4	P50	8	0.026384	0.026296	-0.001802	-0.001886
20	4	1942	4	P75	10	-0.008267	-0.008267	0.006821	0.006821
20	4	1942	4	P90	10	0.020651	0.020651	0.036102	0.036102
20	4	1942	4	P95	11	0.029626	0.029626	0.000974	0.000974
20	4	1942	4	P99	12	0.050627	0.050627	0.020632	0.020632
20	4	1942	4	P999	48	0.028281	0.028281	0.039614	0.039614
20	5	2543	5	P1	6	-0.018294	-0.018294	-0.002019	-0.002019
20	5	2543	5	P50	9	0.020611	0.020611	-0.007568	-0.007568
20	5	2543	5	P75	10	0.003558	0.003558	0.018794	0.018794
20	5	2543	5	P90	10	0.025831	0.025831	0.041346	0.041346
20	5	2543	5	P95	11	0.024112	0.024112	0.014778	0.014778
20	5	2543	5	P99	12	0.044543	0.044543	0.022745	0.022745
20	5	2543	5	P999	20	0.032735	0.032735	0.001975	0.001975
20	6	2549	6	P1	6	-0.008385	-0.008385	-0.002899	-0.002899
20	6	2549	6	P50	9	0.030834	0.030834	-0.007816	-0.007816
20	6	2549	6	P75	10	0.013607	0.013607	0.018677	0.018677
20	6	2549	6	P90	10	0.036186	0.036186	0.041346	0.041346
20	6	2549	6	P95	11	0.034296	0.034296	0.014778	0.014778
20	6	2549	6	P99	12	0.054751	0.054751	0.022745	0.022745
20	6	2549	6	P999	20	0.042000	0.042000	0.001975	0.001975
20	7	2643	7	P1	6	-0.050248	-0.050248	-0.008056	-0.008056
20	7	2643	7	P50	9	0.026767	0.026767	-0.011647	-0.011647
20	7	2643	7	P75	10	0.012267	0.012267	0.017331	0.017331
20	7	2643	7	P90	10	0.035590	0.035590	0.040748	0.040748
20	7	2643	7	P95	11	0.031220	0.031220	0.013237	0.013237
20	7	2643	7	P99	12	0.053223	0.053223	0.021839	0.021839
20	7	2643	7	P999	20	0.042000	0.042000	0.001975	0.001975
21	1	155	0	P1	8	-0.027678	-0.027678	-0.030835	-0.030835
21	1	155	0	P50	9	0.005025	0.005025	0.001762	0.001762
21	1	155	0	P75	9	0.021533	0.021533	0.018217	0.018217
21	1	155	0	P90	10	-0.012802	-0.012802	0.027685	0.027685
21	1	155	0	P95	10	-0.002950	-0.002950	0.037941	0.037941
21	1	155	0	P99	11	0.039019	0.039019	0.035645	0.035645
21	1	155	0	P999	16	0.011206	0.011206	0.007923	0.007923
21	2	932	1	P1	6	-0.024558	-0.024558	-0.010138	-0.010138
21	2	932	1	P50	7	0.002147	0.002024	-0.026785	-0.026903
21	2	932	1	P75	7	0.031054	0.030928	0.001206	0.001084
21	2	932	1	P90	9	-0.018237	-0.018237	-0.004911	-0.004911
21	2	932	1	P95	9	0.001287	0.001287	0.014820	0.014820
21	2	932	1	P99	10	-0.021638	-0.021638	0.035367	0.035367
21	2	932	1	P999	16	-0.003874	-0.003874	0.007923	0.007923
21	3	937	2	P1	6	-0.024558	-0.024558	-0.010138	-0.010138
21	3	937	2	P50	7	0.002391	0.002391	-0.026548	-0.026548
21	3	937	2	P75	7	0.031432	0.031432	0.001571	0.001571
21	3	937	2	P90	9	-0.017179	-0.017179	-0.003842	-0.003842
21	3	937	2	P95	9	0.001460	0.001460	0.014995	0.014995
21	3	937	2	P99	10	-0.021638	-0.021638	0.035367	0.035367
21	3	937	2	P999	16	-0.003874	-0.003874	0.007923	0.007923
21	4	939	3	P1	6	-0.024558	-0.024558	-0.010138	-0.010138
21	4	939	3	P50	7	0.002514	0.002514	-0.026429	-0.026429
21	4	939	3	P75	7	0.031683	0.031683	0.001815	0.001815
21	4	939	3	P90	9	-0.017179	-0.017179	-0.003842	-0.003842
21	4	939	3	P95	9	0.001460	0.001460	0.014995	0.014995
21	4	939	3	P99	10	-0.021638	-0.021638	0.035367	0.035367
21	4	939	3	P999	16	-0.003874	-0.003874	0.007923	0.007923
21	5	941	4	P1	6	-0.024559	-0.024559	-0.010138	-0.010138
21	5	941	4	P50	7	0.002492	0.002492	-0.026450	-0.026450
21	5	941	4	P75	7	0.031579	0.031579	0.001714	0.001714
21	5	941	4	P90	9	-0.017572	-0.017572	-0.004239	-0.004239
21	5	941	4	P95	9	0.001060	0.001060	0.014590	0.014590
21	5	941	4	P99	10	-0.021638	-0.021638	0.035367	0.035367
21	5	941	4	P999	16	-0.003874	-0.003874	0.007923	0.007923
21	6	946	5	P1	6	-0.024559	-0.024559	-0.010138	-0.010138
21	6	946	5	P50	7	0.002858	0.002736	-0.026095	-0.026214
21	6	946	5	P75	7	0.032081	0.032081	0.002200	0.002200
21	6	946	5	P90	9	-0.017572	-0.017572	-0.004239	-0.004239
21	6	946	5	P95	9	0.001060	0.001060	0.014590	0.014590
21	6	946	5	P99	10	-0.021638	-0.021638	0.035367	0.035367
21	6	946	5	P999	16	-0.003874	-0.003874	0.007923	0.007923
21	7	953	6	P1	6	-0.024561	-0.024561	-0.010140	-0.010140
21	7	953	6	P50	7	0.002870	0.002870	-0.026085	-0.026085
21	7	953	6	P75	7	0.031932	0.031932	0.002056	0.002056
21	7	953	6	P90	9	-0.017965	-0.017965	-0.004636	-0.004636
21	7	953	6	P95	9	0.001060	0.001060	0.014590	0.014590
21	7	953	6	P99	10	-0.021638	-0.021638	0.035367	0.035367
21	7	953	6	P999	16	-0.003874	-0.003874	0.007923	0.007923
22	1	18	1	P1	5	0.008106	0.008106	0.012587	0.012587
22	1	18	1	P50	6	0.029158	0.022783	0.033479	0.027084
22	1	18	1	P75	8	-0.012376	-0.012376	-0.008527	-0.008527
22	1	18	1	P90	9	0.000257	0.000257	0.003997	0.003997
22	1	18	1	P95	9	0.014866	0.014866	0.018642	0.018642
22	1	18	1	P99	9	0.014866	0.014866	0.018642	0.018642
22	1	18	1	P999	9	0.014866	0.014866	0.018642	0.018642
22	2	20	2	P1	1	0.010561	0.010561	0.021960	0.021960
22	2	20	2	P50	6	0.018963	0.012647	0.027084	0.020730
22	2	20	2	P75	8	-0.015913	-0.030087	-0.008527	-0.022781
22	2	20	2	P90	9	-0.003246	-0.017602	0.003997	-0.010438
22	2	20	2	P95	9	0.011321	-0.003246	0.018642	0.003997
22	2	20	2	P99	9	0.011321	0.011321	0.018642	0.018642
22	2	20	2	P999	9	0.011321	0.011321	0.018642	0.018642
22	3	24	3	P1	1	-0.003995	-0.003995	0.007267	0.007267
22	3	24	3	P50	6	0.006370	0.000133	0.014414	0.008138
22	3	24	3	P75	8	-0.030087	-0.084771	-0.022781	-0.116988
22	3	24	3	P90	9	-0.017602	-0.017602	-0.010438	-0.010438
22	3	24	3	P95	9	-0.003246	-0.003246	0.003997	0.003997
22	3	24	3	P99	9	0.011321	0.011321	0.018642	0.018642
22	3	24	3	P999	9	0.011321	0.011321	0.018642	0.018642
22	4	26	4	P1	1	-0.005800	-0.005800	0.005445	0.005445
22	4	26	4	P50	6	0.000133	-0.006067	0.008138	0.001900
22	4	26	4	P75	7	0.045976	0.045976	0.009157	0.009157
22	4	26	4	P90	9	-0.017602	-0.017602	-0.010438	-0.010438
22	4	26	4	P95	9	-0.003246	-0.003246	0.003997	0.003997
22	4	26	4	P99	9	0.011321	0.011321	0.018642	0.018642
22	4	26	4	P999	9	0.011321	0.011321	0.018642	0.018642
22	5	29	5	P1	1	-0.005800	-0.005800	0.005445	0.005445
22	5	29	5	P50	6	0.000133	0.000133	0.011271	0.011271
22	5	29	5	P75	7	0.001427	0.001427	-0.001745	-0.001745
22	5	29	5	P90	9	-0.017602	-0.017602	-0.010438	-0.010438
22	5	29	5	P95	9	-0.003246	-0.003246	0.003997	0.003997
22	5	29	5	P99	9	0.011321	0.011321	0.018642	0.018642
22	5	29	5	P999	9	0.011321	0.011321	0.018642	0.018642
22	6	31	6	P1	1	-0.005800	-0.005800	0.005445	0.005445
22	6	31	6	P50	6	-0.006067	-0.006067	0.005794	0.005794
22	6	31	6	P75	7	0.001427	0.001427	-0.001745	-0.001745
22	6	31	6	P90	8	-0.001532	-0.001532	0.005936	0.005936
22	6	31	6	P95	9	-0.003246	-0.003246	0.003997	0.003997
22	6	31	6	P99	9	0.011321	0.011321	0.018642	0.018642
22	6	31	6	P999	9	0.011321	0.011321	0.018642	0.018642
22	7	33	7	P1	1	-0.005800	-0.005800	0.005445	0.005445
22	7	33	7	P50	6	-0.012228	-0.012228	0.000347	0.000347
22	7	33	7	P75	7	-0.012997	-0.012997	-0.012528	-0.012528
22	7	33	7	P90	8	-0.001532	-0.001532	0.005936	0.005936
22	7	33	7	P95	9	-0.003246	-0.003246	0.003997	0.003997
22	7	33	7	P99	9	0.011321	0.011321	0.018642	0.018642
22	7	33	7	P999	9	0.011321	0.011321	0.018642	0.018642
23	1	31	1	P1	3	-0.040386	-0.040386	-0.008501	-0.008501
23	1	31	1	P50	4	0.011351	0.011351	-0.028232	-0.028232
23	1	31	1	P75	4	0.033612	0.033612	-0.011197	-0.011197
23	1	31	1	P90	4	0.044925	0.044925	-0.002568	-0.002568
23	1	31	1	P95	4	0.050628	0.050628	0.001775	0.001775
23	1	31	1	P99	4	0.053492	0.053492	0.003953	0.003953
23	1	31	1	P999	4	0.053492	0.053492	0.003953	0.003953
23	2	33	2	P1	3	-0.040386	-0.040386	-0.008501	-0.008501
23	2	33	2	P50	4	0.008602	0.008602	-0.027272	-0.027272
23	2	33	2	P75	4	0.030803	0.030803	-0.011783	-0.011783
23	2	33	2	P90	4	0.044925	0.044925	-0.001977	-0.001977
23	2	33	2	P95	4	0.050628	0.050628	0.001973	0.001973
23	2	33	2	P99	4	0.053492	0.053492	0.003953	0.003953
23	2	33	2	P999	4	0.053492	0.053492	0.003953	0.003953
23	3	35	3	P1	3	-0.040386	-0.040386	-0.008501	-0.008501
23	3	35	3	P50	4	0.003127	0.003127	-0.026471	-0.026471
23	3	35	3	P75	4	0.030803	0.030803	-0.010481	-0.010481
23	3	35	3	P90	4	0.044925	0.044925	-0.001484	-0.001484
23	3	35	3	P95	4	0.050628	0.050628	0.002138	0.002138
23	3	35	3	P99	4	0.053492	0.053492	0.003953	0.003953
23	3	35	3	P999	4	0.053492	0.053492	0.003953	0.003953
23	4	37	4	P1	3	-0.040386	-0.040386	-0.008501	-0.008501
23	4	37	4	P50	4	-0.000144	-0.000144	-0.025793	-0.025793
23	4	37	4	P75	4	0.028001	0.028001	-0.011032	-0.011032
23	4	37	4	P90	4	0.044925	0.044925	-0.001067	-0.001067
23	4	37	4	P95	4	0.050628	0.050628	0.002277	0.002277
23	4	37	4	P99	4	0.053492	0.053492	0.003953	0.003953
23	4	37	4	P999	4	0.053492	0.053492	0.003953	0.003953
23	5	39	5	P1	3	-0.040386	-0.040386	-0.008501	-0.008501
23	5	39	5	P50	4	-0.002318	-0.002318	-0.025212	-0.025212
23	5	39	5	P75	4	0.028001	0.028001	-0.009969	-0.009969
23	5	39	5	P90	4	0.044925	0.044925	-0.000709	-0.000709
23	5	39	5	P95	4	0.050628	0.050628	0.002397	0.002397
23	5	39	5	P99	4	0.053492	0.053492	0.003953	0.003953
23	5	39	5	P999	4	0.053492	0.053492	0.003953	0.003953
23	6	64	6	P1	3	-0.046633	-0.046633	-0.009883	-0.009883
23	6	64	6	P50	4	-0.012427	-0.013813	-0.024407	-0.025308
23	6	64	6	P75	4	0.011351	0.008602	-0.009871	-0.010786
23	6	64	6	P90	4	0.036429	0.036429	-0.001599	-0.001599
23	6	64	6	P95	4	0.044925	0.044925	0.001173	0.001173
23	6	64	6	P99	4	0.053492	0.053492	0.003953	0.003953
23	6	64	6	P999	4	0.053492	0.053492	0.003953	0.003953
23	7	80	7	P1	3	-0.047325	-0.047325	-0.010149	-0.010149
23	7	80	7	P50	4	-0.013598	-0.014552	-0.023549	-0.024244
23	7	80	7	P75	4	0.005678	0.004706	-0.009541	-0.010246
23	7	80	7	P90	4	0.033612	0.030803	-0.001039	-0.001750
23	7	80	7	P95	4	0.044925	0.042085	0.001811	0.001097
23	7	80	7	P99	4	0.053492	0.053492	0.003953	0.003953
23	7	80	7	P999	4	0.053492	0.053492	0.003953	0.003953
24	1	21	0	P1	3	-0.032195	-0.032195	-0.007032	-0.007032
24	1	21	0	P50	4	-0.011629	-0.011629	-0.029043	-0.029043
24	1	21	0	P75	4	0.005025	0.005025	-0.012683	-0.012683
24	1	21	0	P90	4	0.015152	0.015152	-0.002734	-0.002734
24	1	21	0	P95	4	0.018551	0.018551	0.000604	0.000604
24	1	21	0	P99	4	0.021960	0.021960	0.003953	0.003953
24	1	21	0	P999	4	0.021960	0.021960	0.003953	0.003953
24	2	26	1	P1	3	-0.045595	-0.045595	-0.008501	-0.008501
24	2	26	1	P50	4	-0.024622	-0.027884	-0.030341	-0.033145
24	2	26	1	P75	4	-0.004821	-0.004821	-0.013342	-0.013342
24	2	26	1	P90	4	0.008602	0.008602	-0.001845	-0.001845
24	2	26	1	P95	4	0.030803	0.030803	0.001050	0.001050
24	2	26	1	P99	4	0.053492	0.053492	0.003953	0.003953
24	2	26	1	P999	4	0.053492	0.053492	0.003953	0.003953
24	3	31	2	P1	3	-0.045595	-0.045595	-0.009545	-0.009545
24	3	31	2	P50	4	-0.031135	-0.031135	-0.036116	-0.036116
24	3	31	2	P75	4	-0.004821	-0.004821	-0.014949	-0.014949
24	3	31	2	P90	4	0.008602	0.008602	-0.004191	-0.004191
24	3	31	2	P95	4	0.038311	0.038311	0.001231	0.001231
24	3	31	2	P99	4	0.053492	0.053492	0.003953	0.003953
24	3	31	2	P999	4	0.053492	0.053492	0.003953	0.003953
24	4	36	3	P1	3	-0.045595	-0.045595	-0.010023	-0.010023
24	4	36	3	P50	4	-0.031135	-0.223301	-0.036406	-0.226419
24	4	36	3	P75	4	-0.001482	-0.004821	-0.015246	-0.017620
24	4	36	3	P90	4	0.026324	0.026324	-0.003290	-0.003290
24	4	36	3	P95	4	0.044357	0.044357	0.001533	0.001533
24	4	36	3	P99	4	0.053492	0.053492	0.003953	0.003953
24	4	36	3	P999	4	0.053492	0.053492	0.003953	0.003953
24	5	41	4	P1	3	-0.047011	-0.047011	-0.010364	-0.010364
24	5	41	4	P50	3	0.035598	0.035598	0.031442	0.031442
24	5	41	4	P75	4	-0.005932	-0.005932	-0.017620	-0.017620
24	5	41	4	P90	4	0.017424	0.017424	-0.004732	-0.004732
24	5	41	4	P95	4	0.035301	0.035301	-0.000399	-0.000399
24	5	41	4	P99	4	0.053492	0.053492	0.003953	0.003953
24	5	41	4	P999	4	0.053492	0.053492	0.003953	0.003953
24	6	46	5	P1	3	-0.047819	-0.047819	-0.010620	-0.010620
24	6	46	5	P50	3	0.035598	0.031099	0.031442	0.029576
24	6	46	5	P75	4	-0.006780	-0.006780	-0.017620	-0.017620
24	6	46	5	P90	4	0.017424	0.017424	-0.003946	-0.003946
24	6	46	5	P95	4	0.035301	0.035301	-0.000004	-0.000004
24	6	46	5	P99	4	0.053492	0.053492	0.003953	0.003953
24	6	46	5	P999	4	0.053492	0.053492	0.003953	0.003953
24	7	48	6	P1	3	-0.047819	-0.047819	-0.010620	-0.010620
24	7	48	6	P50	4	-0.032159	-0.223301	-0.036988	-0.226419
24	7	48	6	P75	4	-0.005172	-0.007450	-0.015840	-0.017620
24	7	48	6	P90	4	0.017424	0.017424	-0.003290	-0.003290
24	7	48	6	P95	4	0.035301	0.035301	0.000325	0.000325
24	7	48	6	P99	4	0.053492	0.053492	0.003953	0.003953
24	7	48	6	P999	4	0.053492	0.053492	0.003953	0.003953
25	1	27	1	P1	3	-0.046633	-0.046633	-0.009104	-0.009104
25	1	27	1	P50	4	-0.030864	-0.030864	-0.035742	-0.035742
25	1	27	1	P75	4	-0.005932	-0.005932	-0.014566	-0.014566
25	1	27	1	P90	4	0.008602	0.008602	-0.002258	-0.002258
25	1	27	1	P95	4	0.030803	0.030803	0.000843	0.000843
25	1	27	1	P99	4	0.053492	0.053492	0.003953	0.003953
25	1	27	1	P999	4	0.053492	0.053492	0.003953	0.003953
25	2	43	2	P1	3	-0.046633	-0.046633	-0.010149	-0.010149
25	2	43	2	P50	4	-0.023805	-0.023805	-0.033495	-0.033495
25	2	43	2	P75	4	0.015949	0.015949	-0.014057	-0.014057
25	2	43	2	P90	4	0.038311	0.038311	-0.003290	-0.003290
25	2	43	2	P95	4	0.045874	0.045874	0.000325	0.000325
25	2	43	2	P99	4	0.053492	0.053492	0.003953	0.003953
25	2	43	2	P999	4	0.053492	0.053492	0.003953	0.003953
25	3	55	3	P1	3	-0.046633	-0.046633	-0.010758	-0.010758
25	3	55	3	P50	4	-0.027341	-0.027341	-0.035845	-0.035845
25	3	55	3	P75	4	0.018989	0.018989	-0.015410	-0.015410
25	3	55	3	P90	4	0.040085	0.040085	-0.003539	-0.003539
25	3	55	3	P95	4	0.048108	0.048108	0.000950	0.000950
25	3	55	3	P99	4	0.053492	0.053492	0.003953	0.003953
25	3	55	3	P999	4	0.053492	0.053492	0.003953	0.003953
25	4	71	4	P1	3	-0.046633	-0.046633	-0.011068	-0.011068
25	4	71	4	P50	4	-0.020256	-0.020256	-0.034323	-0.034323
25	4	71	4	P75	4	0.025636	0.025636	-0.014245	-0.014245
25	4	71	4	P90	4	0.042958	0.042958	-0.002910	-0.002910
25	4	71	4	P95	4	0.049969	0.049969	0.001660	0.001660
25	4	71	4	P99	5	0.047797	0.047797	0.042344	0.042344
25	4	71	4	P999	5	0.047797	0.047797	0.042344	0.042344
25	5	84	5	P1	3	-0.047819	-0.047819	-0.011217	-0.011217
25	5	84	5	P50	4	-0.020256	-0.022286	-0.032489	-0.033383
25	5	84	5	P75	4	0.020496	0.018788	-0.013525	-0.014436
25	5	84	5	P90	4	0.041213	0.041213	-0.002522	-0.002522
25	5	84	5	P95	4	0.048212	0.048212	0.001173	0.001173
25	5	84	5	P99	5	0.047797	0.047797	0.042344	0.042344
25	5	84	5	P999	5	0.047797	0.047797	0.042344	0.042344
25	6	119	6	P1	3	-0.044852	-0.044852	-0.010726	-0.010726
25	6	119	6	P50	4	-0.016185	-0.016185	-0.033103	-0.033103
25	6	119	6	P75	4	0.025935	0.025935	-0.014110	-0.014110
25	6	119	6	P90	4	0.043566	0.043566	-0.002535	-0.002535
25	6	119	6	P95	4	0.049510	0.049510	0.001353	0.001353
25	6	119	6	P99	4	0.053492	0.053492	0.003953	0.003953
25	6	119	6	P999	5	0.047797	0.047797	0.042344	0.042344
25	7	140	7	P1	3	-0.044852	-0.044852	-0.010978	-0.010978
25	7	140	7	P50	4	-0.012096	-0.014143	-0.032822	-0.033360
25	7	140	7	P75	4	0.028050	0.027265	-0.013782	-0.014331
25	7	140	7	P90	4	0.044676	0.043878	-0.002179	-0.002734
25	7	140	7	P95	4	0.050277	0.049475	0.001719	0.001161
25	7	140	7	P99	5	0.047797	0.047797	0.042344	0.042344
25	7	140	7	P999	6	0.039300	0.039300	0.033479	0.033479
26	1	38	0	P1	3	-0.033945	-0.033945	-0.008828	-0.008828
26	1	38	0	P50	4	-0.007790	-0.009512	-0.025272	-0.026964
26	1	38	0	P75	4	0.007851	0.007851	-0.009907	-0.009907
26	1	38	0	P90	4	0.018414	0.018414	0.000470	0.000470
26	1	38	0	P95	4	0.021960	0.021960	0.003953	0.003953
26	1	38	0	P99	42	0.016512	0.016512	0.042942	0.042942
26	1	38	0	P999	42	0.016512	0.016512	0.042942	0.042942
26	2	54	1	P1	3	-0.047325	-0.047325	-0.010149	-0.010149
26	2	54	1	P50	4	-0.019118	-0.020825	-0.027611	-0.028853
26	2	54	1	P75	4	0.003346	0.003346	-0.011323	-0.011323
26	2	54	1	P90	4	0.033299	0.033299	-0.001165	-0.001165
26	2	54	1	P95	4	0.048407	0.048407	0.002671	0.002671
26	2	54	1	P99	42	0.008640	0.008640	0.042942	0.042942
26	2	54	1	P999	42	0.008640	0.008640	0.042942	0.042942
26	3	70	2	P1	3	-0.048341	-0.048341	-0.010620	-0.010620
26	3	70	2	P50	4	-0.020256	-0.021441	-0.027528	-0.028466
26	3	70	2	P75	4	0.000098	0.000098	-0.011436	-0.011436
26	3	70	2	P90	4	0.028312	0.023349	-0.000881	-0.001845
26	3	70	2	P95	4	0.043347	0.043347	0.002017	0.002017
26	3	70	2	P99	42	0.008640	0.008640	0.042942	0.042942
26	3	70	2	P999	42	0.008640	0.008640	0.042942	0.042942
26	4	82	3	P1	3	-0.048977	-0.048977	-0.010978	-0.010978
26	4	82	3	P50	4	-0.022286	-0.023299	-0.028853	-0.029679
26	4	82	3	P75	4	-0.001801	-0.001801	-0.012165	-0.012165
26	4	82	3	P90	4	0.018409	0.018409	-0.002015	-0.002015
26	4	82	3	P95	4	0.038311	0.038311	0.001391	0.001391
26	4	82	3	P99	42	0.008640	0.008640	0.042942	0.042942
26	4	82	3	P999	42	0.008640	0.008640	0.042942	0.042942
26	5	98	4	P1	3	-0.049441	-0.049441	-0.011280	-0.011280
26	5	98	4	P50	4	-0.024230	-0.025080	-0.030198	-0.030912
26	5	98	4	P75	4	-0.003621	-0.003621	-0.012906	-0.012906
26	5	98	4	P90	4	0.013494	0.013494	-0.001943	-0.001943
26	5	98	4	P95	4	0.038311	0.038311	0.001738	0.001738
26	5	98	4	P99	42	0.008640	0.008640	0.042942	0.042942
26	5	98	4	P999	42	0.008640	0.008640	0.042942	0.042942
26	6	111	5	P1	3	-0.050025	-0.050025	-0.010412	-0.010412
26	6	111	5	P50	4	-0.026411	-0.026411	-0.030468	-0.030468
26	6	111	5	P75	4	-0.005368	-0.005368	-0.012433	-0.012433
26	6	111	5	P90	4	0.006861	0.006861	-0.001977	-0.001977
26	6	111	5	P95	4	0.036510	0.036510	0.001973	0.001973
26	6	111	5	P99	8	0.010258	0.010258	0.005936	0.005936
26	6	111	5	P999	42	0.006223	0.006223	0.042942	0.042942
26	7	140	6	P1	3	-0.050025	-0.050025	-0.010876	-0.010876
26	7	140	6	P50	4	-0.024923	-0.025668	-0.030867	-0.031393
26	7	140	6	P75	4	0.001492	0.000728	-0.012270	-0.012807
26	7	140	6	P90	4	0.033897	0.031942	-0.000941	-0.001484
26	7	140	6	P95	4	0.047686	0.045705	0.002864	0.002319
26	7	140	6	P99	8	0.010258	0.010258	0.005936	0.005936
26	7	140	6	P999	42	0.006223	0.006223	0.042942	0.042942
27	1	32	1	P1	3	-0.036897	-0.036897	-0.008501	-0.008501
27	1	32	1	P50	4	-0.014772	-0.018066	-0.026723	-0.028734
27	1	32	1	P75	4	0.014107	0.008602	-0.010481	-0.012526
27	1	32	1	P90	4	0.036429	0.036429	-0.002258	-0.002258
27	1	32	1	P95	4	0.047773	0.047773	0.001879	0.001879
27	1	32	1	P99	4	0.053492	0.053492	0.003953	0.003953
27	1	32	1	P999	4	0.053492	0.053492	0.003953	0.003953
27	2	37	2	P1	3	-0.036897	-0.036897	-0.008828	-0.008828
27	2	37	2	P50	4	-0.011466	-0.011466	-0.026964	-0.026964
27	2	37	2	P75	4	0.019642	0.019642	-0.011626	-0.011626
27	2	37	2	P90	4	0.042085	0.042085	-0.001267	-0.001267
27	2	37	2	P95	4	0.049676	0.049676	0.002210	0.002210
27	2	37	2	P99	4	0.053492	0.053492	0.003953	0.003953
27	2	37	2	P999	4	0.053492	0.053492	0.003953	0.003953
27	3	57	3	P1	3	-0.046172	-0.046172	-0.010023	-0.010023
27	3	57	3	P50	4	-0.017091	-0.017091	-0.026878	-0.026878
27	3	57	3	P75	4	0.005354	0.005354	-0.011582	-0.011582
27	3	57	3	P90	4	0.034550	0.034550	-0.001623	-0.001623
27	3	57	3	P95	4	0.045874	0.045874	0.001719	0.001719
27	3	57	3	P99	4	0.053492	0.053492	0.003953	0.003953
27	3	57	3	P999	4	0.053492	0.053492	0.003953	0.003953
27	4	86	4	P1	3	-0.048016	-0.048016	-0.010620	-0.010620
27	4	86	4	P50	4	-0.017059	-0.017932	-0.024939	-0.025633
27	4	86	4	P75	4	0.001457	0.001457	-0.010246	-0.010246
27	4	86	4	P90	4	0.027069	0.027069	-0.001039	-0.001039
27	4	86	4	P95	4	0.042085	0.042085	0.001811	0.001811
27	4	86	4	P99	5	0.003150	0.003150	0.042344	0.042344
27	4	86	4	P999	5	0.003150	0.003150	0.042344	0.042344
27	5	96	5	P1	3	-0.048189	-0.048189	-0.010692	-0.010692
27	5	96	5	P50	4	-0.016818	-0.017556	-0.024304	-0.024909
27	5	96	5	P75	4	0.001058	0.000307	-0.009661	-0.010276
27	5	96	5	P90	4	0.023349	0.023349	-0.001019	-0.001019
27	5	96	5	P95	4	0.042085	0.042085	0.002086	0.002086
27	5	96	5	P99	5	0.003150	0.003150	0.042344	0.042344
27	5	96	5	P999	5	0.003150	0.003150	0.042344	0.042344
27	6	98	6	P1	3	-0.048189	-0.048189	-0.010758	-0.010758
27	6	98	6	P50	4	-0.016818	-0.017556	-0.024508	-0.025105
27	6	98	6	P75	4	0.001058	0.001058	-0.010077	-0.010077
27	6	98	6	P90	4	0.025636	0.025636	-0.000949	-0.000949
27	6	98	6	P95	4	0.042958	0.042958	0.002112	0.002112
27	6	98	6	P99	5	0.003150	0.003150	0.042344	0.042344
27	6	98	6	P999	5	0.003150	0.003150	0.042344	0.042344
27	7	100	7	P1	3	-0.045595	-0.048189	-0.009340	-0.010876
27	7	100	7	P50	4	-0.017556	-0.018293	-0.025105	-0.025701
27	7	100	7	P75	4	0.001058	0.000307	-0.010077	-0.010682
27	7	100	7	P90	4	0.025636	0.022207	-0.000949	-0.001560
27	7	100	7	P95	4	0.042958	0.039471	0.002112	0.001499
27	7	100	7	P99	5	0.003150	-0.157207	0.042344	-0.196837
27	7	100	7	P999	5	0.003150	0.003150	0.042344	0.042344
28	1	7	0	P1	3	-0.014377	-0.014377	-0.005233	-0.005233
28	1	7	0	P50	3	0.007267	0.007267	0.016613	0.016613
28	1	7	0	P75	3	0.021960	0.021960	0.031442	0.031442
28	1	7	0	P90	4	0.038893	0.038893	0.003953	0.003953
28	1	7	0	P95	4	0.038893	0.038893	0.003953	0.003953
28	1	7	0	P99	4	0.038893	0.038893	0.003953	0.003953
28	1	7	0	P999	4	0.038893	0.038893	0.003953	0.003953
28	2	12	0	P1	3	-0.017228	-0.017228	-0.008110	-0.008110
28	2	12	0	P50	3	0.008727	0.004354	0.018086	0.013672
28	2	12	0	P75	3	0.021960	0.017530	0.031442	0.026971
28	2	12	0	P90	4	0.016569	0.016569	-0.017620	-0.017620
28	2	12	0	P95	4	0.038893	0.038893	0.003953	0.003953
28	2	12	0	P99	4	0.038893	0.038893	0.003953	0.003953
28	2	12	0	P999	4	0.038893	0.038893	0.003953	0.003953
28	3	14	0	P1	3	-0.017616	-0.017616	-0.008501	-0.008501
28	3	14	0	P50	3	0.009923	0.005942	0.019293	0.015275
28	3	14	0	P75	3	0.021960	0.021960	0.031442	0.031442
28	3	14	0	P90	4	0.023956	0.023956	-0.010481	-0.010481
28	3	14	0	P95	4	0.038893	0.038893	0.003953	0.003953
28	3	14	0	P99	4	0.038893	0.038893	0.003953	0.003953
28	3	14	0	P999	4	0.038893	0.038893	0.003953	0.003953
28	4	16	0	P1	3	-0.017939	-0.017939	-0.008828	-0.008828
28	4	16	0	P50	3	0.010920	0.007267	0.020300	0.016613
28	4	16	0	P75	4	0.005587	-0.233530	-0.028232	-0.226419
28	4	16	0	P90	4	0.027670	0.027670	-0.006892	-0.006892
28	4	16	0	P95	4	0.038893	0.038893	0.003953	0.003953
28	4	16	0	P99	4	0.038893	0.038893	0.003953	0.003953
28	4	16	0	P999	4	0.038893	0.038893	0.003953	0.003953
28	5	21	0	P1	3	-0.018828	-0.018828	-0.009724	-0.009724
28	5	21	0	P50	3	0.008179	0.008179	0.017533	0.017533
28	5	21	0	P75	3	0.021960	0.021960	0.031442	0.031442
28	5	21	0	P90	4	0.020995	0.020995	-0.013342	-0.013342
28	5	21	0	P95	4	0.029905	0.029905	-0.004732	-0.004732
28	5	21	0	P99	4	0.038893	0.038893	0.003953	0.003953
28	5	21	0	P999	4	0.038893	0.038893	0.003953	0.003953
28	6	25	0	P1	3	-0.019124	-0.019124	-0.010023	-0.010023
28	6	25	0	P50	3	0.009701	0.009701	0.019069	0.019069
28	6	25	0	P75	4	0.000917	0.000917	-0.032745	-0.032745
28	6	25	0	P90	4	0.026077	0.026077	-0.008431	-0.008431
28	6	25	0	P95	4	0.032465	0.032465	-0.002258	-0.002258
28	6	25	0	P99	4	0.038893	0.038893	0.003953	0.003953
28	6	25	0	P999	4	0.038893	0.038893	0.003953	0.003953
28	7	29	0	P1	3	-0.019462	-0.019462	-0.010364	-0.010364
28	7	29	0	P50	3	0.009353	0.009353	0.018718	0.018718
28	7	29	0	P75	4	0.000141	0.000141	-0.033495	-0.033495
28	7	29	0	P90	4	0.027670	0.027670	-0.006892	-0.006892
28	7	29	0	P95	4	0.033266	0.033266	-0.001484	-0.001484
28	7	29	0	P99	4	0.038893	0.038893	0.003953	0.003953
28	7	29	0	P999	4	0.038893	0.038893	0.003953	0.003953
29	1	1742	1	P1	252	-0.012550	-0.012550	-0.010669	-0.010669
29	1	1742	1	P50	264	-0.001095	-0.001142	0.003814	0.003770
29	1	1742	1	P75	269	0.000796	0.000796	0.004200	0.004200
29	1	1742	1	P90	277	0.001219	0.001219	0.006322	0.006322
29	1	1742	1	P95	283	-0.001292	-0.001292	0.001452	0.001452
29	1	1742	1	P99	297	-0.005109	-0.005109	0.006896	0.006896
29	1	1742	1	P999	639	0.013032	0.013032	0.013491	0.013491
29	2	1744	2	P1	252	-0.015625	-0.015625	-0.010865	-0.010865
29	2	1744	2	P50	264	-0.004063	-0.004110	0.003770	0.003725
29	2	1744	2	P75	269	-0.002121	-0.002168	0.004200	0.004156
29	2	1744	2	P90	277	-0.001684	-0.001684	0.006322	0.006322
29	2	1744	2	P95	283	-0.004178	-0.004178	0.001452	0.001452
29	2	1744	2	P99	297	-0.007962	-0.007962	0.006896	0.006896
29	2	1744	2	P999	639	0.010530	0.010530	0.013491	0.013491
29	3	1746	3	P1	251	-0.011862	-0.011862	-0.007121	-0.007121
29	3	1746	3	P50	264	-0.004110	-0.004158	0.003725	0.003681
29	3	1746	3	P75	269	-0.002168	-0.002168	0.004156	0.004156
29	3	1746	3	P90	277	-0.001684	-0.001684	0.006322	0.006322
29	3	1746	3	P95	283	-0.004178	-0.004178	0.001452	0.001452
29	3	1746	3	P99	297	-0.007962	-0.007962	0.006896	0.006896
29	3	1746	3	P999	639	0.010530	0.010530	0.013491	0.013491
29	4	1766	4	P1	7	0.006505	0.006505	-0.026726	-0.026726
29	4	1766	4	P50	264	-0.004583	-0.004631	0.003284	0.003239
29	4	1766	4	P75	269	-0.002405	-0.002405	0.003935	0.003935
29	4	1766	4	P90	277	-0.002118	-0.002118	0.005939	0.005939
29	4	1766	4	P95	283	-0.004395	-0.004395	0.001261	0.001261
29	4	1766	4	P99	297	-0.007962	-0.007962	0.006896	0.006896
29	4	1766	4	P999	639	0.010530	0.010530	0.013491	0.013491
29	5	1786	5	P1	3	0.007031	0.007031	0.018346	0.018346
29	5	1786	5	P50	264	-0.005056	-0.005103	0.002842	0.002798
29	5	1786	5	P75	269	-0.002642	-0.002642	0.003714	0.003714
29	5	1786	5	P90	276	0.001062	0.001062	0.009199	0.009199
29	5	1786	5	P95	283	-0.004611	-0.004611	0.001070	0.001070
29	5	1786	5	P99	297	-0.007962	-0.007962	0.006896	0.006896
29	5	1786	5	P999	639	0.010530	0.010530	0.013491	0.013491
29	6	1806	6	P1	2	0.020121	0.020121	-0.011678	-0.011678
29	6	1806	6	P50	264	-0.005529	-0.005576	0.002401	0.002357
29	6	1806	6	P75	269	-0.002879	-0.002879	0.003494	0.003494
29	6	1806	6	P90	276	0.000626	0.000626	0.008814	0.008814
29	6	1806	6	P95	283	-0.004828	-0.004828	0.000879	0.000879
29	6	1806	6	P99	297	-0.008669	-0.008669	0.003777	0.003777
29	6	1806	6	P999	639	0.010530	0.010530	0.013491	0.013491
29	7	1825	7	P1	2	0.020121	0.020121	-0.011678	-0.011678
29	7	1825	7	P50	264	-0.006001	-0.006001	0.001960	0.001960
29	7	1825	7	P75	269	-0.003115	-0.003115	0.003273	0.003273
29	7	1825	7	P90	276	0.000191	0.000191	0.008430	0.008430
29	7	1825	7	P95	283	-0.005044	-0.005044	0.000689	0.000689
29	7	1825	7	P99	297	-0.008669	-0.008669	0.003777	0.003777
29	7	1825	7	P999	639	0.010530	0.010530	0.013491	0.013491
30	1	24	1	P1	1	-0.010118	-0.010118	0.010920	0.010920
30	1	24	1	P50	13	-0.000693	-0.003789	0.020230	0.017069
30	1	24	1	P75	13	0.018090	0.014936	0.039404	0.036184
30	1	24	1	P90	15	-0.013353	-0.013353	0.007289	0.007289
30	1	24	1	P95	15	0.008316	0.008316	0.029409	0.029409
30	1	24	1	P99	16	0.031118	0.031118	0.007923	0.007923
30	1	24	1	P999	16	0.031118	0.031118	0.007923	0.007923
30	2	42	2	P1	1	-0.018877	-0.018877	0.001977	0.001977
30	2	42	2	P50	1	0.022671	0.020653	0.044403	0.042342
30	2	42	2	P75	13	0.002414	0.002414	0.023401	0.023401
30	2	42	2	P90	13	0.021255	0.021255	0.042635	0.042635
30	2	42	2	P95	15	-0.013353	-0.013353	0.007289	0.007289
30	2	42	2	P99	16	0.031118	0.031118	0.007923	0.007923
30	2	42	2	P999	16	0.031118	0.031118	0.007923	0.007923
30	3	44	3	P1	1	-0.019038	-0.019038	0.001812	0.001812
30	3	44	3	P50	1	0.020821	0.018975	0.042514	0.040628
30	3	44	3	P75	13	0.002414	-0.000693	0.023401	0.020230
30	3	44	3	P90	13	0.021255	0.021255	0.042635	0.042635
30	3	44	3	P95	15	-0.013353	-0.013353	0.007289	0.007289
30	3	44	3	P99	16	0.031118	0.031118	0.007923	0.007923
30	3	44	3	P999	16	0.031118	0.031118	0.007923	0.007923
30	4	46	4	P1	1	-0.019175	-0.019175	0.001672	0.001672
30	4	46	4	P50	1	0.019259	0.017557	0.040918	0.039180
30	4	46	4	P75	13	-0.000693	-0.000693	0.020230	0.020230
30	4	46	4	P90	13	0.021255	0.021255	0.042635	0.042635
30	4	46	4	P95	15	-0.013353	-0.013353	0.007289	0.007289
30	4	46	4	P99	16	0.031118	0.031118	0.007923	0.007923
30	4	46	4	P999	16	0.031118	0.031118	0.007923	0.007923
30	5	52	5	P1	1	-0.019482	-0.019482	0.001359	0.001359
30	5	52	5	P50	1	0.015752	0.014373	0.037337	0.035929
30	5	52	5	P75	13	-0.003789	-0.006876	0.017069	0.013918
30	5	52	5	P90	13	0.018090	0.018090	0.039404	0.039404
30	5	52	5	P95	15	-0.013353	-0.013353	0.007289	0.007289
30	5	52	5	P99	16	0.031118	0.031118	0.007923	0.007923
30	5	52	5	P999	16	0.031118	0.031118	0.007923	0.007923
30	6	55	6	P1	1	-0.019596	-0.019596	0.001242	0.001242
30	6	55	6	P50	1	0.013823	0.013823	0.035367	0.035367
30	6	55	6	P75	13	-0.006876	-0.006876	0.013918	0.013918
30	6	55	6	P90	13	0.018090	0.018090	0.039404	0.039404
30	6	55	6	P95	15	-0.013353	-0.013353	0.007289	0.007289
30	6	55	6	P99	16	0.031118	0.031118	0.007923	0.007923
30	6	55	6	P999	16	0.031118	0.031118	0.007923	0.007923
30	7	304	7	P1	1	-0.013730	-0.013730	0.000674	0.000674
30	7	304	7	P50	1	0.011360	0.011190	0.026099	0.025926
30	7	304	7	P75	1	0.024403	0.024231	0.039315	0.039140
30	7	304	7	P90	13	-0.009810	-0.009810	0.001410	0.001410
30	7	304	7	P95	15	-0.003810	-0.003810	0.007289	0.007289
30	7	304	7	P99	42	0.023887	0.023887	0.027947	0.027947
30	7	304	7	P999	602	0.023472	0.023472	0.030045	0.030045
31	1	40	1	P1	29	0.000781	0.000781	-0.000308	-0.000308
31	1	40	1	P50	35	0.026865	-0.016827	0.007168	-0.003712
31	1	40	1	P75	75	-0.000405	-0.004349	0.014706	0.011562
31	1	40	1	P90	80	0.026311	0.004239	0.005936	-0.015680
31	1	40	1	P95	85	0.008866	-0.012830	0.032707	-0.011198
31	1	40	1	P99	88	0.017779	0.017779	0.041793	0.041793
31	1	40	1	P999	88	0.017779	0.017779	0.041793	0.041793
31	2	60	2	P1	29	0.000781	0.000781	-0.000308	-0.000308
31	2	60	2	P50	43	0.001831	-0.005403	0.011338	0.007683
31	2	60	2	P75	74	-0.006724	-0.010642	0.012585	0.009447
31	2	60	2	P90	77	0.020927	0.006237	0.000695	-0.002406
31	2	60	2	P95	84	-0.001078	-0.022561	0.000574	-0.041966
31	2	60	2	P99	88	0.017779	0.017779	0.041793	0.041793
31	2	60	2	P999	88	0.017779	0.017779	0.041793	0.041793
31	3	80	3	P1	8	0.012487	0.012487	-0.032637	-0.032637
31	3	80	3	P50	35	0.013566	-0.029646	0.007168	-0.003712
31	3	80	3	P75	50	0.005362	-0.037500	0.042344	-0.044402
31	3	80	3	P90	76	-0.006701	-0.021022	0.007589	0.004467
31	3	80	3	P95	80	0.014704	-0.007161	0.005936	-0.015680
31	3	80	3	P99	88	0.006445	0.006445	0.041793	0.041793
31	3	80	3	P999	88	0.006445	0.006445	0.041793	0.041793
31	4	101	4	P1	8	0.016907	0.016907	-0.028426	-0.028426
31	4	101	4	P50	41	0.007770	0.007770	0.022958	0.022958
31	4	101	4	P75	46	0.012563	0.012563	0.005395	0.005395
31	4	101	4	P90	75	-0.015797	-0.015797	0.011562	0.011562
31	4	101	4	P95	77	0.009293	0.009293	0.000695	0.000695
31	4	101	4	P99	85	-0.002456	-0.002456	0.032707	0.032707
31	4	101	4	P999	88	0.006445	0.006445	0.041793	0.041793
31	5	107	5	P1	4	-0.010211	-0.010211	-0.030341	-0.030341
31	5	107	5	P50	41	0.015535	0.015535	0.008250	0.008250
31	5	107	5	P75	44	0.062588	0.062588	0.039740	0.039740
31	5	107	5	P90	75	-0.002366	-0.002366	0.011562	0.011562
31	5	107	5	P95	77	0.022942	0.022942	0.000695	0.000695
31	5	107	5	P99	85	0.010827	0.010827	0.032707	0.032707
31	5	107	5	P999	88	0.019741	0.019741	0.041793	0.041793
31	6	111	6	P1	1	0.001096	0.001096	0.021960	0.021960
31	6	111	6	P50	41	0.012512	0.012512	-0.001437	-0.001437
31	6	111	6	P75	44	0.049208	0.049208	0.032238	0.032238
31	6	111	6	P90	75	-0.004632	-0.004632	0.008428	0.008428
31	6	111	6	P95	77	0.024643	0.024643	0.000695	0.000695
31	6	111	6	P99	85	0.012482	0.012482	0.032707	0.032707
31	6	111	6	P999	88	0.021398	0.021398	0.041793	0.041793
31	7	113	7	P1	1	-0.006128	-0.006128	0.014587	0.014587
31	7	113	7	P50	41	0.010071	0.010071	-0.006246	-0.006246
31	7	113	7	P75	44	0.034121	0.034121	0.024791	0.024791
31	7	113	7	P90	75	-0.004632	-0.004632	0.008428	0.008428
31	7	113	7	P95	77	0.024643	0.024643	0.000695	0.000695
31	7	113	7	P99	85	0.012482	0.012482	0.032707	0.032707
31	7	113	7	P999	88	0.021398	0.021398	0.041793	0.041793
32	1	5	0	P1	1	-0.012949	-0.012949	0.008727	0.008727
32	1	5	0	P50	1	0.004354	0.004354	0.026410	0.026410
32	1	5	0	P75	1	0.013119	0.013119	0.035367	0.035367
32	1	5	0	P90	1	0.021960	0.021960	0.044403	0.044403
32	1	5	0	P95	1	0.021960	0.021960	0.044403	0.044403
32	1	5	0	P99	1	0.021960	0.021960	0.044403	0.044403
32	1	5	0	P999	1	0.021960	0.021960	0.044403	0.044403
32	2	547	1	P1	3	-0.054577	-0.054577	-0.011706	-0.011706
32	2	547	1	P50	4	-0.018223	-0.018223	-0.018314	-0.018314
32	2	547	1	P75	4	-0.004496	-0.004496	-0.004632	-0.004632
32	2	547	1	P90	4	0.003811	0.003811	0.003649	0.003649
32	2	547	1	P95	5	-0.023106	-0.023106	0.019494	0.019494
32	2	547	1	P99	5	-0.003804	-0.003804	0.039575	0.039575
32	2	547	1	P999	42	0.005987	0.005987	0.042942	0.042942
32	3	550	2	P1	1	0.028988	0.028988	0.033120	0.033120
32	3	550	2	P50	4	-0.018322	-0.018422	-0.018413	-0.018513
32	3	550	2	P75	4	-0.004597	-0.004597	-0.004732	-0.004732
32	3	550	2	P90	4	0.003811	0.003709	0.003649	0.003548
32	3	550	2	P95	5	-0.023106	-0.023106	0.019494	0.019494
32	3	550	2	P99	5	-0.003804	-0.003804	0.039575	0.039575
32	3	550	2	P999	42	0.005987	0.005987	0.042942	0.042942
32	4	553	3	P1	1	0.019857	0.019857	0.023980	0.023980
32	4	553	3	P50	4	-0.018521	-0.018521	-0.018612	-0.018612
32	4	553	3	P75	4	-0.004698	-0.004698	-0.004833	-0.004833
32	4	553	3	P90	4	0.003709	0.003709	0.003548	0.003548
32	4	553	3	P95	5	-0.023106	-0.023106	0.019494	0.019494
32	4	553	3	P99	5	-0.003804	-0.003804	0.039575	0.039575
32	4	553	3	P999	42	0.005987	0.005987	0.042942	0.042942
32	5	558	4	P1	1	0.018078	0.018078	0.023980	0.023980
32	5	558	4	P50	4	-0.020334	-0.020433	-0.018314	-0.018413
32	5	558	4	P75	4	-0.006440	-0.006440	-0.004430	-0.004430
32	5	558	4	P90	5	-0.045001	-0.045001	-0.001086	-0.001086
32	5	558	4	P95	5	-0.020928	-0.020928	0.024024	0.024024
32	5	558	4	P99	7	0.008719	0.008719	0.009157	0.009157
32	5	558	4	P999	42	0.003103	0.003103	0.042942	0.042942
32	6	577	5	P1	1	0.003524	0.003524	0.023980	0.023980
32	6	577	5	P50	4	-0.036704	-0.036704	-0.017421	-0.017421
32	6	577	5	P75	4	-0.022582	-0.022582	-0.003021	-0.003021
32	6	577	5	P90	5	-0.048030	-0.048030	0.014085	0.014085
32	6	577	5	P95	5	-0.023228	-0.023228	0.040497	0.040497
32	6	577	5	P99	25	-0.001541	-0.001541	0.013523	0.013523
32	6	577	5	P999	42	0.023136	0.023136	0.042942	0.042942
32	7	588	6	P1	1	-0.008300	-0.008300	0.011919	0.011919
32	7	588	6	P50	4	-0.037190	-0.037288	-0.017917	-0.018017
32	7	588	6	P75	4	-0.022780	-0.022879	-0.003223	-0.003323
32	7	588	6	P90	5	-0.048873	-0.048873	0.013186	0.013186
32	7	588	6	P95	5	-0.024094	-0.024094	0.039575	0.039575
32	7	588	6	P99	25	-0.001541	-0.001541	0.013523	0.013523
32	7	588	6	P999	42	0.023136	0.023136	0.042942	0.042942
33	1	19	0	P1	1	-0.019248	-0.019248	0.002289	0.002289
33	1	19	0	P50	1	0.001144	0.001144	0.023129	0.023129
33	1	19	0	P75	1	0.012656	0.012656	0.034894	0.034894
33	1	19	0	P90	1	0.019626	0.019626	0.042017	0.042017
33	1	19	0	P95	1	0.021960	0.021960	0.044403	0.044403
33	1	19	0	P99	1	0.021960	0.021960	0.044403	0.044403
33	1	19	0	P999	1	0.021960	0.021960	0.044403	0.044403
33	2	30	0	P1	1	-0.020070	-0.020070	0.001449	0.001449
33	2	30	0	P50	1	0.001449	0.000000	0.023441	0.021960
33	2	30	0	P75	1	0.011653	0.011653	0.033869	0.033869
33	2	30	0	P90	1	0.019004	0.017530	0.041382	0.039875
33	2	30	0	P95	1	0.020481	0.020481	0.042891	0.042891
33	2	30	0	P99	1	0.021960	0.021960	0.044403	0.044403
33	2	30	0	P999	1	0.021960	0.021960	0.044403	0.044403
33	3	32	1	P1	1	-0.005590	-0.005590	0.001449	0.001449
33	3	32	1	P50	1	0.017781	0.016304	0.024924	0.023441
33	3	32	1	P75	1	0.029671	0.028177	0.036868	0.035367
33	3	32	1	P90	1	0.035668	0.035668	0.042891	0.042891
33	3	32	1	P95	7	-0.014613	-0.014613	-0.012528	-0.012528
33	3	32	1	P99	7	0.007082	0.007082	0.009157	0.009157
33	3	32	1	P999	7	0.007082	0.007082	0.009157	0.009157
33	4	35	2	P1	1	-0.017204	-0.017204	0.001449	0.001449
33	4	35	2	P50	1	0.007304	0.007304	0.026410	0.026410
33	4	35	2	P75	1	0.020525	0.020525	0.039875	0.039875
33	4	35	2	P90	7	-0.008655	-0.008655	0.009157	0.009157
33	4	35	2	P95	23	-0.002926	-0.002926	0.014371	0.014371
33	4	35	2	P99	23	0.018981	0.018981	0.036646	0.036646
33	4	35	2	P999	23	0.018981	0.018981	0.036646	0.036646
33	5	37	3	P1	1	-0.017293	-0.017293	0.001359	0.001359
33	5	37	3	P50	1	0.007030	0.007030	0.026131	0.026131
33	5	37	3	P75	1	0.019417	0.019417	0.038746	0.038746
33	5	37	3	P90	7	-0.008655	-0.008655	0.009157	0.009157
33	5	37	3	P95	23	-0.002926	-0.002926	0.014371	0.014371
33	5	37	3	P99	23	0.018981	0.018981	0.036646	0.036646
33	5	37	3	P999	23	0.018981	0.018981	0.036646	0.036646
33	6	39	4	P1	1	-0.017372	-0.017372	0.001279	0.001279
33	6	39	4	P50	1	0.006789	0.006789	0.025885	0.025885
33	6	39	4	P75	1	0.019743	0.019743	0.039078	0.039078
33	6	39	4	P90	7	-0.008655	-0.008655	0.009157	0.009157
33	6	39	4	P95	23	-0.002926	-0.002926	0.014371	0.014371
33	6	39	4	P99	23	0.018981	0.018981	0.036646	0.036646
33	6	39	4	P999	23	0.018981	0.018981	0.036646	0.036646
33	7	42	5	P1	1	-0.011869	-0.011869	0.001279	0.001279
33	7	42	5	P50	1	0.015046	0.013748	0.028510	0.027197
33	7	42	5	P75	1	0.028119	0.028119	0.041737	0.041737
33	7	42	5	P90	23	0.005736	0.005736	0.014371	0.014371
33	7	42	5	P95	28	0.004813	0.004813	0.013146	0.013146
33	7	42	5	P99	29	0.013307	0.013307	0.021645	0.021645
33	7	42	5	P999	29	0.013307	0.013307	0.021645	0.021645
34	1	35	1	P1	1	-0.016589	-0.016589	0.003108	0.003108
34	1	35	1	P50	35	-0.000651	-0.000651	-0.001546	-0.001546
34	1	35	1	P75	37	-0.004989	-0.004989	0.009544	0.009544
34	1	35	1	P90	38	0.007680	0.007680	0.006991	0.006991
34	1	35	1	P95	39	0.010705	0.010705	0.029696	0.029696
34	1	35	1	P99	41	0.004105	0.004105	0.022958	0.022958
34	1	35	1	P999	41	0.004105	0.004105	0.022958	0.022958
34	2	43	2	P1	1	-0.017699	-0.017699	0.001977	0.001977
34	2	43	2	P50	1	0.023908	0.023908	0.044403	0.044403
34	2	43	2	P75	37	-0.017268	-0.017268	-0.000156	-0.000156
34	2	43	2	P90	37	0.020030	0.020030	0.029227	0.029227
34	2	43	2	P95	38	0.022384	0.022384	0.011864	0.011864
34	2	43	2	P99	41	0.004105	0.004105	0.022958	0.022958
34	2	43	2	P999	41	0.004105	0.004105	0.022958	0.022958
34	3	56	3	P1	1	-0.018419	-0.018419	0.001242	0.001242
34	3	56	3	P50	1	0.016308	0.015047	0.036653	0.035367
34	3	56	3	P75	36	-0.007068	-0.012447	0.005051	-0.003644
34	3	56	3	P90	37	0.013717	0.013717	0.024270	0.024270
34	3	56	3	P95	38	0.022384	0.022384	0.011864	0.011864
34	3	56	3	P99	41	0.004105	0.004105	0.022958	0.022958
34	3	56	3	P999	41	0.004105	0.004105	0.022958	0.022958
34	4	68	4	P1	1	-0.018730	-0.018730	0.000925	0.000925
34	4	68	4	P50	1	0.012610	0.011674	0.032882	0.031927
34	4	68	4	P75	35	0.004792	-0.000651	0.007168	-0.001546
34	4	68	4	P90	37	0.007443	0.007443	0.019338	0.019338
34	4	68	4	P95	38	0.007680	0.007680	0.006991	0.006991
34	4	68	4	P99	41	0.004105	0.004105	0.022958	0.022958
34	4	68	4	P999	41	0.004105	0.004105	0.022958	0.022958
34	5	74	5	P1	1	-0.018730	-0.018730	0.000925	0.000925
34	5	74	5	P50	1	0.015423	0.014484	0.035750	0.034793
34	5	74	5	P75	35	-0.006065	-0.006065	-0.010184	-0.010184
34	5	74	5	P90	37	0.001208	0.001208	0.014429	0.014429
34	5	74	5	P95	38	0.007680	0.007680	0.006991	0.006991
34	5	74	5	P99	41	0.004105	0.004105	0.022958	0.022958
34	5	74	5	P999	41	0.004105	0.004105	0.022958	0.022958
34	6	76	6	P1	1	-0.018767	-0.018767	0.000887	0.000887
34	6	76	6	P50	1	0.014867	0.013967	0.035183	0.034266
34	6	76	6	P75	35	-0.006065	-0.011450	-0.010184	-0.018747
34	6	76	6	P90	37	0.001208	0.001208	0.014429	0.014429
34	6	76	6	P95	38	0.007680	0.007680	0.006991	0.006991
34	6	76	6	P99	41	0.004105	0.004105	0.022958	0.022958
34	6	76	6	P999	41	0.004105	0.004105	0.022958	0.022958
34	7	79	7	P1	1	-0.018817	-0.018817	0.000836	0.000836
34	7	79	7	P50	1	0.013691	0.013691	0.033984	0.033984
34	7	79	7	P75	34	0.017625	0.017625	0.010113	0.010113
34	7	79	7	P90	37	0.001208	0.001208	0.014429	0.014429
34	7	79	7	P95	38	0.007680	0.007680	0.006991	0.006991
34	7	79	7	P99	41	0.004105	0.004105	0.022958	0.022958
34	7	79	7	P999	41	0.004105	0.004105	0.022958	0.022958
35	1	7	1	P1	1	0.002805	0.002805	0.021960	0.021960
35	1	7	1	P50	33	-0.009128	-0.009128	0.000815	0.000815
35	1	7	1	P75	34	-0.002797	-0.002797	0.014511	0.014511
35	1	7	1	P90	34	0.019112	0.019112	0.036790	0.036790
35	1	7	1	P95	34	0.019112	0.019112	0.036790	0.036790
35	1	7	1	P99	34	0.019112	0.019112	0.036790	0.036790
35	1	7	1	P999	34	0.019112	0.019112	0.036790	0.036790
35	2	9	2	P1	1	-0.008033	-0.008033	0.010920	0.010920
35	2	9	2	P50	32	0.007138	0.007138	0.009913	0.009913
35	2	9	2	P75	33	0.005333	0.005333	0.022793	0.022793
35	2	9	2	P90	34	0.019112	0.019112	0.036790	0.036790
35	2	9	2	P95	34	0.019112	0.019112	0.036790	0.036790
35	2	9	2	P99	34	0.019112	0.019112	0.036790	0.036790
35	2	9	2	P999	34	0.019112	0.019112	0.036790	0.036790
35	3	12	3	P1	1	-0.012642	-0.012642	0.006226	0.006226
35	3	12	3	P50	1	0.024838	0.018494	0.044403	0.037941
35	3	12	3	P75	33	0.005333	-0.009128	0.022793	0.000815
35	3	12	3	P90	34	-0.002797	-0.002797	0.014511	0.014511
35	3	12	3	P95	34	0.019112	0.019112	0.036790	0.036790
35	3	12	3	P99	34	0.019112	0.019112	0.036790	0.036790
35	3	12	3	P999	34	0.019112	0.019112	0.036790	0.036790
35	4	16	4	P1	1	-0.014869	-0.014869	0.003957	0.003957
35	4	16	4	P50	1	0.016771	0.012761	0.036185	0.032101
35	4	16	4	P75	33	-0.009128	-0.023381	0.000815	-0.020690
35	4	16	4	P90	34	-0.002797	-0.002797	0.014511	0.014511
35	4	16	4	P95	34	0.019112	0.019112	0.036790	0.036790
35	4	16	4	P99	34	0.019112	0.019112	0.036790	0.036790
35	4	16	4	P999	34	0.019112	0.019112	0.036790	0.036790
35	5	31	5	P1	1	-0.014869	-0.014869	0.003957	0.003957
35	5	31	5	P50	33	-0.023381	-0.023381	-0.012144	-0.012144
35	5	31	5	P75	34	0.000303	0.000303	0.017665	0.017665
35	5	31	5	P90	36	0.005253	0.005253	0.022669	0.022669
35	5	31	5	P95	37	0.006841	0.006841	0.024270	0.024270
35	5	31	5	P99	38	-0.005347	-0.005347	0.011864	0.011864
35	5	31	5	P999	38	-0.005347	-0.005347	0.011864	0.011864
35	6	36	6	P1	1	-0.016084	-0.016084	0.002719	0.002719
35	6	36	6	P50	32	-0.007349	-0.021627	-0.000997	-0.011788
35	6	36	6	P75	34	-0.005889	-0.012042	0.011368	0.005110
35	6	36	6	P90	36	0.005253	0.005253	0.022669	0.022669
35	6	36	6	P95	37	0.006841	0.006841	0.024270	0.024270
35	6	36	6	P99	38	-0.005347	-0.005347	0.011864	0.011864
35	6	36	6	P999	38	-0.005347	-0.005347	0.011864	0.011864
35	7	41	7	P1	1	-0.016720	-0.016720	0.002071	0.002071
35	7	41	7	P50	1	0.024838	0.024838	0.044403	0.044403
35	7	41	7	P75	34	-0.018158	-0.018158	-0.001108	-0.001108
35	7	41	7	P90	35	-0.010005	-0.010005	0.007168	0.007168
35	7	41	7	P95	37	-0.007642	-0.007642	0.009544	0.009544
35	7	41	7	P99	38	-0.005347	-0.005347	0.011864	0.011864
35	7	41	7	P999	38	-0.005347	-0.005347	0.011864	0.011864
36	1	14	0	P1	1	-0.018447	-0.018447	0.003108	0.003108
36	1	14	0	P50	1	0.003108	0.000000	0.025136	0.021960
36	1	14	0	P75	1	0.012490	0.012490	0.034725	0.034725
36	1	14	0	P90	1	0.018794	0.018794	0.041167	0.041167
36	1	14	0	P95	1	0.021960	0.021960	0.044403	0.044403
36	1	14	0	P99	1	0.021960	0.021960	0.044403	0.044403
36	1	14	0	P999	1	0.021960	0.021960	0.044403	0.044403
36	2	16	0	P1	1	-0.018828	-0.018828	0.002719	0.002719
36	2	16	0	P50	1	0.002719	0.000000	0.024739	0.021960
36	2	16	0	P75	1	0.013669	0.010920	0.035929	0.033120
36	2	16	0	P90	1	0.019189	0.019189	0.041571	0.041571
36	2	16	0	P95	1	0.021960	0.021960	0.044403	0.044403
36	2	16	0	P99	1	0.021960	0.021960	0.044403	0.044403
36	2	16	0	P999	1	0.021960	0.021960	0.044403	0.044403
36	3	18	0	P1	1	-0.019124	-0.019124	0.002417	0.002417
36	3	18	0	P50	1	0.002417	0.000000	0.024430	0.021960
36	3	18	0	P75	1	0.012141	0.012141	0.034368	0.034368
36	3	18	0	P90	1	0.019497	0.019497	0.041885	0.041885
36	3	18	0	P95	1	0.021960	0.021960	0.044403	0.044403
36	3	18	0	P99	1	0.021960	0.021960	0.044403	0.044403
36	3	18	0	P999	1	0.021960	0.021960	0.044403	0.044403
36	4	20	0	P1	1	-0.019360	-0.019360	0.002175	0.002175
36	4	20	0	P50	1	0.002175	0.000000	0.024183	0.021960
36	4	20	0	P75	1	0.013119	0.010920	0.035367	0.033120
36	4	20	0	P90	1	0.019743	0.017530	0.042136	0.039875
36	4	20	0	P95	1	0.021960	0.019743	0.044403	0.042136
36	4	20	0	P99	1	0.021960	0.021960	0.044403	0.044403
36	4	20	0	P999	1	0.021960	0.021960	0.044403	0.044403
36	5	22	0	P1	1	-0.019554	-0.019554	0.001977	0.001977
36	5	22	0	P50	1	0.001977	0.000000	0.023980	0.021960
36	5	22	0	P75	1	0.011919	0.011919	0.034141	0.034141
36	5	22	0	P90	1	0.017932	0.017932	0.040286	0.040286
36	5	22	0	P95	1	0.019944	0.019944	0.042342	0.042342
36	5	22	0	P99	1	0.021960	0.021960	0.044403	0.044403
36	5	22	0	P999	1	0.021960	0.021960	0.044403	0.044403
36	6	24	0	P1	1	-0.019715	-0.019715	0.001812	0.001812
36	6	24	0	P50	1	0.001812	0.000000	0.023812	0.021960
36	6	24	0	P75	1	0.012752	0.010920	0.034992	0.033120
36	6	24	0	P90	1	0.018267	0.018267	0.040628	0.040628
36	6	24	0	P95	1	0.020112	0.020112	0.042514	0.042514
36	6	24	0	P99	1	0.021960	0.021960	0.044403	0.044403
36	6	24	0	P999	1	0.021960	0.021960	0.044403	0.044403
36	7	26	1	P1	1	-0.005584	-0.005584	0.001812	0.001812
36	7	26	1	P50	1	0.018155	0.016309	0.025667	0.023812
36	7	26	1	P75	1	0.029301	0.029301	0.036868	0.036868
36	7	26	1	P90	1	0.036800	0.036800	0.044403	0.044403
36	7	26	1	P95	16	-0.014260	-0.014260	-0.013736	-0.013736
36	7	26	1	P99	16	0.007442	0.007442	0.007923	0.007923
36	7	26	1	P999	16	0.007442	0.007442	0.007923	0.007923
37	1	4	1	P1	15	0.004827	0.004827	0.007289	0.007289
37	1	4	1	P50	16	0.027625	-0.016105	0.007923	-0.034929
37	1	4	1	P75	21	0.016369	-0.217048	0.040886	-0.232059
37	1	4	1	P90	21	0.016369	0.016369	0.040886	0.040886
37	1	4	1	P95	21	0.016369	0.016369	0.040886	0.040886
37	1	4	1	P99	21	0.016369	0.016369	0.040886	0.040886
37	1	4	1	P999	21	0.016369	0.016369	0.040886	0.040886
37	2	1614	2	P1	1	-0.019737	-0.019737	0.000459	0.000459
37	2	1614	2	P50	1	0.001416	0.001389	0.022043	0.022015
37	2	1614	2	P75	1	0.012368	0.012368	0.033218	0.033218
37	2	1614	2	P90	1	0.019002	0.019002	0.039987	0.039987
37	2	1614	2	P95	1	0.021232	0.021232	0.042263	0.042263
37	2	1614	2	P99	1	0.022998	0.022998	0.044064	0.044064
37	2	1614	2	P999	16	0.032101	0.032101	0.007923	0.007923
37	3	3215	3	P1	1	-0.019749	-0.019749	0.000447	0.000447
37	3	3215	3	P50	1	0.001369	0.001369	0.021995	0.021995
37	3	3215	3	P75	1	0.012324	0.012324	0.033173	0.033173
37	3	3215	3	P90	1	0.018949	0.018949	0.039933	0.039933
37	3	3215	3	P95	1	0.021171	0.021171	0.042200	0.042200
37	3	3215	3	P99	1	0.022942	0.022942	0.044007	0.044007
37	3	3215	3	P999	15	0.009268	0.009268	0.007289	0.007289
37	4	4837	4	P1	1	-0.019755	-0.019755	0.000441	0.000441
37	4	4837	4	P50	1	0.001357	0.001357	0.021983	0.021983
37	4	4837	4	P75	1	0.012302	0.012302	0.033151	0.033151
37	4	4837	4	P90	1	0.018931	0.018931	0.039915	0.039915
37	4	4837	4	P95	1	0.021151	0.021151	0.042180	0.042180
37	4	4837	4	P99	1	0.022925	0.022925	0.043990	0.043990
37	4	4837	4	P999	1	0.023329	0.023329	0.044403	0.044403
37	5	7293	5	P1	1	-0.019758	-0.019758	0.000438	0.000438
37	5	7293	5	P50	1	0.001476	0.001476	0.022104	0.022104
37	5	7293	5	P75	1	0.012483	0.012483	0.033336	0.033336
37	5	7293	5	P90	1	0.019147	0.019147	0.040135	0.040135
37	5	7293	5	P95	1	0.021380	0.021380	0.042413	0.042413
37	5	7293	5	P99	1	0.023170	0.023170	0.044240	0.044240
37	5	7293	5	P999	4	0.009997	0.009997	-0.013342	-0.013342
37	6	9257	6	P1	1	-0.019757	-0.019757	0.000439	0.000439
37	6	9257	6	P50	1	0.001448	0.001448	0.022076	0.022076
37	6	9257	6	P75	1	0.012442	0.012442	0.033293	0.033293
37	6	9257	6	P90	1	0.019099	0.019099	0.040086	0.040086
37	6	9257	6	P95	1	0.021328	0.021328	0.042360	0.042360
37	6	9257	6	P99	1	0.023112	0.023112	0.044181	0.044181
37	6	9257	6	P999	4	-0.007407	-0.007407	-0.030341	-0.030341
37	7	10897	7	P1	1	-0.019759	-0.019759	0.000437	0.000437
37	7	10897	7	P50	1	0.001431	0.001431	0.022058	0.022058
37	7	10897	7	P75	1	0.012416	0.012416	0.033267	0.033267
37	7	10897	7	P90	1	0.019068	0.019068	0.040054	0.040054
37	7	10897	7	P95	1	0.021294	0.021294	0.042326	0.042326
37	7	10897	7	P99	1	0.023079	0.023079	0.044147	0.044147
37	7	10897	7	P999	3	0.010885	0.010885	0.031442	0.031442
38	1	3466	0	P1	1	-0.021059	-0.021059	0.000439	0.000439
38	1	3466	0	P50	1	0.000019	0.000006	0.021979	0.021967
38	1	3466	0	P75	1	0.010936	0.010936	0.033137	0.033137
38	1	3466	0	P90	1	0.017549	0.017549	0.039895	0.039895
38	1	3466	0	P95	1	0.019759	0.019759	0.042153	0.042153
38	1	3466	0	P99	1	0.021537	0.021537	0.043971	0.043971
38	1	3466	0	P999	1	0.021935	0.021935	0.044376	0.044376
38	2	5105	0	P1	1	-0.021055	-0.021055	0.000443	0.000443
38	2	5105	0	P50	1	0.000009	0.000009	0.021969	0.021969
38	2	5105	0	P75	1	0.010929	0.010929	0.033129	0.033129
38	2	5105	0	P90	1	0.017542	0.017542	0.039887	0.039887
38	2	5105	0	P95	1	0.019753	0.019753	0.042147	0.042147
38	2	5105	0	P99	1	0.021525	0.021525	0.043958	0.043958
38	2	5105	0	P999	1	0.021925	0.021925	0.044367	0.044367
38	3	6813	0	P1	1	-0.021058	-0.021058	0.000440	0.000440
38	3	6813	0	P50	1	0.000006	0.000006	0.021967	0.021967
38	3	6813	0	P75	1	0.010927	0.010927	0.033127	0.033127
38	3	6813	0	P90	1	0.017538	0.017538	0.039883	0.039883
38	3	6813	0	P95	1	0.019753	0.019753	0.042147	0.042147
38	3	6813	0	P99	1	0.021524	0.021524	0.043956	0.043956
38	3	6813	0	P999	1	0.021928	0.021928	0.044369	0.044369
38	4	6815	1	P1	1	-0.017288	-0.017288	0.000440	0.000440
38	4	6815	1	P50	1	0.003878	0.003878	0.021973	0.021973
38	4	6815	1	P75	1	0.014854	0.014854	0.033140	0.033140
38	4	6815	1	P90	1	0.021495	0.021495	0.039896	0.039896
38	4	6815	1	P95	1	0.023721	0.023721	0.042160	0.042160
38	4	6815	1	P99	1	0.025499	0.025499	0.043970	0.043970
38	4	6815	1	P999	1	0.025905	0.025905	0.044383	0.044383
38	5	6817	2	P1	1	-0.017288	-0.017288	0.000440	0.000440
38	5	6817	2	P50	1	0.003878	0.003878	0.021973	0.021973
38	5	6817	2	P75	1	0.014851	0.014851	0.033137	0.033137
38	5	6817	2	P90	1	0.021496	0.021496	0.039898	0.039898
38	5	6817	2	P95	1	0.023721	0.023721	0.042161	0.042161
38	5	6817	2	P99	1	0.025499	0.025499	0.043970	0.043970
38	5	6817	2	P999	1	0.025905	0.025905	0.044383	0.044383
38	6	6819	3	P1	1	-0.017288	-0.017288	0.000440	0.000440
38	6	6819	3	P50	1	0.003878	0.003878	0.021973	0.021973
38	6	6819	3	P75	1	0.014854	0.014854	0.033140	0.033140
38	6	6819	3	P90	1	0.021498	0.021498	0.039899	0.039899
38	6	6819	3	P95	1	0.023722	0.023722	0.042162	0.042162
38	6	6819	3	P99	1	0.025500	0.025500	0.043970	0.043970
38	6	6819	3	P999	1	0.025905	0.025905	0.044383	0.044383
38	7	6823	4	P1	1	-0.017288	-0.017288	0.000440	0.000440
38	7	6823	4	P50	1	0.003890	0.003890	0.021986	0.021986
38	7	6823	4	P75	1	0.014874	0.014874	0.033160	0.033160
38	7	6823	4	P90	1	0.021517	0.021517	0.039919	0.039919
38	7	6823	4	P95	1	0.023742	0.023742	0.042181	0.042181
38	7	6823	4	P99	1	0.025526	0.025526	0.043997	0.043997
38	7	6823	4	P999	3	0.013931	0.013931	0.031442	0.031442
39	1	4	1	P1	1	0.002578	0.002578	0.021960	0.021960
39	1	4	1	P50	24	-0.002572	-0.957308	0.015269	-0.956483
39	1	4	1	P75	24	0.019342	-0.002572	0.037565	0.015269
39	1	4	1	P90	24	0.019342	0.019342	0.037565	0.037565
39	1	4	1	P95	24	0.019342	0.019342	0.037565	0.037565
39	1	4	1	P99	24	0.019342	0.019342	0.037565	0.037565
39	1	4	1	P999	24	0.019342	0.019342	0.037565	0.037565
39	2	2495	2	P1	1	-0.018539	-0.018539	0.000444	0.000444
39	2	2495	2	P50	1	0.003033	0.003033	0.022423	0.022423
39	2	2495	2	P75	1	0.014221	0.014221	0.033823	0.033823
39	2	2495	2	P90	1	0.020987	0.020987	0.040716	0.040716
39	2	2495	2	P95	1	0.023258	0.023258	0.043030	0.043030
39	2	2495	2	P99	2	0.025296	0.025296	0.000364	0.000364
39	2	2495	2	P999	11	0.017100	0.017100	0.035645	0.035645
39	3	4564	3	P1	1	-0.018540	-0.018540	0.000443	0.000443
39	3	4564	3	P50	1	0.002829	0.002820	0.022216	0.022206
39	3	4564	3	P75	1	0.013908	0.013898	0.033503	0.033493
39	3	4564	3	P90	1	0.020607	0.020607	0.040329	0.040329
39	3	4564	3	P95	1	0.022850	0.022850	0.042615	0.042615
39	3	4564	3	P99	2	-0.008786	-0.008786	-0.032874	-0.032874
39	3	4564	3	P999	5	0.023321	0.023321	0.042344	0.042344
39	4	6185	4	P1	1	-0.018544	-0.018544	0.000439	0.000439
39	4	6185	4	P50	1	0.002763	0.002763	0.022148	0.022148
39	4	6185	4	P75	1	0.013808	0.013808	0.033402	0.033402
39	4	6185	4	P90	1	0.020497	0.020497	0.040217	0.040217
39	4	6185	4	P95	1	0.022734	0.022734	0.042496	0.042496
39	4	6185	4	P99	1	0.024532	0.024532	0.044329	0.044329
39	4	6185	4	P999	5	0.001322	0.001322	0.019946	0.019946
39	5	6188	5	P1	1	-0.019050	-0.019050	0.000439	0.000439
39	5	6188	5	P50	1	0.002258	0.002251	0.022163	0.022156
39	5	6188	5	P75	1	0.013304	0.013297	0.033424	0.033417
39	5	6188	5	P90	1	0.019989	0.019989	0.040239	0.040239
39	5	6188	5	P95	1	0.022224	0.022224	0.042518	0.042518
39	5	6188	5	P99	1	0.024022	0.024022	0.044351	0.044351
39	5	6188	5	P999	9	0.043990	0.043990	0.018642	0.018642
39	6	6190	6	P1	1	-0.019050	-0.019050	0.000439	0.000439
39	6	6190	6	P50	1	0.002258	0.002251	0.022163	0.022156
39	6	6190	6	P75	1	0.013301	0.013301	0.033420	0.033420
39	6	6190	6	P90	1	0.019990	0.019983	0.040240	0.040233
39	6	6190	6	P95	1	0.022225	0.022225	0.042519	0.042519
39	6	6190	6	P99	1	0.024022	0.024022	0.044351	0.044351
39	6	6190	6	P999	9	0.043990	0.043990	0.018642	0.018642
39	7	6192	7	P1	1	-0.019050	-0.019050	0.000439	0.000439
39	7	6192	7	P50	1	0.002258	0.002251	0.022163	0.022155
39	7	6192	7	P75	1	0.013304	0.013297	0.033424	0.033417
39	7	6192	7	P90	1	0.019984	0.019984	0.040234	0.040234
39	7	6192	7	P95	1	0.022226	0.022226	0.042519	0.042519
39	7	6192	7	P99	1	0.024022	0.024022	0.044351	0.044351
39	7	6192	7	P999	9	0.043990	0.043990	0.018642	0.018642
40	1	10	1	P1	1	0.030253	0.030253	0.044403	0.044403
40	1	10	1	P50	3	0.019656	-0.310862	0.031442	-0.332017
40	1	10	1	P75	45	0.010387	0.010387	0.016635	0.016635
40	1	10	1	P90	48	-0.010618	-0.031919	0.039614	-0.004585
40	1	10	1	P95	48	-0.010618	-0.010618	0.039614	0.039614
40	1	10	1	P99	48	-0.010618	-0.010618	0.039614	0.039614
40	1	10	1	P999	48	-0.010618	-0.010618	0.039614	0.039614
40	2	12	2	P1	1	0.002880	0.002880	0.014587	0.014587
40	2	12	2	P50	2	0.035709	0.024502	0.001975	-0.008849
40	2	12	2	P75	45	0.011662	-0.031423	0.016635	-0.026587
40	2	12	2	P90	47	-0.010079	-0.010079	0.016594	0.016594
40	2	12	2	P95	48	-0.009378	-0.009378	0.039614	0.039614
40	2	12	2	P99	48	-0.009378	-0.009378	0.039614	0.039614
40	2	12	2	P999	48	-0.009378	-0.009378	0.039614	0.039614
40	3	15	3	P1	1	-0.004368	-0.004368	0.007267	0.007267
40	3	15	3	P50	2	0.013415	0.013415	-0.019556	-0.019556
40	3	15	3	P75	43	0.013627	0.013627	0.018688	0.018688
40	3	15	3	P90	47	-0.010079	-0.010079	0.016594	0.016594
40	3	15	3	P95	48	-0.009378	-0.009378	0.039614	0.039614
40	3	15	3	P99	48	-0.009378	-0.009378	0.039614	0.039614
40	3	15	3	P999	48	-0.009378	-0.009378	0.039614	0.039614
40	4	20	4	P1	1	-0.006172	-0.006172	0.005445	0.005445
40	4	20	4	P50	2	0.010270	0.004008	-0.022594	-0.028641
40	4	20	4	P75	3	0.021543	-0.309527	0.031442	-0.332017
40	4	20	4	P90	47	-0.010079	-0.031387	0.016594	-0.026627
40	4	20	4	P95	48	-0.009378	-0.030702	0.039614	-0.004585
40	4	20	4	P99	48	-0.009378	-0.009378	0.039614	0.039614
40	4	20	4	P999	48	-0.009378	-0.009378	0.039614	0.039614
40	5	29	5	P1	1	-0.006172	-0.006172	0.005445	0.005445
40	5	29	5	P50	2	0.035709	0.035709	0.001975	0.001975
40	5	29	5	P75	47	-0.010079	-0.010079	-0.002159	-0.002159
40	5	29	5	P90	48	0.005098	0.005098	0.017274	0.017274
40	5	29	5	P95	49	-0.001027	-0.001027	0.007396	0.007396
40	5	29	5	P99	49	0.013571	0.013571	0.018397	0.018397
40	5	29	5	P999	49	0.013571	0.013571	0.018397	0.018397
40	6	34	6	P1	1	-0.008249	-0.008249	0.003348	0.003348
40	6	34	6	P50	2	0.022910	0.016570	-0.010386	-0.016509
40	6	34	6	P75	46	0.005954	0.005954	0.013225	0.013225
40	6	34	6	P90	48	-0.009378	-0.009378	0.006285	0.006285
40	6	34	6	P95	49	-0.001027	-0.001027	0.007396	0.007396
40	6	34	6	P99	49	0.013571	0.013571	0.018397	0.018397
40	6	34	6	P999	49	0.013571	0.013571	0.018397	0.018397
40	7	39	7	P1	1	-0.009171	-0.009171	0.002417	0.002417
40	7	39	7	P50	2	0.004008	0.004008	-0.028641	-0.028641
40	7	39	7	P75	46	0.000496	0.000496	0.006956	0.006956
40	7	39	7	P90	48	-0.009378	-0.009378	0.006285	0.006285
40	7	39	7	P95	49	-0.001027	-0.001027	0.007396	0.007396
40	7	39	7	P99	49	0.013571	0.013571	0.018397	0.018397
40	7	39	7	P999	49	0.013571	0.013571	0.018397	0.018397
41	1	10	0	P1	1	-0.017228	-0.017228	0.004354	0.004354
41	1	10	0	P50	1	0.004354	0.000000	0.026410	0.021960
41	1	10	0	P75	1	0.013119	0.013119	0.035367	0.035367
41	1	10	0	P90	1	0.021960	0.017530	0.044403	0.039875
41	1	10	0	P95	1	0.021960	0.021960	0.044403	0.044403
41	1	10	0	P99	1	0.021960	0.021960	0.044403	0.044403
41	1	10	0	P999	1	0.021960	0.021960	0.044403	0.044403
41	2	14	1	P1	1	-0.004473	-0.004473	0.004354	0.004354
41	2	14	1	P50	1	0.026338	0.021879	0.035367	0.030879
41	2	14	1	P75	32	0.008876	0.008876	0.009913	0.009913
41	2	14	1	P90	34	-0.008211	-0.008211	0.036790	0.036790
41	2	14	1	P95	36	0.021918	0.021918	0.022669	0.022669
41	2	14	1	P99	36	0.021918	0.021918	0.022669	0.022669
41	2	14	1	P999	36	0.021918	0.021918	0.022669	0.022669
41	3	22	2	P1	1	-0.005195	-0.005195	0.003627	0.003627
41	3	22	2	P50	1	0.035315	0.031565	0.044403	0.040628
41	3	22	2	P75	2	0.038981	0.038981	0.001975	0.001975
41	3	22	2	P90	34	-0.029570	-0.029570	0.014511	0.014511
41	3	22	2	P95	34	-0.008211	-0.008211	0.036790	0.036790
41	3	22	2	P99	36	0.021918	0.021918	0.022669	0.022669
41	3	22	2	P999	36	0.021918	0.021918	0.022669	0.022669
41	4	27	3	P1	1	-0.007972	-0.007972	0.003627	0.003627
41	4	27	3	P50	2	0.009014	0.009014	-0.023806	-0.023806
41	4	27	3	P75	34	-0.012673	-0.012673	0.036790	0.036790
41	4	27	3	P90	47	-0.017233	-0.017233	-0.005251	-0.005251
41	4	27	3	P95	47	-0.002872	-0.002872	0.016594	0.016594
41	4	27	3	P99	48	-0.009378	-0.009378	0.039614	0.039614
41	4	27	3	P999	48	-0.009378	-0.009378	0.039614	0.039614
41	5	29	4	P1	1	-0.008486	-0.008486	0.003108	0.003108
41	5	29	4	P50	2	0.000270	0.000270	-0.032252	-0.032252
41	5	29	4	P75	34	-0.033926	-0.033926	0.014511	0.014511
41	5	29	4	P90	47	-0.017233	-0.017233	-0.005251	-0.005251
41	5	29	4	P95	47	-0.002872	-0.002872	0.016594	0.016594
41	5	29	4	P99	48	-0.009378	-0.009378	0.039614	0.039614
41	5	29	4	P999	48	-0.009378	-0.009378	0.039614	0.039614
41	6	34	5	P1	1	-0.009297	-0.009297	0.002289	0.002289
41	6	34	5	P50	1	0.030042	0.027686	0.042017	0.039637
41	6	34	5	P75	32	0.004359	0.004359	0.009913	0.009913
41	6	34	5	P90	44	-0.009410	-0.009410	0.039740	0.039740
41	6	34	5	P95	47	-0.002872	-0.002872	0.016594	0.016594
41	6	34	5	P99	48	-0.009378	-0.009378	0.039614	0.039614
41	6	34	5	P999	48	-0.009378	-0.009378	0.039614	0.039614
41	7	40	6	P1	1	-0.009606	-0.009606	0.001977	0.001977
41	7	40	6	P50	1	0.030364	0.028328	0.042342	0.040286
41	7	40	6	P75	3	0.021543	-0.309527	0.031442	-0.332017
41	7	40	6	P90	44	-0.009410	-0.030733	0.039740	-0.004464
41	7	40	6	P95	47	-0.002872	-0.017233	0.016594	-0.005251
41	7	40	6	P99	48	-0.009378	-0.009378	0.039614	0.039614
41	7	40	6	P999	48	-0.009378	-0.009378	0.039614	0.039614
42	1	9	1	P1	20	0.028022	0.028022	0.001975	0.001975
42	1	9	1	P50	46	0.020471	0.020471	0.023760	0.023760
42	1	9	1	P75	48	-0.000571	-0.000571	0.009935	0.009935
42	1	9	1	P90	48	0.021379	0.021379	0.039614	0.039614
42	1	9	1	P95	48	0.021379	0.021379	0.039614	0.039614
42	1	9	1	P99	48	0.021379	0.021379	0.039614	0.039614
42	1	9	1	P999	48	0.021379	0.021379	0.039614	0.039614
42	2	13	2	P1	1	-0.009103	-0.009103	0.010920	0.010920
42	2	13	2	P50	45	0.012191	0.012191	0.016635	0.016635
42	2	13	2	P75	47	0.008505	0.008505	0.016594	0.016594
42	2	13	2	P90	48	0.009186	0.009186	0.024667	0.024667
42	2	13	2	P95	48	0.020210	0.020210	0.039614	0.039614
42	2	13	2	P99	48	0.020210	0.020210	0.039614	0.039614
42	2	13	2	P999	48	0.020210	0.020210	0.039614	0.039614
42	3	17	3	P1	1	-0.014471	-0.014471	0.005445	0.005445
42	3	17	3	P50	20	0.026667	0.026667	0.001975	0.001975
42	3	17	3	P75	46	0.019294	0.019294	0.023760	0.023760
42	3	17	3	P90	48	0.009186	0.009186	0.024667	0.024667
42	3	17	3	P95	48	0.020210	0.020210	0.039614	0.039614
42	3	17	3	P99	48	0.020210	0.020210	0.039614	0.039614
42	3	17	3	P999	48	0.020210	0.020210	0.039614	0.039614
42	4	21	4	P1	1	-0.016254	-0.016254	0.003627	0.003627
42	4	21	4	P50	1	0.020026	0.020026	0.040628	0.040628
42	4	21	4	P75	46	0.004635	0.004635	0.009041	0.009041
42	4	21	4	P90	48	-0.001719	-0.001719	0.009935	0.009935
42	4	21	4	P95	48	0.009186	0.009186	0.024667	0.024667
42	4	21	4	P99	48	0.020210	0.020210	0.039614	0.039614
42	4	21	4	P999	48	0.020210	0.020210	0.039614	0.039614
42	5	25	5	P1	1	-0.017144	-0.017144	0.002719	0.002719
42	5	25	5	P50	1	0.015418	0.015418	0.035929	0.035929
42	5	25	5	P75	45	0.012191	0.012191	0.016635	0.016635
42	5	25	5	P90	48	-0.001719	-0.001719	0.009935	0.009935
42	5	25	5	P95	48	0.009186	0.009186	0.024667	0.024667
42	5	25	5	P99	48	0.020210	0.020210	0.039614	0.039614
42	5	25	5	P999	48	0.020210	0.020210	0.039614	0.039614
42	6	31	6	P1	1	-0.017301	-0.017301	0.002559	0.002559
42	6	31	6	P50	1	0.021113	0.021113	0.041737	0.041737
42	6	31	6	P75	21	0.021207	0.021207	0.040886	0.040886
42	6	31	6	P90	47	0.008505	0.008505	0.016594	0.016594
42	6	31	6	P95	48	0.009186	0.009186	0.024667	0.024667
42	6	31	6	P99	48	0.020210	0.020210	0.039614	0.039614
42	6	31	6	P999	48	0.020210	0.020210	0.039614	0.039614
42	7	33	7	P1	1	-0.017301	-0.017301	0.002559	0.002559
42	7	33	7	P50	1	0.023726	0.023726	0.044403	0.044403
42	7	33	7	P75	22	-0.003798	-0.003798	0.015392	0.015392
42	7	33	7	P90	47	0.008505	0.008505	0.016594	0.016594
42	7	33	7	P95	48	0.009186	0.009186	0.024667	0.024667
42	7	33	7	P99	48	0.020210	0.020210	0.039614	0.039614
42	7	33	7	P999	48	0.020210	0.020210	0.039614	0.039614
43	1	15	1	P1	1	-0.011253	-0.011253	0.008727	0.008727
43	1	15	1	P50	45	0.026960	0.026960	0.016635	0.016635
43	1	15	1	P75	48	-0.001719	-0.001719	0.012864	0.012864
43	1	15	1	P90	49	-0.007823	-0.007823	0.009587	0.009587
43	1	15	1	P95	49	-0.000610	-0.000610	0.018397	0.018397
43	1	15	1	P99	49	-0.000610	-0.000610	0.018397	0.018397
43	1	15	1	P999	49	-0.000610	-0.000610	0.018397	0.018397
43	2	20	2	P1	1	-0.015541	-0.015541	0.004354	0.004354
43	2	20	2	P50	44	0.020308	-0.976733	0.010057	-0.976264
43	2	20	2	P75	48	-0.008923	-0.016076	0.004102	-0.004585
43	2	20	2	P90	49	-0.007823	-0.014983	0.009587	0.000852
43	2	20	2	P95	49	-0.000610	-0.007823	0.018397	0.009587
43	2	20	2	P99	49	-0.000610	-0.000610	0.018397	0.018397
43	2	20	2	P999	49	-0.000610	-0.000610	0.018397	0.018397
43	3	24	3	P1	1	-0.016763	-0.016763	0.003108	0.003108
43	3	24	3	P50	1	0.020553	0.017390	0.041167	0.037941
43	3	24	3	P75	47	0.004859	-0.002393	0.016594	-0.005251
43	3	24	3	P90	49	-0.014983	-0.014983	0.000852	0.000852
43	3	24	3	P95	49	-0.007823	-0.007823	0.009587	0.009587
43	3	24	3	P99	49	-0.000610	-0.000610	0.018397	0.018397
43	3	24	3	P999	49	-0.000610	-0.000610	0.018397	0.018397
43	4	26	4	P1	1	-0.017144	-0.017144	0.002719	0.002719
43	4	26	4	P50	1	0.018180	0.015418	0.038746	0.035929
43	4	26	4	P75	46	0.019294	0.019294	0.016374	0.016374
43	4	26	4	P90	49	-0.014983	-0.014983	0.000852	0.000852
43	4	26	4	P95	49	-0.007823	-0.007823	0.009587	0.009587
43	4	26	4	P99	49	-0.000610	-0.000610	0.018397	0.018397
43	4	26	4	P999	49	-0.000610	-0.000610	0.018397	0.018397
43	5	28	5	P1	1	-0.017144	-0.017144	0.002719	0.002719
43	5	28	5	P50	1	0.020949	0.018180	0.041571	0.038746
43	5	28	5	P75	46	0.019294	0.004635	0.016374	-0.005466
43	5	28	5	P90	49	-0.014983	-0.014983	0.000852	0.000852
43	5	28	5	P95	49	-0.007823	-0.007823	0.009587	0.009587
43	5	28	5	P99	49	-0.000610	-0.000610	0.018397	0.018397
43	5	28	5	P999	49	-0.000610	-0.000610	0.018397	0.018397
43	6	38	6	P1	1	-0.017441	-0.017441	0.002417	0.002417
43	6	38	6	P50	2	-0.005397	-0.011553	-0.028641	-0.034651
43	6	38	6	P75	44	0.020308	0.020308	0.010057	0.010057
43	6	38	6	P90	48	-0.001719	-0.001719	0.012864	0.012864
43	6	38	6	P95	49	-0.007823	-0.007823	0.009587	0.009587
43	6	38	6	P99	49	-0.000610	-0.000610	0.018397	0.018397
43	6	38	6	P999	49	-0.000610	-0.000610	0.018397	0.018397
43	7	40	7	P1	1	-0.017441	-0.017441	0.002417	0.002417
43	7	40	7	P50	2	0.000797	-0.005397	-0.022594	-0.028641
43	7	40	7	P75	44	0.020308	-0.178962	0.010057	-0.198844
43	7	40	7	P90	48	-0.001719	-0.008923	0.012864	0.004102
43	7	40	7	P95	49	-0.007823	-0.014983	0.009587	0.000852
43	7	40	7	P99	49	-0.000610	-0.000610	0.018397	0.018397
43	7	40	7	P999	49	-0.000610	-0.000610	0.018397	0.018397
44	1	5	1	P1	1	0.009483	0.009483	0.021960	0.021960
44	1	5	1	P50	45	0.010500	0.010500	0.016635	0.016635
44	1	5	1	P75	47	0.010532	0.010532	0.016594	0.016594
44	1	5	1	P90	49	0.012396	0.012396	0.018397	0.018397
44	1	5	1	P95	49	0.012396	0.012396	0.018397	0.018397
44	1	5	1	P99	49	0.012396	0.012396	0.018397	0.018397
44	1	5	1	P999	49	0.012396	0.012396	0.018397	0.018397
44	2	7	2	P1	1	-0.001440	-0.001440	0.010920	0.010920
44	2	7	2	P50	1	0.031688	0.031688	0.044403	0.044403
44	2	7	2	P75	47	0.010532	0.010532	0.016594	0.016594
44	2	7	2	P90	49	0.012396	0.012396	0.018397	0.018397
44	2	7	2	P95	49	0.012396	0.012396	0.018397	0.018397
44	2	7	2	P99	49	0.012396	0.012396	0.018397	0.018397
44	2	7	2	P999	49	0.012396	0.012396	0.018397	0.018397
44	3	9	3	P1	1	-0.001440	-0.001440	0.010920	0.010920
44	3	9	3	P50	2	0.012629	0.012629	-0.019556	-0.019556
44	3	9	3	P75	45	0.010500	0.010500	0.016635	0.016635
44	3	9	3	P90	49	0.012396	0.012396	0.018397	0.018397
44	3	9	3	P95	49	0.012396	0.012396	0.018397	0.018397
44	3	9	3	P99	49	0.012396	0.012396	0.018397	0.018397
44	3	9	3	P999	49	0.012396	0.012396	0.018397	0.018397
44	4	11	4	P1	1	-0.001440	-0.001440	0.010920	0.010920
44	4	11	4	P50	2	0.034904	0.034904	0.001975	0.001975
44	4	11	4	P75	45	0.010500	0.010500	0.016635	0.016635
44	4	11	4	P90	47	0.010532	0.010532	0.016594	0.016594
44	4	11	4	P95	49	0.012396	0.012396	0.018397	0.018397
44	4	11	4	P99	49	0.012396	0.012396	0.018397	0.018397
44	4	11	4	P999	49	0.012396	0.012396	0.018397	0.018397
44	5	13	5	P1	1	-0.001440	-0.001440	0.010920	0.010920
44	5	13	5	P50	3	-0.001268	-0.001268	0.009278	0.009278
44	5	13	5	P75	5	0.032372	0.032372	0.042344	0.042344
44	5	13	5	P90	47	0.010532	0.010532	0.016594	0.016594
44	5	13	5	P95	49	0.012396	0.012396	0.018397	0.018397
44	5	13	5	P99	49	0.012396	0.012396	0.018397	0.018397
44	5	13	5	P999	49	0.012396	0.012396	0.018397	0.018397
44	6	16	6	P1	1	-0.001440	-0.001440	0.010920	0.010920
44	6	16	6	P50	3	0.020701	0.006002	0.031442	0.016613
44	6	16	6	P75	5	0.032372	-0.169496	0.042344	-0.196837
44	6	16	6	P90	47	0.010532	0.010532	0.016594	0.016594
44	6	16	6	P95	49	0.012396	0.012396	0.018397	0.018397
44	6	16	6	P99	49	0.012396	0.012396	0.018397	0.018397
44	6	16	6	P999	49	0.012396	0.012396	0.018397	0.018397
44	7	18	7	P1	1	-0.001440	-0.001440	0.010920	0.010920
44	7	18	7	P50	3	0.011856	0.003088	0.022519	0.013672
44	7	18	7	P75	4	0.038130	0.038130	0.003953	0.003953
44	7	18	7	P90	47	0.010532	0.010532	0.016594	0.016594
44	7	18	7	P95	49	0.012396	0.012396	0.018397	0.018397
44	7	18	7	P99	49	0.012396	0.012396	0.018397	0.018397
44	7	18	7	P999	49	0.012396	0.012396	0.018397	0.018397
45	1	4	1	P1	3	-0.008529	-0.008529	0.009278	0.009278
45	1	4	1	P50	4	0.008602	-0.223301	-0.017620	-0.226419
45	1	4	1	P75	4	0.053492	0.008602	0.003953	-0.017620
45	1	4	1	P90	4	0.053492	0.053492	0.003953	0.003953
45	1	4	1	P95	4	0.053492	0.053492	0.003953	0.003953
45	1	4	1	P99	4	0.053492	0.053492	0.003953	0.003953
45	1	4	1	P999	4	0.053492	0.053492	0.003953	0.003953
45	2	6	2	P1	3	-0.008529	-0.008529	0.001996	0.001996
45	2	6	2	P50	4	0.008602	-0.223301	-0.024707	-0.226419
45	2	6	2	P75	4	0.030803	0.030803	-0.010481	-0.010481
45	2	6	2	P90	4	0.053492	0.053492	0.003953	0.003953
45	2	6	2	P95	4	0.053492	0.053492	0.003953	0.003953
45	2	6	2	P99	4	0.053492	0.053492	0.003953	0.003953
45	2	6	2	P999	4	0.053492	0.053492	0.003953	0.003953
45	3	8	3	P1	3	-0.008529	-0.008529	0.001996	0.001996
45	3	8	3	P50	4	-0.005932	-0.020256	-0.021878	-0.030341
45	3	8	3	P75	4	0.030803	0.008602	-0.004732	-0.013342
45	3	8	3	P90	4	0.053492	0.053492	0.003953	0.003953
45	3	8	3	P95	4	0.053492	0.053492	0.003953	0.003953
45	3	8	3	P99	4	0.053492	0.053492	0.003953	0.003953
45	3	8	3	P999	4	0.053492	0.053492	0.003953	0.003953
45	4	11	4	P1	3	-0.008529	-0.008529	-0.003791	-0.003791
45	4	11	4	P50	4	-0.020256	-0.020256	-0.031744	-0.031744
45	4	11	4	P75	4	0.023349	0.023349	-0.010481	-0.010481
45	4	11	4	P90	4	0.038311	0.038311	-0.003290	-0.003290
45	4	11	4	P95	4	0.053492	0.053492	0.003953	0.003953
45	4	11	4	P99	4	0.053492	0.053492	0.003953	0.003953
45	4	11	4	P999	4	0.053492	0.053492	0.003953	0.003953
45	5	14	5	P1	3	-0.008529	-0.008529	-0.006261	-0.006261
45	5	14	5	P50	4	-0.020256	-0.223301	-0.032745	-0.226419
45	5	14	5	P75	4	0.019642	0.019642	-0.014566	-0.014566
45	5	14	5	P90	4	0.042085	0.042085	-0.002258	-0.002258
45	5	14	5	P95	4	0.053492	0.053492	0.003953	0.003953
45	5	14	5	P99	4	0.053492	0.053492	0.003953	0.003953
45	5	14	5	P999	4	0.053492	0.053492	0.003953	0.003953
45	6	17	6	P1	3	-0.008529	-0.008529	-0.007631	-0.007631
45	6	17	6	P50	3	0.035598	0.035598	0.031442	0.031442
45	6	17	6	P75	4	0.017424	0.017424	-0.017620	-0.017620
45	6	17	6	P90	4	0.044357	0.044357	-0.001484	-0.001484
45	6	17	6	P95	4	0.053492	0.053492	0.003953	0.003953
45	6	17	6	P99	4	0.053492	0.053492	0.003953	0.003953
45	6	17	6	P999	4	0.053492	0.053492	0.003953	0.003953
45	7	20	7	P1	3	-0.029882	-0.029882	-0.008110	-0.008110
45	7	20	7	P50	4	-0.025928	-0.223301	-0.034544	-0.226419
45	7	20	7	P75	4	0.017424	0.008602	-0.013342	-0.017620
45	7	20	7	P90	4	0.044357	0.035301	-0.000399	-0.004732
45	7	20	7	P95	4	0.053492	0.044357	0.003953	-0.000399
45	7	20	7	P99	4	0.053492	0.053492	0.003953	0.003953
45	7	20	7	P999	4	0.053492	0.053492	0.003953	0.003953
46	1	5	0	P1	3	0.000000	0.000000	0.009278	0.009278
46	1	5	0	P50	4	0.009234	0.009234	-0.024707	-0.024707
46	1	5	0	P75	4	0.023956	0.023956	-0.010481	-0.010481
46	1	5	0	P90	4	0.038893	0.038893	0.003953	0.003953
46	1	5	0	P95	4	0.038893	0.038893	0.003953	0.003953
46	1	5	0	P99	4	0.038893	0.038893	0.003953	0.003953
46	1	5	0	P999	4	0.038893	0.038893	0.003953	0.003953
46	2	7	0	P1	3	-0.010802	-0.010802	-0.001625	-0.001625
46	2	7	0	P50	3	0.021960	0.021960	0.031442	0.031442
46	2	7	0	P75	4	0.023956	0.023956	-0.010481	-0.010481
46	2	7	0	P90	4	0.038893	0.038893	0.003953	0.003953
46	2	7	0	P95	4	0.038893	0.038893	0.003953	0.003953
46	2	7	0	P99	4	0.038893	0.038893	0.003953	0.003953
46	2	7	0	P999	4	0.038893	0.038893	0.003953	0.003953
46	3	9	0	P1	3	-0.012949	-0.012949	-0.003791	-0.003791
46	3	9	0	P50	3	0.021960	0.021960	0.031442	0.031442
46	3	9	0	P75	4	0.016569	0.016569	-0.017620	-0.017620
46	3	9	0	P90	4	0.038893	0.038893	0.003953	0.003953
46	3	9	0	P95	4	0.038893	0.038893	0.003953	0.003953
46	3	9	0	P99	4	0.038893	0.038893	0.003953	0.003953
46	3	9	0	P999	4	0.038893	0.038893	0.003953	0.003953
46	4	11	0	P1	3	-0.015396	-0.015396	-0.006261	-0.006261
46	4	11	0	P50	3	0.015637	0.015637	0.025060	0.025060
46	4	11	0	P75	4	0.016569	0.016569	-0.017620	-0.017620
46	4	11	0	P90	4	0.027670	0.027670	-0.006892	-0.006892
46	4	11	0	P95	4	0.038893	0.038893	0.003953	0.003953
46	4	11	0	P99	4	0.038893	0.038893	0.003953	0.003953
46	4	11	0	P999	4	0.038893	0.038893	0.003953	0.003953
46	5	13	0	P1	3	-0.016160	-0.016160	-0.007032	-0.007032
46	5	13	0	P50	3	0.016425	0.016425	0.025856	0.025856
46	5	13	0	P75	4	0.012162	0.012162	-0.021878	-0.021878
46	5	13	0	P90	4	0.029905	0.029905	-0.004732	-0.004732
46	5	13	0	P95	4	0.038893	0.038893	0.003953	0.003953
46	5	13	0	P99	4	0.038893	0.038893	0.003953	0.003953
46	5	13	0	P999	4	0.038893	0.038893	0.003953	0.003953
46	6	15	0	P1	3	-0.017228	-0.017228	-0.008110	-0.008110
46	6	15	0	P50	3	0.013119	0.013119	0.022519	0.022519
46	6	15	0	P75	4	0.012162	0.012162	-0.021878	-0.021878
46	6	15	0	P90	4	0.029905	0.029905	-0.004732	-0.004732
46	6	15	0	P95	4	0.038893	0.038893	0.003953	0.003953
46	6	15	0	P99	4	0.038893	0.038893	0.003953	0.003953
46	6	15	0	P999	4	0.038893	0.038893	0.003953	0.003953
46	7	17	0	P1	3	-0.017939	-0.017939	-0.008828	-0.008828
46	7	17	0	P50	3	0.010920	0.010920	0.020300	0.020300
46	7	17	0	P75	4	0.003405	0.003405	-0.030341	-0.030341
46	7	17	0	P90	4	0.029905	0.029905	-0.004732	-0.004732
46	7	17	0	P95	4	0.038893	0.038893	0.003953	0.003953
46	7	17	0	P99	4	0.038893	0.038893	0.003953	0.003953
46	7	17	0	P999	4	0.038893	0.038893	0.003953	0.003953
47	1	4	1	P1	1	0.005722	0.005722	0.021960	0.021960
47	1	4	1	P50	3	0.016168	-0.657390	0.031442	-0.651866
47	1	4	1	P75	4	0.033316	-0.237874	0.003953	-0.226419
47	1	4	1	P90	4	0.033316	0.033316	0.003953	0.003953
47	1	4	1	P95	4	0.033316	0.033316	0.003953	0.003953
47	1	4	1	P99	4	0.033316	0.033316	0.003953	0.003953
47	1	4	1	P999	4	0.033316	0.033316	0.003953	0.003953
47	2	8	2	P1	1	0.017839	0.017839	0.021960	0.021960
47	2	8	2	P50	4	-0.010364	-0.024636	-0.017620	-0.028232
47	2	8	2	P75	4	0.048842	0.004116	0.003953	-0.006892
47	2	8	2	P90	5	-0.001143	-0.001143	0.042344	0.042344
47	2	8	2	P95	5	-0.001143	-0.001143	0.042344	0.042344
47	2	8	2	P99	5	-0.001143	-0.001143	0.042344	0.042344
47	2	8	2	P999	5	-0.001143	-0.001143	0.042344	0.042344
47	3	10	3	P1	1	0.006810	0.006810	0.010920	0.010920
47	3	10	3	P50	4	-0.024636	-0.226912	-0.028232	-0.226419
47	3	10	3	P75	4	0.004116	0.004116	-0.006892	-0.006892
47	3	10	3	P90	5	-0.001143	-0.160927	0.042344	-0.196837
47	3	10	3	P95	5	-0.001143	-0.001143	0.042344	0.042344
47	3	10	3	P99	5	-0.001143	-0.001143	0.042344	0.042344
47	3	10	3	P999	5	-0.001143	-0.001143	0.042344	0.042344
47	4	26	4	P1	1	-0.001927	-0.001927	0.002175	0.002175
47	4	26	4	P50	1	0.026748	0.024514	0.030879	0.028642
47	4	26	4	P75	1	0.040260	0.040260	0.044403	0.044403
47	4	26	4	P90	4	0.004116	0.004116	-0.006892	-0.006892
47	4	26	4	P95	4	0.048842	0.048842	0.003953	0.003953
47	4	26	4	P99	5	-0.001143	-0.001143	0.042344	0.042344
47	4	26	4	P999	5	-0.001143	-0.001143	0.042344	0.042344
47	5	566	5	P1	1	-0.003634	-0.003634	0.000466	0.000466
47	5	566	5	P50	1	0.018155	0.018076	0.022277	0.022198
47	5	566	5	P75	1	0.029389	0.029389	0.033521	0.033521
47	5	566	5	P90	1	0.036220	0.036220	0.040359	0.040359
47	5	566	5	P95	1	0.038480	0.038480	0.042622	0.042622
47	5	566	5	P99	3	0.030784	0.030784	0.031442	0.031442
47	5	566	5	P999	5	-0.001143	-0.001143	0.042344	0.042344
47	6	656	6	P1	1	-0.003632	-0.003632	0.000468	0.000468
47	6	656	6	P50	1	0.018112	0.018043	0.022233	0.022165
47	6	656	6	P75	1	0.029368	0.029299	0.033500	0.033431
47	6	656	6	P90	1	0.036153	0.036153	0.040292	0.040292
47	6	656	6	P95	1	0.038448	0.038448	0.042589	0.042589
47	6	656	6	P99	1	0.040260	0.040260	0.044403	0.044403
47	6	656	6	P999	5	-0.001143	-0.001143	0.042344	0.042344
47	7	1195	7	P1	1	-0.003661	-0.003661	0.000439	0.000439
47	7	1195	7	P50	1	0.017969	0.017969	0.022091	0.022091
47	7	1195	7	P75	1	0.029186	0.029186	0.033319	0.033319
47	7	1195	7	P90	1	0.035960	0.035960	0.040099	0.040099
47	7	1195	7	P95	1	0.038241	0.038241	0.042382	0.042382
47	7	1195	7	P99	1	0.040069	0.040069	0.044212	0.044212
47	7	1195	7	P999	4	0.048842	0.048842	0.003953	0.003953
48	1	47	0	P1	1	-0.020583	-0.020583	0.000925	0.000925
48	1	47	0	P50	1	0.000462	0.000462	0.022433	0.022433
48	1	47	0	P75	1	0.011622	0.011622	0.033837	0.033837
48	1	47	0	P90	1	0.018188	0.018188	0.040548	0.040548
48	1	47	0	P95	1	0.020073	0.020073	0.042474	0.042474
48	1	47	0	P99	1	0.021960	0.021960	0.044403	0.044403
48	1	47	0	P999	1	0.021960	0.021960	0.044403	0.044403
48	2	92	0	P1	1	-0.021026	-0.021026	0.000472	0.000472
48	2	92	0	P50	1	0.000472	0.000000	0.022443	0.021960
48	2	92	0	P75	1	0.011398	0.010920	0.033608	0.033120
48	2	92	0	P90	1	0.017626	0.017626	0.039973	0.039973
48	2	92	0	P95	1	0.020032	0.020032	0.042432	0.042432
48	2	92	0	P99	1	0.021960	0.021960	0.044403	0.044403
48	2	92	0	P999	1	0.021960	0.021960	0.044403	0.044403
48	3	130	0	P1	1	-0.020834	-0.020834	0.000669	0.000669
48	3	130	0	P50	1	0.000334	0.000000	0.022302	0.021960
48	3	130	0	P75	1	0.011089	0.011089	0.033293	0.033293
48	3	130	0	P90	1	0.017870	0.017530	0.040223	0.039875
48	3	130	0	P95	1	0.019913	0.019913	0.042310	0.042310
48	3	130	0	P99	1	0.021619	0.021619	0.044054	0.044054
48	3	130	0	P999	1	0.021960	0.021960	0.044403	0.044403
48	4	167	0	P1	1	-0.020979	-0.020979	0.000520	0.000520
48	4	167	0	P50	1	0.000130	0.000130	0.022093	0.022093
48	4	167	0	P75	1	0.011118	0.011118	0.033322	0.033322
48	4	167	0	P90	1	0.017715	0.017715	0.040064	0.040064
48	4	167	0	P95	1	0.019835	0.019835	0.042231	0.042231
48	4	167	0	P99	1	0.021694	0.021694	0.044131	0.044131
48	4	167	0	P999	1	0.021960	0.021960	0.044403	0.044403
48	5	189	1	P1	1	-0.014138	-0.014138	0.000520	0.000520
48	5	189	1	P50	1	0.010034	0.010034	0.025022	0.025022
48	5	189	1	P75	1	0.022475	0.022475	0.037632	0.037632
48	5	189	1	P90	120	0.026339	0.026339	0.035520	0.035520
48	5	189	1	P95	1195	0.011283	0.011283	0.017508	0.017508
48	5	189	1	P99	2986	0.031107	0.031107	0.036278	0.036278
48	5	189	1	P999	3152	0.020230	0.020230	0.025292	0.025292
48	6	231	2	P1	1	-0.014036	-0.014036	0.000624	0.000624
48	6	231	2	P50	1	0.009426	0.009426	0.024406	0.024406
48	6	231	2	P75	1	0.021685	0.021685	0.036832	0.036832
48	6	231	2	P90	1	0.028940	0.028940	0.044185	0.044185
48	6	231	2	P95	1078	0.005529	0.005529	0.011852	0.011852
48	6	231	2	P99	2859	0.031071	0.031071	0.036296	0.036296
48	6	231	2	P999	3152	0.020230	0.020230	0.025292	0.025292
48	7	310	3	P1	1	-0.013831	-0.013831	0.000832	0.000832
48	7	310	3	P50	1	0.017865	0.017653	0.032959	0.032745
48	7	310	3	P75	3	0.004787	0.004787	0.018346	0.018346
48	7	310	3	P90	4	0.027831	0.026816	-0.002962	-0.003946
48	7	310	3	P95	578	0.020033	0.020033	0.027205	0.027205
48	7	310	3	P99	2528	0.023418	0.023418	0.028768	0.028768
48	7	310	3	P999	3152	0.020230	0.020230	0.025292	0.025292
49	1	6	0	P1	1	-0.014377	-0.014377	0.007267	0.007267
49	1	6	0	P50	1	0.007267	0.000000	0.029387	0.021960
49	1	6	0	P75	1	0.014587	0.014587	0.036868	0.036868
49	1	6	0	P90	1	0.021960	0.021960	0.044403	0.044403
49	1	6	0	P95	1	0.021960	0.021960	0.044403	0.044403
49	1	6	0	P99	1	0.021960	0.021960	0.044403	0.044403
49	1	6	0	P999	1	0.021960	0.021960	0.044403	0.044403
49	2	2347	1	P1	38	-0.003634	-0.003634	0.011864	0.011864
49	2	2347	1	P50	46	-0.015375	-0.015375	-0.000181	-0.000181
49	2	2347	1	P75	49	-0.012215	-0.012215	0.002984	0.002984
49	2	2347	1	P90	53	-0.004705	-0.004705	-0.012183	-0.012183
49	2	2347	1	P95	58	-0.006228	-0.006228	0.003118	0.003118
49	2	2347	1	P99	77	-0.010268	-0.010268	-0.004725	-0.004725
49	2	2347	1	P999	106	0.013982	0.013982	0.029035	0.029035
49	3	2354	2	P1	38	-0.022405	-0.022405	-0.007187	-0.007187
49	3	2354	2	P50	46	-0.015683	-0.015785	-0.000492	-0.000596
49	3	2354	2	P75	49	-0.012469	-0.012469	0.002727	0.002727
49	3	2354	2	P90	53	-0.005260	-0.005260	-0.012823	-0.012823
49	3	2354	2	P95	58	-0.006228	-0.006228	0.003118	0.003118
49	3	2354	2	P99	77	-0.010268	-0.010268	-0.004725	-0.004725
49	3	2354	2	P999	106	0.013982	0.013982	0.029035	0.029035
49	4	2480	3	P1	1	-0.009839	-0.009839	0.008018	0.008018
49	4	2480	3	P50	45	-0.000051	-0.000133	0.015385	0.015302
49	4	2480	3	P75	48	0.004105	0.003976	0.019558	0.019428
49	4	2480	3	P90	52	0.007111	0.006550	0.001099	0.000906
49	4	2480	3	P95	57	0.000276	-0.001534	0.011886	0.010421
49	4	2480	3	P99	76	-0.001201	-0.001201	0.002910	0.002910
49	4	2480	3	P999	106	0.013982	0.013982	0.029035	0.029035
49	5	2832	4	P1	1	-0.015169	-0.015169	0.002596	0.002596
49	5	2832	4	P50	45	-0.014383	-0.014464	0.000841	0.000759
49	5	2832	4	P75	48	-0.007163	-0.007290	0.008124	0.007995
49	5	2832	4	P90	51	0.006460	0.006460	0.013689	0.013689
49	5	2832	4	P95	56	-0.004957	-0.004957	0.006578	0.006578
49	5	2832	4	P99	74	0.000624	0.000624	0.007882	0.007882
49	5	2832	4	P999	106	0.013982	0.013982	0.029035	0.029035
49	6	2840	5	P1	1	-0.015206	-0.015206	0.002559	0.002559
49	6	2840	5	P50	45	-0.014706	-0.014787	0.000513	0.000431
49	6	2840	5	P75	48	-0.007417	-0.007545	0.007866	0.007737
49	6	2840	5	P90	51	0.006460	0.006222	0.013689	0.013494
49	6	2840	5	P95	56	-0.004957	-0.005558	0.006578	0.005512
49	6	2840	5	P99	74	0.000624	0.000624	0.007882	0.007882
49	6	2840	5	P999	106	0.013982	0.013982	0.029035	0.029035
49	7	2845	6	P1	1	-0.015231	-0.015231	0.002533	0.002533
49	7	2845	6	P50	45	-0.014949	-0.014949	0.000267	0.000267
49	7	2845	6	P75	48	-0.007672	-0.007672	0.007608	0.007608
49	7	2845	6	P90	51	0.006222	0.006222	0.013494	0.013494
49	7	2845	6	P95	56	-0.005558	-0.005558	0.005512	0.005512
49	7	2845	6	P99	74	0.000624	0.000624	0.007882	0.007882
49	7	2845	6	P999	106	0.013982	0.013982	0.029035	0.029035
50	1	510	1	P1	1	-0.047260	-0.047260	0.000941	0.000941
50	1	510	1	P50	1	-0.006820	-0.006985	0.040968	0.040805
50	1	510	1	P75	9	-0.016253	-0.016253	-0.016441	-0.016441
50	1	510	1	P90	9	0.011873	0.011502	0.011601	0.011231
50	1	510	1	P95	10	-0.033140	-0.033140	0.009353	0.009353
50	1	510	1	P99	10	-0.002580	-0.002580	0.041167	0.041167
50	1	510	1	P999	92	0.003159	0.003159	0.040745	0.040745
50	2	536	2	P1	1	-0.047260	-0.047260	0.000861	0.000861
50	2	536	2	P50	1	0.001593	0.000530	0.039323	0.039174
50	2	536	2	P75	9	-0.018411	-0.018771	-0.018593	-0.018951
50	2	536	2	P90	9	0.010762	0.010762	0.010493	0.010493
50	2	536	2	P95	10	-0.034643	-0.034643	0.007788	0.007788
50	2	536	2	P99	10	-0.002580	-0.002580	0.041167	0.041167
50	2	536	2	P999	92	0.003159	0.003159	0.040745	0.040745
50	3	1421	3	P1	1	-0.045833	-0.045833	0.000549	0.000549
50	3	1421	3	P50	1	0.015395	0.015395	0.026342	0.026342
50	3	1421	3	P75	1	0.032496	0.032496	0.039753	0.039753
50	3	1421	3	P90	9	-0.021640	-0.021640	-0.021812	-0.021812
50	3	1421	3	P95	9	0.004123	0.004123	0.003875	0.003875
50	3	1421	3	P99	10	-0.016449	-0.016449	0.026728	0.026728
50	3	1421	3	P999	11	-0.007622	-0.007622	0.035645	0.035645
50	4	1667	4	P1	1	-0.045516	-0.045516	0.000622	0.000622
50	4	1667	4	P50	1	0.021288	0.021288	0.030969	0.030969
50	4	1667	4	P75	6	0.017771	0.017771	0.018620	0.018620
50	4	1667	4	P90	9	-0.015893	-0.015893	-0.017374	-0.017374
50	4	1667	4	P95	9	0.014469	0.014469	0.008264	0.008264
50	4	1667	4	P99	10	0.038597	0.038597	0.043107	0.043107
50	4	1667	4	P999	14	0.057750	0.057750	0.011149	0.011149
50	5	9045	5	P1	1	-0.033699	-0.033699	0.001111	0.001111
50	5	9045	5	P50	2	0.009641	0.009641	-0.029465	-0.029465
50	5	9045	5	P75	2	0.037585	0.037585	-0.002724	-0.002724
50	5	9045	5	P90	3	0.015648	0.015648	0.018449	0.018449
50	5	9045	5	P95	6	-0.003845	-0.003845	-0.002954	-0.002954
50	5	9045	5	P99	9	0.012614	0.012614	0.006701	0.006701
50	5	9045	5	P999	11	0.036567	0.036567	0.035645	0.035645
50	6	9047	6	P1	1	-0.033699	-0.033699	0.001110	0.001110
50	6	9047	6	P50	2	0.009629	0.009629	-0.029477	-0.029477
50	6	9047	6	P75	2	0.037585	0.037585	-0.002724	-0.002724
50	6	9047	6	P90	3	0.015648	0.015648	0.018449	0.018449
50	6	9047	6	P95	6	-0.003845	-0.003845	-0.002954	-0.002954
50	6	9047	6	P99	9	0.012614	0.012614	0.006701	0.006701
50	6	9047	6	P999	11	0.036567	0.036567	0.035645	0.035645
50	7	9080	7	P1	1	-0.033699	-0.033699	0.001100	0.001100
50	7	9080	7	P50	2	0.009434	0.009421	-0.029663	-0.029675
50	7	9080	7	P75	2	0.037484	0.037472	-0.002820	-0.002832
50	7	9080	7	P90	3	0.015551	0.015519	0.018352	0.018319
50	7	9080	7	P95	6	-0.004474	-0.005102	-0.003582	-0.004209
50	7	9080	7	P99	9	0.012614	0.012614	0.006701	0.006701
50	7	9080	7	P999	11	0.036567	0.036567	0.035645	0.035645
51	1	581	1	P1	1	-0.009906	-0.009906	0.005942	0.005942
51	1	581	1	P50	15	-0.009242	-0.009242	0.003848	0.003848
51	1	581	1	P75	15	0.012387	0.012387	0.025740	0.025740
51	1	581	1	P90	16	-0.015522	-0.015522	-0.002574	-0.002574
51	1	581	1	P95	17	-0.005973	-0.005973	0.007028	0.007028
51	1	581	1	P99	19	-0.033545	-0.033545	-0.020988	-0.020988
51	1	581	1	P999	19	-0.003053	-0.003053	0.009870	0.009870
51	2	587	2	P1	1	-0.010610	-0.010610	0.005227	0.005227
51	2	587	2	P50	15	-0.009684	-0.009684	0.003400	0.003400
51	2	587	2	P75	15	0.012236	0.012236	0.025587	0.025587
51	2	587	2	P90	16	-0.015522	-0.015522	-0.002574	-0.002574
51	2	587	2	P95	17	-0.005973	-0.005973	0.007028	0.007028
51	2	587	2	P99	19	-0.033545	-0.033545	-0.020988	-0.020988
51	2	587	2	P999	19	-0.003053	-0.003053	0.009870	0.009870
51	3	617	3	P1	1	-0.009749	-0.009749	0.006101	0.006101
51	3	617	3	P50	15	-0.011894	-0.011894	0.001163	0.001163
51	3	617	3	P75	15	0.011031	0.011031	0.024367	0.024367
51	3	617	3	P90	16	-0.017068	-0.017068	-0.004139	-0.004139
51	3	617	3	P95	17	-0.007773	-0.007773	0.005207	0.005207
51	3	617	3	P99	19	-0.039531	-0.039531	-0.027045	-0.027045
51	3	617	3	P999	19	-0.003053	-0.003053	0.009870	0.009870
51	4	624	4	P1	1	-0.009749	-0.009749	0.006101	0.006101
51	4	624	4	P50	15	-0.012240	-0.012387	0.000813	0.000664
51	4	624	4	P75	15	0.010898	0.010748	0.024232	0.024081
51	4	624	4	P90	16	-0.017583	-0.017583	-0.004660	-0.004660
51	4	624	4	P95	17	-0.009569	-0.009569	0.003389	0.003389
51	4	624	4	P99	19	-0.039531	-0.039531	-0.027045	-0.027045
51	4	624	4	P999	19	-0.003053	-0.003053	0.009870	0.009870
51	5	921	5	P1	1	-0.007162	-0.007162	0.008727	0.008727
51	5	921	5	P50	15	-0.019402	-0.019402	-0.006436	-0.006436
51	5	921	5	P75	15	0.013399	0.013399	0.026764	0.026764
51	5	921	5	P90	17	0.011745	0.011745	0.024960	0.024960
51	5	921	5	P95	21	0.001234	0.001234	0.014104	0.014104
51	5	921	5	P99	94	-0.017508	-0.017508	0.001053	0.001053
51	5	921	5	P999	111	0.015021	0.015021	0.026315	0.026315
51	6	924	6	P1	1	-0.007650	-0.007650	0.008231	0.008231
51	6	924	6	P50	15	-0.019542	-0.019682	-0.006578	-0.006720
51	6	924	6	P75	15	0.013399	0.013254	0.026764	0.026618
51	6	924	6	P90	17	0.011745	0.011745	0.024960	0.024960
51	6	924	6	P95	21	0.001234	0.001234	0.014104	0.014104
51	6	924	6	P99	94	-0.017508	-0.017508	0.001053	0.001053
51	6	924	6	P999	111	0.015021	0.015021	0.026315	0.026315
51	7	930	7	P1	1	-0.008478	-0.008478	0.007391	0.007391
51	7	930	7	P50	15	-0.019963	-0.020103	-0.007004	-0.007146
51	7	930	7	P75	15	0.013109	0.013109	0.026471	0.026471
51	7	930	7	P90	17	0.011745	0.010371	0.024960	0.023569
51	7	930	7	P95	21	0.001234	0.001234	0.014104	0.014104
51	7	930	7	P99	94	-0.017508	-0.017508	0.001053	0.001053
51	7	930	7	P999	111	0.015021	0.015021	0.026315	0.026315
52	1	29	0	P1	1	-0.020021	-0.020021	0.001499	0.001499
52	1	29	0	P50	1	0.000749	0.000749	0.022726	0.022726
52	1	29	0	P75	1	0.011299	0.011299	0.033507	0.033507
52	1	29	0	P90	1	0.018903	0.018903	0.041278	0.041278
52	1	29	0	P95	1	0.020430	0.020430	0.042839	0.042839
52	1	29	0	P99	1	0.021960	0.021960	0.044403	0.044403
52	1	29	0	P999	1	0.021960	0.021960	0.044403	0.044403
52	2	194	0	P1	1	-0.021041	-0.021041	0.000457	0.000457
52	2	194	0	P50	1	0.000686	0.000457	0.022661	0.022428
52	2	194	0	P75	1	0.011730	0.011730	0.033948	0.033948
52	2	194	0	P90	1	0.018461	0.018461	0.040827	0.040827
52	2	194	0	P95	1	0.020792	0.020792	0.043209	0.043209
52	2	194	0	P99	2	0.012917	0.012917	-0.008849	-0.008849
52	2	194	0	P999	2	0.023978	0.023978	0.001975	0.001975
52	3	200	0	P1	1	-0.020837	-0.021054	0.000665	0.000443
52	3	200	0	P50	1	0.000665	0.000443	0.022640	0.022413
52	3	200	0	P75	1	0.011817	0.011593	0.034037	0.033808
52	3	200	0	P90	1	0.018568	0.018342	0.040936	0.040705
52	3	200	0	P95	1	0.020828	0.020602	0.043246	0.043014
52	3	200	0	P99	2	0.012917	0.001975	-0.008849	-0.019556
52	3	200	0	P999	2	0.023978	0.023978	0.001975	0.001975
52	4	207	1	P1	1	-0.001510	-0.001510	0.000658	0.000658
52	4	207	1	P50	1	0.020942	0.020942	0.023082	0.023082
52	4	207	1	P75	1	0.032698	0.032698	0.034822	0.034822
52	4	207	1	P90	1	0.039770	0.039770	0.041885	0.041885
52	4	207	1	P95	1	0.042062	0.042062	0.044173	0.044173
52	4	207	1	P99	2	-0.007488	-0.007488	-0.007652	-0.007652
52	4	207	1	P999	2	0.002174	0.002174	0.001975	0.001975
52	5	216	2	P1	1	-0.001538	-0.001538	0.000630	0.000630
52	5	216	2	P50	1	0.021001	0.020786	0.023141	0.022926
52	5	216	2	P75	1	0.032678	0.032461	0.034802	0.034585
52	5	216	2	P90	1	0.039661	0.039661	0.041775	0.041775
52	5	216	2	P95	1	0.042072	0.042072	0.044183	0.044183
52	5	216	2	P99	2	-0.007488	-0.007488	-0.007652	-0.007652
52	5	216	2	P999	2	0.002174	0.002174	0.001975	0.001975
52	6	230	3	P1	1	-0.001578	-0.001578	0.000590	0.000590
52	6	230	3	P50	1	0.020926	0.020725	0.023066	0.022865
52	6	230	3	P75	1	0.032470	0.032470	0.034594	0.034594
52	6	230	3	P90	1	0.039622	0.039417	0.041737	0.041532
52	6	230	3	P95	1	0.041881	0.041881	0.043992	0.043992
52	6	230	3	P99	2	-0.007488	-0.007488	-0.007652	-0.007652
52	6	230	3	P999	2	0.002174	0.002174	0.001975	0.001975
52	7	764	4	P1	1	-0.014562	-0.014562	0.001369	0.001369
52	7	764	4	P50	2	-0.002364	-0.002456	-0.029427	-0.029514
52	7	764	4	P75	2	0.015272	0.015179	-0.012609	-0.012697
52	7	764	4	P90	2	0.025947	0.025947	-0.002432	-0.002432
52	7	764	4	P95	2	0.029530	0.029530	0.000984	0.000984
52	7	764	4	P99	3	0.006021	0.006021	0.021153	0.021153
52	7	764	4	P999	4	0.033316	0.033316	0.003953	0.003953
53	1	889	1	P1	1	-0.019721	-0.019721	0.001115	0.001115
53	1	889	1	P50	14	-0.007779	-0.007779	-0.030080	-0.030080
53	1	889	1	P75	14	0.023478	0.023478	0.000471	0.000471
53	1	889	1	P90	15	-0.011105	-0.011105	0.009584	0.009584
53	1	889	1	P95	15	0.007066	0.007066	0.028132	0.028132
53	1	889	1	P99	17	0.013561	0.013561	0.034747	0.034747
53	1	889	1	P999	69	0.002988	0.002988	0.023782	0.023782
53	2	893	2	P1	1	-0.019733	-0.019733	0.001102	0.001102
53	2	893	2	P50	14	-0.008056	-0.008056	-0.030350	-0.030350
53	2	893	2	P75	14	0.023335	0.023335	0.000331	0.000331
53	2	893	2	P90	15	-0.011514	-0.011514	0.009166	0.009166
53	2	893	2	P95	15	0.007066	0.007066	0.028132	0.028132
53	2	893	2	P99	17	0.013561	0.013561	0.034747	0.034747
53	2	893	2	P999	69	0.002988	0.002988	0.023782	0.023782
53	3	899	3	P1	1	-0.019751	-0.019751	0.001084	0.001084
53	3	899	3	P50	14	-0.008472	-0.008472	-0.030757	-0.030757
53	3	899	3	P75	14	0.023192	0.023192	0.000192	0.000192
53	3	899	3	P90	15	-0.011514	-0.011514	0.009166	0.009166
53	3	899	3	P95	15	0.007066	0.007066	0.028132	0.028132
53	3	899	3	P99	17	0.013561	0.013561	0.034747	0.034747
53	3	899	3	P999	69	0.002988	0.002988	0.023782	0.023782
53	4	1130	4	P1	1	-0.019948	-0.019948	0.000883	0.000883
53	4	1130	4	P50	1	0.020793	0.020718	0.042485	0.042408
53	4	1130	4	P75	14	0.014934	0.014934	-0.007879	-0.007879
53	4	1130	4	P90	15	-0.020878	-0.021283	-0.000392	-0.000806
53	4	1130	4	P95	15	0.002077	0.002077	0.023040	0.023040
53	4	1130	4	P99	17	0.001621	0.001621	0.022559	0.022559
53	4	1130	4	P999	46	0.017549	0.017549	0.038694	0.038694
53	5	1132	5	P1	1	-0.019951	-0.019951	0.000880	0.000880
53	5	1132	5	P50	1	0.020725	0.020650	0.042415	0.042339
53	5	1132	5	P75	14	0.014934	0.014793	-0.007879	-0.008018
53	5	1132	5	P90	15	-0.021283	-0.021283	-0.000806	-0.000806
53	5	1132	5	P95	15	0.002077	0.002077	0.023040	0.023040
53	5	1132	5	P99	17	0.001621	0.001621	0.022559	0.022559
53	5	1132	5	P999	46	0.017549	0.017549	0.038694	0.038694
53	6	2000	6	P1	1	-0.019305	-0.019377	0.001540	0.001466
53	6	2000	6	P50	8	0.000639	0.000526	-0.021786	-0.021896
53	6	2000	6	P75	13	0.001595	0.001023	0.022566	0.021981
53	6	2000	6	P90	14	0.027435	0.027294	0.004339	0.004201
53	6	2000	6	P95	15	-0.013965	-0.014373	0.006267	0.005858
53	6	2000	6	P99	17	-0.025695	-0.029536	-0.005324	-0.051367
53	6	2000	6	P999	46	0.017549	-0.395894	0.038694	-0.409521
53	7	2015	7	P1	1	-0.019342	-0.019342	0.001502	0.001502
53	7	2015	7	P50	8	-0.000266	-0.000266	-0.022671	-0.022671
53	7	2015	7	P75	13	-0.000693	-0.000693	0.020230	0.020230
53	7	2015	7	P90	14	0.027152	0.027152	0.004062	0.004062
53	7	2015	7	P95	15	-0.014373	-0.014373	0.005858	0.005858
53	7	2015	7	P99	16	0.031118	0.031118	0.007923	0.007923
53	7	2015	7	P999	27	0.029217	0.029217	0.006001	0.006001
54	1	585	1	P1	1	0.030740	0.030740	0.037941	0.037941
54	1	585	1	P50	7	-0.026950	-0.026950	-0.024860	-0.024860
54	1	585	1	P75	7	-0.001042	-0.001042	0.001037	0.001037
54	1	585	1	P90	9	-0.014902	-0.014902	-0.013450	-0.013450
54	1	585	1	P95	12	-0.030567	-0.030567	0.013268	0.013268
54	1	585	1	P99	17	-0.009082	-0.009082	0.034747	0.034747
54	1	585	1	P999	21	-0.002649	-0.002649	0.040886	0.040886
54	2	607	2	P1	1	0.022671	0.022671	0.044403	0.044403
54	2	607	2	P50	7	-0.043046	-0.043046	-0.022932	-0.022932
54	2	607	2	P75	7	-0.016570	-0.016570	0.004097	0.004097
54	2	607	2	P90	10	-0.034625	-0.034625	0.029387	0.029387
54	2	607	2	P95	13	-0.032733	-0.032733	0.011404	0.011404
54	2	607	2	P99	16	-0.012725	-0.012725	0.007923	0.007923
54	2	607	2	P999	21	-0.023752	-0.023752	0.040886	0.040886
54	3	629	3	P1	1	0.031449	0.031449	0.044403	0.044403
54	3	629	3	P50	7	-0.030229	-0.030229	-0.021001	-0.021001
54	3	629	3	P75	7	-0.002462	-0.002462	0.006985	0.006985
54	3	629	3	P90	12	-0.016984	-0.016984	0.017160	0.017160
54	3	629	3	P95	15	-0.000944	-0.000944	0.007289	0.007289
54	3	629	3	P99	17	0.026540	0.026540	0.034747	0.034747
54	3	629	3	P999	21	-0.010997	-0.010997	0.040886	0.040886
54	4	655	4	P1	1	-0.003314	-0.003314	0.009258	0.009258
54	4	655	4	P50	7	-0.032494	-0.032494	-0.023283	-0.023283
54	4	655	4	P75	7	-0.003538	-0.003538	0.005901	0.005901
54	4	655	4	P90	12	-0.029734	-0.029734	0.009391	0.009391
54	4	655	4	P95	15	-0.003356	-0.003356	0.004861	0.004861
54	4	655	4	P99	17	0.026540	0.026540	0.034747	0.034747
54	4	655	4	P999	21	-0.010997	-0.010997	0.040886	0.040886
54	5	663	5	P1	1	-0.009537	-0.009537	0.009258	0.009258
54	5	663	5	P50	7	-0.039849	-0.039849	-0.022582	-0.022582
54	5	663	5	P75	7	-0.010789	-0.010789	0.006985	0.006985
54	5	663	5	P90	12	-0.007427	-0.007427	0.024988	0.024988
54	5	663	5	P95	15	0.001918	0.001918	0.019519	0.019519
54	5	663	5	P99	18	-0.029048	-0.029048	-0.012067	-0.012067
54	5	663	5	P999	23	0.018981	0.018981	0.036646	0.036646
54	6	680	6	P1	1	-0.012637	-0.012637	0.006101	0.006101
54	6	680	6	P50	7	-0.041227	-0.041399	-0.023984	-0.024160
54	6	680	6	P75	7	-0.011500	-0.011677	0.006262	0.006081
54	6	680	6	P90	12	-0.013571	-0.019678	0.022372	0.019763
54	6	680	6	P95	15	0.001918	-0.000498	0.019519	0.017061
54	6	680	6	P99	18	-0.029048	-0.029048	-0.012067	-0.012067
54	6	680	6	P999	23	0.018981	0.018981	0.036646	0.036646
54	7	682	7	P1	1	-0.012755	-0.012755	0.005981	0.005981
54	7	682	7	P50	7	-0.041227	-0.041399	-0.023984	-0.024160
54	7	682	7	P75	7	-0.011500	-0.011500	0.006262	0.006262
54	7	682	7	P90	12	-0.013571	-0.013571	0.022372	0.022372
54	7	682	7	P95	15	0.001918	0.001918	0.019519	0.019519
54	7	682	7	P99	18	-0.029048	-0.029048	-0.012067	-0.012067
54	7	682	7	P999	23	0.018981	0.018981	0.036646	0.036646
55	1	1131	1	P1	1	0.004942	0.004942	0.019497	0.019497
55	1	1131	1	P50	2	0.015992	0.015992	-0.014390	-0.014390
55	1	1131	1	P75	2	0.030513	0.030513	-0.000329	-0.000329
55	1	1131	1	P90	3	-0.001317	-0.001317	0.011115	0.011115
55	1	1131	1	P95	3	0.009658	0.009658	0.022205	0.022205
55	1	1131	1	P99	3	0.018407	0.018407	0.031047	0.031047
55	1	1131	1	P999	106	0.023110	0.023110	0.029035	0.029035
55	2	1244	2	P1	1	0.010413	0.010413	0.021138	0.021138
55	2	1244	2	P50	2	0.023341	0.023290	-0.011574	-0.011623
55	2	1244	2	P75	3	-0.012715	-0.012905	-0.005011	-0.005201
55	2	1244	2	P90	3	0.023158	0.023158	0.031047	0.031047
55	2	1244	2	P95	262	-0.003554	-0.003554	0.003483	0.003483
55	2	1244	2	P99	1369	-0.004749	-0.004749	0.005566	0.005566
55	2	1244	2	P999	1440	-0.008822	-0.008822	0.026712	0.026712
55	3	1334	3	P1	1	0.006179	0.006179	0.022783	0.022783
55	3	1334	3	P50	2	0.018885	0.018834	-0.009345	-0.009395
55	3	1334	3	P75	3	-0.006974	-0.006974	0.007830	0.007830
55	3	1334	3	P90	355	0.006826	0.006826	0.014788	0.014788
55	3	1334	3	P95	947	0.004559	0.004559	0.011072	0.011072
55	3	1334	3	P99	1413	-0.012672	-0.012672	0.001847	0.001847
55	3	1334	3	P999	6231	0.035520	0.035520	0.039353	0.039353
55	4	1390	4	P1	1	-0.005675	-0.005675	0.008727	0.008727
55	4	1390	4	P50	2	0.019569	0.019518	-0.010546	-0.010595
55	4	1390	4	P75	3	-0.007829	-0.007829	0.005134	0.005134
55	4	1390	4	P90	343	-0.001298	-0.006714	0.005638	0.000192
55	4	1390	4	P95	553	0.021558	0.021558	0.027997	0.027997
55	4	1390	4	P99	1413	-0.011900	-0.011900	0.001847	0.001847
55	4	1390	4	P999	6231	0.036060	0.036060	0.039353	0.039353
55	5	1509	5	P1	1	-0.004439	-0.004439	0.009980	0.009980
55	5	1509	5	P50	2	0.022543	0.022543	-0.007663	-0.007663
55	5	1509	5	P75	3	0.009238	0.009238	0.022401	0.022401
55	5	1509	5	P90	224	-0.010168	-0.010168	-0.002740	-0.002740
55	5	1509	5	P95	511	-0.002992	-0.002992	0.003425	0.003425
55	5	1509	5	P99	1410	-0.018376	-0.018376	-0.002234	-0.002234
55	5	1509	5	P999	6231	0.036060	0.036060	0.039353	0.039353
55	6	1516	6	P1	1	-0.005338	-0.005338	0.009068	0.009068
55	6	1516	6	P50	2	0.022392	0.022341	-0.007810	-0.007859
55	6	1516	6	P75	3	0.009044	0.008851	0.022205	0.022010
55	6	1516	6	P90	218	-0.004808	-0.004808	0.002689	0.002689
55	6	1516	6	P95	511	-0.002992	-0.002992	0.003425	0.003425
55	6	1516	6	P99	1410	-0.018376	-0.018376	-0.002234	-0.002234
55	6	1516	6	P999	6231	0.036060	0.036060	0.039353	0.039353
55	7	1937	7	P1	1	-0.005815	-0.005815	0.011348	0.011348
55	7	1937	7	P50	3	-0.026284	-0.026284	-0.010328	-0.010328
55	7	1937	7	P75	363	0.001730	0.001730	0.003903	0.003903
55	7	1937	7	P90	464	-0.005199	-0.005199	0.001891	0.001891
55	7	1937	7	P95	498	0.000120	0.000120	-0.000520	-0.000520
55	7	1937	7	P99	1389	-0.026753	-0.026753	0.000357	0.000357
55	7	1937	7	P999	6231	0.028918	0.028918	0.039353	0.039353
56	1	2108	1	P1	1	-0.015352	-0.015352	0.000567	0.000567
56	1	2108	1	P50	1	0.011236	0.011210	0.027558	0.027532
56	1	2108	1	P75	1	0.025076	0.025050	0.041607	0.041581
56	1	2108	1	P90	2	0.014582	0.014582	-0.013554	-0.013554
56	1	2108	1	P95	2	0.028675	0.028675	0.000135	0.000135
56	1	2108	1	P99	3	0.015546	0.015546	0.030811	0.030811
56	1	2108	1	P999	5	-0.001920	-0.001920	0.012587	0.012587
56	2	2133	2	P1	1	-0.015360	-0.015360	0.000559	0.000559
56	2	2133	2	P50	1	0.011175	0.011175	0.027496	0.027496
56	2	2133	2	P75	1	0.024983	0.024983	0.041513	0.041513
56	2	2133	2	P90	2	0.014280	0.014280	-0.013847	-0.013847
56	2	2133	2	P95	2	0.028552	0.028552	0.000016	0.000016
56	2	2133	2	P99	3	0.015546	0.015546	0.030811	0.030811
56	2	2133	2	P999	5	-0.001920	-0.001920	0.012587	0.012587
56	3	2591	3	P1	1	-0.010500	-0.010500	0.000661	0.000661
56	3	2591	3	P50	1	0.022028	0.022028	0.033495	0.033495
56	3	2591	3	P75	2	0.023005	0.023005	-0.010755	-0.010755
56	3	2591	3	P90	57	-0.009938	-0.009938	0.013502	0.013502
56	3	2591	3	P95	65	-0.022135	-0.022135	-0.002777	-0.002777
56	3	2591	3	P99	72	-0.017958	-0.017958	0.000857	0.000857
56	3	2591	3	P999	85	0.007429	0.007429	0.010516	0.010516
56	4	2602	4	P1	1	-0.016493	-0.016493	0.000687	0.000687
56	4	2602	4	P50	1	0.015932	0.015907	0.033652	0.033626
56	4	2602	4	P75	2	0.017061	0.017061	-0.009721	-0.009721
56	4	2602	4	P90	57	-0.017311	-0.017311	0.016975	0.016975
56	4	2602	4	P95	66	-0.031056	-0.031056	-0.009140	-0.009140
56	4	2602	4	P99	73	-0.020594	-0.020594	0.005178	0.005178
56	4	2602	4	P999	216	-0.001276	-0.001276	0.011973	0.011973
56	5	4404	5	P1	1	-0.016119	-0.016119	0.001067	0.001067
56	5	4404	5	P50	2	-0.005074	-0.005100	-0.031257	-0.031283
56	5	4404	5	P75	2	0.024213	0.024186	-0.002763	-0.002789
56	5	4404	5	P90	54	-0.035535	-0.035535	-0.021674	-0.021674
56	5	4404	5	P95	58	-0.009925	-0.009925	0.013211	0.013211
56	5	4404	5	P99	71	-0.026018	-0.026018	0.000361	0.000361
56	5	4404	5	P999	211	0.000404	0.000404	0.013692	0.013692
56	6	6188	6	P1	1	-0.015830	-0.015830	0.001360	0.001360
56	6	6188	6	P50	2	0.001550	0.001536	-0.024812	-0.024827
56	6	6188	6	P75	2	0.024585	0.024570	-0.002401	-0.002416
56	6	6188	6	P90	3	0.008179	0.008179	0.024905	0.024905
56	6	6188	6	P95	57	-0.031262	-0.031262	0.000071	0.000071
56	6	6188	6	P99	69	-0.018154	-0.018154	0.010037	0.010037
56	6	6188	6	P999	206	0.002650	0.002650	0.015985	0.015985
56	7	9082	7	P1	1	-0.015314	-0.015314	0.001885	0.001885
56	7	9082	7	P50	2	0.005530	0.005521	-0.020941	-0.020949
56	7	9082	7	P75	2	0.024700	0.024700	-0.002289	-0.002289
56	7	9082	7	P90	3	0.000799	0.000799	0.017408	0.017408
56	7	9082	7	P95	53	-0.029720	-0.029720	-0.015766	-0.015766
56	7	9082	7	P99	68	-0.030928	-0.030928	-0.003406	-0.003406
56	7	9082	7	P999	200	0.006137	0.006137	0.001975	0.001975
57	1	1035	0	P1	1	-0.021030	-0.021030	0.000468	0.000468
57	1	1035	0	P50	1	0.000319	0.000319	0.022286	0.022286
57	1	1035	0	P75	1	0.011404	0.011404	0.033615	0.033615
57	1	1035	0	P90	1	0.018097	0.018097	0.040455	0.040455
57	1	1035	0	P95	1	0.020352	0.020352	0.042760	0.042760
57	1	1035	0	P99	2	-0.007310	-0.007310	-0.028641	-0.028641
57	1	1035	0	P999	2	0.020806	0.020806	-0.001130	-0.001130
57	2	1190	0	P1	1	-0.021052	-0.021052	0.000446	0.000446
57	2	1190	0	P50	1	0.000427	0.000390	0.022397	0.022359
57	2	1190	0	P75	1	0.011531	0.011531	0.033745	0.033745
57	2	1190	0	P90	1	0.018283	0.018245	0.040644	0.040606
57	2	1190	0	P95	1	0.020518	0.020518	0.042929	0.042929
57	2	1190	0	P99	2	0.000939	0.000939	-0.020570	-0.020570
57	2	1190	0	P999	2	0.021862	0.021862	-0.000096	-0.000096
57	3	1199	1	P1	1	-0.013784	-0.013784	0.000446	0.000446
57	3	1199	1	P50	1	0.008033	0.008033	0.022549	0.022549
57	3	1199	1	P75	1	0.019349	0.019349	0.034013	0.034013
57	3	1199	1	P90	1	0.026200	0.026200	0.040954	0.040954
57	3	1199	1	P95	1	0.028493	0.028493	0.043278	0.043278
57	3	1199	1	P99	2	0.028293	0.028293	-0.002162	-0.002162
57	3	1199	1	P999	63	0.018812	0.018812	0.027969	0.027969
57	4	1953	2	P1	1	-0.013752	-0.013752	0.000479	0.000479
57	4	1953	2	P50	1	0.009157	0.009157	0.023688	0.023688
57	4	1953	2	P75	1	0.021043	0.021043	0.035729	0.035729
57	4	1953	2	P90	1	0.028246	0.028246	0.043027	0.043027
57	4	1953	2	P95	2	0.002825	0.002825	-0.026845	-0.026845
57	4	1953	2	P99	2	0.029139	0.029139	-0.001343	-0.001343
57	4	1953	2	P999	63	0.018812	0.018812	0.027969	0.027969
57	5	2227	3	P1	1	-0.013752	-0.013752	0.000479	0.000479
57	5	2227	3	P50	1	0.008933	0.008933	0.023461	0.023461
57	5	2227	3	P75	1	0.020715	0.020715	0.035397	0.035397
57	5	2227	3	P90	1	0.027846	0.027846	0.042621	0.042621
57	5	2227	3	P95	2	-0.001826	-0.001826	-0.031353	-0.031353
57	5	2227	3	P99	2	0.028115	0.028115	-0.002336	-0.002336
57	5	2227	3	P999	59	-0.002764	-0.002764	0.006313	0.006313
57	6	3356	4	P1	1	-0.013670	-0.013670	0.000562	0.000562
57	6	3356	4	P50	1	0.013524	0.013508	0.028113	0.028096
57	6	3356	4	P75	1	0.027682	0.027665	0.042456	0.042438
57	6	3356	4	P90	2	0.012826	0.012826	-0.017153	-0.017153
57	6	3356	4	P95	2	0.023440	0.023440	-0.006866	-0.006866
57	6	3356	4	P99	2	0.031986	0.031986	0.001416	0.001416
57	6	3356	4	P999	59	-0.009968	-0.009968	-0.000948	-0.000948
57	7	4126	5	P1	1	-0.014539	-0.014539	0.000694	0.000694
57	7	4126	5	P50	1	0.018958	0.018941	0.034670	0.034653
57	7	4126	5	P75	2	0.016328	0.016328	-0.012635	-0.012635
57	7	4126	5	P90	114	-0.000644	-0.000644	0.009458	0.009458
57	7	4126	5	P95	117	0.000449	0.000449	0.010531	0.010531
57	7	4126	5	P99	123	-0.001543	-0.001543	0.006498	0.006498
57	7	4126	5	P999	136	0.030710	0.030710	0.040889	0.040889
58	1	5230	1	P1	33	0.020181	0.020181	0.021923	0.021923
58	1	5230	1	P50	37	0.019666	0.019631	0.021336	0.021301
58	1	5230	1	P75	57	0.003511	0.003511	0.004902	0.004902
58	1	5230	1	P90	67	-0.002328	-0.002482	-0.001040	-0.001195
58	1	5230	1	P95	69	0.005596	0.005596	0.006871	0.006871
58	1	5230	1	P99	73	0.008445	0.008445	0.009688	0.009688
58	1	5230	1	P999	198	0.011465	0.011465	0.012096	0.012096
58	2	157285	2	P1	1	0.032091	0.032091	0.036043	0.036043
58	2	157285	2	P50	58	0.000537	0.000537	0.001914	0.001914
58	2	157285	2	P75	60	-0.003683	-0.003683	-0.003863	-0.003863
58	2	157285	2	P90	62	0.003572	0.003572	-0.006322	-0.006322
58	2	157285	2	P95	63	0.016253	0.016253	0.005970	0.005970
58	2	157285	2	P99	70	0.002494	0.002494	0.003758	0.003758
58	2	157285	2	P999	169	-0.001828	-0.001828	-0.001101	-0.001101
58	3	157456	3	P1	1	0.030312	0.030312	0.036090	0.036090
58	3	157456	3	P50	58	-0.000601	-0.000601	0.001860	0.001860
58	3	157456	3	P75	60	-0.004824	-0.004825	-0.003917	-0.003918
58	3	157456	3	P90	62	0.002435	0.002435	-0.006344	-0.006344
58	3	157456	3	P95	63	0.015140	0.015140	0.005907	0.005907
58	3	157456	3	P99	70	0.001351	0.001351	0.003669	0.003669
58	3	157456	3	P999	169	-0.002728	-0.002728	-0.001101	-0.001101
58	4	158055	4	P1	1	0.015448	0.015448	0.028826	0.028826
58	4	158055	4	P50	58	-0.005360	-0.005360	0.001671	0.001671
58	4	158055	4	P75	60	-0.009590	-0.009590	-0.004109	-0.004109
58	4	158055	4	P90	62	-0.002318	-0.002318	-0.006421	-0.006421
58	4	158055	4	P95	63	0.010457	0.010457	0.005674	0.005674
58	4	158055	4	P99	70	-0.003361	-0.003361	0.003400	0.003400
58	4	158055	4	P999	168	-0.002899	-0.002899	0.002549	0.002549
58	5	162246	5	P1	1	0.013021	0.013021	0.026370	0.026370
58	5	162246	5	P50	58	-0.005308	-0.005308	0.001391	0.001390
58	5	162246	5	P75	60	-0.009530	-0.009530	-0.004576	-0.004576
58	5	162246	5	P90	62	-0.002271	-0.002271	-0.006603	-0.006603
58	5	162246	5	P95	63	0.010486	0.010486	0.005153	0.005153
58	5	162246	5	P99	70	-0.003093	-0.003093	0.003398	0.003398
58	5	162246	5	P999	169	-0.006641	-0.006641	-0.001216	-0.001216
58	6	162414	6	P1	1	0.013054	0.013054	0.026403	0.026403
58	6	162414	6	P50	58	-0.005358	-0.005359	0.001340	0.001339
58	6	162414	6	P75	60	-0.009593	-0.009593	-0.004628	-0.004628
58	6	162414	6	P90	62	-0.002327	-0.002327	-0.006623	-0.006623
58	6	162414	6	P95	63	0.010461	0.010461	0.005099	0.005099
58	6	162414	6	P99	70	-0.003137	-0.003137	0.003354	0.003354
58	6	162414	6	P999	169	-0.006641	-0.006641	-0.001216	-0.001216
58	7	163155	7	P1	1	0.008528	0.008528	0.021825	0.021825
58	7	163155	7	P50	58	-0.005584	-0.005584	0.001112	0.001112
58	7	163155	7	P75	60	-0.009875	-0.009875	-0.004861	-0.004861
58	7	163155	7	P90	62	-0.002588	-0.002588	-0.006716	-0.006716
58	7	163155	7	P95	63	0.010328	0.010328	0.004816	0.004816
58	7	163155	7	P99	70	-0.003444	-0.003444	0.003045	0.003045
58	7	163155	7	P999	168	-0.002899	-0.002899	0.002549	0.002549
59	1	5294	1	P1	37	0.009989	0.009989	0.000387	0.000387
59	1	5294	1	P50	111	-0.015408	-0.015428	0.003046	0.003021
59	1	5294	1	P75	115	-0.014334	-0.014334	0.006469	0.006469
59	1	5294	1	P90	119	-0.007688	-0.007688	0.011391	0.011391
59	1	5294	1	P95	123	-0.008192	-0.008192	0.006505	0.006505
59	1	5294	1	P99	147	-0.007754	-0.007754	0.005759	0.005759
59	1	5294	1	P999	265	-0.003361	-0.003361	0.024982	0.024982
59	2	5378	2	P1	37	0.010484	0.010484	0.000875	0.000875
59	2	5378	2	P50	111	-0.016248	-0.016268	0.002006	0.001981
59	2	5378	2	P75	115	-0.015007	-0.015007	0.005620	0.005620
59	2	5378	2	P90	119	-0.008442	-0.008442	0.010530	0.010530
59	2	5378	2	P95	123	-0.009179	-0.009179	0.006076	0.006076
59	2	5378	2	P99	146	-0.006384	-0.006384	0.007771	0.007771
59	2	5378	2	P999	265	-0.003361	-0.003361	0.024982	0.024982
59	3	5611	3	P1	37	0.003704	0.003704	0.002342	0.002342
59	3	5611	3	P50	111	-0.025700	-0.025700	0.002094	0.002094
59	3	5611	3	P75	115	-0.022625	-0.022625	0.008129	0.008129
59	3	5611	3	P90	121	-0.025559	-0.025559	0.004038	0.004038
59	3	5611	3	P95	127	-0.023973	-0.023973	0.006509	0.006509
59	3	5611	3	P99	169	-0.005867	-0.005867	0.007501	0.007501
59	3	5611	3	P999	272	-0.018513	-0.018513	0.020534	0.020534
59	4	5615	4	P1	37	0.011837	0.011837	0.002342	0.002342
59	4	5615	4	P50	111	-0.016280	-0.016280	0.002143	0.002143
59	4	5615	4	P75	115	-0.013066	-0.013066	0.008250	0.008250
59	4	5615	4	P90	121	-0.015684	-0.015684	0.004466	0.004466
59	4	5615	4	P95	127	-0.013404	-0.013404	0.008161	0.008161
59	4	5615	4	P99	170	0.001742	0.001742	0.008123	0.008123
59	4	5615	4	P999	272	-0.007796	-0.007796	0.020534	0.020534
59	5	5868	5	P1	1	-0.008389	-0.008389	0.010143	0.010143
59	5	5868	5	P50	111	-0.004006	-0.004026	-0.000971	-0.000995
59	5	5868	5	P75	115	-0.000331	-0.000363	0.005701	0.005660
59	5	5868	5	P90	120	0.004880	0.004880	0.010144	0.010144
59	5	5868	5	P95	126	0.005821	0.005821	0.010762	0.010762
59	5	5868	5	P99	169	0.015852	0.015852	0.005315	0.005315
59	5	5868	5	P999	272	0.004957	0.004957	0.020534	0.020534
59	6	5927	6	P1	1	-0.010137	-0.010137	0.008363	0.008363
59	6	5927	6	P50	111	-0.004612	-0.004612	-0.001711	-0.001711
59	6	5927	6	P75	115	-0.000817	-0.000817	0.005094	0.005094
59	6	5927	6	P90	120	0.004309	0.004309	0.009499	0.009499
59	6	5927	6	P95	126	0.005072	0.005072	0.009520	0.009520
59	6	5927	6	P99	169	0.012912	0.012912	0.000956	0.000956
59	6	5927	6	P999	272	0.004957	0.004957	0.020534	0.020534
59	7	9174	7	P1	1	-0.004653	-0.004653	0.011790	0.011790
59	7	9174	7	P50	113	-0.000543	-0.000575	0.000906	0.000881
59	7	9174	7	P75	275	-0.004239	-0.004239	-0.004760	-0.004760
59	7	9174	7	P90	301	0.003791	0.003791	0.004426	0.004426
59	7	9174	7	P95	317	0.001934	0.001934	0.001441	0.001441
59	7	9174	7	P99	347	0.002631	0.002631	0.002882	0.002882
59	7	9174	7	P999	443	-0.004612	-0.004612	0.003217	0.003217
60	1	138	1	P1	1	-0.016863	-0.016863	0.001242	0.001242
60	1	138	1	P50	1	0.025543	0.024906	0.044403	0.043755
60	1	138	1	P75	10	0.025622	0.025622	0.043028	0.043028
60	1	138	1	P90	11	0.016311	0.016311	0.033505	0.033505
60	1	138	1	P95	12	0.012042	0.012042	0.029113	0.029113
60	1	138	1	P99	14	0.038643	0.038643	0.011149	0.011149
60	1	138	1	P999	36	0.006371	0.006371	0.022669	0.022669
60	2	1487	2	P1	1	-0.010465	-0.010465	0.009353	0.009353
60	2	1487	2	P50	37	-0.008507	-0.008507	0.003894	0.003894
60	2	1487	2	P75	38	0.011387	0.011387	0.005193	0.005193
60	2	1487	2	P90	40	-0.009511	-0.009511	-0.010410	-0.010410
60	2	1487	2	P95	41	-0.007198	-0.007198	-0.012663	-0.012663
60	2	1487	2	P99	45	0.034731	0.034731	0.013485	0.013485
60	2	1487	2	P999	98	0.001890	0.001890	0.020408	0.020408
60	3	4795	3	P1	1	-0.007913	-0.007913	0.005474	0.005474
60	3	4795	3	P50	369	-0.003061	-0.003061	-0.001627	-0.001627
60	3	4795	3	P75	398	-0.002870	-0.002870	-0.000615	-0.000615
60	3	4795	3	P90	416	0.000506	0.000506	0.002639	0.002639
60	3	4795	3	P95	433	0.003312	0.003312	0.005708	0.005708
60	3	4795	3	P99	500	0.001532	0.001532	0.001649	0.001649
60	3	4795	3	P999	653	0.009497	0.009497	0.013541	0.013541
60	4	8737	4	P1	1	-0.050552	-0.050552	0.003356	0.003356
60	4	8737	4	P50	269	-0.008270	-0.008270	-0.000623	-0.000623
60	4	8737	4	P75	376	-0.005706	-0.005706	-0.004070	-0.004070
60	4	8737	4	P90	406	-0.001321	-0.001321	0.000472	0.000472
60	4	8737	4	P95	418	0.000720	0.000720	0.001576	0.001576
60	4	8737	4	P99	479	0.001114	0.001114	0.002792	0.002792
60	4	8737	4	P999	636	-0.000425	-0.000425	0.003632	0.003632
60	5	9232	5	P1	1	-0.050280	-0.050280	0.002491	0.002491
60	5	9232	5	P50	268	-0.010405	-0.010428	-0.003217	-0.003243
60	5	9232	5	P75	372	-0.003735	-0.003806	-0.002198	-0.002270
60	5	9232	5	P90	404	0.000201	0.000201	0.001953	0.001953
60	5	9232	5	P95	417	0.000085	0.000085	0.002243	0.002243
60	5	9232	5	P99	477	0.000239	0.000239	0.001675	0.001675
60	5	9232	5	P999	622	0.007357	0.007357	0.011467	0.011467
60	6	11168	6	P1	1	-0.049245	-0.049245	0.003001	0.003001
60	6	11168	6	P50	261	-0.007007	-0.007031	-0.001537	-0.001562
60	6	11168	6	P75	332	0.002418	0.002080	0.004037	0.003657
60	6	11168	6	P90	400	-0.002633	-0.002633	-0.000415	-0.000415
60	6	11168	6	P95	413	0.003103	0.003103	0.005182	0.005182
60	6	11168	6	P99	471	-0.001187	-0.001187	0.001435	0.001435
60	6	11168	6	P999	595	-0.006282	-0.006282	0.019769	0.019769
60	7	11291	7	P1	1	-0.049191	-0.049191	0.003028	0.003028
60	7	11291	7	P50	261	-0.008471	-0.008471	-0.003120	-0.003120
60	7	11291	7	P75	329	0.001037	0.001037	0.001395	0.001395
60	7	11291	7	P90	400	-0.003363	-0.003363	-0.001142	-0.001142
60	7	11291	7	P95	413	0.002692	0.002692	0.004765	0.004765
60	7	11291	7	P99	471	-0.001877	-0.001877	0.000756	0.000756
60	7	11291	7	P999	595	-0.006282	-0.006282	0.019769	0.019769
61	1	7181	1	P1	1	-0.013080	-0.013080	0.005642	0.005642
61	1	7181	1	P50	29	-0.006379	-0.006379	-0.012973	-0.012973
61	1	7181	1	P75	56	-0.009529	-0.009529	0.003965	0.003965
61	1	7181	1	P90	58	0.007250	0.007250	0.012963	0.012963
61	1	7181	1	P95	60	0.001550	0.001550	-0.000346	-0.000346
61	1	7181	1	P99	64	-0.010959	-0.010959	-0.003166	-0.003166
61	1	7181	1	P999	94	0.003123	0.003123	-0.003287	-0.003287
61	2	7226	2	P1	1	-0.012520	-0.012520	0.005291	0.005291
61	2	7226	2	P50	29	-0.006333	-0.006358	-0.014595	-0.014669
61	2	7226	2	P75	56	-0.009498	-0.009498	0.003331	0.003331
61	2	7226	2	P90	58	0.007592	0.007592	0.012812	0.012812
61	2	7226	2	P95	60	0.001923	0.001923	-0.000610	-0.000610
61	2	7226	2	P99	64	-0.010837	-0.010837	-0.003953	-0.003953
61	2	7226	2	P999	94	0.003614	0.003614	-0.003287	-0.003287
61	3	14101	3	P1	1	0.000987	0.000987	0.010318	0.010318
61	3	14101	3	P50	61	0.015039	0.015039	0.007449	0.007449
61	3	14101	3	P75	94	-0.007652	-0.007652	0.002740	0.002740
61	3	14101	3	P90	108	-0.012709	-0.012709	-0.005824	-0.005824
61	3	14101	3	P95	110	-0.008080	-0.008080	0.005769	0.005769
61	3	14101	3	P99	117	-0.007330	-0.007330	0.009304	0.009304
61	3	14101	3	P999	209	-0.022198	-0.022198	-0.012996	-0.012996
61	4	14152	4	P1	1	0.000182	0.000182	0.009507	0.009507
61	4	14152	4	P50	61	0.013021	0.012940	0.004129	0.003996
61	4	14152	4	P75	93	0.000389	0.000170	0.011197	0.011004
61	4	14152	4	P90	108	-0.012870	-0.012870	-0.005979	-0.005979
61	4	14152	4	P95	110	-0.008144	-0.008144	0.005626	0.005626
61	4	14152	4	P99	117	-0.007330	-0.007330	0.009304	0.009304
61	4	14152	4	P999	209	-0.022198	-0.022198	-0.012996	-0.012996
61	5	14232	5	P1	1	-0.000008	-0.000008	0.009316	0.009316
61	5	14232	5	P50	61	0.009801	0.009720	-0.001161	-0.001293
61	5	14232	5	P75	93	-0.003979	-0.004197	0.007334	0.007141
61	5	14232	5	P90	108	-0.013128	-0.013128	-0.006227	-0.006227
61	5	14232	5	P95	110	-0.008274	-0.008274	0.005340	0.005340
61	5	14232	5	P99	117	-0.007753	-0.007753	0.009067	0.009067
61	5	14232	5	P999	209	-0.022198	-0.022198	-0.012996	-0.012996
61	6	14363	6	P1	1	-0.001353	-0.001353	0.007961	0.007961
61	6	14363	6	P50	60	0.021252	0.021252	0.006674	0.006674
61	6	14363	6	P75	93	-0.011145	-0.011145	0.000992	0.000992
61	6	14363	6	P90	108	-0.013547	-0.013547	-0.006629	-0.006629
61	6	14363	6	P95	110	-0.008501	-0.008501	0.004839	0.004839
61	6	14363	6	P99	117	-0.008177	-0.008177	0.008831	0.008831
61	6	14363	6	P999	209	-0.022198	-0.022198	-0.012996	-0.012996
61	7	14449	7	P1	1	-0.013124	-0.013124	0.008016	0.008016
61	7	14449	7	P50	60	0.004020	0.004020	0.012407	0.012407
61	7	14449	7	P75	94	-0.028780	-0.028780	0.002427	0.002427
61	7	14449	7	P90	108	-0.032210	-0.032210	-0.004440	-0.004440
61	7	14449	7	P95	111	-0.033523	-0.033523	0.000126	0.000126
61	7	14449	7	P99	118	0.017744	0.017744	0.008300	0.008300
61	7	14449	7	P999	209	-0.001923	-0.001923	-0.012996	-0.012996
62	1	839	1	P1	1	-0.010425	-0.010425	0.008354	0.008354
62	1	839	1	P50	22	0.015884	0.015884	0.033521	0.033521
62	1	839	1	P75	23	0.011658	0.011658	0.029201	0.029201
62	1	839	1	P90	24	0.015041	0.015041	0.032618	0.032618
62	1	839	1	P95	25	0.009558	0.009558	0.022197	0.022197
62	1	839	1	P99	29	-0.000493	-0.000493	0.010609	0.010609
62	1	839	1	P999	66	0.007884	0.007884	0.024813	0.024813
62	2	1174	2	P1	1	-0.017283	-0.017283	0.001369	0.001369
62	2	1174	2	P50	22	-0.012193	-0.012358	0.004971	0.004803
62	2	1174	2	P75	23	-0.004771	-0.004771	0.012495	0.012495
62	2	1174	2	P90	24	0.000150	0.000150	0.017477	0.017477
62	2	1174	2	P95	25	-0.007255	-0.007255	0.007781	0.007781
62	2	1174	2	P99	28	0.020313	0.020313	0.013146	0.013146
62	2	1174	2	P999	55	0.016440	0.016440	0.033604	0.033604
62	3	4885	3	P1	1	-0.015489	-0.015489	0.003396	0.003396
62	3	4885	3	P50	233	-0.012363	-0.012363	-0.007346	-0.007346
62	3	4885	3	P75	240	0.002478	0.002478	0.004684	0.004684
62	3	4885	3	P90	250	0.006140	0.006140	-0.000509	-0.000509
62	3	4885	3	P95	270	0.000507	0.000507	-0.000419	-0.000419
62	3	4885	3	P99	322	0.011143	0.011143	0.003640	0.003640
62	3	4885	3	P999	437	0.030162	0.030162	0.002370	0.002370
62	4	4936	4	P1	1	-0.015677	-0.015677	0.003204	0.003204
62	4	4936	4	P50	232	-0.009163	-0.009205	-0.003849	-0.003880
62	4	4936	4	P75	240	0.002082	0.002049	0.004144	0.004099
62	4	4936	4	P90	250	0.005421	0.005421	-0.001735	-0.001735
62	4	4936	4	P95	270	-0.000362	-0.000362	-0.001333	-0.001333
62	4	4936	4	P99	322	0.007156	0.007156	0.002138	0.002138
62	4	4936	4	P999	437	0.030162	0.030162	0.002370	0.002370
62	5	5150	5	P1	1	-0.016004	-0.016004	0.002871	0.002871
62	5	5150	5	P50	232	-0.013675	-0.013717	-0.007184	-0.007215
62	5	5150	5	P75	240	0.000305	0.000305	0.001719	0.001719
62	5	5150	5	P90	249	0.006432	0.006289	-0.000475	-0.000520
62	5	5150	5	P95	269	-0.001432	-0.001432	-0.002650	-0.002650
62	5	5150	5	P99	321	0.002341	0.002341	0.002252	0.002252
62	5	5150	5	P999	431	0.000076	0.000076	0.007531	0.007531
62	6	5467	6	P1	1	-0.015841	-0.015841	0.003037	0.003037
62	6	5467	6	P50	230	-0.011823	-0.011823	-0.003530	-0.003530
62	6	5467	6	P75	239	0.001884	0.001884	0.002357	0.002357
62	6	5467	6	P90	248	0.005878	0.005878	0.002118	0.002118
62	6	5467	6	P95	267	-0.000925	-0.000925	-0.002505	-0.002505
62	6	5467	6	P99	318	-0.000127	-0.000127	0.007171	0.007171
62	6	5467	6	P999	431	0.000076	0.000076	0.007531	0.007531
62	7	6020	7	P1	1	-0.015515	-0.015515	0.003369	0.003369
62	7	6020	7	P50	226	-0.006103	-0.006146	-0.015027	-0.015192
62	7	6020	7	P75	238	0.001539	0.001507	0.000797	0.000765
62	7	6020	7	P90	247	0.002039	0.001896	0.003700	0.003655
62	7	6020	7	P95	264	-0.001360	-0.001794	-0.003550	-0.004005
62	7	6020	7	P99	315	0.002492	0.002492	0.007665	0.007665
62	7	6020	7	P999	428	-0.001631	-0.001631	0.005816	0.005816
63	1	1627	1	P1	1	-0.004048	-0.004048	0.000856	0.000856
63	1	1627	1	P50	1	0.036847	0.036847	0.041829	0.041829
63	1	1627	1	P75	20	-0.031106	-0.031106	-0.034745	-0.034745
63	1	1627	1	P90	21	-0.032628	-0.032628	0.006393	0.006393
63	1	1627	1	P95	21	-0.000188	-0.000188	0.040042	0.040042
63	1	1627	1	P99	24	-0.016573	-0.016573	0.022647	0.022647
63	1	1627	1	P999	143	-0.000513	-0.000513	0.033892	0.033892
63	2	3247	2	P1	1	-0.003243	-0.003243	0.001663	0.001663
63	2	3247	2	P50	12	-0.025974	-0.025974	0.014953	0.014953
63	2	3247	2	P75	14	0.010494	0.010494	0.007626	0.007626
63	2	3247	2	P90	20	-0.016812	-0.016812	-0.020546	-0.020546
63	2	3247	2	P95	21	-0.031544	-0.031544	0.007517	0.007517
63	2	3247	2	P99	23	-0.033741	-0.033741	0.004971	0.004971
63	2	3247	2	P999	55	-0.003586	-0.003586	0.033604	0.033604
63	3	6198	3	P1	1	-0.002200	-0.002200	0.002708	0.002708
63	3	6198	3	P50	12	-0.018573	-0.018596	0.022643	0.022619
63	3	6198	3	P75	13	-0.004856	-0.004856	0.036651	0.036651
63	3	6198	3	P90	19	-0.013699	-0.013699	-0.017307	-0.017307
63	3	6198	3	P95	20	-0.012652	-0.012652	-0.016414	-0.016414
63	3	6198	3	P99	22	-0.017919	-0.017919	0.021512	0.021512
63	3	6198	3	P999	64	0.019331	0.019331	0.011907	0.011907
63	4	6609	4	P1	1	-0.002832	-0.002832	0.002074	0.002074
63	4	6609	4	P50	12	-0.023313	-0.023313	0.017718	0.017718
63	4	6609	4	P75	13	-0.008666	-0.008666	0.032694	0.032694
63	4	6609	4	P90	19	-0.020505	-0.020505	-0.024068	-0.024068
63	4	6609	4	P95	20	-0.016148	-0.016148	-0.019886	-0.019886
63	4	6609	4	P99	22	-0.022460	-0.022460	0.016801	0.016801
63	4	6609	4	P999	64	0.019331	0.019331	0.011907	0.011907
63	5	6642	5	P1	1	-0.002880	-0.002880	0.002026	0.002026
63	5	6642	5	P50	12	-0.023680	-0.023703	0.017337	0.017313
63	5	6642	5	P75	13	-0.008962	-0.008962	0.032387	0.032387
63	5	6642	5	P90	19	-0.021166	-0.021166	-0.024725	-0.024725
63	5	6642	5	P95	20	-0.016480	-0.016480	-0.020216	-0.020216
63	5	6642	5	P99	22	-0.022460	-0.022460	0.016801	0.016801
63	5	6642	5	P999	64	0.019331	0.019331	0.011907	0.011907
63	6	32880	6	P1	1	-0.012212	-0.012212	0.008851	0.008851
63	6	32880	6	P50	1001	-0.005302	-0.005304	0.015129	0.015127
63	6	32880	6	P75	1001	0.008428	0.008426	0.029148	0.029146
63	6	32880	6	P90	1002	0.015741	0.015740	0.036617	0.036615
63	6	32880	6	P95	1002	0.018530	0.018528	0.039464	0.039463
63	6	32880	6	P99	1002	0.020766	0.020766	0.041748	0.041748
63	6	32880	6	P999	1002	0.021270	0.021270	0.042262	0.042262
63	7	32883	7	P1	1	-0.012228	-0.012228	0.008835	0.008835
63	7	32883	7	P50	1001	-0.005305	-0.005305	0.015126	0.015126
63	7	32883	7	P75	1001	0.008426	0.008426	0.029146	0.029146
63	7	32883	7	P90	1002	0.015740	0.015740	0.036615	0.036615
63	7	32883	7	P95	1002	0.018528	0.018528	0.039463	0.039463
63	7	32883	7	P99	1002	0.020766	0.020766	0.041748	0.041748
63	7	32883	7	P999	1002	0.021270	0.021270	0.042262	0.042262
64	1	211	1	P1	13	0.021876	0.021876	0.042635	0.042635
64	1	211	1	P50	454	0.001221	0.001221	0.002687	0.002687
64	1	211	1	P75	487	0.004739	0.004739	0.015806	0.015806
64	1	211	1	P90	928	-0.007143	-0.007143	0.000246	0.000246
64	1	211	1	P95	960	0.000961	0.000961	0.001723	0.001723
64	1	211	1	P99	987	-0.003581	-0.003581	0.008779	0.008779
64	1	211	1	P999	1142	0.024767	0.024767	0.041851	0.041851
64	2	213	2	P1	4	0.007634	0.007634	-0.017620	-0.017620
64	2	213	2	P50	454	0.001962	0.001962	0.001443	0.001443
64	2	213	2	P75	485	0.008084	0.008084	0.015573	0.015573
64	2	213	2	P90	928	-0.005710	-0.005710	0.000246	0.000246
64	2	213	2	P95	960	0.002393	0.002393	0.001723	0.001723
64	2	213	2	P99	987	-0.002161	-0.002161	0.008779	0.008779
64	2	213	2	P999	1142	0.026176	0.026176	0.041851	0.041851
64	3	216	3	P1	4	0.007634	0.007634	-0.017620	-0.017620
64	3	216	3	P50	454	0.001055	0.000149	0.000200	-0.001040
64	3	216	3	P75	485	0.008084	0.005653	0.015573	0.011170
64	3	216	3	P90	928	-0.005710	-0.005710	0.000246	0.000246
64	3	216	3	P95	960	0.002393	0.002393	0.001723	0.001723
64	3	216	3	P99	987	-0.002161	-0.002161	0.008779	0.008779
64	3	216	3	P999	1142	0.026176	0.026176	0.041851	0.041851
64	4	219	4	P1	4	0.007634	0.007634	-0.017620	-0.017620
64	4	219	4	P50	453	0.001449	0.001449	-0.000077	-0.000077
64	4	219	4	P75	484	0.007731	0.007731	0.013259	0.013259
64	4	219	4	P90	928	-0.005710	-0.005710	0.000246	0.000246
64	4	219	4	P95	960	0.002393	0.002393	0.001723	0.001723
64	4	219	4	P99	987	-0.002161	-0.002161	0.008779	0.008779
64	4	219	4	P999	1142	0.026176	0.026176	0.041851	0.041851
64	5	222	5	P1	1	0.007321	0.007321	0.026410	0.026410
64	5	222	5	P50	453	0.000543	-0.000363	-0.001318	-0.002556
64	5	222	5	P75	484	0.005300	0.005300	0.008867	0.008867
64	5	222	5	P90	928	-0.011098	-0.011098	-0.002853	-0.002853
64	5	222	5	P95	956	0.003675	0.003675	0.001554	0.001554
64	5	222	5	P99	987	-0.002161	-0.002161	0.008779	0.008779
64	5	222	5	P999	1142	0.026176	0.026176	0.041851	0.041851
64	6	241	6	P1	1	0.007321	0.007321	0.026410	0.026410
64	6	241	6	P50	450	-0.004810	-0.004810	-0.007062	-0.007062
64	6	241	6	P75	477	0.007811	0.007811	0.001675	0.001675
64	6	241	6	P90	919	-0.012206	-0.012206	0.000683	0.000683
64	6	241	6	P95	956	0.000771	0.000771	-0.001550	-0.001550
64	6	241	6	P99	987	-0.002161	-0.002161	0.008779	0.008779
64	6	241	6	P999	1142	0.026176	0.026176	0.041851	0.041851
64	7	243	7	P1	1	-0.000157	-0.000157	0.018794	0.018794
64	7	243	7	P50	449	-0.004476	-0.004476	-0.006085	-0.006085
64	7	243	7	P75	477	0.007811	0.007811	0.001675	0.001675
64	7	243	7	P90	919	-0.012206	-0.012206	0.000683	0.000683
64	7	243	7	P95	956	0.000771	0.000771	-0.001550	-0.001550
64	7	243	7	P99	987	-0.002161	-0.002161	0.008779	0.008779
64	7	243	7	P999	1142	0.026176	0.026176	0.041851	0.041851
65	1	34	1	P1	1	-0.009602	-0.009602	0.002901	0.002901
65	1	34	1	P50	15	0.009984	-0.000944	0.018289	0.007289
65	1	34	1	P75	16	-0.013178	-0.013178	-0.005129	-0.005129
65	1	34	1	P90	17	0.004446	0.004446	0.012512	0.012512
65	1	34	1	P95	17	0.026540	0.026540	0.034747	0.034747
65	1	34	1	P99	18	0.012629	0.012629	0.020654	0.020654
65	1	34	1	P999	18	0.012629	0.012629	0.020654	0.020654
65	2	44	2	P1	1	-0.016160	-0.016160	0.002901	0.002901
65	2	44	2	P50	16	-0.035503	-0.039686	-0.018011	-0.022268
65	2	44	2	P75	18	0.002543	-0.040099	0.020654	-0.022739
65	2	44	2	P90	31	0.024248	0.024248	0.015667	0.015667
65	2	44	2	P95	32	0.014039	0.014039	0.001176	0.001176
65	2	44	2	P99	33	0.004914	0.004914	0.022793	0.022793
65	2	44	2	P999	33	0.004914	0.004914	0.022793	0.022793
65	3	424	3	P1	1	-0.018464	-0.018464	0.000553	0.000553
65	3	424	3	P50	1	0.004377	0.004266	0.023826	0.023713
65	3	424	3	P75	1	0.016221	0.016108	0.035894	0.035779
65	3	424	3	P90	1	0.023326	0.023326	0.043133	0.043133
65	3	424	3	P95	16	-0.035503	-0.035503	-0.018011	-0.018011
65	3	424	3	P99	31	0.024248	0.024248	0.015667	0.015667
65	3	424	3	P999	33	0.004914	0.004914	0.022793	0.022793
65	4	437	4	P1	1	-0.018480	-0.018480	0.000537	0.000537
65	4	437	4	P50	1	0.004323	0.004323	0.023771	0.023771
65	4	437	4	P75	1	0.016140	0.016140	0.035811	0.035811
65	4	437	4	P90	1	0.023363	0.023363	0.043171	0.043171
65	4	437	4	P95	16	-0.035503	-0.035503	-0.018011	-0.018011
65	4	437	4	P99	31	0.024248	0.024248	0.015667	0.015667
65	4	437	4	P999	33	0.004914	0.004914	0.022793	0.022793
65	5	1518	5	P1	1	-0.018415	-0.018415	0.000603	0.000603
65	5	1518	5	P50	1	0.009480	0.009442	0.029025	0.028986
65	5	1518	5	P75	1	0.023993	0.023993	0.043813	0.043813
65	5	1518	5	P90	2	0.013235	0.013235	-0.011362	-0.011362
65	5	1518	5	P95	2	0.024160	0.024160	-0.000707	-0.000707
65	5	1518	5	P99	16	-0.010020	-0.010020	0.007923	0.007923
65	5	1518	5	P999	32	0.025118	0.025118	0.009913	0.009913
65	6	2352	6	P1	1	-0.018491	-0.018491	0.000525	0.000525
65	6	2352	6	P50	1	0.006591	0.006569	0.026082	0.026060
65	6	2352	6	P75	1	0.019628	0.019606	0.039366	0.039343
65	6	2352	6	P90	2	0.001458	0.001458	-0.022848	-0.022848
65	6	2352	6	P95	2	0.018165	0.018165	-0.006554	-0.006554
65	6	2352	6	P99	16	-0.043851	-0.043851	-0.026507	-0.026507
65	6	2352	6	P999	32	0.014039	0.014039	0.001176	0.001176
65	7	5126	7	P1	1	-0.018539	-0.018539	0.000477	0.000477
65	7	5126	7	P50	1	0.004346	0.004336	0.023794	0.023785
65	7	5126	7	P75	1	0.016220	0.016220	0.035893	0.035893
65	7	5126	7	P90	1	0.023416	0.023416	0.043225	0.043225
65	7	5126	7	P95	2	0.000502	0.000502	-0.023781	-0.023781
65	7	5126	7	P99	3	-0.020945	-0.020945	-0.002458	-0.002458
65	7	5126	7	P999	31	0.002229	0.002229	0.006880	0.006880
66	1	1406	0	P1	1	-0.020215	-0.020215	0.001302	0.001302
66	1	1406	0	P50	21	-0.023723	-0.023899	-0.002284	-0.002464
66	1	1406	0	P75	22	-0.007311	-0.007311	0.014489	0.014489
66	1	1406	0	P90	23	-0.001529	-0.001529	0.020398	0.020398
66	1	1406	0	P95	24	-0.012543	-0.012543	0.009142	0.009142
66	1	1406	0	P99	25	0.011324	0.011324	0.025927	0.025927
66	1	1406	0	P999	29	0.044081	0.044081	0.021645	0.021645
66	2	1412	0	P1	1	-0.020230	-0.020230	0.001286	0.001286
66	2	1412	0	P50	21	-0.024253	-0.024429	-0.002825	-0.003006
66	2	1412	0	P75	22	-0.007487	-0.007664	0.014308	0.014128
66	2	1412	0	P90	23	-0.001857	-0.001857	0.020062	0.020062
66	2	1412	0	P95	24	-0.012543	-0.012543	0.009142	0.009142
66	2	1412	0	P99	25	0.011324	0.011324	0.025927	0.025927
66	2	1412	0	P999	29	0.044081	0.044081	0.021645	0.021645
66	3	1431	0	P1	1	-0.020275	-0.020275	0.001240	0.001240
66	3	1431	0	P50	20	0.021984	0.021984	0.000023	0.000023
66	3	1431	0	P75	22	-0.008371	-0.008371	0.013406	0.013406
66	3	1431	0	P90	23	-0.002514	-0.002514	0.019391	0.019391
66	3	1431	0	P95	24	-0.013246	-0.013246	0.008423	0.008423
66	3	1431	0	P99	25	0.011324	0.011324	0.025927	0.025927
66	3	1431	0	P999	29	0.044081	0.044081	0.021645	0.021645
66	4	1434	1	P1	1	-0.005919	-0.005919	0.001240	0.001240
66	4	1434	1	P50	20	0.001001	0.000722	0.000581	0.000302
66	4	1434	1	P75	22	-0.028765	-0.028765	0.013767	0.013767
66	4	1434	1	P90	23	-0.022286	-0.022286	0.020398	0.020398
66	4	1434	1	P95	24	-0.031612	-0.031612	0.010580	0.010580
66	4	1434	1	P99	25	-0.002966	-0.002966	0.031290	0.031290
66	4	1434	1	P999	29	0.023093	0.023093	0.021645	0.021645
66	5	1440	2	P1	1	-0.005933	-0.005933	0.001226	0.001226
66	5	1440	2	P50	20	0.000163	-0.000116	-0.000255	-0.000533
66	5	1440	2	P75	22	-0.028939	-0.029112	0.013586	0.013406
66	5	1440	2	P90	23	-0.022286	-0.022608	0.020398	0.020062
66	5	1440	2	P95	24	-0.031612	-0.032303	0.010580	0.009860
66	5	1440	2	P99	25	-0.002966	-0.002966	0.031290	0.031290
66	5	1440	2	P999	29	0.023093	0.023093	0.021645	0.021645
66	6	1443	3	P1	1	-0.005937	-0.005937	0.001221	0.001221
66	6	1443	3	P50	20	-0.000395	-0.000395	-0.000812	-0.000812
66	6	1443	3	P75	22	-0.029112	-0.029112	0.013406	0.013406
66	6	1443	3	P90	23	-0.022608	-0.022608	0.020062	0.020062
66	6	1443	3	P95	24	-0.032303	-0.032303	0.009860	0.009860
66	6	1443	3	P99	25	-0.002966	-0.002966	0.031290	0.031290
66	6	1443	3	P999	29	0.023093	0.023093	0.021645	0.021645
66	7	1446	4	P1	1	-0.011926	-0.011926	0.001221	0.001221
66	7	1446	4	P50	20	-0.008992	-0.009269	-0.000255	-0.000533
66	7	1446	4	P75	22	-0.037723	-0.037723	0.013767	0.013767
66	7	1446	4	P90	23	-0.030716	-0.030716	0.021070	0.021070
66	7	1446	4	P95	24	-0.039259	-0.039259	0.012021	0.012021
66	7	1446	4	P99	26	-0.025191	-0.025191	-0.003192	-0.003192
66	7	1446	4	P999	32	-0.019759	-0.019759	0.009913	0.009913
67	1	77	0	P1	1	-0.020929	-0.020929	0.000572	0.000572
67	1	77	0	P50	1	0.000572	0.000572	0.022545	0.022545
67	1	77	0	P75	1	0.011499	0.011499	0.033711	0.033711
67	1	77	0	P90	1	0.018461	0.018461	0.040827	0.040827
67	1	77	0	P95	1	0.020792	0.020792	0.043209	0.043209
67	1	77	0	P99	2	0.023978	0.023978	0.001975	0.001975
67	1	77	0	P999	2	0.023978	0.023978	0.001975	0.001975
67	2	2147	0	P1	1	-0.021051	-0.021051	0.000447	0.000447
67	2	2147	0	P50	1	0.000071	0.000071	0.022033	0.022033
67	2	2147	0	P75	1	0.011028	0.011028	0.033230	0.033230
67	2	2147	0	P90	1	0.017656	0.017656	0.040004	0.040004
67	2	2147	0	P95	1	0.019868	0.019868	0.042264	0.042264
67	2	2147	0	P99	1	0.021649	0.021649	0.044085	0.044085
67	2	2147	0	P999	2	0.015120	0.015120	-0.006694	-0.006694
67	3	2427	0	P1	1	-0.021049	-0.021049	0.000449	0.000449
67	3	2427	0	P50	1	0.000072	0.000072	0.022034	0.022034
67	3	2427	0	P75	1	0.011029	0.011029	0.033232	0.033232
67	3	2427	0	P90	1	0.017658	0.017658	0.040006	0.040006
67	3	2427	0	P95	1	0.019871	0.019871	0.042267	0.042267
67	3	2427	0	P99	1	0.021648	0.021648	0.044084	0.044084
67	3	2427	0	P999	2	0.016591	0.016591	-0.005254	-0.005254
67	4	2430	1	P1	1	-0.006706	-0.006706	0.000449	0.000449
67	4	2430	1	P50	1	0.014816	0.014797	0.022070	0.022052
67	4	2430	1	P75	1	0.025963	0.025963	0.033269	0.033269
67	4	2430	1	P90	1	0.032725	0.032707	0.040062	0.040043
67	4	2430	1	P95	1	0.034977	0.034977	0.042323	0.042323
67	4	2430	1	P99	1	0.036785	0.036785	0.044140	0.044140
67	4	2430	1	P999	27	0.007204	0.007204	0.006001	0.006001
67	5	2435	2	P1	1	-0.006707	-0.006707	0.000448	0.000448
67	5	2435	2	P50	1	0.014806	0.014806	0.022061	0.022061
67	5	2435	2	P75	1	0.025967	0.025967	0.033273	0.033273
67	5	2435	2	P90	1	0.032716	0.032716	0.040052	0.040052
67	5	2435	2	P95	1	0.034981	0.034981	0.042328	0.042328
67	5	2435	2	P99	1	0.036786	0.036786	0.044141	0.044141
67	5	2435	2	P999	27	0.007204	0.007204	0.006001	0.006001
67	6	2438	3	P1	1	-0.006707	-0.006707	0.000447	0.000447
67	6	2438	3	P50	1	0.014815	0.014797	0.022070	0.022052
67	6	2438	3	P75	1	0.025963	0.025963	0.033268	0.033268
67	6	2438	3	P90	1	0.032721	0.032721	0.040057	0.040057
67	6	2438	3	P95	1	0.034983	0.034983	0.042330	0.042330
67	6	2438	3	P99	1	0.036786	0.036786	0.044141	0.044141
67	6	2438	3	P999	27	0.007204	0.007204	0.006001	0.006001
67	7	2441	4	P1	1	-0.012690	-0.012690	0.000447	0.000447
67	7	2441	4	P50	1	0.008698	0.008698	0.022088	0.022088
67	7	2441	4	P75	1	0.019785	0.019785	0.033305	0.033305
67	7	2441	4	P90	1	0.026495	0.026495	0.040095	0.040095
67	7	2441	4	P95	1	0.028742	0.028742	0.042368	0.042368
67	7	2441	4	P99	1	0.030550	0.030550	0.044197	0.044197
67	7	2441	4	P999	29	-0.015663	-0.015663	-0.000308	-0.000308
68	1	182	1	P1	1	-0.006672	-0.006672	0.000483	0.000483
68	1	182	1	P50	1	0.015197	0.014952	0.022454	0.022207
68	1	182	1	P75	1	0.026312	0.026312	0.033619	0.033619
68	1	182	1	P90	1	0.033039	0.033039	0.040377	0.040377
68	1	182	1	P95	1	0.035291	0.035291	0.042639	0.042639
68	1	182	1	P99	27	0.007204	0.007204	0.006001	0.006001
68	1	182	1	P999	28	0.014470	0.014470	0.013146	0.013146
68	2	185	2	P1	1	-0.006680	-0.006680	0.000475	0.000475
68	2	185	2	P50	1	0.015068	0.015068	0.022324	0.022324
68	2	185	2	P75	1	0.026243	0.026243	0.033550	0.033550
68	2	185	2	P90	1	0.033105	0.033105	0.040443	0.040443
68	2	185	2	P95	1	0.035320	0.035320	0.042668	0.042668
68	2	185	2	P99	27	0.007204	0.007204	0.006001	0.006001
68	2	185	2	P999	28	0.014470	0.014470	0.013146	0.013146
68	3	187	3	P1	1	-0.006685	-0.006685	0.000470	0.000470
68	3	187	3	P50	1	0.015065	0.015065	0.022320	0.022320
68	3	187	3	P75	1	0.026359	0.026359	0.033666	0.033666
68	3	187	3	P90	1	0.033147	0.033147	0.040486	0.040486
68	3	187	3	P95	1	0.035339	0.035339	0.042687	0.042687
68	3	187	3	P99	27	0.007204	0.007204	0.006001	0.006001
68	3	187	3	P999	28	0.014470	0.014470	0.013146	0.013146
68	4	191	4	P1	1	-0.009445	-0.009445	0.000470	0.000470
68	4	191	4	P50	1	0.012710	0.012710	0.022800	0.022800
68	4	191	4	P75	1	0.024214	0.024214	0.034395	0.034395
68	4	191	4	P90	1	0.030984	0.030984	0.041219	0.041219
68	4	191	4	P95	1	0.033413	0.033413	0.043667	0.043667
68	4	191	4	P99	29	0.018574	0.018574	0.021645	0.021645
68	4	191	4	P999	30	0.028433	0.028433	0.031442	0.031442
68	5	205	5	P1	1	-0.009261	-0.009261	0.000655	0.000655
68	5	205	5	P50	1	0.012651	0.012651	0.022741	0.022741
68	5	205	5	P75	1	0.024013	0.024013	0.034192	0.034192
68	5	205	5	P90	1	0.030981	0.030981	0.041215	0.041215
68	5	205	5	P95	1	0.033239	0.033239	0.043491	0.043491
68	5	205	5	P99	28	0.010011	0.010011	0.013146	0.013146
68	5	205	5	P999	30	0.028433	0.028433	0.031442	0.031442
68	6	207	6	P1	1	-0.009268	-0.009268	0.000649	0.000649
68	6	207	6	P50	1	0.012644	0.012644	0.022734	0.022734
68	6	207	6	P75	1	0.024113	0.024113	0.034293	0.034293
68	6	207	6	P90	1	0.031012	0.031012	0.041247	0.041247
68	6	207	6	P95	1	0.033248	0.033248	0.043500	0.043500
68	6	207	6	P99	28	0.010011	0.010011	0.013146	0.013146
68	6	207	6	P999	30	0.028433	0.028433	0.031442	0.031442
68	7	5434	7	P1	1	-0.009473	-0.009473	0.000441	0.000441
68	7	5434	7	P50	1	0.011962	0.011954	0.022046	0.022038
68	7	5434	7	P75	1	0.023070	0.023070	0.033243	0.033243
68	7	5434	7	P90	1	0.029796	0.029796	0.040021	0.040021
68	7	5434	7	P95	1	0.032050	0.032050	0.042293	0.042293
68	7	5434	7	P99	1	0.033852	0.033852	0.044109	0.044109
68	7	5434	7	P999	27	0.002798	0.002798	0.006001	0.006001
69	1	1554	1	P1	1	-0.006697	-0.006697	0.000458	0.000458
69	1	1554	1	P50	1	0.015274	0.015245	0.022531	0.022502
69	1	1554	1	P75	1	0.026648	0.026648	0.033957	0.033957
69	1	1554	1	P90	1	0.033539	0.033539	0.040879	0.040879
69	1	1554	1	P95	1	0.035856	0.035856	0.043207	0.043207
69	1	1554	1	P99	27	-0.005871	-0.005871	-0.007025	-0.007025
69	1	1554	1	P999	30	-0.011011	-0.011011	0.031442	0.031442
69	2	1602	2	P1	1	-0.006683	-0.006683	0.000472	0.000472
69	2	1602	2	P50	1	0.015271	0.015243	0.022528	0.022500
69	2	1602	2	P75	1	0.026644	0.026644	0.033953	0.033953
69	2	1602	2	P90	1	0.033529	0.033529	0.040869	0.040869
69	2	1602	2	P95	1	0.035834	0.035834	0.043185	0.043185
69	2	1602	2	P99	27	-0.010191	-0.010191	-0.011330	-0.011330
69	2	1602	2	P999	30	-0.011011	-0.011011	0.031442	0.031442
69	3	1630	3	P1	1	-0.006688	-0.006688	0.000467	0.000467
69	3	1630	3	P50	1	0.015405	0.015377	0.022662	0.022634
69	3	1630	3	P75	1	0.026847	0.026847	0.034156	0.034156
69	3	1630	3	P90	1	0.033797	0.033768	0.041138	0.041109
69	3	1630	3	P95	1	0.036105	0.036105	0.043456	0.043456
69	3	1630	3	P99	27	-0.010191	-0.010191	-0.011330	-0.011330
69	3	1630	3	P999	30	-0.011011	-0.011011	0.031442	0.031442
69	4	1683	4	P1	1	-0.009448	-0.009448	0.000467	0.000467
69	4	1683	4	P50	1	0.013297	0.013297	0.023392	0.023392
69	4	1683	4	P75	1	0.025105	0.025105	0.035293	0.035293
69	4	1683	4	P90	1	0.032238	0.032238	0.042483	0.042483
69	4	1683	4	P95	2	0.037664	0.037664	0.001975	0.001975
69	4	1683	4	P99	30	-0.004604	-0.004604	0.006151	0.006151
69	4	1683	4	P999	33	-0.001971	-0.001971	0.022793	0.022793
69	5	3610	5	P1	1	-0.009456	-0.009456	0.000459	0.000459
69	5	3610	5	P50	1	0.012549	0.012536	0.022638	0.022625
69	5	3610	5	P75	1	0.023957	0.023957	0.034136	0.034136
69	5	3610	5	P90	1	0.030873	0.030860	0.041107	0.041094
69	5	3610	5	P95	1	0.033180	0.033180	0.043432	0.043432
69	5	3610	5	P99	28	0.003269	0.003269	0.006397	0.006397
69	5	3610	5	P999	32	-0.014627	-0.014627	0.002627	0.002627
69	6	3619	6	P1	1	-0.009456	-0.009456	0.000459	0.000459
69	6	3619	6	P50	1	0.012599	0.012599	0.022689	0.022689
69	6	3619	6	P75	1	0.024046	0.024046	0.034225	0.034225
69	6	3619	6	P90	1	0.030975	0.030975	0.041210	0.041210
69	6	3619	6	P95	1	0.033296	0.033296	0.043548	0.043548
69	6	3619	6	P99	28	0.004353	0.004353	0.007483	0.007483
69	6	3619	6	P999	32	-0.014627	-0.014627	0.002627	0.002627
69	7	3631	7	P1	1	-0.009458	-0.009458	0.000457	0.000457
69	7	3631	7	P50	1	0.012597	0.012597	0.022686	0.022686
69	7	3631	7	P75	1	0.024042	0.024042	0.034222	0.034222
69	7	3631	7	P90	1	0.030961	0.030961	0.041195	0.041195
69	7	3631	7	P95	1	0.033286	0.033286	0.043539	0.043539
69	7	3631	7	P99	28	0.004353	0.004353	0.007483	0.007483
69	7	3631	7	P999	32	-0.014627	-0.014627	0.002627	0.002627
70	1	18	1	P1	1	-0.000956	-0.000956	0.006226	0.006226
70	1	18	1	P50	27	0.007204	-0.922894	0.006001	-0.925780
70	1	18	1	P75	29	-0.011942	-0.011942	-0.011107	-0.011107
70	1	18	1	P90	29	0.014219	0.014219	0.021645	0.021645
70	1	18	1	P95	30	-0.011011	-0.011011	0.031442	0.031442
70	1	18	1	P99	30	-0.011011	-0.011011	0.031442	0.031442
70	1	18	1	P999	30	-0.011011	-0.011011	0.031442	0.031442
70	2	285	2	P1	1	-0.006679	-0.006679	0.000476	0.000476
70	2	285	2	P50	1	0.015674	0.015674	0.022933	0.022933
70	2	285	2	P75	1	0.027202	0.027202	0.034514	0.034514
70	2	285	2	P90	1	0.034248	0.034248	0.041591	0.041591
70	2	285	2	P95	1	0.036552	0.036552	0.043906	0.043906
70	2	285	2	P99	29	0.005423	0.005423	0.010609	0.010609
70	2	285	2	P999	30	-0.011011	-0.011011	0.031442	0.031442
70	3	2709	3	P1	1	-0.006704	-0.006704	0.000451	0.000451
70	3	2709	3	P50	1	0.014821	0.014821	0.022075	0.022075
70	3	2709	3	P75	1	0.025981	0.025981	0.033287	0.033287
70	3	2709	3	P90	1	0.032750	0.032750	0.040086	0.040086
70	3	2709	3	P95	1	0.035004	0.035004	0.042351	0.042351
70	3	2709	3	P99	1	0.036812	0.036812	0.044167	0.044167
70	3	2709	3	P999	29	0.005423	0.005423	0.010609	0.010609
70	4	2717	4	P1	1	-0.006705	-0.006705	0.000450	0.000450
70	4	2717	4	P50	1	0.014821	0.014821	0.022075	0.022075
70	4	2717	4	P75	1	0.025981	0.025981	0.033286	0.033286
70	4	2717	4	P90	1	0.032746	0.032746	0.040082	0.040082
70	4	2717	4	P95	1	0.035010	0.035010	0.042357	0.042357
70	4	2717	4	P99	1	0.036813	0.036813	0.044168	0.044168
70	4	2717	4	P999	29	0.005423	0.005423	0.010609	0.010609
70	5	2720	5	P1	1	-0.020359	-0.020359	0.000450	0.000450
70	5	2720	5	P50	1	0.000851	0.000835	0.022108	0.022092
70	5	2720	5	P75	1	0.011847	0.011831	0.033336	0.033320
70	5	2720	5	P90	1	0.018502	0.018486	0.040132	0.040116
70	5	2720	5	P95	1	0.020731	0.020714	0.042408	0.042391
70	5	2720	5	P99	1	0.022504	0.022504	0.044218	0.044218
70	5	2720	5	P999	29	0.036211	0.036211	0.021645	0.021645
70	6	2725	6	P1	1	-0.020360	-0.020360	0.000449	0.000449
70	6	2725	6	P50	1	0.000842	0.000842	0.022099	0.022099
70	6	2725	6	P75	1	0.011834	0.011834	0.033323	0.033323
70	6	2725	6	P90	1	0.018494	0.018494	0.040124	0.040124
70	6	2725	6	P95	1	0.020718	0.020718	0.042395	0.042395
70	6	2725	6	P99	1	0.022504	0.022504	0.044218	0.044218
70	6	2725	6	P999	29	0.036211	0.036211	0.021645	0.021645
70	7	2728	7	P1	1	-0.020361	-0.020361	0.000449	0.000449
70	7	2728	7	P50	1	0.000850	0.000834	0.022108	0.022091
70	7	2728	7	P75	1	0.011846	0.011830	0.033336	0.033319
70	7	2728	7	P90	1	0.018498	0.018498	0.040128	0.040128
70	7	2728	7	P95	1	0.020720	0.020720	0.042397	0.042397
70	7	2728	7	P99	1	0.022504	0.022504	0.044219	0.044219
70	7	2728	7	P999	29	0.036211	0.036211	0.021645	0.021645
71	1	1310	1	P1	1	-0.009449	-0.009449	0.000466	0.000466
71	1	1310	1	P50	1	0.011994	0.011961	0.022079	0.022045
71	1	1310	1	P75	1	0.023094	0.023094	0.033267	0.033267
71	1	1310	1	P90	1	0.029840	0.029806	0.040065	0.040031
71	1	1310	1	P95	1	0.032075	0.032075	0.042318	0.042318
71	1	1310	1	P99	1	0.033867	0.033867	0.044124	0.044124
71	1	1310	1	P999	28	-0.004540	-0.004540	-0.001420	-0.001420
71	2	1833	2	P1	1	-0.009463	-0.009463	0.000452	0.000452
71	2	1833	2	P50	1	0.011949	0.011949	0.022033	0.022033
71	2	1833	2	P75	1	0.023047	0.023047	0.033219	0.033219
71	2	1833	2	P90	1	0.029769	0.029769	0.039994	0.039994
71	2	1833	2	P95	1	0.032027	0.032027	0.042270	0.042270
71	2	1833	2	P99	1	0.033823	0.033823	0.044080	0.044080
71	2	1833	2	P999	28	-0.004540	-0.004540	-0.001420	-0.001420
71	3	1839	3	P1	1	-0.009465	-0.009465	0.000450	0.000450
71	3	1839	3	P50	1	0.011948	0.011948	0.022033	0.022033
71	3	1839	3	P75	1	0.023058	0.023058	0.033231	0.033231
71	3	1839	3	P90	1	0.029783	0.029783	0.040008	0.040008
71	3	1839	3	P95	1	0.032034	0.032034	0.042277	0.042277
71	3	1839	3	P99	1	0.033824	0.033824	0.044081	0.044081
71	3	1839	3	P999	28	-0.004540	-0.004540	-0.001420	-0.001420
71	4	2640	4	P1	1	-0.009469	-0.009469	0.000445	0.000445
71	4	2640	4	P50	1	0.011943	0.011926	0.022028	0.022011
71	4	2640	4	P75	1	0.023042	0.023025	0.033214	0.033197
71	4	2640	4	P90	1	0.029760	0.029743	0.039985	0.039968
71	4	2640	4	P95	1	0.032009	0.031992	0.042251	0.042234
71	4	2640	4	P99	1	0.033801	0.033801	0.044058	0.044058
71	4	2640	4	P999	28	-0.018881	-0.018881	-0.015777	-0.015777
71	5	2642	5	P1	1	-0.009469	-0.009469	0.000445	0.000445
71	5	2642	5	P50	1	0.011960	0.011943	0.022044	0.022028
71	5	2642	5	P75	1	0.023059	0.023059	0.033231	0.033231
71	5	2642	5	P90	1	0.029777	0.029777	0.040002	0.040002
71	5	2642	5	P95	1	0.032026	0.032026	0.042269	0.042269
71	5	2642	5	P99	1	0.033836	0.033836	0.044093	0.044093
71	5	2642	5	P999	28	-0.007425	-0.007425	-0.004308	-0.004308
71	6	2644	6	P1	1	-0.009470	-0.009470	0.000445	0.000445
71	6	2644	6	P50	1	0.011960	0.011943	0.022044	0.022028
71	6	2644	6	P75	1	0.023067	0.023051	0.033240	0.033223
71	6	2644	6	P90	1	0.029780	0.029780	0.040005	0.040005
71	6	2644	6	P95	1	0.032028	0.032028	0.042270	0.042270
71	6	2644	6	P99	1	0.033836	0.033836	0.044093	0.044093
71	6	2644	6	P999	28	-0.007425	-0.007425	-0.004308	-0.004308
71	7	2646	7	P1	1	-0.009470	-0.009470	0.000445	0.000445
71	7	2646	7	P50	1	0.011960	0.011943	0.022044	0.022027
71	7	2646	7	P75	1	0.023059	0.023059	0.033231	0.033231
71	7	2646	7	P90	1	0.029784	0.029784	0.040009	0.040009
71	7	2646	7	P95	1	0.032029	0.032029	0.042272	0.042272
71	7	2646	7	P99	1	0.033836	0.033836	0.044093	0.044093
71	7	2646	7	P999	28	-0.007425	-0.007425	-0.004308	-0.004308
72	1	1210	1	P1	1	-0.009445	-0.009445	0.000470	0.000470
72	1	1210	1	P50	1	0.012059	0.012023	0.022145	0.022108
72	1	1210	1	P75	1	0.023190	0.023190	0.033363	0.033363
72	1	1210	1	P90	1	0.029957	0.029920	0.040183	0.040146
72	1	1210	1	P95	1	0.032197	0.032197	0.042441	0.042441
72	1	1210	1	P99	1	0.033993	0.033993	0.044252	0.044252
72	1	1210	1	P999	28	-0.011737	-0.011737	-0.008624	-0.008624
72	2	1234	2	P1	1	-0.009445	-0.009445	0.000470	0.000470
72	2	1234	2	P50	1	0.012499	0.012463	0.022588	0.022551
72	2	1234	2	P75	1	0.023857	0.023857	0.034036	0.034036
72	2	1234	2	P90	1	0.030740	0.030740	0.040973	0.040973
72	2	1234	2	P95	1	0.033058	0.033058	0.043308	0.043308
72	2	1234	2	P99	27	-0.013440	-0.013440	-0.010256	-0.010256
72	2	1234	2	P999	29	-0.003358	-0.003358	-0.000308	-0.000308
72	3	1265	3	P1	1	-0.009457	-0.009457	0.000458	0.000458
72	3	1265	3	P50	1	0.012466	0.012466	0.022554	0.022554
72	3	1265	3	P75	1	0.023825	0.023825	0.034004	0.034004
72	3	1265	3	P90	1	0.030717	0.030717	0.040949	0.040949
72	3	1265	3	P95	1	0.033012	0.033012	0.043262	0.043262
72	3	1265	3	P99	27	-0.013440	-0.013440	-0.010256	-0.010256
72	3	1265	3	P999	29	-0.003358	-0.003358	-0.000308	-0.000308
72	4	1285	4	P1	1	-0.009464	-0.009464	0.000451	0.000451
72	4	1285	4	P50	1	0.012475	0.012475	0.022563	0.022563
72	4	1285	4	P75	1	0.023839	0.023839	0.034017	0.034017
72	4	1285	4	P90	1	0.030733	0.030733	0.040965	0.040965
72	4	1285	4	P95	1	0.033029	0.033029	0.043280	0.043280
72	4	1285	4	P99	27	-0.013440	-0.013440	-0.010256	-0.010256
72	4	1285	4	P999	29	-0.003358	-0.003358	-0.000308	-0.000308
72	5	1331	5	P1	1	-0.012652	-0.012652	0.000486	0.000486
72	5	1331	5	P50	1	0.009975	0.009975	0.023380	0.023380
72	5	1331	5	P75	1	0.021730	0.021730	0.035274	0.035274
72	5	1331	5	P90	1	0.028821	0.028821	0.042447	0.042447
72	5	1331	5	P95	25	-0.006575	-0.006575	0.009822	0.009822
72	5	1331	5	P99	28	0.004813	0.004813	0.013146	0.013146
72	5	1331	5	P999	35	-0.000795	-0.000795	0.007168	0.007168
72	6	2706	6	P1	1	-0.012674	-0.012674	0.000464	0.000464
72	6	2706	6	P50	1	0.009274	0.009258	0.022671	0.022654
72	6	2706	6	P75	1	0.020651	0.020651	0.034181	0.034181
72	6	2706	6	P90	1	0.027545	0.027545	0.041157	0.041157
72	6	2706	6	P95	1	0.029848	0.029848	0.043486	0.043486
72	6	2706	6	P99	28	-0.026890	-0.026890	-0.018773	-0.018773
72	6	2706	6	P999	33	0.014642	0.014642	0.022793	0.022793
72	7	2710	7	P1	1	-0.012674	-0.012674	0.000464	0.000464
72	7	2710	7	P50	1	0.009308	0.009291	0.022705	0.022688
72	7	2710	7	P75	1	0.020702	0.020702	0.034233	0.034233
72	7	2710	7	P90	1	0.027613	0.027596	0.041226	0.041208
72	7	2710	7	P95	1	0.029916	0.029916	0.043556	0.043556
72	7	2710	7	P99	28	-0.023206	-0.023206	-0.017201	-0.017201
72	7	2710	7	P999	33	0.014642	0.014642	0.022793	0.022793
73	1	9	0	P1	1	-0.016160	-0.016160	0.005445	0.005445
73	1	9	0	P50	1	0.005445	0.005445	0.027525	0.027525
73	1	9	0	P75	1	0.016425	0.016425	0.038746	0.038746
73	1	9	0	P90	2	0.023978	0.023978	0.001975	0.001975
73	1	9	0	P95	2	0.023978	0.023978	0.001975	0.001975
73	1	9	0	P99	2	0.023978	0.023978	0.001975	0.001975
73	1	9	0	P999	2	0.023978	0.023978	0.001975	0.001975
73	2	13	1	P1	1	-0.011416	-0.011416	0.005445	0.005445
73	2	13	1	P50	1	0.021354	0.021354	0.038746	0.038746
73	2	13	1	P75	26	0.030015	0.030015	0.000279	0.000279
73	2	13	1	P90	30	-0.004812	-0.004812	0.009278	0.009278
73	2	13	1	P95	30	0.017061	0.017061	0.031442	0.031442
73	2	13	1	P99	30	0.017061	0.017061	0.031442	0.031442
73	2	13	1	P999	30	0.017061	0.017061	0.031442	0.031442
73	3	545	2	P1	1	-0.016296	-0.016296	0.000486	0.000486
73	3	545	2	P50	1	0.005243	0.005243	0.022374	0.022374
73	3	545	2	P75	1	0.016395	0.016395	0.033707	0.033707
73	3	545	2	P90	1	0.023179	0.023179	0.040600	0.040600
73	3	545	2	P95	1	0.025422	0.025422	0.042880	0.042880
73	3	545	2	P99	2	0.020634	0.020634	-0.006694	-0.006694
73	3	545	2	P999	30	0.017061	0.017061	0.031442	0.031442
73	4	556	3	P1	1	-0.016296	-0.016296	0.000486	0.000486
73	4	556	3	P50	1	0.005733	0.005651	0.022872	0.022789
73	4	556	3	P75	1	0.017137	0.017055	0.034461	0.034377
73	4	556	3	P90	1	0.024009	0.024009	0.041444	0.041444
73	4	556	3	P95	1	0.026337	0.026337	0.043810	0.043810
73	4	556	3	P99	28	0.020903	0.020903	-0.001420	-0.001420
73	4	556	3	P999	30	0.017061	0.017061	0.031442	0.031442
73	5	570	4	P1	1	-0.016308	-0.016308	0.000474	0.000474
73	5	570	4	P50	1	0.005710	0.005630	0.022849	0.022768
73	5	570	4	P75	1	0.017063	0.017063	0.034386	0.034386
73	5	570	4	P90	1	0.024002	0.023921	0.041437	0.041355
73	5	570	4	P95	1	0.026271	0.026271	0.043743	0.043743
73	5	570	4	P99	28	0.020903	0.020903	-0.001420	-0.001420
73	5	570	4	P999	30	0.017061	0.017061	0.031442	0.031442
73	6	581	5	P1	1	-0.016316	-0.016316	0.000466	0.000466
73	6	581	5	P50	1	0.005694	0.005694	0.022833	0.022833
73	6	581	5	P75	1	0.017081	0.017081	0.034404	0.034404
73	6	581	5	P90	1	0.023974	0.023974	0.041409	0.041409
73	6	581	5	P95	1	0.026283	0.026283	0.043755	0.043755
73	6	581	5	P99	28	0.020903	0.020903	-0.001420	-0.001420
73	6	581	5	P999	30	0.017061	0.017061	0.031442	0.031442
73	7	594	6	P1	1	-0.016316	-0.016316	0.000466	0.000466
73	7	594	6	P50	1	0.006241	0.006163	0.023388	0.023309
73	7	594	6	P75	1	0.017871	0.017871	0.035206	0.035206
73	7	594	6	P90	1	0.024929	0.024929	0.042379	0.042379
73	7	594	6	P95	2	0.022114	0.022114	-0.005254	-0.005254
73	7	594	6	P99	30	-0.007898	-0.007898	0.006151	0.006151
73	7	594	6	P999	31	0.027993	0.027993	0.042491	0.042491
74	1	204	1	P1	1	-0.006487	-0.006487	0.000669	0.000669
74	1	204	1	P50	1	0.015953	0.015727	0.023213	0.022985
74	1	204	1	P75	1	0.027593	0.027363	0.034906	0.034675
74	1	204	1	P90	1	0.034502	0.034502	0.041846	0.041846
74	1	204	1	P95	1	0.036815	0.036815	0.044170	0.044170
74	1	204	1	P99	29	0.001053	0.001053	0.006957	0.006957
74	1	204	1	P999	30	-0.011011	-0.011011	0.031442	0.031442
74	2	215	2	P1	1	-0.006520	-0.006520	0.000636	0.000636
74	2	215	2	P50	1	0.015893	0.015893	0.023152	0.023152
74	2	215	2	P75	1	0.027615	0.027615	0.034928	0.034928
74	2	215	2	P90	1	0.034626	0.034626	0.041971	0.041971
74	2	215	2	P95	1	0.037046	0.037046	0.044403	0.044403
74	2	215	2	P99	29	0.001053	0.001053	0.006957	0.006957
74	2	215	2	P999	30	-0.011011	-0.011011	0.031442	0.031442
74	3	223	3	P1	1	-0.006538	-0.006538	0.000618	0.000618
74	3	223	3	P50	1	0.016069	0.016069	0.023329	0.023329
74	3	223	3	P75	1	0.027882	0.027882	0.035197	0.035197
74	3	223	3	P90	1	0.034908	0.034908	0.042254	0.042254
74	3	223	3	P95	2	0.011137	0.011137	-0.026629	-0.026629
74	3	223	3	P99	29	0.001053	0.001053	0.006957	0.006957
74	3	223	3	P999	30	-0.011011	-0.011011	0.031442	0.031442
74	4	234	4	P1	1	-0.009298	-0.009298	0.000618	0.000618
74	4	234	4	P50	1	0.014489	0.014280	0.024594	0.024383
74	4	234	4	P75	1	0.026702	0.026702	0.036903	0.036903
74	4	234	4	P90	1	0.034143	0.034143	0.044403	0.044403
74	4	234	4	P95	28	0.000287	0.000287	0.003412	0.003412
74	4	234	4	P99	30	0.006289	0.006289	0.013672	0.013672
74	4	234	4	P999	30	0.028433	0.028433	0.031442	0.031442
74	5	760	5	P1	1	-0.009442	-0.009442	0.000473	0.000473
74	5	760	5	P50	1	0.012686	0.012626	0.022776	0.022716
74	5	760	5	P75	1	0.024146	0.024086	0.034327	0.034266
74	5	760	5	P90	1	0.031085	0.031024	0.041320	0.041259
74	5	760	5	P95	1	0.033408	0.033347	0.043662	0.043600
74	5	760	5	P99	29	-0.007687	-0.007687	-0.000308	-0.000308
74	5	760	5	P999	30	0.028433	0.028433	0.031442	0.031442
74	6	768	6	P1	1	-0.009442	-0.009442	0.000473	0.000473
74	6	768	6	P50	1	0.012926	0.012866	0.023018	0.022957
74	6	768	6	P75	1	0.024511	0.024450	0.034694	0.034633
74	6	768	6	P90	1	0.031513	0.031513	0.041751	0.041751
74	6	768	6	P95	1	0.033837	0.033837	0.044094	0.044094
74	6	768	6	P99	29	0.011210	0.011210	0.012807	0.012807
74	6	768	6	P999	30	0.028433	0.028433	0.031442	0.031442
74	7	781	7	P1	1	-0.009450	-0.009450	0.000465	0.000465
74	7	781	7	P50	1	0.012878	0.012878	0.022970	0.022970
74	7	781	7	P75	1	0.024439	0.024439	0.034622	0.034622
74	7	781	7	P90	1	0.031438	0.031438	0.041676	0.041676
74	7	781	7	P95	1	0.033782	0.033782	0.044039	0.044039
74	7	781	7	P99	29	0.011210	0.011210	0.012807	0.012807
74	7	781	7	P999	30	0.028433	0.028433	0.031442	0.031442
75	1	16	1	P1	1	-0.011416	-0.011416	0.005445	0.005445
75	1	16	1	P50	27	0.002707	-0.961966	-0.022718	-0.961318
75	1	16	1	P75	30	-0.004812	-0.067649	0.009278	-0.054397
75	1	16	1	P90	31	0.027993	0.027993	0.042491	0.042491
75	1	16	1	P95	33	0.008606	0.008606	0.022793	0.022793
75	1	16	1	P99	33	0.008606	0.008606	0.022793	0.022793
75	1	16	1	P999	33	0.008606	0.008606	0.022793	0.022793
75	2	552	2	P1	1	-0.016300	-0.016300	0.000482	0.000482
75	2	552	2	P50	1	0.005361	0.005280	0.022494	0.022412
75	2	552	2	P75	1	0.016573	0.016492	0.033888	0.033805
75	2	552	2	P90	1	0.023295	0.023295	0.040719	0.040719
75	2	552	2	P95	1	0.025601	0.025601	0.043061	0.043061
75	2	552	2	P99	27	0.024745	0.024745	0.006001	0.006001
75	2	552	2	P999	33	0.008606	0.008606	0.022793	0.022793
75	3	558	3	P1	1	-0.016300	-0.016300	0.000482	0.000482
75	3	558	3	P50	1	0.005603	0.005522	0.022740	0.022658
75	3	558	3	P75	1	0.016900	0.016900	0.034220	0.034220
75	3	558	3	P90	1	0.023789	0.023789	0.041220	0.041220
75	3	558	3	P95	1	0.026095	0.026095	0.043564	0.043564
75	3	558	3	P99	28	0.043341	0.043341	0.013146	0.013146
75	3	558	3	P999	33	0.008606	0.008606	0.022793	0.022793
75	4	570	4	P1	1	-0.016311	-0.016311	0.000471	0.000471
75	4	570	4	P50	1	0.005586	0.005507	0.022723	0.022643
75	4	570	4	P75	1	0.016877	0.016877	0.034196	0.034196
75	4	570	4	P90	1	0.023776	0.023696	0.041207	0.041126
75	4	570	4	P95	1	0.026033	0.026033	0.043500	0.043500
75	4	570	4	P99	28	0.043341	0.043341	0.013146	0.013146
75	4	570	4	P999	33	0.008606	0.008606	0.022793	0.022793
75	5	576	5	P1	1	-0.016314	-0.016314	0.000468	0.000468
75	5	576	5	P50	1	0.005659	0.005581	0.022797	0.022718
75	5	576	5	P75	1	0.017028	0.016949	0.034350	0.034269
75	5	576	5	P90	1	0.023879	0.023879	0.041312	0.041312
75	5	576	5	P95	1	0.026199	0.026199	0.043670	0.043670
75	5	576	5	P99	28	0.043341	0.043341	0.013146	0.013146
75	5	576	5	P999	33	0.008606	0.008606	0.022793	0.022793
75	6	582	6	P1	1	-0.016314	-0.016314	0.000468	0.000468
75	6	582	6	P50	1	0.005895	0.005816	0.023037	0.022957
75	6	582	6	P75	1	0.017346	0.017346	0.034673	0.034673
75	6	582	6	P90	1	0.024278	0.024278	0.041718	0.041718
75	6	582	6	P95	1	0.026600	0.026600	0.044077	0.044077
75	6	582	6	P99	30	0.017061	0.017061	0.016613	0.016613
75	6	582	6	P999	37	0.024909	0.024909	0.039211	0.039211
75	7	2903	7	P1	1	-0.016327	-0.016327	0.000455	0.000455
75	7	2903	7	P50	1	0.005148	0.005148	0.022278	0.022278
75	7	2903	7	P75	1	0.016292	0.016292	0.033603	0.033603
75	7	2903	7	P90	1	0.023029	0.023029	0.040448	0.040448
75	7	2903	7	P95	1	0.025284	0.025284	0.042740	0.042740
75	7	2903	7	P99	2	0.012285	0.012285	-0.014812	-0.014812
75	7	2903	7	P999	31	0.027993	0.027993	0.042491	0.042491
76	1	11	1	P1	1	0.002350	0.002350	0.007267	0.007267
76	1	11	1	P50	1	0.039415	0.039415	0.044403	0.044403
76	1	11	1	P75	27	0.010804	0.010804	0.006001	0.006001
76	1	11	1	P90	28	-0.003828	-0.003828	-0.008624	-0.008624
76	1	11	1	P95	28	0.018113	0.018113	0.013146	0.013146
76	1	11	1	P99	28	0.018113	0.018113	0.013146	0.013146
76	1	11	1	P999	28	0.018113	0.018113	0.013146	0.013146
76	2	16	2	P1	1	-0.000557	-0.000557	0.004354	0.004354
76	2	16	2	P50	1	0.034896	0.030396	0.039875	0.035367
76	2	16	2	P75	26	0.004926	-0.037920	0.000279	-0.021216
76	2	16	2	P90	28	-0.003828	-0.003828	-0.008624	-0.008624
76	2	16	2	P95	28	0.018113	0.018113	0.013146	0.013146
76	2	16	2	P99	28	0.018113	0.018113	0.013146	0.013146
76	2	16	2	P999	28	0.018113	0.018113	0.013146	0.013146
76	3	21	3	P1	1	-0.012490	-0.012490	0.004354	0.004354
76	3	21	3	P50	2	0.029548	0.029548	0.001975	0.001975
76	3	21	3	P75	28	-0.001052	-0.001052	0.013146	0.013146
76	3	21	3	P90	30	-0.004812	-0.004812	0.009278	0.009278
76	3	21	3	P95	30	0.017061	0.017061	0.031442	0.031442
76	3	21	3	P99	36	0.008557	0.008557	0.022669	0.022669
76	3	21	3	P999	36	0.008557	0.008557	0.022669	0.022669
76	4	1121	4	P1	1	-0.016311	-0.016311	0.000471	0.000471
76	4	1121	4	P50	1	0.005112	0.005112	0.022241	0.022241
76	4	1121	4	P75	1	0.016217	0.016217	0.033526	0.033526
76	4	1121	4	P90	1	0.022939	0.022939	0.040356	0.040356
76	4	1121	4	P95	1	0.025189	0.025189	0.042643	0.042643
76	4	1121	4	P99	2	0.014734	0.014734	-0.012431	-0.012431
76	4	1121	4	P999	30	0.017061	0.017061	0.031442	0.031442
76	5	1128	5	P1	1	-0.016311	-0.016311	0.000471	0.000471
76	5	1128	5	P50	1	0.005269	0.005230	0.022401	0.022361
76	5	1128	5	P75	1	0.016456	0.016416	0.033769	0.033728
76	5	1128	5	P90	1	0.023220	0.023220	0.040642	0.040642
76	5	1128	5	P95	1	0.025471	0.025471	0.042929	0.042929
76	5	1128	5	P99	28	-0.033104	-0.033104	-0.019334	-0.019334
76	5	1128	5	P999	30	0.017061	0.017061	0.031442	0.031442
76	6	1140	6	P1	1	-0.016316	-0.016316	0.000466	0.000466
76	6	1140	6	P50	1	0.005265	0.005226	0.022396	0.022357
76	6	1140	6	P75	1	0.016449	0.016410	0.033762	0.033722
76	6	1140	6	P90	1	0.023219	0.023180	0.040642	0.040601
76	6	1140	6	P95	1	0.025486	0.025446	0.042945	0.042905
76	6	1140	6	P99	28	-0.033104	-0.033104	-0.019334	-0.019334
76	6	1140	6	P999	30	0.017061	0.017061	0.031442	0.031442
76	7	1147	7	P1	1	-0.016319	-0.016319	0.000463	0.000463
76	7	1147	7	P50	1	0.005262	0.005262	0.022394	0.022394
76	7	1147	7	P75	1	0.016465	0.016465	0.033778	0.033778
76	7	1147	7	P90	1	0.023239	0.023239	0.040662	0.040662
76	7	1147	7	P95	1	0.025494	0.025494	0.042953	0.042953
76	7	1147	7	P99	28	-0.033104	-0.033104	-0.019334	-0.019334
76	7	1147	7	P999	30	0.017061	0.017061	0.031442	0.031442
77	1	548	1	P1	1	-0.016299	-0.016299	0.000483	0.000483
77	1	548	1	P50	1	0.005240	0.005159	0.022371	0.022289
77	1	548	1	P75	1	0.016391	0.016309	0.033702	0.033619
77	1	548	1	P90	1	0.023124	0.023124	0.040544	0.040544
77	1	548	1	P95	1	0.025351	0.025351	0.042807	0.042807
77	1	548	1	P99	28	-0.015427	-0.015427	-0.001420	-0.001420
77	1	548	1	P999	30	0.017061	0.017061	0.031442	0.031442
77	2	561	2	P1	1	-0.016299	-0.016299	0.000483	0.000483
77	2	561	2	P50	1	0.005726	0.005726	0.022865	0.022865
77	2	561	2	P75	1	0.017128	0.017128	0.034451	0.034451
77	2	561	2	P90	1	0.024030	0.024030	0.041466	0.041466
77	2	561	2	P95	1	0.026342	0.026342	0.043815	0.043815
77	2	561	2	P99	29	0.018374	0.018374	0.010609	0.010609
77	2	561	2	P999	32	0.040125	0.040125	0.009913	0.009913
77	3	580	3	P1	1	-0.016316	-0.016316	0.000466	0.000466
77	3	580	3	P50	1	0.005735	0.005656	0.022874	0.022794
77	3	580	3	P75	1	0.017142	0.017063	0.034466	0.034386
77	3	580	3	P90	1	0.024049	0.023969	0.041485	0.041404
77	3	580	3	P95	1	0.026361	0.026282	0.043835	0.043753
77	3	580	3	P99	29	0.018374	0.018374	0.010609	0.010609
77	3	580	3	P999	32	0.040125	0.040125	0.009913	0.009913
77	4	593	4	P1	1	-0.016325	-0.016325	0.000457	0.000457
77	4	593	4	P50	1	0.005716	0.005716	0.022855	0.022855
77	4	593	4	P75	1	0.017114	0.017114	0.034438	0.034438
77	4	593	4	P90	1	0.024031	0.024031	0.041467	0.041467
77	4	593	4	P95	1	0.026373	0.026373	0.043846	0.043846
77	4	593	4	P99	29	0.018374	0.018374	0.010609	0.010609
77	4	593	4	P999	32	0.040125	0.040125	0.009913	0.009913
77	5	609	5	P1	1	-0.016250	-0.016250	0.000533	0.000533
77	5	609	5	P50	1	0.006329	0.006329	0.023478	0.023478
77	5	609	5	P75	1	0.018044	0.018044	0.035383	0.035383
77	5	609	5	P90	1	0.025202	0.025202	0.042656	0.042656
77	5	609	5	P95	28	-0.026777	-0.026777	-0.023422	-0.023422
77	5	609	5	P99	30	0.024458	0.024458	0.031442	0.031442
77	5	609	5	P999	32	0.040125	0.040125	0.009913	0.009913
77	6	650	6	P1	1	-0.016286	-0.016286	0.000497	0.000497
77	6	650	6	P50	1	0.006264	0.006193	0.023412	0.023339
77	6	650	6	P75	1	0.017913	0.017913	0.035249	0.035249
77	6	650	6	P90	1	0.025025	0.024952	0.042477	0.042403
77	6	650	6	P95	27	0.000530	0.000530	0.006001	0.006001
77	6	650	6	P99	30	0.024458	0.024458	0.031442	0.031442
77	6	650	6	P999	32	0.040125	0.040125	0.009913	0.009913
77	7	658	7	P1	1	-0.016292	-0.016292	0.000491	0.000491
77	7	658	7	P50	1	0.006246	0.006175	0.023393	0.023322
77	7	658	7	P75	1	0.017886	0.017886	0.035222	0.035222
77	7	658	7	P90	1	0.024978	0.024978	0.042428	0.042428
77	7	658	7	P95	27	0.000530	0.000530	0.006001	0.006001
77	7	658	7	P99	30	0.024458	0.024458	0.031442	0.031442
77	7	658	7	P999	32	0.040125	0.040125	0.009913	0.009913
78	1	5101	0	P1	1	-0.021053	-0.021053	0.000445	0.000445
78	1	5101	0	P50	1	0.000090	0.000090	0.022052	0.022052
78	1	5101	0	P75	1	0.011052	0.011052	0.033255	0.033255
78	1	5101	0	P90	1	0.017687	0.017687	0.040036	0.040036
78	1	5101	0	P95	1	0.019909	0.019909	0.042306	0.042306
78	1	5101	0	P99	1	0.021689	0.021689	0.044126	0.044126
78	1	5101	0	P999	2	0.012917	0.012917	-0.008849	-0.008849
78	2	8293	0	P1	1	-0.021061	-0.021061	0.000436	0.000436
78	2	8293	0	P50	1	0.000074	0.000074	0.022035	0.022035
78	2	8293	0	P75	1	0.011029	0.011029	0.033232	0.033232
78	2	8293	0	P90	1	0.017661	0.017661	0.040009	0.040009
78	2	8293	0	P95	1	0.019884	0.019884	0.042280	0.042280
78	2	8293	0	P99	1	0.021665	0.021665	0.044101	0.044101
78	2	8293	0	P999	2	0.010882	0.010882	-0.010841	-0.010841
78	3	10841	0	P1	1	-0.021059	-0.021059	0.000438	0.000438
78	3	10841	0	P50	1	0.000066	0.000066	0.022028	0.022028
78	3	10841	0	P75	1	0.011019	0.011019	0.033221	0.033221
78	3	10841	0	P90	1	0.017648	0.017648	0.039996	0.039996
78	3	10841	0	P95	1	0.019867	0.019867	0.042264	0.042264
78	3	10841	0	P99	1	0.021648	0.021648	0.044084	0.044084
78	3	10841	0	P999	2	0.010170	0.010170	-0.011537	-0.011537
78	4	13474	0	P1	1	-0.021061	-0.021061	0.000437	0.000437
78	4	13474	0	P50	1	0.000086	0.000083	0.022048	0.022045
78	4	13474	0	P75	1	0.011047	0.011047	0.033250	0.033250
78	4	13474	0	P90	1	0.017682	0.017682	0.040031	0.040031
78	4	13474	0	P95	1	0.019905	0.019905	0.042302	0.042302
78	4	13474	0	P99	1	0.021686	0.021686	0.044122	0.044122
78	4	13474	0	P999	2	0.013357	0.013357	-0.008418	-0.008418
78	5	13476	0	P1	1	-0.021061	-0.021061	0.000437	0.000437
78	5	13476	0	P50	1	0.000086	0.000083	0.022048	0.022044
78	5	13476	0	P75	1	0.011049	0.011046	0.033252	0.033248
78	5	13476	0	P90	1	0.017683	0.017683	0.040031	0.040031
78	5	13476	0	P95	1	0.019905	0.019905	0.042302	0.042302
78	5	13476	0	P99	1	0.021686	0.021686	0.044122	0.044122
78	5	13476	0	P999	2	0.013357	0.013357	-0.008418	-0.008418
78	6	13478	1	P1	1	-0.016345	-0.016345	0.000437	0.000437
78	6	13478	1	P50	1	0.004925	0.004922	0.022051	0.022048
78	6	13478	1	P75	1	0.015950	0.015950	0.033255	0.033255
78	6	13478	1	P90	1	0.022626	0.022626	0.040038	0.040038
78	6	13478	1	P95	1	0.024860	0.024860	0.042309	0.042309
78	6	13478	1	P99	1	0.026651	0.026651	0.044129	0.044129
78	6	13478	1	P999	2	0.020634	0.020634	-0.006694	-0.006694
78	7	13546	2	P1	1	-0.016344	-0.016344	0.000438	0.000438
78	7	13546	2	P50	1	0.004924	0.004921	0.022051	0.022047
78	7	13546	2	P75	1	0.015950	0.015950	0.033254	0.033254
78	7	13546	2	P90	1	0.022624	0.022624	0.040037	0.040037
78	7	13546	2	P95	1	0.024858	0.024858	0.042306	0.042306
78	7	13546	2	P99	1	0.026649	0.026649	0.044127	0.044127
78	7	13546	2	P999	2	0.020634	0.020634	-0.006694	-0.006694
79	1	4	1	P1	1	0.014706	0.014706	0.021960	0.021960
79	1	4	1	P50	27	0.007204	-0.961591	0.006001	-0.961318
79	1	4	1	P75	29	0.023093	-0.062258	0.021645	-0.063378
79	1	4	1	P90	29	0.023093	0.023093	0.021645	0.021645
79	1	4	1	P95	29	0.023093	0.023093	0.021645	0.021645
79	1	4	1	P99	29	0.023093	0.023093	0.021645	0.021645
79	1	4	1	P999	29	0.023093	0.023093	0.021645	0.021645
79	2	6	2	P1	1	0.014706	0.014706	0.021960	0.021960
79	2	6	2	P50	2	0.040928	0.018504	0.001975	-0.019556
79	2	6	2	P75	27	0.007204	0.007204	0.006001	0.006001
79	2	6	2	P90	29	0.023093	0.023093	0.021645	0.021645
79	2	6	2	P95	29	0.023093	0.023093	0.021645	0.021645
79	2	6	2	P99	29	0.023093	0.023093	0.021645	0.021645
79	2	6	2	P999	29	0.023093	0.023093	0.021645	0.021645
79	3	8	3	P1	1	0.004835	0.004835	0.021960	0.021960
79	3	8	3	P50	27	-0.008134	-0.923737	0.006001	-0.925780
79	3	8	3	P75	30	-0.004812	-0.026215	0.009278	-0.012410
79	3	8	3	P90	30	0.017061	0.017061	0.031442	0.031442
79	3	8	3	P95	30	0.017061	0.017061	0.031442	0.031442
79	3	8	3	P99	30	0.017061	0.017061	0.031442	0.031442
79	3	8	3	P999	30	0.017061	0.017061	0.031442	0.031442
79	4	512	4	P1	1	-0.016268	-0.016268	0.000515	0.000515
79	4	512	4	P50	1	0.005181	0.005095	0.022311	0.022223
79	4	512	4	P75	1	0.016298	0.016211	0.033608	0.033520
79	4	512	4	P90	1	0.022957	0.022957	0.040375	0.040375
79	4	512	4	P95	1	0.025245	0.025245	0.042700	0.042700
79	4	512	4	P99	2	0.007406	0.007406	-0.019556	-0.019556
79	4	512	4	P999	30	0.017061	0.017061	0.031442	0.031442
79	5	517	5	P1	1	-0.016268	-0.016268	0.000515	0.000515
79	5	517	5	P50	1	0.005354	0.005354	0.022487	0.022487
79	5	517	5	P75	1	0.016560	0.016560	0.033875	0.033875
79	5	517	5	P90	1	0.023397	0.023397	0.040822	0.040822
79	5	517	5	P95	1	0.025686	0.025686	0.043148	0.043148
79	5	517	5	P99	27	-0.008134	-0.008134	0.006001	0.006001
79	5	517	5	P999	30	0.017061	0.017061	0.031442	0.031442
79	6	524	6	P1	1	-0.016274	-0.016274	0.000508	0.000508
79	6	524	6	P50	1	0.005389	0.005304	0.022523	0.022436
79	6	524	6	P75	1	0.016615	0.016529	0.033930	0.033842
79	6	524	6	P90	1	0.023358	0.023358	0.040782	0.040782
79	6	524	6	P95	1	0.025616	0.025616	0.043077	0.043077
79	6	524	6	P99	27	-0.008134	-0.008134	0.006001	0.006001
79	6	524	6	P999	30	0.017061	0.017061	0.031442	0.031442
79	7	529	7	P1	1	-0.016279	-0.016279	0.000503	0.000503
79	7	529	7	P50	1	0.005342	0.005342	0.022475	0.022475
79	7	529	7	P75	1	0.016543	0.016543	0.033857	0.033857
79	7	529	7	P90	1	0.023392	0.023392	0.040817	0.040817
79	7	529	7	P95	1	0.025628	0.025628	0.043089	0.043089
79	7	529	7	P99	27	-0.008134	-0.008134	0.006001	0.006001
79	7	529	7	P999	30	0.017061	0.017061	0.031442	0.031442
80	1	416	1	P1	1	-0.009386	-0.009386	0.000530	0.000530
80	1	416	1	P50	1	0.012306	0.012199	0.022393	0.022285
80	1	416	1	P75	1	0.023547	0.023438	0.033723	0.033613
80	1	416	1	P90	1	0.030307	0.030307	0.040536	0.040536
80	1	416	1	P95	1	0.032607	0.032607	0.042854	0.042854
80	1	416	1	P99	26	-0.002995	-0.002995	0.000279	0.000279
80	1	416	1	P999	29	0.018574	0.018574	0.021645	0.021645
80	2	418	2	P1	1	-0.009388	-0.009388	0.000527	0.000527
80	2	418	2	P50	1	0.012304	0.012197	0.022391	0.022283
80	2	418	2	P75	1	0.023490	0.023490	0.033665	0.033665
80	2	418	2	P90	1	0.030326	0.030326	0.040555	0.040555
80	2	418	2	P95	1	0.032615	0.032615	0.042862	0.042862
80	2	418	2	P99	26	-0.002995	-0.002995	0.000279	0.000279
80	2	418	2	P999	29	0.018574	0.018574	0.021645	0.021645
80	3	1346	3	P1	1	-0.009460	-0.009460	0.000455	0.000455
80	3	1346	3	P50	1	0.012041	0.012008	0.022126	0.022093
80	3	1346	3	P75	1	0.023166	0.023166	0.033338	0.033338
80	3	1346	3	P90	1	0.029912	0.029912	0.040138	0.040138
80	3	1346	3	P95	1	0.032160	0.032160	0.042404	0.042404
80	3	1346	3	P99	1	0.033975	0.033975	0.044233	0.044233
80	3	1346	3	P999	29	-0.003358	-0.003358	-0.000308	-0.000308
80	4	1367	4	P1	1	-0.012683	-0.012683	0.000455	0.000455
80	4	1367	4	P50	1	0.009064	0.009064	0.022458	0.022458
80	4	1367	4	P75	1	0.020349	0.020349	0.033875	0.033875
80	4	1367	4	P90	1	0.027173	0.027173	0.040780	0.040780
80	4	1367	4	P95	1	0.029447	0.029447	0.043081	0.043081
80	4	1367	4	P99	28	-0.016810	-0.016810	-0.008624	-0.008624
80	4	1367	4	P999	29	0.013307	0.013307	0.021645	0.021645
80	5	1403	5	P1	1	-0.012664	-0.012664	0.000474	0.000474
80	5	1403	5	P50	1	0.009051	0.009051	0.022445	0.022445
80	5	1403	5	P75	1	0.020329	0.020329	0.033856	0.033856
80	5	1403	5	P90	1	0.027137	0.027137	0.040743	0.040743
80	5	1403	5	P95	1	0.029416	0.029416	0.043049	0.043049
80	5	1403	5	P99	28	-0.021079	-0.021079	-0.012922	-0.012922
80	5	1403	5	P999	29	0.013307	0.013307	0.021645	0.021645
80	6	1424	6	P1	1	-0.012670	-0.012670	0.000468	0.000468
80	6	1424	6	P50	1	0.009076	0.009044	0.022470	0.022438
80	6	1424	6	P75	1	0.020350	0.020319	0.033877	0.033845
80	6	1424	6	P90	1	0.027156	0.027156	0.040763	0.040763
80	6	1424	6	P95	1	0.029435	0.029435	0.043069	0.043069
80	6	1424	6	P99	28	-0.021079	-0.021079	-0.012922	-0.012922
80	6	1424	6	P999	29	0.013307	0.013307	0.021645	0.021645
80	7	1452	7	P1	1	-0.012670	-0.012670	0.000468	0.000468
80	7	1452	7	P50	1	0.009517	0.009485	0.022916	0.022884
80	7	1452	7	P75	1	0.021019	0.020988	0.034554	0.034522
80	7	1452	7	P90	1	0.027958	0.027958	0.041575	0.041575
80	7	1452	7	P95	1	0.030303	0.030303	0.043947	0.043947
80	7	1452	7	P99	29	0.001134	0.001134	0.009390	0.009390
80	7	1452	7	P999	31	0.019226	0.019226	0.027503	0.027503
81	1	707	1	P1	1	-0.009416	-0.009416	0.000499	0.000499
81	1	707	1	P50	1	0.012256	0.012256	0.022343	0.022343
81	1	707	1	P75	1	0.023525	0.023525	0.033701	0.033701
81	1	707	1	P90	1	0.030334	0.030334	0.040563	0.040563
81	1	707	1	P95	1	0.032592	0.032592	0.042839	0.042839
81	1	707	1	P99	2	0.018483	0.018483	-0.016509	-0.016509
81	1	707	1	P999	29	0.018574	0.018574	0.021645	0.021645
81	2	713	2	P1	1	-0.009420	-0.009420	0.000495	0.000495
81	2	713	2	P50	1	0.012253	0.012253	0.022340	0.022340
81	2	713	2	P75	1	0.023489	0.023489	0.033664	0.033664
81	2	713	2	P90	1	0.030302	0.030302	0.040532	0.040532
81	2	713	2	P95	1	0.032605	0.032605	0.042852	0.042852
81	2	713	2	P99	2	0.018483	0.018483	-0.016509	-0.016509
81	2	713	2	P999	29	0.018574	0.018574	0.021645	0.021645
81	3	717	3	P1	1	-0.009421	-0.009421	0.000494	0.000494
81	3	717	3	P50	1	0.012314	0.012314	0.022402	0.022402
81	3	717	3	P75	1	0.023582	0.023582	0.033758	0.033758
81	3	717	3	P90	1	0.030441	0.030441	0.040671	0.040671
81	3	717	3	P95	1	0.032737	0.032737	0.042986	0.042986
81	3	717	3	P99	2	0.022715	0.022715	-0.012431	-0.012431
81	3	717	3	P999	29	0.018574	0.018574	0.021645	0.021645
81	4	722	4	P1	1	-0.009421	-0.009421	0.000494	0.000494
81	4	722	4	P50	1	0.012502	0.012440	0.022591	0.022528
81	4	722	4	P75	1	0.023835	0.023835	0.034013	0.034013
81	4	722	4	P90	1	0.030696	0.030696	0.040928	0.040928
81	4	722	4	P95	1	0.032993	0.032993	0.043243	0.043243
81	4	722	4	P99	27	0.002798	0.002798	0.006001	0.006001
81	4	722	4	P999	31	-0.004742	-0.004742	0.042491	0.042491
81	5	1521	5	P1	1	-0.009452	-0.009452	0.000463	0.000463
81	5	1521	5	P50	1	0.012184	0.012184	0.022271	0.022271
81	5	1521	5	P75	1	0.023402	0.023402	0.033577	0.033577
81	5	1521	5	P90	1	0.030192	0.030192	0.040420	0.040420
81	5	1521	5	P95	1	0.032465	0.032465	0.042711	0.042711
81	5	1521	5	P99	2	0.015321	0.015321	-0.019556	-0.019556
81	5	1521	5	P999	29	0.018574	0.018574	0.021645	0.021645
81	6	1523	6	P1	1	-0.009452	-0.009452	0.000463	0.000463
81	6	1523	6	P50	1	0.012214	0.012214	0.022300	0.022300
81	6	1523	6	P75	1	0.023461	0.023461	0.033636	0.033636
81	6	1523	6	P90	1	0.030251	0.030251	0.040480	0.040480
81	6	1523	6	P95	1	0.032525	0.032525	0.042771	0.042771
81	6	1523	6	P99	2	0.024200	0.024200	-0.011000	-0.011000
81	6	1523	6	P999	31	-0.026172	-0.026172	0.020090	0.020090
81	7	1527	7	P1	1	-0.009453	-0.009453	0.000462	0.000462
81	7	1527	7	P50	1	0.012213	0.012213	0.022299	0.022299
81	7	1527	7	P75	1	0.023460	0.023460	0.033635	0.033635
81	7	1527	7	P90	1	0.030262	0.030262	0.040491	0.040491
81	7	1527	7	P95	1	0.032529	0.032529	0.042776	0.042776
81	7	1527	7	P99	2	0.024200	0.024200	-0.011000	-0.011000
81	7	1527	7	P999	31	-0.026172	-0.026172	0.020090	0.020090
82	1	5	1	P1	1	0.022684	0.022684	0.044403	0.044403
82	1	5	1	P50	27	0.029238	0.029238	0.006001	0.006001
82	1	5	1	P75	29	0.000811	0.000811	0.021645	0.021645
82	1	5	1	P90	31	0.021242	0.021242	0.042491	0.042491
82	1	5	1	P95	31	0.021242	0.021242	0.042491	0.042491
82	1	5	1	P99	31	0.021242	0.021242	0.042491	0.042491
82	1	5	1	P999	31	0.021242	0.021242	0.042491	0.042491
82	2	310	2	P1	1	-0.020242	-0.020242	0.000570	0.000570
82	2	310	2	P50	1	0.001205	0.001062	0.022470	0.022324
82	2	310	2	P75	1	0.012248	0.012248	0.033746	0.033746
82	2	310	2	P90	1	0.019048	0.018903	0.040690	0.040542
82	2	310	2	P95	1	0.021228	0.021228	0.042916	0.042916
82	2	310	2	P99	2	0.024791	0.024791	0.001975	0.001975
82	2	310	2	P999	31	0.021242	0.021242	0.042491	0.042491
82	3	315	3	P1	1	-0.020242	-0.020242	0.000570	0.000570
82	3	315	3	P50	1	0.001490	0.001490	0.022761	0.022761
82	3	315	3	P75	1	0.012825	0.012825	0.034335	0.034335
82	3	315	3	P90	1	0.019629	0.019629	0.041283	0.041283
82	3	315	3	P95	1	0.021956	0.021956	0.043659	0.043659
82	3	315	3	P99	29	0.000811	0.000811	0.021645	0.021645
82	3	315	3	P999	31	0.021242	0.021242	0.042491	0.042491
82	4	322	4	P1	1	-0.020255	-0.020255	0.000557	0.000557
82	4	322	4	P50	1	0.001542	0.001403	0.022814	0.022672
82	4	322	4	P75	1	0.012763	0.012763	0.034272	0.034272
82	4	322	4	P90	1	0.019556	0.019556	0.041208	0.041208
82	4	322	4	P95	1	0.021830	0.021830	0.043530	0.043530
82	4	322	4	P99	29	0.000811	0.000811	0.021645	0.021645
82	4	322	4	P999	31	0.021242	0.021242	0.042491	0.042491
82	5	327	5	P1	1	-0.020260	-0.020260	0.000552	0.000552
82	5	327	5	P50	1	0.001604	0.001604	0.022877	0.022877
82	5	327	5	P75	1	0.012997	0.012997	0.034511	0.034511
82	5	327	5	P90	1	0.019867	0.019867	0.041526	0.041526
82	5	327	5	P95	1	0.022120	0.022120	0.043827	0.043827
82	5	327	5	P99	29	0.000811	0.000811	0.021645	0.021645
82	5	327	5	P999	31	0.021242	0.021242	0.042491	0.042491
82	6	332	6	P1	1	-0.020260	-0.020260	0.000552	0.000552
82	6	332	6	P50	1	0.002018	0.001880	0.023300	0.023159
82	6	332	6	P75	1	0.013556	0.013416	0.035081	0.034939
82	6	332	6	P90	1	0.020430	0.020430	0.042100	0.042100
82	6	332	6	P95	2	-0.008066	-0.008066	-0.030147	-0.030147
82	6	332	6	P99	30	0.010413	0.010413	0.009278	0.009278
82	6	332	6	P999	31	0.021242	0.021242	0.042491	0.042491
82	7	2599	7	P1	1	-0.020371	-0.020371	0.000438	0.000438
82	7	2599	7	P50	1	0.000891	0.000891	0.022150	0.022150
82	7	2599	7	P75	1	0.011917	0.011917	0.033408	0.033408
82	7	2599	7	P90	1	0.018590	0.018590	0.040222	0.040222
82	7	2599	7	P95	1	0.020824	0.020824	0.042503	0.042503
82	7	2599	7	P99	1	0.022615	0.022615	0.044332	0.044332
82	7	2599	7	P999	30	0.025154	0.025154	0.031442	0.031442
83	1	41	1	P1	1	-0.011413	-0.011413	0.001739	0.001739
83	1	41	1	P50	1	0.023603	0.023603	0.037168	0.037168
83	1	41	1	P75	27	-0.002338	-0.002338	0.006001	0.006001
83	1	41	1	P90	29	-0.015663	-0.015663	-0.007521	-0.007521
83	1	41	1	P95	29	0.013307	0.013307	0.021645	0.021645
83	1	41	1	P99	31	0.034116	0.034116	0.042491	0.042491
83	1	41	1	P999	31	0.034116	0.034116	0.042491	0.042491
83	2	57	2	P1	1	-0.012058	-0.012058	0.001087	0.001087
83	2	57	2	P50	1	0.018494	0.018494	0.031999	0.031999
83	2	57	2	P75	26	-0.008077	-0.008077	0.000279	0.000279
83	2	57	2	P90	28	0.004813	0.004813	0.013146	0.013146
83	2	57	2	P95	29	0.013307	0.013307	0.021645	0.021645
83	2	57	2	P99	31	0.034116	0.034116	0.042491	0.042491
83	2	57	2	P999	31	0.034116	0.034116	0.042491	0.042491
83	3	75	3	P1	1	-0.012058	-0.012058	0.001087	0.001087
83	3	75	3	P50	1	0.028513	0.028513	0.042136	0.042136
83	3	75	3	P75	28	-0.008218	-0.008218	0.000027	0.000027
83	3	75	3	P90	29	0.008420	0.008420	0.016725	0.016725
83	3	75	3	P95	31	0.004551	0.004551	0.012730	0.012730
83	3	75	3	P99	33	0.014642	0.014642	0.022793	0.022793
83	3	75	3	P999	33	0.014642	0.014642	0.022793	0.022793
83	4	1203	4	P1	1	-0.012654	-0.012654	0.000484	0.000484
83	4	1203	4	P50	1	0.009248	0.009248	0.022645	0.022645
83	4	1203	4	P75	1	0.020628	0.020628	0.034158	0.034158
83	4	1203	4	P90	1	0.027495	0.027495	0.041106	0.041106
83	4	1203	4	P95	1	0.029794	0.029794	0.043432	0.043432
83	4	1203	4	P99	29	-0.015663	-0.015663	-0.007521	-0.007521
83	4	1203	4	P999	32	0.001800	0.001800	0.009913	0.009913
83	5	1205	5	P1	1	-0.012654	-0.012654	0.000484	0.000484
83	5	1205	5	P50	1	0.009286	0.009286	0.022683	0.022683
83	5	1205	5	P75	1	0.020666	0.020666	0.034197	0.034197
83	5	1205	5	P90	1	0.027571	0.027571	0.041183	0.041183
83	5	1205	5	P95	1	0.029871	0.029871	0.043509	0.043509
83	5	1205	5	P99	29	-0.010893	-0.010893	-0.002718	-0.002718
83	5	1205	5	P999	32	0.001800	0.001800	0.009913	0.009913
83	6	1208	6	P1	1	-0.012656	-0.012656	0.000482	0.000482
83	6	1208	6	P50	1	0.009303	0.009265	0.022700	0.022662
83	6	1208	6	P75	1	0.020692	0.020654	0.034223	0.034185
83	6	1208	6	P90	1	0.027580	0.027580	0.041191	0.041191
83	6	1208	6	P95	1	0.029873	0.029873	0.043512	0.043512
83	6	1208	6	P99	29	-0.010893	-0.010893	-0.002718	-0.002718
83	6	1208	6	P999	32	0.001800	0.001800	0.009913	0.009913
83	7	1210	7	P1	1	-0.012656	-0.012656	0.000482	0.000482
83	7	1210	7	P50	1	0.009302	0.009264	0.022699	0.022661
83	7	1210	7	P75	1	0.020671	0.020671	0.034202	0.034202
83	7	1210	7	P90	1	0.027585	0.027547	0.041197	0.041158
83	7	1210	7	P95	1	0.029874	0.029874	0.043513	0.043513
83	7	1210	7	P99	29	-0.010893	-0.010893	-0.002718	-0.002718
83	7	1210	7	P999	32	0.001800	0.001800	0.009913	0.009913
84	1	7	1	P1	1	-0.001253	-0.001253	0.008727	0.008727
84	1	7	1	P50	1	0.025178	0.025178	0.035367	0.035367
84	1	7	1	P75	28	-0.011737	-0.011737	-0.008624	-0.008624
84	1	7	1	P90	28	0.010011	0.010011	0.013146	0.013146
84	1	7	1	P95	28	0.010011	0.010011	0.013146	0.013146
84	1	7	1	P99	28	0.010011	0.010011	0.013146	0.013146
84	1	7	1	P999	28	0.010011	0.010011	0.013146	0.013146
84	2	706	2	P1	1	-0.009418	-0.009418	0.000497	0.000497
84	2	706	2	P50	1	0.012160	0.012097	0.022246	0.022182
84	2	706	2	P75	1	0.023316	0.023316	0.033490	0.033490
84	2	706	2	P90	1	0.030094	0.030094	0.040321	0.040321
84	2	706	2	P95	1	0.032341	0.032341	0.042587	0.042587
84	2	706	2	P99	1	0.034143	0.034143	0.044403	0.044403
84	2	706	2	P999	28	0.010011	0.010011	0.013146	0.013146
84	3	716	3	P1	1	-0.009418	-0.009418	0.000497	0.000497
84	3	716	3	P50	1	0.012475	0.012412	0.022564	0.022500
84	3	716	3	P75	1	0.023826	0.023762	0.034004	0.033939
84	3	716	3	P90	1	0.030671	0.030671	0.040903	0.040903
84	3	716	3	P95	1	0.032985	0.032985	0.043235	0.043235
84	3	716	3	P99	27	0.002798	0.002798	0.006001	0.006001
84	3	716	3	P999	30	-0.015378	-0.015378	0.031442	0.031442
84	4	728	4	P1	1	-0.009426	-0.009426	0.000489	0.000489
84	4	728	4	P50	1	0.012465	0.012403	0.022554	0.022491
84	4	728	4	P75	1	0.023811	0.023748	0.033989	0.033926
84	4	728	4	P90	1	0.030667	0.030667	0.040898	0.040898
84	4	728	4	P95	1	0.032941	0.032941	0.043191	0.043191
84	4	728	4	P99	27	0.002798	0.002798	0.006001	0.006001
84	4	728	4	P999	30	-0.015378	-0.015378	0.031442	0.031442
84	5	738	5	P1	1	-0.009432	-0.009432	0.000483	0.000483
84	5	738	5	P50	1	0.012488	0.012427	0.022577	0.022515
84	5	738	5	P75	1	0.023815	0.023815	0.033994	0.033994
84	5	738	5	P90	1	0.030710	0.030710	0.040942	0.040942
84	5	738	5	P95	1	0.033018	0.033018	0.043269	0.043269
84	5	738	5	P99	27	0.002798	0.002798	0.006001	0.006001
84	5	738	5	P999	30	-0.015378	-0.015378	0.031442	0.031442
84	6	751	6	P1	1	-0.012655	-0.012655	0.000483	0.000483
84	6	751	6	P50	1	0.009547	0.009547	0.022947	0.022947
84	6	751	6	P75	1	0.021082	0.021082	0.034618	0.034618
84	6	751	6	P90	1	0.028016	0.028016	0.041633	0.041633
84	6	751	6	P95	1	0.030380	0.030380	0.044025	0.044025
84	6	751	6	P99	29	-0.017700	-0.017700	-0.007521	-0.007521
84	6	751	6	P999	30	0.023090	0.023090	0.031442	0.031442
84	7	915	7	P1	1	-0.012647	-0.012647	0.000492	0.000492
84	7	915	7	P50	1	0.009366	0.009366	0.022764	0.022764
84	7	915	7	P75	1	0.020807	0.020807	0.034340	0.034340
84	7	915	7	P90	1	0.027714	0.027714	0.041327	0.041327
84	7	915	7	P95	1	0.030043	0.030043	0.043684	0.043684
84	7	915	7	P99	28	0.004813	0.004813	0.013146	0.013146
84	7	915	7	P999	30	0.023090	0.023090	0.031442	0.031442
85	1	10	1	P1	1	0.002350	0.002350	0.007267	0.007267
85	1	10	1	P50	1	0.039415	0.031894	0.044403	0.036868
85	1	10	1	P75	27	0.010804	0.010804	0.006001	0.006001
85	1	10	1	P90	31	0.003319	-0.080414	0.042491	-0.084900
85	1	10	1	P95	31	0.003319	0.003319	0.042491	0.042491
85	1	10	1	P99	31	0.003319	0.003319	0.042491	0.042491
85	1	10	1	P999	31	0.003319	0.003319	0.042491	0.042491
85	2	14	2	P1	1	-0.000557	-0.000557	0.004354	0.004354
85	2	14	2	P50	1	0.030396	0.025916	0.035367	0.030879
85	2	14	2	P75	26	0.004926	0.004926	0.000279	0.000279
85	2	14	2	P90	28	0.018113	0.018113	0.013146	0.013146
85	2	14	2	P95	31	0.003319	0.003319	0.042491	0.042491
85	2	14	2	P99	31	0.003319	0.003319	0.042491	0.042491
85	2	14	2	P999	31	0.003319	0.003319	0.042491	0.042491
85	3	19	3	P1	1	-0.008829	-0.008829	0.004354	0.004354
85	3	19	3	P50	1	0.030753	0.030753	0.044403	0.044403
85	3	19	3	P75	28	-0.006058	-0.006058	0.002202	0.002202
85	3	19	3	P90	29	0.013307	0.013307	0.021645	0.021645
85	3	19	3	P95	31	-0.009913	-0.009913	0.042491	0.042491
85	3	19	3	P99	31	-0.009913	-0.009913	0.042491	0.042491
85	3	19	3	P999	31	-0.009913	-0.009913	0.042491	0.042491
85	4	36	4	P1	1	-0.011541	-0.011541	0.001610	0.001610
85	4	36	4	P50	1	0.017551	0.015912	0.031045	0.029387
85	4	36	4	P75	26	-0.008077	-0.960356	0.000279	-0.959831
85	4	36	4	P90	28	0.004813	0.004813	0.013146	0.013146
85	4	36	4	P95	29	0.013307	0.013307	0.021645	0.021645
85	4	36	4	P99	31	-0.009913	-0.009913	0.042491	0.042491
85	4	36	4	P999	31	-0.009913	-0.009913	0.042491	0.042491
85	5	40	5	P1	1	-0.011541	-0.011541	0.001610	0.001610
85	5	40	5	P50	1	0.020835	0.019192	0.034368	0.032705
85	5	40	5	P75	27	-0.002338	-0.016703	0.006001	-0.008462
85	5	40	5	P90	29	-0.008499	-0.019225	-0.000308	-0.011107
85	5	40	5	P95	29	0.013307	0.002345	0.021645	0.010609
85	5	40	5	P99	31	-0.009913	-0.009913	0.042491	0.042491
85	5	40	5	P999	31	-0.009913	-0.009913	0.042491	0.042491
85	6	44	6	P1	1	-0.011746	-0.011746	0.001402	0.001402
85	6	44	6	P50	1	0.019245	0.017815	0.032759	0.031312
85	6	44	6	P75	27	-0.016703	-0.030861	-0.008462	-0.022718
85	6	44	6	P90	29	-0.019225	-0.019225	-0.011107	-0.011107
85	6	44	6	P95	29	0.002345	0.002345	0.010609	0.010609
85	6	44	6	P99	31	-0.009913	-0.009913	0.042491	0.042491
85	6	44	6	P999	31	-0.009913	-0.009913	0.042491	0.042491
85	7	48	7	P1	1	-0.011905	-0.011905	0.001242	0.001242
85	7	48	7	P50	1	0.018019	0.016754	0.031519	0.030239
85	7	48	7	P75	27	-0.030861	-0.044815	-0.022718	-0.036769
85	7	48	7	P90	29	-0.019225	-0.019225	-0.011107	-0.011107
85	7	48	7	P95	29	0.002345	0.002345	0.010609	0.010609
85	7	48	7	P99	31	-0.009913	-0.009913	0.042491	0.042491
85	7	48	7	P999	31	-0.009913	-0.009913	0.042491	0.042491
86	1	199	1	P1	1	-0.012687	-0.012687	0.000450	0.000450
86	1	199	1	P50	1	0.009368	0.009368	0.022766	0.022766
86	1	199	1	P75	1	0.020810	0.020810	0.034342	0.034342
86	1	199	1	P90	1	0.027737	0.027737	0.041351	0.041351
86	1	199	1	P95	1	0.030057	0.030057	0.043697	0.043697
86	1	199	1	P99	29	-0.001283	-0.001283	0.006957	0.006957
86	1	199	1	P999	29	0.013307	0.013307	0.021645	0.021645
86	2	202	2	P1	1	-0.012465	-0.012465	0.000676	0.000676
86	2	202	2	P50	1	0.009823	0.009595	0.023226	0.022996
86	2	202	2	P75	1	0.021270	0.021270	0.034808	0.034808
86	2	202	2	P90	1	0.028200	0.028200	0.041820	0.041820
86	2	202	2	P95	1	0.030521	0.030521	0.044167	0.044167
86	2	202	2	P99	29	-0.015663	-0.015663	-0.007521	-0.007521
86	2	202	2	P999	29	0.013307	0.013307	0.021645	0.021645
86	3	207	3	P1	1	-0.012482	-0.012482	0.000658	0.000658
86	3	207	3	P50	1	0.009681	0.009681	0.023082	0.023082
86	3	207	3	P75	1	0.021284	0.021284	0.034822	0.034822
86	3	207	3	P90	1	0.028265	0.028265	0.041885	0.041885
86	3	207	3	P95	1	0.030527	0.030527	0.044173	0.044173
86	3	207	3	P99	29	-0.015663	-0.015663	-0.007521	-0.007521
86	3	207	3	P999	29	0.013307	0.013307	0.021645	0.021645
86	4	210	4	P1	1	-0.012491	-0.012491	0.000649	0.000649
86	4	210	4	P50	1	0.009773	0.009555	0.023176	0.022955
86	4	210	4	P75	1	0.021204	0.021204	0.034741	0.034741
86	4	210	4	P90	1	0.028302	0.028079	0.041922	0.041697
86	4	210	4	P95	1	0.030530	0.030530	0.044177	0.044177
86	4	210	4	P99	29	-0.015663	-0.015663	-0.007521	-0.007521
86	4	210	4	P999	29	0.013307	0.013307	0.021645	0.021645
86	5	213	5	P1	1	-0.012491	-0.012491	0.000649	0.000649
86	5	213	5	P50	1	0.009992	0.009992	0.023397	0.023397
86	5	213	5	P75	1	0.021646	0.021646	0.035188	0.035188
86	5	213	5	P90	1	0.028747	0.028747	0.042373	0.042373
86	5	213	5	P95	27	-0.002338	-0.002338	0.006001	0.006001
86	5	213	5	P99	29	-0.004176	-0.004176	0.004044	0.004044
86	5	213	5	P999	29	0.013307	0.013307	0.021645	0.021645
86	6	363	6	P1	1	-0.012643	-0.012643	0.000495	0.000495
86	6	363	6	P50	1	0.009385	0.009385	0.022783	0.022783
86	6	363	6	P75	1	0.020835	0.020835	0.034368	0.034368
86	6	363	6	P90	1	0.027691	0.027691	0.041305	0.041305
86	6	363	6	P95	1	0.029987	0.029987	0.043627	0.043627
86	6	363	6	P99	29	-0.012804	-0.012804	-0.004642	-0.004642
86	6	363	6	P999	29	0.013307	0.013307	0.021645	0.021645
86	7	365	7	P1	1	-0.012643	-0.012643	0.000495	0.000495
86	7	365	7	P50	1	0.009510	0.009510	0.022909	0.022909
86	7	365	7	P75	1	0.020962	0.020962	0.034496	0.034496
86	7	365	7	P90	1	0.027946	0.027946	0.041562	0.041562
86	7	365	7	P95	1	0.030242	0.030242	0.043886	0.043886
86	7	365	7	P99	29	-0.008499	-0.008499	-0.000308	-0.000308
86	7	365	7	P999	29	0.013307	0.013307	0.021645	0.021645
87	1	6	1	P1	1	0.006569	0.006569	0.008727	0.008727
87	1	6	1	P50	1	0.033244	0.024274	0.035367	0.026410
87	1	6	1	P75	1	0.042292	0.042292	0.044403	0.044403
87	1	6	1	P90	2	0.002174	0.002174	0.001975	0.001975
87	1	6	1	P95	2	0.002174	0.002174	0.001975	0.001975
87	1	6	1	P99	2	0.002174	0.002174	0.001975	0.001975
87	1	6	1	P999	2	0.002174	0.002174	0.001975	0.001975
87	2	9	2	P1	1	-0.001253	-0.001253	0.008727	0.008727
87	2	9	2	P50	1	0.034143	0.034143	0.044403	0.044403
87	2	9	2	P75	28	-0.011737	-0.011737	-0.008624	-0.008624
87	2	9	2	P90	29	0.018574	0.018574	0.021645	0.021645
87	2	9	2	P95	29	0.018574	0.018574	0.021645	0.021645
87	2	9	2	P99	29	0.018574	0.018574	0.021645	0.021645
87	2	9	2	P999	29	0.018574	0.018574	0.021645	0.021645
87	3	21	3	P1	1	-0.007373	-0.007373	0.002559	0.002559
87	3	21	3	P50	1	0.018375	0.018375	0.028510	0.028510
87	3	21	3	P75	1	0.031498	0.031498	0.041737	0.041737
87	3	21	3	P90	28	-0.011737	-0.011737	-0.008624	-0.008624
87	3	21	3	P95	28	0.010011	0.010011	0.013146	0.013146
87	3	21	3	P99	29	0.018574	0.018574	0.021645	0.021645
87	3	21	3	P999	29	0.018574	0.018574	0.021645	0.021645
87	4	23	4	P1	1	-0.007373	-0.007373	0.002559	0.002559
87	4	23	4	P50	1	0.020986	0.020986	0.031142	0.031142
87	4	23	4	P75	2	-0.006541	-0.006541	0.001975	0.001975
87	4	23	4	P90	28	-0.000922	-0.000922	0.002202	0.002202
87	4	23	4	P95	28	0.010011	0.010011	0.013146	0.013146
87	4	23	4	P99	29	0.018574	0.018574	0.021645	0.021645
87	4	23	4	P999	29	0.018574	0.018574	0.021645	0.021645
87	5	27	5	P1	1	-0.007857	-0.007857	0.002071	0.002071
87	5	27	5	P50	1	0.019245	0.019245	0.029387	0.029387
87	5	27	5	P75	1	0.034143	0.034143	0.044403	0.044403
87	5	27	5	P90	28	-0.000922	-0.000922	0.002202	0.002202
87	5	27	5	P95	28	0.010011	0.010011	0.013146	0.013146
87	5	27	5	P99	29	0.018574	0.018574	0.021645	0.021645
87	5	27	5	P999	29	0.018574	0.018574	0.021645	0.021645
87	6	29	6	P1	1	-0.008036	-0.008036	0.001891	0.001891
87	6	29	6	P50	1	0.018602	0.018602	0.028739	0.028739
87	6	29	6	P75	1	0.032188	0.032188	0.042432	0.042432
87	6	29	6	P90	28	-0.000922	-0.000922	0.002202	0.002202
87	6	29	6	P95	28	0.010011	0.010011	0.013146	0.013146
87	6	29	6	P99	29	0.018574	0.018574	0.021645	0.021645
87	6	29	6	P999	29	0.018574	0.018574	0.021645	0.021645
87	7	31	7	P1	1	-0.008036	-0.008036	0.001891	0.001891
87	7	31	7	P50	1	0.020532	0.020532	0.030684	0.030684
87	7	31	7	P75	2	-0.006541	-0.006541	0.001975	0.001975
87	7	31	7	P90	28	-0.007425	-0.007425	-0.004308	-0.004308
87	7	31	7	P95	28	0.010011	0.010011	0.013146	0.013146
87	7	31	7	P99	29	0.018574	0.018574	0.021645	0.021645
87	7	31	7	P999	29	0.018574	0.018574	0.021645	0.021645
88	1	5101	1	P1	1	-0.012692	-0.012692	0.000446	0.000446
88	1	5101	1	P50	1	0.008719	0.008719	0.022109	0.022109
88	1	5101	1	P75	1	0.019821	0.019821	0.033342	0.033342
88	1	5101	1	P90	1	0.026541	0.026541	0.040141	0.040141
88	1	5101	1	P95	1	0.028791	0.028791	0.042417	0.042417
88	1	5101	1	P99	1	0.030594	0.030594	0.044241	0.044241
88	1	5101	1	P999	29	-0.012804	-0.012804	-0.004642	-0.004642
88	2	5136	2	P1	1	-0.012695	-0.012695	0.000443	0.000443
88	2	5136	2	P50	1	0.008722	0.008714	0.022112	0.022104
88	2	5136	2	P75	1	0.019826	0.019817	0.033347	0.033338
88	2	5136	2	P90	1	0.026544	0.026544	0.040143	0.040143
88	2	5136	2	P95	1	0.028795	0.028795	0.042422	0.042422
88	2	5136	2	P99	1	0.030595	0.030595	0.044243	0.044243
88	2	5136	2	P999	29	-0.012804	-0.012804	-0.004642	-0.004642
88	3	5159	3	P1	1	-0.012697	-0.012697	0.000441	0.000441
88	3	5159	3	P50	1	0.008730	0.008730	0.022120	0.022120
88	3	5159	3	P75	1	0.019843	0.019843	0.033364	0.033364
88	3	5159	3	P90	1	0.026569	0.026569	0.040169	0.040169
88	3	5159	3	P95	1	0.028821	0.028821	0.042447	0.042447
88	3	5159	3	P99	1	0.030622	0.030622	0.044270	0.044270
88	3	5159	3	P999	29	-0.012804	-0.012804	-0.004642	-0.004642
88	4	5185	4	P1	1	-0.016341	-0.016341	0.000441	0.000441
88	4	5185	4	P50	1	0.005104	0.005104	0.022233	0.022233
88	4	5185	4	P75	1	0.016221	0.016221	0.033530	0.033530
88	4	5185	4	P90	1	0.022954	0.022954	0.040372	0.040372
88	4	5185	4	P95	1	0.025205	0.025205	0.042659	0.042659
88	4	5185	4	P99	2	0.029548	0.029548	0.001975	0.001975
88	4	5185	4	P999	30	0.017061	0.017061	0.031442	0.031442
88	5	14780	5	P1	1	-0.016344	-0.016344	0.000438	0.000438
88	5	14780	5	P50	1	0.004962	0.004959	0.022089	0.022086
88	5	14780	5	P75	1	0.016008	0.016005	0.033314	0.033311
88	5	14780	5	P90	1	0.022694	0.022691	0.040108	0.040105
88	5	14780	5	P95	1	0.024932	0.024929	0.042382	0.042379
88	5	14780	5	P99	1	0.026726	0.026726	0.044205	0.044205
88	5	14780	5	P999	29	-0.008928	-0.008928	0.005136	0.005136
88	6	14802	6	P1	1	-0.016341	-0.016341	0.000441	0.000441
88	6	14802	6	P50	1	0.004995	0.004992	0.022122	0.022119
88	6	14802	6	P75	1	0.016056	0.016056	0.033362	0.033362
88	6	14802	6	P90	1	0.022751	0.022751	0.040166	0.040166
88	6	14802	6	P95	1	0.024993	0.024993	0.042444	0.042444
88	6	14802	6	P99	1	0.026790	0.026790	0.044270	0.044270
88	6	14802	6	P999	29	0.025781	0.025781	0.021645	0.021645
88	7	14837	7	P1	1	-0.016342	-0.016342	0.000440	0.000440
88	7	14837	7	P50	1	0.004993	0.004993	0.022120	0.022120
88	7	14837	7	P75	1	0.016055	0.016055	0.033361	0.033361
88	7	14837	7	P90	1	0.022752	0.022752	0.040167	0.040167
88	7	14837	7	P95	1	0.024995	0.024995	0.042446	0.042446
88	7	14837	7	P99	1	0.026790	0.026790	0.044270	0.044270
88	7	14837	7	P999	29	0.025781	0.025781	0.021645	0.021645
89	1	46	1	P1	1	-0.011368	-0.011368	0.002289	0.002289
89	1	46	1	P50	27	-0.024580	-0.035131	-0.022718	-0.036769
89	1	46	1	P75	29	-0.018484	-0.018484	-0.009572	-0.009572
89	1	46	1	P90	30	0.000269	0.000269	0.009278	0.009278
89	1	46	1	P95	30	0.022266	0.022266	0.031442	0.031442
89	1	46	1	P99	33	0.013818	0.013818	0.022793	0.022793
89	1	46	1	P999	33	0.013818	0.013818	0.022793	0.022793
89	2	8572	2	P1	1	-0.013196	-0.013196	0.000439	0.000439
89	2	8572	2	P50	1	0.008198	0.008193	0.022098	0.022093
89	2	8572	2	P75	1	0.019290	0.019285	0.033327	0.033322
89	2	8572	2	P90	1	0.026000	0.026000	0.040119	0.040119
89	2	8572	2	P95	1	0.028249	0.028249	0.042397	0.042397
89	2	8572	2	P99	1	0.030052	0.030052	0.044222	0.044222
89	2	8572	2	P999	29	-0.000012	-0.000012	0.009042	0.009042
89	3	8599	3	P1	1	-0.013196	-0.013196	0.000439	0.000439
89	3	8599	3	P50	1	0.008265	0.008265	0.022166	0.022166
89	3	8599	3	P75	1	0.019394	0.019394	0.033433	0.033433
89	3	8599	3	P90	1	0.026130	0.026130	0.040252	0.040252
89	3	8599	3	P95	1	0.028386	0.028386	0.042535	0.042535
89	3	8599	3	P99	1	0.030194	0.030194	0.044365	0.044365
89	3	8599	3	P999	29	0.012495	0.012495	0.016112	0.016112
89	4	8639	4	P1	1	-0.013193	-0.013193	0.000442	0.000442
89	4	8639	4	P50	1	0.008264	0.008264	0.022165	0.022165
89	4	8639	4	P75	1	0.019393	0.019393	0.033431	0.033431
89	4	8639	4	P90	1	0.026129	0.026129	0.040250	0.040250
89	4	8639	4	P95	1	0.028384	0.028384	0.042533	0.042533
89	4	8639	4	P99	1	0.030189	0.030189	0.044360	0.044360
89	4	8639	4	P999	29	0.012495	0.012495	0.016112	0.016112
89	5	8666	5	P1	1	-0.013194	-0.013194	0.000440	0.000440
89	5	8666	5	P50	1	0.008274	0.008269	0.022175	0.022170
89	5	8666	5	P75	1	0.019402	0.019402	0.033441	0.033441
89	5	8666	5	P90	1	0.026140	0.026140	0.040262	0.040262
89	5	8666	5	P95	1	0.028394	0.028394	0.042544	0.042544
89	5	8666	5	P99	1	0.030204	0.030204	0.044376	0.044376
89	5	8666	5	P999	29	0.012495	0.012495	0.016112	0.016112
89	6	8698	6	P1	1	-0.013194	-0.013194	0.000440	0.000440
89	6	8698	6	P50	1	0.008356	0.008351	0.022258	0.022252
89	6	8698	6	P75	1	0.019526	0.019526	0.033566	0.033566
89	6	8698	6	P90	1	0.026291	0.026291	0.040415	0.040415
89	6	8698	6	P95	1	0.028556	0.028556	0.042707	0.042707
89	6	8698	6	P99	2	0.033266	0.033266	0.001975	0.001975
89	6	8698	6	P999	30	0.009638	0.009638	0.016613	0.016613
89	7	15721	7	P1	1	-0.013194	-0.013194	0.000440	0.000440
89	7	15721	7	P50	1	0.008246	0.008246	0.022147	0.022147
89	7	15721	7	P75	1	0.019364	0.019364	0.033402	0.033402
89	7	15721	7	P90	1	0.026093	0.026093	0.040214	0.040214
89	7	15721	7	P95	1	0.028346	0.028346	0.042495	0.042495
89	7	15721	7	P99	1	0.030153	0.030153	0.044324	0.044324
89	7	15721	7	P999	29	0.010051	0.010051	0.014274	0.014274
90	1	75	1	P1	1	-0.007817	-0.007817	0.000988	0.000988
90	1	75	1	P50	1	0.029186	0.029186	0.038233	0.038233
90	1	75	1	P75	28	-0.025257	-0.025257	-0.023888	-0.023888
90	1	75	1	P90	29	0.020397	0.020397	0.021645	0.021645
90	1	75	1	P95	30	0.021349	0.021349	0.031442	0.031442
90	1	75	1	P99	33	0.021843	0.021843	0.022793	0.022793
90	1	75	1	P999	33	0.021843	0.021843	0.022793	0.022793
90	2	102	2	P1	1	-0.007509	-0.007509	0.001298	0.001298
90	2	102	2	P50	1	0.025271	0.024605	0.034293	0.033623
90	2	102	2	P75	27	-0.032226	-0.032226	-0.030772	-0.030772
90	2	102	2	P90	29	-0.005916	-0.005916	-0.004642	-0.004642
90	2	102	2	P95	30	0.003714	0.003714	0.009278	0.009278
90	2	102	2	P99	32	0.008876	0.008876	0.009913	0.009913
90	2	102	2	P999	33	0.021843	0.021843	0.022793	0.022793
90	3	132	3	P1	1	-0.007509	-0.007509	0.001298	0.001298
90	3	132	3	P50	1	0.035315	0.034642	0.044403	0.043726
90	3	132	3	P75	28	0.006317	0.003583	0.007659	0.004927
90	3	132	3	P90	30	-0.004026	-0.004026	-0.001625	-0.001625
90	3	132	3	P95	31	-0.002953	-0.002953	0.012730	0.012730
90	3	132	3	P99	34	0.035928	0.035928	0.036790	0.036790
90	3	132	3	P999	57	0.041975	0.041975	0.041622	0.041622
90	4	149	4	P1	1	-0.007770	-0.007770	0.001035	0.001035
90	4	149	4	P50	1	0.030496	0.030496	0.039552	0.039552
90	4	149	4	P75	28	-0.007283	-0.007283	-0.005929	-0.005929
90	4	149	4	P90	30	-0.008833	-0.008833	-0.007032	-0.007032
90	4	149	4	P95	30	0.025310	0.025310	0.031442	0.031442
90	4	149	4	P99	34	0.035928	0.035928	0.036790	0.036790
90	4	149	4	P999	57	0.041975	0.041975	0.041622	0.041622
90	5	151	5	P1	1	-0.007770	-0.007770	0.001035	0.001035
90	5	151	5	P50	1	0.031031	0.031031	0.040090	0.040090
90	5	151	5	P75	28	-0.004578	-0.004578	-0.003226	-0.003226
90	5	151	5	P90	30	-0.008833	-0.008833	-0.007032	-0.007032
90	5	151	5	P95	31	-0.002953	-0.002953	0.009070	0.009070
90	5	151	5	P99	34	0.035928	0.035928	0.036790	0.036790
90	5	151	5	P999	57	0.041975	0.041975	0.041622	0.041622
90	6	154	6	P1	1	-0.007805	-0.007805	0.000999	0.000999
90	6	154	6	P50	1	0.030662	0.030146	0.039719	0.039200
90	6	154	6	P75	28	-0.007283	-0.007283	-0.005929	-0.005929
90	6	154	6	P90	30	-0.008833	-0.008833	-0.007032	-0.007032
90	6	154	6	P95	31	-0.002953	-0.002953	0.009070	0.009070
90	6	154	6	P99	34	0.035928	0.035928	0.036790	0.036790
90	6	154	6	P999	57	0.041975	0.041975	0.041622	0.041622
90	7	156	7	P1	1	-0.007828	-0.007828	0.000977	0.000977
90	7	156	7	P50	1	0.030262	0.029758	0.039317	0.038810
90	7	156	7	P75	28	-0.007283	-0.009981	-0.005929	-0.008624
90	7	156	7	P90	30	-0.008833	-0.008833	-0.007032	-0.007032
90	7	156	7	P95	31	-0.002953	-0.002953	0.009070	0.009070
90	7	156	7	P99	34	0.035928	0.035928	0.036790	0.036790
90	7	156	7	P999	57	0.041975	0.041975	0.041622	0.041622
91	1	71	1	P1	1	-0.009286	-0.009286	0.000630	0.000630
91	1	71	1	P50	1	0.012834	0.012834	0.022926	0.022926
91	1	71	1	P75	1	0.024402	0.024402	0.034585	0.034585
91	1	71	1	P90	1	0.030886	0.030886	0.041120	0.041120
91	1	71	1	P95	1	0.033491	0.033491	0.043745	0.043745
91	1	71	1	P99	29	0.018574	0.018574	0.021645	0.021645
91	1	71	1	P999	29	0.018574	0.018574	0.021645	0.021645
91	2	75	2	P1	1	-0.009286	-0.009286	0.000630	0.000630
91	2	75	2	P50	1	0.014113	0.014113	0.024215	0.024215
91	2	75	2	P75	1	0.026343	0.026343	0.036541	0.036541
91	2	75	2	P90	1	0.033491	0.033491	0.043745	0.043745
91	2	75	2	P95	26	0.041367	0.041367	0.000279	0.000279
91	2	75	2	P99	29	0.018574	0.018574	0.021645	0.021645
91	2	75	2	P999	29	0.018574	0.018574	0.021645	0.021645
91	3	81	3	P1	1	-0.009336	-0.009336	0.000579	0.000579
91	3	81	3	P50	1	0.013934	0.013934	0.024034	0.024034
91	3	81	3	P75	1	0.025773	0.025773	0.035967	0.035967
91	3	81	3	P90	1	0.032943	0.032943	0.043193	0.043193
91	3	81	3	P95	26	0.026365	0.026365	-0.014103	-0.014103
91	3	81	3	P99	29	0.018574	0.018574	0.021645	0.021645
91	3	81	3	P999	29	0.018574	0.018574	0.021645	0.021645
91	4	85	4	P1	1	-0.009366	-0.009366	0.000550	0.000550
91	4	85	4	P50	1	0.013830	0.013830	0.023929	0.023929
91	4	85	4	P75	1	0.025630	0.025630	0.035823	0.035823
91	4	85	4	P90	1	0.033004	0.033004	0.043254	0.043254
91	4	85	4	P95	26	0.026365	0.026365	-0.014103	-0.014103
91	4	85	4	P99	29	0.018574	0.018574	0.021645	0.021645
91	4	85	4	P999	29	0.018574	0.018574	0.021645	0.021645
91	5	89	5	P1	1	-0.012589	-0.012589	0.000550	0.000550
91	5	89	5	P50	1	0.011632	0.011632	0.025056	0.025056
91	5	89	5	P75	1	0.023964	0.023964	0.037533	0.037533
91	5	89	5	P90	26	0.013739	0.013739	-0.014103	-0.014103
91	5	89	5	P95	28	0.015802	0.015802	0.013146	0.013146
91	5	89	5	P99	30	0.023090	0.023090	0.031442	0.031442
91	5	89	5	P999	30	0.023090	0.023090	0.031442	0.031442
91	6	117	6	P1	1	-0.012330	-0.012330	0.000812	0.000812
91	6	117	6	P50	1	0.010830	0.010830	0.024245	0.024245
91	6	117	6	P75	1	0.022821	0.022821	0.036376	0.036376
91	6	117	6	P90	1	0.030334	0.030334	0.043979	0.043979
91	6	117	6	P95	28	0.004813	0.004813	-0.008624	-0.008624
91	6	117	6	P99	29	0.013307	0.013307	0.021645	0.021645
91	6	117	6	P999	30	0.023090	0.023090	0.031442	0.031442
91	7	121	7	P1	1	-0.012330	-0.012330	0.000812	0.000812
91	7	121	7	P50	1	0.011652	0.011652	0.025077	0.025077
91	7	121	7	P75	1	0.024069	0.024069	0.037640	0.037640
91	7	121	7	P90	26	0.009338	0.009338	-0.021216	-0.021216
91	7	121	7	P95	28	0.004813	0.004813	-0.008624	-0.008624
91	7	121	7	P99	29	0.035593	0.035593	0.021645	0.021645
91	7	121	7	P999	30	0.023090	0.023090	0.031442	0.031442
92	1	9	0	P1	1	-0.016753	-0.016753	0.004839	0.004839
92	1	9	0	P50	1	0.002417	0.002417	0.024430	0.024430
92	1	9	0	P75	1	0.012141	0.012141	0.034368	0.034368
92	1	9	0	P90	1	0.021960	0.021960	0.044403	0.044403
92	1	9	0	P95	1	0.021960	0.021960	0.044403	0.044403
92	1	9	0	P99	1	0.021960	0.021960	0.044403	0.044403
92	1	9	0	P999	1	0.021960	0.021960	0.044403	0.044403
92	2	14	1	P1	1	-0.005111	-0.005111	0.004839	0.004839
92	2	14	1	P50	1	0.029153	0.024187	0.039373	0.034368
92	2	14	1	P75	28	-0.011737	-0.011737	-0.008624	-0.008624
92	2	14	1	P90	29	-0.003358	-0.003358	-0.000308	-0.000308
92	2	14	1	P95	29	0.018574	0.018574	0.021645	0.021645
92	2	14	1	P99	29	0.018574	0.018574	0.021645	0.021645
92	2	14	1	P999	29	0.018574	0.018574	0.021645	0.021645
92	3	33	2	P1	1	-0.008371	-0.008371	0.001553	0.001553
92	3	33	2	P50	1	0.016607	0.016607	0.026728	0.026728
92	3	33	2	P75	1	0.029331	0.029331	0.039552	0.039552
92	3	33	2	P90	28	-0.011737	-0.011737	-0.008624	-0.008624
92	3	33	2	P95	29	-0.003358	-0.003358	-0.000308	-0.000308
92	3	33	2	P99	29	0.018574	0.018574	0.021645	0.021645
92	3	33	2	P999	29	0.018574	0.018574	0.021645	0.021645
92	4	36	3	P1	1	-0.008371	-0.008371	0.001553	0.001553
92	4	36	3	P50	1	0.019773	0.018189	0.029919	0.028323
92	4	36	3	P75	1	0.034143	0.032537	0.044403	0.042783
92	4	36	3	P90	28	-0.004540	-0.004540	-0.001420	-0.001420
92	4	36	3	P95	29	-0.003358	-0.003358	-0.000308	-0.000308
92	4	36	3	P99	29	0.018574	0.018574	0.021645	0.021645
92	4	36	3	P999	29	0.018574	0.018574	0.021645	0.021645
92	5	41	4	P1	1	-0.008604	-0.008604	0.001317	0.001317
92	5	41	4	P50	1	0.017901	0.017901	0.028033	0.028033
92	5	41	4	P75	1	0.031418	0.031418	0.041656	0.041656
92	5	41	4	P90	28	-0.018881	-0.018881	-0.015777	-0.015777
92	5	41	4	P95	28	0.010011	0.010011	0.013146	0.013146
92	5	41	4	P99	29	0.018574	0.018574	0.021645	0.021645
92	5	41	4	P999	29	0.018574	0.018574	0.021645	0.021645
92	6	44	5	P1	1	-0.008713	-0.008713	0.001208	0.001208
92	6	44	5	P50	1	0.018013	0.016783	0.028145	0.026905
92	6	44	5	P75	1	0.031645	0.030398	0.041885	0.040628
92	6	44	5	P90	28	-0.018881	-0.018881	-0.015777	-0.015777
92	6	44	5	P95	28	0.010011	0.010011	0.013146	0.013146
92	6	44	5	P99	29	0.018574	0.018574	0.021645	0.021645
92	6	44	5	P999	29	0.018574	0.018574	0.021645	0.021645
92	7	47	6	P1	1	-0.011939	-0.011939	0.001208	0.001208
92	7	47	6	P50	1	0.015912	0.015912	0.029387	0.029387
92	7	47	6	P75	1	0.030753	0.030753	0.044403	0.044403
92	7	47	6	P90	28	0.004813	0.004813	0.013146	0.013146
92	7	47	6	P95	29	-0.008499	-0.008499	-0.000308	-0.000308
92	7	47	6	P99	29	0.013307	0.013307	0.021645	0.021645
92	7	47	6	P999	29	0.013307	0.013307	0.021645	0.021645
93	1	402	1	P1	1	-0.009372	-0.009372	0.000543	0.000543
93	1	402	1	P50	1	0.012096	0.011986	0.022182	0.022071
93	1	402	1	P75	1	0.023172	0.023172	0.033345	0.033345
93	1	402	1	P90	1	0.029875	0.029875	0.040101	0.040101
93	1	402	1	P95	1	0.032119	0.032119	0.042363	0.042363
93	1	402	1	P99	1	0.033918	0.033918	0.044176	0.044176
93	1	402	1	P999	28	0.010011	0.010011	0.013146	0.013146
93	2	404	2	P1	1	-0.009375	-0.009375	0.000541	0.000541
93	2	404	2	P50	1	0.012095	0.011986	0.022181	0.022071
93	2	404	2	P75	1	0.023226	0.023115	0.033400	0.033288
93	2	404	2	P90	1	0.029896	0.029896	0.040122	0.040122
93	2	404	2	P95	1	0.032129	0.032129	0.042373	0.042373
93	2	404	2	P99	1	0.033919	0.033919	0.044177	0.044177
93	2	404	2	P999	28	0.010011	0.010011	0.013146	0.013146
93	3	406	3	P1	1	-0.009378	-0.009378	0.000538	0.000538
93	3	406	3	P50	1	0.012094	0.011985	0.022180	0.022070
93	3	406	3	P75	1	0.023170	0.023170	0.033343	0.033343
93	3	406	3	P90	1	0.029917	0.029917	0.040143	0.040143
93	3	406	3	P95	1	0.032139	0.032139	0.042383	0.042383
93	3	406	3	P99	1	0.033920	0.033920	0.044178	0.044178
93	3	406	3	P999	28	0.010011	0.010011	0.013146	0.013146
93	4	408	4	P1	1	-0.012601	-0.012601	0.000538	0.000538
93	4	408	4	P50	1	0.008898	0.008789	0.022290	0.022180
93	4	408	4	P75	1	0.020042	0.019932	0.033565	0.033454
93	4	408	4	P90	1	0.026765	0.026765	0.040367	0.040367
93	4	408	4	P95	1	0.028979	0.028979	0.042607	0.042607
93	4	408	4	P99	1	0.030753	0.030753	0.044403	0.044403
93	4	408	4	P999	29	0.013307	0.013307	0.021645	0.021645
93	5	524	5	P1	1	-0.012636	-0.012636	0.000502	0.000502
93	5	524	5	P50	1	0.008868	0.008783	0.022260	0.022174
93	5	524	5	P75	1	0.020008	0.019923	0.033531	0.033445
93	5	524	5	P90	1	0.026700	0.026700	0.040302	0.040302
93	5	524	5	P95	1	0.028940	0.028940	0.042568	0.042568
93	5	524	5	P99	1	0.030753	0.030753	0.044403	0.044403
93	5	524	5	P999	29	0.013307	0.013307	0.021645	0.021645
93	6	527	6	P1	1	-0.012636	-0.012636	0.000502	0.000502
93	6	527	6	P50	1	0.008952	0.008952	0.022345	0.022345
93	6	527	6	P75	1	0.020179	0.020179	0.033704	0.033704
93	6	527	6	P90	1	0.026958	0.026958	0.040563	0.040563
93	6	527	6	P95	1	0.029199	0.029199	0.042830	0.042830
93	6	527	6	P99	27	0.015177	0.015177	0.006001	0.006001
93	6	527	6	P999	29	0.058369	0.058369	0.021645	0.021645
93	7	533	7	P1	1	-0.012642	-0.012642	0.000497	0.000497
93	7	533	7	P50	1	0.008948	0.008948	0.022341	0.022341
93	7	533	7	P75	1	0.020131	0.020131	0.033655	0.033655
93	7	533	7	P90	1	0.026916	0.026916	0.040521	0.040521
93	7	533	7	P95	1	0.029217	0.029217	0.042848	0.042848
93	7	533	7	P99	27	0.015177	0.015177	0.006001	0.006001
93	7	533	7	P999	29	0.058369	0.058369	0.021645	0.021645
94	1	8	1	P1	1	0.008572	0.008572	0.021960	0.021960
94	1	8	1	P50	28	0.004813	-0.037969	0.013146	-0.029927
94	1	8	1	P75	29	0.013307	-0.008499	0.021645	-0.000308
94	1	8	1	P90	30	0.023090	0.023090	0.031442	0.031442
94	1	8	1	P95	30	0.023090	0.023090	0.031442	0.031442
94	1	8	1	P99	30	0.023090	0.023090	0.031442	0.031442
94	1	8	1	P999	30	0.023090	0.023090	0.031442	0.031442
94	2	215	2	P1	1	-0.012513	-0.012513	0.000627	0.000627
94	2	215	2	P50	1	0.009416	0.009416	0.022814	0.022814
94	2	215	2	P75	1	0.020883	0.020883	0.034416	0.034416
94	2	215	2	P90	1	0.027739	0.027739	0.041353	0.041353
94	2	215	2	P95	1	0.030107	0.030107	0.043748	0.043748
94	2	215	2	P99	29	-0.008499	-0.008499	-0.000308	-0.000308
94	2	215	2	P999	30	0.023090	0.023090	0.031442	0.031442
94	3	218	3	P1	1	-0.012513	-0.012513	0.000627	0.000627
94	3	218	3	P50	1	0.009838	0.009627	0.023242	0.023028
94	3	218	3	P75	1	0.021310	0.021310	0.034848	0.034848
94	3	218	3	P90	1	0.028384	0.028384	0.042006	0.042006
94	3	218	3	P95	1	0.030753	0.030753	0.044403	0.044403
94	3	218	3	P99	29	-0.008499	-0.008499	-0.000308	-0.000308
94	3	218	3	P999	30	0.023090	0.023090	0.031442	0.031442
94	4	221	4	P1	1	-0.012522	-0.012522	0.000618	0.000618
94	4	221	4	P50	1	0.009716	0.009716	0.023118	0.023118
94	4	221	4	P75	1	0.021233	0.021233	0.034770	0.034770
94	4	221	4	P90	1	0.028206	0.028206	0.041825	0.041825
94	4	221	4	P95	1	0.030541	0.030541	0.044188	0.044188
94	4	221	4	P99	29	-0.008499	-0.008499	-0.000308	-0.000308
94	4	221	4	P999	30	0.023090	0.023090	0.031442	0.031442
94	5	224	5	P1	1	-0.012530	-0.012530	0.000609	0.000609
94	5	224	5	P50	1	0.009803	0.009598	0.023206	0.022998
94	5	224	5	P75	1	0.021366	0.021158	0.034905	0.034695
94	5	224	5	P90	1	0.028242	0.028242	0.041861	0.041861
94	5	224	5	P95	1	0.030544	0.030544	0.044191	0.044191
94	5	224	5	P99	29	-0.008499	-0.008499	-0.000308	-0.000308
94	5	224	5	P999	30	0.023090	0.023090	0.031442	0.031442
94	6	228	6	P1	1	-0.016175	-0.016175	0.000609	0.000609
94	6	228	6	P50	1	0.006470	0.006266	0.023621	0.023413
94	6	228	6	P75	1	0.018194	0.017987	0.035535	0.035325
94	6	228	6	P90	1	0.025253	0.025253	0.042708	0.042708
94	6	228	6	P95	26	0.007864	0.007864	0.000279	0.000279
94	6	228	6	P99	29	0.007364	0.007364	0.021645	0.021645
94	6	228	6	P999	30	0.017061	0.017061	0.031442	0.031442
94	7	435	7	P1	1	-0.016263	-0.016263	0.000520	0.000520
94	7	435	7	P50	1	0.005777	0.005777	0.022917	0.022917
94	7	435	7	P75	1	0.017245	0.017245	0.034571	0.034571
94	7	435	7	P90	1	0.024147	0.024147	0.041584	0.041584
94	7	435	7	P95	1	0.026493	0.026493	0.043968	0.043968
94	7	435	7	P99	29	-0.021418	-0.021418	-0.007521	-0.007521
94	7	435	7	P999	30	0.017061	0.017061	0.031442	0.031442
95	1	17	1	P1	1	-0.002819	-0.002819	0.004354	0.004354
95	1	17	1	P50	1	0.032539	0.032539	0.039875	0.039875
95	1	17	1	P75	27	0.007204	0.007204	0.006001	0.006001
95	1	17	1	P90	29	0.001053	0.001053	0.021645	0.021645
95	1	17	1	P95	30	-0.011011	-0.011011	0.031442	0.031442
95	1	17	1	P99	30	-0.011011	-0.011011	0.031442	0.031442
95	1	17	1	P999	30	-0.011011	-0.011011	0.031442	0.031442
95	2	24	2	P1	1	-0.004266	-0.004266	0.002901	0.002901
95	2	24	2	P50	1	0.031041	0.028052	0.038370	0.035367
95	2	24	2	P75	26	0.001365	-0.020207	0.000279	-0.021216
95	2	24	2	P90	28	0.014470	0.014470	0.013146	0.013146
95	2	24	2	P95	29	0.001053	0.001053	0.021645	0.021645
95	2	24	2	P99	30	-0.011011	-0.011011	0.031442	0.031442
95	2	24	2	P999	30	-0.011011	-0.011011	0.031442	0.031442
95	3	34	3	P1	1	-0.007034	-0.007034	0.002901	0.002901
95	3	34	3	P50	26	-0.024462	-0.800863	-0.021216	-0.799549
95	3	34	3	P75	28	-0.006344	-0.006344	-0.003226	-0.003226
95	3	34	3	P90	29	-0.003358	-0.003358	0.006957	0.006957
95	3	34	3	P95	30	-0.015378	-0.015378	0.031442	0.031442
95	3	34	3	P99	35	0.004498	0.004498	0.007168	0.007168
95	3	34	3	P999	35	0.004498	0.004498	0.007168	0.007168
95	4	1664	4	P1	1	-0.009464	-0.009464	0.000450	0.000450
95	4	1664	4	P50	1	0.012225	0.012199	0.022312	0.022285
95	4	1664	4	P75	1	0.023465	0.023438	0.033641	0.033613
95	4	1664	4	P90	1	0.030252	0.030252	0.040481	0.040481
95	4	1664	4	P95	1	0.032525	0.032525	0.042771	0.042771
95	4	1664	4	P99	26	-0.024462	-0.024462	-0.021216	-0.021216
95	4	1664	4	P999	30	-0.015378	-0.015378	0.031442	0.031442
95	5	1676	5	P1	1	-0.012687	-0.012687	0.000450	0.000450
95	5	1676	5	P50	1	0.009080	0.009054	0.022475	0.022448
95	5	1676	5	P75	1	0.020360	0.020333	0.033887	0.033860
95	5	1676	5	P90	1	0.027177	0.027177	0.040784	0.040784
95	5	1676	5	P95	1	0.029469	0.029469	0.043103	0.043103
95	5	1676	5	P99	28	-0.018235	-0.018235	-0.010059	-0.010059
95	5	1676	5	P999	30	-0.020470	-0.020470	0.031442	0.031442
95	6	1694	6	P1	1	-0.012692	-0.012692	0.000446	0.000446
95	6	1694	6	P50	1	0.009075	0.009048	0.022469	0.022442
95	6	1694	6	P75	1	0.020338	0.020338	0.033865	0.033865
95	6	1694	6	P90	1	0.027162	0.027162	0.040769	0.040769
95	6	1694	6	P95	1	0.029456	0.029456	0.043090	0.043090
95	6	1694	6	P99	28	-0.018235	-0.018235	-0.010059	-0.010059
95	6	1694	6	P999	30	-0.020470	-0.020470	0.031442	0.031442
95	7	1706	7	P1	1	-0.012669	-0.012669	0.000469	0.000469
95	7	1706	7	P50	1	0.009085	0.009058	0.022479	0.022452
95	7	1706	7	P75	1	0.020353	0.020353	0.033880	0.033880
95	7	1706	7	P90	1	0.027186	0.027186	0.040793	0.040793
95	7	1706	7	P95	1	0.029464	0.029464	0.043098	0.043098
95	7	1706	7	P99	28	-0.021079	-0.021079	-0.012922	-0.012922
95	7	1706	7	P999	30	-0.020470	-0.020470	0.031442	0.031442
96	1	2964	1	P1	1	-0.009472	-0.009472	0.000443	0.000443
96	1	2964	1	P50	1	0.012063	0.012048	0.022149	0.022134
96	1	2964	1	P75	1	0.023226	0.023210	0.033399	0.033384
96	1	2964	1	P90	1	0.029973	0.029973	0.040199	0.040199
96	1	2964	1	P95	1	0.032232	0.032232	0.042476	0.042476
96	1	2964	1	P99	1	0.034051	0.034051	0.044310	0.044310
96	1	2964	1	P999	29	0.000990	0.000990	0.004044	0.004044
96	2	3007	2	P1	1	-0.009457	-0.009457	0.000458	0.000458
96	2	3007	2	P50	1	0.012378	0.012378	0.022466	0.022466
96	2	3007	2	P75	1	0.023710	0.023710	0.033888	0.033888
96	2	3007	2	P90	1	0.030567	0.030567	0.040799	0.040799
96	2	3007	2	P95	1	0.032858	0.032858	0.043107	0.043107
96	2	3007	2	P99	28	-0.024113	-0.024113	-0.021014	-0.021014
96	2	3007	2	P999	30	0.006289	0.006289	0.016613	0.016613
96	3	3079	3	P1	1	-0.009468	-0.009468	0.000447	0.000447
96	3	3079	3	P50	1	0.012366	0.012366	0.022454	0.022454
96	3	3079	3	P75	1	0.023692	0.023692	0.033869	0.033869
96	3	3079	3	P90	1	0.030548	0.030548	0.040780	0.040780
96	3	3079	3	P95	1	0.032844	0.032844	0.043093	0.043093
96	3	3079	3	P99	28	-0.024113	-0.024113	-0.021014	-0.021014
96	3	3079	3	P999	30	0.006289	0.006289	0.016613	0.016613
96	4	3122	4	P1	1	-0.009459	-0.009459	0.000456	0.000456
96	4	3122	4	P50	1	0.012396	0.012382	0.022484	0.022469
96	4	3122	4	P75	1	0.023723	0.023723	0.033900	0.033900
96	4	3122	4	P90	1	0.030580	0.030580	0.040811	0.040811
96	4	3122	4	P95	1	0.032875	0.032875	0.043125	0.043125
96	4	3122	4	P99	28	-0.026346	-0.026346	-0.023250	-0.023250
96	4	3122	4	P999	30	0.006289	0.006289	0.016613	0.016613
96	5	3181	5	P1	1	-0.009459	-0.009459	0.000456	0.000456
96	5	3181	5	P50	1	0.012815	0.012815	0.022906	0.022906
96	5	3181	5	P75	1	0.024365	0.024365	0.034548	0.034548
96	5	3181	5	P90	1	0.031359	0.031359	0.041596	0.041596
96	5	3181	5	P95	1	0.033701	0.033701	0.043957	0.043957
96	5	3181	5	P99	29	-0.003358	-0.003358	-0.000308	-0.000308
96	5	3181	5	P999	33	-0.009186	-0.009186	0.022793	0.022793
96	6	7030	6	P1	1	-0.009467	-0.009467	0.000448	0.000448
96	6	7030	6	P50	1	0.012356	0.012350	0.022444	0.022438
96	6	7030	6	P75	1	0.023671	0.023671	0.033848	0.033848
96	6	7030	6	P90	1	0.030525	0.030519	0.040756	0.040750
96	6	7030	6	P95	1	0.032816	0.032816	0.043065	0.043065
96	6	7030	6	P99	28	-0.020304	-0.020304	-0.017201	-0.017201
96	6	7030	6	P999	31	-0.007832	-0.007832	0.009070	0.009070
96	7	7051	7	P1	1	-0.009467	-0.009467	0.000448	0.000448
96	7	7051	7	P50	1	0.012420	0.012420	0.022509	0.022509
96	7	7051	7	P75	1	0.023775	0.023775	0.033952	0.033952
96	7	7051	7	P90	1	0.030643	0.030643	0.040875	0.040875
96	7	7051	7	P95	1	0.032947	0.032947	0.043197	0.043197
96	7	7051	7	P99	28	-0.008145	-0.008145	-0.011014	-0.011014
96	7	7051	7	P999	31	-0.007288	-0.007288	0.009070	0.009070
97	1	53	0	P1	1	-0.020602	-0.020602	0.000906	0.000906
97	1	53	0	P50	1	0.002719	0.002719	0.024739	0.024739
97	1	53	0	P75	1	0.014587	0.014587	0.036868	0.036868
97	1	53	0	P90	1	0.021960	0.021960	0.044403	0.044403
97	1	53	0	P95	2	0.006337	0.006337	-0.015287	-0.015287
97	1	53	0	P99	2	0.023978	0.023978	0.001975	0.001975
97	1	53	0	P999	2	0.023978	0.023978	0.001975	0.001975
97	2	78	1	P1	1	-0.012237	-0.012237	0.000906	0.000906
97	2	78	1	P50	1	0.023306	0.022379	0.036868	0.035929
97	2	78	1	P75	27	-0.002338	-0.002338	0.006001	0.006001
97	2	78	1	P90	29	0.003557	0.003557	0.011829	0.011829
97	2	78	1	P95	30	0.001073	0.001073	0.009278	0.009278
97	2	78	1	P99	31	0.034116	0.034116	0.042491	0.042491
97	2	78	1	P999	31	0.034116	0.034116	0.042491	0.042491
97	3	2134	2	P1	1	-0.012682	-0.012682	0.000456	0.000456
97	3	2134	2	P50	1	0.008969	0.008948	0.022362	0.022341
97	3	2134	2	P75	1	0.020184	0.020184	0.033709	0.033709
97	3	2134	2	P90	1	0.026977	0.026977	0.040582	0.040582
97	3	2134	2	P95	1	0.029258	0.029258	0.042890	0.042890
97	3	2134	2	P99	27	-0.016703	-0.016703	-0.008462	-0.008462
97	3	2134	2	P999	30	0.012022	0.012022	0.020300	0.020300
97	4	2166	3	P1	1	-0.012682	-0.012682	0.000456	0.000456
97	4	2166	3	P50	1	0.009304	0.009283	0.022701	0.022680
97	4	2166	3	P75	1	0.020692	0.020692	0.034223	0.034223
97	4	2166	3	P90	1	0.027595	0.027595	0.041207	0.041207
97	4	2166	3	P95	1	0.029899	0.029899	0.043538	0.043538
97	4	2166	3	P99	29	-0.019225	-0.019225	-0.011107	-0.011107
97	4	2166	3	P999	31	0.034116	0.034116	0.042491	0.042491
97	5	2218	4	P1	1	-0.012673	-0.012673	0.000465	0.000465
97	5	2218	4	P50	1	0.009297	0.009277	0.022694	0.022673
97	5	2218	4	P75	1	0.020681	0.020681	0.034212	0.034212
97	5	2218	4	P90	1	0.027586	0.027586	0.041198	0.041198
97	5	2218	4	P95	1	0.029898	0.029898	0.043537	0.043537
97	5	2218	4	P99	29	-0.022775	-0.022775	-0.014681	-0.014681
97	5	2218	4	P999	31	0.034116	0.034116	0.042491	0.042491
97	6	2249	5	P1	1	-0.012678	-0.012678	0.000460	0.000460
97	6	2249	5	P50	1	0.009339	0.009339	0.022737	0.022737
97	6	2249	5	P75	1	0.020756	0.020756	0.034288	0.034288
97	6	2249	5	P90	1	0.027684	0.027684	0.041297	0.041297
97	6	2249	5	P95	1	0.029990	0.029990	0.043631	0.043631
97	6	2249	5	P99	29	-0.022775	-0.022775	-0.014681	-0.014681
97	6	2249	5	P999	31	0.034116	0.034116	0.042491	0.042491
97	7	2301	6	P1	1	-0.013328	-0.013328	0.000480	0.000480
97	7	2301	6	P50	1	0.009177	0.009177	0.023268	0.023268
97	7	2301	6	P75	1	0.020856	0.020856	0.035094	0.035094
97	7	2301	6	P90	1	0.027928	0.027928	0.042255	0.042255
97	7	2301	6	P95	2	0.018190	0.018190	-0.012431	-0.012431
97	7	2301	6	P99	30	-0.008133	-0.008133	0.001090	0.001090
97	7	2301	6	P999	33	0.013532	0.013532	0.022793	0.022793
98	1	1470	1	P1	1	-0.016333	-0.016333	0.000448	0.000448
98	1	1470	1	P50	1	0.005106	0.005076	0.022235	0.022204
98	1	1470	1	P75	1	0.016198	0.016198	0.033506	0.033506
98	1	1470	1	P90	1	0.022936	0.022905	0.040354	0.040323
98	1	1470	1	P95	1	0.025172	0.025172	0.042625	0.042625
98	1	1470	1	P99	2	0.003036	0.003036	-0.023806	-0.023806
98	1	1470	1	P999	29	0.007364	0.007364	0.021645	0.021645
98	2	1488	2	P1	1	-0.016339	-0.016339	0.000443	0.000443
98	2	1488	2	P50	1	0.005103	0.005073	0.022232	0.022201
98	2	1488	2	P75	1	0.016208	0.016178	0.033517	0.033486
98	2	1488	2	P90	1	0.022924	0.022924	0.040342	0.040342
98	2	1488	2	P95	1	0.025163	0.025163	0.042616	0.042616
98	2	1488	2	P99	2	0.003036	0.003036	-0.023806	-0.023806
98	2	1488	2	P999	29	0.007364	0.007364	0.021645	0.021645
98	3	1499	3	P1	1	-0.016341	-0.016341	0.000440	0.000440
98	3	1499	3	P50	1	0.005131	0.005131	0.022260	0.022260
98	3	1499	3	P75	1	0.016266	0.016266	0.033575	0.033575
98	3	1499	3	P90	1	0.023006	0.023006	0.040425	0.040425
98	3	1499	3	P95	1	0.025262	0.025262	0.042718	0.042718
98	3	1499	3	P99	2	0.012897	0.012897	-0.014217	-0.014217
98	3	1499	3	P999	29	0.007364	0.007364	0.021645	0.021645
98	4	1510	4	P1	1	-0.016312	-0.016312	0.000470	0.000470
98	4	1510	4	P50	1	0.005308	0.005278	0.022440	0.022410
98	4	1510	4	P75	1	0.016505	0.016505	0.033818	0.033818
98	4	1510	4	P90	1	0.023306	0.023276	0.040730	0.040699
98	4	1510	4	P95	1	0.025564	0.025564	0.043024	0.043024
98	4	1510	4	P99	27	0.016820	0.016820	0.006001	0.006001
98	4	1510	4	P999	30	0.062260	0.062260	0.031442	0.031442
98	5	3878	5	P1	1	-0.016341	-0.016341	0.000441	0.000441
98	5	3878	5	P50	1	0.005046	0.005034	0.022174	0.022162
98	5	3878	5	P75	1	0.016125	0.016125	0.033433	0.033433
98	5	3878	5	P90	1	0.022839	0.022839	0.040255	0.040255
98	5	3878	5	P95	1	0.025086	0.025086	0.042539	0.042539
98	5	3878	5	P99	1	0.026886	0.026886	0.044367	0.044367
98	5	3878	5	P999	29	0.036992	0.036992	0.021645	0.021645
98	6	3886	6	P1	1	-0.016341	-0.016341	0.000441	0.000441
98	6	3886	6	P50	1	0.005091	0.005080	0.022220	0.022209
98	6	3886	6	P75	1	0.016194	0.016194	0.033503	0.033503
98	6	3886	6	P90	1	0.022920	0.022920	0.040337	0.040337
98	6	3886	6	P95	1	0.025167	0.025167	0.042621	0.042621
98	6	3886	6	P99	2	0.003763	0.003763	-0.023099	-0.023099
98	6	3886	6	P999	29	0.040757	0.040757	0.021645	0.021645
98	7	3895	7	P1	1	-0.016342	-0.016342	0.000440	0.000440
98	7	3895	7	P50	1	0.005085	0.005085	0.022214	0.022214
98	7	3895	7	P75	1	0.016196	0.016196	0.033505	0.033505
98	7	3895	7	P90	1	0.022918	0.022918	0.040335	0.040335
98	7	3895	7	P95	1	0.025172	0.025172	0.042625	0.042625
98	7	3895	7	P99	2	0.003763	0.003763	-0.023099	-0.023099
98	7	3895	7	P999	29	0.040757	0.040757	0.021645	0.021645
99	1	19	1	P1	1	-0.003735	-0.003735	0.006226	0.006226
99	1	19	1	P50	27	0.002798	0.002798	0.006001	0.006001
99	1	19	1	P75	29	0.018574	0.018574	0.021645	0.021645
99	1	19	1	P90	30	0.028433	0.028433	0.031442	0.031442
99	1	19	1	P95	197	0.018159	0.018159	0.017233	0.017233
99	1	19	1	P99	197	0.018159	0.018159	0.017233	0.017233
99	1	19	1	P999	197	0.018159	0.018159	0.017233	0.017233
99	2	31	2	P1	1	-0.005111	-0.005111	0.004839	0.004839
99	2	31	2	P50	5	0.017637	0.017637	0.024387	0.024387
99	2	31	2	P75	28	-0.004540	-0.004540	-0.001420	-0.001420
99	2	31	2	P90	30	-0.000986	-0.000986	0.001996	0.001996
99	2	31	2	P95	30	0.028433	0.028433	0.031442	0.031442
99	2	31	2	P99	197	0.018159	0.018159	0.017233	0.017233
99	2	31	2	P999	197	0.018159	0.018159	0.017233	0.017233
99	3	37	3	P1	1	-0.005111	-0.005111	0.004839	0.004839
99	3	37	3	P50	6	0.027072	0.027072	0.033479	0.033479
99	3	37	3	P75	27	0.002798	0.002798	0.006001	0.006001
99	3	37	3	P90	30	-0.000986	-0.000986	0.001996	0.001996
99	3	37	3	P95	30	0.028433	0.028433	0.031442	0.031442
99	3	37	3	P99	197	0.018159	0.018159	0.017233	0.017233
99	3	37	3	P999	197	0.018159	0.018159	0.017233	0.017233
99	4	40	4	P1	1	-0.006313	-0.006313	0.003627	0.003627
99	4	40	4	P50	5	0.035513	0.026536	0.042344	0.033326
99	4	40	4	P75	27	0.002798	-0.018794	0.006001	-0.015616
99	4	40	4	P90	30	-0.000986	-0.015378	0.001996	-0.012410
99	4	40	4	P95	30	0.028433	0.013617	0.031442	0.016613
99	4	40	4	P99	197	0.018159	0.018159	0.017233	0.017233
99	4	40	4	P999	197	0.018159	0.018159	0.017233	0.017233
99	5	43	5	P1	1	-0.007034	-0.007034	0.002901	0.002901
99	5	43	5	P50	5	0.017637	0.017637	0.024387	0.024387
99	5	43	5	P75	27	-0.018794	-0.018794	-0.015616	-0.015616
99	5	43	5	P90	29	0.018574	0.018574	0.021645	0.021645
99	5	43	5	P95	30	0.013617	0.013617	0.016613	0.016613
99	5	43	5	P99	197	0.018159	0.018159	0.017233	0.017233
99	5	43	5	P999	197	0.018159	0.018159	0.017233	0.017233
99	6	45	6	P1	1	-0.007034	-0.007034	0.002901	0.002901
99	6	45	6	P50	5	0.026536	0.026536	0.033326	0.033326
99	6	45	6	P75	12	0.030569	0.030569	0.035520	0.035520
99	6	45	6	P90	29	0.018574	0.018574	0.021645	0.021645
99	6	45	6	P95	30	0.013617	0.013617	0.016613	0.016613
99	6	45	6	P99	197	0.018159	0.018159	0.017233	0.017233
99	6	45	6	P999	197	0.018159	0.018159	0.017233	0.017233
99	7	75	7	P1	1	-0.008691	-0.008691	0.002901	0.002901
99	7	75	7	P50	28	-0.007165	-0.007165	-0.001420	-0.001420
99	7	75	7	P75	31	-0.016610	-0.016610	0.002120	0.002120
99	7	75	7	P90	33	-0.011844	-0.011844	-0.006405	-0.006405
99	7	75	7	P95	47	0.011699	0.011699	0.016594	0.016594
99	7	75	7	P99	197	0.014893	0.014893	0.017233	0.017233
99	7	75	7	P999	197	0.014893	0.014893	0.017233	0.017233
100	1	6	1	P1	12	0.020052	0.020052	0.035520	0.035520
100	1	6	1	P50	30	-0.005023	-0.015780	0.009278	-0.001625
100	1	6	1	P75	30	0.005852	0.005852	0.020300	0.020300
100	1	6	1	P90	30	0.016846	0.016846	0.031442	0.031442
100	1	6	1	P95	30	0.016846	0.016846	0.031442	0.031442
100	1	6	1	P99	30	0.016846	0.016846	0.031442	0.031442
100	1	6	1	P999	30	0.016846	0.016846	0.031442	0.031442
100	2	8	2	P1	12	0.015334	0.015334	0.035520	0.035520
100	2	8	2	P50	30	0.000465	-0.010343	0.020300	0.009278
100	2	8	2	P75	76	0.038356	-0.600767	0.013862	-0.592852
100	2	8	2	P90	88	0.021608	0.021608	0.041793	0.041793
100	2	8	2	P95	88	0.021608	0.021608	0.041793	0.041793
100	2	8	2	P99	88	0.021608	0.021608	0.041793	0.041793
100	2	8	2	P999	88	0.021608	0.021608	0.041793	0.041793
100	3	12	3	P1	12	0.015334	0.015334	0.035520	0.035520
100	3	12	3	P50	76	0.008711	-0.600767	-0.015082	-0.592852
100	3	12	3	P75	79	0.043282	-0.001076	0.018669	-0.024639
100	3	12	3	P90	88	0.021608	0.021608	0.041793	0.041793
100	3	12	3	P95	112	0.041749	0.041749	0.017152	0.017152
100	3	12	3	P99	112	0.041749	0.041749	0.017152	0.017152
100	3	12	3	P999	112	0.041749	0.041749	0.017152	0.017152
100	4	21	4	P1	1	-0.015870	-0.015870	0.004839	0.004839
100	4	21	4	P50	13	0.021563	0.021563	0.042635	0.042635
100	4	21	4	P75	76	0.008138	0.008138	-0.015082	-0.015082
100	4	21	4	P90	79	0.042697	0.042697	0.018669	0.018669
100	4	21	4	P95	88	0.021044	0.021044	0.041793	0.041793
100	4	21	4	P99	112	0.041200	0.041200	0.017152	0.017152
100	4	21	4	P999	112	0.041200	0.041200	0.017152	0.017152
100	5	23	5	P1	1	-0.016753	-0.016753	0.004839	0.004839
100	5	23	5	P50	30	-0.023078	-0.023078	-0.001625	-0.001625
100	5	23	5	P75	77	0.022670	0.022670	0.000695	0.000695
100	5	23	5	P90	88	0.019407	0.019407	0.041793	0.041793
100	5	23	5	P95	100	0.021960	0.021960	0.044403	0.044403
100	5	23	5	P99	112	0.039489	0.039489	0.017152	0.017152
100	5	23	5	P999	112	0.039489	0.039489	0.017152	0.017152
100	6	56	6	P1	1	-0.011527	-0.011527	0.004839	0.004839
100	6	56	6	P50	77	0.032277	0.017422	0.000695	-0.013692
100	6	56	6	P75	451	0.003517	-0.018067	-0.000204	-0.014578
100	6	56	6	P90	574	0.012465	0.012465	0.012136	0.012136
100	6	56	6	P95	1131	-0.002688	-0.002688	0.007259	0.007259
100	6	56	6	P99	1193	0.031392	0.031392	0.041596	0.041596
100	6	56	6	P999	1193	0.031392	0.031392	0.041596	0.041596
100	7	60	7	P1	1	-0.011527	-0.011527	0.004839	0.004839
100	7	60	7	P50	76	0.015975	-0.431044	-0.015082	-0.423637
100	7	60	7	P75	446	-0.007059	-0.493942	-0.003531	-0.488135
100	7	60	7	P90	574	0.012465	0.001518	0.012136	-0.009613
100	7	60	7	P95	1131	-0.002688	-0.325685	0.007259	-0.318713
100	7	60	7	P99	1193	0.031392	0.031392	0.041596	0.041596
100	7	60	7	P999	1193	0.031392	0.031392	0.041596	0.041596
101	1	8	1	P1	2	0.020949	0.020949	-0.026629	-0.026629
101	1	8	1	P50	11	-0.021449	-0.717192	0.013391	-0.718698
101	1	8	1	P75	13	0.007286	-0.153766	0.042635	-0.123685
101	1	8	1	P90	16	0.017545	0.017545	0.007923	0.007923
101	1	8	1	P95	16	0.017545	0.017545	0.007923	0.007923
101	1	8	1	P99	16	0.017545	0.017545	0.007923	0.007923
101	1	8	1	P999	16	0.017545	0.017545	0.007923	0.007923
101	2	19	2	P1	2	0.020949	0.020949	-0.026629	-0.026629
101	2	19	2	P50	6	0.040833	0.040833	0.033479	0.033479
101	2	19	2	P75	11	-0.021449	-0.021449	0.006080	0.006080
101	2	19	2	P90	13	0.007286	0.007286	0.042635	0.042635
101	2	19	2	P95	16	0.017545	0.017545	0.007923	0.007923
101	2	19	2	P99	16	0.017545	0.017545	0.007923	0.007923
101	2	19	2	P999	16	0.017545	0.017545	0.007923	0.007923
101	3	298	3	P1	1	-0.020353	-0.020353	0.000469	0.000469
101	3	298	3	P50	1	0.002415	0.002258	0.023718	0.023558
101	3	298	3	P75	1	0.014076	0.014076	0.035626	0.035626
101	3	298	3	P90	1	0.021234	0.021234	0.042935	0.042935
101	3	298	3	P95	6	0.019548	0.019548	-0.003268	-0.003268
101	3	298	3	P99	11	0.059435	0.059435	0.035645	0.035645
101	3	298	3	P999	16	0.031118	0.031118	0.007923	0.007923
101	4	603	4	P1	1	-0.020302	-0.020302	0.000522	0.000522
101	4	603	4	P50	1	0.001477	0.001477	0.022760	0.022760
101	4	603	4	P75	1	0.012811	0.012811	0.034334	0.034334
101	4	603	4	P90	1	0.019627	0.019627	0.041294	0.041294
101	4	603	4	P95	1	0.021909	0.021909	0.043625	0.043625
101	4	603	4	P99	7	0.066472	0.066472	-0.001745	-0.001745
101	4	603	4	P999	16	0.031118	0.031118	0.007923	0.007923
101	5	1119	5	P1	1	-0.017944	-0.017944	0.000895	0.000895
101	5	1119	5	P50	1	0.023010	0.023010	0.042614	0.042614
101	5	1119	5	P75	196	-0.002144	-0.002144	0.002113	0.002113
101	5	1119	5	P90	204	0.000128	0.000128	0.005682	0.005682
101	5	1119	5	P95	212	-0.000754	-0.000754	0.001205	0.001205
101	5	1119	5	P99	232	0.006118	0.006118	0.008056	0.008056
101	5	1119	5	P999	288	0.012106	0.012106	0.028740	0.028740
101	6	1388	6	P1	1	-0.018119	-0.018119	0.000716	0.000716
101	6	1388	6	P50	1	0.016676	0.016624	0.036161	0.036108
101	6	1388	6	P75	194	-0.004379	-0.004564	0.000677	0.000503
101	6	1388	6	P90	202	0.002603	0.002603	0.003555	0.003555
101	6	1388	6	P95	208	0.000908	0.000908	0.004879	0.004879
101	6	1388	6	P99	231	0.000760	0.000760	0.002693	0.002693
101	6	1388	6	P999	288	0.012106	0.012106	0.028740	0.028740
101	7	1749	7	P1	1	-0.018185	-0.018185	0.000649	0.000649
101	7	1749	7	P50	1	0.012613	0.012613	0.032023	0.032023
101	7	1749	7	P75	191	-0.005763	-0.005763	-0.007524	-0.007524
101	7	1749	7	P90	200	0.002712	0.002712	0.000228	0.000228
101	7	1749	7	P95	206	-0.003063	-0.003063	0.006571	0.006571
101	7	1749	7	P99	228	-0.005471	-0.005471	-0.001435	-0.001435
101	7	1749	7	P999	288	0.012106	0.012106	0.028740	0.028740
102	1	208	0	P1	1	-0.020863	-0.020863	0.000639	0.000639
102	1	208	0	P50	1	0.000639	0.000426	0.022613	0.022396
102	1	208	0	P75	1	0.011782	0.011567	0.034001	0.033781
102	1	208	0	P90	1	0.018484	0.018484	0.040850	0.040850
102	1	208	0	P95	1	0.020655	0.020655	0.043069	0.043069
102	1	208	0	P99	2	0.009256	0.009256	-0.012431	-0.012431
102	1	208	0	P999	3	0.009278	0.009278	0.031442	0.031442
102	2	214	0	P1	1	-0.020881	-0.020881	0.000621	0.000621
102	2	214	0	P50	1	0.000621	0.000414	0.022595	0.022383
102	2	214	0	P75	1	0.011653	0.011653	0.033869	0.033869
102	2	214	0	P90	1	0.018372	0.018372	0.040736	0.040736
102	2	214	0	P95	1	0.020692	0.020692	0.043107	0.043107
102	2	214	0	P99	2	0.009256	0.009256	-0.012431	-0.012431
102	2	214	0	P999	3	0.009278	0.009278	0.031442	0.031442
102	3	219	0	P1	1	-0.020895	-0.020895	0.000606	0.000606
102	3	219	0	P50	1	0.000505	0.000505	0.022477	0.022477
102	3	219	0	P75	1	0.011687	0.011687	0.033904	0.033904
102	3	219	0	P90	1	0.018456	0.018456	0.040821	0.040821
102	3	219	0	P95	1	0.020722	0.020722	0.043137	0.043137
102	3	219	0	P99	2	0.009256	0.009256	-0.012431	-0.012431
102	3	219	0	P999	3	0.009278	0.009278	0.031442	0.031442
102	4	230	1	P1	1	-0.007716	-0.007716	0.000606	0.000606
102	4	230	1	P50	1	0.015256	0.015050	0.023717	0.023510
102	4	230	1	P75	1	0.027045	0.027045	0.035576	0.035576
102	4	230	1	P90	1	0.034351	0.034142	0.042926	0.042716
102	4	230	1	P95	3	0.025558	0.025558	0.031442	0.031442
102	4	230	1	P99	20	0.000607	0.000607	0.001975	0.001975
102	4	230	1	P999	32	0.009659	0.009659	0.009913	0.009913
102	5	245	2	P1	1	-0.007735	-0.007735	0.000587	0.000587
102	5	245	2	P50	1	0.015898	0.015898	0.024363	0.024363
102	5	245	2	P75	1	0.028127	0.028127	0.036665	0.036665
102	5	245	2	P90	1	0.035616	0.035616	0.044198	0.044198
102	5	245	2	P95	2	0.039548	0.039548	0.001975	0.001975
102	5	245	2	P99	20	0.000607	0.000607	0.001975	0.001975
102	5	245	2	P999	32	0.009659	0.009659	0.009913	0.009913
102	6	254	3	P1	1	-0.007756	-0.007756	0.000567	0.000567
102	6	254	3	P50	1	0.016007	0.015815	0.024473	0.024279
102	6	254	3	P75	1	0.028199	0.028199	0.036737	0.036737
102	6	254	3	P90	1	0.035623	0.035623	0.044205	0.044205
102	6	254	3	P95	2	0.039548	0.039548	0.001975	0.001975
102	6	254	3	P99	20	0.000607	0.000607	0.001975	0.001975
102	6	254	3	P999	32	0.009659	0.009659	0.009913	0.009913
102	7	256	4	P1	1	-0.008706	-0.008706	0.000567	0.000567
102	7	256	4	P50	1	0.015223	0.015030	0.024666	0.024473
102	7	256	4	P75	1	0.027597	0.027403	0.037129	0.036933
102	7	256	4	P90	2	-0.002204	-0.002204	-0.037144	-0.037144
102	7	256	4	P95	19	-0.025423	-0.025423	-0.022505	-0.022505
102	7	256	4	P99	32	0.008107	0.008107	0.009913	0.009913
102	7	256	4	P999	1732	0.022620	0.022620	0.015629	0.015629
103	1	10	0	P1	1	-0.016753	-0.016753	0.004839	0.004839
103	1	10	0	P50	1	0.007267	0.002417	0.029387	0.024430
103	1	10	0	P75	1	0.017039	0.017039	0.039373	0.039373
103	1	10	0	P90	2	0.023978	-0.489020	0.001975	-0.477799
103	1	10	0	P95	2	0.023978	0.023978	0.001975	0.001975
103	1	10	0	P99	2	0.023978	0.023978	0.001975	0.001975
103	1	10	0	P999	2	0.023978	0.023978	0.001975	0.001975
103	2	15	0	P1	1	-0.018213	-0.018213	0.003348	0.003348
103	2	15	0	P50	1	0.005025	0.005025	0.027096	0.027096
103	2	15	0	P75	1	0.018551	0.018551	0.040918	0.040918
103	2	15	0	P90	2	0.001975	0.001975	-0.019556	-0.019556
103	2	15	0	P95	2	0.023978	0.023978	0.001975	0.001975
103	2	15	0	P99	2	0.023978	0.023978	0.001975	0.001975
103	2	15	0	P999	2	0.023978	0.023978	0.001975	0.001975
103	3	20	0	P1	1	-0.018447	-0.018447	0.003108	0.003108
103	3	20	0	P50	1	0.012490	0.009353	0.034725	0.031519
103	3	20	0	P75	2	-0.005254	-0.012431	-0.026629	-0.033652
103	3	20	0	P90	2	0.016591	0.009256	-0.005254	-0.012431
103	3	20	0	P95	2	0.023978	0.016591	0.001975	-0.005254
103	3	20	0	P99	2	0.023978	0.023978	0.001975	0.001975
103	3	20	0	P999	2	0.023978	0.023978	0.001975	0.001975
103	4	26	1	P1	1	-0.010552	-0.010552	0.003108	0.003108
103	4	26	1	P50	1	0.030239	0.027042	0.044403	0.041167
103	4	26	1	P75	2	0.033275	0.033275	0.001975	0.001975
103	4	26	1	P90	216	-0.008755	-0.008755	0.011973	0.011973
103	4	26	1	P95	219	-0.008052	-0.008052	0.042429	0.042429
103	4	26	1	P99	394	0.013810	0.013810	0.019242	0.019242
103	4	26	1	P999	394	0.013810	0.013810	0.019242	0.019242
103	5	33	2	P1	1	-0.010757	-0.010757	0.002901	0.002901
103	5	33	2	P50	2	-0.002858	-0.002858	-0.033016	-0.033016
103	5	33	2	P75	2	0.029197	0.029197	-0.001975	-0.001975
103	5	33	2	P90	211	0.000125	0.000125	0.013692	0.013692
103	5	33	2	P95	219	-0.008052	-0.008052	0.042429	0.042429
103	5	33	2	P99	394	0.013810	0.013810	0.019242	0.019242
103	5	33	2	P999	394	0.013810	0.013810	0.019242	0.019242
103	6	36	3	P1	1	-0.006479	-0.006479	0.002901	0.002901
103	6	36	3	P50	2	0.009945	0.005956	-0.025347	-0.029189
103	6	36	3	P75	206	-0.003825	-0.985083	-0.005846	-0.984979
103	6	36	3	P90	394	0.022793	0.022793	0.019242	0.019242
103	6	36	3	P95	601	-0.007831	-0.007831	0.009589	0.009589
103	6	36	3	P99	617	0.009447	0.009447	0.005004	0.005004
103	6	36	3	P999	617	0.009447	0.009447	0.005004	0.005004
103	7	48	4	P1	1	-0.006479	-0.006479	0.002901	0.002901
103	7	48	4	P50	2	0.034217	0.030131	-0.001975	-0.005909
103	7	48	4	P75	19	0.051591	0.036439	0.009870	-0.004650
103	7	48	4	P90	219	0.000280	0.000280	0.042429	0.042429
103	7	48	4	P95	588	-0.007733	-0.007733	0.009735	0.009735
103	7	48	4	P99	617	0.009447	0.009447	0.005004	0.005004
103	7	48	4	P999	617	0.009447	0.009447	0.005004	0.005004
104	1	23	1	P1	1	-0.011035	-0.011035	0.006226	0.006226
104	1	23	1	P50	63	-0.008216	-0.008216	0.005880	0.005880
104	1	23	1	P75	76	-0.000196	-0.000196	0.013862	0.013862
104	1	23	1	P90	79	0.004579	0.004579	0.001120	0.001120
104	1	23	1	P95	80	0.013823	0.013823	-0.002767	-0.002767
104	1	23	1	P99	80	0.036104	0.036104	0.005936	0.005936
104	1	23	1	P999	80	0.036104	0.036104	0.005936	0.005936
104	2	44	2	P1	1	-0.011035	-0.011035	0.006226	0.006226
104	2	44	2	P50	19	-0.041589	-0.047524	-0.027045	-0.033065
104	2	44	2	P75	63	0.013581	-0.008216	0.027969	0.005880
104	2	44	2	P90	78	-0.011610	-0.011610	-0.003513	-0.003513
104	2	44	2	P95	79	0.004579	0.004579	0.001120	0.001120
104	2	44	2	P99	80	0.036104	0.036104	0.005936	0.005936
104	2	44	2	P999	80	0.036104	0.036104	0.005936	0.005936
104	3	55	3	P1	1	-0.014782	-0.014782	0.002417	0.002417
104	3	55	3	P50	18	-0.016229	-0.016229	-0.001278	-0.001278
104	3	55	3	P75	20	-0.012942	-0.012942	0.001975	0.001975
104	3	55	3	P90	76	-0.000196	-0.000196	0.013862	0.013862
104	3	55	3	P95	79	0.004579	0.004579	0.001120	0.001120
104	3	55	3	P99	80	0.036104	0.036104	0.005936	0.005936
104	3	55	3	P999	80	0.036104	0.036104	0.005936	0.005936
104	4	167	4	P1	1	-0.016421	-0.016421	0.000749	0.000749
104	4	167	4	P50	1	0.014278	0.014278	0.031960	0.031960
104	4	167	4	P75	2	0.010835	0.010835	-0.015790	-0.015790
104	4	167	4	P90	19	-0.011358	-0.011358	0.003621	0.003621
104	4	167	4	P95	65	0.026049	0.026049	0.040580	0.040580
104	4	167	4	P99	80	0.013823	0.013823	-0.002767	-0.002767
104	4	167	4	P999	80	0.036104	0.036104	0.005936	0.005936
104	5	172	5	P1	1	-0.016452	-0.016452	0.000718	0.000718
104	5	172	5	P50	1	0.014052	0.013688	0.031730	0.031360
104	5	172	5	P75	2	0.008253	0.005677	-0.018302	-0.020808
104	5	172	5	P90	19	-0.017480	-0.017480	-0.002588	-0.002588
104	5	172	5	P95	65	0.026049	0.026049	0.040580	0.040580
104	5	172	5	P99	80	0.013823	0.013823	-0.002767	-0.002767
104	5	172	5	P999	80	0.036104	0.036104	0.005936	0.005936
104	6	188	6	P1	1	-0.016511	-0.016511	0.000658	0.000658
104	6	188	6	P50	1	0.014082	0.013748	0.031761	0.031422
104	6	188	6	P75	2	0.004976	0.002992	-0.021490	-0.023421
104	6	188	6	P90	19	-0.023563	-0.023563	-0.008760	-0.008760
104	6	188	6	P95	65	0.003984	0.003984	0.018219	0.018219
104	6	188	6	P99	80	0.013823	0.013823	-0.002767	-0.002767
104	6	188	6	P999	80	0.036104	0.036104	0.005936	0.005936
104	7	190	7	P1	1	-0.016520	-0.016520	0.000649	0.000649
104	7	190	7	P50	1	0.013938	0.013609	0.031614	0.031280
104	7	190	7	P75	2	0.002992	0.002992	-0.023421	-0.023421
104	7	190	7	P90	19	-0.023563	-0.029609	-0.008760	-0.014893
104	7	190	7	P95	65	0.003984	0.003984	0.018219	0.018219
104	7	190	7	P99	80	0.013823	0.013823	-0.002767	-0.002767
104	7	190	7	P999	80	0.036104	0.036104	0.005936	0.005936
105	1	9	0	P1	1	-0.016160	-0.016160	0.005445	0.005445
105	1	9	0	P50	1	0.005445	0.005445	0.027525	0.027525
105	1	9	0	P75	1	0.016425	0.016425	0.038746	0.038746
105	1	9	0	P90	2	0.023978	0.023978	0.001975	0.001975
105	1	9	0	P95	2	0.023978	0.023978	0.001975	0.001975
105	1	9	0	P99	2	0.023978	0.023978	0.001975	0.001975
105	1	9	0	P999	2	0.023978	0.023978	0.001975	0.001975
105	2	14	0	P1	1	-0.018213	-0.018213	0.003348	0.003348
105	2	14	0	P50	1	0.005025	0.001672	0.027096	0.023669
105	2	14	0	P75	1	0.015152	0.015152	0.037445	0.037445
105	2	14	0	P90	1	0.021960	0.021960	0.044403	0.044403
105	2	14	0	P95	2	0.023978	0.023978	0.001975	0.001975
105	2	14	0	P99	2	0.023978	0.023978	0.001975	0.001975
105	2	14	0	P999	2	0.023978	0.023978	0.001975	0.001975
105	3	16	1	P1	1	-0.014461	-0.014461	0.003348	0.003348
105	3	16	1	P50	1	0.012261	0.008881	0.030534	0.027096
105	3	16	1	P75	1	0.025892	0.022467	0.044403	0.040918
105	3	16	1	P90	301	0.013622	0.013622	0.028015	0.028015
105	3	16	1	P95	313	0.018073	0.018073	0.032499	0.032499
105	3	16	1	P99	313	0.018073	0.018073	0.032499	0.032499
105	3	16	1	P999	313	0.018073	0.018073	0.032499	0.032499
105	4	20	2	P1	1	-0.014901	-0.014901	0.002901	0.002901
105	4	20	2	P50	1	0.014068	0.011133	0.032373	0.029387
105	4	20	2	P75	2	-0.000985	-0.487054	-0.026629	-0.477799
105	4	20	2	P90	301	0.013622	-0.993167	0.028015	-0.993342
105	4	20	2	P95	313	0.018073	-0.025239	0.032499	-0.011398
105	4	20	2	P99	313	0.018073	0.018073	0.032499	0.032499
105	4	20	2	P999	313	0.018073	0.018073	0.032499	0.032499
105	5	23	3	P1	1	-0.015376	-0.015376	0.002417	0.002417
105	5	23	3	P50	1	0.011133	0.011133	0.029387	0.029387
105	5	23	3	P75	1	0.025892	0.025892	0.044403	0.044403
105	5	23	3	P90	2	0.028393	0.028393	0.001975	0.001975
105	5	23	3	P95	301	0.013622	0.013622	0.028015	0.028015
105	5	23	3	P99	313	0.018073	0.018073	0.032499	0.032499
105	5	23	3	P999	313	0.018073	0.018073	0.032499	0.032499
105	6	26	4	P1	1	-0.015716	-0.015716	0.002071	0.002071
105	6	26	4	P50	1	0.011133	0.009042	0.029387	0.027259
105	6	26	4	P75	1	0.023771	0.023771	0.042244	0.042244
105	6	26	4	P90	2	0.028393	0.028393	0.001975	0.001975
105	6	26	4	P95	301	0.013622	0.013622	0.028015	0.028015
105	6	26	4	P99	313	0.018073	0.018073	0.032499	0.032499
105	6	26	4	P999	313	0.018073	0.018073	0.032499	0.032499
105	7	29	5	P1	1	-0.015971	-0.015971	0.001812	0.001812
105	7	29	5	P50	1	0.009303	0.009303	0.027525	0.027525
105	7	29	5	P75	1	0.022182	0.022182	0.040628	0.040628
105	7	29	5	P90	2	0.028393	0.028393	0.001975	0.001975
105	7	29	5	P95	301	0.013622	0.013622	0.028015	0.028015
105	7	29	5	P99	313	0.018073	0.018073	0.032499	0.032499
105	7	29	5	P999	313	0.018073	0.018073	0.032499	0.032499
106	1	6	1	P1	1	0.001957	0.001957	0.014587	0.014587
106	1	6	1	P50	18	0.012629	-0.942697	0.020654	-0.941978
106	1	6	1	P75	19	0.001999	0.001999	0.009870	0.009870
106	1	6	1	P90	20	-0.005765	-0.005765	0.001975	0.001975
106	1	6	1	P95	20	-0.005765	-0.005765	0.001975	0.001975
106	1	6	1	P99	20	-0.005765	-0.005765	0.001975	0.001975
106	1	6	1	P999	20	-0.005765	-0.005765	0.001975	0.001975
106	2	12	2	P1	1	0.009283	0.009283	0.014587	0.014587
106	2	12	2	P50	20	0.005297	-0.016366	0.001975	-0.019556
106	2	12	2	P75	22	-0.024371	-0.045395	0.015392	-0.006427
106	2	12	2	P90	22	-0.002884	-0.002884	0.037691	0.037691
106	2	12	2	P95	25	-0.000013	-0.000013	0.040290	0.040290
106	2	12	2	P99	25	-0.000013	-0.000013	0.040290	0.040290
106	2	12	2	P999	25	-0.000013	-0.000013	0.040290	0.040290
106	3	16	3	P1	1	-0.005891	-0.005891	0.014587	0.014587
106	3	16	3	P50	21	-0.005663	-0.014268	0.014104	0.005331
106	3	16	3	P75	22	-0.011574	-0.025788	0.008067	-0.006427
106	3	16	3	P90	22	0.017480	0.017480	0.037691	0.037691
106	3	16	3	P95	25	0.020059	0.020059	0.040290	0.040290
106	3	16	3	P99	25	0.020059	0.020059	0.040290	0.040290
106	3	16	3	P999	25	0.020059	0.020059	0.040290	0.040290
106	4	19	4	P1	1	-0.005891	-0.005891	0.014587	0.014587
106	4	19	4	P50	20	0.026063	0.026063	0.001975	0.001975
106	4	19	4	P75	21	0.020603	0.020603	0.040886	0.040886
106	4	19	4	P90	22	0.017480	0.017480	0.037691	0.037691
106	4	19	4	P95	25	0.020059	0.020059	0.040290	0.040290
106	4	19	4	P99	25	0.020059	0.020059	0.040290	0.040290
106	4	19	4	P999	25	0.020059	0.020059	0.040290	0.040290
106	5	22	5	P1	1	-0.005891	-0.005891	0.014587	0.014587
106	5	22	5	P50	20	0.004009	-0.017570	-0.019556	-0.040624
106	5	22	5	P75	21	0.011771	0.011771	0.031881	0.031881
106	5	22	5	P90	22	0.002848	0.002848	0.022771	0.022771
106	5	22	5	P95	22	0.017480	0.017480	0.037691	0.037691
106	5	22	5	P99	25	0.020059	0.020059	0.040290	0.040290
106	5	22	5	P999	25	0.020059	0.020059	0.040290	0.040290
106	6	27	6	P1	1	-0.014850	-0.014850	0.005445	0.005445
106	6	27	6	P50	12	0.015208	0.015208	0.035520	0.035520
106	6	27	6	P75	21	0.003016	0.003016	0.022954	0.022954
106	6	27	6	P90	22	0.002848	0.002848	0.022771	0.022771
106	6	27	6	P95	22	0.017480	0.017480	0.037691	0.037691
106	6	27	6	P99	25	0.020059	0.020059	0.040290	0.040290
106	6	27	6	P999	25	0.020059	0.020059	0.040290	0.040290
106	7	30	7	P1	1	-0.014850	-0.014850	0.005445	0.005445
106	7	30	7	P50	11	0.015311	0.004340	0.035645	0.024458
106	7	30	7	P75	21	-0.005663	-0.005663	0.014104	0.014104
106	7	30	7	P90	22	0.002848	-0.011574	0.022771	0.008067
106	7	30	7	P95	22	0.017480	0.017480	0.037691	0.037691
106	7	30	7	P99	25	0.020059	0.020059	0.040290	0.040290
106	7	30	7	P999	25	0.020059	0.020059	0.040290	0.040290
107	1	6	0	P1	1	-0.012949	-0.012949	0.008727	0.008727
107	1	6	0	P50	1	0.013119	0.004354	0.035367	0.026410
107	1	6	0	P75	1	0.021960	0.021960	0.044403	0.044403
107	1	6	0	P90	2	0.023978	0.023978	0.001975	0.001975
107	1	6	0	P95	2	0.023978	0.023978	0.001975	0.001975
107	1	6	0	P99	2	0.023978	0.023978	0.001975	0.001975
107	1	6	0	P999	2	0.023978	0.023978	0.001975	0.001975
107	2	883	0	P1	1	-0.020983	-0.020983	0.000516	0.000516
107	2	883	0	P50	1	0.003617	0.003617	0.025657	0.025657
107	2	883	0	P75	1	0.016411	0.016411	0.038731	0.038731
107	2	883	0	P90	2	-0.006866	-0.006866	-0.028207	-0.028207
107	2	883	0	P95	2	0.008438	0.008438	-0.013231	-0.013231
107	2	883	0	P99	2	0.021135	0.021135	-0.000807	-0.000807
107	2	883	0	P999	2	0.023978	0.023978	0.001975	0.001975
107	3	2652	1	P1	1	-0.002349	-0.002349	0.001277	0.001277
107	3	2652	1	P50	9	-0.008343	-0.008397	-0.011573	-0.011627
107	3	2652	1	P75	10	-0.031641	-0.031709	0.007803	0.007733
107	3	2652	1	P90	10	-0.004504	-0.004504	0.035956	0.035956
107	3	2652	1	P95	11	-0.040785	-0.040785	-0.001982	-0.001982
107	3	2652	1	P99	12	-0.021188	-0.021188	0.018064	0.018064
107	3	2652	1	P999	33	-0.013483	-0.013483	0.022793	0.022793
107	4	2654	2	P1	1	-0.002349	-0.002349	0.001277	0.001277
107	4	2654	2	P50	9	-0.008397	-0.008451	-0.011627	-0.011681
107	4	2654	2	P75	10	-0.031709	-0.031709	0.007733	0.007733
107	4	2654	2	P90	10	-0.004504	-0.004504	0.035956	0.035956
107	4	2654	2	P95	11	-0.040785	-0.040785	-0.001982	-0.001982
107	4	2654	2	P99	12	-0.021188	-0.021188	0.018064	0.018064
107	4	2654	2	P999	33	-0.013483	-0.013483	0.022793	0.022793
107	5	2656	3	P1	1	-0.010235	-0.010235	0.001276	0.001276
107	5	2656	3	P50	9	-0.019202	-0.019256	-0.011627	-0.011681
107	5	2656	3	P75	10	-0.042301	-0.042368	0.007803	0.007733
107	5	2656	3	P90	10	-0.015431	-0.015431	0.036028	0.036028
107	5	2656	3	P95	11	-0.051074	-0.051074	-0.001580	-0.001580
107	5	2656	3	P99	12	-0.030387	-0.030387	0.019989	0.019989
107	5	2656	3	P999	62	-0.004105	-0.004105	0.000141	0.000141
107	6	2664	4	P1	1	-0.010242	-0.010242	0.001269	0.001269
107	6	2664	4	P50	9	-0.019256	-0.019310	-0.011697	-0.011751
107	6	2664	4	P75	10	-0.042301	-0.042368	0.007803	0.007733
107	6	2664	4	P90	10	-0.015363	-0.015363	0.036100	0.036100
107	6	2664	4	P95	11	-0.050691	-0.050691	-0.001310	-0.001310
107	6	2664	4	P99	12	-0.030387	-0.030387	0.019989	0.019989
107	6	2664	4	P999	62	-0.004105	-0.004105	0.000141	0.000141
107	7	2667	5	P1	1	-0.010246	-0.010246	0.001265	0.001265
107	7	2667	5	P50	9	-0.019363	-0.019363	-0.011805	-0.011805
107	7	2667	5	P75	10	-0.042368	-0.042368	0.007733	0.007733
107	7	2667	5	P90	10	-0.015363	-0.015363	0.036100	0.036100
107	7	2667	5	P95	11	-0.050691	-0.050691	-0.001310	-0.001310
107	7	2667	5	P99	12	-0.030387	-0.030387	0.019989	0.019989
107	7	2667	5	P999	62	-0.004105	-0.004105	0.000141	0.000141
108	1	9	1	P1	1	-0.001159	-0.001159	0.006226	0.006226
108	1	9	1	P50	1	0.024012	0.024012	0.031519	0.031519
108	1	9	1	P75	1	0.036834	0.036834	0.044403	0.044403
108	1	9	1	P90	209	0.007409	0.007409	0.001402	0.001402
108	1	9	1	P95	209	0.007409	0.007409	0.001402	0.001402
108	1	9	1	P99	209	0.007409	0.007409	0.001402	0.001402
108	1	9	1	P999	209	0.007409	0.007409	0.001402	0.001402
108	2	11	2	P1	1	-0.001159	-0.001159	0.006226	0.006226
108	2	11	2	P50	1	0.030403	0.030403	0.037941	0.037941
108	2	11	2	P75	101	0.038458	0.038458	0.034062	0.034062
108	2	11	2	P90	200	0.007876	0.007876	0.001975	0.001975
108	2	11	2	P95	209	0.007409	0.007409	0.001402	0.001402
108	2	11	2	P99	209	0.007409	0.007409	0.001402	0.001402
108	2	11	2	P999	209	0.007409	0.007409	0.001402	0.001402
108	3	19	3	P1	1	-0.004468	-0.004468	0.002901	0.002901
108	3	19	3	P50	1	0.021890	0.021890	0.029387	0.029387
108	3	19	3	P75	1	0.036834	0.036834	0.044403	0.044403
108	3	19	3	P90	200	0.007876	0.007876	0.001975	0.001975
108	3	19	3	P95	209	0.007409	0.007409	0.001402	0.001402
108	3	19	3	P99	209	0.007409	0.007409	0.001402	0.001402
108	3	19	3	P999	209	0.007409	0.007409	0.001402	0.001402
108	4	25	4	P1	1	-0.005294	-0.005294	0.002071	0.002071
108	4	25	4	P50	1	0.019773	0.019773	0.027259	0.027259
108	4	25	4	P75	1	0.032542	0.032542	0.040090	0.040090
108	4	25	4	P90	101	0.038458	0.038458	0.034062	0.034062
108	4	25	4	P95	200	0.007876	0.007876	0.001975	0.001975
108	4	25	4	P99	209	0.007409	0.007409	0.001402	0.001402
108	4	25	4	P999	209	0.007409	0.007409	0.001402	0.001402
108	5	33	5	P1	1	-0.005294	-0.005294	0.002071	0.002071
108	5	33	5	P50	1	0.028268	0.028268	0.035796	0.035796
108	5	33	5	P75	3	0.011954	0.011954	0.016613	0.016613
108	5	33	5	P90	77	0.048888	0.048888	0.000695	0.000695
108	5	33	5	P95	200	0.007876	0.007876	0.001975	0.001975
108	5	33	5	P99	209	0.007409	0.007409	0.001402	0.001402
108	5	33	5	P999	209	0.007409	0.007409	0.001402	0.001402
108	6	37	6	P1	1	-0.005624	-0.005624	0.001739	0.001739
108	6	37	6	P50	1	0.026052	0.026052	0.033569	0.033569
108	6	37	6	P75	3	0.004634	0.004634	0.009278	0.009278
108	6	37	6	P90	77	0.048888	0.048888	0.000695	0.000695
108	6	37	6	P95	200	0.007876	0.007876	0.001975	0.001975
108	6	37	6	P99	209	0.007409	0.007409	0.001402	0.001402
108	6	37	6	P999	209	0.007409	0.007409	0.001402	0.001402
108	7	42	7	P1	1	-0.005752	-0.005752	0.001610	0.001610
108	7	42	7	P50	1	0.028505	0.026847	0.036034	0.034368
108	7	42	7	P75	3	-0.002632	-0.002632	0.001996	0.001996
108	7	42	7	P90	4	0.000040	0.000040	0.003953	0.003953
108	7	42	7	P95	101	0.038458	0.038458	0.034062	0.034062
108	7	42	7	P99	209	0.007409	0.007409	0.001402	0.001402
108	7	42	7	P999	209	0.007409	0.007409	0.001402	0.001402
109	1	7	1	P1	1	-0.005441	-0.005441	0.008727	0.008727
109	1	7	1	P50	1	0.020860	0.020860	0.035367	0.035367
109	1	7	1	P75	161	-0.005772	-0.005772	0.001662	0.001662
109	1	7	1	P90	214	0.014257	0.014257	0.021431	0.021431
109	1	7	1	P95	214	0.014257	0.014257	0.021431	0.021431
109	1	7	1	P99	214	0.014257	0.014257	0.021431	0.021431
109	1	7	1	P999	214	0.014257	0.014257	0.021431	0.021431
109	2	13	2	P1	1	-0.005412	-0.005412	0.008727	0.008727
109	2	13	2	P50	214	0.014314	0.014314	0.021431	0.021431
109	2	13	2	P75	280	0.006435	0.006435	0.013146	0.013146
109	2	13	2	P90	409	0.019193	0.019193	0.025459	0.025459
109	2	13	2	P95	635	0.014227	0.014227	0.019875	0.019875
109	2	13	2	P99	635	0.014227	0.014227	0.019875	0.019875
109	2	13	2	P999	635	0.014227	0.014227	0.019875	0.019875
109	3	30	3	P1	1	-0.005412	-0.005412	0.008727	0.008727
109	3	30	3	P50	39	-0.001722	-0.608210	0.000300	-0.604073
109	3	30	3	P75	161	-0.005717	-0.005717	0.001662	0.001662
109	3	30	3	P90	298	0.031604	-0.054357	0.038364	-0.048050
109	3	30	3	P95	409	0.019193	0.019193	0.025459	0.025459
109	3	30	3	P99	635	0.014227	0.014227	0.019875	0.019875
109	3	30	3	P999	635	0.014227	0.014227	0.019875	0.019875
109	4	36	4	P1	1	-0.007881	-0.007881	0.006226	0.006226
109	4	36	4	P50	14	0.044955	0.022471	0.011149	-0.010578
109	4	36	4	P75	56	0.051019	0.006277	0.015147	-0.028012
109	4	36	4	P90	280	0.006435	0.006435	0.013146	0.013146
109	4	36	4	P95	409	0.019193	0.019193	0.025459	0.025459
109	4	36	4	P99	635	0.014227	0.014227	0.019875	0.019875
109	4	36	4	P999	635	0.014227	0.014227	0.019875	0.019875
109	5	44	5	P1	1	-0.009729	-0.009729	0.004354	0.004354
109	5	44	5	P50	14	0.022471	-0.121937	-0.010578	-0.112412
109	5	44	5	P75	161	-0.005717	-0.634428	0.001662	-0.646905
109	5	44	5	P90	333	0.007096	0.007096	0.013579	0.013579
109	5	44	5	P95	372	0.027191	0.027191	0.033624	0.033624
109	5	44	5	P99	635	0.014227	0.014227	0.019875	0.019875
109	5	44	5	P999	635	0.014227	0.014227	0.019875	0.019875
109	6	55	6	P1	1	-0.009729	-0.009729	0.004354	0.004354
109	6	55	6	P50	31	0.010392	0.010392	0.020090	0.020090
109	6	55	6	P75	135	0.025712	0.025712	0.004018	0.004018
109	6	55	6	P90	298	0.031604	0.031604	0.038364	0.038364
109	6	55	6	P95	372	0.027191	0.027191	0.033624	0.033624
109	6	55	6	P99	635	0.014227	0.014227	0.019875	0.019875
109	6	55	6	P999	635	0.014227	0.014227	0.019875	0.019875
109	7	60	7	P1	1	-0.009729	-0.009729	0.004354	0.004354
109	7	60	7	P50	15	0.018655	-0.003263	0.029409	0.007289
109	7	60	7	P75	133	0.026148	0.011376	0.010300	0.001559
109	7	60	7	P90	298	0.031604	-0.054357	0.038364	-0.048050
109	7	60	7	P95	372	0.027191	-0.058403	0.033624	-0.052396
109	7	60	7	P99	635	0.014227	0.014227	0.019875	0.019875
109	7	60	7	P999	635	0.014227	0.014227	0.019875	0.019875
110	1	4	1	P1	2	0.037847	0.037847	0.001975	0.001975
110	1	4	1	P50	35	0.006433	-0.498707	0.007168	-0.497409
110	1	4	1	P75	47	0.016677	-0.250529	0.016594	-0.249982
110	1	4	1	P90	47	0.016677	0.016677	0.016594	0.016594
110	1	4	1	P95	47	0.016677	0.016677	0.016594	0.016594
110	1	4	1	P99	47	0.016677	0.016677	0.016594	0.016594
110	1	4	1	P999	47	0.016677	0.016677	0.016594	0.016594
110	2	8	2	P1	2	0.037847	0.037847	0.001975	0.001975
110	2	8	2	P50	4	0.041829	-0.231988	0.003953	-0.226419
110	2	8	2	P75	35	0.006433	-0.498707	0.007168	-0.497409
110	2	8	2	P90	47	0.016677	0.016677	0.016594	0.016594
110	2	8	2	P95	47	0.016677	0.016677	0.016594	0.016594
110	2	8	2	P99	47	0.016677	0.016677	0.016594	0.016594
110	2	8	2	P999	47	0.016677	0.016677	0.016594	0.016594
110	3	46	3	P1	1	-0.006491	-0.006491	0.001359	0.001359
110	3	46	3	P50	1	0.025099	0.023705	0.033120	0.031719
110	3	46	3	P75	2	0.017709	0.017709	-0.019556	-0.019556
110	3	46	3	P90	3	0.026149	0.026149	0.031442	0.031442
110	3	46	3	P95	17	0.033766	0.033766	0.034747	0.034747
110	3	46	3	P99	47	0.018084	0.018084	0.016594	0.016594
110	3	46	3	P999	47	0.018084	0.018084	0.016594	0.016594
110	4	70	4	P1	1	-0.018844	-0.018844	0.001359	0.001359
110	4	70	4	P50	2	0.010782	0.003487	-0.012431	-0.019556
110	4	70	4	P75	56	0.008670	0.008670	0.005394	0.005394
110	4	70	4	P90	63	0.008213	-0.013457	0.027969	-0.015734
110	4	70	4	P95	70	0.000593	0.000593	-0.012528	-0.012528
110	4	70	4	P99	72	0.005026	0.005026	0.024689	0.024689
110	4	70	4	P999	72	0.005026	0.005026	0.024689	0.024689
110	5	80	5	P1	1	-0.018922	-0.018922	0.001279	0.001279
110	5	80	5	P50	2	0.007128	0.003487	-0.016000	-0.019556
110	5	80	5	P75	56	-0.000058	-0.004394	-0.004266	-0.009061
110	5	80	5	P90	61	0.018888	-0.003011	0.016537	0.001921
110	5	80	5	P95	70	0.000593	-0.010219	-0.012528	-0.033747
110	5	80	5	P99	72	0.005026	0.005026	0.024689	0.024689
110	5	80	5	P999	72	0.005026	0.005026	0.024689	0.024689
110	6	90	6	P1	1	-0.018992	-0.018992	0.001208	0.001208
110	6	90	6	P50	2	0.003487	0.001309	-0.019556	-0.021683
110	6	90	6	P75	55	-0.008080	-0.008080	-0.000738	-0.000738
110	6	90	6	P90	60	0.013606	-0.008180	0.018620	0.003975
110	6	90	6	P95	67	0.034100	0.034100	0.009518	0.009518
110	6	90	6	P99	72	0.005026	0.005026	0.024689	0.024689
110	6	90	6	P999	72	0.005026	0.005026	0.024689	0.024689
110	7	135	7	P1	1	-0.018096	-0.018096	0.002122	0.002122
110	7	135	7	P50	2	0.005233	0.005233	-0.017851	-0.017851
110	7	135	7	P75	3	-0.002736	-0.002736	0.017533	0.017533
110	7	135	7	P90	57	0.008350	0.008350	0.014821	0.014821
110	7	135	7	P95	63	0.008213	0.008213	0.027969	0.027969
110	7	135	7	P99	72	-0.005834	-0.005834	0.002670	0.002670
110	7	135	7	P999	72	0.005026	0.005026	0.024689	0.024689
111	1	24	0	P1	1	-0.019638	-0.019638	0.001891	0.001891
111	1	24	0	P50	1	0.002837	0.000945	0.024860	0.022926
111	1	24	0	P75	1	0.014268	0.012354	0.036541	0.034585
111	1	24	0	P90	1	0.020032	0.020032	0.042432	0.042432
111	1	24	0	P95	1	0.021960	0.021960	0.044403	0.044403
111	1	24	0	P99	2	0.023978	0.023978	0.001975	0.001975
111	1	24	0	P999	2	0.023978	0.023978	0.001975	0.001975
111	2	28	0	P1	1	-0.019852	-0.019852	0.001672	0.001672
111	2	28	0	P50	1	0.003348	0.001672	0.025381	0.023669
111	2	28	0	P75	1	0.015152	0.013457	0.037445	0.035713
111	2	28	0	P90	1	0.021960	0.021960	0.044403	0.044403
111	2	28	0	P95	2	0.001975	0.001975	-0.019556	-0.019556
111	2	28	0	P99	2	0.023978	0.023978	0.001975	0.001975
111	2	28	0	P999	2	0.023978	0.023978	0.001975	0.001975
111	3	30	0	P1	1	-0.019969	-0.019969	0.001553	0.001553
111	3	30	0	P50	1	0.003108	0.001553	0.025136	0.023547
111	3	30	0	P75	1	0.014062	0.014062	0.036331	0.036331
111	3	30	0	P90	1	0.021960	0.020376	0.044403	0.042783
111	3	30	0	P95	2	0.001975	0.001975	-0.019556	-0.019556
111	3	30	0	P99	2	0.023978	0.023978	0.001975	0.001975
111	3	30	0	P999	2	0.023978	0.023978	0.001975	0.001975
111	4	32	0	P1	1	-0.020070	-0.020070	0.001449	0.001449
111	4	32	0	P50	1	0.002901	0.001449	0.024924	0.023441
111	4	32	0	P75	1	0.014587	0.013119	0.036868	0.035367
111	4	32	0	P90	1	0.020481	0.020481	0.042891	0.042891
111	4	32	0	P95	2	0.001975	0.001975	-0.019556	-0.019556
111	4	32	0	P99	2	0.023978	0.023978	0.001975	0.001975
111	4	32	0	P999	2	0.023978	0.023978	0.001975	0.001975
111	5	43	0	P1	1	-0.020369	-0.020369	0.001144	0.001144
111	5	43	0	P50	1	0.003436	0.003436	0.025471	0.025471
111	5	43	0	P75	1	0.016135	0.016135	0.038449	0.038449
111	5	43	0	P90	2	-0.011000	-0.011000	-0.032252	-0.032252
111	5	43	0	P95	2	0.006337	0.006337	-0.015287	-0.015287
111	5	43	0	P99	2	0.023978	0.023978	0.001975	0.001975
111	5	43	0	P999	2	0.023978	0.023978	0.001975	0.001975
111	6	67	1	P1	1	-0.020309	-0.020309	0.001144	0.001144
111	6	67	1	P50	1	0.017360	0.017360	0.039637	0.039637
111	6	67	1	P75	111	0.004373	0.004373	-0.000092	-0.000092
111	6	67	1	P90	117	0.002409	0.002409	0.003750	0.003750
111	6	67	1	P95	118	0.015741	0.015741	0.008300	0.008300
111	6	67	1	P99	123	0.032565	0.032565	0.010263	0.010263
111	6	67	1	P999	123	0.032565	0.032565	0.010263	0.010263
111	7	77	2	P1	1	-0.020309	-0.020309	0.001144	0.001144
111	7	77	2	P50	2	-0.010932	-0.010932	-0.032252	-0.032252
111	7	77	2	P75	109	-0.003515	-0.003515	-0.007945	-0.007945
111	7	77	2	P90	116	0.003756	0.003756	0.008014	0.008014
111	7	77	2	P95	118	0.015741	0.015741	0.008300	0.008300
111	7	77	2	P99	123	0.032565	0.032565	0.010263	0.010263
111	7	77	2	P999	123	0.032565	0.032565	0.010263	0.010263
112	1	186	1	P1	1	-0.002843	-0.002843	0.010920	0.010920
112	1	186	1	P50	56	0.023106	0.022250	0.013811	0.012478
112	1	186	1	P75	59	0.012134	0.012134	-0.002850	-0.002850
112	1	186	1	P90	60	0.025279	0.025279	0.014414	0.014414
112	1	186	1	P95	61	0.041919	0.041919	0.011816	0.011816
112	1	186	1	P99	69	0.015844	0.015844	0.023782	0.023782
112	1	186	1	P999	119	0.036941	0.036941	0.044222	0.044222
112	2	190	2	P1	1	-0.002843	-0.002843	0.010920	0.010920
112	2	190	2	P50	56	0.021395	0.020541	0.011146	0.009815
112	2	190	2	P75	59	0.011060	0.011060	-0.003609	-0.003609
112	2	190	2	P90	60	0.025279	0.024192	0.014414	0.012841
112	2	190	2	P95	61	0.041919	0.041919	0.011816	0.011816
112	2	190	2	P99	69	0.015844	0.015844	0.023782	0.023782
112	2	190	2	P999	119	0.036941	0.036941	0.044222	0.044222
112	3	196	3	P1	1	-0.007480	-0.007480	0.006226	0.006226
112	3	196	3	P50	56	0.018835	0.017983	0.007160	0.005835
112	3	196	3	P75	59	0.009988	0.008917	-0.004368	-0.005127
112	3	196	3	P90	60	0.024192	0.024192	0.012841	0.012841
112	3	196	3	P95	61	0.041919	0.041919	0.011816	0.011816
112	3	196	3	P99	69	0.015844	0.015844	0.023782	0.023782
112	3	196	3	P999	119	0.036941	0.036941	0.044222	0.044222
112	4	237	4	P1	1	-0.006451	-0.006451	0.007267	0.007267
112	4	237	4	P50	56	0.016269	0.016269	0.005173	0.005173
112	4	237	4	P75	59	0.001302	0.001302	-0.007557	-0.007557
112	4	237	4	P90	60	0.021138	0.021138	0.009001	0.009001
112	4	237	4	P95	61	0.038149	0.038149	0.010463	0.010463
112	4	237	4	P99	66	0.016805	0.016805	0.024813	0.024813
112	4	237	4	P999	119	0.036941	0.036941	0.044222	0.044222
112	5	241	5	P1	1	-0.006451	-0.006451	0.007267	0.007267
112	5	241	5	P50	56	0.015024	0.015024	0.003190	0.003190
112	5	241	5	P75	59	0.000290	0.000290	-0.008156	-0.008156
112	5	241	5	P90	60	0.020105	0.020105	0.007491	0.007491
112	5	241	5	P95	61	0.034392	0.034392	0.008951	0.008951
112	5	241	5	P99	66	0.016805	0.016805	0.024813	0.024813
112	5	241	5	P999	119	0.036941	0.036941	0.044222	0.044222
112	6	251	6	P1	1	-0.008251	-0.008251	0.005445	0.005445
112	6	251	6	P50	56	0.011919	0.011919	-0.001751	-0.001751
112	6	251	6	P75	58	0.015479	0.015479	0.007728	0.007728
112	6	251	6	P90	60	0.019074	0.019074	0.005983	0.005983
112	6	251	6	P95	61	0.034392	0.034392	0.008951	0.008951
112	6	251	6	P99	66	0.016805	0.016805	0.024813	0.024813
112	6	251	6	P999	119	0.036941	0.036941	0.044222	0.044222
112	7	327	7	P1	1	-0.014317	-0.014317	0.007267	0.007267
112	7	327	7	P50	58	-0.013438	-0.013438	-0.007359	-0.007359
112	7	327	7	P75	64	0.007627	0.007627	0.011907	0.011907
112	7	327	7	P90	112	0.000222	0.000222	0.003188	0.003188
112	7	327	7	P95	116	0.003756	0.003756	0.014604	0.014604
112	7	327	7	P99	198	0.001280	0.001280	-0.002455	-0.002455
112	7	327	7	P999	201	0.019004	0.019004	0.041259	0.041259
113	1	6	1	P1	47	0.056162	0.056162	0.016594	0.016594
113	1	6	1	P50	65	-0.008236	-0.029600	0.010873	-0.003660
113	1	6	1	P75	66	-0.001758	-0.001758	0.010079	0.010079
113	1	6	1	P90	66	0.020219	0.020219	0.024813	0.024813
113	1	6	1	P95	66	0.020219	0.020219	0.024813	0.024813
113	1	6	1	P99	66	0.020219	0.020219	0.024813	0.024813
113	1	6	1	P999	66	0.020219	0.020219	0.024813	0.024813
113	2	14	2	P1	47	0.044848	0.044848	0.016594	0.016594
113	2	14	2	P50	92	-0.004643	-0.018963	0.011034	-0.003502
113	2	14	2	P75	141	0.003111	0.003111	0.003978	0.003978
113	2	14	2	P90	144	0.011096	0.011096	0.011951	0.011951
113	2	14	2	P95	147	0.034470	0.034470	0.005759	0.005759
113	2	14	2	P99	147	0.034470	0.034470	0.005759	0.005759
113	2	14	2	P999	147	0.034470	0.034470	0.005759	0.005759
113	3	21	3	P1	1	-0.011918	-0.011918	0.006226	0.006226
113	3	21	3	P50	65	-0.019120	-0.019120	0.010873	0.010873
113	3	21	3	P75	92	0.010099	0.010099	0.025782	0.025782
113	3	21	3	P90	143	0.003716	0.003716	0.004377	0.004377
113	3	21	3	P95	144	0.011294	0.011294	0.011951	0.011951
113	3	21	3	P99	147	0.034671	0.034671	0.005759	0.005759
113	3	21	3	P999	147	0.034671	0.034671	0.005759	0.005759
113	4	53	4	P1	1	-0.011918	-0.011918	0.006226	0.006226
113	4	53	4	P50	141	0.003309	0.003309	0.003978	0.003978
113	4	53	4	P75	284	0.016890	0.016890	0.011353	0.011353
113	4	53	4	P90	300	0.006642	0.006642	0.009278	0.009278
113	4	53	4	P95	303	0.021039	0.021039	0.021230	0.021230
113	4	53	4	P99	312	0.020744	0.020744	0.035808	0.035808
113	4	53	4	P999	312	0.020744	0.020744	0.035808	0.035808
113	5	55	5	P1	1	-0.013281	-0.013281	0.004839	0.004839
113	5	55	5	P50	93	0.013823	0.013823	0.029554	0.029554
113	5	55	5	P75	284	0.016890	0.016890	0.011353	0.011353
113	5	55	5	P90	300	0.006642	0.006642	0.009278	0.009278
113	5	55	5	P95	303	0.021039	0.021039	0.021230	0.021230
113	5	55	5	P99	312	0.020744	0.020744	0.035808	0.035808
113	5	55	5	P999	312	0.020744	0.020744	0.035808	0.035808
113	6	57	6	P1	1	-0.013281	-0.013281	0.004839	0.004839
113	6	57	6	P50	92	0.010099	0.010099	0.025782	0.025782
113	6	57	6	P75	284	0.005899	0.005899	0.005095	0.005095
113	6	57	6	P90	300	0.006642	0.006642	0.009278	0.009278
113	6	57	6	P95	303	0.021039	0.021039	0.021230	0.021230
113	6	57	6	P99	312	0.020744	0.020744	0.035808	0.035808
113	6	57	6	P999	312	0.020744	0.020744	0.035808	0.035808
113	7	75	7	P1	1	-0.013281	-0.013281	0.004839	0.004839
113	7	75	7	P50	38	0.040090	0.040090	0.011864	0.011864
113	7	75	7	P75	274	0.007600	0.007600	0.016233	0.016233
113	7	75	7	P90	298	0.003656	0.003656	0.001444	0.001444
113	7	75	7	P95	300	0.016414	0.016414	0.024000	0.024000
113	7	75	7	P99	312	0.020744	0.020744	0.035808	0.035808
113	7	75	7	P999	312	0.020744	0.020744	0.035808	0.035808
114	1	69	1	P1	1	-0.034967	-0.034967	0.004839	0.004839
114	1	69	1	P50	274	-0.003418	-0.003418	0.010642	0.010642
114	1	69	1	P75	385	-0.006996	-0.006996	0.002675	0.002675
114	1	69	1	P90	405	0.002150	0.002150	-0.001235	-0.001235
114	1	69	1	P95	412	0.006784	0.006784	0.003356	0.003356
114	1	69	1	P99	422	0.004539	0.004539	0.037999	0.037999
114	1	69	1	P999	422	0.004539	0.004539	0.037999	0.037999
114	2	74	2	P1	1	-0.046314	-0.046314	0.003108	0.003108
114	2	74	2	P50	273	-0.015464	-0.020216	0.004598	-0.000239
114	2	74	2	P75	384	-0.015542	-0.015542	0.001324	0.001324
114	2	74	2	P90	399	0.005907	0.005907	0.006470	0.006470
114	2	74	2	P95	412	0.001043	0.001043	0.003356	0.003356
114	2	74	2	P99	422	-0.001167	-0.001167	0.037999	0.037999
114	2	74	2	P999	422	-0.001167	-0.001167	0.037999	0.037999
114	3	90	3	P1	1	-0.046314	-0.046314	0.003108	0.003108
114	3	90	3	P50	264	-0.017162	-0.020214	0.006756	0.003118
114	3	90	3	P75	372	-0.005671	-0.005671	-0.001683	-0.001683
114	3	90	3	P90	396	0.008026	0.002554	0.010097	0.006116
114	3	90	3	P95	412	-0.006196	-0.006196	-0.003883	-0.003883
114	3	90	3	P99	422	-0.001167	-0.001167	0.037999	0.037999
114	3	90	3	P999	422	-0.001167	-0.001167	0.037999	0.037999
114	4	93	4	P1	1	-0.046314	-0.046314	0.003108	0.003108
114	4	93	4	P50	263	-0.019543	-0.019543	0.003293	0.003293
114	4	93	4	P75	365	-0.001205	-0.001205	0.008660	0.008660
114	4	93	4	P90	396	0.002554	0.002554	0.006116	0.006116
114	4	93	4	P95	412	-0.006196	-0.006196	-0.003883	-0.003883
114	4	93	4	P99	422	-0.001167	-0.001167	0.037999	0.037999
114	4	93	4	P999	422	-0.001167	-0.001167	0.037999	0.037999
114	5	121	5	P1	1	-0.041688	-0.041688	0.005124	0.005124
114	5	121	5	P50	60	0.022950	0.022950	0.022315	0.022315
114	5	121	5	P75	283	-0.004378	-0.004378	-0.002421	-0.002421
114	5	121	5	P90	393	-0.006155	-0.006155	0.001855	0.001855
114	5	121	5	P95	405	-0.003587	-0.003587	-0.001235	-0.001235
114	5	121	5	P99	416	0.005912	0.005912	0.008203	0.008203
114	5	121	5	P999	422	-0.001167	-0.001167	0.037999	0.037999
114	6	127	6	P1	1	-0.041688	-0.041688	0.005124	0.005124
114	6	127	6	P50	59	0.006864	0.006864	0.006313	0.006313
114	6	127	6	P75	282	-0.011665	-0.011665	-0.003704	-0.003704
114	6	127	6	P90	393	-0.006155	-0.006155	0.001855	0.001855
114	6	127	6	P95	405	-0.003587	-0.003587	-0.001235	-0.001235
114	6	127	6	P99	416	0.005912	0.005912	0.008203	0.008203
114	6	127	6	P999	422	-0.001167	-0.001167	0.037999	0.037999
114	7	178	7	P1	1	-0.041688	-0.041688	0.005124	0.005124
114	7	178	7	P50	71	0.010441	0.007999	-0.001965	-0.005057
114	7	178	7	P75	264	-0.017162	-0.017162	0.006756	0.006756
114	7	178	7	P90	385	-0.012740	-0.012740	0.002675	0.002675
114	7	178	7	P95	396	0.008026	0.008026	0.010097	0.010097
114	7	178	7	P99	416	0.005912	0.005912	0.008203	0.008203
114	7	178	7	P999	422	-0.001167	-0.001167	0.037999	0.037999
115	1	4	1	P1	1	0.026263	0.026263	0.044403	0.044403
115	1	4	1	P50	3	-0.006968	-0.313894	0.009278	-0.332017
115	1	4	1	P75	3	0.014866	-0.006968	0.031442	0.009278
115	1	4	1	P90	3	0.014866	0.014866	0.031442	0.031442
115	1	4	1	P95	3	0.014866	0.014866	0.031442	0.031442
115	1	4	1	P99	3	0.014866	0.014866	0.031442	0.031442
115	1	4	1	P999	3	0.014866	0.014866	0.031442	0.031442
115	2	6	2	P1	1	0.023753	0.023753	0.044403	0.044403
115	2	6	2	P50	3	0.011854	-0.009905	0.031442	0.009278
115	2	6	2	P75	108	0.037530	0.037530	0.009978	0.009978
115	2	6	2	P90	115	0.017674	0.017674	0.034603	0.034603
115	2	6	2	P95	115	0.017674	0.017674	0.034603	0.034603
115	2	6	2	P99	115	0.017674	0.017674	0.034603	0.034603
115	2	6	2	P999	115	0.017674	0.017674	0.034603	0.034603
115	3	10	3	P1	1	0.023753	0.023753	0.044403	0.044403
115	3	10	3	P50	21	0.022583	0.000594	0.040886	0.018520
115	3	10	3	P75	22	0.019476	0.019476	0.037691	0.037691
115	3	10	3	P90	115	0.017674	-0.025624	0.034603	-0.051499
115	3	10	3	P95	115	0.017674	0.017674	0.034603	0.034603
115	3	10	3	P99	115	0.017674	0.017674	0.034603	0.034603
115	3	10	3	P999	115	0.017674	0.017674	0.034603	0.034603
115	4	14	4	P1	1	-0.009654	-0.009654	0.008727	0.008727
115	4	14	4	P50	3	0.013305	-0.008481	0.031442	0.009278
115	4	14	4	P75	22	-0.001317	-0.001317	0.015392	0.015392
115	4	14	4	P90	108	0.038447	0.038447	0.009978	0.009978
115	4	14	4	P95	115	0.018566	0.018566	0.034603	0.034603
115	4	14	4	P99	115	0.018566	0.018566	0.034603	0.034603
115	4	14	4	P999	115	0.018566	0.018566	0.034603	0.034603
115	5	45	5	P1	1	-0.009826	-0.009826	0.005445	0.005445
115	5	45	5	P50	223	-0.000284	-0.000284	0.009012	0.009012
115	5	45	5	P75	242	0.000104	0.000104	0.006879	0.006879
115	5	45	5	P90	264	-0.002333	-0.002333	0.002392	0.002392
115	5	45	5	P95	267	0.000863	0.000863	0.008504	0.008504
115	5	45	5	P99	298	0.029164	0.029164	0.038364	0.038364
115	5	45	5	P999	298	0.029164	0.029164	0.038364	0.038364
115	6	53	6	P1	1	-0.011619	-0.011619	0.003627	0.003627
115	6	53	6	P50	217	-0.002003	-0.002003	0.007309	0.007309
115	6	53	6	P75	240	-0.001261	-0.001261	0.004302	0.004302
115	6	53	6	P90	262	-0.001979	-0.001979	0.001306	0.001306
115	6	53	6	P95	267	0.000863	0.000863	0.008504	0.008504
115	6	53	6	P99	298	0.029164	0.029164	0.038364	0.038364
115	6	53	6	P999	298	0.029164	0.029164	0.038364	0.038364
115	7	67	7	P1	1	-0.011619	-0.011619	0.003627	0.003627
115	7	67	7	P50	29	0.009941	0.009941	0.021645	0.021645
115	7	67	7	P75	236	0.001048	0.001048	0.001551	0.001551
115	7	67	7	P90	260	-0.001565	-0.001565	0.000279	0.000279
115	7	67	7	P95	266	-0.002631	-0.002631	0.003537	0.003537
115	7	67	7	P99	298	0.029164	0.029164	0.038364	0.038364
115	7	67	7	P999	298	0.029164	0.029164	0.038364	0.038364
116	1	10	1	P1	1	0.000163	0.000163	0.005445	0.005445
116	1	10	1	P50	1	0.027773	0.022191	0.033120	0.027525
116	1	10	1	P75	1	0.039029	0.039029	0.044403	0.044403
116	1	10	1	P90	21	0.000062	-0.042574	0.040886	-0.045738
116	1	10	1	P95	21	0.000062	0.000062	0.040886	0.040886
116	1	10	1	P99	21	0.000062	0.000062	0.040886	0.040886
116	1	10	1	P999	21	0.000062	0.000062	0.040886	0.040886
116	2	20	2	P1	1	0.000163	0.000163	0.005445	0.005445
116	2	20	2	P50	11	0.037398	0.022441	0.035645	0.020756
116	2	20	2	P75	12	0.037531	0.028529	0.035520	0.026561
116	2	20	2	P90	20	0.005297	-0.320802	0.001975	-0.322288
116	2	20	2	P95	21	0.000062	-0.042574	0.040886	-0.045738
116	2	20	2	P99	21	0.000062	0.000062	0.040886	0.040886
116	2	20	2	P999	21	0.000062	0.000062	0.040886	0.040886
116	3	45	3	P1	1	-0.000442	-0.000442	0.004839	0.004839
116	3	45	3	P50	12	-0.036540	-0.036540	0.000147	0.000147
116	3	45	3	P75	12	0.028529	0.028529	0.032525	0.032525
116	3	45	3	P90	13	0.022403	0.022403	0.036184	0.036184
116	3	45	3	P95	18	0.023783	0.023783	0.020654	0.020654
116	3	45	3	P99	21	0.000062	0.000062	0.040886	0.040886
116	3	45	3	P999	21	0.000062	0.000062	0.040886	0.040886
116	4	48	4	P1	1	-0.001651	-0.001651	0.003627	0.003627
116	4	48	4	P50	12	-0.040729	-0.044899	-0.002745	-0.005629
116	4	48	4	P75	12	0.028529	0.019606	0.032525	0.029539
116	4	48	4	P90	13	0.022403	0.022403	0.036184	0.036184
116	4	48	4	P95	18	0.023783	0.023783	0.020654	0.020654
116	4	48	4	P99	21	0.000062	0.000062	0.040886	0.040886
116	4	48	4	P999	21	0.000062	0.000062	0.040886	0.040886
116	5	54	5	P1	1	-0.002858	-0.002858	0.002417	0.002417
116	5	54	5	P50	11	0.022441	0.007699	0.030036	0.024458
116	5	54	5	P75	12	0.010759	0.010759	0.026561	0.026561
116	5	54	5	P90	13	0.000371	0.000371	0.029772	0.029772
116	5	54	5	P95	18	0.023783	0.023783	0.020654	0.020654
116	5	54	5	P99	21	0.000062	0.000062	0.040886	0.040886
116	5	54	5	P999	21	0.000062	0.000062	0.040886	0.040886
116	6	85	6	P1	1	-0.018818	-0.018818	0.002417	0.002417
116	6	85	6	P50	12	0.049576	0.049576	0.032525	0.032525
116	6	85	6	P75	1001	-0.007989	-0.007989	0.013100	0.013100
116	6	85	6	P90	1001	0.010251	0.010251	0.031727	0.031727
116	6	85	6	P95	1002	0.014917	0.014917	0.036491	0.036491
116	6	85	6	P99	1002	0.020623	0.020623	0.042318	0.042318
116	6	85	6	P999	1002	0.020623	0.020623	0.042318	0.042318
116	7	126	7	P1	1	-0.016447	-0.016447	0.004839	0.004839
116	7	126	7	P50	14	0.004312	-0.010128	-0.017717	-0.031839
116	7	126	7	P75	27	0.028600	0.028600	0.006001	0.006001
116	7	126	7	P90	1001	0.004604	0.004604	0.025959	0.025959
116	7	126	7	P95	1001	0.013087	0.013087	0.034623	0.034623
116	7	126	7	P99	1002	0.019193	0.019193	0.040858	0.040858
116	7	126	7	P999	1002	0.020623	0.020623	0.042318	0.042318
117	1	22	1	P1	1	-0.015947	-0.015947	0.002175	0.002175
117	1	22	1	P50	1	0.007864	0.005676	0.026410	0.024183
117	1	22	1	P75	1	0.018877	0.018877	0.037619	0.037619
117	1	22	1	P90	1	0.025543	0.025543	0.044403	0.044403
117	1	22	1	P95	9	0.001565	0.001565	0.018642	0.018642
117	1	22	1	P99	11	0.018417	0.018417	0.035645	0.035645
117	1	22	1	P999	11	0.018417	0.018417	0.035645	0.035645
117	2	40	2	P1	1	-0.010533	-0.010533	0.002175	0.002175
117	2	40	2	P50	9	0.009210	-0.885419	0.018642	-0.883955
117	2	40	2	P75	79	-0.009127	-0.516707	-0.003220	-0.513281
117	2	40	2	P90	85	0.017865	0.009045	0.023773	0.014916
117	2	40	2	P95	89	0.002184	-0.019385	0.007953	-0.013706
117	2	40	2	P99	90	0.012846	0.012846	0.018642	0.018642
117	2	40	2	P999	90	0.012846	0.012846	0.018642	0.018642
117	3	45	3	P1	1	-0.009155	-0.009155	0.002175	0.002175
117	3	45	3	P50	11	0.028439	0.028439	0.035645	0.035645
117	3	45	3	P75	85	-0.005915	-0.005915	-0.002569	-0.002569
117	3	45	3	P90	485	-0.015083	-0.015083	0.028896	0.028896
117	3	45	3	P95	1832	0.005025	0.005025	0.002826	0.002826
117	3	45	3	P99	11829	0.011438	0.011438	0.005828	0.005828
117	3	45	3	P999	11829	0.011438	0.011438	0.005828	0.005828
117	4	54	4	P1	1	-0.018904	-0.018904	0.002175	0.002175
117	4	54	4	P50	25	0.018679	-0.024634	0.040290	-0.003938
117	4	54	4	P75	485	-0.035085	-0.035085	0.028896	0.028896
117	4	54	4	P90	2536	0.004593	0.004593	0.025522	0.025522
117	4	54	4	P95	14766	-0.004722	-0.004722	0.001264	0.001264
117	4	54	4	P99	14969	0.010635	0.010635	0.031541	0.031541
117	4	54	4	P999	14969	0.010635	0.010635	0.031541	0.031541
117	5	56	5	P1	1	-0.018904	-0.018904	0.002175	0.002175
117	5	56	5	P50	29	0.000432	-0.121829	0.021645	-0.103198
117	5	56	5	P75	1408	0.006466	-0.637451	-0.016200	-0.629849
117	5	56	5	P90	3896	0.009753	0.009753	0.030753	0.030753
117	5	56	5	P95	14766	-0.004722	-0.004722	0.001264	0.001264
117	5	56	5	P99	14969	0.010635	0.010635	0.031541	0.031541
117	5	56	5	P999	14969	0.010635	0.010635	0.031541	0.031541
117	6	66	6	P1	1	-0.019565	-0.019565	0.001499	0.001499
117	6	66	6	P50	13	-0.022487	-0.141947	0.042635	-0.123685
117	6	66	6	P75	90	-0.002417	-0.002417	0.018642	0.018642
117	6	66	6	P90	2536	0.004593	0.004593	0.025522	0.025522
117	6	66	6	P95	11829	0.029181	0.029181	0.005828	0.005828
117	6	66	6	P99	14969	0.010635	0.010635	0.031541	0.031541
117	6	66	6	P999	14969	0.010635	0.010635	0.031541	0.031541
117	7	69	7	P1	1	-0.019703	-0.019703	0.001359	0.001359
117	7	69	7	P50	11	-0.007729	-0.007729	0.013391	0.013391
117	7	69	7	P75	89	-0.012888	-0.012888	0.007953	0.007953
117	7	69	7	P90	2536	0.004593	0.004593	0.025522	0.025522
117	7	69	7	P95	11829	0.029181	0.029181	0.005828	0.005828
117	7	69	7	P99	14969	0.010635	0.010635	0.031541	0.031541
117	7	69	7	P999	14969	0.010635	0.010635	0.031541	0.031541
118	1	22	1	P1	11	-0.005105	-0.005105	0.006080	0.006080
118	1	22	1	P50	13	0.013579	0.004796	0.024672	0.015807
118	1	22	1	P75	517	0.002976	0.002976	0.008070	0.008070
118	1	22	1	P90	1365	0.011232	0.011232	0.014791	0.014791
118	1	22	1	P95	1393	0.012701	0.012701	0.016231	0.016231
118	1	22	1	P99	1516	0.015147	0.015147	0.018545	0.018545
118	1	22	1	P999	1516	0.015147	0.015147	0.018545	0.018545
118	2	30	2	P1	1	-0.007107	-0.007107	0.006226	0.006226
118	2	30	2	P50	12	0.025557	0.018147	0.035520	0.028049
118	2	30	2	P75	14	0.046152	0.046152	0.011149	0.011149
118	2	30	2	P90	1393	0.013437	-0.008371	0.016231	-0.005606
118	2	30	2	P95	1516	0.015874	0.015874	0.018545	0.018545
118	2	30	2	P99	3058	0.010251	0.010251	0.011879	0.011879
118	2	30	2	P999	3058	0.010251	0.010251	0.011879	0.011879
118	3	35	3	P1	1	-0.009675	-0.009675	0.003627	0.003627
118	3	35	3	P50	12	0.003487	0.003487	0.013268	0.013268
118	3	35	3	P75	14	0.023639	0.023639	-0.010578	-0.010578
118	3	35	3	P90	1365	0.011970	0.011970	0.014791	0.014791
118	3	35	3	P95	1516	0.015874	0.015874	0.018545	0.018545
118	3	35	3	P99	3058	0.010251	0.010251	0.011879	0.011879
118	3	35	3	P999	3058	0.010251	0.010251	0.011879	0.011879
118	4	41	4	P1	1	-0.010730	-0.010730	0.002559	0.002559
118	4	41	4	P50	12	-0.010961	-0.010961	-0.001300	-0.001300
118	4	41	4	P75	13	0.032734	0.032734	0.042635	0.042635
118	4	41	4	P90	1298	-0.003029	-0.003029	0.044241	0.044241
118	4	41	4	P95	1393	0.013437	0.013437	0.016231	0.016231
118	4	41	4	P99	3058	0.010251	0.010251	0.011879	0.011879
118	4	41	4	P999	3058	0.010251	0.010251	0.011879	0.011879
118	5	43	5	P1	1	-0.010871	-0.010871	0.002417	0.002417
118	5	43	5	P50	11	0.025551	0.025551	0.035645	0.035645
118	5	43	5	P75	13	0.032734	0.032734	0.042635	0.042635
118	5	43	5	P90	1298	-0.003029	-0.003029	0.044241	0.044241
118	5	43	5	P95	1393	0.013437	0.013437	0.016231	0.016231
118	5	43	5	P99	3058	0.010251	0.010251	0.011879	0.011879
118	5	43	5	P999	3058	0.010251	0.010251	0.011879	0.011879
118	6	49	6	P1	1	-0.011469	-0.011469	0.001812	0.001812
118	6	49	6	P50	2	0.033704	0.033704	0.001975	0.001975
118	6	49	6	P75	13	0.014916	0.014916	0.024672	0.024672
118	6	49	6	P90	1298	-0.003029	-0.003029	0.044241	0.044241
118	6	49	6	P95	1393	0.013437	0.013437	0.016231	0.016231
118	6	49	6	P99	3058	0.010251	0.010251	0.011879	0.011879
118	6	49	6	P999	3058	0.010251	0.010251	0.011879	0.011879
118	7	51	7	P1	1	-0.011607	-0.011607	0.001672	0.001672
118	7	51	7	P50	1	0.030620	0.030620	0.044403	0.044403
118	7	51	7	P75	13	0.014916	0.014916	0.024672	0.024672
118	7	51	7	P90	952	0.002425	0.002425	0.005762	0.005762
118	7	51	7	P95	1393	0.013437	0.013437	0.016231	0.016231
118	7	51	7	P99	3058	0.010251	0.010251	0.011879	0.011879
118	7	51	7	P999	3058	0.010251	0.010251	0.011879	0.011879
119	1	719	0	P1	1	-0.021014	-0.021014	0.000484	0.000484
119	1	719	0	P50	1	0.000061	0.000061	0.022022	0.022022
119	1	719	0	P75	1	0.011012	0.011012	0.033214	0.033214
119	1	719	0	P90	1	0.017641	0.017641	0.039988	0.039988
119	1	719	0	P95	1	0.019860	0.019860	0.042256	0.042256
119	1	719	0	P99	1	0.021589	0.021589	0.044023	0.044023
119	1	719	0	P999	2	0.023978	0.023978	0.001975	0.001975
119	2	5584	0	P1	1	-0.021060	-0.021060	0.000437	0.000437
119	2	5584	0	P50	1	0.000078	0.000070	0.022040	0.022032
119	2	5584	0	P75	1	0.011035	0.011027	0.033237	0.033229
119	2	5584	0	P90	1	0.017662	0.017662	0.040010	0.040010
119	2	5584	0	P95	1	0.019880	0.019880	0.042277	0.042277
119	2	5584	0	P99	1	0.021665	0.021665	0.044101	0.044101
119	2	5584	0	P999	2	0.011695	0.011695	-0.010044	-0.010044
119	3	11052	0	P1	1	-0.021060	-0.021060	0.000438	0.000438
119	3	11052	0	P50	1	0.000071	0.000067	0.022033	0.022029
119	3	11052	0	P75	1	0.011026	0.011022	0.033228	0.033224
119	3	11052	0	P90	1	0.017653	0.017653	0.040001	0.040001
119	3	11052	0	P95	1	0.019875	0.019875	0.042272	0.042272
119	3	11052	0	P99	1	0.021654	0.021654	0.044090	0.044090
119	3	11052	0	P999	2	0.010586	0.010586	-0.011130	-0.011130
119	4	11055	1	P1	1	-0.004465	-0.004465	0.000438	0.000438
119	4	11055	1	P50	1	0.017091	0.017091	0.022037	0.022037
119	4	11055	1	P75	1	0.028270	0.028270	0.033237	0.033237
119	4	11055	1	P90	1	0.035034	0.035034	0.040014	0.040014
119	4	11055	1	P95	1	0.037300	0.037300	0.042284	0.042284
119	4	11055	1	P99	1	0.039115	0.039115	0.044102	0.044102
119	4	11055	1	P999	2	0.033990	0.033990	-0.007217	-0.007217
119	5	11059	2	P1	1	-0.004466	-0.004466	0.000438	0.000438
119	5	11059	2	P50	1	0.017091	0.017091	0.022037	0.022037
119	5	11059	2	P75	1	0.028270	0.028270	0.033236	0.033236
119	5	11059	2	P90	1	0.035036	0.035036	0.040015	0.040015
119	5	11059	2	P95	1	0.037301	0.037301	0.042285	0.042285
119	5	11059	2	P99	1	0.039115	0.039115	0.044102	0.044102
119	5	11059	2	P999	2	0.033990	0.033990	-0.007217	-0.007217
119	6	11062	3	P1	1	-0.004466	-0.004466	0.000438	0.000438
119	6	11062	3	P50	1	0.017093	0.017089	0.022039	0.022035
119	6	11062	3	P75	1	0.028269	0.028269	0.033235	0.033235
119	6	11062	3	P90	1	0.035033	0.035033	0.040012	0.040012
119	6	11062	3	P95	1	0.037297	0.037297	0.042281	0.042281
119	6	11062	3	P99	1	0.039115	0.039115	0.044102	0.044102
119	6	11062	3	P999	2	0.033990	0.033990	-0.007217	-0.007217
119	7	11065	4	P1	1	-0.004466	-0.004466	0.000438	0.000438
119	7	11065	4	P50	1	0.017097	0.017097	0.022043	0.022043
119	7	11065	4	P75	1	0.028277	0.028277	0.033244	0.033244
119	7	11065	4	P90	1	0.035045	0.035045	0.040025	0.040025
119	7	11065	4	P95	1	0.037310	0.037310	0.042293	0.042293
119	7	11065	4	P99	1	0.039127	0.039127	0.044115	0.044115
119	7	11065	4	P999	2	0.038094	0.038094	-0.003288	-0.003288
120	1	626	0	P1	1	-0.021011	-0.021011	0.000487	0.000487
120	1	626	0	P50	1	0.000139	0.000070	0.022102	0.022031
120	1	626	0	P75	1	0.011061	0.011061	0.033264	0.033264
120	1	626	0	P90	1	0.017700	0.017700	0.040049	0.040049
120	1	626	0	P95	1	0.019899	0.019899	0.042296	0.042296
120	1	626	0	P99	1	0.021676	0.021676	0.044112	0.044112
120	1	626	0	P999	2	0.023978	0.023978	0.001975	0.001975
120	2	1133	0	P1	1	-0.021037	-0.021037	0.000461	0.000461
120	2	1133	0	P50	1	0.000058	0.000058	0.022019	0.022019
120	2	1133	0	P75	1	0.010988	0.010988	0.033190	0.033190
120	2	1133	0	P90	1	0.017612	0.017612	0.039959	0.039959
120	2	1133	0	P95	1	0.019843	0.019843	0.042238	0.042238
120	2	1133	0	P99	1	0.021607	0.021607	0.044042	0.044042
120	2	1133	0	P999	2	0.001975	0.001975	-0.019556	-0.019556
120	3	2012	0	P1	1	-0.021044	-0.021044	0.000454	0.000454
120	3	2012	0	P50	1	0.000065	0.000043	0.022026	0.022004
120	3	2012	0	P75	1	0.011008	0.010986	0.033210	0.033187
120	3	2012	0	P90	1	0.017614	0.017614	0.039960	0.039960
120	3	2012	0	P95	1	0.019840	0.019840	0.042236	0.042236
120	3	2012	0	P99	1	0.021606	0.021606	0.044041	0.044041
120	3	2012	0	P999	2	0.009256	0.009256	-0.012431	-0.012431
120	4	2021	1	P1	1	-0.009460	-0.009460	0.000454	0.000454
120	4	2021	1	P50	1	0.012030	0.012030	0.022115	0.022115
120	4	2021	1	P75	1	0.023171	0.023171	0.033344	0.033344
120	4	2021	1	P90	1	0.029914	0.029914	0.040141	0.040141
120	4	2021	1	P95	1	0.032172	0.032172	0.042416	0.042416
120	4	2021	1	P99	1	0.033986	0.033986	0.044244	0.044244
120	4	2021	1	P999	28	0.010011	0.010011	0.013146	0.013146
120	5	2032	2	P1	1	-0.009463	-0.009463	0.000452	0.000452
120	5	2032	2	P50	1	0.012040	0.012018	0.022125	0.022103
120	5	2032	2	P75	1	0.023186	0.023164	0.033359	0.033337
120	5	2032	2	P90	1	0.029915	0.029915	0.040141	0.040141
120	5	2032	2	P95	1	0.032183	0.032183	0.042427	0.042427
120	5	2032	2	P99	1	0.033987	0.033987	0.044245	0.044245
120	5	2032	2	P999	28	0.010011	0.010011	0.013146	0.013146
120	6	2041	3	P1	1	-0.009465	-0.009465	0.000450	0.000450
120	6	2041	3	P50	1	0.012028	0.012028	0.022113	0.022113
120	6	2041	3	P75	1	0.023169	0.023169	0.033342	0.033342
120	6	2041	3	P90	1	0.029912	0.029912	0.040138	0.040138
120	6	2041	3	P95	1	0.032169	0.032169	0.042413	0.042413
120	6	2041	3	P99	1	0.033988	0.033988	0.044246	0.044246
120	6	2041	3	P999	28	0.010011	0.010011	0.013146	0.013146
120	7	2053	4	P1	1	-0.012688	-0.012688	0.000450	0.000450
120	7	2053	4	P50	1	0.008853	0.008853	0.022245	0.022245
120	7	2053	4	P75	1	0.020018	0.020018	0.033541	0.033541
120	7	2053	4	P90	1	0.026781	0.026781	0.040383	0.040383
120	7	2053	4	P95	1	0.029052	0.029052	0.042681	0.042681
120	7	2053	4	P99	27	-0.036466	-0.036466	-0.028363	-0.028363
120	7	2053	4	P999	34	-0.015200	-0.015200	0.036790	0.036790
121	1	4439	1	P1	1	-0.019548	-0.019548	0.000444	0.000444
121	1	4439	1	P50	1	0.001731	0.001731	0.022152	0.022152
121	1	4439	1	P75	1	0.012769	0.012769	0.033411	0.033411
121	1	4439	1	P90	1	0.019449	0.019449	0.040226	0.040226
121	1	4439	1	P95	1	0.021686	0.021686	0.042508	0.042508
121	1	4439	1	P99	1	0.023473	0.023473	0.044330	0.044330
121	1	4439	1	P999	28	0.008290	0.008290	-0.015777	-0.015777
121	2	4453	2	P1	1	-0.019550	-0.019550	0.000443	0.000443
121	2	4453	2	P50	1	0.001731	0.001731	0.022151	0.022151
121	2	4453	2	P75	1	0.012763	0.012763	0.033405	0.033405
121	2	4453	2	P90	1	0.019442	0.019442	0.040219	0.040219
121	2	4453	2	P95	1	0.021682	0.021682	0.042503	0.042503
121	2	4453	2	P99	1	0.023473	0.023473	0.044331	0.044331
121	2	4453	2	P999	28	0.008290	0.008290	-0.015777	-0.015777
121	3	4467	3	P1	1	-0.019551	-0.019551	0.000442	0.000442
121	3	4467	3	P50	1	0.001745	0.001745	0.022166	0.022166
121	3	4467	3	P75	1	0.012789	0.012789	0.033432	0.033432
121	3	4467	3	P90	1	0.019472	0.019472	0.040250	0.040250
121	3	4467	3	P95	1	0.021706	0.021706	0.042529	0.042529
121	3	4467	3	P99	1	0.023503	0.023503	0.044362	0.044362
121	3	4467	3	P999	28	0.008290	0.008290	-0.015777	-0.015777
121	4	4481	4	P1	1	-0.006713	-0.006713	0.000442	0.000442
121	4	4481	4	P50	1	0.014981	0.014981	0.022236	0.022236
121	4	4481	4	P75	1	0.026227	0.026227	0.033534	0.033534
121	4	4481	4	P90	1	0.033034	0.033034	0.040372	0.040372
121	4	4481	4	P95	1	0.035313	0.035313	0.042662	0.042662
121	4	4481	4	P99	2	0.013398	0.013398	-0.024458	-0.024458
121	4	4481	4	P999	29	0.015693	0.015693	0.021645	0.021645
121	5	5234	5	P1	1	-0.006710	-0.006710	0.000445	0.000445
121	5	5234	5	P50	1	0.014958	0.014949	0.022213	0.022205
121	5	5234	5	P75	1	0.026189	0.026189	0.033495	0.033495
121	5	5234	5	P90	1	0.032989	0.032989	0.040326	0.040326
121	5	5234	5	P95	1	0.035268	0.035268	0.042616	0.042616
121	5	5234	5	P99	2	0.004075	0.004075	-0.033411	-0.033411
121	5	5234	5	P999	29	0.012013	0.012013	0.010609	0.010609
121	6	5336	6	P1	1	-0.006710	-0.006710	0.000445	0.000445
121	6	5336	6	P50	1	0.014953	0.014945	0.022208	0.022200
121	6	5336	6	P75	1	0.026186	0.026177	0.033492	0.033484
121	6	5336	6	P90	1	0.032982	0.032982	0.040319	0.040319
121	6	5336	6	P95	1	0.035260	0.035260	0.042608	0.042608
121	6	5336	6	P99	2	0.002568	0.002568	-0.034858	-0.034858
121	6	5336	6	P999	29	0.012013	0.012013	0.010609	0.010609
121	7	9170	7	P1	1	-0.006715	-0.006715	0.000440	0.000440
121	7	9170	7	P50	1	0.014893	0.014888	0.022148	0.022143
121	7	9170	7	P75	1	0.026094	0.026094	0.033401	0.033401
121	7	9170	7	P90	1	0.032878	0.032873	0.040215	0.040210
121	7	9170	7	P95	1	0.035146	0.035146	0.042494	0.042494
121	7	9170	7	P99	1	0.036967	0.036967	0.044323	0.044323
121	7	9170	7	P999	28	0.033048	0.033048	0.009153	0.009153
122	1	86	0	P1	1	-0.020963	-0.020963	0.000537	0.000537
122	1	86	0	P50	1	0.001879	0.001342	0.023880	0.023331
122	1	86	0	P75	1	0.013227	0.013227	0.035478	0.035478
122	1	86	0	P90	1	0.020317	0.020317	0.042723	0.042723
122	1	86	0	P95	2	-0.008849	-0.008849	-0.030147	-0.030147
122	1	86	0	P99	3	0.009278	0.009278	0.031442	0.031442
122	1	86	0	P999	3	0.009278	0.009278	0.031442	0.031442
122	2	88	0	P1	1	-0.020976	-0.020976	0.000524	0.000524
122	2	88	0	P50	1	0.001834	0.001309	0.023834	0.023298
122	2	88	0	P75	1	0.013437	0.012907	0.035692	0.035150
122	2	88	0	P90	1	0.020357	0.020357	0.042764	0.042764
122	2	88	0	P95	2	-0.008849	-0.008849	-0.030147	-0.030147
122	2	88	0	P99	3	0.009278	0.009278	0.031442	0.031442
122	2	88	0	P999	3	0.009278	0.009278	0.031442	0.031442
122	3	128	0	P1	1	-0.020791	-0.020791	0.000712	0.000712
122	3	128	0	P50	1	0.001425	0.001069	0.023417	0.023053
122	3	128	0	P75	1	0.012902	0.012542	0.035146	0.034777
122	3	128	0	P90	1	0.019779	0.019779	0.042173	0.042173
122	3	128	0	P95	1	0.021960	0.021960	0.044403	0.044403
122	3	128	0	P99	3	-0.012410	-0.012410	0.009278	0.009278
122	3	128	0	P999	3	0.009278	0.009278	0.031442	0.031442
122	4	980	0	P1	1	-0.021050	-0.021050	0.000448	0.000448
122	4	980	0	P50	1	0.000246	0.000201	0.022212	0.022166
122	4	980	0	P75	1	0.011271	0.011226	0.033479	0.033432
122	4	980	0	P90	1	0.017944	0.017899	0.040298	0.040252
122	4	980	0	P95	1	0.020178	0.020133	0.042582	0.042535
122	4	980	0	P99	1	0.021960	0.021960	0.044403	0.044403
122	4	980	0	P999	3	0.009278	0.009278	0.031442	0.031442
122	5	982	1	P1	1	-0.004456	-0.004456	0.000448	0.000448
122	5	982	1	P50	1	0.017312	0.017266	0.022257	0.022212
122	5	982	1	P75	1	0.028558	0.028558	0.033525	0.033525
122	5	982	1	P90	1	0.035365	0.035365	0.040345	0.040345
122	5	982	1	P95	1	0.037644	0.037644	0.042628	0.042628
122	5	982	1	P99	2	0.011612	0.011612	-0.028641	-0.028641
122	5	982	1	P999	29	0.026784	0.026784	0.021645	0.021645
122	6	985	2	P1	1	-0.004457	-0.004457	0.000446	0.000446
122	6	985	2	P50	1	0.017288	0.017288	0.022234	0.022234
122	6	985	2	P75	1	0.028545	0.028545	0.033512	0.033512
122	6	985	2	P90	1	0.035377	0.035377	0.040357	0.040357
122	6	985	2	P95	1	0.037649	0.037649	0.042634	0.042634
122	6	985	2	P99	2	0.011612	0.011612	-0.028641	-0.028641
122	6	985	2	P999	29	0.026784	0.026784	0.021645	0.021645
122	7	987	3	P1	1	-0.004457	-0.004457	0.000446	0.000446
122	7	987	3	P50	1	0.017333	0.017333	0.022279	0.022279
122	7	987	3	P75	1	0.028637	0.028637	0.033604	0.033604
122	7	987	3	P90	1	0.035470	0.035470	0.040450	0.040450
122	7	987	3	P95	1	0.037742	0.037742	0.042727	0.042727
122	7	987	3	P99	2	0.018633	0.018633	-0.021919	-0.021919
122	7	987	3	P999	29	0.026784	0.026784	0.021645	0.021645
123	1	2901	1	P1	1	-0.012687	-0.012687	0.000450	0.000450
123	1	2901	1	P50	1	0.008625	0.008625	0.022014	0.022014
123	1	2901	1	P75	1	0.019675	0.019675	0.033194	0.033194
123	1	2901	1	P90	1	0.026363	0.026363	0.039961	0.039961
123	1	2901	1	P95	1	0.028602	0.028602	0.042226	0.042226
123	1	2901	1	P99	1	0.030397	0.030397	0.044042	0.044042
123	1	2901	1	P999	2	0.033854	0.033854	0.001975	0.001975
123	2	2911	2	P1	1	-0.012687	-0.012687	0.000450	0.000450
123	2	2911	2	P50	1	0.008701	0.008701	0.022091	0.022091
123	2	2911	2	P75	1	0.019798	0.019798	0.033318	0.033318
123	2	2911	2	P90	1	0.026502	0.026502	0.040101	0.040101
123	2	2911	2	P95	1	0.028757	0.028757	0.042383	0.042383
123	2	2911	2	P99	1	0.030552	0.030552	0.044199	0.044199
123	2	2911	2	P999	29	0.002345	0.002345	0.010609	0.010609
123	3	2923	3	P1	1	-0.012689	-0.012689	0.000449	0.000449
123	3	2923	3	P50	1	0.008708	0.008708	0.022098	0.022098
123	3	2923	3	P75	1	0.019808	0.019808	0.033329	0.033329
123	3	2923	3	P90	1	0.026518	0.026518	0.040118	0.040118
123	3	2923	3	P95	1	0.028765	0.028765	0.042390	0.042390
123	3	2923	3	P99	1	0.030568	0.030568	0.044215	0.044215
123	3	2923	3	P999	29	0.002345	0.002345	0.010609	0.010609
123	4	2933	4	P1	1	-0.012690	-0.012690	0.000448	0.000448
123	4	2933	4	P50	1	0.008730	0.008730	0.022120	0.022120
123	4	2933	4	P75	1	0.019835	0.019835	0.033355	0.033355
123	4	2933	4	P90	1	0.026559	0.026559	0.040159	0.040159
123	4	2933	4	P95	1	0.028815	0.028815	0.042442	0.042442
123	4	2933	4	P99	1	0.030615	0.030615	0.044262	0.044262
123	4	2933	4	P999	29	0.002345	0.002345	0.010609	0.010609
123	5	2944	5	P1	1	-0.012690	-0.012690	0.000448	0.000448
123	5	2944	5	P50	1	0.008820	0.008805	0.022212	0.022196
123	5	2944	5	P75	1	0.019972	0.019956	0.033494	0.033479
123	5	2944	5	P90	1	0.026712	0.026712	0.040314	0.040314
123	5	2944	5	P95	1	0.028969	0.028969	0.042597	0.042597
123	5	2944	5	P99	2	0.000662	0.000662	-0.030147	-0.030147
123	5	2944	5	P999	32	-0.019759	-0.019759	-0.004607	-0.004607
123	6	3487	6	P1	1	-0.012697	-0.012697	0.000440	0.000440
123	6	3487	6	P50	1	0.008775	0.008775	0.022166	0.022166
123	6	3487	6	P75	1	0.019910	0.019910	0.033432	0.033432
123	6	3487	6	P90	1	0.026648	0.026648	0.040249	0.040249
123	6	3487	6	P95	1	0.028899	0.028899	0.042527	0.042527
123	6	3487	6	P99	1	0.030714	0.030714	0.044363	0.044363
123	6	3487	6	P999	31	-0.009913	-0.009913	0.012730	0.012730
123	7	3920	7	P1	1	-0.012690	-0.012690	0.000448	0.000448
123	7	3920	7	P50	1	0.008792	0.008781	0.022183	0.022172
123	7	3920	7	P75	1	0.019931	0.019919	0.033453	0.033441
123	7	3920	7	P90	1	0.026673	0.026661	0.040274	0.040262
123	7	3920	7	P95	1	0.028930	0.028919	0.042558	0.042546
123	7	3920	7	P99	1	0.030730	0.030730	0.044379	0.044379
123	7	3920	7	P999	31	-0.009913	-0.009913	0.012730	0.012730
124	1	846	1	P1	1	-0.009438	-0.009438	0.000477	0.000477
124	1	846	1	P50	1	0.012629	0.012575	0.022718	0.022664
124	1	846	1	P75	1	0.024036	0.024036	0.034216	0.034216
124	1	846	1	P90	1	0.030964	0.030964	0.041198	0.041198
124	1	846	1	P95	1	0.033265	0.033265	0.043518	0.043518
124	1	846	1	P99	28	-0.007425	-0.007425	-0.004308	-0.004308
124	1	846	1	P999	29	0.018574	0.018574	0.021645	0.021645
124	2	881	2	P1	1	-0.009458	-0.009458	0.000457	0.000457
124	2	881	2	P50	1	0.012572	0.012572	0.022661	0.022661
124	2	881	2	P75	1	0.023978	0.023978	0.034158	0.034158
124	2	881	2	P90	1	0.030884	0.030884	0.041117	0.041117
124	2	881	2	P95	1	0.033196	0.033196	0.043448	0.043448
124	2	881	2	P99	28	-0.007425	-0.007425	-0.004308	-0.004308
124	2	881	2	P999	29	0.018574	0.018574	0.021645	0.021645
124	3	906	3	P1	1	-0.009419	-0.009419	0.000496	0.000496
124	3	906	3	P50	1	0.012681	0.012631	0.022771	0.022721
124	3	906	3	P75	1	0.024119	0.024119	0.034300	0.034300
124	3	906	3	P90	1	0.031064	0.031064	0.041299	0.041299
124	3	906	3	P95	1	0.033373	0.033373	0.043626	0.043626
124	3	906	3	P99	28	-0.011737	-0.011737	-0.008624	-0.008624
124	3	906	3	P999	29	0.018574	0.018574	0.021645	0.021645
124	4	943	4	P1	1	-0.009419	-0.009419	0.000496	0.000496
124	4	943	4	P50	1	0.013587	0.013587	0.023685	0.023685
124	4	943	4	P75	1	0.025545	0.025545	0.035737	0.035737
124	4	943	4	P90	1	0.032757	0.032757	0.043005	0.043005
124	4	943	4	P95	27	0.002798	0.002798	0.006001	0.006001
124	4	943	4	P99	30	-0.005807	-0.005807	0.001996	0.001996
124	4	943	4	P999	35	0.004498	0.004498	0.007168	0.007168
124	5	6060	5	P1	1	-0.009472	-0.009472	0.000443	0.000443
124	5	6060	5	P50	1	0.012175	0.012167	0.022261	0.022253
124	5	6060	5	P75	1	0.023398	0.023390	0.033573	0.033565
124	5	6060	5	P90	1	0.030191	0.030184	0.040420	0.040412
124	5	6060	5	P95	1	0.032466	0.032459	0.042712	0.042705
124	5	6060	5	P99	26	-0.024462	-0.024462	-0.014103	-0.014103
124	5	6060	5	P999	30	0.008726	0.008726	0.024000	0.024000
124	6	7903	6	P1	1	-0.009470	-0.009470	0.000445	0.000445
124	6	7903	6	P50	1	0.012121	0.012121	0.022207	0.022207
124	6	7903	6	P75	1	0.023321	0.023321	0.033495	0.033495
124	6	7903	6	P90	1	0.030097	0.030097	0.040324	0.040324
124	6	7903	6	P95	1	0.032365	0.032365	0.042610	0.042610
124	6	7903	6	P99	2	0.006154	0.006154	-0.028390	-0.028390
124	6	7903	6	P999	30	0.003858	0.003858	0.016613	0.016613
124	7	7916	7	P1	1	-0.009470	-0.009470	0.000445	0.000445
124	7	7916	7	P50	1	0.012161	0.012155	0.022247	0.022241
124	7	7916	7	P75	1	0.023378	0.023372	0.033553	0.033547
124	7	7916	7	P90	1	0.030165	0.030165	0.040394	0.040394
124	7	7916	7	P95	1	0.032440	0.032440	0.042686	0.042686
124	7	7916	7	P99	2	0.030162	0.030162	-0.005254	-0.005254
124	7	7916	7	P999	30	0.012280	0.012280	0.024000	0.024000
125	1	27	0	P1	1	-0.019786	-0.019786	0.001739	0.001739
125	1	27	0	P50	1	0.002610	0.002610	0.024628	0.024628
125	1	27	0	P75	1	0.014881	0.014881	0.037168	0.037168
125	1	27	0	P90	1	0.021960	0.021960	0.044403	0.044403
125	1	27	0	P95	2	0.001975	0.001975	-0.019556	-0.019556
125	1	27	0	P99	2	0.023978	0.023978	0.001975	0.001975
125	1	27	0	P999	2	0.023978	0.023978	0.001975	0.001975
125	2	40	1	P1	1	-0.011413	-0.011413	0.001739	0.001739
125	2	40	1	P50	1	0.023603	0.021823	0.037168	0.035367
125	2	40	1	P75	29	-0.019225	-0.029836	-0.011107	-0.021790
125	2	40	1	P90	30	0.012022	0.001073	0.020300	0.009278
125	2	40	1	P95	32	0.001800	-0.040853	0.009913	-0.033023
125	2	40	1	P99	37	0.031129	0.031129	0.039211	0.039211
125	2	40	1	P999	37	0.031129	0.031129	0.039211	0.039211
125	3	3009	2	P1	1	-0.012687	-0.012687	0.000451	0.000451
125	3	3009	2	P50	1	0.008726	0.008726	0.022116	0.022116
125	3	3009	2	P75	1	0.019829	0.019829	0.033349	0.033349
125	3	3009	2	P90	1	0.026561	0.026561	0.040161	0.040161
125	3	3009	2	P95	1	0.028805	0.028805	0.042431	0.042431
125	3	3009	2	P99	1	0.030603	0.030603	0.044251	0.044251
125	3	3009	2	P999	30	0.012022	0.012022	0.020300	0.020300
125	4	9058	3	P1	1	-0.012699	-0.012699	0.000438	0.000438
125	4	9058	3	P50	1	0.008652	0.008647	0.022041	0.022036
125	4	9058	3	P75	1	0.019719	0.019719	0.033239	0.033239
125	4	9058	3	P90	1	0.026420	0.026420	0.040019	0.040019
125	4	9058	3	P95	1	0.028664	0.028664	0.042289	0.042289
125	4	9058	3	P99	1	0.030460	0.030460	0.044106	0.044106
125	4	9058	3	P999	29	-0.019225	-0.019225	-0.011107	-0.011107
125	5	9070	4	P1	1	-0.012699	-0.012699	0.000438	0.000438
125	5	9070	4	P50	1	0.008681	0.008676	0.022071	0.022066
125	5	9070	4	P75	1	0.019763	0.019763	0.033283	0.033283
125	5	9070	4	P90	1	0.026475	0.026470	0.040074	0.040069
125	5	9070	4	P95	1	0.028718	0.028718	0.042344	0.042344
125	5	9070	4	P99	1	0.030520	0.030520	0.044166	0.044166
125	5	9070	4	P999	29	0.004528	0.004528	0.004044	0.004044
125	6	9090	5	P1	1	-0.012700	-0.012700	0.000437	0.000437
125	6	9090	5	P50	1	0.008681	0.008676	0.022071	0.022066
125	6	9090	5	P75	1	0.019763	0.019763	0.033283	0.033283
125	6	9090	5	P90	1	0.026474	0.026469	0.040073	0.040068
125	6	9090	5	P95	1	0.028718	0.028718	0.042343	0.042343
125	6	9090	5	P99	1	0.030520	0.030520	0.044167	0.044167
125	6	9090	5	P999	29	0.004528	0.004528	0.004044	0.004044
125	7	9102	6	P1	1	-0.012696	-0.012696	0.000441	0.000441
125	7	9102	6	P50	1	0.008686	0.008681	0.022075	0.022070
125	7	9102	6	P75	1	0.019770	0.019770	0.033290	0.033290
125	7	9102	6	P90	1	0.026479	0.026479	0.040078	0.040078
125	7	9102	6	P95	1	0.028725	0.028725	0.042351	0.042351
125	7	9102	6	P99	1	0.030526	0.030526	0.044172	0.044172
125	7	9102	6	P999	29	0.004528	0.004528	0.004044	0.004044
126	1	2696	1	P1	1	-0.016344	-0.016344	0.000438	0.000438
126	1	2696	1	P50	1	0.004990	0.004974	0.022118	0.022101
126	1	2696	1	P75	1	0.016045	0.016028	0.033351	0.033334
126	1	2696	1	P90	1	0.022729	0.022729	0.040143	0.040143
126	1	2696	1	P95	1	0.024972	0.024972	0.042423	0.042423
126	1	2696	1	P99	1	0.026770	0.026770	0.044250	0.044250
126	1	2696	1	P999	30	-0.000476	-0.000476	0.013672	0.013672
126	2	2700	2	P1	1	-0.016328	-0.016344	0.000454	0.000438
126	2	2700	2	P50	1	0.005023	0.005007	0.022151	0.022134
126	2	2700	2	P75	1	0.016094	0.016078	0.033401	0.033384
126	2	2700	2	P90	1	0.022795	0.022779	0.040211	0.040194
126	2	2700	2	P95	1	0.025039	0.025022	0.042490	0.042474
126	2	2700	2	P99	1	0.026837	0.026820	0.044318	0.044301
126	2	2700	2	P999	30	0.002426	0.002426	0.013672	0.013672
126	3	2705	3	P1	1	-0.016329	-0.016329	0.000453	0.000453
126	3	2705	3	P50	1	0.005015	0.005015	0.022142	0.022142
126	3	2705	3	P75	1	0.016081	0.016081	0.033388	0.033388
126	3	2705	3	P90	1	0.022786	0.022786	0.040202	0.040202
126	3	2705	3	P95	1	0.025026	0.025026	0.042477	0.042477
126	3	2705	3	P99	1	0.026821	0.026821	0.044301	0.044301
126	3	2705	3	P999	30	0.002426	0.002426	0.013672	0.013672
126	4	2709	4	P1	1	-0.016329	-0.016329	0.000453	0.000453
126	4	2709	4	P50	1	0.005022	0.005022	0.022150	0.022150
126	4	2709	4	P75	1	0.016093	0.016093	0.033400	0.033400
126	4	2709	4	P90	1	0.022808	0.022808	0.040223	0.040223
126	4	2709	4	P95	1	0.025044	0.025044	0.042496	0.042496
126	4	2709	4	P99	1	0.026837	0.026837	0.044318	0.044318
126	4	2709	4	P999	30	0.002426	0.002426	0.013672	0.013672
126	5	2713	5	P1	1	-0.016329	-0.016329	0.000453	0.000453
126	5	2713	5	P50	1	0.005055	0.005055	0.022183	0.022183
126	5	2713	5	P75	1	0.016143	0.016143	0.033450	0.033450
126	5	2713	5	P90	1	0.022857	0.022857	0.040274	0.040274
126	5	2713	5	P95	1	0.025111	0.025111	0.042564	0.042564
126	5	2713	5	P99	1	0.026904	0.026904	0.044386	0.044386
126	5	2713	5	P999	30	0.009717	0.009717	0.022519	0.022519
126	6	7907	6	P1	1	-0.016340	-0.016340	0.000442	0.000442
126	6	7907	6	P50	1	0.004958	0.004958	0.022084	0.022084
126	6	7907	6	P75	1	0.016003	0.016003	0.033309	0.033309
126	6	7907	6	P90	1	0.022688	0.022688	0.040101	0.040101
126	6	7907	6	P95	1	0.024924	0.024924	0.042374	0.042374
126	6	7907	6	P99	1	0.026716	0.026716	0.044195	0.044195
126	6	7907	6	P999	29	0.007364	0.007364	0.012807	0.012807
126	7	14723	7	P1	1	-0.016343	-0.016343	0.000438	0.000438
126	7	14723	7	P50	1	0.004914	0.004914	0.022040	0.022040
126	7	14723	7	P75	1	0.015938	0.015938	0.033242	0.033242
126	7	14723	7	P90	1	0.022608	0.022608	0.040020	0.040020
126	7	14723	7	P95	1	0.024841	0.024841	0.042289	0.042289
126	7	14723	7	P99	1	0.026631	0.026631	0.044109	0.044109
126	7	14723	7	P999	28	-0.022536	-0.022536	-0.019334	-0.019334
127	1	76	1	P1	1	-0.008974	-0.008974	0.000945	0.000945
127	1	76	1	P50	1	0.027315	0.026343	0.037521	0.036541
127	1	76	1	P75	27	-0.017369	-0.020217	-0.014189	-0.017041
127	1	76	1	P90	28	-0.011737	-0.011737	-0.008624	-0.008624
127	1	76	1	P95	28	0.010011	0.010011	0.013146	0.013146
127	1	76	1	P99	35	0.004498	0.004498	0.007168	0.007168
127	1	76	1	P999	35	0.004498	0.004498	0.007168	0.007168
127	2	106	2	P1	1	-0.008679	-0.008679	0.001242	0.001242
127	2	106	2	P50	1	0.023904	0.023267	0.034083	0.033441
127	2	106	2	P75	26	-0.002995	-0.002995	0.000279	0.000279
127	2	106	2	P90	28	-0.027740	-0.027740	-0.024645	-0.024645
127	2	106	2	P95	28	-0.000922	-0.000922	0.002202	0.002202
127	2	106	2	P99	32	0.007057	0.007057	0.009913	0.009913
127	2	106	2	P999	35	0.004498	0.004498	0.007168	0.007168
127	3	143	3	P1	1	-0.008679	-0.008679	0.001242	0.001242
127	3	143	3	P50	2	0.007981	0.007981	-0.026629	-0.026629
127	3	143	3	P75	28	-0.020304	-0.020304	-0.017201	-0.017201
127	3	143	3	P90	30	-0.024858	-0.024858	0.004903	0.004903
127	3	143	3	P95	31	-0.004742	-0.004742	0.023260	0.023260
127	3	143	3	P99	35	0.004498	0.004498	0.007168	0.007168
127	3	143	3	P999	36	0.020049	0.020049	0.022669	0.022669
127	4	518	4	P1	1	-0.009329	-0.009329	0.000587	0.000587
127	4	518	4	P50	1	0.015653	0.015554	0.025767	0.025667
127	4	518	4	P75	1	0.028581	0.028581	0.038797	0.038797
127	4	518	4	P90	27	-0.017776	-0.017776	-0.014597	-0.014597
127	4	518	4	P95	28	0.001255	0.001255	0.004381	0.004381
127	4	518	4	P99	32	-0.007452	-0.007452	0.003665	0.003665
127	4	518	4	P999	36	0.020049	0.020049	0.022669	0.022669
127	5	520	5	P1	1	-0.009329	-0.009329	0.000587	0.000587
127	5	520	5	P50	1	0.015753	0.015653	0.025868	0.025767
127	5	520	5	P75	1	0.028783	0.028682	0.039000	0.038899
127	5	520	5	P90	27	-0.014903	-0.016850	-0.011720	-0.013670
127	5	520	5	P95	28	0.001670	-0.000404	0.004797	0.002720
127	5	520	5	P99	32	-0.007452	-0.007452	0.003665	0.003665
127	5	520	5	P999	36	0.020049	0.020049	0.022669	0.022669
127	6	523	6	P1	1	-0.009333	-0.009333	0.000583	0.000583
127	6	523	6	P50	1	0.015677	0.015677	0.025791	0.025791
127	6	523	6	P75	1	0.028719	0.028719	0.038935	0.038935
127	6	523	6	P90	27	-0.016850	-0.016850	-0.013670	-0.013670
127	6	523	6	P95	28	-0.000404	-0.000404	0.002720	0.002720
127	6	523	6	P99	32	-0.007452	-0.007452	0.003665	0.003665
127	6	523	6	P999	36	0.020049	0.020049	0.022669	0.022669
127	7	525	7	P1	1	-0.009335	-0.009335	0.000581	0.000581
127	7	525	7	P50	1	0.015660	0.015660	0.025774	0.025774
127	7	525	7	P75	1	0.028643	0.028643	0.038859	0.038859
127	7	525	7	P90	27	-0.016850	-0.016850	-0.013670	-0.013670
127	7	525	7	P95	28	-0.000404	-0.000404	0.002720	0.002720
127	7	525	7	P99	32	-0.007452	-0.007452	0.003665	0.003665
127	7	525	7	P999	36	0.020049	0.020049	0.022669	0.022669
128	1	4258	1	P1	1	-0.012697	-0.012697	0.000440	0.000440
128	1	4258	1	P50	1	0.008644	0.008634	0.022033	0.022023
128	1	4258	1	P75	1	0.019702	0.019702	0.033221	0.033221
128	1	4258	1	P90	1	0.026400	0.026400	0.039998	0.039998
128	1	4258	1	P95	1	0.028643	0.028643	0.042267	0.042267
128	1	4258	1	P99	1	0.030437	0.030437	0.044082	0.044082
128	1	4258	1	P999	2	0.028868	0.028868	-0.002850	-0.002850
128	2	5148	2	P1	1	-0.012698	-0.012698	0.000440	0.000440
128	2	5148	2	P50	1	0.008636	0.008627	0.022025	0.022016
128	2	5148	2	P75	1	0.019695	0.019687	0.033214	0.033206
128	2	5148	2	P90	1	0.026387	0.026387	0.039985	0.039985
128	2	5148	2	P95	1	0.028625	0.028625	0.042249	0.042249
128	2	5148	2	P99	1	0.030422	0.030422	0.044067	0.044067
128	2	5148	2	P999	2	0.024897	0.024897	-0.006694	-0.006694
128	3	5155	3	P1	1	-0.012698	-0.012698	0.000440	0.000440
128	3	5155	3	P50	1	0.008662	0.008662	0.022051	0.022051
128	3	5155	3	P75	1	0.019738	0.019738	0.033258	0.033258
128	3	5155	3	P90	1	0.026439	0.026439	0.040038	0.040038
128	3	5155	3	P95	1	0.028686	0.028686	0.042310	0.042310
128	3	5155	3	P99	1	0.030483	0.030483	0.044129	0.044129
128	3	5155	3	P999	27	0.042028	0.042028	0.006001	0.006001
128	4	5164	4	P1	1	-0.012698	-0.012698	0.000439	0.000439
128	4	5164	4	P50	1	0.008666	0.008657	0.022055	0.022046
128	4	5164	4	P75	1	0.019740	0.019732	0.033260	0.033251
128	4	5164	4	P90	1	0.026438	0.026438	0.040037	0.040037
128	4	5164	4	P95	1	0.028681	0.028681	0.042305	0.042305
128	4	5164	4	P99	1	0.030483	0.030483	0.044129	0.044129
128	4	5164	4	P999	27	0.042028	0.042028	0.006001	0.006001
128	5	5171	5	P1	1	-0.012699	-0.012699	0.000439	0.000439
128	5	5171	5	P50	1	0.008674	0.008674	0.022064	0.022064
128	5	5171	5	P75	1	0.019757	0.019757	0.033277	0.033277
128	5	5171	5	P90	1	0.026459	0.026459	0.040058	0.040058
128	5	5171	5	P95	1	0.028708	0.028708	0.042333	0.042333
128	5	5171	5	P99	1	0.030510	0.030510	0.044156	0.044156
128	5	5171	5	P999	27	0.042028	0.042028	0.006001	0.006001
128	6	5178	6	P1	1	-0.012699	-0.012699	0.000439	0.000439
128	6	5178	6	P50	1	0.008708	0.008700	0.022098	0.022090
128	6	5178	6	P75	1	0.019801	0.019801	0.033321	0.033321
128	6	5178	6	P90	1	0.026520	0.026520	0.040119	0.040119
128	6	5178	6	P95	1	0.028769	0.028769	0.042395	0.042395
128	6	5178	6	P99	1	0.030570	0.030570	0.044217	0.044217
128	6	5178	6	P999	29	0.000788	0.000788	-0.000308	-0.000308
128	7	12421	7	P1	1	-0.012697	-0.012697	0.000440	0.000440
128	7	12421	7	P50	1	0.008718	0.008718	0.022108	0.022108
128	7	12421	7	P75	1	0.019822	0.019822	0.033342	0.033342
128	7	12421	7	P90	1	0.026543	0.026543	0.040142	0.040142
128	7	12421	7	P95	1	0.028793	0.028793	0.042419	0.042419
128	7	12421	7	P99	1	0.030597	0.030597	0.044244	0.044244
128	7	12421	7	P999	27	0.012237	0.012237	-0.008462	-0.008462
129	1	45	1	P1	1	-0.005488	-0.005488	0.001672	0.001672
129	1	45	1	P50	1	0.031848	0.031848	0.039180	0.039180
129	1	45	1	P75	27	-0.001531	-0.001531	-0.002702	-0.002702
129	1	45	1	P90	28	0.008177	0.008177	0.006878	0.006878
129	1	45	1	P95	29	0.001053	0.001053	-0.000308	-0.000308
129	1	45	1	P99	32	0.011567	0.011567	0.009913	0.009913
129	1	45	1	P999	32	0.011567	0.011567	0.009913	0.009913
129	2	63	2	P1	1	-0.006098	-0.006098	0.001060	0.001060
129	2	63	2	P50	1	0.027179	0.027179	0.034490	0.034490
129	2	63	2	P75	26	0.001365	0.001365	0.000279	0.000279
129	2	63	2	P90	28	-0.004291	-0.004291	-0.005543	-0.005543
129	2	63	2	P95	28	0.014470	0.014470	0.013146	0.013146
129	2	63	2	P99	32	0.011567	0.011567	0.009913	0.009913
129	2	63	2	P999	32	0.011567	0.011567	0.009913	0.009913
129	3	82	3	P1	1	-0.008860	-0.008860	0.001060	0.001060
129	3	82	3	P50	2	0.004331	-0.482928	-0.030147	-0.477799
129	3	82	3	P75	28	-0.017864	-0.017864	-0.014758	-0.014758
129	3	82	3	P90	29	0.000990	0.000990	0.004044	0.004044
129	3	82	3	P95	30	0.001918	0.001918	0.016613	0.016613
129	3	82	3	P99	32	0.007057	0.007057	0.009913	0.009913
129	3	82	3	P999	32	0.007057	0.007057	0.009913	0.009913
129	4	7828	4	P1	1	-0.009473	-0.009473	0.000442	0.000442
129	4	7828	4	P50	1	0.012066	0.012061	0.022152	0.022146
129	4	7828	4	P75	1	0.023235	0.023229	0.033408	0.033402
129	4	7828	4	P90	1	0.029993	0.029993	0.040220	0.040220
129	4	7828	4	P95	1	0.032254	0.032254	0.042499	0.042499
129	4	7828	4	P99	1	0.034068	0.034068	0.044327	0.044327
129	4	7828	4	P999	29	0.009744	0.009744	0.012807	0.012807
129	5	7858	5	P1	1	-0.009473	-0.009473	0.000442	0.000442
129	5	7858	5	P50	1	0.012151	0.012146	0.022238	0.022232
129	5	7858	5	P75	1	0.023361	0.023361	0.033535	0.033535
129	5	7858	5	P90	1	0.030149	0.030149	0.040377	0.040377
129	5	7858	5	P95	1	0.032422	0.032422	0.042668	0.042668
129	5	7858	5	P99	2	0.022144	0.022144	-0.012981	-0.012981
129	5	7858	5	P999	30	0.004299	0.004299	0.011717	0.011717
129	6	7903	6	P1	1	-0.009470	-0.009470	0.000445	0.000445
129	6	7903	6	P50	1	0.012153	0.012153	0.022239	0.022239
129	6	7903	6	P75	1	0.023369	0.023369	0.033543	0.033543
129	6	7903	6	P90	1	0.030154	0.030154	0.040382	0.040382
129	6	7903	6	P95	1	0.032426	0.032426	0.042672	0.042672
129	6	7903	6	P99	2	0.021655	0.021655	-0.013452	-0.013452
129	6	7903	6	P999	30	0.004299	0.004299	0.011717	0.011717
129	7	7933	7	P1	1	-0.009471	-0.009471	0.000444	0.000444
129	7	7933	7	P50	1	0.012169	0.012169	0.022255	0.022255
129	7	7933	7	P75	1	0.023390	0.023390	0.033565	0.033565
129	7	7933	7	P90	1	0.030184	0.030184	0.040412	0.040412
129	7	7933	7	P95	1	0.032460	0.032460	0.042706	0.042706
129	7	7933	7	P99	2	0.024462	0.024462	-0.010747	-0.010747
129	7	7933	7	P999	30	0.004299	0.004299	0.011717	0.011717
130	1	313	1	P1	1	-0.016134	-0.016134	0.000651	0.000651
130	1	313	1	P50	1	0.008688	0.008688	0.025875	0.025875
130	1	313	1	P75	1	0.021583	0.021583	0.038979	0.038979
130	1	313	1	P90	28	-0.010658	-0.010658	-0.000307	-0.000307
130	1	313	1	P95	29	-0.003527	-0.003527	0.010609	0.010609
130	1	313	1	P99	33	-0.013085	-0.013085	0.000815	0.000815
130	1	313	1	P999	38	-0.002063	-0.002063	0.011864	0.011864
130	2	2152	2	P1	1	-0.016326	-0.016326	0.000456	0.000456
130	2	2152	2	P50	1	0.005429	0.005409	0.022564	0.022543
130	2	2152	2	P75	1	0.016708	0.016687	0.034025	0.034004
130	2	2152	2	P90	1	0.023519	0.023519	0.040946	0.040946
130	2	2152	2	P95	1	0.025814	0.025814	0.043278	0.043278
130	2	2152	2	P99	29	-0.019643	-0.019643	-0.005722	-0.005722
130	2	2152	2	P999	33	0.008606	0.008606	0.022793	0.022793
130	3	2162	3	P1	1	-0.016326	-0.016326	0.000456	0.000456
130	3	2162	3	P50	1	0.005534	0.005513	0.022670	0.022648
130	3	2162	3	P75	1	0.016856	0.016856	0.034175	0.034175
130	3	2162	3	P90	1	0.023710	0.023710	0.041140	0.041140
130	3	2162	3	P95	1	0.026005	0.026005	0.043473	0.043473
130	3	2162	3	P99	29	-0.005073	-0.005073	0.002108	0.002108
130	3	2162	3	P999	33	0.008606	0.008606	0.022793	0.022793
130	4	2180	4	P1	1	-0.016330	-0.016330	0.000452	0.000452
130	4	2180	4	P50	1	0.005528	0.005507	0.022664	0.022643
130	4	2180	4	P75	1	0.016857	0.016837	0.034177	0.034155
130	4	2180	4	P90	1	0.023716	0.023695	0.041147	0.041125
130	4	2180	4	P95	1	0.026013	0.025992	0.043480	0.043459
130	4	2180	4	P99	29	-0.005073	-0.005073	0.002108	0.002108
130	4	2180	4	P999	33	0.008606	0.008606	0.022793	0.022793
130	5	2190	5	P1	1	-0.016331	-0.016331	0.000451	0.000451
130	5	2190	5	P50	1	0.005556	0.005536	0.022693	0.022672
130	5	2190	5	P75	1	0.016890	0.016890	0.034210	0.034210
130	5	2190	5	P90	1	0.023769	0.023748	0.041200	0.041179
130	5	2190	5	P95	1	0.026058	0.026058	0.043526	0.043526
130	5	2190	5	P99	29	-0.005073	-0.005073	0.002108	0.002108
130	5	2190	5	P999	33	0.008606	0.008606	0.022793	0.022793
130	6	2202	6	P1	1	-0.016311	-0.016311	0.000471	0.000471
130	6	2202	6	P50	1	0.005680	0.005659	0.022818	0.022797
130	6	2202	6	P75	1	0.017078	0.017078	0.034401	0.034401
130	6	2202	6	P90	1	0.023979	0.023979	0.041413	0.041413
130	6	2202	6	P95	1	0.026289	0.026289	0.043761	0.043761
130	6	2202	6	P99	29	0.011754	0.011754	0.011607	0.011607
130	6	2202	6	P999	33	0.053429	0.053429	0.022793	0.022793
130	7	2693	7	P1	1	-0.016333	-0.016333	0.000449	0.000449
130	7	2693	7	P50	1	0.005521	0.005521	0.022657	0.022657
130	7	2693	7	P75	1	0.016850	0.016850	0.034169	0.034169
130	7	2693	7	P90	1	0.023712	0.023712	0.041142	0.041142
130	7	2693	7	P95	1	0.026015	0.026015	0.043482	0.043482
130	7	2693	7	P99	29	0.001904	0.001904	0.003648	0.003648
130	7	2693	7	P999	33	0.053429	0.053429	0.022793	0.022793
131	1	18	1	P1	1	-0.003214	-0.003214	0.003957	0.003957
131	1	18	1	P50	1	0.032948	0.028866	0.040286	0.036185
131	1	18	1	P75	27	-0.007313	-0.007313	-0.008462	-0.008462
131	1	18	1	P90	28	-0.000152	-0.000152	-0.001420	-0.001420
131	1	18	1	P95	28	0.014470	0.014470	0.013146	0.013146
131	1	18	1	P99	28	0.014470	0.014470	0.013146	0.013146
131	1	18	1	P999	28	0.014470	0.014470	0.013146	0.013146
131	2	25	2	P1	1	-0.004606	-0.004606	0.002559	0.002559
131	2	25	2	P50	1	0.026473	0.026473	0.033781	0.033781
131	2	25	2	P75	24	-0.005688	-0.005688	0.037565	0.037565
131	2	25	2	P90	28	-0.014564	-0.014564	-0.015777	-0.015777
131	2	25	2	P95	28	-0.000152	-0.000152	-0.001420	-0.001420
131	2	25	2	P99	28	0.014470	0.014470	0.013146	0.013146
131	2	25	2	P999	28	0.014470	0.014470	0.013146	0.013146
131	3	33	3	P1	1	-0.018294	-0.018294	0.002559	0.002559
131	3	33	3	P50	1	0.022684	0.022684	0.044403	0.044403
131	3	33	3	P75	28	0.008783	0.008783	-0.004308	-0.004308
131	3	33	3	P90	29	0.000811	0.000811	0.021645	0.021645
131	3	33	3	P95	30	0.010413	0.010413	0.031442	0.031442
131	3	33	3	P99	31	0.021242	0.021242	0.042491	0.042491
131	3	33	3	P999	31	0.021242	0.021242	0.042491	0.042491
131	4	478	4	P1	1	-0.020336	-0.020336	0.000474	0.000474
131	4	478	4	P50	1	0.001751	0.001656	0.023027	0.022930
131	4	478	4	P75	1	0.013124	0.013124	0.034641	0.034641
131	4	478	4	P90	1	0.020068	0.020068	0.041731	0.041731
131	4	478	4	P95	1	0.022393	0.022393	0.044105	0.044105
131	4	478	4	P99	29	-0.004610	-0.004610	0.006957	0.006957
131	4	478	4	P999	31	0.021242	0.021242	0.042491	0.042491
131	5	485	5	P1	1	-0.020336	-0.020336	0.000474	0.000474
131	5	485	5	P50	1	0.002036	0.002036	0.023318	0.023318
131	5	485	5	P75	1	0.013605	0.013605	0.035131	0.035131
131	5	485	5	P90	1	0.020649	0.020649	0.042324	0.042324
131	5	485	5	P95	2	0.007134	0.007134	-0.015287	-0.015287
131	5	485	5	P99	29	0.015411	0.015411	0.021645	0.021645
131	5	485	5	P999	32	0.033262	0.033262	0.009913	0.009913
131	6	494	6	P1	1	-0.020344	-0.020344	0.000465	0.000465
131	6	494	6	P50	1	0.002057	0.001964	0.023340	0.023244
131	6	494	6	P75	1	0.013590	0.013590	0.035117	0.035117
131	6	494	6	P90	1	0.020593	0.020593	0.042267	0.042267
131	6	494	6	P95	2	0.007134	0.007134	-0.015287	-0.015287
131	6	494	6	P99	29	0.015411	0.015411	0.021645	0.021645
131	6	494	6	P999	32	0.033262	0.033262	0.009913	0.009913
131	7	501	7	P1	1	-0.020260	-0.020260	0.000551	0.000551
131	7	501	7	P50	1	0.002040	0.002040	0.023322	0.023322
131	7	501	7	P75	1	0.013612	0.013612	0.035139	0.035139
131	7	501	7	P90	1	0.020620	0.020620	0.042294	0.042294
131	7	501	7	P95	2	0.002768	0.002768	-0.019556	-0.019556
131	7	501	7	P99	29	0.000811	0.000811	0.010609	0.010609
131	7	501	7	P999	32	0.033262	0.033262	0.009913	0.009913
132	1	1500	1	P1	1	-0.016315	-0.016343	0.000468	0.000438
132	1	1500	1	P50	1	0.005056	0.005026	0.022184	0.022154
132	1	1500	1	P75	1	0.016137	0.016108	0.033445	0.033415
132	1	1500	1	P90	1	0.022845	0.022815	0.040261	0.040231
132	1	1500	1	P95	1	0.025090	0.025060	0.042543	0.042512
132	1	1500	1	P99	1	0.026890	0.026860	0.044372	0.044342
132	1	1500	1	P999	30	0.006065	0.006065	0.020300	0.020300
132	2	1508	2	P1	1	-0.016315	-0.016315	0.000468	0.000468
132	2	1508	2	P50	1	0.005173	0.005144	0.022304	0.022274
132	2	1508	2	P75	1	0.016316	0.016286	0.033626	0.033596
132	2	1508	2	P90	1	0.023054	0.023054	0.040474	0.040474
132	2	1508	2	P95	1	0.025300	0.025300	0.042756	0.042756
132	2	1508	2	P99	3	0.015100	0.015100	0.031442	0.031442
132	2	1508	2	P999	30	0.006065	0.006065	0.020300	0.020300
132	3	1520	3	P1	1	-0.016318	-0.016318	0.000464	0.000464
132	3	1520	3	P50	1	0.005186	0.005156	0.022316	0.022286
132	3	1520	3	P75	1	0.016334	0.016305	0.033645	0.033615
132	3	1520	3	P90	1	0.023082	0.023053	0.040502	0.040472
132	3	1520	3	P95	1	0.025342	0.025312	0.042798	0.042768
132	3	1520	3	P99	3	0.015100	0.015100	0.031442	0.031442
132	3	1520	3	P999	30	0.006065	0.006065	0.020300	0.020300
132	4	1528	4	P1	1	-0.016319	-0.016319	0.000463	0.000463
132	4	1528	4	P50	1	0.005228	0.005199	0.022359	0.022329
132	4	1528	4	P75	1	0.016399	0.016369	0.033710	0.033680
132	4	1528	4	P90	1	0.023154	0.023154	0.040576	0.040576
132	4	1528	4	P95	1	0.025406	0.025406	0.042864	0.042864
132	4	1528	4	P99	3	0.015100	0.015100	0.031442	0.031442
132	4	1528	4	P999	30	0.006065	0.006065	0.020300	0.020300
132	5	1538	5	P1	1	-0.016319	-0.016319	0.000463	0.000463
132	5	1538	5	P50	1	0.005373	0.005344	0.022507	0.022477
132	5	1538	5	P75	1	0.016604	0.016604	0.033920	0.033920
132	5	1538	5	P90	1	0.023421	0.023421	0.040846	0.040846
132	5	1538	5	P95	1	0.025703	0.025703	0.043166	0.043166
132	5	1538	5	P99	28	0.006213	0.006213	0.003412	0.003412
132	5	1538	5	P999	32	0.040125	0.040125	0.009913	0.009913
132	6	1740	6	P1	1	-0.016323	-0.016323	0.000459	0.000459
132	6	1740	6	P50	1	0.005323	0.005297	0.022455	0.022429
132	6	1740	6	P75	1	0.016544	0.016518	0.033858	0.033832
132	6	1740	6	P90	1	0.023337	0.023311	0.040761	0.040734
132	6	1740	6	P95	1	0.025611	0.025585	0.043072	0.043045
132	6	1740	6	P99	28	-0.007238	-0.007238	-0.006229	-0.006229
132	6	1740	6	P999	32	0.040125	0.040125	0.009913	0.009913
132	7	3150	7	P1	1	-0.016334	-0.016334	0.000448	0.000448
132	7	3150	7	P50	1	0.005180	0.005166	0.022311	0.022296
132	7	3150	7	P75	1	0.016327	0.016327	0.033638	0.033638
132	7	3150	7	P90	1	0.023086	0.023071	0.040506	0.040491
132	7	3150	7	P95	1	0.025339	0.025339	0.042795	0.042795
132	7	3150	7	P99	2	0.024586	0.024586	-0.002850	-0.002850
132	7	3150	7	P999	30	0.039415	0.039415	0.024000	0.024000
133	1	33	1	P1	1	-0.010983	-0.010983	0.002175	0.002175
133	1	33	1	P50	1	0.024048	0.024048	0.037619	0.037619
133	1	33	1	P75	27	-0.013131	-0.013131	-0.004866	-0.004866
133	1	33	1	P90	29	-0.015663	-0.015663	-0.007521	-0.007521
133	1	33	1	P95	29	0.013307	0.013307	0.021645	0.021645
133	1	33	1	P99	30	0.023090	0.023090	0.031442	0.031442
133	1	33	1	P999	30	0.023090	0.023090	0.031442	0.031442
133	2	45	2	P1	1	-0.011598	-0.011598	0.001553	0.001553
133	2	45	2	P50	1	0.022776	0.022776	0.036331	0.036331
133	2	45	2	P75	26	-0.008077	-0.008077	0.000279	0.000279
133	2	45	2	P90	28	0.004813	0.004813	0.013146	0.013146
133	2	45	2	P95	29	-0.001283	-0.001283	0.006957	0.006957
133	2	45	2	P99	30	0.023090	0.023090	0.031442	0.031442
133	2	45	2	P999	30	0.023090	0.023090	0.031442	0.031442
133	3	61	3	P1	1	-0.015247	-0.015247	0.001553	0.001553
133	3	61	3	P50	2	0.011796	0.011796	-0.015287	-0.015287
133	3	61	3	P75	28	-0.001052	-0.001052	0.013146	0.013146
133	3	61	3	P90	29	0.007364	0.007364	0.021645	0.021645
133	3	61	3	P95	30	0.017061	0.017061	0.031442	0.031442
133	3	61	3	P99	32	-0.004132	-0.004132	0.009913	0.009913
133	3	61	3	P999	32	-0.004132	-0.004132	0.009913	0.009913
133	4	110	4	P1	1	-0.015649	-0.015649	0.001144	0.001144
133	4	110	4	P50	1	0.015237	0.014656	0.032530	0.031940
133	4	110	4	P75	26	-0.013812	-0.013812	0.000279	0.000279
133	4	110	4	P90	29	-0.011916	-0.016679	0.002108	-0.002718
133	4	110	4	P95	30	-0.011998	-0.011998	0.001996	0.001996
133	4	110	4	P99	31	0.013201	0.013201	0.027503	0.027503
133	4	110	4	P999	32	-0.004132	-0.004132	0.009913	0.009913
133	5	280	5	P1	1	-0.016253	-0.016253	0.000530	0.000530
133	5	280	5	P50	1	0.008037	0.007859	0.025214	0.025033
133	5	280	5	P75	1	0.020587	0.020407	0.037967	0.037784
133	5	280	5	P90	26	-0.013812	-0.920804	0.000279	-0.922925
133	5	280	5	P95	29	-0.026134	-0.030828	-0.012300	-0.017056
133	5	280	5	P99	31	-0.001378	-0.001378	0.012730	0.012730
133	5	280	5	P999	32	-0.004132	-0.004132	0.009913	0.009913
133	6	283	6	P1	1	-0.016253	-0.016253	0.000530	0.000530
133	6	283	6	P50	1	0.008216	0.008216	0.025395	0.025395
133	6	283	6	P75	1	0.020948	0.020948	0.038333	0.038333
133	6	283	6	P90	27	-0.033676	-0.033676	-0.026250	-0.026250
133	6	283	6	P95	29	-0.027075	-0.027075	-0.013253	-0.013253
133	6	283	6	P99	31	-0.001378	-0.001378	0.012730	0.012730
133	6	283	6	P999	32	-0.004132	-0.004132	0.009913	0.009913
133	7	288	7	P1	1	-0.016264	-0.016264	0.000519	0.000519
133	7	288	7	P50	1	0.008236	0.008061	0.025415	0.025238
133	7	288	7	P75	1	0.020890	0.020713	0.038274	0.038095
133	7	288	7	P90	27	-0.033676	-0.033676	-0.026250	-0.026250
133	7	288	7	P95	29	-0.027075	-0.027075	-0.013253	-0.013253
133	7	288	7	P99	31	-0.001378	-0.001378	0.012730	0.012730
133	7	288	7	P999	32	-0.004132	-0.004132	0.009913	0.009913
134	1	6	1	P1	1	0.004561	0.004561	0.014587	0.014587
134	1	6	1	P50	27	-0.018794	-0.961698	-0.015616	-0.961318
134	1	6	1	P75	27	0.002798	0.002798	0.006001	0.006001
134	1	6	1	P90	28	0.010011	0.010011	0.013146	0.013146
134	1	6	1	P95	28	0.010011	0.010011	0.013146	0.013146
134	1	6	1	P99	28	0.010011	0.010011	0.013146	0.013146
134	1	6	1	P999	28	0.010011	0.010011	0.013146	0.013146
134	2	207	2	P1	1	-0.009277	-0.009277	0.000639	0.000639
134	2	207	2	P50	1	0.012308	0.012308	0.022396	0.022396
134	2	207	2	P75	1	0.023604	0.023604	0.033781	0.033781
134	2	207	2	P90	1	0.030398	0.030398	0.040628	0.040628
134	2	207	2	P95	1	0.032600	0.032600	0.042847	0.042847
134	2	207	2	P99	27	-0.018794	-0.018794	-0.015616	-0.015616
134	2	207	2	P999	28	0.010011	0.010011	0.013146	0.013146
134	3	459	3	P1	1	-0.009439	-0.009439	0.000476	0.000476
134	3	459	3	P50	1	0.012069	0.012069	0.022155	0.022155
134	3	459	3	P75	1	0.023242	0.023242	0.033416	0.033416
134	3	459	3	P90	1	0.030005	0.030005	0.040232	0.040232
134	3	459	3	P95	1	0.032269	0.032269	0.042514	0.042514
134	3	459	3	P99	1	0.034045	0.034045	0.044303	0.044303
134	3	459	3	P999	28	0.010011	0.010011	0.013146	0.013146
134	4	478	4	P1	1	-0.009439	-0.009439	0.000476	0.000476
134	4	478	4	P50	1	0.013036	0.012939	0.023129	0.023032
134	4	478	4	P75	1	0.024611	0.024611	0.034795	0.034795
134	4	478	4	P90	1	0.031678	0.031678	0.041918	0.041918
134	4	478	4	P95	1	0.034045	0.034045	0.044303	0.044303
134	4	478	4	P99	28	-0.002474	-0.002474	0.000648	0.000648
134	4	478	4	P999	30	-0.015378	-0.015378	0.031442	0.031442
134	5	509	5	P1	1	-0.009380	-0.009380	0.000535	0.000535
134	5	509	5	P50	1	0.012917	0.012917	0.023009	0.023009
134	5	509	5	P75	1	0.024482	0.024482	0.034665	0.034665
134	5	509	5	P90	1	0.031558	0.031558	0.041797	0.041797
134	5	509	5	P95	1	0.033866	0.033866	0.044123	0.044123
134	5	509	5	P99	28	-0.008659	-0.008659	-0.005543	-0.005543
134	5	509	5	P999	30	-0.015378	-0.015378	0.031442	0.031442
134	6	528	6	P1	1	-0.009395	-0.009395	0.000520	0.000520
134	6	528	6	P50	1	0.013152	0.013064	0.023246	0.023157
134	6	528	6	P75	1	0.024840	0.024751	0.035026	0.034936
134	6	528	6	P90	1	0.031899	0.031899	0.042141	0.042141
134	6	528	6	P95	2	0.002147	0.002147	-0.032252	-0.032252
134	6	528	6	P99	28	-0.008659	-0.008659	-0.005543	-0.005543
134	6	528	6	P999	30	-0.015378	-0.015378	0.031442	0.031442
134	7	547	7	P1	1	-0.009395	-0.009395	0.000520	0.000520
134	7	547	7	P50	1	0.013945	0.013945	0.024045	0.024045
134	7	547	7	P75	1	0.026087	0.026087	0.036283	0.036283
134	7	547	7	P90	1	0.033425	0.033425	0.043678	0.043678
134	7	547	7	P95	27	-0.004451	-0.004451	-0.001257	-0.001257
134	7	547	7	P99	29	0.013659	0.013659	0.021645	0.021645
134	7	547	7	P999	30	0.028433	0.028433	0.031442	0.031442
135	1	443	1	P1	1	-0.009414	-0.009414	0.000502	0.000502
135	1	443	1	P50	1	0.012436	0.012436	0.022524	0.022524
135	1	443	1	P75	1	0.023798	0.023798	0.033976	0.033976
135	1	443	1	P90	1	0.030614	0.030614	0.040846	0.040846
135	1	443	1	P95	1	0.032896	0.032896	0.043146	0.043146
135	1	443	1	P99	27	0.002798	0.002798	0.006001	0.006001
135	1	443	1	P999	28	0.010011	0.010011	0.013146	0.013146
135	2	457	2	P1	1	-0.009429	-0.009429	0.000486	0.000486
135	2	457	2	P50	1	0.012418	0.012418	0.022507	0.022507
135	2	457	2	P75	1	0.023722	0.023722	0.033899	0.033899
135	2	457	2	P90	1	0.030624	0.030624	0.040856	0.040856
135	2	457	2	P95	1	0.032935	0.032935	0.043185	0.043185
135	2	457	2	P99	27	0.002798	0.002798	0.006001	0.006001
135	2	457	2	P999	28	0.010011	0.010011	0.013146	0.013146
135	3	466	3	P1	1	-0.009438	-0.009438	0.000478	0.000478
135	3	466	3	P50	1	0.012506	0.012409	0.022595	0.022497
135	3	466	3	P75	1	0.023806	0.023806	0.033984	0.033984
135	3	466	3	P90	1	0.030686	0.030686	0.040918	0.040918
135	3	466	3	P95	1	0.032957	0.032957	0.043207	0.043207
135	3	466	3	P99	27	0.002798	0.002798	0.006001	0.006001
135	3	466	3	P999	28	0.010011	0.010011	0.013146	0.013146
135	4	475	4	P1	1	-0.016305	-0.016305	0.000478	0.000478
135	4	475	4	P50	1	0.005844	0.005844	0.022985	0.022985
135	4	475	4	P75	1	0.017348	0.017348	0.034675	0.034675
135	4	475	4	P90	1	0.024274	0.024274	0.041713	0.041713
135	4	475	4	P95	1	0.026626	0.026626	0.044103	0.044103
135	4	475	4	P99	29	-0.003527	-0.003527	0.010609	0.010609
135	4	475	4	P999	30	0.017061	0.017061	0.031442	0.031442
135	5	865	5	P1	1	-0.016319	-0.016319	0.000463	0.000463
135	5	865	5	P50	1	0.005379	0.005379	0.022512	0.022512
135	5	865	5	P75	1	0.016615	0.016615	0.033931	0.033931
135	5	865	5	P90	1	0.023439	0.023439	0.040865	0.040865
135	5	865	5	P95	1	0.025706	0.025706	0.043168	0.043168
135	5	865	5	P99	28	-0.008266	-0.008266	0.004381	0.004381
135	5	865	5	P999	30	0.017061	0.017061	0.031442	0.031442
135	6	880	6	P1	1	-0.016319	-0.016319	0.000463	0.000463
135	6	880	6	P50	1	0.005792	0.005741	0.022933	0.022880
135	6	880	6	P75	1	0.017243	0.017191	0.034569	0.034516
135	6	880	6	P90	1	0.024176	0.024124	0.041614	0.041560
135	6	880	6	P95	1	0.026498	0.026445	0.043973	0.043919
135	6	880	6	P99	29	-0.005073	-0.005073	-0.004642	-0.004642
135	6	880	6	P999	31	0.027993	0.027993	0.042491	0.042491
135	7	902	7	P1	1	-0.016281	-0.016281	0.000501	0.000501
135	7	902	7	P50	1	0.005768	0.005718	0.022908	0.022857
135	7	902	7	P75	1	0.017182	0.017182	0.034506	0.034506
135	7	902	7	P90	1	0.024092	0.024092	0.041528	0.041528
135	7	902	7	P95	1	0.026406	0.026406	0.043879	0.043879
135	7	902	7	P99	29	-0.011234	-0.011234	-0.013253	-0.013253
135	7	902	7	P999	31	0.027993	0.027993	0.042491	0.042491
136	1	32	1	P1	1	-0.005195	-0.005195	0.003627	0.003627
136	1	32	1	P50	27	-0.017059	-0.038227	-0.015616	-0.036769
136	1	32	1	P75	29	-0.005916	-0.014536	-0.004642	-0.013253
136	1	32	1	P90	30	0.000805	0.000805	0.031442	0.031442
136	1	32	1	P95	31	-0.002953	-0.002953	0.027503	0.027503
136	1	32	1	P99	32	0.008876	0.008876	0.009913	0.009913
136	1	32	1	P999	32	0.008876	0.008876	0.009913	0.009913
136	2	174	2	P1	1	-0.008237	-0.008237	0.000564	0.000564
136	2	174	2	P50	1	0.016174	0.015887	0.025136	0.024847
136	2	174	2	P75	1	0.028604	0.028604	0.037648	0.037648
136	2	174	2	P90	2	0.038981	0.038981	0.001975	0.001975
136	2	174	2	P95	29	-0.014536	-0.014536	-0.013253	-0.013253
136	2	174	2	P99	31	-0.002953	-0.002953	0.027503	0.027503
136	2	174	2	P999	32	0.008876	0.008876	0.009913	0.009913
136	3	176	3	P1	1	-0.008237	-0.008237	0.000564	0.000564
136	3	176	3	P50	1	0.016461	0.016174	0.025426	0.025136
136	3	176	3	P75	1	0.029186	0.028895	0.038233	0.037941
136	3	176	3	P90	27	-0.024166	-0.024166	-0.022718	-0.022718
136	3	176	3	P95	29	-0.014536	-0.014536	-0.013253	-0.013253
136	3	176	3	P99	31	-0.002953	-0.002953	0.027503	0.027503
136	3	176	3	P999	32	0.008876	0.008876	0.009913	0.009913
136	4	179	4	P1	1	-0.008248	-0.008248	0.000554	0.000554
136	4	179	4	P50	1	0.016255	0.016255	0.025217	0.025217
136	4	179	4	P75	1	0.029017	0.029017	0.038064	0.038064
136	4	179	4	P90	27	-0.024166	-0.024166	-0.022718	-0.022718
136	4	179	4	P95	29	-0.014536	-0.014536	-0.013253	-0.013253
136	4	179	4	P99	31	-0.002953	-0.002953	0.027503	0.027503
136	4	179	4	P999	32	0.008876	0.008876	0.009913	0.009913
136	5	181	5	P1	1	-0.008255	-0.008255	0.000547	0.000547
136	5	181	5	P50	1	0.016214	0.016214	0.025176	0.025176
136	5	181	5	P75	1	0.028814	0.028814	0.037860	0.037860
136	5	181	5	P90	26	-0.001236	-0.001236	0.000279	0.000279
136	5	181	5	P95	28	0.011810	0.011810	0.013146	0.013146
136	5	181	5	P99	31	-0.002953	-0.002953	0.027503	0.027503
136	5	181	5	P999	32	0.008876	0.008876	0.009913	0.009913
136	6	183	6	P1	1	-0.008255	-0.008255	0.000547	0.000547
136	6	183	6	P50	1	0.016492	0.016492	0.025457	0.025457
136	6	183	6	P75	1	0.029378	0.029378	0.038427	0.038427
136	6	183	6	P90	27	-0.009899	-0.009899	-0.008462	-0.008462
136	6	183	6	P95	29	-0.014536	-0.014536	-0.013253	-0.013253
136	6	183	6	P99	31	-0.002953	-0.002953	0.027503	0.027503
136	6	183	6	P999	32	0.008876	0.008876	0.009913	0.009913
136	7	2376	7	P1	1	-0.008353	-0.008353	0.000447	0.000447
136	7	2376	7	P50	1	0.013463	0.013444	0.022408	0.022389
136	7	2376	7	P75	1	0.024771	0.024752	0.033790	0.033770
136	7	2376	7	P90	1	0.031609	0.031609	0.040672	0.040672
136	7	2376	7	P95	1	0.033904	0.033904	0.042983	0.042983
136	7	2376	7	P99	2	0.037016	0.037016	0.000084	0.000084
136	7	2376	7	P999	31	-0.013747	-0.013747	0.012730	0.012730
137	1	23	1	P1	1	-0.001561	-0.001561	0.003348	0.003348
137	1	23	1	P50	1	0.035937	0.035937	0.040918	0.040918
137	1	23	1	P75	26	-0.009564	-0.009564	-0.008375	-0.008375
137	1	23	1	P90	28	-0.003828	-0.003828	-0.008624	-0.008624
137	1	23	1	P95	28	0.018113	0.018113	0.013146	0.013146
137	1	23	1	P99	29	0.026784	0.026784	0.021645	0.021645
137	1	23	1	P999	29	0.026784	0.026784	0.021645	0.021645
137	2	32	2	P1	1	-0.002835	-0.002835	0.002071	0.002071
137	2	32	2	P50	1	0.030824	0.028687	0.035796	0.033655
137	2	32	2	P75	25	0.000563	-0.021000	0.013523	0.004755
137	2	32	2	P90	27	0.010804	0.010804	0.006001	0.006001
137	2	32	2	P95	28	0.018113	0.018113	0.013146	0.013146
137	2	32	2	P99	29	0.026784	0.026784	0.021645	0.021645
137	2	32	2	P999	29	0.026784	0.026784	0.021645	0.021645
137	3	41	3	P1	1	-0.011086	-0.011086	0.002071	0.002071
137	3	41	3	P50	1	0.030753	0.030753	0.044403	0.044403
137	3	41	3	P75	28	-0.031970	-0.031970	-0.023888	-0.023888
137	3	41	3	P90	28	0.004813	0.004813	0.013146	0.013146
137	3	41	3	P95	29	0.013307	0.013307	0.021645	0.021645
137	3	41	3	P99	35	-0.000795	-0.000795	0.007168	0.007168
137	3	41	3	P999	35	-0.000795	-0.000795	0.007168	0.007168
137	4	53	4	P1	1	-0.011746	-0.011746	0.001402	0.001402
137	4	53	4	P50	1	0.024983	0.024983	0.038564	0.038564
137	4	53	4	P75	26	-0.008077	-0.008077	0.000279	0.000279
137	4	53	4	P90	28	-0.001413	-0.001413	0.006878	0.006878
137	4	53	4	P95	29	0.013307	0.013307	0.021645	0.021645
137	4	53	4	P99	35	-0.000795	-0.000795	0.007168	0.007168
137	4	53	4	P999	35	-0.000795	-0.000795	0.007168	0.007168
137	5	55	5	P1	1	-0.018262	-0.018262	0.001402	0.001402
137	5	55	5	P50	1	0.019611	0.019611	0.040021	0.040021
137	5	55	5	P75	27	-0.012680	-0.012680	-0.008462	-0.008462
137	5	55	5	P90	28	-0.005653	-0.005653	0.013146	0.013146
137	5	55	5	P95	31	0.023191	0.023191	0.042491	0.042491
137	5	55	5	P99	37	0.020030	0.020030	0.039211	0.039211
137	5	55	5	P999	37	0.020030	0.020030	0.039211	0.039211
137	6	58	6	P1	1	-0.018345	-0.018345	0.001317	0.001317
137	6	58	6	P50	1	0.019871	0.018529	0.040286	0.038917
137	6	58	6	P75	27	-0.033903	-0.033903	-0.022718	-0.022718
137	6	58	6	P90	28	-0.005653	-0.005653	0.013146	0.013146
137	6	58	6	P95	31	0.023191	0.023191	0.042491	0.042491
137	6	58	6	P99	37	0.020030	0.020030	0.039211	0.039211
137	6	58	6	P999	37	0.020030	0.020030	0.039211	0.039211
137	7	60	7	P1	1	-0.018383	-0.018383	0.001279	0.001279
137	7	60	7	P50	1	0.019989	0.018686	0.040407	0.039078
137	7	60	7	P75	27	-0.033903	-0.054669	-0.022718	-0.036769
137	7	60	7	P90	28	-0.005653	-0.011040	0.013146	0.006878
137	7	60	7	P95	31	0.023191	-0.061988	0.042491	-0.044267
137	7	60	7	P99	37	0.020030	0.020030	0.039211	0.039211
137	7	60	7	P999	37	0.020030	0.020030	0.039211	0.039211
138	1	2602	1	P1	1	-0.018308	-0.018308	0.000454	0.000454
138	1	2602	1	P50	1	0.002974	0.002957	0.022132	0.022115
138	1	2602	1	P75	1	0.014001	0.014001	0.033364	0.033364
138	1	2602	1	P90	1	0.020675	0.020675	0.040162	0.040162
138	1	2602	1	P95	1	0.022909	0.022909	0.042438	0.042438
138	1	2602	1	P99	1	0.024700	0.024700	0.044262	0.044262
138	1	2602	1	P999	2	0.027209	0.027209	0.001975	0.001975
138	2	2609	2	P1	1	-0.018308	-0.018308	0.000454	0.000454
138	2	2609	2	P50	1	0.003025	0.003025	0.022184	0.022184
138	2	2609	2	P75	1	0.014086	0.014086	0.033450	0.033450
138	2	2609	2	P90	1	0.020795	0.020795	0.040284	0.040284
138	2	2609	2	P95	1	0.023029	0.023029	0.042560	0.042560
138	2	2609	2	P99	1	0.024821	0.024821	0.044385	0.044385
138	2	2609	2	P999	29	0.004140	0.004140	0.021645	0.021645
138	3	2619	3	P1	1	-0.018310	-0.018310	0.000452	0.000452
138	3	2619	3	P50	1	0.003024	0.003024	0.022183	0.022183
138	3	2619	3	P75	1	0.014093	0.014093	0.033458	0.033458
138	3	2619	3	P90	1	0.020793	0.020793	0.040283	0.040283
138	3	2619	3	P95	1	0.023036	0.023036	0.042568	0.042568
138	3	2619	3	P99	1	0.024821	0.024821	0.044385	0.044385
138	3	2619	3	P999	29	0.004140	0.004140	0.021645	0.021645
138	4	2625	4	P1	1	-0.018310	-0.018310	0.000452	0.000452
138	4	2625	4	P50	1	0.003040	0.003040	0.022199	0.022199
138	4	2625	4	P75	1	0.014110	0.014110	0.033475	0.033475
138	4	2625	4	P90	1	0.020816	0.020816	0.040306	0.040306
138	4	2625	4	P95	1	0.023056	0.023056	0.042588	0.042588
138	4	2625	4	P99	2	-0.014105	-0.014105	-0.038306	-0.038306
138	4	2625	4	P999	29	0.004140	0.004140	0.021645	0.021645
138	5	2633	5	P1	1	-0.018310	-0.018310	0.000452	0.000452
138	5	2633	5	P50	1	0.003107	0.003107	0.022268	0.022268
138	5	2633	5	P75	1	0.014211	0.014211	0.033578	0.033578
138	5	2633	5	P90	1	0.020936	0.020936	0.040428	0.040428
138	5	2633	5	P95	1	0.023193	0.023193	0.042727	0.042727
138	5	2633	5	P99	2	0.005126	0.005126	-0.019556	-0.019556
138	5	2633	5	P999	30	0.036065	0.036065	0.031442	0.031442
138	6	2905	6	P1	1	-0.018308	-0.018308	0.000454	0.000454
138	6	2905	6	P50	1	0.003079	0.003079	0.022239	0.022239
138	6	2905	6	P75	1	0.014169	0.014169	0.033535	0.033535
138	6	2905	6	P90	1	0.020888	0.020888	0.040379	0.040379
138	6	2905	6	P95	1	0.023132	0.023132	0.042665	0.042665
138	6	2905	6	P99	2	-0.002130	-0.002130	-0.026629	-0.026629
138	6	2905	6	P999	30	0.036065	0.036065	0.031442	0.031442
138	7	3868	7	P1	1	-0.018319	-0.018319	0.000442	0.000442
138	7	3868	7	P50	1	0.003027	0.003016	0.022186	0.022175
138	7	3868	7	P75	1	0.014093	0.014081	0.033457	0.033446
138	7	3868	7	P90	1	0.020788	0.020788	0.040277	0.040277
138	7	3868	7	P95	1	0.023026	0.023026	0.042557	0.042557
138	7	3868	7	P99	1	0.024826	0.024826	0.044391	0.044391
138	7	3868	7	P999	30	0.013791	0.013791	0.009278	0.009278
139	1	1389	1	P1	1	-0.006714	-0.006714	0.000441	0.000441
139	1	1389	1	P50	1	0.014866	0.014866	0.022121	0.022121
139	1	1389	1	P75	1	0.026042	0.026042	0.033348	0.033348
139	1	1389	1	P90	1	0.032833	0.032833	0.040170	0.040170
139	1	1389	1	P95	1	0.035084	0.035084	0.042432	0.042432
139	1	1389	1	P99	1	0.036915	0.036915	0.044271	0.044271
139	1	1389	1	P999	29	0.023093	0.023093	0.021645	0.021645
139	2	1398	2	P1	1	-0.006717	-0.006717	0.000438	0.000438
139	2	1398	2	P50	1	0.014881	0.014849	0.022136	0.022104
139	2	1398	2	P75	1	0.026049	0.026049	0.033355	0.033355
139	2	1398	2	P90	1	0.032828	0.032828	0.040165	0.040165
139	2	1398	2	P95	1	0.035097	0.035097	0.042444	0.042444
139	2	1398	2	P99	1	0.036916	0.036916	0.044272	0.044272
139	2	1398	2	P999	29	0.023093	0.023093	0.021645	0.021645
139	3	1404	3	P1	1	-0.006688	-0.006688	0.000467	0.000467
139	3	1404	3	P50	1	0.014880	0.014849	0.022135	0.022103
139	3	1404	3	P75	1	0.026064	0.026032	0.033370	0.033338
139	3	1404	3	P90	1	0.032813	0.032813	0.040150	0.040150
139	3	1404	3	P95	1	0.035073	0.035073	0.042420	0.042420
139	3	1404	3	P99	1	0.036884	0.036884	0.044240	0.044240
139	3	1404	3	P999	29	0.023093	0.023093	0.021645	0.021645
139	4	1410	4	P1	1	-0.012671	-0.012671	0.000467	0.000467
139	4	1410	4	P50	1	0.008839	0.008808	0.022231	0.022199
139	4	1410	4	P75	1	0.019976	0.019976	0.033499	0.033499
139	4	1410	4	P90	1	0.026743	0.026711	0.040345	0.040312
139	4	1410	4	P95	1	0.028987	0.028987	0.042615	0.042615
139	4	1410	4	P99	2	0.011606	0.011606	-0.019556	-0.019556
139	4	1410	4	P999	31	0.011862	0.011862	0.020090	0.020090
139	5	1701	5	P1	1	-0.012674	-0.012674	0.000464	0.000464
139	5	1701	5	P50	1	0.008793	0.008793	0.022184	0.022184
139	5	1701	5	P75	1	0.019925	0.019925	0.033447	0.033447
139	5	1701	5	P90	1	0.026663	0.026663	0.040264	0.040264
139	5	1701	5	P95	1	0.028919	0.028919	0.042546	0.042546
139	5	1701	5	P99	1	0.030727	0.030727	0.044376	0.044376
139	5	1701	5	P999	31	0.011862	0.011862	0.020090	0.020090
139	6	1706	6	P1	1	-0.012674	-0.012674	0.000464	0.000464
139	6	1706	6	P50	1	0.008871	0.008845	0.022263	0.022237
139	6	1706	6	P75	1	0.020030	0.020030	0.033553	0.033553
139	6	1706	6	P90	1	0.026795	0.026795	0.040398	0.040398
139	6	1706	6	P95	1	0.029051	0.029051	0.042681	0.042681
139	6	1706	6	P99	3	0.019603	0.019603	0.031442	0.031442
139	6	1706	6	P999	31	0.011862	0.011862	0.020090	0.020090
139	7	1713	7	P1	1	-0.012675	-0.012675	0.000463	0.000463
139	7	1713	7	P50	1	0.008870	0.008870	0.022262	0.022262
139	7	1713	7	P75	1	0.020042	0.020042	0.033565	0.033565
139	7	1713	7	P90	1	0.026809	0.026809	0.040412	0.040412
139	7	1713	7	P95	1	0.029084	0.029084	0.042713	0.042713
139	7	1713	7	P99	3	0.019603	0.019603	0.031442	0.031442
139	7	1713	7	P999	31	0.011862	0.011862	0.020090	0.020090
140	1	10	1	P1	1	-0.004061	-0.004061	0.014587	0.014587
140	1	10	1	P50	27	0.005289	-0.923853	0.006001	-0.925780
140	1	10	1	P75	28	-0.002098	-0.002098	0.013146	0.013146
140	1	10	1	P90	309	0.032682	-0.901358	0.001400	-0.899860
140	1	10	1	P95	309	0.032682	0.032682	0.001400	0.001400
140	1	10	1	P99	309	0.032682	0.032682	0.001400	0.001400
140	1	10	1	P999	309	0.032682	0.032682	0.001400	0.001400
140	2	2339	2	P1	1	-0.016333	-0.016333	0.000449	0.000449
140	2	2339	2	P50	1	0.004995	0.004995	0.022123	0.022123
140	2	2339	2	P75	1	0.016060	0.016060	0.033367	0.033367
140	2	2339	2	P90	1	0.022758	0.022758	0.040173	0.040173
140	2	2339	2	P95	1	0.025000	0.025000	0.042451	0.042451
140	2	2339	2	P99	1	0.026786	0.026786	0.044266	0.044266
140	2	2339	2	P999	28	-0.001052	-0.001052	0.013146	0.013146
140	3	2351	3	P1	1	-0.016333	-0.016333	0.000449	0.000449
140	3	2351	3	P50	1	0.005108	0.005108	0.022237	0.022237
140	3	2351	3	P75	1	0.016232	0.016232	0.033541	0.033541
140	3	2351	3	P90	1	0.022949	0.022949	0.040367	0.040367
140	3	2351	3	P95	1	0.025211	0.025211	0.042666	0.042666
140	3	2351	3	P99	2	0.022114	0.022114	-0.005254	-0.005254
140	3	2351	3	P999	30	0.002426	0.002426	0.016613	0.016613
140	4	2369	4	P1	1	-0.016336	-0.016336	0.000446	0.000446
140	4	2369	4	P50	1	0.005116	0.005116	0.022245	0.022245
140	4	2369	4	P75	1	0.016233	0.016233	0.033542	0.033542
140	4	2369	4	P90	1	0.022978	0.022978	0.040396	0.040396
140	4	2369	4	P95	1	0.025224	0.025224	0.042678	0.042678
140	4	2369	4	P99	2	0.023173	0.023173	-0.004225	-0.004225
140	4	2369	4	P999	30	0.002426	0.002426	0.016613	0.016613
140	5	2381	5	P1	1	-0.016338	-0.016338	0.000444	0.000444
140	5	2381	5	P50	1	0.005142	0.005142	0.022272	0.022272
140	5	2381	5	P75	1	0.016274	0.016274	0.033584	0.033584
140	5	2381	5	P90	1	0.023012	0.023012	0.040431	0.040431
140	5	2381	5	P95	1	0.025268	0.025268	0.042723	0.042723
140	5	2381	5	P99	2	0.025081	0.025081	-0.002369	-0.002369
140	5	2381	5	P999	30	0.002426	0.002426	0.016613	0.016613
140	6	2396	6	P1	1	-0.016338	-0.016338	0.000444	0.000444
140	6	2396	6	P50	1	0.005291	0.005273	0.022423	0.022404
140	6	2396	6	P75	1	0.016500	0.016481	0.033813	0.033794
140	6	2396	6	P90	1	0.023277	0.023277	0.040700	0.040700
140	6	2396	6	P95	1	0.025553	0.025553	0.043013	0.043013
140	6	2396	6	P99	27	0.013666	0.013666	-0.004866	-0.004866
140	6	2396	6	P999	34	0.022446	0.022446	0.036790	0.036790
140	7	4128	7	P1	1	-0.016334	-0.016334	0.000448	0.000448
140	7	4128	7	P50	1	0.005119	0.005109	0.022249	0.022238
140	7	4128	7	P75	1	0.016243	0.016232	0.033553	0.033542
140	7	4128	7	P90	1	0.022974	0.022974	0.040393	0.040393
140	7	4128	7	P95	1	0.025224	0.025224	0.042679	0.042679
140	7	4128	7	P99	2	0.016837	0.016837	-0.010386	-0.010386
140	7	4128	7	P999	30	0.017061	0.017061	0.020300	0.020300
141	1	7	1	P1	1	0.000923	0.000923	0.010920	0.010920
141	1	7	1	P50	1	0.034143	0.034143	0.044403	0.044403
141	1	7	1	P75	28	-0.011737	-0.011737	-0.008624	-0.008624
141	1	7	1	P90	28	0.010011	0.010011	0.013146	0.013146
141	1	7	1	P95	28	0.010011	0.010011	0.013146	0.013146
141	1	7	1	P99	28	0.010011	0.010011	0.013146	0.013146
141	1	7	1	P999	28	0.010011	0.010011	0.013146	0.013146
141	2	10	2	P1	1	-0.002701	-0.002701	0.007267	0.007267
141	2	10	2	P50	1	0.034143	0.026667	0.044403	0.036868
141	2	10	2	P75	27	0.002798	0.002798	0.006001	0.006001
141	2	10	2	P90	28	0.010011	-0.011737	0.013146	-0.008624
141	2	10	2	P95	28	0.010011	0.010011	0.013146	0.013146
141	2	10	2	P99	28	0.010011	0.010011	0.013146	0.013146
141	2	10	2	P999	28	0.010011	0.010011	0.013146	0.013146
141	3	13	3	P1	1	-0.002701	-0.002701	0.007267	0.007267
141	3	13	3	P50	2	0.037664	0.037664	0.001975	0.001975
141	3	13	3	P75	28	-0.018881	-0.018881	-0.015777	-0.015777
141	3	13	3	P90	28	0.010011	0.010011	0.013146	0.013146
141	3	13	3	P95	30	0.028433	0.028433	0.031442	0.031442
141	3	13	3	P99	30	0.028433	0.028433	0.031442	0.031442
141	3	13	3	P999	30	0.028433	0.028433	0.031442	0.031442
141	4	1745	4	P1	1	-0.009464	-0.009464	0.000451	0.000451
141	4	1745	4	P50	1	0.012003	0.012003	0.022088	0.022088
141	4	1745	4	P75	1	0.023129	0.023129	0.033301	0.033301
141	4	1745	4	P90	1	0.029873	0.029873	0.040099	0.040099
141	4	1745	4	P95	1	0.032122	0.032122	0.042366	0.042366
141	4	1745	4	P99	1	0.033936	0.033936	0.044193	0.044193
141	4	1745	4	P999	28	0.010011	0.010011	0.013146	0.013146
141	5	1754	5	P1	1	-0.012687	-0.012687	0.000451	0.000451
141	5	1754	5	P50	1	0.008825	0.008799	0.022216	0.022190
141	5	1754	5	P75	1	0.019960	0.019960	0.033482	0.033482
141	5	1754	5	P90	1	0.026705	0.026705	0.040307	0.040307
141	5	1754	5	P95	1	0.028972	0.028972	0.042601	0.042601
141	5	1754	5	P99	2	0.033854	0.033854	0.001975	0.001975
141	5	1754	5	P999	29	0.013307	0.013307	0.021645	0.021645
141	6	1764	6	P1	1	-0.012690	-0.012690	0.000448	0.000448
141	6	1764	6	P50	1	0.008823	0.008798	0.022214	0.022189
141	6	1764	6	P75	1	0.019971	0.019945	0.033493	0.033468
141	6	1764	6	P90	1	0.026703	0.026703	0.040305	0.040305
141	6	1764	6	P95	1	0.028957	0.028957	0.042585	0.042585
141	6	1764	6	P99	2	0.033854	0.033854	0.001975	0.001975
141	6	1764	6	P999	29	0.013307	0.013307	0.021645	0.021645
141	7	1772	7	P1	1	-0.012691	-0.012691	0.000446	0.000446
141	7	1772	7	P50	1	0.008847	0.008822	0.022239	0.022214
141	7	1772	7	P75	1	0.020008	0.019982	0.033530	0.033505
141	7	1772	7	P90	1	0.026742	0.026742	0.040344	0.040344
141	7	1772	7	P95	1	0.029014	0.029014	0.042643	0.042643
141	7	1772	7	P99	2	0.033854	0.033854	0.001975	0.001975
141	7	1772	7	P999	29	0.013307	0.013307	0.021645	0.021645
142	1	36	1	P1	1	-0.008371	-0.008371	0.001553	0.001553
142	1	36	1	P50	1	0.019773	0.018189	0.029919	0.028323
142	1	36	1	P75	1	0.034143	0.032537	0.044403	0.042783
142	1	36	1	P90	28	0.010011	0.010011	0.013146	0.013146
142	1	36	1	P95	30	0.006289	0.006289	0.031442	0.031442
142	1	36	1	P99	31	-0.004742	-0.004742	0.042491	0.042491
142	1	36	1	P999	31	-0.004742	-0.004742	0.042491	0.042491
142	2	74	2	P1	1	-0.009258	-0.009258	0.000658	0.000658
142	2	74	2	P50	1	0.015219	0.014550	0.025329	0.024655
142	2	74	2	P75	1	0.027344	0.027344	0.037550	0.037550
142	2	74	2	P90	27	-0.018794	-0.018794	-0.015616	-0.015616
142	2	74	2	P95	28	0.010011	0.010011	0.013146	0.013146
142	2	74	2	P99	31	-0.004742	-0.004742	0.042491	0.042491
142	2	74	2	P999	31	-0.004742	-0.004742	0.042491	0.042491
142	3	1316	3	P1	1	-0.009448	-0.009448	0.000467	0.000467
142	3	1316	3	P50	1	0.012130	0.012096	0.022216	0.022182
142	3	1316	3	P75	1	0.023317	0.023282	0.033491	0.033456
142	3	1316	3	P90	1	0.030074	0.030074	0.040302	0.040302
142	3	1316	3	P95	1	0.032348	0.032348	0.042593	0.042593
142	3	1316	3	P99	1	0.034143	0.034143	0.044403	0.044403
142	3	1316	3	P999	30	0.006289	0.006289	0.031442	0.031442
142	4	6150	4	P1	1	-0.009475	-0.009475	0.000440	0.000440
142	4	6150	4	P50	1	0.011984	0.011977	0.022069	0.022062
142	4	6150	4	P75	1	0.023106	0.023106	0.033278	0.033278
142	4	6150	4	P90	1	0.029843	0.029836	0.040068	0.040061
142	4	6150	4	P95	1	0.032094	0.032094	0.042337	0.042337
142	4	6150	4	P99	1	0.033901	0.033901	0.044158	0.044158
142	4	6150	4	P999	27	0.002798	0.002798	0.006001	0.006001
142	5	6940	5	P1	1	-0.009474	-0.009474	0.000440	0.000440
142	5	6940	5	P50	1	0.011988	0.011981	0.022073	0.022066
142	5	6940	5	P75	1	0.023115	0.023109	0.033288	0.033281
142	5	6940	5	P90	1	0.029850	0.029844	0.040076	0.040069
142	5	6940	5	P95	1	0.032105	0.032099	0.042348	0.042342
142	5	6940	5	P99	1	0.033909	0.033909	0.044166	0.044166
142	5	6940	5	P999	27	0.002798	0.002798	0.006001	0.006001
142	6	6960	6	P1	1	-0.009474	-0.009474	0.000440	0.000440
142	6	6960	6	P50	1	0.012052	0.012045	0.022137	0.022131
142	6	6960	6	P75	1	0.023212	0.023205	0.033385	0.033379
142	6	6960	6	P90	1	0.029967	0.029961	0.040194	0.040187
142	6	6960	6	P95	1	0.032229	0.032222	0.042473	0.042466
142	6	6960	6	P99	1	0.034039	0.034039	0.044297	0.044297
142	6	6960	6	P999	30	0.001918	0.001918	0.001996	0.001996
142	7	6992	7	P1	1	-0.009476	-0.009476	0.000438	0.000438
142	7	6992	7	P50	1	0.012051	0.012044	0.022136	0.022130
142	7	6992	7	P75	1	0.023211	0.023204	0.033384	0.033378
142	7	6992	7	P90	1	0.029960	0.029960	0.040187	0.040187
142	7	6992	7	P95	1	0.032225	0.032225	0.042469	0.042469
142	7	6992	7	P99	1	0.034039	0.034039	0.044298	0.044298
142	7	6992	7	P999	30	0.001918	0.001918	0.001996	0.001996
143	1	44	1	P1	1	-0.010603	-0.010603	0.002559	0.002559
143	1	44	1	P50	28	-0.030967	-0.037969	-0.022878	-0.029927
143	1	44	1	P75	29	0.002345	-0.003092	0.010609	0.005136
143	1	44	1	P90	31	0.011862	0.011862	0.020090	0.020090
143	1	44	1	P95	33	-0.014366	-0.014366	-0.006405	-0.006405
143	1	44	1	P99	33	0.014642	0.014642	0.022793	0.022793
143	1	44	1	P999	33	0.014642	0.014642	0.022793	0.022793
143	2	783	2	P1	1	-0.012674	-0.012674	0.000464	0.000464
143	2	783	2	P50	1	0.009567	0.009567	0.022967	0.022967
143	2	783	2	P75	1	0.021112	0.021112	0.034648	0.034648
143	2	783	2	P90	1	0.028066	0.028066	0.041684	0.041684
143	2	783	2	P95	1	0.030395	0.030395	0.044040	0.044040
143	2	783	2	P99	30	-0.006160	-0.006160	0.001996	0.001996
143	2	783	2	P999	33	0.014642	0.014642	0.022793	0.022793
143	3	786	3	P1	1	-0.012674	-0.012674	0.000464	0.000464
143	3	786	3	P50	1	0.009684	0.009626	0.023086	0.023026
143	3	786	3	P75	1	0.021230	0.021230	0.034767	0.034767
143	3	786	3	P90	1	0.028245	0.028245	0.041865	0.041865
143	3	786	3	P95	1	0.030574	0.030574	0.044221	0.044221
143	3	786	3	P99	30	-0.006160	-0.006160	0.001996	0.001996
143	3	786	3	P999	33	0.014642	0.014642	0.022793	0.022793
143	4	791	4	P1	1	-0.012677	-0.012677	0.000460	0.000460
143	4	791	4	P50	1	0.009648	0.009648	0.023049	0.023049
143	4	791	4	P75	1	0.021234	0.021234	0.034771	0.034771
143	4	791	4	P90	1	0.028202	0.028202	0.041822	0.041822
143	4	791	4	P95	1	0.030575	0.030575	0.044222	0.044222
143	4	791	4	P99	30	-0.006160	-0.006160	0.001996	0.001996
143	4	791	4	P999	33	0.014642	0.014642	0.022793	0.022793
143	5	794	5	P1	1	-0.012679	-0.012679	0.000459	0.000459
143	5	794	5	P50	1	0.009703	0.009645	0.023104	0.023046
143	5	794	5	P75	1	0.021259	0.021259	0.034797	0.034797
143	5	794	5	P90	1	0.028268	0.028268	0.041888	0.041888
143	5	794	5	P95	1	0.030635	0.030635	0.044283	0.044283
143	5	794	5	P99	30	-0.006160	-0.006160	0.001996	0.001996
143	5	794	5	P999	33	0.014642	0.014642	0.022793	0.022793
143	6	797	6	P1	1	-0.012679	-0.012679	0.000459	0.000459
143	6	797	6	P50	1	0.009761	0.009761	0.023163	0.023163
143	6	797	6	P75	1	0.021377	0.021377	0.034916	0.034916
143	6	797	6	P90	1	0.028445	0.028445	0.042068	0.042068
143	6	797	6	P95	2	-0.005367	-0.005367	-0.035982	-0.035982
143	6	797	6	P99	30	-0.006160	-0.006160	0.001996	0.001996
143	6	797	6	P999	33	0.014642	0.014642	0.022793	0.022793
143	7	3164	7	P1	1	-0.012692	-0.012692	0.000446	0.000446
143	7	3164	7	P50	1	0.008902	0.008888	0.022295	0.022280
143	7	3164	7	P75	1	0.020097	0.020082	0.033621	0.033606
143	7	3164	7	P90	1	0.026864	0.026864	0.040468	0.040468
143	7	3164	7	P95	1	0.029130	0.029130	0.042760	0.042760
143	7	3164	7	P99	2	0.033854	0.033854	0.001975	0.001975
143	7	3164	7	P999	32	0.001800	0.001800	0.009913	0.009913
144	1	626	0	P1	1	-0.021012	-0.021012	0.000487	0.000487
144	1	626	0	P50	1	0.000104	0.000035	0.022067	0.021996
144	1	626	0	P75	1	0.011008	0.011008	0.033210	0.033210
144	1	626	0	P90	1	0.017636	0.017636	0.039983	0.039983
144	1	626	0	P95	1	0.019831	0.019831	0.042227	0.042227
144	1	626	0	P99	1	0.021605	0.021605	0.044040	0.044040
144	1	626	0	P999	2	0.023978	0.023978	0.001975	0.001975
144	2	628	1	P1	1	-0.012651	-0.012651	0.000487	0.000487
144	2	628	1	P50	1	0.008747	0.008677	0.022138	0.022067
144	2	628	1	P75	1	0.019833	0.019762	0.033354	0.033282
144	2	628	1	P90	1	0.026528	0.026528	0.040128	0.040128
144	2	628	1	P95	1	0.028746	0.028746	0.042372	0.042372
144	2	628	1	P99	1	0.030538	0.030538	0.044185	0.044185
144	2	628	1	P999	29	0.013307	0.013307	0.021645	0.021645
144	3	632	2	P1	1	-0.012654	-0.012654	0.000484	0.000484
144	3	632	2	P50	1	0.008746	0.008676	0.022137	0.022066
144	3	632	2	P75	1	0.019832	0.019761	0.033352	0.033281
144	3	632	2	P90	1	0.026484	0.026484	0.040083	0.040083
144	3	632	2	P95	1	0.028759	0.028759	0.042385	0.042385
144	3	632	2	P99	1	0.030540	0.030540	0.044186	0.044186
144	3	632	2	P999	29	0.013307	0.013307	0.021645	0.021645
144	4	634	3	P1	1	-0.012655	-0.012655	0.000483	0.000483
144	4	634	3	P50	1	0.008781	0.008711	0.022172	0.022101
144	4	634	3	P75	1	0.019849	0.019849	0.033370	0.033370
144	4	634	3	P90	1	0.026562	0.026562	0.040162	0.040162
144	4	634	3	P95	1	0.028833	0.028833	0.042460	0.042460
144	4	634	3	P99	1	0.030611	0.030611	0.044259	0.044259
144	4	634	3	P999	29	0.013307	0.013307	0.021645	0.021645
144	5	637	4	P1	1	-0.012655	-0.012655	0.000483	0.000483
144	5	637	4	P50	1	0.008850	0.008850	0.022242	0.022242
144	5	637	4	P75	1	0.019990	0.019990	0.033512	0.033512
144	5	637	4	P90	1	0.026775	0.026775	0.040377	0.040377
144	5	637	4	P95	1	0.029046	0.029046	0.042675	0.042675
144	5	637	4	P99	2	0.011606	0.011606	-0.019556	-0.019556
144	5	637	4	P999	29	0.013307	0.013307	0.021645	0.021645
144	6	645	5	P1	1	-0.012661	-0.012661	0.000477	0.000477
144	6	645	5	P50	1	0.008847	0.008847	0.022239	0.022239
144	6	645	5	P75	1	0.019985	0.019985	0.033507	0.033507
144	6	645	5	P90	1	0.026754	0.026754	0.040357	0.040357
144	6	645	5	P95	1	0.028998	0.028998	0.042626	0.042626
144	6	645	5	P99	2	0.011606	0.011606	-0.019556	-0.019556
144	6	645	5	P999	29	0.013307	0.013307	0.021645	0.021645
144	7	671	6	P1	1	-0.012680	-0.012680	0.000458	0.000458
144	7	671	6	P50	1	0.008836	0.008836	0.022228	0.022228
144	7	671	6	P75	1	0.020003	0.020003	0.033526	0.033526
144	7	671	6	P90	1	0.026709	0.026709	0.040311	0.040311
144	7	671	6	P95	1	0.028999	0.028999	0.042627	0.042627
144	7	671	6	P99	2	0.011606	0.011606	-0.019556	-0.019556
144	7	671	6	P999	29	0.013307	0.013307	0.021645	0.021645
145	1	5671	0	P1	1	-0.021060	-0.021060	0.000438	0.000438
145	1	5671	0	P50	1	0.000046	0.000046	0.022007	0.022007
145	1	5671	0	P75	1	0.010990	0.010990	0.033192	0.033192
145	1	5671	0	P90	1	0.017608	0.017608	0.039955	0.039955
145	1	5671	0	P95	1	0.019829	0.019829	0.042224	0.042224
145	1	5671	0	P99	1	0.021607	0.021607	0.044042	0.044042
145	1	5671	0	P999	2	0.003955	0.003955	-0.017618	-0.017618
145	2	5730	0	P1	1	-0.021057	-0.021057	0.000441	0.000441
145	2	5730	0	P50	1	0.000049	0.000042	0.022011	0.022003
145	2	5730	0	P75	1	0.010988	0.010988	0.033189	0.033189
145	2	5730	0	P90	1	0.017614	0.017606	0.039961	0.039953
145	2	5730	0	P95	1	0.019827	0.019827	0.042223	0.042223
145	2	5730	0	P99	1	0.021603	0.021603	0.044038	0.044038
145	2	5730	0	P999	2	0.003955	0.003955	-0.017618	-0.017618
145	3	7136	0	P1	1	-0.021058	-0.021058	0.000439	0.000439
145	3	7136	0	P50	1	0.000046	0.000040	0.022007	0.022001
145	3	7136	0	P75	1	0.010987	0.010981	0.033188	0.033182
145	3	7136	0	P90	1	0.017606	0.017606	0.039953	0.039953
145	3	7136	0	P95	1	0.019824	0.019824	0.042220	0.042220
145	3	7136	0	P99	1	0.021599	0.021599	0.044033	0.044033
145	3	7136	0	P999	2	0.000302	0.000302	-0.021193	-0.021193
145	4	11716	0	P1	1	-0.021059	-0.021059	0.000439	0.000439
145	4	11716	0	P50	1	0.000061	0.000058	0.022023	0.022019
145	4	11716	0	P75	1	0.011012	0.011008	0.033214	0.033210
145	4	11716	0	P90	1	0.017638	0.017638	0.039985	0.039985
145	4	11716	0	P95	1	0.019857	0.019857	0.042254	0.042254
145	4	11716	0	P99	1	0.021633	0.021633	0.044069	0.044069
145	4	11716	0	P999	2	0.010265	0.010265	-0.011444	-0.011444
145	5	11722	1	P1	1	-0.012699	-0.012699	0.000439	0.000439
145	5	11722	1	P50	1	0.008645	0.008641	0.022034	0.022030
145	5	11722	1	P75	1	0.019710	0.019710	0.033229	0.033229
145	5	11722	1	P90	1	0.026406	0.026406	0.040005	0.040005
145	5	11722	1	P95	1	0.028648	0.028648	0.042273	0.042273
145	5	11722	1	P99	1	0.030446	0.030446	0.044092	0.044092
145	5	11722	1	P999	2	0.029211	0.029211	-0.002518	-0.002518
145	6	11731	2	P1	1	-0.012699	-0.012699	0.000438	0.000438
145	6	11731	2	P50	1	0.008643	0.008643	0.022032	0.022032
145	6	11731	2	P75	1	0.019710	0.019710	0.033230	0.033230
145	6	11731	2	P90	1	0.026406	0.026406	0.040004	0.040004
145	6	11731	2	P95	1	0.028650	0.028650	0.042275	0.042275
145	6	11731	2	P99	1	0.030447	0.030447	0.044092	0.044092
145	6	11731	2	P999	2	0.029211	0.029211	-0.002518	-0.002518
145	7	11737	3	P1	1	-0.012699	-0.012699	0.000438	0.000438
145	7	11737	3	P50	1	0.008647	0.008647	0.022036	0.022036
145	7	11737	3	P75	1	0.019714	0.019714	0.033234	0.033234
145	7	11737	3	P90	1	0.026415	0.026415	0.040013	0.040013
145	7	11737	3	P95	1	0.028658	0.028658	0.042283	0.042283
145	7	11737	3	P99	1	0.030454	0.030454	0.044100	0.044100
145	7	11737	3	P999	2	0.029510	0.029510	-0.002229	-0.002229
146	1	1025	1	P1	1	-0.012668	-0.012668	0.000470	0.000470
146	1	1025	1	P50	1	0.008744	0.008744	0.022135	0.022135
146	1	1025	1	P75	1	0.019842	0.019842	0.033363	0.033363
146	1	1025	1	P90	1	0.026577	0.026577	0.040177	0.040177
146	1	1025	1	P95	1	0.028817	0.028817	0.042443	0.042443
146	1	1025	1	P99	1	0.030621	0.030621	0.044269	0.044269
146	1	1025	1	P999	29	0.013307	0.013307	0.021645	0.021645
146	2	1036	2	P1	1	-0.012668	-0.012668	0.000470	0.000470
146	2	1036	2	P50	1	0.009003	0.008960	0.022396	0.022353
146	2	1036	2	P75	1	0.020234	0.020191	0.033760	0.033716
146	2	1036	2	P90	1	0.027016	0.027016	0.040621	0.040621
146	2	1036	2	P95	1	0.029301	0.029301	0.042933	0.042933
146	2	1036	2	P99	28	0.021342	0.021342	0.013146	0.013146
146	2	1036	2	P999	30	0.023090	0.023090	0.031442	0.031442
146	3	1055	3	P1	1	-0.012677	-0.012677	0.000461	0.000461
146	3	1055	3	P50	1	0.008974	0.008974	0.022367	0.022367
146	3	1055	3	P75	1	0.020212	0.020212	0.033737	0.033737
146	3	1055	3	P90	1	0.026998	0.026998	0.040603	0.040603
146	3	1055	3	P95	1	0.029284	0.029284	0.042916	0.042916
146	3	1055	3	P99	28	0.021342	0.021342	0.013146	0.013146
146	3	1055	3	P999	30	0.023090	0.023090	0.031442	0.031442
146	4	1066	4	P1	1	-0.012681	-0.012681	0.000457	0.000457
146	4	1066	4	P50	1	0.009033	0.008991	0.022427	0.022385
146	4	1066	4	P75	1	0.020260	0.020260	0.033786	0.033786
146	4	1066	4	P90	1	0.027073	0.027073	0.040679	0.040679
146	4	1066	4	P95	1	0.029339	0.029339	0.042972	0.042972
146	4	1066	4	P99	28	0.021342	0.021342	0.013146	0.013146
146	4	1066	4	P999	30	0.023090	0.023090	0.031442	0.031442
146	5	1077	5	P1	1	-0.016325	-0.016325	0.000457	0.000457
146	5	1077	5	P50	1	0.005504	0.005504	0.022640	0.022640
146	5	1077	5	P75	1	0.016811	0.016811	0.034129	0.034129
146	5	1077	5	P90	1	0.023681	0.023681	0.041111	0.041111
146	5	1077	5	P95	1	0.025982	0.025982	0.043449	0.043449
146	5	1077	5	P99	29	0.000090	0.000090	0.003318	0.003318
146	5	1077	5	P999	31	0.005885	0.005885	0.020090	0.020090
146	6	1098	6	P1	1	-0.016334	-0.016334	0.000448	0.000448
146	6	1098	6	P50	1	0.005511	0.005470	0.022647	0.022605
146	6	1098	6	P75	1	0.016802	0.016802	0.034120	0.034120
146	6	1098	6	P90	1	0.023662	0.023662	0.041091	0.041091
146	6	1098	6	P95	1	0.025958	0.025958	0.043425	0.043425
146	6	1098	6	P99	29	0.000090	0.000090	0.003318	0.003318
146	6	1098	6	P999	31	0.005885	0.005885	0.020090	0.020090
146	7	1134	7	P1	1	-0.016309	-0.016309	0.000473	0.000473
146	7	1134	7	P50	1	0.005489	0.005450	0.022625	0.022584
146	7	1134	7	P75	1	0.016769	0.016769	0.034087	0.034087
146	7	1134	7	P90	1	0.023606	0.023606	0.041035	0.041035
146	7	1134	7	P95	1	0.025909	0.025909	0.043375	0.043375
146	7	1134	7	P99	29	-0.003527	-0.003527	-0.000308	-0.000308
146	7	1134	7	P999	31	0.005885	0.005885	0.020090	0.020090
147	1	9	0	P1	1	-0.016753	-0.016753	0.004839	0.004839
147	1	9	0	P50	1	0.002417	0.002417	0.024430	0.024430
147	1	9	0	P75	1	0.012141	0.012141	0.034368	0.034368
147	1	9	0	P90	1	0.021960	0.021960	0.044403	0.044403
147	1	9	0	P95	1	0.021960	0.021960	0.044403	0.044403
147	1	9	0	P99	1	0.021960	0.021960	0.044403	0.044403
147	1	9	0	P999	1	0.021960	0.021960	0.044403	0.044403
147	2	34	0	P1	1	-0.020237	-0.020237	0.001279	0.001279
147	2	34	0	P50	1	0.001279	0.000000	0.023267	0.021960
147	2	34	0	P75	1	0.011567	0.011567	0.033781	0.033781
147	2	34	0	P90	1	0.018050	0.018050	0.040407	0.040407
147	2	34	0	P95	1	0.020655	0.020655	0.043069	0.043069
147	2	34	0	P99	1	0.021960	0.021960	0.044403	0.044403
147	2	34	0	P999	1	0.021960	0.021960	0.044403	0.044403
147	3	43	1	P1	1	-0.011869	-0.011869	0.001279	0.001279
147	3	43	1	P50	1	0.015046	0.015046	0.028510	0.028510
147	3	43	1	P75	1	0.029435	0.029435	0.043069	0.043069
147	3	43	1	P90	28	-0.016810	-0.016810	-0.008624	-0.008624
147	3	43	1	P95	29	-0.008499	-0.008499	-0.000308	-0.000308
147	3	43	1	P99	32	0.001800	0.001800	0.009913	0.009913
147	3	43	1	P999	32	0.001800	0.001800	0.009913	0.009913
147	4	57	2	P1	1	-0.012237	-0.012237	0.000906	0.000906
147	4	57	2	P50	1	0.013153	0.013153	0.026596	0.026596
147	4	57	2	P75	1	0.026092	0.026092	0.039687	0.039687
147	4	57	2	P90	27	-0.002338	-0.002338	0.006001	0.006001
147	4	57	2	P95	29	-0.008499	-0.008499	-0.000308	-0.000308
147	4	57	2	P99	32	0.001800	0.001800	0.009913	0.009913
147	4	57	2	P999	32	0.001800	0.001800	0.009913	0.009913
147	5	66	3	P1	1	-0.012351	-0.012351	0.000790	0.000790
147	5	66	3	P50	1	0.013771	0.012970	0.027221	0.026410
147	5	66	3	P75	1	0.026684	0.026684	0.040286	0.040286
147	5	66	3	P90	26	-0.008077	-0.008077	0.000279	0.000279
147	5	66	3	P95	28	0.004813	0.004813	0.013146	0.013146
147	5	66	3	P99	32	0.001800	0.001800	0.009913	0.009913
147	5	66	3	P999	32	0.001800	0.001800	0.009913	0.009913
147	6	76	4	P1	1	-0.012351	-0.012351	0.000790	0.000790
147	6	76	4	P50	1	0.017789	0.016984	0.031286	0.030472
147	6	76	4	P75	26	-0.036435	-0.920473	-0.028277	-0.922925
147	6	76	4	P90	29	-0.011576	-0.011576	-0.003406	-0.003406
147	6	76	4	P95	29	0.013307	0.013307	0.021645	0.021645
147	6	76	4	P99	32	0.001800	0.001800	0.009913	0.009913
147	6	76	4	P999	32	0.001800	0.001800	0.009913	0.009913
147	7	185	5	P1	1	-0.012609	-0.012609	0.000530	0.000530
147	7	185	5	P50	1	0.011519	0.011519	0.024942	0.024942
147	7	185	5	P75	1	0.023940	0.023940	0.037509	0.037509
147	7	185	5	P90	26	-0.036435	-0.036435	-0.028277	-0.028277
147	7	185	5	P95	29	-0.023787	-0.023787	-0.015700	-0.015700
147	7	185	5	P99	31	0.011862	0.011862	0.020090	0.020090
147	7	185	5	P999	32	0.001800	0.001800	0.009913	0.009913
148	1	337	1	P1	1	-0.019091	-0.019091	0.000550	0.000550
148	1	337	1	P50	1	0.003423	0.003423	0.023507	0.023507
148	1	337	1	P75	1	0.015082	0.015082	0.035396	0.035396
148	1	337	1	P90	1	0.022227	0.022227	0.042681	0.042681
148	1	337	1	P95	27	-0.006521	-0.006521	-0.030772	-0.030772
148	1	337	1	P99	30	-0.009418	-0.009418	0.009278	0.009278
148	1	337	1	P999	105	0.020024	0.020024	0.038835	0.038835
148	2	367	2	P1	1	-0.019138	-0.019138	0.000502	0.000502
148	2	367	2	P50	1	0.003291	0.003291	0.023373	0.023373
148	2	367	2	P75	1	0.014952	0.014952	0.035263	0.035263
148	2	367	2	P90	1	0.021988	0.021988	0.042437	0.042437
148	2	367	2	P95	3	0.011572	0.011572	0.031442	0.031442
148	2	367	2	P99	30	-0.009418	-0.009418	0.009278	0.009278
148	2	367	2	P999	105	0.020024	0.020024	0.038835	0.038835
148	3	385	3	P1	1	-0.019156	-0.019156	0.000484	0.000484
148	3	385	3	P50	1	0.003544	0.003544	0.023631	0.023631
148	3	385	3	P75	1	0.015275	0.015275	0.035593	0.035593
148	3	385	3	P90	1	0.022429	0.022429	0.042887	0.042887
148	3	385	3	P95	3	-0.010172	-0.010172	0.009278	0.009278
148	3	385	3	P99	30	-0.009418	-0.009418	0.009278	0.009278
148	3	385	3	P999	105	0.020024	0.020024	0.038835	0.038835
148	4	407	4	P1	1	-0.019037	-0.019037	0.000605	0.000605
148	4	407	4	P50	1	0.004882	0.004882	0.024995	0.024995
148	4	407	4	P75	1	0.017367	0.017367	0.037725	0.037725
148	4	407	4	P90	3	0.011572	0.011572	0.031442	0.031442
148	4	407	4	P95	29	-0.018841	-0.018841	-0.014681	-0.014681
148	4	407	4	P99	31	0.004320	0.004320	0.023260	0.023260
148	4	407	4	P999	105	0.020024	0.020024	0.038835	0.038835
148	5	415	5	P1	1	-0.019037	-0.019037	0.000605	0.000605
148	5	415	5	P50	1	0.005368	0.005368	0.025491	0.025491
148	5	415	5	P75	1	0.018106	0.018106	0.038479	0.038479
148	5	415	5	P90	26	0.025305	0.025305	0.000279	0.000279
148	5	415	5	P95	29	-0.010275	-0.010275	-0.000308	-0.000308
148	5	415	5	P99	32	-0.014908	-0.014908	0.003665	0.003665
148	5	415	5	P999	105	0.020024	0.020024	0.038835	0.038835
148	6	421	6	P1	1	-0.017947	-0.017947	0.000605	0.000605
148	6	421	6	P50	1	0.006855	0.006855	0.025863	0.025863
148	6	421	6	P75	1	0.019738	0.019738	0.038982	0.038982
148	6	421	6	P90	27	-0.007866	-0.007866	-0.032108	-0.032108
148	6	421	6	P95	29	-0.004210	-0.004210	0.006957	0.006957
148	6	421	6	P99	47	-0.000231	-0.000231	0.016594	0.016594
148	6	421	6	P999	120	0.018892	0.018892	0.035520	0.035520
148	7	423	7	P1	1	-0.017951	-0.017951	0.000602	0.000602
148	7	423	7	P50	1	0.006834	0.006834	0.025842	0.025842
148	7	423	7	P75	1	0.019767	0.019767	0.039012	0.039012
148	7	423	7	P90	27	-0.007866	-0.007866	-0.032108	-0.032108
148	7	423	7	P95	29	-0.004210	-0.004210	0.006957	0.006957
148	7	423	7	P99	47	-0.000231	-0.000231	0.016594	0.016594
148	7	423	7	P999	120	0.018892	0.018892	0.035520	0.035520
149	1	9	1	P1	1	-0.014716	-0.014716	0.006226	0.006226
149	1	9	1	P50	1	0.010054	0.010054	0.031519	0.031519
149	1	9	1	P75	1	0.022671	0.022671	0.044403	0.044403
149	1	9	1	P90	13	0.021255	0.021255	0.042635	0.042635
149	1	9	1	P95	13	0.021255	0.021255	0.042635	0.042635
149	1	9	1	P99	13	0.021255	0.021255	0.042635	0.042635
149	1	9	1	P999	13	0.021255	0.021255	0.042635	0.042635
149	2	12	2	P1	1	-0.015480	-0.015480	0.005445	0.005445
149	2	12	2	P50	1	0.017132	0.011622	0.038746	0.033120
149	2	12	2	P75	2	0.024776	0.002753	0.001975	-0.019556
149	2	12	2	P90	12	0.014275	0.014275	0.035520	0.035520
149	2	12	2	P95	13	0.021255	0.021255	0.042635	0.042635
149	2	12	2	P99	13	0.021255	0.021255	0.042635	0.042635
149	2	12	2	P999	13	0.021255	0.021255	0.042635	0.042635
149	3	14	3	P1	1	-0.015191	-0.015191	0.005445	0.005445
149	3	14	3	P50	1	0.022973	0.017432	0.044403	0.038746
149	3	14	3	P75	12	0.014703	0.014703	0.035520	0.035520
149	3	14	3	P90	57	0.020956	0.020956	0.019239	0.019239
149	3	14	3	P95	59	0.030151	0.030151	0.006313	0.006313
149	3	14	3	P99	59	0.030151	0.030151	0.006313	0.006313
149	3	14	3	P999	59	0.030151	0.030151	0.006313	0.006313
149	4	17	4	P1	1	-0.016649	-0.016649	0.003957	0.003957
149	4	17	4	P50	1	0.014923	0.014923	0.036185	0.036185
149	4	17	4	P75	2	0.025115	0.025115	0.001975	0.001975
149	4	17	4	P90	57	0.020956	0.020956	0.019239	0.019239
149	4	17	4	P95	59	0.030151	0.030151	0.006313	0.006313
149	4	17	4	P99	59	0.030151	0.030151	0.006313	0.006313
149	4	17	4	P999	59	0.030151	0.030151	0.006313	0.006313
149	5	19	5	P1	1	-0.016973	-0.016973	0.003627	0.003627
149	5	19	5	P50	1	0.015591	0.015591	0.036868	0.036868
149	5	19	5	P75	2	0.025115	0.025115	0.001975	0.001975
149	5	19	5	P90	57	0.020956	0.020956	0.019239	0.019239
149	5	19	5	P95	59	0.030151	0.030151	0.006313	0.006313
149	5	19	5	P99	59	0.030151	0.030151	0.006313	0.006313
149	5	19	5	P999	59	0.030151	0.030151	0.006313	0.006313
149	6	44	6	P1	1	-0.016973	-0.016973	0.003627	0.003627
149	6	44	6	P50	4	-0.006876	-0.009270	-0.029404	-0.031744
149	6	44	6	P75	4	0.019849	0.017390	-0.003290	-0.005692
149	6	44	6	P90	5	0.021238	0.021238	0.042344	0.042344
149	6	44	6	P95	13	0.021690	0.021690	0.042635	0.042635
149	6	44	6	P99	59	0.030151	0.030151	0.006313	0.006313
149	6	44	6	P999	59	0.030151	0.030151	0.006313	0.006313
149	7	66	7	P1	1	-0.019273	-0.019273	0.001279	0.001279
149	7	66	7	P50	1	0.022973	0.021666	0.044403	0.043069
149	7	66	7	P75	4	0.005184	0.005184	-0.017620	-0.017620
149	7	66	7	P90	5	-0.007921	-0.007921	0.012587	0.012587
149	7	66	7	P95	12	0.014703	0.014703	0.035520	0.035520
149	7	66	7	P99	59	0.030151	0.030151	0.006313	0.006313
149	7	66	7	P999	59	0.030151	0.030151	0.006313	0.006313
150	1	6	1	P1	11	0.022911	0.022911	0.035645	0.035645
150	1	6	1	P50	52	0.034115	-0.742540	0.002254	-0.739341
150	1	6	1	P75	55	0.021128	0.021128	0.033604	0.033604
150	1	6	1	P90	58	0.011313	0.011313	0.023663	0.023663
150	1	6	1	P95	58	0.011313	0.011313	0.023663	0.023663
150	1	6	1	P99	58	0.011313	0.011313	0.023663	0.023663
150	1	6	1	P999	58	0.011313	0.011313	0.023663	0.023663
150	2	9	2	P1	1	-0.003383	-0.003383	0.014587	0.014587
150	2	9	2	P50	12	0.018888	0.018888	0.035520	0.035520
150	2	9	2	P75	52	0.030965	0.030965	0.002254	0.002254
150	2	9	2	P90	58	0.008278	0.008278	0.023663	0.023663
150	2	9	2	P95	58	0.008278	0.008278	0.023663	0.023663
150	2	9	2	P99	58	0.008278	0.008278	0.023663	0.023663
150	2	9	2	P999	58	0.008278	0.008278	0.023663	0.023663
150	3	30	3	P1	1	-0.003383	-0.003383	0.014587	0.014587
150	3	30	3	P50	4	0.011212	0.008773	-0.015246	-0.017620
150	3	30	3	P75	4	0.028454	0.028454	0.001533	0.001533
150	3	30	3	P90	52	0.030965	-0.743513	0.002254	-0.739341
150	3	30	3	P95	55	0.018041	0.018041	0.033604	0.033604
150	3	30	3	P99	58	0.008278	0.008278	0.023663	0.023663
150	3	30	3	P999	58	0.008278	0.008278	0.023663	0.023663
150	4	51	4	P1	1	-0.003383	-0.003383	0.014587	0.014587
150	4	51	4	P50	4	0.006196	0.006196	-0.020127	-0.020127
150	4	51	4	P75	4	0.023062	0.023062	-0.003714	-0.003714
150	4	51	4	P90	11	0.018953	0.018953	0.035645	0.035645
150	4	51	4	P95	52	0.030965	0.030965	0.002254	0.002254
150	4	51	4	P99	58	0.008278	0.008278	0.023663	0.023663
150	4	51	4	P999	58	0.008278	0.008278	0.023663	0.023663
150	5	72	5	P1	1	-0.003383	-0.003383	0.014587	0.014587
150	5	72	5	P50	4	0.004794	0.003802	-0.021492	-0.022458
150	5	72	5	P75	4	0.022824	0.021814	-0.003946	-0.004929
150	5	72	5	P90	5	0.010260	0.010260	0.027358	0.027358
150	5	72	5	P95	13	0.025949	0.025949	0.042635	0.042635
150	5	72	5	P99	58	0.008278	0.008278	0.023663	0.023663
150	5	72	5	P999	58	0.008278	0.008278	0.023663	0.023663
150	6	93	6	P1	1	-0.003383	-0.003383	0.014587	0.014587
150	6	93	6	P50	4	0.004999	0.004999	-0.021292	-0.021292
150	6	93	6	P75	4	0.022475	0.022475	-0.004285	-0.004285
150	6	93	6	P90	5	0.002966	0.002966	0.019946	0.019946
150	6	93	6	P95	12	0.018888	0.018888	0.035520	0.035520
150	6	93	6	P99	58	0.008278	0.008278	0.023663	0.023663
150	6	93	6	P999	58	0.008278	0.008278	0.023663	0.023663
150	7	114	7	P1	1	0.011165	0.011165	0.029387	0.029387
150	7	114	7	P50	4	0.004518	0.003912	-0.021760	-0.022350
150	7	114	7	P75	4	0.021646	0.021646	-0.005092	-0.005092
150	7	114	7	P90	5	-0.006334	-0.006334	0.010495	0.010495
150	7	114	7	P95	11	0.018953	0.018953	0.035645	0.035645
150	7	114	7	P99	55	0.018041	0.018041	0.033604	0.033604
150	7	114	7	P999	58	0.008278	0.008278	0.023663	0.023663
151	1	42	0	P1	3	-0.033246	-0.033246	-0.008110	-0.008110
151	1	42	0	P50	4	-0.004335	-0.005776	-0.021878	-0.023294
151	1	42	0	P75	4	0.010189	0.010189	-0.007611	-0.007611
151	1	42	0	P90	4	0.019004	0.019004	0.001050	0.001050
151	1	42	0	P95	4	0.021960	0.021960	0.003953	0.003953
151	1	42	0	P99	5	0.015930	0.015930	0.042344	0.042344
151	1	42	0	P999	5	0.015930	0.015930	0.042344	0.042344
151	2	63	0	P1	3	-0.035111	-0.035111	-0.010023	-0.010023
151	2	63	0	P50	4	-0.007215	-0.007215	-0.024707	-0.024707
151	2	63	0	P75	4	0.009353	0.009353	-0.008431	-0.008431
151	2	63	0	P90	4	0.018794	0.018794	0.000843	0.000843
151	2	63	0	P95	4	0.021960	0.021960	0.003953	0.003953
151	2	63	0	P99	5	0.015930	0.015930	0.042344	0.042344
151	2	63	0	P999	5	0.015930	0.015930	0.042344	0.042344
151	3	347	1	P1	1	-0.003486	-0.003486	0.000614	0.000614
151	3	347	1	P50	1	0.022945	0.022945	0.027072	0.027072
151	3	347	1	P75	1	0.036742	0.036742	0.040881	0.040881
151	3	347	1	P90	4	-0.027667	-0.027667	-0.027729	-0.027729
151	3	347	1	P95	4	-0.010364	-0.010364	-0.010481	-0.010481
151	3	347	1	P99	4	0.004116	0.004116	0.003953	0.003953
151	3	347	1	P999	5	-0.001143	-0.001143	0.042344	0.042344
151	4	368	2	P1	1	-0.003486	-0.003486	0.000614	0.000614
151	4	368	2	P50	1	0.024679	0.024522	0.028808	0.028650
151	4	368	2	P75	1	0.039299	0.039139	0.043441	0.043281
151	4	368	2	P90	4	-0.021798	-0.021798	-0.021878	-0.021878
151	4	368	2	P95	4	-0.007747	-0.007747	-0.007872	-0.007872
151	4	368	2	P99	4	0.004116	0.004116	0.003953	0.003953
151	4	368	2	P999	5	-0.001143	-0.001143	0.042344	0.042344
151	5	389	3	P1	1	-0.003486	-0.003486	0.000614	0.000614
151	5	389	3	P50	1	0.026258	0.026258	0.030388	0.030388
151	5	389	3	P75	3	-0.045219	-0.045219	-0.001953	-0.001953
151	5	389	3	P90	4	-0.016877	-0.016877	-0.016973	-0.016973
151	5	389	3	P95	4	-0.004466	-0.004466	-0.004601	-0.004601
151	5	389	3	P99	5	-0.022672	-0.022672	0.019946	0.019946
151	5	389	3	P999	5	-0.001143	-0.001143	0.042344	0.042344
151	6	410	4	P1	1	-0.003332	-0.003332	0.000768	0.000768
151	6	410	4	P50	1	0.027998	0.027840	0.032130	0.031971
151	6	410	4	P75	3	-0.031431	-0.031431	0.012415	0.012415
151	6	410	4	P90	4	-0.014140	-0.014705	-0.014245	-0.014808
151	6	410	4	P95	4	-0.002769	-0.002769	-0.002910	-0.002910
151	6	410	4	P99	5	-0.022672	-0.022672	0.019946	0.019946
151	6	410	4	P999	5	-0.001143	-0.001143	0.042344	0.042344
151	7	421	5	P1	1	-0.003361	-0.003361	0.000739	0.000739
151	7	421	5	P50	1	0.027540	0.027540	0.031671	0.031671
151	7	421	5	P75	3	-0.034441	-0.034441	0.009278	0.009278
151	7	421	5	P90	4	-0.015270	-0.015270	-0.015371	-0.015371
151	7	421	5	P95	4	-0.003341	-0.003341	-0.003480	-0.003480
151	7	421	5	P99	5	-0.022672	-0.022672	0.019946	0.019946
151	7	421	5	P999	5	-0.001143	-0.001143	0.042344	0.042344
152	1	7	1	P1	1	0.000693	0.000693	0.021960	0.021960
152	1	7	1	P50	11	0.014388	0.014388	0.035645	0.035645
152	1	7	1	P75	13	0.006570	0.006570	0.027644	0.027644
152	1	7	1	P90	13	0.021255	0.021255	0.042635	0.042635
152	1	7	1	P95	13	0.021255	0.021255	0.042635	0.042635
152	1	7	1	P99	13	0.021255	0.021255	0.042635	0.042635
152	1	7	1	P999	13	0.021255	0.021255	0.042635	0.042635
152	2	11	2	P1	1	0.010601	0.010601	0.021960	0.021960
152	2	11	2	P50	13	0.021018	0.021018	0.027644	0.027644
152	2	11	2	P75	55	0.000220	0.000220	0.004097	0.004097
152	2	11	2	P90	55	0.014837	0.014837	0.018744	0.018744
152	2	11	2	P95	56	0.011281	0.011281	0.015147	0.015147
152	2	11	2	P99	56	0.011281	0.011281	0.015147	0.015147
152	2	11	2	P999	56	0.011281	0.011281	0.015147	0.015147
152	3	15	3	P1	1	-0.003955	-0.003955	0.007267	0.007267
152	3	15	3	P50	11	0.028667	0.028667	0.035645	0.035645
152	3	15	3	P75	53	0.023013	0.023013	0.027006	0.027006
152	3	15	3	P90	55	0.014837	0.014837	0.018744	0.018744
152	3	15	3	P95	56	0.011281	0.011281	0.015147	0.015147
152	3	15	3	P99	56	0.011281	0.011281	0.015147	0.015147
152	3	15	3	P999	56	0.011281	0.011281	0.015147	0.015147
152	4	36	4	P1	1	-0.003955	-0.003955	0.007267	0.007267
152	4	36	4	P50	4	0.015709	0.012766	-0.019041	-0.021878
152	4	36	4	P75	7	0.046031	-0.405965	0.009157	-0.426312
152	4	36	4	P90	53	0.023013	0.023013	0.027006	0.027006
152	4	36	4	P95	55	0.014837	0.014837	0.018744	0.018744
152	4	36	4	P99	56	0.011281	0.011281	0.015147	0.015147
152	4	36	4	P999	56	0.011281	0.011281	0.015147	0.015147
152	5	48	5	P1	1	-0.003955	-0.003955	0.007267	0.007267
152	5	48	5	P50	4	0.011164	0.009165	-0.023422	-0.025349
152	5	48	5	P75	4	0.035457	0.033410	-0.000004	-0.001977
152	5	48	5	P90	13	0.035939	0.035939	0.042635	0.042635
152	5	48	5	P95	55	0.000220	0.000220	0.004097	0.004097
152	5	48	5	P99	56	0.011281	0.011281	0.015147	0.015147
152	5	48	5	P999	56	0.011281	0.011281	0.015147	0.015147
152	6	60	6	P1	1	-0.003955	-0.003955	0.007267	0.007267
152	6	60	6	P50	4	0.007740	0.006175	-0.026723	-0.028232
152	6	60	6	P75	4	0.031514	0.029912	-0.003805	-0.005350
152	6	60	6	P90	13	0.021018	0.006312	0.027644	0.012870
152	6	60	6	P95	55	0.000220	-0.014187	0.004097	-0.010339
152	6	60	6	P99	56	0.011281	0.011281	0.015147	0.015147
152	6	60	6	P999	56	0.011281	0.011281	0.015147	0.015147
152	7	72	7	P1	1	-0.003955	-0.003955	0.007267	0.007267
152	7	72	7	P50	4	0.007392	0.006175	-0.027058	-0.028232
152	7	72	7	P75	4	0.029556	0.028312	-0.005692	-0.006892
152	7	72	7	P90	11	0.028667	0.028667	0.035645	0.035645
152	7	72	7	P95	53	0.023013	0.023013	0.027006	0.027006
152	7	72	7	P99	56	0.011281	0.011281	0.015147	0.015147
152	7	72	7	P999	56	0.011281	0.011281	0.015147	0.015147
153	1	24	0	P1	3	-0.030442	-0.030442	-0.005233	-0.005233
153	1	24	0	P50	4	-0.004816	-0.007215	-0.022350	-0.024707
153	1	24	0	P75	4	0.009701	0.007267	-0.008089	-0.010481
153	1	24	0	P90	4	0.017039	0.017039	-0.000881	-0.000881
153	1	24	0	P95	4	0.019497	0.019497	0.001533	0.001533
153	1	24	0	P99	4	0.021960	0.021960	0.003953	0.003953
153	1	24	0	P999	4	0.021960	0.021960	0.003953	0.003953
153	2	36	0	P1	3	-0.032779	-0.032779	-0.007631	-0.007631
153	2	36	0	P50	4	-0.005000	-0.006662	-0.022532	-0.024164
153	2	36	0	P75	4	0.010076	0.008390	-0.007721	-0.009378
153	2	36	0	P90	4	0.018551	0.018551	0.000604	0.000604
153	2	36	0	P95	4	0.021960	0.021960	0.003953	0.003953
153	2	36	0	P99	5	0.015930	0.015930	0.042344	0.042344
153	2	36	0	P999	5	0.015930	0.015930	0.042344	0.042344
153	3	47	0	P1	3	-0.033945	-0.033945	-0.008828	-0.008828
153	3	47	0	P50	4	-0.005907	-0.005907	-0.023422	-0.023422
153	3	47	0	P75	4	0.009923	0.009923	-0.007872	-0.007872
153	3	47	0	P90	4	0.019273	0.019273	0.001314	0.001314
153	3	47	0	P95	4	0.021960	0.021960	0.003953	0.003953
153	3	47	0	P99	5	0.015930	0.015930	0.042344	0.042344
153	3	47	0	P999	5	0.015930	0.015930	0.042344	0.042344
153	4	59	0	P1	3	-0.034819	-0.034819	-0.009724	-0.009724
153	4	59	0	P50	4	-0.006864	-0.006864	-0.024363	-0.024363
153	4	59	0	P75	4	0.009048	0.009048	-0.008732	-0.008732
153	4	59	0	P90	4	0.018717	0.018717	0.000767	0.000767
153	4	59	0	P95	4	0.021960	0.021960	0.003953	0.003953
153	4	59	0	P99	5	0.015930	0.015930	0.042344	0.042344
153	4	59	0	P999	5	0.015930	0.015930	0.042344	0.042344
153	5	79	0	P1	3	-0.035534	-0.035534	-0.010457	-0.010457
153	5	79	0	P50	4	-0.007476	-0.007476	-0.024964	-0.024964
153	5	79	0	P75	4	0.008329	0.008329	-0.009438	-0.009438
153	5	79	0	P90	4	0.017932	0.017932	-0.000004	-0.000004
153	5	79	0	P95	4	0.021153	0.021153	0.003161	0.003161
153	5	79	0	P99	5	0.015930	0.015930	0.042344	0.042344
153	5	79	0	P999	5	0.015930	0.015930	0.042344	0.042344
153	6	99	0	P1	3	-0.036087	-0.036087	-0.011025	-0.011025
153	6	99	0	P50	4	-0.008983	-0.008983	-0.026444	-0.026444
153	6	99	0	P75	4	0.007716	0.007716	-0.010040	-0.010040
153	6	99	0	P90	4	0.017870	0.017870	-0.000065	-0.000065
153	6	99	0	P95	4	0.021277	0.021277	0.003283	0.003283
153	6	99	0	P99	5	0.015930	0.015930	0.042344	0.042344
153	6	99	0	P999	5	0.015930	0.015930	0.042344	0.042344
153	7	119	0	P1	3	-0.035174	-0.035174	-0.010088	-0.010088
153	7	119	0	P50	4	-0.008872	-0.008872	-0.026336	-0.026336
153	7	119	0	P75	4	0.007828	0.007828	-0.009929	-0.009929
153	7	119	0	P90	4	0.017983	0.017983	0.000047	0.000047
153	7	119	0	P95	4	0.021391	0.021391	0.003394	0.003394
153	7	119	0	P99	5	0.004955	0.004955	0.031084	0.031084
153	7	119	0	P999	5	0.015930	0.015930	0.042344	0.042344
154	1	32	1	P1	1	-0.012338	-0.012338	0.003627	0.003627
154	1	32	1	P50	3	-0.008088	-0.012870	0.006845	0.001996
154	1	32	1	P75	4	0.005609	0.000157	-0.022940	-0.028232
154	1	32	1	P90	4	0.027714	0.027714	-0.001484	-0.001484
154	1	32	1	P95	5	0.005340	0.005340	0.019946	0.019946
154	1	32	1	P99	5	0.027439	0.027439	0.042344	0.042344
154	1	32	1	P999	5	0.027439	0.027439	0.042344	0.042344
154	2	35	2	P1	1	-0.014520	-0.014520	0.003627	0.003627
154	2	35	2	P50	3	-0.005910	-0.005910	0.011717	0.011717
154	2	35	2	P75	4	0.013802	0.013802	-0.012270	-0.012270
154	2	35	2	P90	5	0.024519	0.024519	0.042344	0.042344
154	2	35	2	P95	11	0.018417	0.018417	0.035645	0.035645
154	2	35	2	P99	12	0.018347	0.018347	0.035520	0.035520
154	2	35	2	P999	12	0.018347	0.018347	0.035520	0.035520
154	3	38	3	P1	1	-0.002772	-0.002772	0.003627	0.003627
154	3	38	3	P50	3	0.018050	0.013134	0.021532	0.016613
154	3	38	3	P75	4	0.040155	0.040155	-0.001484	-0.001484
154	3	38	3	P90	12	0.035856	0.035856	0.035520	0.035520
154	3	38	3	P95	55	-0.006104	-0.006104	0.011394	0.011394
154	3	38	3	P99	56	0.019609	0.019609	0.015147	0.015147
154	3	38	3	P999	56	0.019609	0.019609	0.015147	0.015147
154	4	41	4	P1	1	-0.003495	-0.003495	0.002901	0.002901
154	4	41	4	P50	3	0.008243	0.008243	0.011717	0.011717
154	4	41	4	P75	4	0.034506	0.034506	-0.006892	-0.006892
154	4	41	4	P90	11	0.035741	0.035741	0.035645	0.035645
154	4	41	4	P95	52	0.006426	0.006426	0.002254	0.002254
154	4	41	4	P99	56	0.019609	0.019609	0.015147	0.015147
154	4	41	4	P999	56	0.019609	0.019609	0.015147	0.015147
154	5	56	5	P1	1	-0.003495	-0.003495	0.002901	0.002901
154	5	56	5	P50	3	0.018050	0.013134	0.025484	0.022519
154	5	56	5	P75	4	0.017744	0.012218	-0.008793	-0.011323
154	5	56	5	P90	11	0.013426	0.013426	0.013391	0.013391
154	5	56	5	P95	52	0.006426	0.006426	0.002254	0.002254
154	5	56	5	P99	56	0.019609	0.019609	0.015147	0.015147
154	5	56	5	P999	56	0.019609	0.019609	0.015147	0.015147
154	6	67	6	P1	1	-0.004719	-0.004719	0.001672	0.001672
154	6	67	6	P50	3	-0.011090	-0.011090	0.007817	0.007817
154	6	67	6	P75	4	0.001254	0.001254	-0.016364	-0.016364
154	6	67	6	P90	5	0.040266	0.040266	0.042344	0.042344
154	6	67	6	P95	12	0.035856	0.035856	0.035520	0.035520
154	6	67	6	P99	56	0.019609	0.019609	0.015147	0.015147
154	6	67	6	P999	56	0.019609	0.019609	0.015147	0.015147
154	7	70	7	P1	1	-0.004719	-0.004719	0.001672	0.001672
154	7	70	7	P50	3	-0.001470	-0.006292	0.013672	0.010741
154	7	70	7	P75	4	0.012218	0.012218	-0.011323	-0.011323
154	7	70	7	P90	12	0.006207	-0.050570	0.005958	-0.050658
154	7	70	7	P95	14	0.056881	0.056881	0.011149	0.011149
154	7	70	7	P99	56	0.019609	0.019609	0.015147	0.015147
154	7	70	7	P999	56	0.019609	0.019609	0.015147	0.015147
155	1	6	1	P1	1	0.010601	0.010601	0.021960	0.021960
155	1	6	1	P50	56	-0.017642	-0.962993	-0.006667	-0.964215
155	1	6	1	P75	56	-0.003285	-0.003285	0.015147	0.015147
155	1	6	1	P90	57	-0.006461	-0.006461	0.041622	0.041622
155	1	6	1	P95	57	-0.006461	-0.006461	0.041622	0.041622
155	1	6	1	P99	57	-0.006461	-0.006461	0.041622	0.041622
155	1	6	1	P999	57	-0.006461	-0.006461	0.041622	0.041622
155	2	21	2	P1	1	0.010601	0.010601	0.021960	0.021960
155	2	21	2	P50	4	0.015173	0.015173	-0.019558	-0.019558
155	2	21	2	P75	4	0.035457	0.035457	-0.000004	-0.000004
155	2	21	2	P90	56	-0.017642	-0.017642	-0.006667	-0.006667
155	2	21	2	P95	56	-0.003285	-0.003285	0.015147	0.015147
155	2	21	2	P99	57	-0.006461	-0.006461	0.041622	0.041622
155	2	21	2	P999	57	-0.006461	-0.006461	0.041622	0.041622
155	3	823	3	P1	1	-0.010667	-0.010667	0.000492	0.000492
155	3	823	3	P50	1	0.011403	0.011403	0.022770	0.022770
155	3	823	3	P75	1	0.022875	0.022875	0.034349	0.034349
155	3	823	3	P90	1	0.029786	0.029786	0.041325	0.041325
155	3	823	3	P95	1	0.032100	0.032100	0.043661	0.043661
155	3	823	3	P99	4	0.023238	0.023238	-0.011783	-0.011783
155	3	823	3	P999	57	-0.006461	-0.006461	0.041622	0.041622
155	4	839	4	P1	1	-0.010667	-0.010667	0.000492	0.000492
155	4	839	4	P50	1	0.011846	0.011846	0.023218	0.023218
155	4	839	4	P75	1	0.023547	0.023547	0.035028	0.035028
155	4	839	4	P90	1	0.030632	0.030632	0.042179	0.042179
155	4	839	4	P95	2	0.005099	0.005099	-0.028038	-0.028038
155	4	839	4	P99	4	0.034147	0.034147	-0.001267	-0.001267
155	4	839	4	P999	57	-0.006461	-0.006461	0.041622	0.041622
155	5	843	5	P1	1	-0.010670	-0.010670	0.000489	0.000489
155	5	843	5	P50	1	0.011840	0.011840	0.023211	0.023211
155	5	843	5	P75	1	0.023537	0.023537	0.035018	0.035018
155	5	843	5	P90	1	0.030587	0.030587	0.042133	0.042133
155	5	843	5	P95	2	0.000734	0.000734	-0.032252	-0.032252
155	5	843	5	P99	4	0.034147	0.034147	-0.001267	-0.001267
155	5	843	5	P999	57	-0.006461	-0.006461	0.041622	0.041622
155	6	858	6	P1	1	-0.010670	-0.010670	0.000489	0.000489
155	6	858	6	P50	1	0.012281	0.012226	0.023656	0.023601
155	6	858	6	P75	1	0.024151	0.024151	0.035637	0.035637
155	6	858	6	P90	1	0.031373	0.031373	0.042927	0.042927
155	6	858	6	P95	3	0.008791	0.008791	0.018086	0.018086
155	6	858	6	P99	4	0.035577	0.035577	0.000112	0.000112
155	6	858	6	P999	57	-0.006461	-0.006461	0.041622	0.041622
155	7	1045	7	P1	1	-0.010673	-0.010673	0.000486	0.000486
155	7	1045	7	P50	1	0.011987	0.011987	0.023360	0.023360
155	7	1045	7	P75	1	0.023738	0.023738	0.035221	0.035221
155	7	1045	7	P90	1	0.030872	0.030872	0.042422	0.042422
155	7	1045	7	P95	2	0.024979	0.024979	-0.008849	-0.008849
155	7	1045	7	P99	4	0.032929	0.032929	-0.002440	-0.002440
155	7	1045	7	P999	56	-0.003285	-0.003285	0.015147	0.015147
156	1	38	1	P1	2	0.004563	0.004563	-0.019556	-0.019556
156	1	38	1	P50	12	-0.001834	-0.004542	0.016023	0.013268
156	1	38	1	P75	13	-0.009667	-0.009667	0.007992	0.007992
156	1	38	1	P90	13	0.019459	0.019459	0.037614	0.037614
156	1	38	1	P95	14	0.037645	0.037645	0.011149	0.011149
156	1	38	1	P99	15	0.011506	0.011506	0.029409	0.029409
156	1	38	1	P999	15	0.011506	0.011506	0.029409	0.029409
156	2	56	2	P1	1	-0.013302	-0.013302	0.004839	0.004839
156	2	56	2	P50	11	0.018458	0.013550	0.035645	0.030658
156	2	56	2	P75	12	0.012869	0.010121	0.029911	0.027119
156	2	56	2	P90	13	0.010688	0.010688	0.027644	0.027644
156	2	56	2	P95	13	0.025440	0.025440	0.042635	0.042635
156	2	56	2	P99	15	0.012513	0.012513	0.029409	0.029409
156	2	56	2	P999	15	0.012513	0.012513	0.029409	0.029409
156	3	65	3	P1	1	-0.013817	-0.013817	0.004839	0.004839
156	3	65	3	P50	12	-0.015017	-0.015017	0.002322	0.002322
156	3	65	3	P75	13	0.000214	0.000214	0.017771	0.017771
156	3	65	3	P90	101	0.006320	0.006320	0.011842	0.011842
156	3	65	3	P95	104	0.017019	0.017019	0.004233	0.004233
156	3	65	3	P99	110	0.018919	0.018919	0.035645	0.035645
156	3	65	3	P999	110	0.018919	0.018919	0.035645	0.035645
156	4	101	4	P1	1	-0.009042	-0.009042	0.009701	0.009701
156	4	101	4	P50	13	0.009922	0.009922	0.027644	0.027644
156	4	101	4	P75	56	0.019161	0.019161	-0.006667	-0.006667
156	4	101	4	P90	59	0.033695	0.033695	0.006313	0.006313
156	4	101	4	P95	102	0.007342	0.007342	0.009203	0.009203
156	4	101	4	P99	108	0.015477	0.015477	0.009978	0.009978
156	4	101	4	P999	110	0.018919	0.018919	0.035645	0.035645
156	5	137	5	P1	1	-0.016259	-0.016259	0.002351	0.002351
156	5	137	5	P50	12	-0.015017	-0.015017	0.002322	0.002322
156	5	137	5	P75	54	0.035369	0.035369	0.007988	0.007988
156	5	137	5	P90	58	0.024448	0.024448	0.001666	0.001666
156	5	137	5	P95	101	0.006320	0.006320	0.011842	0.011842
156	5	137	5	P99	108	0.015477	0.015477	0.009978	0.009978
156	5	137	5	P999	110	0.018919	0.018919	0.035645	0.035645
156	6	152	6	P1	1	-0.016259	-0.016259	0.002351	0.002351
156	6	152	6	P50	11	0.003062	-0.001771	0.020756	0.015840
156	6	152	6	P75	53	0.037848	0.032224	0.010410	0.004938
156	6	152	6	P90	57	0.024452	0.024452	0.004585	0.004585
156	6	152	6	P95	100	0.005398	0.005398	0.014587	0.014587
156	6	152	6	P99	108	0.015477	0.015477	0.009978	0.009978
156	6	152	6	P999	110	0.018919	0.018919	0.035645	0.035645
156	7	200	7	P1	1	-0.017061	-0.017564	0.001535	0.001023
156	7	200	7	P50	2	0.020401	0.018069	-0.004875	-0.007148
156	7	200	7	P75	13	0.014812	0.009922	0.032617	0.027644
156	7	200	7	P90	56	0.033247	0.030886	0.007823	0.005394
156	7	200	7	P95	62	0.027378	-0.016323	0.000141	-0.042380
156	7	200	7	P99	108	0.015477	-0.006355	0.009978	-0.011724
156	7	200	7	P999	110	0.018919	0.018919	0.035645	0.035645
157	1	13	1	P1	1	-0.012405	-0.012405	0.007267	0.007267
157	1	13	1	P50	2	-0.002713	-0.002713	-0.026629	-0.026629
157	1	13	1	P75	11	-0.011707	-0.011707	0.006080	0.006080
157	1	13	1	P90	11	0.017359	0.017359	0.035645	0.035645
157	1	13	1	P95	14	0.037613	0.037613	0.011149	0.011149
157	1	13	1	P99	14	0.037613	0.037613	0.011149	0.011149
157	1	13	1	P999	14	0.037613	0.037613	0.011149	0.011149
157	2	15	2	P1	1	-0.006085	-0.006085	0.007267	0.007267
157	2	15	2	P50	2	0.019245	0.019245	-0.012431	-0.012431
157	2	15	2	P75	11	0.027014	0.027014	0.035645	0.035645
157	2	15	2	P90	53	0.021719	0.021719	0.027006	0.027006
157	2	15	2	P95	56	0.010011	0.010011	0.015147	0.015147
157	2	15	2	P99	56	0.010011	0.010011	0.015147	0.015147
157	2	15	2	P999	56	0.010011	0.010011	0.015147	0.015147
157	3	17	3	P1	1	-0.004987	-0.004987	0.006226	0.006226
157	3	17	3	P50	2	0.013887	0.013887	-0.019556	-0.019556
157	3	17	3	P75	11	0.013851	0.013851	0.020756	0.020756
157	3	17	3	P90	53	0.023013	0.023013	0.027006	0.027006
157	3	17	3	P95	56	0.011281	0.011281	0.015147	0.015147
157	3	17	3	P99	56	0.011281	0.011281	0.015147	0.015147
157	3	17	3	P999	56	0.011281	0.011281	0.015147	0.015147
157	4	31	4	P1	1	-0.004987	-0.004987	0.006226	0.006226
157	4	31	4	P50	4	0.006175	0.006175	-0.028232	-0.028232
157	4	31	4	P75	4	0.035798	0.035798	0.000325	0.000325
157	4	31	4	P90	11	0.028667	0.028667	0.035645	0.035645
157	4	31	4	P95	53	0.023013	0.023013	0.027006	0.027006
157	4	31	4	P99	56	0.011281	0.011281	0.015147	0.015147
157	4	31	4	P999	56	0.011281	0.011281	0.015147	0.015147
157	5	47	5	P1	1	-0.009282	-0.009282	0.001891	0.001891
157	5	47	5	P50	2	0.002914	0.002914	-0.030147	-0.030147
157	5	47	5	P75	4	0.020879	0.020879	-0.014057	-0.014057
157	5	47	5	P90	11	0.013851	0.013851	0.020756	0.020756
157	5	47	5	P95	14	0.049433	0.049433	0.011149	0.011149
157	5	47	5	P99	56	0.011281	0.011281	0.015147	0.015147
157	5	47	5	P999	56	0.011281	0.011281	0.015147	0.015147
157	6	49	6	P1	1	-0.009282	-0.009282	0.001891	0.001891
157	6	49	6	P50	2	0.013887	0.013887	-0.019556	-0.019556
157	6	49	6	P75	4	0.024589	0.024589	-0.010481	-0.010481
157	6	49	6	P90	11	0.028667	0.028667	0.035645	0.035645
157	6	49	6	P95	14	0.049433	0.049433	0.011149	0.011149
157	6	49	6	P99	56	0.011281	0.011281	0.015147	0.015147
157	6	49	6	P999	56	0.011281	0.011281	0.015147	0.015147
157	7	51	7	P1	1	-0.009282	-0.009282	0.001891	0.001891
157	7	51	7	P50	2	0.024979	0.024979	-0.008849	-0.008849
157	7	51	7	P75	4	0.032048	0.032048	-0.003290	-0.003290
157	7	51	7	P90	12	0.028706	0.028706	0.035520	0.035520
157	7	51	7	P95	55	0.000220	0.000220	0.004097	0.004097
157	7	51	7	P99	56	0.011281	0.011281	0.015147	0.015147
157	7	51	7	P999	56	0.011281	0.011281	0.015147	0.015147
158	1	16	1	P1	1	0.037775	0.037775	0.044403	0.044403
158	1	16	1	P50	4	-0.022482	-0.028551	-0.020664	-0.026723
158	1	16	1	P75	4	0.002174	-0.004048	0.003953	-0.002258
158	1	16	1	P90	5	-0.017385	-0.017385	0.027358	0.027358
158	1	16	1	P95	5	-0.003002	-0.003002	0.042344	0.042344
158	1	16	1	P99	5	-0.003002	-0.003002	0.042344	0.042344
158	1	16	1	P999	5	-0.003002	-0.003002	0.042344	0.042344
158	2	30	2	P1	1	0.037775	0.037775	0.044403	0.044403
158	2	30	2	P50	4	0.006552	0.002174	-0.018874	-0.021378
158	2	30	2	P75	4	0.037741	0.037741	-0.001165	-0.001165
158	2	30	2	P90	5	-0.003002	-0.017385	0.024387	0.015524
158	2	30	2	P95	5	0.018968	0.018968	0.033326	0.033326
158	2	30	2	P99	5	0.041421	0.041421	0.042344	0.042344
158	2	30	2	P999	5	0.041421	0.041421	0.042344	0.042344
158	3	39	3	P1	1	0.037775	0.037775	0.044403	0.044403
158	3	39	3	P50	4	-0.002186	-0.002186	-0.019751	-0.019751
158	3	39	3	P75	4	0.042274	0.042274	0.001775	0.001775
158	3	39	3	P90	5	-0.010220	-0.010220	0.025500	0.025500
158	3	39	3	P95	5	0.018968	0.018968	0.036699	0.036699
158	3	39	3	P99	5	0.041421	0.041421	0.042344	0.042344
158	3	39	3	P999	5	0.041421	0.041421	0.042344	0.042344
158	4	48	4	P1	1	0.037775	0.037775	0.044403	0.044403
158	4	48	4	P50	4	-0.010594	-0.013128	-0.019988	-0.021564
158	4	48	4	P75	4	0.033227	0.028732	-0.000881	-0.002488
158	4	48	4	P90	5	-0.017385	-0.017385	0.019946	0.019946
158	4	48	4	P95	5	-0.003002	-0.003002	0.031084	0.031084
158	4	48	4	P99	5	0.041421	0.041421	0.042344	0.042344
158	4	48	4	P999	5	0.041421	0.041421	0.042344	0.042344
158	5	57	5	P1	1	0.037775	0.037775	0.044403	0.044403
158	5	57	5	P50	4	-0.015655	-0.015655	-0.024707	-0.024707
158	5	57	5	P75	4	0.025976	0.025976	-0.004732	-0.004732
158	5	57	5	P90	5	-0.024498	-0.024498	0.014422	0.014422
158	5	57	5	P95	5	-0.003002	-0.003002	0.031084	0.031084
158	5	57	5	P99	5	0.041421	0.041421	0.042344	0.042344
158	5	57	5	P999	5	0.041421	0.041421	0.042344	0.042344
158	6	253	6	P1	1	-0.003432	-0.003432	0.000669	0.000669
158	6	253	6	P50	1	0.024571	0.024571	0.028699	0.028699
158	6	253	6	P75	1	0.039098	0.039098	0.043240	0.043240
158	6	253	6	P90	4	-0.006127	-0.006127	-0.020461	-0.020461
158	6	253	6	P95	4	0.034872	0.034872	-0.001845	-0.001845
158	6	253	6	P99	5	-0.001143	-0.001143	0.031084	0.031084
158	6	253	6	P999	5	0.043348	0.043348	0.042344	0.042344
158	7	262	7	P1	1	-0.003432	-0.003432	0.000669	0.000669
158	7	262	7	P50	1	0.025716	0.025487	0.029846	0.029616
158	7	262	7	P75	2	0.029478	0.029478	-0.012431	-0.012431
158	7	262	7	P90	4	-0.007333	-0.007333	-0.020284	-0.020284
158	7	262	7	P95	4	0.031409	0.031409	-0.002839	-0.002839
158	7	262	7	P99	5	-0.001143	-0.001143	0.031084	0.031084
158	7	262	7	P999	5	0.043348	0.043348	0.042344	0.042344
159	1	12	1	P1	1	-0.001541	-0.001541	0.014587	0.014587
159	1	12	1	P50	3	0.016168	0.005180	0.031442	0.020300
159	1	12	1	P75	4	0.015497	0.006703	-0.013342	-0.021878
159	1	12	1	P90	4	0.024368	0.024368	-0.004732	-0.004732
159	1	12	1	P95	4	0.033316	0.033316	0.003953	0.003953
159	1	12	1	P99	4	0.033316	0.033316	0.003953	0.003953
159	1	12	1	P999	4	0.033316	0.033316	0.003953	0.003953
159	2	15	2	P1	1	-0.008752	-0.008752	0.007267	0.007267
159	2	15	2	P50	3	-0.005689	-0.005689	0.009278	0.009278
159	2	15	2	P75	4	0.006703	0.006703	-0.021878	-0.021878
159	2	15	2	P90	4	0.024368	0.024368	-0.004732	-0.004732
159	2	15	2	P95	4	0.033316	0.033316	0.003953	0.003953
159	2	15	2	P99	4	0.033316	0.033316	0.003953	0.003953
159	2	15	2	P999	4	0.033316	0.033316	0.003953	0.003953
159	3	24	3	P1	1	0.003160	0.003160	0.007267	0.007267
159	3	24	3	P50	4	-0.028171	-0.033451	-0.032283	-0.035512
159	3	24	3	P75	4	0.004116	-0.001338	-0.012683	-0.015977
159	3	24	3	P90	4	0.030717	0.030717	-0.002734	-0.002734
159	3	24	3	P95	4	0.039740	0.039740	0.000604	0.000604
159	3	24	3	P99	4	0.048842	0.048842	0.003953	0.003953
159	3	24	3	P999	4	0.048842	0.048842	0.003953	0.003953
159	4	33	4	P1	1	0.003160	0.003160	0.007267	0.007267
159	4	33	4	P50	4	-0.029683	-0.029683	-0.032113	-0.032113
159	4	33	4	P75	4	-0.005217	-0.005217	-0.014245	-0.014245
159	4	33	4	P90	4	0.021773	0.021773	-0.002910	-0.002910
159	4	33	4	P95	4	0.039740	0.039740	0.001660	0.001660
159	4	33	4	P99	4	0.048842	0.048842	0.003953	0.003953
159	4	33	4	P999	4	0.048842	0.048842	0.003953	0.003953
159	5	43	5	P1	1	0.003160	0.003160	0.007267	0.007267
159	5	43	5	P50	4	-0.017526	-0.017526	-0.028232	-0.028232
159	5	43	5	P75	4	0.016697	0.016697	-0.011504	-0.011504
159	5	43	5	P90	4	0.035864	0.035864	-0.002258	-0.002258
159	5	43	5	P95	4	0.042332	0.042332	0.000843	0.000843
159	5	43	5	P99	4	0.048842	0.048842	0.003953	0.003953
159	5	43	5	P999	4	0.048842	0.048842	0.003953	0.003953
159	6	53	6	P1	1	0.003160	0.003160	0.007267	0.007267
159	6	53	6	P50	4	-0.017526	-0.017526	-0.029830	-0.029830
159	6	53	6	P75	4	0.018030	0.018030	-0.013083	-0.013083
159	6	53	6	P90	4	0.036882	0.036882	-0.002633	-0.002633
159	6	53	6	P95	4	0.044041	0.044041	0.001314	0.001314
159	6	53	6	P99	4	0.048842	0.048842	0.003953	0.003953
159	6	53	6	P999	4	0.048842	0.048842	0.003953	0.003953
159	7	232	7	P1	1	-0.003395	-0.003395	0.000705	0.000705
159	7	232	7	P50	1	0.023730	0.023489	0.027857	0.027616
159	7	232	7	P75	1	0.037812	0.037568	0.041953	0.041708
159	7	232	7	P90	4	-0.008308	-0.008308	-0.025990	-0.025990
159	7	232	7	P95	4	0.022711	0.022711	-0.010481	-0.010481
159	7	232	7	P99	4	0.044041	0.044041	0.001314	0.001314
159	7	232	7	P999	4	0.048842	0.048842	0.003953	0.003953
160	1	19	1	P1	3	-0.036897	-0.036897	-0.005233	-0.005233
160	1	19	1	P50	4	-0.000144	-0.000144	-0.024707	-0.024707
160	1	19	1	P75	4	0.034014	0.034014	-0.006892	-0.006892
160	1	19	1	P90	4	0.053492	0.053492	0.003953	0.003953
160	1	19	1	P95	5	0.003150	0.003150	0.042344	0.042344
160	1	19	1	P99	5	0.003150	0.003150	0.042344	0.042344
160	1	19	1	P999	5	0.003150	0.003150	0.042344	0.042344
160	2	30	2	P1	1	-0.000146	-0.000146	0.003957	0.003957
160	2	30	2	P50	3	0.015919	0.001268	0.024000	0.016613
160	2	30	2	P75	4	0.010387	0.010387	-0.017620	-0.017620
160	2	30	2	P90	4	0.042332	0.035864	0.000325	-0.003290
160	2	30	2	P95	4	0.048842	0.048842	0.003953	0.003953
160	2	30	2	P99	5	-0.001143	-0.001143	0.042344	0.042344
160	2	30	2	P999	5	-0.001143	-0.001143	0.042344	0.042344
160	3	44	3	P1	1	-0.002362	-0.002362	0.001739	0.001739
160	3	44	3	P50	1	0.036639	0.034834	0.040779	0.038972
160	3	44	3	P75	4	-0.013235	-0.021798	-0.028232	-0.031744
160	3	44	3	P90	4	0.029435	0.029435	-0.006892	-0.006892
160	3	44	3	P95	4	0.042332	0.042332	0.000325	0.000325
160	3	44	3	P99	5	-0.001143	-0.001143	0.042344	0.042344
160	3	44	3	P999	5	-0.001143	-0.001143	0.042344	0.042344
160	4	49	4	P1	1	-0.016375	-0.016375	0.001739	0.001739
160	4	49	4	P50	1	0.025543	0.025543	0.044403	0.044403
160	4	49	4	P75	4	-0.007225	-0.007225	-0.017620	-0.017620
160	4	49	4	P90	11	-0.003480	-0.003480	0.013391	0.013391
160	4	49	4	P95	12	-0.003549	-0.003549	0.013268	0.013268
160	4	49	4	P99	13	0.025398	0.025398	0.042635	0.042635
160	4	49	4	P999	13	0.025398	0.025398	0.042635	0.042635
160	5	54	5	P1	1	-0.016011	-0.016011	0.001739	0.001739
160	5	54	5	P50	3	-0.029204	-0.043171	0.009278	0.001996
160	5	54	5	P75	4	0.018214	0.018214	-0.003290	-0.003290
160	5	54	5	P90	13	0.025949	0.025949	0.042635	0.042635
160	5	54	5	P95	57	0.003906	0.003906	0.011886	0.011886
160	5	54	5	P99	59	0.035230	0.035230	0.006313	0.006313
160	5	54	5	P999	59	0.035230	0.035230	0.006313	0.006313
160	6	59	6	P1	1	-0.016296	-0.016296	0.001449	0.001449
160	6	59	6	P50	1	0.025925	0.025925	0.044403	0.044403
160	6	59	6	P75	4	0.011910	0.011910	-0.006892	-0.006892
160	6	59	6	P90	13	0.025949	0.025949	0.042635	0.042635
160	6	59	6	P95	57	0.003906	0.003906	0.011886	0.011886
160	6	59	6	P99	59	0.035230	0.035230	0.006313	0.006313
160	6	59	6	P999	59	0.035230	0.035230	0.006313	0.006313
160	7	70	7	P1	1	-0.016679	-0.016679	0.001060	0.001060
160	7	70	7	P50	1	0.020500	0.019418	0.038884	0.037784
160	7	70	7	P75	4	-0.006769	-0.006769	-0.017620	-0.017620
160	7	70	7	P90	12	0.018888	-0.003020	0.035520	0.013268
160	7	70	7	P95	55	0.018041	0.018041	0.033604	0.033604
160	7	70	7	P99	59	0.035230	0.035230	0.006313	0.006313
160	7	70	7	P999	59	0.035230	0.035230	0.006313	0.006313
161	1	13	1	P1	1	0.003283	0.003283	0.005445	0.005445
161	1	13	1	P50	1	0.036627	0.036627	0.038746	0.038746
161	1	13	1	P75	2	-0.023699	-0.023699	-0.023806	-0.023806
161	1	13	1	P90	2	-0.006526	-0.006526	-0.006694	-0.006694
161	1	13	1	P95	2	0.002174	0.002174	0.001975	0.001975
161	1	13	1	P99	2	0.002174	0.002174	0.001975	0.001975
161	1	13	1	P999	2	0.002174	0.002174	0.001975	0.001975
161	2	25	2	P1	1	0.001340	0.001340	0.005445	0.005445
161	2	25	2	P50	2	0.000000	0.000000	0.001975	0.001975
161	2	25	2	P75	4	-0.017526	-0.017526	-0.017620	-0.017620
161	2	25	2	P90	4	-0.000250	-0.000250	-0.000399	-0.000399
161	2	25	2	P95	4	0.004116	0.004116	0.003953	0.003953
161	2	25	2	P99	5	-0.001143	-0.001143	0.042344	0.042344
161	2	25	2	P999	5	-0.001143	-0.001143	0.042344	0.042344
161	3	35	3	P1	1	-0.001685	-0.001685	0.002417	0.002417
161	3	35	3	P50	1	0.040260	0.040260	0.044403	0.044403
161	3	35	3	P75	4	-0.026052	-0.026052	-0.026119	-0.026119
161	3	35	3	P90	4	-0.004597	-0.004597	-0.004732	-0.004732
161	3	35	3	P95	4	0.004116	0.004116	0.003953	0.003953
161	3	35	3	P99	5	-0.001143	-0.001143	0.042344	0.042344
161	3	35	3	P999	5	-0.001143	-0.001143	0.042344	0.042344
161	4	37	4	P1	1	-0.018446	-0.018446	0.002417	0.002417
161	4	37	4	P50	2	-0.052318	-0.052318	-0.032252	-0.032252
161	4	37	4	P75	4	-0.042078	-0.042078	-0.021878	-0.021878
161	4	37	4	P90	4	-0.016777	-0.016777	0.003953	0.003953
161	4	37	4	P95	11	0.014388	0.014388	0.035645	0.035645
161	4	37	4	P99	13	0.021255	0.021255	0.042635	0.042635
161	4	37	4	P999	13	0.021255	0.021255	0.042635	0.042635
161	5	39	5	P1	1	-0.011840	-0.011840	0.002417	0.002417
161	5	39	5	P50	2	-0.036862	-0.036862	-0.023806	-0.023806
161	5	39	5	P75	4	-0.025654	-0.025654	-0.013342	-0.013342
161	5	39	5	P90	11	0.024122	0.024122	0.035645	0.035645
161	5	39	5	P95	55	0.024224	0.024224	0.033604	0.033604
161	5	39	5	P99	58	0.014430	0.014430	0.023663	0.023663
161	5	39	5	P999	58	0.014430	0.014430	0.023663	0.023663
161	6	41	6	P1	1	-0.011965	-0.011965	0.002289	0.002289
161	6	41	6	P50	2	-0.036862	-0.036862	-0.026629	-0.026629
161	6	41	6	P75	4	-0.029883	-0.029883	-0.017620	-0.017620
161	6	41	6	P90	5	-0.014126	-0.014126	0.042344	0.042344
161	6	41	6	P95	13	0.031264	0.031264	0.042635	0.042635
161	6	41	6	P99	58	0.014430	0.014430	0.023663	0.023663
161	6	41	6	P999	58	0.014430	0.014430	0.023663	0.023663
161	7	53	7	P1	1	-0.011965	-0.011965	0.002289	0.002289
161	7	53	7	P50	3	-0.014433	-0.014433	0.004903	0.004903
161	7	53	7	P75	4	-0.008552	-0.008552	-0.013847	-0.013847
161	7	53	7	P90	5	-0.014126	-0.014126	0.019946	0.019946
161	7	53	7	P95	13	0.031264	0.031264	0.042635	0.042635
161	7	53	7	P99	58	0.014430	0.014430	0.023663	0.023663
161	7	53	7	P999	58	0.014430	0.014430	0.023663	0.023663
162	1	55	1	P1	1	-0.019926	-0.019926	0.000906	0.000906
162	1	55	1	P50	1	0.004323	0.004323	0.025667	0.025667
162	1	55	1	P75	1	0.017132	0.017132	0.038746	0.038746
162	1	55	1	P90	2	0.010041	0.010041	-0.012431	-0.012431
162	1	55	1	P95	12	-0.007522	-0.007522	0.013268	0.013268
162	1	55	1	P99	13	0.021255	0.021255	0.042635	0.042635
162	1	55	1	P999	13	0.021255	0.021255	0.042635	0.042635
162	2	57	2	P1	1	-0.019961	-0.019961	0.000869	0.000869
162	2	57	2	P50	1	0.004178	0.004178	0.025518	0.025518
162	2	57	2	P75	1	0.016469	0.016469	0.038069	0.038069
162	2	57	2	P90	2	0.010041	0.010041	-0.012431	-0.012431
162	2	57	2	P95	12	-0.007522	-0.007522	0.013268	0.013268
162	2	57	2	P99	13	0.021255	0.021255	0.042635	0.042635
162	2	57	2	P999	13	0.021255	0.021255	0.042635	0.042635
162	3	61	3	P1	1	-0.007127	-0.007127	0.000869	0.000869
162	3	61	3	P50	1	0.019158	0.019158	0.027302	0.027302
162	3	61	3	P75	1	0.032560	0.032560	0.040779	0.040779
162	3	61	3	P90	12	0.011186	0.011186	0.013268	0.013268
162	3	61	3	P95	52	0.003678	0.003678	0.002254	0.002254
162	3	61	3	P99	59	0.008056	0.008056	0.006313	0.006313
162	3	61	3	P999	59	0.008056	0.008056	0.006313	0.006313
162	4	65	4	P1	1	-0.007191	-0.007191	0.000805	0.000805
162	4	65	4	P50	1	0.018763	0.018763	0.026905	0.026905
162	4	65	4	P75	1	0.031994	0.031994	0.040210	0.040210
162	4	65	4	P90	12	0.011186	0.011186	0.013268	0.013268
162	4	65	4	P95	52	0.003678	0.003678	0.002254	0.002254
162	4	65	4	P99	59	0.008056	0.008056	0.006313	0.006313
162	4	65	4	P999	59	0.008056	0.008056	0.006313	0.006313
162	5	77	5	P1	1	-0.007191	-0.007191	0.000805	0.000805
162	5	77	5	P50	1	0.023705	0.023705	0.031874	0.031874
162	5	77	5	P75	3	-0.007005	-0.007005	-0.001625	-0.001625
162	5	77	5	P90	10	0.041878	0.041878	0.044403	0.044403
162	5	77	5	P95	52	0.003678	0.003678	0.002254	0.002254
162	5	77	5	P99	59	0.008056	0.008056	0.006313	0.006313
162	5	77	5	P999	59	0.008056	0.008056	0.006313	0.006313
162	6	82	6	P1	1	-0.007259	-0.007259	0.000737	0.000737
162	6	82	6	P50	1	0.023243	0.022488	0.031410	0.030651
162	6	82	6	P75	2	0.039935	0.039935	0.001975	0.001975
162	6	82	6	P90	4	0.043720	0.043720	0.003953	0.003953
162	6	82	6	P95	13	0.040762	0.040762	0.042635	0.042635
162	6	82	6	P99	59	0.008056	0.008056	0.006313	0.006313
162	6	82	6	P999	59	0.008056	0.008056	0.006313	0.006313
162	7	198	7	P1	1	-0.007498	-0.007498	0.000497	0.000497
162	7	198	7	P50	1	0.017004	0.016751	0.025136	0.024882
162	7	198	7	P75	1	0.029481	0.029481	0.037683	0.037683
162	7	198	7	P90	3	-0.007005	-0.007005	-0.001625	-0.001625
162	7	198	7	P95	4	0.038054	0.038054	-0.001484	-0.001484
162	7	198	7	P99	56	0.016800	0.016800	0.015147	0.015147
162	7	198	7	P999	59	0.008056	0.008056	0.006313	0.006313
163	1	37	1	P1	1	-0.014196	-0.014196	0.003957	0.003957
163	1	37	1	P50	11	-0.018364	-0.018364	-0.001735	-0.001735
163	1	37	1	P75	11	0.011628	0.011628	0.028746	0.028746
163	1	37	1	P90	12	0.009531	0.009531	0.026561	0.026561
163	1	37	1	P95	13	0.003350	0.003350	0.020230	0.020230
163	1	37	1	P99	13	0.025398	0.025398	0.042635	0.042635
163	1	37	1	P999	13	0.025398	0.025398	0.042635	0.042635
163	2	56	2	P1	1	-0.013831	-0.013831	0.003957	0.003957
163	2	56	2	P50	11	0.015551	0.012160	0.032190	0.028746
163	2	56	2	P75	54	0.002419	-0.002412	-0.000733	-0.009378
163	2	56	2	P90	57	-0.010537	-0.010537	0.004585	0.004585
163	2	56	2	P95	57	0.011207	0.011207	0.026646	0.026646
163	2	56	2	P99	58	0.008278	0.008278	0.023663	0.023663
163	2	56	2	P999	58	0.008278	0.008278	0.023663	0.023663
163	3	60	3	P1	1	-0.014870	-0.014870	0.002901	0.002901
163	3	60	3	P50	11	0.008781	0.005413	0.025314	0.021893
163	3	60	3	P75	54	-0.002412	-0.007219	-0.009378	-0.017948
163	3	60	3	P90	57	-0.010537	-0.017680	0.004585	-0.002663
163	3	60	3	P95	57	0.011207	0.003906	0.026646	0.019239
163	3	60	3	P99	58	0.008278	0.008278	0.023663	0.023663
163	3	60	3	P999	58	0.008278	0.008278	0.023663	0.023663
163	4	78	4	P1	1	-0.016426	-0.016426	0.001317	0.001317
163	4	78	4	P50	11	-0.021128	-0.065901	-0.005065	-0.050543
163	4	78	4	P75	13	0.025949	0.025949	0.042635	0.042635
163	4	78	4	P90	56	-0.004957	-0.004957	0.007823	0.007823
163	4	78	4	P95	57	0.003906	0.003906	0.019239	0.019239
163	4	78	4	P99	58	0.008278	0.008278	0.023663	0.023663
163	4	78	4	P999	58	0.008278	0.008278	0.023663	0.023663
163	5	83	5	P1	1	-0.016566	-0.016566	0.001175	0.001175
163	5	83	5	P50	2	0.028430	0.028430	0.001975	0.001975
163	5	83	5	P75	13	0.003888	0.003888	0.020230	0.020230
163	5	83	5	P90	55	0.008253	0.008253	0.018744	0.018744
163	5	83	5	P95	57	-0.003341	-0.003341	0.011886	0.011886
163	5	83	5	P99	58	0.008278	0.008278	0.023663	0.023663
163	5	83	5	P999	58	0.008278	0.008278	0.023663	0.023663
163	6	100	6	P1	1	-0.016108	-0.016915	0.001641	0.000820
163	6	100	6	P50	1	0.024243	0.023403	0.042692	0.041837
163	6	100	6	P75	12	-0.007345	-0.015939	0.008876	0.000147
163	6	100	6	P90	55	0.003394	-0.001441	0.011394	0.004097
163	6	100	6	P95	57	-0.003341	-0.010537	0.011886	0.004585
163	6	100	6	P99	58	0.008278	0.000999	0.023663	0.016277
163	6	100	6	P999	58	0.008278	0.008278	0.023663	0.023663
163	7	109	7	P1	1	-0.016108	-0.016108	0.001641	0.001641
163	7	109	7	P50	2	-0.000949	-0.000949	-0.026629	-0.026629
163	7	109	7	P75	11	0.015551	0.015551	0.032190	0.032190
163	7	109	7	P90	55	-0.001441	-0.001441	0.004097	0.004097
163	7	109	7	P95	57	-0.010537	-0.010537	0.004585	0.004585
163	7	109	7	P99	58	0.000999	0.000999	0.016277	0.016277
163	7	109	7	P999	58	0.008278	0.008278	0.023663	0.023663
164	1	306	0	P1	1	-0.020929	-0.020929	0.000572	0.000572
164	1	306	0	P50	1	0.000286	0.000143	0.022252	0.022106
164	1	306	0	P75	1	0.011209	0.011209	0.033416	0.033416
164	1	306	0	P90	1	0.017879	0.017879	0.040232	0.040232
164	1	306	0	P95	1	0.020063	0.020063	0.042464	0.042464
164	1	306	0	P99	1	0.021814	0.021814	0.044253	0.044253
164	1	306	0	P999	2	0.023978	0.023978	0.001975	0.001975
164	2	313	1	P1	1	-0.017494	-0.017494	0.000572	0.000572
164	2	313	1	P50	1	0.004239	0.004239	0.022691	0.022691
164	2	313	1	P75	1	0.015503	0.015503	0.034154	0.034154
164	2	313	1	P90	1	0.022351	0.022351	0.041124	0.041124
164	2	313	1	P95	1	0.024692	0.024692	0.043507	0.043507
164	2	313	1	P99	12	0.007380	0.007380	0.024334	0.024334
164	2	313	1	P999	16	0.035454	0.035454	0.007923	0.007923
164	3	317	2	P1	1	-0.017501	-0.017501	0.000564	0.000564
164	3	317	2	P50	1	0.004229	0.004229	0.022681	0.022681
164	3	317	2	P75	1	0.015489	0.015489	0.034141	0.034141
164	3	317	2	P90	1	0.022392	0.022392	0.041167	0.041167
164	3	317	2	P95	1	0.024704	0.024704	0.043519	0.043519
164	3	317	2	P99	12	0.007380	0.007380	0.024334	0.024334
164	3	317	2	P999	16	0.035454	0.035454	0.007923	0.007923
164	4	324	3	P1	1	-0.017166	-0.017166	0.000564	0.000564
164	4	324	3	P50	1	0.005141	0.004999	0.023258	0.023114
164	4	324	3	P75	1	0.016699	0.016555	0.035017	0.034871
164	4	324	3	P90	1	0.023610	0.023610	0.042048	0.042048
164	4	324	3	P95	1	0.025925	0.025925	0.044403	0.044403
164	4	324	3	P99	57	-0.000449	-0.000449	0.014821	0.014821
164	4	324	3	P999	58	0.008278	0.008278	0.023663	0.023663
164	5	331	4	P1	1	-0.017177	-0.017177	0.000554	0.000554
164	5	331	4	P50	1	0.005116	0.005116	0.023234	0.023234
164	5	331	4	P75	1	0.016733	0.016733	0.035052	0.035052
164	5	331	4	P90	1	0.023655	0.023655	0.042093	0.042093
164	5	331	4	P95	2	-0.000949	-0.000949	-0.026629	-0.026629
164	5	331	4	P99	57	-0.000449	-0.000449	0.014821	0.014821
164	5	331	4	P999	58	0.008278	0.008278	0.023663	0.023663
164	6	338	5	P1	1	-0.017177	-0.017177	0.000554	0.000554
164	6	338	5	P50	1	0.005673	0.005534	0.023800	0.023658
164	6	338	5	P75	1	0.017438	0.017438	0.035768	0.035768
164	6	338	5	P90	1	0.024647	0.024647	0.043103	0.043103
164	6	338	5	P95	4	0.018214	0.018214	-0.008431	-0.008431
164	6	338	5	P99	57	-0.000449	-0.000449	0.014821	0.014821
164	6	338	5	P999	58	0.008278	0.008278	0.023663	0.023663
164	7	393	6	P1	1	-0.017258	-0.017258	0.000471	0.000471
164	7	393	6	P50	1	0.005344	0.005344	0.023465	0.023465
164	7	393	6	P75	1	0.017019	0.017019	0.035343	0.035343
164	7	393	6	P90	1	0.024113	0.024113	0.042560	0.042560
164	7	393	6	P95	4	-0.000581	-0.000581	-0.026723	-0.026723
164	7	393	6	P99	57	-0.000449	-0.000449	0.014821	0.014821
164	7	393	6	P999	58	0.008278	0.008278	0.023663	0.023663
165	1	19	1	P1	1	-0.008821	-0.008821	0.010920	0.010920
165	1	19	1	P50	11	-0.015282	-0.015282	0.002444	0.002444
165	1	19	1	P75	12	0.017305	0.017305	0.035520	0.035520
165	1	19	1	P90	13	0.013290	0.013290	0.031372	0.031372
165	1	19	1	P95	13	0.024364	0.024364	0.042635	0.042635
165	1	19	1	P99	13	0.024364	0.024364	0.042635	0.042635
165	1	19	1	P999	13	0.024364	0.024364	0.042635	0.042635
165	2	29	2	P1	1	-0.004679	-0.004679	0.010920	0.010920
165	2	29	2	P50	12	0.023673	0.023673	0.035520	0.035520
165	2	29	2	P75	52	-0.006919	-0.006919	0.002254	0.002254
165	2	29	2	P90	55	0.024288	0.024288	0.033604	0.033604
165	2	29	2	P95	58	0.014507	0.014507	0.023663	0.023663
165	2	29	2	P99	63	0.018918	0.018918	0.027969	0.027969
165	2	29	2	P999	63	0.018918	0.018918	0.027969	0.027969
165	3	39	3	P1	1	-0.008753	-0.008753	0.004839	0.004839
165	3	39	3	P50	11	-0.007765	-0.007765	0.002444	0.002444
165	3	39	3	P75	51	-0.015261	-0.015261	-0.007267	-0.007267
165	3	39	3	P90	55	0.010685	0.010685	0.018744	0.018744
165	3	39	3	P95	58	0.015649	0.015649	0.023663	0.023663
165	3	39	3	P99	63	0.020047	0.020047	0.027969	0.027969
165	3	39	3	P999	63	0.020047	0.020047	0.027969	0.027969
165	4	46	4	P1	1	-0.008753	-0.008753	0.004839	0.004839
165	4	46	4	P50	4	0.018557	0.009732	-0.013342	-0.021878
165	4	46	4	P75	13	0.021149	0.021149	0.031372	0.031372
165	4	46	4	P90	55	-0.003866	-0.003866	0.004097	0.004097
165	4	46	4	P95	55	0.025449	0.025449	0.033604	0.033604
165	4	46	4	P99	63	0.020047	0.020047	0.027969	0.027969
165	4	46	4	P999	63	0.020047	0.020047	0.027969	0.027969
165	5	80	5	P1	1	-0.012535	-0.012535	0.001011	0.001011
165	5	80	5	P50	1	0.028249	0.027209	0.042294	0.041242
165	5	80	5	P75	11	-0.007765	-0.623114	0.002444	-0.634926
165	5	80	5	P90	52	-0.005776	-0.020090	0.002254	-0.012156
165	5	80	5	P95	55	0.010685	-0.003866	0.018744	0.004097
165	5	80	5	P99	63	0.020047	0.020047	0.027969	0.027969
165	5	80	5	P999	63	0.020047	0.020047	0.027969	0.027969
165	6	87	6	P1	1	-0.012535	-0.012535	0.001011	0.001011
165	6	87	6	P50	2	-0.006301	-0.006301	-0.036447	-0.036447
165	6	87	6	P75	11	0.018793	0.018793	0.029238	0.029238
165	6	87	6	P90	52	-0.020090	-0.020090	-0.012156	-0.012156
165	6	87	6	P95	55	-0.003866	-0.003866	0.004097	0.004097
165	6	87	6	P99	63	0.020047	0.020047	0.027969	0.027969
165	6	87	6	P999	63	0.020047	0.020047	0.027969	0.027969
165	7	94	7	P1	1	-0.012620	-0.012620	0.000925	0.000925
165	7	94	7	P50	2	-0.007298	-0.484834	-0.037412	-0.477799
165	7	94	7	P75	11	0.006208	0.006208	0.016541	0.016541
165	7	94	7	P90	51	-0.015261	-0.015261	-0.007267	-0.007267
165	7	94	7	P95	55	-0.003866	-0.003866	0.004097	0.004097
165	7	94	7	P99	63	0.020047	0.020047	0.027969	0.027969
165	7	94	7	P999	63	0.020047	0.020047	0.027969	0.027969
166	1	12	1	P1	1	-0.010734	-0.010734	0.008727	0.008727
166	1	12	1	P50	51	0.005496	-0.959729	-0.000053	-0.960707
166	1	12	1	P75	55	-0.004793	-0.026196	0.011394	-0.010339
166	1	12	1	P90	55	0.017080	0.017080	0.033604	0.033604
166	1	12	1	P95	72	0.008527	0.008527	0.024689	0.024689
166	1	12	1	P99	72	0.008527	0.008527	0.024689	0.024689
166	1	12	1	P999	72	0.008527	0.008527	0.024689	0.024689
166	2	19	2	P1	1	-0.010734	-0.010734	0.008727	0.008727
166	2	19	2	P50	4	-0.003506	-0.003506	-0.028232	-0.028232
166	2	19	2	P75	52	0.007834	0.007834	0.002254	0.002254
166	2	19	2	P90	55	0.017080	0.017080	0.033604	0.033604
166	2	19	2	P95	72	0.008527	0.008527	0.024689	0.024689
166	2	19	2	P99	72	0.008527	0.008527	0.024689	0.024689
166	2	19	2	P999	72	0.008527	0.008527	0.024689	0.024689
166	3	66	3	P1	1	-0.016899	-0.016899	0.000836	0.000836
166	3	66	3	P50	1	0.010601	0.009757	0.028814	0.027954
166	3	66	3	P75	1	0.024211	0.024211	0.042659	0.042659
166	3	66	3	P90	4	0.030941	0.030941	0.003953	0.003953
166	3	66	3	P95	53	0.011513	0.011513	0.027006	0.027006
166	3	66	3	P99	72	0.009436	0.009436	0.024689	0.024689
166	3	66	3	P999	72	0.009436	0.009436	0.024689	0.024689
166	4	75	4	P1	1	-0.016899	-0.016899	0.000836	0.000836
166	4	75	4	P50	1	0.013987	0.013987	0.032258	0.032258
166	4	75	4	P75	4	-0.002132	-0.002132	-0.028232	-0.028232
166	4	75	4	P90	12	0.018888	0.018888	0.035520	0.035520
166	4	75	4	P95	53	0.011513	0.011513	0.027006	0.027006
166	4	75	4	P99	72	0.009436	0.009436	0.024689	0.024689
166	4	75	4	P999	72	0.009436	0.009436	0.024689	0.024689
166	5	83	5	P1	1	-0.016971	-0.016971	0.000762	0.000762
166	5	83	5	P50	1	0.014254	0.014254	0.032530	0.032530
166	5	83	5	P75	3	-0.000656	-0.000656	0.016613	0.016613
166	5	83	5	P90	12	0.007875	0.007875	0.024334	0.024334
166	5	83	5	P95	52	0.008796	0.008796	0.002254	0.002254
166	5	83	5	P99	72	0.009436	0.009436	0.024689	0.024689
166	5	83	5	P999	72	0.009436	0.009436	0.024689	0.024689
166	6	92	6	P1	1	-0.019779	-0.019779	0.000762	0.000762
166	6	92	6	P50	1	0.015204	0.014431	0.036472	0.035683
166	6	92	6	P75	11	-0.014165	-0.069658	0.006080	-0.050543
166	6	92	6	P90	54	-0.004844	-0.004844	-0.002901	-0.002901
166	6	92	6	P95	55	0.013090	0.013090	0.024662	0.024662
166	6	92	6	P99	72	0.004396	0.004396	0.024689	0.024689
166	6	92	6	P999	72	0.004396	0.004396	0.024689	0.024689
166	7	101	7	P1	1	-0.019215	-0.019215	0.001338	0.001338
166	7	101	7	P50	1	0.013444	0.013444	0.034675	0.034675
166	7	101	7	P75	4	0.016163	0.016163	-0.006892	-0.006892
166	7	101	7	P90	53	0.006616	0.006616	0.004938	0.004938
166	7	101	7	P95	55	0.005780	0.005780	0.015797	0.015797
166	7	101	7	P99	64	0.035894	0.035894	0.011907	0.011907
166	7	101	7	P999	72	0.004396	0.004396	0.024689	0.024689
167	1	57	1	P1	1	-0.014980	-0.014980	0.000945	0.000945
167	1	57	1	P50	1	0.011443	0.011443	0.027768	0.027768
167	1	57	1	P75	1	0.024919	0.024919	0.041448	0.041448
167	1	57	1	P90	4	0.013536	0.013536	-0.015246	-0.015246
167	1	57	1	P95	4	0.028335	0.028335	-0.000881	-0.000881
167	1	57	1	P99	5	0.027439	0.027439	0.042344	0.042344
167	1	57	1	P999	5	0.027439	0.027439	0.042344	0.042344
167	2	65	2	P1	1	-0.017128	-0.017128	0.000945	0.000945
167	2	65	2	P50	1	0.013050	0.013050	0.031658	0.031658
167	2	65	2	P75	4	-0.003759	-0.003759	-0.029404	-0.029404
167	2	65	2	P90	11	0.003806	0.003806	0.020756	0.020756
167	2	65	2	P95	12	0.003737	0.003737	0.020632	0.020632
167	2	65	2	P99	14	0.038686	0.038686	0.011149	0.011149
167	2	65	2	P999	14	0.038686	0.038686	0.011149	0.011149
167	3	72	3	P1	1	-0.017184	-0.017184	0.000887	0.000887
167	3	72	3	P50	1	0.014712	0.013812	0.033349	0.032434
167	3	72	3	P75	4	-0.008559	-0.239862	-0.034078	-0.226419
167	3	72	3	P90	11	-0.010635	-0.010635	0.006080	0.006080
167	3	72	3	P95	12	0.003737	0.003737	0.020632	0.020632
167	3	72	3	P99	14	0.038686	0.038686	0.011149	0.011149
167	3	72	3	P999	14	0.038686	0.038686	0.011149	0.011149
167	4	80	4	P1	1	-0.010276	-0.010276	0.000887	0.000887
167	4	80	4	P50	1	0.025521	0.024611	0.037021	0.036102
167	4	80	4	P75	4	0.029556	0.024589	-0.005692	-0.010481
167	4	80	4	P90	52	-0.001722	-0.717460	0.002254	-0.727767
167	4	80	4	P95	54	0.004069	-0.006797	0.007988	-0.002901
167	4	80	4	P99	56	0.011281	0.011281	0.015147	0.015147
167	4	80	4	P999	56	0.011281	0.011281	0.015147	0.015147
167	5	86	5	P1	1	-0.010342	-0.010342	0.000820	0.000820
167	5	86	5	P50	1	0.025229	0.024388	0.036726	0.035876
167	5	86	5	P75	4	0.019646	0.019646	-0.015246	-0.015246
167	5	86	5	P90	14	0.049433	0.049433	0.011149	0.011149
167	5	86	5	P95	53	0.011942	0.011942	0.015912	0.015912
167	5	86	5	P99	56	0.011281	0.011281	0.015147	0.015147
167	5	86	5	P999	56	0.011281	0.011281	0.015147	0.015147
167	6	98	6	P1	1	-0.010342	-0.010342	0.000820	0.000820
167	6	98	6	P50	1	0.030293	0.029448	0.041837	0.040984
167	6	98	6	P75	4	0.022114	0.022114	-0.012866	-0.012866
167	6	98	6	P90	13	0.035939	0.035939	0.042635	0.042635
167	6	98	6	P95	53	0.011942	0.011942	0.015912	0.015912
167	6	98	6	P99	56	0.011281	0.011281	0.015147	0.015147
167	6	98	6	P999	56	0.011281	0.011281	0.015147	0.015147
167	7	102	7	P1	1	-0.009643	-0.009643	0.001526	0.001526
167	7	102	7	P50	1	0.028899	0.028114	0.040430	0.039637
167	7	102	7	P75	4	0.019646	0.019646	-0.015246	-0.015246
167	7	102	7	P90	12	0.028706	0.028706	0.035520	0.035520
167	7	102	7	P95	53	0.000991	0.000991	0.004938	0.004938
167	7	102	7	P99	56	-0.003285	-0.003285	0.000552	0.000552
167	7	102	7	P999	56	0.011281	0.011281	0.015147	0.015147
168	1	330	0	P1	1	-0.020973	-0.020973	0.000527	0.000527
168	1	330	0	P50	1	0.000132	0.000000	0.022095	0.021960
168	1	330	0	P75	1	0.010987	0.010987	0.033188	0.033188
168	1	330	0	P90	1	0.017664	0.017530	0.040012	0.039875
168	1	330	0	P95	1	0.019810	0.019810	0.042205	0.042205
168	1	330	0	P99	1	0.021557	0.021557	0.043990	0.043990
168	1	330	0	P999	1	0.021960	0.021960	0.044403	0.044403
168	2	350	1	P1	1	-0.017566	-0.017566	0.000527	0.000527
168	2	350	1	P50	1	0.004948	0.004815	0.023441	0.023306
168	2	350	1	P75	1	0.016531	0.016531	0.035231	0.035231
168	2	350	1	P90	1	0.023653	0.023518	0.042479	0.042342
168	2	350	1	P95	10	0.009271	0.009271	0.026410	0.026410
168	2	350	1	P99	12	-0.003549	-0.003549	0.013268	0.013268
168	2	350	1	P999	13	0.025398	0.025398	0.042635	0.042635
168	3	352	2	P1	1	-0.013705	-0.013705	0.000527	0.000527
168	3	352	2	P50	1	0.009046	0.008913	0.023576	0.023441
168	3	352	2	P75	1	0.020820	0.020685	0.035503	0.035367
168	3	352	2	P90	1	0.027841	0.027841	0.042617	0.042617
168	3	352	2	P95	10	0.032666	0.032666	0.044403	0.044403
168	3	352	2	P99	13	0.009076	0.009076	0.020230	0.020230
168	3	352	2	P999	58	0.014430	0.014430	0.023663	0.023663
168	4	354	3	P1	1	-0.013705	-0.013705	0.000527	0.000527
168	4	354	3	P50	1	0.009179	0.009046	0.023711	0.023576
168	4	354	3	P75	1	0.020954	0.020954	0.035640	0.035640
168	4	354	3	P90	1	0.028112	0.028112	0.042891	0.042891
168	4	354	3	P95	11	-0.011687	-0.011687	-0.000521	-0.000521
168	4	354	3	P99	18	0.009919	0.009919	0.020654	0.020654
168	4	354	3	P999	58	0.014430	0.014430	0.023663	0.023663
168	5	360	4	P1	1	-0.013713	-0.013713	0.000519	0.000519
168	5	360	4	P50	1	0.009219	0.009088	0.023751	0.023618
168	5	360	4	P75	1	0.021083	0.020950	0.035770	0.035636
168	5	360	4	P90	1	0.028268	0.028134	0.043049	0.042914
168	5	360	4	P95	11	-0.011687	-0.015588	-0.000521	-0.004461
168	5	360	4	P99	18	0.009919	0.009919	0.020654	0.020654
168	5	360	4	P999	58	0.014430	0.014430	0.023663	0.023663
168	6	380	5	P1	1	-0.013713	-0.013713	0.000519	0.000519
168	6	380	5	P50	1	0.010530	0.010399	0.025079	0.024947
168	6	380	5	P75	1	0.023073	0.022941	0.037787	0.037652
168	6	380	5	P90	11	-0.011687	-0.015588	-0.000521	-0.004461
168	6	380	5	P95	52	0.004899	0.000933	0.002254	-0.008573
168	6	380	5	P99	57	0.021062	0.021062	0.030370	0.030370
168	6	380	5	P999	105	0.030273	0.030273	0.038835	0.038835
168	7	388	6	P1	1	-0.013725	-0.013725	0.000507	0.000507
168	7	388	6	P50	1	0.010458	0.010330	0.025007	0.024877
168	7	388	6	P75	1	0.022966	0.022836	0.037678	0.037546
168	7	388	6	P90	11	-0.015588	-0.015588	-0.004461	-0.004461
168	7	388	6	P95	52	0.000933	0.000933	-0.008573	-0.008573
168	7	388	6	P99	57	0.021062	0.021062	0.030370	0.030370
168	7	388	6	P999	105	0.030273	0.030273	0.038835	0.038835
169	1	86	1	P1	1	-0.001625	-0.001625	0.000543	0.000543
169	1	86	1	P50	1	0.022044	0.021488	0.024183	0.023626
169	1	86	1	P75	1	0.033807	0.033807	0.035929	0.035929
169	1	86	1	P90	1	0.041156	0.041156	0.043269	0.043269
169	1	86	1	P95	2	-0.026532	-0.026532	-0.026629	-0.026629
169	1	86	1	P99	2	0.002174	0.002174	0.001975	0.001975
169	1	86	1	P999	2	0.002174	0.002174	0.001975	0.001975
169	2	104	2	P1	1	-0.001262	-0.001262	0.000906	0.000906
169	2	104	2	P50	1	0.022137	0.021673	0.024275	0.023812
169	2	104	2	P75	1	0.034277	0.033807	0.036398	0.035929
169	2	104	2	P90	1	0.041345	0.041345	0.043458	0.043458
169	2	104	2	P95	2	-0.024763	-0.024763	-0.024866	-0.024866
169	2	104	2	P99	2	-0.003272	-0.003272	-0.003452	-0.003452
169	2	104	2	P999	2	0.002174	0.002174	0.001975	0.001975
169	3	107	3	P1	1	-0.003195	-0.003195	0.000906	0.000906
169	3	107	3	P50	1	0.020615	0.020615	0.024739	0.024739
169	3	107	3	P75	1	0.033201	0.033201	0.037337	0.037337
169	3	107	3	P90	2	-0.037413	-0.037413	-0.035400	-0.035400
169	3	107	3	P95	2	-0.010835	-0.010835	-0.008849	-0.008849
169	3	107	3	P99	4	0.004116	0.004116	0.003953	0.003953
169	3	107	3	P999	5	-0.001143	-0.001143	0.042344	0.042344
169	4	127	4	P1	1	-0.003195	-0.003195	0.000906	0.000906
169	4	127	4	P50	1	0.025258	0.025258	0.029387	0.029387
169	4	127	4	P75	1	0.040260	0.040260	0.044403	0.044403
169	4	127	4	P90	4	-0.017526	-0.017526	-0.017620	-0.017620
169	4	127	4	P95	4	0.000996	0.000996	0.000843	0.000843
169	4	127	4	P99	5	-0.009811	-0.009811	0.033326	0.033326
169	4	127	4	P999	5	-0.001143	-0.001143	0.042344	0.042344
169	5	133	5	P1	1	-0.003248	-0.003248	0.000852	0.000852
169	5	133	5	P50	1	0.024820	0.024820	0.028948	0.028948
169	5	133	5	P75	1	0.039371	0.039371	0.043513	0.043513
169	5	133	5	P90	4	-0.020579	-0.020579	-0.020664	-0.020664
169	5	133	5	P95	4	0.000996	0.000996	0.000843	0.000843
169	5	133	5	P99	5	-0.009811	-0.009811	0.033326	0.033326
169	5	133	5	P999	5	-0.001143	-0.001143	0.042344	0.042344
169	6	163	6	P1	1	-0.003437	-0.003437	0.000664	0.000664
169	6	163	6	P50	1	0.023441	0.023441	0.027568	0.027568
169	6	163	6	P75	1	0.037495	0.037495	0.041635	0.041635
169	6	163	6	P90	4	-0.029683	-0.029683	-0.029739	-0.029739
169	6	163	6	P95	4	-0.005217	-0.005217	-0.005350	-0.005350
169	6	163	6	P99	5	-0.009811	-0.009811	0.033326	0.033326
169	6	163	6	P999	5	-0.001143	-0.001143	0.042344	0.042344
169	7	169	7	P1	1	-0.017432	-0.017432	0.000664	0.000664
169	7	169	7	P50	1	0.010007	0.010007	0.028591	0.028591
169	7	169	7	P75	1	0.024183	0.024183	0.043018	0.043018
169	7	169	7	P90	4	-0.028571	-0.028571	-0.011504	-0.011504
169	7	169	7	P95	5	-0.035974	-0.035974	0.024387	0.024387
169	7	169	7	P99	12	-0.003549	-0.003549	0.013268	0.013268
169	7	169	7	P999	12	0.018347	0.018347	0.035520	0.035520
170	1	14	1	P1	1	-0.001801	-0.001801	0.006226	0.006226
170	1	14	1	P50	2	0.039935	-0.481918	0.001975	-0.477799
170	1	14	1	P75	53	0.010810	0.010810	0.009313	0.009313
170	1	14	1	P90	54	0.009525	0.009525	0.007988	0.007988
170	1	14	1	P95	59	0.008056	0.008056	0.006313	0.006313
170	1	14	1	P99	59	0.008056	0.008056	0.006313	0.006313
170	1	14	1	P999	59	0.008056	0.008056	0.006313	0.006313
170	2	20	2	P1	1	-0.004385	-0.004385	0.003627	0.003627
170	2	20	2	P50	1	0.032410	0.028670	0.040628	0.036868
170	2	20	2	P75	53	0.002045	-0.006645	0.000581	-0.008075
170	2	20	2	P90	54	0.009525	0.000770	0.007988	-0.000733
170	2	20	2	P95	59	0.008056	-0.076028	0.006313	-0.077435
170	2	20	2	P99	59	0.008056	0.008056	0.006313	0.006313
170	2	20	2	P999	59	0.008056	0.008056	0.006313	0.006313
170	3	33	3	P1	1	-0.004385	-0.004385	0.003627	0.003627
170	3	33	3	P50	3	0.003865	0.003865	0.009278	0.009278
170	3	33	3	P75	4	0.036172	0.036172	-0.003290	-0.003290
170	3	33	3	P90	53	0.010810	0.010810	0.009313	0.009313
170	3	33	3	P95	54	0.009525	0.009525	0.007988	0.007988
170	3	33	3	P99	59	0.008056	0.008056	0.006313	0.006313
170	3	33	3	P999	59	0.008056	0.008056	0.006313	0.006313
170	4	61	4	P1	1	-0.006911	-0.006911	0.001087	0.001087
170	4	61	4	P50	1	0.026060	0.026060	0.034243	0.034243
170	4	61	4	P75	3	0.011178	0.011178	0.016613	0.016613
170	4	61	4	P90	5	0.038100	0.038100	0.042344	0.042344
170	4	61	4	P95	53	0.010810	0.010810	0.009313	0.009313
170	4	61	4	P99	59	0.008056	0.008056	0.006313	0.006313
170	4	61	4	P999	59	0.008056	0.008056	0.006313	0.006313
170	5	73	5	P1	1	-0.006911	-0.006911	0.001087	0.001087
170	5	73	5	P50	1	0.032785	0.032785	0.041005	0.041005
170	5	73	5	P75	5	0.038100	0.038100	0.042344	0.042344
170	5	73	5	P90	14	-0.012304	-0.012304	-0.010578	-0.010578
170	5	73	5	P95	53	0.010810	0.010810	0.009313	0.009313
170	5	73	5	P99	59	0.008056	0.008056	0.006313	0.006313
170	5	73	5	P999	59	0.008056	0.008056	0.006313	0.006313
170	6	86	6	P1	1	-0.007091	-0.007091	0.000906	0.000906
170	6	86	6	P50	1	0.032410	0.031474	0.040628	0.039687
170	6	86	6	P75	4	0.028679	0.028679	-0.010481	-0.010481
170	6	86	6	P90	12	-0.010594	-0.010594	0.035520	0.035520
170	6	86	6	P95	53	0.002045	0.002045	0.000581	0.000581
170	6	86	6	P99	59	0.008056	0.008056	0.006313	0.006313
170	6	86	6	P999	59	0.008056	0.008056	0.006313	0.006313
170	7	93	7	P1	1	-0.007091	-0.007091	0.000906	0.000906
170	7	93	7	P50	1	0.035224	0.035224	0.043458	0.043458
170	7	93	7	P75	11	-0.044552	-0.044552	0.000269	0.000269
170	7	93	7	P90	53	0.009553	0.009553	0.004938	0.004938
170	7	93	7	P95	55	0.020368	0.020368	0.004097	0.004097
170	7	93	7	P99	59	0.008056	0.008056	0.006313	0.006313
170	7	93	7	P999	59	0.008056	0.008056	0.006313	0.006313
171	1	18	1	P1	1	-0.008752	-0.008752	0.007267	0.007267
171	1	18	1	P50	4	-0.005866	-0.237874	-0.034078	-0.226419
171	1	18	1	P75	4	0.013536	0.013536	-0.015246	-0.015246
171	1	18	1	P90	4	0.028335	0.028335	-0.000881	-0.000881
171	1	18	1	P95	4	0.033316	0.033316	0.003953	0.003953
171	1	18	1	P99	4	0.033316	0.033316	0.003953	0.003953
171	1	18	1	P999	4	0.033316	0.033316	0.003953	0.003953
171	2	34	2	P1	1	-0.013964	-0.013964	0.001977	0.001977
171	2	34	2	P50	1	0.019735	0.017721	0.036185	0.034141
171	2	34	2	P75	4	-0.005866	-0.005866	-0.034078	-0.034078
171	2	34	2	P90	4	0.018445	0.018445	-0.010481	-0.010481
171	2	34	2	P95	4	0.028335	0.028335	-0.000881	-0.000881
171	2	34	2	P99	4	0.033316	0.033316	0.003953	0.003953
171	2	34	2	P999	4	0.033316	0.033316	0.003953	0.003953
171	3	37	3	P1	1	-0.016114	-0.016114	0.001977	0.001977
171	3	37	3	P50	1	0.019510	0.019510	0.038233	0.038233
171	3	37	3	P75	4	0.001065	0.001065	-0.024707	-0.024707
171	3	37	3	P90	4	0.030501	0.030501	0.003953	0.003953
171	3	37	3	P95	11	0.018458	0.018458	0.035645	0.035645
171	3	37	3	P99	12	0.018388	0.018388	0.035520	0.035520
171	3	37	3	P999	12	0.018388	0.018388	0.035520	0.035520
171	4	40	4	P1	1	-0.006563	-0.006563	0.001977	0.001977
171	4	40	4	P50	1	0.033552	0.031509	0.042342	0.040286
171	4	40	4	P75	4	0.027986	0.023025	-0.010481	-0.015246
171	4	40	4	P90	12	0.032643	-0.053484	0.035520	-0.050658
171	4	40	4	P95	54	0.008600	-0.013122	0.007988	-0.013672
171	4	40	4	P99	56	0.015865	0.015865	0.015147	0.015147
171	4	40	4	P999	56	0.015865	0.015865	0.015147	0.015147
171	5	43	5	P1	1	-0.006799	-0.006799	0.001739	0.001739
171	5	43	5	P50	1	0.030203	0.030203	0.038972	0.038972
171	5	43	5	P75	4	0.023025	0.023025	-0.015246	-0.015246
171	5	43	5	P90	11	0.032563	0.032563	0.035645	0.035645
171	5	43	5	P95	54	-0.013122	-0.013122	-0.013672	-0.013672
171	5	43	5	P99	56	0.015865	0.015865	0.015147	0.015147
171	5	43	5	P999	56	0.015865	0.015865	0.015147	0.015147
171	6	52	6	P1	1	-0.006799	-0.006799	0.001739	0.001739
171	6	52	6	P50	3	-0.004036	-0.011238	0.001996	-0.005233
171	6	52	6	P75	4	0.026921	0.023732	-0.011504	-0.014566
171	6	52	6	P90	11	0.010324	0.010324	0.013391	0.013391
171	6	52	6	P95	54	-0.013122	-0.013122	-0.013672	-0.013672
171	6	52	6	P99	56	0.015865	0.015865	0.015147	0.015147
171	6	52	6	P999	56	0.015865	0.015865	0.015147	0.015147
171	7	64	7	P1	1	-0.007360	-0.007360	0.001175	0.001175
171	7	64	7	P50	1	0.030736	0.029524	0.039509	0.038289
171	7	64	7	P75	4	0.017383	0.014224	-0.020664	-0.023698
171	7	64	7	P90	5	0.037378	0.037378	0.042344	0.042344
171	7	64	7	P95	12	0.032643	0.032643	0.035520	0.035520
171	7	64	7	P99	56	0.015865	0.015865	0.015147	0.015147
171	7	64	7	P999	56	0.015865	0.015865	0.015147	0.015147
172	1	12	1	P1	11	0.001410	0.001410	0.000269	0.000269
172	1	12	1	P50	52	-0.025045	-0.760688	-0.019283	-0.761034
172	1	12	1	P75	53	-0.011677	-0.022380	0.012241	-0.002312
172	1	12	1	P90	54	-0.008624	-0.008624	0.007988	0.007988
172	1	12	1	P95	55	-0.005219	-0.005219	0.033604	0.033604
172	1	12	1	P99	55	-0.005219	-0.005219	0.033604	0.033604
172	1	12	1	P999	55	-0.005219	-0.005219	0.033604	0.033604
172	2	18	2	P1	1	0.002309	0.002309	0.008727	0.008727
172	2	18	2	P50	11	0.026757	0.017851	0.026686	0.017803
172	2	18	2	P75	52	-0.015257	-0.015257	0.002254	0.002254
172	2	18	2	P90	54	-0.009509	-0.009509	0.007988	0.007988
172	2	18	2	P95	55	-0.006104	-0.006104	0.033604	0.033604
172	2	18	2	P99	55	-0.006104	-0.006104	0.033604	0.033604
172	2	18	2	P999	55	-0.006104	-0.006104	0.033604	0.033604
172	3	27	3	P1	1	0.002309	0.002309	0.008727	0.008727
172	3	27	3	P50	4	0.036762	0.036762	-0.004732	-0.004732
172	3	27	3	P75	12	0.035856	0.035856	0.035520	0.035520
172	3	27	3	P90	53	-0.012563	-0.012563	0.012241	0.012241
172	3	27	3	P95	54	-0.009509	-0.009509	0.007988	0.007988
172	3	27	3	P99	55	-0.006104	-0.006104	0.033604	0.033604
172	3	27	3	P999	55	-0.006104	-0.006104	0.033604	0.033604
172	4	33	4	P1	1	-0.002442	-0.002442	0.003957	0.003957
172	4	33	4	P50	4	0.010015	0.010015	-0.030341	-0.030341
172	4	33	4	P75	11	0.026757	0.026757	0.026686	0.026686
172	4	33	4	P90	53	-0.023258	-0.023258	-0.002312	-0.002312
172	4	33	4	P95	54	-0.009509	-0.009509	0.007988	0.007988
172	4	33	4	P99	55	-0.006104	-0.006104	0.033604	0.033604
172	4	33	4	P999	55	-0.006104	-0.006104	0.033604	0.033604
172	5	35	5	P1	1	-0.002442	-0.002442	0.003957	0.003957
172	5	35	5	P50	4	0.018853	0.018853	-0.021878	-0.021878
172	5	35	5	P75	11	0.028249	0.028249	0.028174	0.028174
172	5	35	5	P90	53	-0.023258	-0.023258	-0.002312	-0.002312
172	5	35	5	P95	54	-0.009509	-0.009509	0.007988	0.007988
172	5	35	5	P99	55	-0.006104	-0.006104	0.033604	0.033604
172	5	35	5	P999	55	-0.006104	-0.006104	0.033604	0.033604
172	6	37	6	P1	1	-0.002442	-0.002442	0.003957	0.003957
172	6	37	6	P50	4	0.027769	0.027769	-0.013342	-0.013342
172	6	37	6	P75	11	0.035741	0.035741	0.035645	0.035645
172	6	37	6	P90	53	-0.012563	-0.012563	0.012241	0.012241
172	6	37	6	P95	55	-0.006104	-0.006104	0.011394	0.011394
172	6	37	6	P99	56	0.019609	0.019609	0.015147	0.015147
172	6	37	6	P999	56	0.019609	0.019609	0.015147	0.015147
172	7	39	7	P1	1	-0.003050	-0.003050	0.003348	0.003348
172	7	39	7	P50	4	0.018853	0.018853	-0.021878	-0.021878
172	7	39	7	P75	11	0.035741	0.035741	0.035645	0.035645
172	7	39	7	P90	53	-0.012563	-0.012563	0.012241	0.012241
172	7	39	7	P95	55	-0.006104	-0.006104	0.011394	0.011394
172	7	39	7	P99	56	0.019609	0.019609	0.015147	0.015147
172	7	39	7	P999	56	0.019609	0.019609	0.015147	0.015147
173	1	617	1	P1	1	-0.003600	-0.003600	0.000500	0.000500
173	1	617	1	P50	1	0.018203	0.018203	0.022325	0.022325
173	1	617	1	P75	1	0.029504	0.029504	0.033637	0.033637
173	1	617	1	P90	1	0.036390	0.036390	0.040529	0.040529
173	1	617	1	P95	1	0.038695	0.038695	0.042837	0.042837
173	1	617	1	P99	2	0.044542	0.044542	0.001975	0.001975
173	1	617	1	P999	4	0.004116	0.004116	0.003953	0.003953
173	2	620	2	P1	1	-0.017592	-0.017592	0.000500	0.000500
173	2	620	2	P50	1	0.003995	0.003923	0.022471	0.022398
173	2	620	2	P75	1	0.015183	0.015111	0.033859	0.033785
173	2	620	2	P90	1	0.021956	0.021883	0.040752	0.040678
173	2	620	2	P95	1	0.024224	0.024151	0.043060	0.042986
173	2	620	2	P99	4	-0.038773	-0.038773	-0.021878	-0.021878
173	2	620	2	P999	12	0.018347	0.018347	0.035520	0.035520
173	3	625	3	P1	1	-0.013731	-0.013731	0.000500	0.000500
173	3	625	3	P50	1	0.008100	0.008100	0.022618	0.022618
173	3	625	3	P75	1	0.019415	0.019415	0.034081	0.034081
173	3	625	3	P90	1	0.026294	0.026294	0.041050	0.041050
173	3	625	3	P95	1	0.028573	0.028573	0.043358	0.043358
173	3	625	3	P99	11	0.024122	0.024122	0.035645	0.035645
173	3	625	3	P999	58	0.014430	0.014430	0.023663	0.023663
173	4	629	4	P1	1	-0.013734	-0.013734	0.000497	0.000497
173	4	629	4	P50	1	0.008096	0.008096	0.022613	0.022613
173	4	629	4	P75	1	0.019409	0.019409	0.034074	0.034074
173	4	629	4	P90	1	0.026316	0.026316	0.041072	0.041072
173	4	629	4	P95	1	0.028580	0.028580	0.043365	0.043365
173	4	629	4	P99	11	0.024122	0.024122	0.035645	0.035645
173	4	629	4	P999	58	0.014430	0.014430	0.023663	0.023663
173	5	635	5	P1	1	-0.013734	-0.013734	0.000497	0.000497
173	5	635	5	P50	1	0.008311	0.008311	0.022831	0.022831
173	5	635	5	P75	1	0.019771	0.019771	0.034441	0.034441
173	5	635	5	P90	1	0.026681	0.026681	0.041441	0.041441
173	5	635	5	P95	1	0.029019	0.029019	0.043810	0.043810
173	5	635	5	P99	11	0.024122	0.024122	0.035645	0.035645
173	5	635	5	P999	58	0.014430	0.014430	0.023663	0.023663
173	6	640	6	P1	1	-0.013738	-0.013738	0.000493	0.000493
173	6	640	6	P50	1	0.008340	0.008268	0.022860	0.022788
173	6	640	6	P75	1	0.019779	0.019707	0.034449	0.034376
173	6	640	6	P90	1	0.026704	0.026632	0.041465	0.041392
173	6	640	6	P95	1	0.029023	0.028951	0.043814	0.043741
173	6	640	6	P99	11	0.024122	0.024122	0.035645	0.035645
173	6	640	6	P999	58	0.014430	0.014430	0.023663	0.023663
173	7	642	7	P1	1	-0.013738	-0.013738	0.000493	0.000493
173	7	642	7	P50	1	0.008411	0.008340	0.022932	0.022860
173	7	642	7	P75	1	0.019851	0.019851	0.034522	0.034522
173	7	642	7	P90	1	0.026777	0.026777	0.041538	0.041538
173	7	642	7	P95	1	0.029096	0.029096	0.043888	0.043888
173	7	642	7	P99	53	-0.015036	-0.015036	-0.005918	-0.005918
173	7	642	7	P999	58	0.014430	0.014430	0.023663	0.023663
174	1	8	1	P1	1	0.005722	0.005722	0.021960	0.021960
174	1	8	1	P50	3	0.016168	0.001544	0.031442	0.016613
174	1	8	1	P75	4	0.018445	0.003788	-0.010481	-0.024707
174	1	8	1	P90	4	0.033316	0.033316	0.003953	0.003953
174	1	8	1	P95	4	0.033316	0.033316	0.003953	0.003953
174	1	8	1	P99	4	0.033316	0.033316	0.003953	0.003953
174	1	8	1	P999	4	0.033316	0.033316	0.003953	0.003953
174	2	321	2	P1	1	-0.015365	-0.015365	0.000554	0.000554
174	2	321	2	P50	1	0.006279	0.006279	0.022526	0.022526
174	2	321	2	P75	1	0.017490	0.017490	0.033907	0.033907
174	2	321	2	P90	1	0.024277	0.024277	0.040796	0.040796
174	2	321	2	P95	1	0.026549	0.026549	0.043103	0.043103
174	2	321	2	P99	3	0.016168	0.016168	0.031442	0.031442
174	2	321	2	P999	4	0.033316	0.033316	0.003953	0.003953
174	3	327	3	P1	1	-0.003547	-0.003547	0.000554	0.000554
174	3	327	3	P50	1	0.018828	0.018828	0.022950	0.022950
174	3	327	3	P75	1	0.030489	0.030489	0.034622	0.034622
174	3	327	3	P90	1	0.037520	0.037520	0.041661	0.041661
174	3	327	3	P95	1	0.039827	0.039827	0.043969	0.043969
174	3	327	3	P99	4	0.004116	0.004116	-0.014566	-0.014566
174	3	327	3	P999	4	0.048842	0.048842	0.003953	0.003953
174	4	333	4	P1	1	-0.003547	-0.003547	0.000554	0.000554
174	4	333	4	P50	1	0.019252	0.019252	0.023375	0.023375
174	4	333	4	P75	1	0.031061	0.031061	0.035195	0.035195
174	4	333	4	P90	1	0.038241	0.038241	0.042381	0.042381
174	4	333	4	P95	3	-0.027403	-0.027403	0.001996	0.001996
174	4	333	4	P99	4	0.004116	0.004116	-0.006892	-0.006892
174	4	333	4	P999	4	0.048842	0.048842	0.003953	0.003953
174	5	339	5	P1	1	-0.003555	-0.003555	0.000545	0.000545
174	5	339	5	P50	1	0.019300	0.019300	0.023423	0.023423
174	5	339	5	P75	1	0.031204	0.031204	0.035339	0.035339
174	5	339	5	P90	1	0.038414	0.038414	0.042555	0.042555
174	5	339	5	P95	3	-0.027403	-0.027403	0.001996	0.001996
174	5	339	5	P99	4	0.004116	0.004116	-0.006892	-0.006892
174	5	339	5	P999	4	0.048842	0.048842	0.003953	0.003953
174	6	341	6	P1	1	-0.012995	-0.012995	0.000545	0.000545
174	6	341	6	P50	1	0.009743	0.009743	0.023562	0.023562
174	6	341	6	P75	1	0.021517	0.021517	0.035480	0.035480
174	6	341	6	P90	1	0.028647	0.028647	0.042697	0.042697
174	6	341	6	P95	3	-0.024280	-0.024280	0.009278	0.009278
174	6	341	6	P99	4	0.021515	0.021515	0.000325	0.000325
174	6	341	6	P999	54	-0.000026	-0.000026	0.007988	0.007988
174	7	346	7	P1	1	-0.012995	-0.012995	0.000545	0.000545
174	7	346	7	P50	1	0.010156	0.010018	0.023980	0.023841
174	7	346	7	P75	1	0.022074	0.022074	0.036044	0.036044
174	7	346	7	P90	1	0.029348	0.029348	0.043407	0.043407
174	7	346	7	P95	3	0.019107	0.019107	0.031442	0.031442
174	7	346	7	P99	4	0.028949	0.028949	0.001050	0.001050
174	7	346	7	P999	54	-0.000026	-0.000026	0.007988	0.007988
175	1	365	1	P1	1	-0.003614	-0.003614	0.000486	0.000486
175	1	365	1	P50	1	0.018334	0.018334	0.022456	0.022456
175	1	365	1	P75	1	0.029677	0.029677	0.033810	0.033810
175	1	365	1	P90	1	0.036594	0.036594	0.040733	0.040733
175	1	365	1	P95	1	0.038868	0.038868	0.043009	0.043009
175	1	365	1	P99	3	-0.013172	-0.013172	0.031442	0.031442
175	1	365	1	P999	4	0.004116	0.004116	0.003953	0.003953
175	2	370	2	P1	1	-0.003614	-0.003614	0.000486	0.000486
175	2	370	2	P50	1	0.018706	0.018582	0.022829	0.022705
175	2	370	2	P75	1	0.030179	0.030179	0.034312	0.034312
175	2	370	2	P90	1	0.037225	0.037099	0.041365	0.041239
175	2	370	2	P95	1	0.039500	0.039500	0.043642	0.043642
175	2	370	2	P99	4	0.015116	0.015116	-0.014566	-0.014566
175	2	370	2	P999	4	0.048842	0.048842	0.003953	0.003953
175	3	392	3	P1	1	-0.003643	-0.003643	0.000457	0.000457
175	3	392	3	P50	1	0.018656	0.018539	0.022778	0.022661
175	3	392	3	P75	1	0.030169	0.030051	0.034302	0.034184
175	3	392	3	P90	1	0.037044	0.037044	0.041184	0.041184
175	3	392	3	P95	1	0.039425	0.039425	0.043567	0.043567
175	3	392	3	P99	4	0.015116	0.015116	-0.014566	-0.014566
175	3	392	3	P999	4	0.048842	0.048842	0.003953	0.003953
175	4	396	4	P1	1	-0.017607	-0.017607	0.000457	0.000457
175	4	396	4	P50	1	0.004555	0.004440	0.023012	0.022895
175	4	396	4	P75	1	0.015996	0.015880	0.034657	0.034539
175	4	396	4	P90	1	0.022877	0.022877	0.041660	0.041660
175	4	396	4	P95	1	0.025220	0.025220	0.044044	0.044044
175	4	396	4	P99	10	0.027015	0.027015	0.044403	0.044403
175	4	396	4	P999	13	0.025440	0.025440	0.042635	0.042635
175	5	398	5	P1	1	-0.017609	-0.017609	0.000455	0.000455
175	5	398	5	P50	1	0.004549	0.004435	0.023007	0.022890
175	5	398	5	P75	1	0.015931	0.015931	0.034590	0.034590
175	5	398	5	P90	1	0.022891	0.022891	0.041674	0.041674
175	5	398	5	P95	1	0.025222	0.025222	0.044046	0.044046
175	5	398	5	P99	10	0.027015	0.027015	0.044403	0.044403
175	5	398	5	P999	13	0.025440	0.025440	0.042635	0.042635
175	6	402	6	P1	1	-0.010591	-0.010591	0.000569	0.000569
175	6	402	6	P50	1	0.011868	0.011753	0.023239	0.023123
175	6	402	6	P75	1	0.023463	0.023463	0.034943	0.034943
175	6	402	6	P90	1	0.030484	0.030484	0.042030	0.042030
175	6	402	6	P95	1	0.032835	0.032835	0.044403	0.044403
175	6	402	6	P99	13	0.035939	0.035939	0.042635	0.042635
175	6	402	6	P999	58	0.019845	0.019845	0.023663	0.023663
175	7	406	7	P1	1	-0.010596	-0.010596	0.000564	0.000564
175	7	406	7	P50	1	0.011915	0.011801	0.023287	0.023172
175	7	406	7	P75	1	0.023536	0.023536	0.035017	0.035017
175	7	406	7	P90	1	0.030619	0.030619	0.042166	0.042166
175	7	406	7	P95	2	0.006558	0.006558	-0.026629	-0.026629
175	7	406	7	P99	13	0.035939	0.035939	0.042635	0.042635
175	7	406	7	P999	58	0.019845	0.019845	0.023663	0.023663
176	1	41	1	P1	1	-0.002893	-0.002893	0.001208	0.001208
176	1	41	1	P50	1	0.021542	0.021542	0.025667	0.025667
176	1	41	1	P75	1	0.033983	0.033983	0.038120	0.038120
176	1	41	1	P90	3	-0.013172	-0.013172	0.031442	0.031442
176	1	41	1	P95	4	-0.017526	-0.017526	-0.017620	-0.017620
176	1	41	1	P99	4	0.004116	0.004116	0.003953	0.003953
176	1	41	1	P999	4	0.004116	0.004116	0.003953	0.003953
176	2	48	2	P1	1	-0.016870	-0.016870	0.001208	0.001208
176	2	48	2	P50	1	0.012039	0.010818	0.030630	0.029387
176	2	48	2	P75	3	-0.029598	-0.658143	0.031442	-0.651866
176	2	48	2	P90	11	0.018458	0.018458	0.035645	0.035645
176	2	48	2	P95	12	0.003737	0.003737	0.020632	0.020632
176	2	48	2	P99	13	0.025440	0.025440	0.042635	0.042635
176	2	48	2	P999	13	0.025440	0.025440	0.042635	0.042635
176	3	53	3	P1	1	-0.016988	-0.016988	0.001087	0.001087
176	3	53	3	P50	1	0.011184	0.011184	0.029760	0.029760
176	3	53	3	P75	1	0.025572	0.025572	0.044403	0.044403
176	3	53	3	P90	11	0.003806	0.003806	0.020756	0.020756
176	3	53	3	P95	12	0.003737	0.003737	0.020632	0.020632
176	3	53	3	P99	13	0.025440	0.025440	0.042635	0.042635
176	3	53	3	P999	13	0.025440	0.025440	0.042635	0.042635
176	4	63	4	P1	1	-0.005302	-0.005302	0.001087	0.001087
176	4	63	4	P50	1	0.028852	0.028852	0.035367	0.035367
176	4	63	4	P75	11	0.020811	0.020811	0.020756	0.020756
176	4	63	4	P90	54	-0.013814	-0.013814	-0.006504	-0.006504
176	4	63	4	P95	55	-0.006104	-0.006104	0.011394	0.011394
176	4	63	4	P99	59	0.010853	0.010853	0.006313	0.006313
176	4	63	4	P999	59	0.010853	0.010853	0.006313	0.006313
176	5	73	5	P1	1	-0.005483	-0.005483	0.000906	0.000906
176	5	73	5	P50	1	0.027545	0.027545	0.034056	0.034056
176	5	73	5	P75	4	-0.009591	-0.009591	-0.006892	-0.006892
176	5	73	5	P90	54	-0.022369	-0.022369	-0.020788	-0.020788
176	5	73	5	P95	55	-0.006104	-0.006104	0.011394	0.011394
176	5	73	5	P99	59	0.010853	0.010853	0.006313	0.006313
176	5	73	5	P999	59	0.010853	0.010853	0.006313	0.006313
176	6	78	6	P1	1	-0.005483	-0.005483	0.000906	0.000906
176	6	78	6	P50	1	0.030347	0.029412	0.036868	0.035929
176	6	78	6	P75	4	-0.009591	-0.009591	-0.006892	-0.006892
176	6	78	6	P90	54	-0.022369	-0.022369	-0.020788	-0.020788
176	6	78	6	P95	55	-0.006104	-0.006104	0.011394	0.011394
176	6	78	6	P99	59	0.010853	0.010853	0.006313	0.006313
176	6	78	6	P999	59	0.010853	0.010853	0.006313	0.006313
176	7	83	7	P1	1	-0.005552	-0.005552	0.000836	0.000836
176	7	83	7	P50	1	0.029197	0.029197	0.035713	0.035713
176	7	83	7	P75	4	-0.014969	-0.014969	-0.012270	-0.012270
176	7	83	7	P90	52	0.006426	0.006426	0.002254	0.002254
176	7	83	7	P95	55	-0.014726	-0.014726	0.000468	0.000468
176	7	83	7	P99	59	0.010853	0.010853	0.006313	0.006313
176	7	83	7	P999	59	0.010853	0.010853	0.006313	0.006313
177	1	4	1	P1	12	0.008815	0.008815	0.013268	0.013268
177	1	4	1	P50	56	-0.008738	-0.779071	-0.006667	-0.778103
177	1	4	1	P75	56	0.013064	-0.008738	0.015147	-0.006667
177	1	4	1	P90	56	0.013064	0.013064	0.015147	0.015147
177	1	4	1	P95	56	0.013064	0.013064	0.015147	0.015147
177	1	4	1	P99	56	0.013064	0.013064	0.015147	0.015147
177	1	4	1	P999	56	0.013064	0.013064	0.015147	0.015147
177	2	6	2	P1	1	0.030635	0.030635	0.044403	0.044403
177	2	6	2	P50	12	0.027072	0.004957	0.035520	0.013268
177	2	6	2	P75	56	-0.011737	-0.011737	-0.006667	-0.006667
177	2	6	2	P90	56	0.010011	0.010011	0.015147	0.015147
177	2	6	2	P95	56	0.010011	0.010011	0.015147	0.015147
177	2	6	2	P99	56	0.010011	0.010011	0.015147	0.015147
177	2	6	2	P999	56	0.010011	0.010011	0.015147	0.015147
177	3	11	3	P1	1	0.030635	0.030635	0.044403	0.044403
177	3	11	3	P50	4	0.026432	0.026432	-0.006892	-0.006892
177	3	11	3	P75	12	0.027072	0.027072	0.035520	0.035520
177	3	11	3	P90	56	-0.011737	-0.011737	-0.006667	-0.006667
177	3	11	3	P95	56	0.010011	0.010011	0.015147	0.015147
177	3	11	3	P99	56	0.010011	0.010011	0.015147	0.015147
177	3	11	3	P999	56	0.010011	0.010011	0.015147	0.015147
177	4	36	4	P1	1	-0.009498	-0.009498	0.001672	0.001672
177	4	36	4	P50	1	0.020802	0.019095	0.032258	0.030534
177	4	36	4	P75	3	0.022049	-0.309205	0.031442	-0.332017
177	4	36	4	P90	12	0.006561	0.006561	0.013268	0.013268
177	4	36	4	P95	56	-0.010489	-0.010489	-0.006667	-0.006667
177	4	36	4	P99	56	0.011281	0.011281	0.015147	0.015147
177	4	36	4	P999	56	0.011281	0.011281	0.015147	0.015147
177	5	44	5	P1	1	-0.009498	-0.009498	0.001672	0.001672
177	5	44	5	P50	1	0.027661	0.025942	0.039180	0.037445
177	5	44	5	P75	11	-0.000752	-0.057091	0.006080	-0.050543
177	5	44	5	P90	12	0.028706	0.028706	0.035520	0.035520
177	5	44	5	P95	14	0.049433	0.049433	0.011149	0.011149
177	5	44	5	P99	56	0.011281	0.011281	0.015147	0.015147
177	5	44	5	P999	56	0.011281	0.011281	0.015147	0.015147
177	6	68	6	P1	1	-0.010104	-0.010104	0.001060	0.001060
177	6	68	6	P50	1	0.026277	0.025188	0.037784	0.036684
177	6	68	6	P75	3	0.022049	-0.309205	0.031442	-0.332017
177	6	68	6	P90	12	0.006561	0.006561	0.013268	0.013268
177	6	68	6	P95	14	0.026841	0.026841	-0.010578	-0.010578
177	6	68	6	P99	56	0.011281	0.011281	0.015147	0.015147
177	6	68	6	P999	56	0.011281	0.011281	0.015147	0.015147
177	7	76	7	P1	1	-0.010104	-0.010104	0.001060	0.001060
177	7	76	7	P50	1	0.030644	0.029551	0.042192	0.041088
177	7	76	7	P75	11	-0.000752	-0.057091	0.006080	-0.050543
177	7	76	7	P90	53	0.000991	0.000991	0.004938	0.004938
177	7	76	7	P95	56	0.011281	0.011281	0.015147	0.015147
177	7	76	7	P99	63	0.024299	0.024299	0.027969	0.027969
177	7	76	7	P999	63	0.024299	0.024299	0.027969	0.027969
178	1	13	1	P1	1	0.003160	0.003160	0.007267	0.007267
178	1	13	1	P50	2	0.022028	0.022028	-0.019556	-0.019556
178	1	13	1	P75	4	-0.028171	-0.028171	-0.028232	-0.028232
178	1	13	1	P90	4	-0.006764	-0.006764	-0.006892	-0.006892
178	1	13	1	P95	4	0.004116	0.004116	0.003953	0.003953
178	1	13	1	P99	4	0.004116	0.004116	0.003953	0.003953
178	1	13	1	P999	4	0.004116	0.004116	0.003953	0.003953
178	2	27	2	P1	1	-0.001813	-0.001813	0.002289	0.002289
178	2	27	2	P50	1	0.028398	0.028398	0.032530	0.032530
178	2	27	2	P75	2	0.029478	0.029478	-0.012431	-0.012431
178	2	27	2	P90	4	-0.017526	-0.017526	-0.017620	-0.017620
178	2	27	2	P95	4	-0.006764	-0.006764	-0.006892	-0.006892
178	2	27	2	P99	4	0.004116	0.004116	0.003953	0.003953
178	2	27	2	P999	4	0.004116	0.004116	0.003953	0.003953
178	3	31	3	P1	1	-0.015807	-0.015807	0.002289	0.002289
178	3	31	3	P50	1	0.018557	0.018557	0.037263	0.037263
178	3	31	3	P75	4	-0.044987	-0.044987	-0.028232	-0.028232
178	3	31	3	P90	12	-0.014280	-0.014280	0.002322	0.002322
178	3	31	3	P95	12	0.007380	0.007380	0.024334	0.024334
178	3	31	3	P99	12	0.018388	0.018388	0.035520	0.035520
178	3	31	3	P999	12	0.018388	0.018388	0.035520	0.035520
178	4	34	4	P1	1	-0.016021	-0.016021	0.002071	0.002071
178	4	34	4	P50	1	0.019223	0.017115	0.037941	0.035796
178	4	34	4	P75	3	-0.029598	-0.029598	0.031442	0.031442
178	4	34	4	P90	12	-0.014280	-0.014280	0.002322	0.002322
178	4	34	4	P95	12	0.007380	0.007380	0.024334	0.024334
178	4	34	4	P99	12	0.018388	0.018388	0.035520	0.035520
178	4	34	4	P999	12	0.018388	0.018388	0.035520	0.035520
178	5	38	5	P1	1	-0.009103	-0.009103	0.002071	0.002071
178	5	38	5	P50	1	0.030696	0.028562	0.042244	0.040090
178	5	38	5	P75	4	-0.015485	-0.015485	-0.006892	-0.006892
178	5	38	5	P90	53	0.000991	0.000991	0.004938	0.004938
178	5	38	5	P95	56	0.011281	0.011281	0.015147	0.015147
178	5	38	5	P99	62	-0.003510	-0.003510	0.000141	0.000141
178	5	38	5	P999	62	-0.003510	-0.003510	0.000141	0.000141
178	6	42	6	P1	1	-0.009432	-0.009432	0.001739	0.001739
178	6	42	6	P50	1	0.027454	0.025667	0.038972	0.037168
178	6	42	6	P75	4	-0.026140	-0.026140	-0.017620	-0.017620
178	6	42	6	P90	12	0.028706	0.028706	0.035520	0.035520
178	6	42	6	P95	53	0.023013	0.023013	0.027006	0.027006
178	6	42	6	P99	62	-0.003510	-0.003510	0.000141	0.000141
178	6	42	6	P999	62	-0.003510	-0.003510	0.000141	0.000141
178	7	47	7	P1	1	-0.009432	-0.009432	0.001739	0.001739
178	7	47	7	P50	1	0.031038	0.031038	0.042589	0.042589
178	7	47	7	P75	4	0.006175	0.006175	-0.012270	-0.012270
178	7	47	7	P90	12	0.028706	0.028706	0.035520	0.035520
178	7	47	7	P95	53	0.023013	0.023013	0.027006	0.027006
178	7	47	7	P99	62	-0.003510	-0.003510	0.000141	0.000141
178	7	47	7	P999	62	-0.003510	-0.003510	0.000141	0.000141
179	1	23	1	P1	1	-0.015807	-0.015807	0.002289	0.002289
179	1	23	1	P50	1	0.009277	0.009277	0.027819	0.027819
179	1	23	1	P75	1	0.023228	0.023228	0.042017	0.042017
179	1	23	1	P90	12	-0.003509	-0.003509	0.013268	0.013268
179	1	23	1	P95	12	0.018388	0.018388	0.035520	0.035520
179	1	23	1	P99	14	0.038686	0.038686	0.011149	0.011149
179	1	23	1	P999	14	0.038686	0.038686	0.011149	0.011149
179	2	25	2	P1	1	-0.016021	-0.016021	0.002071	0.002071
179	2	25	2	P50	1	0.008728	0.008728	0.027259	0.027259
179	2	25	2	P75	1	0.021335	0.021335	0.040090	0.040090
179	2	25	2	P90	12	-0.003509	-0.003509	0.013268	0.013268
179	2	25	2	P95	12	0.018388	0.018388	0.035520	0.035520
179	2	25	2	P99	14	0.038686	0.038686	0.011149	0.011149
179	2	25	2	P999	14	0.038686	0.038686	0.011149	0.011149
179	3	28	3	P1	1	-0.004322	-0.004322	0.002071	0.002071
179	3	28	3	P50	1	0.025017	0.022893	0.031519	0.029387
179	3	28	3	P75	2	0.041837	-0.481073	0.001975	-0.477799
179	3	28	3	P90	52	0.006426	0.006426	0.002254	0.002254
179	3	28	3	P95	57	-0.019861	-0.019861	0.019239	0.019239
179	3	28	3	P99	57	0.001721	0.001721	0.041622	0.041622
179	3	28	3	P999	57	0.001721	0.001721	0.041622	0.041622
179	4	31	4	P1	1	-0.004501	-0.004501	0.001891	0.001891
179	4	31	4	P50	1	0.024186	0.024186	0.030684	0.030684
179	4	31	4	P75	2	0.019390	0.019390	-0.019556	-0.019556
179	4	31	4	P90	14	0.056881	0.056881	0.011149	0.011149
179	4	31	4	P95	57	-0.019861	-0.019861	0.019239	0.019239
179	4	31	4	P99	57	0.001721	0.001721	0.041622	0.041622
179	4	31	4	P999	57	0.001721	0.001721	0.041622	0.041622
179	5	36	5	P1	1	-0.004501	-0.004501	0.001891	0.001891
179	5	36	5	P50	1	0.030022	0.028073	0.036541	0.034585
179	5	36	5	P75	4	-0.020318	-0.030929	-0.017620	-0.028232
179	5	36	5	P90	14	0.056881	0.056881	0.011149	0.011149
179	5	36	5	P95	57	-0.019861	-0.019861	0.019239	0.019239
179	5	36	5	P99	57	0.001721	0.001721	0.041622	0.041622
179	5	36	5	P999	57	0.001721	0.001721	0.041622	0.041622
179	6	54	6	P1	1	-0.005302	-0.005302	0.001087	0.001087
179	6	54	6	P50	1	0.024380	0.023265	0.030879	0.029760
179	6	54	6	P75	2	0.012016	0.012016	-0.026629	-0.026629
179	6	54	6	P90	12	0.013539	0.013539	0.013268	0.013268
179	6	54	6	P95	52	0.006426	0.006426	0.002254	0.002254
179	6	54	6	P99	57	0.001721	0.001721	0.041622	0.041622
179	6	54	6	P999	57	0.001721	0.001721	0.041622	0.041622
179	7	58	7	P1	1	-0.005302	-0.005302	0.001087	0.001087
179	7	58	7	P50	1	0.026613	0.025496	0.033120	0.031999
179	7	58	7	P75	3	-0.015865	-0.015865	0.031442	0.031442
179	7	58	7	P90	12	0.035856	0.035856	0.035520	0.035520
179	7	58	7	P95	52	0.006426	0.006426	0.002254	0.002254
179	7	58	7	P99	57	0.001721	0.001721	0.041622	0.041622
179	7	58	7	P999	57	0.001721	0.001721	0.041622	0.041622
180	1	9	1	P1	1	0.006208	0.006208	0.021960	0.021960
180	1	9	1	P50	2	0.031526	0.031526	0.001975	0.001975
180	1	9	1	P75	58	-0.007327	-0.007327	0.001666	0.001666
180	1	9	1	P90	61	0.007515	0.007515	0.016537	0.016537
180	1	9	1	P95	61	0.007515	0.007515	0.016537	0.016537
180	1	9	1	P99	61	0.007515	0.007515	0.016537	0.016537
180	1	9	1	P999	61	0.007515	0.007515	0.016537	0.016537
180	2	13	2	P1	1	-0.004912	-0.004912	0.008727	0.008727
180	2	13	2	P50	2	0.011143	0.011143	-0.019556	-0.019556
180	2	13	2	P75	51	0.013719	0.013719	0.021906	0.021906
180	2	13	2	P90	58	0.015649	0.015649	0.023663	0.023663
180	2	13	2	P95	61	0.008640	0.008640	0.016537	0.016537
180	2	13	2	P99	61	0.008640	0.008640	0.016537	0.016537
180	2	13	2	P999	61	0.008640	0.008640	0.016537	0.016537
180	3	18	3	P1	1	-0.004912	-0.004912	0.008727	0.008727
180	3	18	3	P50	3	0.019107	-0.311080	0.031442	-0.332017
180	3	18	3	P75	4	0.036437	0.036437	0.003953	0.003953
180	3	18	3	P90	58	0.015649	0.015649	0.023663	0.023663
180	3	18	3	P95	61	0.008640	0.008640	0.016537	0.016537
180	3	18	3	P99	61	0.008640	0.008640	0.016537	0.016537
180	3	18	3	P999	61	0.008640	0.008640	0.016537	0.016537
180	4	64	4	P1	1	-0.012691	-0.012691	0.000852	0.000852
180	4	64	4	P50	1	0.014631	0.013766	0.028510	0.027635
180	4	64	4	P75	1	0.028575	0.027698	0.042625	0.041737
180	4	64	4	P90	4	0.014135	0.014135	-0.017620	-0.017620
180	4	64	4	P95	51	0.013719	0.013719	0.021906	0.021906
180	4	64	4	P99	61	0.008640	0.008640	0.016537	0.016537
180	4	64	4	P999	61	0.008640	0.008640	0.016537	0.016537
180	5	71	5	P1	1	-0.012691	-0.012691	0.000852	0.000852
180	5	71	5	P50	1	0.017231	0.017231	0.031142	0.031142
180	5	71	5	P75	2	0.022201	0.022201	-0.008849	-0.008849
180	5	71	5	P90	12	0.025146	0.025146	0.035520	0.035520
180	5	71	5	P95	51	0.013719	0.013719	0.021906	0.021906
180	5	71	5	P99	61	0.008640	0.008640	0.016537	0.016537
180	5	71	5	P999	61	0.008640	0.008640	0.016537	0.016537
180	6	88	6	P1	1	-0.012829	-0.012829	0.000712	0.000712
180	6	88	6	P50	1	0.018641	0.017914	0.032569	0.031834
180	6	88	6	P75	2	0.013145	0.009146	-0.017618	-0.021490
180	6	88	6	P90	12	0.010387	0.010387	0.020632	0.020632
180	6	88	6	P95	14	0.045725	0.045725	0.011149	0.011149
180	6	88	6	P99	61	0.008640	0.008640	0.016537	0.016537
180	6	88	6	P999	61	0.008640	0.008640	0.016537	0.016537
180	7	95	7	P1	1	-0.010449	-0.010449	0.000712	0.000712
180	7	95	7	P50	1	0.023299	0.023299	0.034777	0.034777
180	7	95	7	P75	2	0.036193	0.036193	0.001975	0.001975
180	7	95	7	P90	55	-0.003402	-0.003402	0.004097	0.004097
180	7	95	7	P95	58	-0.002109	-0.002109	0.006027	0.006027
180	7	95	7	P99	61	0.012826	0.012826	0.016537	0.016537
180	7	95	7	P999	61	0.012826	0.012826	0.016537	0.016537
181	1	12	1	P1	1	0.006810	0.006810	0.010920	0.010920
181	1	12	1	P50	2	0.044542	0.029478	0.001975	-0.012431
181	1	12	1	P75	4	-0.024636	-0.259879	-0.024707	-0.226419
181	1	12	1	P90	4	-0.010364	-0.010364	-0.010481	-0.010481
181	1	12	1	P95	4	0.004116	0.004116	0.003953	0.003953
181	1	12	1	P99	4	0.004116	0.004116	0.003953	0.003953
181	1	12	1	P999	4	0.004116	0.004116	0.003953	0.003953
181	2	25	2	P1	1	-0.001543	-0.001543	0.002559	0.002559
181	2	25	2	P50	1	0.029648	0.029648	0.033781	0.033781
181	2	25	2	P75	2	0.029478	0.029478	-0.012431	-0.012431
181	2	25	2	P90	4	-0.024636	-0.024636	-0.024707	-0.024707
181	2	25	2	P95	4	-0.010364	-0.010364	-0.010481	-0.010481
181	2	25	2	P99	4	0.004116	0.004116	0.003953	0.003953
181	2	25	2	P999	4	0.004116	0.004116	0.003953	0.003953
181	3	27	3	P1	1	-0.001685	-0.001685	0.002417	0.002417
181	3	27	3	P50	1	0.030234	0.030234	0.034368	0.034368
181	3	27	3	P75	2	0.033224	0.033224	-0.008849	-0.008849
181	3	27	3	P90	4	-0.024636	-0.024636	-0.024707	-0.024707
181	3	27	3	P95	4	-0.010364	-0.010364	-0.010481	-0.010481
181	3	27	3	P99	4	0.004116	0.004116	0.003953	0.003953
181	3	27	3	P999	4	0.004116	0.004116	0.003953	0.003953
181	4	32	4	P1	1	-0.001685	-0.001685	0.002417	0.002417
181	4	32	4	P50	1	0.037744	0.035235	0.041885	0.039373
181	4	32	4	P75	3	-0.013172	-0.027403	0.031442	0.016613
181	4	32	4	P90	4	-0.014463	-0.014463	-0.014566	-0.014566
181	4	32	4	P95	4	-0.002115	-0.002115	-0.002258	-0.002258
181	4	32	4	P99	4	0.004116	0.004116	0.003953	0.003953
181	4	32	4	P999	4	0.004116	0.004116	0.003953	0.003953
181	5	37	5	P1	1	-0.001685	-0.001685	0.002417	0.002417
181	5	37	5	P50	2	0.010954	0.010954	-0.030147	-0.030147
181	5	37	5	P75	3	0.030784	0.030784	0.031442	0.031442
181	5	37	5	P90	4	-0.002115	-0.002115	-0.010481	-0.010481
181	5	37	5	P95	4	0.026235	0.026235	-0.000881	-0.000881
181	5	37	5	P99	4	0.048842	0.048842	0.003953	0.003953
181	5	37	5	P999	4	0.048842	0.048842	0.003953	0.003953
181	6	42	6	P1	1	-0.001685	-0.001685	0.002417	0.002417
181	6	42	6	P50	2	0.044542	0.033224	0.001975	-0.008849
181	6	42	6	P75	4	-0.026658	-0.026658	-0.031106	-0.031106
181	6	42	6	P90	4	0.015116	0.015116	-0.007872	-0.007872
181	6	42	6	P95	4	0.037477	0.037477	-0.000004	-0.000004
181	6	42	6	P99	5	0.043348	0.043348	0.042344	0.042344
181	6	42	6	P999	5	0.043348	0.043348	0.042344	0.042344
181	7	47	7	P1	1	-0.001685	-0.001685	0.002417	0.002417
181	7	47	7	P50	3	-0.027403	-0.027403	-0.001625	-0.001625
181	7	47	7	P75	4	-0.017526	-0.017526	-0.022940	-0.022940
181	7	47	7	P90	4	0.015116	0.015116	-0.004191	-0.004191
181	7	47	7	P95	4	0.037477	0.037477	0.001231	0.001231
181	7	47	7	P99	5	0.043348	0.043348	0.042344	0.042344
181	7	47	7	P999	5	0.043348	0.043348	0.042344	0.042344
182	1	9	1	P1	1	0.006810	0.006810	0.010920	0.010920
182	1	9	1	P50	3	-0.013172	-0.013172	0.031442	0.031442
182	1	9	1	P75	4	-0.017526	-0.017526	-0.017620	-0.017620
182	1	9	1	P90	4	0.004116	0.004116	0.003953	0.003953
182	1	9	1	P95	4	0.004116	0.004116	0.003953	0.003953
182	1	9	1	P99	4	0.004116	0.004116	0.003953	0.003953
182	1	9	1	P999	4	0.004116	0.004116	0.003953	0.003953
182	2	27	2	P1	1	-0.002125	-0.002125	0.001977	0.001977
182	2	27	2	P50	1	0.023905	0.023905	0.028033	0.028033
182	2	27	2	P75	1	0.038201	0.038201	0.042342	0.042342
182	2	27	2	P90	4	-0.017526	-0.017526	-0.017620	-0.017620
182	2	27	2	P95	4	-0.006764	-0.006764	-0.006892	-0.006892
182	2	27	2	P99	4	0.004116	0.004116	0.003953	0.003953
182	2	27	2	P999	4	0.004116	0.004116	0.003953	0.003953
182	3	31	3	P1	1	-0.016142	-0.016142	0.001977	0.001977
182	3	31	3	P50	1	0.013456	0.013456	0.032101	0.032101
182	3	31	3	P75	4	-0.045020	-0.045020	-0.028232	-0.028232
182	3	31	3	P90	11	-0.003480	-0.003480	0.013391	0.013391
182	3	31	3	P95	13	0.025398	0.025398	0.042635	0.042635
182	3	31	3	P99	14	0.038643	0.038643	0.011149	0.011149
182	3	31	3	P999	14	0.038643	0.038643	0.011149	0.011149
182	4	40	4	P1	1	-0.016501	-0.016501	0.001610	0.001610
182	4	40	4	P50	1	0.015684	0.014050	0.034368	0.032705
182	4	40	4	P75	2	0.028001	0.016889	0.001975	-0.008849
182	4	40	4	P90	11	-0.003480	-0.641226	0.013391	-0.634926
182	4	40	4	P95	13	0.025398	-0.138263	0.042635	-0.123685
182	4	40	4	P99	14	0.038643	0.038643	0.011149	0.011149
182	4	40	4	P999	14	0.038643	0.038643	0.011149	0.011149
182	5	44	5	P1	1	-0.016138	-0.016138	0.001610	0.001610
182	5	44	5	P50	1	0.019338	0.017698	0.037702	0.036034
182	5	44	5	P75	4	-0.034143	-0.044584	-0.017620	-0.028232
182	5	44	5	P90	14	0.039207	0.039207	0.011149	0.011149
182	5	44	5	P95	56	-0.000139	-0.000139	0.015147	0.015147
182	5	44	5	P99	60	0.017976	0.017976	0.033479	0.033479
182	5	44	5	P999	60	0.017976	0.017976	0.033479	0.033479
182	6	48	6	P1	1	-0.016342	-0.016342	0.001402	0.001402
182	6	48	6	P50	1	0.017328	0.015903	0.035657	0.034207
182	6	48	6	P75	4	-0.044584	-0.271903	-0.028232	-0.226419
182	6	48	6	P90	14	0.039207	0.039207	0.011149	0.011149
182	6	48	6	P95	56	-0.000139	-0.000139	0.015147	0.015147
182	6	48	6	P99	60	0.017976	0.017976	0.033479	0.033479
182	6	48	6	P999	60	0.017976	0.017976	0.033479	0.033479
182	7	53	7	P1	1	-0.016342	-0.016342	0.001402	0.001402
182	7	53	7	P50	1	0.020186	0.020186	0.038564	0.038564
182	7	53	7	P75	4	-0.034143	-0.034143	-0.026723	-0.026723
182	7	53	7	P90	13	0.025949	0.025949	0.042635	0.042635
182	7	53	7	P95	56	-0.000139	-0.000139	0.015147	0.015147
182	7	53	7	P99	60	0.017976	0.017976	0.033479	0.033479
182	7	53	7	P999	60	0.017976	0.017976	0.033479	0.033479
183	1	19	1	P1	1	-0.015206	-0.015206	0.002901	0.002901
183	1	19	1	P50	1	0.010818	0.010818	0.029387	0.029387
183	1	19	1	P75	1	0.025572	0.025572	0.044403	0.044403
183	1	19	1	P90	12	0.007380	0.007380	0.024334	0.024334
183	1	19	1	P95	12	0.018388	0.018388	0.035520	0.035520
183	1	19	1	P99	12	0.018388	0.018388	0.035520	0.035520
183	1	19	1	P999	12	0.018388	0.018388	0.035520	0.035520
183	2	22	2	P1	1	-0.015542	-0.015542	0.002559	0.002559
183	2	22	2	P50	1	0.012543	0.009957	0.031142	0.028510
183	2	22	2	P75	1	0.025572	0.025572	0.044403	0.044403
183	2	22	2	P90	12	-0.003509	-0.003509	0.013268	0.013268
183	2	22	2	P95	12	0.007380	0.007380	0.024334	0.024334
183	2	22	2	P99	12	0.018388	0.018388	0.035520	0.035520
183	2	22	2	P999	12	0.018388	0.018388	0.035520	0.035520
183	3	26	3	P1	1	-0.005984	-0.005984	0.002559	0.002559
183	3	26	3	P50	1	0.027673	0.025044	0.036426	0.033781
183	3	26	3	P75	12	0.010403	0.010403	0.013268	0.013268
183	3	26	3	P90	55	-0.009738	-0.009738	0.004097	0.004097
183	3	26	3	P95	56	-0.006013	-0.006013	0.000552	0.000552
183	3	26	3	P99	56	0.015865	0.015865	0.015147	0.015147
183	3	26	3	P999	56	0.015865	0.015865	0.015147	0.015147
183	4	30	4	P1	1	-0.006252	-0.006252	0.002289	0.002289
183	4	30	4	P50	1	0.028504	0.026150	0.037263	0.034894
183	4	30	4	P75	12	-0.000537	-0.000537	0.002322	0.002322
183	4	30	4	P90	55	-0.009738	-0.031065	0.004097	-0.010339
183	4	30	4	P95	56	-0.006013	-0.006013	0.000552	0.000552
183	4	30	4	P99	56	0.015865	0.015865	0.015147	0.015147
183	4	30	4	P999	56	0.015865	0.015865	0.015147	0.015147
183	5	35	5	P1	1	-0.006252	-0.006252	0.002289	0.002289
183	5	35	5	P50	1	0.033229	0.033229	0.042017	0.042017
183	5	35	5	P75	5	0.037378	0.037378	0.042344	0.042344
183	5	35	5	P90	54	-0.013122	-0.013122	0.007988	0.007988
183	5	35	5	P95	56	-0.006013	-0.006013	0.000552	0.000552
183	5	35	5	P99	56	0.015865	0.015865	0.015147	0.015147
183	5	35	5	P999	56	0.015865	0.015865	0.015147	0.015147
183	6	47	6	P1	1	-0.007133	-0.007133	0.001402	0.001402
183	6	47	6	P50	1	0.025467	0.025467	0.034207	0.034207
183	6	47	6	P75	3	0.025301	0.025301	0.031442	0.031442
183	6	47	6	P90	12	0.032643	0.032643	0.035520	0.035520
183	6	47	6	P95	55	-0.009738	-0.009738	0.004097	0.004097
183	6	47	6	P99	56	0.015865	0.015865	0.015147	0.015147
183	6	47	6	P999	56	0.015865	0.015865	0.015147	0.015147
183	7	50	7	P1	1	-0.007218	-0.007218	0.001317	0.001317
183	7	50	7	P50	1	0.026078	0.024725	0.034822	0.033461
183	7	50	7	P75	3	0.003219	0.003219	0.009278	0.009278
183	7	50	7	P90	12	0.032643	0.021463	0.035520	0.024334
183	7	50	7	P95	55	-0.009738	-0.009738	0.004097	0.004097
183	7	50	7	P99	56	0.015865	0.015865	0.015147	0.015147
183	7	50	7	P999	56	0.015865	0.015865	0.015147	0.015147
184	1	6	1	P1	1	-0.003383	-0.003383	0.014587	0.014587
184	1	6	1	P50	52	0.030965	-0.980271	0.002254	-0.979915
184	1	6	1	P75	55	0.018041	0.018041	0.033604	0.033604
184	1	6	1	P90	60	0.017976	0.017976	0.033479	0.033479
184	1	6	1	P95	60	0.017976	0.017976	0.033479	0.033479
184	1	6	1	P99	60	0.017976	0.017976	0.033479	0.033479
184	1	6	1	P999	60	0.017976	0.017976	0.033479	0.033479
184	2	11	2	P1	1	-0.003383	-0.003383	0.014587	0.014587
184	2	11	2	P50	4	0.001490	0.001490	-0.024707	-0.024707
184	2	11	2	P75	52	0.030965	0.030965	0.002254	0.002254
184	2	11	2	P90	55	0.018041	0.018041	0.033604	0.033604
184	2	11	2	P95	60	0.017976	0.017976	0.033479	0.033479
184	2	11	2	P99	60	0.017976	0.017976	0.033479	0.033479
184	2	11	2	P999	60	0.017976	0.017976	0.033479	0.033479
184	3	33	3	P1	1	-0.016011	-0.016011	0.001739	0.001739
184	3	33	3	P50	1	0.011751	0.011751	0.029983	0.029983
184	3	33	3	P75	1	0.025925	0.025925	0.044403	0.044403
184	3	33	3	P90	4	0.030941	0.030941	0.003953	0.003953
184	3	33	3	P95	55	0.018041	0.018041	0.033604	0.033604
184	3	33	3	P99	60	0.017976	0.017976	0.033479	0.033479
184	3	33	3	P999	60	0.017976	0.017976	0.033479	0.033479
184	4	36	4	P1	1	-0.016011	-0.016011	0.001739	0.001739
184	4	36	4	P50	1	0.015276	0.013512	0.033569	0.031775
184	4	36	4	P75	4	0.001490	-0.239552	-0.024707	-0.226419
184	4	36	4	P90	12	0.018888	0.018888	0.035520	0.035520
184	4	36	4	P95	55	0.018041	0.018041	0.033604	0.033604
184	4	36	4	P99	60	0.017976	0.017976	0.033479	0.033479
184	4	36	4	P999	60	0.017976	0.017976	0.033479	0.033479
184	5	39	5	P1	1	-0.016138	-0.016138	0.001610	0.001610
184	5	39	5	P50	1	0.014426	0.014426	0.032705	0.032705
184	5	39	5	P75	3	0.013931	0.013931	0.031442	0.031442
184	5	39	5	P90	12	0.018888	0.018888	0.035520	0.035520
184	5	39	5	P95	55	0.018041	0.018041	0.033604	0.033604
184	5	39	5	P99	60	0.017976	0.017976	0.033479	0.033479
184	5	39	5	P999	60	0.017976	0.017976	0.033479	0.033479
184	6	46	6	P1	1	-0.016138	-0.016138	0.001610	0.001610
184	6	46	6	P50	1	0.020981	0.019338	0.039373	0.037702
184	6	46	6	P75	11	0.018953	0.018953	0.035645	0.035645
184	6	46	6	P90	55	0.000490	0.000490	0.015797	0.015797
184	6	46	6	P95	56	-0.000139	-0.000139	0.015147	0.015147
184	6	46	6	P99	60	0.017976	0.017976	0.033479	0.033479
184	6	46	6	P999	60	0.017976	0.017976	0.033479	0.033479
184	7	53	7	P1	1	-0.016385	-0.016385	0.001359	0.001359
184	7	53	7	P50	1	0.018979	0.018979	0.037337	0.037337
184	7	53	7	P75	4	0.030941	0.030941	0.003953	0.003953
184	7	53	7	P90	55	-0.008171	-0.008171	0.007009	0.007009
184	7	53	7	P95	56	-0.000139	-0.000139	0.015147	0.015147
184	7	53	7	P99	60	0.017976	0.017976	0.033479	0.033479
184	7	53	7	P999	60	0.017976	0.017976	0.033479	0.033479
185	1	25	1	P1	1	-0.001927	-0.001927	0.002175	0.002175
185	1	25	1	P50	1	0.024514	0.024514	0.028642	0.028642
185	1	25	1	P75	1	0.037996	0.037996	0.042136	0.042136
185	1	25	1	P90	3	-0.013172	-0.013172	0.031442	0.031442
185	1	25	1	P95	4	-0.017526	-0.017526	-0.017620	-0.017620
185	1	25	1	P99	4	0.004116	0.004116	0.003953	0.003953
185	1	25	1	P999	4	0.004116	0.004116	0.003953	0.003953
185	2	29	2	P1	1	-0.001452	-0.001452	0.002175	0.002175
185	2	29	2	P50	1	0.029481	0.029481	0.033120	0.033120
185	2	29	2	P75	3	-0.026853	-0.026853	0.016613	0.016613
185	2	29	2	P90	11	-0.033012	-0.033012	0.006080	0.006080
185	2	29	2	P95	11	-0.018861	-0.018861	0.020756	0.020756
185	2	29	2	P99	11	-0.004504	-0.004504	0.035645	0.035645
185	2	29	2	P999	11	-0.004504	-0.004504	0.035645	0.035645
185	3	35	3	P1	1	-0.004218	-0.004218	0.002175	0.002175
185	3	35	3	P50	1	0.033343	0.033343	0.039875	0.039875
185	3	35	3	P75	11	-0.036790	-0.036790	0.006080	0.006080
185	3	35	3	P90	55	-0.006104	-0.006104	0.011394	0.011394
185	3	35	3	P95	57	0.001721	0.001721	0.019239	0.019239
185	3	35	3	P99	58	0.028282	0.028282	0.023663	0.023663
185	3	35	3	P999	58	0.028282	0.028282	0.023663	0.023663
185	4	41	4	P1	1	-0.004580	-0.004580	0.001812	0.001812
185	4	41	4	P50	1	0.032219	0.032219	0.038746	0.038746
185	4	41	4	P75	4	0.001254	0.001254	0.003953	0.003953
185	4	41	4	P90	54	-0.009509	-0.009509	0.007988	0.007988
185	4	41	4	P95	56	-0.002358	-0.002358	0.015147	0.015147
185	4	41	4	P99	58	0.028282	0.028282	0.023663	0.023663
185	4	41	4	P999	58	0.028282	0.028282	0.023663	0.023663
185	5	46	5	P1	1	-0.004580	-0.004580	0.001812	0.001812
185	5	46	5	P50	1	0.037854	0.035972	0.044403	0.042514
185	5	46	5	P75	4	0.001254	0.001254	0.003953	0.003953
185	5	46	5	P90	54	-0.009509	-0.009509	0.007988	0.007988
185	5	46	5	P95	56	-0.002358	-0.002358	0.015147	0.015147
185	5	46	5	P99	58	0.028282	0.028282	0.023663	0.023663
185	5	46	5	P999	58	0.028282	0.028282	0.023663	0.023663
185	6	55	6	P1	1	-0.005073	-0.005073	0.001317	0.001317
185	6	55	6	P50	1	0.031027	0.031027	0.037550	0.037550
185	6	55	6	P75	4	-0.016041	-0.016041	-0.013342	-0.013342
185	6	55	6	P90	52	0.006426	0.006426	0.002254	0.002254
185	6	55	6	P95	56	-0.002358	-0.002358	0.015147	0.015147
185	6	55	6	P99	58	0.028282	0.028282	0.023663	0.023663
185	6	55	6	P999	58	0.028282	0.028282	0.023663	0.023663
185	7	57	7	P1	1	-0.005073	-0.005073	0.001317	0.001317
185	7	57	7	P50	1	0.032389	0.032389	0.038917	0.038917
185	7	57	7	P75	4	-0.007431	-0.007431	-0.004732	-0.004732
185	7	57	7	P90	52	0.006426	0.006426	0.002254	0.002254
185	7	57	7	P95	56	-0.002358	-0.002358	0.015147	0.015147
185	7	57	7	P99	58	0.028282	0.028282	0.023663	0.023663
185	7	57	7	P999	58	0.028282	0.028282	0.023663	0.023663
186	1	4	1	P1	1	0.000987	0.000987	0.021960	0.021960
186	1	4	1	P50	53	0.006616	-0.980699	0.027006	-0.980294
186	1	4	1	P75	57	0.020956	-0.064024	0.041622	-0.045064
186	1	4	1	P90	57	0.020956	0.020956	0.041622	0.041622
186	1	4	1	P95	57	0.020956	0.020956	0.041622	0.041622
186	1	4	1	P99	57	0.020956	0.020956	0.041622	0.041622
186	1	4	1	P999	57	0.020956	0.020956	0.041622	0.041622
186	2	6	2	P1	1	-0.006236	-0.006236	0.014587	0.014587
186	2	6	2	P50	2	0.025115	-0.488514	0.001975	-0.477799
186	2	6	2	P75	53	0.006616	0.006616	0.027006	0.027006
186	2	6	2	P90	57	0.020956	0.020956	0.041622	0.041622
186	2	6	2	P95	57	0.020956	0.020956	0.041622	0.041622
186	2	6	2	P99	57	0.020956	0.020956	0.041622	0.041622
186	2	6	2	P999	57	0.020956	0.020956	0.041622	0.041622
186	3	11	3	P1	1	-0.006236	-0.006236	0.014587	0.014587
186	3	11	3	P50	3	0.010466	0.010466	0.031442	0.031442
186	3	11	3	P75	5	0.021238	0.021238	0.042344	0.042344
186	3	11	3	P90	53	0.006616	0.006616	0.027006	0.027006
186	3	11	3	P95	57	0.020956	0.020956	0.041622	0.041622
186	3	11	3	P99	57	0.020956	0.020956	0.041622	0.041622
186	3	11	3	P999	57	0.020956	0.020956	0.041622	0.041622
186	4	64	4	P1	1	-0.019766	-0.019766	0.000776	0.000776
186	4	64	4	P50	1	0.004878	0.004099	0.025932	0.025136
186	4	64	4	P75	1	0.017432	0.016642	0.038746	0.037941
186	4	64	4	P90	3	-0.011251	-0.011251	0.009278	0.009278
186	4	64	4	P95	4	0.027262	0.027262	0.003953	0.003953
186	4	64	4	P99	57	0.020956	0.020956	0.041622	0.041622
186	4	64	4	P999	57	0.020956	0.020956	0.041622	0.041622
186	5	68	5	P1	1	-0.019766	-0.019766	0.000776	0.000776
186	5	68	5	P50	1	0.006439	0.005658	0.027525	0.026728
186	5	68	5	P75	1	0.019803	0.019012	0.041167	0.040359
186	5	68	5	P90	5	0.021238	0.021238	0.042344	0.042344
186	5	68	5	P95	11	0.014811	0.014811	0.035645	0.035645
186	5	68	5	P99	57	0.020956	0.020956	0.041622	0.041622
186	5	68	5	P999	57	0.020956	0.020956	0.041622	0.041622
186	6	95	6	P1	1	-0.019918	-0.019918	0.000621	0.000621
186	6	95	6	P50	1	0.009098	0.009098	0.030239	0.030239
186	6	95	6	P75	2	-0.012363	-0.012363	-0.034651	-0.034651
186	6	95	6	P90	3	0.010466	0.010466	0.031442	0.031442
186	6	95	6	P95	11	-0.006999	-0.006999	0.013391	0.013391
186	6	95	6	P99	57	0.020956	0.020956	0.041622	0.041622
186	6	95	6	P999	57	0.020956	0.020956	0.041622	0.041622
186	7	99	7	P1	1	-0.019918	-0.019918	0.000621	0.000621
186	7	99	7	P50	1	0.010351	0.010351	0.031519	0.031519
186	7	99	7	P75	2	-0.003124	-0.003124	-0.025622	-0.025622
186	7	99	7	P90	10	0.023377	0.023377	0.044403	0.044403
186	7	99	7	P95	53	-0.015018	-0.015018	0.004938	0.004938
186	7	99	7	P99	68	0.018257	0.018257	0.038838	0.038838
186	7	99	7	P999	68	0.018257	0.018257	0.038838	0.038838
187	1	9	1	P1	1	0.017839	0.017839	0.021960	0.021960
187	1	9	1	P50	4	-0.028171	-0.028171	-0.028232	-0.028232
187	1	9	1	P75	4	-0.006764	-0.006764	-0.006892	-0.006892
187	1	9	1	P90	5	-0.001143	-0.001143	0.042344	0.042344
187	1	9	1	P95	5	-0.001143	-0.001143	0.042344	0.042344
187	1	9	1	P99	5	-0.001143	-0.001143	0.042344	0.042344
187	1	9	1	P999	5	-0.001143	-0.001143	0.042344	0.042344
187	2	27	2	P1	1	-0.001927	-0.001927	0.002175	0.002175
187	2	27	2	P50	1	0.026748	0.026748	0.030879	0.030879
187	2	27	2	P75	2	0.022028	0.022028	-0.019556	-0.019556
187	2	27	2	P90	4	-0.006764	-0.006764	-0.006892	-0.006892
187	2	27	2	P95	4	0.004116	0.004116	0.003953	0.003953
187	2	27	2	P99	5	-0.001143	-0.001143	0.042344	0.042344
187	2	27	2	P999	5	-0.001143	-0.001143	0.042344	0.042344
187	3	158	3	P1	1	-0.003521	-0.003521	0.000579	0.000579
187	3	158	3	P50	1	0.019318	0.019022	0.023441	0.023145
187	3	158	3	P75	1	0.030933	0.030933	0.035067	0.035067
187	3	158	3	P90	1	0.038146	0.038146	0.042287	0.042287
187	3	158	3	P95	2	0.014632	0.014632	-0.026629	-0.026629
187	3	158	3	P99	4	0.004116	0.004116	0.003953	0.003953
187	3	158	3	P999	5	-0.001143	-0.001143	0.042344	0.042344
187	4	169	4	P1	1	-0.017514	-0.017514	0.000579	0.000579
187	4	169	4	P50	1	0.006405	0.006405	0.024924	0.024924
187	4	169	4	P75	1	0.018730	0.018730	0.037468	0.037468
187	4	169	4	P90	2	0.028001	0.028001	0.001975	0.001975
187	4	169	4	P95	11	-0.016392	-0.016392	0.000269	0.000269
187	4	169	4	P99	12	0.018347	0.018347	0.035520	0.035520
187	4	169	4	P999	13	0.025398	0.025398	0.042635	0.042635
187	5	195	5	P1	1	-0.017560	-0.017560	0.000533	0.000533
187	5	195	5	P50	1	0.007918	0.007918	0.026464	0.026464
187	5	195	5	P75	1	0.021176	0.021176	0.039958	0.039958
187	5	195	5	P90	2	0.019656	0.019656	-0.006154	-0.006154
187	5	195	5	P95	10	0.026974	0.026974	0.044403	0.044403
187	5	195	5	P99	12	0.018347	0.018347	0.035520	0.035520
187	5	195	5	P999	13	0.025398	0.025398	0.042635	0.042635
187	6	205	6	P1	1	-0.014587	-0.014587	0.000800	0.000800
187	6	205	6	P50	1	0.012060	0.012060	0.027833	0.027833
187	6	205	6	P75	1	0.025927	0.025927	0.041900	0.041900
187	6	205	6	P90	10	0.008791	0.008791	0.021960	0.021960
187	6	205	6	P95	13	0.029514	0.029514	0.042635	0.042635
187	6	205	6	P99	57	0.015339	0.015339	0.026646	0.026646
187	6	205	6	P999	65	0.029281	0.029281	0.040580	0.040580
187	7	208	7	P1	1	-0.014601	-0.014601	0.000785	0.000785
187	7	208	7	P50	1	0.012088	0.011823	0.027861	0.027592
187	7	208	7	P75	1	0.025971	0.025702	0.041945	0.041673
187	7	208	7	P90	10	0.008791	0.008791	0.021960	0.021960
187	7	208	7	P95	13	0.029514	0.029514	0.042635	0.042635
187	7	208	7	P99	57	0.015339	0.015339	0.026646	0.026646
187	7	208	7	P999	65	0.029281	0.029281	0.040580	0.040580
188	1	45	0	P1	1	-0.020499	-0.020499	0.001011	0.001011
188	1	45	0	P50	1	0.001517	0.001517	0.023510	0.023510
188	1	45	0	P75	1	0.012709	0.012709	0.034949	0.034949
188	1	45	0	P90	1	0.019897	0.019897	0.042294	0.042294
188	1	45	0	P95	1	0.021960	0.021960	0.044403	0.044403
188	1	45	0	P99	2	0.023978	0.023978	0.001975	0.001975
188	1	45	0	P999	2	0.023978	0.023978	0.001975	0.001975
188	2	55	0	P1	1	-0.020654	-0.020654	0.000852	0.000852
188	2	55	0	P50	1	0.002132	0.002132	0.024139	0.024139
188	2	55	0	P75	1	0.014155	0.014155	0.036426	0.036426
188	2	55	0	P90	1	0.021090	0.021090	0.043513	0.043513
188	2	55	0	P95	2	0.001975	0.001975	-0.019556	-0.019556
188	2	55	0	P99	2	0.023978	0.023978	0.001975	0.001975
188	2	55	0	P999	2	0.023978	0.023978	0.001975	0.001975
188	3	61	1	P1	1	-0.019809	-0.019809	0.000852	0.000852
188	3	61	1	P50	1	0.005567	0.005567	0.026760	0.026760
188	3	61	1	P75	1	0.018500	0.018500	0.039964	0.039964
188	3	61	1	P90	2	0.024975	0.024975	0.001975	0.001975
188	3	61	1	P95	4	-0.002219	-0.002219	-0.024707	-0.024707
188	3	61	1	P99	5	0.021079	0.021079	0.042344	0.042344
188	3	61	1	P999	5	0.021079	0.021079	0.042344	0.042344
188	4	64	2	P1	1	-0.019856	-0.019856	0.000805	0.000805
188	4	64	2	P50	1	0.005710	0.004901	0.026905	0.026079
188	4	64	2	P75	1	0.018742	0.017922	0.040210	0.039373
188	4	64	2	P90	2	0.024975	0.024975	0.001975	0.001975
188	4	64	2	P95	4	-0.002219	-0.002219	-0.024707	-0.024707
188	4	64	2	P99	5	0.021079	0.021079	0.042344	0.042344
188	4	64	2	P999	5	0.021079	0.021079	0.042344	0.042344
188	5	100	3	P1	1	-0.019698	-0.020171	0.000966	0.000483
188	5	100	3	P50	1	0.003769	0.003285	0.024924	0.024430
188	5	100	3	P75	1	0.015958	0.015468	0.037368	0.036868
188	5	100	3	P90	2	-0.007889	-0.488576	-0.030147	-0.477799
188	5	100	3	P95	3	0.010320	-0.011393	0.031442	0.009278
188	5	100	3	P99	5	0.021079	-0.178314	0.042344	-0.196837
188	5	100	3	P999	5	0.021079	0.021079	0.042344	0.042344
188	6	102	4	P1	1	-0.017135	-0.017135	0.000966	0.000966
188	6	102	4	P50	1	0.006891	0.006405	0.025419	0.024924
188	6	102	4	P75	1	0.019124	0.019124	0.037869	0.037869
188	6	102	4	P90	2	0.005898	0.005898	-0.019556	-0.019556
188	6	102	4	P95	4	0.001030	0.001030	-0.024707	-0.024707
188	6	102	4	P99	11	0.018417	0.018417	0.035645	0.035645
188	6	102	4	P999	12	0.018347	0.018347	0.035520	0.035520
188	7	132	5	P1	1	-0.017278	-0.017278	0.000820	0.000820
188	7	132	5	P50	1	0.009271	0.008857	0.027841	0.027420
188	7	132	5	P75	1	0.023023	0.022603	0.041837	0.041410
188	7	132	5	P90	2	0.017539	0.017539	-0.008216	-0.008216
188	7	132	5	P95	3	0.013483	0.013483	0.031442	0.031442
188	7	132	5	P99	11	0.018417	0.018417	0.035645	0.035645
188	7	132	5	P999	12	0.018347	0.018347	0.035520	0.035520
189	1	4	1	P1	1	0.024283	0.024283	0.044403	0.044403
189	1	4	1	P50	53	0.010551	-0.961249	0.027006	-0.962190
189	1	4	1	P75	55	0.017080	-0.026196	0.033604	-0.010339
189	1	4	1	P90	55	0.017080	0.017080	0.033604	0.033604
189	1	4	1	P95	55	0.017080	0.017080	0.033604	0.033604
189	1	4	1	P99	55	0.017080	0.017080	0.033604	0.033604
189	1	4	1	P999	55	0.017080	0.017080	0.033604	0.033604
189	2	9	2	P1	1	0.024283	0.024283	0.044403	0.044403
189	2	9	2	P50	4	0.007385	0.007385	-0.017620	-0.017620
189	2	9	2	P75	4	0.029526	0.029526	0.003953	0.003953
189	2	9	2	P90	55	0.017080	0.017080	0.033604	0.033604
189	2	9	2	P95	55	0.017080	0.017080	0.033604	0.033604
189	2	9	2	P99	55	0.017080	0.017080	0.033604	0.033604
189	2	9	2	P999	55	0.017080	0.017080	0.033604	0.033604
189	3	72	3	P1	1	-0.017043	-0.017043	0.000690	0.000690
189	3	72	3	P50	1	0.007682	0.006987	0.025844	0.025136
189	3	72	3	P75	1	0.020277	0.019573	0.038657	0.037941
189	3	72	3	P90	2	0.028430	0.028430	0.001975	0.001975
189	3	72	3	P95	4	0.019797	0.019797	-0.006892	-0.006892
189	3	72	3	P99	55	0.018041	0.018041	0.033604	0.033604
189	3	72	3	P999	55	0.018041	0.018041	0.033604	0.033604
189	4	81	4	P1	1	-0.017043	-0.017043	0.000690	0.000690
189	4	81	4	P50	1	0.010467	0.010467	0.028677	0.028677
189	4	81	4	P75	1	0.024510	0.024510	0.042963	0.042963
189	4	81	4	P90	11	0.007938	0.007938	0.024458	0.024458
189	4	81	4	P95	12	0.018888	0.018888	0.035520	0.035520
189	4	81	4	P99	55	0.018041	0.018041	0.033604	0.033604
189	4	81	4	P999	55	0.018041	0.018041	0.033604	0.033604
189	5	109	5	P1	1	-0.016596	-0.016596	0.001144	0.001144
189	5	109	5	P50	1	0.013674	0.013674	0.031940	0.031940
189	5	109	5	P75	2	-0.000097	-0.000097	-0.025800	-0.025800
189	5	109	5	P90	11	-0.013735	-0.013735	0.002444	0.002444
189	5	109	5	P95	12	0.004230	0.004230	0.020632	0.020632
189	5	109	5	P99	53	0.011513	0.011513	0.027006	0.027006
189	5	109	5	P999	55	0.018041	0.018041	0.033604	0.033604
189	6	116	6	P1	1	-0.016596	-0.016596	0.001144	0.001144
189	6	116	6	P50	1	0.015997	0.015416	0.034302	0.033711
189	6	116	6	P75	2	0.015363	0.012770	-0.010747	-0.013272
189	6	116	6	P90	12	0.018888	0.018888	0.035520	0.035520
189	6	116	6	P95	55	-0.003850	-0.003850	0.000468	0.000468
189	6	116	6	P99	57	0.025967	0.025967	0.019239	0.019239
189	6	116	6	P999	59	0.035230	0.035230	0.006313	0.006313
189	7	123	7	P1	1	-0.016653	-0.016653	0.001087	0.001087
189	7	123	7	P50	1	0.015938	0.015938	0.034243	0.034243
189	7	123	7	P75	2	0.012900	0.012900	-0.013146	-0.013146
189	7	123	7	P90	12	0.004230	0.004230	0.020632	0.020632
189	7	123	7	P95	54	0.003630	0.003630	0.007988	0.007988
189	7	123	7	P99	57	0.025967	0.025967	0.019239	0.019239
189	7	123	7	P999	59	0.035230	0.035230	0.006313	0.006313
190	1	17	1	P1	1	-0.000476	-0.000476	0.003627	0.003627
190	1	17	1	P50	1	0.028988	0.028988	0.033120	0.033120
190	1	17	1	P75	3	-0.041429	-0.041429	0.001996	0.001996
190	1	17	1	P90	4	-0.017526	-0.017526	-0.017620	-0.017620
190	1	17	1	P95	4	0.004116	0.004116	0.003953	0.003953
190	1	17	1	P99	4	0.004116	0.004116	0.003953	0.003953
190	1	17	1	P999	4	0.004116	0.004116	0.003953	0.003953
190	2	19	2	P1	1	-0.014520	-0.014520	0.003627	0.003627
190	2	19	2	P50	1	0.018139	0.018139	0.036868	0.036868
190	2	19	2	P75	3	-0.029631	-0.029631	0.031442	0.031442
190	2	19	2	P90	11	0.018417	0.018417	0.035645	0.035645
190	2	19	2	P95	12	0.018347	0.018347	0.035520	0.035520
190	2	19	2	P99	12	0.018347	0.018347	0.035520	0.035520
190	2	19	2	P999	12	0.018347	0.018347	0.035520	0.035520
190	3	21	3	P1	1	-0.015030	-0.015030	0.003108	0.003108
190	3	21	3	P50	1	0.016034	0.016034	0.034725	0.034725
190	3	21	3	P75	3	-0.043590	-0.043590	0.016613	0.016613
190	3	21	3	P90	4	-0.013371	-0.013371	0.003953	0.003953
190	3	21	3	P95	11	0.018417	0.018417	0.035645	0.035645
190	3	21	3	P99	12	0.018347	0.018347	0.035520	0.035520
190	3	21	3	P999	12	0.018347	0.018347	0.035520	0.035520
190	4	23	4	P1	1	-0.008076	-0.008076	0.003108	0.003108
190	4	23	4	P50	1	0.026433	0.026433	0.037941	0.037941
190	4	23	4	P75	4	-0.026140	-0.026140	-0.017620	-0.017620
190	4	23	4	P90	12	0.028706	0.028706	0.035520	0.035520
190	4	23	4	P95	55	0.007502	0.007502	0.011394	0.011394
190	4	23	4	P99	56	0.011281	0.011281	0.015147	0.015147
190	4	23	4	P999	56	0.011281	0.011281	0.015147	0.015147
190	5	25	5	P1	1	-0.008461	-0.008461	0.002719	0.002719
190	5	25	5	P50	1	0.024440	0.024440	0.035929	0.035929
190	5	25	5	P75	3	-0.021481	-0.021481	0.031442	0.031442
190	5	25	5	P90	12	0.028706	0.028706	0.035520	0.035520
190	5	25	5	P95	55	0.007502	0.007502	0.011394	0.011394
190	5	25	5	P99	56	0.011281	0.011281	0.015147	0.015147
190	5	25	5	P999	56	0.011281	0.011281	0.015147	0.015147
190	6	30	6	P1	1	-0.008461	-0.008461	0.002719	0.002719
190	6	30	6	P50	1	0.032835	0.030029	0.044403	0.041571
190	6	30	6	P75	4	-0.004714	-0.004714	-0.021878	-0.021878
190	6	30	6	P90	12	0.028706	-0.057055	0.035520	-0.050658
190	6	30	6	P95	55	0.007502	0.007502	0.011394	0.011394
190	6	30	6	P99	56	0.011281	0.011281	0.015147	0.015147
190	6	30	6	P999	56	0.011281	0.011281	0.015147	0.015147
190	7	49	7	P1	1	-0.009924	-0.009924	0.001242	0.001242
190	7	49	7	P50	1	0.020070	0.020070	0.031519	0.031519
190	7	49	7	P75	3	-0.035575	-0.035575	0.004903	0.004903
190	7	49	7	P90	4	0.039562	0.039562	0.003953	0.003953
190	7	49	7	P95	12	0.028706	0.028706	0.035520	0.035520
190	7	49	7	P99	56	0.011281	0.011281	0.015147	0.015147
190	7	49	7	P999	56	0.011281	0.011281	0.015147	0.015147
191	1	7	1	P1	1	-0.003752	-0.003752	0.014587	0.014587
191	1	7	1	P50	2	0.028001	0.028001	0.001975	0.001975
191	1	7	1	P75	11	0.003766	0.003766	0.020756	0.020756
191	1	7	1	P90	11	0.018417	0.018417	0.035645	0.035645
191	1	7	1	P95	11	0.018417	0.018417	0.035645	0.035645
191	1	7	1	P99	11	0.018417	0.018417	0.035645	0.035645
191	1	7	1	P999	11	0.018417	0.018417	0.035645	0.035645
191	2	10	2	P1	1	-0.000997	-0.000997	0.014587	0.014587
191	2	10	2	P50	11	0.007705	-0.006799	0.020756	0.006080
191	2	10	2	P75	53	-0.006232	-0.006232	0.004938	0.004938
191	2	10	2	P90	55	0.022188	-0.021316	0.033604	-0.010339
191	2	10	2	P95	55	0.022188	0.022188	0.033604	0.033604
191	2	10	2	P99	55	0.022188	0.022188	0.033604	0.033604
191	2	10	2	P999	55	0.022188	0.022188	0.033604	0.033604
191	3	13	3	P1	1	-0.008212	-0.008212	0.007267	0.007267
191	3	13	3	P50	2	0.031202	0.031202	0.001975	0.001975
191	3	13	3	P75	11	0.022420	0.022420	0.035645	0.035645
191	3	13	3	P90	54	-0.003193	-0.003193	0.007988	0.007988
191	3	13	3	P95	55	0.022188	0.022188	0.033604	0.033604
191	3	13	3	P99	55	0.022188	0.022188	0.033604	0.033604
191	3	13	3	P999	55	0.022188	0.022188	0.033604	0.033604
191	4	18	4	P1	1	-0.008212	-0.008212	0.007267	0.007267
191	4	18	4	P50	4	0.034019	0.011776	0.003953	-0.017620
191	4	18	4	P75	11	0.007705	0.007705	0.020756	0.020756
191	4	18	4	P90	54	-0.003193	-0.003193	0.007988	0.007988
191	4	18	4	P95	55	0.022188	0.022188	0.033604	0.033604
191	4	18	4	P99	55	0.022188	0.022188	0.033604	0.033604
191	4	18	4	P999	55	0.022188	0.022188	0.033604	0.033604
191	5	30	5	P1	1	-0.012993	-0.012993	0.002417	0.002417
191	5	30	5	P50	1	0.023436	0.020966	0.039373	0.036868
191	5	30	5	P75	5	0.006043	0.006043	0.019946	0.019946
191	5	30	5	P90	53	-0.006232	-0.787800	0.004938	-0.785055
191	5	30	5	P95	54	-0.003193	-0.003193	0.007988	0.007988
191	5	30	5	P99	55	0.022188	0.022188	0.033604	0.033604
191	5	30	5	P999	55	0.022188	0.022188	0.033604	0.033604
191	6	33	6	P1	1	-0.012993	-0.012993	0.002417	0.002417
191	6	33	6	P50	1	0.025911	0.025911	0.041885	0.041885
191	6	33	6	P75	11	-0.010392	-0.010392	0.002444	0.002444
191	6	33	6	P90	13	0.029514	0.029514	0.042635	0.042635
191	6	33	6	P95	54	-0.003193	-0.003193	0.007988	0.007988
191	6	33	6	P99	55	0.022188	0.022188	0.033604	0.033604
191	6	33	6	P999	55	0.022188	0.022188	0.033604	0.033604
191	7	36	7	P1	1	-0.013232	-0.013232	0.002175	0.002175
191	7	36	7	P50	1	0.026159	0.023930	0.042136	0.039875
191	7	36	7	P75	11	-0.010392	-0.532655	0.002444	-0.526207
191	7	36	7	P90	13	0.029514	0.029514	0.042635	0.042635
191	7	36	7	P95	54	-0.003193	-0.003193	0.007988	0.007988
191	7	36	7	P99	55	0.022188	0.022188	0.033604	0.033604
191	7	36	7	P999	55	0.022188	0.022188	0.033604	0.033604
192	1	6	1	P1	1	0.033179	0.033179	0.044403	0.044403
192	1	6	1	P50	52	0.001365	-0.960114	0.002254	-0.961463
192	1	6	1	P75	54	0.007204	0.007204	0.007988	0.007988
192	1	6	1	P90	59	0.005752	0.005752	0.006313	0.006313
192	1	6	1	P95	59	0.005752	0.005752	0.006313	0.006313
192	1	6	1	P99	59	0.005752	0.005752	0.006313	0.006313
192	1	6	1	P999	59	0.005752	0.005752	0.006313	0.006313
192	2	11	2	P1	1	0.033179	0.033179	0.044403	0.044403
192	2	11	2	P50	4	0.011137	0.011137	-0.024707	-0.024707
192	2	11	2	P75	52	0.001365	0.001365	0.002254	0.002254
192	2	11	2	P90	54	0.007204	0.007204	0.007988	0.007988
192	2	11	2	P95	59	0.005752	0.005752	0.006313	0.006313
192	2	11	2	P99	59	0.005752	0.005752	0.006313	0.006313
192	2	11	2	P999	59	0.005752	0.005752	0.006313	0.006313
192	3	30	3	P1	1	-0.006366	-0.006366	0.002175	0.002175
192	3	30	3	P50	1	0.026620	0.024387	0.035367	0.033120
192	3	30	3	P75	3	0.003219	0.003219	0.009278	0.009278
192	3	30	3	P90	52	0.002763	-0.919768	0.002254	-0.922773
192	3	30	3	P95	54	0.008600	0.008600	0.007988	0.007988
192	3	30	3	P99	59	0.007125	0.007125	0.006313	0.006313
192	3	30	3	P999	59	0.007125	0.007125	0.006313	0.006313
192	4	33	4	P1	1	-0.006366	-0.006366	0.002175	0.002175
192	4	33	4	P50	1	0.028858	0.028858	0.037619	0.037619
192	4	33	4	P75	4	0.013173	0.013173	-0.024707	-0.024707
192	4	33	4	P90	12	0.032643	0.032643	0.035520	0.035520
192	4	33	4	P95	54	0.008600	0.008600	0.007988	0.007988
192	4	33	4	P99	59	0.007125	0.007125	0.006313	0.006313
192	4	33	4	P999	59	0.007125	0.007125	0.006313	0.006313
192	5	36	5	P1	1	-0.006648	-0.006648	0.001891	0.001891
192	5	36	5	P50	1	0.027787	0.025843	0.036541	0.034585
192	5	36	5	P75	4	0.013173	-0.231024	-0.024707	-0.226419
192	5	36	5	P90	12	0.032643	0.032643	0.035520	0.035520
192	5	36	5	P95	54	0.008600	0.008600	0.007988	0.007988
192	5	36	5	P99	59	0.007125	0.007125	0.006313	0.006313
192	5	36	5	P999	59	0.007125	0.007125	0.006313	0.006313
192	6	39	6	P1	1	-0.015862	-0.015862	0.001891	0.001891
192	6	39	6	P50	1	0.020124	0.020124	0.038501	0.038501
192	6	39	6	P75	4	0.030941	0.030941	0.003953	0.003953
192	6	39	6	P90	55	-0.003850	-0.003850	0.011394	0.011394
192	6	39	6	P95	58	-0.013402	-0.013402	0.001666	0.001666
192	6	39	6	P99	59	-0.008811	-0.008811	0.006313	0.006313
192	6	39	6	P999	59	-0.008811	-0.008811	0.006313	0.006313
192	7	42	7	P1	1	-0.015940	-0.015940	0.001812	0.001812
192	7	42	7	P50	1	0.022215	0.020365	0.040628	0.038746
192	7	42	7	P75	4	0.016109	0.016109	-0.010481	-0.010481
192	7	42	7	P90	54	-0.007219	-0.007219	0.007988	0.007988
192	7	42	7	P95	55	0.018041	0.018041	0.033604	0.033604
192	7	42	7	P99	59	-0.008811	-0.008811	0.006313	0.006313
192	7	42	7	P999	59	-0.008811	-0.008811	0.006313	0.006313
193	1	10	1	P1	1	0.004618	0.004618	0.008727	0.008727
193	1	10	1	P50	4	-0.028171	-0.739935	-0.028232	-0.738899
193	1	10	1	P75	4	-0.006764	-0.006764	-0.006892	-0.006892
193	1	10	1	P90	5	-0.001143	-0.196707	0.042344	-0.196837
193	1	10	1	P95	5	-0.001143	-0.001143	0.042344	0.042344
193	1	10	1	P99	5	-0.001143	-0.001143	0.042344	0.042344
193	1	10	1	P999	5	-0.001143	-0.001143	0.042344	0.042344
193	2	13	2	P1	1	0.003160	0.003160	0.007267	0.007267
193	2	13	2	P50	2	0.022028	0.022028	-0.019556	-0.019556
193	2	13	2	P75	4	-0.017526	-0.017526	-0.017620	-0.017620
193	2	13	2	P90	4	0.004116	0.004116	0.003953	0.003953
193	2	13	2	P95	5	-0.001143	-0.001143	0.042344	0.042344
193	2	13	2	P99	5	-0.001143	-0.001143	0.042344	0.042344
193	2	13	2	P999	5	-0.001143	-0.001143	0.042344	0.042344
193	3	17	3	P1	1	0.003160	0.003160	0.007267	0.007267
193	3	17	3	P50	3	0.008567	0.008567	0.009278	0.009278
193	3	17	3	P75	4	-0.006764	-0.006764	-0.013342	-0.013342
193	3	17	3	P90	5	-0.001143	-0.001143	0.019946	0.019946
193	3	17	3	P95	5	0.043348	0.043348	0.042344	0.042344
193	3	17	3	P99	5	0.043348	0.043348	0.042344	0.042344
193	3	17	3	P999	5	0.043348	0.043348	0.042344	0.042344
193	4	24	4	P1	1	-0.000755	-0.000755	0.003348	0.003348
193	4	24	4	P50	1	0.040260	0.036779	0.044403	0.040918
193	4	24	4	P75	4	-0.017526	-0.028171	-0.021878	-0.030341
193	4	24	4	P90	4	0.048842	0.048842	0.003953	0.003953
193	4	24	4	P95	5	-0.001143	-0.001143	0.019946	0.019946
193	4	24	4	P99	5	0.043348	0.043348	0.042344	0.042344
193	4	24	4	P999	5	0.043348	0.043348	0.042344	0.042344
193	5	26	5	P1	1	-0.014767	-0.014767	0.003348	0.003348
193	5	26	5	P50	2	0.005930	-0.487214	-0.019556	-0.477799
193	5	26	5	P75	4	-0.024002	-0.024002	-0.013342	-0.013342
193	5	26	5	P90	5	0.024556	0.024556	0.042344	0.042344
193	5	26	5	P95	12	0.018388	0.018388	0.035520	0.035520
193	5	26	5	P99	13	0.025440	0.025440	0.042635	0.042635
193	5	26	5	P999	13	0.025440	0.025440	0.042635	0.042635
193	6	28	6	P1	1	-0.002446	-0.002446	0.003348	0.003348
193	6	28	6	P50	2	0.042549	0.020085	0.001975	-0.019556
193	6	28	6	P75	4	0.046626	0.002008	0.003953	-0.004732
193	6	28	6	P90	13	0.044134	0.044134	0.042635	0.042635
193	6	28	6	P95	62	-0.015856	-0.015856	-0.021351	-0.021351
193	6	28	6	P99	62	0.005817	0.005817	0.000141	0.000141
193	6	28	6	P999	62	0.005817	0.005817	0.000141	0.000141
193	7	30	7	P1	1	-0.002891	-0.002891	0.002901	0.002901
193	7	30	7	P50	2	0.020085	-0.480756	-0.019556	-0.477799
193	7	30	7	P75	4	0.002008	0.002008	-0.004732	-0.004732
193	7	30	7	P90	13	0.044134	-0.042992	0.042635	-0.044136
193	7	30	7	P95	62	-0.015856	-0.015856	-0.021351	-0.021351
193	7	30	7	P99	62	0.005817	0.005817	0.000141	0.000141
193	7	30	7	P999	62	0.005817	0.005817	0.000141	0.000141
194	1	17	1	P1	1	-0.000755	-0.000755	0.003348	0.003348
194	1	17	1	P50	1	0.026404	0.026404	0.030534	0.030534
194	1	17	1	P75	1	0.040260	0.040260	0.044403	0.044403
194	1	17	1	P90	4	-0.006764	-0.006764	-0.006892	-0.006892
194	1	17	1	P95	4	0.004116	0.004116	0.003953	0.003953
194	1	17	1	P99	4	0.004116	0.004116	0.003953	0.003953
194	1	17	1	P999	4	0.004116	0.004116	0.003953	0.003953
194	2	21	2	P1	1	-0.014767	-0.014767	0.003348	0.003348
194	2	21	2	P50	1	0.018736	0.018736	0.037445	0.037445
194	2	21	2	P75	4	-0.024002	-0.024002	-0.006892	-0.006892
194	2	21	2	P90	12	0.018388	0.018388	0.035520	0.035520
194	2	21	2	P95	13	0.003391	0.003391	0.020230	0.020230
194	2	21	2	P99	13	0.025440	0.025440	0.042635	0.042635
194	2	21	2	P999	13	0.025440	0.025440	0.042635	0.042635
194	3	23	3	P1	1	-0.014767	-0.014767	0.003348	0.003348
194	3	23	3	P50	1	0.022148	0.022148	0.040918	0.040918
194	3	23	3	P75	4	-0.024002	-0.024002	-0.006892	-0.006892
194	3	23	3	P90	12	0.018388	0.018388	0.035520	0.035520
194	3	23	3	P95	13	0.003391	0.003391	0.020230	0.020230
194	3	23	3	P99	13	0.025440	0.025440	0.042635	0.042635
194	3	23	3	P999	13	0.025440	0.025440	0.042635	0.042635
194	4	27	4	P1	1	-0.014430	-0.014430	0.003348	0.003348
194	4	27	4	P50	2	0.006316	0.006316	-0.019556	-0.019556
194	4	27	4	P75	12	0.018888	0.018888	0.035520	0.035520
194	4	27	4	P90	58	0.008278	0.008278	0.023663	0.023663
194	4	27	4	P95	61	0.001288	0.001288	0.016537	0.016537
194	4	27	4	P99	63	0.012579	0.012579	0.027969	0.027969
194	4	27	4	P999	63	0.012579	0.012579	0.027969	0.027969
194	5	31	5	P1	1	-0.014870	-0.014870	0.002901	0.002901
194	5	31	5	P50	2	-0.004562	-0.004562	-0.030147	-0.030147
194	5	31	5	P75	12	-0.003020	-0.003020	0.013268	0.013268
194	5	31	5	P90	55	0.018041	0.018041	0.033604	0.033604
194	5	31	5	P95	61	0.001288	0.001288	0.016537	0.016537
194	5	31	5	P99	63	0.012579	0.012579	0.027969	0.027969
194	5	31	5	P999	63	0.012579	0.012579	0.027969	0.027969
194	6	35	6	P1	1	-0.014870	-0.014870	0.002901	0.002901
194	6	35	6	P50	2	0.017313	0.017313	-0.008849	-0.008849
194	6	35	6	P75	4	0.030941	0.030941	0.003953	0.003953
194	6	35	6	P90	55	0.018041	0.018041	0.033604	0.033604
194	6	35	6	P95	61	0.001288	0.001288	0.016537	0.016537
194	6	35	6	P99	63	0.012579	0.012579	0.027969	0.027969
194	6	35	6	P999	63	0.012579	0.012579	0.027969	0.027969
194	7	46	7	P1	1	-0.016077	-0.016077	0.001672	0.001672
194	7	46	7	P50	1	0.022500	0.020791	0.040918	0.039180
194	7	46	7	P75	4	-0.034143	-0.034143	-0.021878	-0.021878
194	7	46	7	P90	13	0.025949	0.025949	0.042635	0.042635
194	7	46	7	P95	58	0.008278	0.008278	0.023663	0.023663
194	7	46	7	P99	63	0.012579	0.012579	0.027969	0.027969
194	7	46	7	P999	63	0.012579	0.012579	0.027969	0.027969
195	1	6	1	P1	1	0.024055	0.024055	0.044403	0.044403
195	1	6	1	P50	2	0.026641	0.011869	0.001975	-0.012431
195	1	6	1	P75	11	0.017389	0.017389	0.035645	0.035645
195	1	6	1	P90	12	0.017335	0.017335	0.035520	0.035520
195	1	6	1	P95	12	0.017335	0.017335	0.035520	0.035520
195	1	6	1	P99	12	0.017335	0.017335	0.035520	0.035520
195	1	6	1	P999	12	0.017335	0.017335	0.035520	0.035520
195	2	8	2	P1	1	0.024283	0.024283	0.044403	0.044403
195	2	8	2	P50	11	0.017722	-0.813291	0.035645	-0.817823
195	2	8	2	P75	55	-0.004793	-0.777962	0.011394	-0.774068
195	2	8	2	P90	56	-0.001082	-0.001082	0.015147	0.015147
195	2	8	2	P95	56	-0.001082	-0.001082	0.015147	0.015147
195	2	8	2	P99	56	-0.001082	-0.001082	0.015147	0.015147
195	2	8	2	P999	56	-0.001082	-0.001082	0.015147	0.015147
195	3	10	3	P1	1	0.002254	0.002254	0.021960	0.021960
195	3	10	3	P50	2	0.026901	0.015799	0.001975	-0.008849
195	3	10	3	P75	12	0.017672	0.017672	0.035520	0.035520
195	3	10	3	P90	56	-0.001082	-0.022565	0.015147	-0.006667
195	3	10	3	P95	56	-0.001082	-0.001082	0.015147	0.015147
195	3	10	3	P99	56	-0.001082	-0.001082	0.015147	0.015147
195	3	10	3	P999	56	-0.001082	-0.001082	0.015147	0.015147
195	4	14	4	P1	1	0.002254	0.002254	0.021960	0.021960
195	4	14	4	P50	4	0.007385	-0.003506	-0.017620	-0.028232
195	4	14	4	P75	11	0.017722	0.017722	0.035645	0.035645
195	4	14	4	P90	55	-0.004793	-0.004793	0.011394	0.011394
195	4	14	4	P95	56	-0.001082	-0.001082	0.015147	0.015147
195	4	14	4	P99	56	-0.001082	-0.001082	0.015147	0.015147
195	4	14	4	P999	56	-0.001082	-0.001082	0.015147	0.015147
195	5	18	5	P1	1	0.002254	0.002254	0.021960	0.021960
195	5	18	5	P50	4	0.000111	-0.007110	-0.024707	-0.031744
195	5	18	5	P75	4	0.029526	0.029526	0.003953	0.003953
195	5	18	5	P90	55	-0.004793	-0.004793	0.011394	0.011394
195	5	18	5	P95	56	-0.001082	-0.001082	0.015147	0.015147
195	5	18	5	P99	56	-0.001082	-0.001082	0.015147	0.015147
195	5	18	5	P999	56	-0.001082	-0.001082	0.015147	0.015147
195	6	22	6	P1	1	0.002254	0.002254	0.021960	0.021960
195	6	22	6	P50	4	0.003014	-0.001337	-0.021878	-0.026119
195	6	22	6	P75	4	0.025059	0.025059	-0.000399	-0.000399
195	6	22	6	P90	12	0.017672	0.017672	0.035520	0.035520
195	6	22	6	P95	55	-0.004793	-0.004793	0.011394	0.011394
195	6	22	6	P99	56	-0.001082	-0.001082	0.015147	0.015147
195	6	22	6	P999	56	-0.001082	-0.001082	0.015147	0.015147
195	7	26	7	P1	1	0.002254	0.002254	0.021960	0.021960
195	7	26	7	P50	4	0.000111	-0.003506	-0.024707	-0.028232
195	7	26	7	P75	4	0.022092	0.022092	-0.003290	-0.003290
195	7	26	7	P90	12	0.017672	0.017672	0.035520	0.035520
195	7	26	7	P95	55	-0.004793	-0.004793	0.011394	0.011394
195	7	26	7	P99	56	-0.001082	-0.001082	0.015147	0.015147
195	7	26	7	P999	56	-0.001082	-0.001082	0.015147	0.015147
196	1	59	1	P1	1	-0.003324	-0.003324	0.000776	0.000776
196	1	59	1	P50	1	0.019424	0.019424	0.023547	0.023547
196	1	59	1	P75	1	0.031393	0.031393	0.035528	0.035528
196	1	59	1	P90	1	0.038642	0.038642	0.042783	0.042783
196	1	59	1	P95	3	-0.013172	-0.013172	0.031442	0.031442
196	1	59	1	P99	4	0.004116	0.004116	0.003953	0.003953
196	1	59	1	P999	4	0.004116	0.004116	0.003953	0.003953
196	2	66	2	P1	1	-0.017293	-0.017293	0.000776	0.000776
196	2	66	2	P50	1	0.008206	0.007424	0.026728	0.025932
196	2	66	2	P75	1	0.020806	0.020806	0.039552	0.039552
196	2	66	2	P90	11	-0.003441	-0.003441	0.013391	0.013391
196	2	66	2	P95	12	0.003737	0.003737	0.020632	0.020632
196	2	66	2	P99	16	0.035454	0.035454	0.007923	0.007923
196	2	66	2	P999	16	0.035454	0.035454	0.007923	0.007923
196	3	78	3	P1	1	-0.017378	-0.017378	0.000690	0.000690
196	3	78	3	P50	1	0.009424	0.008728	0.027968	0.027259
196	3	78	3	P75	1	0.022745	0.022745	0.041526	0.041526
196	3	78	3	P90	4	-0.013337	-0.013337	0.003953	0.003953
196	3	78	3	P95	12	0.003737	0.003737	0.020632	0.020632
196	3	78	3	P99	16	0.035454	0.035454	0.007923	0.007923
196	3	78	3	P999	16	0.035454	0.035454	0.007923	0.007923
196	4	85	4	P1	1	-0.010471	-0.010471	0.000690	0.000690
196	4	85	4	P50	1	0.018662	0.018662	0.030097	0.030097
196	4	85	4	P75	2	0.000734	0.000734	-0.032252	-0.032252
196	4	85	4	P90	13	0.035939	0.035939	0.042635	0.042635
196	4	85	4	P95	56	-0.006173	-0.006173	-0.002342	-0.002342
196	4	85	4	P99	58	0.019845	0.019845	0.023663	0.023663
196	4	85	4	P999	58	0.019845	0.019845	0.023663	0.023663
196	5	92	5	P1	1	-0.010531	-0.010531	0.000630	0.000630
196	5	92	5	P50	1	0.018601	0.017958	0.030035	0.029387
196	5	92	5	P75	2	-0.000717	-0.483583	-0.033652	-0.477799
196	5	92	5	P90	12	0.028706	0.028706	0.035520	0.035520
196	5	92	5	P95	56	-0.006173	-0.006173	-0.002342	-0.002342
196	5	92	5	P99	58	0.019845	0.019845	0.023663	0.023663
196	5	92	5	P999	58	0.019845	0.019845	0.023663	0.023663
196	6	95	6	P1	1	-0.010531	-0.010531	0.000630	0.000630
196	6	95	6	P50	1	0.019243	0.019243	0.030684	0.030684
196	6	95	6	P75	2	0.013887	0.013887	-0.019556	-0.019556
196	6	95	6	P90	12	0.028706	0.028706	0.035520	0.035520
196	6	95	6	P95	56	-0.006173	-0.006173	-0.002342	-0.002342
196	6	95	6	P99	58	0.019845	0.019845	0.023663	0.023663
196	6	95	6	P999	58	0.019845	0.019845	0.023663	0.023663
196	7	117	7	P1	1	-0.010208	-0.010208	0.000955	0.000955
196	7	117	7	P50	1	0.017147	0.017147	0.028568	0.028568
196	7	117	7	P75	1	0.031354	0.031354	0.042908	0.042908
196	7	117	7	P90	12	-0.000714	-0.000714	0.005958	0.005958
196	7	117	7	P95	55	0.003126	0.003126	0.007009	0.007009
196	7	117	7	P99	58	-0.002109	-0.002109	0.001666	0.001666
196	7	117	7	P999	58	0.019845	0.019845	0.023663	0.023663
197	1	295	1	P1	1	-0.017587	-0.017587	0.000478	0.000478
197	1	295	1	P50	1	0.005360	0.005360	0.023832	0.023832
197	1	295	1	P75	1	0.017277	0.017277	0.035960	0.035960
197	1	295	1	P90	1	0.024430	0.024430	0.043240	0.043240
197	1	295	1	P95	12	-0.020686	-0.020686	-0.004188	-0.004188
197	1	295	1	P99	13	0.025440	0.025440	0.042635	0.042635
197	1	295	1	P999	14	0.038686	0.038686	0.011149	0.011149
197	2	329	2	P1	1	-0.017473	-0.017473	0.000593	0.000593
197	2	329	2	P50	1	0.006279	0.006279	0.024767	0.024767
197	2	329	2	P75	1	0.018596	0.018596	0.037303	0.037303
197	2	329	2	P90	2	-0.003398	-0.003398	-0.028641	-0.028641
197	2	329	2	P95	11	0.009641	0.009641	0.026686	0.026686
197	2	329	2	P99	13	0.010688	0.010688	0.027644	0.027644
197	2	329	2	P999	14	0.038686	0.038686	0.011149	0.011149
197	3	350	3	P1	1	-0.007938	-0.007938	0.000593	0.000593
197	3	350	3	P50	1	0.017749	0.017597	0.026440	0.026288
197	3	350	3	P75	1	0.030993	0.030993	0.039767	0.039767
197	3	350	3	P90	12	-0.002710	-0.007044	0.000147	-0.004188
197	3	350	3	P95	53	-0.008337	-0.008337	-0.007117	-0.007117
197	3	350	3	P99	57	-0.009174	-0.009174	0.008229	0.008229
197	3	350	3	P999	58	0.024489	0.024489	0.023663	0.023663
197	4	353	4	P1	1	-0.007944	-0.007944	0.000587	0.000587
197	4	353	4	P50	1	0.017628	0.017628	0.026319	0.026319
197	4	353	4	P75	1	0.030888	0.030888	0.039661	0.039661
197	4	353	4	P90	12	-0.007044	-0.007044	-0.004188	-0.004188
197	4	353	4	P95	53	-0.008337	-0.008337	-0.007117	-0.007117
197	4	353	4	P99	57	-0.009174	-0.009174	0.008229	0.008229
197	4	353	4	P999	58	0.024489	0.024489	0.023663	0.023663
197	5	394	5	P1	1	-0.008015	-0.008015	0.000516	0.000516
197	5	394	5	P50	1	0.017166	0.017035	0.025854	0.025722
197	5	394	5	P75	1	0.030128	0.030128	0.038897	0.038897
197	5	394	5	P90	11	0.005934	0.005934	0.008998	0.008998
197	5	394	5	P95	52	0.002763	0.002763	0.002254	0.002254
197	5	394	5	P99	57	-0.009174	-0.009174	0.008229	0.008229
197	5	394	5	P999	58	0.024489	0.024489	0.023663	0.023663
197	6	400	6	P1	1	-0.007890	-0.008018	0.000641	0.000513
197	6	400	6	P50	1	0.017405	0.017274	0.026094	0.025963
197	6	400	6	P75	1	0.030557	0.030425	0.039329	0.039196
197	6	400	6	P90	11	0.005934	-0.002788	0.008998	0.000269
197	6	400	6	P95	52	0.002763	-0.018833	0.002254	-0.019283
197	6	400	6	P99	57	-0.009174	-0.016339	0.008229	-0.002663
197	6	400	6	P999	58	0.024489	0.024489	0.023663	0.023663
197	7	419	7	P1	1	-0.007922	-0.007922	0.000609	0.000609
197	7	419	7	P50	1	0.017197	0.017197	0.025885	0.025885
197	7	419	7	P75	1	0.030308	0.030308	0.039078	0.039078
197	7	419	7	P90	10	0.041086	0.041086	0.044403	0.044403
197	7	419	7	P95	52	-0.018833	-0.018833	-0.019283	-0.019283
197	7	419	7	P99	56	0.001227	0.001227	0.015147	0.015147
197	7	419	7	P999	58	0.024489	0.024489	0.023663	0.023663
198	1	16	1	P1	1	0.010473	0.010473	0.014587	0.014587
198	1	16	1	P50	6	-0.009109	-0.167619	0.033479	-0.131380
198	1	16	1	P75	11	-0.026617	-0.088210	0.013391	-0.050543
198	1	16	1	P90	12	-0.026476	-0.026476	0.013268	0.013268
198	1	16	1	P95	12	-0.005031	-0.005031	0.035520	0.035520
198	1	16	1	P99	12	-0.005031	-0.005031	0.035520	0.035520
198	1	16	1	P999	12	-0.005031	-0.005031	0.035520	0.035520
198	2	87	2	P1	1	-0.003513	-0.003513	0.000587	0.000587
198	2	87	2	P50	1	0.022043	0.022043	0.026169	0.026169
198	2	87	2	P75	1	0.035370	0.035370	0.039509	0.039509
198	2	87	2	P90	5	-0.001143	-0.001143	0.042344	0.042344
198	2	87	2	P95	10	0.002969	0.002969	0.044403	0.044403
198	2	87	2	P99	12	-0.005031	-0.005031	0.035520	0.035520
198	2	87	2	P999	12	-0.005031	-0.005031	0.035520	0.035520
198	3	101	3	P1	1	-0.016929	-0.016929	0.001175	0.001175
198	3	101	3	P50	1	0.011780	0.011780	0.030395	0.030395
198	3	101	3	P75	4	-0.034585	-0.034585	-0.017620	-0.017620
198	3	101	3	P90	11	-0.000381	-0.000381	0.020756	0.020756
198	3	101	3	P95	12	-0.024974	-0.024974	0.013268	0.013268
198	3	101	3	P99	13	0.025398	0.025398	0.042635	0.042635
198	3	101	3	P999	14	0.038643	0.038643	0.011149	0.011149
198	4	118	4	P1	1	-0.017102	-0.017102	0.000999	0.000999
198	4	118	4	P50	1	0.011800	0.011295	0.030415	0.029901
198	4	118	4	P75	2	0.005898	0.005898	-0.019556	-0.019556
198	4	118	4	P90	11	-0.006570	-0.006570	0.015840	0.015840
198	4	118	4	P95	12	-0.024974	-0.024974	0.013268	0.013268
198	4	118	4	P99	13	0.025398	0.025398	0.042635	0.042635
198	4	118	4	P999	14	0.038643	0.038643	0.011149	0.011149
198	5	131	5	P1	1	-0.007534	-0.007534	0.000999	0.000999
198	5	131	5	P50	1	0.024772	0.024772	0.033507	0.033507
198	5	131	5	P75	9	0.015104	0.015104	0.018642	0.018642
198	5	131	5	P90	14	0.053533	0.053533	0.011149	0.011149
198	5	131	5	P95	55	-0.009738	-0.009738	0.022439	0.022439
198	5	131	5	P99	58	0.024489	0.024489	0.023663	0.023663
198	5	131	5	P999	61	0.017459	0.017459	0.016537	0.016537
198	6	144	6	P1	1	-0.007637	-0.007637	0.000896	0.000896
198	6	144	6	P50	1	0.024502	0.024043	0.033236	0.032773
198	6	144	6	P75	5	-0.006825	-0.028215	0.042344	0.019946
198	6	144	6	P90	13	0.039946	0.039946	0.042635	0.042635
198	6	144	6	P95	55	-0.018324	-0.018324	0.011394	0.011394
198	6	144	6	P99	58	0.024489	0.024489	0.023663	0.023663
198	6	144	6	P999	61	0.017459	0.017459	0.016537	0.016537
198	7	147	7	P1	1	-0.007637	-0.007637	0.000896	0.000896
198	7	147	7	P50	1	0.024962	0.024962	0.033699	0.033699
198	7	147	7	P75	5	-0.028215	-0.028215	0.019946	0.019946
198	7	147	7	P90	13	0.039946	0.039946	0.042635	0.042635
198	7	147	7	P95	55	-0.018324	-0.018324	0.011394	0.011394
198	7	147	7	P99	58	0.024489	0.024489	0.023663	0.023663
198	7	147	7	P999	61	0.017459	0.017459	0.016537	0.016537
199	1	38	0	P1	1	-0.020369	-0.020369	0.001144	0.001144
199	1	38	0	P50	1	0.001144	0.000000	0.023129	0.021960
199	1	38	0	P75	1	0.011499	0.011499	0.033711	0.033711
199	1	38	0	P90	1	0.018461	0.018461	0.040827	0.040827
199	1	38	0	P95	1	0.020792	0.020792	0.043209	0.043209
199	1	38	0	P99	1	0.021960	0.021960	0.044403	0.044403
199	1	38	0	P999	1	0.021960	0.021960	0.044403	0.044403
199	2	182	0	P1	1	-0.021018	-0.021018	0.000480	0.000480
199	2	182	0	P50	1	0.000360	0.000120	0.022328	0.022083
199	2	182	0	P75	1	0.011224	0.011224	0.033430	0.033430
199	2	182	0	P90	1	0.017799	0.017799	0.040150	0.040150
199	2	182	0	P95	1	0.020000	0.020000	0.042399	0.042399
199	2	182	0	P99	1	0.021960	0.021960	0.044403	0.044403
199	2	182	0	P999	2	0.023978	0.023978	0.001975	0.001975
199	3	202	1	P1	1	-0.017376	-0.017376	0.000720	0.000720
199	3	202	1	P50	1	0.006268	0.006026	0.024785	0.024539
199	3	202	1	P75	1	0.018425	0.018425	0.037158	0.037158
199	3	202	1	P90	2	0.028001	0.028001	0.001975	0.001975
199	3	202	1	P95	11	0.006414	0.006414	0.023447	0.023447
199	3	202	1	P99	12	0.018347	0.018347	0.035520	0.035520
199	3	202	1	P999	13	0.025398	0.025398	0.042635	0.042635
199	4	222	2	P1	1	-0.017416	-0.017416	0.000679	0.000679
199	4	222	2	P50	1	0.007134	0.006906	0.025667	0.025435
199	4	222	2	P75	1	0.019754	0.019754	0.038511	0.038511
199	4	222	2	P90	2	0.019102	0.019102	-0.006694	-0.006694
199	4	222	2	P95	11	0.002444	0.002444	0.019413	0.019413
199	4	222	2	P99	12	0.018347	0.018347	0.035520	0.035520
199	4	222	2	P999	13	0.025398	0.025398	0.042635	0.042635
199	5	244	3	P1	1	-0.017053	-0.017053	0.000679	0.000679
199	5	244	3	P50	1	0.010021	0.009792	0.028223	0.027990
199	5	244	3	P75	1	0.024068	0.023836	0.042514	0.042278
199	5	244	3	P90	12	0.018888	0.018888	0.035520	0.035520
199	5	244	3	P95	55	-0.013087	-0.013087	-0.003147	-0.003147
199	5	244	3	P99	59	0.012970	0.012970	0.006313	0.006313
199	5	244	3	P999	139	0.003702	0.003702	0.018424	0.018424
199	6	251	4	P1	1	-0.017077	-0.017077	0.000655	0.000655
199	6	251	4	P50	1	0.009693	0.009693	0.027890	0.027890
199	6	251	4	P75	1	0.023686	0.023686	0.042125	0.042125
199	6	251	4	P90	12	0.010068	0.010068	0.026561	0.026561
199	6	251	4	P95	55	-0.013087	-0.013087	-0.003147	-0.003147
199	6	251	4	P99	59	0.012970	0.012970	0.006313	0.006313
199	6	251	4	P999	139	0.003702	0.003702	0.018424	0.018424
199	7	324	5	P1	1	-0.017093	-0.017093	0.000639	0.000639
199	7	324	5	P50	1	0.008206	0.008045	0.026377	0.026213
199	7	324	5	P75	1	0.021344	0.021180	0.039742	0.039576
199	7	324	5	P90	11	0.006943	0.006943	0.023447	0.023447
199	7	324	5	P95	53	-0.003040	-0.003040	-0.005918	-0.005918
199	7	324	5	P99	58	0.008278	0.008278	0.014807	0.014807
199	7	324	5	P999	139	0.003702	0.003702	0.018424	0.018424
200	1	33	0	P1	1	-0.019852	-0.019852	0.001672	0.001672
200	1	33	0	P50	1	0.006706	0.006706	0.028814	0.028814
200	1	33	0	P75	1	0.020254	0.020254	0.042659	0.042659
200	1	33	0	P90	2	0.005089	0.005089	-0.016509	-0.016509
200	1	33	0	P95	2	0.017643	0.017643	-0.004225	-0.004225
200	1	33	0	P99	2	0.023978	0.023978	0.001975	0.001975
200	1	33	0	P999	2	0.023978	0.023978	0.001975	0.001975
200	2	42	1	P1	1	-0.002429	-0.002429	0.001672	0.001672
200	2	42	1	P50	1	0.033309	0.031578	0.037445	0.035713
200	2	42	1	P75	2	0.038059	0.038059	-0.004225	-0.004225
200	2	42	1	P90	9	0.021394	0.021394	0.018642	0.018642
200	2	42	1	P95	10	-0.011495	-0.011495	0.029387	0.029387
200	2	42	1	P99	11	-0.005175	-0.005175	0.035645	0.035645
200	2	42	1	P999	11	-0.005175	-0.005175	0.035645	0.035645
200	3	69	2	P1	1	-0.003280	-0.003280	0.000820	0.000820
200	3	69	2	P50	1	0.024977	0.024977	0.029106	0.029106
200	3	69	2	P75	1	0.039405	0.039405	0.043547	0.043547
200	3	69	2	P90	4	0.004116	0.004116	0.003953	0.003953
200	3	69	2	P95	10	-0.025750	-0.025750	0.014587	0.014587
200	3	69	2	P99	11	-0.005175	-0.005175	0.035645	0.035645
200	3	69	2	P999	11	-0.005175	-0.005175	0.035645	0.035645
200	4	72	3	P1	1	-0.017250	-0.017250	0.000820	0.000820
200	4	72	3	P50	1	0.012201	0.011371	0.030794	0.029950
200	4	72	3	P75	2	-0.003398	-0.009567	-0.028641	-0.034651
200	4	72	3	P90	9	0.001604	0.001604	0.018642	0.018642
200	4	72	3	P95	11	-0.024868	-0.024868	0.013391	0.013391
200	4	72	3	P99	12	0.018388	0.018388	0.035520	0.035520
200	4	72	3	P999	12	0.018388	0.018388	0.035520	0.035520
200	5	83	4	P1	1	-0.017307	-0.017307	0.000762	0.000762
200	5	83	4	P50	1	0.013906	0.013906	0.032530	0.032530
200	5	83	4	P75	2	0.002811	0.002811	-0.022594	-0.022594
200	5	83	4	P90	7	-0.007881	-0.007881	0.009157	0.009157
200	5	83	4	P95	10	-0.016675	-0.016675	0.044403	0.044403
200	5	83	4	P99	12	0.018388	0.018388	0.035520	0.035520
200	5	83	4	P999	12	0.018388	0.018388	0.035520	0.035520
200	6	86	5	P1	1	-0.014623	-0.014623	0.000762	0.000762
200	6	86	5	P50	1	0.018243	0.017466	0.034105	0.033317
200	6	86	5	P75	2	0.012159	0.012159	-0.016509	-0.016509
200	6	86	5	P90	10	-0.027117	-0.027117	0.029387	0.029387
200	6	86	5	P95	12	0.000399	0.000399	0.013268	0.013268
200	6	86	5	P99	56	0.003935	0.003935	0.015147	0.015147
200	6	86	5	P999	56	0.003935	0.003935	0.015147	0.015147
200	7	89	6	P1	1	-0.014636	-0.014636	0.000749	0.000749
200	7	89	6	P50	1	0.018417	0.018417	0.034282	0.034282
200	7	89	6	P75	2	0.011766	0.011766	-0.016890	-0.016890
200	7	89	6	P90	10	-0.027117	-0.027117	0.029387	0.029387
200	7	89	6	P95	12	0.000399	0.000399	0.013268	0.013268
200	7	89	6	P99	56	0.003935	0.003935	0.015147	0.015147
200	7	89	6	P999	56	0.003935	0.003935	0.015147	0.015147
201	1	63	1	P1	1	-0.003364	-0.003364	0.000737	0.000737
201	1	63	1	P50	1	0.019720	0.019720	0.023843	0.023843
201	1	63	1	P75	1	0.031842	0.031842	0.035977	0.035977
201	1	63	1	P90	1	0.038724	0.038724	0.042866	0.042866
201	1	63	1	P95	2	0.044542	0.044542	0.001975	0.001975
201	1	63	1	P99	4	0.004116	0.004116	0.003953	0.003953
201	1	63	1	P999	4	0.004116	0.004116	0.003953	0.003953
201	2	68	2	P1	1	-0.017332	-0.017332	0.000737	0.000737
201	2	68	2	P50	1	0.007596	0.006854	0.026107	0.025352
201	2	68	2	P75	1	0.020296	0.019545	0.039033	0.038268
201	2	68	2	P90	4	-0.027531	-0.027531	-0.010481	-0.010481
201	2	68	2	P95	12	-0.010702	-0.010702	0.005958	0.005958
201	2	68	2	P99	13	0.025440	0.025440	0.042635	0.042635
201	2	68	2	P999	13	0.025440	0.025440	0.042635	0.042635
201	3	73	3	P1	1	-0.017378	-0.017378	0.000690	0.000690
201	3	73	3	P50	1	0.007337	0.007337	0.025844	0.025844
201	3	73	3	P75	1	0.019926	0.019926	0.038657	0.038657
201	3	73	3	P90	4	-0.041521	-0.041521	-0.024707	-0.024707
201	3	73	3	P95	12	-0.010702	-0.010702	0.005958	0.005958
201	3	73	3	P99	13	0.025440	0.025440	0.042635	0.042635
201	3	73	3	P999	13	0.025440	0.025440	0.042635	0.042635
201	4	78	4	P1	1	-0.014695	-0.014695	0.000690	0.000690
201	4	78	4	P50	1	0.012193	0.011495	0.027968	0.027259
201	4	78	4	P75	1	0.025557	0.025557	0.041526	0.041526
201	4	78	4	P90	12	0.007677	0.007677	0.020632	0.020632
201	4	78	4	P95	53	0.000998	0.000998	0.012241	0.012241
201	4	78	4	P99	58	0.012404	0.012404	0.023663	0.023663
201	4	78	4	P999	58	0.012404	0.012404	0.023663	0.023663
201	5	83	5	P1	1	-0.014745	-0.014745	0.000639	0.000639
201	5	83	5	P50	1	0.011433	0.011433	0.027197	0.027197
201	5	83	5	P75	1	0.025110	0.025110	0.041072	0.041072
201	5	83	5	P90	12	-0.006826	-0.006826	0.005958	0.005958
201	5	83	5	P95	53	-0.013410	-0.013410	-0.002312	-0.002312
201	5	83	5	P99	58	0.012404	0.012404	0.023663	0.023663
201	5	83	5	P999	58	0.012404	0.012404	0.023663	0.023663
201	6	86	6	P1	1	-0.014745	-0.014745	0.000639	0.000639
201	6	86	6	P50	1	0.012728	0.012080	0.028510	0.027853
201	6	86	6	P75	1	0.026422	0.026422	0.042403	0.042403
201	6	86	6	P90	12	-0.006826	-0.006826	0.005958	0.005958
201	6	86	6	P95	53	-0.013410	-0.013410	-0.002312	-0.002312
201	6	86	6	P99	58	0.012404	0.012404	0.023663	0.023663
201	6	86	6	P999	58	0.012404	0.012404	0.023663	0.023663
201	7	89	7	P1	1	-0.014745	-0.014745	0.000639	0.000639
201	7	89	7	P50	1	0.013376	0.013376	0.029168	0.029168
201	7	89	7	P75	1	0.027736	0.027736	0.043735	0.043735
201	7	89	7	P90	12	-0.006826	-0.006826	0.005958	0.005958
201	7	89	7	P95	53	-0.013410	-0.013410	-0.002312	-0.002312
201	7	89	7	P99	58	0.012404	0.012404	0.023663	0.023663
201	7	89	7	P999	58	0.012404	0.012404	0.023663	0.023663
202	1	9	1	P1	1	0.004618	0.004618	0.008727	0.008727
202	1	9	1	P50	1	0.040260	0.040260	0.044403	0.044403
202	1	9	1	P75	4	-0.024636	-0.024636	-0.024707	-0.024707
202	1	9	1	P90	4	0.004116	0.004116	0.003953	0.003953
202	1	9	1	P95	4	0.004116	0.004116	0.003953	0.003953
202	1	9	1	P99	4	0.004116	0.004116	0.003953	0.003953
202	1	9	1	P999	4	0.004116	0.004116	0.003953	0.003953
202	2	13	2	P1	1	0.004618	0.004618	0.008727	0.008727
202	2	13	2	P50	3	0.008567	0.008567	0.016613	0.016613
202	2	13	2	P75	4	-0.010364	-0.010364	-0.017620	-0.017620
202	2	13	2	P90	4	0.048842	0.048842	0.003953	0.003953
202	2	13	2	P95	5	0.043348	0.043348	0.042344	0.042344
202	2	13	2	P99	5	0.043348	0.043348	0.042344	0.042344
202	2	13	2	P999	5	0.043348	0.043348	0.042344	0.042344
202	3	17	3	P1	1	0.004618	0.004618	0.008727	0.008727
202	3	17	3	P50	4	-0.032698	-0.032698	-0.033495	-0.033495
202	3	17	3	P75	4	-0.008308	-0.008308	-0.012270	-0.012270
202	3	17	3	P90	4	0.048842	0.048842	0.003953	0.003953
202	3	17	3	P95	5	0.043348	0.043348	0.042344	0.042344
202	3	17	3	P99	5	0.043348	0.043348	0.042344	0.042344
202	3	17	3	P999	5	0.043348	0.043348	0.042344	0.042344
202	4	823	4	P1	1	-0.003608	-0.003608	0.000492	0.000492
202	4	823	4	P50	1	0.018648	0.018648	0.022770	0.022770
202	4	823	4	P75	1	0.030216	0.030216	0.034349	0.034349
202	4	823	4	P90	1	0.037185	0.037185	0.041325	0.041325
202	4	823	4	P95	1	0.039519	0.039519	0.043661	0.043661
202	4	823	4	P99	4	-0.032698	-0.032698	-0.033495	-0.033495
202	4	823	4	P999	5	0.043348	0.043348	0.042344	0.042344
202	5	827	5	P1	1	-0.003608	-0.003608	0.000492	0.000492
202	5	827	5	P50	1	0.018760	0.018760	0.022882	0.022882
202	5	827	5	P75	1	0.030385	0.030385	0.034519	0.034519
202	5	827	5	P90	1	0.037413	0.037413	0.041553	0.041553
202	5	827	5	P95	1	0.039747	0.039747	0.043889	0.043889
202	5	827	5	P99	4	-0.019470	-0.019470	-0.021170	-0.021170
202	5	827	5	P999	5	0.043348	0.043348	0.042344	0.042344
202	6	831	6	P1	1	-0.003608	-0.003608	0.000492	0.000492
202	6	831	6	P50	1	0.018871	0.018871	0.022994	0.022994
202	6	831	6	P75	1	0.030555	0.030555	0.034688	0.034688
202	6	831	6	P90	1	0.037583	0.037583	0.041724	0.041724
202	6	831	6	P95	1	0.039975	0.039975	0.044117	0.044117
202	6	831	6	P99	4	-0.013235	-0.013235	-0.014949	-0.014949
202	6	831	6	P999	5	0.043348	0.043348	0.042344	0.042344
202	7	1586	7	P1	1	-0.003649	-0.003649	0.000451	0.000451
202	7	1586	7	P50	1	0.018486	0.018457	0.022608	0.022579
202	7	1586	7	P75	1	0.029940	0.029940	0.034074	0.034074
202	7	1586	7	P90	1	0.036887	0.036887	0.041026	0.041026
202	7	1586	7	P95	1	0.039203	0.039203	0.043344	0.043344
202	7	1586	7	P99	4	-0.033100	-0.033100	-0.033495	-0.033495
202	7	1586	7	P999	4	0.048842	0.048842	0.003953	0.003953
203	1	8	1	P1	1	0.018325	0.018325	0.021960	0.021960
203	1	8	1	P50	11	-0.004504	-0.087601	0.035645	-0.050543
203	1	8	1	P75	12	-0.004352	-0.025814	0.035520	0.013268
203	1	8	1	P90	13	0.002764	0.002764	0.042635	0.042635
203	1	8	1	P95	13	0.002764	0.002764	0.042635	0.042635
203	1	8	1	P99	13	0.002764	0.002764	0.042635	0.042635
203	1	8	1	P999	13	0.002764	0.002764	0.042635	0.042635
203	2	13	2	P1	1	0.006271	0.006271	0.021960	0.021960
203	2	13	2	P50	12	-0.021120	-0.021120	0.035520	0.035520
203	2	13	2	P75	53	0.000998	0.000998	0.004938	0.004938
203	2	13	2	P90	56	0.003935	0.003935	0.015147	0.015147
203	2	13	2	P95	76	0.002995	0.002995	0.013862	0.013862
203	2	13	2	P99	76	0.002995	0.002995	0.013862	0.013862
203	2	13	2	P999	76	0.002995	0.002995	0.013862	0.013862
203	3	18	3	P1	1	-0.008212	-0.008212	0.007267	0.007267
203	3	18	3	P50	11	-0.021094	-0.102645	0.035645	-0.050543
203	3	18	3	P75	52	0.005563	0.005563	0.002254	0.002254
203	3	18	3	P90	56	0.003935	0.003935	0.015147	0.015147
203	3	18	3	P95	76	0.002995	0.002995	0.013862	0.013862
203	3	18	3	P99	76	0.002995	0.002995	0.013862	0.013862
203	3	18	3	P999	76	0.002995	0.002995	0.013862	0.013862
203	4	22	4	P1	1	-0.008212	-0.008212	0.007267	0.007267
203	4	22	4	P50	5	0.028160	-0.172785	0.042344	-0.196837
203	4	22	4	P75	13	-0.014302	-0.014302	0.042635	0.042635
203	4	22	4	P90	54	-0.003193	-0.003193	0.007988	0.007988
203	4	22	4	P95	56	0.003935	0.003935	0.015147	0.015147
203	4	22	4	P99	76	0.002995	0.002995	0.013862	0.013862
203	4	22	4	P999	76	0.002995	0.002995	0.013862	0.013862
203	5	32	5	P1	1	-0.012695	-0.012695	0.002719	0.002719
203	5	32	5	P50	2	0.009020	-0.485803	-0.019556	-0.477799
203	5	32	5	P75	12	-0.042177	-0.102670	0.013268	-0.050658
203	5	32	5	P90	53	0.000998	0.000998	0.004938	0.004938
203	5	32	5	P95	56	0.003935	0.003935	0.015147	0.015147
203	5	32	5	P99	76	0.002995	0.002995	0.013862	0.013862
203	5	32	5	P999	76	0.002995	0.002995	0.013862	0.013862
203	6	36	6	P1	1	-0.012695	-0.012695	0.002719	0.002719
203	6	36	6	P50	3	-0.012229	-0.312532	0.001996	-0.332017
203	6	36	6	P75	11	-0.021094	-0.102645	0.035645	-0.050543
203	6	36	6	P90	53	0.000998	0.000998	0.004938	0.004938
203	6	36	6	P95	56	0.003935	0.003935	0.015147	0.015147
203	6	36	6	P99	76	0.002995	0.002995	0.013862	0.013862
203	6	36	6	P999	76	0.002995	0.002995	0.013862	0.013862
203	7	38	7	P1	1	-0.012993	-0.012993	0.002417	0.002417
203	7	38	7	P50	2	0.031202	0.009020	0.001975	-0.019556
203	7	38	7	P75	10	-0.012910	-0.012910	0.044403	0.044403
203	7	38	7	P90	53	0.000998	0.000998	0.004938	0.004938
203	7	38	7	P95	56	0.003935	0.003935	0.015147	0.015147
203	7	38	7	P99	76	0.002995	0.002995	0.013862	0.013862
203	7	38	7	P999	76	0.002995	0.002995	0.013862	0.013862
204	1	8	0	P1	3	0.005304	0.005304	0.031442	0.031442
204	1	8	0	P50	4	0.003108	-0.003098	-0.014566	-0.020664
204	1	8	0	P75	4	0.015637	0.009353	-0.002258	-0.008431
204	1	8	0	P90	4	0.021960	0.021960	0.003953	0.003953
204	1	8	0	P95	4	0.021960	0.021960	0.003953	0.003953
204	1	8	0	P99	4	0.021960	0.021960	0.003953	0.003953
204	1	8	0	P999	4	0.021960	0.021960	0.003953	0.003953
204	2	30	1	P1	1	-0.002125	-0.002125	0.001977	0.001977
204	2	30	1	P50	1	0.027969	0.025935	0.032101	0.030065
204	2	30	1	P75	3	-0.013172	-0.013172	0.031442	0.031442
204	2	30	1	P90	4	-0.008308	-0.014463	-0.008431	-0.014566
204	2	30	1	P95	4	-0.002115	-0.002115	-0.002258	-0.002258
204	2	30	1	P99	4	0.004116	0.004116	0.003953	0.003953
204	2	30	1	P999	4	0.004116	0.004116	0.003953	0.003953
204	3	37	2	P1	1	-0.016142	-0.016142	0.001977	0.001977
204	3	37	2	P50	1	0.019482	0.019482	0.038233	0.038233
204	3	37	2	P75	4	-0.025550	-0.025550	-0.008431	-0.008431
204	3	37	2	P90	12	0.000792	0.000792	0.017680	0.017680
204	3	37	2	P95	12	0.018347	0.018347	0.035520	0.035520
204	3	37	2	P99	13	0.025398	0.025398	0.042635	0.042635
204	3	37	2	P999	13	0.025398	0.025398	0.042635	0.042635
204	4	44	3	P1	1	-0.018589	-0.018589	0.001977	0.001977
204	4	44	3	P50	3	-0.032501	-0.659009	0.031442	-0.651866
204	4	44	3	P75	12	-0.002781	-0.011410	0.017680	0.008876
204	4	44	3	P90	56	0.012444	0.012444	0.015147	0.015147
204	4	44	3	P95	58	-0.005329	-0.005329	0.001666	0.001666
204	4	44	3	P99	59	0.030151	0.030151	0.006313	0.006313
204	4	44	3	P999	59	0.030151	0.030151	0.006313	0.006313
204	5	51	4	P1	1	-0.018948	-0.018948	0.001610	0.001610
204	5	51	4	P50	1	0.021328	0.021328	0.042723	0.042723
204	5	51	4	P75	12	-0.019964	-0.019964	0.000147	0.000147
204	5	51	4	P90	56	0.003684	0.003684	0.000552	0.000552
204	5	51	4	P95	58	-0.005329	-0.005329	0.001666	0.001666
204	5	51	4	P99	59	0.030151	0.030151	0.006313	0.006313
204	5	51	4	P999	59	0.030151	0.030151	0.006313	0.006313
204	6	55	5	P1	1	-0.018948	-0.018948	0.001610	0.001610
204	6	55	5	P50	2	0.003084	0.003084	-0.019556	-0.019556
204	6	55	5	P75	11	0.014811	0.014811	0.035645	0.035645
204	6	55	5	P90	56	0.003684	0.003684	0.000552	0.000552
204	6	55	5	P95	58	-0.005329	-0.005329	0.001666	0.001666
204	6	55	5	P99	59	0.030151	0.030151	0.006313	0.006313
204	6	55	5	P999	59	0.030151	0.030151	0.006313	0.006313
204	7	59	6	P1	1	-0.018948	-0.018948	0.001610	0.001610
204	7	59	6	P50	3	-0.032501	-0.032501	0.001996	0.001996
204	7	59	6	P75	4	0.027262	0.027262	0.003953	0.003953
204	7	59	6	P90	56	0.003684	0.003684	0.000552	0.000552
204	7	59	6	P95	58	-0.005329	-0.005329	0.001666	0.001666
204	7	59	6	P99	59	0.030151	0.030151	0.006313	0.006313
204	7	59	6	P999	59	0.030151	0.030151	0.006313	0.006313
205	1	8	1	P1	3	-0.008529	-0.008529	0.001996	0.001996
205	1	8	1	P50	4	-0.005932	-0.020256	-0.021878	-0.030341
205	1	8	1	P75	4	0.030803	0.008602	-0.004732	-0.013342
205	1	8	1	P90	4	0.053492	0.053492	0.003953	0.003953
205	1	8	1	P95	4	0.053492	0.053492	0.003953	0.003953
205	1	8	1	P99	4	0.053492	0.053492	0.003953	0.003953
205	1	8	1	P999	4	0.053492	0.053492	0.003953	0.003953
205	2	79	2	P1	1	-0.003479	-0.003479	0.000621	0.000621
205	2	79	2	P50	1	0.021012	0.021012	0.025136	0.025136
205	2	79	2	P75	1	0.033804	0.033804	0.037941	0.037941
205	2	79	2	P90	3	-0.013172	-0.013172	0.001996	0.001996
205	2	79	2	P95	4	-0.010364	-0.010364	-0.021878	-0.021878
205	2	79	2	P99	4	0.048842	0.048842	0.003953	0.003953
205	2	79	2	P999	4	0.048842	0.048842	0.003953	0.003953
205	3	83	3	P1	1	-0.020205	-0.020205	0.000621	0.000621
205	3	83	3	P50	1	0.005051	0.005051	0.026410	0.026410
205	3	83	3	P75	1	0.018237	0.018237	0.039875	0.039875
205	3	83	3	P90	4	-0.044849	-0.044849	-0.030341	-0.030341
205	3	83	3	P95	4	0.026886	0.026886	0.003953	0.003953
205	3	83	3	P99	13	0.021255	0.021255	0.042635	0.042635
205	3	83	3	P999	13	0.021255	0.021255	0.042635	0.042635
205	4	90	4	P1	1	-0.020253	-0.020253	0.000572	0.000572
205	4	90	4	P50	1	0.005280	0.004706	0.026644	0.026058
205	4	90	4	P75	1	0.018004	0.018004	0.039637	0.039637
205	4	90	4	P90	4	-0.044849	-0.242416	-0.030341	-0.226419
205	4	90	4	P95	4	0.026886	0.026886	0.003953	0.003953
205	4	90	4	P99	13	0.021255	0.021255	0.042635	0.042635
205	4	90	4	P999	13	0.021255	0.021255	0.042635	0.042635
205	5	94	5	P1	1	-0.005815	-0.005815	0.000572	0.000572
205	5	94	5	P50	1	0.021331	0.020746	0.027819	0.027231
205	5	94	5	P75	1	0.034884	0.034884	0.041422	0.041422
205	5	94	5	P90	4	0.023301	0.023301	-0.004732	-0.004732
205	5	94	5	P95	13	0.043215	0.043215	0.042635	0.042635
205	5	94	5	P99	57	0.001721	0.001721	0.041622	0.041622
205	5	94	5	P999	57	0.001721	0.001721	0.041622	0.041622
205	6	98	6	P1	1	-0.005844	-0.005844	0.000543	0.000543
205	6	98	6	P50	1	0.021038	0.020483	0.027525	0.026967
205	6	98	6	P75	1	0.034469	0.034469	0.041005	0.041005
205	6	98	6	P90	4	0.023301	0.023301	-0.004732	-0.004732
205	6	98	6	P95	13	0.043215	0.043215	0.042635	0.042635
205	6	98	6	P99	57	0.001721	0.001721	0.041622	0.041622
205	6	98	6	P999	57	0.001721	0.001721	0.041622	0.041622
205	7	102	7	P1	1	-0.005302	-0.005302	0.001087	0.001087
205	7	102	7	P50	1	0.022151	0.021595	0.028642	0.028083
205	7	102	7	P75	1	0.036160	0.036160	0.042702	0.042702
205	7	102	7	P90	4	0.001254	0.001254	-0.006892	-0.006892
205	7	102	7	P95	11	0.035741	0.035741	0.035645	0.035645
205	7	102	7	P99	56	-0.002358	-0.002358	0.015147	0.015147
205	7	102	7	P999	57	0.001721	0.001721	0.041622	0.041622
206	1	87	1	P1	1	-0.003576	-0.003576	0.000524	0.000524
206	1	87	1	P50	1	0.019175	0.019175	0.023298	0.023298
206	1	87	1	P75	1	0.031016	0.031016	0.035150	0.035150
206	1	87	1	P90	1	0.038077	0.038077	0.042218	0.042218
206	1	87	1	P95	1	0.040260	0.040260	0.044403	0.044403
206	1	87	1	P99	4	0.004116	0.004116	0.003953	0.003953
206	1	87	1	P999	4	0.004116	0.004116	0.003953	0.003953
206	2	96	2	P1	1	-0.017569	-0.017569	0.000524	0.000524
206	2	96	2	P50	1	0.007442	0.006915	0.025980	0.025443
206	2	96	2	P75	1	0.020186	0.019651	0.038950	0.038406
206	2	96	2	P90	4	-0.013371	-0.013371	0.003953	0.003953
206	2	96	2	P95	12	0.003697	0.003697	0.020632	0.020632
206	2	96	2	P99	14	0.038643	0.038643	0.011149	0.011149
206	2	96	2	P999	14	0.038643	0.038643	0.011149	0.011149
206	3	110	3	P1	1	-0.017135	-0.017135	0.000966	0.000966
206	3	110	3	P50	1	0.008838	0.008351	0.027401	0.026905
206	3	110	3	P75	1	0.022081	0.022081	0.040879	0.040879
206	3	110	3	P90	4	-0.034585	-0.272223	-0.017620	-0.226419
206	3	110	3	P95	12	-0.010742	-0.010742	0.005958	0.005958
206	3	110	3	P99	13	0.025398	0.025398	0.042635	0.042635
206	3	110	3	P999	14	0.038643	0.038643	0.011149	0.011149
206	4	114	4	P1	1	-0.010198	-0.010198	0.000966	0.000966
206	4	114	4	P50	1	0.016974	0.016483	0.028394	0.027897
206	4	114	4	P75	1	0.030839	0.030839	0.042388	0.042388
206	4	114	4	P90	11	0.013851	0.013851	0.020756	0.020756
206	4	114	4	P95	13	0.035939	0.035939	0.042635	0.042635
206	4	114	4	P99	57	-0.006461	-0.006461	0.019239	0.019239
206	4	114	4	P999	58	0.019845	0.019845	0.023663	0.023663
206	5	118	5	P1	1	-0.010229	-0.010229	0.000935	0.000935
206	5	118	5	P50	1	0.017006	0.016530	0.028426	0.027945
206	5	118	5	P75	1	0.030903	0.030903	0.042453	0.042453
206	5	118	5	P90	11	0.013851	0.013851	0.020756	0.020756
206	5	118	5	P95	13	0.035939	0.035939	0.042635	0.042635
206	5	118	5	P99	57	-0.006461	-0.006461	0.019239	0.019239
206	5	118	5	P999	58	0.019845	0.019845	0.023663	0.023663
206	6	122	6	P1	1	-0.010229	-0.010229	0.000935	0.000935
206	6	122	6	P50	1	0.017958	0.017482	0.029387	0.028906
206	6	122	6	P75	1	0.032351	0.032351	0.043915	0.043915
206	6	122	6	P90	11	-0.000752	-0.000752	0.006080	0.006080
206	6	122	6	P95	13	0.013638	0.013638	0.020230	0.020230
206	6	122	6	P99	57	-0.006461	-0.006461	0.019239	0.019239
206	6	122	6	P999	58	0.019845	0.019845	0.023663	0.023663
206	7	126	7	P1	1	-0.010229	-0.010229	0.000935	0.000935
206	7	126	7	P50	1	0.018912	0.018435	0.030349	0.029868
206	7	126	7	P75	2	0.002914	0.002914	-0.030147	-0.030147
206	7	126	7	P90	11	-0.000752	-0.000752	0.006080	0.006080
206	7	126	7	P95	13	0.013638	0.013638	0.020230	0.020230
206	7	126	7	P99	57	-0.006461	-0.006461	0.019239	0.019239
206	7	126	7	P999	58	0.019845	0.019845	0.023663	0.023663
207	1	10	1	P1	1	-0.012706	-0.012706	0.005445	0.005445
207	1	10	1	P50	1	0.014487	0.008989	0.033120	0.027525
207	1	10	1	P75	1	0.025572	0.025572	0.044403	0.044403
207	1	10	1	P90	12	0.018388	-0.066414	0.035520	-0.050658
207	1	10	1	P95	12	0.018388	0.018388	0.035520	0.035520
207	1	10	1	P99	12	0.018388	0.018388	0.035520	0.035520
207	1	10	1	P999	12	0.018388	0.018388	0.035520	0.035520
207	2	12	2	P1	1	-0.008850	-0.008850	0.005445	0.005445
207	2	12	2	P50	1	0.024020	0.018467	0.038746	0.033120
207	2	12	2	P75	12	0.024112	-0.061222	0.035520	-0.050658
207	2	12	2	P90	56	0.005935	0.005935	0.015147	0.015147
207	2	12	2	P95	58	0.014430	0.014430	0.023663	0.023663
207	2	12	2	P99	58	0.014430	0.014430	0.023663	0.023663
207	2	12	2	P999	58	0.014430	0.014430	0.023663	0.023663
207	3	14	3	P1	1	-0.009927	-0.009927	0.004354	0.004354
207	3	14	3	P50	1	0.020685	0.016255	0.035367	0.030879
207	3	14	3	P75	11	0.024122	0.024122	0.035645	0.035645
207	3	14	3	P90	56	0.005935	0.005935	0.015147	0.015147
207	3	14	3	P95	58	0.014430	0.014430	0.023663	0.023663
207	3	14	3	P99	58	0.014430	0.014430	0.023663	0.023663
207	3	14	3	P999	58	0.014430	0.014430	0.023663	0.023663
207	4	18	4	P1	1	-0.009927	-0.009927	0.004354	0.004354
207	4	18	4	P50	1	0.029604	0.025135	0.044403	0.039875
207	4	18	4	P75	4	0.035529	0.035529	0.003953	0.003953
207	4	18	4	P90	56	0.005935	0.005935	0.015147	0.015147
207	4	18	4	P95	58	0.014430	0.014430	0.023663	0.023663
207	4	18	4	P99	58	0.014430	0.014430	0.023663	0.023663
207	4	18	4	P999	58	0.014430	0.014430	0.023663	0.023663
207	5	22	5	P1	1	-0.009927	-0.009927	0.004354	0.004354
207	5	22	5	P50	4	-0.002371	-0.236311	-0.032745	-0.226419
207	5	22	5	P75	4	0.029114	0.029114	-0.002258	-0.002258
207	5	22	5	P90	12	0.024112	0.024112	0.035520	0.035520
207	5	22	5	P95	56	0.005935	0.005935	0.015147	0.015147
207	5	22	5	P99	58	0.014430	0.014430	0.023663	0.023663
207	5	22	5	P999	58	0.014430	0.014430	0.023663	0.023663
207	6	52	6	P1	1	-0.013152	-0.013152	0.001087	0.001087
207	6	52	6	P50	1	0.015150	0.014047	0.029760	0.028642
207	6	52	6	P75	1	0.029604	0.028485	0.044403	0.043269
207	6	52	6	P90	4	0.029114	0.029114	-0.002258	-0.002258
207	6	52	6	P95	12	0.024112	0.024112	0.035520	0.035520
207	6	52	6	P99	58	0.014430	0.014430	0.023663	0.023663
207	6	52	6	P999	58	0.014430	0.014430	0.023663	0.023663
207	7	55	7	P1	1	-0.013152	-0.013152	0.001087	0.001087
207	7	55	7	P50	1	0.016255	0.016255	0.030879	0.030879
207	7	55	7	P75	4	-0.002371	-0.002371	-0.032745	-0.032745
207	7	55	7	P90	12	-0.005161	-0.005161	0.005958	0.005958
207	7	55	7	P95	14	0.000179	0.000179	0.011149	0.011149
207	7	55	7	P99	58	0.014430	0.014430	0.023663	0.023663
207	7	55	7	P999	58	0.014430	0.014430	0.023663	0.023663
208	1	6	1	P1	1	-0.003383	-0.003383	0.014587	0.014587
208	1	6	1	P50	52	0.030965	-0.980271	0.002254	-0.979915
208	1	6	1	P75	54	0.014597	0.014597	0.007988	0.007988
208	1	6	1	P90	55	0.018041	0.018041	0.033604	0.033604
208	1	6	1	P95	55	0.018041	0.018041	0.033604	0.033604
208	1	6	1	P99	55	0.018041	0.018041	0.033604	0.033604
208	1	6	1	P999	55	0.018041	0.018041	0.033604	0.033604
208	2	10	2	P1	1	-0.003383	-0.003383	0.014587	0.014587
208	2	10	2	P50	4	0.030941	-0.239552	0.003953	-0.226419
208	2	10	2	P75	52	0.030965	0.030965	0.002254	0.002254
208	2	10	2	P90	55	0.018041	-0.003850	0.033604	-0.010339
208	2	10	2	P95	55	0.018041	0.018041	0.033604	0.033604
208	2	10	2	P99	55	0.018041	0.018041	0.033604	0.033604
208	2	10	2	P999	55	0.018041	0.018041	0.033604	0.033604
208	3	14	3	P1	1	-0.003383	-0.003383	0.014587	0.014587
208	3	14	3	P50	3	0.013931	0.005153	0.031442	0.022519
208	3	14	3	P75	5	0.025006	0.025006	0.042344	0.042344
208	3	14	3	P90	54	0.014597	0.014597	0.007988	0.007988
208	3	14	3	P95	55	0.018041	0.018041	0.033604	0.033604
208	3	14	3	P99	55	0.018041	0.018041	0.033604	0.033604
208	3	14	3	P999	55	0.018041	0.018041	0.033604	0.033604
208	4	18	4	P1	1	-0.011601	-0.011601	0.006226	0.006226
208	4	18	4	P50	3	-0.003548	-0.012175	0.013672	0.004903
208	4	18	4	P75	4	0.030941	0.030941	0.003953	0.003953
208	4	18	4	P90	54	0.014597	0.014597	0.007988	0.007988
208	4	18	4	P95	55	0.018041	0.018041	0.033604	0.033604
208	4	18	4	P99	55	0.018041	0.018041	0.033604	0.033604
208	4	18	4	P999	55	0.018041	0.018041	0.033604	0.033604
208	5	22	5	P1	1	-0.011601	-0.011601	0.006226	0.006226
208	5	22	5	P50	3	0.013931	0.005153	0.031442	0.022519
208	5	22	5	P75	4	0.023498	0.023498	-0.003290	-0.003290
208	5	22	5	P90	52	0.030965	0.030965	0.002254	0.002254
208	5	22	5	P95	54	0.014597	0.014597	0.007988	0.007988
208	5	22	5	P99	55	0.018041	0.018041	0.033604	0.033604
208	5	22	5	P999	55	0.018041	0.018041	0.033604	0.033604
208	6	99	6	P1	1	-0.017212	-0.017212	0.000517	0.000517
208	6	99	6	P50	1	0.008030	0.008030	0.026197	0.026197
208	6	99	6	P75	1	0.021157	0.021157	0.039552	0.039552
208	6	99	6	P90	4	-0.005740	-0.005740	-0.031744	-0.031744
208	6	99	6	P95	4	0.030941	0.030941	0.003953	0.003953
208	6	99	6	P99	55	0.018041	0.018041	0.033604	0.033604
208	6	99	6	P999	55	0.018041	0.018041	0.033604	0.033604
208	7	104	7	P1	1	-0.016704	-0.016704	0.001035	0.001035
208	7	104	7	P50	1	0.009596	0.009074	0.027791	0.027259
208	7	104	7	P75	1	0.023273	0.022744	0.041705	0.041167
208	7	104	7	P90	4	0.001490	0.001490	-0.024707	-0.024707
208	7	104	7	P95	4	0.025973	0.025973	-0.000881	-0.000881
208	7	104	7	P99	54	0.014597	0.014597	0.007988	0.007988
208	7	104	7	P999	55	0.018041	0.018041	0.033604	0.033604
209	1	23	1	P1	1	-0.018571	-0.018571	0.002289	0.002289
209	1	23	1	P50	1	0.006431	0.006431	0.027819	0.027819
209	1	23	1	P75	1	0.020335	0.020335	0.042017	0.042017
209	1	23	1	P90	11	0.014388	0.014388	0.035645	0.035645
209	1	23	1	P95	12	0.014275	0.014275	0.035520	0.035520
209	1	23	1	P99	13	0.021255	0.021255	0.042635	0.042635
209	1	23	1	P999	13	0.021255	0.021255	0.042635	0.042635
209	2	26	2	P1	1	-0.008887	-0.008887	0.002289	0.002289
209	2	26	2	P50	1	0.021072	0.018736	0.032530	0.030172
209	2	26	2	P75	2	0.036193	0.036193	0.001975	0.001975
209	2	26	2	P90	52	-0.001722	-0.001722	0.002254	0.002254
209	2	26	2	P95	56	-0.010489	-0.010489	-0.006667	-0.006667
209	2	26	2	P99	56	0.011281	0.011281	0.015147	0.015147
209	2	26	2	P999	56	0.011281	0.011281	0.015147	0.015147
209	3	29	3	P1	1	-0.009196	-0.009196	0.001977	0.001977
209	3	29	3	P50	1	0.018630	0.018630	0.030065	0.030065
209	3	29	3	P75	1	0.032835	0.032835	0.044403	0.044403
209	3	29	3	P90	52	-0.001722	-0.001722	0.002254	0.002254
209	3	29	3	P95	56	-0.010489	-0.010489	-0.006667	-0.006667
209	3	29	3	P99	56	0.011281	0.011281	0.015147	0.015147
209	3	29	3	P999	56	0.011281	0.011281	0.015147	0.015147
209	4	34	4	P1	1	-0.009196	-0.009196	0.001977	0.001977
209	4	34	4	P50	1	0.024694	0.022668	0.036185	0.034141
209	4	34	4	P75	4	0.028312	0.028312	-0.006892	-0.006892
209	4	34	4	P90	13	0.035939	0.035939	0.042635	0.042635
209	4	34	4	P95	56	-0.010489	-0.010489	-0.006667	-0.006667
209	4	34	4	P99	56	0.011281	0.011281	0.015147	0.015147
209	4	34	4	P999	56	0.011281	0.011281	0.015147	0.015147
209	5	38	5	P1	1	-0.009498	-0.009498	0.001672	0.001672
209	5	38	5	P50	1	0.022513	0.020802	0.033984	0.032258
209	5	38	5	P75	4	0.017183	0.017183	-0.017620	-0.017620
209	5	38	5	P90	13	0.035939	0.035939	0.042635	0.042635
209	5	38	5	P95	56	-0.010489	-0.010489	-0.006667	-0.006667
209	5	38	5	P99	56	0.011281	0.011281	0.015147	0.015147
209	5	38	5	P999	56	0.011281	0.011281	0.015147	0.015147
209	6	43	6	P1	1	-0.009498	-0.009498	0.001672	0.001672
209	6	43	6	P50	1	0.025942	0.025942	0.037445	0.037445
209	6	43	6	P75	4	0.022732	0.022732	-0.012270	-0.012270
209	6	43	6	P90	12	0.028706	0.028706	0.035520	0.035520
209	6	43	6	P95	52	-0.001722	-0.001722	0.002254	0.002254
209	6	43	6	P99	56	0.011281	0.011281	0.015147	0.015147
209	6	43	6	P999	56	0.011281	0.011281	0.015147	0.015147
209	7	56	7	P1	1	-0.009991	-0.009991	0.001175	0.001175
209	7	56	7	P50	1	0.023161	0.021958	0.034638	0.033424
209	7	56	7	P75	4	0.006175	0.000716	-0.028232	-0.033495
209	7	56	7	P90	11	0.028667	0.028667	0.035645	0.035645
209	7	56	7	P95	52	-0.001722	-0.001722	0.002254	0.002254
209	7	56	7	P99	56	0.011281	0.011281	0.015147	0.015147
209	7	56	7	P999	56	0.011281	0.011281	0.015147	0.015147
210	1	4	1	P1	13	0.012948	0.012948	0.042635	0.042635
210	1	4	1	P50	52	0.017927	-0.723759	0.002254	-0.727767
210	1	4	1	P75	54	0.023782	-0.019774	0.007988	-0.034867
210	1	4	1	P90	54	0.023782	0.023782	0.007988	0.007988
210	1	4	1	P95	54	0.023782	0.023782	0.007988	0.007988
210	1	4	1	P99	54	0.023782	0.023782	0.007988	0.007988
210	1	4	1	P999	54	0.023782	0.023782	0.007988	0.007988
210	2	6	2	P1	1	0.015494	0.015494	0.021960	0.021960
210	2	6	2	P50	14	0.011830	-0.072592	0.011149	-0.031839
210	2	6	2	P75	52	0.006426	0.006426	0.002254	0.002254
210	2	6	2	P90	54	0.012301	0.012301	0.007988	0.007988
210	2	6	2	P95	54	0.012301	0.012301	0.007988	0.007988
210	2	6	2	P99	54	0.012301	0.012301	0.007988	0.007988
210	2	6	2	P999	54	0.012301	0.012301	0.007988	0.007988
210	3	11	3	P1	1	0.015494	0.015494	0.021960	0.021960
210	3	11	3	P50	4	0.034506	0.034506	-0.006892	-0.006892
210	3	11	3	P75	14	0.011830	0.011830	0.011149	0.011149
210	3	11	3	P90	52	0.006426	0.006426	0.002254	0.002254
210	3	11	3	P95	54	0.012301	0.012301	0.007988	0.007988
210	3	11	3	P99	54	0.012301	0.012301	0.007988	0.007988
210	3	11	3	P999	54	0.012301	0.012301	0.007988	0.007988
210	4	16	4	P1	1	0.015494	0.015494	0.021960	0.021960
210	4	16	4	P50	4	0.012218	0.001254	-0.010481	-0.015246
210	4	16	4	P75	13	-0.001253	-0.678205	0.042635	-0.691091
210	4	16	4	P90	52	0.006426	0.006426	0.002254	0.002254
210	4	16	4	P95	54	0.012301	0.012301	0.007988	0.007988
210	4	16	4	P99	54	0.012301	0.012301	0.007988	0.007988
210	4	16	4	P999	54	0.012301	0.012301	0.007988	0.007988
210	5	23	5	P1	1	-0.001564	-0.001564	0.004839	0.004839
210	5	23	5	P50	4	-0.024576	-0.024576	-0.029404	-0.029404
210	5	23	5	P75	4	0.034506	0.034506	-0.000881	-0.000881
210	5	23	5	P90	14	0.011830	0.011830	0.011149	0.011149
210	5	23	5	P95	52	0.006426	0.006426	0.002254	0.002254
210	5	23	5	P99	54	0.012301	0.012301	0.007988	0.007988
210	5	23	5	P999	54	0.012301	0.012301	0.007988	0.007988
210	6	25	6	P1	1	-0.001564	-0.001564	0.004839	0.004839
210	6	25	6	P50	4	-0.016041	-0.016041	-0.024707	-0.024707
210	6	25	6	P75	4	0.045834	0.045834	0.003953	0.003953
210	6	25	6	P90	14	0.011830	0.011830	0.011149	0.011149
210	6	25	6	P95	52	0.006426	0.006426	0.002254	0.002254
210	6	25	6	P99	54	0.012301	0.012301	0.007988	0.007988
210	6	25	6	P999	54	0.012301	0.012301	0.007988	0.007988
210	7	27	7	P1	1	-0.015786	-0.015786	0.004839	0.004839
210	7	27	7	P50	4	-0.024930	-0.024930	-0.019988	-0.019988
210	7	27	7	P75	12	0.014703	0.014703	0.035520	0.035520
210	7	27	7	P90	53	0.006616	0.006616	0.004938	0.004938
210	7	27	7	P95	54	0.031851	0.031851	0.007988	0.007988
210	7	27	7	P99	57	0.020956	0.020956	0.041622	0.041622
210	7	27	7	P999	57	0.020956	0.020956	0.041622	0.041622
211	1	6	1	P1	2	0.019819	0.019819	-0.019556	-0.019556
211	1	6	1	P50	4	-0.019434	-0.030062	-0.017620	-0.028232
211	1	6	1	P75	4	-0.008689	-0.008689	-0.006892	-0.006892
211	1	6	1	P90	4	0.002174	0.002174	0.003953	0.003953
211	1	6	1	P95	4	0.002174	0.002174	0.003953	0.003953
211	1	6	1	P99	4	0.002174	0.002174	0.003953	0.003953
211	1	6	1	P999	4	0.002174	0.002174	0.003953	0.003953
211	2	10	2	P1	2	0.019819	0.019819	-0.019556	-0.019556
211	2	10	2	P50	4	-0.019434	-0.024763	-0.017620	-0.022940
211	2	10	2	P75	4	-0.008689	-0.008689	-0.006892	-0.006892
211	2	10	2	P90	4	0.002174	-0.003272	0.003953	-0.001484
211	2	10	2	P95	4	0.002174	0.002174	0.003953	0.003953
211	2	10	2	P99	4	0.002174	0.002174	0.003953	0.003953
211	2	10	2	P999	4	0.002174	0.002174	0.003953	0.003953
211	3	28	3	P1	1	-0.001383	-0.001383	0.002719	0.002719
211	3	28	3	P50	1	0.037430	0.034609	0.041571	0.038746
211	3	28	3	P75	4	-0.028171	-0.033451	-0.028232	-0.033495
211	3	28	3	P90	4	-0.006764	-0.006764	-0.006892	-0.006892
211	3	28	3	P95	4	-0.001338	-0.001338	-0.001484	-0.001484
211	3	28	3	P99	4	0.004116	0.004116	0.003953	0.003953
211	3	28	3	P999	4	0.004116	0.004116	0.003953	0.003953
211	4	30	4	P1	1	-0.015412	-0.015412	0.002719	0.002719
211	4	30	4	P50	1	0.025543	0.022760	0.044403	0.041571
211	4	30	4	P75	4	-0.039817	-0.039817	-0.022940	-0.022940
211	4	30	4	P90	4	-0.013371	-0.018718	0.003953	-0.001484
211	4	30	4	P95	11	0.018417	0.018417	0.035645	0.035645
211	4	30	4	P99	13	0.025398	0.025398	0.042635	0.042635
211	4	30	4	P999	13	0.025398	0.025398	0.042635	0.042635
211	5	32	5	P1	1	-0.005288	-0.005288	0.002719	0.002719
211	5	32	5	P50	2	0.010177	-0.481918	-0.026629	-0.477799
211	5	32	5	P75	4	-0.016943	-0.022280	-0.012270	-0.017620
211	5	32	5	P90	11	0.033357	0.033357	0.035645	0.035645
211	5	32	5	P95	56	0.016800	0.016800	0.015147	0.015147
211	5	32	5	P99	59	0.008056	0.008056	0.006313	0.006313
211	5	32	5	P999	59	0.008056	0.008056	0.006313	0.006313
211	6	34	6	P1	1	-0.005589	-0.005589	0.002417	0.002417
211	6	34	6	P50	1	0.036163	0.033660	0.044403	0.041885
211	6	34	6	P75	4	-0.022280	-0.022280	-0.017620	-0.017620
211	6	34	6	P90	11	0.033357	0.033357	0.035645	0.035645
211	6	34	6	P95	56	0.016800	0.016800	0.015147	0.015147
211	6	34	6	P99	59	0.008056	0.008056	0.006313	0.006313
211	6	34	6	P999	59	0.008056	0.008056	0.006313	0.006313
211	7	38	7	P1	1	-0.005589	-0.005589	0.002417	0.002417
211	7	38	7	P50	2	0.024948	0.010177	-0.012431	-0.026629
211	7	38	7	P75	4	-0.006182	-0.006182	-0.011783	-0.011783
211	7	38	7	P90	11	0.033357	0.033357	0.035645	0.035645
211	7	38	7	P95	56	0.016800	0.016800	0.015147	0.015147
211	7	38	7	P99	59	0.008056	0.008056	0.006313	0.006313
211	7	38	7	P999	59	0.008056	0.008056	0.006313	0.006313
212	1	51	1	P1	1	-0.003156	-0.003156	0.000945	0.000945
212	1	51	1	P50	1	0.020735	0.020735	0.024860	0.024860
212	1	51	1	P75	1	0.033384	0.033384	0.037521	0.037521
212	1	51	1	P90	1	0.040260	0.040260	0.044403	0.044403
212	1	51	1	P95	3	-0.013172	-0.013172	0.031442	0.031442
212	1	51	1	P99	4	0.004116	0.004116	0.003953	0.003953
212	1	51	1	P999	4	0.004116	0.004116	0.003953	0.003953
212	2	56	2	P1	1	-0.017155	-0.017155	0.000945	0.000945
212	2	56	2	P50	1	0.009199	0.008245	0.027768	0.026798
212	2	56	2	P75	1	0.022640	0.021674	0.041448	0.040464
212	2	56	2	P90	4	-0.013371	-0.013371	0.003953	0.003953
212	2	56	2	P95	11	0.007409	0.007409	0.024458	0.024458
212	2	56	2	P99	13	0.025398	0.025398	0.042635	0.042635
212	2	56	2	P999	13	0.025398	0.025398	0.042635	0.042635
212	3	61	3	P1	1	-0.007588	-0.007588	0.000945	0.000945
212	3	61	3	P50	1	0.020999	0.020999	0.029711	0.029711
212	3	61	3	P75	1	0.035600	0.035600	0.044403	0.044403
212	3	61	3	P90	11	0.032563	0.032563	0.035645	0.035645
212	3	61	3	P95	54	0.008600	0.008600	0.007988	0.007988
212	3	61	3	P99	60	-0.009660	-0.009660	0.033479	0.033479
212	3	61	3	P999	60	-0.009660	-0.009660	0.033479	0.033479
212	4	66	4	P1	1	-0.007646	-0.007646	0.000887	0.000887
212	4	66	4	P50	1	0.021887	0.020979	0.030604	0.029691
212	4	66	4	P75	2	0.009565	0.009565	-0.026629	-0.026629
212	4	66	4	P90	11	0.032563	0.032563	0.035645	0.035645
212	4	66	4	P95	54	0.008600	0.008600	0.007988	0.007988
212	4	66	4	P99	60	-0.009660	-0.009660	0.033479	0.033479
212	4	66	4	P999	60	-0.009660	-0.009660	0.033479	0.033479
212	5	70	5	P1	1	-0.007646	-0.007646	0.000887	0.000887
212	5	70	5	P50	1	0.023705	0.022796	0.032434	0.031519
212	5	70	5	P75	3	-0.039529	-0.039529	0.001996	0.001996
212	5	70	5	P90	11	0.032563	0.021383	0.035645	0.024458
212	5	70	5	P95	54	0.008600	0.008600	0.007988	0.007988
212	5	70	5	P99	60	-0.009660	-0.009660	0.033479	0.033479
212	5	70	5	P999	60	-0.009660	-0.009660	0.033479	0.033479
212	6	181	6	P1	1	-0.007987	-0.007987	0.000543	0.000543
212	6	181	6	P50	1	0.016334	0.016334	0.025017	0.025017
212	6	181	6	P75	1	0.028858	0.028858	0.037619	0.037619
212	6	181	6	P90	2	0.039301	0.039301	0.001975	0.001975
212	6	181	6	P95	11	-0.000615	-0.000615	0.002444	0.002444
212	6	181	6	P99	57	-0.001957	-0.001957	0.041622	0.041622
212	6	181	6	P999	60	-0.009660	-0.009660	0.033479	0.033479
212	7	185	7	P1	1	-0.007987	-0.007987	0.000543	0.000543
212	7	185	7	P50	1	0.016888	0.016888	0.025574	0.025574
212	7	185	7	P75	1	0.029698	0.029698	0.038464	0.038464
212	7	185	7	P90	4	-0.022933	-0.022933	-0.030341	-0.030341
212	7	185	7	P95	12	0.010403	0.010403	0.013268	0.013268
212	7	185	7	P99	57	-0.001957	-0.001957	0.041622	0.041622
212	7	185	7	P999	60	-0.009660	-0.009660	0.033479	0.033479
213	1	6	1	P1	2	0.011272	0.011272	-0.019556	-0.019556
213	1	6	1	P50	54	0.001859	-0.019711	0.007988	-0.013672
213	1	6	1	P75	56	0.009060	0.009060	0.015147	0.015147
213	1	6	1	P90	61	0.010612	0.010612	0.016537	0.016537
213	1	6	1	P95	61	0.010612	0.010612	0.016537	0.016537
213	1	6	1	P99	61	0.010612	0.010612	0.016537	0.016537
213	1	6	1	P999	61	0.010612	0.010612	0.016537	0.016537
213	2	10	2	P1	1	-0.000898	-0.000898	0.010920	0.010920
213	2	10	2	P50	2	0.035536	0.013246	0.001975	-0.019556
213	2	10	2	P75	54	0.003113	0.003113	0.007988	0.007988
213	2	10	2	P90	61	0.011849	-0.072499	0.016537	-0.068062
213	2	10	2	P95	61	0.011849	0.011849	0.016537	0.016537
213	2	10	2	P99	61	0.011849	0.011849	0.016537	0.016537
213	2	10	2	P999	61	0.011849	0.011849	0.016537	0.016537
213	3	14	3	P1	1	-0.000898	-0.000898	0.010920	0.010920
213	3	14	3	P50	3	0.021362	-0.000622	0.031442	0.009278
213	3	14	3	P75	53	0.000040	0.000040	0.004938	0.004938
213	3	14	3	P90	56	0.010313	0.010313	0.015147	0.015147
213	3	14	3	P95	61	0.011849	0.011849	0.016537	0.016537
213	3	14	3	P99	61	0.011849	0.011849	0.016537	0.016537
213	3	14	3	P999	61	0.011849	0.011849	0.016537	0.016537
213	4	451	4	P1	1	-0.011219	-0.011219	0.000496	0.000496
213	4	451	4	P50	1	0.010734	0.010734	0.022670	0.022670
213	4	451	4	P75	1	0.022146	0.022146	0.034197	0.034197
213	4	451	4	P90	1	0.028974	0.028974	0.041093	0.041093
213	4	451	4	P95	1	0.031328	0.031328	0.043471	0.043471
213	4	451	4	P99	4	0.038833	0.038833	0.003953	0.003953
213	4	451	4	P999	61	0.011849	0.011849	0.016537	0.016537
213	5	467	5	P1	1	-0.011219	-0.011219	0.000496	0.000496
213	5	467	5	P50	1	0.011538	0.011538	0.023482	0.023482
213	5	467	5	P75	1	0.023366	0.023366	0.035429	0.035429
213	5	467	5	P90	1	0.030508	0.030508	0.042643	0.042643
213	5	467	5	P95	3	-0.000622	-0.000622	0.009278	0.009278
213	5	467	5	P99	15	0.022195	0.022195	0.029409	0.029409
213	5	467	5	P999	61	0.011849	0.011849	0.016537	0.016537
213	6	476	6	P1	1	-0.011225	-0.011225	0.000489	0.000489
213	6	476	6	P50	1	0.011716	0.011617	0.023662	0.023561
213	6	476	6	P75	1	0.023586	0.023485	0.035651	0.035549
213	6	476	6	P90	1	0.030734	0.030734	0.042871	0.042871
213	6	476	6	P95	3	-0.000622	-0.000622	0.009278	0.009278
213	6	476	6	P99	15	0.022195	0.022195	0.029409	0.029409
213	6	476	6	P999	61	0.011849	0.011849	0.016537	0.016537
213	7	492	7	P1	1	-0.011225	-0.011225	0.000489	0.000489
213	7	492	7	P50	1	0.012509	0.012410	0.024463	0.024363
213	7	492	7	P75	1	0.024790	0.024690	0.036868	0.036766
213	7	492	7	P90	1	0.032149	0.032149	0.044300	0.044300
213	7	492	7	P95	13	0.023893	0.023893	0.031372	0.031372
213	7	492	7	P99	56	0.010313	0.010313	0.015147	0.015147
213	7	492	7	P999	61	0.011849	0.011849	0.016537	0.016537
214	1	20	1	P1	1	-0.001202	-0.001202	0.002901	0.002901
214	1	20	1	P50	1	0.028241	0.025258	0.032373	0.029387
214	1	20	1	P75	2	0.044542	-0.479870	0.001975	-0.477799
214	1	20	1	P90	4	-0.010364	-0.024636	-0.010481	-0.024707
214	1	20	1	P95	4	0.004116	-0.010364	0.003953	-0.010481
214	1	20	1	P99	4	0.004116	0.004116	0.003953	0.003953
214	1	20	1	P999	4	0.004116	0.004116	0.003953	0.003953
214	2	31	2	P1	1	-0.002429	-0.002429	0.001672	0.001672
214	2	31	2	P50	1	0.022969	0.022969	0.027096	0.027096
214	2	31	2	P75	1	0.036779	0.036779	0.040918	0.040918
214	2	31	2	P90	3	-0.013172	-0.013172	0.031442	0.031442
214	2	31	2	P95	4	-0.010364	-0.010364	-0.010481	-0.010481
214	2	31	2	P99	4	0.004116	0.004116	0.003953	0.003953
214	2	31	2	P999	4	0.004116	0.004116	0.003953	0.003953
214	3	34	3	P1	1	-0.016441	-0.016441	0.001672	0.001672
214	3	34	3	P50	1	0.011917	0.010226	0.030534	0.028814
214	3	34	3	P75	1	0.025543	0.025543	0.044403	0.044403
214	3	34	3	P90	4	-0.013371	-0.013371	0.003953	0.003953
214	3	34	3	P95	13	0.003350	0.003350	0.020230	0.020230
214	3	34	3	P99	13	0.025398	0.025398	0.042635	0.042635
214	3	34	3	P999	13	0.025398	0.025398	0.042635	0.042635
214	4	37	4	P1	1	-0.006865	-0.006865	0.001672	0.001672
214	4	37	4	P50	1	0.023530	0.023530	0.032258	0.032258
214	4	37	4	P75	3	-0.018388	-0.018388	0.031442	0.031442
214	4	37	4	P90	13	0.039946	0.039946	0.042635	0.042635
214	4	37	4	P95	54	-0.005934	-0.005934	0.007988	0.007988
214	4	37	4	P99	55	-0.009738	-0.009738	0.033604	0.033604
214	4	37	4	P999	55	-0.009738	-0.009738	0.033604	0.033604
214	5	40	5	P1	1	-0.006984	-0.006984	0.001553	0.001553
214	5	40	5	P50	1	0.024387	0.022796	0.033120	0.031519
214	5	40	5	P75	3	-0.018388	-0.307132	0.031442	-0.332017
214	5	40	5	P90	13	0.039946	0.017548	0.042635	0.020230
214	5	40	5	P95	54	-0.005934	-0.020258	0.007988	-0.013672
214	5	40	5	P99	55	-0.009738	-0.009738	0.033604	0.033604
214	5	40	5	P999	55	-0.009738	-0.009738	0.033604	0.033604
214	6	44	6	P1	1	-0.006984	-0.006984	0.001553	0.001553
214	6	44	6	P50	1	0.027579	0.025982	0.036331	0.034725
214	6	44	6	P75	4	-0.015816	-0.029999	-0.021878	-0.030341
214	6	44	6	P90	13	0.017548	0.017548	0.020230	0.020230
214	6	44	6	P95	54	-0.020258	-0.020258	-0.013672	-0.013672
214	6	44	6	P99	55	-0.009738	-0.009738	0.033604	0.033604
214	6	44	6	P999	55	-0.009738	-0.009738	0.033604	0.033604
214	7	57	7	P1	1	-0.007474	-0.007474	0.001060	0.001060
214	7	57	7	P50	1	0.022485	0.022485	0.031206	0.031206
214	7	57	7	P75	2	0.039301	0.039301	0.001975	0.001975
214	7	57	7	P90	11	0.032563	0.032563	0.035645	0.035645
214	7	57	7	P95	54	-0.020258	-0.020258	-0.013672	-0.013672
214	7	57	7	P99	55	-0.009738	-0.009738	0.033604	0.033604
214	7	57	7	P999	55	-0.009738	-0.009738	0.033604	0.033604
215	1	8	0	P1	3	0.005304	0.005304	0.031442	0.031442
215	1	8	0	P50	4	0.003108	-0.003098	-0.014566	-0.020664
215	1	8	0	P75	4	0.015637	0.009353	-0.002258	-0.008431
215	1	8	0	P90	4	0.021960	0.021960	0.003953	0.003953
215	1	8	0	P95	4	0.021960	0.021960	0.003953	0.003953
215	1	8	0	P99	4	0.021960	0.021960	0.003953	0.003953
215	1	8	0	P999	4	0.021960	0.021960	0.003953	0.003953
215	2	26	1	P1	1	-0.001685	-0.001685	0.002417	0.002417
215	2	26	1	P50	1	0.030234	0.027743	0.034368	0.031874
215	2	26	1	P75	4	-0.032698	-0.032698	-0.032745	-0.032745
215	2	26	1	P90	4	-0.008308	-0.008308	-0.008431	-0.008431
215	2	26	1	P95	4	-0.002115	-0.002115	-0.002258	-0.002258
215	2	26	1	P99	4	0.004116	0.004116	0.003953	0.003953
215	2	26	1	P999	4	0.004116	0.004116	0.003953	0.003953
215	3	31	2	P1	1	-0.015682	-0.015682	0.002417	0.002417
215	3	31	2	P50	1	0.020630	0.020630	0.039373	0.039373
215	3	31	2	P75	4	-0.025516	-0.025516	-0.008431	-0.008431
215	3	31	2	P90	11	-0.003441	-0.003441	0.013391	0.013391
215	3	31	2	P95	12	0.018388	0.018388	0.035520	0.035520
215	3	31	2	P99	13	0.025440	0.025440	0.042635	0.042635
215	3	31	2	P999	13	0.025440	0.025440	0.042635	0.042635
215	4	36	3	P1	1	-0.006126	-0.006126	0.002417	0.002417
215	4	36	3	P50	3	-0.018388	-0.654800	0.031442	-0.651866
215	4	36	3	P75	11	0.010324	-0.053558	0.013391	-0.050543
215	4	36	3	P90	51	0.022425	0.022425	0.021906	0.021906
215	4	36	3	P95	55	-0.024007	-0.024007	0.011394	0.011394
215	4	36	3	P99	55	-0.009738	-0.009738	0.033604	0.033604
215	4	36	3	P999	55	-0.009738	-0.009738	0.033604	0.033604
215	5	41	4	P1	1	-0.006648	-0.006648	0.001891	0.001891
215	5	41	4	P50	1	0.031686	0.031686	0.040464	0.040464
215	5	41	4	P75	4	-0.001427	-0.001427	0.003953	0.003953
215	5	41	4	P90	48	-0.004278	-0.004278	0.039614	0.039614
215	5	41	4	P95	54	-0.020258	-0.020258	0.007988	0.007988
215	5	41	4	P99	55	-0.009738	-0.009738	0.033604	0.033604
215	5	41	4	P999	55	-0.009738	-0.009738	0.033604	0.033604
215	6	45	5	P1	1	-0.006648	-0.006648	0.001891	0.001891
215	6	45	5	P50	1	0.035600	0.035600	0.044403	0.044403
215	6	45	5	P75	4	0.020553	0.020553	-0.000881	-0.000881
215	6	45	5	P90	48	-0.004278	-0.004278	0.039614	0.039614
215	6	45	5	P95	54	-0.020258	-0.020258	0.007988	0.007988
215	6	45	5	P99	55	-0.009738	-0.009738	0.033604	0.033604
215	6	45	5	P999	55	-0.009738	-0.009738	0.033604	0.033604
215	7	49	6	P1	1	-0.006648	-0.006648	0.001891	0.001891
215	7	49	6	P50	3	-0.007643	-0.007643	0.004903	0.004903
215	7	49	6	P75	4	0.020553	0.020553	-0.003946	-0.003946
215	7	49	6	P90	48	-0.004278	-0.004278	0.039614	0.039614
215	7	49	6	P95	54	-0.020258	-0.020258	0.007988	0.007988
215	7	49	6	P99	55	-0.009738	-0.009738	0.033604	0.033604
215	7	49	6	P999	55	-0.009738	-0.009738	0.033604	0.033604
216	1	125	1	P1	1	-0.007773	-0.007773	0.000776	0.000776
216	1	125	1	P50	1	0.016041	0.016041	0.024739	0.024739
216	1	125	1	P75	1	0.028361	0.028361	0.037136	0.037136
216	1	125	1	P90	10	-0.003298	-0.003298	0.044403	0.044403
216	1	125	1	P95	12	-0.032674	-0.032674	0.013268	0.013268
216	1	125	1	P99	14	-0.013105	-0.013105	-0.010578	-0.010578
216	1	125	1	P999	14	0.008617	0.008617	0.011149	0.011149
216	2	141	2	P1	1	-0.007806	-0.007806	0.000743	0.000743
216	2	141	2	P50	1	0.018004	0.018004	0.026715	0.026715
216	2	141	2	P75	1	0.031352	0.031352	0.040145	0.040145
216	2	141	2	P90	2	0.035176	0.035176	-0.001975	-0.001975
216	2	141	2	P95	11	-0.011459	-0.011459	0.035645	0.035645
216	2	141	2	P99	14	-0.013105	-0.013105	-0.010578	-0.010578
216	2	141	2	P999	14	0.008617	0.008617	0.011149	0.011149
216	3	154	3	P1	1	-0.016991	-0.016991	0.000743	0.000743
216	3	154	3	P50	1	0.011165	0.010789	0.029387	0.029005
216	3	154	3	P75	1	0.025544	0.025544	0.044015	0.044015
216	3	154	3	P90	13	-0.017698	-0.017698	0.042635	0.042635
216	3	154	3	P95	56	-0.000139	-0.000139	0.015147	0.015147
216	3	154	3	P99	62	0.028911	0.028911	0.000141	0.000141
216	3	154	3	P999	83	-0.002358	-0.002358	0.012629	0.012629
216	4	167	4	P1	1	-0.017048	-0.017048	0.000684	0.000684
216	4	167	4	P50	1	0.010934	0.010934	0.029152	0.029152
216	4	167	4	P75	1	0.025574	0.025574	0.044045	0.044045
216	4	167	4	P90	13	-0.031830	-0.031830	0.027644	0.027644
216	4	167	4	P95	55	0.010691	0.010691	0.026147	0.026147
216	4	167	4	P99	62	0.028911	0.028911	0.000141	0.000141
216	4	167	4	P999	83	-0.002358	-0.002358	0.012629	0.012629
216	5	171	5	P1	1	-0.017048	-0.017048	0.000684	0.000684
216	5	171	5	P50	1	0.011627	0.011627	0.029856	0.029856
216	5	171	5	P75	2	-0.009188	-0.009188	-0.034651	-0.034651
216	5	171	5	P90	13	-0.045759	-0.045759	0.012870	0.012870
216	5	171	5	P95	55	0.010691	0.010691	0.026147	0.026147
216	5	171	5	P99	62	0.028911	0.028911	0.000141	0.000141
216	5	171	5	P999	83	-0.002358	-0.002358	0.012629	0.012629
216	6	174	6	P1	1	-0.017064	-0.017064	0.000669	0.000669
216	6	174	6	P50	1	0.011616	0.011278	0.029846	0.029502
216	6	174	6	P75	2	-0.012260	-0.012260	-0.037642	-0.037642
216	6	174	6	P90	13	-0.045759	-0.045759	0.012870	0.012870
216	6	174	6	P95	55	0.010691	0.010691	0.026147	0.026147
216	6	174	6	P99	62	0.028911	0.028911	0.000141	0.000141
216	6	174	6	P999	83	-0.002358	-0.002358	0.012629	0.012629
216	7	178	7	P1	1	-0.017064	-0.017064	0.000669	0.000669
216	7	178	7	P50	1	0.012293	0.011954	0.030534	0.030190
216	7	178	7	P75	2	-0.003015	-0.003015	-0.028641	-0.028641
216	7	178	7	P90	13	-0.045759	-0.045759	0.012870	0.012870
216	7	178	7	P95	55	0.010691	0.010691	0.026147	0.026147
216	7	178	7	P99	62	0.028911	0.028911	0.000141	0.000141
216	7	178	7	P999	83	-0.002358	-0.002358	0.012629	0.012629
217	1	706	1	P1	1	-0.020318	-0.020318	0.000505	0.000505
217	1	706	1	P50	1	0.001293	0.001230	0.022573	0.022508
217	1	706	1	P75	1	0.012468	0.012468	0.033984	0.033984
217	1	706	1	P90	1	0.019259	0.019259	0.040918	0.040918
217	1	706	1	P95	1	0.021511	0.021511	0.043218	0.043218
217	1	706	1	P99	2	0.010041	0.010041	-0.012431	-0.012431
217	1	706	1	P999	13	0.021255	0.021255	0.042635	0.042635
217	2	708	2	P1	1	-0.020032	-0.020032	0.000505	0.000505
217	2	708	2	P50	1	0.001650	0.001587	0.022637	0.022573
217	2	708	2	P75	1	0.012894	0.012830	0.034114	0.034049
217	2	708	2	P90	1	0.019688	0.019688	0.041049	0.041049
217	2	708	2	P95	1	0.021941	0.021941	0.043349	0.043349
217	2	708	2	P99	2	0.016245	0.016245	-0.006694	-0.006694
217	2	708	2	P999	59	0.030151	0.030151	0.006313	0.006313
217	3	710	3	P1	1	-0.020032	-0.020032	0.000505	0.000505
217	3	710	3	P50	1	0.001713	0.001650	0.022701	0.022637
217	3	710	3	P75	1	0.012958	0.012958	0.034180	0.034180
217	3	710	3	P90	1	0.019817	0.019752	0.041181	0.041115
217	3	710	3	P95	1	0.022070	0.022070	0.043481	0.043481
217	3	710	3	P99	2	0.017285	0.017285	-0.005678	-0.005678
217	3	710	3	P999	59	0.030151	0.030151	0.006313	0.006313
217	4	714	4	P1	1	-0.020032	-0.020032	0.000505	0.000505
217	4	714	4	P50	1	0.001840	0.001777	0.022830	0.022766
217	4	714	4	P75	1	0.013150	0.013150	0.034375	0.034375
217	4	714	4	P90	1	0.020010	0.020010	0.041378	0.041378
217	4	714	4	P95	1	0.022328	0.022328	0.043744	0.043744
217	4	714	4	P99	3	0.010466	0.010466	0.031442	0.031442
217	4	714	4	P999	59	0.030151	0.030151	0.006313	0.006313
217	5	718	5	P1	1	-0.020032	-0.020032	0.000505	0.000505
217	5	718	5	P50	1	0.001966	0.001903	0.022959	0.022895
217	5	718	5	P75	1	0.013341	0.013341	0.034571	0.034571
217	5	718	5	P90	1	0.020267	0.020267	0.041640	0.041640
217	5	718	5	P95	1	0.022586	0.022586	0.044007	0.044007
217	5	718	5	P99	4	0.005184	0.005184	-0.017620	-0.017620
217	5	718	5	P999	59	0.030151	0.030151	0.006313	0.006313
217	6	755	6	P1	1	-0.020057	-0.020057	0.000479	0.000479
217	6	755	6	P50	1	0.001886	0.001886	0.022878	0.022878
217	6	755	6	P75	1	0.013284	0.013284	0.034512	0.034512
217	6	755	6	P90	1	0.020160	0.020160	0.041532	0.041532
217	6	755	6	P95	1	0.022483	0.022483	0.043903	0.043903
217	6	755	6	P99	4	0.005184	0.005184	-0.017620	-0.017620
217	6	755	6	P999	59	0.030151	0.030151	0.006313	0.006313
217	7	758	7	P1	1	-0.020057	-0.020057	0.000479	0.000479
217	7	758	7	P50	1	0.002006	0.001946	0.023000	0.022939
217	7	758	7	P75	1	0.013405	0.013405	0.034636	0.034636
217	7	758	7	P90	1	0.020344	0.020344	0.041719	0.041719
217	7	758	7	P95	1	0.022667	0.022667	0.044090	0.044090
217	7	758	7	P99	4	0.027262	0.027262	0.003953	0.003953
217	7	758	7	P999	59	0.030151	0.030151	0.006313	0.006313
218	1	16	1	P1	1	-0.013189	-0.013189	0.006226	0.006226
218	1	16	1	P50	2	-0.002439	-0.009642	-0.026629	-0.033652
218	1	16	1	P75	2	0.026901	0.019486	0.001975	-0.005254
218	1	16	1	P90	55	0.002445	0.002445	0.011394	0.011394
218	1	16	1	P95	56	-0.001082	-0.001082	0.015147	0.015147
218	1	16	1	P99	56	-0.001082	-0.001082	0.015147	0.015147
218	1	16	1	P999	56	-0.001082	-0.001082	0.015147	0.015147
218	2	19	2	P1	1	-0.013441	-0.013441	0.004354	0.004354
218	2	19	2	P50	1	0.025925	0.025925	0.044403	0.044403
218	2	19	2	P75	2	0.021005	0.021005	-0.005254	-0.005254
218	2	19	2	P90	55	0.003394	0.003394	0.011394	0.011394
218	2	19	2	P95	56	-0.000139	-0.000139	0.015147	0.015147
218	2	19	2	P99	56	-0.000139	-0.000139	0.015147	0.015147
218	2	19	2	P999	56	-0.000139	-0.000139	0.015147	0.015147
218	3	23	3	P1	1	-0.013441	-0.013441	0.004354	0.004354
218	3	23	3	P50	2	-0.000949	-0.000949	-0.026629	-0.026629
218	3	23	3	P75	3	-0.000656	-0.000656	0.016613	0.016613
218	3	23	3	P90	54	0.007272	0.007272	0.007988	0.007988
218	3	23	3	P95	55	0.003394	0.003394	0.011394	0.011394
218	3	23	3	P99	56	-0.000139	-0.000139	0.015147	0.015147
218	3	23	3	P999	56	-0.000139	-0.000139	0.015147	0.015147
218	4	27	4	P1	1	-0.013441	-0.013441	0.004354	0.004354
218	4	27	4	P50	2	0.013634	0.013634	-0.012431	-0.012431
218	4	27	4	P75	3	0.013931	0.013931	0.031442	0.031442
218	4	27	4	P90	54	0.007272	0.007272	0.007988	0.007988
218	4	27	4	P95	55	0.003394	0.003394	0.011394	0.011394
218	4	27	4	P99	56	-0.000139	-0.000139	0.015147	0.015147
218	4	27	4	P999	56	-0.000139	-0.000139	0.015147	0.015147
218	5	239	5	P1	1	-0.017138	-0.017138	0.000593	0.000593
218	5	239	5	P50	1	0.005850	0.005850	0.023980	0.023980
218	5	239	5	P75	1	0.017847	0.017847	0.036185	0.036185
218	5	239	5	P90	1	0.025114	0.025114	0.043578	0.043578
218	5	239	5	P95	2	0.028430	0.028430	0.001975	0.001975
218	5	239	5	P99	54	0.007272	0.007272	0.007988	0.007988
218	5	239	5	P999	56	-0.000139	-0.000139	0.015147	0.015147
218	6	242	6	P1	1	-0.017138	-0.017138	0.000593	0.000593
218	6	242	6	P50	1	0.006248	0.006049	0.024385	0.024183
218	6	242	6	P75	1	0.018250	0.018250	0.036595	0.036595
218	6	242	6	P90	1	0.025519	0.025519	0.043990	0.043990
218	6	242	6	P95	3	-0.012175	-0.012175	0.004903	0.004903
218	6	242	6	P99	54	0.007272	0.007272	0.007988	0.007988
218	6	242	6	P999	56	-0.000139	-0.000139	0.015147	0.015147
218	7	245	7	P1	1	-0.017138	-0.017138	0.000593	0.000593
218	7	245	7	P50	1	0.006447	0.006447	0.024587	0.024587
218	7	245	7	P75	1	0.018652	0.018652	0.037004	0.037004
218	7	245	7	P90	2	-0.009957	-0.009957	-0.035400	-0.035400
218	7	245	7	P95	3	0.013931	0.013931	0.031442	0.031442
218	7	245	7	P99	55	0.009227	0.009227	0.018744	0.018744
218	7	245	7	P999	71	0.023653	0.023653	0.039121	0.039121
219	1	7	1	P1	1	0.004184	0.004184	0.021960	0.021960
219	1	7	1	P50	3	0.014866	0.014866	0.031442	0.031442
219	1	7	1	P75	4	0.017206	0.017206	-0.010481	-0.010481
219	1	7	1	P90	4	0.032062	0.032062	0.003953	0.003953
219	1	7	1	P95	4	0.032062	0.032062	0.003953	0.003953
219	1	7	1	P99	4	0.032062	0.032062	0.003953	0.003953
219	1	7	1	P999	4	0.032062	0.032062	0.003953	0.003953
219	2	11	2	P1	1	0.015400	0.015400	0.021960	0.021960
219	2	11	2	P50	4	-0.026532	-0.026532	-0.031744	-0.031744
219	2	11	2	P75	4	0.016843	0.016843	-0.010481	-0.010481
219	2	11	2	P90	4	0.031726	0.031726	-0.003290	-0.003290
219	2	11	2	P95	4	0.046828	0.046828	0.003953	0.003953
219	2	11	2	P99	4	0.046828	0.046828	0.003953	0.003953
219	2	11	2	P999	4	0.046828	0.046828	0.003953	0.003953
219	3	826	3	P1	1	-0.003609	-0.003609	0.000491	0.000491
219	3	826	3	P50	1	0.018702	0.018646	0.022824	0.022768
219	3	826	3	P75	1	0.030241	0.030241	0.034374	0.034374
219	3	826	3	P90	1	0.037250	0.037250	0.041390	0.041390
219	3	826	3	P95	1	0.039577	0.039577	0.043720	0.043720
219	3	826	3	P99	2	0.044542	0.044542	0.001975	0.001975
219	3	826	3	P999	4	0.048842	0.048842	0.003953	0.003953
219	4	831	4	P1	1	-0.017574	-0.017574	0.000491	0.000491
219	4	831	4	P50	1	0.004479	0.004479	0.022936	0.022936
219	4	831	4	P75	1	0.015940	0.015940	0.034600	0.034600
219	4	831	4	P90	1	0.022835	0.022835	0.041617	0.041617
219	4	831	4	P95	1	0.025181	0.025181	0.044004	0.044004
219	4	831	4	P99	4	-0.013337	-0.013337	-0.017620	-0.017620
219	4	831	4	P999	12	0.018388	0.018388	0.035520	0.035520
219	5	836	5	P1	1	-0.011224	-0.011224	0.000491	0.000491
219	5	836	5	P50	1	0.011163	0.011107	0.023103	0.023047
219	5	836	5	P75	1	0.022769	0.022713	0.034825	0.034769
219	5	836	5	P90	1	0.029773	0.029773	0.041901	0.041901
219	5	836	5	P95	1	0.032138	0.032138	0.044289	0.044289
219	5	836	5	P99	11	0.013042	0.013042	0.020756	0.020756
219	5	836	5	P999	61	0.011849	0.011849	0.016537	0.016537
219	6	841	6	P1	1	-0.011226	-0.011226	0.000489	0.000489
219	6	841	6	P50	1	0.011186	0.011186	0.023126	0.023126
219	6	841	6	P75	1	0.022804	0.022804	0.034861	0.034861
219	6	841	6	P90	1	0.029839	0.029839	0.041967	0.041967
219	6	841	6	P95	1	0.032194	0.032194	0.044346	0.044346
219	6	841	6	P99	11	0.013042	0.013042	0.020756	0.020756
219	6	841	6	P999	61	0.011849	0.011849	0.016537	0.016537
219	7	845	7	P1	1	-0.011226	-0.011226	0.000489	0.000489
219	7	845	7	P50	1	0.011296	0.011296	0.023237	0.023237
219	7	845	7	P75	1	0.022971	0.022971	0.035030	0.035030
219	7	845	7	P90	1	0.030063	0.030063	0.042193	0.042193
219	7	845	7	P95	2	-0.002920	-0.002920	-0.035172	-0.035172
219	7	845	7	P99	11	0.013042	0.013042	0.020756	0.020756
219	7	845	7	P999	61	0.011849	0.011849	0.016537	0.016537
220	1	8	1	P1	1	-0.010916	-0.010916	0.007267	0.007267
220	1	8	1	P50	1	0.018168	0.010818	0.036868	0.029387
220	1	8	1	P75	12	-0.003509	-0.914536	0.013268	-0.912966
220	1	8	1	P90	12	0.018388	0.018388	0.035520	0.035520
220	1	8	1	P95	12	0.018388	0.018388	0.035520	0.035520
220	1	8	1	P99	12	0.018388	0.018388	0.035520	0.035520
220	1	8	1	P999	12	0.018388	0.018388	0.035520	0.035520
220	2	20	2	P1	1	-0.014767	-0.014767	0.003348	0.003348
220	2	20	2	P50	1	0.018736	0.015335	0.037445	0.033984
220	2	20	2	P75	2	0.010312	0.001566	-0.015287	-0.023806
220	2	20	2	P90	12	-0.003509	-0.828661	0.013268	-0.833004
220	2	20	2	P95	12	0.018388	-0.003509	0.035520	0.013268
220	2	20	2	P99	12	0.018388	0.018388	0.035520	0.035520
220	2	20	2	P999	12	0.018388	0.018388	0.035520	0.035520
220	3	22	3	P1	1	-0.007838	-0.007838	0.003348	0.003348
220	3	22	3	P50	1	0.029383	0.025942	0.040918	0.037445
220	3	22	3	P75	2	0.027212	0.027212	-0.006694	-0.006694
220	3	22	3	P90	12	0.028706	0.028706	0.035520	0.035520
220	3	22	3	P95	55	0.007502	0.007502	0.011394	0.011394
220	3	22	3	P99	56	0.011281	0.011281	0.015147	0.015147
220	3	22	3	P999	56	0.011281	0.011281	0.015147	0.015147
220	4	24	4	P1	1	-0.008076	-0.008076	0.003108	0.003108
220	4	24	4	P50	1	0.029629	0.026433	0.041167	0.037941
220	4	24	4	P75	2	0.028704	0.021268	-0.005254	-0.012431
220	4	24	4	P90	12	0.028706	0.028706	0.035520	0.035520
220	4	24	4	P95	55	0.007502	0.007502	0.011394	0.011394
220	4	24	4	P99	56	0.011281	0.011281	0.015147	0.015147
220	4	24	4	P999	56	0.011281	0.011281	0.015147	0.015147
220	5	28	5	P1	1	-0.008076	-0.008076	0.003108	0.003108
220	5	28	5	P50	2	-0.000717	-0.483583	-0.033652	-0.477799
220	5	28	5	P75	4	0.009831	-0.233463	-0.024707	-0.226419
220	5	28	5	P90	12	0.028706	0.028706	0.035520	0.035520
220	5	28	5	P95	55	0.007502	0.007502	0.011394	0.011394
220	5	28	5	P99	56	0.011281	0.011281	0.015147	0.015147
220	5	28	5	P999	56	0.011281	0.011281	0.015147	0.015147
220	6	84	6	P1	1	-0.010522	-0.010522	0.000639	0.000639
220	6	84	6	P50	1	0.016439	0.015789	0.027853	0.027197
220	6	84	6	P75	1	0.030194	0.029535	0.041737	0.041072
220	6	84	6	P90	3	0.000047	0.000047	0.009278	0.009278
220	6	84	6	P95	4	0.039562	0.039562	0.003953	0.003953
220	6	84	6	P99	56	0.011281	0.011281	0.015147	0.015147
220	6	84	6	P999	56	0.011281	0.011281	0.015147	0.015147
220	7	90	7	P1	1	-0.010522	-0.010522	0.000639	0.000639
220	7	90	7	P50	1	0.018393	0.017741	0.029825	0.029168
220	7	90	7	P75	1	0.032835	0.032835	0.044403	0.044403
220	7	90	7	P90	12	-0.007937	-0.057055	-0.001300	-0.050658
220	7	90	7	P95	12	0.021271	0.021271	0.028049	0.028049
220	7	90	7	P99	56	0.011281	0.011281	0.015147	0.015147
220	7	90	7	P999	56	0.011281	0.011281	0.015147	0.015147
221	1	10	1	P1	1	-0.003446	-0.003446	0.010920	0.010920
221	1	10	1	P50	54	-0.001215	-0.043732	0.007988	-0.034867
221	1	10	1	P75	56	0.005935	0.005935	0.015147	0.015147
221	1	10	1	P90	58	0.014430	-0.007396	0.023663	0.001666
221	1	10	1	P95	58	0.014430	0.014430	0.023663	0.023663
221	1	10	1	P99	58	0.014430	0.014430	0.023663	0.023663
221	1	10	1	P999	58	0.014430	0.014430	0.023663	0.023663
221	2	16	2	P1	1	-0.008850	-0.008850	0.005445	0.005445
221	2	16	2	P50	2	0.010346	-0.485198	-0.019556	-0.477799
221	2	16	2	P75	56	-0.015709	-0.036886	-0.006667	-0.028012
221	2	16	2	P90	57	0.010018	0.010018	0.019239	0.019239
221	2	16	2	P95	58	0.014430	0.014430	0.023663	0.023663
221	2	16	2	P99	58	0.014430	0.014430	0.023663	0.023663
221	2	16	2	P999	58	0.014430	0.014430	0.023663	0.023663
221	3	20	3	P1	1	-0.008850	-0.008850	0.005445	0.005445
221	3	20	3	P50	3	-0.003656	-0.311625	0.009278	-0.332017
221	3	20	3	P75	54	-0.001215	-0.043732	0.007988	-0.034867
221	3	20	3	P90	57	0.010018	-0.011713	0.019239	-0.002663
221	3	20	3	P95	58	0.014430	-0.007396	0.023663	0.001666
221	3	20	3	P99	58	0.014430	0.014430	0.023663	0.023663
221	3	20	3	P999	58	0.014430	0.014430	0.023663	0.023663
221	4	29	4	P1	1	-0.011541	-0.011541	0.002719	0.002719
221	4	29	4	P50	1	0.026808	0.026808	0.041571	0.041571
221	4	29	4	P75	4	0.013249	0.013249	-0.017620	-0.017620
221	4	29	4	P90	56	0.005935	0.005935	0.015147	0.015147
221	4	29	4	P95	57	0.010018	0.010018	0.019239	0.019239
221	4	29	4	P99	58	0.014430	0.014430	0.023663	0.023663
221	4	29	4	P999	58	0.014430	0.014430	0.023663	0.023663
221	5	33	5	P1	1	-0.011541	-0.011541	0.002719	0.002719
221	5	33	5	P50	2	0.003047	0.003047	-0.026629	-0.026629
221	5	33	5	P75	4	0.017667	0.017667	-0.013342	-0.013342
221	5	33	5	P90	56	-0.015709	-0.015709	-0.006667	-0.006667
221	5	33	5	P95	57	0.010018	0.010018	0.019239	0.019239
221	5	33	5	P99	58	0.014430	0.014430	0.023663	0.023663
221	5	33	5	P999	58	0.014430	0.014430	0.023663	0.023663
221	6	36	6	P1	1	-0.011965	-0.011965	0.002289	0.002289
221	6	36	6	P50	1	0.029604	0.027249	0.044403	0.042017
221	6	36	6	P75	4	0.017667	0.008851	-0.013342	-0.021878
221	6	36	6	P90	56	-0.015709	-0.015709	-0.006667	-0.006667
221	6	36	6	P95	57	0.010018	0.010018	0.019239	0.019239
221	6	36	6	P99	58	0.014430	0.014430	0.023663	0.023663
221	6	36	6	P999	58	0.014430	0.014430	0.023663	0.023663
221	7	40	7	P1	1	-0.011965	-0.011965	0.002289	0.002289
221	7	40	7	P50	2	0.017698	0.003047	-0.012431	-0.026629
221	7	40	7	P75	4	0.016403	0.010106	-0.014566	-0.020664
221	7	40	7	P90	56	-0.015709	-0.036886	-0.006667	-0.028012
221	7	40	7	P95	57	0.010018	-0.011713	0.019239	-0.002663
221	7	40	7	P99	58	0.014430	0.014430	0.023663	0.023663
221	7	40	7	P999	58	0.014430	0.014430	0.023663	0.023663
222	1	740	1	P1	1	-0.003619	-0.003619	0.000481	0.000481
222	1	740	1	P50	1	0.018422	0.018360	0.022544	0.022482
222	1	740	1	P75	1	0.029841	0.029779	0.033974	0.033912
222	1	740	1	P90	1	0.036754	0.036692	0.040894	0.040831
222	1	740	1	P95	1	0.039069	0.039007	0.043211	0.043148
222	1	740	1	P99	2	0.034090	0.034090	-0.008021	-0.008021
222	1	740	1	P999	4	0.004116	0.004116	0.003953	0.003953
222	2	1111	2	P1	1	-0.003622	-0.003622	0.000478	0.000478
222	2	1111	2	P50	1	0.018286	0.018286	0.022408	0.022408
222	2	1111	2	P75	1	0.029667	0.029667	0.033800	0.033800
222	2	1111	2	P90	1	0.036523	0.036523	0.040663	0.040663
222	2	1111	2	P95	1	0.038847	0.038847	0.042988	0.042988
222	2	1111	2	P99	2	0.027611	0.027611	-0.014217	-0.014217
222	2	1111	2	P999	4	0.004116	0.004116	0.003953	0.003953
222	3	1129	3	P1	1	-0.017586	-0.017586	0.000478	0.000478
222	3	1129	3	P50	1	0.004322	0.004322	0.022775	0.022775
222	3	1129	3	P75	1	0.015681	0.015681	0.034336	0.034336
222	3	1129	3	P90	1	0.022591	0.022591	0.041368	0.041368
222	3	1129	3	P95	1	0.024877	0.024877	0.043695	0.043695
222	3	1129	3	P99	12	-0.012135	-0.012135	0.004502	0.004502
222	3	1129	3	P999	13	0.014356	0.014356	0.031372	0.031372
222	4	1158	4	P1	1	-0.017593	-0.017593	0.000471	0.000471
222	4	1158	4	P50	1	0.004586	0.004547	0.023045	0.023004
222	4	1158	4	P75	1	0.016063	0.016063	0.034725	0.034725
222	4	1158	4	P90	1	0.023036	0.023036	0.041821	0.041821
222	4	1158	4	P95	1	0.025370	0.025370	0.044197	0.044197
222	4	1158	4	P99	12	-0.012135	-0.012135	0.004502	0.004502
222	4	1158	4	P999	13	0.014356	0.014356	0.031372	0.031372
222	5	1165	5	P1	1	-0.014910	-0.014910	0.000471	0.000471
222	5	1165	5	P50	1	0.007459	0.007459	0.023165	0.023165
222	5	1165	5	P75	1	0.019054	0.019054	0.034928	0.034928
222	5	1165	5	P90	1	0.026091	0.026091	0.042067	0.042067
222	5	1165	5	P95	2	-0.011204	-0.011204	-0.039186	-0.039186
222	5	1165	5	P99	12	0.022393	0.022393	0.035520	0.035520
222	5	1165	5	P999	57	0.008005	0.008005	0.019239	0.019239
222	6	1172	6	P1	1	-0.014913	-0.014913	0.000469	0.000469
222	6	1172	6	P50	1	0.007492	0.007453	0.023199	0.023159
222	6	1172	6	P75	1	0.019104	0.019064	0.034979	0.034938
222	6	1172	6	P90	1	0.026103	0.026103	0.042079	0.042079
222	6	1172	6	P95	2	-0.009819	-0.009819	-0.037841	-0.037841
222	6	1172	6	P99	12	0.022393	0.022393	0.035520	0.035520
222	6	1172	6	P999	57	0.008005	0.008005	0.019239	0.019239
222	7	1176	7	P1	1	-0.014913	-0.014913	0.000469	0.000469
222	7	1176	7	P50	1	0.007571	0.007531	0.023279	0.023239
222	7	1176	7	P75	1	0.019224	0.019184	0.035100	0.035060
222	7	1176	7	P90	1	0.026264	0.026264	0.042242	0.042242
222	7	1176	7	P95	2	-0.004060	-0.004060	-0.032252	-0.032252
222	7	1176	7	P99	12	0.022393	0.022393	0.035520	0.035520
222	7	1176	7	P999	57	0.008005	0.008005	0.019239	0.019239
223	1	8	0	P1	4	-0.016160	-0.016160	-0.033495	-0.033495
223	1	8	0	P50	4	0.005445	0.000000	-0.012270	-0.017620
223	1	8	0	P75	4	0.016425	0.010920	-0.001484	-0.006892
223	1	8	0	P90	4	0.021960	0.021960	0.003953	0.003953
223	1	8	0	P95	4	0.021960	0.021960	0.003953	0.003953
223	1	8	0	P99	4	0.021960	0.021960	0.003953	0.003953
223	1	8	0	P999	4	0.021960	0.021960	0.003953	0.003953
223	2	12	0	P1	3	0.005304	0.005304	0.031442	0.031442
223	2	12	0	P50	4	0.001977	-0.001973	-0.015678	-0.019558
223	2	12	0	P75	4	0.013919	0.009923	-0.003946	-0.007872
223	2	12	0	P90	4	0.017932	0.017932	-0.000004	-0.000004
223	2	12	0	P95	4	0.021960	0.021960	0.003953	0.003953
223	2	12	0	P99	4	0.021960	0.021960	0.003953	0.003953
223	2	12	0	P999	4	0.021960	0.021960	0.003953	0.003953
223	3	16	1	P1	3	-0.008529	-0.008529	0.001996	0.001996
223	3	16	1	P50	4	-0.011165	-0.015072	-0.019260	-0.022532
223	3	16	1	P75	4	0.004617	0.000648	-0.006062	-0.009378
223	3	16	1	P90	4	0.030803	0.030803	0.000604	0.000604
223	3	16	1	P95	4	0.053492	0.053492	0.003953	0.003953
223	3	16	1	P99	4	0.053492	0.053492	0.003953	0.003953
223	3	16	1	P999	4	0.053492	0.053492	0.003953	0.003953
223	4	20	2	P1	3	-0.008529	-0.008529	0.001996	0.001996
223	4	20	2	P50	4	-0.011687	-0.014552	-0.018874	-0.021378
223	4	20	2	P75	4	0.002763	-0.000144	-0.006257	-0.008793
223	4	20	2	P90	4	0.030803	0.008602	0.001391	-0.001165
223	4	20	2	P95	4	0.053492	0.030803	0.003953	0.001391
223	4	20	2	P99	4	0.053492	0.053492	0.003953	0.003953
223	4	20	2	P999	4	0.053492	0.053492	0.003953	0.003953
223	5	49	3	P1	1	-0.002602	-0.002602	0.001499	0.001499
223	5	49	3	P50	1	0.034026	0.034026	0.038163	0.038163
223	5	49	3	P75	4	-0.024636	-0.024636	-0.026368	-0.026368
223	5	49	3	P90	4	-0.001701	-0.001701	-0.006257	-0.006257
223	5	49	3	P95	4	0.004116	0.004116	-0.001165	-0.001165
223	5	49	3	P99	4	0.048842	0.048842	0.003953	0.003953
223	5	49	3	P999	4	0.048842	0.048842	0.003953	0.003953
223	6	51	4	P1	1	-0.016583	-0.016583	0.001499	0.001499
223	6	51	4	P50	1	0.020970	0.020970	0.039719	0.039719
223	6	51	4	P75	4	-0.035949	-0.035949	-0.021378	-0.021378
223	6	51	4	P90	4	-0.016192	-0.016192	-0.003714	-0.003714
223	6	51	4	P95	4	0.030501	0.030501	0.003953	0.003953
223	6	51	4	P99	12	0.018388	0.018388	0.035520	0.035520
223	6	51	4	P999	12	0.018388	0.018388	0.035520	0.035520
223	7	53	5	P1	1	-0.016678	-0.016678	0.001402	0.001402
223	7	53	5	P50	1	0.019835	0.019835	0.038564	0.038564
223	7	53	5	P75	4	-0.038739	-0.038739	-0.023876	-0.023876
223	7	53	5	P90	4	-0.016192	-0.016192	-0.003714	-0.003714
223	7	53	5	P95	4	0.030501	0.030501	0.003953	0.003953
223	7	53	5	P99	12	0.018388	0.018388	0.035520	0.035520
223	7	53	5	P999	12	0.018388	0.018388	0.035520	0.035520
224	1	4	1	P1	1	0.003865	0.003865	0.021960	0.021960
224	1	4	1	P50	55	-0.003850	-0.981347	0.011394	-0.981011
224	1	4	1	P75	56	-0.000139	-0.021638	0.015147	-0.006667
224	1	4	1	P90	56	-0.000139	-0.000139	0.015147	0.015147
224	1	4	1	P95	56	-0.000139	-0.000139	0.015147	0.015147
224	1	4	1	P99	56	-0.000139	-0.000139	0.015147	0.015147
224	1	4	1	P999	56	-0.000139	-0.000139	0.015147	0.015147
224	2	8	2	P1	1	0.003865	0.003865	0.021960	0.021960
224	2	8	2	P50	4	0.016109	0.001490	-0.010481	-0.024707
224	2	8	2	P75	55	-0.003850	-0.925022	0.011394	-0.926985
224	2	8	2	P90	56	-0.000139	-0.000139	0.015147	0.015147
224	2	8	2	P95	56	-0.000139	-0.000139	0.015147	0.015147
224	2	8	2	P99	56	-0.000139	-0.000139	0.015147	0.015147
224	2	8	2	P999	56	-0.000139	-0.000139	0.015147	0.015147
224	3	12	3	P1	1	0.003865	0.003865	0.021960	0.021960
224	3	12	3	P50	4	-0.002132	-0.239552	-0.028232	-0.226419
224	3	12	3	P75	4	0.030941	0.019797	0.003953	-0.006892
224	3	12	3	P90	55	-0.003850	-0.003850	0.011394	0.011394
224	3	12	3	P95	56	-0.000139	-0.000139	0.015147	0.015147
224	3	12	3	P99	56	-0.000139	-0.000139	0.015147	0.015147
224	3	12	3	P999	56	-0.000139	-0.000139	0.015147	0.015147
224	4	605	4	P1	1	-0.017215	-0.017215	0.000515	0.000515
224	4	605	4	P50	1	0.004419	0.004419	0.022524	0.022524
224	4	605	4	P75	1	0.015638	0.015638	0.033937	0.033937
224	4	605	4	P90	1	0.022459	0.022459	0.040877	0.040877
224	4	605	4	P95	1	0.024718	0.024718	0.043175	0.043175
224	4	605	4	P99	3	0.013931	0.013931	0.031442	0.031442
224	4	605	4	P999	56	-0.000139	-0.000139	0.015147	0.015147
224	5	609	5	P1	1	-0.017215	-0.017215	0.000515	0.000515
224	5	609	5	P50	1	0.004567	0.004567	0.022674	0.022674
224	5	609	5	P75	1	0.015862	0.015862	0.034165	0.034165
224	5	609	5	P90	1	0.022760	0.022760	0.041183	0.041183
224	5	609	5	P95	1	0.025020	0.025020	0.043482	0.043482
224	5	609	5	P99	4	0.005645	0.005645	-0.020664	-0.020664
224	5	609	5	P999	56	-0.000139	-0.000139	0.015147	0.015147
224	6	613	6	P1	1	-0.017215	-0.017215	0.000515	0.000515
224	6	613	6	P50	1	0.004714	0.004714	0.022824	0.022824
224	6	613	6	P75	1	0.016086	0.016086	0.034393	0.034393
224	6	613	6	P90	1	0.022986	0.022986	0.041413	0.041413
224	6	613	6	P95	1	0.025321	0.025321	0.043789	0.043789
224	6	613	6	P99	4	0.013168	0.013168	-0.013342	-0.013342
224	6	613	6	P999	56	-0.000139	-0.000139	0.015147	0.015147
224	7	617	7	P1	1	-0.017215	-0.017215	0.000515	0.000515
224	7	617	7	P50	1	0.004862	0.004862	0.022975	0.022975
224	7	617	7	P75	1	0.016310	0.016310	0.034621	0.034621
224	7	617	7	P90	1	0.023287	0.023287	0.041719	0.041719
224	7	617	7	P95	1	0.025623	0.025623	0.044095	0.044095
224	7	617	7	P99	4	0.018214	0.018214	-0.008431	-0.008431
224	7	617	7	P999	56	-0.000139	-0.000139	0.015147	0.015147
225	1	8	0	P1	3	-0.010802	-0.010802	-0.001625	-0.001625
225	1	8	0	P50	4	0.005587	-0.233530	-0.028232	-0.226419
225	1	8	0	P75	4	0.027670	0.016569	-0.006892	-0.017620
225	1	8	0	P90	4	0.038893	0.038893	0.003953	0.003953
225	1	8	0	P95	4	0.038893	0.038893	0.003953	0.003953
225	1	8	0	P99	4	0.038893	0.038893	0.003953	0.003953
225	1	8	0	P999	4	0.038893	0.038893	0.003953	0.003953
225	2	12	1	P1	3	-0.008529	-0.008529	-0.003791	-0.003791
225	2	12	1	P50	4	-0.005932	-0.020256	-0.026723	-0.032745
225	2	12	1	P75	4	0.030803	0.019642	-0.008431	-0.014566
225	2	12	1	P90	4	0.042085	0.042085	-0.002258	-0.002258
225	2	12	1	P95	4	0.053492	0.053492	0.003953	0.003953
225	2	12	1	P99	4	0.053492	0.053492	0.003953	0.003953
225	2	12	1	P999	4	0.053492	0.053492	0.003953	0.003953
225	3	29	2	P1	1	-0.001543	-0.001543	0.002559	0.002559
225	3	29	2	P50	1	0.034940	0.034940	0.039078	0.039078
225	3	29	2	P75	3	0.030784	0.030784	0.031442	0.031442
225	3	29	2	P90	4	0.026235	0.026235	-0.008431	-0.008431
225	3	29	2	P95	4	0.037477	0.037477	-0.002258	-0.002258
225	3	29	2	P99	4	0.048842	0.048842	0.003953	0.003953
225	3	29	2	P999	4	0.048842	0.048842	0.003953	0.003953
225	4	36	3	P1	1	-0.002125	-0.002125	0.001977	0.001977
225	4	36	3	P50	1	0.034096	0.032050	0.038233	0.036185
225	4	36	3	P75	3	0.019615	0.008567	0.022519	0.013672
225	4	36	3	P90	4	0.015116	0.015116	-0.014566	-0.014566
225	4	36	3	P95	4	0.037477	0.037477	-0.002258	-0.002258
225	4	36	3	P99	4	0.048842	0.048842	0.003953	0.003953
225	4	36	3	P999	4	0.048842	0.048842	0.003953	0.003953
225	5	40	4	P1	1	-0.002125	-0.002125	0.001977	0.001977
225	5	40	4	P50	1	0.038201	0.036147	0.042342	0.040286
225	5	40	4	P75	4	-0.031694	-0.226912	-0.034544	-0.226419
225	5	40	4	P90	4	0.015116	0.004116	-0.009047	-0.013342
225	5	40	4	P95	4	0.037477	0.026235	-0.000399	-0.004732
225	5	40	4	P99	4	0.048842	0.048842	0.003953	0.003953
225	5	40	4	P999	4	0.048842	0.048842	0.003953	0.003953
225	6	44	5	P1	1	-0.002125	-0.002125	0.001977	0.001977
225	6	44	5	P50	2	0.022028	-0.479870	-0.019556	-0.477799
225	6	44	5	P75	4	-0.019902	-0.024636	-0.025793	-0.029043
225	6	44	5	P90	4	0.015116	0.015116	-0.006062	-0.006062
225	6	44	5	P95	4	0.037477	0.037477	0.000604	0.000604
225	6	44	5	P99	5	-0.001143	-0.001143	0.042344	0.042344
225	6	44	5	P999	5	-0.001143	-0.001143	0.042344	0.042344
225	7	478	6	P1	1	-0.003617	-0.003617	0.000483	0.000483
225	7	478	6	P50	1	0.019318	0.019219	0.023441	0.023342
225	7	478	6	P75	1	0.031133	0.031133	0.035267	0.035267
225	7	478	6	P90	1	0.038348	0.038348	0.042489	0.042489
225	7	478	6	P95	2	0.027611	0.027611	-0.014217	-0.014217
225	7	478	6	P99	4	0.015116	0.015116	-0.006062	-0.006062
225	7	478	6	P999	5	-0.001143	-0.001143	0.042344	0.042344
226	1	24	1	P1	1	-0.015415	-0.015415	0.003627	0.003627
226	1	24	1	P50	2	-0.009583	-0.487697	-0.033652	-0.477799
226	1	24	1	P75	11	0.017100	-0.813282	0.035645	-0.817823
226	1	24	1	P90	13	0.009315	0.009315	0.027644	0.027644
226	1	24	1	P95	13	0.024044	0.024044	0.042635	0.042635
226	1	24	1	P99	24	0.019342	0.019342	0.037565	0.037565
226	1	24	1	P999	24	0.019342	0.019342	0.037565	0.037565
226	2	29	2	P1	1	-0.010645	-0.010645	0.003627	0.003627
226	2	29	2	P50	2	0.010346	0.010346	-0.019556	-0.019556
226	2	29	2	P75	13	0.016419	0.016419	0.027644	0.027644
226	2	29	2	P90	56	0.005935	0.005935	0.015147	0.015147
226	2	29	2	P95	57	0.010018	0.010018	0.019239	0.019239
226	2	29	2	P99	58	0.014430	0.014430	0.023663	0.023663
226	2	29	2	P999	58	0.014430	0.014430	0.023663	0.023663
226	3	34	3	P1	1	-0.011541	-0.011541	0.002719	0.002719
226	3	34	3	P50	2	0.000972	-0.005229	-0.028641	-0.034651
226	3	34	3	P75	13	0.001786	0.001786	0.012870	0.012870
226	3	34	3	P90	56	-0.015709	-0.015709	-0.006667	-0.006667
226	3	34	3	P95	57	0.010018	0.010018	0.019239	0.019239
226	3	34	3	P99	58	0.014430	0.014430	0.023663	0.023663
226	3	34	3	P999	58	0.014430	0.014430	0.023663	0.023663
226	4	38	4	P1	1	-0.011541	-0.011541	0.002719	0.002719
226	4	38	4	P50	2	0.013490	0.007212	-0.016509	-0.022594
226	4	38	4	P75	12	0.024112	0.024112	0.035520	0.035520
226	4	38	4	P90	56	-0.015709	-0.015709	-0.006667	-0.006667
226	4	38	4	P95	57	0.010018	0.010018	0.019239	0.019239
226	4	38	4	P99	58	0.014430	0.014430	0.023663	0.023663
226	4	38	4	P999	58	0.014430	0.014430	0.023663	0.023663
226	5	42	5	P1	1	-0.011541	-0.011541	0.002719	0.002719
226	5	42	5	P50	2	0.026165	0.019808	-0.004225	-0.010386
226	5	42	5	P75	11	0.024122	0.024122	0.035645	0.035645
226	5	42	5	P90	54	-0.001215	-0.001215	0.007988	0.007988
226	5	42	5	P95	56	0.005935	0.005935	0.015147	0.015147
226	5	42	5	P99	58	0.014430	0.014430	0.023663	0.023663
226	5	42	5	P999	58	0.014430	0.014430	0.023663	0.023663
226	6	775	6	P1	1	-0.013765	-0.013765	0.000466	0.000466
226	6	775	6	P50	1	0.008333	0.008333	0.022853	0.022853
226	6	775	6	P75	1	0.019804	0.019804	0.034475	0.034475
226	6	775	6	P90	1	0.026726	0.026726	0.041487	0.041487
226	6	775	6	P95	1	0.029064	0.029064	0.043855	0.043855
226	6	775	6	P99	13	0.016419	0.016419	0.027644	0.027644
226	6	775	6	P999	58	0.014430	0.014430	0.023663	0.023663
226	7	790	7	P1	1	-0.013765	-0.013765	0.000466	0.000466
226	7	790	7	P50	1	0.008803	0.008745	0.023330	0.023270
226	7	790	7	P75	1	0.020459	0.020459	0.035138	0.035138
226	7	790	7	P90	1	0.027565	0.027505	0.042337	0.042276
226	7	790	7	P95	2	0.010346	0.010346	-0.019556	-0.019556
226	7	790	7	P99	13	0.031264	0.031264	0.042635	0.042635
226	7	790	7	P999	58	0.014430	0.014430	0.023663	0.023663
227	1	36	1	P1	1	-0.012516	-0.012516	0.002901	0.002901
227	1	36	1	P50	2	-0.001168	-0.004060	-0.029445	-0.032252
227	1	36	1	P75	2	0.025240	0.022271	-0.003813	-0.006694
227	1	36	1	P90	56	0.003935	0.003935	0.015147	0.015147
227	1	36	1	P95	57	0.030166	0.030166	0.041622	0.041622
227	1	36	1	P99	61	0.005404	0.005404	0.016537	0.016537
227	1	36	1	P999	61	0.005404	0.005404	0.016537	0.016537
227	2	42	2	P1	1	-0.013232	-0.013232	0.002175	0.002175
227	2	42	2	P50	2	-0.007303	-0.009998	-0.035400	-0.038015
227	2	42	2	P75	2	0.020051	0.020051	-0.008849	-0.008849
227	2	42	2	P90	53	0.015615	0.015615	0.027006	0.027006
227	2	42	2	P95	57	0.008005	0.008005	0.019239	0.019239
227	2	42	2	P99	61	0.005404	0.005404	0.016537	0.016537
227	2	42	2	P999	61	0.005404	0.005404	0.016537	0.016537
227	3	46	3	P1	1	-0.013232	-0.013232	0.002175	0.002175
227	3	46	3	P50	2	-0.001892	-0.004601	-0.030147	-0.032777
227	3	46	3	P75	2	0.028403	0.028403	-0.000742	-0.000742
227	3	46	3	P90	53	0.015615	0.015615	0.027006	0.027006
227	3	46	3	P95	57	0.008005	0.008005	0.019239	0.019239
227	3	46	3	P99	61	0.005404	0.005404	0.016537	0.016537
227	3	46	3	P999	61	0.005404	0.005404	0.016537	0.016537
227	4	50	4	P1	1	-0.013232	-0.013232	0.002175	0.002175
227	4	50	4	P50	2	0.003549	0.000825	-0.024866	-0.027510
227	4	50	4	P75	3	0.016830	0.016830	0.031442	0.031442
227	4	50	4	P90	53	0.015615	-0.006232	0.027006	-0.016656
227	4	50	4	P95	57	0.008005	0.008005	0.019239	0.019239
227	4	50	4	P99	61	0.005404	0.005404	0.016537	0.016537
227	4	50	4	P999	61	0.005404	0.005404	0.016537	0.016537
227	5	54	5	P1	1	-0.013232	-0.013232	0.002175	0.002175
227	5	54	5	P50	2	0.009020	0.006281	-0.019556	-0.022215
227	5	54	5	P75	3	0.016830	0.016830	0.031442	0.031442
227	5	54	5	P90	52	0.012879	0.012879	0.002254	0.002254
227	5	54	5	P95	57	0.008005	0.008005	0.019239	0.019239
227	5	54	5	P99	61	0.005404	0.005404	0.016537	0.016537
227	5	54	5	P999	61	0.005404	0.005404	0.016537	0.016537
227	6	58	6	P1	1	-0.013232	-0.013232	0.002175	0.002175
227	6	58	6	P50	2	0.014520	0.011766	-0.014217	-0.016890
227	6	58	6	P75	4	0.003013	0.003013	-0.026119	-0.026119
227	6	58	6	P90	52	0.012879	0.012879	0.002254	0.002254
227	6	58	6	P95	57	0.008005	0.008005	0.019239	0.019239
227	6	58	6	P99	61	0.005404	0.005404	0.016537	0.016537
227	6	58	6	P999	61	0.005404	0.005404	0.016537	0.016537
227	7	62	7	P1	1	-0.013232	-0.013232	0.002175	0.002175
227	7	62	7	P50	2	0.020051	0.017282	-0.008849	-0.011537
227	7	62	7	P75	4	0.004468	0.004468	-0.024707	-0.024707
227	7	62	7	P90	5	0.028160	0.028160	0.042344	0.042344
227	7	62	7	P95	56	0.003935	0.003935	0.015147	0.015147
227	7	62	7	P99	61	0.005404	0.005404	0.016537	0.016537
227	7	62	7	P999	61	0.005404	0.005404	0.016537	0.016537
228	1	29	1	P1	1	-0.014197	-0.014197	0.001739	0.001739
228	1	29	1	P50	1	0.010105	0.010105	0.026410	0.026410
228	1	29	1	P75	1	0.022480	0.022480	0.038972	0.038972
228	1	29	1	P90	3	0.001544	0.001544	0.016613	0.016613
228	1	29	1	P95	3	0.016168	0.016168	0.031442	0.031442
228	1	29	1	P99	4	0.033316	0.033316	0.003953	0.003953
228	1	29	1	P999	4	0.033316	0.033316	0.003953	0.003953
228	2	36	2	P1	1	-0.019109	-0.019109	0.001739	0.001739
228	2	36	2	P50	1	0.012062	0.010305	0.033569	0.031775
228	2	36	2	P75	3	0.010112	-0.004412	0.031442	0.016613
228	2	36	2	P90	12	0.014275	0.014275	0.035520	0.035520
228	2	36	2	P95	13	0.006570	0.006570	0.027644	0.027644
228	2	36	2	P99	13	0.021255	0.021255	0.042635	0.042635
228	2	36	2	P999	13	0.021255	0.021255	0.042635	0.042635
228	3	44	3	P1	1	-0.019393	-0.019393	0.001449	0.001449
228	3	44	3	P50	1	0.012355	0.010890	0.033869	0.032373
228	3	44	3	P75	3	-0.018728	-0.316816	0.001996	-0.332017
228	3	44	3	P90	12	-0.007522	-0.007522	0.013268	0.013268
228	3	44	3	P95	13	-0.007903	-0.007903	0.012870	0.012870
228	3	44	3	P99	13	0.021255	0.021255	0.042635	0.042635
228	3	44	3	P999	13	0.021255	0.021255	0.042635	0.042635
228	4	48	4	P1	1	-0.019106	-0.019106	0.001449	0.001449
228	4	48	4	P50	1	0.015591	0.014121	0.036868	0.035367
228	4	48	4	P75	4	0.027262	-0.242150	0.003953	-0.226419
228	4	48	4	P90	13	0.021690	0.021690	0.042635	0.042635
228	4	48	4	P95	56	0.009516	0.009516	0.015147	0.015147
228	4	48	4	P99	57	0.020956	0.020956	0.041622	0.041622
228	4	48	4	P999	57	0.020956	0.020956	0.041622	0.041622
228	5	52	5	P1	1	-0.019273	-0.019273	0.001279	0.001279
228	5	52	5	P50	1	0.013862	0.012567	0.035102	0.033781
228	5	52	5	P75	3	0.010466	-0.004064	0.031442	0.016613
228	5	52	5	P90	13	0.006998	0.006998	0.027644	0.027644
228	5	52	5	P95	56	0.009516	0.009516	0.015147	0.015147
228	5	52	5	P99	57	0.020956	0.020956	0.041622	0.041622
228	5	52	5	P999	57	0.020956	0.020956	0.041622	0.041622
228	6	56	6	P1	1	-0.019273	-0.019273	0.001279	0.001279
228	6	56	6	P50	1	0.016457	0.015159	0.037751	0.036426
228	6	56	6	P75	3	0.010466	0.003175	0.031442	0.024000
228	6	56	6	P90	13	0.006998	0.006998	0.027644	0.027644
228	6	56	6	P95	56	0.009516	0.009516	0.015147	0.015147
228	6	56	6	P99	57	0.020956	0.020956	0.041622	0.041622
228	6	56	6	P999	57	0.020956	0.020956	0.041622	0.041622
228	7	60	7	P1	1	-0.019273	-0.019273	0.001279	0.001279
228	7	60	7	P50	1	0.019058	0.017757	0.040407	0.039078
228	7	60	7	P75	4	0.000826	-0.007834	-0.021878	-0.030341
228	7	60	7	P90	13	0.006998	-0.007482	0.027644	0.012870
228	7	60	7	P95	56	0.009516	-0.047310	0.015147	-0.028012
228	7	60	7	P99	57	0.020956	0.020956	0.041622	0.041622
228	7	60	7	P999	57	0.020956	0.020956	0.041622	0.041622
229	1	8	1	P1	3	-0.008529	-0.008529	0.009278	0.009278
229	1	8	1	P50	4	0.008602	-0.005932	-0.013342	-0.021878
229	1	8	1	P75	4	0.053492	0.030803	0.003953	-0.004732
229	1	8	1	P90	5	0.047797	0.047797	0.042344	0.042344
229	1	8	1	P95	5	0.047797	0.047797	0.042344	0.042344
229	1	8	1	P99	5	0.047797	0.047797	0.042344	0.042344
229	1	8	1	P999	5	0.047797	0.047797	0.042344	0.042344
229	2	17	2	P1	1	0.000734	0.000734	0.004839	0.004839
229	2	17	2	P50	1	0.040260	0.040260	0.044403	0.044403
229	2	17	2	P75	4	-0.010364	-0.010364	-0.021878	-0.021878
229	2	17	2	P90	4	0.048842	0.048842	0.003953	0.003953
229	2	17	2	P95	5	0.043348	0.043348	0.042344	0.042344
229	2	17	2	P99	5	0.043348	0.043348	0.042344	0.042344
229	2	17	2	P999	5	0.043348	0.043348	0.042344	0.042344
229	3	24	3	P1	1	-0.001383	-0.001383	0.002719	0.002719
229	3	24	3	P50	1	0.031795	0.028988	0.035929	0.033120
229	3	24	3	P75	4	-0.024636	-0.226912	-0.030341	-0.226419
229	3	24	3	P90	4	0.026235	0.026235	-0.004732	-0.004732
229	3	24	3	P95	4	0.048842	0.048842	0.003953	0.003953
229	3	24	3	P99	5	0.043348	0.043348	0.042344	0.042344
229	3	24	3	P999	5	0.043348	0.043348	0.042344	0.042344
229	4	28	4	P1	1	-0.001383	-0.001383	0.002719	0.002719
229	4	28	4	P50	1	0.037430	0.034609	0.041571	0.038746
229	4	28	4	P75	4	0.004116	-0.010364	-0.022940	-0.028232
229	4	28	4	P90	4	0.039740	0.039740	-0.001484	-0.001484
229	4	28	4	P95	4	0.048842	0.048842	0.003953	0.003953
229	4	28	4	P99	5	0.043348	0.043348	0.042344	0.042344
229	4	28	4	P999	5	0.043348	0.043348	0.042344	0.042344
229	5	32	5	P1	1	-0.001383	-0.001383	0.002719	0.002719
229	5	32	5	P50	3	-0.013172	-0.653247	-0.003791	-0.651866
229	5	32	5	P75	4	0.011436	0.004116	-0.019988	-0.024707
229	5	32	5	P90	4	0.041251	0.041251	-0.000881	-0.000881
229	5	32	5	P95	5	0.020860	0.020860	0.019946	0.019946
229	5	32	5	P99	5	0.043348	0.043348	0.042344	0.042344
229	5	32	5	P999	5	0.043348	0.043348	0.042344	0.042344
229	6	36	6	P1	1	-0.001927	-0.001927	0.002175	0.002175
229	6	36	6	P50	1	0.037996	0.035736	0.042136	0.039875
229	6	36	6	P75	4	0.004116	-0.010364	-0.024707	-0.029404
229	6	36	6	P90	4	0.041251	0.041251	-0.000881	-0.000881
229	6	36	6	P95	5	0.020860	0.020860	0.019946	0.019946
229	6	36	6	P99	5	0.043348	0.043348	0.042344	0.042344
229	6	36	6	P999	5	0.043348	0.043348	0.042344	0.042344
229	7	43	7	P1	1	-0.002211	-0.002211	0.001891	0.001891
229	7	43	7	P50	1	0.038291	0.038291	0.042432	0.042432
229	7	43	7	P75	4	-0.024636	-0.024636	-0.034078	-0.034078
229	7	43	7	P90	4	0.033716	0.033716	-0.005692	-0.005692
229	7	43	7	P95	4	0.048842	0.048842	0.003953	0.003953
229	7	43	7	P99	5	0.043348	0.043348	0.042344	0.042344
229	7	43	7	P999	5	0.043348	0.043348	0.042344	0.042344
230	1	8	1	P1	3	-0.008529	-0.008529	0.001996	0.001996
230	1	8	1	P50	4	-0.005932	-0.020256	-0.021878	-0.030341
230	1	8	1	P75	4	0.030803	0.008602	-0.004732	-0.013342
230	1	8	1	P90	4	0.053492	0.053492	0.003953	0.003953
230	1	8	1	P95	4	0.053492	0.053492	0.003953	0.003953
230	1	8	1	P99	4	0.053492	0.053492	0.003953	0.003953
230	1	8	1	P999	4	0.053492	0.053492	0.003953	0.003953
230	2	31	2	P1	1	-0.002211	-0.002211	0.001891	0.001891
230	2	31	2	P50	1	0.026554	0.026554	0.030684	0.030684
230	2	31	2	P75	3	-0.013172	-0.013172	0.001996	0.001996
230	2	31	2	P90	4	-0.010364	-0.010364	-0.021878	-0.021878
230	2	31	2	P95	4	0.026235	0.026235	-0.004732	-0.004732
230	2	31	2	P99	4	0.048842	0.048842	0.003953	0.003953
230	2	31	2	P999	4	0.048842	0.048842	0.003953	0.003953
230	3	33	3	P1	1	-0.016198	-0.016198	0.001891	0.001891
230	3	33	3	P50	1	0.014007	0.014007	0.032633	0.032633
230	3	33	3	P75	3	-0.008275	-0.008275	0.016613	0.016613
230	3	33	3	P90	4	0.008344	0.008344	-0.004732	-0.004732
230	3	33	3	P95	11	0.018458	0.018458	0.035645	0.035645
230	3	33	3	P99	12	0.018388	0.018388	0.035520	0.035520
230	3	33	3	P999	12	0.018388	0.018388	0.035520	0.035520
230	4	41	4	P1	1	-0.016530	-0.016530	0.001553	0.001553
230	4	41	4	P50	1	0.014487	0.014487	0.033120	0.033120
230	4	41	4	P75	2	0.028034	0.028034	0.001975	0.001975
230	4	41	4	P90	4	-0.013337	-0.013337	-0.013342	-0.013342
230	4	41	4	P95	4	0.030501	0.030501	0.003953	0.003953
230	4	41	4	P99	12	0.018388	0.018388	0.035520	0.035520
230	4	41	4	P999	12	0.018388	0.018388	0.035520	0.035520
230	5	43	5	P1	1	-0.019005	-0.019005	0.001553	0.001553
230	5	43	5	P50	1	0.013492	0.013492	0.034725	0.034725
230	5	43	5	P75	3	-0.011251	-0.011251	0.016613	0.016613
230	5	43	5	P90	4	0.027262	0.027262	0.003953	0.003953
230	5	43	5	P95	12	0.014703	0.014703	0.035520	0.035520
230	5	43	5	P99	57	0.020956	0.020956	0.041622	0.041622
230	5	43	5	P999	57	0.020956	0.020956	0.041622	0.041622
230	6	45	6	P1	1	-0.019106	-0.019106	0.001449	0.001449
230	6	45	6	P50	1	0.012653	0.012653	0.033869	0.033869
230	6	45	6	P75	3	-0.032501	-0.032501	0.001996	0.001996
230	6	45	6	P90	4	0.027262	0.027262	0.003953	0.003953
230	6	45	6	P95	12	0.014703	0.014703	0.035520	0.035520
230	6	45	6	P99	57	0.020956	0.020956	0.041622	0.041622
230	6	45	6	P999	57	0.020956	0.020956	0.041622	0.041622
230	7	49	7	P1	1	-0.019106	-0.019106	0.001449	0.001449
230	7	49	7	P50	1	0.015591	0.015591	0.036868	0.036868
230	7	49	7	P75	3	0.010466	0.010466	0.031442	0.031442
230	7	49	7	P90	4	0.027262	0.027262	0.003953	0.003953
230	7	49	7	P95	12	0.014703	0.014703	0.035520	0.035520
230	7	49	7	P99	57	0.020956	0.020956	0.041622	0.041622
230	7	49	7	P999	57	0.020956	0.020956	0.041622	0.041622
231	1	9	1	P1	1	-0.007314	-0.007314	0.008727	0.008727
231	1	9	1	P50	1	0.027830	0.027830	0.044403	0.044403
231	1	9	1	P75	4	0.003788	0.003788	-0.024707	-0.024707
231	1	9	1	P90	4	0.033316	0.033316	0.003953	0.003953
231	1	9	1	P95	4	0.033316	0.033316	0.003953	0.003953
231	1	9	1	P99	4	0.033316	0.033316	0.003953	0.003953
231	1	9	1	P999	4	0.033316	0.033316	0.003953	0.003953
231	2	13	2	P1	1	0.004618	0.004618	0.008727	0.008727
231	2	13	2	P50	3	-0.013172	-0.013172	0.016613	0.016613
231	2	13	2	P75	4	0.004116	0.004116	-0.021878	-0.021878
231	2	13	2	P90	4	0.033716	0.033716	-0.004732	-0.004732
231	2	13	2	P95	4	0.048842	0.048842	0.003953	0.003953
231	2	13	2	P99	4	0.048842	0.048842	0.003953	0.003953
231	2	13	2	P999	4	0.048842	0.048842	0.003953	0.003953
231	3	17	3	P1	1	0.004618	0.004618	0.008727	0.008727
231	3	17	3	P50	4	-0.031694	-0.031694	-0.034078	-0.034078
231	3	17	3	P75	4	-0.003150	-0.003150	-0.015246	-0.015246
231	3	17	3	P90	4	0.033716	0.033716	-0.000881	-0.000881
231	3	17	3	P95	4	0.048842	0.048842	0.003953	0.003953
231	3	17	3	P99	4	0.048842	0.048842	0.003953	0.003953
231	3	17	3	P999	4	0.048842	0.048842	0.003953	0.003953
231	4	45	4	P1	1	-0.002784	-0.002784	0.001317	0.001317
231	4	45	4	P50	1	0.026613	0.026613	0.030743	0.030743
231	4	45	4	P75	3	-0.034441	-0.034441	0.001996	0.001996
231	4	45	4	P90	4	-0.003150	-0.003150	-0.015246	-0.015246
231	4	45	4	P95	4	0.018809	0.018809	-0.005692	-0.005692
231	4	45	4	P99	4	0.048842	0.048842	0.003953	0.003953
231	4	45	4	P999	4	0.048842	0.048842	0.003953	0.003953
231	5	50	5	P1	1	-0.017714	-0.017714	0.001317	0.001317
231	5	50	5	P50	1	0.015169	0.013833	0.034822	0.033461
231	5	50	5	P75	4	-0.042669	-0.042669	-0.029404	-0.029404
231	5	50	5	P90	11	-0.004811	-0.625726	0.013391	-0.634926
231	5	50	5	P95	12	0.016969	0.016969	0.035520	0.035520
231	5	50	5	P99	22	0.019375	0.019375	0.037691	0.037691
231	5	50	5	P999	22	0.019375	0.019375	0.037691	0.037691
231	6	60	6	P1	1	-0.017913	-0.017913	0.001115	0.001115
231	6	60	6	P50	1	0.015477	0.014346	0.035136	0.033984
231	6	60	6	P75	3	0.012343	-0.030716	0.031442	0.016613
231	6	60	6	P90	4	0.029254	0.014450	0.003953	-0.000881
231	6	60	6	P95	12	0.016969	-0.067701	0.035520	-0.050658
231	6	60	6	P99	22	0.019375	0.019375	0.037691	0.037691
231	6	60	6	P999	22	0.019375	0.019375	0.037691	0.037691
231	7	64	7	P1	1	-0.017913	-0.017913	0.001115	0.001115
231	7	64	7	P50	1	0.017743	0.016610	0.037445	0.036290
231	7	64	7	P75	4	-0.042669	-0.049579	-0.031744	-0.035243
231	7	64	7	P90	4	0.021825	0.021825	0.000325	0.000325
231	7	64	7	P95	11	0.017054	0.017054	0.035645	0.035645
231	7	64	7	P99	22	0.019375	0.019375	0.037691	0.037691
231	7	64	7	P999	22	0.019375	0.019375	0.037691	0.037691
232	1	24	1	P1	1	-0.001813	-0.001813	0.002289	0.002289
232	1	24	1	P50	1	0.026042	0.023692	0.030172	0.027819
232	1	24	1	P75	1	0.040260	0.037877	0.044403	0.042017
232	1	24	1	P90	4	-0.017526	-0.017526	-0.017620	-0.017620
232	1	24	1	P95	4	-0.006764	-0.006764	-0.006892	-0.006892
232	1	24	1	P99	4	0.004116	0.004116	0.003953	0.003953
232	1	24	1	P999	4	0.004116	0.004116	0.003953	0.003953
232	2	28	2	P1	1	-0.015807	-0.015807	0.002289	0.002289
232	2	28	2	P50	1	0.016229	0.013906	0.034894	0.032530
232	2	28	2	P75	4	-0.034551	-0.044987	-0.017620	-0.028232
232	2	28	2	P90	12	0.018388	0.018388	0.035520	0.035520
232	2	28	2	P95	13	0.003391	0.003391	0.020230	0.020230
232	2	28	2	P99	13	0.025440	0.025440	0.042635	0.042635
232	2	28	2	P999	13	0.025440	0.025440	0.042635	0.042635
232	3	31	3	P1	1	-0.008887	-0.008887	0.002289	0.002289
232	3	31	3	P50	1	0.025761	0.025761	0.037263	0.037263
232	3	31	3	P75	4	-0.004714	-0.004714	0.003953	0.003953
232	3	31	3	P90	13	0.035939	0.035939	0.042635	0.042635
232	3	31	3	P95	55	0.007502	0.007502	0.011394	0.011394
232	3	31	3	P99	56	0.011281	0.011281	0.015147	0.015147
232	3	31	3	P999	56	0.011281	0.011281	0.015147	0.015147
232	4	34	4	P1	1	-0.009000	-0.009000	0.002175	0.002175
232	4	34	4	P50	1	0.028349	0.026114	0.039875	0.037619
232	4	34	4	P75	4	-0.015485	-0.015485	-0.006892	-0.006892
232	4	34	4	P90	13	0.035939	0.035939	0.042635	0.042635
232	4	34	4	P95	55	0.007502	0.007502	0.011394	0.011394
232	4	34	4	P99	56	0.011281	0.011281	0.015147	0.015147
232	4	34	4	P999	56	0.011281	0.011281	0.015147	0.015147
232	5	36	5	P1	1	-0.009000	-0.009000	0.002175	0.002175
232	5	36	5	P50	1	0.030589	0.028349	0.042136	0.039875
232	5	36	5	P75	4	0.017183	-0.004714	-0.003290	-0.010481
232	5	36	5	P90	13	0.035939	0.035939	0.042635	0.042635
232	5	36	5	P95	55	0.007502	0.007502	0.011394	0.011394
232	5	36	5	P99	56	0.011281	0.011281	0.015147	0.015147
232	5	36	5	P999	56	0.011281	0.011281	0.015147	0.015147
232	6	38	6	P1	1	-0.009000	-0.009000	0.002175	0.002175
232	6	38	6	P50	1	0.032835	0.030589	0.044403	0.042136
232	6	38	6	P75	4	0.009831	0.009831	-0.008431	-0.008431
232	6	38	6	P90	13	0.035939	0.035939	0.042635	0.042635
232	6	38	6	P95	55	0.007502	0.007502	0.011394	0.011394
232	6	38	6	P99	56	0.011281	0.011281	0.015147	0.015147
232	6	38	6	P999	56	0.011281	0.011281	0.015147	0.015147
232	7	42	7	P1	1	-0.009000	-0.009000	0.002175	0.002175
232	7	42	7	P50	2	0.021268	0.006558	-0.012431	-0.026629
232	7	42	7	P75	4	0.024589	0.024589	-0.004732	-0.004732
232	7	42	7	P90	13	0.013638	0.013638	0.020230	0.020230
232	7	42	7	P95	52	-0.001722	-0.001722	0.002254	0.002254
232	7	42	7	P99	56	0.011281	0.011281	0.015147	0.015147
232	7	42	7	P999	56	0.011281	0.011281	0.015147	0.015147
233	1	47	1	P1	1	-0.003066	-0.003066	0.001035	0.001035
233	1	47	1	P50	1	0.021012	0.021012	0.025136	0.025136
233	1	47	1	P75	1	0.033804	0.033804	0.037941	0.037941
233	1	47	1	P90	3	-0.013172	-0.013172	0.031442	0.031442
233	1	47	1	P95	4	-0.017526	-0.017526	-0.017620	-0.017620
233	1	47	1	P99	4	0.004116	0.004116	0.003953	0.003953
233	1	47	1	P999	4	0.004116	0.004116	0.003953	0.003953
233	2	52	2	P1	1	-0.017039	-0.017039	0.001035	0.001035
233	2	52	2	P50	1	0.009772	0.008728	0.028323	0.027259
233	2	52	2	P75	1	0.023451	0.022392	0.042244	0.041167
233	2	52	2	P90	4	-0.013337	-0.013337	0.003953	0.003953
233	2	52	2	P95	12	0.003737	0.003737	0.020632	0.020632
233	2	52	2	P99	13	0.025440	0.025440	0.042635	0.042635
233	2	52	2	P999	13	0.025440	0.025440	0.042635	0.042635
233	3	55	3	P1	1	-0.017063	-0.017063	0.001011	0.001011
233	3	55	3	P50	1	0.010137	0.010137	0.028694	0.028694
233	3	55	3	P75	1	0.024536	0.024536	0.043348	0.043348
233	3	55	3	P90	4	-0.013337	-0.013337	0.003953	0.003953
233	3	55	3	P95	12	0.003737	0.003737	0.020632	0.020632
233	3	55	3	P99	13	0.025440	0.025440	0.042635	0.042635
233	3	55	3	P999	13	0.025440	0.025440	0.042635	0.042635
233	4	60	4	P1	1	-0.016727	-0.016727	0.001011	0.001011
233	4	60	4	P50	1	0.013553	0.012529	0.031816	0.030775
233	4	60	4	P75	3	-0.029204	-0.314380	0.031442	-0.332017
233	4	60	4	P90	13	0.025949	-0.059488	0.042635	-0.044136
233	4	60	4	P95	53	0.011513	-0.003040	0.027006	0.004938
233	4	60	4	P99	60	0.017976	0.017976	0.033479	0.033479
233	4	60	4	P999	60	0.017976	0.017976	0.033479	0.033479
233	5	65	5	P1	1	-0.016831	-0.016831	0.000906	0.000906
233	5	65	5	P50	1	0.012081	0.012081	0.030319	0.030319
233	5	65	5	P75	2	0.006316	0.006316	-0.019556	-0.019556
233	5	65	5	P90	12	0.018888	0.018888	0.035520	0.035520
233	5	65	5	P95	53	-0.003040	-0.003040	0.004938	0.004938
233	5	65	5	P99	60	0.017976	0.017976	0.033479	0.033479
233	5	65	5	P999	60	0.017976	0.017976	0.033479	0.033479
233	6	70	6	P1	1	-0.016831	-0.016831	0.000906	0.000906
233	6	70	6	P50	1	0.014835	0.013916	0.033120	0.032186
233	6	70	6	P75	3	0.013931	0.013931	0.031442	0.031442
233	6	70	6	P90	12	0.018888	0.004230	0.035520	0.020632
233	6	70	6	P95	53	-0.003040	-0.003040	0.004938	0.004938
233	6	70	6	P99	60	0.017976	0.017976	0.033479	0.033479
233	6	70	6	P999	60	0.017976	0.017976	0.033479	0.033479
233	7	75	7	P1	1	-0.016915	-0.016915	0.000820	0.000820
233	7	75	7	P50	1	0.013379	0.013379	0.031639	0.031639
233	7	75	7	P75	3	-0.007871	-0.007871	0.016613	0.016613
233	7	75	7	P90	12	0.004230	0.004230	0.020632	0.020632
233	7	75	7	P95	53	-0.003040	-0.003040	0.004938	0.004938
233	7	75	7	P99	60	0.017976	0.017976	0.033479	0.033479
233	7	75	7	P999	60	0.017976	0.017976	0.033479	0.033479
234	1	55	1	P1	1	-0.015019	-0.015019	0.000906	0.000906
234	1	55	1	P50	1	0.009373	0.009373	0.025667	0.025667
234	1	55	1	P75	1	0.022257	0.022257	0.038746	0.038746
234	1	55	1	P90	2	0.030569	0.030569	0.001975	0.001975
234	1	55	1	P95	4	0.011090	0.011090	-0.017620	-0.017620
234	1	55	1	P99	4	0.033316	0.033316	0.003953	0.003953
234	1	55	1	P999	4	0.033316	0.033316	0.003953	0.003953
234	2	71	2	P1	1	-0.017194	-0.017194	0.000906	0.000906
234	2	71	2	P50	1	0.014458	0.014458	0.033120	0.033120
234	2	71	2	P75	4	0.019326	0.019326	-0.006892	-0.006892
234	2	71	2	P90	12	0.009531	0.009531	0.026561	0.026561
234	2	71	2	P95	13	0.007721	0.007721	0.024672	0.024672
234	2	71	2	P99	17	0.017801	0.017801	0.034747	0.034747
234	2	71	2	P999	17	0.017801	0.017801	0.034747	0.034747
234	3	90	3	P1	1	-0.017406	-0.017406	0.000690	0.000690
234	3	90	3	P50	1	0.013583	0.012884	0.032230	0.031519
234	3	90	3	P75	2	0.020580	0.020580	-0.005254	-0.005254
234	3	90	3	P90	12	0.000792	-0.007871	0.017680	0.008876
234	3	90	3	P95	13	-0.001002	-0.001002	0.015807	0.015807
234	3	90	3	P99	17	0.017801	0.017801	0.034747	0.034747
234	3	90	3	P999	17	0.017801	0.017801	0.034747	0.034747
234	4	102	4	P1	1	-0.009787	-0.009787	0.001380	0.001380
234	4	102	4	P50	1	0.025015	0.024308	0.036510	0.035796
234	4	102	4	P75	11	0.010913	0.010913	0.017803	0.017803
234	4	102	4	P90	54	-0.010393	-0.010393	-0.006504	-0.006504
234	4	102	4	P95	56	-0.003285	-0.003285	0.015147	0.015147
234	4	102	4	P99	58	0.019845	0.019845	0.023663	0.023663
234	4	102	4	P999	62	-0.003510	-0.003510	0.000141	0.000141
234	5	114	5	P1	1	-0.009958	-0.009958	0.001208	0.001208
234	5	114	5	P50	1	0.024131	0.023512	0.035617	0.034992
234	5	114	5	P75	4	0.039562	0.039562	0.003953	0.003953
234	5	114	5	P90	53	-0.006244	-0.006244	-0.002312	-0.002312
234	5	114	5	P95	56	-0.003285	-0.003285	0.015147	0.015147
234	5	114	5	P99	58	0.019845	0.019845	0.023663	0.023663
234	5	114	5	P999	62	-0.003510	-0.003510	0.000141	0.000141
234	6	119	6	P1	1	-0.009958	-0.009958	0.001208	0.001208
234	6	119	6	P50	1	0.025370	0.025370	0.036868	0.036868
234	6	119	6	P75	4	0.039562	0.039562	0.003953	0.003953
234	6	119	6	P90	53	-0.006244	-0.006244	-0.002312	-0.002312
234	6	119	6	P95	56	-0.003285	-0.003285	0.015147	0.015147
234	6	119	6	P99	58	0.019845	0.019845	0.023663	0.023663
234	6	119	6	P999	62	-0.003510	-0.003510	0.000141	0.000141
234	7	139	7	P1	1	-0.010208	-0.010208	0.000955	0.000955
234	7	139	7	P50	1	0.022513	0.022513	0.033984	0.033984
234	7	139	7	P75	4	0.007740	0.007740	-0.026723	-0.026723
234	7	139	7	P90	13	0.035939	0.035939	0.042635	0.042635
234	7	139	7	P95	56	-0.010489	-0.010489	0.004181	0.004181
234	7	139	7	P99	58	0.019845	0.019845	0.023663	0.023663
234	7	139	7	P999	62	-0.003510	-0.003510	0.000141	0.000141
235	1	12	1	P1	1	-0.009481	-0.009481	0.008727	0.008727
235	1	12	1	P50	2	0.005930	-0.004944	-0.019556	-0.030147
235	1	12	1	P75	12	-0.010702	-0.828661	0.005958	-0.833004
235	1	12	1	P90	12	0.003737	0.003737	0.020632	0.020632
235	1	12	1	P95	12	0.018388	0.018388	0.035520	0.035520
235	1	12	1	P99	12	0.018388	0.018388	0.035520	0.035520
235	1	12	1	P999	12	0.018388	0.018388	0.035520	0.035520
235	2	15	2	P1	1	-0.005611	-0.005611	0.008727	0.008727
235	2	15	2	P50	2	0.021394	0.021394	-0.008849	-0.008849
235	2	15	2	P75	12	0.024112	0.024112	0.035520	0.035520
235	2	15	2	P90	58	-0.007396	-0.007396	0.001666	0.001666
235	2	15	2	P95	58	0.014430	0.014430	0.023663	0.023663
235	2	15	2	P99	58	0.014430	0.014430	0.023663	0.023663
235	2	15	2	P999	58	0.014430	0.014430	0.023663	0.023663
235	3	18	3	P1	1	-0.008080	-0.008080	0.006226	0.006226
235	3	18	3	P50	2	0.014751	0.005961	-0.015287	-0.023806
235	3	18	3	P75	12	0.009369	0.009369	0.020632	0.020632
235	3	18	3	P90	58	-0.007396	-0.007396	0.001666	0.001666
235	3	18	3	P95	58	0.014430	0.014430	0.023663	0.023663
235	3	18	3	P99	58	0.014430	0.014430	0.023663	0.023663
235	3	18	3	P999	58	0.014430	0.014430	0.023663	0.023663
235	4	25	4	P1	1	-0.008080	-0.008080	0.006226	0.006226
235	4	25	4	P50	3	-0.010854	-0.010854	0.001996	0.001996
235	4	25	4	P75	4	0.035529	0.035529	0.003953	0.003953
235	4	25	4	P90	55	0.024224	0.024224	0.033604	0.033604
235	4	25	4	P95	58	-0.007396	-0.007396	0.001666	0.001666
235	4	25	4	P99	58	0.014430	0.014430	0.023663	0.023663
235	4	25	4	P999	58	0.014430	0.014430	0.023663	0.023663
235	5	72	5	P1	1	-0.013430	-0.013430	0.000805	0.000805
235	5	72	5	P50	1	0.015600	0.014782	0.030215	0.029387
235	5	72	5	P75	2	-0.002754	-0.485198	-0.032252	-0.477799
235	5	72	5	P90	4	0.024329	0.024329	-0.006892	-0.006892
235	5	72	5	P95	12	0.024112	0.024112	0.035520	0.035520
235	5	72	5	P99	58	0.014430	0.014430	0.023663	0.023663
235	5	72	5	P999	58	0.014430	0.014430	0.023663	0.023663
235	6	84	6	P1	1	-0.013430	-0.013430	0.000805	0.000805
235	6	84	6	P50	1	0.020521	0.019699	0.035200	0.034368
235	6	84	6	P75	4	0.013249	0.002290	-0.017620	-0.028232
235	6	84	6	P90	12	0.015241	0.015241	0.026561	0.026561
235	6	84	6	P95	13	0.016419	0.016419	0.027644	0.027644
235	6	84	6	P99	58	0.014430	0.014430	0.023663	0.023663
235	6	84	6	P999	58	0.014430	0.014430	0.023663	0.023663
235	7	99	7	P1	1	-0.013521	-0.013521	0.000712	0.000712
235	7	99	7	P50	1	0.021559	0.021559	0.036252	0.036252
235	7	99	7	P75	3	-0.010854	-0.010854	0.001996	0.001996
235	7	99	7	P90	12	0.010834	0.010834	0.022111	0.022111
235	7	99	7	P95	13	0.016419	0.016419	0.027644	0.027644
235	7	99	7	P99	58	0.014430	0.014430	0.023663	0.023663
235	7	99	7	P999	58	0.014430	0.014430	0.023663	0.023663
236	1	20	1	P1	1	-0.014769	-0.014769	0.007267	0.007267
236	1	20	1	P50	50	0.020798	-0.959048	0.042344	-0.959921
236	1	20	1	P75	56	0.011623	0.002869	0.015147	-0.006667
236	1	20	1	P90	58	0.002544	-0.006133	0.012605	0.001666
236	1	20	1	P95	59	0.029326	-0.014449	0.006313	-0.004558
236	1	20	1	P99	59	0.029326	0.029326	0.006313	0.006313
236	1	20	1	P999	59	0.029326	0.029326	0.006313	0.006313
236	2	26	2	P1	1	-0.014769	-0.014769	0.007267	0.007267
236	2	26	2	P50	4	0.008368	-0.000359	-0.013342	-0.021878
236	2	26	2	P75	54	0.031012	0.031012	0.007988	0.007988
236	2	26	2	P90	57	0.011304	0.011304	0.019239	0.019239
236	2	26	2	P95	58	0.002544	0.002544	0.012605	0.012605
236	2	26	2	P99	59	0.029326	0.029326	0.006313	0.006313
236	2	26	2	P999	59	0.029326	0.029326	0.006313	0.006313
236	3	32	3	P1	1	-0.014769	-0.014769	0.007267	0.007267
236	3	32	3	P50	4	0.003995	-0.000359	-0.017620	-0.021878
236	3	32	3	P75	54	0.008850	-0.012835	-0.006504	-0.020788
236	3	32	3	P90	57	0.002552	0.002552	0.008229	0.008229
236	3	32	3	P95	58	0.002544	0.002544	0.012605	0.012605
236	3	32	3	P99	59	0.029326	0.029326	0.006313	0.006313
236	3	32	3	P999	59	0.029326	0.029326	0.006313	0.006313
236	4	38	4	P1	1	-0.014769	-0.014769	0.007267	0.007267
236	4	38	4	P50	4	-0.003251	-0.006854	-0.024707	-0.028232
236	4	38	4	P75	50	0.020798	0.020798	0.042344	0.042344
236	4	38	4	P90	57	0.002552	0.002552	0.008229	0.008229
236	4	38	4	P95	58	0.002544	0.002544	0.012605	0.012605
236	4	38	4	P99	59	0.029326	0.029326	0.006313	0.006313
236	4	38	4	P999	59	0.029326	0.029326	0.006313	0.006313
236	5	53	5	P1	1	-0.018497	-0.018497	0.002071	0.002071
236	5	53	5	P50	3	-0.018385	-0.018385	0.001996	0.001996
236	5	53	5	P75	4	0.016163	0.016163	-0.006892	-0.006892
236	5	53	5	P90	56	0.003684	0.003684	-0.006667	-0.006667
236	5	53	5	P95	57	0.012122	0.012122	0.019239	0.019239
236	5	53	5	P99	59	0.030151	0.030151	0.006313	0.006313
236	5	53	5	P999	59	0.030151	0.030151	0.006313	0.006313
236	6	55	6	P1	1	-0.018497	-0.018497	0.002071	0.002071
236	6	55	6	P50	3	-0.011251	-0.011251	0.009278	0.009278
236	6	55	6	P75	4	0.023549	0.023549	0.000325	0.000325
236	6	55	6	P90	56	0.003684	0.003684	-0.006667	-0.006667
236	6	55	6	P95	57	0.012122	0.012122	0.019239	0.019239
236	6	55	6	P99	59	0.030151	0.030151	0.006313	0.006313
236	6	55	6	P999	59	0.030151	0.030151	0.006313	0.006313
236	7	57	7	P1	1	-0.018589	-0.018589	0.001977	0.001977
236	7	57	7	P50	3	-0.018385	-0.018385	0.001996	0.001996
236	7	57	7	P75	4	0.019849	0.019849	-0.003290	-0.003290
236	7	57	7	P90	56	0.003684	0.003684	-0.006667	-0.006667
236	7	57	7	P95	57	0.012122	0.012122	0.019239	0.019239
236	7	57	7	P99	59	0.030151	0.030151	0.006313	0.006313
236	7	57	7	P999	59	0.030151	0.030151	0.006313	0.006313
237	1	4	1	P1	2	0.001799	0.001799	-0.019556	-0.019556
237	1	4	1	P50	54	0.031012	-0.962081	0.007988	-0.962890
237	1	4	1	P75	57	0.020132	-0.023252	0.041622	-0.045064
237	1	4	1	P90	57	0.020132	0.020132	0.041622	0.041622
237	1	4	1	P95	57	0.020132	0.020132	0.041622	0.041622
237	1	4	1	P99	57	0.020132	0.020132	0.041622	0.041622
237	1	4	1	P999	57	0.020132	0.020132	0.041622	0.041622
237	2	9	2	P1	2	0.001799	0.001799	-0.019556	-0.019556
237	2	9	2	P50	4	0.003995	0.003995	-0.017620	-0.017620
237	2	9	2	P75	4	0.026050	0.026050	0.003953	0.003953
237	2	9	2	P90	57	0.020132	0.020132	0.041622	0.041622
237	2	9	2	P95	57	0.020132	0.020132	0.041622	0.041622
237	2	9	2	P99	57	0.020132	0.020132	0.041622	0.041622
237	2	9	2	P999	57	0.020132	0.020132	0.041622	0.041622
237	3	12	3	P1	1	-0.006236	-0.006236	0.014587	0.014587
237	3	12	3	P50	4	-0.005676	-0.242150	-0.028232	-0.226419
237	3	12	3	P75	4	0.027262	0.016163	0.003953	-0.006892
237	3	12	3	P90	54	0.031851	0.031851	0.007988	0.007988
237	3	12	3	P95	57	0.020956	0.020956	0.041622	0.041622
237	3	12	3	P99	57	0.020956	0.020956	0.041622	0.041622
237	3	12	3	P999	57	0.020956	0.020956	0.041622	0.041622
237	4	17	4	P1	1	-0.006236	-0.006236	0.014587	0.014587
237	4	17	4	P50	3	0.010466	0.010466	0.031442	0.031442
237	4	17	4	P75	4	0.012490	0.012490	-0.010481	-0.010481
237	4	17	4	P90	54	0.031851	0.031851	0.007988	0.007988
237	4	17	4	P95	57	0.020956	0.020956	0.041622	0.041622
237	4	17	4	P99	57	0.020956	0.020956	0.041622	0.041622
237	4	17	4	P999	57	0.020956	0.020956	0.041622	0.041622
237	5	22	5	P1	1	-0.006236	-0.006236	0.014587	0.014587
237	5	22	5	P50	4	-0.011062	-0.242150	-0.033495	-0.226419
237	5	22	5	P75	4	0.016163	0.016163	-0.006892	-0.006892
237	5	22	5	P90	5	0.021238	0.021238	0.042344	0.042344
237	5	22	5	P95	54	0.031851	0.031851	0.007988	0.007988
237	5	22	5	P99	57	0.020956	0.020956	0.041622	0.041622
237	5	22	5	P999	57	0.020956	0.020956	0.041622	0.041622
237	6	27	6	P1	1	-0.006236	-0.006236	0.014587	0.014587
237	6	27	6	P50	3	0.010466	0.010466	0.031442	0.031442
237	6	27	6	P75	4	0.013958	0.013958	-0.009047	-0.009047
237	6	27	6	P90	5	0.021238	0.021238	0.042344	0.042344
237	6	27	6	P95	54	0.031851	0.031851	0.007988	0.007988
237	6	27	6	P99	57	0.020956	0.020956	0.041622	0.041622
237	6	27	6	P999	57	0.020956	0.020956	0.041622	0.041622
237	7	31	7	P1	1	-0.006236	-0.006236	0.014587	0.014587
237	7	31	7	P50	4	-0.013126	-0.013126	-0.035512	-0.035512
237	7	31	7	P75	4	0.013619	0.013619	-0.009378	-0.009378
237	7	31	7	P90	4	0.027262	0.027262	0.003953	0.003953
237	7	31	7	P95	54	0.031851	0.031851	0.007988	0.007988
237	7	31	7	P99	57	0.020956	0.020956	0.041622	0.041622
237	7	31	7	P999	57	0.020956	0.020956	0.041622	0.041622
238	1	12	1	P1	1	-0.010547	-0.010547	0.005445	0.005445
238	1	12	1	P50	1	0.022257	0.016716	0.038746	0.033120
238	1	12	1	P75	4	0.003788	-0.237874	-0.024707	-0.226419
238	1	12	1	P90	4	0.018445	0.018445	-0.010481	-0.010481
238	1	12	1	P95	4	0.033316	0.033316	0.003953	0.003953
238	1	12	1	P99	4	0.033316	0.033316	0.003953	0.003953
238	1	12	1	P999	4	0.033316	0.033316	0.003953	0.003953
238	2	15	2	P1	1	-0.012706	-0.012706	0.005445	0.005445
238	2	15	2	P50	1	0.025572	0.025572	0.044403	0.044403
238	2	15	2	P75	4	0.030501	0.030501	0.003953	0.003953
238	2	15	2	P90	12	0.018388	0.018388	0.035520	0.035520
238	2	15	2	P95	13	0.025440	0.025440	0.042635	0.042635
238	2	15	2	P99	13	0.025440	0.025440	0.042635	0.042635
238	2	15	2	P999	13	0.025440	0.025440	0.042635	0.042635
238	3	24	3	P1	1	-0.014767	-0.014767	0.003348	0.003348
238	3	24	3	P50	1	0.025572	0.022148	0.044403	0.040918
238	3	24	3	P75	4	0.001065	-0.239862	-0.024707	-0.226419
238	3	24	3	P90	11	0.018458	0.018458	0.035645	0.035645
238	3	24	3	P95	12	0.018388	0.018388	0.035520	0.035520
238	3	24	3	P99	13	0.025440	0.025440	0.042635	0.042635
238	3	24	3	P999	13	0.025440	0.025440	0.042635	0.042635
238	4	26	4	P1	1	-0.014430	-0.014430	0.003348	0.003348
238	4	26	4	P50	2	-0.004562	-0.487038	-0.030147	-0.477799
238	4	26	4	P75	4	0.016109	0.016109	-0.010481	-0.010481
238	4	26	4	P90	13	0.025949	0.025949	0.042635	0.042635
238	4	26	4	P95	55	-0.003850	-0.003850	0.011394	0.011394
238	4	26	4	P99	55	0.018041	0.018041	0.033604	0.033604
238	4	26	4	P999	55	0.018041	0.018041	0.033604	0.033604
238	5	28	5	P1	1	-0.014870	-0.014870	0.002901	0.002901
238	5	28	5	P50	1	0.025925	0.022956	0.044403	0.041382
238	5	28	5	P75	4	0.016109	0.001490	-0.010481	-0.024707
238	5	28	5	P90	13	0.025949	0.025949	0.042635	0.042635
238	5	28	5	P95	55	-0.003850	-0.003850	0.011394	0.011394
238	5	28	5	P99	55	0.018041	0.018041	0.033604	0.033604
238	5	28	5	P999	55	0.018041	0.018041	0.033604	0.033604
238	6	32	6	P1	1	-0.014870	-0.014870	0.002901	0.002901
238	6	32	6	P50	2	0.006316	-0.004562	-0.019556	-0.030147
238	6	32	6	P75	4	0.018214	0.011910	-0.008431	-0.014566
238	6	32	6	P90	12	0.018888	0.018888	0.035520	0.035520
238	6	32	6	P95	55	-0.003850	-0.003850	0.011394	0.011394
238	6	32	6	P99	55	0.018041	0.018041	0.033604	0.033604
238	6	32	6	P999	55	0.018041	0.018041	0.033604	0.033604
238	7	36	7	P1	1	-0.014870	-0.014870	0.002901	0.002901
238	7	36	7	P50	2	0.028430	0.017313	0.001975	-0.008849
238	7	36	7	P75	4	0.016109	0.011212	-0.010481	-0.015246
238	7	36	7	P90	12	0.018888	0.018888	0.035520	0.035520
238	7	36	7	P95	55	-0.003850	-0.003850	0.011394	0.011394
238	7	36	7	P99	55	0.018041	0.018041	0.033604	0.033604
238	7	36	7	P999	55	0.018041	0.018041	0.033604	0.033604
239	1	10	0	P1	1	-0.016160	-0.016160	0.005445	0.005445
239	1	10	0	P50	1	0.010920	0.005445	0.033120	0.027525
239	1	10	0	P75	1	0.021960	0.021960	0.044403	0.044403
239	1	10	0	P90	2	0.023978	0.001975	0.001975	-0.019556
239	1	10	0	P95	2	0.023978	0.023978	0.001975	0.001975
239	1	10	0	P99	2	0.023978	0.023978	0.001975	0.001975
239	1	10	0	P999	2	0.023978	0.023978	0.001975	0.001975
239	2	14	1	P1	1	-0.010547	-0.010547	0.005445	0.005445
239	2	14	1	P50	1	0.027830	0.022257	0.044403	0.038746
239	2	14	1	P75	3	0.016168	0.016168	0.031442	0.031442
239	2	14	1	P90	4	0.018445	0.018445	-0.010481	-0.010481
239	2	14	1	P95	4	0.033316	0.033316	0.003953	0.003953
239	2	14	1	P99	4	0.033316	0.033316	0.003953	0.003953
239	2	14	1	P999	4	0.033316	0.033316	0.003953	0.003953
239	3	18	2	P1	1	-0.010547	-0.010547	0.005445	0.005445
239	3	18	2	P50	2	0.030569	0.008402	0.001975	-0.019556
239	3	18	2	P75	4	-0.002015	-0.002015	-0.030341	-0.030341
239	3	18	2	P90	4	0.024368	0.024368	-0.004732	-0.004732
239	3	18	2	P95	4	0.033316	0.033316	0.003953	0.003953
239	3	18	2	P99	4	0.033316	0.033316	0.003953	0.003953
239	3	18	2	P999	4	0.033316	0.033316	0.003953	0.003953
239	4	132	3	P1	1	-0.015209	-0.015209	0.000712	0.000712
239	4	132	3	P50	1	0.007875	0.007516	0.024146	0.023781
239	4	132	3	P75	1	0.019801	0.019437	0.036252	0.035883
239	4	132	3	P90	1	0.026731	0.026731	0.043287	0.043287
239	4	132	3	P95	3	0.001544	0.001544	0.016613	0.016613
239	4	132	3	P99	4	0.024368	0.024368	-0.004732	-0.004732
239	4	132	3	P999	4	0.033316	0.033316	0.003953	0.003953
239	5	141	4	P1	1	-0.017356	-0.017356	0.000712	0.000712
239	5	141	4	P50	1	0.007103	0.007103	0.025606	0.025606
239	5	141	4	P75	1	0.019742	0.019742	0.038469	0.038469
239	5	141	4	P90	3	0.013517	0.013517	0.031442	0.031442
239	5	141	4	P95	12	-0.014280	-0.014280	0.002322	0.002322
239	5	141	4	P99	15	-0.009258	-0.009258	0.007289	0.007289
239	5	141	4	P999	15	0.012513	0.012513	0.029409	0.029409
239	6	145	5	P1	1	-0.017367	-0.017367	0.000701	0.000701
239	6	145	5	P50	1	0.007398	0.007398	0.025906	0.025906
239	6	145	5	P75	1	0.020193	0.020193	0.038928	0.038928
239	6	145	5	P90	3	0.013517	0.013517	0.031442	0.031442
239	6	145	5	P95	12	-0.014280	-0.014280	0.002322	0.002322
239	6	145	5	P99	15	-0.009258	-0.009258	0.007289	0.007289
239	6	145	5	P999	15	0.012513	0.012513	0.029409	0.029409
239	7	153	6	P1	1	-0.010460	-0.010460	0.000701	0.000701
239	7	153	6	P50	1	0.015936	0.015936	0.027345	0.027345
239	7	153	6	P75	1	0.029577	0.029577	0.041114	0.041114
239	7	153	6	P90	12	-0.004332	-0.004332	0.002322	0.002322
239	7	153	6	P95	55	-0.005568	-0.005568	-0.001703	-0.001703
239	7	153	6	P99	59	-0.011881	-0.011881	-0.008156	-0.008156
239	7	153	6	P999	59	0.002560	0.002560	0.006313	0.006313
240	1	12	1	P1	1	-0.008752	-0.008752	0.007267	0.007267
240	1	12	1	P50	2	0.008402	-0.486085	-0.019556	-0.477799
240	1	12	1	P75	4	0.003788	-0.237874	-0.024707	-0.226419
240	1	12	1	P90	4	0.018445	0.018445	-0.010481	-0.010481
240	1	12	1	P95	4	0.033316	0.033316	0.003953	0.003953
240	1	12	1	P99	4	0.033316	0.033316	0.003953	0.003953
240	1	12	1	P999	4	0.033316	0.033316	0.003953	0.003953
240	2	82	2	P1	1	-0.015340	-0.015340	0.000579	0.000579
240	2	82	2	P50	1	0.008349	0.007765	0.024628	0.024034
240	2	82	2	P75	1	0.020111	0.020111	0.036567	0.036567
240	2	82	2	P90	1	0.027234	0.027234	0.043798	0.043798
240	2	82	2	P95	2	0.030569	0.030569	0.001975	0.001975
240	2	82	2	P99	4	0.033316	0.033316	0.003953	0.003953
240	2	82	2	P999	4	0.033316	0.033316	0.003953	0.003953
240	3	87	3	P1	1	-0.020245	-0.020245	0.000579	0.000579
240	3	87	3	P50	1	0.004469	0.004469	0.025815	0.025815
240	3	87	3	P75	1	0.017353	0.017353	0.038972	0.038972
240	3	87	3	P90	3	0.010112	0.010112	0.031442	0.031442
240	3	87	3	P95	12	-0.014683	-0.014683	0.005958	0.005958
240	3	87	3	P99	13	0.021255	0.021255	0.042635	0.042635
240	3	87	3	P999	13	0.021255	0.021255	0.042635	0.042635
240	4	92	4	P1	1	-0.014804	-0.014804	0.000579	0.000579
240	4	92	4	P50	1	0.011830	0.011243	0.027600	0.027004
240	4	92	4	P75	1	0.025416	0.024821	0.041382	0.040779
240	4	92	4	P90	12	-0.006826	-0.006826	0.005958	0.005958
240	4	92	4	P95	53	-0.006232	-0.006232	0.004938	0.004938
240	4	92	4	P99	59	-0.004755	-0.004755	0.006313	0.006313
240	4	92	4	P999	59	-0.004755	-0.004755	0.006313	0.006313
240	5	97	5	P1	1	-0.014819	-0.014819	0.000564	0.000564
240	5	97	5	P50	1	0.012257	0.012257	0.028033	0.028033
240	5	97	5	P75	1	0.026072	0.026072	0.042048	0.042048
240	5	97	5	P90	12	-0.006826	-0.006826	0.005958	0.005958
240	5	97	5	P95	53	-0.006232	-0.006232	0.004938	0.004938
240	5	97	5	P99	59	-0.004755	-0.004755	0.006313	0.006313
240	5	97	5	P999	59	-0.004755	-0.004755	0.006313	0.006313
240	6	101	6	P1	1	-0.014262	-0.014262	0.001129	0.001129
240	6	101	6	P50	1	0.013401	0.013401	0.029193	0.029193
240	6	101	6	P75	1	0.027813	0.027813	0.043813	0.043813
240	6	101	6	P90	4	0.034019	0.034019	0.003953	0.003953
240	6	101	6	P95	13	0.029514	0.029514	0.042635	0.042635
240	6	101	6	P99	56	0.003935	0.003935	0.015147	0.015147
240	6	101	6	P999	59	-0.004755	-0.004755	0.006313	0.006313
240	7	138	7	P1	1	-0.014623	-0.014623	0.000762	0.000762
240	7	138	7	P50	1	0.011274	0.010889	0.027036	0.026644
240	7	138	7	P75	1	0.024477	0.024477	0.040430	0.040430
240	7	138	7	P90	4	0.014924	0.014924	-0.014566	-0.014566
240	7	138	7	P95	13	0.007368	0.007368	0.020230	0.020230
240	7	138	7	P99	56	0.003935	0.003935	0.015147	0.015147
240	7	138	7	P999	59	-0.004755	-0.004755	0.006313	0.006313
241	1	14	1	P1	11	0.024119	0.024119	0.035645	0.035645
241	1	14	1	P50	52	-0.003734	-0.679276	0.002254	-0.689870
241	1	14	1	P75	55	-0.016106	-0.016106	0.011394	0.011394
241	1	14	1	P90	57	-0.008327	-0.008327	0.019239	0.019239
241	1	14	1	P95	59	0.000746	0.000746	0.006313	0.006313
241	1	14	1	P99	59	0.000746	0.000746	0.006313	0.006313
241	1	14	1	P999	59	0.000746	0.000746	0.006313	0.006313
241	2	21	2	P1	1	-0.000025	-0.000025	0.010920	0.010920
241	2	21	2	P50	12	0.030846	0.030846	0.035520	0.035520
241	2	21	2	P75	53	-0.003161	-0.003161	0.004938	0.004938
241	2	21	2	P90	56	-0.007384	-0.007384	0.015147	0.015147
241	2	21	2	P95	57	-0.003328	-0.003328	0.019239	0.019239
241	2	21	2	P99	59	0.005752	0.005752	0.006313	0.006313
241	2	21	2	P999	59	0.005752	0.005752	0.006313	0.006313
241	3	24	3	P1	1	-0.000025	-0.000025	0.010920	0.010920
241	3	24	3	P50	12	0.015988	0.001344	0.020632	0.005958
241	3	24	3	P75	53	-0.003161	-0.017529	0.004938	-0.016656
241	3	24	3	P90	56	-0.007384	-0.007384	0.015147	0.015147
241	3	24	3	P95	57	-0.003328	-0.003328	0.019239	0.019239
241	3	24	3	P99	59	0.005752	0.005752	0.006313	0.006313
241	3	24	3	P999	59	0.005752	0.005752	0.006313	0.006313
241	4	27	4	P1	1	-0.000025	-0.000025	0.010920	0.010920
241	4	27	4	P50	11	0.030744	0.030744	0.035645	0.035645
241	4	27	4	P75	52	0.001365	0.001365	0.002254	0.002254
241	4	27	4	P90	56	-0.007384	-0.007384	0.015147	0.015147
241	4	27	4	P95	57	-0.003328	-0.003328	0.019239	0.019239
241	4	27	4	P99	59	0.005752	0.005752	0.006313	0.006313
241	4	27	4	P999	59	0.005752	0.005752	0.006313	0.006313
241	5	62	5	P1	1	-0.007420	-0.007420	0.001115	0.001115
241	5	62	5	P50	1	0.027538	0.026391	0.036290	0.035136
241	5	62	5	P75	4	0.035474	0.035474	-0.003290	-0.003290
241	5	62	5	P90	52	0.002763	0.002763	0.002254	0.002254
241	5	62	5	P95	55	-0.009738	-0.009738	0.011394	0.011394
241	5	62	5	P99	59	0.007125	0.007125	0.006313	0.006313
241	5	62	5	P999	59	0.007125	0.007125	0.006313	0.006313
241	6	70	6	P1	1	-0.007420	-0.007420	0.001115	0.001115
241	6	70	6	P50	1	0.032137	0.030985	0.040918	0.039759
241	6	70	6	P75	12	-0.000537	-0.000537	0.002322	0.002322
241	6	70	6	P90	52	0.002763	-0.676774	0.002254	-0.689870
241	6	70	6	P95	55	-0.009738	-0.009738	0.011394	0.011394
241	6	70	6	P99	59	0.007125	0.007125	0.006313	0.006313
241	6	70	6	P999	59	0.007125	0.007125	0.006313	0.006313
241	7	78	7	P1	1	-0.007420	-0.007420	0.001115	0.001115
241	7	78	7	P50	2	0.009565	-0.482200	-0.026629	-0.477799
241	7	78	7	P75	12	0.032643	0.032643	0.035520	0.035520
241	7	78	7	P90	56	-0.015245	-0.015245	0.000552	0.000552
241	7	78	7	P95	57	-0.008146	-0.008146	0.019239	0.019239
241	7	78	7	P99	81	-0.004987	-0.004987	0.037632	0.037632
241	7	78	7	P999	81	-0.004987	-0.004987	0.037632	0.037632
242	1	11	1	P1	1	0.003160	0.003160	0.007267	0.007267
242	1	11	1	P50	1	0.040260	0.040260	0.044403	0.044403
242	1	11	1	P75	4	-0.024636	-0.024636	-0.024707	-0.024707
242	1	11	1	P90	4	-0.010364	-0.010364	-0.010481	-0.010481
242	1	11	1	P95	4	0.004116	0.004116	0.003953	0.003953
242	1	11	1	P99	4	0.004116	0.004116	0.003953	0.003953
242	1	11	1	P999	4	0.004116	0.004116	0.003953	0.003953
242	2	22	2	P1	1	-0.001543	-0.001543	0.002559	0.002559
242	2	22	2	P50	1	0.027012	0.024382	0.031142	0.028510
242	2	22	2	P75	1	0.040260	0.040260	0.044403	0.044403
242	2	22	2	P90	4	-0.024636	-0.024636	-0.024707	-0.024707
242	2	22	2	P95	4	-0.010364	-0.010364	-0.010481	-0.010481
242	2	22	2	P99	4	0.004116	0.004116	0.003953	0.003953
242	2	22	2	P999	4	0.004116	0.004116	0.003953	0.003953
242	3	25	3	P1	1	-0.001543	-0.001543	0.002559	0.002559
242	3	25	3	P50	1	0.029648	0.029648	0.033781	0.033781
242	3	25	3	P75	2	0.044542	0.044542	0.001975	0.001975
242	3	25	3	P90	4	-0.010364	-0.010364	-0.010481	-0.010481
242	3	25	3	P95	4	-0.003150	-0.003150	-0.003290	-0.003290
242	3	25	3	P99	4	0.004116	0.004116	0.003953	0.003953
242	3	25	3	P999	4	0.004116	0.004116	0.003953	0.003953
242	4	90	4	P1	1	-0.003570	-0.003570	0.000530	0.000530
242	4	90	4	P50	1	0.020547	0.020005	0.024671	0.024128
242	4	90	4	P75	1	0.032549	0.032549	0.036684	0.036684
242	4	90	4	P90	1	0.040260	0.039707	0.044403	0.043849
242	4	90	4	P95	4	-0.024636	-0.024636	-0.024707	-0.024707
242	4	90	4	P99	4	0.004116	0.004116	0.003953	0.003953
242	4	90	4	P999	4	0.004116	0.004116	0.003953	0.003953
242	5	99	5	P1	1	-0.008017	-0.008017	0.000530	0.000530
242	5	99	5	P50	1	0.018134	0.018134	0.026845	0.026845
242	5	99	5	P75	1	0.031740	0.031740	0.040536	0.040536
242	5	99	5	P90	4	-0.001448	-0.001448	0.003953	0.003953
242	5	99	5	P95	12	-0.019954	-0.019954	0.026561	0.026561
242	5	99	5	P99	14	0.008617	0.008617	0.011149	0.011149
242	5	99	5	P999	14	0.008617	0.008617	0.011149	0.011149
242	6	105	6	P1	1	-0.007551	-0.007551	0.000999	0.000999
242	6	105	6	P50	1	0.018109	0.018109	0.026820	0.026820
242	6	105	6	P75	1	0.031444	0.031444	0.040239	0.040239
242	6	105	6	P90	4	-0.008668	-0.008668	-0.003290	-0.003290
242	6	105	6	P95	12	-0.028452	-0.028452	0.017680	0.017680
242	6	105	6	P99	14	-0.005917	-0.005917	-0.003388	-0.003388
242	6	105	6	P999	14	0.008617	0.008617	0.011149	0.011149
242	7	114	7	P1	1	-0.007534	-0.007534	0.000999	0.000999
242	7	114	7	P50	1	0.020677	0.020166	0.029387	0.028873
242	7	114	7	P75	1	0.035082	0.035082	0.043881	0.043881
242	7	114	7	P90	14	-0.020218	-0.020218	-0.017717	-0.017717
242	7	114	7	P95	55	-0.024007	-0.024007	0.004097	0.004097
242	7	114	7	P99	59	0.007125	0.007125	0.006313	0.006313
242	7	114	7	P999	76	0.015288	0.015288	0.013862	0.013862
243	1	13	1	P1	1	0.002120	0.002120	0.006226	0.006226
243	1	13	1	P50	1	0.040260	0.040260	0.044403	0.044403
243	1	13	1	P75	3	-0.013172	-0.013172	0.031442	0.031442
243	1	13	1	P90	4	-0.010364	-0.010364	-0.010481	-0.010481
243	1	13	1	P95	4	0.004116	0.004116	0.003953	0.003953
243	1	13	1	P99	4	0.004116	0.004116	0.003953	0.003953
243	1	13	1	P999	4	0.004116	0.004116	0.003953	0.003953
243	2	17	2	P1	1	0.002120	0.002120	0.006226	0.006226
243	2	17	2	P50	2	0.044542	0.044542	0.001975	0.001975
243	2	17	2	P75	4	-0.020579	-0.020579	-0.020664	-0.020664
243	2	17	2	P90	4	-0.002115	-0.002115	-0.002258	-0.002258
243	2	17	2	P95	4	0.004116	0.004116	0.003953	0.003953
243	2	17	2	P99	4	0.004116	0.004116	0.003953	0.003953
243	2	17	2	P999	4	0.004116	0.004116	0.003953	0.003953
243	3	29	3	P1	1	-0.001813	-0.001813	0.002289	0.002289
243	3	29	3	P50	1	0.030760	0.030760	0.034894	0.034894
243	3	29	3	P75	3	-0.013172	-0.013172	0.031442	0.031442
243	3	29	3	P90	4	-0.008308	-0.008308	-0.008431	-0.008431
243	3	29	3	P95	4	-0.002115	-0.002115	-0.002258	-0.002258
243	3	29	3	P99	4	0.004116	0.004116	0.003953	0.003953
243	3	29	3	P999	4	0.004116	0.004116	0.003953	0.003953
243	4	31	4	P1	1	-0.015807	-0.015807	0.002289	0.002289
243	4	31	4	P50	1	0.018557	0.018557	0.037263	0.037263
243	4	31	4	P75	4	-0.043503	-0.043503	-0.026723	-0.026723
243	4	31	4	P90	4	-0.019445	-0.019445	-0.002258	-0.002258
243	4	31	4	P95	12	-0.003509	-0.003509	0.013268	0.013268
243	4	31	4	P99	12	0.018388	0.018388	0.035520	0.035520
243	4	31	4	P999	12	0.018388	0.018388	0.035520	0.035520
243	5	37	5	P1	1	-0.016114	-0.016114	0.001977	0.001977
243	5	37	5	P50	1	0.019510	0.019510	0.038233	0.038233
243	5	37	5	P75	3	-0.029598	-0.029598	0.031442	0.031442
243	5	37	5	P90	4	-0.019445	-0.019445	-0.002258	-0.002258
243	5	37	5	P95	12	-0.003509	-0.003509	0.013268	0.013268
243	5	37	5	P99	12	0.018388	0.018388	0.035520	0.035520
243	5	37	5	P999	12	0.018388	0.018388	0.035520	0.035520
243	6	39	6	P1	1	-0.009196	-0.009196	0.001977	0.001977
243	6	39	6	P50	1	0.028756	0.028756	0.040286	0.040286
243	6	39	6	P75	4	-0.035180	-0.035180	-0.026723	-0.026723
243	6	39	6	P90	12	0.006561	0.006561	0.013268	0.013268
243	6	39	6	P95	52	-0.001722	-0.001722	0.002254	0.002254
243	6	39	6	P99	56	0.011281	0.011281	0.015147	0.015147
243	6	39	6	P999	56	0.011281	0.011281	0.015147	0.015147
243	7	41	7	P1	1	-0.009282	-0.009282	0.001891	0.001891
243	7	41	7	P50	1	0.028933	0.028933	0.040464	0.040464
243	7	41	7	P75	4	-0.041161	-0.041161	-0.032745	-0.032745
243	7	41	7	P90	4	-0.004714	-0.004714	0.003953	0.003953
243	7	41	7	P95	12	0.028706	0.028706	0.035520	0.035520
243	7	41	7	P99	56	0.011281	0.011281	0.015147	0.015147
243	7	41	7	P999	56	0.011281	0.011281	0.015147	0.015147
244	1	8	0	P1	4	-0.015396	-0.015396	-0.032745	-0.032745
244	1	8	0	P50	4	0.009353	0.003108	-0.008431	-0.014566
244	1	8	0	P75	4	0.021960	0.015637	0.003953	-0.002258
244	1	8	0	P90	5	0.015930	0.015930	0.042344	0.042344
244	1	8	0	P95	5	0.015930	0.015930	0.042344	0.042344
244	1	8	0	P99	5	0.015930	0.015930	0.042344	0.042344
244	1	8	0	P999	5	0.015930	0.015930	0.042344	0.042344
244	2	54	1	P1	1	-0.003156	-0.003156	0.000945	0.000945
244	2	54	1	P50	1	0.022671	0.021703	0.026798	0.025828
244	2	54	1	P75	1	0.035344	0.035344	0.039482	0.039482
244	2	54	1	P90	4	-0.020579	-0.020579	-0.020664	-0.020664
244	2	54	1	P95	4	-0.002115	-0.002115	-0.002258	-0.002258
244	2	54	1	P99	5	-0.001143	-0.001143	0.042344	0.042344
244	2	54	1	P999	5	-0.001143	-0.001143	0.042344	0.042344
244	3	57	2	P1	1	-0.019887	-0.019887	0.000945	0.000945
244	3	57	2	P50	1	0.006381	0.006381	0.027768	0.027768
244	3	57	2	P75	1	0.019777	0.019777	0.041448	0.041448
244	3	57	2	P90	4	-0.022861	-0.022861	-0.002258	-0.002258
244	3	57	2	P95	11	0.014388	0.014388	0.035645	0.035645
244	3	57	2	P99	14	0.034403	0.034403	0.011149	0.011149
244	3	57	2	P999	14	0.034403	0.034403	0.011149	0.011149
244	4	69	3	P1	1	-0.020010	-0.020010	0.000820	0.000820
244	4	69	3	P50	1	0.007691	0.007691	0.029106	0.029106
244	4	69	3	P75	1	0.021833	0.021833	0.043547	0.043547
244	4	69	3	P90	4	-0.028908	-0.028908	-0.008431	-0.008431
244	4	69	3	P95	5	-0.022553	-0.022553	0.042344	0.042344
244	4	69	3	P99	14	0.034403	0.034403	0.011149	0.011149
244	4	69	3	P999	14	0.034403	0.034403	0.011149	0.011149
244	5	72	4	P1	1	-0.019723	-0.019723	0.000820	0.000820
244	5	72	4	P50	1	0.009641	0.008814	0.030794	0.029950
244	5	72	4	P75	2	-0.001266	-0.009908	-0.023806	-0.032252
244	5	72	4	P90	4	-0.016419	-0.016419	0.003953	0.003953
244	5	72	4	P95	14	0.034848	0.034848	0.011149	0.011149
244	5	72	4	P99	57	0.020956	0.020956	0.041622	0.041622
244	5	72	4	P999	57	0.020956	0.020956	0.041622	0.041622
244	6	75	5	P1	1	-0.019752	-0.019752	0.000790	0.000790
244	6	75	5	P50	1	0.009325	0.009325	0.030472	0.030472
244	6	75	5	P75	2	-0.004155	-0.004155	-0.026629	-0.026629
244	6	75	5	P90	4	-0.016419	-0.016419	0.003953	0.003953
244	6	75	5	P95	14	0.034848	0.034848	0.011149	0.011149
244	6	75	5	P99	57	0.020956	0.020956	0.041622	0.041622
244	6	75	5	P999	57	0.020956	0.020956	0.041622	0.041622
244	7	79	6	P1	1	-0.019752	-0.019752	0.000790	0.000790
244	7	79	6	P50	1	0.010922	0.010922	0.032101	0.032101
244	7	79	6	P75	2	0.017718	0.017718	-0.005254	-0.005254
244	7	79	6	P90	4	0.027262	0.027262	0.003953	0.003953
244	7	79	6	P95	14	0.034848	0.034848	0.011149	0.011149
244	7	79	6	P99	57	0.020956	0.020956	0.041622	0.041622
244	7	79	6	P999	57	0.020956	0.020956	0.041622	0.041622
245	1	8	1	P1	1	-0.005153	-0.005153	0.010920	0.010920
245	1	8	1	P50	3	-0.005689	-0.657390	0.009278	-0.651866
245	1	8	1	P75	4	0.011090	-0.237874	-0.017620	-0.226419
245	1	8	1	P90	4	0.033316	0.033316	0.003953	0.003953
245	1	8	1	P95	4	0.033316	0.033316	0.003953	0.003953
245	1	8	1	P99	4	0.033316	0.033316	0.003953	0.003953
245	1	8	1	P999	4	0.033316	0.033316	0.003953	0.003953
245	2	123	2	P1	1	-0.015191	-0.015191	0.000730	0.000730
245	2	123	2	P50	1	0.006641	0.006641	0.022893	0.022893
245	2	123	2	P75	1	0.018110	0.018110	0.034536	0.034536
245	2	123	2	P90	1	0.024829	0.024829	0.041357	0.041357
245	2	123	2	P95	1	0.027079	0.027079	0.043640	0.043640
245	2	123	2	P99	4	0.011090	0.011090	-0.017620	-0.017620
245	2	123	2	P999	4	0.033316	0.033316	0.003953	0.003953
245	3	131	3	P1	1	-0.007818	-0.007818	0.000730	0.000730
245	3	131	3	P50	1	0.015692	0.015692	0.024388	0.024388
245	3	131	3	P75	1	0.028031	0.028031	0.036804	0.036804
245	3	131	3	P90	1	0.035204	0.035204	0.044021	0.044021
245	3	131	3	P95	12	-0.025628	-0.025628	0.020632	0.020632
245	3	131	3	P99	14	0.008617	0.008617	0.011149	0.011149
245	3	131	3	P999	17	-0.011333	-0.011333	0.034747	0.034747
245	4	134	4	P1	1	-0.007824	-0.007824	0.000724	0.000724
245	4	134	4	P50	1	0.016225	0.015856	0.024924	0.024553
245	4	134	4	P75	1	0.028467	0.028467	0.037243	0.037243
245	4	134	4	P90	2	0.016899	0.016899	-0.019556	-0.019556
245	4	134	4	P95	12	-0.025628	-0.025628	0.020632	0.020632
245	4	134	4	P99	14	0.008617	0.008617	0.011149	0.011149
245	4	134	4	P999	17	-0.011333	-0.011333	0.034747	0.034747
245	5	142	5	P1	1	-0.013510	-0.013510	0.000724	0.000724
245	5	142	5	P50	1	0.011843	0.011477	0.026410	0.026038
245	5	142	5	P75	1	0.024763	0.024763	0.039499	0.039499
245	5	142	5	P90	12	-0.033598	-0.033598	0.020632	0.020632
245	5	142	5	P95	52	-0.006953	-0.006953	0.002254	0.002254
245	5	142	5	P99	58	0.014430	0.014430	0.023663	0.023663
245	5	142	5	P999	60	0.024215	0.024215	0.033479	0.033479
245	6	150	6	P1	1	-0.013533	-0.013533	0.000701	0.000701
245	6	150	6	P50	1	0.012411	0.012056	0.026985	0.026626
245	6	150	6	P75	1	0.025638	0.025638	0.040385	0.040385
245	6	150	6	P90	12	-0.033598	-0.047510	0.020632	0.005958
245	6	150	6	P95	52	-0.006953	-0.006953	0.002254	0.002254
245	6	150	6	P99	58	0.014430	0.014430	0.023663	0.023663
245	6	150	6	P999	60	0.024215	0.024215	0.033479	0.033479
245	7	153	7	P1	1	-0.013533	-0.013533	0.000701	0.000701
245	7	153	7	P50	1	0.012767	0.012767	0.027345	0.027345
245	7	153	7	P75	1	0.026358	0.026358	0.041114	0.041114
245	7	153	7	P90	12	-0.047510	-0.047510	0.005958	0.005958
245	7	153	7	P95	52	-0.006953	-0.006953	0.002254	0.002254
245	7	153	7	P99	58	0.014430	0.014430	0.023663	0.023663
245	7	153	7	P999	60	0.024215	0.024215	0.033479	0.033479
246	1	19	1	P1	1	-0.017769	-0.017769	0.003108	0.003108
246	1	19	1	P50	1	0.010054	0.010054	0.031519	0.031519
246	1	19	1	P75	12	-0.007522	-0.007522	0.013268	0.013268
246	1	19	1	P90	13	0.021255	0.021255	0.042635	0.042635
246	1	19	1	P95	14	0.034403	0.034403	0.011149	0.011149
246	1	19	1	P99	14	0.034403	0.034403	0.011149	0.011149
246	1	19	1	P999	14	0.034403	0.034403	0.011149	0.011149
246	2	24	2	P1	1	-0.017481	-0.017481	0.003108	0.003108
246	2	24	2	P50	1	0.019803	0.016642	0.041167	0.037941
246	2	24	2	P75	14	0.034848	-0.051288	0.011149	-0.031839
246	2	24	2	P90	57	0.020956	0.020956	0.041622	0.041622
246	2	24	2	P95	63	0.007590	0.007590	0.027969	0.027969
246	2	24	2	P99	266	0.001131	0.001131	0.021129	0.021129
246	2	24	2	P999	266	0.001131	0.001131	0.021129	0.021129
246	3	29	3	P1	1	-0.018019	-0.018019	0.002559	0.002559
246	3	29	3	P50	1	0.017757	0.017757	0.039078	0.039078
246	3	29	3	P75	13	-0.000268	-0.000268	0.020230	0.020230
246	3	29	3	P90	57	0.020956	0.020956	0.041622	0.041622
246	3	29	3	P95	63	0.007590	0.007590	0.027969	0.027969
246	3	29	3	P99	266	0.001131	0.001131	0.021129	0.021129
246	3	29	3	P999	266	0.001131	0.001131	0.021129	0.021129
246	4	32	4	P1	1	-0.018019	-0.018019	0.002559	0.002559
246	4	32	4	P50	1	0.022973	0.020361	0.044403	0.041737
246	4	32	4	P75	13	-0.000268	-0.063351	0.020230	-0.044136
246	4	32	4	P90	56	0.016853	0.016853	0.015147	0.015147
246	4	32	4	P95	63	0.007590	0.007590	0.027969	0.027969
246	4	32	4	P99	266	0.001131	0.001131	0.021129	0.021129
246	4	32	4	P999	266	0.001131	0.001131	0.021129	0.021129
246	5	35	5	P1	1	-0.018019	-0.018019	0.002559	0.002559
246	5	35	5	P50	2	0.003084	0.003084	-0.019556	-0.019556
246	5	35	5	P75	12	0.014703	0.014703	0.035520	0.035520
246	5	35	5	P90	56	0.016853	0.016853	0.015147	0.015147
246	5	35	5	P95	63	0.007590	0.007590	0.027969	0.027969
246	5	35	5	P99	266	0.001131	0.001131	0.021129	0.021129
246	5	35	5	P999	266	0.001131	0.001131	0.021129	0.021129
246	6	38	6	P1	1	-0.018019	-0.018019	0.002559	0.002559
246	6	38	6	P50	3	-0.024056	-0.316590	-0.003791	-0.332017
246	6	38	6	P75	12	-0.007105	-0.007105	0.013268	0.013268
246	6	38	6	P90	56	0.016853	0.016853	0.015147	0.015147
246	6	38	6	P95	63	0.007590	0.007590	0.027969	0.027969
246	6	38	6	P99	266	0.001131	0.001131	0.021129	0.021129
246	6	38	6	P999	266	0.001131	0.001131	0.021129	0.021129
246	7	41	7	P1	1	-0.018019	-0.018019	0.002559	0.002559
246	7	41	7	P50	3	-0.018385	-0.018385	0.001996	0.001996
246	7	41	7	P75	5	0.021238	0.021238	0.042344	0.042344
246	7	41	7	P90	55	0.013090	0.013090	0.011394	0.011394
246	7	41	7	P95	57	0.020956	0.020956	0.041622	0.041622
246	7	41	7	P99	266	0.001131	0.001131	0.021129	0.021129
246	7	41	7	P999	266	0.001131	0.001131	0.021129	0.021129
247	1	8	0	P1	4	-0.016160	-0.016160	-0.033495	-0.033495
247	1	8	0	P50	4	0.005445	0.000000	-0.012270	-0.017620
247	1	8	0	P75	4	0.016425	0.010920	-0.001484	-0.006892
247	1	8	0	P90	4	0.021960	0.021960	0.003953	0.003953
247	1	8	0	P95	4	0.021960	0.021960	0.003953	0.003953
247	1	8	0	P99	4	0.021960	0.021960	0.003953	0.003953
247	1	8	0	P999	4	0.021960	0.021960	0.003953	0.003953
247	2	12	0	P1	4	-0.017939	-0.017939	-0.035243	-0.035243
247	2	12	0	P50	4	0.003627	0.000000	-0.014057	-0.017620
247	2	12	0	P75	4	0.014587	0.010920	-0.003290	-0.006892
247	2	12	0	P90	4	0.018267	0.018267	0.000325	0.000325
247	2	12	0	P95	4	0.021960	0.021960	0.003953	0.003953
247	2	12	0	P99	4	0.021960	0.021960	0.003953	0.003953
247	2	12	0	P999	4	0.021960	0.021960	0.003953	0.003953
247	3	200	1	P1	1	-0.003403	-0.003635	0.000697	0.000465
247	3	200	1	P50	1	0.019619	0.019381	0.023742	0.023505
247	3	200	1	P75	1	0.031569	0.031329	0.035704	0.035463
247	3	200	1	P90	1	0.038806	0.038564	0.042948	0.042705
247	3	200	1	P95	4	-0.028171	-0.031694	-0.028232	-0.031744
247	3	200	1	P99	4	0.000477	-0.003150	0.000325	-0.003290
247	3	200	1	P999	4	0.004116	0.004116	0.003953	0.003953
247	4	208	2	P1	1	-0.003418	-0.003418	0.000683	0.000683
247	4	208	2	P50	1	0.020047	0.019814	0.024171	0.023938
247	4	208	2	P75	1	0.032221	0.031986	0.036357	0.036121
247	4	208	2	P90	1	0.039548	0.039548	0.043690	0.043690
247	4	208	2	P95	4	-0.031694	-0.031694	-0.031744	-0.031744
247	4	208	2	P99	4	-0.003150	-0.003150	-0.003290	-0.003290
247	4	208	2	P999	4	0.004116	0.004116	0.003953	0.003953
247	5	212	3	P1	1	-0.003418	-0.003418	0.000683	0.000683
247	5	212	3	P50	1	0.020513	0.020280	0.024637	0.024404
247	5	212	3	P75	1	0.032928	0.032692	0.037064	0.036828
247	5	212	3	P90	1	0.040260	0.040260	0.044403	0.044403
247	5	212	3	P95	4	-0.024636	-0.024636	-0.024707	-0.024707
247	5	212	3	P99	4	-0.001701	-0.001701	-0.001845	-0.001845
247	5	212	3	P999	4	0.004116	0.004116	0.003953	0.003953
247	6	216	4	P1	1	-0.003418	-0.003418	0.000683	0.000683
247	6	216	4	P50	1	0.020978	0.020746	0.025103	0.024870
247	6	216	4	P75	1	0.033635	0.033400	0.037772	0.037536
247	6	216	4	P90	2	0.035478	0.035478	-0.006694	-0.006694
247	6	216	4	P95	4	-0.019902	-0.019902	-0.019988	-0.019988
247	6	216	4	P99	4	-0.000734	-0.000734	-0.000881	-0.000881
247	6	216	4	P999	4	0.004116	0.004116	0.003953	0.003953
247	7	228	5	P1	1	-0.003458	-0.003458	0.000642	0.000642
247	7	228	5	P50	1	0.020793	0.020573	0.024917	0.024698
247	7	228	5	P75	1	0.033360	0.033138	0.037496	0.037274
247	7	228	5	P90	2	0.026492	0.026492	-0.015287	-0.015287
247	7	228	5	P95	4	-0.022272	-0.022272	-0.022350	-0.022350
247	7	228	5	P99	4	-0.000734	-0.000734	-0.000881	-0.000881
247	7	228	5	P999	4	0.004116	0.004116	0.003953	0.003953
248	1	8	0	P1	3	-0.014377	-0.014377	-0.005233	-0.005233
248	1	8	0	P50	3	0.014587	0.007267	0.024000	0.016613
248	1	8	0	P75	4	0.038893	-0.233530	0.003953	-0.226419
248	1	8	0	P90	5	0.032762	0.032762	0.042344	0.042344
248	1	8	0	P95	5	0.032762	0.032762	0.042344	0.042344
248	1	8	0	P99	5	0.032762	0.032762	0.042344	0.042344
248	1	8	0	P999	5	0.032762	0.032762	0.042344	0.042344
248	2	12	1	P1	3	-0.001307	-0.001307	-0.005233	-0.005233
248	2	12	1	P50	4	-0.023805	-0.223301	-0.030341	-0.226419
248	2	12	1	P75	4	0.008602	-0.002318	-0.004732	-0.013342
248	2	12	1	P90	4	0.053492	0.053492	0.003953	0.003953
248	2	12	1	P95	5	0.047797	0.047797	0.042344	0.042344
248	2	12	1	P99	5	0.047797	0.047797	0.042344	0.042344
248	2	12	1	P999	5	0.047797	0.047797	0.042344	0.042344
248	3	16	2	P1	3	-0.003117	-0.003117	-0.007032	-0.007032
248	3	16	2	P50	4	-0.023805	-0.223301	-0.032745	-0.226419
248	3	16	2	P75	4	0.023349	0.008602	-0.008431	-0.014566
248	3	16	2	P90	4	0.053492	0.053492	0.003953	0.003953
248	3	16	2	P95	5	0.047797	0.047797	0.042344	0.042344
248	3	16	2	P99	5	0.047797	0.047797	0.042344	0.042344
248	3	16	2	P999	5	0.047797	0.047797	0.042344	0.042344
248	4	39	3	P1	1	-0.002211	-0.002211	0.001891	0.001891
248	4	39	3	P50	1	0.034364	0.034364	0.038501	0.038501
248	4	39	3	P75	3	0.025184	0.025184	0.025856	0.025856
248	4	39	3	P90	4	0.018809	0.018809	-0.008431	-0.008431
248	4	39	3	P95	4	0.048842	0.048842	0.003953	0.003953
248	4	39	3	P99	5	0.043348	0.043348	0.042344	0.042344
248	4	39	3	P999	5	0.043348	0.043348	0.042344	0.042344
248	5	44	4	P1	1	-0.016198	-0.016198	0.001891	0.001891
248	5	44	4	P50	1	0.025572	0.023635	0.044403	0.042432
248	5	44	4	P75	4	-0.024002	-0.034551	-0.020664	-0.026723
248	5	44	4	P90	11	-0.003441	-0.003441	0.013391	0.013391
248	5	44	4	P95	12	-0.003509	-0.003509	0.013268	0.013268
248	5	44	4	P99	13	0.025440	0.025440	0.042635	0.042635
248	5	44	4	P999	13	0.025440	0.025440	0.042635	0.042635
248	6	49	5	P1	1	-0.009282	-0.009282	0.001891	0.001891
248	6	49	5	P50	3	-0.010775	-0.010775	-0.001625	-0.001625
248	6	49	5	P75	4	0.024589	0.024589	-0.002258	-0.002258
248	6	49	5	P90	52	-0.001722	-0.001722	0.002254	0.002254
248	6	49	5	P95	57	-0.006461	-0.006461	0.019239	0.019239
248	6	49	5	P99	60	0.029706	0.029706	0.033479	0.033479
248	6	49	5	P999	60	0.029706	0.029706	0.033479	0.033479
248	7	54	6	P1	1	-0.009432	-0.009432	0.001739	0.001739
248	7	54	6	P50	2	0.036193	0.021268	0.001975	-0.012431
248	7	54	6	P75	4	0.009831	0.009831	-0.008431	-0.008431
248	7	54	6	P90	13	0.035939	0.035939	0.042635	0.042635
248	7	54	6	P95	57	-0.006461	-0.006461	0.019239	0.019239
248	7	54	6	P99	60	0.029706	0.029706	0.033479	0.033479
248	7	54	6	P999	60	0.029706	0.029706	0.033479	0.033479
249	1	8	1	P1	3	-0.029882	-0.029882	-0.001625	-0.001625
249	1	8	1	P50	4	-0.013120	-0.223301	-0.028232	-0.226419
249	1	8	1	P75	4	0.030803	0.008602	-0.006892	-0.017620
249	1	8	1	P90	4	0.053492	0.053492	0.003953	0.003953
249	1	8	1	P95	4	0.053492	0.053492	0.003953	0.003953
249	1	8	1	P99	4	0.053492	0.053492	0.003953	0.003953
249	1	8	1	P999	4	0.053492	0.053492	0.003953	0.003953
249	2	12	2	P1	3	-0.036897	-0.036897	-0.003791	-0.003791
249	2	12	2	P50	4	-0.017408	-0.025928	-0.026723	-0.032745
249	2	12	2	P75	4	0.008602	-0.000144	-0.008431	-0.014566
249	2	12	2	P90	4	0.030803	0.030803	-0.002258	-0.002258
249	2	12	2	P95	4	0.053492	0.053492	0.003953	0.003953
249	2	12	2	P99	4	0.053492	0.053492	0.003953	0.003953
249	2	12	2	P999	4	0.053492	0.053492	0.003953	0.003953
249	3	16	3	P1	3	-0.036897	-0.036897	-0.006261	-0.006261
249	3	16	3	P50	4	-0.017408	-0.025928	-0.029404	-0.034078
249	3	16	3	P75	4	0.019642	0.008602	-0.010481	-0.015246
249	3	16	3	P90	4	0.042085	0.042085	-0.000881	-0.000881
249	3	16	3	P95	4	0.053492	0.053492	0.003953	0.003953
249	3	16	3	P99	4	0.053492	0.053492	0.003953	0.003953
249	3	16	3	P999	4	0.053492	0.053492	0.003953	0.003953
249	4	33	4	P1	1	-0.001543	-0.001543	0.002559	0.002559
249	4	33	4	P50	1	0.040260	0.040260	0.044403	0.044403
249	4	33	4	P75	4	-0.030287	-0.030287	-0.034078	-0.034078
249	4	33	4	P90	4	0.015116	0.015116	-0.010481	-0.010481
249	4	33	4	P95	4	0.037477	0.037477	-0.000881	-0.000881
249	4	33	4	P99	4	0.048842	0.048842	0.003953	0.003953
249	4	33	4	P999	4	0.048842	0.048842	0.003953	0.003953
249	5	36	5	P1	1	-0.006001	-0.006001	0.002559	0.002559
249	5	36	5	P50	3	-0.032552	-0.046493	-0.000074	-0.006261
249	5	36	5	P75	4	-0.010106	-0.018690	-0.019988	-0.024707
249	5	36	5	P90	4	0.042994	0.042994	0.003953	0.003953
249	5	36	5	P95	13	-0.004391	-0.004391	0.042635	0.042635
249	5	36	5	P99	14	0.008617	0.008617	0.011149	0.011149
249	5	36	5	P999	14	0.008617	0.008617	0.011149	0.011149
249	6	39	6	P1	1	-0.018019	-0.018019	0.002559	0.002559
249	6	39	6	P50	3	-0.032501	-0.032501	0.006151	0.006151
249	6	39	6	P75	4	-0.005676	-0.005676	-0.010481	-0.010481
249	6	39	6	P90	14	-0.009155	-0.009155	0.011149	0.011149
249	6	39	6	P95	57	-0.000986	-0.000986	0.019239	0.019239
249	6	39	6	P99	58	0.003353	0.003353	0.023663	0.023663
249	6	39	6	P999	58	0.003353	0.003353	0.023663	0.023663
249	7	42	7	P1	1	-0.018396	-0.018396	0.002175	0.002175
249	7	42	7	P50	3	-0.046413	-0.060125	-0.000074	-0.006261
249	7	42	7	P75	4	-0.016419	-0.016419	-0.015246	-0.015246
249	7	42	7	P90	13	-0.021754	-0.021754	0.042635	0.042635
249	7	42	7	P95	55	0.013090	0.013090	0.033604	0.033604
249	7	42	7	P99	58	0.003353	0.003353	0.023663	0.023663
249	7	42	7	P999	58	0.003353	0.003353	0.023663	0.023663
250	1	8	1	P1	3	-0.008529	-0.008529	0.009278	0.009278
250	1	8	1	P50	4	0.008602	-0.005932	-0.017620	-0.024707
250	1	8	1	P75	4	0.038311	0.023349	-0.003290	-0.010481
250	1	8	1	P90	4	0.053492	0.053492	0.003953	0.003953
250	1	8	1	P95	4	0.053492	0.053492	0.003953	0.003953
250	1	8	1	P99	4	0.053492	0.053492	0.003953	0.003953
250	1	8	1	P999	4	0.053492	0.053492	0.003953	0.003953
250	2	13	2	P1	3	-0.029882	-0.029882	0.001996	0.001996
250	2	13	2	P50	4	-0.005932	-0.005932	-0.019988	-0.019988
250	2	13	2	P75	4	0.023349	0.023349	-0.005692	-0.005692
250	2	13	2	P90	4	0.053492	0.053492	0.003953	0.003953
250	2	13	2	P95	5	0.003150	0.003150	0.042344	0.042344
250	2	13	2	P99	5	0.003150	0.003150	0.042344	0.042344
250	2	13	2	P999	5	0.003150	0.003150	0.042344	0.042344
250	3	18	3	P1	3	-0.029882	-0.029882	-0.003791	-0.003791
250	3	18	3	P50	4	0.001309	-0.005932	-0.021170	-0.024707
250	3	18	3	P75	4	0.030803	0.030803	-0.006892	-0.006892
250	3	18	3	P90	4	0.053492	0.053492	0.003953	0.003953
250	3	18	3	P95	5	0.003150	0.003150	0.042344	0.042344
250	3	18	3	P99	5	0.003150	0.003150	0.042344	0.042344
250	3	18	3	P999	5	0.003150	0.003150	0.042344	0.042344
250	4	250	4	P1	1	-0.003531	-0.003531	0.000569	0.000569
250	4	250	4	P50	1	0.020068	0.019874	0.024192	0.023998
250	4	250	4	P75	1	0.032175	0.032175	0.036310	0.036310
250	4	250	4	P90	1	0.039666	0.039468	0.043808	0.043610
250	4	250	4	P95	4	-0.031694	-0.031694	-0.035243	-0.035243
250	4	250	4	P99	4	0.041251	0.041251	0.000325	0.000325
250	4	250	4	P999	5	-0.001143	-0.001143	0.042344	0.042344
250	5	271	5	P1	1	-0.017524	-0.017524	0.000569	0.000569
250	5	271	5	P50	1	0.007597	0.007597	0.026137	0.026137
250	5	271	5	P75	1	0.020687	0.020687	0.039461	0.039461
250	5	271	5	P90	4	-0.006197	-0.006197	-0.014057	-0.014057
250	5	271	5	P95	12	-0.003549	-0.003549	0.013268	0.013268
250	5	271	5	P99	14	0.023701	0.023701	-0.003388	-0.003388
250	5	271	5	P999	18	0.003965	0.003965	0.020654	0.020654
250	6	287	6	P1	1	-0.017543	-0.017543	0.000550	0.000550
250	6	287	6	P50	1	0.008197	0.008197	0.026748	0.026748
250	6	287	6	P75	1	0.021600	0.021600	0.040390	0.040390
250	6	287	6	P90	4	-0.013371	-0.013371	-0.017620	-0.017620
250	6	287	6	P95	12	-0.010742	-0.010742	0.005958	0.005958
250	6	287	6	P99	14	0.023701	0.023701	-0.003388	-0.003388
250	6	287	6	P999	18	0.003965	0.003965	0.020654	0.020654
250	7	308	7	P1	1	-0.017000	-0.017000	0.000734	0.000734
250	7	308	7	P50	1	0.010609	0.010423	0.028821	0.028632
250	7	308	7	P75	1	0.024984	0.024796	0.043446	0.043254
250	7	308	7	P90	13	-0.010555	-0.010555	0.005562	0.005562
250	7	308	7	P95	54	0.002073	0.002073	-0.002901	-0.002901
250	7	308	7	P99	58	0.008278	0.008278	-0.009154	-0.009154
250	7	308	7	P999	59	0.035230	0.035230	0.006313	0.006313
251	1	26	1	P1	1	-0.013232	-0.013232	0.002719	0.002719
251	1	26	1	P50	1	0.022257	0.019483	0.038746	0.035929
251	1	26	1	P75	2	0.021645	0.021645	-0.006694	-0.006694
251	1	26	1	P90	4	0.011090	0.011090	-0.017620	-0.017620
251	1	26	1	P95	4	0.022143	0.022143	-0.006892	-0.006892
251	1	26	1	P99	4	0.033316	0.033316	0.003953	0.003953
251	1	26	1	P999	4	0.033316	0.033316	0.003953	0.003953
251	2	55	2	P1	1	-0.014959	-0.014959	0.000966	0.000966
251	2	55	2	P50	1	0.011082	0.011082	0.027401	0.027401
251	2	55	2	P75	1	0.024854	0.024854	0.041382	0.041382
251	2	55	2	P90	2	0.030569	0.030569	0.001975	0.001975
251	2	55	2	P95	4	0.011090	0.011090	-0.017620	-0.017620
251	2	55	2	P99	4	0.033316	0.033316	0.003953	0.003953
251	2	55	2	P999	4	0.033316	0.033316	0.003953	0.003953
251	3	62	3	P1	1	-0.017107	-0.017107	0.000966	0.000966
251	3	62	3	P50	1	0.012773	0.011795	0.031376	0.030381
251	3	62	3	P75	2	0.001566	0.001566	-0.023806	-0.023806
251	3	62	3	P90	11	0.018458	0.018458	0.035645	0.035645
251	3	62	3	P95	12	0.018388	0.018388	0.035520	0.035520
251	3	62	3	P99	14	0.038686	0.038686	0.011149	0.011149
251	3	62	3	P999	14	0.038686	0.038686	0.011149	0.011149
251	4	69	4	P1	1	-0.019580	-0.019580	0.000966	0.000966
251	4	69	4	P50	1	0.013142	0.013142	0.034368	0.034368
251	4	69	4	P75	4	-0.005676	-0.005676	-0.028232	-0.028232
251	4	69	4	P90	54	0.031851	0.031851	0.007988	0.007988
251	4	69	4	P95	57	0.020956	0.020956	0.041622	0.041622
251	4	69	4	P99	65	0.019957	0.019957	0.040580	0.040580
251	4	69	4	P999	65	0.019957	0.019957	0.040580	0.040580
251	5	76	5	P1	1	-0.019657	-0.019657	0.000887	0.000887
251	5	76	5	P50	1	0.013941	0.013043	0.035183	0.034266
251	5	76	5	P75	3	0.010466	-0.316590	0.031442	-0.332017
251	5	76	5	P90	14	0.034848	0.034848	0.011149	0.011149
251	5	76	5	P95	57	0.020956	0.020956	0.041622	0.041622
251	5	76	5	P99	65	0.019957	0.019957	0.040580	0.040580
251	5	76	5	P999	65	0.019957	0.019957	0.040580	0.040580
251	6	81	6	P1	1	-0.019657	-0.019657	0.000887	0.000887
251	6	81	6	P50	1	0.015741	0.015741	0.037021	0.037021
251	6	81	6	P75	4	-0.000261	-0.000261	-0.022940	-0.022940
251	6	81	6	P90	14	0.012608	0.012608	-0.010578	-0.010578
251	6	81	6	P95	57	0.006275	0.006275	0.026646	0.026646
251	6	81	6	P99	65	0.019957	0.019957	0.040580	0.040580
251	6	81	6	P999	65	0.019957	0.019957	0.040580	0.040580
251	7	133	7	P1	1	-0.019683	-0.019683	0.000861	0.000861
251	7	133	7	P50	1	0.008118	0.008118	0.029239	0.029239
251	7	133	7	P75	1	0.022533	0.022533	0.043953	0.043953
251	7	133	7	P90	11	0.014811	0.014811	0.035645	0.035645
251	7	133	7	P95	54	0.031851	0.031851	0.007988	0.007988
251	7	133	7	P99	63	0.007590	0.007590	0.027969	0.027969
251	7	133	7	P999	65	0.019957	0.019957	0.040580	0.040580
252	1	6	1	P1	1	0.002012	0.002012	0.021960	0.021960
252	1	6	1	P50	2	0.026618	0.004540	0.001975	-0.019556
252	1	6	1	P75	11	0.017359	0.017359	0.035645	0.035645
252	1	6	1	P90	12	0.017305	0.017305	0.035520	0.035520
252	1	6	1	P95	12	0.017305	0.017305	0.035520	0.035520
252	1	6	1	P99	12	0.017305	0.017305	0.035520	0.035520
252	1	6	1	P999	12	0.017305	0.017305	0.035520	0.035520
252	2	8	2	P1	1	0.008443	0.008443	0.021960	0.021960
252	2	8	2	P50	11	0.027014	-0.811974	0.035645	-0.817823
252	2	8	2	P75	56	0.010011	-0.779913	0.015147	-0.778103
252	2	8	2	P90	60	0.028433	0.028433	0.033479	0.033479
252	2	8	2	P95	60	0.028433	0.028433	0.033479	0.033479
252	2	8	2	P99	60	0.028433	0.028433	0.033479	0.033479
252	2	8	2	P999	60	0.028433	0.028433	0.033479	0.033479
252	3	10	3	P1	1	-0.000336	-0.000336	0.010920	0.010920
252	3	10	3	P50	2	0.036193	0.013887	0.001975	-0.019556
252	3	10	3	P75	12	0.028706	0.028706	0.035520	0.035520
252	3	10	3	P90	60	0.029706	-0.056138	0.033479	-0.052529
252	3	10	3	P95	60	0.029706	0.029706	0.033479	0.033479
252	3	10	3	P99	60	0.029706	0.029706	0.033479	0.033479
252	3	10	3	P999	60	0.029706	0.029706	0.033479	0.033479
252	4	15	4	P1	1	-0.000336	-0.000336	0.010920	0.010920
252	4	15	4	P50	4	0.006175	0.006175	-0.028232	-0.028232
252	4	15	4	P75	11	0.028667	0.028667	0.035645	0.035645
252	4	15	4	P90	56	0.011281	0.011281	0.015147	0.015147
252	4	15	4	P95	60	0.029706	0.029706	0.033479	0.033479
252	4	15	4	P99	60	0.029706	0.029706	0.033479	0.033479
252	4	15	4	P999	60	0.029706	0.029706	0.033479	0.033479
252	5	21	5	P1	1	-0.000336	-0.000336	0.010920	0.010920
252	5	21	5	P50	4	0.006175	0.006175	-0.028232	-0.028232
252	5	21	5	P75	4	0.033922	0.033922	-0.001484	-0.001484
252	5	21	5	P90	12	0.028706	0.028706	0.035520	0.035520
252	5	21	5	P95	56	0.011281	0.011281	0.015147	0.015147
252	5	21	5	P99	60	0.029706	0.029706	0.033479	0.033479
252	5	21	5	P999	60	0.029706	0.029706	0.033479	0.033479
252	6	44	6	P1	1	-0.009559	-0.009559	0.001610	0.001610
252	6	44	6	P50	1	0.026196	0.024543	0.037702	0.036034
252	6	44	6	P75	4	0.006175	0.000716	-0.028232	-0.033495
252	6	44	6	P90	4	0.039562	0.039562	0.003953	0.003953
252	6	44	6	P95	12	0.028706	0.028706	0.035520	0.035520
252	6	44	6	P99	60	0.029706	0.029706	0.033479	0.033479
252	6	44	6	P999	60	0.029706	0.029706	0.033479	0.033479
252	7	50	7	P1	1	-0.009559	-0.009559	0.001610	0.001610
252	7	50	7	P50	1	0.031171	0.029510	0.042723	0.041047
252	7	50	7	P75	4	0.012088	0.012088	-0.022532	-0.022532
252	7	50	7	P90	4	0.039562	0.036087	0.003953	0.000604
252	7	50	7	P95	12	0.028706	0.028706	0.035520	0.035520
252	7	50	7	P99	60	0.029706	0.029706	0.033479	0.033479
252	7	50	7	P999	60	0.029706	0.029706	0.033479	0.033479
253	1	12	1	P1	3	-0.034410	-0.034410	-0.005233	-0.005233
253	1	12	1	P50	4	-0.010432	-0.221270	-0.030341	-0.226419
253	1	12	1	P75	4	0.041163	0.026153	-0.004732	-0.013342
253	1	12	1	P90	4	0.056392	0.056392	0.003953	0.003953
253	1	12	1	P95	5	0.005991	0.005991	0.042344	0.042344
253	1	12	1	P99	5	0.005991	0.005991	0.042344	0.042344
253	1	12	1	P999	5	0.005991	0.005991	0.042344	0.042344
253	2	18	2	P1	3	-0.034410	-0.034410	-0.007032	-0.007032
253	2	18	2	P50	4	0.011359	-0.010432	-0.029404	-0.034078
253	2	18	2	P75	4	0.036852	0.036852	-0.010481	-0.010481
253	2	18	2	P90	4	0.056392	0.056392	0.003953	0.003953
253	2	18	2	P95	5	0.005991	0.005991	0.042344	0.042344
253	2	18	2	P99	5	0.005991	0.005991	0.042344	0.042344
253	2	18	2	P999	5	0.005991	0.005991	0.042344	0.042344
253	3	34	3	P1	1	-0.017981	-0.017981	0.002719	0.002719
253	3	34	3	P50	3	-0.004208	-0.018527	-0.001625	-0.007032
253	3	34	3	P75	4	0.027107	0.027107	-0.029404	-0.029404
253	3	34	3	P90	4	0.059485	0.059485	-0.005692	-0.005692
253	3	34	3	P95	4	0.072720	0.072720	0.003953	0.003953
253	3	34	3	P99	5	0.021079	0.021079	0.042344	0.042344
253	3	34	3	P999	5	0.021079	0.021079	0.042344	0.042344
253	4	38	4	P1	1	-0.015384	-0.015384	0.002719	0.002719
253	4	38	4	P50	3	0.022367	0.013517	0.009278	0.003812
253	4	38	4	P75	4	0.049880	0.049880	-0.015246	-0.015246
253	4	38	4	P90	12	-0.003509	-0.003509	0.013268	0.013268
253	4	38	4	P95	13	0.025440	0.025440	0.042635	0.042635
253	4	38	4	P99	14	0.038686	0.038686	0.011149	0.011149
253	4	38	4	P999	14	0.038686	0.038686	0.011149	0.011149
253	5	42	5	P1	1	-0.005825	-0.005825	0.002719	0.002719
253	5	42	5	P50	3	0.052442	0.043316	0.020300	0.014774
253	5	42	5	P75	4	0.082681	0.082681	-0.000881	-0.000881
253	5	42	5	P90	14	0.053533	0.053533	0.011149	0.011149
253	5	42	5	P95	55	-0.009738	-0.009738	0.011394	0.011394
253	5	42	5	P99	58	0.024489	0.024489	0.023663	0.023663
253	5	42	5	P999	58	0.024489	0.024489	0.023663	0.023663
253	6	46	6	P1	1	-0.006252	-0.006252	0.002289	0.002289
253	6	46	6	P50	3	0.034269	0.025301	0.009278	0.003812
253	6	46	6	P75	4	0.075967	0.075967	-0.005692	-0.005692
253	6	46	6	P90	14	0.053533	0.053533	0.011149	0.011149
253	6	46	6	P95	55	-0.009738	-0.009738	0.011394	0.011394
253	6	46	6	P99	58	0.024489	0.024489	0.023663	0.023663
253	6	46	6	P999	58	0.024489	0.024489	0.023663	0.023663
253	7	51	7	P1	1	-0.006252	-0.006252	0.002289	0.002289
253	7	51	7	P50	3	0.043316	0.043316	0.016613	0.016613
253	7	51	7	P75	4	0.069295	0.069295	-0.006062	-0.006062
253	7	51	7	P90	13	0.039946	0.039946	0.042635	0.042635
253	7	51	7	P95	55	-0.009738	-0.009738	0.011394	0.011394
253	7	51	7	P99	58	0.024489	0.024489	0.023663	0.023663
253	7	51	7	P999	58	0.024489	0.024489	0.023663	0.023663
254	1	7	1	P1	1	0.017839	0.017839	0.021960	0.021960
254	1	7	1	P50	4	-0.028171	-0.028171	-0.028232	-0.028232
254	1	7	1	P75	4	-0.006764	-0.006764	-0.006892	-0.006892
254	1	7	1	P90	4	0.004116	0.004116	0.003953	0.003953
254	1	7	1	P95	4	0.004116	0.004116	0.003953	0.003953
254	1	7	1	P99	4	0.004116	0.004116	0.003953	0.003953
254	1	7	1	P999	4	0.004116	0.004116	0.003953	0.003953
254	2	33	2	P1	1	-0.002548	-0.002548	0.001553	0.001553
254	2	33	2	P50	1	0.022602	0.022602	0.026728	0.026728
254	2	33	2	P75	1	0.035414	0.035414	0.039552	0.039552
254	2	33	2	P90	4	-0.028171	-0.028171	-0.028232	-0.028232
254	2	33	2	P95	4	-0.006764	-0.006764	-0.006892	-0.006892
254	2	33	2	P99	4	0.004116	0.004116	0.003953	0.003953
254	2	33	2	P999	4	0.004116	0.004116	0.003953	0.003953
254	3	37	3	P1	1	-0.007001	-0.007001	0.001553	0.001553
254	3	37	3	P50	1	0.021189	0.021189	0.029919	0.029919
254	3	37	3	P75	1	0.035583	0.035583	0.044403	0.044403
254	3	37	3	P90	11	-0.032749	-0.032749	0.013391	0.013391
254	3	37	3	P95	12	-0.011382	-0.011382	0.035520	0.035520
254	3	37	3	P99	14	0.008617	0.008617	0.011149	0.011149
254	3	37	3	P999	14	0.008617	0.008617	0.011149	0.011149
254	4	41	4	P1	1	-0.016172	-0.016172	0.001553	0.001553
254	4	41	4	P50	1	0.014859	0.014859	0.033120	0.033120
254	4	41	4	P75	4	-0.034115	-0.034115	-0.017620	-0.017620
254	4	41	4	P90	14	-0.004970	-0.004970	0.011149	0.011149
254	4	41	4	P95	56	-0.014485	-0.014485	0.000552	0.000552
254	4	41	4	P99	60	0.018017	0.018017	0.033479	0.033479
254	4	41	4	P999	60	0.018017	0.018017	0.033479	0.033479
254	5	45	5	P1	1	-0.016319	-0.016319	0.001402	0.001402
254	5	45	5	P50	1	0.014503	0.014503	0.032759	0.032759
254	5	45	5	P75	4	-0.044556	-0.044556	-0.028232	-0.028232
254	5	45	5	P90	14	-0.004970	-0.004970	0.011149	0.011149
254	5	45	5	P95	56	-0.014485	-0.014485	0.000552	0.000552
254	5	45	5	P99	60	0.018017	0.018017	0.033479	0.033479
254	5	45	5	P999	60	0.018017	0.018017	0.033479	0.033479
254	6	50	6	P1	1	-0.016319	-0.016319	0.001402	0.001402
254	6	50	6	P50	1	0.018780	0.017352	0.037110	0.035657
254	6	50	6	P75	4	-0.004270	-0.004270	-0.015246	-0.015246
254	6	50	6	P90	14	-0.004970	-0.163793	0.011149	-0.112412
254	6	50	6	P95	56	-0.014485	-0.014485	0.000552	0.000552
254	6	50	6	P99	60	0.018017	0.018017	0.033479	0.033479
254	6	50	6	P999	60	0.018017	0.018017	0.033479	0.033479
254	7	61	7	P1	1	-0.016681	-0.016681	0.001035	0.001035
254	7	61	7	P50	1	0.014333	0.014333	0.032586	0.032586
254	7	61	7	P75	4	-0.034115	-0.034115	-0.029404	-0.029404
254	7	61	7	P90	11	-0.024364	-0.024364	0.035645	0.035645
254	7	61	7	P95	55	-0.011003	-0.011003	0.004097	0.004097
254	7	61	7	P99	60	0.018017	0.018017	0.033479	0.033479
254	7	61	7	P999	60	0.018017	0.018017	0.033479	0.033479
255	1	6	1	P1	13	0.020379	0.020379	0.020230	0.020230
255	1	6	1	P50	55	-0.006069	-0.584199	0.033604	-0.584924
255	1	6	1	P75	59	0.010913	0.010913	0.006313	0.006313
255	1	6	1	P90	62	0.004841	0.004841	0.000141	0.000141
255	1	6	1	P95	62	0.004841	0.004841	0.000141	0.000141
255	1	6	1	P99	62	0.004841	0.004841	0.000141	0.000141
255	1	6	1	P999	62	0.004841	0.004841	0.000141	0.000141
255	2	9	2	P1	1	0.020582	0.020582	0.044403	0.044403
255	2	9	2	P50	13	0.064434	0.064434	0.042635	0.042635
255	2	9	2	P75	55	0.010525	0.010525	0.033604	0.033604
255	2	9	2	P90	62	0.021242	0.021242	0.000141	0.000141
255	2	9	2	P95	62	0.021242	0.021242	0.000141	0.000141
255	2	9	2	P99	62	0.021242	0.021242	0.000141	0.000141
255	2	9	2	P999	62	0.021242	0.021242	0.000141	0.000141
255	3	14	3	P1	1	0.020582	0.020582	0.044403	0.044403
255	3	14	3	P50	4	0.024791	0.013720	0.003953	-0.006892
255	3	14	3	P75	22	0.059454	0.059454	0.037691	0.037691
255	3	14	3	P90	59	0.027538	0.027538	0.006313	0.006313
255	3	14	3	P95	62	0.021242	0.021242	0.000141	0.000141
255	3	14	3	P99	62	0.021242	0.021242	0.000141	0.000141
255	3	14	3	P999	62	0.021242	0.021242	0.000141	0.000141
255	4	19	4	P1	1	0.020582	0.020582	0.044403	0.044403
255	4	19	4	P50	4	0.008229	0.008229	-0.012270	-0.012270
255	4	19	4	P75	13	0.064434	0.064434	0.042635	0.042635
255	4	19	4	P90	59	0.027538	0.027538	0.006313	0.006313
255	4	19	4	P95	62	0.021242	0.021242	0.000141	0.000141
255	4	19	4	P99	62	0.021242	0.021242	0.000141	0.000141
255	4	19	4	P999	62	0.021242	0.021242	0.000141	0.000141
255	5	24	5	P1	1	0.020582	0.020582	0.044403	0.044403
255	5	24	5	P50	4	0.006405	0.002768	-0.014057	-0.017620
255	5	24	5	P75	13	0.041558	-0.684680	0.020230	-0.691091
255	5	24	5	P90	55	0.010525	0.010525	0.033604	0.033604
255	5	24	5	P95	59	0.027538	0.027538	0.006313	0.006313
255	5	24	5	P99	62	0.021242	0.021242	0.000141	0.000141
255	5	24	5	P999	62	0.021242	0.021242	0.000141	0.000141
255	6	30	6	P1	1	0.000424	0.000424	0.006226	0.006226
255	6	30	6	P50	4	0.016665	0.012981	-0.024707	-0.028232
255	6	30	6	P75	4	0.042833	0.042833	0.000325	0.000325
255	6	30	6	P90	55	-0.005083	-0.583725	0.033604	-0.584924
255	6	30	6	P95	59	0.011902	0.011902	0.006313	0.006313
255	6	30	6	P99	62	0.005817	0.005817	0.000141	0.000141
255	6	30	6	P999	62	0.005817	0.005817	0.000141	0.000141
255	7	35	7	P1	1	0.000424	0.000424	0.006226	0.006226
255	7	35	7	P50	4	0.005652	0.005652	-0.027528	-0.027528
255	7	35	7	P75	4	0.039054	0.039054	-0.001845	-0.001845
255	7	35	7	P90	22	0.040689	0.040689	0.037691	0.037691
255	7	35	7	P95	59	0.011902	0.011902	0.006313	0.006313
255	7	35	7	P99	62	0.005817	0.005817	0.000141	0.000141
255	7	35	7	P999	62	0.005817	0.005817	0.000141	0.000141
256	1	662	1	P1	1	-0.015450	-0.015450	0.000467	0.000467
256	1	662	1	P50	1	0.006158	0.006091	0.022404	0.022335
256	1	662	1	P75	1	0.017310	0.017310	0.033724	0.033724
256	1	662	1	P90	1	0.024060	0.024060	0.040576	0.040576
256	1	662	1	P95	1	0.026320	0.026320	0.042870	0.042870
256	1	662	1	P99	2	0.023127	0.023127	-0.005254	-0.005254
256	1	662	1	P999	4	0.033316	0.033316	0.003953	0.003953
256	2	666	2	P1	1	-0.015300	-0.015300	0.000467	0.000467
256	2	666	2	P50	1	0.006448	0.006381	0.022540	0.022472
256	2	666	2	P75	1	0.017671	0.017671	0.033931	0.033931
256	2	666	2	P90	1	0.024492	0.024492	0.040854	0.040854
256	2	666	2	P95	1	0.026753	0.026753	0.043149	0.043149
256	2	666	2	P99	3	0.016354	0.016354	0.031442	0.031442
256	2	666	2	P999	15	0.016012	0.016012	0.029409	0.029409
256	3	670	3	P1	1	-0.013764	-0.013764	0.000467	0.000467
256	3	670	3	P50	1	0.008158	0.008091	0.022677	0.022608
256	3	670	3	P75	1	0.019472	0.019472	0.034138	0.034138
256	3	670	3	P90	1	0.026375	0.026307	0.041132	0.041062
256	3	670	3	P95	1	0.028641	0.028641	0.043427	0.043427
256	3	670	3	P99	11	0.024122	0.024122	0.035645	0.035645
256	3	670	3	P999	58	0.014430	0.014430	0.023663	0.023663
256	4	674	4	P1	1	-0.013765	-0.013765	0.000466	0.000466
256	4	674	4	P50	1	0.008223	0.008156	0.022742	0.022674
256	4	674	4	P75	1	0.019570	0.019570	0.034238	0.034238
256	4	674	4	P90	1	0.026454	0.026454	0.041211	0.041211
256	4	674	4	P95	1	0.028781	0.028781	0.043569	0.043569
256	4	674	4	P99	11	0.024122	0.024122	0.035645	0.035645
256	4	674	4	P999	58	0.014430	0.014430	0.023663	0.023663
256	5	679	5	P1	1	-0.013765	-0.013765	0.000466	0.000466
256	5	679	5	P50	1	0.008358	0.008358	0.022878	0.022878
256	5	679	5	P75	1	0.019842	0.019842	0.034513	0.034513
256	5	679	5	P90	1	0.026796	0.026796	0.041558	0.041558
256	5	679	5	P95	1	0.029124	0.029124	0.043916	0.043916
256	5	679	5	P99	11	0.024122	0.024122	0.035645	0.035645
256	5	679	5	P999	58	0.014430	0.014430	0.023663	0.023663
256	6	684	6	P1	1	-0.013765	-0.013765	0.000466	0.000466
256	6	684	6	P50	1	0.008559	0.008492	0.023083	0.023015
256	6	684	6	P75	1	0.020114	0.020046	0.034789	0.034720
256	6	684	6	P90	1	0.027069	0.027069	0.041835	0.041835
256	6	684	6	P95	1	0.029398	0.029398	0.044194	0.044194
256	6	684	6	P99	11	0.024122	0.024122	0.035645	0.035645
256	6	684	6	P999	58	0.014430	0.014430	0.023663	0.023663
256	7	691	7	P1	1	-0.013770	-0.013770	0.000461	0.000461
256	7	691	7	P50	1	0.008514	0.008514	0.023037	0.023037
256	7	691	7	P75	1	0.020080	0.020080	0.034754	0.034754
256	7	691	7	P90	1	0.027028	0.027028	0.041793	0.041793
256	7	691	7	P95	1	0.029400	0.029400	0.044196	0.044196
256	7	691	7	P99	11	0.024122	0.024122	0.035645	0.035645
256	7	691	7	P999	58	0.014430	0.014430	0.023663	0.023663
257	1	10	0	P1	3	0.005304	0.005304	0.031442	0.031442
257	1	10	0	P50	4	0.009353	0.003108	-0.008431	-0.014566
257	1	10	0	P75	4	0.021960	0.021960	0.003953	0.003953
257	1	10	0	P90	5	0.015930	-0.005901	0.042344	0.019946
257	1	10	0	P95	5	0.015930	0.015930	0.042344	0.042344
257	1	10	0	P99	5	0.015930	0.015930	0.042344	0.042344
257	1	10	0	P999	5	0.015930	0.015930	0.042344	0.042344
257	2	41	1	P1	1	-0.002652	-0.002652	0.001449	0.001449
257	2	41	1	P50	1	0.026748	0.026748	0.030879	0.030879
257	2	41	1	P75	2	0.044542	0.044542	0.001975	0.001975
257	2	41	1	P90	4	-0.008308	-0.008308	-0.008431	-0.008431
257	2	41	1	P95	4	0.004116	0.004116	0.003953	0.003953
257	2	41	1	P99	5	-0.001143	-0.001143	0.042344	0.042344
257	2	41	1	P999	5	-0.001143	-0.001143	0.042344	0.042344
257	3	46	2	P1	1	-0.016632	-0.016632	0.001449	0.001449
257	3	46	2	P50	1	0.016694	0.015222	0.035367	0.033869
257	3	46	2	P75	4	-0.037544	-0.037544	-0.020664	-0.020664
257	3	46	2	P90	12	-0.014280	-0.014280	0.002322	0.002322
257	3	46	2	P95	12	0.007380	0.007380	0.024334	0.024334
257	3	46	2	P99	16	0.035454	0.035454	0.007923	0.007923
257	3	46	2	P999	16	0.035454	0.035454	0.007923	0.007923
257	4	51	3	P1	1	-0.009719	-0.009719	0.001449	0.001449
257	4	51	3	P50	1	0.026858	0.026858	0.038370	0.038370
257	4	51	3	P75	4	-0.004714	-0.004714	0.003953	0.003953
257	4	51	3	P90	16	0.046333	0.046333	0.007923	0.007923
257	4	51	3	P95	56	-0.006173	-0.006173	0.004181	0.004181
257	4	51	3	P99	57	-0.006461	-0.006461	0.041622	0.041622
257	4	51	3	P999	57	-0.006461	-0.006461	0.041622	0.041622
257	5	56	4	P1	1	-0.009888	-0.009888	0.001279	0.001279
257	5	56	4	P50	1	0.026245	0.024932	0.037751	0.036426
257	5	56	4	P75	4	-0.010883	-0.017014	-0.002258	-0.008431
257	5	56	4	P90	16	0.046333	0.046333	0.007923	0.007923
257	5	56	4	P95	56	-0.006173	-0.006173	0.004181	0.004181
257	5	56	4	P99	57	-0.006461	-0.006461	0.041622	0.041622
257	5	56	4	P999	57	-0.006461	-0.006461	0.041622	0.041622
257	6	61	5	P1	1	-0.009888	-0.009888	0.001279	0.001279
257	6	61	5	P50	1	0.028876	0.028876	0.040407	0.040407
257	6	61	5	P75	4	-0.004714	-0.004714	-0.009047	-0.009047
257	6	61	5	P90	12	0.028706	0.028706	0.035520	0.035520
257	6	61	5	P95	56	-0.014787	-0.014787	-0.006667	-0.006667
257	6	61	5	P99	57	-0.006461	-0.006461	0.041622	0.041622
257	6	61	5	P999	57	-0.006461	-0.006461	0.041622	0.041622
257	7	65	6	P1	1	-0.010021	-0.010021	0.001144	0.001144
257	7	65	6	P50	1	0.026937	0.026937	0.038449	0.038449
257	7	65	6	P75	4	-0.010883	-0.010883	-0.013342	-0.013342
257	7	65	6	P90	12	0.028706	0.028706	0.035520	0.035520
257	7	65	6	P95	56	-0.014787	-0.014787	-0.006667	-0.006667
257	7	65	6	P99	57	-0.006461	-0.006461	0.041622	0.041622
257	7	65	6	P999	57	-0.006461	-0.006461	0.041622	0.041622
258	1	49	1	P1	1	-0.003113	-0.003113	0.000988	0.000988
258	1	49	1	P50	1	0.020867	0.020867	0.024992	0.024992
258	1	49	1	P75	1	0.033073	0.033073	0.037209	0.037209
258	1	49	1	P90	3	-0.013172	-0.013172	0.031442	0.031442
258	1	49	1	P95	4	-0.017526	-0.017526	-0.017620	-0.017620
258	1	49	1	P99	4	0.004116	0.004116	0.003953	0.003953
258	1	49	1	P999	4	0.004116	0.004116	0.003953	0.003953
258	2	55	2	P1	1	-0.017085	-0.017085	0.000988	0.000988
258	2	55	2	P50	1	0.009487	0.009487	0.028033	0.028033
258	2	55	2	P75	1	0.023548	0.023548	0.042342	0.042342
258	2	55	2	P90	11	0.018458	0.018458	0.035645	0.035645
258	2	55	2	P95	12	0.018388	0.018388	0.035520	0.035520
258	2	55	2	P99	13	0.025440	0.025440	0.042635	0.042635
258	2	55	2	P999	13	0.025440	0.025440	0.042635	0.042635
258	3	61	3	P1	1	-0.017166	-0.017166	0.000906	0.000906
258	3	61	3	P50	1	0.009903	0.009903	0.028456	0.028456
258	3	61	3	P75	1	0.023716	0.023716	0.042514	0.042514
258	3	61	3	P90	4	-0.013337	-0.013337	0.003953	0.003953
258	3	61	3	P95	12	0.003737	0.003737	0.020632	0.020632
258	3	61	3	P99	13	0.025440	0.025440	0.042635	0.042635
258	3	61	3	P999	13	0.025440	0.025440	0.042635	0.042635
258	4	67	4	P1	1	-0.014483	-0.014483	0.000906	0.000906
258	4	67	4	P50	1	0.015430	0.015430	0.031252	0.031252
258	4	67	4	P75	3	-0.026446	-0.026446	0.031442	0.031442
258	4	67	4	P90	13	0.029514	0.029514	0.042635	0.042635
258	4	67	4	P95	54	-0.020384	-0.020384	-0.013672	-0.013672
258	4	67	4	P99	55	0.022188	0.022188	0.033604	0.033604
258	4	67	4	P999	55	0.022188	0.022188	0.033604	0.033604
258	5	73	5	P1	1	-0.014582	-0.014582	0.000805	0.000805
258	5	73	5	P50	1	0.014409	0.014409	0.030215	0.030215
258	5	73	5	P75	2	0.009020	0.009020	-0.019556	-0.019556
258	5	73	5	P90	13	0.007368	0.007368	0.020230	0.020230
258	5	73	5	P95	54	-0.020384	-0.020384	-0.013672	-0.013672
258	5	73	5	P99	55	0.022188	0.022188	0.033604	0.033604
258	5	73	5	P999	55	0.022188	0.022188	0.033604	0.033604
258	6	78	6	P1	1	-0.014582	-0.014582	0.000805	0.000805
258	6	78	6	P50	1	0.016863	0.016044	0.032705	0.031874
258	6	78	6	P75	3	-0.005043	-0.005043	0.013672	0.013672
258	6	78	6	P90	13	0.007368	0.007368	0.020230	0.020230
258	6	78	6	P95	54	-0.020384	-0.020384	-0.013672	-0.013672
258	6	78	6	P99	55	0.022188	0.022188	0.033604	0.033604
258	6	78	6	P999	55	0.022188	0.022188	0.033604	0.033604
258	7	83	7	P1	1	-0.014582	-0.014582	0.000805	0.000805
258	7	83	7	P50	1	0.018502	0.018502	0.034368	0.034368
258	7	83	7	P75	4	-0.041761	-0.041761	-0.034078	-0.034078
258	7	83	7	P90	12	0.022393	0.022393	0.035520	0.035520
258	7	83	7	P95	53	-0.010545	-0.010545	-0.005918	-0.005918
258	7	83	7	P99	55	0.022188	0.022188	0.033604	0.033604
258	7	83	7	P999	55	0.022188	0.022188	0.033604	0.033604
259	1	43	1	P1	1	-0.007048	-0.007048	0.001279	0.001279
259	1	43	1	P50	1	0.020021	0.020021	0.028510	0.028510
259	1	43	1	P75	1	0.034493	0.034493	0.043069	0.043069
259	1	43	1	P90	13	-0.021262	-0.021262	0.024672	0.024672
259	1	43	1	P95	13	-0.004065	-0.004065	0.042635	0.042635
259	1	43	1	P99	19	0.008389	0.008389	0.009870	0.009870
259	1	43	1	P999	19	0.008389	0.008389	0.009870	0.009870
259	2	52	2	P1	1	-0.012963	-0.012963	0.001279	0.001279
259	2	52	2	P50	1	0.020424	0.019119	0.035102	0.033781
259	2	52	2	P75	13	-0.021188	-0.029667	0.033614	0.024672
259	2	52	2	P90	55	0.002188	0.002188	0.011394	0.011394
259	2	52	2	P95	58	-0.007396	-0.007396	0.001666	0.001666
259	2	52	2	P99	58	0.014430	0.014430	0.023663	0.023663
259	2	52	2	P999	58	0.014430	0.014430	0.023663	0.023663
259	3	61	3	P1	1	-0.013096	-0.013096	0.001144	0.001144
259	3	61	3	P50	1	0.021386	0.021386	0.036078	0.036078
259	3	61	3	P75	13	-0.046405	-0.046405	0.007019	0.007019
259	3	61	3	P90	53	0.017630	0.017630	0.027006	0.027006
259	3	61	3	P95	57	-0.000907	-0.000907	0.008229	0.008229
259	3	61	3	P99	58	0.014430	0.014430	0.023663	0.023663
259	3	61	3	P999	58	0.014430	0.014430	0.023663	0.023663
259	4	66	4	P1	1	-0.013096	-0.013096	0.001144	0.001144
259	4	66	4	P50	1	0.024900	0.023727	0.039637	0.038449
259	4	66	4	P75	12	-0.019483	-0.019483	0.035520	0.035520
259	4	66	4	P90	53	0.017630	0.017630	0.027006	0.027006
259	4	66	4	P95	57	-0.000907	-0.000907	0.008229	0.008229
259	4	66	4	P99	58	0.014430	0.014430	0.023663	0.023663
259	4	66	4	P999	58	0.014430	0.014430	0.023663	0.023663
259	5	112	5	P1	1	-0.013178	-0.013178	0.001060	0.001060
259	5	112	5	P50	1	0.016039	0.015500	0.030660	0.030114
259	5	112	5	P75	2	0.007212	0.000972	-0.022594	-0.028641
259	5	112	5	P90	13	-0.012635	-0.012635	0.042635	0.042635
259	5	112	5	P95	55	0.002188	0.002188	0.011394	0.011394
259	5	112	5	P99	58	0.003458	0.003458	0.012605	0.012605
259	5	112	5	P999	58	0.014430	0.014430	0.023663	0.023663
259	6	115	6	P1	1	-0.013178	-0.013178	0.001060	0.001060
259	6	115	6	P50	1	0.016578	0.016578	0.031206	0.031206
259	6	115	6	P75	2	0.019808	0.019808	-0.010386	-0.010386
259	6	115	6	P90	14	0.000179	0.000179	-0.010578	-0.010578
259	6	115	6	P95	55	0.002188	0.002188	0.011394	0.011394
259	6	115	6	P99	58	0.003458	0.003458	0.012605	0.012605
259	6	115	6	P999	58	0.014430	0.014430	0.023663	0.023663
259	7	126	7	P1	1	-0.013238	-0.013238	0.000999	0.000999
259	7	126	7	P50	1	0.017831	0.017322	0.032476	0.031960
259	7	126	7	P75	2	0.015430	0.015430	-0.014629	-0.014629
259	7	126	7	P90	13	0.031264	0.031264	0.042635	0.042635
259	7	126	7	P95	53	0.017630	0.017630	0.027006	0.027006
259	7	126	7	P99	58	0.003458	0.003458	0.012605	0.012605
259	7	126	7	P999	58	0.014430	0.014430	0.023663	0.023663
260	1	6	1	P1	1	0.005969	0.005969	0.014587	0.014587
260	1	6	1	P50	54	-0.013122	-0.980822	0.007988	-0.980659
260	1	6	1	P75	55	-0.009738	-0.009738	0.011394	0.011394
260	1	6	1	P90	56	0.015865	0.015865	0.015147	0.015147
260	1	6	1	P95	56	0.015865	0.015865	0.015147	0.015147
260	1	6	1	P99	56	0.015865	0.015865	0.015147	0.015147
260	1	6	1	P999	56	0.015865	0.015865	0.015147	0.015147
260	2	11	2	P1	1	0.005969	0.005969	0.014587	0.014587
260	2	11	2	P50	4	0.020553	0.020553	-0.017620	-0.017620
260	2	11	2	P75	54	-0.013122	-0.013122	0.007988	0.007988
260	2	11	2	P90	55	-0.009738	-0.009738	0.011394	0.011394
260	2	11	2	P95	56	0.015865	0.015865	0.015147	0.015147
260	2	11	2	P99	56	0.015865	0.015865	0.015147	0.015147
260	2	11	2	P999	56	0.015865	0.015865	0.015147	0.015147
260	3	32	3	P1	1	-0.006727	-0.006727	0.001812	0.001812
260	3	32	3	P50	1	0.022531	0.020677	0.031252	0.029387
260	3	32	3	P75	3	0.025301	-0.654800	0.031442	-0.651866
260	3	32	3	P90	4	0.043016	0.043016	0.003953	0.003953
260	3	32	3	P95	55	-0.009738	-0.009738	0.011394	0.011394
260	3	32	3	P99	56	0.015865	0.015865	0.015147	0.015147
260	3	32	3	P999	56	0.015865	0.015865	0.015147	0.015147
260	4	38	4	P1	1	-0.006727	-0.006727	0.001812	0.001812
260	4	38	4	P50	1	0.028111	0.026248	0.036868	0.034992
260	4	38	4	P75	4	0.043016	0.043016	0.003953	0.003953
260	4	38	4	P90	14	0.008642	0.008642	0.011149	0.011149
260	4	38	4	P95	55	-0.009738	-0.009738	0.011394	0.011394
260	4	38	4	P99	56	0.015865	0.015865	0.015147	0.015147
260	4	38	4	P999	56	0.015865	0.015865	0.015147	0.015147
260	5	44	5	P1	1	-0.018751	-0.018751	0.001812	0.001812
260	5	44	5	P50	1	0.021122	0.019275	0.042514	0.040628
260	5	44	5	P75	14	-0.030450	-0.091629	-0.010578	-0.031839
260	5	44	5	P90	55	-0.001478	-0.001478	0.011394	0.011394
260	5	44	5	P95	57	-0.000986	-0.000986	0.019239	0.019239
260	5	44	5	P99	61	0.040625	0.040625	0.016537	0.016537
260	5	44	5	P999	61	0.040625	0.040625	0.016537	0.016537
260	6	50	6	P1	1	-0.019005	-0.019005	0.001553	0.001553
260	6	50	6	P50	1	0.019803	0.018221	0.041167	0.039552
260	6	50	6	P75	12	-0.028444	-0.028444	0.035520	0.035520
260	6	50	6	P90	55	-0.001478	-0.015836	0.011394	-0.010339
260	6	50	6	P95	57	-0.000986	-0.000986	0.019239	0.019239
260	6	50	6	P99	61	0.040625	0.040625	0.016537	0.016537
260	6	50	6	P999	61	0.040625	0.040625	0.016537	0.016537
260	7	55	7	P1	1	-0.019005	-0.019005	0.001553	0.001553
260	7	55	7	P50	1	0.022973	0.022973	0.044403	0.044403
260	7	55	7	P75	12	-0.049325	-0.049325	0.013268	0.013268
260	7	55	7	P90	54	0.002389	0.002389	0.007988	0.007988
260	7	55	7	P95	57	-0.000986	-0.000986	0.019239	0.019239
260	7	55	7	P99	61	0.040625	0.040625	0.016537	0.016537
260	7	55	7	P999	61	0.040625	0.040625	0.016537	0.016537
261	1	30	1	P1	1	-0.014197	-0.014197	0.001739	0.001739
261	1	30	1	P50	1	0.011864	0.010105	0.028195	0.026410
261	1	30	1	P75	1	0.024260	0.024260	0.040779	0.040779
261	1	30	1	P90	4	0.018445	0.003788	-0.010481	-0.024707
261	1	30	1	P95	4	0.033316	0.033316	0.003953	0.003953
261	1	30	1	P99	5	0.027439	0.027439	0.042344	0.042344
261	1	30	1	P999	5	0.027439	0.027439	0.042344	0.042344
261	2	34	2	P1	1	-0.006815	-0.006815	0.001739	0.001739
261	2	34	2	P50	1	0.023033	0.021252	0.031775	0.029983
261	2	34	2	P75	3	0.025280	0.025280	0.031442	0.031442
261	2	34	2	P90	12	-0.039669	-0.039669	0.005958	0.005958
261	2	34	2	P95	12	-0.011382	-0.011382	0.035520	0.035520
261	2	34	2	P99	14	0.008617	0.008617	0.011149	0.011149
261	2	34	2	P999	14	0.008617	0.008617	0.011149	0.011149
261	3	38	3	P1	1	-0.016011	-0.016011	0.001739	0.001739
261	3	38	3	P50	1	0.017043	0.015276	0.035367	0.033569
261	3	38	3	P75	4	0.030941	0.030941	0.003953	0.003953
261	3	38	3	P90	53	-0.010237	-0.010237	-0.002312	-0.002312
261	3	38	3	P95	54	0.014597	0.014597	0.007988	0.007988
261	3	38	3	P99	55	0.018041	0.018041	0.033604	0.033604
261	3	38	3	P999	55	0.018041	0.018041	0.033604	0.033604
261	4	42	4	P1	1	-0.016247	-0.016247	0.001499	0.001499
261	4	42	4	P50	1	0.015215	0.013694	0.033507	0.031960
261	4	42	4	P75	4	0.016109	0.016109	-0.010481	-0.010481
261	4	42	4	P90	14	-0.005004	-0.005004	0.011149	0.011149
261	4	42	4	P95	53	0.011513	0.011513	0.012241	0.012241
261	4	42	4	P99	55	0.018041	0.018041	0.033604	0.033604
261	4	42	4	P999	55	0.018041	0.018041	0.033604	0.033604
261	5	49	5	P1	1	-0.016247	-0.016247	0.001499	0.001499
261	5	49	5	P50	1	0.019791	0.019791	0.038163	0.038163
261	5	49	5	P75	4	0.011910	0.011910	-0.014566	-0.014566
261	5	49	5	P90	14	-0.005004	-0.005004	0.011149	0.011149
261	5	49	5	P95	53	0.011513	0.011513	0.012241	0.012241
261	5	49	5	P99	55	0.018041	0.018041	0.033604	0.033604
261	5	49	5	P999	55	0.018041	0.018041	0.033604	0.033604
261	6	56	6	P1	1	-0.016534	-0.016534	0.001208	0.001208
261	6	56	6	P50	1	0.017289	0.016061	0.035617	0.034368
261	6	56	6	P75	4	0.005645	-0.000581	-0.020664	-0.026723
261	6	56	6	P90	12	-0.024458	-0.024458	0.035520	0.035520
261	6	56	6	P95	53	0.011513	0.011513	0.012241	0.012241
261	6	56	6	P99	55	0.018041	0.018041	0.033604	0.033604
261	6	56	6	P999	55	0.018041	0.018041	0.033604	0.033604
261	7	58	7	P1	1	-0.016534	-0.016534	0.001208	0.001208
261	7	58	7	P50	1	0.018518	0.017289	0.036868	0.035617
261	7	58	7	P75	4	0.011910	0.011910	-0.014566	-0.014566
261	7	58	7	P90	13	0.025949	0.025949	0.042635	0.042635
261	7	58	7	P95	53	0.011513	0.011513	0.012241	0.012241
261	7	58	7	P99	55	0.018041	0.018041	0.033604	0.033604
261	7	58	7	P999	55	0.018041	0.018041	0.033604	0.033604
262	1	4	1	P1	1	0.007451	0.007451	0.021960	0.021960
262	1	4	1	P50	55	0.024224	-0.981280	0.033604	-0.981011
262	1	4	1	P75	58	0.014430	-0.028753	0.023663	-0.019858
262	1	4	1	P90	58	0.014430	0.014430	0.023663	0.023663
262	1	4	1	P95	58	0.014430	0.014430	0.023663	0.023663
262	1	4	1	P99	58	0.014430	0.014430	0.023663	0.023663
262	1	4	1	P999	58	0.014430	0.014430	0.023663	0.023663
262	2	11	2	P1	1	0.007451	0.007451	0.021960	0.021960
262	2	11	2	P50	4	0.016403	0.016403	-0.014566	-0.014566
262	2	11	2	P75	4	0.035529	0.035529	0.003953	0.003953
262	2	11	2	P90	55	0.024224	0.024224	0.033604	0.033604
262	2	11	2	P95	58	0.014430	0.014430	0.023663	0.023663
262	2	11	2	P99	58	0.014430	0.014430	0.023663	0.023663
262	2	11	2	P999	58	0.014430	0.014430	0.023663	0.023663
262	3	15	3	P1	1	-0.007052	-0.007052	0.007267	0.007267
262	3	15	3	P50	4	0.003848	0.003848	-0.026723	-0.026723
262	3	15	3	P75	4	0.029114	0.029114	-0.002258	-0.002258
262	3	15	3	P90	55	0.024224	0.024224	0.033604	0.033604
262	3	15	3	P95	58	0.014430	0.014430	0.023663	0.023663
262	3	15	3	P99	58	0.014430	0.014430	0.023663	0.023663
262	3	15	3	P999	58	0.014430	0.014430	0.023663	0.023663
262	4	21	4	P1	1	-0.007052	-0.007052	0.007267	0.007267
262	4	21	4	P50	4	0.003281	0.003281	-0.027272	-0.027272
262	4	21	4	P75	4	0.023316	0.023316	-0.007872	-0.007872
262	4	21	4	P90	4	0.035529	0.035529	0.003953	0.003953
262	4	21	4	P95	55	0.024224	0.024224	0.033604	0.033604
262	4	21	4	P99	58	0.014430	0.014430	0.023663	0.023663
262	4	21	4	P999	58	0.014430	0.014430	0.023663	0.023663
262	5	28	5	P1	1	-0.007052	-0.007052	0.007267	0.007267
262	5	28	5	P50	4	0.003848	0.000734	-0.026723	-0.029739
262	5	28	5	P75	4	0.025921	0.022739	-0.005350	-0.008431
262	5	28	5	P90	5	0.029707	0.029707	0.042344	0.042344
262	5	28	5	P95	55	0.024224	0.024224	0.033604	0.033604
262	5	28	5	P99	58	0.014430	0.014430	0.023663	0.023663
262	5	28	5	P999	58	0.014430	0.014430	0.023663	0.023663
262	6	31	6	P1	1	-0.009449	-0.009449	0.004839	0.004839
262	6	31	6	P50	4	-0.002371	-0.002371	-0.032745	-0.032745
262	6	31	6	P75	4	0.022739	0.022739	-0.008431	-0.008431
262	6	31	6	P90	4	0.035529	0.035529	0.003953	0.003953
262	6	31	6	P95	55	0.024224	0.024224	0.033604	0.033604
262	6	31	6	P99	58	0.014430	0.014430	0.023663	0.023663
262	6	31	6	P999	58	0.014430	0.014430	0.023663	0.023663
262	7	39	7	P1	1	-0.010921	-0.010921	0.003348	0.003348
262	7	39	7	P50	3	0.000687	0.000687	0.013672	0.013672
262	7	39	7	P75	4	0.016403	0.016403	-0.014566	-0.014566
262	7	39	7	P90	4	0.035529	0.035529	0.003953	0.003953
262	7	39	7	P95	55	0.024224	0.024224	0.033604	0.033604
262	7	39	7	P99	58	0.014430	0.014430	0.023663	0.023663
262	7	39	7	P999	58	0.014430	0.014430	0.023663	0.023663
263	1	15	0	P1	3	-0.023396	-0.023396	0.001996	0.001996
263	1	15	0	P50	4	-0.003614	-0.003614	-0.021170	-0.021170
263	1	15	0	P75	4	0.010920	0.010920	-0.006892	-0.006892
263	1	15	0	P90	4	0.018267	0.018267	0.000325	0.000325
263	1	15	0	P95	4	0.021960	0.021960	0.003953	0.003953
263	1	15	0	P99	4	0.021960	0.021960	0.003953	0.003953
263	1	15	0	P999	4	0.021960	0.021960	0.003953	0.003953
263	2	26	1	P1	1	-0.000146	-0.000146	0.003957	0.003957
263	2	26	1	P50	3	-0.013172	-0.027403	0.031442	0.016613
263	2	26	1	P75	4	-0.017526	-0.017526	-0.017620	-0.017620
263	2	26	1	P90	4	-0.003150	-0.003150	-0.003290	-0.003290
263	2	26	1	P95	4	0.000477	0.000477	0.000325	0.000325
263	2	26	1	P99	4	0.004116	0.004116	0.003953	0.003953
263	2	26	1	P999	4	0.004116	0.004116	0.003953	0.003953
263	3	34	2	P1	1	-0.000146	-0.000146	0.003957	0.003957
263	3	34	2	P50	4	-0.028171	-0.031694	-0.032113	-0.034323
263	3	34	2	P75	4	0.000477	0.000477	-0.014245	-0.014245
263	3	34	2	P90	4	0.029435	0.029435	-0.002910	-0.002910
263	3	34	2	P95	4	0.042332	0.042332	0.001660	0.001660
263	3	34	2	P99	4	0.048842	0.048842	0.003953	0.003953
263	3	34	2	P999	4	0.048842	0.048842	0.003953	0.003953
263	4	41	3	P1	1	-0.000146	-0.000146	0.003957	0.003957
263	4	41	3	P50	4	-0.031694	-0.031694	-0.034925	-0.034925
263	4	41	3	P75	4	0.004116	0.004116	-0.015678	-0.015678
263	4	41	3	P90	4	0.030717	0.030717	-0.003946	-0.003946
263	4	41	3	P95	4	0.039740	0.039740	-0.000004	-0.000004
263	4	41	3	P99	4	0.048842	0.048842	0.003953	0.003953
263	4	41	3	P999	4	0.048842	0.048842	0.003953	0.003953
263	5	106	4	P1	1	-0.002910	-0.002910	0.001191	0.001191
263	5	106	4	P50	1	0.028527	0.027914	0.032659	0.032045
263	5	106	4	P75	3	-0.004533	-0.004533	0.009278	0.009278
263	5	106	4	P90	4	0.004116	0.004116	-0.015678	-0.015678
263	5	106	4	P95	4	0.026235	0.026235	-0.005911	-0.005911
263	5	106	4	P99	4	0.044281	0.044281	0.001973	0.001973
263	5	106	4	P999	4	0.048842	0.048842	0.003953	0.003953
263	6	115	5	P1	1	-0.016886	-0.016886	0.001191	0.001191
263	6	115	5	P50	1	0.016452	0.016452	0.035121	0.035121
263	6	115	5	P75	4	-0.044987	-0.044987	-0.033018	-0.033018
263	6	115	5	P90	4	0.021580	0.021580	-0.000004	-0.000004
263	6	115	5	P95	12	-0.003509	-0.003509	0.013268	0.013268
263	6	115	5	P99	14	0.038686	0.038686	0.011149	0.011149
263	6	115	5	P999	21	0.024019	0.024019	0.040886	0.040886
263	7	133	6	P1	1	-0.017014	-0.017014	0.001060	0.001060
263	7	133	6	P50	1	0.017449	0.017449	0.036135	0.036135
263	7	133	6	P75	3	-0.003954	-0.003954	0.020300	0.020300
263	7	133	6	P90	4	0.012737	0.012737	-0.003946	-0.003946
263	7	133	6	P95	11	0.018458	0.018458	0.035645	0.035645
263	7	133	6	P99	14	0.038686	0.038686	0.011149	0.011149
263	7	133	6	P999	21	0.024019	0.024019	0.040886	0.040886
264	1	8	1	P1	1	0.004495	0.004495	0.010920	0.010920
264	1	8	1	P50	52	0.006426	-0.980041	0.002254	-0.979915
264	1	8	1	P75	55	-0.020432	-0.034553	0.011394	-0.010339
264	1	8	1	P90	55	-0.006104	-0.006104	0.033604	0.033604
264	1	8	1	P95	55	-0.006104	-0.006104	0.033604	0.033604
264	1	8	1	P99	55	-0.006104	-0.006104	0.033604	0.033604
264	1	8	1	P999	55	-0.006104	-0.006104	0.033604	0.033604
264	2	10	2	P1	1	0.004495	0.004495	0.010920	0.010920
264	2	10	2	P50	4	0.001254	-0.261898	0.003953	-0.226419
264	2	10	2	P75	54	-0.016674	-0.016674	0.007988	0.007988
264	2	10	2	P90	55	-0.006104	-0.020432	0.033604	0.011394
264	2	10	2	P95	55	-0.006104	-0.006104	0.033604	0.033604
264	2	10	2	P99	55	-0.006104	-0.006104	0.033604	0.033604
264	2	10	2	P999	55	-0.006104	-0.006104	0.033604	0.033604
264	3	18	3	P1	1	0.004495	0.004495	0.010920	0.010920
264	3	18	3	P50	4	0.023301	0.015899	-0.014566	-0.020664
264	3	18	3	P75	5	0.040266	0.040266	0.042344	0.042344
264	3	18	3	P90	55	-0.020432	-0.020432	0.011394	0.011394
264	3	18	3	P95	55	-0.006104	-0.006104	0.033604	0.033604
264	3	18	3	P99	55	-0.006104	-0.006104	0.033604	0.033604
264	3	18	3	P999	55	-0.006104	-0.006104	0.033604	0.033604
264	4	26	4	P1	1	0.004495	0.004495	0.010920	0.010920
264	4	26	4	P50	4	0.014425	0.010015	-0.023422	-0.027272
264	4	26	4	P75	4	0.041288	0.041288	-0.000004	-0.000004
264	4	26	4	P90	54	-0.016674	-0.016674	0.007988	0.007988
264	4	26	4	P95	55	-0.020432	-0.020432	0.011394	0.011394
264	4	26	4	P99	55	-0.006104	-0.006104	0.033604	0.033604
264	4	26	4	P999	55	-0.006104	-0.006104	0.033604	0.033604
264	5	31	5	P1	1	0.004495	0.004495	0.010920	0.010920
264	5	31	5	P50	4	0.001254	0.001254	-0.029043	-0.029043
264	5	31	5	P75	4	0.036762	0.036762	-0.002734	-0.002734
264	5	31	5	P90	52	0.006426	0.006426	0.002254	0.002254
264	5	31	5	P95	55	-0.020432	-0.020432	0.011394	0.011394
264	5	31	5	P99	55	-0.006104	-0.006104	0.033604	0.033604
264	5	31	5	P999	55	-0.006104	-0.006104	0.033604	0.033604
264	6	36	6	P1	1	0.004495	0.004495	0.010920	0.010920
264	6	36	6	P50	4	0.001254	-0.013179	-0.030341	-0.033145
264	6	36	6	P75	4	0.034506	0.030758	-0.004732	-0.007611
264	6	36	6	P90	52	0.006426	0.006426	0.002254	0.002254
264	6	36	6	P95	55	-0.020432	-0.020432	0.011394	0.011394
264	6	36	6	P99	55	-0.006104	-0.006104	0.033604	0.033604
264	6	36	6	P999	55	-0.006104	-0.006104	0.033604	0.033604
264	7	41	7	P1	1	0.004495	0.004495	0.010920	0.010920
264	7	41	7	P50	4	-0.011130	-0.011130	-0.027676	-0.027676
264	7	41	7	P75	4	0.030758	0.030758	-0.005187	-0.005187
264	7	41	7	P90	5	0.040266	0.040266	0.042344	0.042344
264	7	41	7	P95	54	-0.016674	-0.016674	0.007988	0.007988
264	7	41	7	P99	55	-0.006104	-0.006104	0.033604	0.033604
264	7	41	7	P999	55	-0.006104	-0.006104	0.033604	0.033604
265	1	8	1	P1	1	-0.001541	-0.001541	0.014587	0.014587
265	1	8	1	P50	3	0.016168	-0.005689	0.031442	0.009278
265	1	8	1	P75	4	0.018445	0.003788	-0.010481	-0.024707
265	1	8	1	P90	4	0.033316	0.033316	0.003953	0.003953
265	1	8	1	P95	4	0.033316	0.033316	0.003953	0.003953
265	1	8	1	P99	4	0.033316	0.033316	0.003953	0.003953
265	1	8	1	P999	4	0.033316	0.033316	0.003953	0.003953
265	2	10	2	P1	1	-0.005153	-0.005153	0.010920	0.010920
265	2	10	2	P50	3	-0.005689	-0.312954	0.009278	-0.332017
265	2	10	2	P75	4	0.003788	0.003788	-0.024707	-0.024707
265	2	10	2	P90	4	0.033316	0.018445	0.003953	-0.010481
265	2	10	2	P95	4	0.033316	0.033316	0.003953	0.003953
265	2	10	2	P99	4	0.033316	0.033316	0.003953	0.003953
265	2	10	2	P999	4	0.033316	0.033316	0.003953	0.003953
265	3	15	3	P1	1	0.006810	0.006810	0.010920	0.010920
265	3	15	3	P50	4	-0.030287	-0.030287	-0.033495	-0.033495
265	3	15	3	P75	4	0.004116	0.004116	-0.012270	-0.012270
265	3	15	3	P90	4	0.033716	0.033716	-0.001484	-0.001484
265	3	15	3	P95	4	0.048842	0.048842	0.003953	0.003953
265	3	15	3	P99	4	0.048842	0.048842	0.003953	0.003953
265	3	15	3	P999	4	0.048842	0.048842	0.003953	0.003953
265	4	20	4	P1	1	0.006810	0.006810	0.010920	0.010920
265	4	20	4	P50	4	-0.030287	-0.226912	-0.034544	-0.226419
265	4	20	4	P75	4	0.012906	0.004116	-0.013342	-0.017620
265	4	20	4	P90	4	0.039740	0.030717	-0.000399	-0.004732
265	4	20	4	P95	4	0.048842	0.039740	0.003953	-0.000399
265	4	20	4	P99	4	0.048842	0.048842	0.003953	0.003953
265	4	20	4	P999	4	0.048842	0.048842	0.003953	0.003953
265	5	24	5	P1	1	0.006810	0.006810	0.010920	0.010920
265	5	24	5	P50	4	-0.028171	-0.033451	-0.032283	-0.035512
265	5	24	5	P75	4	0.004116	-0.001338	-0.012683	-0.015977
265	5	24	5	P90	4	0.030717	0.030717	-0.002734	-0.002734
265	5	24	5	P95	4	0.039740	0.039740	0.000604	0.000604
265	5	24	5	P99	4	0.048842	0.048842	0.003953	0.003953
265	5	24	5	P999	4	0.048842	0.048842	0.003953	0.003953
265	6	28	6	P1	1	0.006810	0.006810	0.010920	0.010920
265	6	28	6	P50	4	-0.024636	-0.028171	-0.028853	-0.031331
265	6	28	6	P75	4	0.000477	-0.003150	-0.011323	-0.013847
265	6	28	6	P90	4	0.030717	0.030717	-0.001165	-0.001165
265	6	28	6	P95	4	0.039740	0.039740	0.001391	0.001391
265	6	28	6	P99	4	0.048842	0.048842	0.003953	0.003953
265	6	28	6	P999	4	0.048842	0.048842	0.003953	0.003953
265	7	32	7	P1	1	0.006810	0.006810	0.010920	0.010920
265	7	32	7	P50	4	-0.022863	-0.025521	-0.026723	-0.028734
265	7	32	7	P75	4	-0.001338	-0.004055	-0.010481	-0.012526
265	7	32	7	P90	4	0.021773	0.021773	-0.002258	-0.002258
265	7	32	7	P95	4	0.039740	0.039740	0.001879	0.001879
265	7	32	7	P99	4	0.048842	0.048842	0.003953	0.003953
265	7	32	7	P999	4	0.048842	0.048842	0.003953	0.003953
266	1	6	0	P1	3	0.000000	0.000000	0.009278	0.009278
266	1	6	0	P50	4	0.016569	0.005587	-0.017620	-0.028232
266	1	6	0	P75	4	0.027670	0.027670	-0.006892	-0.006892
266	1	6	0	P90	4	0.038893	0.038893	0.003953	0.003953
266	1	6	0	P95	4	0.038893	0.038893	0.003953	0.003953
266	1	6	0	P99	4	0.038893	0.038893	0.003953	0.003953
266	1	6	0	P999	4	0.038893	0.038893	0.003953	0.003953
266	2	10	1	P1	3	-0.008529	-0.008529	0.001996	0.001996
266	2	10	1	P50	4	0.019642	0.008602	-0.017620	-0.024707
266	2	10	1	P75	4	0.042085	0.042085	-0.003290	-0.003290
266	2	10	1	P90	5	0.003150	-0.157207	0.042344	-0.196837
266	2	10	1	P95	5	0.003150	0.003150	0.042344	0.042344
266	2	10	1	P99	5	0.003150	0.003150	0.042344	0.042344
266	2	10	1	P999	5	0.003150	0.003150	0.042344	0.042344
266	3	14	2	P1	3	-0.008529	-0.008529	-0.005233	-0.005233
266	3	14	2	P50	4	0.008602	-0.013120	-0.026723	-0.032745
266	3	14	2	P75	4	0.035301	0.035301	-0.008431	-0.008431
266	3	14	2	P90	4	0.053492	0.053492	0.003953	0.003953
266	3	14	2	P95	5	0.003150	0.003150	0.042344	0.042344
266	3	14	2	P99	5	0.003150	0.003150	0.042344	0.042344
266	3	14	2	P999	5	0.003150	0.003150	0.042344	0.042344
266	4	18	3	P1	3	-0.029882	-0.029882	-0.006261	-0.006261
266	4	18	3	P50	4	-0.002318	-0.013120	-0.024707	-0.029404
266	4	18	3	P75	4	0.035301	0.035301	-0.005692	-0.005692
266	4	18	3	P90	5	-0.018455	-0.018455	0.019946	0.019946
266	4	18	3	P95	5	0.003150	0.003150	0.042344	0.042344
266	4	18	3	P99	5	0.003150	0.003150	0.042344	0.042344
266	4	18	3	P999	5	0.003150	0.003150	0.042344	0.042344
266	5	22	4	P1	3	-0.040386	-0.040386	-0.007631	-0.007631
266	5	22	4	P50	4	-0.013120	-0.020256	-0.027272	-0.031106
266	5	22	4	P75	4	0.026324	0.026324	-0.007872	-0.007872
266	5	22	4	P90	4	0.053492	0.053492	0.003953	0.003953
266	5	22	4	P95	5	-0.018455	-0.018455	0.019946	0.019946
266	5	22	4	P99	5	0.003150	0.003150	0.042344	0.042344
266	5	22	4	P999	5	0.003150	0.003150	0.042344	0.042344
266	6	26	5	P1	3	-0.040386	-0.040386	-0.007631	-0.007631
266	6	26	5	P50	4	-0.013120	-0.017408	-0.024707	-0.027528
266	6	26	5	P75	4	0.017424	0.017424	-0.007611	-0.007611
266	6	26	5	P90	4	0.053492	0.053492	0.003953	0.003953
266	6	26	5	P95	5	-0.018455	-0.018455	0.019946	0.019946
266	6	26	5	P99	5	0.003150	0.003150	0.042344	0.042344
266	6	26	5	P999	5	0.003150	0.003150	0.042344	0.042344
266	7	30	6	P1	3	-0.040386	-0.040386	-0.007631	-0.007631
266	7	30	6	P50	4	-0.013120	-0.016185	-0.023219	-0.025450
266	7	30	6	P75	4	0.008602	0.008602	-0.007459	-0.007459
266	7	30	6	P90	4	0.053492	0.044357	0.003953	0.001660
266	7	30	6	P95	5	-0.018455	-0.018455	0.019946	0.019946
266	7	30	6	P99	5	0.003150	0.003150	0.042344	0.042344
266	7	30	6	P999	5	0.003150	0.003150	0.042344	0.042344
267	1	8	1	P1	3	-0.008529	-0.008529	-0.001625	-0.001625
267	1	8	1	P50	4	-0.020256	-0.223301	-0.028232	-0.226419
267	1	8	1	P75	4	0.008602	-0.005932	-0.006892	-0.017620
267	1	8	1	P90	4	0.053492	0.053492	0.003953	0.003953
267	1	8	1	P95	4	0.053492	0.053492	0.003953	0.003953
267	1	8	1	P99	4	0.053492	0.053492	0.003953	0.003953
267	1	8	1	P999	4	0.053492	0.053492	0.003953	0.003953
267	2	12	2	P1	3	-0.008529	-0.008529	-0.005233	-0.005233
267	2	12	2	P50	4	-0.020256	-0.223301	-0.031744	-0.226419
267	2	12	2	P75	4	0.023349	0.008602	-0.010481	-0.017620
267	2	12	2	P90	4	0.038311	0.038311	-0.003290	-0.003290
267	2	12	2	P95	4	0.053492	0.053492	0.003953	0.003953
267	2	12	2	P99	4	0.053492	0.053492	0.003953	0.003953
267	2	12	2	P999	4	0.053492	0.053492	0.003953	0.003953
267	3	16	3	P1	3	-0.036897	-0.036897	-0.007032	-0.007032
267	3	16	3	P50	4	-0.025928	-0.223301	-0.033495	-0.226419
267	3	16	3	P75	4	0.008602	-0.000144	-0.012270	-0.017620
267	3	16	3	P90	4	0.038311	0.038311	-0.001484	-0.001484
267	3	16	3	P95	4	0.053492	0.053492	0.003953	0.003953
267	3	16	3	P99	4	0.053492	0.053492	0.003953	0.003953
267	3	16	3	P999	4	0.053492	0.053492	0.003953	0.003953
267	4	18	4	P1	3	-0.036897	-0.036897	-0.008110	-0.008110
267	4	18	4	P50	3	0.035598	0.029176	0.031442	0.026971
267	4	18	4	P75	4	-0.000144	-0.000144	-0.017620	-0.017620
267	4	18	4	P90	4	0.038311	0.038311	-0.001484	-0.001484
267	4	18	4	P95	4	0.053492	0.053492	0.003953	0.003953
267	4	18	4	P99	4	0.053492	0.053492	0.003953	0.003953
267	4	18	4	P999	4	0.053492	0.053492	0.003953	0.003953
267	5	20	5	P1	3	-0.043416	-0.043416	-0.008110	-0.008110
267	5	20	5	P50	4	-0.032865	-0.228625	-0.033495	-0.226419
267	5	20	5	P75	4	0.016002	0.001378	-0.006892	-0.012270
267	5	20	5	P90	51	0.022174	-0.917969	0.021906	-0.921259
267	5	20	5	P95	56	0.015510	-0.069092	0.015147	-0.069336
267	5	20	5	P99	56	0.015510	0.015510	0.015147	0.015147
267	5	20	5	P999	56	0.015510	0.015510	0.015147	0.015147
267	6	23	6	P1	3	-0.043416	-0.043416	-0.008110	-0.008110
267	6	23	6	P50	4	-0.024415	-0.024415	-0.028232	-0.028232
267	6	23	6	P75	4	0.045892	0.045892	0.003953	0.003953
267	6	23	6	P90	37	0.039135	0.039135	0.039211	0.039211
267	6	23	6	P95	51	0.022174	0.022174	0.021906	0.021906
267	6	23	6	P99	56	0.015510	0.015510	0.015147	0.015147
267	6	23	6	P999	56	0.015510	0.015510	0.015147	0.015147
267	7	39	7	P1	3	-0.033747	-0.033747	-0.008110	-0.008110
267	7	39	7	P50	36	0.037531	0.037531	0.022669	0.022669
267	7	39	7	P75	56	-0.024994	-0.024994	-0.003579	-0.003579
267	7	39	7	P90	60	-0.009198	-0.009198	0.018620	0.018620
267	7	39	7	P95	66	-0.002884	-0.002884	0.024813	0.024813
267	7	39	7	P99	69	-0.003763	-0.003763	0.023782	0.023782
267	7	39	7	P999	69	-0.003763	-0.003763	0.023782	0.023782
268	1	22	1	P1	66	0.010321	0.010321	0.024813	0.024813
268	1	22	1	P50	204	-0.001481	-0.015858	0.011196	-0.003343
268	1	22	1	P75	218	-0.001143	-0.001143	0.002689	0.002689
268	1	22	1	P90	224	-0.002188	-0.002188	0.008151	0.008151
268	1	22	1	P95	224	0.006533	0.006533	0.019160	0.019160
268	1	22	1	P99	250	0.027596	0.027596	0.040290	0.040290
268	1	22	1	P999	250	0.027596	0.027596	0.040290	0.040290
268	2	32	2	P1	66	0.010321	0.010321	0.024813	0.024813
268	2	32	2	P50	191	-0.022397	-0.036473	-0.009861	-0.024096
268	2	32	2	P75	213	-0.001145	-0.015527	0.004174	-0.006673
268	2	32	2	P90	221	0.002595	0.002595	0.010798	0.010798
268	2	32	2	P95	224	0.006533	0.006533	0.019160	0.019160
268	2	32	2	P99	250	0.027596	0.027596	0.040290	0.040290
268	2	32	2	P999	250	0.027596	0.027596	0.040290	0.040290
268	3	356	3	P1	1	-0.021994	-0.021994	0.001831	0.001831
268	3	356	3	P50	7	0.020701	0.020228	-0.002437	-0.002898
268	3	356	3	P75	8	0.022978	0.022385	-0.000453	-0.001032
268	3	356	3	P90	10	0.013997	0.013997	0.034368	0.034368
268	3	356	3	P95	100	0.028080	0.028080	0.044403	0.044403
268	3	356	3	P99	221	0.000701	0.000701	0.010798	0.010798
268	3	356	3	P999	250	0.025705	0.025705	0.040290	0.040290
268	4	584	4	P1	1	-0.021098	-0.021098	0.002748	0.002748
268	4	584	4	P50	9	0.015898	0.014636	-0.007568	-0.008799
268	4	584	4	P75	13	-0.015829	-0.016400	0.003525	0.002944
268	4	584	4	P90	15	0.003121	0.003121	0.022552	0.022552
268	4	584	4	P95	77	0.028315	0.028315	0.000695	0.000695
268	4	584	4	P99	219	0.001088	0.001088	0.009010	0.009010
268	4	584	4	P999	608	0.051949	0.051949	0.019880	0.019880
268	5	620	5	P1	1	-0.013336	-0.013336	0.002324	0.002324
268	5	620	5	P50	8	0.034080	0.033480	0.003608	0.003027
268	5	620	5	P75	12	0.022017	0.021550	0.035520	0.035046
268	5	620	5	P90	15	-0.000641	-0.003978	0.012351	0.008973
268	5	620	5	P95	77	0.011278	-0.010475	-0.013692	-0.027873
268	5	620	5	P99	218	0.001245	0.001245	0.002689	0.002689
268	5	620	5	P999	608	0.055615	0.055615	0.019880	0.019880
268	6	666	6	P1	1	-0.013932	-0.013932	0.001720	0.001720
268	6	666	6	P50	8	0.020380	0.019788	-0.009675	-0.010248
268	6	666	6	P75	12	0.016418	0.016418	0.029853	0.029853
268	6	666	6	P90	15	-0.017218	-0.017218	-0.004425	-0.004425
268	6	666	6	P95	63	0.016312	0.016312	0.027969	0.027969
268	6	666	6	P99	218	0.001245	0.001245	0.002689	0.002689
268	6	666	6	P999	608	0.055615	0.055615	0.019880	0.019880
268	7	709	7	P1	1	-0.014068	-0.014068	0.001581	0.001581
268	7	709	7	P50	8	0.007445	0.007445	-0.022215	-0.022215
268	7	709	7	P75	12	0.011313	0.011313	0.024685	0.024685
268	7	709	7	P90	14	0.037942	0.037942	0.006766	0.006766
268	7	709	7	P95	53	0.015176	0.015176	0.027006	0.027006
268	7	709	7	P99	213	0.015874	0.015874	0.015140	0.015140
268	7	709	7	P999	608	0.055615	0.055615	0.019880	0.019880
269	1	60	0	P1	1	-0.020779	-0.020779	0.000724	0.000724
269	1	60	0	P50	1	0.000724	0.000000	0.022700	0.021960
269	1	60	0	P75	1	0.011653	0.010920	0.033869	0.033120
269	1	60	0	P90	1	0.018267	0.017530	0.040628	0.039875
269	1	60	0	P95	1	0.020481	0.019743	0.042891	0.042136
269	1	60	0	P99	1	0.021960	0.021960	0.044403	0.044403
269	1	60	0	P999	1	0.021960	0.021960	0.044403	0.044403
269	2	102	0	P1	1	-0.020654	-0.020654	0.000852	0.000852
269	2	102	0	P50	1	0.000426	0.000000	0.022396	0.021960
269	2	102	0	P75	1	0.011136	0.011136	0.033340	0.033340
269	2	102	0	P90	1	0.017617	0.017617	0.039964	0.039964
269	2	102	0	P95	1	0.019786	0.019786	0.042181	0.042181
269	2	102	0	P99	1	0.021525	0.021525	0.043958	0.043958
269	2	102	0	P999	1	0.021960	0.021960	0.044403	0.044403
269	3	143	0	P1	1	-0.020894	-0.020894	0.000608	0.000608
269	3	143	0	P50	1	0.000152	0.000152	0.022115	0.022115
269	3	143	0	P75	1	0.011151	0.011151	0.033356	0.033356
269	3	143	0	P90	1	0.017623	0.017623	0.039970	0.039970
269	3	143	0	P95	1	0.019789	0.019789	0.042184	0.042184
269	3	143	0	P99	1	0.021650	0.021650	0.044085	0.044085
269	3	143	0	P999	1	0.021960	0.021960	0.044403	0.044403
269	4	185	0	P1	1	-0.021029	-0.021029	0.000470	0.000470
269	4	185	0	P50	1	0.000117	0.000117	0.022080	0.022080
269	4	185	0	P75	1	0.010980	0.010980	0.033181	0.033181
269	4	185	0	P90	1	0.017649	0.017649	0.039997	0.039997
269	4	185	0	P95	1	0.019802	0.019802	0.042197	0.042197
269	4	185	0	P99	1	0.021720	0.021720	0.044157	0.044157
269	4	185	0	P999	1	0.021960	0.021960	0.044403	0.044403
269	5	235	0	P1	1	-0.020945	-0.020945	0.000555	0.000555
269	5	235	0	P50	1	0.000092	0.000092	0.022055	0.022055
269	5	235	0	P75	1	0.011061	0.011061	0.033264	0.033264
269	5	235	0	P90	1	0.017624	0.017624	0.039971	0.039971
269	5	235	0	P95	1	0.019884	0.019884	0.042281	0.042281
269	5	235	0	P99	1	0.021582	0.021582	0.044016	0.044016
269	5	235	0	P999	1	0.021960	0.021960	0.044403	0.044403
269	6	275	0	P1	1	-0.021024	-0.021024	0.000474	0.000474
269	6	275	0	P50	1	0.000079	0.000079	0.022041	0.022041
269	6	275	0	P75	1	0.011040	0.011040	0.033243	0.033243
269	6	275	0	P90	1	0.017610	0.017610	0.039957	0.039957
269	6	275	0	P95	1	0.019863	0.019863	0.042260	0.042260
269	6	275	0	P99	1	0.021637	0.021637	0.044073	0.044073
269	6	275	0	P999	1	0.021960	0.021960	0.044403	0.044403
269	7	311	0	P1	1	-0.020941	-0.020941	0.000559	0.000559
269	7	311	0	P50	1	0.000070	0.000070	0.022032	0.022032
269	7	311	0	P75	1	0.011026	0.011026	0.033229	0.033229
269	7	311	0	P90	1	0.017544	0.017544	0.039890	0.039890
269	7	311	0	P95	1	0.019821	0.019821	0.042216	0.042216
269	7	311	0	P99	1	0.021532	0.021532	0.043965	0.043965
269	7	311	0	P999	1	0.021960	0.021960	0.044403	0.044403
270	1	65	0	P1	1	-0.020834	-0.020834	0.000669	0.000669
270	1	65	0	P50	1	0.000334	0.000334	0.022302	0.022302
270	1	65	0	P75	1	0.011089	0.011089	0.033293	0.033293
270	1	65	0	P90	1	0.017870	0.017870	0.040223	0.040223
270	1	65	0	P95	1	0.019913	0.019913	0.042310	0.042310
270	1	65	0	P99	1	0.021960	0.021960	0.044403	0.044403
270	1	65	0	P999	1	0.021960	0.021960	0.044403	0.044403
270	2	108	0	P1	1	-0.020701	-0.020701	0.000805	0.000805
270	2	108	0	P50	1	0.000402	0.000000	0.022371	0.021960
270	2	108	0	P75	1	0.011327	0.010920	0.033536	0.033120
270	2	108	0	P90	1	0.017857	0.017857	0.040210	0.040210
270	2	108	0	P95	1	0.019907	0.019907	0.042304	0.042304
270	2	108	0	P99	1	0.021549	0.021549	0.043983	0.043983
270	2	108	0	P999	1	0.021960	0.021960	0.044403	0.044403
270	3	143	0	P1	1	-0.020894	-0.020894	0.000608	0.000608
270	3	143	0	P50	1	0.000152	0.000152	0.022115	0.022115
270	3	143	0	P75	1	0.011151	0.011151	0.033356	0.033356
270	3	143	0	P90	1	0.017623	0.017623	0.039970	0.039970
270	3	143	0	P95	1	0.019789	0.019789	0.042184	0.042184
270	3	143	0	P99	1	0.021650	0.021650	0.044085	0.044085
270	3	143	0	P999	1	0.021960	0.021960	0.044403	0.044403
270	4	191	0	P1	1	-0.021043	-0.021043	0.000455	0.000455
270	4	191	0	P50	1	0.000114	0.000114	0.022076	0.022076
270	4	191	0	P75	1	0.011093	0.011093	0.033297	0.033297
270	4	191	0	P90	1	0.017553	0.017553	0.039899	0.039899
270	4	191	0	P95	1	0.019870	0.019870	0.042267	0.042267
270	4	191	0	P99	1	0.021728	0.021728	0.044165	0.044165
270	4	191	0	P999	1	0.021960	0.021960	0.044403	0.044403
270	5	234	0	P1	1	-0.020943	-0.020943	0.000557	0.000557
270	5	234	0	P50	1	0.000186	0.000000	0.022150	0.021960
270	5	234	0	P75	1	0.011014	0.011014	0.033216	0.033216
270	5	234	0	P90	1	0.017605	0.017605	0.039952	0.039952
270	5	234	0	P95	1	0.019875	0.019875	0.042272	0.042272
270	5	234	0	P99	1	0.021581	0.021581	0.044015	0.044015
270	5	234	0	P999	1	0.021960	0.021960	0.044403	0.044403
270	6	268	0	P1	1	-0.021012	-0.021012	0.000486	0.000486
270	6	268	0	P50	1	0.000162	0.000000	0.022126	0.021960
270	6	268	0	P75	1	0.011084	0.010920	0.033288	0.033120
270	6	268	0	P90	1	0.017662	0.017662	0.040010	0.040010
270	6	268	0	P95	1	0.019809	0.019809	0.042204	0.042204
270	6	268	0	P99	1	0.021629	0.021629	0.044064	0.044064
270	6	268	0	P999	1	0.021960	0.021960	0.044403	0.044403
270	7	306	0	P1	1	-0.020932	-0.020932	0.000568	0.000568
270	7	306	0	P50	1	0.000142	0.000000	0.022105	0.021960
270	7	306	0	P75	1	0.010992	0.010992	0.033194	0.033194
270	7	306	0	P90	1	0.017617	0.017617	0.039964	0.039964
270	7	306	0	P95	1	0.019786	0.019786	0.042181	0.042181
270	7	306	0	P99	1	0.021525	0.021525	0.043958	0.043958
270	7	306	0	P999	1	0.021960	0.021960	0.044403	0.044403
271	1	76	0	P1	1	-0.020929	-0.020929	0.000572	0.000572
271	1	76	0	P50	1	0.000572	0.000000	0.022545	0.021960
271	1	76	0	P75	1	0.011499	0.010920	0.033711	0.033120
271	1	76	0	P90	1	0.017879	0.017879	0.040232	0.040232
271	1	76	0	P95	1	0.020209	0.020209	0.042613	0.042613
271	1	76	0	P99	1	0.021960	0.021960	0.044403	0.044403
271	1	76	0	P999	1	0.021960	0.021960	0.044403	0.044403
271	2	110	0	P1	1	-0.020715	-0.020715	0.000790	0.000790
271	2	110	0	P50	1	0.000395	0.000000	0.022364	0.021960
271	2	110	0	P75	1	0.011120	0.011120	0.033324	0.033324
271	2	110	0	P90	1	0.017932	0.017530	0.040286	0.039875
271	2	110	0	P95	1	0.019944	0.019944	0.042342	0.042342
271	2	110	0	P99	1	0.021557	0.021557	0.043990	0.043990
271	2	110	0	P999	1	0.021960	0.021960	0.044403	0.044403
271	3	147	0	P1	1	-0.020910	-0.020910	0.000591	0.000591
271	3	147	0	P50	1	0.000148	0.000148	0.022111	0.022111
271	3	147	0	P75	1	0.011145	0.011145	0.033349	0.033349
271	3	147	0	P90	1	0.017740	0.017740	0.040090	0.040090
271	3	147	0	P95	1	0.019848	0.019848	0.042244	0.042244
271	3	147	0	P99	1	0.021658	0.021658	0.044094	0.044094
271	3	147	0	P999	1	0.021960	0.021960	0.044403	0.044403
271	4	161	0	P1	1	-0.020960	-0.020960	0.000540	0.000540
271	4	161	0	P50	1	0.000135	0.000135	0.022098	0.022098
271	4	161	0	P75	1	0.010989	0.010989	0.033190	0.033190
271	4	161	0	P90	1	0.017557	0.017557	0.039903	0.039903
271	4	161	0	P95	1	0.019756	0.019756	0.042150	0.042150
271	4	161	0	P99	1	0.021684	0.021684	0.044121	0.044121
271	4	161	0	P999	1	0.021960	0.021960	0.044403	0.044403
271	5	184	0	P1	1	-0.021026	-0.021026	0.000472	0.000472
271	5	184	0	P50	1	0.000236	0.000000	0.022201	0.021960
271	5	184	0	P75	1	0.011159	0.010920	0.033364	0.033120
271	5	184	0	P90	1	0.017626	0.017626	0.039973	0.039973
271	5	184	0	P95	1	0.019791	0.019791	0.042186	0.042186
271	5	184	0	P99	1	0.021719	0.021719	0.044156	0.044156
271	5	184	0	P999	1	0.021960	0.021960	0.044403	0.044403
271	6	204	0	P1	1	-0.020863	-0.020863	0.000639	0.000639
271	6	204	0	P50	1	0.000213	0.000000	0.022178	0.021960
271	6	204	0	P75	1	0.011136	0.010920	0.033340	0.033120
271	6	204	0	P90	1	0.017617	0.017617	0.039964	0.039964
271	6	204	0	P95	1	0.019786	0.019786	0.042181	0.042181
271	6	204	0	P99	1	0.021525	0.021525	0.043958	0.043958
271	6	204	0	P999	1	0.021960	0.021960	0.044403	0.044403
271	7	220	0	P1	1	-0.020908	-0.020908	0.000593	0.000593
271	7	220	0	P50	1	0.000197	0.000000	0.022162	0.021960
271	7	220	0	P75	1	0.011120	0.010920	0.033324	0.033120
271	7	220	0	P90	1	0.017731	0.017530	0.040080	0.039875
271	7	220	0	P95	1	0.019944	0.019743	0.042342	0.042136
271	7	220	0	P99	1	0.021557	0.021557	0.043990	0.043990
271	7	220	0	P999	1	0.021960	0.021960	0.044403	0.044403
272	1	23	0	P1	1	-0.019638	-0.019638	0.001891	0.001891
272	1	23	0	P50	1	0.000945	0.000945	0.022926	0.022926
272	1	23	0	P75	1	0.012354	0.012354	0.034585	0.034585
272	1	23	0	P90	1	0.018107	0.018107	0.040464	0.040464
272	1	23	0	P95	1	0.020032	0.020032	0.042432	0.042432
272	1	23	0	P99	1	0.021960	0.021960	0.044403	0.044403
272	1	23	0	P999	1	0.021960	0.021960	0.044403	0.044403
272	2	58	0	P1	1	-0.020755	-0.020755	0.000749	0.000749
272	2	58	0	P50	1	0.000749	0.000000	0.022726	0.021960
272	2	58	0	P75	1	0.011299	0.011299	0.033507	0.033507
272	2	58	0	P90	1	0.018140	0.018140	0.040498	0.040498
272	2	58	0	P95	1	0.020430	0.020430	0.042839	0.042839
272	2	58	0	P99	1	0.021960	0.021960	0.044403	0.044403
272	2	58	0	P999	1	0.021960	0.021960	0.044403	0.044403
272	3	92	0	P1	1	-0.021026	-0.021026	0.000472	0.000472
272	3	92	0	P50	1	0.000472	0.000000	0.022443	0.021960
272	3	92	0	P75	1	0.011398	0.010920	0.033608	0.033120
272	3	92	0	P90	1	0.017626	0.017626	0.039973	0.039973
272	3	92	0	P95	1	0.020032	0.020032	0.042432	0.042432
272	3	92	0	P99	1	0.021960	0.021960	0.044403	0.044403
272	3	92	0	P999	1	0.021960	0.021960	0.044403	0.044403
272	4	133	0	P1	1	-0.020849	-0.020849	0.000654	0.000654
272	4	133	0	P50	1	0.000163	0.000163	0.022127	0.022127
272	4	133	0	P75	1	0.011003	0.011003	0.033205	0.033205
272	4	133	0	P90	1	0.017630	0.017630	0.039977	0.039977
272	4	133	0	P95	1	0.019959	0.019959	0.042358	0.042358
272	4	133	0	P99	1	0.021626	0.021626	0.044061	0.044061
272	4	133	0	P999	1	0.021960	0.021960	0.044403	0.044403
272	5	157	0	P1	1	-0.020947	-0.020947	0.000554	0.000554
272	5	157	0	P50	1	0.000138	0.000138	0.022102	0.022102
272	5	157	0	P75	1	0.010990	0.010990	0.033192	0.033192
272	5	157	0	P90	1	0.017727	0.017727	0.040076	0.040076
272	5	157	0	P95	1	0.019982	0.019982	0.042381	0.042381
272	5	157	0	P99	1	0.021677	0.021677	0.044114	0.044114
272	5	157	0	P999	1	0.021960	0.021960	0.044403	0.044403
272	6	188	0	P1	1	-0.021036	-0.021036	0.000462	0.000462
272	6	188	0	P50	1	0.000231	0.000000	0.022196	0.021960
272	6	188	0	P75	1	0.011154	0.010920	0.033359	0.033120
272	6	188	0	P90	1	0.017718	0.017718	0.040067	0.040067
272	6	188	0	P95	1	0.019837	0.019837	0.042233	0.042233
272	6	188	0	P99	1	0.021724	0.021724	0.044161	0.044161
272	6	188	0	P999	1	0.021960	0.021960	0.044403	0.044403
272	7	220	0	P1	1	-0.020908	-0.020908	0.000593	0.000593
272	7	220	0	P50	1	0.000197	0.000000	0.022162	0.021960
272	7	220	0	P75	1	0.011120	0.010920	0.033324	0.033120
272	7	220	0	P90	1	0.017731	0.017530	0.040080	0.039875
272	7	220	0	P95	1	0.019944	0.019743	0.042342	0.042136
272	7	220	0	P99	1	0.021557	0.021557	0.043990	0.043990
272	7	220	0	P999	1	0.021960	0.021960	0.044403	0.044403
273	1	4	0	P1	1	-0.010802	-0.010802	0.010920	0.010920
273	1	4	0	P50	1	0.010920	0.000000	0.033120	0.021960
273	1	4	0	P75	1	0.021960	0.010920	0.044403	0.033120
273	1	4	0	P90	1	0.021960	0.021960	0.044403	0.044403
273	1	4	0	P95	1	0.021960	0.021960	0.044403	0.044403
273	1	4	0	P99	1	0.021960	0.021960	0.044403	0.044403
273	1	4	0	P999	1	0.021960	0.021960	0.044403	0.044403
273	2	6	0	P1	1	-0.014377	-0.014377	0.007267	0.007267
273	2	6	0	P50	1	0.007267	0.000000	0.029387	0.021960
273	2	6	0	P75	1	0.014587	0.014587	0.036868	0.036868
273	2	6	0	P90	1	0.021960	0.021960	0.044403	0.044403
273	2	6	0	P95	1	0.021960	0.021960	0.044403	0.044403
273	2	6	0	P99	1	0.021960	0.021960	0.044403	0.044403
273	2	6	0	P999	1	0.021960	0.021960	0.044403	0.044403
273	3	8	0	P1	1	-0.016160	-0.016160	0.005445	0.005445
273	3	8	0	P50	1	0.005445	0.000000	0.027525	0.021960
273	3	8	0	P75	1	0.016425	0.010920	0.038746	0.033120
273	3	8	0	P90	1	0.021960	0.021960	0.044403	0.044403
273	3	8	0	P95	1	0.021960	0.021960	0.044403	0.044403
273	3	8	0	P99	1	0.021960	0.021960	0.044403	0.044403
273	3	8	0	P999	1	0.021960	0.021960	0.044403	0.044403
273	4	10	0	P1	1	-0.017228	-0.017228	0.004354	0.004354
273	4	10	0	P50	1	0.004354	0.000000	0.026410	0.021960
273	4	10	0	P75	1	0.013119	0.013119	0.035367	0.035367
273	4	10	0	P90	1	0.021960	0.017530	0.044403	0.039875
273	4	10	0	P95	1	0.021960	0.021960	0.044403	0.044403
273	4	10	0	P99	1	0.021960	0.021960	0.044403	0.044403
273	4	10	0	P999	1	0.021960	0.021960	0.044403	0.044403
273	5	14	0	P1	1	-0.018447	-0.018447	0.003108	0.003108
273	5	14	0	P50	1	0.003108	0.000000	0.025136	0.021960
273	5	14	0	P75	1	0.012490	0.012490	0.034725	0.034725
273	5	14	0	P90	1	0.018794	0.018794	0.041167	0.041167
273	5	14	0	P95	1	0.021960	0.021960	0.044403	0.044403
273	5	14	0	P99	1	0.021960	0.021960	0.044403	0.044403
273	5	14	0	P999	1	0.021960	0.021960	0.044403	0.044403
273	6	16	0	P1	1	-0.018828	-0.018828	0.002719	0.002719
273	6	16	0	P50	1	0.002719	0.000000	0.024739	0.021960
273	6	16	0	P75	1	0.013669	0.010920	0.035929	0.033120
273	6	16	0	P90	1	0.019189	0.019189	0.041571	0.041571
273	6	16	0	P95	1	0.021960	0.021960	0.044403	0.044403
273	6	16	0	P99	1	0.021960	0.021960	0.044403	0.044403
273	6	16	0	P999	1	0.021960	0.021960	0.044403	0.044403
273	7	19	0	P1	1	-0.019248	-0.019248	0.002289	0.002289
273	7	19	0	P50	1	0.001144	0.001144	0.023129	0.023129
273	7	19	0	P75	1	0.012656	0.012656	0.034894	0.034894
273	7	19	0	P90	1	0.019626	0.019626	0.042017	0.042017
273	7	19	0	P95	1	0.021960	0.021960	0.044403	0.044403
273	7	19	0	P99	1	0.021960	0.021960	0.044403	0.044403
273	7	19	0	P999	1	0.021960	0.021960	0.044403	0.044403
274	1	5	0	P1	1	-0.012949	-0.012949	0.008727	0.008727
274	1	5	0	P50	1	0.004354	0.004354	0.026410	0.026410
274	1	5	0	P75	1	0.013119	0.013119	0.035367	0.035367
274	1	5	0	P90	1	0.021960	0.021960	0.044403	0.044403
274	1	5	0	P95	1	0.021960	0.021960	0.044403	0.044403
274	1	5	0	P99	1	0.021960	0.021960	0.044403	0.044403
274	1	5	0	P999	1	0.021960	0.021960	0.044403	0.044403
274	2	8	0	P1	1	-0.016160	-0.016160	0.005445	0.005445
274	2	8	0	P50	1	0.005445	0.000000	0.027525	0.021960
274	2	8	0	P75	1	0.016425	0.010920	0.038746	0.033120
274	2	8	0	P90	1	0.021960	0.021960	0.044403	0.044403
274	2	8	0	P95	1	0.021960	0.021960	0.044403	0.044403
274	2	8	0	P99	1	0.021960	0.021960	0.044403	0.044403
274	2	8	0	P999	1	0.021960	0.021960	0.044403	0.044403
274	3	11	0	P1	1	-0.017616	-0.017616	0.003957	0.003957
274	3	11	0	P50	1	0.001977	0.001977	0.023980	0.023980
274	3	11	0	P75	1	0.013919	0.013919	0.036185	0.036185
274	3	11	0	P90	1	0.017932	0.017932	0.040286	0.040286
274	3	11	0	P95	1	0.021960	0.021960	0.044403	0.044403
274	3	11	0	P99	1	0.021960	0.021960	0.044403	0.044403
274	3	11	0	P999	1	0.021960	0.021960	0.044403	0.044403
274	4	13	0	P1	1	-0.018213	-0.018213	0.003348	0.003348
274	4	13	0	P50	1	0.001672	0.001672	0.023669	0.023669
274	4	13	0	P75	1	0.011765	0.011765	0.033984	0.033984
274	4	13	0	P90	1	0.018551	0.018551	0.040918	0.040918
274	4	13	0	P95	1	0.021960	0.021960	0.044403	0.044403
274	4	13	0	P99	1	0.021960	0.021960	0.044403	0.044403
274	4	13	0	P999	1	0.021960	0.021960	0.044403	0.044403
274	5	15	0	P1	1	-0.018650	-0.018650	0.002901	0.002901
274	5	15	0	P50	1	0.001449	0.001449	0.023441	0.023441
274	5	15	0	P75	1	0.013119	0.013119	0.035367	0.035367
274	5	15	0	P90	1	0.019004	0.019004	0.041382	0.041382
274	5	15	0	P95	1	0.021960	0.021960	0.044403	0.044403
274	5	15	0	P99	1	0.021960	0.021960	0.044403	0.044403
274	5	15	0	P999	1	0.021960	0.021960	0.044403	0.044403
274	6	17	0	P1	1	-0.018984	-0.018984	0.002559	0.002559
274	6	17	0	P50	1	0.001279	0.001279	0.023267	0.023267
274	6	17	0	P75	1	0.011567	0.011567	0.033781	0.033781
274	6	17	0	P90	1	0.019352	0.019352	0.041737	0.041737
274	6	17	0	P95	1	0.021960	0.021960	0.044403	0.044403
274	6	17	0	P99	1	0.021960	0.021960	0.044403	0.044403
274	6	17	0	P999	1	0.021960	0.021960	0.044403	0.044403
274	7	19	0	P1	1	-0.019248	-0.019248	0.002289	0.002289
274	7	19	0	P50	1	0.001144	0.001144	0.023129	0.023129
274	7	19	0	P75	1	0.012656	0.012656	0.034894	0.034894
274	7	19	0	P90	1	0.019626	0.019626	0.042017	0.042017
274	7	19	0	P95	1	0.021960	0.021960	0.044403	0.044403
274	7	19	0	P99	1	0.021960	0.021960	0.044403	0.044403
274	7	19	0	P999	1	0.021960	0.021960	0.044403	0.044403
275	1	5	0	P1	1	-0.012949	-0.012949	0.008727	0.008727
275	1	5	0	P50	1	0.004354	0.004354	0.026410	0.026410
275	1	5	0	P75	1	0.013119	0.013119	0.035367	0.035367
275	1	5	0	P90	1	0.021960	0.021960	0.044403	0.044403
275	1	5	0	P95	1	0.021960	0.021960	0.044403	0.044403
275	1	5	0	P99	1	0.021960	0.021960	0.044403	0.044403
275	1	5	0	P999	1	0.021960	0.021960	0.044403	0.044403
275	2	9	0	P1	1	-0.016753	-0.016753	0.004839	0.004839
275	2	9	0	P50	1	0.002417	0.002417	0.024430	0.024430
275	2	9	0	P75	1	0.012141	0.012141	0.034368	0.034368
275	2	9	0	P90	1	0.021960	0.021960	0.044403	0.044403
275	2	9	0	P95	1	0.021960	0.021960	0.044403	0.044403
275	2	9	0	P99	1	0.021960	0.021960	0.044403	0.044403
275	2	9	0	P999	1	0.021960	0.021960	0.044403	0.044403
275	3	12	0	P1	1	-0.017939	-0.017939	0.003627	0.003627
275	3	12	0	P50	1	0.003627	0.000000	0.025667	0.021960
275	3	12	0	P75	1	0.014587	0.010920	0.036868	0.033120
275	3	12	0	P90	1	0.018267	0.018267	0.040628	0.040628
275	3	12	0	P95	1	0.021960	0.021960	0.044403	0.044403
275	3	12	0	P99	1	0.021960	0.021960	0.044403	0.044403
275	3	12	0	P999	1	0.021960	0.021960	0.044403	0.044403
275	4	14	0	P1	1	-0.018447	-0.018447	0.003108	0.003108
275	4	14	0	P50	1	0.003108	0.000000	0.025136	0.021960
275	4	14	0	P75	1	0.012490	0.012490	0.034725	0.034725
275	4	14	0	P90	1	0.018794	0.018794	0.041167	0.041167
275	4	14	0	P95	1	0.021960	0.021960	0.044403	0.044403
275	4	14	0	P99	1	0.021960	0.021960	0.044403	0.044403
275	4	14	0	P999	1	0.021960	0.021960	0.044403	0.044403
275	5	16	0	P1	1	-0.018828	-0.018828	0.002719	0.002719
275	5	16	0	P50	1	0.002719	0.000000	0.024739	0.021960
275	5	16	0	P75	1	0.013669	0.010920	0.035929	0.033120
275	5	16	0	P90	1	0.019189	0.019189	0.041571	0.041571
275	5	16	0	P95	1	0.021960	0.021960	0.044403	0.044403
275	5	16	0	P99	1	0.021960	0.021960	0.044403	0.044403
275	5	16	0	P999	1	0.021960	0.021960	0.044403	0.044403
275	6	19	0	P1	1	-0.019248	-0.019248	0.002289	0.002289
275	6	19	0	P50	1	0.001144	0.001144	0.023129	0.023129
275	6	19	0	P75	1	0.012656	0.012656	0.034894	0.034894
275	6	19	0	P90	1	0.019626	0.019626	0.042017	0.042017
275	6	19	0	P95	1	0.021960	0.021960	0.044403	0.044403
275	6	19	0	P99	1	0.021960	0.021960	0.044403	0.044403
275	6	19	0	P999	1	0.021960	0.021960	0.044403	0.044403
275	7	46	0	P1	1	-0.020564	-0.020564	0.000945	0.000945
275	7	46	0	P50	1	0.000945	0.000000	0.022926	0.021960
275	7	46	0	P75	1	0.011398	0.011398	0.033608	0.033608
275	7	46	0	P90	1	0.018107	0.018107	0.040464	0.040464
275	7	46	0	P95	1	0.020032	0.020032	0.042432	0.042432
275	7	46	0	P99	1	0.021960	0.021960	0.044403	0.044403
275	7	46	0	P999	1	0.021960	0.021960	0.044403	0.044403
276	1	49	0	P1	1	-0.020620	-0.020620	0.000887	0.000887
276	1	49	0	P50	1	0.000443	0.000443	0.022413	0.022413
276	1	49	0	P75	1	0.011145	0.011145	0.033349	0.033349
276	1	49	0	P90	1	0.018342	0.018342	0.040705	0.040705
276	1	49	0	P95	1	0.020150	0.020150	0.042552	0.042552
276	1	49	0	P99	1	0.021960	0.021960	0.044403	0.044403
276	1	49	0	P999	1	0.021960	0.021960	0.044403	0.044403
276	2	85	0	P1	1	-0.020988	-0.020988	0.000511	0.000511
276	2	85	0	P50	1	0.000256	0.000256	0.022221	0.022221
276	2	85	0	P75	1	0.011050	0.011050	0.033252	0.033252
276	2	85	0	P90	1	0.017790	0.017790	0.040141	0.040141
276	2	85	0	P95	1	0.019873	0.019873	0.042269	0.042269
276	2	85	0	P99	1	0.021960	0.021960	0.044403	0.044403
276	2	85	0	P999	1	0.021960	0.021960	0.044403	0.044403
276	3	114	0	P1	1	-0.020742	-0.020742	0.000762	0.000762
276	3	114	0	P50	1	0.000381	0.000000	0.022350	0.021960
276	3	114	0	P75	1	0.011113	0.011113	0.033317	0.033317
276	3	114	0	P90	1	0.017685	0.017685	0.040034	0.040034
276	3	114	0	P95	1	0.020015	0.020015	0.042414	0.042414
276	3	114	0	P99	1	0.021571	0.021571	0.044005	0.044005
276	3	114	0	P999	1	0.021960	0.021960	0.044403	0.044403
276	4	145	0	P1	1	-0.020902	-0.020902	0.000599	0.000599
276	4	145	0	P50	1	0.000150	0.000150	0.022113	0.022113
276	4	145	0	P75	1	0.010996	0.010996	0.033198	0.033198
276	4	145	0	P90	1	0.017682	0.017682	0.040031	0.040031
276	4	145	0	P95	1	0.019819	0.019819	0.042214	0.042214
276	4	145	0	P99	1	0.021654	0.021654	0.044090	0.044090
276	4	145	0	P999	1	0.021960	0.021960	0.044403	0.044403
276	5	179	0	P1	1	-0.021013	-0.021013	0.000486	0.000486
276	5	179	0	P50	1	0.000121	0.000121	0.022084	0.022084
276	5	179	0	P75	1	0.011104	0.011104	0.033308	0.033308
276	5	179	0	P90	1	0.017752	0.017752	0.040102	0.040102
276	5	179	0	P95	1	0.019978	0.019978	0.042377	0.042377
276	5	179	0	P99	1	0.021712	0.021712	0.044149	0.044149
276	5	179	0	P999	1	0.021960	0.021960	0.044403	0.044403
276	6	185	0	P1	1	-0.021029	-0.021029	0.000470	0.000470
276	6	185	0	P50	1	0.000117	0.000117	0.022080	0.022080
276	6	185	0	P75	1	0.010980	0.010980	0.033181	0.033181
276	6	185	0	P90	1	0.017649	0.017649	0.039997	0.039997
276	6	185	0	P95	1	0.019802	0.019802	0.042197	0.042197
276	6	185	0	P99	1	0.021720	0.021720	0.044157	0.044157
276	6	185	0	P999	1	0.021960	0.021960	0.044403	0.044403
276	7	204	0	P1	1	-0.020863	-0.020863	0.000639	0.000639
276	7	204	0	P50	1	0.000213	0.000000	0.022178	0.021960
276	7	204	0	P75	1	0.011136	0.010920	0.033340	0.033120
276	7	204	0	P90	1	0.017617	0.017617	0.039964	0.039964
276	7	204	0	P95	1	0.019786	0.019786	0.042181	0.042181
276	7	204	0	P99	1	0.021525	0.021525	0.043958	0.043958
276	7	204	0	P999	1	0.021960	0.021960	0.044403	0.044403
277	1	61	0	P1	1	-0.020791	-0.020791	0.000712	0.000712
277	1	61	0	P50	1	0.000356	0.000356	0.022324	0.022324
277	1	61	0	P75	1	0.011100	0.011100	0.033304	0.033304
277	1	61	0	P90	1	0.017602	0.017602	0.039949	0.039949
277	1	61	0	P95	1	0.019779	0.019779	0.042173	0.042173
277	1	61	0	P99	1	0.021960	0.021960	0.044403	0.044403
277	1	61	0	P999	1	0.021960	0.021960	0.044403	0.044403
277	2	89	0	P1	1	-0.021010	-0.021010	0.000488	0.000488
277	2	89	0	P50	1	0.000244	0.000244	0.022210	0.022210
277	2	89	0	P75	1	0.011044	0.011044	0.033247	0.033247
277	2	89	0	P90	1	0.017977	0.017977	0.040332	0.040332
277	2	89	0	P95	1	0.019967	0.019967	0.042365	0.042365
277	2	89	0	P99	1	0.021960	0.021960	0.044403	0.044403
277	2	89	0	P999	1	0.021960	0.021960	0.044403	0.044403
277	3	114	0	P1	1	-0.020742	-0.020742	0.000762	0.000762
277	3	114	0	P50	1	0.000381	0.000000	0.022350	0.021960
277	3	114	0	P75	1	0.011113	0.011113	0.033317	0.033317
277	3	114	0	P90	1	0.017685	0.017685	0.040034	0.040034
277	3	114	0	P95	1	0.020015	0.020015	0.042414	0.042414
277	3	114	0	P99	1	0.021571	0.021571	0.044005	0.044005
277	3	114	0	P999	1	0.021960	0.021960	0.044403	0.044403
277	4	151	0	P1	1	-0.020925	-0.020925	0.000576	0.000576
277	4	151	0	P50	1	0.000144	0.000144	0.022107	0.022107
277	4	151	0	P75	1	0.011139	0.011139	0.033343	0.033343
277	4	151	0	P90	1	0.017559	0.017559	0.039905	0.039905
277	4	151	0	P95	1	0.019904	0.019904	0.042301	0.042301
277	4	151	0	P99	1	0.021666	0.021666	0.044102	0.044102
277	4	151	0	P999	1	0.021960	0.021960	0.044403	0.044403
277	5	176	0	P1	1	-0.021005	-0.021005	0.000494	0.000494
277	5	176	0	P50	1	0.000247	0.000000	0.022212	0.021960
277	5	176	0	P75	1	0.011170	0.010920	0.033375	0.033120
277	5	176	0	P90	1	0.017681	0.017681	0.040029	0.040029
277	5	176	0	P95	1	0.019944	0.019944	0.042342	0.042342
277	5	176	0	P99	1	0.021708	0.021708	0.044145	0.044145
277	5	176	0	P999	1	0.021960	0.021960	0.044403	0.044403
277	6	208	0	P1	1	-0.020875	-0.020875	0.000627	0.000627
277	6	208	0	P50	1	0.000209	0.000000	0.022174	0.021960
277	6	208	0	P75	1	0.011132	0.010920	0.033336	0.033120
277	6	208	0	P90	1	0.017700	0.017700	0.040049	0.040049
277	6	208	0	P95	1	0.019828	0.019828	0.042223	0.042223
277	6	208	0	P99	1	0.021533	0.021533	0.043966	0.043966
277	6	208	0	P999	1	0.021960	0.021960	0.044403	0.044403
277	7	239	0	P1	1	-0.020955	-0.020955	0.000545	0.000545
277	7	239	0	P50	1	0.000091	0.000091	0.022053	0.022053
277	7	239	0	P75	1	0.011058	0.011058	0.033261	0.033261
277	7	239	0	P90	1	0.017696	0.017696	0.040045	0.040045
277	7	239	0	P95	1	0.019919	0.019919	0.042316	0.042316
277	7	239	0	P99	1	0.021589	0.021589	0.044023	0.044023
277	7	239	0	P999	1	0.021960	0.021960	0.044403	0.044403
278	1	6	0	P1	1	-0.014377	-0.014377	0.007267	0.007267
278	1	6	0	P50	1	0.007267	0.000000	0.029387	0.021960
278	1	6	0	P75	1	0.014587	0.014587	0.036868	0.036868
278	1	6	0	P90	1	0.021960	0.021960	0.044403	0.044403
278	1	6	0	P95	1	0.021960	0.021960	0.044403	0.044403
278	1	6	0	P99	1	0.021960	0.021960	0.044403	0.044403
278	1	6	0	P999	1	0.021960	0.021960	0.044403	0.044403
278	2	42	0	P1	1	-0.020476	-0.020476	0.001035	0.001035
278	2	42	0	P50	1	0.001035	0.000000	0.023018	0.021960
278	2	42	0	P75	1	0.011443	0.011443	0.033655	0.033655
278	2	42	0	P90	1	0.017740	0.017740	0.040090	0.040090
278	2	42	0	P95	1	0.019848	0.019848	0.042244	0.042244
278	2	42	0	P99	1	0.021960	0.021960	0.044403	0.044403
278	2	42	0	P999	1	0.021960	0.021960	0.044403	0.044403
278	3	119	0	P1	1	-0.020774	-0.020774	0.000730	0.000730
278	3	119	0	P50	1	0.000183	0.000183	0.022147	0.022147
278	3	119	0	P75	1	0.011197	0.011197	0.033403	0.033403
278	3	119	0	P90	1	0.017864	0.017864	0.040217	0.040217
278	3	119	0	P95	1	0.020096	0.020096	0.042498	0.042498
278	3	119	0	P99	1	0.021587	0.021587	0.044021	0.044021
278	3	119	0	P999	1	0.021960	0.021960	0.044403	0.044403
278	4	121	0	P1	1	-0.020785	-0.020785	0.000718	0.000718
278	4	121	0	P50	1	0.000180	0.000180	0.022144	0.022144
278	4	121	0	P75	1	0.011011	0.011011	0.033213	0.033213
278	4	121	0	P90	1	0.017566	0.017566	0.039912	0.039912
278	4	121	0	P95	1	0.019761	0.019761	0.042155	0.042155
278	4	121	0	P99	1	0.021593	0.021593	0.044028	0.044028
278	4	121	0	P999	1	0.021960	0.021960	0.044403	0.044403
278	5	123	0	P1	1	-0.020797	-0.020797	0.000707	0.000707
278	5	123	0	P50	1	0.000177	0.000177	0.022141	0.022141
278	5	123	0	P75	1	0.011188	0.011188	0.033394	0.033394
278	5	123	0	P90	1	0.017638	0.017638	0.039985	0.039985
278	5	123	0	P95	1	0.019797	0.019797	0.042192	0.042192
278	5	123	0	P99	1	0.021599	0.021599	0.044034	0.044034
278	5	123	0	P999	1	0.021960	0.021960	0.044403	0.044403
278	6	125	0	P1	1	-0.020808	-0.020808	0.000695	0.000695
278	6	125	0	P50	1	0.000174	0.000174	0.022138	0.022138
278	6	125	0	P75	1	0.011008	0.011008	0.033210	0.033210
278	6	125	0	P90	1	0.017707	0.017707	0.040056	0.040056
278	6	125	0	P95	1	0.019831	0.019831	0.042227	0.042227
278	6	125	0	P99	1	0.021605	0.021605	0.044040	0.044040
278	6	125	0	P999	1	0.021960	0.021960	0.044403	0.044403
278	7	127	0	P1	1	-0.020819	-0.020819	0.000684	0.000684
278	7	127	0	P50	1	0.000171	0.000171	0.022135	0.022135
278	7	127	0	P75	1	0.011180	0.011180	0.033386	0.033386
278	7	127	0	P90	1	0.017774	0.017774	0.040124	0.040124
278	7	127	0	P95	1	0.019865	0.019865	0.042261	0.042261
278	7	127	0	P99	1	0.021611	0.021611	0.044045	0.044045
278	7	127	0	P999	1	0.021960	0.021960	0.044403	0.044403
279	1	4	0	P1	1	-0.010802	-0.010802	0.010920	0.010920
279	1	4	0	P50	1	0.010920	0.000000	0.033120	0.021960
279	1	4	0	P75	1	0.021960	0.010920	0.044403	0.033120
279	1	4	0	P90	1	0.021960	0.021960	0.044403	0.044403
279	1	4	0	P95	1	0.021960	0.021960	0.044403	0.044403
279	1	4	0	P99	1	0.021960	0.021960	0.044403	0.044403
279	1	4	0	P999	1	0.021960	0.021960	0.044403	0.044403
279	2	7	0	P1	1	-0.015396	-0.015396	0.006226	0.006226
279	2	7	0	P50	1	0.003108	0.003108	0.025136	0.025136
279	2	7	0	P75	1	0.015637	0.015637	0.037941	0.037941
279	2	7	0	P90	1	0.021960	0.021960	0.044403	0.044403
279	2	7	0	P95	1	0.021960	0.021960	0.044403	0.044403
279	2	7	0	P99	1	0.021960	0.021960	0.044403	0.044403
279	2	7	0	P999	1	0.021960	0.021960	0.044403	0.044403
279	3	9	0	P1	1	-0.016753	-0.016753	0.004839	0.004839
279	3	9	0	P50	1	0.002417	0.002417	0.024430	0.024430
279	3	9	0	P75	1	0.012141	0.012141	0.034368	0.034368
279	3	9	0	P90	1	0.021960	0.021960	0.044403	0.044403
279	3	9	0	P95	1	0.021960	0.021960	0.044403	0.044403
279	3	9	0	P99	1	0.021960	0.021960	0.044403	0.044403
279	3	9	0	P999	1	0.021960	0.021960	0.044403	0.044403
279	4	11	0	P1	1	-0.017616	-0.017616	0.003957	0.003957
279	4	11	0	P50	1	0.001977	0.001977	0.023980	0.023980
279	4	11	0	P75	1	0.013919	0.013919	0.036185	0.036185
279	4	11	0	P90	1	0.017932	0.017932	0.040286	0.040286
279	4	11	0	P95	1	0.021960	0.021960	0.044403	0.044403
279	4	11	0	P99	1	0.021960	0.021960	0.044403	0.044403
279	4	11	0	P999	1	0.021960	0.021960	0.044403	0.044403
279	5	14	0	P1	1	-0.018447	-0.018447	0.003108	0.003108
279	5	14	0	P50	1	0.003108	0.000000	0.025136	0.021960
279	5	14	0	P75	1	0.012490	0.012490	0.034725	0.034725
279	5	14	0	P90	1	0.018794	0.018794	0.041167	0.041167
279	5	14	0	P95	1	0.021960	0.021960	0.044403	0.044403
279	5	14	0	P99	1	0.021960	0.021960	0.044403	0.044403
279	5	14	0	P999	1	0.021960	0.021960	0.044403	0.044403
279	6	17	0	P1	1	-0.018984	-0.018984	0.002559	0.002559
279	6	17	0	P50	1	0.001279	0.001279	0.023267	0.023267
279	6	17	0	P75	1	0.011567	0.011567	0.033781	0.033781
279	6	17	0	P90	1	0.019352	0.019352	0.041737	0.041737
279	6	17	0	P95	1	0.021960	0.021960	0.044403	0.044403
279	6	17	0	P99	1	0.021960	0.021960	0.044403	0.044403
279	6	17	0	P999	1	0.021960	0.021960	0.044403	0.044403
279	7	19	0	P1	1	-0.019248	-0.019248	0.002289	0.002289
279	7	19	0	P50	1	0.001144	0.001144	0.023129	0.023129
279	7	19	0	P75	1	0.012656	0.012656	0.034894	0.034894
279	7	19	0	P90	1	0.019626	0.019626	0.042017	0.042017
279	7	19	0	P95	1	0.021960	0.021960	0.044403	0.044403
279	7	19	0	P99	1	0.021960	0.021960	0.044403	0.044403
279	7	19	0	P999	1	0.021960	0.021960	0.044403	0.044403
280	1	5	0	P1	1	-0.012949	-0.012949	0.008727	0.008727
280	1	5	0	P50	1	0.004354	0.004354	0.026410	0.026410
280	1	5	0	P75	1	0.013119	0.013119	0.035367	0.035367
280	1	5	0	P90	1	0.021960	0.021960	0.044403	0.044403
280	1	5	0	P95	1	0.021960	0.021960	0.044403	0.044403
280	1	5	0	P99	1	0.021960	0.021960	0.044403	0.044403
280	1	5	0	P999	1	0.021960	0.021960	0.044403	0.044403
280	2	7	0	P1	1	-0.015396	-0.015396	0.006226	0.006226
280	2	7	0	P50	1	0.003108	0.003108	0.025136	0.025136
280	2	7	0	P75	1	0.015637	0.015637	0.037941	0.037941
280	2	7	0	P90	1	0.021960	0.021960	0.044403	0.044403
280	2	7	0	P95	1	0.021960	0.021960	0.044403	0.044403
280	2	7	0	P99	1	0.021960	0.021960	0.044403	0.044403
280	2	7	0	P999	1	0.021960	0.021960	0.044403	0.044403
280	3	9	0	P1	1	-0.016753	-0.016753	0.004839	0.004839
280	3	9	0	P50	1	0.002417	0.002417	0.024430	0.024430
280	3	9	0	P75	1	0.012141	0.012141	0.034368	0.034368
280	3	9	0	P90	1	0.021960	0.021960	0.044403	0.044403
280	3	9	0	P95	1	0.021960	0.021960	0.044403	0.044403
280	3	9	0	P99	1	0.021960	0.021960	0.044403	0.044403
280	3	9	0	P999	1	0.021960	0.021960	0.044403	0.044403
280	4	11	0	P1	1	-0.017616	-0.017616	0.003957	0.003957
280	4	11	0	P50	1	0.001977	0.001977	0.023980	0.023980
280	4	11	0	P75	1	0.013919	0.013919	0.036185	0.036185
280	4	11	0	P90	1	0.017932	0.017932	0.040286	0.040286
280	4	11	0	P95	1	0.021960	0.021960	0.044403	0.044403
280	4	11	0	P99	1	0.021960	0.021960	0.044403	0.044403
280	4	11	0	P999	1	0.021960	0.021960	0.044403	0.044403
280	5	13	0	P1	1	-0.018213	-0.018213	0.003348	0.003348
280	5	13	0	P50	1	0.001672	0.001672	0.023669	0.023669
280	5	13	0	P75	1	0.011765	0.011765	0.033984	0.033984
280	5	13	0	P90	1	0.018551	0.018551	0.040918	0.040918
280	5	13	0	P95	1	0.021960	0.021960	0.044403	0.044403
280	5	13	0	P99	1	0.021960	0.021960	0.044403	0.044403
280	5	13	0	P999	1	0.021960	0.021960	0.044403	0.044403
280	6	16	0	P1	1	-0.018828	-0.018828	0.002719	0.002719
280	6	16	0	P50	1	0.002719	0.000000	0.024739	0.021960
280	6	16	0	P75	1	0.013669	0.010920	0.035929	0.033120
280	6	16	0	P90	1	0.019189	0.019189	0.041571	0.041571
280	6	16	0	P95	1	0.021960	0.021960	0.044403	0.044403
280	6	16	0	P99	1	0.021960	0.021960	0.044403	0.044403
280	6	16	0	P999	1	0.021960	0.021960	0.044403	0.044403
280	7	21	0	P1	1	-0.019462	-0.019462	0.002071	0.002071
280	7	21	0	P50	1	0.001035	0.001035	0.023018	0.023018
280	7	21	0	P75	1	0.011443	0.011443	0.033655	0.033655
280	7	21	0	P90	1	0.017740	0.017740	0.040090	0.040090
280	7	21	0	P95	1	0.019848	0.019848	0.042244	0.042244
280	7	21	0	P99	1	0.021960	0.021960	0.044403	0.044403
280	7	21	0	P999	1	0.021960	0.021960	0.044403	0.044403
281	1	6	0	P1	1	-0.014377	-0.014377	0.007267	0.007267
281	1	6	0	P50	1	0.007267	0.000000	0.029387	0.021960
281	1	6	0	P75	1	0.014587	0.014587	0.036868	0.036868
281	1	6	0	P90	1	0.021960	0.021960	0.044403	0.044403
281	1	6	0	P95	1	0.021960	0.021960	0.044403	0.044403
281	1	6	0	P99	1	0.021960	0.021960	0.044403	0.044403
281	1	6	0	P999	1	0.021960	0.021960	0.044403	0.044403
281	2	9	0	P1	1	-0.016753	-0.016753	0.004839	0.004839
281	2	9	0	P50	1	0.002417	0.002417	0.024430	0.024430
281	2	9	0	P75	1	0.012141	0.012141	0.034368	0.034368
281	2	9	0	P90	1	0.021960	0.021960	0.044403	0.044403
281	2	9	0	P95	1	0.021960	0.021960	0.044403	0.044403
281	2	9	0	P99	1	0.021960	0.021960	0.044403	0.044403
281	2	9	0	P999	1	0.021960	0.021960	0.044403	0.044403
281	3	12	0	P1	1	-0.017939	-0.017939	0.003627	0.003627
281	3	12	0	P50	1	0.003627	0.000000	0.025667	0.021960
281	3	12	0	P75	1	0.014587	0.010920	0.036868	0.033120
281	3	12	0	P90	1	0.018267	0.018267	0.040628	0.040628
281	3	12	0	P95	1	0.021960	0.021960	0.044403	0.044403
281	3	12	0	P99	1	0.021960	0.021960	0.044403	0.044403
281	3	12	0	P999	1	0.021960	0.021960	0.044403	0.044403
281	4	14	0	P1	1	-0.018447	-0.018447	0.003108	0.003108
281	4	14	0	P50	1	0.003108	0.000000	0.025136	0.021960
281	4	14	0	P75	1	0.012490	0.012490	0.034725	0.034725
281	4	14	0	P90	1	0.018794	0.018794	0.041167	0.041167
281	4	14	0	P95	1	0.021960	0.021960	0.044403	0.044403
281	4	14	0	P99	1	0.021960	0.021960	0.044403	0.044403
281	4	14	0	P999	1	0.021960	0.021960	0.044403	0.044403
281	5	16	0	P1	1	-0.018828	-0.018828	0.002719	0.002719
281	5	16	0	P50	1	0.002719	0.000000	0.024739	0.021960
281	5	16	0	P75	1	0.013669	0.010920	0.035929	0.033120
281	5	16	0	P90	1	0.019189	0.019189	0.041571	0.041571
281	5	16	0	P95	1	0.021960	0.021960	0.044403	0.044403
281	5	16	0	P99	1	0.021960	0.021960	0.044403	0.044403
281	5	16	0	P999	1	0.021960	0.021960	0.044403	0.044403
281	6	18	0	P1	1	-0.019124	-0.019124	0.002417	0.002417
281	6	18	0	P50	1	0.002417	0.000000	0.024430	0.021960
281	6	18	0	P75	1	0.012141	0.012141	0.034368	0.034368
281	6	18	0	P90	1	0.019497	0.019497	0.041885	0.041885
281	6	18	0	P95	1	0.021960	0.021960	0.044403	0.044403
281	6	18	0	P99	1	0.021960	0.021960	0.044403	0.044403
281	6	18	0	P999	1	0.021960	0.021960	0.044403	0.044403
281	7	20	0	P1	1	-0.019360	-0.019360	0.002175	0.002175
281	7	20	0	P50	1	0.002175	0.000000	0.024183	0.021960
281	7	20	0	P75	1	0.013119	0.010920	0.035367	0.033120
281	7	20	0	P90	1	0.019743	0.017530	0.042136	0.039875
281	7	20	0	P95	1	0.021960	0.019743	0.044403	0.042136
281	7	20	0	P99	1	0.021960	0.021960	0.044403	0.044403
281	7	20	0	P999	1	0.021960	0.021960	0.044403	0.044403
282	1	4	0	P1	1	-0.010802	-0.010802	0.010920	0.010920
282	1	4	0	P50	1	0.010920	0.000000	0.033120	0.021960
282	1	4	0	P75	1	0.021960	0.010920	0.044403	0.033120
282	1	4	0	P90	1	0.021960	0.021960	0.044403	0.044403
282	1	4	0	P95	1	0.021960	0.021960	0.044403	0.044403
282	1	4	0	P99	1	0.021960	0.021960	0.044403	0.044403
282	1	4	0	P999	1	0.021960	0.021960	0.044403	0.044403
282	2	6	0	P1	1	-0.014377	-0.014377	0.007267	0.007267
282	2	6	0	P50	1	0.007267	0.000000	0.029387	0.021960
282	2	6	0	P75	1	0.014587	0.014587	0.036868	0.036868
282	2	6	0	P90	1	0.021960	0.021960	0.044403	0.044403
282	2	6	0	P95	1	0.021960	0.021960	0.044403	0.044403
282	2	6	0	P99	1	0.021960	0.021960	0.044403	0.044403
282	2	6	0	P999	1	0.021960	0.021960	0.044403	0.044403
282	3	8	0	P1	1	-0.016160	-0.016160	0.005445	0.005445
282	3	8	0	P50	1	0.005445	0.000000	0.027525	0.021960
282	3	8	0	P75	1	0.016425	0.010920	0.038746	0.033120
282	3	8	0	P90	1	0.021960	0.021960	0.044403	0.044403
282	3	8	0	P95	1	0.021960	0.021960	0.044403	0.044403
282	3	8	0	P99	1	0.021960	0.021960	0.044403	0.044403
282	3	8	0	P999	1	0.021960	0.021960	0.044403	0.044403
282	4	10	0	P1	1	-0.017228	-0.017228	0.004354	0.004354
282	4	10	0	P50	1	0.004354	0.000000	0.026410	0.021960
282	4	10	0	P75	1	0.013119	0.013119	0.035367	0.035367
282	4	10	0	P90	1	0.021960	0.017530	0.044403	0.039875
282	4	10	0	P95	1	0.021960	0.021960	0.044403	0.044403
282	4	10	0	P99	1	0.021960	0.021960	0.044403	0.044403
282	4	10	0	P999	1	0.021960	0.021960	0.044403	0.044403
282	5	12	0	P1	1	-0.017939	-0.017939	0.003627	0.003627
282	5	12	0	P50	1	0.003627	0.000000	0.025667	0.021960
282	5	12	0	P75	1	0.014587	0.010920	0.036868	0.033120
282	5	12	0	P90	1	0.018267	0.018267	0.040628	0.040628
282	5	12	0	P95	1	0.021960	0.021960	0.044403	0.044403
282	5	12	0	P99	1	0.021960	0.021960	0.044403	0.044403
282	5	12	0	P999	1	0.021960	0.021960	0.044403	0.044403
282	6	14	0	P1	1	-0.018447	-0.018447	0.003108	0.003108
282	6	14	0	P50	1	0.003108	0.000000	0.025136	0.021960
282	6	14	0	P75	1	0.012490	0.012490	0.034725	0.034725
282	6	14	0	P90	1	0.018794	0.018794	0.041167	0.041167
282	6	14	0	P95	1	0.021960	0.021960	0.044403	0.044403
282	6	14	0	P99	1	0.021960	0.021960	0.044403	0.044403
282	6	14	0	P999	1	0.021960	0.021960	0.044403	0.044403
282	7	16	0	P1	1	-0.018828	-0.018828	0.002719	0.002719
282	7	16	0	P50	1	0.002719	0.000000	0.024739	0.021960
282	7	16	0	P75	1	0.013669	0.010920	0.035929	0.033120
282	7	16	0	P90	1	0.019189	0.019189	0.041571	0.041571
282	7	16	0	P95	1	0.021960	0.021960	0.044403	0.044403
282	7	16	0	P99	1	0.021960	0.021960	0.044403	0.044403
282	7	16	0	P999	1	0.021960	0.021960	0.044403	0.044403
283	1	4	0	P1	1	-0.010802	-0.010802	0.010920	0.010920
283	1	4	0	P50	1	0.010920	0.000000	0.033120	0.021960
283	1	4	0	P75	1	0.021960	0.010920	0.044403	0.033120
283	1	4	0	P90	1	0.021960	0.021960	0.044403	0.044403
283	1	4	0	P95	1	0.021960	0.021960	0.044403	0.044403
283	1	4	0	P99	1	0.021960	0.021960	0.044403	0.044403
283	1	4	0	P999	1	0.021960	0.021960	0.044403	0.044403
283	2	6	0	P1	1	-0.014377	-0.014377	0.007267	0.007267
283	2	6	0	P50	1	0.007267	0.000000	0.029387	0.021960
283	2	6	0	P75	1	0.014587	0.014587	0.036868	0.036868
283	2	6	0	P90	1	0.021960	0.021960	0.044403	0.044403
283	2	6	0	P95	1	0.021960	0.021960	0.044403	0.044403
283	2	6	0	P99	1	0.021960	0.021960	0.044403	0.044403
283	2	6	0	P999	1	0.021960	0.021960	0.044403	0.044403
283	3	8	0	P1	1	-0.016160	-0.016160	0.005445	0.005445
283	3	8	0	P50	1	0.005445	0.000000	0.027525	0.021960
283	3	8	0	P75	1	0.016425	0.010920	0.038746	0.033120
283	3	8	0	P90	1	0.021960	0.021960	0.044403	0.044403
283	3	8	0	P95	1	0.021960	0.021960	0.044403	0.044403
283	3	8	0	P99	1	0.021960	0.021960	0.044403	0.044403
283	3	8	0	P999	1	0.021960	0.021960	0.044403	0.044403
283	4	10	0	P1	1	-0.017228	-0.017228	0.004354	0.004354
283	4	10	0	P50	1	0.004354	0.000000	0.026410	0.021960
283	4	10	0	P75	1	0.013119	0.013119	0.035367	0.035367
283	4	10	0	P90	1	0.021960	0.017530	0.044403	0.039875
283	4	10	0	P95	1	0.021960	0.021960	0.044403	0.044403
283	4	10	0	P99	1	0.021960	0.021960	0.044403	0.044403
283	4	10	0	P999	1	0.021960	0.021960	0.044403	0.044403
283	5	12	0	P1	1	-0.017939	-0.017939	0.003627	0.003627
283	5	12	0	P50	1	0.003627	0.000000	0.025667	0.021960
283	5	12	0	P75	1	0.014587	0.010920	0.036868	0.033120
283	5	12	0	P90	1	0.018267	0.018267	0.040628	0.040628
283	5	12	0	P95	1	0.021960	0.021960	0.044403	0.044403
283	5	12	0	P99	1	0.021960	0.021960	0.044403	0.044403
283	5	12	0	P999	1	0.021960	0.021960	0.044403	0.044403
283	6	15	0	P1	1	-0.018650	-0.018650	0.002901	0.002901
283	6	15	0	P50	1	0.001449	0.001449	0.023441	0.023441
283	6	15	0	P75	1	0.013119	0.013119	0.035367	0.035367
283	6	15	0	P90	1	0.019004	0.019004	0.041382	0.041382
283	6	15	0	P95	1	0.021960	0.021960	0.044403	0.044403
283	6	15	0	P99	1	0.021960	0.021960	0.044403	0.044403
283	6	15	0	P999	1	0.021960	0.021960	0.044403	0.044403
283	7	18	0	P1	1	-0.019124	-0.019124	0.002417	0.002417
283	7	18	0	P50	1	0.002417	0.000000	0.024430	0.021960
283	7	18	0	P75	1	0.012141	0.012141	0.034368	0.034368
283	7	18	0	P90	1	0.019497	0.019497	0.041885	0.041885
283	7	18	0	P95	1	0.021960	0.021960	0.044403	0.044403
283	7	18	0	P99	1	0.021960	0.021960	0.044403	0.044403
283	7	18	0	P999	1	0.021960	0.021960	0.044403	0.044403
284	1	4	0	P1	1	-0.010802	-0.010802	0.010920	0.010920
284	1	4	0	P50	1	0.010920	0.000000	0.033120	0.021960
284	1	4	0	P75	1	0.021960	0.010920	0.044403	0.033120
284	1	4	0	P90	1	0.021960	0.021960	0.044403	0.044403
284	1	4	0	P95	1	0.021960	0.021960	0.044403	0.044403
284	1	4	0	P99	1	0.021960	0.021960	0.044403	0.044403
284	1	4	0	P999	1	0.021960	0.021960	0.044403	0.044403
284	2	6	0	P1	1	-0.014377	-0.014377	0.007267	0.007267
284	2	6	0	P50	1	0.007267	0.000000	0.029387	0.021960
284	2	6	0	P75	1	0.014587	0.014587	0.036868	0.036868
284	2	6	0	P90	1	0.021960	0.021960	0.044403	0.044403
284	2	6	0	P95	1	0.021960	0.021960	0.044403	0.044403
284	2	6	0	P99	1	0.021960	0.021960	0.044403	0.044403
284	2	6	0	P999	1	0.021960	0.021960	0.044403	0.044403
284	3	8	0	P1	1	-0.016160	-0.016160	0.005445	0.005445
284	3	8	0	P50	1	0.005445	0.000000	0.027525	0.021960
284	3	8	0	P75	1	0.016425	0.010920	0.038746	0.033120
284	3	8	0	P90	1	0.021960	0.021960	0.044403	0.044403
284	3	8	0	P95	1	0.021960	0.021960	0.044403	0.044403
284	3	8	0	P99	1	0.021960	0.021960	0.044403	0.044403
284	3	8	0	P999	1	0.021960	0.021960	0.044403	0.044403
284	4	10	0	P1	1	-0.017228	-0.017228	0.004354	0.004354
284	4	10	0	P50	1	0.004354	0.000000	0.026410	0.021960
284	4	10	0	P75	1	0.013119	0.013119	0.035367	0.035367
284	4	10	0	P90	1	0.021960	0.017530	0.044403	0.039875
284	4	10	0	P95	1	0.021960	0.021960	0.044403	0.044403
284	4	10	0	P99	1	0.021960	0.021960	0.044403	0.044403
284	4	10	0	P999	1	0.021960	0.021960	0.044403	0.044403
284	5	12	0	P1	1	-0.017939	-0.017939	0.003627	0.003627
284	5	12	0	P50	1	0.003627	0.000000	0.025667	0.021960
284	5	12	0	P75	1	0.014587	0.010920	0.036868	0.033120
284	5	12	0	P90	1	0.018267	0.018267	0.040628	0.040628
284	5	12	0	P95	1	0.021960	0.021960	0.044403	0.044403
284	5	12	0	P99	1	0.021960	0.021960	0.044403	0.044403
284	5	12	0	P999	1	0.021960	0.021960	0.044403	0.044403
284	6	14	0	P1	1	-0.018447	-0.018447	0.003108	0.003108
284	6	14	0	P50	1	0.003108	0.000000	0.025136	0.021960
284	6	14	0	P75	1	0.012490	0.012490	0.034725	0.034725
284	6	14	0	P90	1	0.018794	0.018794	0.041167	0.041167
284	6	14	0	P95	1	0.021960	0.021960	0.044403	0.044403
284	6	14	0	P99	1	0.021960	0.021960	0.044403	0.044403
284	6	14	0	P999	1	0.021960	0.021960	0.044403	0.044403
284	7	16	0	P1	1	-0.018828	-0.018828	0.002719	0.002719
284	7	16	0	P50	1	0.002719	0.000000	0.024739	0.021960
284	7	16	0	P75	1	0.013669	0.010920	0.035929	0.033120
284	7	16	0	P90	1	0.019189	0.019189	0.041571	0.041571
284	7	16	0	P95	1	0.021960	0.021960	0.044403	0.044403
284	7	16	0	P99	1	0.021960	0.021960	0.044403	0.044403
284	7	16	0	P999	1	0.021960	0.021960	0.044403	0.044403
285	1	7	0	P1	1	-0.015396	-0.015396	0.006226	0.006226
285	1	7	0	P50	1	0.003108	0.003108	0.025136	0.025136
285	1	7	0	P75	1	0.015637	0.015637	0.037941	0.037941
285	1	7	0	P90	1	0.021960	0.021960	0.044403	0.044403
285	1	7	0	P95	1	0.021960	0.021960	0.044403	0.044403
285	1	7	0	P99	1	0.021960	0.021960	0.044403	0.044403
285	1	7	0	P999	1	0.021960	0.021960	0.044403	0.044403
285	2	9	0	P1	1	-0.016753	-0.016753	0.004839	0.004839
285	2	9	0	P50	1	0.002417	0.002417	0.024430	0.024430
285	2	9	0	P75	1	0.012141	0.012141	0.034368	0.034368
285	2	9	0	P90	1	0.021960	0.021960	0.044403	0.044403
285	2	9	0	P95	1	0.021960	0.021960	0.044403	0.044403
285	2	9	0	P99	1	0.021960	0.021960	0.044403	0.044403
285	2	9	0	P999	1	0.021960	0.021960	0.044403	0.044403
285	3	11	0	P1	1	-0.017616	-0.017616	0.003957	0.003957
285	3	11	0	P50	1	0.001977	0.001977	0.023980	0.023980
285	3	11	0	P75	1	0.013919	0.013919	0.036185	0.036185
285	3	11	0	P90	1	0.017932	0.017932	0.040286	0.040286
285	3	11	0	P95	1	0.021960	0.021960	0.044403	0.044403
285	3	11	0	P99	1	0.021960	0.021960	0.044403	0.044403
285	3	11	0	P999	1	0.021960	0.021960	0.044403	0.044403
285	4	19	1	P1	1	-0.007274	-0.007274	0.003957	0.003957
285	4	19	1	P50	1	0.028715	0.028715	0.040286	0.040286
285	4	19	1	P75	9	-0.010450	-0.010450	-0.003247	-0.003247
285	4	19	1	P90	16	0.001710	0.001710	0.007923	0.007923
285	4	19	1	P95	18	0.014604	0.014604	0.020654	0.020654
285	4	19	1	P99	18	0.014604	0.014604	0.020654	0.020654
285	4	19	1	P999	18	0.014604	0.014604	0.020654	0.020654
285	5	148	2	P1	1	-0.010511	-0.010511	0.000690	0.000690
285	5	148	2	P50	1	0.014758	0.014408	0.026197	0.025844
285	5	148	2	P75	1	0.027811	0.027456	0.039373	0.039015
285	5	148	2	P90	4	0.009781	0.009781	-0.024707	-0.024707
285	5	148	2	P95	8	-0.023026	-0.023026	-0.015680	-0.015680
285	5	148	2	P99	16	0.001710	0.001710	0.007923	0.007923
285	5	148	2	P999	18	0.014604	0.014604	0.020654	0.020654
285	6	150	3	P1	1	-0.004581	-0.004581	0.000690	0.000690
285	6	150	3	P50	1	0.021219	0.020866	0.026551	0.026197
285	6	150	3	P75	1	0.034369	0.034369	0.039732	0.039732
285	6	150	3	P90	4	0.047302	0.032202	0.003953	-0.010481
285	6	150	3	P95	9	-0.013052	-0.013052	-0.014014	-0.014014
285	6	150	3	P99	18	0.023783	0.023783	0.020654	0.020654
285	6	150	3	P999	20	0.005297	0.005297	0.001975	0.001975
285	7	152	4	P1	1	-0.004581	-0.004581	0.000690	0.000690
285	7	152	4	P50	1	0.021572	0.021219	0.026905	0.026551
285	7	152	4	P75	1	0.035084	0.034726	0.040449	0.040090
285	7	152	4	P90	5	0.008279	0.008279	0.008928	0.008928
285	7	152	4	P95	9	0.008684	0.008684	0.007638	0.007638
285	7	152	4	P99	18	0.023783	0.023783	0.020654	0.020654
285	7	152	4	P999	20	0.005297	0.005297	0.001975	0.001975
