pair	n_a	n_b	n_union	remap	quantile	oracle	T_int_err	T_ceil_err	G_int_err	G_ceil_err
1	47	14	61	1	P1	1	-0.002110	-0.002110	0.000080	0.000080
1	47	14	61	1	P50	1	0.000275	0.000275	0.002469	0.002469
1	47	14	61	1	P75	1	0.001469	0.001469	0.003665	0.003665
1	47	14	61	1	P90	4	-0.003566	-0.003566	-0.001751	-0.001751
1	47	14	61	1	P95	4	-0.002448	-0.002448	-0.000631	-0.000631
1	47	14	61	1	P99	4	-0.001328	-0.001328	0.000490	0.000490
1	47	14	61	1	P999	4	-0.001328	-0.001328	0.000490	0.000490
2	14	14	28	0	P1	3	0.000607	0.000607	-0.002638	-0.002638
2	14	14	28	0	P50	4	-0.002111	-0.002273	-0.001622	-0.001784
2	14	14	28	0	P75	4	-0.000975	-0.001137	-0.000485	-0.000648
2	14	14	28	0	P90	4	-0.000325	-0.000325	0.000165	0.000165
2	14	14	28	0	P95	4	-0.000163	-0.000163	0.000327	0.000327
2	14	14	28	0	P99	4	-0.000000	-0.000000	0.000490	0.000490
2	14	14	28	0	P999	4	-0.000000	-0.000000	0.000490	0.000490
3	14	5	19	1	P1	1	-0.001540	-0.001540	0.000748	0.000748
3	14	5	19	1	P50	4	-0.004245	-0.004245	-0.002311	-0.002311
3	14	5	19	1	P75	4	-0.002693	-0.002693	-0.000756	-0.000756
3	14	5	19	1	P90	4	-0.001760	-0.001760	0.000178	0.000178
3	14	5	19	1	P95	4	-0.001449	-0.001449	0.000490	0.000490
3	14	5	19	1	P99	4	-0.001449	-0.001449	0.000490	0.000490
3	14	5	19	1	P999	4	-0.001449	-0.001449	0.000490	0.000490
4	4	2	6	0	P1	1	-0.003110	-0.003110	0.000623	0.000623
4	4	2	6	0	P50	1	-0.001245	-0.001867	0.002495	0.001871
4	4	2	6	0	P75	1	-0.000623	-0.000623	0.003120	0.003120
4	4	2	6	0	P90	1	-0.000000	-0.000000	0.003745	0.003745
4	4	2	6	0	P95	1	-0.000000	-0.000000	0.003745	0.003745
4	4	2	6	0	P99	1	-0.000000	-0.000000	0.003745	0.003745
4	4	2	6	0	P999	1	-0.000000	-0.000000	0.003745	0.003745
5	5	19	24	1	P1	1	-0.002735	-0.002735	0.000234	0.000234
5	5	19	24	1	P50	1	0.000065	-0.000169	0.003042	0.002807
5	5	19	24	1	P75	2	-0.003098	-0.003563	-0.000222	-0.000689
5	5	19	24	1	P90	2	-0.001699	-0.001699	0.001180	0.001180
5	5	19	24	1	P95	2	-0.001233	-0.001233	0.001648	0.001648
5	5	19	24	1	P99	2	-0.000766	-0.000766	0.002116	0.002116
5	5	19	24	1	P999	2	-0.000766	-0.000766	0.002116	0.002116
6	21	13	34	1	P1	1	-0.002733	-0.002733	0.000288	0.000288
6	21	13	34	1	P50	15	-0.003745	-0.003978	-0.001064	-0.001297
6	21	13	34	1	P75	15	-0.001881	-0.001881	0.000805	0.000805
6	21	13	34	1	P90	15	-0.000714	-0.000714	0.001975	0.001975
6	21	13	34	1	P95	16	0.002041	0.002041	0.000980	0.000980
6	21	13	34	1	P99	18	0.000147	0.000147	0.002815	0.002815
6	21	13	34	1	P999	18	0.000147	0.000147	0.002815	0.002815
7	7	21	28	1	P1	1	-0.002720	-0.002720	0.000534	0.000534
7	7	21	28	1	P50	8	-0.000895	-0.001310	0.002191	0.001775
7	7	21	28	1	P75	9	-0.000508	-0.000819	-0.001171	-0.001482
7	7	21	28	1	P90	9	0.000739	0.000739	0.000075	0.000075
7	7	21	28	1	P95	9	0.001050	0.001050	0.000386	0.000386
7	7	21	28	1	P99	9	0.001362	0.001362	0.000698	0.000698
7	7	21	28	1	P999	9	0.001362	0.001362	0.000698	0.000698
8	8	18	26	0	P1	1	-0.003588	-0.003588	0.000144	0.000144
8	8	18	26	0	P50	1	-0.001724	-0.001867	0.002015	0.001871
8	8	18	26	0	P75	1	-0.000862	-0.000862	0.002879	0.002879
8	8	18	26	0	P90	1	-0.000287	-0.000287	0.003456	0.003456
8	8	18	26	0	P95	1	-0.000144	-0.000144	0.003601	0.003601
8	8	18	26	0	P99	1	-0.000000	-0.000000	0.003745	0.003745
8	8	18	26	0	P999	1	-0.000000	-0.000000	0.003745	0.003745
9	15	20	35	0	P1	1	-0.003625	-0.003625	0.000107	0.000107
9	15	20	35	0	P50	1	-0.001814	-0.001814	0.001924	0.001924
9	15	20	35	0	P75	1	-0.000854	-0.000854	0.002888	0.002888
9	15	20	35	0	P90	1	-0.000320	-0.000320	0.003423	0.003423
9	15	20	35	0	P95	1	-0.000107	-0.000107	0.003638	0.003638
9	15	20	35	0	P99	1	-0.000000	-0.000000	0.003745	0.003745
9	15	20	35	0	P999	1	-0.000000	-0.000000	0.003745	0.003745
10	17	11	28	0	P1	1	-0.003598	-0.003598	0.000134	0.000134
10	17	11	28	0	P50	1	-0.001734	-0.001867	0.002004	0.001871
10	17	11	28	0	P75	1	-0.000801	-0.000934	0.002941	0.002807
10	17	11	28	0	P90	1	-0.000267	-0.000267	0.003477	0.003477
10	17	11	28	0	P95	1	-0.000133	-0.000133	0.003611	0.003611
10	17	11	28	0	P99	1	-0.000000	-0.000000	0.003745	0.003745
10	17	11	28	0	P999	1	-0.000000	-0.000000	0.003745	0.003745
11	6	12	18	0	P1	1	-0.003524	-0.003524	0.000208	0.000208
11	6	12	18	0	P50	1	-0.001660	-0.001867	0.002079	0.001871
11	6	12	18	0	P75	1	-0.000830	-0.000830	0.002912	0.002912
11	6	12	18	0	P90	1	-0.000208	-0.000208	0.003537	0.003537
11	6	12	18	0	P95	1	-0.000000	-0.000000	0.003745	0.003745
11	6	12	18	0	P99	1	-0.000000	-0.000000	0.003745	0.003745
11	6	12	18	0	P999	1	-0.000000	-0.000000	0.003745	0.003745
12	9	9	18	0	P1	1	-0.003524	-0.003524	0.000208	0.000208
12	9	9	18	0	P50	1	-0.001660	-0.001867	0.002079	0.001871
12	9	9	18	0	P75	1	-0.000830	-0.000830	0.002912	0.002912
12	9	9	18	0	P90	1	-0.000208	-0.000208	0.003537	0.003537
12	9	9	18	0	P95	1	-0.000000	-0.000000	0.003745	0.003745
12	9	9	18	0	P99	1	-0.000000	-0.000000	0.003745	0.003745
12	9	9	18	0	P999	1	-0.000000	-0.000000	0.003745	0.003745
13	8	20	28	1	P1	1	-0.002977	-0.002977	0.000467	0.000467
13	8	20	28	1	P50	12	0.000422	0.000006	0.000008	-0.000407
13	8	20	28	1	P75	13	-0.001689	-0.002156	0.001631	0.001163
13	8	20	28	1	P90	14	0.000366	0.000366	0.003689	0.003689
13	8	20	28	1	P95	15	0.000529	0.000529	0.000104	0.000104
13	8	20	28	1	P99	15	0.002401	0.002401	0.001975	0.001975
13	8	20	28	1	P999	15	0.002401	0.002401	0.001975	0.001975
14	20	8	28	1	P1	1	-0.003214	-0.003214	0.000467	0.000467
14	20	8	28	1	P50	73	-0.001057	-0.001524	-0.001146	-0.001613
14	20	8	28	1	P75	75	-0.001918	-0.011202	0.001729	-0.011291
14	20	8	28	1	P90	81	0.001487	0.001487	0.001396	0.001396
14	20	8	28	1	P95	84	0.002501	0.002501	0.002410	0.002410
14	20	8	28	1	P99	95	0.002796	0.002796	0.002703	0.002703
14	20	8	28	1	P999	95	0.002796	0.002796	0.002703	0.002703
15	7	8	15	0	P1	1	-0.003483	-0.003483	0.000249	0.000249
15	7	8	15	0	P50	1	-0.001743	-0.001743	0.001996	0.001996
15	7	8	15	0	P75	1	-0.000747	-0.000747	0.002995	0.002995
15	7	8	15	0	P90	1	-0.000249	-0.000249	0.003495	0.003495
15	7	8	15	0	P95	1	-0.000000	-0.000000	0.003745	0.003745
15	7	8	15	0	P99	1	-0.000000	-0.000000	0.003745	0.003745
15	7	8	15	0	P999	1	-0.000000	-0.000000	0.003745	0.003745
16	10	3	13	0	P1	1	-0.003444	-0.003444	0.000288	0.000288
16	10	3	13	0	P50	1	-0.001724	-0.001724	0.002015	0.002015
16	10	3	13	0	P75	1	-0.000862	-0.000862	0.002879	0.002879
16	10	3	13	0	P90	1	-0.000287	-0.000287	0.003456	0.003456
16	10	3	13	0	P95	1	-0.000000	-0.000000	0.003745	0.003745
16	10	3	13	0	P99	1	-0.000000	-0.000000	0.003745	0.003745
16	10	3	13	0	P999	1	-0.000000	-0.000000	0.003745	0.003745
17	6	18	24	1	P1	1	-0.002185	-0.002185	0.000623	0.000623
17	6	18	24	1	P50	7	-0.001757	-0.002172	0.000738	0.000323
17	6	18	24	1	P75	8	-0.001946	-0.002361	0.000527	0.000112
17	6	18	24	1	P90	8	-0.000702	-0.000702	0.001775	0.001775
17	6	18	24	1	P95	8	-0.000286	-0.000286	0.002191	0.002191
17	6	18	24	1	P99	8	0.000129	0.000129	0.002607	0.002607
17	6	18	24	1	P999	8	0.000129	0.000129	0.002607	0.002607
18	19	20	39	0	P1	1	-0.001365	-0.001365	0.000748	0.000748
18	19	20	39	0	P50	3	-0.001577	-0.001577	-0.003197	-0.003197
18	19	20	39	0	P75	3	0.000291	0.000291	-0.001332	-0.001332
18	19	20	39	0	P90	3	0.001413	0.001413	-0.000212	-0.000212
18	19	20	39	0	P95	3	0.001788	0.001788	0.000162	0.000162
18	19	20	39	0	P99	3	0.001975	0.001975	0.000349	0.000349
18	19	20	39	0	P999	3	0.001975	0.001975	0.000349	0.000349
19	21	19	40	1	P1	2	-0.002511	-0.002511	-0.001312	-0.001312
19	21	19	40	1	P50	53	-0.000189	-0.000723	0.000493	-0.000041
19	21	19	40	1	P75	55	-0.002778	-0.015742	0.001633	-0.015074
19	21	19	40	1	P90	58	0.002058	-0.016500	0.002726	-0.015840
19	21	19	40	1	P95	64	0.000818	-0.046660	0.001471	-0.046031
19	21	19	40	1	P99	67	-0.000129	-0.000129	0.000516	0.000516
19	21	19	40	1	P999	67	-0.000129	-0.000129	0.000516	0.000516
20	13	2	15	0	P1	1	-0.003483	-0.003483	0.000249	0.000249
20	13	2	15	0	P50	1	-0.001743	-0.001743	0.001996	0.001996
20	13	2	15	0	P75	1	-0.000747	-0.000747	0.002995	0.002995
20	13	2	15	0	P90	1	-0.000249	-0.000249	0.003495	0.003495
20	13	2	15	0	P95	1	-0.000000	-0.000000	0.003745	0.003745
20	13	2	15	0	P99	1	-0.000000	-0.000000	0.003745	0.003745
20	13	2	15	0	P999	1	-0.000000	-0.000000	0.003745	0.003745
21	3	334	337	0	P1	1	-0.003687	-0.003687	0.000045	0.000045
21	3	334	337	0	P50	1	-0.001851	-0.001851	0.001887	0.001887
21	3	334	337	0	P75	1	-0.000915	-0.000915	0.002827	0.002827
21	3	334	337	0	P90	1	-0.000346	-0.000346	0.003398	0.003398
21	3	334	337	0	P95	1	-0.000156	-0.000156	0.003588	0.003588
21	3	334	337	0	P99	1	-0.000011	-0.000011	0.003734	0.003734
21	3	334	337	0	P999	46	0.002774	0.002774	0.002774	0.002774
22	2	2	4	0	P1	4	-0.002800	-0.002800	-0.002311	-0.002311
22	2	2	4	0	P50	4	-0.000934	-0.001867	-0.000445	-0.001378
22	2	2	4	0	P75	4	-0.000000	-0.000934	0.000490	-0.000445
22	2	2	4	0	P90	4	-0.000000	-0.000000	0.000490	0.000490
22	2	2	4	0	P95	4	-0.000000	-0.000000	0.000490	0.000490
22	2	2	4	0	P99	4	-0.000000	-0.000000	0.000490	0.000490
22	2	2	4	0	P999	4	-0.000000	-0.000000	0.000490	0.000490
23	2	2	4	0	P1	4	-0.002800	-0.002800	-0.002311	-0.002311
23	2	2	4	0	P50	4	-0.000934	-0.001867	-0.000445	-0.001378
23	2	2	4	0	P75	4	-0.000000	-0.000934	0.000490	-0.000445
23	2	2	4	0	P90	4	-0.000000	-0.000000	0.000490	0.000490
23	2	2	4	0	P95	4	-0.000000	-0.000000	0.000490	0.000490
23	2	2	4	0	P99	4	-0.000000	-0.000000	0.000490	0.000490
23	2	2	4	0	P999	4	-0.000000	-0.000000	0.000490	0.000490
24	2	3	5	0	P1	3	0.003603	0.003603	0.000349	0.000349
24	2	3	5	0	P50	4	-0.001867	-0.001867	-0.001378	-0.001378
24	2	3	5	0	P75	4	-0.000934	-0.000934	-0.000445	-0.000445
24	2	3	5	0	P90	4	-0.000000	-0.000000	0.000490	0.000490
24	2	3	5	0	P95	4	-0.000000	-0.000000	0.000490	0.000490
24	2	3	5	0	P99	4	-0.000000	-0.000000	0.000490	0.000490
24	2	3	5	0	P999	4	-0.000000	-0.000000	0.000490	0.000490
25	4	34	38	0	P1	3	0.000199	0.000199	-0.003045	-0.003045
25	4	34	38	0	P50	4	-0.002441	-0.002584	-0.001952	-0.002096
25	4	34	38	0	P75	4	-0.001149	-0.001149	-0.000660	-0.000660
25	4	34	38	0	P90	4	-0.000287	-0.000287	0.000202	0.000202
25	4	34	38	0	P95	4	-0.000000	-0.000000	0.000490	0.000490
25	4	34	38	0	P99	5	0.001135	0.001135	0.001625	0.001625
25	4	34	38	0	P999	5	0.001135	0.001135	0.001625	0.001625
26	516	5	521	1	P1	3	-0.001806	-0.001806	-0.003207	-0.003207
26	516	5	521	1	P50	4	-0.004135	-0.004135	-0.001911	-0.001911
26	516	5	521	1	P75	4	-0.002830	-0.002830	-0.000616	-0.000616
26	516	5	521	1	P90	4	-0.002045	-0.002045	0.000161	0.000161
26	516	5	521	1	P95	4	-0.001784	-0.001784	0.000420	0.000420
26	516	5	521	1	P99	5	-0.001212	-0.001212	0.000965	0.000965
26	516	5	521	1	P999	45	0.000815	0.000815	0.002324	0.002324
27	516	303	819	1	P1	3	-0.001787	-0.001787	-0.003188	-0.003188
27	516	303	819	1	P50	4	-0.001918	-0.001918	-0.001778	-0.001778
27	516	303	819	1	P75	4	0.000277	0.000277	-0.000515	-0.000515
27	516	303	819	1	P90	4	0.001566	0.001566	0.000243	0.000243
27	516	303	819	1	P95	5	-0.004189	-0.004189	-0.002018	-0.002018
27	516	303	819	1	P99	5	-0.001206	-0.001206	0.000970	0.000970
27	516	303	819	1	P999	43	0.001409	0.001409	0.002933	0.002933
28	515	514	1029	0	P1	3	0.000055	0.000055	-0.003188	-0.003188
28	515	514	1029	0	P50	4	-0.002219	-0.002219	-0.001731	-0.001731
28	515	514	1029	0	P75	4	-0.000944	-0.000944	-0.000454	-0.000454
28	515	514	1029	0	P90	4	-0.000174	-0.000174	0.000316	0.000316
28	515	514	1029	0	P95	5	-0.001682	-0.001682	-0.001193	-0.001193
28	515	514	1029	0	P99	5	0.000674	0.000674	0.001165	0.001165
28	515	514	1029	0	P999	7	0.001079	0.001079	0.001570	0.001570
29	100	205	305	0	P1	3	0.000191	0.000191	-0.003052	-0.003052
29	100	205	305	0	P50	4	-0.002108	-0.002108	-0.001619	-0.001619
29	100	205	305	0	P75	4	-0.000964	-0.000964	-0.000475	-0.000475
29	100	205	305	0	P90	4	-0.000271	-0.000271	0.000219	0.000219
29	100	205	305	0	P95	4	-0.000045	-0.000045	0.000445	0.000445
29	100	205	305	0	P99	5	0.000200	0.000200	0.000690	0.000690
29	100	205	305	0	P999	5	0.001135	0.001135	0.001625	0.001625
30	2	3	5	0	P1	3	0.003603	0.003603	0.000349	0.000349
30	2	3	5	0	P50	4	-0.001867	-0.001867	-0.001378	-0.001378
30	2	3	5	0	P75	4	-0.000934	-0.000934	-0.000445	-0.000445
30	2	3	5	0	P90	4	-0.000000	-0.000000	0.000490	0.000490
30	2	3	5	0	P95	4	-0.000000	-0.000000	0.000490	0.000490
30	2	3	5	0	P99	4	-0.000000	-0.000000	0.000490	0.000490
30	2	3	5	0	P999	4	-0.000000	-0.000000	0.000490	0.000490
31	2	272	274	1	P1	3	-0.002502	-0.002502	-0.002523	-0.002523
31	2	272	274	1	P50	42	-0.001724	-0.001780	-0.001992	-0.002048
31	2	272	274	1	P75	43	-0.001687	-0.001687	0.001780	0.001780
31	2	272	274	1	P90	45	0.001768	0.001768	0.001492	0.001492
31	2	272	274	1	P95	46	0.002712	0.002712	0.002434	0.002434
31	2	272	274	1	P99	54	-0.000285	-0.000285	0.003165	0.003165
31	2	272	274	1	P999	60	0.002769	0.002769	0.002466	0.002466
32	4	525	529	1	P1	8	-0.002492	-0.002492	-0.000876	-0.000876
32	4	525	529	1	P50	9	-0.001561	-0.001561	0.000024	0.000024
32	4	525	529	1	P75	10	-0.003350	-0.003350	0.001943	0.001943
32	4	525	529	1	P90	11	-0.002806	-0.002806	-0.001276	-0.001276
32	4	525	529	1	P95	11	0.000228	0.000228	0.001762	0.001762
32	4	525	529	1	P99	18	0.000167	0.000167	0.001567	0.001567
32	4	525	529	1	P999	49	0.002012	0.002012	0.003142	0.003142
33	595	2	597	1	P1	7	-0.004783	-0.004783	-0.002050	-0.002050
33	595	2	597	1	P50	8	-0.002091	-0.002091	0.000621	0.000621
33	595	2	597	1	P75	8	-0.000554	-0.000554	0.002162	0.002162
33	595	2	597	1	P90	9	-0.000062	-0.000062	-0.001109	-0.001109
33	595	2	597	1	P95	9	0.001171	0.001171	0.000122	0.000122
33	595	2	597	1	P99	10	-0.000177	-0.000177	0.002495	0.002495
33	595	2	597	1	P999	10	0.001070	0.001070	0.003745	0.003745
34	533	4	537	1	P1	7	-0.001164	-0.001164	-0.000923	-0.000923
34	533	4	537	1	P50	9	-0.002078	-0.002078	-0.001848	-0.001848
34	533	4	537	1	P75	9	0.000375	0.000375	0.000606	0.000606
34	533	4	537	1	P90	10	-0.001515	-0.001515	0.002452	0.002452
34	533	4	537	1	P95	10	-0.000646	-0.000646	0.003325	0.003325
34	533	4	537	1	P99	12	0.000619	0.000619	0.000839	0.000839
34	533	4	537	1	P999	66	0.000449	0.000449	0.000602	0.000602
35	2	4	6	0	P1	1	-0.003110	-0.003110	0.000623	0.000623
35	2	4	6	0	P50	1	-0.001245	-0.001867	0.002495	0.001871
35	2	4	6	0	P75	1	-0.000623	-0.000623	0.003120	0.003120
35	2	4	6	0	P90	1	-0.000000	-0.000000	0.003745	0.003745
35	2	4	6	0	P95	1	-0.000000	-0.000000	0.003745	0.003745
35	2	4	6	0	P99	1	-0.000000	-0.000000	0.003745	0.003745
35	2	4	6	0	P999	1	-0.000000	-0.000000	0.003745	0.003745
36	8	6	14	1	P1	5	-0.001065	-0.001065	-0.000868	-0.000868
36	8	6	14	1	P50	6	-0.002048	-0.002670	0.000802	0.000386
36	8	6	14	1	P75	6	0.001066	0.001066	0.002049	0.002049
36	8	6	14	1	P90	7	-0.000414	-0.000414	-0.000300	-0.000300
36	8	6	14	1	P95	7	0.001456	0.001456	0.001570	0.001570
36	8	6	14	1	P99	7	0.001456	0.001456	0.001570	0.001570
36	8	6	14	1	P999	7	0.001456	0.001456	0.001570	0.001570
37	3	3	6	1	P1	7	-0.000533	-0.000533	-0.000300	-0.000300
37	3	3	6	1	P50	8	-0.002579	-0.003821	0.000735	-0.000200
37	3	3	6	1	P75	8	-0.001335	-0.001335	0.001671	0.001671
37	3	3	6	1	P90	8	0.002406	0.002406	0.002607	0.002607
37	3	3	6	1	P95	8	0.002406	0.002406	0.002607	0.002607
37	3	3	6	1	P99	8	0.002406	0.002406	0.002607	0.002607
37	3	3	6	1	P999	8	0.002406	0.002406	0.002607	0.002607
38	3	2	5	1	P1	5	0.003332	0.003332	0.001625	0.001625
38	3	2	5	1	P50	7	-0.002929	-0.002929	-0.000923	-0.000923
38	3	2	5	1	P75	7	-0.001686	-0.001686	0.000323	0.000323
38	3	2	5	1	P90	7	-0.000441	-0.000441	0.001570	0.001570
38	3	2	5	1	P95	7	-0.000441	-0.000441	0.001570	0.001570
38	3	2	5	1	P99	7	-0.000441	-0.000441	0.001570	0.001570
38	3	2	5	1	P999	7	-0.000441	-0.000441	0.001570	0.001570
39	2	2	4	1	P1	6	0.000441	0.000441	0.002466	0.002466
39	2	2	4	1	P50	7	-0.000441	-0.002308	0.000323	-0.000923
39	2	2	4	1	P75	7	0.003302	-0.000441	0.001570	0.000323
39	2	2	4	1	P90	7	0.003302	0.003302	0.001570	0.001570
39	2	2	4	1	P95	7	0.003302	0.003302	0.001570	0.001570
39	2	2	4	1	P99	7	0.003302	0.003302	0.001570	0.001570
39	2	2	4	1	P999	7	0.003302	0.003302	0.001570	0.001570
40	2	3	5	1	P1	5	-0.001065	-0.001065	-0.000868	-0.000868
40	2	3	5	1	P50	5	0.001428	0.001428	0.001625	0.001625
40	2	3	5	1	P75	6	-0.001426	-0.001426	0.000594	0.000594
40	2	3	5	1	P90	6	0.002314	0.002314	0.002466	0.002466
40	2	3	5	1	P95	6	0.002314	0.002314	0.002466	0.002466
40	2	3	5	1	P99	6	0.002314	0.002314	0.002466	0.002466
40	2	3	5	1	P999	6	0.002314	0.002314	0.002466	0.002466
41	4	2	6	1	P1	7	-0.000533	-0.000533	-0.000300	-0.000300
41	4	2	6	1	P50	8	-0.002579	-0.003821	0.001359	0.000112
41	4	2	6	1	P75	8	-0.001335	-0.001335	0.002607	0.002607
41	4	2	6	1	P90	9	0.000524	0.000524	0.000698	0.000698
41	4	2	6	1	P95	9	0.000524	0.000524	0.000698	0.000698
41	4	2	6	1	P99	9	0.000524	0.000524	0.000698	0.000698
41	4	2	6	1	P999	9	0.000524	0.000524	0.000698	0.000698
42	3	3	6	0	P1	6	0.000895	0.000895	0.002466	0.002466
42	3	3	6	0	P50	7	-0.000934	-0.001867	0.000634	-0.000300
42	3	3	6	0	P75	7	-0.000000	-0.000000	0.001570	0.001570
42	3	3	6	0	P90	8	0.001036	0.001036	0.002607	0.002607
42	3	3	6	0	P95	8	0.001036	0.001036	0.002607	0.002607
42	3	3	6	0	P99	8	0.001036	0.001036	0.002607	0.002607
42	3	3	6	0	P999	8	0.001036	0.001036	0.002607	0.002607
43	1501	518	2019	1	P1	5	0.001296	0.001296	-0.000407	-0.000407
43	1501	518	2019	1	P50	7	-0.002840	-0.002840	-0.000939	-0.000939
43	1501	518	2019	1	P75	7	-0.001093	-0.001093	0.000674	0.000674
43	1501	518	2019	1	P90	8	-0.002723	-0.002723	-0.000726	-0.000726
43	1501	518	2019	1	P95	8	-0.000937	-0.000937	0.001063	0.001063
43	1501	518	2019	1	P99	8	0.000480	0.000480	0.002483	0.002483
43	1501	518	2019	1	P999	45	0.000455	0.000455	0.002324	0.002324
44	3	3	6	0	P1	5	0.002904	0.002904	0.001625	0.001625
44	3	3	6	0	P50	6	-0.000000	-0.001245	0.002466	0.001217
44	3	3	6	0	P75	7	0.000975	0.000975	-0.000300	-0.000300
44	3	3	6	0	P90	7	0.002848	0.002848	0.001570	0.001570
44	3	3	6	0	P95	7	0.002848	0.002848	0.001570	0.001570
44	3	3	6	0	P99	7	0.002848	0.002848	0.001570	0.001570
44	3	3	6	0	P999	7	0.002848	0.002848	0.001570	0.001570
45	3	4	7	1	P1	5	-0.001065	-0.001065	-0.000868	-0.000868
45	3	4	7	1	P50	6	-0.003291	-0.003291	-0.000341	-0.000341
45	3	4	7	1	P75	6	0.000442	0.000442	0.001529	0.001529
45	3	4	7	1	P90	6	0.002314	0.002314	0.002466	0.002466
45	3	4	7	1	P95	6	0.002314	0.002314	0.002466	0.002466
45	3	4	7	1	P99	6	0.002314	0.002314	0.002466	0.002466
45	3	4	7	1	P999	6	0.002314	0.002314	0.002466	0.002466
46	6	5	11	1	P1	5	-0.002462	-0.002462	-0.000868	-0.000868
46	6	5	11	1	P50	6	-0.001002	-0.001002	0.000594	0.000594
46	6	5	11	1	P75	6	0.000867	0.000867	0.002466	0.002466
46	6	5	11	1	P90	7	-0.001894	-0.001894	-0.000300	-0.000300
46	6	5	11	1	P95	7	-0.000027	-0.000027	0.001570	0.001570
46	6	5	11	1	P99	7	-0.000027	-0.000027	0.001570	0.001570
46	6	5	11	1	P999	7	-0.000027	-0.000027	0.001570	0.001570
47	5	5	10	1	P1	5	0.002109	0.002109	-0.000868	-0.000868
47	5	5	10	1	P50	7	0.000908	-0.141351	0.001570	-0.140744
47	5	5	10	1	P75	8	-0.002997	-0.002997	0.001359	0.001359
47	5	5	10	1	P90	9	0.000113	-0.112670	0.000698	-0.108794
47	5	5	10	1	P95	9	0.000113	0.000113	0.000698	0.000698
47	5	5	10	1	P99	9	0.000113	0.000113	0.000698	0.000698
47	5	5	10	1	P999	9	0.000113	0.000113	0.000698	0.000698
48	5	21	26	0	P1	4	0.001767	0.001767	0.000490	0.000490
48	5	21	26	0	P50	6	-0.002489	-0.002696	-0.000029	-0.000237
48	5	21	26	0	P75	6	-0.001245	-0.001245	0.001217	0.001217
48	5	21	26	0	P90	6	-0.000415	-0.000415	0.002049	0.002049
48	5	21	26	0	P95	6	-0.000208	-0.000208	0.002258	0.002258
48	5	21	26	0	P99	6	-0.000000	-0.000000	0.002466	0.002466
48	5	21	26	0	P999	6	-0.000000	-0.000000	0.002466	0.002466
49	140	38	178	1	P1	5	-0.002117	-0.002117	-0.001920	-0.001920
49	140	38	178	1	P50	6	-0.003291	-0.003328	0.000287	0.000257
49	140	38	178	1	P75	6	-0.001683	-0.001683	0.001637	0.001637
49	140	38	178	1	P90	6	0.002314	0.002314	0.002466	0.002466
49	140	38	178	1	P95	7	0.000120	0.000120	-0.000067	-0.000067
49	140	38	178	1	P99	7	0.005208	0.005208	0.001570	0.001570
49	140	38	178	1	P999	8	-0.001214	-0.001214	0.002607	0.002607
50	10	2	12	1	P1	5	0.000336	0.000336	-0.001365	-0.001365
50	10	2	12	1	P50	6	-0.002049	-0.002670	-0.000029	-0.000652
50	10	2	12	1	P75	6	-0.000182	-0.000805	0.001841	0.001217
50	10	2	12	1	P90	6	0.000441	0.000441	0.002466	0.002466
50	10	2	12	1	P95	7	-0.000441	-0.000441	0.001570	0.001570
50	10	2	12	1	P99	7	-0.000441	-0.000441	0.001570	0.001570
50	10	2	12	1	P999	7	-0.000441	-0.000441	0.001570	0.001570
51	2	5	7	0	P1	7	0.000834	0.000834	-0.000300	-0.000300
51	2	5	7	0	P50	8	-0.002240	-0.002240	0.000361	0.000361
51	2	5	7	0	P75	8	-0.000747	-0.000747	0.001858	0.001858
51	2	5	7	0	P90	8	-0.000000	-0.000000	0.002607	0.002607
51	2	5	7	0	P95	8	-0.000000	-0.000000	0.002607	0.002607
51	2	5	7	0	P99	8	-0.000000	-0.000000	0.002607	0.002607
51	2	5	7	0	P999	8	-0.000000	-0.000000	0.002607	0.002607
52	5	6	11	1	P1	6	-0.002360	-0.002360	-0.000341	-0.000341
52	5	6	11	1	P50	7	-0.002681	-0.002681	-0.001101	-0.001101
52	5	6	11	1	P75	7	-0.000441	-0.000441	0.000501	0.000501
52	5	6	11	1	P90	7	0.001429	0.001429	0.001035	0.001035
52	5	6	11	1	P95	7	0.003302	0.003302	0.001570	0.001570
52	5	6	11	1	P99	7	0.003302	0.003302	0.001570	0.001570
52	5	6	11	1	P999	7	0.003302	0.003302	0.001570	0.001570
53	5	5	10	1	P1	8	-0.002884	-0.002884	-0.000511	-0.000511
53	5	5	10	1	P50	8	0.000227	-0.000396	0.002607	0.001983
53	5	5	10	1	P75	9	0.000818	0.000818	-0.000548	-0.000548
53	5	5	10	1	P90	20	-0.000227	-0.549071	0.002116	-0.549686
53	5	5	10	1	P95	20	-0.000227	-0.000227	0.002116	0.002116
53	5	5	10	1	P99	20	-0.000227	-0.000227	0.002116	0.002116
53	5	5	10	1	P999	20	-0.000227	-0.000227	0.002116	0.002116
54	5	82	87	1	P1	6	-0.001203	-0.001203	-0.000935	-0.000935
54	5	82	87	1	P50	7	-0.000380	-0.000380	-0.000147	-0.000147
54	5	82	87	1	P75	7	0.000969	0.000969	0.001202	0.001202
54	5	82	87	1	P90	8	-0.003325	-0.003325	0.000610	0.000610
54	5	82	87	1	P95	8	-0.002330	-0.002330	0.001608	0.001608
54	5	82	87	1	P99	8	-0.001335	-0.001335	0.002607	0.002607
54	5	82	87	1	P999	8	-0.001335	-0.001335	0.002607	0.002607
55	2	8	10	1	P1	5	-0.001359	-0.001359	-0.001365	-0.001365
55	2	8	10	1	P50	6	0.000029	-0.165306	-0.000029	-0.165312
55	2	8	10	1	P75	6	0.002525	0.002525	0.002466	0.002466
55	2	8	10	1	P90	11	-0.001630	-0.181105	0.001879	-0.181247
55	2	8	10	1	P95	11	-0.001630	-0.001630	0.001879	0.001879
55	2	8	10	1	P99	11	-0.001630	-0.001630	0.001879	0.001879
55	2	8	10	1	P999	11	-0.001630	-0.001630	0.001879	0.001879
56	4	2	6	1	P1	5	-0.001376	-0.001376	-0.001179	-0.001179
56	4	2	6	1	P50	5	0.001428	0.000493	0.001625	0.000690
56	4	2	6	1	P75	6	-0.003291	-0.003291	0.000594	0.000594
56	4	2	6	1	P90	6	-0.001426	-0.001426	0.002466	0.002466
56	4	2	6	1	P95	6	-0.001426	-0.001426	0.002466	0.002466
56	4	2	6	1	P99	6	-0.001426	-0.001426	0.002466	0.002466
56	4	2	6	1	P999	6	-0.001426	-0.001426	0.002466	0.002466
57	5	123	128	1	P1	5	-0.000411	-0.000411	0.001625	0.001625
57	5	123	128	1	P50	7	-0.003099	-0.003150	-0.001108	-0.001159
57	5	123	128	1	P75	7	-0.001464	-0.001515	0.000508	0.000457
57	5	123	128	1	P90	7	-0.000492	-0.000492	0.001469	0.001469
57	5	123	128	1	P95	8	-0.001637	-0.001637	0.000361	0.000361
57	5	123	128	1	P99	8	0.000231	0.000231	0.002232	0.002232
57	5	123	128	1	P999	8	0.000605	0.000605	0.002607	0.002607
58	146	8	154	0	P1	5	-0.000736	-0.000736	-0.002009	-0.002009
58	146	8	154	0	P50	6	-0.003486	-0.003535	-0.001029	-0.001078
58	146	8	154	0	P75	6	-0.001622	-0.001622	0.000840	0.000840
58	146	8	154	0	P90	6	-0.000492	-0.000492	0.001973	0.001973
58	146	8	154	0	P95	6	-0.000098	-0.000098	0.002367	0.002367
58	146	8	154	0	P99	7	0.002848	0.002848	0.001570	0.001570
58	146	8	154	0	P999	9	0.001975	0.001975	0.000698	0.000698
59	6	38	44	0	P1	5	-0.000371	-0.000371	-0.001645	-0.001645
59	6	38	44	0	P50	6	-0.002037	-0.002150	0.000424	0.000311
59	6	38	44	0	P75	6	-0.000793	-0.000906	0.001671	0.001558
59	6	38	44	0	P90	6	-0.000113	-0.000113	0.002352	0.002352
59	6	38	44	0	P95	7	0.000352	0.000352	-0.000923	-0.000923
59	6	38	44	0	P99	7	0.002848	0.002848	0.001570	0.001570
59	6	38	44	0	P999	7	0.002848	0.002848	0.001570	0.001570
60	601	662	1263	0	P1	6	-0.002692	-0.002692	-0.001127	-0.001127
60	601	662	1263	0	P50	7	-0.001847	-0.001847	-0.000280	-0.000280
60	601	662	1263	0	P75	7	-0.000261	-0.000261	0.001308	0.001308
60	601	662	1263	0	P90	8	-0.000629	-0.000629	0.000940	0.000940
60	601	662	1263	0	P95	8	0.000324	0.000324	0.001894	0.001894
60	601	662	1263	0	P99	9	0.001266	0.001266	-0.000904	-0.000904
60	601	662	1263	0	P999	23	0.002830	0.002830	0.000657	0.000657
61	776	8	784	0	P1	5	-0.003591	-0.003591	-0.001971	-0.001971
61	776	8	784	0	P50	6	-0.001443	-0.001450	0.000180	0.000173
61	776	8	784	0	P75	6	-0.000059	-0.000066	0.001567	0.001559
61	776	8	784	0	P90	6	0.000768	0.000768	0.002395	0.002395
61	776	8	784	0	P95	7	0.001540	0.001540	-0.000575	-0.000575
61	776	8	784	0	P99	7	0.003303	0.003303	0.001184	0.001184
61	776	8	784	0	P999	7	0.003689	0.003689	0.001570	0.001570
62	61	194	255	1	P1	5	-0.003172	-0.003172	-0.001579	-0.001579
62	61	194	255	1	P50	7	-0.002552	-0.002552	-0.000969	-0.000969
62	61	194	255	1	P75	7	-0.000796	-0.000796	0.000778	0.000778
62	61	194	255	1	P90	8	-0.001708	-0.001708	-0.000115	-0.000115
62	61	194	255	1	P95	8	-0.000237	-0.000237	0.001359	0.001359
62	61	194	255	1	P99	8	0.000896	0.000896	0.002494	0.002494
62	61	194	255	1	P999	9	0.002845	0.002845	0.000698	0.000698
63	777	2	779	1	P1	5	0.000495	0.000495	-0.001207	-0.001207
63	777	2	779	1	P50	6	-0.000705	-0.000705	0.001317	0.001317
63	777	2	779	1	P75	7	0.000165	0.000165	-0.001548	-0.001548
63	777	2	779	1	P90	7	0.002137	0.002137	0.000412	0.000412
63	777	2	779	1	P95	7	0.002796	0.002796	0.001066	0.001066
63	777	2	779	1	P99	8	-0.002383	-0.002383	-0.000387	-0.000387
63	777	2	779	1	P999	61	0.002784	0.002784	0.000886	0.000886
64	84	12	96	1	P1	6	-0.001128	-0.001128	-0.000860	-0.000860
64	84	12	96	1	P50	9	-0.002493	-0.002565	-0.002319	-0.002391
64	84	12	96	1	P75	9	-0.000771	-0.000842	-0.000596	-0.000668
64	84	12	96	1	P90	9	0.000236	0.000236	0.000410	0.000410
64	84	12	96	1	P95	10	-0.003136	-0.003136	0.000748	0.000748
64	84	12	96	1	P99	10	-0.000150	-0.000150	0.003745	0.003745
64	84	12	96	1	P999	10	-0.000150	-0.000150	0.003745	0.003745
65	605	763	1368	0	P1	5	-0.000641	-0.000641	-0.001915	-0.001915
65	605	763	1368	0	P50	6	-0.001615	-0.001620	0.000847	0.000842
65	605	763	1368	0	P75	7	-0.000654	-0.000664	-0.001927	-0.001938
65	605	763	1368	0	P90	7	0.001588	0.001588	0.000312	0.000312
65	605	763	1368	0	P95	7	0.002333	0.002333	0.001055	0.001055
65	605	763	1368	0	P99	8	-0.001460	-0.001460	0.001002	0.001002
65	605	763	1368	0	P999	43	0.000466	0.000466	0.002933	0.002933
66	60	827	887	0	P1	5	-0.000693	-0.000693	-0.001966	-0.001966
66	60	827	887	0	P50	6	-0.002423	-0.002423	0.000036	0.000036
66	60	827	887	0	P75	6	-0.001059	-0.001059	0.001404	0.001404
66	60	827	887	0	P90	6	-0.000240	-0.000240	0.002225	0.002225
66	60	827	887	0	P95	7	-0.000505	-0.000505	-0.001779	-0.001779
66	60	827	887	0	P99	7	0.002301	0.002301	0.001024	0.001024
66	60	827	887	0	P999	8	0.000141	0.000141	0.002607	0.002607
67	6	97	103	0	P1	7	-0.000460	-0.000460	-0.001593	-0.001593
67	6	97	103	0	P50	8	-0.001739	-0.001739	0.000863	0.000863
67	6	97	103	0	P75	8	-0.000410	-0.000410	0.002197	0.002197
67	6	97	103	0	P90	9	-0.000367	-0.000367	-0.001500	-0.001500
67	6	97	103	0	P95	9	0.000733	0.000733	-0.000402	-0.000402
67	6	97	103	0	P99	9	0.001613	0.001613	0.000478	0.000478
67	6	97	103	0	P999	9	0.001833	0.001833	0.000698	0.000698
68	493	2	495	0	P1	5	-0.000505	-0.000505	-0.001779	-0.001779
68	493	2	495	0	P50	6	-0.001822	-0.001822	0.000639	0.000639
68	493	2	495	0	P75	6	-0.000588	-0.000588	0.001876	0.001876
68	493	2	495	0	P90	7	0.000025	0.000025	-0.001250	-0.001250
68	493	2	495	0	P95	7	0.001558	0.001558	0.000282	0.000282
68	493	2	495	0	P99	7	0.002786	0.002786	0.001508	0.001508
68	493	2	495	0	P999	52	0.001059	0.001059	0.003527	0.003527
69	2	96	98	1	P1	5	-0.002360	-0.002360	-0.001179	-0.001179
69	2	96	98	1	P50	6	0.000012	-0.000042	0.001182	0.001128
69	2	96	98	1	P75	6	0.001294	0.001294	0.002466	0.002466
69	2	96	98	1	P90	7	0.002964	0.002964	0.000379	0.000379
69	2	96	98	1	P95	7	0.003817	0.003817	0.001229	0.001229
69	2	96	98	1	P99	10	0.002611	0.002611	0.003745	0.003745
69	2	96	98	1	P999	10	0.002611	0.002611	0.003745	0.003745
70	3	7	10	0	P1	6	-0.003317	-0.003317	-0.000860	-0.000860
70	3	7	10	0	P50	6	-0.001245	-0.001660	0.001217	0.000802
70	3	7	10	0	P75	6	-0.000415	-0.000415	0.002049	0.002049
70	3	7	10	0	P90	7	0.002848	-0.142857	0.001570	-0.140744
70	3	7	10	0	P95	7	0.002848	0.002848	0.001570	0.001570
70	3	7	10	0	P99	7	0.002848	0.002848	0.001570	0.001570
70	3	7	10	0	P999	7	0.002848	0.002848	0.001570	0.001570
71	3	3	6	1	P1	6	-0.002049	-0.002049	-0.000029	-0.000029
71	3	3	6	1	P50	7	-0.002308	-0.142479	-0.000923	-0.140744
71	3	3	6	1	P75	7	-0.000441	-0.000441	0.000323	0.000323
71	3	3	6	1	P90	7	0.003302	0.003302	0.001570	0.001570
71	3	3	6	1	P95	7	0.003302	0.003302	0.001570	0.001570
71	3	3	6	1	P99	7	0.003302	0.003302	0.001570	0.001570
71	3	3	6	1	P999	7	0.003302	0.003302	0.001570	0.001570
72	3	3	6	0	P1	7	0.002706	0.002706	0.001570	0.001570
72	3	3	6	0	P50	8	-0.001494	-0.002240	0.001109	0.000361
72	3	3	6	0	P75	8	-0.000747	-0.000747	0.001858	0.001858
72	3	3	6	0	P90	8	-0.000000	-0.000000	0.002607	0.002607
72	3	3	6	0	P95	8	-0.000000	-0.000000	0.002607	0.002607
72	3	3	6	0	P99	8	-0.000000	-0.000000	0.002607	0.002607
72	3	3	6	0	P999	8	-0.000000	-0.000000	0.002607	0.002607
73	777	5	782	1	P1	10	-0.000982	-0.000982	0.000216	0.000216
73	777	5	782	1	P50	11	-0.000325	-0.000334	0.000867	0.000859
73	777	5	782	1	P75	12	-0.002819	-0.002819	-0.001634	-0.001634
73	777	5	782	1	P90	12	-0.000740	-0.000740	0.000447	0.000447
73	777	5	782	1	P95	13	-0.000445	-0.000445	0.000738	0.000738
73	777	5	782	1	P99	14	0.000466	0.000466	0.001645	0.001645
73	777	5	782	1	P999	16	-0.000190	-0.000190	0.000980	0.000980
74	5	601	606	1	P1	6	0.001346	0.001346	-0.001002	-0.001002
74	5	601	606	1	P50	7	0.002139	0.002130	-0.000245	-0.000254
74	5	601	606	1	P75	7	0.003541	0.003541	0.001153	0.001153
74	5	601	606	1	P90	8	-0.000592	-0.000592	0.000735	0.000735
74	5	601	606	1	P95	8	0.000627	0.000627	0.001956	0.001956
74	5	601	606	1	P99	10	-0.001277	-0.001277	0.002495	0.002495
74	5	601	606	1	P999	14	0.002484	0.002484	0.003689	0.003689
75	357	94	451	0	P1	7	-0.000951	-0.000951	-0.002084	-0.002084
75	357	94	451	0	P50	8	-0.003046	-0.003046	-0.000446	-0.000446
75	357	94	451	0	P75	8	-0.001360	-0.001360	0.001244	0.001244
75	357	94	451	0	P90	8	-0.000359	-0.000359	0.002247	0.002247
75	357	94	451	0	P95	8	-0.000015	-0.000015	0.002592	0.002592
75	357	94	451	0	P99	9	0.001120	0.001120	-0.000014	-0.000014
75	357	94	451	0	P999	9	0.001833	0.001833	0.000698	0.000698
76	84	84	168	1	P1	7	0.000960	0.000960	-0.001421	-0.001421
76	84	84	168	1	P50	9	-0.004076	-0.004140	-0.002820	-0.002874
76	84	84	168	1	P75	9	-0.001376	-0.001440	-0.000548	-0.000602
76	84	84	168	1	P90	10	-0.004539	-0.004539	0.000467	0.000467
76	84	84	168	1	P95	10	-0.002676	-0.002676	0.002339	0.002339
76	84	84	168	1	P99	11	0.000621	0.000621	0.001879	0.001879
76	84	84	168	1	P999	12	0.003346	0.003346	0.000839	0.000839
77	601	637	1238	1	P1	6	-0.001737	-0.001737	-0.000910	-0.000910
77	601	637	1238	1	P50	8	-0.001418	-0.001425	-0.000628	-0.000636
77	601	637	1238	1	P75	8	0.000847	0.000847	0.001638	0.001638
77	601	637	1238	1	P90	9	-0.002543	-0.002543	-0.001815	-0.001815
77	601	637	1238	1	P95	9	-0.001087	-0.001087	-0.000412	-0.000412
77	601	637	1238	1	P99	9	0.003668	0.003668	0.000698	0.000698
77	601	637	1238	1	P999	48	0.004524	0.004524	0.001329	0.001329
78	694	5	699	0	P1	9	-0.003589	-0.003589	-0.002893	-0.002893
78	694	5	699	0	P50	10	0.000957	0.000957	0.001655	0.001655
78	694	5	699	0	P75	10	0.002466	0.002466	0.003166	0.003166
78	694	5	699	0	P90	11	-0.000613	-0.000613	0.000085	0.000085
78	694	5	699	0	P95	11	0.001180	0.001180	0.001879	0.001879
78	694	5	699	0	P99	12	-0.000108	-0.000108	0.000590	0.000590
78	694	5	699	0	P999	13	0.002336	0.002336	0.003036	0.003036
79	5	601	606	1	P1	9	-0.002510	-0.002510	-0.002942	-0.002942
79	5	601	606	1	P50	10	-0.002061	-0.002073	0.001235	0.001223
79	5	601	606	1	P75	10	-0.000271	-0.000271	0.003031	0.003031
79	5	601	606	1	P90	11	0.000266	0.000266	-0.000182	-0.000182
79	5	601	606	1	P95	11	0.001893	0.001893	0.001445	0.001445
79	5	601	606	1	P99	12	0.000703	0.000703	0.000248	0.000248
79	5	601	606	1	P999	20	0.002611	0.002611	0.002116	0.002116
80	6	94	100	1	P1	5	-0.003609	-0.003875	-0.001645	-0.001879
80	6	94	100	1	P50	6	-0.001252	-0.001310	0.000769	0.000711
80	6	94	100	1	P75	6	0.000208	0.000149	0.002232	0.002173
80	6	94	100	1	P90	7	-0.001893	-0.002100	0.000115	-0.000093
80	6	94	100	1	P95	7	-0.000856	-0.001064	0.001154	0.000946
80	6	94	100	1	P99	9	0.002448	-0.110574	0.000698	-0.108794
80	6	94	100	1	P999	9	0.002448	0.002448	0.000698	0.000698
81	93	62	155	0	P1	8	-0.001297	-0.001297	-0.000600	-0.000600
81	93	62	155	0	P50	9	-0.001437	-0.001437	-0.000740	-0.000740
81	93	62	155	0	P75	9	-0.000036	-0.000036	0.000662	0.000662
81	93	62	155	0	P90	10	0.001653	0.001653	0.002352	0.002352
81	93	62	155	0	P95	10	0.002510	0.002510	0.003209	0.003209
81	93	62	155	0	P99	11	0.001180	0.001180	0.001879	0.001879
81	93	62	155	0	P999	16	0.000282	0.000282	0.000980	0.000980
82	777	5	782	1	P1	6	-0.002417	-0.002417	-0.001265	-0.001265
82	777	5	782	1	P50	6	0.001161	0.001151	0.002316	0.002307
82	777	5	782	1	P75	7	-0.001437	-0.001437	-0.000295	-0.000295
82	777	5	782	1	P90	7	-0.000213	-0.000213	0.000930	0.000930
82	777	5	782	1	P95	7	0.000196	0.000196	0.001339	0.001339
82	777	5	782	1	P99	8	0.000849	0.000849	0.001983	0.001983
82	777	5	782	1	P999	9	-0.000426	-0.000426	0.000698	0.000698
83	2	2	4	1	P1	6	0.002197	0.002197	0.002466	0.002466
83	2	2	4	1	P50	8	-0.003200	-0.123830	0.000735	-0.123627
83	2	2	4	1	P75	8	-0.001335	-0.003200	0.002607	0.000735
83	2	2	4	1	P90	8	-0.001335	-0.001335	0.002607	0.002607
83	2	2	4	1	P95	8	-0.001335	-0.001335	0.002607	0.002607
83	2	2	4	1	P99	8	-0.001335	-0.001335	0.002607	0.002607
83	2	2	4	1	P999	8	-0.001335	-0.001335	0.002607	0.002607
84	5	7	12	1	P1	6	0.000325	0.000325	0.000594	0.000594
84	5	7	12	1	P50	7	0.001337	0.000589	0.001570	0.000821
84	5	7	12	1	P75	8	-0.002828	-0.003573	0.001109	0.000361
84	5	7	12	1	P90	8	-0.002082	-0.002082	0.001858	0.001858
84	5	7	12	1	P95	8	-0.001335	-0.001335	0.002607	0.002607
84	5	7	12	1	P99	8	-0.001335	-0.001335	0.002607	0.002607
84	5	7	12	1	P999	8	-0.001335	-0.001335	0.002607	0.002607
85	7	11	18	1	P1	5	0.001234	0.001234	-0.000868	-0.000868
85	7	11	18	1	P50	6	0.000853	0.000319	0.002466	0.001931
85	7	11	18	1	P75	8	-0.000210	-0.000210	0.001359	0.001359
85	7	11	18	1	P90	9	-0.002097	-0.002097	-0.000548	-0.000548
85	7	11	18	1	P95	9	-0.000852	-0.000852	0.000698	0.000698
85	7	11	18	1	P99	9	-0.000852	-0.000852	0.000698	0.000698
85	7	11	18	1	P999	9	-0.000852	-0.000852	0.000698	0.000698
86	2	4	6	0	P1	1	-0.003110	-0.003110	0.000623	0.000623
86	2	4	6	0	P50	1	-0.001245	-0.001867	0.002495	0.001871
86	2	4	6	0	P75	1	-0.000623	-0.000623	0.003120	0.003120
86	2	4	6	0	P90	1	-0.000000	-0.000000	0.003745	0.003745
86	2	4	6	0	P95	1	-0.000000	-0.000000	0.003745	0.003745
86	2	4	6	0	P99	1	-0.000000	-0.000000	0.003745	0.003745
86	2	4	6	0	P999	1	-0.000000	-0.000000	0.003745	0.003745
87	2	3	5	1	P1	1	-0.000941	-0.000941	0.001871	0.001871
87	2	3	5	1	P50	6	-0.000059	-0.000059	0.002466	0.002466
87	2	3	5	1	P75	7	-0.002793	-0.002793	-0.000300	-0.000300
87	2	3	5	1	P90	7	-0.000928	-0.000928	0.001570	0.001570
87	2	3	5	1	P95	7	-0.000928	-0.000928	0.001570	0.001570
87	2	3	5	1	P99	7	-0.000928	-0.000928	0.001570	0.001570
87	2	3	5	1	P999	7	-0.000928	-0.000928	0.001570	0.001570
88	2	2	4	0	P1	3	-0.002489	-0.002489	-0.002141	-0.002141
88	2	2	4	0	P50	3	-0.000000	-0.001245	0.000349	-0.000897
88	2	2	4	0	P75	4	0.000141	-0.250000	0.000490	-0.249738
88	2	2	4	0	P90	4	0.000141	0.000141	0.000490	0.000490
88	2	2	4	0	P95	4	0.000141	0.000141	0.000490	0.000490
88	2	2	4	0	P99	4	0.000141	0.000141	0.000490	0.000490
88	2	2	4	0	P999	4	0.000141	0.000141	0.000490	0.000490
89	8	23	31	1	P1	3	-0.001643	-0.001643	-0.003045	-0.003045
89	8	23	31	1	P50	4	-0.001520	-0.001520	-0.002311	-0.002311
89	8	23	31	1	P75	4	0.000348	0.000348	-0.000818	-0.000818
89	8	23	31	1	P90	4	0.001284	0.001284	-0.000071	-0.000071
89	8	23	31	1	P95	4	0.001752	0.001752	0.000303	0.000303
89	8	23	31	1	P99	4	0.001986	0.001986	0.000490	0.000490
89	8	23	31	1	P999	4	0.001986	0.001986	0.000490	0.000490
90	2	2	4	0	P1	4	-0.002800	-0.002800	-0.002311	-0.002311
90	2	2	4	0	P50	4	-0.000934	-0.001867	-0.000445	-0.001378
90	2	2	4	0	P75	4	-0.000000	-0.000934	0.000490	-0.000445
90	2	2	4	0	P90	4	-0.000000	-0.000000	0.000490	0.000490
90	2	2	4	0	P95	4	-0.000000	-0.000000	0.000490	0.000490
90	2	2	4	0	P99	4	-0.000000	-0.000000	0.000490	0.000490
90	2	2	4	0	P999	4	-0.000000	-0.000000	0.000490	0.000490
91	2	2	4	0	P1	4	-0.002800	-0.002800	-0.002311	-0.002311
91	2	2	4	0	P50	4	-0.000934	-0.001867	-0.000445	-0.001378
91	2	2	4	0	P75	4	-0.000000	-0.000934	0.000490	-0.000445
91	2	2	4	0	P90	4	-0.000000	-0.000000	0.000490	0.000490
91	2	2	4	0	P95	4	-0.000000	-0.000000	0.000490	0.000490
91	2	2	4	0	P99	4	-0.000000	-0.000000	0.000490	0.000490
91	2	2	4	0	P999	4	-0.000000	-0.000000	0.000490	0.000490
92	25	16	41	0	P1	3	0.000326	0.000326	-0.002918	-0.002918
92	25	16	41	0	P50	4	-0.002263	-0.002263	-0.001774	-0.001774
92	25	16	41	0	P75	4	-0.001132	-0.001132	-0.000643	-0.000643
92	25	16	41	0	P90	4	-0.000453	-0.000453	0.000037	0.000037
92	25	16	41	0	P95	4	-0.000227	-0.000227	0.000263	0.000263
92	25	16	41	0	P99	4	-0.000000	-0.000000	0.000490	0.000490
92	25	16	41	0	P999	4	-0.000000	-0.000000	0.000490	0.000490
93	16	5	21	0	P1	3	0.000326	0.000326	-0.002918	-0.002918
93	16	5	21	0	P50	4	-0.002871	-0.002871	-0.002383	-0.002383
93	16	5	21	0	P75	4	-0.001437	-0.001437	-0.000947	-0.000947
93	16	5	21	0	P90	4	-0.000575	-0.000575	-0.000085	-0.000085
93	16	5	21	0	P95	4	-0.000287	-0.000287	0.000202	0.000202
93	16	5	21	0	P99	4	-0.000000	-0.000000	0.000490	0.000490
93	16	5	21	0	P999	4	-0.000000	-0.000000	0.000490	0.000490
94	5	5	10	0	P1	3	-0.003199	-0.003199	-0.002851	-0.002851
94	5	5	10	0	P50	3	-0.000534	-0.001067	-0.000185	-0.000719
94	5	5	10	0	P75	4	-0.002348	-0.002348	-0.002000	-0.002000
94	5	5	10	0	P90	4	0.000141	-0.001104	0.000490	-0.000756
94	5	5	10	0	P95	4	0.000141	0.000141	0.000490	0.000490
94	5	5	10	0	P99	4	0.000141	0.000141	0.000490	0.000490
94	5	5	10	0	P999	4	0.000141	0.000141	0.000490	0.000490
95	5	5	10	1	P1	3	-0.001360	-0.001360	-0.002762	-0.002762
95	5	5	10	1	P50	3	0.001757	0.001133	0.000349	-0.000274
95	5	5	10	1	P75	4	-0.001754	-0.001754	-0.001378	-0.001378
95	5	5	10	1	P90	4	0.001986	0.000114	0.000490	-0.000445
95	5	5	10	1	P95	4	0.001986	0.001986	0.000490	0.000490
95	5	5	10	1	P99	4	0.001986	0.001986	0.000490	0.000490
95	5	5	10	1	P999	4	0.001986	0.001986	0.000490	0.000490
96	5	2	7	0	P1	3	0.001106	0.001106	-0.002141	-0.002141
96	5	2	7	0	P50	4	-0.002800	-0.002800	-0.002311	-0.002311
96	5	2	7	0	P75	4	-0.000934	-0.000934	-0.000445	-0.000445
96	5	2	7	0	P90	4	-0.000000	-0.000000	0.000490	0.000490
96	5	2	7	0	P95	4	-0.000000	-0.000000	0.000490	0.000490
96	5	2	7	0	P99	4	-0.000000	-0.000000	0.000490	0.000490
96	5	2	7	0	P999	4	-0.000000	-0.000000	0.000490	0.000490
97	5	22	27	1	P1	3	-0.001695	-0.001695	-0.003097	-0.003097
97	5	22	27	1	P50	4	-0.005169	-0.005169	-0.002977	-0.002977
97	5	22	27	1	P75	4	-0.002997	-0.002997	-0.001112	-0.001112
97	5	22	27	1	P90	4	-0.001754	-0.001754	-0.000044	-0.000044
97	5	22	27	1	P95	4	0.000114	0.000114	0.000223	0.000223
97	5	22	27	1	P99	4	0.001986	0.001986	0.000490	0.000490
97	5	22	27	1	P999	4	0.001986	0.001986	0.000490	0.000490
98	16	12	28	0	P1	3	-0.003444	-0.003444	-0.003097	-0.003097
98	16	12	28	0	P50	4	-0.003094	-0.003342	-0.002746	-0.002994
98	16	12	28	0	P75	4	-0.001353	-0.001602	-0.001005	-0.001254
98	16	12	28	0	P90	4	-0.000357	-0.000357	-0.000009	-0.000009
98	16	12	28	0	P95	4	-0.000108	-0.000108	0.000241	0.000241
98	16	12	28	0	P99	4	0.000141	0.000141	0.000490	0.000490
98	16	12	28	0	P999	4	0.000141	0.000141	0.000490	0.000490
99	16	13	29	1	P1	3	-0.001609	-0.001609	-0.003011	-0.003011
99	16	13	29	1	P50	4	-0.003411	-0.003411	-0.002207	-0.002207
99	16	13	29	1	P75	4	-0.000509	-0.000509	-0.000756	-0.000756
99	16	13	29	1	P90	4	0.001570	0.001570	0.000282	0.000282
99	16	13	29	1	P95	4	0.001986	0.001986	0.000490	0.000490
99	16	13	29	1	P99	5	-0.000552	-0.000552	0.001625	0.001625
99	16	13	29	1	P999	5	-0.000552	-0.000552	0.001625	0.001625
100	35	21	56	0	P1	3	-0.003576	-0.003576	-0.003228	-0.003228
100	35	21	56	0	P50	4	-0.002990	-0.003110	-0.002642	-0.002762
100	35	21	56	0	P75	4	-0.001305	-0.001425	-0.000957	-0.001077
100	35	21	56	0	P90	4	-0.000341	-0.000341	0.000008	0.000008
100	35	21	56	0	P95	4	0.000020	0.000020	0.000369	0.000369
100	35	21	56	0	P99	6	0.002116	0.002116	0.002466	0.002466
100	35	21	56	0	P999	6	0.002116	0.002116	0.002466	0.002466
101	17	21	38	0	P1	3	0.000170	0.000170	-0.003073	-0.003073
101	17	21	38	0	P50	4	-0.002539	-0.002688	-0.002050	-0.002199
101	17	21	38	0	P75	4	-0.001195	-0.001195	-0.000706	-0.000706
101	17	21	38	0	P90	4	-0.000299	-0.000299	0.000191	0.000191
101	17	21	38	0	P95	4	-0.000000	-0.000000	0.000490	0.000490
101	17	21	38	0	P99	42	0.003548	0.003548	0.000293	0.000293
101	17	21	38	0	P999	42	0.003548	0.003548	0.000293	0.000293
102	16	16	32	1	P1	3	-0.001671	-0.001671	-0.003073	-0.003073
102	16	16	32	1	P50	4	-0.003787	-0.004126	-0.002311	-0.002497
102	16	16	32	1	P75	4	-0.000924	-0.001339	-0.000818	-0.001005
102	16	16	32	1	P90	4	0.000738	0.000738	-0.000071	-0.000071
102	16	16	32	1	P95	4	0.001570	0.001570	0.000303	0.000303
102	16	16	32	1	P99	4	0.001986	0.001986	0.000490	0.000490
102	16	16	32	1	P999	4	0.001986	0.001986	0.000490	0.000490
103	12	16	28	0	P1	3	0.000126	0.000126	-0.003117	-0.003117
103	12	16	28	0	P50	4	-0.003465	-0.247297	-0.002977	-0.249738
103	12	16	28	0	P75	4	-0.001601	-0.001867	-0.001112	-0.001378
103	12	16	28	0	P90	4	-0.000534	-0.000534	-0.000044	-0.000044
103	12	16	28	0	P95	4	-0.000267	-0.000267	0.000223	0.000223
103	12	16	28	0	P99	4	-0.000000	-0.000000	0.000490	0.000490
103	12	16	28	0	P999	4	-0.000000	-0.000000	0.000490	0.000490
104	13	29	42	1	P1	3	-0.002843	-0.002843	-0.003176	-0.003176
104	13	29	42	1	P50	4	-0.002165	-0.002343	-0.002533	-0.002710
104	13	29	42	1	P75	4	-0.000387	-0.000387	-0.000756	-0.000756
104	13	29	42	1	P90	4	0.000681	0.000681	0.000312	0.000312
104	13	29	42	1	P95	5	0.000150	0.000150	-0.000245	-0.000245
104	13	29	42	1	P99	8	-0.000683	-0.000683	0.002607	0.002607
104	13	29	42	1	P999	8	-0.000683	-0.000683	0.002607	0.002607
105	16	16	32	1	P1	3	-0.001643	-0.001643	-0.003045	-0.003045
105	16	16	32	1	P50	4	-0.003761	-0.004048	-0.002178	-0.002355
105	16	16	32	1	P75	4	-0.001287	-0.001754	-0.000756	-0.000934
105	16	16	32	1	P90	4	0.000582	0.000582	-0.000044	-0.000044
105	16	16	32	1	P95	4	0.001518	0.001518	0.000312	0.000312
105	16	16	32	1	P99	4	0.001986	0.001986	0.000490	0.000490
105	16	16	32	1	P999	4	0.001986	0.001986	0.000490	0.000490
106	5	20	25	1	P1	3	-0.001449	-0.001449	-0.002851	-0.002851
106	5	20	25	1	P50	4	-0.003884	-0.003884	-0.002000	-0.002000
106	5	20	25	1	P75	4	-0.002287	-0.002287	-0.000756	-0.000756
106	5	20	25	1	P90	4	0.000114	0.000114	0.000075	0.000075
106	5	20	25	1	P95	4	0.001050	0.001050	0.000282	0.000282
106	5	20	25	1	P99	4	0.001986	0.001986	0.000490	0.000490
106	5	20	25	1	P999	4	0.001986	0.001986	0.000490	0.000490
107	29	10	39	0	P1	3	0.000393	0.000393	-0.002851	-0.002851
107	29	10	39	0	P50	4	-0.002168	-0.002168	-0.001679	-0.001679
107	29	10	39	0	P75	4	-0.000964	-0.000964	-0.000475	-0.000475
107	29	10	39	0	P90	4	-0.000241	-0.000241	0.000249	0.000249
107	29	10	39	0	P95	4	-0.000000	-0.000000	0.000490	0.000490
107	29	10	39	0	P99	5	0.001135	0.001135	0.001625	0.001625
107	29	10	39	0	P999	5	0.001135	0.001135	0.001625	0.001625
108	2	2	4	0	P1	3	-0.002489	-0.002489	-0.002141	-0.002141
108	2	2	4	0	P50	3	-0.000000	-0.001245	0.000349	-0.000897
108	2	2	4	0	P75	4	0.000141	-0.250000	0.000490	-0.249738
108	2	2	4	0	P90	4	0.000141	0.000141	0.000490	0.000490
108	2	2	4	0	P95	4	0.000141	0.000141	0.000490	0.000490
108	2	2	4	0	P99	4	0.000141	0.000141	0.000490	0.000490
108	2	2	4	0	P999	4	0.000141	0.000141	0.000490	0.000490
109	5	2	7	0	P1	3	-0.003110	-0.003110	-0.002762	-0.002762
109	5	2	7	0	P50	3	-0.001245	-0.001245	-0.000897	-0.000897
109	5	2	7	0	P75	3	-0.000000	-0.000000	0.000349	0.000349
109	5	2	7	0	P90	4	0.000141	0.000141	0.000490	0.000490
109	5	2	7	0	P95	4	0.000141	0.000141	0.000490	0.000490
109	5	2	7	0	P99	4	0.000141	0.000141	0.000490	0.000490
109	5	2	7	0	P999	4	0.000141	0.000141	0.000490	0.000490
110	5	2	7	0	P1	3	-0.002986	-0.002986	-0.002638	-0.002638
110	5	2	7	0	P50	3	-0.000747	-0.000747	-0.000399	-0.000399
110	5	2	7	0	P75	4	-0.001726	-0.001726	-0.001378	-0.001378
110	5	2	7	0	P90	4	0.000141	0.000141	0.000490	0.000490
110	5	2	7	0	P95	4	0.000141	0.000141	0.000490	0.000490
110	5	2	7	0	P99	4	0.000141	0.000141	0.000490	0.000490
110	5	2	7	0	P999	4	0.000141	0.000141	0.000490	0.000490
111	2	5	7	0	P1	3	-0.002986	-0.002986	-0.002638	-0.002638
111	2	5	7	0	P50	3	-0.000747	-0.000747	-0.000399	-0.000399
111	2	5	7	0	P75	4	-0.001726	-0.001726	-0.001378	-0.001378
111	2	5	7	0	P90	4	0.000141	0.000141	0.000490	0.000490
111	2	5	7	0	P95	4	0.000141	0.000141	0.000490	0.000490
111	2	5	7	0	P99	4	0.000141	0.000141	0.000490	0.000490
111	2	5	7	0	P999	4	0.000141	0.000141	0.000490	0.000490
112	4	4	8	0	P1	3	-0.002986	-0.002986	-0.002638	-0.002638
112	4	4	8	0	P50	3	-0.000000	-0.000747	0.000349	-0.000399
112	4	4	8	0	P75	4	-0.001104	-0.002348	-0.000756	-0.002000
112	4	4	8	0	P90	4	0.000141	0.000141	0.000490	0.000490
112	4	4	8	0	P95	4	0.000141	0.000141	0.000490	0.000490
112	4	4	8	0	P99	4	0.000141	0.000141	0.000490	0.000490
112	4	4	8	0	P999	4	0.000141	0.000141	0.000490	0.000490
113	1736	6	1742	1	P1	252	-0.000298	-0.000298	0.001261	0.001261
113	1736	6	1742	1	P50	264	-0.000875	-0.000904	0.000680	0.000650
113	1736	6	1742	1	P75	269	-0.000811	-0.000811	0.000385	0.000385
113	1736	6	1742	1	P90	277	-0.002881	-0.002881	-0.001334	-0.001334
113	1736	6	1742	1	P95	283	-0.000632	-0.000632	0.000916	0.000916
113	1736	6	1742	1	P99	297	-0.000115	-0.000115	0.001429	0.001429
113	1736	6	1742	1	P999	639	0.001564	0.001564	0.003038	0.003038
114	2	2	4	0	P1	1	-0.002800	-0.002800	0.000935	0.000935
114	2	2	4	0	P50	1	-0.000934	-0.001867	0.002807	0.001871
114	2	2	4	0	P75	1	-0.000000	-0.000934	0.003745	0.002807
114	2	2	4	0	P90	1	-0.000000	-0.000000	0.003745	0.003745
114	2	2	4	0	P95	1	-0.000000	-0.000000	0.003745	0.003745
114	2	2	4	0	P99	1	-0.000000	-0.000000	0.003745	0.003745
114	2	2	4	0	P999	1	-0.000000	-0.000000	0.003745	0.003745
115	20	20	40	1	P1	2	0.000987	0.000987	0.000245	0.000245
115	20	20	40	1	P50	6	-0.003420	-0.332418	-0.000652	-0.333007
115	20	20	40	1	P75	7	-0.003348	-0.003659	-0.000612	-0.000923
115	20	20	40	1	P90	7	-0.001484	-0.001795	0.001258	0.000946
115	20	20	40	1	P95	8	-0.001978	-0.126026	0.000735	-0.123627
115	20	20	40	1	P99	8	-0.000110	-0.000110	0.002607	0.002607
115	20	20	40	1	P999	8	-0.000110	-0.000110	0.002607	0.002607
116	20	19	39	1	P1	1	-0.000045	-0.000045	0.001871	0.001871
116	20	19	39	1	P50	3	0.002218	0.002218	0.000349	0.000349
116	20	19	39	1	P75	4	0.001123	0.001123	-0.000756	-0.000756
116	20	19	39	1	P90	5	-0.003026	-0.003026	-0.001179	-0.001179
116	20	19	39	1	P95	5	-0.001161	-0.001161	0.000690	0.000690
116	20	19	39	1	P99	5	-0.000227	-0.000227	0.001625	0.001625
116	20	19	39	1	P999	5	-0.000227	-0.000227	0.001625	0.001625
117	20	4	24	1	P1	1	-0.002511	-0.002511	0.000935	0.000935
117	20	4	24	1	P50	13	-0.002156	-0.002422	0.001163	0.000896
117	20	4	24	1	P75	13	-0.000556	-0.000823	0.002768	0.002500
117	20	4	24	1	P90	15	0.000529	0.000529	0.000104	0.000104
117	20	4	24	1	P95	15	0.002401	0.002401	0.001975	0.001975
117	20	4	24	1	P99	16	0.001409	0.001409	0.000980	0.000980
117	20	4	24	1	P999	16	0.001409	0.001409	0.000980	0.000980
118	18	2	20	0	P1	1	-0.003545	-0.003545	0.000187	0.000187
118	18	2	20	0	P50	1	-0.001681	-0.001867	0.002058	0.001871
118	18	2	20	0	P75	1	-0.000747	-0.000934	0.002995	0.002807
118	18	2	20	0	P90	1	-0.000187	-0.000374	0.003557	0.003370
118	18	2	20	0	P95	1	-0.000000	-0.000187	0.003745	0.003557
118	18	2	20	0	P99	1	-0.000000	-0.000000	0.003745	0.003745
118	18	2	20	0	P999	1	-0.000000	-0.000000	0.003745	0.003745
119	2	6	8	0	P1	1	-0.003265	-0.003265	0.000467	0.000467
119	2	6	8	0	P50	1	-0.001401	-0.001867	0.002339	0.001871
119	2	6	8	0	P75	1	-0.000467	-0.000934	0.003276	0.002807
119	2	6	8	0	P90	1	-0.000000	-0.000000	0.003745	0.003745
119	2	6	8	0	P95	1	-0.000000	-0.000000	0.003745	0.003745
119	2	6	8	0	P99	1	-0.000000	-0.000000	0.003745	0.003745
119	2	6	8	0	P999	1	-0.000000	-0.000000	0.003745	0.003745
120	3	249	252	1	P1	1	-0.002440	-0.002440	0.000050	0.000050
120	3	249	252	1	P50	1	-0.000391	-0.000408	0.002103	0.002086
120	3	249	252	1	P75	1	0.000651	0.000634	0.003147	0.003131
120	3	249	252	1	P90	2	0.001019	0.001019	-0.000378	-0.000378
120	3	249	252	1	P95	40	-0.001203	-0.001203	-0.001378	-0.001378
120	3	249	252	1	P99	42	0.002351	0.002351	0.000293	0.000293
120	3	249	252	1	P999	602	0.001768	0.001768	0.002877	0.002877
121	19	21	40	1	P1	29	-0.000204	-0.000204	-0.001260	-0.001260
121	19	21	40	1	P50	35	0.000528	-0.025314	0.003198	-0.026358
121	19	21	40	1	P75	75	0.000255	-0.000493	0.002853	0.002104
121	19	21	40	1	P90	80	0.000015	-0.011138	0.002607	-0.012272
121	19	21	40	1	P95	85	0.002946	-0.011940	0.001788	-0.009383
121	19	21	40	1	P99	88	0.001902	0.001902	0.000743	0.000743
121	19	21	40	1	P999	88	0.001902	0.001902	0.000743	0.000743
122	20	20	40	1	P1	8	-0.001829	-0.001829	-0.000760	-0.000760
122	20	20	40	1	P50	42	-0.003847	-0.737872	-0.003025	-0.737603
122	20	20	40	1	P75	43	0.000862	-0.000385	0.001684	0.000437
122	20	20	40	1	P90	46	0.000714	-0.000532	0.001526	0.000279
122	20	20	40	1	P95	47	-0.000853	-0.019357	0.003699	-0.018561
122	20	20	40	1	P99	50	0.000826	0.000826	0.001625	0.001625
122	20	20	40	1	P999	50	0.000826	0.000826	0.001625	0.001625
123	21	6	27	1	P1	3	0.004503	0.004503	0.000349	0.000349
123	21	6	27	1	P50	41	-0.001771	-0.001771	0.001133	0.001133
123	21	6	27	1	P75	42	0.001131	0.001131	0.000293	0.000293
123	21	6	27	1	P90	44	-0.000527	-0.000527	0.002369	0.002369
123	21	6	27	1	P95	49	0.000261	0.000261	0.003142	0.003142
123	21	6	27	1	P99	51	0.001381	0.001381	0.000511	0.000511
123	21	6	27	1	P999	51	0.001381	0.001381	0.000511	0.000511
124	4	2	6	0	P1	1	-0.003110	-0.003110	0.000623	0.000623
124	4	2	6	0	P50	1	-0.001245	-0.001867	0.002495	0.001871
124	4	2	6	0	P75	1	-0.000623	-0.000623	0.003120	0.003120
124	4	2	6	0	P90	1	-0.000000	-0.000000	0.003745	0.003745
124	4	2	6	0	P95	1	-0.000000	-0.000000	0.003745	0.003745
124	4	2	6	0	P99	1	-0.000000	-0.000000	0.003745	0.003745
124	4	2	6	0	P999	1	-0.000000	-0.000000	0.003745	0.003745
125	3	2	5	0	P1	1	-0.002986	-0.002986	0.000748	0.000748
125	3	2	5	0	P50	1	-0.001494	-0.001494	0.002245	0.002245
125	3	2	5	0	P75	1	-0.000747	-0.000747	0.002995	0.002995
125	3	2	5	0	P90	1	-0.000000	-0.000000	0.003745	0.003745
125	3	2	5	0	P95	1	-0.000000	-0.000000	0.003745	0.003745
125	3	2	5	0	P99	1	-0.000000	-0.000000	0.003745	0.003745
125	3	2	5	0	P999	1	-0.000000	-0.000000	0.003745	0.003745
126	542	3	545	1	P1	3	-0.001478	-0.001478	-0.003200	-0.003200
126	542	3	545	1	P50	4	-0.003366	-0.003366	-0.001430	-0.001430
126	542	3	545	1	P75	4	-0.002187	-0.002187	-0.000249	-0.000249
126	542	3	545	1	P90	4	-0.001475	-0.001475	0.000464	0.000464
126	542	3	545	1	P95	5	-0.002164	-0.002164	-0.000283	-0.000283
126	542	3	545	1	P99	5	-0.000488	-0.000488	0.001396	0.001396
126	542	3	545	1	P999	42	0.002688	0.002688	0.000293	0.000293
127	3	5	8	1	P1	1	-0.002010	-0.002010	0.001247	0.001247
127	3	5	8	1	P50	8	-0.002347	-0.123063	0.000735	-0.123627
127	3	5	8	1	P75	9	-0.000508	-0.111538	-0.001171	-0.108794
127	3	5	8	1	P90	9	0.001362	0.001362	0.000698	0.000698
127	3	5	8	1	P95	9	0.001362	0.001362	0.000698	0.000698
127	3	5	8	1	P99	9	0.001362	0.001362	0.000698	0.000698
127	3	5	8	1	P999	9	0.001362	0.001362	0.000698	0.000698
128	19	11	30	1	P1	1	-0.003202	-0.003202	0.000340	0.000340
128	19	11	30	1	P50	23	-0.000916	-0.001539	-0.001212	-0.001834
128	19	11	30	1	P75	24	0.002505	0.002505	0.002207	0.002207
128	19	11	30	1	P90	25	-0.000191	-0.001125	0.003253	0.002316
128	19	11	30	1	P95	26	0.001708	0.001708	0.001408	0.001408
128	19	11	30	1	P99	27	0.001348	0.001348	0.001047	0.001047
128	19	11	30	1	P999	27	0.001348	0.001348	0.001047	0.001047
129	7	12	19	0	P1	1	-0.003535	-0.003535	0.000197	0.000197
129	7	12	19	0	P50	1	-0.001769	-0.001769	0.001969	0.001969
129	7	12	19	0	P75	1	-0.000787	-0.000787	0.002955	0.002955
129	7	12	19	0	P90	1	-0.000197	-0.000197	0.003548	0.003548
129	7	12	19	0	P95	1	-0.000000	-0.000000	0.003745	0.003745
129	7	12	19	0	P99	1	-0.000000	-0.000000	0.003745	0.003745
129	7	12	19	0	P999	1	-0.000000	-0.000000	0.003745	0.003745
130	11	2	13	1	P1	1	-0.002468	-0.002468	0.000340	0.000340
130	11	2	13	1	P50	1	-0.000431	-0.000431	0.002382	0.002382
130	11	2	13	1	P75	1	0.000588	0.000588	0.003404	0.003404
130	11	2	13	1	P90	7	-0.002793	-0.002793	-0.000300	-0.000300
130	11	2	13	1	P95	7	-0.000928	-0.000928	0.001570	0.001570
130	11	2	13	1	P99	7	-0.000928	-0.000928	0.001570	0.001570
130	11	2	13	1	P999	7	-0.000928	-0.000928	0.001570	0.001570
131	3	2	5	1	P1	1	-0.000658	-0.000658	0.001871	0.001871
131	3	2	5	1	P50	22	0.002117	0.002117	0.000253	0.000253
131	3	2	5	1	P75	23	-0.003076	-0.003076	-0.001212	-0.001212
131	3	2	5	1	P90	23	-0.001210	-0.001210	0.000657	0.000657
131	3	2	5	1	P95	23	-0.001210	-0.001210	0.000657	0.000657
131	3	2	5	1	P99	23	-0.001210	-0.001210	0.000657	0.000657
131	3	2	5	1	P999	23	-0.001210	-0.001210	0.000657	0.000657
132	2	3	5	1	P1	1	-0.000658	-0.000658	0.001871	0.001871
132	2	3	5	1	P50	28	0.000232	0.000232	0.002060	0.002060
132	2	3	5	1	P75	29	-0.003075	-0.003075	-0.001260	-0.001260
132	2	3	5	1	P90	29	-0.001210	-0.001210	0.000609	0.000609
132	2	3	5	1	P95	29	-0.001210	-0.001210	0.000609	0.000609
132	2	3	5	1	P99	29	-0.001210	-0.001210	0.000609	0.000609
132	2	3	5	1	P999	29	-0.001210	-0.001210	0.000609	0.000609
133	21	14	35	1	P1	1	-0.003448	-0.003448	0.000267	0.000267
133	21	14	35	1	P50	35	0.001977	0.001977	0.001948	0.001948
133	21	14	35	1	P75	37	-0.002151	-0.002151	0.001557	0.001557
133	21	14	35	1	P90	38	0.001350	0.001350	0.001322	0.001322
133	21	14	35	1	P95	39	0.003414	0.003414	0.003386	0.003386
133	21	14	35	1	P99	41	0.001994	0.001994	0.001965	0.001965
133	21	14	35	1	P999	41	0.001994	0.001994	0.001965	0.001965
134	8	13	21	0	P1	1	-0.003554	-0.003554	0.000178	0.000178
134	8	13	21	0	P50	1	-0.001778	-0.001778	0.001960	0.001960
134	8	13	21	0	P75	1	-0.000890	-0.000890	0.002852	0.002852
134	8	13	21	0	P90	1	-0.000356	-0.000356	0.003388	0.003388
134	8	13	21	0	P95	1	-0.000178	-0.000178	0.003566	0.003566
134	8	13	21	0	P99	1	-0.000000	-0.000000	0.003745	0.003745
134	8	13	21	0	P999	1	-0.000000	-0.000000	0.003745	0.003745
135	12	6	18	1	P1	1	-0.002515	-0.002515	0.000312	0.000312
135	12	6	18	1	P50	1	0.000285	-0.000026	0.003120	0.002807
135	12	6	18	1	P75	26	-0.003706	-0.003706	-0.001395	-0.001395
135	12	6	18	1	P90	26	-0.000908	-0.000908	0.001408	0.001408
135	12	6	18	1	P95	27	0.002478	0.002478	0.001047	0.001047
135	12	6	18	1	P99	27	0.002478	0.002478	0.001047	0.001047
135	12	6	18	1	P999	27	0.002478	0.002478	0.001047	0.001047
136	2	3	5	0	P1	1	-0.002986	-0.002986	0.000748	0.000748
136	2	3	5	0	P50	1	-0.001494	-0.001494	0.002245	0.002245
136	2	3	5	0	P75	1	-0.000747	-0.000747	0.002995	0.002995
136	2	3	5	0	P90	1	-0.000000	-0.000000	0.003745	0.003745
136	2	3	5	0	P95	1	-0.000000	-0.000000	0.003745	0.003745
136	2	3	5	0	P99	1	-0.000000	-0.000000	0.003745	0.003745
136	2	3	5	0	P999	1	-0.000000	-0.000000	0.003745	0.003745
137	5	2	7	1	P1	1	-0.001309	-0.001309	0.001871	0.001871
137	5	2	7	1	P50	33	0.001257	0.001257	0.000357	0.000357
137	5	2	7	1	P75	34	-0.002426	-0.002426	0.000407	0.000407
137	5	2	7	1	P90	34	-0.000559	-0.000559	0.002279	0.002279
137	5	2	7	1	P95	34	-0.000559	-0.000559	0.002279	0.002279
137	5	2	7	1	P99	34	-0.000559	-0.000559	0.002279	0.002279
137	5	2	7	1	P999	34	-0.000559	-0.000559	0.002279	0.002279
138	2	3	5	0	P1	1	-0.002986	-0.002986	0.000748	0.000748
138	2	3	5	0	P50	1	-0.001494	-0.001494	0.002245	0.002245
138	2	3	5	0	P75	1	-0.000747	-0.000747	0.002995	0.002995
138	2	3	5	0	P90	1	-0.000000	-0.000000	0.003745	0.003745
138	2	3	5	0	P95	1	-0.000000	-0.000000	0.003745	0.003745
138	2	3	5	0	P99	1	-0.000000	-0.000000	0.003745	0.003745
138	2	3	5	0	P999	1	-0.000000	-0.000000	0.003745	0.003745
139	4	15	19	1	P1	1	-0.002221	-0.002221	0.000935	0.000935
139	4	15	19	1	P50	33	-0.000580	-0.000580	0.002228	0.002228
139	4	15	19	1	P75	35	0.000393	0.000393	0.003198	0.003198
139	4	15	19	1	P90	37	0.000899	0.000899	0.003699	0.003699
139	4	15	19	1	P95	38	0.000398	0.000398	0.003195	0.003195
139	4	15	19	1	P99	38	0.000398	0.000398	0.003195	0.003195
139	4	15	19	1	P999	38	0.000398	0.000398	0.003195	0.003195
140	5	5	10	0	P1	1	-0.003359	-0.003359	0.000374	0.000374
140	5	5	10	0	P50	1	-0.001494	-0.001867	0.002245	0.001871
140	5	5	10	0	P75	1	-0.000747	-0.000747	0.002995	0.002995
140	5	5	10	0	P90	1	-0.000000	-0.000374	0.003745	0.003370
140	5	5	10	0	P95	1	-0.000000	-0.000000	0.003745	0.003745
140	5	5	10	0	P99	1	-0.000000	-0.000000	0.003745	0.003745
140	5	5	10	0	P999	1	-0.000000	-0.000000	0.003745	0.003745
141	6	8	14	0	P1	1	-0.003465	-0.003465	0.000267	0.000267
141	6	8	14	0	P50	1	-0.001601	-0.001867	0.002138	0.001871
141	6	8	14	0	P75	1	-0.000801	-0.000801	0.002941	0.002941
141	6	8	14	0	P90	1	-0.000267	-0.000267	0.003477	0.003477
141	6	8	14	0	P95	1	-0.000000	-0.000000	0.003745	0.003745
141	6	8	14	0	P99	1	-0.000000	-0.000000	0.003745	0.003745
141	6	8	14	0	P999	1	-0.000000	-0.000000	0.003745	0.003745
142	2	2	4	0	P1	1	-0.002800	-0.002800	0.000935	0.000935
142	2	2	4	0	P50	1	-0.000934	-0.001867	0.002807	0.001871
142	2	2	4	0	P75	1	-0.000000	-0.000934	0.003745	0.002807
142	2	2	4	0	P90	1	-0.000000	-0.000000	0.003745	0.003745
142	2	2	4	0	P95	1	-0.000000	-0.000000	0.003745	0.003745
142	2	2	4	0	P99	1	-0.000000	-0.000000	0.003745	0.003745
142	2	2	4	0	P999	1	-0.000000	-0.000000	0.003745	0.003745
143	2	2	4	0	P1	1	-0.002800	-0.002800	0.000935	0.000935
143	2	2	4	0	P50	1	-0.000934	-0.001867	0.002807	0.001871
143	2	2	4	0	P75	1	-0.000000	-0.000934	0.003745	0.002807
143	2	2	4	0	P90	1	-0.000000	-0.000000	0.003745	0.003745
143	2	2	4	0	P95	1	-0.000000	-0.000000	0.003745	0.003745
143	2	2	4	0	P99	1	-0.000000	-0.000000	0.003745	0.003745
143	2	2	4	0	P999	1	-0.000000	-0.000000	0.003745	0.003745
144	2	2	4	1	P1	1	-0.000757	-0.000757	0.001871	0.001871
144	2	2	4	1	P50	16	-0.002977	-0.937430	-0.000889	-0.937266
144	2	2	4	1	P75	16	-0.001111	-0.002977	0.000980	-0.000889
144	2	2	4	1	P90	16	-0.001111	-0.001111	0.000980	0.000980
144	2	2	4	1	P95	16	-0.001111	-0.001111	0.000980	0.000980
144	2	2	4	1	P99	16	-0.001111	-0.001111	0.000980	0.000980
144	2	2	4	1	P999	16	-0.001111	-0.001111	0.000980	0.000980
145	2	2	4	1	P1	15	-0.001392	-0.001392	0.000104	0.000104
145	2	2	4	1	P50	16	0.001369	-0.060298	0.000980	-0.060649
145	2	2	4	1	P75	21	-0.001367	-0.237052	0.001919	-0.237348
145	2	2	4	1	P90	21	-0.001367	-0.001367	0.001919	0.001919
145	2	2	4	1	P95	21	-0.001367	-0.001367	0.001919	0.001919
145	2	2	4	1	P99	21	-0.001367	-0.001367	0.001919	0.001919
145	2	2	4	1	P999	21	-0.001367	-0.001367	0.001919	0.001919
146	1610	1601	3211	0	P1	1	-0.003693	-0.003693	0.000038	0.000038
146	1610	1601	3211	0	P50	1	-0.001867	-0.001867	0.001871	0.001871
146	1610	1601	3211	0	P75	1	-0.000933	-0.000933	0.002808	0.002808
146	1610	1601	3211	0	P90	1	-0.000374	-0.000374	0.003370	0.003370
146	1610	1601	3211	0	P95	1	-0.000186	-0.000186	0.003558	0.003558
146	1610	1601	3211	0	P99	1	-0.000037	-0.000037	0.003708	0.003708
146	1610	1601	3211	0	P999	1	-0.000003	-0.000003	0.003741	0.003741
147	1622	2456	4078	0	P1	1	-0.003693	-0.003693	0.000038	0.000038
147	1622	2456	4078	0	P50	1	-0.001847	-0.001848	0.001891	0.001890
147	1622	2456	4078	0	P75	1	-0.000904	-0.000904	0.002837	0.002837
147	1622	2456	4078	0	P90	1	-0.000338	-0.000338	0.003406	0.003406
147	1622	2456	4078	0	P95	1	-0.000149	-0.000149	0.003595	0.003595
147	1622	2456	4078	0	P99	2	-0.001382	-0.001382	-0.001382	-0.001382
147	1622	2456	4078	0	P999	4	-0.001751	-0.001751	-0.001751	-0.001751
148	1964	1640	3604	0	P1	1	-0.003693	-0.003693	0.000038	0.000038
148	1964	1640	3604	0	P50	1	-0.001866	-0.001867	0.001872	0.001871
148	1964	1640	3604	0	P75	1	-0.000932	-0.000933	0.002809	0.002808
148	1964	1640	3604	0	P90	1	-0.000372	-0.000372	0.003371	0.003371
148	1964	1640	3604	0	P95	1	-0.000186	-0.000186	0.003559	0.003559
148	1964	1640	3604	0	P99	1	-0.000036	-0.000036	0.003709	0.003709
148	1964	1640	3604	0	P999	1	-0.000002	-0.000002	0.003743	0.003743
149	1795	1671	3466	0	P1	1	-0.003693	-0.003693	0.000038	0.000038
149	1795	1671	3466	0	P50	1	-0.001866	-0.001867	0.001872	0.001871
149	1795	1671	3466	0	P75	1	-0.000933	-0.000933	0.002809	0.002809
149	1795	1671	3466	0	P90	1	-0.000372	-0.000372	0.003371	0.003371
149	1795	1671	3466	0	P95	1	-0.000186	-0.000186	0.003559	0.003559
149	1795	1671	3466	0	P99	1	-0.000036	-0.000036	0.003709	0.003709
149	1795	1671	3466	0	P999	1	-0.000002	-0.000002	0.003743	0.003743
150	1639	1708	3347	0	P1	1	-0.003693	-0.003693	0.000038	0.000038
150	1639	1708	3347	0	P50	1	-0.001867	-0.001867	0.001871	0.001871
150	1639	1708	3347	0	P75	1	-0.000933	-0.000933	0.002808	0.002808
150	1639	1708	3347	0	P90	1	-0.000373	-0.000373	0.003371	0.003371
150	1639	1708	3347	0	P95	1	-0.000186	-0.000186	0.003558	0.003558
150	1639	1708	3347	0	P99	1	-0.000037	-0.000037	0.003708	0.003708
150	1639	1708	3347	0	P999	1	-0.000003	-0.000003	0.003742	0.003742
151	2	2	4	1	P1	1	-0.001780	-0.001780	0.001871	0.001871
151	2	2	4	1	P50	54	0.003315	-0.981480	0.003165	-0.981412
151	2	2	4	1	P75	55	-0.000088	-0.014927	0.003507	-0.015074
151	2	2	4	1	P90	55	-0.000088	-0.000088	0.003507	0.003507
151	2	2	4	1	P95	55	-0.000088	-0.000088	0.003507	0.003507
151	2	2	4	1	P99	55	-0.000088	-0.000088	0.003507	0.003507
151	2	2	4	1	P999	55	-0.000088	-0.000088	0.003507	0.003507
152	2	4	6	1	P1	1	-0.001676	-0.001676	0.001871	0.001871
152	2	4	6	1	P50	25	-0.002058	-0.079123	0.001380	-0.079396
152	2	4	6	1	P75	25	-0.000191	-0.000191	0.003253	0.003253
152	2	4	6	1	P90	26	0.001708	0.001708	0.001408	0.001408
152	2	4	6	1	P95	26	0.001708	0.001708	0.001408	0.001408
152	2	4	6	1	P99	26	0.001708	0.001708	0.001408	0.001408
152	2	4	6	1	P999	26	0.001708	0.001708	0.001408	0.001408
153	2	2	4	1	P1	1	-0.001560	-0.001560	0.001871	0.001871
153	2	2	4	1	P50	24	-0.002174	-0.958321	0.001084	-0.958177
153	2	2	4	1	P75	24	-0.000308	-0.002174	0.002957	0.001084
153	2	2	4	1	P90	24	-0.000308	-0.000308	0.002957	0.002957
153	2	2	4	1	P95	24	-0.000308	-0.000308	0.002957	0.002957
153	2	2	4	1	P99	24	-0.000308	-0.000308	0.002957	0.002957
153	2	2	4	1	P999	24	-0.000308	-0.000308	0.002957	0.002957
154	2491	2069	4560	0	P1	1	-0.003693	-0.003693	0.000038	0.000038
154	2491	2069	4560	0	P50	1	-0.001847	-0.001847	0.001891	0.001891
154	2491	2069	4560	0	P75	1	-0.000903	-0.000904	0.002838	0.002837
154	2491	2069	4560	0	P90	1	-0.000337	-0.000338	0.003407	0.003406
154	2491	2069	4560	0	P95	1	-0.000148	-0.000149	0.003596	0.003595
154	2491	2069	4560	0	P99	2	-0.001208	-0.001208	-0.001208	-0.001208
154	2491	2069	4560	0	P999	4	0.000490	0.000490	0.000490	0.000490
155	1621	3	1624	1	P1	1	-0.003330	-0.003330	0.000039	0.000039
155	1621	3	1624	1	P50	1	-0.001498	-0.001500	0.001878	0.001875
155	1621	3	1624	1	P75	1	-0.000562	-0.000564	0.002817	0.002814
155	1621	3	1624	1	P90	1	-0.000002	-0.000002	0.003379	0.003379
155	1621	3	1624	1	P95	1	0.000185	0.000185	0.003567	0.003567
155	1621	3	1624	1	P99	1	0.000335	0.000335	0.003717	0.003717
155	1621	3	1624	1	P999	46	-0.000363	-0.000363	0.002774	0.002774
156	2	2	4	0	P1	1	-0.002800	-0.002800	0.000935	0.000935
156	2	2	4	0	P50	1	-0.000934	-0.001867	0.002807	0.001871
156	2	2	4	0	P75	1	-0.000000	-0.000934	0.003745	0.002807
156	2	2	4	0	P90	1	-0.000000	-0.000000	0.003745	0.003745
156	2	2	4	0	P95	1	-0.000000	-0.000000	0.003745	0.003745
156	2	2	4	0	P99	1	-0.000000	-0.000000	0.003745	0.003745
156	2	2	4	0	P999	1	-0.000000	-0.000000	0.003745	0.003745
157	6	4	10	1	P1	1	0.002373	0.002373	0.003745	0.003745
157	6	4	10	1	P50	3	0.002885	-0.332768	0.000349	-0.331923
157	6	4	10	1	P75	45	0.001515	0.001515	0.002324	0.002324
157	6	4	10	1	P90	48	0.000530	-0.021663	0.001329	-0.017212
157	6	4	10	1	P95	48	0.000530	0.000530	0.001329	0.001329
157	6	4	10	1	P99	48	0.000530	0.000530	0.001329	0.001329
157	6	4	10	1	P999	48	0.000530	0.000530	0.001329	0.001329
158	2	3	5	0	P1	1	-0.002986	-0.002986	0.000748	0.000748
158	2	3	5	0	P50	1	-0.001494	-0.001494	0.002245	0.002245
158	2	3	5	0	P75	1	-0.000747	-0.000747	0.002995	0.002995
158	2	3	5	0	P90	1	-0.000000	-0.000000	0.003745	0.003745
158	2	3	5	0	P95	1	-0.000000	-0.000000	0.003745	0.003745
158	2	3	5	0	P99	1	-0.000000	-0.000000	0.003745	0.003745
158	2	3	5	0	P999	1	-0.000000	-0.000000	0.003745	0.003745
159	5	9	14	1	P1	1	0.000821	0.000821	0.001871	0.001871
159	5	9	14	1	P50	46	-0.001210	-0.002454	0.002774	0.001526
159	5	9	14	1	P75	47	-0.000285	-0.000285	0.003699	0.003699
159	5	9	14	1	P90	49	-0.002697	-0.002697	0.001269	0.001269
159	5	9	14	1	P95	49	-0.000831	-0.000831	0.003142	0.003142
159	5	9	14	1	P99	49	-0.000831	-0.000831	0.003142	0.003142
159	5	9	14	1	P999	49	-0.000831	-0.000831	0.003142	0.003142
160	5	5	10	0	P1	1	-0.003359	-0.003359	0.000374	0.000374
160	5	5	10	0	P50	1	-0.001494	-0.001867	0.002245	0.001871
160	5	5	10	0	P75	1	-0.000747	-0.000747	0.002995	0.002995
160	5	5	10	0	P90	1	-0.000000	-0.000374	0.003745	0.003370
160	5	5	10	0	P95	1	-0.000000	-0.000000	0.003745	0.003745
160	5	5	10	0	P99	1	-0.000000	-0.000000	0.003745	0.003745
160	5	5	10	0	P999	1	-0.000000	-0.000000	0.003745	0.003745
161	6	4	10	0	P1	1	-0.003359	-0.003359	0.000374	0.000374
161	6	4	10	0	P50	1	-0.001494	-0.001867	0.002245	0.001871
161	6	4	10	0	P75	1	-0.000747	-0.000747	0.002995	0.002995
161	6	4	10	0	P90	1	-0.000000	-0.000374	0.003745	0.003370
161	6	4	10	0	P95	1	-0.000000	-0.000000	0.003745	0.003745
161	6	4	10	0	P99	1	-0.000000	-0.000000	0.003745	0.003745
161	6	4	10	0	P999	1	-0.000000	-0.000000	0.003745	0.003745
162	4	8	12	1	P1	1	-0.001620	-0.001620	0.001871	0.001871
162	4	8	12	1	P50	2	0.002394	0.001645	0.002116	0.001367
162	4	8	12	1	P75	34	0.000807	-0.059057	0.000407	-0.055907
162	4	8	12	1	P90	34	0.002679	0.002679	0.002279	0.002279
162	4	8	12	1	P95	36	0.001591	0.001591	0.001188	0.001188
162	4	8	12	1	P99	36	0.001591	0.001591	0.001188	0.001188
162	4	8	12	1	P999	36	0.001591	0.001591	0.001188	0.001188
163	5	2	7	1	P1	1	-0.001850	-0.001850	0.001871	0.001871
163	5	2	7	1	P50	44	0.002398	0.002398	0.002369	0.002369
163	5	2	7	1	P75	47	-0.000017	-0.000017	0.003699	0.003699
163	5	2	7	1	P90	48	0.001358	0.001358	0.001329	0.001329
163	5	2	7	1	P95	48	0.001358	0.001358	0.001329	0.001329
163	5	2	7	1	P99	48	0.001358	0.001358	0.001329	0.001329
163	5	2	7	1	P999	48	0.001358	0.001358	0.001329	0.001329
164	5	6	11	0	P1	1	-0.003265	-0.003265	0.000467	0.000467
164	5	6	11	0	P50	1	-0.000934	-0.000934	0.002807	0.002807
164	5	6	11	0	P75	2	-0.000378	-0.000378	-0.000378	-0.000378
164	5	6	11	0	P90	2	0.000868	0.000868	0.000868	0.000868
164	5	6	11	0	P95	2	0.002116	0.002116	0.002116	0.002116
164	5	6	11	0	P99	2	0.002116	0.002116	0.002116	0.002116
164	5	6	11	0	P999	2	0.002116	0.002116	0.002116	0.002116
165	7	2	9	1	P1	20	0.000469	0.000469	0.002116	0.002116
165	7	2	9	1	P50	46	0.001166	0.001166	0.002774	0.002774
165	7	2	9	1	P75	48	-0.002763	-0.002763	-0.001163	-0.001163
165	7	2	9	1	P90	48	-0.000275	-0.000275	0.001329	0.001329
165	7	2	9	1	P95	48	-0.000275	-0.000275	0.001329	0.001329
165	7	2	9	1	P99	48	-0.000275	-0.000275	0.001329	0.001329
165	7	2	9	1	P999	48	-0.000275	-0.000275	0.001329	0.001329
166	4	4	8	0	P1	1	-0.003265	-0.003265	0.000467	0.000467
166	4	4	8	0	P50	1	-0.001401	-0.001867	0.002339	0.001871
166	4	4	8	0	P75	1	-0.000467	-0.000934	0.003276	0.002807
166	4	4	8	0	P90	1	-0.000000	-0.000000	0.003745	0.003745
166	4	4	8	0	P95	1	-0.000000	-0.000000	0.003745	0.003745
166	4	4	8	0	P99	1	-0.000000	-0.000000	0.003745	0.003745
166	4	4	8	0	P999	1	-0.000000	-0.000000	0.003745	0.003745
167	4	4	8	0	P1	1	-0.003265	-0.003265	0.000467	0.000467
167	4	4	8	0	P50	1	-0.001401	-0.001867	0.002339	0.001871
167	4	4	8	0	P75	1	-0.000467	-0.000934	0.003276	0.002807
167	4	4	8	0	P90	1	-0.000000	-0.000000	0.003745	0.003745
167	4	4	8	0	P95	1	-0.000000	-0.000000	0.003745	0.003745
167	4	4	8	0	P99	1	-0.000000	-0.000000	0.003745	0.003745
167	4	4	8	0	P999	1	-0.000000	-0.000000	0.003745	0.003745
168	6	2	8	1	P1	1	0.002304	0.002304	0.003745	0.003745
168	6	2	8	1	P50	2	0.000023	-0.000725	0.001367	0.000619
168	6	2	8	1	P75	22	-0.002636	-0.909021	-0.001615	-0.908899
168	6	2	8	1	P90	22	-0.000770	-0.000770	0.000253	0.000253
168	6	2	8	1	P95	22	-0.000770	-0.000770	0.000253	0.000253
168	6	2	8	1	P99	22	-0.000770	-0.000770	0.000253	0.000253
168	6	2	8	1	P999	22	-0.000770	-0.000770	0.000253	0.000253
169	10	5	15	1	P1	1	-0.002087	-0.002087	0.000748	0.000748
169	10	5	15	1	P50	45	0.000081	0.000081	0.002324	0.002324
169	10	5	15	1	P75	48	-0.000901	-0.000901	0.001329	0.001329
169	10	5	15	1	P90	49	-0.000336	-0.000336	0.001893	0.001893
169	10	5	15	1	P95	49	0.000911	0.000911	0.003142	0.003142
169	10	5	15	1	P99	49	0.000911	0.000911	0.003142	0.003142
169	10	5	15	1	P999	49	0.000911	0.000911	0.003142	0.003142
170	5	4	9	0	P1	1	-0.003317	-0.003317	0.000415	0.000415
170	5	4	9	0	P50	1	-0.001660	-0.001660	0.002079	0.002079
170	5	4	9	0	P75	1	-0.000830	-0.000830	0.002912	0.002912
170	5	4	9	0	P90	1	-0.000000	-0.000000	0.003745	0.003745
170	5	4	9	0	P95	1	-0.000000	-0.000000	0.003745	0.003745
170	5	4	9	0	P99	1	-0.000000	-0.000000	0.003745	0.003745
170	5	4	9	0	P999	1	-0.000000	-0.000000	0.003745	0.003745
171	2	2	4	1	P1	1	-0.001659	-0.001659	0.001871	0.001871
171	2	2	4	1	P50	34	0.002616	-0.970582	0.002279	-0.970478
171	2	2	4	1	P75	35	-0.000208	-0.026030	0.003198	-0.026358
171	2	2	4	1	P90	35	-0.000208	-0.000208	0.003198	0.003198
171	2	2	4	1	P95	35	-0.000208	-0.000208	0.003198	0.003198
171	2	2	4	1	P99	35	-0.000208	-0.000208	0.003198	0.003198
171	2	2	4	1	P999	35	-0.000208	-0.000208	0.003198	0.003198
172	10	2	12	1	P1	1	-0.000495	-0.000495	0.001871	0.001871
172	10	2	12	1	P50	2	0.002589	0.002054	0.001046	0.000512
172	10	2	12	1	P75	3	0.001987	-0.330893	0.000349	-0.331923
172	10	2	12	1	P90	22	-0.003238	-0.003238	-0.001615	-0.001615
172	10	2	12	1	P95	22	-0.001373	-0.001373	0.000253	0.000253
172	10	2	12	1	P99	22	-0.001373	-0.001373	0.000253	0.000253
172	10	2	12	1	P999	22	-0.001373	-0.001373	0.000253	0.000253
173	3	2	5	1	P1	1	-0.001643	-0.001643	0.001871	0.001871
173	3	2	5	1	P50	45	0.002698	0.002698	0.002324	0.002324
173	3	2	5	1	P75	47	0.000329	0.000329	0.003699	0.003699
173	3	2	5	1	P90	49	-0.000225	-0.000225	0.003142	0.003142
173	3	2	5	1	P95	49	-0.000225	-0.000225	0.003142	0.003142
173	3	2	5	1	P99	49	-0.000225	-0.000225	0.003142	0.003142
173	3	2	5	1	P999	49	-0.000225	-0.000225	0.003142	0.003142
174	2	2	4	1	P1	1	-0.001103	-0.001103	0.001871	0.001871
174	2	2	4	1	P50	2	-0.002632	-0.499617	0.000245	-0.498128
174	2	2	4	1	P75	2	-0.000766	-0.002632	0.002116	0.000245
174	2	2	4	1	P90	2	-0.000766	-0.000766	0.002116	0.002116
174	2	2	4	1	P95	2	-0.000766	-0.000766	0.002116	0.002116
174	2	2	4	1	P99	2	-0.000766	-0.000766	0.002116	0.002116
174	2	2	4	1	P999	2	-0.000766	-0.000766	0.002116	0.002116
175	2	2	4	1	P1	3	-0.000690	-0.000690	-0.001519	-0.001519
175	2	2	4	1	P50	4	0.001380	-0.249115	0.000490	-0.249738
175	2	2	4	1	P75	5	-0.001179	-0.198896	0.001625	-0.199608
175	2	2	4	1	P90	5	-0.001179	-0.001179	0.001625	0.001625
175	2	2	4	1	P95	5	-0.001179	-0.001179	0.001625	0.001625
175	2	2	4	1	P99	5	-0.001179	-0.001179	0.001625	0.001625
175	2	2	4	1	P999	5	-0.001179	-0.001179	0.001625	0.001625
176	3	2	5	1	P1	3	-0.000737	-0.000737	-0.002141	-0.002141
176	3	2	5	1	P50	3	0.001757	0.001757	0.000349	0.000349
176	3	2	5	1	P75	4	-0.003618	-0.003618	-0.001378	-0.001378
176	3	2	5	1	P90	4	-0.001754	-0.001754	0.000490	0.000490
176	3	2	5	1	P95	4	-0.001754	-0.001754	0.000490	0.000490
176	3	2	5	1	P99	4	-0.001754	-0.001754	0.000490	0.000490
176	3	2	5	1	P999	4	-0.001754	-0.001754	0.000490	0.000490
177	2	2	4	1	P1	3	-0.000114	-0.000114	-0.001519	-0.001519
177	2	2	4	1	P50	4	-0.001754	-0.248682	-0.001378	-0.249738
177	2	2	4	1	P75	4	0.001986	-0.001754	0.000490	-0.001378
177	2	2	4	1	P90	4	0.001986	0.001986	0.000490	0.000490
177	2	2	4	1	P95	4	0.001986	0.001986	0.000490	0.000490
177	2	2	4	1	P99	4	0.001986	0.001986	0.000490	0.000490
177	2	2	4	1	P999	4	0.001986	0.001986	0.000490	0.000490
178	2	2	4	1	P1	3	0.001757	0.001757	0.000349	0.000349
178	2	2	4	1	P50	4	-0.001754	-0.003618	-0.000756	-0.002000
178	2	2	4	1	P75	4	0.001986	-0.001754	0.000490	-0.000756
178	2	2	4	1	P90	4	0.001986	0.001986	0.000490	0.000490
178	2	2	4	1	P95	4	0.001986	0.001986	0.000490	0.000490
178	2	2	4	1	P99	4	0.001986	0.001986	0.000490	0.000490
178	2	2	4	1	P999	4	0.001986	0.001986	0.000490	0.000490
179	3	3	6	0	P1	3	-0.002800	-0.002800	-0.002452	-0.002452
179	3	3	6	0	P50	3	-0.000000	-0.000934	0.000349	-0.000586
179	3	3	6	0	P75	4	-0.001726	-0.001726	-0.001378	-0.001378
179	3	3	6	0	P90	4	0.000141	0.000141	0.000490	0.000490
179	3	3	6	0	P95	4	0.000141	0.000141	0.000490	0.000490
179	3	3	6	0	P99	4	0.000141	0.000141	0.000490	0.000490
179	3	3	6	0	P999	4	0.000141	0.000141	0.000490	0.000490
180	3	3	6	1	P1	3	-0.000737	-0.000737	-0.002141	-0.002141
180	3	3	6	1	P50	4	-0.003618	-0.248682	-0.002000	-0.249738
180	3	3	6	1	P75	4	-0.001754	-0.001754	-0.000756	-0.000756
180	3	3	6	1	P90	4	0.001986	0.001986	0.000490	0.000490
180	3	3	6	1	P95	4	0.001986	0.001986	0.000490	0.000490
180	3	3	6	1	P99	4	0.001986	0.001986	0.000490	0.000490
180	3	3	6	1	P999	4	0.001986	0.001986	0.000490	0.000490
181	3	2	5	0	P1	3	-0.001867	-0.001867	-0.001519	-0.001519
181	3	2	5	0	P50	4	-0.002348	-0.002348	-0.002000	-0.002000
181	3	2	5	0	P75	4	-0.001104	-0.001104	-0.000756	-0.000756
181	3	2	5	0	P90	4	0.000141	0.000141	0.000490	0.000490
181	3	2	5	0	P95	4	0.000141	0.000141	0.000490	0.000490
181	3	2	5	0	P99	4	0.000141	0.000141	0.000490	0.000490
181	3	2	5	0	P999	4	0.000141	0.000141	0.000490	0.000490
182	2	2	4	0	P1	3	-0.002489	-0.002489	-0.002141	-0.002141
182	2	2	4	0	P50	3	-0.000000	-0.001245	0.000349	-0.000897
182	2	2	4	0	P75	4	0.000141	-0.250000	0.000490	-0.249738
182	2	2	4	0	P90	4	0.000141	0.000141	0.000490	0.000490
182	2	2	4	0	P95	4	0.000141	0.000141	0.000490	0.000490
182	2	2	4	0	P99	4	0.000141	0.000141	0.000490	0.000490
182	2	2	4	0	P999	4	0.000141	0.000141	0.000490	0.000490
183	2	2	4	0	P1	3	-0.002489	-0.002489	-0.002141	-0.002141
183	2	2	4	0	P50	3	-0.000000	-0.001245	0.000349	-0.000897
183	2	2	4	0	P75	4	0.000141	-0.250000	0.000490	-0.249738
183	2	2	4	0	P90	4	0.000141	0.000141	0.000490	0.000490
183	2	2	4	0	P95	4	0.000141	0.000141	0.000490	0.000490
183	2	2	4	0	P99	4	0.000141	0.000141	0.000490	0.000490
183	2	2	4	0	P999	4	0.000141	0.000141	0.000490	0.000490
184	2	2	4	0	P1	3	-0.002800	-0.002800	-0.002452	-0.002452
184	2	2	4	0	P50	3	-0.000934	-0.001867	-0.000586	-0.001519
184	2	2	4	0	P75	3	-0.000000	-0.000934	0.000349	-0.000586
184	2	2	4	0	P90	3	-0.000000	-0.000000	0.000349	0.000349
184	2	2	4	0	P95	3	-0.000000	-0.000000	0.000349	0.000349
184	2	2	4	0	P99	3	-0.000000	-0.000000	0.000349	0.000349
184	2	2	4	0	P999	3	-0.000000	-0.000000	0.000349	0.000349
185	2	2	4	1	P1	1	-0.000322	-0.000322	0.001871	0.001871
185	2	2	4	1	P50	3	-0.001546	-0.666150	0.000349	-0.665418
185	2	2	4	1	P75	4	-0.001328	-0.251160	0.000490	-0.249738
185	2	2	4	1	P90	4	-0.001328	-0.001328	0.000490	0.000490
185	2	2	4	1	P95	4	-0.001328	-0.001328	0.000490	0.000490
185	2	2	4	1	P99	4	-0.001328	-0.001328	0.000490	0.000490
185	2	2	4	1	P999	4	-0.001328	-0.001328	0.000490	0.000490
186	4	2	6	1	P1	1	-0.000419	-0.000419	0.001871	0.001871
186	4	2	6	1	P50	4	-0.002693	-0.003935	-0.000756	-0.002000
186	4	2	6	1	P75	4	-0.001449	-0.001449	0.000490	0.000490
186	4	2	6	1	P90	5	-0.000259	-0.000259	0.001625	0.001625
186	4	2	6	1	P95	5	-0.000259	-0.000259	0.001625	0.001625
186	4	2	6	1	P99	5	-0.000259	-0.000259	0.001625	0.001625
186	4	2	6	1	P999	5	-0.000259	-0.000259	0.001625	0.001625
187	16	540	556	0	P1	1	-0.003691	-0.003691	0.000040	0.000040
187	16	540	556	0	P50	1	-0.001861	-0.001867	0.001877	0.001871
187	16	540	556	0	P75	1	-0.000927	-0.000934	0.002814	0.002807
187	16	540	556	0	P90	1	-0.000370	-0.000370	0.003374	0.003374
187	16	540	556	0	P95	1	-0.000182	-0.000182	0.003563	0.003563
187	16	540	556	0	P99	1	-0.000034	-0.000034	0.003711	0.003711
187	16	540	556	0	P999	1	-0.000000	-0.000000	0.003745	0.003745
188	90	539	629	0	P1	1	-0.003690	-0.003690	0.000042	0.000042
188	90	539	629	0	P50	1	-0.001864	-0.001864	0.001874	0.001874
188	90	539	629	0	P75	1	-0.000933	-0.000933	0.002809	0.002809
188	90	539	629	0	P90	1	-0.000368	-0.000368	0.003375	0.003375
188	90	539	629	0	P95	1	-0.000184	-0.000184	0.003560	0.003560
188	90	539	629	0	P99	1	-0.000036	-0.000036	0.003709	0.003709
188	90	539	629	0	P999	1	-0.000000	-0.000000	0.003745	0.003745
189	3	44	47	0	P1	1	-0.003652	-0.003652	0.000080	0.000080
189	3	44	47	0	P50	1	-0.001828	-0.001828	0.001911	0.001911
189	3	44	47	0	P75	1	-0.000874	-0.000874	0.002867	0.002867
189	3	44	47	0	P90	1	-0.000318	-0.000318	0.003426	0.003426
189	3	44	47	0	P95	1	-0.000159	-0.000159	0.003585	0.003585
189	3	44	47	0	P99	1	-0.000000	-0.000000	0.003745	0.003745
189	3	44	47	0	P999	1	-0.000000	-0.000000	0.003745	0.003745
190	45	38	83	0	P1	1	-0.003686	-0.003686	0.000045	0.000045
190	45	38	83	0	P50	1	-0.001845	-0.001845	0.001893	0.001893
190	45	38	83	0	P75	1	-0.000900	-0.000900	0.002841	0.002841
190	45	38	83	0	P90	1	-0.000360	-0.000360	0.003383	0.003383
190	45	38	83	0	P95	1	-0.000180	-0.000180	0.003564	0.003564
190	45	38	83	0	P99	1	-0.000000	-0.000000	0.003745	0.003745
190	45	38	83	0	P999	1	-0.000000	-0.000000	0.003745	0.003745
191	37	22	59	1	P1	1	-0.003439	-0.003439	0.000101	0.000101
191	37	22	59	1	P50	1	-0.000515	-0.000515	0.003035	0.003035
191	37	22	59	1	P75	634	0.000082	0.000082	0.003419	0.003419
191	37	22	59	1	P90	1949	0.002226	0.002226	0.001781	0.001781
191	37	22	59	1	P95	2859	0.000353	0.000353	0.003640	0.003640
191	37	22	59	1	P99	3152	-0.000022	-0.000022	0.003261	0.003261
191	37	22	59	1	P999	3152	-0.000022	-0.000022	0.003261	0.003261
192	42	79	121	1	P1	1	-0.002109	-0.002109	0.000178	0.000178
192	42	79	121	1	P50	3	0.000426	0.000426	-0.001299	-0.001299
192	42	79	121	1	P75	4	-0.003907	-0.003907	-0.001972	-0.001972
192	42	79	121	1	P90	4	-0.002382	-0.002382	-0.000445	-0.000445
192	42	79	121	1	P95	4	-0.001873	-0.001873	0.000065	0.000065
192	42	79	121	1	P99	4	-0.001449	-0.001449	0.000490	0.000490
192	42	79	121	1	P999	5	-0.000259	-0.000259	0.001625	0.001625
193	3	3	6	0	P1	1	-0.003110	-0.003110	0.000623	0.000623
193	3	3	6	0	P50	1	-0.001245	-0.001867	0.002495	0.001871
193	3	3	6	0	P75	1	-0.000623	-0.000623	0.003120	0.003120
193	3	3	6	0	P90	1	-0.000000	-0.000000	0.003745	0.003745
193	3	3	6	0	P95	1	-0.000000	-0.000000	0.003745	0.003745
193	3	3	6	0	P99	1	-0.000000	-0.000000	0.003745	0.003745
193	3	3	6	0	P999	1	-0.000000	-0.000000	0.003745	0.003745
194	2341	7	2348	1	P1	38	0.001990	0.001990	0.002726	0.002726
194	2341	7	2348	1	P50	46	-0.000809	-0.000826	-0.000105	-0.000122
194	2341	7	2348	1	P75	49	-0.000583	-0.000608	0.000111	0.000086
194	2341	7	2348	1	P90	53	-0.000530	-0.000530	0.000151	0.000151
194	2341	7	2348	1	P95	58	-0.000437	-0.000437	0.000231	0.000231
194	2341	7	2348	1	P99	77	0.000955	0.000955	0.001578	0.001578
194	2341	7	2348	1	P999	106	0.000967	0.000967	0.001540	0.001540
195	126	352	478	0	P1	1	-0.003692	-0.003692	0.000039	0.000039
195	126	352	478	0	P50	1	-0.001852	-0.001859	0.001886	0.001879
195	126	352	478	0	P75	1	-0.000918	-0.000918	0.002823	0.002823
195	126	352	478	0	P90	1	-0.000353	-0.000353	0.003390	0.003390
195	126	352	478	0	P95	1	-0.000165	-0.000165	0.003579	0.003579
195	126	352	478	0	P99	1	-0.000016	-0.000016	0.003729	0.003729
195	126	352	478	0	P999	2	0.002116	0.002116	0.002116	0.002116
196	8	5	13	0	P1	1	-0.003421	-0.003421	0.000312	0.000312
196	8	5	13	0	P50	1	-0.001556	-0.001556	0.002183	0.002183
196	8	5	13	0	P75	1	-0.000623	-0.000623	0.003120	0.003120
196	8	5	13	0	P90	1	-0.000000	-0.000000	0.003745	0.003745
196	8	5	13	0	P95	2	0.002116	0.002116	0.002116	0.002116
196	8	5	13	0	P99	2	0.002116	0.002116	0.002116	0.002116
196	8	5	13	0	P999	2	0.002116	0.002116	0.002116	0.002116
197	15	495	510	1	P1	1	-0.003172	-0.003172	0.000081	0.000081
197	15	495	510	1	P50	1	0.000197	0.000184	0.003461	0.003447
197	15	495	510	1	P75	9	-0.001653	-0.001653	-0.002315	-0.002315
197	15	495	510	1	P90	9	0.000765	0.000733	0.000101	0.000069
197	15	495	510	1	P95	10	-0.002262	-0.002262	0.000801	0.000801
197	15	495	510	1	P99	10	0.000406	0.000406	0.003477	0.003477
197	15	495	510	1	P999	92	0.002006	0.002006	0.001147	0.001147
198	26	885	911	0	P1	1	-0.003690	-0.003690	0.000041	0.000041
198	26	885	911	0	P50	1	-0.001865	-0.001865	0.001873	0.001873
198	26	885	911	0	P75	1	-0.000931	-0.000931	0.002810	0.002810
198	26	885	911	0	P90	1	-0.000373	-0.000373	0.003370	0.003370
198	26	885	911	0	P95	1	-0.000185	-0.000185	0.003560	0.003560
198	26	885	911	0	P99	1	-0.000037	-0.000037	0.003708	0.003708
198	26	885	911	0	P999	1	-0.000000	-0.000000	0.003745	0.003745
199	246	7378	7624	1	P1	1	-0.001792	-0.001792	0.000121	0.000121
199	246	7378	7624	1	P50	2	-0.002017	-0.002018	-0.000132	-0.000133
199	246	7378	7624	1	P75	2	-0.000045	-0.000046	0.001844	0.001843
199	246	7378	7624	1	P90	3	0.000892	0.000892	-0.000974	-0.000974
199	246	7378	7624	1	P95	3	0.001938	0.001938	0.000069	0.000069
199	246	7378	7624	1	P99	8	-0.001671	-0.001671	0.000160	0.000160
199	246	7378	7624	1	P999	12	0.000268	0.000268	-0.001652	-0.001652
200	2	33	35	0	P1	1	-0.003625	-0.003625	0.000107	0.000107
200	2	33	35	0	P50	1	-0.001814	-0.001814	0.001924	0.001924
200	2	33	35	0	P75	1	-0.000854	-0.000854	0.002888	0.002888
200	2	33	35	0	P90	1	-0.000320	-0.000320	0.003423	0.003423
200	2	33	35	0	P95	1	-0.000107	-0.000107	0.003638	0.003638
200	2	33	35	0	P99	1	-0.000000	-0.000000	0.003745	0.003745
200	2	33	35	0	P999	1	-0.000000	-0.000000	0.003745	0.003745
201	44	537	581	1	P1	1	-0.002511	-0.002511	0.000510	0.000510
201	44	537	581	1	P50	15	-0.002874	-0.002874	-0.000191	-0.000191
201	44	537	581	1	P75	15	-0.001021	-0.001021	0.001667	0.001667
201	44	537	581	1	P90	16	0.001138	0.001138	0.000079	0.000079
201	44	537	581	1	P95	17	-0.001107	-0.001107	-0.002171	-0.002171
201	44	537	581	1	P99	19	-0.000514	-0.000514	-0.001593	-0.001593
201	44	537	581	1	P999	19	0.002158	0.002158	0.001076	0.001076
202	6	30	36	1	P1	1	-0.001567	-0.001567	0.000623	0.000623
202	6	30	36	1	P50	3	-0.003618	-0.003825	-0.001726	-0.001934
202	6	30	36	1	P75	3	-0.001754	-0.001961	0.000141	-0.000067
202	6	30	36	1	P90	4	-0.002927	-0.002927	-0.001112	-0.001112
202	6	30	36	1	P95	4	-0.001861	-0.001861	-0.000044	-0.000044
202	6	30	36	1	P99	4	-0.001328	-0.001328	0.000490	0.000490
202	6	30	36	1	P999	4	-0.001328	-0.001328	0.000490	0.000490
203	7	297	304	1	P1	4	0.001804	0.001804	-0.002249	-0.002249
203	7	297	304	1	P50	10	0.001002	0.000753	0.000499	0.000249
203	7	297	304	1	P75	17	0.002647	0.002179	-0.001705	-0.002171
203	7	297	304	1	P90	32	0.001968	0.001968	0.001225	0.001225
203	7	297	304	1	P95	66	0.005244	0.005244	0.000602	0.000602
203	7	297	304	1	P99	100	0.004725	0.004725	0.003745	0.003745
203	7	297	304	1	P999	111	0.005051	0.005051	0.000303	0.000303
204	3	6	9	0	P1	1	-0.003317	-0.003317	0.000415	0.000415
204	3	6	9	0	P50	1	-0.001660	-0.001660	0.002079	0.002079
204	3	6	9	0	P75	1	-0.000830	-0.000830	0.002912	0.002912
204	3	6	9	0	P90	1	-0.000000	-0.000000	0.003745	0.003745
204	3	6	9	0	P95	1	-0.000000	-0.000000	0.003745	0.003745
204	3	6	9	0	P99	1	-0.000000	-0.000000	0.003745	0.003745
204	3	6	9	0	P999	1	-0.000000	-0.000000	0.003745	0.003745
205	14	15	29	0	P1	1	-0.003603	-0.003603	0.000129	0.000129
205	14	15	29	0	P50	1	-0.001803	-0.001803	0.001935	0.001935
205	14	15	29	0	P75	1	-0.000902	-0.000902	0.002840	0.002840
205	14	15	29	0	P90	1	-0.000258	-0.000258	0.003486	0.003486
205	14	15	29	0	P95	1	-0.000129	-0.000129	0.003616	0.003616
205	14	15	29	0	P99	1	-0.000000	-0.000000	0.003745	0.003745
205	14	15	29	0	P999	1	-0.000000	-0.000000	0.003745	0.003745
206	165	6	171	0	P1	1	-0.003686	-0.003686	0.000045	0.000045
206	165	6	171	0	P50	1	-0.001811	-0.001811	0.001927	0.001927
206	165	6	171	0	P75	1	-0.000850	-0.000850	0.002892	0.002892
206	165	6	171	0	P90	1	-0.000291	-0.000291	0.003453	0.003453
206	165	6	171	0	P95	1	-0.000090	-0.000090	0.003655	0.003655
206	165	6	171	0	P99	2	0.001180	0.001180	0.001180	0.001180
206	165	6	171	0	P999	2	0.002116	0.002116	0.002116	0.002116
207	7	9	16	1	P1	1	-0.002629	-0.002629	0.000340	0.000340
207	7	9	16	1	P50	1	0.000086	-0.000254	0.003063	0.002722
207	7	9	16	1	P75	2	-0.003005	-0.003750	-0.000129	-0.000876
207	7	9	16	1	P90	2	-0.001513	-0.001513	0.001367	0.001367
207	7	9	16	1	P95	2	-0.000766	-0.000766	0.002116	0.002116
207	7	9	16	1	P99	2	-0.000766	-0.000766	0.002116	0.002116
207	7	9	16	1	P999	2	-0.000766	-0.000766	0.002116	0.002116
208	14	534	548	1	P1	1	-0.001713	-0.001713	0.000477	0.000477
208	14	534	548	1	P50	2	-0.001830	-0.001837	0.000174	0.000166
208	14	534	548	1	P75	2	-0.000750	-0.000758	0.001255	0.001247
208	14	534	548	1	P90	2	-0.000104	-0.000104	0.001903	0.001903
208	14	534	548	1	P95	2	0.000109	0.000109	0.002116	0.002116
208	14	534	548	1	P99	3	-0.002120	-0.002120	-0.000226	-0.000226
208	14	534	548	1	P999	4	-0.001328	-0.001328	0.000490	0.000490
209	538	351	889	1	P1	1	-0.003348	-0.003348	0.000096	0.000096
209	538	351	889	1	P50	14	-0.003211	-0.003211	0.000101	0.000101
209	538	351	889	1	P75	14	-0.000547	-0.000547	0.002773	0.002773
209	538	351	889	1	P90	15	0.000725	0.000725	0.000300	0.000300
209	538	351	889	1	P95	15	0.002294	0.002294	0.001868	0.001868
209	538	351	889	1	P99	17	0.000594	0.000594	0.000162	0.000162
209	538	351	889	1	P999	69	0.001508	0.001508	0.001006	0.001006
210	4	6	10	0	P1	1	-0.003359	-0.003359	0.000374	0.000374
210	4	6	10	0	P50	1	-0.001494	-0.001867	0.002245	0.001871
210	4	6	10	0	P75	1	-0.000747	-0.000747	0.002995	0.002995
210	4	6	10	0	P90	1	-0.000000	-0.000374	0.003745	0.003370
210	4	6	10	0	P95	1	-0.000000	-0.000000	0.003745	0.003745
210	4	6	10	0	P99	1	-0.000000	-0.000000	0.003745	0.003745
210	4	6	10	0	P999	1	-0.000000	-0.000000	0.003745	0.003745
211	231	2	233	0	P1	1	-0.003683	-0.003683	0.000048	0.000048
211	231	2	233	0	P50	1	-0.001851	-0.001851	0.001887	0.001887
211	231	2	233	0	P75	1	-0.000918	-0.000918	0.002824	0.002824
211	231	2	233	0	P90	1	-0.000354	-0.000354	0.003389	0.003389
211	231	2	233	0	P95	1	-0.000161	-0.000161	0.003583	0.003583
211	231	2	233	0	P99	1	-0.000016	-0.000016	0.003729	0.003729
211	231	2	233	0	P999	2	0.002116	0.002116	0.002116	0.002116
212	868	15	883	1	P1	1	-0.000567	-0.000567	0.002245	0.002245
212	868	15	883	1	P50	8	-0.002079	-0.002079	0.000394	0.000394
212	868	15	883	1	P75	8	0.000070	0.000070	0.002549	0.002549
212	868	15	883	1	P90	9	0.001923	0.001923	0.000639	0.000639
212	868	15	883	1	P95	10	0.001130	0.001130	0.003574	0.003574
212	868	15	883	1	P99	12	0.002170	0.002170	0.000839	0.000839
212	868	15	883	1	P999	19	0.002482	0.002482	0.001076	0.001076
213	7	578	585	1	P1	1	0.000394	0.000394	0.003209	0.003209
213	7	578	585	1	P50	7	-0.003871	-0.003871	-0.001381	-0.001381
213	7	578	585	1	P75	7	-0.001622	-0.001622	0.000874	0.000874
213	7	578	585	1	P90	9	-0.000774	-0.000774	-0.002055	-0.002055
213	7	578	585	1	P95	12	0.000298	0.000298	-0.001030	-0.001030
213	7	578	585	1	P99	17	0.001549	0.001549	0.000162	0.000162
213	7	578	585	1	P999	21	-0.000402	-0.000402	0.001919	0.001919
214	22	22	44	1	P1	11	-0.000427	-0.000427	-0.001237	-0.001237
214	22	22	44	1	P50	15	-0.000201	-0.000450	-0.001017	-0.001266
214	22	22	44	1	P75	15	0.002543	0.002293	0.001725	0.001476
214	22	22	44	1	P90	16	0.000729	0.000729	-0.000088	-0.000088
214	22	22	44	1	P95	16	0.001799	0.001799	0.000980	0.000980
214	22	22	44	1	P99	18	-0.000107	-0.000107	0.002815	0.002815
214	22	22	44	1	P999	18	-0.000107	-0.000107	0.002815	0.002815
215	26	8	34	1	P1	1	-0.002381	-0.002381	0.000144	0.000144
215	26	8	34	1	P50	1	0.000061	-0.000083	0.002591	0.002447
215	26	8	34	1	P75	1	0.001212	0.001212	0.003745	0.003745
215	26	8	34	1	P90	17	0.000100	0.000100	-0.001705	-0.001705
215	26	8	34	1	P95	17	0.001972	0.001972	0.000162	0.000162
215	26	8	34	1	P99	23	-0.001210	-0.001210	0.000657	0.000657
215	26	8	34	1	P999	23	-0.001210	-0.001210	0.000657	0.000657
216	17	2	19	1	P1	1	-0.002082	-0.002082	0.000208	0.000208
216	17	2	19	1	P50	1	-0.000104	-0.000104	0.002079	0.002079
216	17	2	19	1	P75	1	0.000996	0.000996	0.003120	0.003120
216	17	2	19	1	P90	1	0.005187	0.005187	0.003745	0.003745
216	17	2	19	1	P95	17	-0.001434	-0.001434	0.000162	0.000162
216	17	2	19	1	P99	17	-0.001434	-0.001434	0.000162	0.000162
216	17	2	19	1	P999	17	-0.001434	-0.001434	0.000162	0.000162
217	4	1127	1131	1	P1	1	0.000237	0.000237	0.001663	0.001663
217	4	1127	1131	1	P50	2	-0.000632	-0.000632	0.000697	0.000697
217	4	1127	1131	1	P75	2	0.000587	0.000587	0.001918	0.001918
217	4	1127	1131	1	P90	3	0.001101	0.001101	-0.001363	-0.001363
217	4	1127	1131	1	P95	3	0.002041	0.002041	-0.000425	-0.000425
217	4	1127	1131	1	P99	3	0.002784	0.002784	0.000316	0.000316
217	4	1127	1131	1	P999	106	0.000750	0.000750	0.001540	0.001540
218	113	90	203	1	P1	12	0.002885	0.002885	-0.000096	-0.000096
218	113	90	203	1	P50	444	-0.001274	-0.001274	-0.001076	-0.001076
218	113	90	203	1	P75	1276	0.000449	0.000449	0.000484	0.000484
218	113	90	203	1	P90	1386	0.002501	0.002501	0.000650	0.000650
218	113	90	203	1	P95	1532	0.003292	0.003292	0.003297	0.003297
218	113	90	203	1	P99	5724	0.001161	0.001161	0.000961	0.000961
218	113	90	203	1	P999	6713	0.002543	0.002543	0.002318	0.002318
219	56	119	175	1	P1	1	-0.002501	-0.002501	0.000174	0.000174
219	56	119	175	1	P50	18	-0.002977	-0.002977	-0.000835	-0.000835
219	56	119	175	1	P75	19	-0.004236	-0.004236	-0.002106	-0.002106
219	56	119	175	1	P90	20	-0.002884	-0.002884	-0.000761	-0.000761
219	56	119	175	1	P95	20	-0.000300	-0.000300	0.001828	0.001828
219	56	119	175	1	P99	24	0.000860	0.000860	0.002957	0.002957
219	56	119	175	1	P999	27	0.002717	0.002717	0.001047	0.001047
220	7	421	428	1	P1	1	-0.000367	-0.000367	0.002674	0.002674
220	7	421	428	1	P50	449	-0.001173	-0.001484	-0.000629	-0.000916
220	7	421	428	1	P75	464	-0.001579	-0.001799	0.000342	0.000031
220	7	421	428	1	P90	481	0.000701	0.000701	0.001117	0.001117
220	7	421	428	1	P95	493	0.002230	0.002230	0.000771	0.000771
220	7	421	428	1	P99	550	0.001233	0.001233	0.003507	0.003507
220	7	421	428	1	P999	679	-0.000119	-0.000119	0.002126	0.002126
221	106	2002	2108	1	P1	1	-0.002140	-0.002140	0.000049	0.000049
221	106	2002	2108	1	P50	1	0.000148	0.000146	0.002342	0.002340
221	106	2002	2108	1	P75	1	0.001318	0.001315	0.003514	0.003511
221	106	2002	2108	1	P90	2	0.002443	0.002443	0.000770	0.000770
221	106	2002	2108	1	P95	2	0.003689	0.003689	0.001958	0.001958
221	106	2002	2108	1	P99	3	-0.001599	-0.001599	0.000296	0.000296
221	106	2002	2108	1	P999	5	-0.002624	-0.002624	-0.000868	-0.000868
222	25	458	483	1	P1	1	-0.001700	-0.001700	0.000813	0.000813
222	25	458	483	1	P50	58	-0.002155	-0.002155	-0.000506	-0.000506
222	25	458	483	1	P75	66	-0.004580	-0.004580	-0.002962	-0.002962
222	25	458	483	1	P90	69	-0.001542	-0.001542	0.000071	0.000071
222	25	458	483	1	P95	72	-0.001022	-0.001022	0.000583	0.000583
222	25	458	483	1	P99	77	0.001857	0.001857	0.003451	0.003451
222	25	458	483	1	P999	136	0.001298	0.001298	0.002770	0.002770
223	11	1802	1813	1	P1	1	0.000659	0.000659	0.000568	0.000568
223	11	1802	1813	1	P50	2	0.000778	0.000778	0.000596	0.000596
223	11	1802	1813	1	P75	2	0.002066	0.002066	0.001883	0.001883
223	11	1802	1813	1	P90	3	0.002648	0.002648	-0.001330	-0.001330
223	11	1802	1813	1	P95	3	0.003637	0.003637	-0.000345	-0.000345
223	11	1802	1813	1	P99	4	-0.000481	-0.000481	-0.000756	-0.000756
223	11	1802	1813	1	P999	219	0.001879	0.001879	0.001071	0.001071
224	1784	2894	4678	1	P1	1	-0.000701	-0.000701	0.000663	0.000663
224	1784	2894	4678	1	P50	2	-0.000716	-0.000717	0.000545	0.000544
224	1784	2894	4678	1	P75	2	0.000506	0.000506	0.001768	0.001768
224	1784	2894	4678	1	P90	3	-0.000495	-0.000495	-0.001709	-0.001709
224	1784	2894	4678	1	P95	3	0.001248	0.001248	-0.000649	-0.000649
224	1784	2894	4678	1	P99	3	0.002644	0.002644	0.000199	0.000199
224	1784	2894	4678	1	P999	4	0.001468	0.001468	-0.000445	-0.000445
225	963	72	1035	0	P1	1	-0.003691	-0.003691	0.000040	0.000040
225	963	72	1035	0	P50	1	-0.001840	-0.001840	0.001898	0.001898
225	963	72	1035	0	P75	1	-0.000893	-0.000893	0.002849	0.002849
225	963	72	1035	0	P90	1	-0.000326	-0.000326	0.003418	0.003418
225	963	72	1035	0	P95	1	-0.000135	-0.000135	0.003609	0.003609
225	963	72	1035	0	P99	2	-0.000556	-0.000556	-0.000556	-0.000556
225	963	72	1035	0	P999	2	0.001849	0.001849	0.001849	0.001849
226	155	9	164	1	P1	1	-0.003307	-0.003307	0.000051	0.000051
226	155	9	164	1	P50	1	-0.001266	-0.001291	0.002098	0.002073
226	155	9	164	1	P75	1	-0.000231	-0.000256	0.003137	0.003111
226	155	9	164	1	P90	1	0.000375	0.000375	0.003745	0.003745
226	155	9	164	1	P95	56	0.001073	0.001073	0.000434	0.000434
226	155	9	164	1	P99	63	0.002916	0.002916	0.002269	0.002269
226	155	9	164	1	P999	126	0.001334	0.001334	0.000642	0.000642
227	754	274	1028	1	P1	1	-0.002923	-0.002923	0.000045	0.000045
227	754	274	1028	1	P50	1	-0.000875	-0.000879	0.002099	0.002095
227	754	274	1028	1	P75	1	0.000171	0.000167	0.003148	0.003144
227	754	274	1028	1	P90	2	-0.004224	-0.004224	-0.001351	-0.001351
227	754	274	1028	1	P95	2	-0.002496	-0.002496	0.000381	0.000381
227	754	274	1028	1	P99	2	-0.001105	-0.001105	0.001776	0.001776
227	754	274	1028	1	P999	2	-0.000800	-0.000800	0.002082	0.002082
228	1129	770	1899	1	P1	1	-0.001652	-0.001652	0.000131	0.000131
228	1129	770	1899	1	P50	2	-0.000700	-0.000700	0.001039	0.001039
228	1129	770	1899	1	P75	114	-0.001028	-0.001028	0.000447	0.000447
228	1129	770	1899	1	P90	118	-0.001695	-0.001695	-0.000224	-0.000224
228	1129	770	1899	1	P95	120	0.002485	0.002485	0.000216	0.000216
228	1129	770	1899	1	P99	127	0.000347	0.000347	-0.001921	-0.001921
228	1129	770	1899	1	P999	167	0.001566	0.001566	0.003020	0.003020
229	1620	3610	5230	1	P1	33	0.004268	0.004268	0.002155	0.002155
229	1620	3610	5230	1	P50	37	0.001976	0.001971	0.003579	0.003574
229	1620	3610	5230	1	P75	57	-0.002087	-0.002087	-0.000624	-0.000624
229	1620	3610	5230	1	P90	67	-0.003328	-0.003364	-0.001903	-0.001939
229	1620	3610	5230	1	P95	69	-0.002193	-0.002193	-0.000776	-0.000776
229	1620	3610	5230	1	P99	73	-0.001037	-0.001037	0.000366	0.000366
229	1620	3610	5230	1	P999	198	-0.000163	-0.000163	0.000951	0.000951
230	152055	171	152226	1	P1	1	-0.000698	-0.000698	0.002954	0.002954
230	152055	171	152226	1	P50	58	-0.002212	-0.002212	0.001051	0.001051
230	152055	171	152226	1	P75	60	0.000452	0.000452	-0.000024	-0.000024
230	152055	171	152226	1	P90	62	-0.003081	-0.003081	0.000174	0.000174
230	152055	171	152226	1	P95	63	0.001442	0.001442	0.000961	0.000961
230	152055	171	152226	1	P99	69	0.000440	0.000440	-0.000049	-0.000049
230	152055	171	152226	1	P999	168	0.001357	0.001357	0.000783	0.000783
231	599	4191	4790	1	P1	1	-0.002896	-0.002896	0.000230	0.000230
231	599	4191	4790	1	P50	57	-0.000595	-0.000600	-0.001628	-0.001634
231	599	4191	4790	1	P75	59	-0.001893	-0.001893	-0.002928	-0.002928
231	599	4191	4790	1	P90	60	-0.000387	-0.000400	0.002313	0.002301
231	599	4191	4790	1	P95	62	-0.000973	-0.000973	0.001723	0.001723
231	599	4191	4790	1	P99	69	0.001126	0.001126	0.000071	0.000071
231	599	4191	4790	1	P999	172	0.000832	0.000832	0.003424	0.003424
232	168	741	909	1	P1	1	-0.002460	-0.002460	0.000065	0.000065
232	168	741	909	1	P50	1	0.000431	0.000431	0.002962	0.002962
232	168	741	909	1	P75	2	0.002350	0.002350	0.000991	0.000991
232	168	741	909	1	P90	29	-0.003322	-0.003322	-0.001506	-0.001506
232	168	741	909	1	P95	30	0.000406	0.000406	-0.001519	-0.001519
232	168	741	909	1	P99	32	0.000361	0.000361	0.002161	0.002161
232	168	741	909	1	P999	105	0.001995	0.001995	0.003548	0.003548
233	5104	190	5294	1	P1	37	-0.001439	-0.001439	0.000794	0.000794
233	5104	190	5294	1	P50	111	0.001304	0.001296	-0.000423	-0.000431
233	5104	190	5294	1	P75	115	-0.002609	-0.002609	-0.000607	-0.000607
233	5104	190	5294	1	P90	119	-0.000335	-0.000335	0.001664	0.001664
233	5104	190	5294	1	P95	123	0.000244	0.000244	0.002238	0.002238
233	5104	190	5294	1	P99	147	0.001532	0.001532	0.003492	0.003492
233	5104	190	5294	1	P999	265	-0.000788	-0.000788	0.001049	0.001049
234	84	233	317	1	P1	45	0.003650	0.003650	0.002324	0.002324
234	84	233	317	1	P50	94	-0.002363	-0.002363	-0.000112	-0.000112
234	84	233	317	1	P75	145	0.000076	0.000076	0.002235	0.002235
234	84	233	317	1	P90	163	-0.001970	-0.001970	0.000159	0.000159
234	84	233	317	1	P95	172	0.001301	0.001301	0.003424	0.003424
234	84	233	317	1	P99	193	0.002009	0.002009	0.000362	0.000362
234	84	233	317	1	P999	312	0.000260	0.000260	0.002248	0.002248
235	4	253	257	1	P1	1	-0.002455	-0.002455	0.000045	0.000045
235	4	253	257	1	P50	1	-0.000588	-0.000588	0.001915	0.001915
235	4	253	257	1	P75	1	0.000361	0.000361	0.002867	0.002867
235	4	253	257	1	P90	1	0.000940	0.000940	0.003447	0.003447
235	4	253	257	1	P95	1	0.001133	0.001133	0.003641	0.003641
235	4	253	257	1	P99	150	0.000547	0.000547	0.001975	0.001975
235	4	253	257	1	P999	175	-0.000314	-0.000314	0.001079	0.001079
236	59	3247	3306	1	P1	1	-0.001357	-0.001357	0.001462	0.001462
236	59	3247	3306	1	P50	289	0.000863	0.000801	-0.000961	-0.001023
236	59	3247	3306	1	P75	303	0.001438	0.001438	-0.000190	-0.000190
236	59	3247	3306	1	P90	325	0.000426	0.000426	0.002188	0.002188
236	59	3247	3306	1	P95	337	-0.001766	-0.001766	0.000069	0.000069
236	59	3247	3306	1	P99	369	0.000786	0.000786	0.002664	0.002664
236	59	3247	3306	1	P999	480	0.003239	0.003239	0.001329	0.001329
237	70	68	138	1	P1	1	-0.002857	-0.002857	0.000107	0.000107
237	70	68	138	1	P50	1	0.000771	0.000717	0.003745	0.003691
237	70	68	138	1	P75	10	0.000966	0.000966	0.003631	0.003631
237	70	68	138	1	P90	11	-0.000948	-0.000948	0.001700	0.001700
237	70	68	138	1	P95	12	0.001408	0.001408	0.000305	0.000305
237	70	68	138	1	P99	14	0.001068	0.001068	0.003689	0.003689
237	70	68	138	1	P999	36	0.002440	0.002440	0.001188	0.001188
238	1349	3308	4657	1	P1	1	-0.002366	-0.002366	0.000563	0.000563
238	1349	3308	4657	1	P50	371	0.000167	0.000167	-0.000134	-0.000134
238	1349	3308	4657	1	P75	399	-0.001646	-0.001646	-0.000371	-0.000371
238	1349	3308	4657	1	P90	416	0.000761	0.000761	0.002390	0.002390
238	1349	3308	4657	1	P95	434	0.000276	0.000276	0.000211	0.000211
238	1349	3308	4657	1	P99	504	0.001417	0.001417	0.001132	0.001132
238	1349	3308	4657	1	P999	653	0.002263	0.002263	0.000050	0.000050
239	3942	495	4437	1	P1	1	-0.002931	-0.002931	0.000135	0.000135
239	3942	495	4437	1	P50	264	0.001123	0.001123	-0.000192	-0.000192
239	3942	495	4437	1	P75	271	-0.000948	-0.000948	-0.002262	-0.002262
239	3942	495	4437	1	P90	277	0.000252	0.000252	-0.000031	-0.000031
239	3942	495	4437	1	P95	282	-0.000707	-0.000707	0.001711	0.001711
239	3942	495	4437	1	P99	307	0.000295	0.000295	0.001374	0.001374
239	3942	495	4437	1	P999	475	0.000099	0.000099	0.000586	0.000586
240	1936	123	2059	1	P1	28	0.002152	0.002152	0.000909	0.000909
240	1936	123	2059	1	P50	43	-0.002258	-0.002258	0.000054	0.000054
240	1936	123	2059	1	P75	44	-0.001570	-0.001570	0.000588	0.000588
240	1936	123	2059	1	P90	46	-0.001453	-0.001453	0.000785	0.000785
240	1936	123	2059	1	P95	48	0.002728	0.002728	0.001329	0.001329
240	1936	123	2059	1	P99	86	-0.000871	-0.000871	0.001305	0.001305
240	1936	123	2059	1	P999	167	0.001031	0.001031	0.003020	0.003020
241	3226	3955	7181	1	P1	1	-0.003450	-0.003450	0.000484	0.000484
241	3226	3955	7181	1	P50	29	-0.002405	-0.002405	-0.002354	-0.002354
241	3226	3955	7181	1	P75	56	-0.001211	-0.001211	-0.001190	-0.001190
241	3226	3955	7181	1	P90	58	0.002612	0.002612	0.002631	0.002631
241	3226	3955	7181	1	P95	60	0.000342	0.000342	0.000360	0.000360
241	3226	3955	7181	1	P99	64	-0.001276	-0.001276	-0.001261	-0.001261
241	3226	3955	7181	1	P999	94	0.002072	0.002072	0.002070	0.002070
242	45	6875	6920	1	P1	66	-0.004461	-0.004461	-0.002768	-0.002768
242	45	6875	6920	1	P50	95	-0.001033	-0.001128	0.000591	0.000495
242	45	6875	6920	1	P75	107	-0.001874	-0.001886	-0.000275	-0.000288
242	45	6875	6920	1	P90	110	0.000162	0.000144	0.001757	0.001740
242	45	6875	6920	1	P95	113	-0.002786	-0.002829	-0.001200	-0.001243
242	45	6875	6920	1	P99	122	-0.001563	-0.001563	0.000009	0.000009
242	45	6875	6920	1	P999	245	-0.000407	-0.000407	0.001024	0.001024
243	51	80	131	1	P1	1	-0.002860	-0.002860	0.000108	0.000108
243	51	80	131	1	P50	1	0.000604	0.000604	0.003582	0.003582
243	51	80	131	1	P75	2	-0.002534	-0.002534	0.000343	0.000343
243	51	80	131	1	P90	2	-0.001290	-0.001290	0.001591	0.001591
243	51	80	131	1	P95	2	-0.000831	-0.000831	0.002050	0.002050
243	51	80	131	1	P99	3	0.000513	0.000513	-0.000399	-0.000399
243	51	80	131	1	P999	3	0.001262	0.001262	0.000349	0.000349
244	131	86	217	1	P1	1	-0.003473	-0.003473	0.000094	0.000094
244	131	86	217	1	P50	1	-0.000150	-0.000150	0.003430	0.003430
244	131	86	217	1	P75	113	-0.001679	-0.001679	-0.001978	-0.001978
244	131	86	217	1	P90	124	0.001995	0.001995	0.001692	0.001692
244	131	86	217	1	P95	140	-0.001618	-0.001618	0.001815	0.001815
244	131	86	217	1	P99	150	0.002283	0.002283	0.001975	0.001975
244	131	86	217	1	P999	184	-0.000164	-0.000164	0.003266	0.003266
245	47	792	839	1	P1	1	-0.001810	-0.001810	0.000716	0.000716
245	47	792	839	1	P50	22	0.001769	0.001769	-0.000094	-0.000094
245	47	792	839	1	P75	23	-0.001830	-0.001830	0.000036	0.000036
245	47	792	839	1	P90	24	0.000683	0.000683	0.002545	0.002545
245	47	792	839	1	P95	25	0.000294	0.000294	0.002146	0.002146
245	47	792	839	1	P99	29	0.001595	0.001595	-0.000326	-0.000326
245	47	792	839	1	P999	66	0.002698	0.002698	0.000602	0.000602
246	335	3711	4046	1	P1	1	-0.003317	-0.003317	0.000264	0.000264
246	335	3711	4046	1	P50	235	0.001285	0.001264	0.000988	0.000967
246	335	3711	4046	1	P75	242	-0.000619	-0.000619	-0.000916	-0.000916
246	335	3711	4046	1	P90	255	-0.000992	-0.000992	-0.001290	-0.001290
246	335	3711	4046	1	P95	275	-0.000804	-0.000804	-0.001104	-0.001104
246	335	3711	4046	1	P99	340	0.002586	0.002586	0.002279	0.002279
246	335	3711	4046	1	P999	437	0.002047	0.002047	0.001734	0.001734
247	51	214	265	0	P1	1	-0.003661	-0.003661	0.000070	0.000070
247	51	214	265	0	P50	1	-0.000631	-0.000631	0.003112	0.003112
247	51	214	265	0	P75	2	-0.000236	-0.000236	-0.000236	-0.000236
247	51	214	265	0	P90	2	0.001189	0.001189	0.001189	0.001189
247	51	214	265	0	P95	2	0.001652	0.001652	0.001652	0.001652
247	51	214	265	0	P99	2	0.002045	0.002045	0.002045	0.002045
247	51	214	265	0	P999	2	0.002116	0.002116	0.002116	0.002116
248	317	553	870	1	P1	26	-0.000404	-0.000404	-0.000318	-0.000318
248	317	553	870	1	P50	30	0.003086	0.003048	-0.000595	-0.000633
248	317	553	870	1	P75	56	-0.000746	-0.000746	-0.000789	-0.000789
248	317	553	870	1	P90	59	-0.002550	-0.002688	-0.002601	-0.002739
248	317	553	870	1	P95	60	0.001358	0.001358	0.001303	0.001303
248	317	553	870	1	P99	63	0.000727	0.000727	0.000664	0.000664
248	317	553	870	1	P999	67	0.000589	0.000589	0.000516	0.000516
249	872	755	1627	1	P1	1	-0.002753	-0.002753	0.000074	0.000074
249	872	755	1627	1	P50	1	0.000697	0.000697	0.003532	0.003532
249	872	755	1627	1	P75	20	-0.003450	-0.003450	-0.001098	-0.001098
249	872	755	1627	1	P90	21	-0.003326	-0.003326	-0.000982	-0.000982
249	872	755	1627	1	P95	21	-0.000502	-0.000502	0.001849	0.001849
249	872	755	1627	1	P99	24	-0.000621	-0.000621	0.001708	0.001708
249	872	755	1627	1	P999	143	0.002866	0.002866	0.001171	0.001171
250	1620	2951	4571	1	P1	1	-0.002420	-0.002420	0.001294	0.001294
250	1620	2951	4571	1	P50	12	-0.000089	-0.000089	-0.000121	-0.000121
250	1620	2951	4571	1	P75	13	0.001458	0.001458	0.001425	0.001425
250	1620	2951	4571	1	P90	14	0.000763	0.000763	0.001474	0.001474
250	1620	2951	4571	1	P95	14	0.003339	0.003339	0.003403	0.003403
250	1620	2951	4571	1	P99	16	0.000609	0.000609	0.000576	0.000576
250	1620	2951	4571	1	P999	64	0.001510	0.001510	0.001471	0.001471
251	411	33	444	0	P1	1	-0.003689	-0.003689	0.000042	0.000042
251	411	33	444	0	P50	1	-0.001850	-0.001859	0.001888	0.001879
251	411	33	444	0	P75	1	-0.000913	-0.000921	0.002829	0.002820
251	411	33	444	0	P90	1	-0.000355	-0.000355	0.003388	0.003388
251	411	33	444	0	P95	1	-0.000169	-0.000169	0.003575	0.003575
251	411	33	444	0	P99	1	-0.000017	-0.000017	0.003728	0.003728
251	411	33	444	0	P999	2	0.002116	0.002116	0.002116	0.002116
252	26238	3	26241	1	P1	1001	-0.003346	-0.003346	-0.000991	-0.000991
252	26238	3	26241	1	P50	1001	-0.001268	-0.001268	0.000856	0.000856
252	26238	3	26241	1	P75	1002	-0.001203	-0.001203	0.000799	0.000799
252	26238	3	26241	1	P90	1002	-0.000175	-0.000175	0.001365	0.001365
252	26238	3	26241	1	P95	1002	0.001475	0.001475	0.001554	0.001554
252	26238	3	26241	1	P99	1002	0.002796	0.002796	0.001705	0.001705
252	26238	3	26241	1	P999	1003	0.002094	0.002094	0.000740	0.000740
253	2	209	211	1	P1	13	-0.000060	-0.000060	0.003036	0.003036
253	2	209	211	1	P50	454	0.002180	0.002180	0.000948	0.000948
253	2	209	211	1	P75	487	-0.000695	-0.000695	0.001804	0.001804
253	2	209	211	1	P90	928	0.001312	0.001312	0.003709	0.003709
253	2	209	211	1	P95	960	-0.000812	-0.000812	0.001575	0.001575
253	2	209	211	1	P99	987	-0.000510	-0.000510	0.001873	0.001873
253	2	209	211	1	P999	1142	-0.000572	-0.000572	0.001787	0.001787
254	2	3	5	1	P1	1	-0.001388	-0.001388	0.001871	0.001871
254	2	3	5	1	P50	7	0.002214	0.002214	0.001570	0.001570
254	2	3	5	1	P75	8	-0.002347	-0.002347	0.000735	0.000735
254	2	3	5	1	P90	8	-0.000480	-0.000480	0.002607	0.002607
254	2	3	5	1	P95	8	-0.000480	-0.000480	0.002607	0.002607
254	2	3	5	1	P99	8	-0.000480	-0.000480	0.002607	0.002607
254	2	3	5	1	P999	8	-0.000480	-0.000480	0.002607	0.002607
255	3	3	6	1	P1	1	-0.001869	-0.001869	0.001247	0.001247
255	3	3	6	1	P50	210	-0.000622	-0.995235	0.001919	-0.995220
255	3	3	6	1	P75	211	0.002107	0.002107	0.000905	0.000905
255	3	3	6	1	P90	212	0.001115	0.001115	0.003659	0.003659
255	3	3	6	1	P95	212	0.001115	0.001115	0.003659	0.003659
255	3	3	6	1	P99	212	0.001115	0.001115	0.003659	0.003659
255	3	3	6	1	P999	212	0.001115	0.001115	0.003659	0.003659
256	19	2	21	1	P1	1	-0.000312	-0.000312	0.001871	0.001871
256	19	2	21	1	P50	12	-0.001914	-0.001914	-0.000407	-0.000407
256	19	2	21	1	P75	13	-0.000324	-0.000324	0.001163	0.001163
256	19	2	21	1	P90	14	0.000347	0.000347	0.001815	0.001815
256	19	2	21	1	P95	14	0.002219	0.002219	0.003689	0.003689
256	19	2	21	1	P99	15	0.000525	0.000525	0.001975	0.001975
256	19	2	21	1	P999	15	0.000525	0.000525	0.001975	0.001975
257	19	15	34	1	P1	1	-0.003114	-0.003114	0.000249	0.000249
257	19	15	34	1	P50	15	0.001584	0.000649	0.001039	0.000104
257	19	15	34	1	P75	16	0.000407	0.000407	-0.000142	-0.000142
257	19	15	34	1	P90	17	-0.001153	-0.001153	-0.001705	-0.001705
257	19	15	34	1	P95	17	0.000715	0.000715	0.000162	0.000162
257	19	15	34	1	P99	18	-0.000370	-0.000370	0.002815	0.002815
257	19	15	34	1	P999	18	-0.000370	-0.000370	0.002815	0.002815
258	10	380	390	1	P1	1	-0.002323	-0.002323	0.000040	0.000040
258	10	380	390	1	P50	1	-0.000426	-0.000436	0.001940	0.001930
258	10	380	390	1	P75	1	0.000533	0.000533	0.002902	0.002902
258	10	380	390	1	P90	1	0.001118	0.001108	0.003487	0.003477
258	10	380	390	1	P95	1	0.001306	0.001306	0.003675	0.003675
258	10	380	390	1	P99	32	-0.000935	-0.000935	0.000602	0.000602
258	10	380	390	1	P999	33	0.000696	0.000696	0.002228	0.002228
259	13	1081	1094	0	P1	1	-0.003677	-0.003677	0.000054	0.000054
259	13	1081	1094	0	P50	1	-0.001046	-0.001051	0.002695	0.002690
259	13	1081	1094	0	P75	2	-0.000893	-0.000893	-0.000893	-0.000893
259	13	1081	1094	0	P90	2	0.001104	0.001104	0.001104	0.001104
259	13	1081	1094	0	P95	2	0.001775	0.001775	0.001775	0.001775
259	13	1081	1094	0	P99	3	-0.000996	-0.000996	-0.000996	-0.000996
259	13	1081	1094	0	P999	3	0.000349	0.000349	0.000349	0.000349
260	834	2774	3608	0	P1	1	-0.003693	-0.003693	0.000039	0.000039
260	834	2774	3608	0	P50	1	-0.001853	-0.001854	0.001885	0.001884
260	834	2774	3608	0	P75	1	-0.000913	-0.000915	0.002828	0.002827
260	834	2774	3608	0	P90	1	-0.000349	-0.000349	0.003394	0.003394
260	834	2774	3608	0	P95	1	-0.000162	-0.000162	0.003583	0.003583
260	834	2774	3608	0	P99	1	-0.000011	-0.000011	0.003733	0.003733
260	834	2774	3608	0	P999	2	0.001804	0.001804	0.001804	0.001804
261	1062	344	1406	0	P1	1	-0.003619	-0.003619	0.000112	0.000112
261	1062	344	1406	0	P50	21	-0.001726	-0.001741	-0.001726	-0.001741
261	1062	344	1406	0	P75	22	-0.001691	-0.001691	-0.001691	-0.001691
261	1062	344	1406	0	P90	23	-0.000702	-0.000702	-0.000702	-0.000702
261	1062	344	1406	0	P95	24	0.000563	0.000563	0.000563	0.000563
261	1062	344	1406	0	P99	25	0.002691	0.002691	0.002691	0.002691
261	1062	344	1406	0	P999	29	0.000609	0.000609	0.000609	0.000609
262	6	19	25	0	P1	1	-0.003582	-0.003582	0.000150	0.000150
262	6	19	25	0	P50	1	-0.001793	-0.001793	0.001946	0.001946
262	6	19	25	0	P75	1	-0.000897	-0.000897	0.002845	0.002845
262	6	19	25	0	P90	1	-0.000299	-0.000299	0.003445	0.003445
262	6	19	25	0	P95	1	-0.000150	-0.000150	0.003595	0.003595
262	6	19	25	0	P99	1	-0.000000	-0.000000	0.003745	0.003745
262	6	19	25	0	P999	1	-0.000000	-0.000000	0.003745	0.003745
263	3	6	9	1	P1	1	-0.002067	-0.002067	0.000623	0.000623
263	3	6	9	1	P50	1	0.000423	0.000423	0.003120	0.003120
263	3	6	9	1	P75	27	-0.002912	-0.002912	-0.000822	-0.000822
263	3	6	9	1	P90	28	-0.000028	-0.000028	0.002060	0.002060
263	3	6	9	1	P95	28	-0.000028	-0.000028	0.002060	0.002060
263	3	6	9	1	P99	28	-0.000028	-0.000028	0.002060	0.002060
263	3	6	9	1	P999	28	-0.000028	-0.000028	0.002060	0.002060
264	3	3	6	1	P1	1	0.000292	0.000292	0.001871	0.001871
264	3	3	6	1	P50	29	-0.002477	-0.930992	-0.001260	-0.930889
264	3	3	6	1	P75	29	-0.000611	-0.000611	0.000609	0.000609
264	3	3	6	1	P90	32	0.001887	0.001887	0.003098	0.003098
264	3	3	6	1	P95	32	0.001887	0.001887	0.003098	0.003098
264	3	3	6	1	P99	32	0.001887	0.001887	0.003098	0.003098
264	3	3	6	1	P999	32	0.001887	0.001887	0.003098	0.003098
265	75	2	77	0	P1	1	-0.003682	-0.003682	0.000049	0.000049
265	75	2	77	0	P50	1	-0.001818	-0.001818	0.001920	0.001920
265	75	2	77	0	P75	1	-0.000885	-0.000885	0.002857	0.002857
265	75	2	77	0	P90	1	-0.000295	-0.000295	0.003449	0.003449
265	75	2	77	0	P95	1	-0.000098	-0.000098	0.003646	0.003646
265	75	2	77	0	P99	2	0.002116	0.002116	0.002116	0.002116
265	75	2	77	0	P999	2	0.002116	0.002116	0.002116	0.002116
266	2070	280	2350	0	P1	1	-0.003693	-0.003693	0.000038	0.000038
266	2070	280	2350	0	P50	1	-0.001861	-0.001862	0.001877	0.001876
266	2070	280	2350	0	P75	1	-0.000926	-0.000926	0.002815	0.002815
266	2070	280	2350	0	P90	1	-0.000364	-0.000365	0.003380	0.003378
266	2070	280	2350	0	P95	1	-0.000177	-0.000177	0.003567	0.003567
266	2070	280	2350	0	P99	1	-0.000027	-0.000027	0.003718	0.003718
266	2070	280	2350	0	P999	2	0.001367	0.001367	0.001367	0.001367
267	3	5	8	1	P1	1	-0.001943	-0.001943	0.000748	0.000748
267	3	5	8	1	P50	1	0.001047	0.000299	0.003745	0.002995
267	3	5	8	1	P75	28	-0.000028	-0.036723	0.002060	-0.034705
267	3	5	8	1	P90	30	0.002016	0.002016	0.000349	0.000349
267	3	5	8	1	P95	30	0.002016	0.002016	0.000349	0.000349
267	3	5	8	1	P99	30	0.002016	0.002016	0.000349	0.000349
267	3	5	8	1	P999	30	0.002016	0.002016	0.000349	0.000349
268	3	3	6	1	P1	1	-0.001281	-0.001281	0.001247	0.001247
268	3	3	6	1	P50	28	0.000232	-0.964242	0.002060	-0.964152
268	3	3	6	1	P75	29	-0.003075	-0.003075	-0.001260	-0.001260
268	3	3	6	1	P90	29	-0.001210	-0.001210	0.000609	0.000609
268	3	3	6	1	P95	29	-0.001210	-0.001210	0.000609	0.000609
268	3	3	6	1	P99	29	-0.001210	-0.001210	0.000609	0.000609
268	3	3	6	1	P999	29	-0.001210	-0.001210	0.000609	0.000609
269	180	2	182	1	P1	1	-0.002647	-0.002647	0.000042	0.000042
269	180	2	182	1	P50	1	-0.000781	-0.000802	0.001912	0.001892
269	180	2	182	1	P75	1	0.000153	0.000153	0.002849	0.002849
269	180	2	182	1	P90	1	0.000714	0.000714	0.003412	0.003412
269	180	2	182	1	P95	1	0.000901	0.000901	0.003599	0.003599
269	180	2	182	1	P99	27	-0.001046	-0.001046	0.001047	0.001047
269	180	2	182	1	P999	28	-0.000028	-0.000028	0.002060	0.002060
270	3	2	5	0	P1	1	-0.002986	-0.002986	0.000748	0.000748
270	3	2	5	0	P50	1	-0.001494	-0.001494	0.002245	0.002245
270	3	2	5	0	P75	1	-0.000747	-0.000747	0.002995	0.002995
270	3	2	5	0	P90	1	-0.000000	-0.000000	0.003745	0.003745
270	3	2	5	0	P95	1	-0.000000	-0.000000	0.003745	0.003745
270	3	2	5	0	P99	1	-0.000000	-0.000000	0.003745	0.003745
270	3	2	5	0	P999	1	-0.000000	-0.000000	0.003745	0.003745
271	4	14	18	1	P1	1	-0.002816	-0.002816	0.000267	0.000267
271	4	14	18	1	P50	1	-0.000417	-0.000684	0.002674	0.002406
271	4	14	18	1	P75	1	0.000652	0.000652	0.003745	0.003745
271	4	14	18	1	P90	29	0.001643	0.001643	0.000609	0.000609
271	4	14	18	1	P95	30	0.001386	0.001386	0.000349	0.000349
271	4	14	18	1	P99	30	0.001386	0.001386	0.000349	0.000349
271	4	14	18	1	P999	30	0.001386	0.001386	0.000349	0.000349
272	2	5227	5229	0	P1	1	-0.003693	-0.003693	0.000038	0.000038
272	2	5227	5229	0	P50	1	-0.001862	-0.001862	0.001876	0.001876
272	2	5227	5229	0	P75	1	-0.000927	-0.000927	0.002815	0.002815
272	2	5227	5229	0	P90	1	-0.000365	-0.000365	0.003379	0.003379
272	2	5227	5229	0	P95	1	-0.000178	-0.000178	0.003567	0.003567
272	2	5227	5229	0	P99	1	-0.000028	-0.000028	0.003717	0.003717
272	2	5227	5229	0	P999	2	0.000868	0.000868	0.000868	0.000868
273	1523	31	1554	1	P1	1	-0.002649	-0.002649	0.000039	0.000039
273	1523	31	1554	1	P50	1	-0.000774	-0.000777	0.001919	0.001916
273	1523	31	1554	1	P75	1	0.000181	0.000181	0.002877	0.002877
273	1523	31	1554	1	P90	1	0.000756	0.000756	0.003453	0.003453
273	1523	31	1554	1	P95	1	0.000948	0.000948	0.003646	0.003646
273	1523	31	1554	1	P99	27	-0.002166	-0.002166	-0.000075	-0.000075
273	1523	31	1554	1	P999	30	0.002016	0.002016	0.000349	0.000349
274	48	28	76	1	P1	1	-0.002911	-0.002911	0.000058	0.000058
274	48	28	76	1	P50	1	-0.000729	-0.000787	0.002245	0.002188
274	48	28	76	1	P75	1	0.000363	0.000306	0.003341	0.003283
274	48	28	76	1	P90	2	-0.003005	-0.003005	-0.000265	-0.000265
274	48	28	76	1	P95	2	-0.001513	-0.001513	0.001095	0.001095
274	48	28	76	1	P99	2	0.002977	0.002977	0.002116	0.002116
274	48	28	76	1	P999	2	0.002977	0.002977	0.002116	0.002116
275	53	1927	1980	1	P1	1	-0.003043	-0.003043	0.000039	0.000039
275	53	1927	1980	1	P50	1	-0.001160	-0.001162	0.001928	0.001926
275	53	1927	1980	1	P75	1	-0.000198	-0.000200	0.002893	0.002891
275	53	1927	1980	1	P90	1	0.000379	0.000377	0.003472	0.003470
275	53	1927	1980	1	P95	1	0.000572	0.000570	0.003665	0.003663
275	53	1927	1980	1	P99	29	0.001643	0.001643	0.000609	0.000609
275	53	1927	1980	1	P999	33	-0.000465	-0.000465	0.002228	0.002228
276	9	12	21	1	P1	1	-0.002772	-0.002772	0.000312	0.000312
276	9	12	21	1	P50	1	0.000340	0.000340	0.003432	0.003432
276	9	12	21	1	P75	27	0.002073	0.002073	0.001047	0.001047
276	9	12	21	1	P90	28	-0.002144	-0.002144	0.000563	0.000563
276	9	12	21	1	P95	28	-0.001398	-0.001398	0.001312	0.001312
276	9	12	21	1	P99	28	-0.000651	-0.000651	0.002060	0.002060
276	9	12	21	1	P999	28	-0.000651	-0.000651	0.002060	0.002060
277	9	9	18	1	P1	1	-0.002156	-0.002156	0.000534	0.000534
277	9	9	18	1	P50	27	-0.001046	-0.925682	0.001047	-0.925769
277	9	9	18	1	P75	29	-0.000536	-0.000536	-0.002192	-0.002192
277	9	9	18	1	P90	29	0.002270	0.002270	0.000609	0.000609
277	9	9	18	1	P95	30	0.002016	0.002016	0.000349	0.000349
277	9	9	18	1	P99	30	0.002016	0.002016	0.000349	0.000349
277	9	9	18	1	P999	30	0.002016	0.002016	0.000349	0.000349
278	267	2424	2691	0	P1	1	-0.003694	-0.003694	0.000038	0.000038
278	267	2424	2691	0	P50	1	-0.001865	-0.001865	0.001873	0.001873
278	267	2424	2691	0	P75	1	-0.000931	-0.000931	0.002811	0.002811
278	267	2424	2691	0	P90	1	-0.000371	-0.000371	0.003372	0.003372
278	267	2424	2691	0	P95	1	-0.000183	-0.000183	0.003561	0.003561
278	267	2424	2691	0	P99	1	-0.000033	-0.000033	0.003711	0.003711
278	267	2424	2691	0	P999	1	-0.000000	-0.000000	0.003745	0.003745
279	8	3	11	1	P1	1	-0.002291	-0.002291	0.000467	0.000467
279	8	3	11	1	P50	1	0.000043	0.000043	0.002807	0.002807
279	8	3	11	1	P75	25	0.001034	0.001034	0.003253	0.003253
279	8	3	11	1	P90	29	0.002160	0.002160	0.000609	0.000609
279	8	3	11	1	P95	31	-0.000977	-0.000977	0.001201	0.001201
279	8	3	11	1	P99	31	-0.000977	-0.000977	0.001201	0.001201
279	8	3	11	1	P999	31	-0.000977	-0.000977	0.001201	0.001201
280	5	3	8	0	P1	1	-0.003265	-0.003265	0.000467	0.000467
280	5	3	8	0	P50	1	-0.001401	-0.001867	0.002339	0.001871
280	5	3	8	0	P75	1	-0.000467	-0.000934	0.003276	0.002807
280	5	3	8	0	P90	1	-0.000000	-0.000000	0.003745	0.003745
280	5	3	8	0	P95	1	-0.000000	-0.000000	0.003745	0.003745
280	5	3	8	0	P99	1	-0.000000	-0.000000	0.003745	0.003745
280	5	3	8	0	P999	1	-0.000000	-0.000000	0.003745	0.003745
281	3	1307	1310	1	P1	1	-0.003042	-0.003042	0.000040	0.000040
281	3	1307	1310	1	P50	1	-0.001207	-0.001210	0.001881	0.001878
281	3	1307	1310	1	P75	1	-0.000271	-0.000271	0.002820	0.002820
281	3	1307	1310	1	P90	1	0.000293	0.000290	0.003386	0.003383
281	3	1307	1310	1	P95	1	0.000480	0.000480	0.003572	0.003572
281	3	1307	1310	1	P99	1	0.000629	0.000629	0.003722	0.003722
281	3	1307	1310	1	P999	28	-0.001896	-0.001896	0.000813	0.000813
282	523	6	529	0	P1	1	-0.003689	-0.003689	0.000042	0.000042
282	523	6	529	0	P50	1	-0.001864	-0.001864	0.001874	0.001874
282	523	6	529	0	P75	1	-0.000932	-0.000932	0.002809	0.002809
282	523	6	529	0	P90	1	-0.000367	-0.000367	0.003376	0.003376
282	523	6	529	0	P95	1	-0.000184	-0.000184	0.003561	0.003561
282	523	6	529	0	P99	1	-0.000035	-0.000035	0.003709	0.003709
282	523	6	529	0	P999	1	-0.000000	-0.000000	0.003745	0.003745
283	801	2	803	1	P1	1	-0.003040	-0.003040	0.000042	0.000042
283	801	2	803	1	P50	1	-0.001208	-0.001208	0.001880	0.001880
283	801	2	803	1	P75	1	-0.000269	-0.000269	0.002821	0.002821
283	801	2	803	1	P90	1	0.000292	0.000292	0.003384	0.003384
283	801	2	803	1	P95	1	0.000479	0.000479	0.003571	0.003571
283	801	2	803	1	P99	1	0.000628	0.000628	0.003722	0.003722
283	801	2	803	1	P999	28	-0.000651	-0.000651	0.002060	0.002060
284	2	2	4	0	P1	1	-0.002800	-0.002800	0.000935	0.000935
284	2	2	4	0	P50	1	-0.000934	-0.001867	0.002807	0.001871
284	2	2	4	0	P75	1	-0.000000	-0.000934	0.003745	0.002807
284	2	2	4	0	P90	1	-0.000000	-0.000000	0.003745	0.003745
284	2	2	4	0	P95	1	-0.000000	-0.000000	0.003745	0.003745
284	2	2	4	0	P99	1	-0.000000	-0.000000	0.003745	0.003745
284	2	2	4	0	P999	1	-0.000000	-0.000000	0.003745	0.003745
285	2	1208	1210	1	P1	1	-0.003042	-0.003042	0.000040	0.000040
285	2	1208	1210	1	P50	1	-0.001202	-0.001205	0.001886	0.001883
285	2	1208	1210	1	P75	1	-0.000263	-0.000263	0.002828	0.002828
285	2	1208	1210	1	P90	1	0.000303	0.000300	0.003395	0.003392
285	2	1208	1210	1	P95	1	0.000490	0.000490	0.003583	0.003583
285	2	1208	1210	1	P99	1	0.000639	0.000639	0.003732	0.003732
285	2	1208	1210	1	P999	28	-0.002517	-0.002517	0.000189	0.000189
286	24	31	55	1	P1	1	-0.002962	-0.002962	0.000121	0.000121
286	24	31	55	1	P50	1	0.000290	0.000290	0.003382	0.003382
286	24	31	55	1	P75	27	-0.000733	-0.000733	-0.001756	-0.001756
286	24	31	55	1	P90	28	-0.002890	-0.002890	-0.000184	-0.000184
286	24	31	55	1	P95	28	-0.000651	-0.000651	0.002060	0.002060
286	24	31	55	1	P99	29	0.001643	0.001643	0.000609	0.000609
286	24	31	55	1	P999	29	0.001643	0.001643	0.000609	0.000609
287	20	46	66	1	P1	1	-0.002328	-0.002328	0.000197	0.000197
287	20	46	66	1	P50	27	-0.003371	-0.003657	-0.001540	-0.001827
287	20	46	66	1	P75	28	-0.001325	-0.001325	0.000501	0.000501
287	20	46	66	1	P90	29	-0.001210	-0.001210	0.000609	0.000609
287	20	46	66	1	P95	31	-0.000605	-0.000605	0.001201	0.001201
287	20	46	66	1	P99	38	0.001429	0.001429	0.003195	0.003195
287	20	46	66	1	P999	38	0.001429	0.001429	0.003195	0.003195
288	1375	4	1379	1	P1	1	-0.002788	-0.002788	0.000038	0.000038
288	1375	4	1379	1	P50	1	-0.000949	-0.000949	0.001882	0.001882
288	1375	4	1379	1	P75	1	-0.000010	-0.000010	0.002824	0.002824
288	1375	4	1379	1	P90	1	0.000554	0.000554	0.003390	0.003390
288	1375	4	1379	1	P95	1	0.000743	0.000743	0.003578	0.003578
288	1375	4	1379	1	P99	1	0.000893	0.000893	0.003729	0.003729
288	1375	4	1379	1	P999	27	0.002478	0.002478	0.001047	0.001047
289	6	3	9	0	P1	1	-0.003265	-0.003265	0.000467	0.000467
289	6	3	9	0	P50	1	-0.001401	-0.001401	0.002339	0.002339
289	6	3	9	0	P75	1	-0.000467	-0.000467	0.003276	0.003276
289	6	3	9	0	P90	2	0.002116	0.002116	0.002116	0.002116
289	6	3	9	0	P95	2	0.002116	0.002116	0.002116	0.002116
289	6	3	9	0	P99	2	0.002116	0.002116	0.002116	0.002116
289	6	3	9	0	P999	2	0.002116	0.002116	0.002116	0.002116
290	4	532	536	1	P1	1	-0.002385	-0.002385	0.000042	0.000042
290	4	532	536	1	P50	1	-0.000525	-0.000533	0.001906	0.001899
290	4	532	536	1	P75	1	0.000423	0.000416	0.002857	0.002850
290	4	532	536	1	P90	1	0.000990	0.000990	0.003425	0.003425
290	4	532	536	1	P95	1	0.001182	0.001182	0.003617	0.003617
290	4	532	536	1	P99	2	0.002649	0.002649	0.001180	0.001180
290	4	532	536	1	P999	30	-0.001308	-0.001308	0.000349	0.000349
291	11	14	25	1	P1	1	-0.002422	-0.002422	0.000267	0.000267
291	11	14	25	1	P50	1	0.000780	0.000780	0.003477	0.003477
291	11	14	25	1	P75	27	-0.002539	-0.002539	-0.000449	-0.000449
291	11	14	25	1	P90	28	-0.001273	-0.001273	0.000813	0.000813
291	11	14	25	1	P95	28	-0.000028	-0.000028	0.002060	0.002060
291	11	14	25	1	P99	30	0.002016	0.002016	0.000349	0.000349
291	11	14	25	1	P999	30	0.002016	0.002016	0.000349	0.000349
292	11	13	24	1	P1	1	-0.002054	-0.002054	0.000374	0.000374
292	11	13	24	1	P50	28	-0.002415	-0.071691	-0.000745	-0.070121
292	11	13	24	1	P75	29	-0.001056	-0.002300	0.000609	-0.000637
292	11	13	24	1	P90	30	-0.002241	-0.002241	-0.000586	-0.000586
292	11	13	24	1	P95	30	-0.001308	-0.001308	0.000349	0.000349
292	11	13	24	1	P99	31	-0.000449	-0.000449	0.001201	0.001201
292	11	13	24	1	P999	31	-0.000449	-0.000449	0.001201	0.001201
293	196	8	204	1	P1	1	-0.002631	-0.002631	0.000058	0.000058
293	196	8	204	1	P50	1	-0.000717	-0.000736	0.001976	0.001957
293	196	8	204	1	P75	1	0.000260	0.000241	0.002956	0.002937
293	196	8	204	1	P90	1	0.000836	0.000836	0.003533	0.003533
293	196	8	204	1	P95	1	0.001028	0.001028	0.003726	0.003726
293	196	8	204	1	P99	29	0.001022	0.001022	-0.000637	-0.000637
293	196	8	204	1	P999	30	0.002016	0.002016	0.000349	0.000349
294	11	8	19	1	P1	1	-0.002735	-0.002735	0.000234	0.000234
294	11	8	19	1	P50	1	-0.000636	-0.000636	0.002339	0.002339
294	11	8	19	1	P75	1	0.000533	0.000533	0.003510	0.003510
294	11	8	19	1	P90	2	-0.000766	-0.000766	0.000868	0.000868
294	11	8	19	1	P95	2	0.002977	0.002977	0.002116	0.002116
294	11	8	19	1	P99	2	0.002977	0.002977	0.002116	0.002116
294	11	8	19	1	P999	2	0.002977	0.002977	0.002116	0.002116
295	11	526	537	1	P1	1	-0.003040	-0.003040	0.000043	0.000043
295	11	526	537	1	P50	1	-0.001167	-0.001167	0.001921	0.001921
295	11	526	537	1	P75	1	-0.000212	-0.000212	0.002879	0.002879
295	11	526	537	1	P90	1	0.000366	0.000366	0.003459	0.003459
295	11	526	537	1	P95	1	0.000559	0.000559	0.003652	0.003652
295	11	526	537	1	P99	28	-0.000651	-0.000651	0.002060	0.002060
295	11	526	537	1	P999	30	0.001386	0.001386	0.000349	0.000349
296	8	13	21	1	P1	1	-0.002539	-0.002539	0.000288	0.000288
296	8	13	21	1	P50	1	0.000333	0.000333	0.003168	0.003168
296	8	13	21	1	P75	27	-0.000017	-0.000017	-0.001445	-0.001445
296	8	13	21	1	P90	28	-0.000245	-0.000245	0.002060	0.002060
296	8	13	21	1	P95	29	0.002051	0.002051	0.000609	0.000609
296	8	13	21	1	P99	30	0.001796	0.001796	0.000349	0.000349
296	8	13	21	1	P999	30	0.001796	0.001796	0.000349	0.000349
297	8	8	16	1	P1	1	-0.001961	-0.001961	0.000467	0.000467
297	8	8	16	1	P50	27	-0.003122	-0.962914	-0.001445	-0.962824
297	8	8	16	1	P75	30	-0.003173	-0.066307	-0.001519	-0.064744
297	8	8	16	1	P90	31	-0.000449	-0.000449	0.001201	0.001201
297	8	8	16	1	P95	33	0.000591	0.000591	0.002228	0.002228
297	8	8	16	1	P99	33	0.000591	0.000591	0.002228	0.002228
297	8	8	16	1	P999	33	0.000591	0.000591	0.002228	0.002228
298	536	6	542	1	P1	1	-0.003040	-0.003040	0.000042	0.000042
298	536	6	542	1	P50	1	-0.001179	-0.001186	0.001909	0.001902
298	536	6	542	1	P75	1	-0.000232	-0.000232	0.002858	0.002858
298	536	6	542	1	P90	1	0.000336	0.000336	0.003428	0.003428
298	536	6	542	1	P95	1	0.000525	0.000525	0.003618	0.003618
298	536	6	542	1	P99	27	-0.000421	-0.000421	-0.001445	-0.001445
298	536	6	542	1	P999	30	0.001386	0.001386	0.000349	0.000349
299	12	6	18	1	P1	1	-0.002735	-0.002735	0.000234	0.000234
299	12	6	18	1	P50	1	-0.000636	-0.000869	0.002339	0.002105
299	12	6	18	1	P75	1	0.000299	0.000299	0.003276	0.003276
299	12	6	18	1	P90	2	-0.002632	-0.002632	0.000245	0.000245
299	12	6	18	1	P95	2	-0.000766	-0.000766	0.002116	0.002116
299	12	6	18	1	P99	2	-0.000766	-0.000766	0.002116	0.002116
299	12	6	18	1	P999	2	-0.000766	-0.000766	0.002116	0.002116
300	6	2321	2327	1	P1	1	-0.002486	-0.002486	0.000039	0.000039
300	6	2321	2327	1	P50	1	-0.000641	-0.000641	0.001889	0.001889
300	6	2321	2327	1	P75	1	0.000303	0.000303	0.002834	0.002834
300	6	2321	2327	1	P90	1	0.000869	0.000869	0.003402	0.003402
300	6	2321	2327	1	P95	1	0.001057	0.001057	0.003590	0.003590
300	6	2321	2327	1	P99	1	0.001208	0.001208	0.003742	0.003742
300	6	2321	2327	1	P999	29	-0.001210	-0.001210	0.000609	0.000609
301	5	6	11	1	P1	1	-0.002204	-0.002204	0.000623	0.000623
301	5	6	11	1	P50	1	0.000909	0.000909	0.003745	0.003745
301	5	6	11	1	P75	27	0.002478	0.002478	0.001047	0.001047
301	5	6	11	1	P90	28	-0.002112	-0.002112	0.000189	0.000189
301	5	6	11	1	P95	28	-0.000245	-0.000245	0.002060	0.002060
301	5	6	11	1	P99	28	-0.000245	-0.000245	0.002060	0.002060
301	5	6	11	1	P999	28	-0.000245	-0.000245	0.002060	0.002060
302	5	5	10	1	P1	1	-0.001495	-0.001495	0.000935	0.000935
302	5	5	10	1	P50	29	-0.002921	-0.930787	-0.001260	-0.930889
302	5	5	10	1	P75	30	-0.003173	-0.003173	-0.001519	-0.001519
302	5	5	10	1	P90	36	-0.000428	-0.167756	0.001188	-0.166376
302	5	5	10	1	P95	36	-0.000428	-0.000428	0.001188	0.001188
302	5	5	10	1	P99	36	-0.000428	-0.000428	0.001188	0.001188
302	5	5	10	1	P999	36	-0.000428	-0.000428	0.001188	0.001188
303	1100	7	1107	1	P1	1	-0.002484	-0.002484	0.000041	0.000041
303	1100	7	1107	1	P50	1	-0.000641	-0.000641	0.001888	0.001888
303	1100	7	1107	1	P75	1	0.000302	0.000302	0.002833	0.002833
303	1100	7	1107	1	P90	1	0.000867	0.000867	0.003400	0.003400
303	1100	7	1107	1	P95	1	0.001055	0.001055	0.003588	0.003588
303	1100	7	1107	1	P99	1	0.001205	0.001205	0.003738	0.003738
303	1100	7	1107	1	P999	29	-0.002454	-0.002454	-0.000637	-0.000637
304	12	7	19	0	P1	1	-0.003524	-0.003524	0.000208	0.000208
304	12	7	19	0	P50	1	-0.001660	-0.001660	0.002079	0.002079
304	12	7	19	0	P75	1	-0.000623	-0.000623	0.003120	0.003120
304	12	7	19	0	P90	1	-0.000000	-0.000000	0.003745	0.003745
304	12	7	19	0	P95	2	0.002116	0.002116	0.002116	0.002116
304	12	7	19	0	P99	2	0.002116	0.002116	0.002116	0.002116
304	12	7	19	0	P999	2	0.002116	0.002116	0.002116	0.002116
305	7	541	548	1	P1	1	-0.002386	-0.002386	0.000042	0.000042
305	7	541	548	1	P50	1	-0.000526	-0.000533	0.001905	0.001898
305	7	541	548	1	P75	1	0.000422	0.000415	0.002856	0.002849
305	7	541	548	1	P90	1	0.000990	0.000990	0.003425	0.003425
305	7	541	548	1	P95	1	0.001178	0.001178	0.003613	0.003613
305	7	541	548	1	P99	28	-0.000860	-0.000860	0.000813	0.000813
305	7	541	548	1	P999	30	-0.001308	-0.001308	0.000349	0.000349
306	13	19	32	1	P1	1	-0.002886	-0.002886	0.000197	0.000197
306	13	19	32	1	P50	1	0.000258	0.000061	0.003350	0.003153
306	13	19	32	1	P75	28	-0.002890	-0.003635	-0.000184	-0.000932
306	13	19	32	1	P90	29	-0.000228	-0.000228	-0.001260	-0.001260
306	13	19	32	1	P95	30	0.001386	0.001386	0.000349	0.000349
306	13	19	32	1	P99	32	0.000399	0.000399	0.003098	0.003098
306	13	19	32	1	P999	32	0.000399	0.000399	0.003098	0.003098
307	13	16	29	1	P1	1	-0.002117	-0.002117	0.000312	0.000312
307	13	16	29	1	P50	28	-0.001856	-0.001856	-0.000184	-0.000184
307	13	16	29	1	P75	29	-0.001802	-0.001802	-0.000139	-0.000139
307	13	16	29	1	P90	31	-0.001383	-0.001383	0.000266	0.000266
307	13	16	29	1	P95	31	-0.000449	-0.000449	0.001201	0.001201
307	13	16	29	1	P99	32	0.001453	0.001453	0.003098	0.003098
307	13	16	29	1	P999	32	0.001453	0.001453	0.003098	0.003098
308	41	8	49	0	P1	1	-0.003655	-0.003655	0.000076	0.000076
308	41	8	49	0	P50	1	-0.001829	-0.001829	0.001909	0.001909
308	41	8	49	0	P75	1	-0.000915	-0.000915	0.002827	0.002827
308	41	8	49	0	P90	1	-0.000305	-0.000305	0.003439	0.003439
308	41	8	49	0	P95	1	-0.000153	-0.000153	0.003592	0.003592
308	41	8	49	0	P99	1	-0.000000	-0.000000	0.003745	0.003745
308	41	8	49	0	P999	1	-0.000000	-0.000000	0.003745	0.003745
309	4	5097	5101	0	P1	1	-0.003693	-0.003693	0.000038	0.000038
309	4	5097	5101	0	P50	1	-0.001860	-0.001860	0.001878	0.001878
309	4	5097	5101	0	P75	1	-0.000923	-0.000923	0.002819	0.002819
309	4	5097	5101	0	P90	1	-0.000360	-0.000360	0.003383	0.003383
309	4	5097	5101	0	P95	1	-0.000173	-0.000173	0.003571	0.003571
309	4	5097	5101	0	P99	1	-0.000023	-0.000023	0.003722	0.003722
309	4	5097	5101	0	P999	2	0.001180	0.001180	0.001180	0.001180
310	3192	2548	5740	0	P1	1	-0.003693	-0.003693	0.000038	0.000038
310	3192	2548	5740	0	P50	1	-0.001863	-0.001863	0.001875	0.001875
310	3192	2548	5740	0	P75	1	-0.000928	-0.000928	0.002814	0.002813
310	3192	2548	5740	0	P90	1	-0.000366	-0.000367	0.003378	0.003377
310	3192	2548	5740	0	P95	1	-0.000179	-0.000179	0.003565	0.003565
310	3192	2548	5740	0	P99	1	-0.000029	-0.000029	0.003715	0.003715
310	3192	2548	5740	0	P999	2	0.000557	0.000557	0.000557	0.000557
311	2633	2	2635	0	P1	1	-0.003693	-0.003693	0.000039	0.000039
311	2633	2	2635	0	P50	1	-0.001853	-0.001853	0.001885	0.001885
311	2633	2	2635	0	P75	1	-0.000913	-0.000913	0.002829	0.002829
311	2633	2	2635	0	P90	1	-0.000349	-0.000349	0.003395	0.003395
311	2633	2	2635	0	P95	1	-0.000160	-0.000160	0.003584	0.003584
311	2633	2	2635	0	P99	1	-0.000010	-0.000010	0.003735	0.003735
311	2633	2	2635	0	P999	2	0.001908	0.001908	0.001908	0.001908
312	2	68	70	1	P1	1	-0.002373	-0.002373	0.000055	0.000055
312	2	68	70	1	P50	1	-0.000451	-0.000506	0.001981	0.001926
312	2	68	70	1	P75	1	0.000484	0.000484	0.002918	0.002918
312	2	68	70	1	P90	1	0.001089	0.001034	0.003524	0.003469
312	2	68	70	1	P95	1	0.001254	0.001254	0.003690	0.003690
312	2	68	70	1	P99	35	0.001572	0.001572	0.003198	0.003198
312	2	68	70	1	P999	35	0.001572	0.001572	0.003198	0.003198
313	2	2	4	1	P1	1	-0.000823	-0.000823	0.001871	0.001871
313	2	2	4	1	P50	27	-0.001046	-0.962924	0.001047	-0.962824
313	2	2	4	1	P75	29	0.002270	-0.069939	0.000609	-0.067991
313	2	2	4	1	P90	29	0.002270	0.002270	0.000609	0.000609
313	2	2	4	1	P95	29	0.002270	0.002270	0.000609	0.000609
313	2	2	4	1	P99	29	0.002270	0.002270	0.000609	0.000609
313	2	2	4	1	P999	29	0.002270	0.002270	0.000609	0.000609
314	2	2	4	1	P1	2	-0.001154	-0.001154	0.000245	0.000245
314	2	2	4	1	P50	30	-0.002580	-0.933286	-0.001519	-0.933192
314	2	2	4	1	P75	30	-0.000714	-0.002580	0.000349	-0.001519
314	2	2	4	1	P90	30	-0.000714	-0.000714	0.000349	0.000349
314	2	2	4	1	P95	30	-0.000714	-0.000714	0.000349	0.000349
314	2	2	4	1	P99	30	-0.000714	-0.000714	0.000349	0.000349
314	2	2	4	1	P999	30	-0.000714	-0.000714	0.000349	0.000349
315	504	5	509	1	P1	1	-0.002480	-0.002480	0.000045	0.000045
315	504	5	509	1	P50	1	-0.000636	-0.000636	0.001893	0.001893
315	504	5	509	1	P75	1	0.000306	0.000306	0.002837	0.002837
315	504	5	509	1	P90	1	0.000877	0.000877	0.003410	0.003410
315	504	5	509	1	P95	1	0.001063	0.001063	0.003596	0.003596
315	504	5	509	1	P99	1	0.001212	0.001212	0.003745	0.003745
315	504	5	509	1	P999	29	-0.001210	-0.001210	0.000609	0.000609
316	7	5	12	0	P1	1	-0.003421	-0.003421	0.000312	0.000312
316	7	5	12	0	P50	1	-0.001556	-0.001867	0.002183	0.001871
316	7	5	12	0	P75	1	-0.000623	-0.000934	0.003120	0.002807
316	7	5	12	0	P90	1	-0.000311	-0.000311	0.003432	0.003432
316	7	5	12	0	P95	1	-0.000000	-0.000000	0.003745	0.003745
316	7	5	12	0	P99	1	-0.000000	-0.000000	0.003745	0.003745
316	7	5	12	0	P999	1	-0.000000	-0.000000	0.003745	0.003745
317	5	411	416	1	P1	1	-0.003037	-0.003037	0.000046	0.000046
317	5	411	416	1	P50	1	-0.001181	-0.001190	0.001907	0.001898
317	5	411	416	1	P75	1	-0.000233	-0.000242	0.002858	0.002849
317	5	411	416	1	P90	1	0.000332	0.000332	0.003425	0.003425
317	5	411	416	1	P95	1	0.000524	0.000524	0.003617	0.003617
317	5	411	416	1	P99	26	0.002430	0.002430	0.001408	0.001408
317	5	411	416	1	P999	29	0.001643	0.001643	0.000609	0.000609
318	2	928	930	0	P1	1	-0.003691	-0.003691	0.000040	0.000040
318	2	928	930	0	P50	1	-0.001859	-0.001863	0.001879	0.001875
318	2	928	930	0	P75	1	-0.000926	-0.000926	0.002815	0.002815
318	2	928	930	0	P90	1	-0.000362	-0.000366	0.003381	0.003377
318	2	928	930	0	P95	1	-0.000177	-0.000177	0.003567	0.003567
318	2	928	930	0	P99	1	-0.000028	-0.000028	0.003717	0.003717
318	2	928	930	0	P999	2	0.002116	0.002116	0.002116	0.002116
319	21	36	57	1	P1	1	-0.002421	-0.002421	0.000104	0.000104
319	21	36	57	1	P50	1	0.000484	0.000484	0.003016	0.003016
319	21	36	57	1	P75	28	-0.003087	-0.003087	-0.001264	-0.001264
319	21	36	57	1	P90	29	-0.004193	-0.004193	-0.002379	-0.002379
319	21	36	57	1	P95	29	-0.001957	-0.001957	-0.000139	-0.000139
319	21	36	57	1	P99	31	-0.000605	-0.000605	0.001201	0.001201
319	21	36	57	1	P999	31	-0.000605	-0.000605	0.001201	0.001201
320	21	28	49	1	P1	1	-0.002338	-0.002338	0.000187	0.000187
320	21	28	49	1	P50	28	-0.002880	-0.002880	-0.001056	-0.001056
320	21	28	49	1	P75	29	-0.002567	-0.002567	-0.000750	-0.000750
320	21	28	49	1	P90	30	0.001029	0.001029	-0.000897	-0.000897
320	21	28	49	1	P95	30	0.002278	0.002278	0.000349	0.000349
320	21	28	49	1	P99	32	0.001296	0.001296	0.003098	0.003098
320	21	28	49	1	P999	32	0.001296	0.001296	0.003098	0.003098
321	703	4	707	1	P1	1	-0.003039	-0.003039	0.000043	0.000043
321	703	4	707	1	P50	1	-0.001185	-0.001185	0.001903	0.001903
321	703	4	707	1	P75	1	-0.000235	-0.000235	0.002856	0.002856
321	703	4	707	1	P90	1	0.000335	0.000335	0.003427	0.003427
321	703	4	707	1	P95	1	0.000523	0.000523	0.003616	0.003616
321	703	4	707	1	P99	2	0.001243	0.001243	0.000512	0.000512
321	703	4	707	1	P999	29	0.001643	0.001643	0.000609	0.000609
322	6	4	10	0	P1	1	-0.003265	-0.003265	0.000467	0.000467
322	6	4	10	0	P50	1	-0.000934	-0.001401	0.002807	0.002339
322	6	4	10	0	P75	1	-0.000000	-0.000000	0.003745	0.003745
322	6	4	10	0	P90	2	0.002116	0.000245	0.002116	0.000245
322	6	4	10	0	P95	2	0.002116	0.002116	0.002116	0.002116
322	6	4	10	0	P99	2	0.002116	0.002116	0.002116	0.002116
322	6	4	10	0	P999	2	0.002116	0.002116	0.002116	0.002116
323	5	799	804	1	P1	1	-0.003040	-0.003040	0.000042	0.000042
323	5	799	804	1	P50	1	-0.001196	-0.001201	0.001892	0.001887
323	5	799	804	1	P75	1	-0.000254	-0.000259	0.002837	0.002832
323	5	799	804	1	P90	1	0.000309	0.000309	0.003401	0.003401
323	5	799	804	1	P95	1	0.000497	0.000497	0.003590	0.003590
323	5	799	804	1	P99	1	0.000647	0.000647	0.003740	0.003740
323	5	799	804	1	P999	31	0.002243	0.002243	0.001201	0.001201
324	2	4	6	1	P1	1	-0.001756	-0.001756	0.000935	0.000935
324	2	4	6	1	P50	1	0.001047	0.000112	0.003745	0.002807
324	2	4	6	1	P75	27	-0.001046	-0.001046	0.001047	0.001047
324	2	4	6	1	P90	31	-0.000867	-0.000867	0.001201	0.001201
324	2	4	6	1	P95	31	-0.000867	-0.000867	0.001201	0.001201
324	2	4	6	1	P99	31	-0.000867	-0.000867	0.001201	0.001201
324	2	4	6	1	P999	31	-0.000867	-0.000867	0.001201	0.001201
325	2	3	5	1	P1	1	0.000978	0.000978	0.003745	0.003745
325	2	3	5	1	P50	27	0.002587	0.002587	0.001047	0.001047
325	2	3	5	1	P75	29	0.002160	0.002160	0.000609	0.000609
325	2	3	5	1	P90	31	-0.000977	-0.000977	0.001201	0.001201
325	2	3	5	1	P95	31	-0.000977	-0.000977	0.001201	0.001201
325	2	3	5	1	P99	31	-0.000977	-0.000977	0.001201	0.001201
325	2	3	5	1	P999	31	-0.000977	-0.000977	0.001201	0.001201
326	305	5	310	1	P1	1	-0.003033	-0.003033	0.000049	0.000049
326	305	5	310	1	P50	1	-0.001168	-0.001180	0.001920	0.001908
326	305	5	310	1	P75	1	-0.000222	-0.000222	0.002869	0.002869
326	305	5	310	1	P90	1	0.000356	0.000344	0.003449	0.003436
326	305	5	310	1	P95	1	0.000541	0.000541	0.003634	0.003634
326	305	5	310	1	P99	28	-0.001896	-0.001896	0.000813	0.000813
326	305	5	310	1	P999	31	0.002243	0.002243	0.001201	0.001201
327	7	5	12	0	P1	1	-0.003359	-0.003359	0.000374	0.000374
327	7	5	12	0	P50	1	-0.001121	-0.001494	0.002620	0.002245
327	7	5	12	0	P75	1	-0.000000	-0.000374	0.003745	0.003370
327	7	5	12	0	P90	2	0.000245	0.000245	0.000245	0.000245
327	7	5	12	0	P95	2	0.002116	0.002116	0.002116	0.002116
327	7	5	12	0	P99	2	0.002116	0.002116	0.002116	0.002116
327	7	5	12	0	P999	2	0.002116	0.002116	0.002116	0.002116
328	5	2267	2272	1	P1	1	-0.002487	-0.002487	0.000038	0.000038
328	5	2267	2272	1	P50	1	-0.000649	-0.000651	0.001880	0.001878
328	5	2267	2272	1	P75	1	0.000289	0.000287	0.002820	0.002819
328	5	2267	2272	1	P90	1	0.000851	0.000851	0.003384	0.003384
328	5	2267	2272	1	P95	1	0.001040	0.001040	0.003573	0.003573
328	5	2267	2272	1	P99	1	0.001190	0.001190	0.003723	0.003723
328	5	2267	2272	1	P999	29	-0.003075	-0.003075	-0.001260	-0.001260
329	16	25	41	1	P1	1	-0.002376	-0.002376	0.000150	0.000150
329	16	25	41	1	P50	1	0.000613	0.000613	0.003145	0.003145
329	16	25	41	1	P75	27	-0.000788	-0.000788	0.001047	0.001047
329	16	25	41	1	P90	29	-0.003696	-0.003696	-0.001882	-0.001882
329	16	25	41	1	P95	29	-0.001210	-0.001210	0.000609	0.000609
329	16	25	41	1	P99	31	-0.000605	-0.000605	0.001201	0.001201
329	16	25	41	1	P999	31	-0.000605	-0.000605	0.001201	0.001201
330	16	18	34	1	P1	1	-0.002276	-0.002276	0.000249	0.000249
330	16	18	34	1	P50	27	-0.002032	-0.003275	-0.000200	-0.001445
330	16	18	34	1	P75	29	-0.003696	-0.003696	-0.001882	-0.001882
330	16	18	34	1	P90	30	0.000406	0.000406	-0.001519	-0.001519
330	16	18	34	1	P95	32	0.001296	0.001296	0.003098	0.003098
330	16	18	34	1	P99	33	0.000434	0.000434	0.002228	0.002228
330	16	18	34	1	P999	33	0.000434	0.000434	0.002228	0.002228
331	1128	2	1130	1	P1	1	-0.002649	-0.002649	0.000040	0.000040
331	1128	2	1130	1	P50	1	-0.000816	-0.000819	0.001877	0.001874
331	1128	2	1130	1	P75	1	0.000118	0.000118	0.002814	0.002814
331	1128	2	1130	1	P90	1	0.000682	0.000679	0.003379	0.003376
331	1128	2	1130	1	P95	1	0.000868	0.000868	0.003565	0.003565
331	1128	2	1130	1	P99	1	0.001017	0.001017	0.003715	0.003715
331	1128	2	1130	1	P999	27	-0.001046	-0.001046	0.001047	0.001047
332	3	2	5	0	P1	1	-0.002986	-0.002986	0.000748	0.000748
332	3	2	5	0	P50	1	-0.001494	-0.001494	0.002245	0.002245
332	3	2	5	0	P75	1	-0.000747	-0.000747	0.002995	0.002995
332	3	2	5	0	P90	1	-0.000000	-0.000000	0.003745	0.003745
332	3	2	5	0	P95	1	-0.000000	-0.000000	0.003745	0.003745
332	3	2	5	0	P99	1	-0.000000	-0.000000	0.003745	0.003745
332	3	2	5	0	P999	1	-0.000000	-0.000000	0.003745	0.003745
333	2	5	7	1	P1	1	-0.002337	-0.002337	0.000748	0.000748
333	2	5	7	1	P50	1	-0.000096	-0.000096	0.002995	0.002995
333	2	5	7	1	P75	28	-0.002517	-0.002517	0.000189	0.000189
333	2	5	7	1	P90	28	-0.000651	-0.000651	0.002060	0.002060
333	2	5	7	1	P95	28	-0.000651	-0.000651	0.002060	0.002060
333	2	5	7	1	P99	28	-0.000651	-0.000651	0.002060	0.002060
333	2	5	7	1	P999	28	-0.000651	-0.000651	0.002060	0.002060
334	699	10	709	1	P1	1	-0.002646	-0.002646	0.000043	0.000043
334	699	10	709	1	P50	1	-0.000779	-0.000779	0.001914	0.001914
334	699	10	709	1	P75	1	0.000174	0.000174	0.002870	0.002870
334	699	10	709	1	P90	1	0.000750	0.000750	0.003448	0.003448
334	699	10	709	1	P95	1	0.000939	0.000939	0.003637	0.003637
334	699	10	709	1	P99	27	-0.002912	-0.002912	-0.000822	-0.000822
334	699	10	709	1	P999	30	0.002016	0.002016	0.000349	0.000349
335	12	10	22	0	P1	1	-0.003554	-0.003554	0.000178	0.000178
335	12	10	22	0	P50	1	-0.001601	-0.001778	0.002138	0.001960
335	12	10	22	0	P75	1	-0.000712	-0.000712	0.003031	0.003031
335	12	10	22	0	P90	1	-0.000178	-0.000178	0.003566	0.003566
335	12	10	22	0	P95	1	-0.000000	-0.000000	0.003745	0.003745
335	12	10	22	0	P99	2	0.002116	0.002116	0.002116	0.002116
335	12	10	22	0	P999	2	0.002116	0.002116	0.002116	0.002116
336	13	164	177	1	P1	1	-0.002479	-0.002479	0.000046	0.000046
336	13	164	177	1	P50	1	-0.000499	-0.000499	0.002031	0.002031
336	13	164	177	1	P75	1	0.000504	0.000504	0.003036	0.003036
336	13	164	177	1	P90	1	0.001120	0.001120	0.003653	0.003653
336	13	164	177	1	P95	28	0.000232	0.000232	0.002060	0.002060
336	13	164	177	1	P99	30	0.000406	0.000406	-0.001519	-0.001519
336	13	164	177	1	P999	30	0.002278	0.002278	0.000349	0.000349
337	4	6	10	1	P1	1	-0.002204	-0.002204	0.000623	0.000623
337	4	6	10	1	P50	1	0.000909	0.000285	0.003745	0.003120
337	4	6	10	1	P75	27	0.002478	0.002478	0.001047	0.001047
337	4	6	10	1	P90	31	0.002655	-0.096996	0.001201	-0.094913
337	4	6	10	1	P95	31	0.002655	0.002655	0.001201	0.001201
337	4	6	10	1	P99	31	0.002655	0.002655	0.001201	0.001201
337	4	6	10	1	P999	31	0.002655	0.002655	0.001201	0.001201
338	4	5	9	1	P1	1	-0.001592	-0.001592	0.000935	0.000935
338	4	5	9	1	P50	28	-0.002258	-0.002258	-0.000434	-0.000434
338	4	5	9	1	P75	28	0.000232	0.000232	0.002060	0.002060
338	4	5	9	1	P90	29	-0.001210	-0.001210	0.000609	0.000609
338	4	5	9	1	P95	29	-0.001210	-0.001210	0.000609	0.000609
338	4	5	9	1	P99	29	-0.001210	-0.001210	0.000609	0.000609
338	4	5	9	1	P999	29	-0.001210	-0.001210	0.000609	0.000609
339	17	4	21	1	P1	1	-0.002305	-0.002305	0.000220	0.000220
339	17	4	21	1	P50	1	-0.000109	-0.000109	0.002422	0.002422
339	17	4	21	1	P75	1	0.000991	0.000991	0.003524	0.003524
339	17	4	21	1	P90	27	-0.000788	-0.000788	0.001047	0.001047
339	17	4	21	1	P95	29	-0.003075	-0.003075	-0.001260	-0.001260
339	17	4	21	1	P99	29	-0.001210	-0.001210	0.000609	0.000609
339	17	4	21	1	P999	29	-0.001210	-0.001210	0.000609	0.000609
340	4	4	8	0	P1	1	-0.003265	-0.003265	0.000467	0.000467
340	4	4	8	0	P50	1	-0.001401	-0.001867	0.002339	0.001871
340	4	4	8	0	P75	1	-0.000467	-0.000934	0.003276	0.002807
340	4	4	8	0	P90	1	-0.000000	-0.000000	0.003745	0.003745
340	4	4	8	0	P95	1	-0.000000	-0.000000	0.003745	0.003745
340	4	4	8	0	P99	1	-0.000000	-0.000000	0.003745	0.003745
340	4	4	8	0	P999	1	-0.000000	-0.000000	0.003745	0.003745
341	5	194	199	1	P1	1	-0.002486	-0.002486	0.000039	0.000039
341	5	194	199	1	P50	1	-0.000591	-0.000591	0.001939	0.001939
341	5	194	199	1	P75	1	0.000378	0.000378	0.002909	0.002909
341	5	194	199	1	P90	1	0.000959	0.000959	0.003492	0.003492
341	5	194	199	1	P95	1	0.001153	0.001153	0.003687	0.003687
341	5	194	199	1	P99	29	-0.002454	-0.002454	-0.000637	-0.000637
341	5	194	199	1	P999	29	-0.001210	-0.001210	0.000609	0.000609
342	3	5	8	1	P1	1	-0.002337	-0.002337	0.000748	0.000748
342	3	5	8	1	P50	1	0.000652	-0.000096	0.003745	0.002995
342	3	5	8	1	P75	28	-0.002517	-0.033715	0.000189	-0.034705
342	3	5	8	1	P90	28	-0.000651	-0.000651	0.002060	0.002060
342	3	5	8	1	P95	28	-0.000651	-0.000651	0.002060	0.002060
342	3	5	8	1	P99	28	-0.000651	-0.000651	0.002060	0.002060
342	3	5	8	1	P999	28	-0.000651	-0.000651	0.002060	0.002060
343	3	3	6	1	P1	1	-0.001281	-0.001281	0.001247	0.001247
343	3	3	6	1	P50	28	0.000232	-0.964242	0.002060	-0.964152
343	3	3	6	1	P75	29	-0.003075	-0.003075	-0.001260	-0.001260
343	3	3	6	1	P90	29	-0.001210	-0.001210	0.000609	0.000609
343	3	3	6	1	P95	29	-0.001210	-0.001210	0.000609	0.000609
343	3	3	6	1	P99	29	-0.001210	-0.001210	0.000609	0.000609
343	3	3	6	1	P999	29	-0.001210	-0.001210	0.000609	0.000609
344	150	2	152	1	P1	1	-0.003491	-0.003491	0.000050	0.000050
344	150	2	152	1	P50	1	-0.001626	-0.001651	0.001921	0.001896
344	150	2	152	1	P75	1	-0.000681	-0.000705	0.002870	0.002845
344	150	2	152	1	P90	1	-0.000133	-0.000133	0.003420	0.003420
344	150	2	152	1	P95	1	0.000067	0.000067	0.003620	0.003620
344	150	2	152	1	P99	25	-0.000191	-0.000191	0.003253	0.003253
344	150	2	152	1	P999	29	0.000912	0.000912	0.000609	0.000609
345	4	2	6	1	P1	1	-0.002222	-0.002222	0.000748	0.000748
345	4	2	6	1	P50	1	0.000018	-0.000729	0.002995	0.002245
345	4	2	6	1	P75	1	0.000766	0.000766	0.003745	0.003745
345	4	2	6	1	P90	2	-0.000766	-0.000766	0.002116	0.002116
345	4	2	6	1	P95	2	-0.000766	-0.000766	0.002116	0.002116
345	4	2	6	1	P99	2	-0.000766	-0.000766	0.002116	0.002116
345	4	2	6	1	P999	2	-0.000766	-0.000766	0.002116	0.002116
346	3	12	15	1	P1	1	-0.002772	-0.002772	0.000312	0.000312
346	3	12	15	1	P50	1	-0.000595	-0.000595	0.002495	0.002495
346	3	12	15	1	P75	1	0.000652	0.000652	0.003745	0.003745
346	3	12	15	1	P90	28	-0.000651	-0.000651	0.002060	0.002060
346	3	12	15	1	P95	29	0.001643	0.001643	0.000609	0.000609
346	3	12	15	1	P99	29	0.001643	0.001643	0.000609	0.000609
346	3	12	15	1	P999	29	0.001643	0.001643	0.000609	0.000609
347	2	4	6	1	P1	1	-0.002150	-0.002150	0.000935	0.000935
347	2	4	6	1	P50	1	0.000652	-0.000283	0.003745	0.002807
347	2	4	6	1	P75	28	-0.002517	-0.002517	0.000189	0.000189
347	2	4	6	1	P90	28	-0.000651	-0.000651	0.002060	0.002060
347	2	4	6	1	P95	28	-0.000651	-0.000651	0.002060	0.002060
347	2	4	6	1	P99	28	-0.000651	-0.000651	0.002060	0.002060
347	2	4	6	1	P999	28	-0.000651	-0.000651	0.002060	0.002060
348	2	2	4	1	P1	1	-0.001217	-0.001217	0.001871	0.001871
348	2	2	4	1	P50	26	0.002430	-0.961513	0.001408	-0.961394
348	2	2	4	1	P75	28	-0.000651	-0.069172	0.002060	-0.070121
348	2	2	4	1	P90	28	-0.000651	-0.000651	0.002060	0.002060
348	2	2	4	1	P95	28	-0.000651	-0.000651	0.002060	0.002060
348	2	2	4	1	P99	28	-0.000651	-0.000651	0.002060	0.002060
348	2	2	4	1	P999	28	-0.000651	-0.000651	0.002060	0.002060
349	5078	23	5101	1	P1	1	-0.002486	-0.002486	0.000038	0.000038
349	5078	23	5101	1	P50	1	-0.000646	-0.000646	0.001883	0.001883
349	5078	23	5101	1	P75	1	0.000295	0.000295	0.002826	0.002826
349	5078	23	5101	1	P90	1	0.000859	0.000859	0.003392	0.003392
349	5078	23	5101	1	P95	1	0.001048	0.001048	0.003581	0.003581
349	5078	23	5101	1	P99	1	0.001198	0.001198	0.003732	0.003732
349	5078	23	5101	1	P999	29	-0.003448	-0.003448	-0.001633	-0.001633
350	35	23	58	0	P1	1	-0.003663	-0.003663	0.000068	0.000068
350	35	23	58	0	P50	1	-0.001698	-0.001765	0.002041	0.001973
350	35	23	58	0	P75	1	-0.000747	-0.000747	0.002995	0.002995
350	35	23	58	0	P90	1	-0.000136	-0.000136	0.003609	0.003609
350	35	23	58	0	P95	2	-0.000378	-0.000378	-0.000378	-0.000378
350	35	23	58	0	P99	2	0.002116	0.002116	0.002116	0.002116
350	35	23	58	0	P999	2	0.002116	0.002116	0.002116	0.002116
351	26	9595	9621	1	P1	1	-0.002390	-0.002390	0.000038	0.000038
351	26	9595	9621	1	P50	1	-0.000551	-0.000551	0.001880	0.001880
351	26	9595	9621	1	P75	1	0.000388	0.000388	0.002821	0.002821
351	26	9595	9621	1	P90	1	0.000952	0.000952	0.003386	0.003386
351	26	9595	9621	1	P95	1	0.001140	0.001140	0.003575	0.003575
351	26	9595	9621	1	P99	1	0.001290	0.001290	0.003726	0.003726
351	26	9595	9621	1	P999	29	-0.001056	-0.001056	0.000609	0.000609
352	22	35	57	1	P1	1	-0.002719	-0.002719	0.000107	0.000107
352	22	35	57	1	P50	1	0.000268	0.000268	0.003102	0.003102
352	22	35	57	1	P75	27	0.002478	0.002478	0.001047	0.001047
352	22	35	57	1	P90	29	0.000553	0.000553	-0.000886	-0.000886
352	22	35	57	1	P95	30	0.001796	0.001796	0.000349	0.000349
352	22	35	57	1	P99	54	0.000961	0.000961	0.003165	0.003165
352	22	35	57	1	P999	54	0.000961	0.000961	0.003165	0.003165
353	22	24	46	1	P1	1	-0.002957	-0.002957	0.000197	0.000197
353	22	24	46	1	P50	27	-0.000533	-0.034805	-0.001445	-0.035681
353	22	24	46	1	P75	29	-0.001141	-0.001141	-0.002059	-0.002059
353	22	24	46	1	P90	30	-0.000597	-0.000597	-0.001519	-0.001519
353	22	24	46	1	P95	30	0.001272	0.001272	0.000349	0.000349
353	22	24	46	1	P99	33	-0.000580	-0.000580	0.002228	0.002228
353	22	24	46	1	P999	33	-0.000580	-0.000580	0.002228	0.002228
354	8526	27	8553	1	P1	1	-0.002651	-0.002651	0.000038	0.000038
354	8526	27	8553	1	P50	1	-0.000811	-0.000811	0.001882	0.001882
354	8526	27	8553	1	P75	1	0.000129	0.000129	0.002824	0.002824
354	8526	27	8553	1	P90	1	0.000693	0.000693	0.003390	0.003390
354	8526	27	8553	1	P95	1	0.000882	0.000882	0.003579	0.003579
354	8526	27	8553	1	P99	1	0.001032	0.001032	0.003730	0.003730
354	8526	27	8553	1	P999	28	-0.002517	-0.002517	-0.000434	-0.000434
355	40	27	67	0	P1	1	-0.003673	-0.003673	0.000058	0.000058
355	40	27	67	0	P50	1	-0.001751	-0.001751	0.001988	0.001988
355	40	27	67	0	P75	1	-0.000759	-0.000759	0.002983	0.002983
355	40	27	67	0	P90	1	-0.000175	-0.000175	0.003569	0.003569
355	40	27	67	0	P95	1	-0.000000	-0.000000	0.003745	0.003745
355	40	27	67	0	P99	2	0.002116	0.002116	0.002116	0.002116
355	40	27	67	0	P999	2	0.002116	0.002116	0.002116	0.002116
356	32	7023	7055	1	P1	1	-0.002720	-0.002720	0.000038	0.000038
356	32	7023	7055	1	P50	1	-0.000878	-0.000878	0.001884	0.001884
356	32	7023	7055	1	P75	1	0.000063	0.000063	0.002827	0.002827
356	32	7023	7055	1	P90	1	0.000628	0.000628	0.003394	0.003394
356	32	7023	7055	1	P95	1	0.000816	0.000816	0.003583	0.003583
356	32	7023	7055	1	P99	1	0.000967	0.000967	0.003734	0.003734
356	32	7023	7055	1	P999	29	0.001411	0.001411	-0.000139	-0.000139
357	31	44	75	1	P1	1	-0.003400	-0.003400	0.000085	0.000085
357	31	44	75	1	P50	1	-0.000262	-0.000262	0.003233	0.003233
357	31	44	75	1	P75	28	-0.000754	-0.000754	-0.001145	-0.001145
357	31	44	75	1	P90	29	0.001002	0.001002	0.000609	0.000609
357	31	44	75	1	P95	30	0.000743	0.000743	0.000349	0.000349
357	31	44	75	1	P99	33	0.002627	0.002627	0.002228	0.002228
357	31	44	75	1	P999	33	0.002627	0.002627	0.002228	0.002228
358	27	30	57	1	P1	1	-0.002363	-0.002363	0.000163	0.000163
358	27	30	57	1	P50	27	-0.002032	-0.002032	-0.000200	-0.000200
358	27	30	57	1	P75	29	-0.003448	-0.003448	-0.001633	-0.001633
358	27	30	57	1	P90	30	0.001341	0.001341	-0.000586	-0.000586
358	27	30	57	1	P95	33	0.000434	0.000434	0.002228	0.002228
358	27	30	57	1	P99	57	-0.000253	-0.000253	0.001426	0.001426
358	27	30	57	1	P999	57	-0.000253	-0.000253	0.001426	0.001426
359	17	2	19	1	P1	1	-0.003265	-0.003265	0.000220	0.000220
359	17	2	19	1	P50	1	-0.001291	-0.001291	0.002201	0.002201
359	17	2	19	1	P75	1	-0.000192	-0.000192	0.003304	0.003304
359	17	2	19	1	P90	27	0.001437	0.001437	0.001047	0.001047
359	17	2	19	1	P95	32	-0.000248	-0.000248	0.003098	0.003098
359	17	2	19	1	P99	32	-0.000248	-0.000248	0.003098	0.003098
359	17	2	19	1	P999	32	-0.000248	-0.000248	0.003098	0.003098
360	3	2	5	0	P1	1	-0.002986	-0.002986	0.000748	0.000748
360	3	2	5	0	P50	1	-0.001494	-0.001494	0.002245	0.002245
360	3	2	5	0	P75	1	-0.000747	-0.000747	0.002995	0.002995
360	3	2	5	0	P90	1	-0.000000	-0.000000	0.003745	0.003745
360	3	2	5	0	P95	1	-0.000000	-0.000000	0.003745	0.003745
360	3	2	5	0	P99	1	-0.000000	-0.000000	0.003745	0.003745
360	3	2	5	0	P999	1	-0.000000	-0.000000	0.003745	0.003745
361	2	69	71	1	P1	1	-0.003028	-0.003028	0.000054	0.000054
361	2	69	71	1	P50	1	-0.001136	-0.001136	0.001952	0.001952
361	2	69	71	1	P75	1	-0.000161	-0.000161	0.002930	0.002930
361	2	69	71	1	P90	1	0.000381	0.000381	0.003473	0.003473
361	2	69	71	1	P95	1	0.000597	0.000597	0.003691	0.003691
361	2	69	71	1	P99	29	0.001643	0.001643	0.000609	0.000609
361	2	69	71	1	P999	29	0.001643	0.001643	0.000609	0.000609
362	4	6	10	1	P1	1	-0.002204	-0.002204	0.000623	0.000623
362	4	6	10	1	P50	1	0.000909	0.000285	0.003745	0.003120
362	4	6	10	1	P75	26	-0.002152	-0.002152	0.000161	0.000161
362	4	6	10	1	P90	28	-0.000245	-0.072272	0.002060	-0.070121
362	4	6	10	1	P95	28	-0.000245	-0.000245	0.002060	0.002060
362	4	6	10	1	P99	28	-0.000245	-0.000245	0.002060	0.002060
362	4	6	10	1	P999	28	-0.000245	-0.000245	0.002060	0.002060
363	4	4	8	1	P1	1	-0.001592	-0.001592	0.000935	0.000935
363	4	4	8	1	P50	27	-0.000788	-0.962918	0.001047	-0.962824
363	4	4	8	1	P75	29	-0.001210	-0.003075	0.000609	-0.001260
363	4	4	8	1	P90	30	0.002278	0.002278	0.000349	0.000349
363	4	4	8	1	P95	30	0.002278	0.002278	0.000349	0.000349
363	4	4	8	1	P99	30	0.002278	0.002278	0.000349	0.000349
363	4	4	8	1	P999	30	0.002278	0.002278	0.000349	0.000349
364	28	4	32	1	P1	1	-0.002555	-0.002555	0.000134	0.000134
364	28	4	32	1	P50	1	-0.000422	-0.000556	0.002272	0.002138
364	28	4	32	1	P75	1	0.000646	0.000513	0.003343	0.003209
364	28	4	32	1	P90	26	-0.000692	-0.000692	0.001408	0.001408
364	28	4	32	1	P95	27	-0.001046	-0.001046	0.001047	0.001047
364	28	4	32	1	P99	29	0.002270	0.002270	0.000609	0.000609
364	28	4	32	1	P999	29	0.002270	0.002270	0.000609	0.000609
365	5	4	9	0	P1	1	-0.003317	-0.003317	0.000415	0.000415
365	5	4	9	0	P50	1	-0.001660	-0.001660	0.002079	0.002079
365	5	4	9	0	P75	1	-0.000830	-0.000830	0.002912	0.002912
365	5	4	9	0	P90	1	-0.000000	-0.000000	0.003745	0.003745
365	5	4	9	0	P95	1	-0.000000	-0.000000	0.003745	0.003745
365	5	4	9	0	P99	1	-0.000000	-0.000000	0.003745	0.003745
365	5	4	9	0	P999	1	-0.000000	-0.000000	0.003745	0.003745
366	5	19	24	1	P1	1	-0.002886	-0.002886	0.000197	0.000197
366	5	19	24	1	P50	1	-0.000529	-0.000726	0.002561	0.002364
366	5	19	24	1	P75	1	0.000652	0.000455	0.003745	0.003548
366	5	19	24	1	P90	28	-0.000651	-0.000651	0.002060	0.002060
366	5	19	24	1	P95	29	-0.000228	-0.000228	-0.001260	-0.001260
366	5	19	24	1	P99	29	0.001643	0.001643	0.000609	0.000609
366	5	19	24	1	P999	29	0.001643	0.001643	0.000609	0.000609
367	3	5	8	1	P1	1	-0.002337	-0.002337	0.000748	0.000748
367	3	5	8	1	P50	1	0.000652	-0.000096	0.003745	0.002995
367	3	5	8	1	P75	27	0.002073	0.000202	0.001047	-0.000822
367	3	5	8	1	P90	28	-0.000651	-0.000651	0.002060	0.002060
367	3	5	8	1	P95	28	-0.000651	-0.000651	0.002060	0.002060
367	3	5	8	1	P99	28	-0.000651	-0.000651	0.002060	0.002060
367	3	5	8	1	P999	28	-0.000651	-0.000651	0.002060	0.002060
368	3	3	6	1	P1	1	-0.001281	-0.001281	0.001247	0.001247
368	3	3	6	1	P50	27	-0.000788	-0.962918	0.001047	-0.962824
368	3	3	6	1	P75	29	-0.003075	-0.003075	-0.001260	-0.001260
368	3	3	6	1	P90	29	-0.001210	-0.001210	0.000609	0.000609
368	3	3	6	1	P95	29	-0.001210	-0.001210	0.000609	0.000609
368	3	3	6	1	P99	29	-0.001210	-0.001210	0.000609	0.000609
368	3	3	6	1	P999	29	-0.001210	-0.001210	0.000609	0.000609
369	400	2	402	1	P1	1	-0.003036	-0.003036	0.000047	0.000047
369	400	2	402	1	P50	1	-0.001198	-0.001208	0.001889	0.001880
369	400	2	402	1	P75	1	-0.000264	-0.000264	0.002826	0.002826
369	400	2	402	1	P90	1	0.000296	0.000296	0.003389	0.003389
369	400	2	402	1	P95	1	0.000483	0.000483	0.003576	0.003576
369	400	2	402	1	P99	1	0.000633	0.000633	0.003726	0.003726
369	400	2	402	1	P999	28	-0.000651	-0.000651	0.002060	0.002060
370	2	2	4	0	P1	1	-0.002800	-0.002800	0.000935	0.000935
370	2	2	4	0	P50	1	-0.000934	-0.001867	0.002807	0.001871
370	2	2	4	0	P75	1	-0.000000	-0.000934	0.003745	0.002807
370	2	2	4	0	P90	1	-0.000000	-0.000000	0.003745	0.003745
370	2	2	4	0	P95	1	-0.000000	-0.000000	0.003745	0.003745
370	2	2	4	0	P99	1	-0.000000	-0.000000	0.003745	0.003745
370	2	2	4	0	P999	1	-0.000000	-0.000000	0.003745	0.003745
371	2	116	118	1	P1	1	-0.002460	-0.002460	0.000065	0.000065
371	2	116	118	1	P50	1	-0.000577	-0.000610	0.001952	0.001920
371	2	116	118	1	P75	1	0.000366	0.000366	0.002897	0.002897
371	2	116	118	1	P90	1	0.000951	0.000951	0.003484	0.003484
371	2	116	118	1	P95	1	0.001146	0.001146	0.003680	0.003680
371	2	116	118	1	P99	28	0.000232	0.000232	0.002060	0.002060
371	2	116	118	1	P999	29	-0.001210	-0.001210	0.000609	0.000609
372	3	6	9	1	P1	1	-0.002067	-0.002067	0.000623	0.000623
372	3	6	9	1	P50	1	0.000423	0.000423	0.003120	0.003120
372	3	6	9	1	P75	27	-0.002912	-0.002912	-0.000822	-0.000822
372	3	6	9	1	P90	29	0.002270	0.002270	0.000609	0.000609
372	3	6	9	1	P95	29	0.002270	0.002270	0.000609	0.000609
372	3	6	9	1	P99	29	0.002270	0.002270	0.000609	0.000609
372	3	6	9	1	P999	29	0.002270	0.002270	0.000609	0.000609
373	3	5	8	1	P1	1	-0.000658	-0.000658	0.001871	0.001871
373	3	5	8	1	P50	28	0.000232	-0.036474	0.002060	-0.034705
373	3	5	8	1	P75	29	-0.001210	-0.003075	0.000609	-0.001260
373	3	5	8	1	P90	30	0.002278	0.002278	0.000349	0.000349
373	3	5	8	1	P95	30	0.002278	0.002278	0.000349	0.000349
373	3	5	8	1	P99	30	0.002278	0.002278	0.000349	0.000349
373	3	5	8	1	P999	30	0.002278	0.002278	0.000349	0.000349
374	207	3	210	1	P1	1	-0.002634	-0.002634	0.000054	0.000054
374	207	3	210	1	P50	1	-0.000768	-0.000786	0.001925	0.001907
374	207	3	210	1	P75	1	0.000175	0.000175	0.002871	0.002871
374	207	3	210	1	P90	1	0.000756	0.000738	0.003454	0.003435
374	207	3	210	1	P95	1	0.000938	0.000938	0.003636	0.003636
374	207	3	210	1	P99	26	-0.000692	-0.000692	0.001408	0.001408
374	207	3	210	1	P999	27	-0.001046	-0.001046	0.001047	0.001047
375	3	3	6	0	P1	1	-0.003110	-0.003110	0.000623	0.000623
375	3	3	6	0	P50	1	-0.001245	-0.001867	0.002495	0.001871
375	3	3	6	0	P75	1	-0.000623	-0.000623	0.003120	0.003120
375	3	3	6	0	P90	1	-0.000000	-0.000000	0.003745	0.003745
375	3	3	6	0	P95	1	-0.000000	-0.000000	0.003745	0.003745
375	3	3	6	0	P99	1	-0.000000	-0.000000	0.003745	0.003745
375	3	3	6	0	P999	1	-0.000000	-0.000000	0.003745	0.003745
376	4	207	211	1	P1	1	-0.002373	-0.002373	0.000055	0.000055
376	4	207	211	1	P50	1	-0.000488	-0.000488	0.001944	0.001944
376	4	207	211	1	P75	1	0.000484	0.000484	0.002918	0.002918
376	4	207	211	1	P90	1	0.001052	0.001052	0.003488	0.003488
376	4	207	211	1	P95	1	0.001254	0.001254	0.003690	0.003690
376	4	207	211	1	P99	28	0.000386	0.000386	0.002060	0.002060
376	4	207	211	1	P999	30	-0.001308	-0.001308	0.000349	0.000349
377	7	10	17	1	P1	1	-0.002316	-0.002316	0.000374	0.000374
377	7	10	17	1	P50	1	0.000673	0.000673	0.003370	0.003370
377	7	10	17	1	P75	27	-0.001046	-0.001046	0.001047	0.001047
377	7	10	17	1	P90	29	0.002270	0.002270	0.000609	0.000609
377	7	10	17	1	P95	30	0.002016	0.002016	0.000349	0.000349
377	7	10	17	1	P99	30	0.002016	0.002016	0.000349	0.000349
377	7	10	17	1	P999	30	0.002016	0.002016	0.000349	0.000349
378	7	10	17	1	P1	1	-0.001346	-0.001346	0.000748	0.000748
378	7	10	17	1	P50	28	-0.003133	-0.003133	-0.001056	-0.001056
378	7	10	17	1	P75	28	-0.000645	-0.000645	0.001436	0.001436
378	7	10	17	1	P90	29	0.002268	0.002268	0.000609	0.000609
378	7	10	17	1	P95	35	0.001113	0.001113	0.003198	0.003198
378	7	10	17	1	P99	35	0.001113	0.001113	0.003198	0.003198
378	7	10	17	1	P999	35	0.001113	0.001113	0.003198	0.003198
379	1630	12	1642	1	P1	1	-0.002486	-0.002486	0.000039	0.000039
379	1630	12	1642	1	P50	1	-0.000636	-0.000639	0.001893	0.001890
379	1630	12	1642	1	P75	1	0.000307	0.000307	0.002838	0.002838
379	1630	12	1642	1	P90	1	0.000873	0.000873	0.003406	0.003406
379	1630	12	1642	1	P95	1	0.001062	0.001062	0.003595	0.003595
379	1630	12	1642	1	P99	2	0.000667	0.000667	-0.000689	-0.000689
379	1630	12	1642	1	P999	29	-0.002454	-0.002454	-0.000637	-0.000637
380	18	12	30	0	P1	1	-0.003603	-0.003603	0.000129	0.000129
380	18	12	30	0	P50	1	-0.001674	-0.001803	0.002064	0.001935
380	18	12	30	0	P75	1	-0.000773	-0.000773	0.002969	0.002969
380	18	12	30	0	P90	1	-0.000129	-0.000258	0.003616	0.003486
380	18	12	30	0	P95	1	-0.000000	-0.000000	0.003745	0.003745
380	18	12	30	0	P99	2	0.002116	0.002116	0.002116	0.002116
380	18	12	30	0	P999	2	0.002116	0.002116	0.002116	0.002116
381	13	2951	2964	1	P1	1	-0.003044	-0.003044	0.000038	0.000038
381	13	2951	2964	1	P50	1	-0.001201	-0.001202	0.001887	0.001885
381	13	2951	2964	1	P75	1	-0.000260	-0.000261	0.002831	0.002829
381	13	2951	2964	1	P90	1	0.000304	0.000304	0.003397	0.003397
381	13	2951	2964	1	P95	1	0.000493	0.000493	0.003586	0.003586
381	13	2951	2964	1	P99	1	0.000644	0.000644	0.003737	0.003737
381	13	2951	2964	1	P999	29	0.000146	0.000146	-0.000886	-0.000886
382	43	72	115	1	P1	1	-0.002979	-0.002979	0.000104	0.000104
382	43	72	115	1	P50	1	-0.000076	-0.000076	0.003016	0.003016
382	43	72	115	1	P75	27	0.000712	0.000712	-0.000313	-0.000313
382	43	72	115	1	P90	28	-0.000918	-0.000918	0.001793	0.001793
382	43	72	115	1	P95	29	0.001643	0.001643	0.000609	0.000609
382	43	72	115	1	P99	31	0.002243	0.002243	0.001201	0.001201
382	43	72	115	1	P999	32	0.000399	0.000399	0.003098	0.003098
383	43	59	102	1	P1	1	-0.002891	-0.002891	0.000192	0.000192
383	43	59	102	1	P50	27	0.000576	-0.000172	-0.000449	-0.001196
383	43	59	102	1	P75	29	-0.001473	-0.001473	-0.002503	-0.002503
383	43	59	102	1	P90	30	-0.000276	-0.000276	-0.001312	-0.001312
383	43	59	102	1	P95	31	0.002243	0.002243	0.001201	0.001201
383	43	59	102	1	P99	34	-0.000411	-0.000411	0.002279	0.002279
383	43	59	102	1	P999	46	0.000117	0.000117	0.002774	0.002774
384	3849	21	3870	1	P1	1	-0.002788	-0.002788	0.000038	0.000038
384	3849	21	3870	1	P50	1	-0.000940	-0.000941	0.001891	0.001890
384	3849	21	3870	1	P75	1	0.000004	0.000004	0.002837	0.002837
384	3849	21	3870	1	P90	1	0.000571	0.000570	0.003406	0.003405
384	3849	21	3870	1	P95	1	0.000759	0.000759	0.003595	0.003595
384	3849	21	3870	1	P99	2	-0.000167	-0.000167	-0.001184	-0.001184
384	3849	21	3870	1	P999	28	-0.000245	-0.000245	0.002060	0.002060
385	32	21	53	0	P1	1	-0.003653	-0.003653	0.000078	0.000078
385	32	21	53	0	P50	1	-0.001634	-0.001634	0.002105	0.002105
385	32	21	53	0	P75	1	-0.000623	-0.000623	0.003120	0.003120
385	32	21	53	0	P90	1	-0.000000	-0.000000	0.003745	0.003745
385	32	21	53	0	P95	2	0.000619	0.000619	0.000619	0.000619
385	32	21	53	0	P99	2	0.002116	0.002116	0.002116	0.002116
385	32	21	53	0	P999	2	0.002116	0.002116	0.002116	0.002116
386	25	2056	2081	1	P1	1	-0.002487	-0.002487	0.000038	0.000038
386	25	2056	2081	1	P50	1	-0.000629	-0.000629	0.001900	0.001900
386	25	2056	2081	1	P75	1	0.000319	0.000319	0.002850	0.002850
386	25	2056	2081	1	P90	1	0.000888	0.000888	0.003421	0.003421
386	25	2056	2081	1	P95	1	0.001078	0.001078	0.003611	0.003611
386	25	2056	2081	1	P99	27	-0.001410	-0.001410	0.000423	0.000423
386	25	2056	2081	1	P999	30	0.001341	0.001341	-0.000586	-0.000586
387	32	52	84	1	P1	1	-0.002452	-0.002452	0.000073	0.000073
387	32	52	84	1	P50	1	0.000625	0.000551	0.003157	0.003083
387	32	52	84	1	P75	27	-0.001203	-0.001618	0.000631	0.000216
387	32	52	84	1	P90	29	-0.002454	-0.002454	-0.000637	-0.000637
387	32	52	84	1	P95	30	0.002278	0.002278	0.000349	0.000349
387	32	52	84	1	P99	33	0.000434	0.000434	0.002228	0.002228
387	32	52	84	1	P999	33	0.000434	0.000434	0.002228	0.002228
388	31	52	83	1	P1	1	-0.002913	-0.002913	0.000150	0.000150
388	31	52	83	1	P50	28	-0.003333	-0.003333	-0.000660	-0.000660
388	31	52	83	1	P75	29	0.000793	0.000793	-0.000271	-0.000271
388	31	52	83	1	P90	30	0.001002	0.001002	-0.000067	-0.000067
388	31	52	83	1	P95	31	0.001339	0.001339	0.000266	0.000266
388	31	52	83	1	P99	41	-0.000671	-0.000671	0.001965	0.001965
388	31	52	83	1	P999	41	-0.000671	-0.000671	0.001965	0.001965
389	1459	11	1470	1	P1	1	-0.002389	-0.002389	0.000039	0.000039
389	1459	11	1470	1	P50	1	-0.000538	-0.000540	0.001894	0.001891
389	1459	11	1470	1	P75	1	0.000406	0.000406	0.002840	0.002840
389	1459	11	1470	1	P90	1	0.000975	0.000972	0.003410	0.003407
389	1459	11	1470	1	P95	1	0.001163	0.001163	0.003598	0.003598
389	1459	11	1470	1	P99	2	0.001338	0.001338	-0.000129	-0.000129
389	1459	11	1470	1	P999	29	-0.001056	-0.001056	0.000609	0.000609
390	18	11	29	0	P1	1	-0.003588	-0.003588	0.000144	0.000144
390	18	11	29	0	P50	1	-0.001580	-0.001580	0.002159	0.002159
390	18	11	29	0	P75	1	-0.000575	-0.000575	0.003168	0.003168
390	18	11	29	0	P90	2	-0.000378	-0.000378	-0.000378	-0.000378
390	18	11	29	0	P95	2	0.000868	0.000868	0.000868	0.000868
390	18	11	29	0	P99	2	0.002116	0.002116	0.002116	0.002116
390	18	11	29	0	P999	2	0.002116	0.002116	0.002116	0.002116
391	11	2368	2379	1	P1	1	-0.003044	-0.003044	0.000038	0.000038
391	11	2368	2379	1	P50	1	-0.001204	-0.001204	0.001884	0.001884
391	11	2368	2379	1	P75	1	-0.000263	-0.000263	0.002828	0.002828
391	11	2368	2379	1	P90	1	0.000302	0.000302	0.003394	0.003394
391	11	2368	2379	1	P95	1	0.000490	0.000490	0.003583	0.003583
391	11	2368	2379	1	P99	1	0.000641	0.000641	0.003734	0.003734
391	11	2368	2379	1	P999	29	0.001643	0.001643	0.000609	0.000609
392	8	9	17	1	P1	1	-0.002668	-0.002668	0.000415	0.000415
392	8	9	17	1	P50	1	0.000652	0.000652	0.003745	0.003745
392	8	9	17	1	P75	28	-0.003449	-0.003449	-0.000745	-0.000745
392	8	9	17	1	P90	28	-0.000651	-0.000651	0.002060	0.002060
392	8	9	17	1	P95	29	0.001643	0.001643	0.000609	0.000609
392	8	9	17	1	P99	29	0.001643	0.001643	0.000609	0.000609
392	8	9	17	1	P999	29	0.001643	0.001643	0.000609	0.000609
393	8	11	19	1	P1	1	-0.002550	-0.002550	0.000534	0.000534
393	8	11	19	1	P50	27	0.002073	0.002073	0.001047	0.001047
393	8	11	19	1	P75	29	0.001643	0.001643	0.000609	0.000609
393	8	11	19	1	P90	30	0.001386	0.001386	0.000349	0.000349
393	8	11	19	1	P95	197	-0.000213	-0.000213	0.002278	0.002278
393	8	11	19	1	P99	197	-0.000213	-0.000213	0.002278	0.002278
393	8	11	19	1	P999	197	-0.000213	-0.000213	0.002278	0.002278
394	12	6	18	1	P1	1	0.000563	0.000563	0.001871	0.001871
394	12	6	18	1	P50	5	0.000441	-0.000307	0.001625	0.000877
394	12	6	18	1	P75	10	0.000116	0.000116	0.001247	0.001247
394	12	6	18	1	P90	11	-0.001115	-0.001115	0.000008	0.000008
394	12	6	18	1	P95	11	0.000754	0.000754	0.001879	0.001879
394	12	6	18	1	P99	11	0.000754	0.000754	0.001879	0.001879
394	12	6	18	1	P999	11	0.000754	0.000754	0.001879	0.001879
395	3	3	6	0	P1	1	-0.003110	-0.003110	0.000623	0.000623
395	3	3	6	0	P50	1	-0.001245	-0.001867	0.002495	0.001871
395	3	3	6	0	P75	1	-0.000623	-0.000623	0.003120	0.003120
395	3	3	6	0	P90	1	-0.000000	-0.000000	0.003745	0.003745
395	3	3	6	0	P95	1	-0.000000	-0.000000	0.003745	0.003745
395	3	3	6	0	P99	1	-0.000000	-0.000000	0.003745	0.003745
395	3	3	6	0	P999	1	-0.000000	-0.000000	0.003745	0.003745
396	2	30	32	1	P1	11	0.001429	0.001429	0.001879	0.001879
396	2	30	32	1	P50	31	-0.000112	-0.001046	0.000266	-0.000668
396	2	30	32	1	P75	32	0.002722	0.002186	0.003098	0.002563
396	2	30	32	1	P90	35	0.002827	0.002827	0.003198	0.003198
396	2	30	32	1	P95	49	0.002794	0.002794	0.003142	0.003142
396	2	30	32	1	P99	50	0.001280	0.001280	0.001625	0.001625
396	2	30	32	1	P999	50	0.001280	0.001280	0.001625	0.001625
397	2	4	6	1	P1	12	0.002783	0.002783	0.000839	0.000839
397	2	4	6	1	P50	30	-0.003115	-0.004046	-0.001519	-0.002452
397	2	4	6	1	P75	30	-0.002183	-0.002183	-0.000586	-0.000586
397	2	4	6	1	P90	30	-0.001250	-0.001250	0.000349	0.000349
397	2	4	6	1	P95	30	-0.001250	-0.001250	0.000349	0.000349
397	2	4	6	1	P99	30	-0.001250	-0.001250	0.000349	0.000349
397	2	4	6	1	P999	30	-0.001250	-0.001250	0.000349	0.000349
398	2	4	6	1	P1	76	-0.000816	-0.000816	0.001567	0.001567
398	2	4	6	1	P50	79	0.001600	-0.020620	0.000231	-0.021953
398	2	4	6	1	P75	88	-0.001597	-0.001597	0.000743	0.000743
398	2	4	6	1	P90	112	0.004022	0.004022	0.002551	0.002551
398	2	4	6	1	P95	112	0.004022	0.004022	0.002551	0.002551
398	2	4	6	1	P99	112	0.004022	0.004022	0.002551	0.002551
398	2	4	6	1	P999	112	0.004022	0.004022	0.002551	0.002551
399	9	2	11	1	P1	1	-0.003317	-0.003317	0.000415	0.000415
399	9	2	11	1	P50	1	-0.001245	-0.001245	0.002495	0.002495
399	9	2	11	1	P75	1	0.000000	0.000000	0.003745	0.003745
399	9	2	11	1	P90	83	0.003174	0.003174	0.003174	0.003174
399	9	2	11	1	P95	100	0.000000	0.000000	0.003745	0.003745
399	9	2	11	1	P99	100	0.000000	0.000000	0.003745	0.003745
399	9	2	11	1	P999	100	0.000000	0.000000	0.003745	0.003745
400	33	4	37	1	P1	3	-0.002483	-0.002483	-0.002452	-0.002452
400	33	4	37	1	P50	202	-0.000160	-0.000160	0.003383	0.003383
400	33	4	37	1	P75	477	0.000371	0.000371	0.000122	0.000122
400	33	4	37	1	P90	750	0.000132	0.000132	0.003603	0.003603
400	33	4	37	1	P95	1169	0.001144	0.001144	0.000846	0.000846
400	33	4	37	1	P99	1193	0.003255	0.003255	0.002955	0.002955
400	33	4	37	1	P999	1193	0.003255	0.003255	0.002955	0.002955
401	4	4	8	1	P1	2	-0.000292	-0.000292	-0.000378	-0.000378
401	4	4	8	1	P50	11	0.000233	-0.727145	0.000008	-0.727178
401	4	4	8	1	P75	13	-0.000468	-0.152066	0.003036	-0.152257
401	4	4	8	1	P90	16	0.001236	0.001236	0.000980	0.000980
401	4	4	8	1	P95	16	0.001236	0.001236	0.000980	0.000980
401	4	4	8	1	P99	16	0.001236	0.001236	0.000980	0.000980
401	4	4	8	1	P999	16	0.001236	0.001236	0.000980	0.000980
402	11	279	290	1	P1	1	-0.003141	-0.003141	0.000040	0.000040
402	11	279	290	1	P50	1	-0.001222	-0.001236	0.001965	0.001952
402	11	279	290	1	P75	1	-0.000255	-0.000255	0.002936	0.002936
402	11	279	290	1	P90	1	0.000337	0.000323	0.003529	0.003516
402	11	279	290	1	P95	1	0.000525	0.000525	0.003718	0.003718
402	11	279	290	1	P99	7	0.001373	0.001373	0.000634	0.000634
402	11	279	290	1	P999	11	0.002662	0.002662	0.001879	0.001879
403	305	516	821	1	P1	1	-0.003498	-0.003498	0.000110	0.000110
403	305	516	821	1	P50	192	-0.001321	-0.001321	-0.001557	-0.001557
403	305	516	821	1	P75	199	-0.002547	-0.002547	0.000951	0.000951
403	305	516	821	1	P90	206	0.001202	0.001202	0.000964	0.000964
403	305	516	821	1	P95	216	-0.001717	-0.001717	0.001783	0.001783
403	305	516	821	1	P99	237	0.000820	0.000820	0.000580	0.000580
403	305	516	821	1	P999	308	0.000443	0.000443	0.000197	0.000197
404	269	361	630	0	P1	1	-0.003689	-0.003689	0.000042	0.000042
404	269	361	630	0	P50	1	-0.001840	-0.001846	0.001898	0.001892
404	269	361	630	0	P75	1	-0.000900	-0.000900	0.002842	0.002842
404	269	361	630	0	P90	1	-0.000330	-0.000336	0.003414	0.003408
404	269	361	630	0	P95	1	-0.000144	-0.000144	0.003600	0.003600
404	269	361	630	0	P99	2	-0.001001	-0.001001	-0.001001	-0.001001
404	269	361	630	0	P999	4	0.000490	0.000490	0.000490	0.000490
405	12	196	208	0	P1	1	-0.003676	-0.003676	0.000055	0.000055
405	12	196	208	0	P50	1	-0.001812	-0.001831	0.001926	0.001907
405	12	196	208	0	P75	1	-0.000861	-0.000879	0.002881	0.002863
405	12	196	208	0	P90	1	-0.000293	-0.000293	0.003451	0.003451
405	12	196	208	0	P95	1	-0.000110	-0.000110	0.003635	0.003635
405	12	196	208	0	P99	2	0.000868	0.000868	0.000868	0.000868
405	12	196	208	0	P999	3	0.000349	0.000349	0.000349	0.000349
406	6	5	11	0	P1	1	-0.003392	-0.003392	0.000340	0.000340
406	6	5	11	0	P50	1	-0.001698	-0.001698	0.002041	0.002041
406	6	5	11	0	P75	1	-0.000679	-0.000679	0.003063	0.003063
406	6	5	11	0	P90	1	-0.000340	-0.000340	0.003404	0.003404
406	6	5	11	0	P95	1	-0.000000	-0.000000	0.003745	0.003745
406	6	5	11	0	P99	1	-0.000000	-0.000000	0.003745	0.003745
406	6	5	11	0	P999	1	-0.000000	-0.000000	0.003745	0.003745
407	11	15	26	1	P1	1	-0.002142	-0.002142	0.000534	0.000534
407	11	15	26	1	P50	2	0.002839	0.002370	0.001648	0.001180
407	11	15	26	1	P75	20	-0.002999	-0.002999	-0.000876	-0.000876
407	11	15	26	1	P90	20	-0.000012	-0.000012	0.002116	0.002116
407	11	15	26	1	P95	21	-0.000200	-0.000200	0.001919	0.001919
407	11	15	26	1	P99	32	0.001055	0.001055	0.003098	0.003098
407	11	15	26	1	P999	32	0.001055	0.001055	0.003098	0.003098
408	9	2	11	1	P1	1	-0.002370	-0.002370	0.000467	0.000467
408	9	2	11	1	P50	1	-0.000036	-0.000036	0.002807	0.002807
408	9	2	11	1	P75	2	0.003126	0.003126	0.002116	0.002116
408	9	2	11	1	P90	1680	-0.000898	-0.000898	0.000783	0.000783
408	9	2	11	1	P95	1732	0.002268	0.002268	0.000204	0.000204
408	9	2	11	1	P99	1732	0.002268	0.002268	0.000204	0.000204
408	9	2	11	1	P999	1732	0.002268	0.002268	0.000204	0.000204
409	8	2	10	0	P1	1	-0.003317	-0.003317	0.000415	0.000415
409	8	2	10	0	P50	1	-0.001245	-0.001660	0.002495	0.002079
409	8	2	10	0	P75	1	-0.000415	-0.000415	0.003328	0.003328
409	8	2	10	0	P90	2	0.002116	-0.500000	0.002116	-0.498128
409	8	2	10	0	P95	2	0.002116	0.002116	0.002116	0.002116
409	8	2	10	0	P99	2	0.002116	0.002116	0.002116	0.002116
409	8	2	10	0	P999	2	0.002116	0.002116	0.002116	0.002116
410	5	5	10	0	P1	1	-0.002986	-0.002986	0.000748	0.000748
410	5	5	10	0	P50	2	-0.000876	-0.500000	-0.000876	-0.498128
410	5	5	10	0	P75	2	0.000619	0.000619	0.000619	0.000619
410	5	5	10	0	P90	2	0.002116	0.001367	0.002116	0.001367
410	5	5	10	0	P95	2	0.002116	0.002116	0.002116	0.002116
410	5	5	10	0	P99	2	0.002116	0.002116	0.002116	0.002116
410	5	5	10	0	P999	2	0.002116	0.002116	0.002116	0.002116
411	6	7	13	1	P1	1	0.002067	0.002067	0.003745	0.003745
411	6	7	13	1	P50	3	0.002513	0.002513	0.000349	0.000349
411	6	7	13	1	P75	211	-0.000303	-0.000303	0.000905	0.000905
411	6	7	13	1	P90	219	-0.000133	-0.000133	0.001071	0.001071
411	6	7	13	1	P95	394	-0.000501	-0.000501	0.000652	0.000652
411	6	7	13	1	P99	394	-0.000501	-0.000501	0.000652	0.000652
411	6	7	13	1	P999	394	-0.000501	-0.000501	0.000652	0.000652
412	3	12	15	1	P1	10	0.002109	0.002109	0.003745	0.003745
412	3	12	15	1	P50	19	0.000752	0.000752	-0.001415	-0.001415
412	3	12	15	1	P75	20	0.000549	0.000549	0.002116	0.002116
412	3	12	15	1	P90	601	-0.000443	-0.000443	0.000798	0.000798
412	3	12	15	1	P95	617	-0.000549	-0.000549	0.000689	0.000689
412	3	12	15	1	P99	617	-0.000549	-0.000549	0.000689	0.000689
412	3	12	15	1	P999	617	-0.000549	-0.000549	0.000689	0.000689
413	12	11	23	1	P1	1	-0.002482	-0.002482	0.000534	0.000534
413	12	11	23	1	P50	63	-0.002102	-0.002102	0.000397	0.000397
413	12	11	23	1	P75	76	0.002830	0.002830	0.001567	0.001567
413	12	11	23	1	P90	79	0.001497	0.001497	0.000231	0.000231
413	12	11	23	1	P95	80	-0.001736	-0.001736	0.000735	0.000735
413	12	11	23	1	P99	80	0.000132	0.000132	0.002607	0.002607
413	12	11	23	1	P999	80	0.000132	0.000132	0.002607	0.002607
414	21	11	32	1	P1	1	-0.003023	-0.003023	0.000340	0.000340
414	21	11	32	1	P50	18	-0.002237	-0.002610	0.000943	0.000569
414	21	11	32	1	P75	19	-0.000500	-0.001034	-0.001060	-0.001593
414	21	11	32	1	P90	19	0.001637	0.001637	0.001076	0.001076
414	21	11	32	1	P95	20	0.002681	0.002681	0.002116	0.002116
414	21	11	32	1	P99	21	0.002487	0.002487	0.001919	0.001919
414	21	11	32	1	P999	21	0.002487	0.002487	0.001919	0.001919
415	112	5	117	0	P1	1	-0.003659	-0.003659	0.000073	0.000073
415	112	5	117	0	P50	1	-0.001596	-0.001596	0.002143	0.002143
415	112	5	117	0	P75	1	-0.000544	-0.000544	0.003199	0.003199
415	112	5	117	0	P90	2	-0.000761	-0.000761	-0.000761	-0.000761
415	112	5	117	0	P95	2	0.000964	0.000964	0.000964	0.000964
415	112	5	117	0	P99	2	0.002116	0.002116	0.002116	0.002116
415	112	5	117	0	P999	4	0.000490	0.000490	0.000490	0.000490
416	16	2	18	0	P1	1	-0.003444	-0.003444	0.000288	0.000288
416	16	2	18	0	P50	1	-0.000862	-0.001149	0.002879	0.002591
416	16	2	18	0	P75	2	-0.000876	-0.000876	-0.000876	-0.000876
416	16	2	18	0	P90	2	0.001367	0.001367	0.001367	0.001367
416	16	2	18	0	P95	2	0.002116	0.002116	0.002116	0.002116
416	16	2	18	0	P99	2	0.002116	0.002116	0.002116	0.002116
416	16	2	18	0	P999	2	0.002116	0.002116	0.002116	0.002116
417	5	4	9	0	P1	1	-0.003265	-0.003265	0.000467	0.000467
417	5	4	9	0	P50	1	-0.001401	-0.001401	0.002339	0.002339
417	5	4	9	0	P75	1	-0.000467	-0.000467	0.003276	0.003276
417	5	4	9	0	P90	2	0.002116	0.002116	0.002116	0.002116
417	5	4	9	0	P95	2	0.002116	0.002116	0.002116	0.002116
417	5	4	9	0	P99	2	0.002116	0.002116	0.002116	0.002116
417	5	4	9	0	P999	2	0.002116	0.002116	0.002116	0.002116
418	5	2	7	1	P1	1	-0.002669	-0.002669	0.000748	0.000748
418	5	2	7	1	P50	1	-0.000429	-0.000429	0.002995	0.002995
418	5	2	7	1	P75	301	0.001394	0.001394	0.000759	0.000759
418	5	2	7	1	P90	313	-0.000318	-0.000318	0.002787	0.002787
418	5	2	7	1	P95	313	-0.000318	-0.000318	0.002787	0.002787
418	5	2	7	1	P99	313	-0.000318	-0.000318	0.002787	0.002787
418	5	2	7	1	P999	313	-0.000318	-0.000318	0.002787	0.002787
419	4	3	7	1	P1	1	-0.002222	-0.002222	0.000748	0.000748
419	4	3	7	1	P50	1	0.000018	0.000018	0.002995	0.002995
419	4	3	7	1	P75	2	-0.002632	-0.002632	0.000245	0.000245
419	4	3	7	1	P90	2	-0.000766	-0.000766	0.002116	0.002116
419	4	3	7	1	P95	2	-0.000766	-0.000766	0.002116	0.002116
419	4	3	7	1	P99	2	-0.000766	-0.000766	0.002116	0.002116
419	4	3	7	1	P999	2	-0.000766	-0.000766	0.002116	0.002116
420	3	3	6	0	P1	1	-0.003110	-0.003110	0.000623	0.000623
420	3	3	6	0	P50	1	-0.001245	-0.001867	0.002495	0.001871
420	3	3	6	0	P75	1	-0.000623	-0.000623	0.003120	0.003120
420	3	3	6	0	P90	1	-0.000000	-0.000000	0.003745	0.003745
420	3	3	6	0	P95	1	-0.000000	-0.000000	0.003745	0.003745
420	3	3	6	0	P99	1	-0.000000	-0.000000	0.003745	0.003745
420	3	3	6	0	P999	1	-0.000000	-0.000000	0.003745	0.003745
421	3	3	6	1	P1	1	-0.002120	-0.002120	0.001247	0.001247
421	3	3	6	1	P50	18	-0.000370	-0.944424	0.002815	-0.944236
421	3	3	6	1	P75	19	0.001637	0.001637	0.001076	0.001076
421	3	3	6	1	P90	20	0.002681	0.002681	0.002116	0.002116
421	3	3	6	1	P95	20	0.002681	0.002681	0.002116	0.002116
421	3	3	6	1	P99	20	0.002681	0.002681	0.002116	0.002116
421	3	3	6	1	P999	20	0.002681	0.002681	0.002116	0.002116
422	6	4	10	1	P1	20	0.000098	0.000098	0.002116	0.002116
422	6	4	10	1	P50	21	0.003647	0.001773	0.001919	0.001170
422	6	4	10	1	P75	22	0.000731	0.000731	-0.000993	-0.000993
422	6	4	10	1	P90	25	0.001237	-0.118259	0.003253	-0.119778
422	6	4	10	1	P95	25	0.001237	0.001237	0.003253	0.003253
422	6	4	10	1	P99	25	0.001237	0.001237	0.003253	0.003253
422	6	4	10	1	P999	25	0.001237	0.001237	0.003253	0.003253
423	3	3	6	1	P1	7	-0.002141	-0.002141	-0.000923	-0.000923
423	3	3	6	1	P50	11	-0.001184	-0.363414	0.000008	-0.362637
423	3	3	6	1	P75	11	0.000685	0.000685	0.001879	0.001879
423	3	3	6	1	P90	12	-0.000349	-0.000349	0.000839	0.000839
423	3	3	6	1	P95	12	-0.000349	-0.000349	0.000839	0.000839
423	3	3	6	1	P99	12	-0.000349	-0.000349	0.000839	0.000839
423	3	3	6	1	P999	12	-0.000349	-0.000349	0.000839	0.000839
424	5	3	8	1	P1	1	-0.001432	-0.001432	0.000748	0.000748
424	5	3	8	1	P50	1	0.001559	0.000810	0.003745	0.002995
424	5	3	8	1	P75	11	-0.001523	-0.092324	0.000008	-0.087505
424	5	3	8	1	P90	11	0.000345	0.000345	0.001879	0.001879
424	5	3	8	1	P95	11	0.000345	0.000345	0.001879	0.001879
424	5	3	8	1	P99	11	0.000345	0.000345	0.001879	0.001879
424	5	3	8	1	P999	11	0.000345	0.000345	0.001879	0.001879
425	3	3	6	0	P1	1	-0.002986	-0.002986	0.000748	0.000748
425	3	3	6	0	P50	1	-0.000747	-0.001494	0.002995	0.002245
425	3	3	6	0	P75	1	-0.000000	-0.000000	0.003745	0.003745
425	3	3	6	0	P90	2	0.002116	0.002116	0.002116	0.002116
425	3	3	6	0	P95	2	0.002116	0.002116	0.002116	0.002116
425	3	3	6	0	P99	2	0.002116	0.002116	0.002116	0.002116
425	3	3	6	0	P999	2	0.002116	0.002116	0.002116	0.002116
426	877	1769	2646	1	P1	1	-0.002045	-0.002045	0.000110	0.000110
426	877	1769	2646	1	P50	9	-0.003460	-0.003465	-0.001877	-0.001882
426	877	1769	2646	1	P75	10	-0.004611	-0.004611	0.000675	0.000675
426	877	1769	2646	1	P90	10	-0.002248	-0.002248	0.003050	0.003050
426	877	1769	2646	1	P95	11	-0.002836	-0.002836	-0.001306	-0.001306
426	877	1769	2646	1	P99	12	-0.002131	-0.002131	-0.000624	-0.000624
426	877	1769	2646	1	P999	33	0.000992	0.000992	0.002228	0.002228
427	2	2	4	1	P1	1	0.000379	0.000379	0.003745	0.003745
427	2	2	4	1	P50	3	0.000966	-0.000903	0.000349	-0.001519
427	2	2	4	1	P75	493	-0.001245	-0.993909	0.000771	-0.993913
427	2	2	4	1	P90	493	-0.001245	-0.001245	0.000771	0.000771
427	2	2	4	1	P95	493	-0.001245	-0.001245	0.000771	0.000771
427	2	2	4	1	P99	493	-0.001245	-0.001245	0.000771	0.000771
427	2	2	4	1	P999	493	-0.001245	-0.001245	0.000771	0.000771
428	8	3	11	0	P1	1	-0.003265	-0.003265	0.000467	0.000467
428	8	3	11	0	P50	1	-0.000934	-0.000934	0.002807	0.002807
428	8	3	11	0	P75	9	0.000698	0.000698	0.000698	0.000698
428	8	3	11	0	P90	11	0.000008	0.000008	0.000008	0.000008
428	8	3	11	0	P95	11	0.001879	0.001879	0.001879	0.001879
428	8	3	11	0	P99	11	0.001879	0.001879	0.001879	0.001879
428	8	3	11	0	P999	11	0.001879	0.001879	0.001879	0.001879
429	2	7	9	1	P1	1	-0.002932	-0.002932	0.000534	0.000534
429	2	7	9	1	P50	1	-0.000799	-0.000799	0.002674	0.002674
429	2	7	9	1	P75	1	0.000268	0.000268	0.003745	0.003745
429	2	7	9	1	P90	209	-0.000268	-0.000268	0.002957	0.002957
429	2	7	9	1	P95	209	-0.000268	-0.000268	0.002957	0.002957
429	2	7	9	1	P99	209	-0.000268	-0.000268	0.002957	0.002957
429	2	7	9	1	P999	209	-0.000268	-0.000268	0.002957	0.002957
430	2	8	10	1	P1	1	-0.002385	-0.002385	0.000467	0.000467
430	2	8	10	1	P50	1	-0.000051	-0.000519	0.002807	0.002339
430	2	8	10	1	P75	1	0.000884	0.000884	0.003745	0.003745
430	2	8	10	1	P90	101	-0.000883	-0.236665	0.001264	-0.234993
430	2	8	10	1	P95	101	-0.000883	-0.000883	0.001264	0.001264
430	2	8	10	1	P99	101	-0.000883	-0.000883	0.001264	0.001264
430	2	8	10	1	P999	101	-0.000883	-0.000883	0.001264	0.001264
431	6	8	14	1	P1	1	-0.001664	-0.001664	0.000623	0.000623
431	6	8	14	1	P50	3	-0.000417	-0.001040	-0.002141	-0.002762
431	6	8	14	1	P75	3	0.001453	0.001453	-0.000274	-0.000274
431	6	8	14	1	P90	4	-0.003314	-0.003314	-0.001378	-0.001378
431	6	8	14	1	P95	4	-0.001449	-0.001449	0.000490	0.000490
431	6	8	14	1	P99	4	-0.001449	-0.001449	0.000490	0.000490
431	6	8	14	1	P999	4	-0.001449	-0.001449	0.000490	0.000490
432	4	5	9	0	P1	1	-0.003110	-0.003110	0.000623	0.000623
432	4	5	9	0	P50	1	-0.000623	-0.000623	0.003120	0.003120
432	4	5	9	0	P75	2	-0.000378	-0.000378	-0.000378	-0.000378
432	4	5	9	0	P90	2	0.002116	0.002116	0.002116	0.002116
432	4	5	9	0	P95	2	0.002116	0.002116	0.002116	0.002116
432	4	5	9	0	P99	2	0.002116	0.002116	0.002116	0.002116
432	4	5	9	0	P999	2	0.002116	0.002116	0.002116	0.002116
433	2	5	7	1	P1	1	-0.002306	-0.002306	0.000748	0.000748
433	2	5	7	1	P50	1	-0.000066	-0.000066	0.002995	0.002995
433	2	5	7	1	P75	161	-0.000229	-0.000229	0.002228	0.002228
433	2	5	7	1	P90	214	-0.000682	-0.000682	0.001740	0.001740
433	2	5	7	1	P95	214	-0.000682	-0.000682	0.001740	0.001740
433	2	5	7	1	P99	214	-0.000682	-0.000682	0.001740	0.001740
433	2	5	7	1	P999	214	-0.000682	-0.000682	0.001740	0.001740
434	6	17	23	1	P1	9	0.001385	0.001385	0.000698	0.000698
434	6	17	23	1	P50	39	0.004253	0.004253	0.003386	0.003386
434	6	17	23	1	P75	249	-0.001000	-0.001000	0.001651	0.001651
434	6	17	23	1	P90	298	0.000673	0.000673	0.003305	0.003305
434	6	17	23	1	P95	409	0.001818	0.001818	0.000667	0.000667
434	6	17	23	1	P99	635	-0.000699	-0.000699	0.001838	0.001838
434	6	17	23	1	P999	635	-0.000699	-0.000699	0.001838	0.001838
435	6	8	14	1	P1	1	-0.001245	-0.001245	0.000748	0.000748
435	6	8	14	1	P50	2	0.002017	0.001268	0.000619	-0.000129
435	6	8	14	1	P75	3	0.001835	0.001835	0.000349	0.000349
435	6	8	14	1	P90	348	0.000222	0.000222	0.001448	0.001448
435	6	8	14	1	P95	372	0.000829	0.000829	0.002041	0.002041
435	6	8	14	1	P99	372	0.000829	0.000829	0.002041	0.002041
435	6	8	14	1	P999	372	0.000829	0.000829	0.002041	0.002041
436	11	5	16	1	P1	4	-0.001518	-0.001518	-0.002311	-0.002311
436	11	5	16	1	P50	41	-0.000460	-0.244874	0.001965	-0.242994
436	11	5	16	1	P75	133	0.000484	-0.006969	0.002648	-0.004820
436	11	5	16	1	P90	136	0.000611	0.000611	0.002770	0.002770
436	11	5	16	1	P95	142	0.002307	0.002307	0.000712	0.000712
436	11	5	16	1	P99	142	0.002307	0.002307	0.000712	0.000712
436	11	5	16	1	P999	142	0.002307	0.002307	0.000712	0.000712
437	2	2	4	1	P1	2	0.001066	0.001066	0.002116	0.002116
437	2	2	4	1	P50	35	-0.001065	-0.512706	0.003198	-0.514207
437	2	2	4	1	P75	47	-0.000511	-0.256112	0.003699	-0.252938
437	2	2	4	1	P90	47	-0.000511	-0.000511	0.003699	0.003699
437	2	2	4	1	P95	47	-0.000511	-0.000511	0.003699	0.003699
437	2	2	4	1	P99	47	-0.000511	-0.000511	0.003699	0.003699
437	2	2	4	1	P999	47	-0.000511	-0.000511	0.003699	0.003699
438	4	38	42	1	P1	1	-0.002170	-0.002170	0.000117	0.000117
438	4	38	42	1	P50	1	0.000282	0.000165	0.002573	0.002456
438	4	38	42	1	P75	1	0.001451	0.001451	0.003745	0.003745
438	4	38	42	1	P90	3	-0.000728	-0.000728	-0.002452	-0.002452
438	4	38	42	1	P95	3	0.001141	0.001141	-0.000586	-0.000586
438	4	38	42	1	P99	4	-0.001449	-0.001449	0.000490	0.000490
438	4	38	42	1	P999	4	-0.001449	-0.001449	0.000490	0.000490
439	24	10	34	1	P1	1	0.002536	0.002536	0.001871	0.001871
439	24	10	34	1	P50	56	0.001225	0.000477	-0.000313	-0.001060
439	24	10	34	1	P75	60	0.000278	0.000278	0.002466	0.002466
439	24	10	34	1	P90	70	-0.002450	-0.002450	-0.000300	-0.000300
439	24	10	34	1	P95	72	-0.000713	-0.000713	0.001433	0.001433
439	24	10	34	1	P99	72	0.001157	0.001157	0.003307	0.003307
439	24	10	34	1	P999	72	0.001157	0.001157	0.003307	0.003307
440	10	45	55	0	P1	1	-0.001579	-0.001579	0.000534	0.000534
440	10	45	55	0	P50	2	-0.001671	-0.001671	0.000442	0.000442
440	10	45	55	0	P75	2	-0.000295	-0.000295	0.001820	0.001820
440	10	45	55	0	P90	3	0.000104	0.000104	-0.001519	-0.001519
440	10	45	55	0	P95	3	0.001226	0.001226	-0.000399	-0.000399
440	10	45	55	0	P99	3	0.001975	0.001975	0.000349	0.000349
440	10	45	55	0	P999	3	0.001975	0.001975	0.000349	0.000349
441	22	2	24	0	P1	1	-0.003569	-0.003569	0.000163	0.000163
441	22	2	24	0	P50	1	-0.001624	-0.001786	0.002115	0.001952
441	22	2	24	0	P75	1	-0.000650	-0.000812	0.003093	0.002930
441	22	2	24	0	P90	1	-0.000163	-0.000163	0.003582	0.003582
441	22	2	24	0	P95	1	-0.000000	-0.000000	0.003745	0.003745
441	22	2	24	0	P99	2	0.002116	0.002116	0.002116	0.002116
441	22	2	24	0	P999	2	0.002116	0.002116	0.002116	0.002116
442	4	2	6	0	P1	1	-0.002986	-0.002986	0.000748	0.000748
442	4	2	6	0	P50	1	-0.000747	-0.001494	0.002995	0.002245
442	4	2	6	0	P75	1	-0.000000	-0.000000	0.003745	0.003745
442	4	2	6	0	P90	2	0.002116	0.002116	0.002116	0.002116
442	4	2	6	0	P95	2	0.002116	0.002116	0.002116	0.002116
442	4	2	6	0	P99	2	0.002116	0.002116	0.002116	0.002116
442	4	2	6	0	P999	2	0.002116	0.002116	0.002116	0.002116
443	2	11	13	0	P1	1	-0.003359	-0.003359	0.000374	0.000374
443	2	11	13	0	P50	1	-0.001121	-0.001121	0.002620	0.002620
443	2	11	13	0	P75	1	-0.000000	-0.000000	0.003745	0.003745
443	2	11	13	0	P90	2	0.000868	0.000868	0.000868	0.000868
443	2	11	13	0	P95	2	0.002116	0.002116	0.002116	0.002116
443	2	11	13	0	P99	2	0.002116	0.002116	0.002116	0.002116
443	2	11	13	0	P999	2	0.002116	0.002116	0.002116	0.002116
444	24	10	34	1	P1	55	0.003687	0.003687	0.003507	0.003507
444	24	10	34	1	P50	111	0.000678	-0.010484	0.000303	-0.007147
444	24	10	34	1	P75	116	-0.000383	-0.000383	-0.000770	-0.000770
444	24	10	34	1	P90	118	-0.000652	-0.000652	0.002698	0.002698
444	24	10	34	1	P95	120	0.001236	0.001236	0.000839	0.000839
444	24	10	34	1	P99	123	-0.001022	-0.001022	0.002314	0.002314
444	24	10	34	1	P999	123	-0.001022	-0.001022	0.002314	0.002314
445	41	145	186	1	P1	1	-0.001830	-0.001830	0.000935	0.000935
445	41	145	186	1	P50	56	0.001902	0.001715	0.000247	0.000060
445	41	145	186	1	P75	59	0.000447	0.000447	-0.001213	-0.001213
445	41	145	186	1	P90	60	0.004136	0.004136	0.002466	0.002466
445	41	145	186	1	P95	61	0.002556	0.002556	0.000886	0.000886
445	41	145	186	1	P99	69	0.002697	0.002697	0.001006	0.001006
445	41	145	186	1	P999	119	0.003518	0.003518	0.001732	0.001732
446	4	6	10	1	P1	1	-0.001567	-0.001567	0.000623	0.000623
446	4	6	10	1	P50	1	0.001549	0.000925	0.003745	0.003120
446	4	6	10	1	P75	2	-0.001136	-0.001136	0.000868	0.000868
446	4	6	10	1	P90	3	-0.001546	-0.333261	0.000349	-0.331923
446	4	6	10	1	P95	3	-0.001546	-0.001546	0.000349	0.000349
446	4	6	10	1	P99	3	-0.001546	-0.001546	0.000349	0.000349
446	4	6	10	1	P999	3	-0.001546	-0.001546	0.000349	0.000349
447	41	4	45	1	P1	1	-0.002150	-0.002150	0.000935	0.000935
447	41	4	45	1	P50	55	0.004617	0.004617	0.003507	0.003507
447	41	4	45	1	P75	57	0.001600	0.001600	0.000490	0.000490
447	41	4	45	1	P90	58	0.003216	0.003216	0.002102	0.002102
447	41	4	45	1	P95	59	0.001694	0.001694	0.000580	0.000580
447	41	4	45	1	P99	66	0.001729	0.001729	0.000602	0.000602
447	41	4	45	1	P999	66	0.001729	0.001729	0.000602	0.000602
448	10	76	86	1	P1	1	-0.002403	-0.002403	0.000623	0.000623
448	10	76	86	1	P50	110	-0.001320	-0.002066	0.001130	0.000382
448	10	76	86	1	P75	114	-0.000402	-0.000402	0.002045	0.002045
448	10	76	86	1	P90	187	-0.000345	-0.000345	0.002041	0.002041
448	10	76	86	1	P95	194	0.000290	0.000290	0.002673	0.002673
448	10	76	86	1	P99	201	0.002230	0.002230	0.000865	0.000865
448	10	76	86	1	P999	201	0.002230	0.002230	0.000865	0.000865
449	4	2	6	1	P1	47	0.002145	0.002145	0.003699	0.003699
449	4	2	6	1	P50	65	0.003115	-0.015459	0.000918	-0.013937
449	4	2	6	1	P75	66	0.000926	0.000926	-0.001267	-0.001267
449	4	2	6	1	P90	66	0.002799	0.002799	0.000602	0.000602
449	4	2	6	1	P95	66	0.002799	0.002799	0.000602	0.000602
449	4	2	6	1	P99	66	0.002799	0.002799	0.000602	0.000602
449	4	2	6	1	P999	66	0.002799	0.002799	0.000602	0.000602
450	8	7	15	1	P1	1	-0.002304	-0.002304	0.000534	0.000534
450	8	7	15	1	P50	90	0.002299	0.002299	0.000698	0.000698
450	8	7	15	1	P75	141	0.001974	0.001974	0.000303	0.000303
450	8	7	15	1	P90	144	-0.000389	-0.000389	0.001679	0.001679
450	8	7	15	1	P95	147	0.001424	0.001424	0.003492	0.003492
450	8	7	15	1	P99	147	0.001424	0.001424	0.003492	0.003492
450	8	7	15	1	P999	147	0.001424	0.001424	0.003492	0.003492
451	32	2	34	1	P1	1	-0.001103	-0.001103	0.001871	0.001871
451	32	2	34	1	P50	277	0.003136	-0.004336	0.001618	-0.005842
451	32	2	34	1	P75	296	0.000343	0.000343	0.002561	0.002561
451	32	2	34	1	P90	300	0.001876	0.001876	0.000349	0.000349
451	32	2	34	1	P95	312	-0.001830	-0.001830	0.000377	0.000377
451	32	2	34	1	P99	312	0.000038	0.000038	0.002248	0.002248
451	32	2	34	1	P999	312	0.000038	0.000038	0.002248	0.002248
452	2	18	20	1	P1	11	-0.000999	-0.000999	0.000008	0.000008
452	2	18	20	1	P50	36	0.000360	-0.000886	0.001188	-0.000059
452	2	18	20	1	P75	37	-0.001492	-0.002114	0.003074	0.002449
452	2	18	20	1	P90	38	0.001125	-0.000122	0.001946	0.000698
452	2	18	20	1	P95	38	0.002373	0.001125	0.003195	0.001946
452	2	18	20	1	P99	38	0.002373	0.002373	0.003195	0.003195
452	2	18	20	1	P999	38	0.002373	0.002373	0.003195	0.003195
453	30	39	69	1	P1	1	-0.001182	-0.001182	0.000415	0.000415
453	30	39	69	1	P50	274	0.004660	0.004660	0.001293	0.001293
453	30	39	69	1	P75	385	-0.000223	-0.000223	-0.000537	-0.000537
453	30	39	69	1	P90	405	0.002726	0.002726	0.003024	0.003024
453	30	39	69	1	P95	412	0.000541	0.000541	0.000835	0.000835
453	30	39	69	1	P99	422	0.002734	0.002734	0.003023	0.003023
453	30	39	69	1	P999	422	0.002734	0.002734	0.003023	0.003023
454	5	16	21	1	P1	1	-0.001689	-0.001689	0.000748	0.000748
454	5	16	21	1	P50	40	-0.001114	-0.001114	0.000490	0.000490
454	5	16	21	1	P75	42	-0.001300	-0.001300	0.000293	0.000293
454	5	16	21	1	P90	44	-0.001707	-0.001707	-0.000125	-0.000125
454	5	16	21	1	P95	44	-0.000462	-0.000462	0.001121	0.001121
454	5	16	21	1	P99	44	0.000784	0.000784	0.002369	0.002369
454	5	16	21	1	P999	44	0.000784	0.000784	0.002369	0.002369
455	3	28	31	1	P1	1	-0.000555	-0.000555	0.001247	0.001247
455	3	28	31	1	P50	56	-0.001146	-0.001146	-0.000500	-0.000500
455	3	28	31	1	P75	59	-0.000051	-0.000051	0.000580	0.000580
455	3	28	31	1	P90	61	0.000264	0.000264	0.000886	0.000886
455	3	28	31	1	P95	66	0.000003	0.000003	0.000602	0.000602
455	3	28	31	1	P99	71	0.001760	0.001760	0.002338	0.002338
455	3	28	31	1	P999	71	0.001760	0.001760	0.002338	0.002338
456	6	51	57	1	P1	26	-0.000410	-0.000410	-0.001395	-0.001395
456	6	51	57	1	P50	71	-0.001955	-0.001955	0.000734	0.000734
456	6	51	57	1	P75	76	0.002621	0.002621	0.001567	0.001567
456	6	51	57	1	P90	102	-0.000043	-0.000043	0.002629	0.002629
456	6	51	57	1	P95	104	0.002973	0.002973	0.001899	0.001899
456	6	51	57	1	P99	107	0.000698	0.000698	0.003368	0.003368
456	6	51	57	1	P999	107	0.000698	0.000698	0.003368	0.003368
457	2	2	4	1	P1	1	0.002377	0.002377	0.003745	0.003745
457	2	2	4	1	P50	3	-0.002718	-0.332765	-0.001519	-0.331923
457	2	2	4	1	P75	3	-0.000852	-0.002718	0.000349	-0.001519
457	2	2	4	1	P90	3	-0.000852	-0.000852	0.000349	0.000349
457	2	2	4	1	P95	3	-0.000852	-0.000852	0.000349	0.000349
457	2	2	4	1	P99	3	-0.000852	-0.000852	0.000349	0.000349
457	2	2	4	1	P999	3	-0.000852	-0.000852	0.000349	0.000349
458	2	4	6	1	P1	21	0.000537	0.000537	0.000048	0.000048
458	2	4	6	1	P50	22	0.000748	-0.001121	0.000253	-0.001615
458	2	4	6	1	P75	108	0.002240	0.002240	0.001537	0.001537
458	2	4	6	1	P90	115	-0.000747	-0.000747	0.002283	0.002283
458	2	4	6	1	P95	115	-0.000747	-0.000747	0.002283	0.002283
458	2	4	6	1	P99	115	-0.000747	-0.000747	0.002283	0.002283
458	2	4	6	1	P999	115	-0.000747	-0.000747	0.002283	0.002283
459	4	31	35	1	P1	1	-0.002526	-0.002526	0.000534	0.000534
459	4	31	35	1	P50	233	0.000226	0.000226	0.002653	0.002653
459	4	31	35	1	P75	243	-0.001608	-0.001608	0.000810	0.000810
459	4	31	35	1	P90	266	0.002353	0.002353	0.001021	0.001021
459	4	31	35	1	P95	269	0.002353	0.002353	0.001019	0.001019
459	4	31	35	1	P99	298	0.000905	0.000905	0.003305	0.003305
459	4	31	35	1	P999	298	0.000905	0.000905	0.003305	0.003305
460	8	14	22	1	P1	1	-0.000855	-0.000855	0.000935	0.000935
460	8	14	22	1	P50	28	-0.000452	-0.001386	0.001124	0.000189
460	8	14	22	1	P75	29	0.001528	0.001528	-0.000637	-0.000637
460	8	14	22	1	P90	30	0.002519	0.002519	0.000349	0.000349
460	8	14	22	1	P95	31	-0.000369	-0.000369	0.001201	0.001201
460	8	14	22	1	P99	32	0.001527	0.001527	0.003098	0.003098
460	8	14	22	1	P999	32	0.001527	0.001527	0.003098	0.003098
461	8	2	10	1	P1	1	-0.002623	-0.002623	0.000467	0.000467
461	8	2	10	1	P50	1	-0.000290	-0.000757	0.002807	0.002339
461	8	2	10	1	P75	1	0.000645	0.000645	0.003745	0.003745
461	8	2	10	1	P90	21	0.002907	-0.048233	0.001919	-0.045604
461	8	2	10	1	P95	21	0.002907	0.002907	0.001919	0.001919
461	8	2	10	1	P99	21	0.002907	0.002907	0.001919	0.001919
461	8	2	10	1	P999	21	0.002907	0.002907	0.001919	0.001919
462	10	25	35	1	P1	1	0.001193	0.001193	0.003745	0.003745
462	10	25	35	1	P50	12	-0.000818	-0.000818	-0.001403	-0.001403
462	10	25	35	1	P75	12	0.002549	0.002549	0.000839	0.000839
462	10	25	35	1	P90	13	0.003266	0.003266	0.001965	0.001965
462	10	25	35	1	P95	13	0.004767	0.004767	0.003036	0.003036
462	10	25	35	1	P99	18	0.004614	0.004614	0.002815	0.002815
462	10	25	35	1	P999	18	0.004614	0.004614	0.002815	0.002815
463	3	6	9	0	P1	1	-0.003317	-0.003317	0.000415	0.000415
463	3	6	9	0	P50	1	-0.001660	-0.001660	0.002079	0.002079
463	3	6	9	0	P75	1	-0.000830	-0.000830	0.002912	0.002912
463	3	6	9	0	P90	1	-0.000000	-0.000000	0.003745	0.003745
463	3	6	9	0	P95	1	-0.000000	-0.000000	0.003745	0.003745
463	3	6	9	0	P99	1	-0.000000	-0.000000	0.003745	0.003745
463	3	6	9	0	P999	1	-0.000000	-0.000000	0.003745	0.003745
464	31	41	72	1	P1	6	0.004815	0.004815	0.002466	0.002466
464	31	41	72	1	P50	26	0.002204	0.001580	-0.000462	-0.001084
464	31	41	72	1	P75	1001	-0.002910	-0.003059	0.000689	0.000568
464	31	41	72	1	P90	1001	-0.001418	-0.001418	0.001896	0.001896
464	31	41	72	1	P95	1002	-0.000399	-0.000399	0.001379	0.001379
464	31	41	72	1	P99	1002	0.001472	0.001472	0.001741	0.001741
464	31	41	72	1	P999	1002	0.001472	0.001472	0.001741	0.001741
465	2	20	22	1	P1	1	-0.002777	-0.002777	0.000187	0.000187
465	2	20	22	1	P50	1	-0.000725	-0.000912	0.002245	0.002058
465	2	20	22	1	P75	1	0.000210	0.000210	0.003182	0.003182
465	2	20	22	1	P90	1	0.000771	0.000771	0.003745	0.003745
465	2	20	22	1	P95	9	0.001763	0.001763	0.000698	0.000698
465	2	20	22	1	P99	11	-0.000770	-0.000770	0.001879	0.001879
465	2	20	22	1	P999	11	-0.000770	-0.000770	0.001879	0.001879
466	18	5	23	1	P1	11	0.001282	0.001282	0.001879	0.001879
466	18	5	23	1	P50	85	-0.001741	-0.001741	-0.001203	-0.001203
466	18	5	23	1	P75	90	0.000161	0.000161	0.000698	0.000698
466	18	5	23	1	P90	1832	0.003433	0.003433	0.000142	0.000142
466	18	5	23	1	P95	6053	0.000725	0.000725	0.001145	0.001145
466	18	5	23	1	P99	11829	-0.000161	-0.000161	0.000239	0.000239
466	18	5	23	1	P999	11829	-0.000161	-0.000161	0.000239	0.000239
467	9	2	11	1	P1	1408	0.001387	0.001387	0.001724	0.001724
467	9	2	11	1	P50	2468	0.000882	0.000882	0.001180	0.001180
467	9	2	11	1	P75	14766	0.000703	0.000703	0.002748	0.002748
467	9	2	11	1	P90	14810	-0.000403	-0.000403	0.003513	0.003513
467	9	2	11	1	P95	14969	0.000133	0.000133	0.000304	0.000304
467	9	2	11	1	P99	14969	0.000133	0.000133	0.000304	0.000304
467	9	2	11	1	P999	14969	0.000133	0.000133	0.000304	0.000304
468	10	3	13	0	P1	1	-0.003421	-0.003421	0.000312	0.000312
468	10	3	13	0	P50	1	-0.001556	-0.001556	0.002183	0.002183
468	10	3	13	0	P75	1	-0.000623	-0.000623	0.003120	0.003120
468	10	3	13	0	P90	1	-0.000000	-0.000000	0.003745	0.003745
468	10	3	13	0	P95	2	0.002116	0.002116	0.002116	0.002116
468	10	3	13	0	P99	2	0.002116	0.002116	0.002116	0.002116
468	10	3	13	0	P999	2	0.002116	0.002116	0.002116	0.002116
469	16	6	22	1	P1	11	0.000718	0.000718	-0.000615	-0.000615
469	16	6	22	1	P50	13	-0.000851	-0.001597	0.001537	0.000789
469	16	6	22	1	P75	517	-0.000143	-0.000143	0.001833	0.001833
469	16	6	22	1	P90	1365	0.000969	0.000969	0.002838	0.002838
469	16	6	22	1	P95	1393	-0.000644	-0.000644	0.001220	0.001220
469	16	6	22	1	P99	1516	0.000723	0.000723	0.002580	0.002580
469	16	6	22	1	P999	1516	0.000723	0.000723	0.002580	0.002580
470	8	5	13	1	P1	1	-0.002179	-0.002179	0.000312	0.000312
470	8	5	13	1	P50	1	-0.000312	-0.000312	0.002183	0.002183
470	8	5	13	1	P75	1	0.000623	0.000623	0.003120	0.003120
470	8	5	13	1	P90	1	0.001247	0.001247	0.003745	0.003745
470	8	5	13	1	P95	3058	0.002878	0.002878	0.003634	0.003634
470	8	5	13	1	P99	3058	0.002878	0.002878	0.003634	0.003634
470	8	5	13	1	P999	3058	0.002878	0.002878	0.003634	0.003634
471	6	2	8	1	P1	1	-0.002347	-0.002347	0.000623	0.000623
471	6	2	8	1	P50	1	0.000143	-0.000480	0.003120	0.002495
471	6	2	8	1	P75	2	-0.000766	-0.499617	0.002116	-0.498128
471	6	2	8	1	P90	70	0.002904	0.002904	0.001570	0.001570
471	6	2	8	1	P95	70	0.002904	0.002904	0.001570	0.001570
471	6	2	8	1	P99	70	0.002904	0.002904	0.001570	0.001570
471	6	2	8	1	P999	70	0.002904	0.002904	0.001570	0.001570
472	6	2	8	0	P1	1	-0.003265	-0.003265	0.000467	0.000467
472	6	2	8	0	P50	1	-0.001401	-0.001867	0.002339	0.001871
472	6	2	8	0	P75	1	-0.000467	-0.000934	0.003276	0.002807
472	6	2	8	0	P90	1	-0.000000	-0.000000	0.003745	0.003745
472	6	2	8	0	P95	1	-0.000000	-0.000000	0.003745	0.003745
472	6	2	8	0	P99	1	-0.000000	-0.000000	0.003745	0.003745
472	6	2	8	0	P999	1	-0.000000	-0.000000	0.003745	0.003745
473	3	716	719	0	P1	1	-0.003689	-0.003689	0.000042	0.000042
473	3	716	719	0	P50	1	-0.001862	-0.001862	0.001876	0.001876
473	3	716	719	0	P75	1	-0.000926	-0.000926	0.002815	0.002815
473	3	716	719	0	P90	1	-0.000364	-0.000364	0.003379	0.003379
473	3	716	719	0	P95	1	-0.000177	-0.000177	0.003567	0.003567
473	3	716	719	0	P99	1	-0.000031	-0.000031	0.003714	0.003714
473	3	716	719	0	P999	2	0.002116	0.002116	0.002116	0.002116
474	4865	5468	10333	0	P1	1	-0.003693	-0.003693	0.000038	0.000038
474	4865	5468	10333	0	P50	1	-0.001861	-0.001861	0.001877	0.001877
474	4865	5468	10333	0	P75	1	-0.000925	-0.000925	0.002817	0.002817
474	4865	5468	10333	0	P90	1	-0.000363	-0.000363	0.003381	0.003381
474	4865	5468	10333	0	P95	1	-0.000175	-0.000175	0.003569	0.003569
474	4865	5468	10333	0	P99	1	-0.000025	-0.000025	0.003719	0.003719
474	4865	5468	10333	0	P999	2	0.001063	0.001063	0.001063	0.001063
475	3	4	7	1	P1	1	-0.001894	-0.001894	0.000935	0.000935
475	3	4	7	1	P50	1	0.000909	0.000909	0.003745	0.003745
475	3	4	7	1	P75	26	-0.000908	-0.000908	0.001408	0.001408
475	3	4	7	1	P90	28	-0.000245	-0.000245	0.002060	0.002060
475	3	4	7	1	P95	28	-0.000245	-0.000245	0.002060	0.002060
475	3	4	7	1	P99	28	-0.000245	-0.000245	0.002060	0.002060
475	3	4	7	1	P999	28	-0.000245	-0.000245	0.002060	0.002060
476	3	3	6	1	P1	1	-0.001583	-0.001583	0.001247	0.001247
476	3	3	6	1	P50	26	-0.000908	-0.961504	0.001408	-0.961394
476	3	3	6	1	P75	29	0.002051	0.002051	0.000609	0.000609
476	3	3	6	1	P90	30	0.001796	0.001796	0.000349	0.000349
476	3	3	6	1	P95	30	0.001796	0.001796	0.000349	0.000349
476	3	3	6	1	P99	30	0.001796	0.001796	0.000349	0.000349
476	3	3	6	1	P999	30	0.001796	0.001796	0.000349	0.000349
477	221	405	626	0	P1	1	-0.003689	-0.003689	0.000042	0.000042
477	221	405	626	0	P50	1	-0.001855	-0.001861	0.001883	0.001877
477	221	405	626	0	P75	1	-0.000922	-0.000922	0.002819	0.002819
477	221	405	626	0	P90	1	-0.000359	-0.000359	0.003384	0.003384
477	221	405	626	0	P95	1	-0.000174	-0.000174	0.003571	0.003571
477	221	405	626	0	P99	1	-0.000024	-0.000024	0.003721	0.003721
477	221	405	626	0	P999	2	0.002116	0.002116	0.002116	0.002116
478	507	879	1386	0	P1	1	-0.003693	-0.003693	0.000038	0.000038
478	507	879	1386	0	P50	1	-0.001862	-0.001865	0.001876	0.001873
478	507	879	1386	0	P75	1	-0.000929	-0.000929	0.002813	0.002813
478	507	879	1386	0	P90	1	-0.000367	-0.000367	0.003376	0.003376
478	507	879	1386	0	P95	1	-0.000181	-0.000181	0.003563	0.003563
478	507	879	1386	0	P99	1	-0.000030	-0.000030	0.003715	0.003715
478	507	879	1386	0	P999	2	0.002116	0.002116	0.002116	0.002116
479	9	11	20	1	P1	1	-0.002743	-0.002743	0.000340	0.000340
479	9	11	20	1	P50	1	0.000652	0.000312	0.003745	0.003404
479	9	11	20	1	P75	28	-0.003139	-0.033715	-0.000434	-0.034705
479	9	11	20	1	P90	32	0.000399	-0.125570	0.003098	-0.123197
479	9	11	20	1	P95	34	-0.000411	-0.058448	0.002279	-0.055907
479	9	11	20	1	P99	34	-0.000411	-0.000411	0.002279	0.002279
479	9	11	20	1	P999	34	-0.000411	-0.000411	0.002279	0.002279
480	9	12	21	1	P1	1	-0.002110	-0.002110	0.000415	0.000415
480	9	12	21	1	P50	28	-0.001636	-0.001636	0.000189	0.000189
480	9	12	21	1	P75	30	0.002278	0.002278	0.000349	0.000349
480	9	12	21	1	P90	32	0.001296	0.001296	0.003098	0.003098
480	9	12	21	1	P95	43	0.001193	0.001193	0.002933	0.002933
480	9	12	21	1	P99	71	0.000705	0.000705	0.002338	0.002338
480	9	12	21	1	P999	71	0.000705	0.000705	0.002338	0.002338
481	4425	14	4439	1	P1	1	-0.003502	-0.003502	0.000038	0.000038
481	4425	14	4439	1	P50	1	-0.001660	-0.001660	0.001887	0.001887
481	4425	14	4439	1	P75	1	-0.000719	-0.000719	0.002832	0.002832
481	4425	14	4439	1	P90	1	-0.000153	-0.000153	0.003399	0.003399
481	4425	14	4439	1	P95	1	0.000035	0.000035	0.003588	0.003588
481	4425	14	4439	1	P99	1	0.000185	0.000185	0.003739	0.003739
481	4425	14	4439	1	P999	28	-0.000131	-0.000131	-0.000434	-0.000434
482	14	14	28	0	P1	1	-0.003582	-0.003582	0.000150	0.000150
482	14	14	28	0	P50	1	-0.001494	-0.001643	0.002245	0.002095
482	14	14	28	0	P75	1	-0.000448	-0.000598	0.003295	0.003145
482	14	14	28	0	P90	2	-0.000378	-0.000378	-0.000378	-0.000378
482	14	14	28	0	P95	2	0.000868	0.000868	0.000868	0.000868
482	14	14	28	0	P99	2	0.002116	0.002116	0.002116	0.002116
482	14	14	28	0	P999	2	0.002116	0.002116	0.002116	0.002116
483	14	753	767	1	P1	1	-0.002649	-0.002649	0.000040	0.000040
483	14	753	767	1	P50	1	-0.000778	-0.000778	0.001916	0.001916
483	14	753	767	1	P75	1	0.000179	0.000179	0.002875	0.002875
483	14	753	767	1	P90	1	0.000753	0.000753	0.003450	0.003450
483	14	753	767	1	P95	1	0.000942	0.000942	0.003640	0.003640
483	14	753	767	1	P99	29	-0.000536	-0.000536	-0.002192	-0.002192
483	14	753	767	1	P999	32	0.001033	0.001033	0.003098	0.003098
484	102	3834	3936	0	P1	1	-0.003693	-0.003693	0.000038	0.000038
484	102	3834	3936	0	P50	1	-0.001858	-0.001859	0.001880	0.001879
484	102	3834	3936	0	P75	1	-0.000920	-0.000921	0.002821	0.002820
484	102	3834	3936	0	P90	1	-0.000358	-0.000358	0.003386	0.003386
484	102	3834	3936	0	P95	1	-0.000170	-0.000170	0.003575	0.003575
484	102	3834	3936	0	P99	1	-0.000020	-0.000020	0.003725	0.003725
484	102	3834	3936	0	P999	2	0.001492	0.001492	0.001492	0.001492
485	55	31	86	0	P1	1	-0.003685	-0.003685	0.000046	0.000046
485	55	31	86	0	P50	1	-0.001706	-0.001752	0.002033	0.001986
485	55	31	86	0	P75	1	-0.000738	-0.000738	0.003004	0.003004
485	55	31	86	0	P90	1	-0.000138	-0.000138	0.003606	0.003606
485	55	31	86	0	P95	2	-0.000689	-0.000689	-0.000689	-0.000689
485	55	31	86	0	P99	3	0.000349	0.000349	0.000349	0.000349
485	55	31	86	0	P999	3	0.000349	0.000349	0.000349	0.000349
486	2	40	42	0	P1	1	-0.003640	-0.003640	0.000091	0.000091
486	2	40	42	0	P50	1	-0.001731	-0.001822	0.002008	0.001916
486	2	40	42	0	P75	1	-0.000820	-0.000820	0.002922	0.002922
486	2	40	42	0	P90	1	-0.000273	-0.000273	0.003470	0.003470
486	2	40	42	0	P95	1	-0.000091	-0.000091	0.003653	0.003653
486	2	40	42	0	P99	3	0.000349	0.000349	0.000349	0.000349
486	2	40	42	0	P999	3	0.000349	0.000349	0.000349	0.000349
487	852	2	854	1	P1	1	-0.002786	-0.002786	0.000040	0.000040
487	852	2	854	1	P50	1	-0.000945	-0.000949	0.001886	0.001882
487	852	2	854	1	P75	1	-0.000007	-0.000007	0.002826	0.002826
487	852	2	854	1	P90	1	0.000556	0.000556	0.003391	0.003391
487	852	2	854	1	P95	1	0.000746	0.000746	0.003581	0.003581
487	852	2	854	1	P99	1	0.000896	0.000896	0.003732	0.003732
487	852	2	854	1	P999	29	0.002051	0.002051	0.000609	0.000609
488	3	2	5	1	P1	1	-0.001725	-0.001725	0.001247	0.001247
488	3	2	5	1	P50	1	0.000766	0.000766	0.003745	0.003745
488	3	2	5	1	P75	2	-0.002632	-0.002632	0.000245	0.000245
488	3	2	5	1	P90	2	-0.000766	-0.000766	0.002116	0.002116
488	3	2	5	1	P95	2	-0.000766	-0.000766	0.002116	0.002116
488	3	2	5	1	P99	2	-0.000766	-0.000766	0.002116	0.002116
488	3	2	5	1	P999	2	-0.000766	-0.000766	0.002116	0.002116
489	2	2899	2901	1	P1	1	-0.002486	-0.002486	0.000039	0.000039
489	2	2899	2901	1	P50	1	-0.000654	-0.000654	0.001875	0.001875
489	2	2899	2901	1	P75	1	0.000282	0.000282	0.002814	0.002814
489	2	2899	2901	1	P90	1	0.000844	0.000844	0.003377	0.003377
489	2	2899	2901	1	P95	1	0.001032	0.001032	0.003565	0.003565
489	2	2899	2901	1	P99	1	0.001182	0.001182	0.003715	0.003715
489	2	2899	2901	1	P999	2	0.003477	0.003477	0.002116	0.002116
490	10	12	22	1	P1	1	-0.002743	-0.002743	0.000340	0.000340
490	10	12	22	1	P50	2	0.002848	-0.499674	0.002116	-0.498128
490	10	12	22	1	P75	28	-0.003139	-0.003139	-0.000434	-0.000434
490	10	12	22	1	P90	29	-0.000851	-0.000851	-0.001882	-0.001882
490	10	12	22	1	P95	29	0.000395	0.000395	-0.000637	-0.000637
490	10	12	22	1	P99	29	0.001643	0.001643	0.000609	0.000609
490	10	12	22	1	P999	29	0.001643	0.001643	0.000609	0.000609
491	10	11	21	1	P1	1	-0.002550	-0.002550	0.000534	0.000534
491	10	11	21	1	P50	27	0.002073	0.002073	0.001047	0.001047
491	10	11	21	1	P75	29	0.001643	0.001643	0.000609	0.000609
491	10	11	21	1	P90	31	0.002243	0.002243	0.001201	0.001201
491	10	11	21	1	P95	32	0.000399	0.000399	0.003098	0.003098
491	10	11	21	1	P99	33	-0.000465	-0.000465	0.002228	0.002228
491	10	11	21	1	P999	33	-0.000465	-0.000465	0.002228	0.002228
492	543	433	976	0	P1	1	-0.003693	-0.003693	0.000039	0.000039
492	543	433	976	0	P50	1	-0.001852	-0.001856	0.001886	0.001882
492	543	433	976	0	P75	1	-0.000913	-0.000917	0.002829	0.002825
492	543	433	976	0	P90	1	-0.000351	-0.000351	0.003393	0.003393
492	543	433	976	0	P95	1	-0.000162	-0.000162	0.003583	0.003583
492	543	433	976	0	P99	1	-0.000012	-0.000012	0.003733	0.003733
492	543	433	976	0	P999	2	0.002116	0.002116	0.002116	0.002116
493	821	25	846	1	P1	1	-0.003041	-0.003041	0.000041	0.000041
493	821	25	846	1	P50	1	-0.001153	-0.001158	0.001935	0.001930
493	821	25	846	1	P75	1	-0.000192	-0.000192	0.002899	0.002899
493	821	25	846	1	P90	1	0.000387	0.000387	0.003480	0.003480
493	821	25	846	1	P95	1	0.000579	0.000579	0.003672	0.003672
493	821	25	846	1	P99	28	-0.002144	-0.002144	0.000563	0.000563
493	821	25	846	1	P999	29	0.001643	0.001643	0.000609	0.000609
494	35	25	60	1	P1	1	-0.002901	-0.002901	0.000067	0.000067
494	35	25	60	1	P50	1	-0.000903	-0.000969	0.002071	0.002004
494	35	25	60	1	P75	1	0.000098	0.000032	0.003075	0.003008
494	35	25	60	1	P90	1	0.000700	0.000633	0.003678	0.003611
494	35	25	60	1	P95	2	-0.002632	-0.003563	0.000245	-0.000689
494	35	25	60	1	P99	2	-0.000766	-0.000766	0.002116	0.002116
494	35	25	60	1	P999	2	-0.000766	-0.000766	0.002116	0.002116
495	37	5117	5154	1	P1	1	-0.003044	-0.003044	0.000038	0.000038
495	37	5117	5154	1	P50	1	-0.001198	-0.001199	0.001889	0.001889
495	37	5117	5154	1	P75	1	-0.000256	-0.000256	0.002835	0.002835
495	37	5117	5154	1	P90	1	0.000310	0.000310	0.003403	0.003403
495	37	5117	5154	1	P95	1	0.000499	0.000499	0.003592	0.003592
495	37	5117	5154	1	P99	1	0.000650	0.000650	0.003743	0.003743
495	37	5117	5154	1	P999	30	0.001386	0.001386	0.000349	0.000349
496	1843	13	1856	1	P1	1	-0.002787	-0.002787	0.000039	0.000039
496	1843	13	1856	1	P50	1	-0.000938	-0.000940	0.001893	0.001891
496	1843	13	1856	1	P75	1	0.000006	0.000004	0.002840	0.002838
496	1843	13	1856	1	P90	1	0.000573	0.000573	0.003408	0.003408
496	1843	13	1856	1	P95	1	0.000762	0.000762	0.003598	0.003598
496	1843	13	1856	1	P99	2	0.000462	0.000462	-0.000556	-0.000556
496	1843	13	1856	1	P999	29	0.002051	0.002051	0.000609	0.000609
497	14	13	27	0	P1	1	-0.003582	-0.003582	0.000150	0.000150
497	14	13	27	0	P50	1	-0.001643	-0.001643	0.002095	0.002095
497	14	13	27	0	P75	1	-0.000598	-0.000598	0.003145	0.003145
497	14	13	27	0	P90	1	-0.000000	-0.000000	0.003745	0.003745
497	14	13	27	0	P95	2	0.000245	0.000245	0.000245	0.000245
497	14	13	27	0	P99	2	0.002116	0.002116	0.002116	0.002116
497	14	13	27	0	P999	2	0.002116	0.002116	0.002116	0.002116
498	13	2969	2982	1	P1	1	-0.002487	-0.002487	0.000038	0.000038
498	13	2969	2982	1	P50	1	-0.000646	-0.000647	0.001883	0.001882
498	13	2969	2982	1	P75	1	0.000294	0.000294	0.002825	0.002825
498	13	2969	2982	1	P90	1	0.000858	0.000858	0.003391	0.003391
498	13	2969	2982	1	P95	1	0.001046	0.001046	0.003579	0.003579
498	13	2969	2982	1	P99	1	0.001198	0.001198	0.003731	0.003731
498	13	2969	2982	1	P999	30	0.002278	0.002278	0.000349	0.000349
499	6049	12	6061	1	P1	1	-0.002651	-0.002651	0.000038	0.000038
499	6049	12	6061	1	P50	1	-0.000815	-0.000815	0.001878	0.001878
499	6049	12	6061	1	P75	1	0.000123	0.000123	0.002818	0.002818
499	6049	12	6061	1	P90	1	0.000686	0.000686	0.003383	0.003383
499	6049	12	6061	1	P95	1	0.000873	0.000873	0.003571	0.003571
499	6049	12	6061	1	P99	1	0.001024	0.001024	0.003722	0.003722
499	6049	12	6061	1	P999	27	-0.002912	-0.002912	-0.000822	-0.000822
500	20	12	32	0	P1	1	-0.003607	-0.003607	0.000125	0.000125
500	20	12	32	0	P50	1	-0.001618	-0.001743	0.002120	0.001996
500	20	12	32	0	P75	1	-0.000623	-0.000747	0.003120	0.002995
500	20	12	32	0	P90	1	-0.000125	-0.000125	0.003620	0.003620
500	20	12	32	0	P95	2	0.000245	0.000245	0.000245	0.000245
500	20	12	32	0	P99	2	0.002116	0.002116	0.002116	0.002116
500	20	12	32	0	P999	2	0.002116	0.002116	0.002116	0.002116
501	12	2684	2696	1	P1	1	-0.002390	-0.002390	0.000038	0.000038
501	12	2684	2696	1	P50	1	-0.000548	-0.000549	0.001884	0.001883
501	12	2684	2696	1	P75	1	0.000393	0.000392	0.002827	0.002825
501	12	2684	2696	1	P90	1	0.000957	0.000957	0.003392	0.003392
501	12	2684	2696	1	P95	1	0.001146	0.001146	0.003581	0.003581
501	12	2684	2696	1	P99	1	0.001297	0.001297	0.003732	0.003732
501	12	2684	2696	1	P999	30	-0.002800	-0.002800	-0.001146	-0.001146
502	4	5	9	1	P1	1	-0.001943	-0.001943	0.000748	0.000748
502	4	5	9	1	P50	1	0.001047	0.001047	0.003745	0.003745
502	4	5	9	1	P75	26	-0.000692	-0.000692	0.001408	0.001408
502	4	5	9	1	P90	29	0.002270	0.002270	0.000609	0.000609
502	4	5	9	1	P95	29	0.002270	0.002270	0.000609	0.000609
502	4	5	9	1	P99	29	0.002270	0.002270	0.000609	0.000609
502	4	5	9	1	P999	29	0.002270	0.002270	0.000609	0.000609
503	4	4	8	1	P1	1	-0.000331	-0.000331	0.001247	0.001247
503	4	4	8	1	P50	27	-0.000181	-0.925881	0.001047	-0.925769
503	4	4	8	1	P75	29	-0.000611	-0.033676	0.000609	-0.032493
503	4	4	8	1	P90	31	-0.000012	-0.000012	0.001201	0.001201
503	4	4	8	1	P95	31	-0.000012	-0.000012	0.001201	0.001201
503	4	4	8	1	P99	31	-0.000012	-0.000012	0.001201	0.001201
503	4	4	8	1	P999	31	-0.000012	-0.000012	0.001201	0.001201
504	5194	6816	12010	0	P1	1	-0.003693	-0.003693	0.000038	0.000038
504	5194	6816	12010	0	P50	1	-0.001863	-0.001863	0.001875	0.001875
504	5194	6816	12010	0	P75	1	-0.000928	-0.000928	0.002814	0.002814
504	5194	6816	12010	0	P90	1	-0.000366	-0.000366	0.003377	0.003377
504	5194	6816	12010	0	P95	1	-0.000179	-0.000179	0.003565	0.003565
504	5194	6816	12010	0	P99	1	-0.000029	-0.000029	0.003716	0.003716
504	5194	6816	12010	0	P999	2	0.000557	0.000557	0.000557	0.000557
505	30	46	76	1	P1	1	-0.003001	-0.003001	0.000081	0.000081
505	30	46	76	1	P50	1	0.000083	0.000001	0.003174	0.003093
505	30	46	76	1	P75	27	0.000326	0.000077	-0.000698	-0.000947
505	30	46	76	1	P90	28	-0.002517	-0.002517	0.000189	0.000189
505	30	46	76	1	P95	28	-0.000651	-0.000651	0.002060	0.002060
505	30	46	76	1	P99	35	0.000508	0.000508	0.003198	0.003198
505	30	46	76	1	P999	35	0.000508	0.000508	0.003198	0.003198
506	30	37	67	1	P1	1	-0.001574	-0.001574	0.000156	0.000156
506	30	37	67	1	P50	27	-0.002302	-0.002302	-0.000822	-0.000822
506	30	37	67	1	P75	29	0.000628	0.000628	-0.001633	-0.001633
506	30	37	67	1	P90	31	-0.001204	-0.001204	0.000266	0.000266
506	30	37	67	1	P95	32	0.001626	0.001626	0.003098	0.003098
506	30	37	67	1	P99	36	-0.000273	-0.000273	0.001188	0.001188
506	30	37	67	1	P999	36	-0.000273	-0.000273	0.001188	0.001188
507	375	2	377	1	P1	1	-0.002649	-0.002649	0.000040	0.000040
507	375	2	377	1	P50	1	-0.000803	-0.000803	0.001891	0.001891
507	375	2	377	1	P75	1	0.000137	0.000137	0.002832	0.002832
507	375	2	377	1	P90	1	0.000707	0.000707	0.003404	0.003404
507	375	2	377	1	P95	1	0.000897	0.000897	0.003594	0.003594
507	375	2	377	1	P99	1	0.001047	0.001047	0.003745	0.003745
507	375	2	377	1	P999	28	-0.000028	-0.000028	0.002060	0.002060
508	3	2	5	0	P1	1	-0.002986	-0.002986	0.000748	0.000748
508	3	2	5	0	P50	1	-0.001494	-0.001494	0.002245	0.002245
508	3	2	5	0	P75	1	-0.000747	-0.000747	0.002995	0.002995
508	3	2	5	0	P90	1	-0.000000	-0.000000	0.003745	0.003745
508	3	2	5	0	P95	1	-0.000000	-0.000000	0.003745	0.003745
508	3	2	5	0	P99	1	-0.000000	-0.000000	0.003745	0.003745
508	3	2	5	0	P999	1	-0.000000	-0.000000	0.003745	0.003745
509	2	4256	4258	1	P1	1	-0.002487	-0.002487	0.000038	0.000038
509	2	4256	4258	1	P50	1	-0.000652	-0.000653	0.001877	0.001876
509	2	4256	4258	1	P75	1	0.000285	0.000285	0.002816	0.002816
509	2	4256	4258	1	P90	1	0.000848	0.000848	0.003380	0.003380
509	2	4256	4258	1	P95	1	0.001035	0.001035	0.003568	0.003568
509	2	4256	4258	1	P99	1	0.001185	0.001185	0.003718	0.003718
509	2	4256	4258	1	P999	2	0.003060	0.003060	0.001700	0.001700
510	890	7	897	1	P1	1	-0.002651	-0.002651	0.000038	0.000038
510	890	7	897	1	P50	1	-0.000804	-0.000804	0.001890	0.001890
510	890	7	897	1	P75	1	0.000138	0.000138	0.002834	0.002834
510	890	7	897	1	P90	1	0.000706	0.000706	0.003403	0.003403
510	890	7	897	1	P95	1	0.000895	0.000895	0.003593	0.003593
510	890	7	897	1	P99	1	0.001047	0.001047	0.003745	0.003745
510	890	7	897	1	P999	29	0.002270	0.002270	0.000609	0.000609
511	9	7	16	1	P1	1	-0.002681	-0.002681	0.000288	0.000288
511	9	7	16	1	P50	1	-0.000384	-0.000672	0.002591	0.002303
511	9	7	16	1	P75	1	0.000766	0.000479	0.003745	0.003456
511	9	7	16	1	P90	2	-0.002010	-0.002010	0.000868	0.000868
511	9	7	16	1	P95	2	-0.000766	-0.000766	0.002116	0.002116
511	9	7	16	1	P99	2	-0.000766	-0.000766	0.002116	0.002116
511	9	7	16	1	P999	2	-0.000766	-0.000766	0.002116	0.002116
512	7	7243	7250	1	P1	1	-0.003044	-0.003044	0.000038	0.000038
512	7	7243	7250	1	P50	1	-0.001201	-0.001202	0.001886	0.001886
512	7	7243	7250	1	P75	1	-0.000260	-0.000260	0.002830	0.002830
512	7	7243	7250	1	P90	1	0.000305	0.000305	0.003398	0.003397
512	7	7243	7250	1	P95	1	0.000493	0.000493	0.003586	0.003586
512	7	7243	7250	1	P99	1	0.000644	0.000644	0.003738	0.003738
512	7	7243	7250	1	P999	17	0.001135	0.001135	0.000162	0.000162
513	18	27	45	1	P1	1	-0.002545	-0.002545	0.000144	0.000144
513	18	27	45	1	P50	1	0.000615	0.000615	0.003312	0.003312
513	18	27	45	1	P75	27	-0.001793	-0.001793	0.000299	0.000299
513	18	27	45	1	P90	28	-0.000562	-0.000562	0.001525	0.001525
513	18	27	45	1	P95	29	0.000398	0.000398	-0.001260	-0.001260
513	18	27	45	1	P99	32	0.001033	0.001033	0.003098	0.003098
513	18	27	45	1	P999	32	0.001033	0.001033	0.003098	0.003098
514	18	19	37	1	P1	1	-0.002834	-0.002834	0.000249	0.000249
514	18	19	37	1	P50	27	-0.000733	-0.000733	-0.001756	-0.001756
514	18	19	37	1	P75	28	-0.001185	-0.001185	0.001525	0.001525
514	18	19	37	1	P90	30	0.000139	0.000139	-0.000897	-0.000897
514	18	19	37	1	P95	31	0.000372	0.000372	-0.000668	-0.000668
514	18	19	37	1	P99	31	0.002243	0.002243	0.001201	0.001201
514	18	19	37	1	P999	31	0.002243	0.002243	0.001201	0.001201
515	7746	30	7776	1	P1	1	-0.003045	-0.003045	0.000038	0.000038
515	7746	30	7776	1	P50	1	-0.001204	-0.001204	0.001884	0.001884
515	7746	30	7776	1	P75	1	-0.000263	-0.000264	0.002828	0.002827
515	7746	30	7776	1	P90	1	0.000301	0.000301	0.003394	0.003394
515	7746	30	7776	1	P95	1	0.000490	0.000490	0.003583	0.003583
515	7746	30	7776	1	P99	1	0.000640	0.000640	0.003734	0.003734
515	7746	30	7776	1	P999	29	-0.000228	-0.000228	-0.001260	-0.001260
516	45	30	75	0	P1	1	-0.003675	-0.003675	0.000056	0.000056
516	45	30	75	0	P50	1	-0.001617	-0.001617	0.002122	0.002122
516	45	30	75	0	P75	1	-0.000558	-0.000558	0.003185	0.003185
516	45	30	75	0	P90	2	-0.001156	-0.001156	-0.001156	-0.001156
516	45	30	75	0	P95	2	0.000712	0.000712	0.000712	0.000712
516	45	30	75	0	P99	2	0.002116	0.002116	0.002116	0.002116
516	45	30	75	0	P999	2	0.002116	0.002116	0.002116	0.002116
517	46	267	313	1	P1	1	-0.002372	-0.002372	0.000056	0.000056
517	46	267	313	1	P50	1	-0.000232	-0.000232	0.002200	0.002200
517	46	267	313	1	P75	1	0.000861	0.000861	0.003295	0.003295
517	46	267	313	1	P90	28	-0.000764	-0.000764	0.000909	0.000909
517	46	267	313	1	P95	29	-0.001989	-0.001989	-0.000326	-0.000326
517	46	267	313	1	P99	33	-0.001278	-0.001278	0.000357	0.000357
517	46	267	313	1	P999	38	0.001588	0.001588	0.003195	0.003195
518	1839	10	1849	1	P1	1	-0.002787	-0.002787	0.000039	0.000039
518	1839	10	1849	1	P50	1	-0.000940	-0.000940	0.001891	0.001891
518	1839	10	1849	1	P75	1	0.000004	0.000004	0.002837	0.002837
518	1839	10	1849	1	P90	1	0.000572	0.000572	0.003407	0.003407
518	1839	10	1849	1	P95	1	0.000760	0.000760	0.003595	0.003595
518	1839	10	1849	1	P99	2	-0.000191	-0.000191	-0.001208	-0.001208
518	1839	10	1849	1	P999	31	0.002655	0.002655	0.001201	0.001201
519	18	10	28	1	P1	1	-0.002819	-0.002819	0.000150	0.000150
519	18	10	28	1	P50	1	-0.000729	-0.000879	0.002245	0.002095
519	18	10	28	1	P75	1	0.000317	0.000168	0.003295	0.003145
519	18	10	28	1	P90	2	-0.003253	-0.003253	-0.000378	-0.000378
519	18	10	28	1	P95	2	-0.002010	-0.002010	0.000868	0.000868
519	18	10	28	1	P99	2	-0.000766	-0.000766	0.002116	0.002116
519	18	10	28	1	P999	2	-0.000766	-0.000766	0.002116	0.002116
520	12	491	503	1	P1	1	-0.002643	-0.002643	0.000046	0.000046
520	12	491	503	1	P50	1	-0.000769	-0.000769	0.001924	0.001924
520	12	491	503	1	P75	1	0.000192	0.000192	0.002888	0.002888
520	12	491	503	1	P90	1	0.000764	0.000764	0.003462	0.003462
520	12	491	503	1	P95	1	0.000955	0.000955	0.003653	0.003653
520	12	491	503	1	P99	29	0.001334	0.001334	-0.000326	-0.000326
520	12	491	503	1	P999	33	0.000170	0.000170	0.002228	0.002228
521	7	11	18	1	P1	1	-0.002350	-0.002350	0.000340	0.000340
521	7	11	18	1	P50	1	0.000707	0.000367	0.003404	0.003063
521	7	11	18	1	P75	27	-0.002290	-0.002290	-0.000200	-0.000200
521	7	11	18	1	P90	28	-0.001273	-0.001273	0.000813	0.000813
521	7	11	18	1	P95	28	-0.000028	-0.000028	0.002060	0.002060
521	7	11	18	1	P99	28	-0.000028	-0.000028	0.002060	0.002060
521	7	11	18	1	P999	28	-0.000028	-0.000028	0.002060	0.002060
522	7	8	15	1	P1	1	-0.002136	-0.002136	0.000623	0.000623
522	7	8	15	1	P50	28	-0.002004	-0.002004	0.000189	0.000189
522	7	8	15	1	P75	29	0.002160	0.002160	0.000609	0.000609
522	7	8	15	1	P90	30	0.001905	0.001905	0.000349	0.000349
522	7	8	15	1	P95	31	-0.000977	-0.000977	0.001201	0.001201
522	7	8	15	1	P99	31	-0.000977	-0.000977	0.001201	0.001201
522	7	8	15	1	P999	31	-0.000977	-0.000977	0.001201	0.001201
523	445	7	452	1	P1	1	-0.003040	-0.003040	0.000042	0.000042
523	445	7	452	1	P50	1	-0.001162	-0.001170	0.001926	0.001917
523	445	7	452	1	P75	1	-0.000205	-0.000213	0.002886	0.002878
523	445	7	452	1	P90	1	0.000363	0.000363	0.003456	0.003456
523	445	7	452	1	P95	1	0.000558	0.000558	0.003651	0.003651
523	445	7	452	1	P99	27	0.002073	0.002073	0.001047	0.001047
523	445	7	452	1	P999	32	0.000399	0.000399	0.003098	0.003098
524	9	7	16	0	P1	1	-0.003483	-0.003483	0.000249	0.000249
524	9	7	16	0	P50	1	-0.001494	-0.001743	0.002245	0.001996
524	9	7	16	0	P75	1	-0.000498	-0.000747	0.003245	0.002995
524	9	7	16	0	P90	1	-0.000000	-0.000000	0.003745	0.003745
524	9	7	16	0	P95	2	0.002116	0.002116	0.002116	0.002116
524	9	7	16	0	P99	2	0.002116	0.002116	0.002116	0.002116
524	9	7	16	0	P999	2	0.002116	0.002116	0.002116	0.002116
525	7	1493	1500	1	P1	1	-0.002387	-0.002390	0.000040	0.000038
525	7	1493	1500	1	P50	1	-0.000542	-0.000544	0.001890	0.001887
525	7	1493	1500	1	P75	1	0.000401	0.000398	0.002835	0.002832
525	7	1493	1500	1	P90	1	0.000967	0.000964	0.003402	0.003399
525	7	1493	1500	1	P95	1	0.001156	0.001153	0.003591	0.003589
525	7	1493	1500	1	P99	1	0.001307	0.001304	0.003742	0.003740
525	7	1493	1500	1	P999	30	-0.002241	-0.002241	-0.000586	-0.000586
526	8	12	20	1	P1	1	-0.002186	-0.002186	0.000340	0.000340
526	8	12	20	1	P50	1	0.001212	0.000871	0.003745	0.003404
526	8	12	20	1	P75	28	-0.001263	-0.002009	0.000563	-0.000184
526	8	12	20	1	P90	29	-0.003075	-0.034259	-0.001260	-0.032493
526	8	12	20	1	P95	29	-0.001210	-0.003075	0.000609	-0.001260
526	8	12	20	1	P99	29	-0.001210	-0.001210	0.000609	0.000609
526	8	12	20	1	P999	29	-0.001210	-0.001210	0.000609	0.000609
527	8	10	18	1	P1	1	-0.001346	-0.001346	0.000748	0.000748
527	8	10	18	1	P50	28	-0.002511	-0.033104	-0.000434	-0.034705
527	8	10	18	1	P75	29	0.002268	0.002268	0.000609	0.000609
527	8	10	18	1	P90	32	0.001014	0.001014	0.003098	0.003098
527	8	10	18	1	P95	35	0.001113	0.001113	0.003198	0.003198
527	8	10	18	1	P99	35	0.001113	0.001113	0.003198	0.003198
527	8	10	18	1	P999	35	0.001113	0.001113	0.003198	0.003198
528	202	1410	1612	0	P1	1	-0.003691	-0.003691	0.000040	0.000040
528	202	1410	1612	0	P50	1	-0.001851	-0.001853	0.001887	0.001885
528	202	1410	1612	0	P75	1	-0.000911	-0.000913	0.002831	0.002828
528	202	1410	1612	0	P90	1	-0.000348	-0.000348	0.003396	0.003396
528	202	1410	1612	0	P95	1	-0.000159	-0.000159	0.003586	0.003586
528	202	1410	1612	0	P99	1	-0.000009	-0.000009	0.003736	0.003736
528	202	1410	1612	0	P999	3	0.000349	0.000349	0.000349	0.000349
529	12	21	33	1	P1	1	-0.002338	-0.002338	0.000187	0.000187
529	12	21	33	1	P50	1	0.000650	0.000650	0.003182	0.003182
529	12	21	33	1	P75	27	-0.001721	-0.001721	0.000112	0.000112
529	12	21	33	1	P90	29	-0.003696	-0.003696	-0.001882	-0.001882
529	12	21	33	1	P95	29	-0.001210	-0.001210	0.000609	0.000609
529	12	21	33	1	P99	30	0.002278	0.002278	0.000349	0.000349
529	12	21	33	1	P999	30	0.002278	0.002278	0.000349	0.000349
530	12	16	28	1	P1	1	-0.001961	-0.001961	0.000467	0.000467
530	12	16	28	1	P50	27	-0.000634	-0.001879	0.001047	-0.000200
530	12	16	28	1	P75	29	-0.001678	-0.002300	-0.000014	-0.000637
530	12	16	28	1	P90	31	-0.002316	-0.002316	-0.000668	-0.000668
530	12	16	28	1	P95	31	-0.000449	-0.000449	0.001201	0.001201
530	12	16	28	1	P99	32	0.001453	0.001453	0.003098	0.003098
530	12	16	28	1	P999	32	0.001453	0.001453	0.003098	0.003098
531	49	170	219	0	P1	1	-0.003680	-0.003680	0.000051	0.000051
531	49	170	219	0	P50	1	-0.001850	-0.001850	0.001888	0.001888
531	49	170	219	0	P75	1	-0.000908	-0.000908	0.002833	0.002833
531	49	170	219	0	P90	1	-0.000343	-0.000343	0.003401	0.003401
531	49	170	219	0	P95	1	-0.000154	-0.000154	0.003590	0.003590
531	49	170	219	0	P99	1	-0.000017	-0.000017	0.003728	0.003728
531	49	170	219	0	P999	2	0.002116	0.002116	0.002116	0.002116
532	3	5	8	1	P1	1	-0.001779	-0.001779	0.000748	0.000748
532	3	5	8	1	P50	1	0.001212	0.000463	0.003745	0.002995
532	3	5	8	1	P75	28	0.000232	-0.036474	0.002060	-0.034705
532	3	5	8	1	P90	29	-0.001210	-0.001210	0.000609	0.000609
532	3	5	8	1	P95	29	-0.001210	-0.001210	0.000609	0.000609
532	3	5	8	1	P99	29	-0.001210	-0.001210	0.000609	0.000609
532	3	5	8	1	P999	29	-0.001210	-0.001210	0.000609	0.000609
533	3	3	6	1	P1	1	-0.001839	-0.001839	0.001247	0.001247
533	3	3	6	1	P50	27	0.000202	-0.962939	-0.000822	-0.962824
533	3	3	6	1	P75	27	0.002073	0.002073	0.001047	0.001047
533	3	3	6	1	P90	28	-0.000651	-0.000651	0.002060	0.002060
533	3	3	6	1	P95	28	-0.000651	-0.000651	0.002060	0.002060
533	3	3	6	1	P99	28	-0.000651	-0.000651	0.002060	0.002060
533	3	3	6	1	P999	28	-0.000651	-0.000651	0.002060	0.002060
534	201	252	453	0	P1	1	-0.003690	-0.003690	0.000041	0.000041
534	201	252	453	0	P50	1	-0.001863	-0.001863	0.001875	0.001875
534	201	252	453	0	P75	1	-0.000932	-0.000932	0.002809	0.002809
534	201	252	453	0	P90	1	-0.000371	-0.000371	0.003372	0.003372
534	201	252	453	0	P95	1	-0.000182	-0.000182	0.003563	0.003563
534	201	252	453	0	P99	1	-0.000033	-0.000033	0.003712	0.003712
534	201	252	453	0	P999	1	-0.000000	-0.000000	0.003745	0.003745
535	19	31	50	1	P1	1	-0.002568	-0.002568	0.000121	0.000121
535	19	31	50	1	P50	1	0.000444	0.000323	0.003140	0.003019
535	19	31	50	1	P75	27	-0.003178	-0.003178	-0.001089	-0.001089
535	19	31	50	1	P90	28	-0.001273	-0.001895	0.000813	0.000189
535	19	31	50	1	P95	28	-0.000028	-0.000028	0.002060	0.002060
535	19	31	50	1	P99	30	0.002016	0.002016	0.000349	0.000349
535	19	31	50	1	P999	30	0.002016	0.002016	0.000349	0.000349
536	19	19	38	1	P1	1	-0.002816	-0.002816	0.000267	0.000267
536	19	19	38	1	P50	27	-0.000421	-0.925715	-0.001445	-0.925769
536	19	19	38	1	P75	29	-0.001029	-0.001029	-0.002059	-0.002059
536	19	19	38	1	P90	30	-0.001418	-0.001418	-0.002452	-0.002452
536	19	19	38	1	P95	30	0.000451	0.000451	-0.000586	-0.000586
536	19	19	38	1	P99	30	0.001386	0.001386	0.000349	0.000349
536	19	19	38	1	P999	30	0.001386	0.001386	0.000349	0.000349
537	433	10	443	1	P1	1	-0.003039	-0.003039	0.000043	0.000043
537	433	10	443	1	P50	1	-0.001170	-0.001170	0.001918	0.001918
537	433	10	443	1	P75	1	-0.000212	-0.000212	0.002879	0.002879
537	433	10	443	1	P90	1	0.000358	0.000358	0.003450	0.003450
537	433	10	443	1	P95	1	0.000548	0.000548	0.003641	0.003641
537	433	10	443	1	P99	27	0.002073	0.002073	0.001047	0.001047
537	433	10	443	1	P999	28	-0.000651	-0.000651	0.002060	0.002060
538	14	9	23	0	P1	1	-0.003562	-0.003562	0.000170	0.000170
538	14	9	23	0	P50	1	-0.001698	-0.001698	0.002041	0.002041
538	14	9	23	0	P75	1	-0.000679	-0.000679	0.003063	0.003063
538	14	9	23	0	P90	1	-0.000170	-0.000170	0.003574	0.003574
538	14	9	23	0	P95	1	-0.000000	-0.000000	0.003745	0.003745
538	14	9	23	0	P99	2	0.002116	0.002116	0.002116	0.002116
538	14	9	23	0	P999	2	0.002116	0.002116	0.002116	0.002116
539	9	390	399	1	P1	1	-0.002389	-0.002389	0.000038	0.000038
539	9	390	399	1	P50	1	-0.000513	-0.000513	0.001919	0.001919
539	9	390	399	1	P75	1	0.000446	0.000446	0.002879	0.002879
539	9	390	399	1	P90	1	0.001021	0.001021	0.003456	0.003456
539	9	390	399	1	P95	1	0.001213	0.001213	0.003649	0.003649
539	9	390	399	1	P99	29	-0.001056	-0.001056	0.000609	0.000609
539	9	390	399	1	P999	30	-0.001308	-0.001308	0.000349	0.000349
540	15	22	37	1	P1	1	-0.002519	-0.002519	0.000170	0.000170
540	15	22	37	1	P50	1	0.000537	0.000537	0.003233	0.003233
540	15	22	37	1	P75	27	-0.002912	-0.002912	-0.000822	-0.000822
540	15	22	37	1	P90	28	-0.000028	-0.000028	0.002060	0.002060
540	15	22	37	1	P95	30	0.002016	0.002016	0.000349	0.000349
540	15	22	37	1	P99	31	-0.000867	-0.000867	0.001201	0.001201
540	15	22	37	1	P999	31	-0.000867	-0.000867	0.001201	0.001201
541	15	17	32	1	P1	1	-0.003174	-0.003174	0.000312	0.000312
541	15	17	32	1	P50	27	-0.000433	-0.035307	-0.000822	-0.035681
541	15	17	32	1	P75	29	-0.001241	-0.001987	-0.001633	-0.002379
541	15	17	32	1	P90	30	0.000743	0.000743	0.000349	0.000349
541	15	17	32	1	P95	31	0.001597	0.001597	0.001201	0.001201
541	15	17	32	1	P99	32	-0.000248	-0.000248	0.003098	0.003098
541	15	17	32	1	P999	32	-0.000248	-0.000248	0.003098	0.003098
542	142	2	144	1	P1	1	-0.003030	-0.003030	0.000053	0.000053
542	142	2	144	1	P50	1	-0.001164	-0.001191	0.001923	0.001897
542	142	2	144	1	P75	1	-0.000217	-0.000244	0.002873	0.002847
542	142	2	144	1	P90	1	0.000336	0.000336	0.003428	0.003428
542	142	2	144	1	P95	1	0.000520	0.000520	0.003613	0.003613
542	142	2	144	1	P99	27	0.002073	0.002073	0.001047	0.001047
542	142	2	144	1	P999	28	-0.000651	-0.000651	0.002060	0.002060
543	3	2	5	0	P1	1	-0.002986	-0.002986	0.000748	0.000748
543	3	2	5	0	P50	1	-0.001494	-0.001494	0.002245	0.002245
543	3	2	5	0	P75	1	-0.000747	-0.000747	0.002995	0.002995
543	3	2	5	0	P90	1	-0.000000	-0.000000	0.003745	0.003745
543	3	2	5	0	P95	1	-0.000000	-0.000000	0.003745	0.003745
543	3	2	5	0	P99	1	-0.000000	-0.000000	0.003745	0.003745
543	3	2	5	0	P999	1	-0.000000	-0.000000	0.003745	0.003745
544	2	2193	2195	1	P1	1	-0.003044	-0.003044	0.000038	0.000038
544	2	2193	2195	1	P50	1	-0.001196	-0.001196	0.001891	0.001891
544	2	2193	2195	1	P75	1	-0.000252	-0.000252	0.002838	0.002838
544	2	2193	2195	1	P90	1	0.000314	0.000314	0.003406	0.003406
544	2	2193	2195	1	P95	1	0.000503	0.000503	0.003596	0.003596
544	2	2193	2195	1	P99	2	-0.000520	-0.000520	-0.001249	-0.001249
544	2	2193	2195	1	P999	8	0.003497	0.003497	0.002607	0.002607
545	9	14	23	1	P1	1	-0.002539	-0.002539	0.000288	0.000288
545	9	14	23	1	P50	1	0.000621	0.000621	0.003456	0.003456
545	9	14	23	1	P75	26	-0.002152	-0.002152	0.000161	0.000161
545	9	14	23	1	P90	28	-0.002112	-0.002112	0.000189	0.000189
545	9	14	23	1	P95	28	-0.000245	-0.000245	0.002060	0.002060
545	9	14	23	1	P99	29	0.002051	0.002051	0.000609	0.000609
545	9	14	23	1	P999	29	0.002051	0.002051	0.000609	0.000609
546	9	9	18	1	P1	1	-0.002058	-0.002058	0.000467	0.000467
546	9	9	18	1	P50	27	-0.000788	-0.925668	0.001047	-0.925769
546	9	9	18	1	P75	28	-0.000516	-0.000516	0.001312	0.001312
546	9	9	18	1	P90	31	-0.000605	-0.000605	0.001201	0.001201
546	9	9	18	1	P95	35	0.001414	0.001414	0.003198	0.003198
546	9	9	18	1	P99	35	0.001414	0.001414	0.003198	0.003198
546	9	9	18	1	P999	35	0.001414	0.001414	0.003198	0.003198
547	12	2	14	1	P1	1	-0.003341	-0.003341	0.000374	0.000374
547	12	2	14	1	P50	1	-0.000730	-0.001103	0.002995	0.002620
547	12	2	14	1	P75	2	0.000265	0.000265	0.000245	0.000245
547	12	2	14	1	P90	27	0.001074	0.001074	0.001047	0.001047
547	12	2	14	1	P95	37	-0.000017	-0.000017	0.003699	0.003699
547	12	2	14	1	P99	37	-0.000017	-0.000017	0.003699	0.003699
547	12	2	14	1	P999	37	-0.000017	-0.000017	0.003699	0.003699
548	3	2	5	0	P1	1	-0.000868	-0.000868	0.001247	0.001247
548	3	2	5	0	P50	1	0.001625	0.001625	0.003745	0.003745
548	3	2	5	0	P75	2	-0.001867	-0.001867	0.000245	0.000245
548	3	2	5	0	P90	2	-0.000000	-0.000000	0.002116	0.002116
548	3	2	5	0	P95	2	-0.000000	-0.000000	0.002116	0.002116
548	3	2	5	0	P99	2	-0.000000	-0.000000	0.002116	0.002116
548	3	2	5	0	P999	2	-0.000000	-0.000000	0.002116	0.002116
549	2	2600	2602	1	P1	1	-0.003135	-0.003135	0.000039	0.000039
549	2	2600	2602	1	P50	1	-0.001294	-0.001296	0.001885	0.001884
549	2	2600	2602	1	P75	1	-0.000355	-0.000355	0.002828	0.002828
549	2	2600	2602	1	P90	1	0.000209	0.000209	0.003394	0.003394
549	2	2600	2602	1	P95	1	0.000398	0.000398	0.003582	0.003582
549	2	2600	2602	1	P99	1	0.000548	0.000548	0.003733	0.003733
549	2	2600	2602	1	P999	2	0.002745	0.002745	0.002116	0.002116
550	7	10	17	1	P1	1	-0.002709	-0.002709	0.000374	0.000374
550	7	10	17	1	P50	1	0.000278	0.000278	0.003370	0.003370
550	7	10	17	1	P75	27	0.001137	0.001137	0.000112	0.000112
550	7	10	17	1	P90	28	-0.000651	-0.000651	0.002060	0.002060
550	7	10	17	1	P95	30	0.001386	0.001386	0.000349	0.000349
550	7	10	17	1	P99	30	0.001386	0.001386	0.000349	0.000349
550	7	10	17	1	P999	30	0.001386	0.001386	0.000349	0.000349
551	6	8	14	1	P1	1	-0.001825	-0.001825	0.000935	0.000935
551	6	8	14	1	P50	28	-0.003123	-0.033220	-0.000932	-0.034705
551	6	8	14	1	P75	28	-0.000884	-0.000884	0.001312	0.001312
551	6	8	14	1	P90	30	0.001905	0.001905	0.000349	0.000349
551	6	8	14	1	P95	31	-0.000977	-0.000977	0.001201	0.001201
551	6	8	14	1	P99	31	-0.000977	-0.000977	0.001201	0.001201
551	6	8	14	1	P999	31	-0.000977	-0.000977	0.001201	0.001201
552	272	963	1235	0	P1	1	-0.003692	-0.003692	0.000039	0.000039
552	272	963	1235	0	P50	1	-0.001863	-0.001863	0.001875	0.001875
552	272	963	1235	0	P75	1	-0.000927	-0.000927	0.002814	0.002814
552	272	963	1235	0	P90	1	-0.000367	-0.000367	0.003377	0.003377
552	272	963	1235	0	P95	1	-0.000179	-0.000179	0.003565	0.003565
552	272	963	1235	0	P99	1	-0.000030	-0.000030	0.003715	0.003715
552	272	963	1235	0	P999	2	0.000245	0.000245	0.000245	0.000245
553	1383	6	1389	1	P1	1	-0.002651	-0.002651	0.000038	0.000038
553	1383	6	1389	1	P50	1	-0.000809	-0.000809	0.001884	0.001884
553	1383	6	1389	1	P75	1	0.000131	0.000131	0.002826	0.002826
553	1383	6	1389	1	P90	1	0.000697	0.000697	0.003394	0.003394
553	1383	6	1389	1	P95	1	0.000884	0.000884	0.003582	0.003582
553	1383	6	1389	1	P99	1	0.001036	0.001036	0.003734	0.003734
553	1383	6	1389	1	P999	29	0.002270	0.002270	0.000609	0.000609
554	9	6	15	0	P1	1	-0.003483	-0.003483	0.000249	0.000249
554	9	6	15	0	P50	1	-0.001743	-0.001743	0.001996	0.001996
554	9	6	15	0	P75	1	-0.000747	-0.000747	0.002995	0.002995
554	9	6	15	0	P90	1	-0.000249	-0.000249	0.003495	0.003495
554	9	6	15	0	P95	1	-0.000000	-0.000000	0.003745	0.003745
554	9	6	15	0	P99	1	-0.000000	-0.000000	0.003745	0.003745
554	9	6	15	0	P999	1	-0.000000	-0.000000	0.003745	0.003745
555	6	291	297	1	P1	1	-0.002486	-0.002486	0.000039	0.000039
555	6	291	297	1	P50	1	-0.000607	-0.000607	0.001922	0.001922
555	6	291	297	1	P75	1	0.000347	0.000347	0.002878	0.002878
555	6	291	297	1	P90	1	0.000928	0.000928	0.003460	0.003460
555	6	291	297	1	P95	1	0.001121	0.001121	0.003654	0.003654
555	6	291	297	1	P99	29	-0.002454	-0.002454	-0.000637	-0.000637
555	6	291	297	1	P999	31	-0.000605	-0.000605	0.001201	0.001201
556	5	7	12	1	P1	1	-0.001903	-0.001903	0.000623	0.000623
556	5	7	12	1	P50	2	0.003477	-0.499394	0.002116	-0.498128
556	5	7	12	1	P75	28	-0.001636	-0.036474	0.000189	-0.034705
556	5	7	12	1	P90	28	0.000232	0.000232	0.002060	0.002060
556	5	7	12	1	P95	29	-0.001210	-0.001210	0.000609	0.000609
556	5	7	12	1	P99	29	-0.001210	-0.001210	0.000609	0.000609
556	5	7	12	1	P999	29	-0.001210	-0.001210	0.000609	0.000609
557	5	5	10	1	P1	1	-0.000239	-0.000239	0.001247	0.001247
557	5	5	10	1	P50	27	-0.000030	-0.925873	0.001047	-0.925769
557	5	5	10	1	P75	28	0.000987	0.000987	0.002060	0.002060
557	5	5	10	1	P90	309	-0.000080	-0.902982	0.000694	-0.902879
557	5	5	10	1	P95	309	-0.000080	-0.000080	0.000694	0.000694
557	5	5	10	1	P99	309	-0.000080	-0.000080	0.000694	0.000694
557	5	5	10	1	P999	309	-0.000080	-0.000080	0.000694	0.000694
558	2329	12	2341	1	P1	1	-0.002389	-0.002389	0.000039	0.000039
558	2329	12	2341	1	P50	1	-0.000543	-0.000543	0.001888	0.001888
558	2329	12	2341	1	P75	1	0.000400	0.000400	0.002833	0.002833
558	2329	12	2341	1	P90	1	0.000966	0.000966	0.003401	0.003401
558	2329	12	2341	1	P95	1	0.001154	0.001154	0.003590	0.003590
558	2329	12	2341	1	P99	1	0.001306	0.001306	0.003742	0.003742
558	2329	12	2341	1	P999	29	-0.001056	-0.001056	0.000609	0.000609
559	18	12	30	0	P1	1	-0.003588	-0.003588	0.000144	0.000144
559	18	12	30	0	P50	1	-0.001437	-0.001580	0.002303	0.002159
559	18	12	30	0	P75	1	-0.000431	-0.000431	0.003312	0.003312
559	18	12	30	0	P90	2	0.000245	-0.000689	0.000245	-0.000689
559	18	12	30	0	P95	2	0.001180	0.001180	0.001180	0.001180
559	18	12	30	0	P99	2	0.002116	0.002116	0.002116	0.002116
559	18	12	30	0	P999	2	0.002116	0.002116	0.002116	0.002116
560	15	1732	1747	1	P1	1	-0.003043	-0.003043	0.000039	0.000039
560	15	1732	1747	1	P50	1	-0.001195	-0.001195	0.001892	0.001892
560	15	1732	1747	1	P75	1	-0.000251	-0.000251	0.002840	0.002840
560	15	1732	1747	1	P90	1	0.000316	0.000316	0.003408	0.003408
560	15	1732	1747	1	P95	1	0.000504	0.000504	0.003597	0.003597
560	15	1732	1747	1	P99	2	0.000975	0.000975	0.000245	0.000245
560	15	1732	1747	1	P999	34	-0.000411	-0.000411	0.002279	0.002279
561	3	4	7	1	P1	1	-0.002150	-0.002150	0.000935	0.000935
561	3	4	7	1	P50	1	0.000652	0.000652	0.003745	0.003745
561	3	4	7	1	P75	28	-0.002517	-0.002517	0.000189	0.000189
561	3	4	7	1	P90	28	-0.000651	-0.000651	0.002060	0.002060
561	3	4	7	1	P95	28	-0.000651	-0.000651	0.002060	0.002060
561	3	4	7	1	P99	28	-0.000651	-0.000651	0.002060	0.002060
561	3	4	7	1	P999	28	-0.000651	-0.000651	0.002060	0.002060
562	3	3	6	1	P1	1	-0.001217	-0.001217	0.001871	0.001871
562	3	3	6	1	P50	27	0.002073	-0.925715	0.001047	-0.925769
562	3	3	6	1	P75	28	-0.000651	-0.000651	0.002060	0.002060
562	3	3	6	1	P90	30	0.001386	0.001386	0.000349	0.000349
562	3	3	6	1	P95	30	0.001386	0.001386	0.000349	0.000349
562	3	3	6	1	P99	30	0.001386	0.001386	0.000349	0.000349
562	3	3	6	1	P999	30	0.001386	0.001386	0.000349	0.000349
563	1732	9	1741	1	P1	1	-0.002486	-0.002486	0.000039	0.000039
563	1732	9	1741	1	P50	1	-0.000645	-0.000645	0.001884	0.001884
563	1732	9	1741	1	P75	1	0.000295	0.000295	0.002826	0.002826
563	1732	9	1741	1	P90	1	0.000859	0.000859	0.003392	0.003392
563	1732	9	1741	1	P95	1	0.001047	0.001047	0.003580	0.003580
563	1732	9	1741	1	P99	1	0.001199	0.001199	0.003732	0.003732
563	1732	9	1741	1	P999	29	-0.002454	-0.002454	-0.000637	-0.000637
564	10	8	18	1	P1	1	-0.002735	-0.002735	0.000234	0.000234
564	10	8	18	1	P50	1	-0.000636	-0.000869	0.002339	0.002105
564	10	8	18	1	P75	1	0.000299	0.000299	0.003276	0.003276
564	10	8	18	1	P90	2	-0.002632	-0.002632	0.000245	0.000245
564	10	8	18	1	P95	2	-0.000766	-0.000766	0.002116	0.002116
564	10	8	18	1	P99	2	-0.000766	-0.000766	0.002116	0.002116
564	10	8	18	1	P999	2	-0.000766	-0.000766	0.002116	0.002116
565	8	28	36	1	P1	1	-0.002949	-0.002949	0.000134	0.000134
565	8	28	36	1	P50	1	-0.000550	-0.000684	0.002540	0.002406
565	8	28	36	1	P75	1	0.000652	0.000518	0.003745	0.003611
565	8	28	36	1	P90	28	-0.000651	-0.000651	0.002060	0.002060
565	8	28	36	1	P95	30	0.001386	0.001386	0.000349	0.000349
565	8	28	36	1	P99	31	0.002243	0.002243	0.001201	0.001201
565	8	28	36	1	P999	31	0.002243	0.002243	0.001201	0.001201
566	38	1242	1280	0	P1	1	-0.003693	-0.003693	0.000038	0.000038
566	38	1242	1280	0	P50	1	-0.001857	-0.001860	0.001881	0.001878
566	38	1242	1280	0	P75	1	-0.000920	-0.000923	0.002821	0.002818
566	38	1242	1280	0	P90	1	-0.000358	-0.000361	0.003386	0.003383
566	38	1242	1280	0	P95	1	-0.000170	-0.000173	0.003574	0.003571
566	38	1242	1280	0	P99	1	-0.000021	-0.000021	0.003724	0.003724
566	38	1242	1280	0	P999	2	0.001367	0.001367	0.001367	0.001367
567	4834	790	5624	0	P1	1	-0.003693	-0.003693	0.000038	0.000038
567	4834	790	5624	0	P50	1	-0.001860	-0.001861	0.001878	0.001877
567	4834	790	5624	0	P75	1	-0.000923	-0.000924	0.002818	0.002817
567	4834	790	5624	0	P90	1	-0.000361	-0.000361	0.003382	0.003382
567	4834	790	5624	0	P95	1	-0.000174	-0.000174	0.003570	0.003570
567	4834	790	5624	0	P99	1	-0.000024	-0.000024	0.003721	0.003721
567	4834	790	5624	0	P999	2	0.001328	0.001328	0.001328	0.001328
568	20	32	52	1	P1	1	-0.002710	-0.002710	0.000117	0.000117
568	20	32	52	1	P50	1	0.000324	0.000208	0.003159	0.003042
568	20	32	52	1	P75	28	-0.003444	-0.033325	-0.001145	-0.034705
568	20	32	52	1	P90	29	0.002051	0.002051	0.000609	0.000609
568	20	32	52	1	P95	32	-0.001058	-0.001058	0.001225	0.001225
568	20	32	52	1	P99	237	0.002354	0.002354	0.000580	0.000580
568	20	32	52	1	P999	237	0.002354	0.002354	0.000580	0.000580
569	20	24	44	1	P1	1	-0.002305	-0.002305	0.000220	0.000220
569	20	24	44	1	P50	28	-0.002880	-0.036474	-0.001056	-0.034705
569	20	24	44	1	P75	29	-0.002143	-0.002609	-0.000326	-0.000793
569	20	24	44	1	P90	31	-0.000605	-0.000605	0.001201	0.001201
569	20	24	44	1	P95	33	-0.002057	-0.002057	-0.000266	-0.000266
569	20	24	44	1	P99	33	0.000434	0.000434	0.002228	0.002228
569	20	24	44	1	P999	33	0.000434	0.000434	0.002228	0.002228
570	739	3	742	1	P1	1	-0.003042	-0.003042	0.000041	0.000041
570	739	3	742	1	P50	1	-0.001189	-0.001194	0.001899	0.001894
570	739	3	742	1	P75	1	-0.000246	-0.000246	0.002844	0.002844
570	739	3	742	1	P90	1	0.000320	0.000320	0.003412	0.003412
570	739	3	742	1	P95	1	0.000509	0.000509	0.003602	0.003602
570	739	3	742	1	P99	2	0.000601	0.000601	-0.000129	-0.000129
570	739	3	742	1	P999	29	0.001643	0.001643	0.000609	0.000609
571	5	3	8	1	P1	1	-0.002435	-0.002435	0.000534	0.000534
571	5	3	8	1	P50	1	-0.000302	-0.000836	0.002674	0.002138
571	5	3	8	1	P75	1	0.000766	0.000232	0.003745	0.003209
571	5	3	8	1	P90	2	-0.000766	-0.000766	0.002116	0.002116
571	5	3	8	1	P95	2	-0.000766	-0.000766	0.002116	0.002116
571	5	3	8	1	P99	2	-0.000766	-0.000766	0.002116	0.002116
571	5	3	8	1	P999	2	-0.000766	-0.000766	0.002116	0.002116
572	3	2367	2370	1	P1	1	-0.002487	-0.002487	0.000038	0.000038
572	3	2367	2370	1	P50	1	-0.000650	-0.000652	0.001879	0.001877
572	3	2367	2370	1	P75	1	0.000286	0.000286	0.002818	0.002818
572	3	2367	2370	1	P90	1	0.000850	0.000849	0.003383	0.003381
572	3	2367	2370	1	P95	1	0.001037	0.001037	0.003570	0.003570
572	3	2367	2370	1	P99	1	0.001188	0.001188	0.003721	0.003721
572	3	2367	2370	1	P999	28	-0.001636	-0.001636	0.000189	0.000189
573	508	118	626	0	P1	1	-0.003689	-0.003689	0.000042	0.000042
573	508	118	626	0	P50	1	-0.001858	-0.001864	0.001880	0.001874
573	508	118	626	0	P75	1	-0.000927	-0.000927	0.002815	0.002815
573	508	118	626	0	P90	1	-0.000365	-0.000365	0.003379	0.003379
573	508	118	626	0	P95	1	-0.000179	-0.000179	0.003565	0.003565
573	508	118	626	0	P99	1	-0.000030	-0.000030	0.003715	0.003715
573	508	118	626	0	P999	2	0.002116	0.002116	0.002116	0.002116
574	2	4	6	1	P1	1	-0.001592	-0.001592	0.000935	0.000935
574	2	4	6	1	P50	1	0.001212	0.000276	0.003745	0.002807
574	2	4	6	1	P75	28	0.000232	0.000232	0.002060	0.002060
574	2	4	6	1	P90	29	-0.001210	-0.001210	0.000609	0.000609
574	2	4	6	1	P95	29	-0.001210	-0.001210	0.000609	0.000609
574	2	4	6	1	P99	29	-0.001210	-0.001210	0.000609	0.000609
574	2	4	6	1	P999	29	-0.001210	-0.001210	0.000609	0.000609
575	2	3	5	1	P1	1	0.000652	0.000652	0.003745	0.003745
575	2	3	5	1	P50	27	0.002073	0.002073	0.001047	0.001047
575	2	3	5	1	P75	28	-0.002517	-0.002517	0.000189	0.000189
575	2	3	5	1	P90	28	-0.000651	-0.000651	0.002060	0.002060
575	2	3	5	1	P95	28	-0.000651	-0.000651	0.002060	0.002060
575	2	3	5	1	P99	28	-0.000651	-0.000651	0.002060	0.002060
575	2	3	5	1	P999	28	-0.000651	-0.000651	0.002060	0.002060
576	8	26	34	0	P1	1	-0.003621	-0.003621	0.000110	0.000110
576	8	26	34	0	P50	1	-0.001757	-0.001867	0.001981	0.001871
576	8	26	34	0	P75	1	-0.000879	-0.000879	0.002863	0.002863
576	8	26	34	0	P90	1	-0.000330	-0.000330	0.003414	0.003414
576	8	26	34	0	P95	1	-0.000110	-0.000110	0.003635	0.003635
576	8	26	34	0	P99	1	-0.000000	-0.000000	0.003745	0.003745
576	8	26	34	0	P999	1	-0.000000	-0.000000	0.003745	0.003745
577	2	5669	5671	0	P1	1	-0.003693	-0.003693	0.000038	0.000038
577	2	5669	5671	0	P50	1	-0.001863	-0.001863	0.001875	0.001875
577	2	5669	5671	0	P75	1	-0.000928	-0.000928	0.002813	0.002813
577	2	5669	5671	0	P90	1	-0.000367	-0.000367	0.003376	0.003376
577	2	5669	5671	0	P95	1	-0.000180	-0.000180	0.003565	0.003565
577	2	5669	5671	0	P99	1	-0.000030	-0.000030	0.003715	0.003715
577	2	5669	5671	0	P999	2	0.000415	0.000415	0.000415	0.000415
578	59	1406	1465	0	P1	1	-0.003693	-0.003693	0.000038	0.000038
578	59	1406	1465	0	P50	1	-0.001863	-0.001863	0.001875	0.001875
578	59	1406	1465	0	P75	1	-0.000930	-0.000930	0.002812	0.002812
578	59	1406	1465	0	P90	1	-0.000368	-0.000368	0.003376	0.003376
578	59	1406	1465	0	P95	1	-0.000181	-0.000181	0.003563	0.003563
578	59	1406	1465	0	P99	1	-0.000031	-0.000031	0.003714	0.003714
578	59	1406	1465	0	P999	2	0.000245	0.000245	0.000245	0.000245
579	4580	6	4586	1	P1	1	-0.002487	-0.002487	0.000038	0.000038
579	4580	6	4586	1	P50	1	-0.000648	-0.000648	0.001881	0.001881
579	4580	6	4586	1	P75	1	0.000291	0.000291	0.002823	0.002823
579	4580	6	4586	1	P90	1	0.000856	0.000856	0.003388	0.003388
579	4580	6	4586	1	P95	1	0.001043	0.001043	0.003576	0.003576
579	4580	6	4586	1	P99	1	0.001194	0.001194	0.003728	0.003728
579	4580	6	4586	1	P999	27	-0.000788	-0.000788	0.001047	0.001047
580	9	6	15	1	P1	1	-0.002681	-0.002681	0.000288	0.000288
580	9	6	15	1	P50	1	-0.000672	-0.000672	0.002303	0.002303
580	9	6	15	1	P75	1	0.000479	0.000479	0.003456	0.003456
580	9	6	15	1	P90	2	-0.002632	-0.002632	0.000245	0.000245
580	9	6	15	1	P95	2	-0.000766	-0.000766	0.002116	0.002116
580	9	6	15	1	P99	2	-0.000766	-0.000766	0.002116	0.002116
580	9	6	15	1	P999	2	-0.000766	-0.000766	0.002116	0.002116
581	6	1019	1025	1	P1	1	-0.002484	-0.002484	0.000040	0.000040
581	6	1019	1025	1	P50	1	-0.000644	-0.000644	0.001885	0.001885
581	6	1019	1025	1	P75	1	0.000296	0.000296	0.002828	0.002828
581	6	1019	1025	1	P90	1	0.000862	0.000862	0.003395	0.003395
581	6	1019	1025	1	P95	1	0.001050	0.001050	0.003583	0.003583
581	6	1019	1025	1	P99	1	0.001201	0.001201	0.003734	0.003734
581	6	1019	1025	1	P999	29	-0.001210	-0.001210	0.000609	0.000609
582	11	19	30	1	P1	1	-0.002492	-0.002492	0.000197	0.000197
582	11	19	30	1	P50	1	0.000456	0.000259	0.003153	0.002955
582	11	19	30	1	P75	27	-0.001046	-0.001046	0.001047	0.001047
582	11	19	30	1	P90	29	0.001022	-0.000225	-0.000637	-0.001882
582	11	19	30	1	P95	29	0.002270	0.002270	0.000609	0.000609
582	11	19	30	1	P99	31	-0.000867	-0.000867	0.001201	0.001201
582	11	19	30	1	P999	31	-0.000867	-0.000867	0.001201	0.001201
583	11	11	22	1	P1	1	-0.002013	-0.002013	0.000415	0.000415
583	11	11	22	1	P50	27	-0.000634	-0.925660	0.001047	-0.925769
583	11	11	22	1	P75	29	-0.002921	-0.002921	-0.001260	-0.001260
583	11	11	22	1	P90	30	-0.003173	-0.003173	-0.001519	-0.001519
583	11	11	22	1	P95	30	-0.001308	-0.001308	0.000349	0.000349
583	11	11	22	1	P99	31	-0.000449	-0.000449	0.001201	0.001201
583	11	11	22	1	P999	31	-0.000449	-0.000449	0.001201	0.001201
584	21	36	57	0	P1	1	-0.003666	-0.003666	0.000066	0.000066
584	21	36	57	0	P50	1	-0.001835	-0.001835	0.001904	0.001904
584	21	36	57	0	P75	1	-0.000918	-0.000918	0.002824	0.002824
584	21	36	57	0	P90	1	-0.000328	-0.000328	0.003416	0.003416
584	21	36	57	0	P95	1	-0.000131	-0.000131	0.003613	0.003613
584	21	36	57	0	P99	1	-0.000000	-0.000000	0.003745	0.003745
584	21	36	57	0	P999	1	-0.000000	-0.000000	0.003745	0.003745
585	2	7	9	0	P1	1	-0.003317	-0.003317	0.000415	0.000415
585	2	7	9	0	P50	1	-0.001660	-0.001660	0.002079	0.002079
585	2	7	9	0	P75	1	-0.000830	-0.000830	0.002912	0.002912
585	2	7	9	0	P90	1	-0.000000	-0.000000	0.003745	0.003745
585	2	7	9	0	P95	1	-0.000000	-0.000000	0.003745	0.003745
585	2	7	9	0	P99	1	-0.000000	-0.000000	0.003745	0.003745
585	2	7	9	0	P999	1	-0.000000	-0.000000	0.003745	0.003745
586	25	9	34	1	P1	1	-0.002376	-0.002376	0.000150	0.000150
586	25	9	34	1	P50	1	0.000164	0.000014	0.002695	0.002545
586	25	9	34	1	P75	26	-0.002923	-0.002923	-0.001084	-0.001084
586	25	9	34	1	P90	28	0.000232	0.000232	0.002060	0.002060
586	25	9	34	1	P95	29	-0.001210	-0.001210	0.000609	0.000609
586	25	9	34	1	P99	32	0.001296	0.001296	0.003098	0.003098
586	25	9	34	1	P999	32	0.001296	0.001296	0.003098	0.003098
587	14	9	23	0	P1	1	-0.003554	-0.003554	0.000178	0.000178
587	14	9	23	0	P50	1	-0.001601	-0.001601	0.002138	0.002138
587	14	9	23	0	P75	1	-0.000534	-0.000534	0.003209	0.003209
587	14	9	23	0	P90	1	-0.000000	-0.000000	0.003745	0.003745
587	14	9	23	0	P95	2	0.000245	0.000245	0.000245	0.000245
587	14	9	23	0	P99	2	0.002116	0.002116	0.002116	0.002116
587	14	9	23	0	P999	2	0.002116	0.002116	0.002116	0.002116
588	10	109	119	1	P1	1	-0.002456	-0.002456	0.000069	0.000069
588	10	109	119	1	P50	1	-0.000470	-0.000470	0.002060	0.002060
588	10	109	119	1	P75	1	0.000559	0.000559	0.003091	0.003091
588	10	109	119	1	P90	1	0.001177	0.001177	0.003711	0.003711
588	10	109	119	1	P95	29	-0.003448	-0.003448	-0.001633	-0.001633
588	10	109	119	1	P99	30	0.002278	0.002278	0.000349	0.000349
588	10	109	119	1	P999	31	-0.000605	-0.000605	0.001201	0.001201
589	319	18	337	1	P1	1	-0.003614	-0.003614	0.000047	0.000047
589	319	18	337	1	P50	1	-0.001667	-0.001667	0.002001	0.002001
589	319	18	337	1	P75	1	-0.000675	-0.000675	0.002997	0.002997
589	319	18	337	1	P90	1	-0.000072	-0.000072	0.003602	0.003602
589	319	18	337	1	P95	27	-0.002045	-0.002045	-0.002155	-0.002155
589	319	18	337	1	P99	30	-0.001408	-0.001408	-0.001519	-0.001519
589	319	18	337	1	P999	105	-0.000070	-0.000070	0.003548	0.003548
590	30	18	48	1	P1	1	-0.002881	-0.002881	0.000087	0.000087
590	30	18	48	1	P50	1	-0.000799	-0.000885	0.002176	0.002088
590	30	18	48	1	P75	1	0.000244	0.000157	0.003222	0.003134
590	30	18	48	1	P90	2	-0.003750	-0.003750	-0.000876	-0.000876
590	30	18	48	1	P95	2	-0.002259	-0.002259	0.000619	0.000619
590	30	18	48	1	P99	2	-0.000766	-0.000766	0.002116	0.002116
590	30	18	48	1	P999	2	-0.000766	-0.000766	0.002116	0.002116
591	22	8	30	1	P1	16	0.002496	0.002496	0.000980	0.000980
591	22	8	30	1	P50	29	-0.002375	-0.003307	-0.000326	-0.001260
591	22	8	30	1	P75	31	-0.003318	-0.003318	-0.001291	-0.001291
591	22	8	30	1	P90	32	0.001072	-0.000175	0.003098	0.001849
591	22	8	30	1	P95	47	0.001785	0.001785	0.003699	0.003699
591	22	8	30	1	P99	57	-0.000428	-0.000428	0.001426	0.001426
591	22	8	30	1	P999	57	-0.000428	-0.000428	0.001426	0.001426
592	6	2	8	1	P1	1	-0.000845	-0.000845	0.001871	0.001871
592	6	2	8	1	P50	25	-0.000762	-0.160214	0.001380	-0.158388
592	6	2	8	1	P75	76	-0.000378	-0.670688	0.001567	-0.669982
592	6	2	8	1	P90	120	-0.001024	-0.001024	0.000839	0.000839
592	6	2	8	1	P95	120	-0.001024	-0.001024	0.000839	0.000839
592	6	2	8	1	P99	120	-0.001024	-0.001024	0.000839	0.000839
592	6	2	8	1	P999	120	-0.001024	-0.001024	0.000839	0.000839
593	7	2	9	1	P1	1	-0.002911	-0.002911	0.000534	0.000534
593	7	2	9	1	P50	1	-0.000779	-0.000779	0.002674	0.002674
593	7	2	9	1	P75	1	0.000289	0.000289	0.003745	0.003745
593	7	2	9	1	P90	13	-0.000289	-0.000289	0.003036	0.003036
593	7	2	9	1	P95	13	-0.000289	-0.000289	0.003036	0.003036
593	7	2	9	1	P99	13	-0.000289	-0.000289	0.003036	0.003036
593	7	2	9	1	P999	13	-0.000289	-0.000289	0.003036	0.003036
594	3	2	5	1	P1	1	0.001861	0.001861	0.003745	0.003745
594	3	2	5	1	P50	2	0.000267	0.000267	0.002116	0.002116
594	3	2	5	1	P75	57	-0.000267	-0.000267	0.001426	0.001426
594	3	2	5	1	P90	59	0.002632	0.002632	0.000580	0.000580
594	3	2	5	1	P95	59	0.002632	0.002632	0.000580	0.000580
594	3	2	5	1	P99	59	0.002632	0.002632	0.000580	0.000580
594	3	2	5	1	P999	59	0.002632	0.002632	0.000580	0.000580
595	3	2	5	1	P1	1	-0.002036	-0.002036	0.000935	0.000935
595	3	2	5	1	P50	1	-0.000169	-0.000169	0.002807	0.002807
595	3	2	5	1	P75	1	0.000766	0.000766	0.003745	0.003745
595	3	2	5	1	P90	2	-0.000766	-0.000766	0.002116	0.002116
595	3	2	5	1	P95	2	-0.000766	-0.000766	0.002116	0.002116
595	3	2	5	1	P99	2	-0.000766	-0.000766	0.002116	0.002116
595	3	2	5	1	P999	2	-0.000766	-0.000766	0.002116	0.002116
596	25	22	47	1	P1	1	-0.002117	-0.002117	0.000170	0.000170
596	25	22	47	1	P50	3	0.000206	0.000206	-0.001519	-0.001519
596	25	22	47	1	P75	4	-0.003107	-0.003107	-0.001171	-0.001171
596	25	22	47	1	P90	4	-0.001656	-0.001656	0.000282	0.000282
596	25	22	47	1	P95	5	-0.002748	-0.002748	-0.000868	-0.000868
596	25	22	47	1	P99	5	-0.000259	-0.000259	0.001625	0.001625
596	25	22	47	1	P999	5	-0.000259	-0.000259	0.001625	0.001625
597	3	3	6	1	P1	11	0.001507	0.001507	0.001879	0.001879
597	3	3	6	1	P50	52	-0.000460	-0.749331	0.003527	-0.749241
597	3	3	6	1	P75	55	-0.000475	-0.000475	0.003507	0.003507
597	3	3	6	1	P90	58	0.002492	0.002492	0.002726	0.002726
597	3	3	6	1	P95	58	0.002492	0.002492	0.002726	0.002726
597	3	3	6	1	P99	58	0.002492	0.002492	0.002726	0.002726
597	3	3	6	1	P999	58	0.002492	0.002492	0.002726	0.002726
598	3	21	24	1	P1	1	-0.001042	-0.001042	0.001247	0.001247
598	3	21	24	1	P50	4	-0.003728	-0.003935	-0.001793	-0.002000
598	3	21	24	1	P75	4	-0.002485	-0.002693	-0.000548	-0.000756
598	3	21	24	1	P90	4	-0.001864	-0.001864	0.000075	0.000075
598	3	21	24	1	P95	4	-0.001656	-0.001656	0.000282	0.000282
598	3	21	24	1	P99	4	-0.001449	-0.001449	0.000490	0.000490
598	3	21	24	1	P999	4	-0.001449	-0.001449	0.000490	0.000490
599	21	21	42	0	P1	3	0.000146	0.000146	-0.003097	-0.003097
599	21	21	42	0	P50	4	-0.002441	-0.002584	-0.001952	-0.002096
599	21	21	42	0	P75	4	-0.001006	-0.001006	-0.000516	-0.000516
599	21	21	42	0	P90	4	-0.000144	-0.000144	0.000346	0.000346
599	21	21	42	0	P95	5	-0.001357	-0.001357	-0.000868	-0.000868
599	21	21	42	0	P99	5	0.001135	0.001135	0.001625	0.001625
599	21	21	42	0	P999	5	0.001135	0.001135	0.001625	0.001625
600	21	21	42	0	P1	3	0.000233	0.000233	-0.003011	-0.003011
600	21	21	42	0	P50	4	-0.002134	-0.002267	-0.001645	-0.001778
600	21	21	42	0	P75	4	-0.000801	-0.000801	-0.000311	-0.000311
600	21	21	42	0	P90	4	-0.000000	-0.000000	0.000490	0.000490
600	21	21	42	0	P95	5	-0.000734	-0.000734	-0.000245	-0.000245
600	21	21	42	0	P99	5	0.001135	0.001135	0.001625	0.001625
600	21	21	42	0	P999	5	0.001135	0.001135	0.001625	0.001625
601	21	21	42	0	P1	3	0.000233	0.000233	-0.003011	-0.003011
601	21	21	42	0	P50	4	-0.002240	-0.002365	-0.001751	-0.001876
601	21	21	42	0	P75	4	-0.000996	-0.000996	-0.000507	-0.000507
601	21	21	42	0	P90	4	-0.000249	-0.000249	0.000241	0.000241
601	21	21	42	0	P95	4	-0.000000	-0.000000	0.000490	0.000490
601	21	21	42	0	P99	5	0.001135	0.001135	0.001625	0.001625
601	21	21	42	0	P999	5	0.001135	0.001135	0.001625	0.001625
602	21	284	305	1	P1	1	-0.002234	-0.002234	0.000053	0.000053
602	21	284	305	1	P50	1	-0.000268	-0.000268	0.002023	0.002023
602	21	284	305	1	P75	1	0.000737	0.000737	0.003029	0.003029
602	21	284	305	1	P90	1	0.001345	0.001345	0.003639	0.003639
602	21	284	305	1	P95	3	0.001141	0.001141	-0.000586	-0.000586
602	21	284	305	1	P99	4	-0.002071	-0.002071	-0.000133	-0.000133
602	21	284	305	1	P999	5	-0.000259	-0.000259	0.001625	0.001625
603	21	21	42	0	P1	3	0.000108	0.000108	-0.003135	-0.003135
603	21	21	42	0	P50	4	-0.002644	-0.002800	-0.002156	-0.002311
603	21	21	42	0	P75	4	-0.001090	-0.001090	-0.000600	-0.000600
603	21	21	42	0	P90	4	-0.000156	-0.000156	0.000334	0.000334
603	21	21	42	0	P95	5	-0.001357	-0.001357	-0.000868	-0.000868
603	21	21	42	0	P99	5	0.001135	0.001135	0.001625	0.001625
603	21	21	42	0	P999	5	0.001135	0.001135	0.001625	0.001625
604	21	11	32	1	P1	1	-0.001947	-0.001947	0.000340	0.000340
604	21	11	32	1	P50	3	0.000830	0.000414	-0.000897	-0.001312
604	21	11	32	1	P75	4	-0.003314	-0.003686	-0.001378	-0.001751
604	21	11	32	1	P90	4	-0.001822	-0.001822	0.000116	0.000116
604	21	11	32	1	P95	5	-0.002126	-0.002126	-0.000245	-0.000245
604	21	11	32	1	P99	5	-0.000259	-0.000259	0.001625	0.001625
604	21	11	32	1	P999	5	-0.000259	-0.000259	0.001625	0.001625
605	4	3	7	1	P1	1	-0.001579	-0.001579	0.001871	0.001871
605	4	3	7	1	P50	11	0.002289	0.002289	0.001879	0.001879
605	4	3	7	1	P75	13	-0.001534	-0.001534	0.001787	0.001787
605	4	3	7	1	P90	13	-0.000289	-0.000289	0.003036	0.003036
605	4	3	7	1	P95	13	-0.000289	-0.000289	0.003036	0.003036
605	4	3	7	1	P99	13	-0.000289	-0.000289	0.003036	0.003036
605	4	3	7	1	P999	13	-0.000289	-0.000289	0.003036	0.003036
606	4	4	8	1	P1	1	-0.001579	-0.001579	0.000935	0.000935
606	4	4	8	1	P50	53	0.001494	-0.981109	0.003168	-0.981061
606	4	4	8	1	P75	55	0.001841	-0.000030	0.003507	0.001633
606	4	4	8	1	P90	56	-0.001223	-0.001223	0.000434	0.000434
606	4	4	8	1	P95	56	-0.001223	-0.001223	0.000434	0.000434
606	4	4	8	1	P99	56	-0.001223	-0.001223	0.000434	0.000434
606	4	4	8	1	P999	56	-0.001223	-0.001223	0.000434	0.000434
607	21	12	33	1	P1	3	-0.001609	-0.001609	-0.003011	-0.003011
607	21	12	33	1	P50	4	-0.003742	-0.003742	-0.002057	-0.002057
607	21	12	33	1	P75	4	-0.001754	-0.001754	-0.000699	-0.000699
607	21	12	33	1	P90	4	0.000916	0.000916	0.000150	0.000150
607	21	12	33	1	P95	4	0.001986	0.001986	0.000490	0.000490
607	21	12	33	1	P99	7	-0.000505	-0.000505	0.001570	0.001570
607	21	12	33	1	P999	7	-0.000505	-0.000505	0.001570	0.001570
608	12	12	24	1	P1	3	-0.001609	-0.001609	-0.003011	-0.003011
608	12	12	24	1	P50	4	-0.004084	-0.004549	-0.002444	-0.002710
608	12	12	24	1	P75	4	-0.001131	-0.001754	-0.000845	-0.001112
608	12	12	24	1	P90	4	0.000738	0.000738	-0.000044	-0.000044
608	12	12	24	1	P95	4	0.001362	0.001362	0.000223	0.000223
608	12	12	24	1	P99	4	0.001986	0.001986	0.000490	0.000490
608	12	12	24	1	P999	4	0.001986	0.001986	0.000490	0.000490
609	12	12	24	0	P1	3	0.000482	0.000482	-0.002762	-0.002762
609	12	12	24	0	P50	4	-0.002282	-0.002489	-0.001793	-0.002000
609	12	12	24	0	P75	4	-0.001038	-0.001245	-0.000548	-0.000756
609	12	12	24	0	P90	4	-0.000415	-0.000415	0.000075	0.000075
609	12	12	24	0	P95	4	-0.000208	-0.000208	0.000282	0.000282
609	12	12	24	0	P99	4	-0.000000	-0.000000	0.000490	0.000490
609	12	12	24	0	P999	4	-0.000000	-0.000000	0.000490	0.000490
610	12	11	23	0	P1	3	0.000482	0.000482	-0.002762	-0.002762
610	12	11	23	0	P50	4	-0.002240	-0.002240	-0.001751	-0.001751
610	12	11	23	0	P75	4	-0.000747	-0.000747	-0.000258	-0.000258
610	12	11	23	0	P90	4	-0.000000	-0.000000	0.000490	0.000490
610	12	11	23	0	P95	5	-0.000734	-0.000734	-0.000245	-0.000245
610	12	11	23	0	P99	5	0.001135	0.001135	0.001625	0.001625
610	12	11	23	0	P999	5	0.001135	0.001135	0.001625	0.001625
611	12	20	32	0	P1	3	0.000233	0.000233	-0.003011	-0.003011
611	12	20	32	0	P50	4	-0.002545	-0.002715	-0.002057	-0.002226
611	12	20	32	0	P75	4	-0.001189	-0.001358	-0.000699	-0.000869
611	12	20	32	0	P90	4	-0.000510	-0.000510	-0.000020	-0.000020
611	12	20	32	0	P95	4	-0.000170	-0.000170	0.000320	0.000320
611	12	20	32	0	P99	4	-0.000000	-0.000000	0.000490	0.000490
611	12	20	32	0	P999	4	-0.000000	-0.000000	0.000490	0.000490
612	20	20	40	0	P1	3	0.000108	0.000108	-0.003135	-0.003135
612	20	20	40	0	P50	4	-0.002759	-0.002921	-0.002270	-0.002433
612	20	20	40	0	P75	4	-0.001137	-0.001299	-0.000648	-0.000810
612	20	20	40	0	P90	4	-0.000163	-0.000325	0.000327	0.000165
612	20	20	40	0	P95	5	-0.000734	-0.200000	-0.000245	-0.199608
612	20	20	40	0	P99	5	0.001135	0.001135	0.001625	0.001625
612	20	20	40	0	P999	5	0.001135	0.001135	0.001625	0.001625
613	19	13	32	1	P1	1	-0.001878	-0.001878	0.000312	0.000312
613	19	13	32	1	P50	3	-0.003618	-0.004032	-0.001726	-0.002141
613	19	13	32	1	P75	4	-0.003659	-0.004125	-0.001845	-0.002311
613	19	13	32	1	P90	4	-0.001795	-0.001795	0.000023	0.000023
613	19	13	32	1	P95	5	-0.002002	-0.002002	-0.000245	-0.000245
613	19	13	32	1	P99	5	-0.000134	-0.000134	0.001625	0.001625
613	19	13	32	1	P999	5	-0.000134	-0.000134	0.001625	0.001625
614	3	3	6	1	P1	11	-0.000946	-0.000946	0.000008	0.000008
614	3	3	6	1	P50	52	-0.000922	-0.768390	0.003527	-0.769037
614	3	3	6	1	P75	55	0.002809	0.002809	0.003507	0.003507
614	3	3	6	1	P90	56	-0.000259	-0.000259	0.000434	0.000434
614	3	3	6	1	P95	56	-0.000259	-0.000259	0.000434	0.000434
614	3	3	6	1	P99	56	-0.000259	-0.000259	0.000434	0.000434
614	3	3	6	1	P999	56	-0.000259	-0.000259	0.000434	0.000434
615	3	15	18	1	P1	1	-0.001042	-0.001042	0.001247	0.001247
615	3	15	18	1	P50	4	-0.004762	-0.248442	-0.002829	-0.249738
615	3	15	18	1	P75	4	-0.003107	-0.003107	-0.001171	-0.001171
615	3	15	18	1	P90	4	-0.001864	-0.001864	0.000075	0.000075
615	3	15	18	1	P95	4	-0.001449	-0.001449	0.000490	0.000490
615	3	15	18	1	P99	4	-0.001449	-0.001449	0.000490	0.000490
615	3	15	18	1	P999	4	-0.001449	-0.001449	0.000490	0.000490
616	11	3	14	1	P1	1	-0.002204	-0.002204	0.000340	0.000340
616	11	3	14	1	P50	1	0.000173	-0.000167	0.002722	0.002382
616	11	3	14	1	P75	1	0.001193	0.001193	0.003745	0.003745
616	11	3	14	1	P90	12	-0.001192	-0.001192	0.000839	0.000839
616	11	3	14	1	P95	14	0.001685	0.001685	0.003689	0.003689
616	11	3	14	1	P99	14	0.001685	0.001685	0.003689	0.003689
616	11	3	14	1	P999	14	0.001685	0.001685	0.003689	0.003689
617	3	3	6	1	P1	1	-0.000645	-0.000645	0.001871	0.001871
617	3	3	6	1	P50	56	-0.003089	-0.964161	-0.001434	-0.964210
617	3	3	6	1	P75	56	-0.001223	-0.001223	0.000434	0.000434
617	3	3	6	1	P90	57	-0.000230	-0.000230	0.001426	0.001426
617	3	3	6	1	P95	57	-0.000230	-0.000230	0.001426	0.001426
617	3	3	6	1	P99	57	-0.000230	-0.000230	0.001426	0.001426
617	3	3	6	1	P999	57	-0.000230	-0.000230	0.001426	0.001426
618	15	802	817	1	P1	1	-0.002147	-0.002147	0.000042	0.000042
618	15	802	817	1	P50	1	-0.000263	-0.000263	0.001930	0.001930
618	15	802	817	1	P75	1	0.000699	0.000699	0.002894	0.002894
618	15	802	817	1	P90	1	0.001279	0.001279	0.003475	0.003475
618	15	802	817	1	P95	1	0.001473	0.001473	0.003669	0.003669
618	15	802	817	1	P99	4	-0.003701	-0.003701	-0.001887	-0.001887
618	15	802	817	1	P999	5	-0.000134	-0.000134	0.001625	0.001625
619	16	4	20	1	P1	1	-0.001353	-0.001353	0.000935	0.000935
619	16	4	20	1	P50	4	-0.003580	-0.003846	-0.001645	-0.001911
619	16	4	20	1	P75	4	-0.002249	-0.002515	-0.000311	-0.000578
619	16	4	20	1	P90	4	-0.001449	-0.001715	0.000490	0.000223
619	16	4	20	1	P95	5	-0.000259	-0.201159	0.001625	-0.199608
619	16	4	20	1	P99	5	-0.000259	-0.000259	0.001625	0.001625
619	16	4	20	1	P999	5	-0.000259	-0.000259	0.001625	0.001625
620	15	187	202	1	P1	1	-0.002226	-0.002226	0.000061	0.000061
620	15	187	202	1	P50	1	-0.000228	-0.000248	0.002063	0.002043
620	15	187	202	1	P75	1	0.000783	0.000783	0.003076	0.003076
620	15	187	202	1	P90	1	0.001390	0.001390	0.003684	0.003684
620	15	187	202	1	P95	3	0.001453	0.001453	-0.000274	-0.000274
620	15	187	202	1	P99	4	-0.002278	-0.002278	-0.000341	-0.000341
620	15	187	202	1	P999	4	-0.001449	-0.001449	0.000490	0.000490
621	2	36	38	1	P1	2	-0.001316	-0.001316	0.000245	0.000245
621	2	36	38	1	P50	12	-0.002185	-0.002418	-0.000796	-0.001030
621	2	36	38	1	P75	13	-0.001258	-0.001258	0.000124	0.000124
621	2	36	38	1	P90	13	0.001234	0.001234	0.002619	0.002619
621	2	36	38	1	P95	14	0.002310	0.002310	0.003689	0.003689
621	2	36	38	1	P99	15	0.000604	0.000604	0.001975	0.001975
621	2	36	38	1	P999	15	0.000604	0.000604	0.001975	0.001975
622	18	9	27	1	P1	1	-0.002659	-0.002659	0.000415	0.000415
622	18	9	27	1	P50	2	0.001194	0.001194	0.000453	0.000453
622	18	9	27	1	P75	101	0.002457	0.002457	0.001264	0.001264
622	18	9	27	1	P90	106	0.002739	0.002739	0.001540	0.001540
622	18	9	27	1	P95	108	0.002738	0.002738	0.001537	0.001537
622	18	9	27	1	P99	110	-0.000661	-0.000661	0.001879	0.001879
622	18	9	27	1	P999	110	-0.000661	-0.000661	0.001879	0.001879
623	36	36	72	1	P1	1	-0.002378	-0.002378	0.000134	0.000134
623	36	36	72	1	P50	51	-0.001166	-0.960647	0.000511	-0.960701
623	36	36	72	1	P75	55	0.001841	0.001373	0.003507	0.003038
623	36	36	72	1	P90	56	-0.001223	-0.001223	0.000434	0.000434
623	36	36	72	1	P95	58	0.001073	0.001073	0.002726	0.002726
623	36	36	72	1	P99	62	0.001680	0.001680	0.003320	0.003320
623	36	36	72	1	P999	62	0.001680	0.001680	0.003320	0.003320
624	15	48	63	1	P1	1	-0.002111	-0.002111	0.000078	0.000078
624	15	48	63	1	P50	1	0.000301	0.000301	0.002495	0.002495
624	15	48	63	1	P75	1	0.001549	0.001549	0.003745	0.003745
624	15	48	63	1	P90	4	-0.004125	-0.004125	-0.002311	-0.002311
624	15	48	63	1	P95	4	-0.002727	-0.002727	-0.000911	-0.000911
624	15	48	63	1	P99	4	-0.001328	-0.001328	0.000490	0.000490
624	15	48	63	1	P999	4	-0.001328	-0.001328	0.000490	0.000490
625	4	9	13	1	P1	1	-0.001399	-0.001399	0.000623	0.000623
625	4	9	13	1	P50	2	-0.002386	-0.002386	-0.000378	-0.000378
625	4	9	13	1	P75	11	-0.002592	-0.002592	-0.000615	-0.000615
625	4	9	13	1	P90	11	-0.000103	-0.000103	0.001879	0.001879
625	4	9	13	1	P95	14	0.001708	0.001708	0.003689	0.003689
625	4	9	13	1	P99	14	0.001708	0.001708	0.003689	0.003689
625	4	9	13	1	P999	14	0.001708	0.001708	0.003689	0.003689
626	2	2	4	1	P1	1	0.001225	0.001225	0.003745	0.003745
626	2	2	4	1	P50	53	0.001494	-0.962132	0.003168	-0.962184
626	2	2	4	1	P75	56	-0.001223	-0.052157	0.000434	-0.050574
626	2	2	4	1	P90	56	-0.001223	-0.001223	0.000434	0.000434
626	2	2	4	1	P95	56	-0.001223	-0.001223	0.000434	0.000434
626	2	2	4	1	P99	56	-0.001223	-0.001223	0.000434	0.000434
626	2	2	4	1	P999	56	-0.001223	-0.001223	0.000434	0.000434
627	14	16	30	1	P1	1	-0.002053	-0.002053	0.000234	0.000234
627	14	16	30	1	P50	1	0.001451	0.001217	0.003745	0.003510
627	14	16	30	1	P75	4	-0.003624	-0.003624	-0.001689	-0.001689
627	14	16	30	1	P90	4	-0.002071	-0.002382	-0.000133	-0.000445
627	14	16	30	1	P95	4	-0.001760	-0.001760	0.000178	0.000178
627	14	16	30	1	P99	4	-0.001449	-0.001449	0.000490	0.000490
627	14	16	30	1	P999	4	-0.001449	-0.001449	0.000490	0.000490
628	2	2	4	1	P1	10	0.003365	0.003365	0.003745	0.003745
628	2	2	4	1	P50	55	-0.000475	-0.781715	0.003507	-0.781635
628	2	2	4	1	P75	56	0.000198	-0.018324	0.000434	-0.014413
628	2	2	4	1	P90	56	0.000198	0.000198	0.000434	0.000434
628	2	2	4	1	P95	56	0.000198	0.000198	0.000434	0.000434
628	2	2	4	1	P99	56	0.000198	0.000198	0.000434	0.000434
628	2	2	4	1	P999	56	0.000198	0.000198	0.000434	0.000434
629	2	14	16	1	P1	1	0.002301	0.002301	0.003745	0.003745
629	2	14	16	1	P50	4	-0.002898	-0.003430	-0.001645	-0.002178
629	2	14	16	1	P75	4	-0.000766	-0.001299	0.000490	-0.000044
629	2	14	16	1	P90	5	-0.000848	-0.000848	0.000378	0.000378
629	2	14	16	1	P95	5	0.000398	0.000398	0.001625	0.001625
629	2	14	16	1	P99	5	0.000398	0.000398	0.001625	0.001625
629	2	14	16	1	P999	5	0.000398	0.000398	0.001625	0.001625
630	14	9	23	1	P1	3	-0.001235	-0.001235	-0.002638	-0.002638
630	14	9	23	1	P50	4	-0.000259	-0.000259	-0.001235	-0.001235
630	14	9	23	1	P75	4	0.001986	0.001986	0.000490	0.000490
630	14	9	23	1	P90	5	-0.002046	-0.002046	0.000129	0.000129
630	14	9	23	1	P95	5	-0.001300	-0.001300	0.000877	0.000877
630	14	9	23	1	P99	5	-0.000552	-0.000552	0.001625	0.001625
630	14	9	23	1	P999	5	-0.000552	-0.000552	0.001625	0.001625
631	9	9	18	1	P1	3	-0.001515	-0.001515	-0.002918	-0.002918
631	9	9	18	1	P50	4	-0.004416	-0.004948	-0.002497	-0.002870
631	9	9	18	1	P75	4	-0.002287	-0.002287	-0.001005	-0.001005
631	9	9	18	1	P90	4	0.000738	0.000738	0.000116	0.000116
631	9	9	18	1	P95	4	0.001986	0.001986	0.000490	0.000490
631	9	9	18	1	P99	4	0.001986	0.001986	0.000490	0.000490
631	9	9	18	1	P999	4	0.001986	0.001986	0.000490	0.000490
632	196	9	205	1	P1	1	-0.002229	-0.002229	0.000058	0.000058
632	196	9	205	1	P50	1	-0.000304	-0.000304	0.001987	0.001987
632	196	9	205	1	P75	1	0.000679	0.000679	0.002972	0.002972
632	196	9	205	1	P90	1	0.001277	0.001277	0.003571	0.003571
632	196	9	205	1	P95	2	0.001871	0.001871	0.000245	0.000245
632	196	9	205	1	P99	3	0.002078	0.002078	0.000349	0.000349
632	196	9	205	1	P999	4	-0.001449	-0.001449	0.000490	0.000490
633	9	3	12	1	P1	1	-0.000945	-0.000945	0.001247	0.001247
633	9	3	12	1	P50	3	-0.001546	-0.002479	0.000349	-0.000586
633	9	3	12	1	P75	4	-0.002821	-0.003566	-0.001005	-0.001751
633	9	3	12	1	P90	4	-0.002075	-0.002075	-0.000258	-0.000258
633	9	3	12	1	P95	4	-0.001328	-0.001328	0.000490	0.000490
633	9	3	12	1	P99	4	-0.001328	-0.001328	0.000490	0.000490
633	9	3	12	1	P999	4	-0.001328	-0.001328	0.000490	0.000490
634	3	9	12	1	P1	1	-0.001042	-0.001042	0.001247	0.001247
634	3	9	12	1	P50	4	-0.003780	-0.004245	-0.001845	-0.002311
634	3	9	12	1	P75	4	-0.002382	-0.002848	-0.000445	-0.000911
634	3	9	12	1	P90	4	-0.001915	-0.001915	0.000023	0.000023
634	3	9	12	1	P95	4	-0.001449	-0.001449	0.000490	0.000490
634	3	9	12	1	P99	4	-0.001449	-0.001449	0.000490	0.000490
634	3	9	12	1	P999	4	-0.001449	-0.001449	0.000490	0.000490
635	9	10	19	1	P1	3	-0.001049	-0.001049	-0.002452	-0.002452
635	9	10	19	1	P50	4	-0.001754	-0.001754	-0.001751	-0.001751
635	9	10	19	1	P75	4	0.000322	0.000322	-0.000507	-0.000507
635	9	10	19	1	P90	4	0.001570	0.001570	0.000241	0.000241
635	9	10	19	1	P95	4	0.001986	0.001986	0.000490	0.000490
635	9	10	19	1	P99	4	0.001986	0.001986	0.000490	0.000490
635	9	10	19	1	P999	4	0.001986	0.001986	0.000490	0.000490
636	10	179	189	1	P1	1	-0.002147	-0.002147	0.000042	0.000042
636	10	179	189	1	P50	1	-0.000207	-0.000207	0.001986	0.001986
636	10	179	189	1	P75	1	0.000775	0.000775	0.002970	0.002970
636	10	179	189	1	P90	1	0.001381	0.001381	0.003577	0.003577
636	10	179	189	1	P95	3	-0.004528	-0.004528	-0.002638	-0.002638
636	10	179	189	1	P99	4	-0.002075	-0.002075	-0.000258	-0.000258
636	10	179	189	1	P999	4	-0.001328	-0.001328	0.000490	0.000490
637	10	9	19	1	P1	3	-0.001360	-0.001360	-0.002762	-0.002762
637	10	9	19	1	P50	4	-0.002500	-0.002500	-0.002000	-0.002000
637	10	9	19	1	P75	4	0.000382	0.000382	-0.000445	-0.000445
637	10	9	19	1	P90	4	0.001986	0.001986	0.000490	0.000490
637	10	9	19	1	P95	5	-0.000552	-0.000552	0.001625	0.001625
637	10	9	19	1	P99	5	-0.000552	-0.000552	0.001625	0.001625
637	10	9	19	1	P999	5	-0.000552	-0.000552	0.001625	0.001625
638	11	14	25	0	P1	1	-0.003582	-0.003582	0.000150	0.000150
638	11	14	25	0	P50	1	-0.001793	-0.001793	0.001946	0.001946
638	11	14	25	0	P75	1	-0.000897	-0.000897	0.002845	0.002845
638	11	14	25	0	P90	1	-0.000299	-0.000299	0.003445	0.003445
638	11	14	25	0	P95	1	-0.000150	-0.000150	0.003595	0.003595
638	11	14	25	0	P99	1	-0.000000	-0.000000	0.003745	0.003745
638	11	14	25	0	P999	1	-0.000000	-0.000000	0.003745	0.003745
639	5	5	10	1	P1	11	-0.000941	-0.000941	0.000008	0.000008
639	5	5	10	1	P50	55	-0.002793	-0.763137	0.001633	-0.762919
639	5	5	10	1	P75	57	-0.001129	-0.001129	-0.000444	-0.000444
639	5	5	10	1	P90	59	-0.000099	-0.033183	0.000580	-0.032521
639	5	5	10	1	P95	59	-0.000099	-0.000099	0.000580	0.000580
639	5	5	10	1	P99	59	-0.000099	-0.000099	0.000580	0.000580
639	5	5	10	1	P999	59	-0.000099	-0.000099	0.000580	0.000580
640	5	11	16	0	P1	1	-0.003498	-0.003498	0.000234	0.000234
640	5	11	16	0	P50	1	-0.001634	-0.001867	0.002105	0.001871
640	5	11	16	0	P75	1	-0.000701	-0.000934	0.003042	0.002807
640	5	11	16	0	P90	1	-0.000234	-0.000234	0.003510	0.003510
640	5	11	16	0	P95	1	-0.000000	-0.000000	0.003745	0.003745
640	5	11	16	0	P99	1	-0.000000	-0.000000	0.003745	0.003745
640	5	11	16	0	P999	1	-0.000000	-0.000000	0.003745	0.003745
641	8	5	13	1	P1	1	-0.002502	-0.002502	0.000467	0.000467
641	8	5	13	1	P50	1	0.000299	0.000299	0.003276	0.003276
641	8	5	13	1	P75	2	-0.003005	-0.003005	-0.000129	-0.000129
641	8	5	13	1	P90	2	-0.001513	-0.001513	0.001367	0.001367
641	8	5	13	1	P95	2	-0.000766	-0.000766	0.002116	0.002116
641	8	5	13	1	P99	2	-0.000766	-0.000766	0.002116	0.002116
641	8	5	13	1	P999	2	-0.000766	-0.000766	0.002116	0.002116
642	12	10	22	1	P1	1	-0.001913	-0.001913	0.000374	0.000374
642	12	10	22	1	P50	4	-0.004803	-0.248442	-0.002870	-0.249738
642	12	10	22	1	P75	4	-0.002941	-0.002941	-0.001005	-0.001005
642	12	10	22	1	P90	4	-0.001822	-0.001822	0.000116	0.000116
642	12	10	22	1	P95	4	-0.001449	-0.001449	0.000490	0.000490
642	12	10	22	1	P99	5	-0.000259	-0.000259	0.001625	0.001625
642	12	10	22	1	P999	5	-0.000259	-0.000259	0.001625	0.001625
643	2	2	4	1	P1	11	0.002720	0.002720	0.001879	0.001879
643	2	2	4	1	P50	55	0.000641	-0.763604	0.003507	-0.762919
643	2	2	4	1	P75	58	-0.000137	-0.051117	0.002726	-0.048398
643	2	2	4	1	P90	58	-0.000137	-0.000137	0.002726	0.002726
643	2	2	4	1	P95	58	-0.000137	-0.000137	0.002726	0.002726
643	2	2	4	1	P99	58	-0.000137	-0.000137	0.002726	0.002726
643	2	2	4	1	P999	58	-0.000137	-0.000137	0.002726	0.002726
644	2	12	14	1	P1	1	0.002301	0.002301	0.003745	0.003745
644	2	12	14	1	P50	4	-0.003430	-0.003963	-0.002178	-0.002710
644	2	12	14	1	P75	4	-0.001832	-0.001832	-0.000578	-0.000578
644	2	12	14	1	P90	4	-0.000766	-0.000766	0.000490	0.000490
644	2	12	14	1	P95	5	0.000398	0.000398	0.001625	0.001625
644	2	12	14	1	P99	5	0.000398	0.000398	0.001625	0.001625
644	2	12	14	1	P999	5	0.000398	0.000398	0.001625	0.001625
645	51	4	55	1	P1	1	-0.003366	-0.003366	0.000078	0.000078
645	51	4	55	1	P50	1	-0.001268	-0.001268	0.002183	0.002183
645	51	4	55	1	P75	1	-0.000178	-0.000178	0.003276	0.003276
645	51	4	55	1	P90	2	0.001193	0.001193	0.000868	0.000868
645	51	4	55	1	P95	12	-0.000616	-0.000616	-0.001030	-0.001030
645	51	4	55	1	P99	13	-0.000289	-0.000289	0.003036	0.003036
645	51	4	55	1	P999	13	-0.000289	-0.000289	0.003036	0.003036
646	2	4	6	1	P1	1	-0.000703	-0.000703	0.001871	0.001871
646	2	4	6	1	P50	55	0.001743	-0.052890	0.003507	-0.051211
646	2	4	6	1	P75	56	0.002419	0.002419	0.000434	0.000434
646	2	4	6	1	P90	59	-0.001166	-0.001166	0.000580	0.000580
646	2	4	6	1	P95	59	-0.001166	-0.001166	0.000580	0.000580
646	2	4	6	1	P99	59	-0.001166	-0.001166	0.000580	0.000580
646	2	4	6	1	P999	59	-0.001166	-0.001166	0.000580	0.000580
647	4	12	16	1	P1	1	-0.001353	-0.001353	0.000935	0.000935
647	4	12	16	1	P50	4	-0.004710	-0.248442	-0.002777	-0.249738
647	4	12	16	1	P75	4	-0.002848	-0.003314	-0.000911	-0.001378
647	4	12	16	1	P90	4	-0.001915	-0.001915	0.000023	0.000023
647	4	12	16	1	P95	4	-0.001449	-0.001449	0.000490	0.000490
647	4	12	16	1	P99	4	-0.001449	-0.001449	0.000490	0.000490
647	4	12	16	1	P999	4	-0.001449	-0.001449	0.000490	0.000490
648	5	116	121	0	P1	1	-0.003669	-0.003669	0.000062	0.000062
648	5	116	121	0	P50	1	-0.001852	-0.001852	0.001886	0.001886
648	5	116	121	0	P75	1	-0.000926	-0.000926	0.002815	0.002815
648	5	116	121	0	P90	1	-0.000371	-0.000371	0.003373	0.003373
648	5	116	121	0	P95	1	-0.000185	-0.000185	0.003559	0.003559
648	5	116	121	0	P99	1	-0.000031	-0.000031	0.003714	0.003714
648	5	116	121	0	P999	1	-0.000000	-0.000000	0.003745	0.003745
649	22	15	37	1	P1	1	-0.002625	-0.002625	0.000340	0.000340
649	22	15	37	1	P50	11	-0.003926	-0.003926	-0.001285	-0.001285
649	22	15	37	1	P75	11	-0.001344	-0.001344	0.001303	0.001303
649	22	15	37	1	P90	12	0.001195	0.001195	0.000091	0.000091
649	22	15	37	1	P95	13	-0.001462	-0.001462	0.001163	0.001163
649	22	15	37	1	P99	13	0.000407	0.000407	0.003036	0.003036
649	22	15	37	1	P999	13	0.000407	0.000407	0.003036	0.003036
650	19	4	23	1	P1	1	-0.002712	-0.002712	0.000935	0.000935
650	19	4	23	1	P50	55	-0.002887	-0.002887	0.000698	0.000698
650	19	4	23	1	P75	57	-0.001229	-0.001229	-0.001378	-0.001378
650	19	4	23	1	P90	57	0.001575	0.001575	0.001426	0.001426
650	19	4	23	1	P95	58	0.001004	0.001004	0.000854	0.000854
650	19	4	23	1	P99	58	0.002877	0.002877	0.002726	0.002726
650	19	4	23	1	P999	58	0.002877	0.002877	0.002726	0.002726
651	18	5	23	0	P1	1	-0.003562	-0.003562	0.000170	0.000170
651	18	5	23	0	P50	1	-0.001698	-0.001698	0.002041	0.002041
651	18	5	23	0	P75	1	-0.000679	-0.000679	0.003063	0.003063
651	18	5	23	0	P90	1	-0.000170	-0.000170	0.003574	0.003574
651	18	5	23	0	P95	1	-0.000000	-0.000000	0.003745	0.003745
651	18	5	23	0	P99	2	0.002116	0.002116	0.002116	0.002116
651	18	5	23	0	P999	2	0.002116	0.002116	0.002116	0.002116
652	17	9	26	1	P1	1	-0.001956	-0.001956	0.000234	0.000234
652	17	9	26	1	P50	1	0.001081	0.000847	0.003276	0.003042
652	17	9	26	1	P75	3	-0.002479	-0.002479	-0.000586	-0.000586
652	17	9	26	1	P90	4	-0.002261	-0.002261	-0.000445	-0.000445
652	17	9	26	1	P95	4	-0.001328	-0.001328	0.000490	0.000490
652	17	9	26	1	P99	5	-0.000134	-0.000134	0.001625	0.001625
652	17	9	26	1	P999	5	-0.000134	-0.000134	0.001625	0.001625
653	2	304	306	0	P1	1	-0.003682	-0.003682	0.000049	0.000049
653	2	304	306	0	P50	1	-0.001843	-0.001855	0.001895	0.001883
653	2	304	306	0	P75	1	-0.000909	-0.000909	0.002832	0.002832
653	2	304	306	0	P90	1	-0.000344	-0.000344	0.003399	0.003399
653	2	304	306	0	P95	1	-0.000160	-0.000160	0.003585	0.003585
653	2	304	306	0	P99	1	-0.000012	-0.000012	0.003733	0.003733
653	2	304	306	0	P999	2	0.002116	0.002116	0.002116	0.002116
654	7	4	11	1	P1	1	-0.001610	-0.001610	0.000935	0.000935
654	7	4	11	1	P50	12	-0.003989	-0.003989	-0.001963	-0.001963
654	7	4	11	1	P75	12	-0.001192	-0.001192	0.000839	0.000839
654	7	4	11	1	P90	14	0.001685	0.001685	0.003689	0.003689
654	7	4	11	1	P95	16	-0.000991	-0.000991	0.000980	0.000980
654	7	4	11	1	P99	16	-0.000991	-0.000991	0.000980	0.000980
654	7	4	11	1	P999	16	-0.000991	-0.000991	0.000980	0.000980
655	7	7	14	1	P1	1	-0.003023	-0.003023	0.000623	0.000623
655	7	7	14	1	P50	55	-0.001955	-0.963556	0.001633	-0.963559
655	7	7	14	1	P75	57	-0.000295	-0.000295	-0.000444	-0.000444
655	7	7	14	1	P90	57	0.001575	0.001575	0.001426	0.001426
655	7	7	14	1	P95	58	0.002877	0.002877	0.002726	0.002726
655	7	7	14	1	P99	58	0.002877	0.002877	0.002726	0.002726
655	7	7	14	1	P999	58	0.002877	0.002877	0.002726	0.002726
656	7	55	62	1	P1	1	-0.002219	-0.002219	0.000068	0.000068
656	7	55	62	1	P50	1	-0.000114	-0.000182	0.002177	0.002109
656	7	55	62	1	P75	1	0.000906	0.000906	0.003199	0.003199
656	7	55	62	1	P90	4	-0.004644	-0.004644	-0.002710	-0.002710
656	7	55	62	1	P95	4	-0.003048	-0.003048	-0.001112	-0.001112
656	7	55	62	1	P99	4	-0.001449	-0.001449	0.000490	0.000490
656	7	55	62	1	P999	4	-0.001449	-0.001449	0.000490	0.000490
657	10	9	19	1	P1	1	-0.001088	-0.001088	0.000935	0.000935
657	10	9	19	1	P50	11	-0.002903	-0.002903	-0.000926	-0.000926
657	10	9	19	1	P75	12	0.002601	0.002601	0.000839	0.000839
657	10	9	19	1	P90	13	0.000120	0.000120	0.002099	0.002099
657	10	9	19	1	P95	13	0.001055	0.001055	0.003036	0.003036
657	10	9	19	1	P99	13	0.001055	0.001055	0.003036	0.003036
657	10	9	19	1	P999	13	0.001055	0.001055	0.003036	0.003036
658	10	10	20	1	P1	1	-0.001787	-0.001787	0.000748	0.000748
658	10	10	20	1	P50	51	-0.001202	-0.960648	0.000511	-0.960701
658	10	10	20	1	P75	55	-0.000689	-0.034959	0.001009	-0.033311
658	10	10	20	1	P90	58	0.001036	-0.050013	0.002726	-0.048398
658	10	10	20	1	P95	63	0.000597	-0.078411	0.002269	-0.076855
658	10	10	20	1	P99	63	0.000597	0.000597	0.002269	0.002269
658	10	10	20	1	P999	63	0.000597	0.000597	0.002269	0.002269
659	7	34	41	1	P1	1	-0.002079	-0.002079	0.000110	0.000110
659	7	34	41	1	P50	1	0.000118	0.000118	0.002311	0.002311
659	7	34	41	1	P75	1	0.001218	0.001218	0.003414	0.003414
659	7	34	41	1	P90	4	-0.004311	-0.004311	-0.002497	-0.002497
659	7	34	41	1	P95	4	-0.002821	-0.002821	-0.001005	-0.001005
659	7	34	41	1	P99	4	-0.001328	-0.001328	0.000490	0.000490
659	7	34	41	1	P999	4	-0.001328	-0.001328	0.000490	0.000490
660	7	7	14	1	P1	1	-0.001610	-0.001610	0.000935	0.000935
660	7	7	14	1	P50	11	-0.002661	-0.817553	-0.000615	-0.817797
660	7	7	14	1	P75	12	-0.003057	-0.003057	-0.001030	-0.001030
660	7	7	14	1	P90	13	-0.000852	-0.000852	0.001163	0.001163
660	7	7	14	1	P95	13	0.001017	0.001017	0.003036	0.003036
660	7	7	14	1	P99	13	0.001017	0.001017	0.003036	0.003036
660	7	7	14	1	P999	13	0.001017	0.001017	0.003036	0.003036
661	6	6	12	1	P1	1	-0.000563	-0.000563	0.000748	0.000748
661	6	6	12	1	P50	51	-0.000176	-0.960748	0.000511	-0.960701
661	6	6	12	1	P75	55	-0.002778	-0.033970	0.001633	-0.033311
661	6	6	12	1	P90	55	-0.000912	-0.000912	0.003507	0.003507
661	6	6	12	1	P95	72	0.002672	0.002672	0.003307	0.003307
661	6	6	12	1	P99	72	0.002672	0.002672	0.003307	0.003307
661	6	6	12	1	P999	72	0.002672	0.002672	0.003307	0.003307
662	7	47	54	1	P1	1	-0.002110	-0.002110	0.000080	0.000080
662	7	47	54	1	P50	1	0.000036	-0.000044	0.002229	0.002150
662	7	47	54	1	P75	1	0.001071	0.001071	0.003266	0.003266
662	7	47	54	1	P90	3	-0.002790	-0.002790	-0.000897	-0.000897
662	7	47	54	1	P95	4	-0.003193	-0.003193	-0.001378	-0.001378
662	7	47	54	1	P99	4	-0.001328	-0.001328	0.000490	0.000490
662	7	47	54	1	P999	4	-0.001328	-0.001328	0.000490	0.000490
663	9	8	17	1	P1	1	-0.000881	-0.000881	0.000748	0.000748
663	9	8	17	1	P50	10	0.002333	0.002333	0.003745	0.003745
663	9	8	17	1	P75	12	-0.003350	-0.003350	-0.001963	-0.001963
663	9	8	17	1	P90	12	-0.000552	-0.000552	0.000839	0.000839
663	9	8	17	1	P95	13	0.001650	0.001650	0.003036	0.003036
663	9	8	17	1	P99	13	0.001650	0.001650	0.003036	0.003036
663	9	8	17	1	P999	13	0.001650	0.001650	0.003036	0.003036
664	9	9	18	1	P1	1	-0.002412	-0.002412	0.000467	0.000467
664	9	9	18	1	P50	52	0.001228	-0.961420	0.003527	-0.961457
664	9	9	18	1	P75	55	-0.000654	-0.000654	0.001633	0.001633
664	9	9	18	1	P90	57	-0.000856	-0.000856	0.001426	0.001426
664	9	9	18	1	P95	64	-0.000794	-0.000794	0.001471	0.001471
664	9	9	18	1	P99	64	-0.000794	-0.000794	0.001471	0.001471
664	9	9	18	1	P999	64	-0.000794	-0.000794	0.001471	0.001471
665	11	46	57	1	P1	1	-0.002108	-0.002108	0.000081	0.000081
665	11	46	57	1	P50	1	0.000166	0.000166	0.002359	0.002359
665	11	46	57	1	P75	1	0.001304	0.001304	0.003500	0.003500
665	11	46	57	1	P90	4	-0.002986	-0.002986	-0.001171	-0.001171
665	11	46	57	1	P95	4	-0.001743	-0.001743	0.000075	0.000075
665	11	46	57	1	P99	5	-0.000134	-0.000134	0.001625	0.001625
665	11	46	57	1	P999	5	-0.000134	-0.000134	0.001625	0.001625
666	8	7	15	1	P1	1	-0.000383	-0.000383	0.001247	0.001247
666	8	7	15	1	P50	11	-0.002012	-0.002012	-0.000615	-0.000615
666	8	7	15	1	P75	12	-0.001796	-0.001796	-0.000407	-0.000407
666	8	7	15	1	P90	13	0.001650	0.001650	0.003036	0.003036
666	8	7	15	1	P95	14	0.002310	0.002310	0.003689	0.003689
666	8	7	15	1	P99	14	0.002310	0.002310	0.003689	0.003689
666	8	7	15	1	P999	14	0.002310	0.002310	0.003689	0.003689
667	8	6	14	1	P1	1	-0.000606	-0.000606	0.000935	0.000935
667	8	6	14	1	P50	53	-0.000421	-0.016484	0.000671	-0.015407
667	8	6	14	1	P75	54	0.002073	0.002073	0.003165	0.003165
667	8	6	14	1	P90	56	-0.002517	-0.002517	-0.001434	-0.001434
667	8	6	14	1	P95	56	-0.000651	-0.000651	0.000434	0.000434
667	8	6	14	1	P99	56	-0.000651	-0.000651	0.000434	0.000434
667	8	6	14	1	P999	56	-0.000651	-0.000651	0.000434	0.000434
668	12	4	16	1	P1	1	-0.001256	-0.001256	0.000935	0.000935
668	12	4	16	1	P50	4	-0.004228	-0.004642	-0.002415	-0.002829
668	12	4	16	1	P75	4	-0.002572	-0.002986	-0.000756	-0.001171
668	12	4	16	1	P90	4	-0.001743	-0.001743	0.000075	0.000075
668	12	4	16	1	P95	4	-0.001328	-0.001328	0.000490	0.000490
668	12	4	16	1	P99	4	-0.001328	-0.001328	0.000490	0.000490
668	12	4	16	1	P999	4	-0.001328	-0.001328	0.000490	0.000490
669	41	289	330	0	P1	1	-0.003686	-0.003686	0.000045	0.000045
669	41	289	330	0	P50	1	-0.001856	-0.001867	0.001882	0.001871
669	41	289	330	0	P75	1	-0.000928	-0.000928	0.002813	0.002813
669	41	289	330	0	P90	1	-0.000362	-0.000374	0.003381	0.003370
669	41	289	330	0	P95	1	-0.000181	-0.000181	0.003563	0.003563
669	41	289	330	0	P99	1	-0.000034	-0.000034	0.003711	0.003711
669	41	289	330	0	P999	1	-0.000000	-0.000000	0.003745	0.003745
670	20	2	22	1	P1	10	0.000113	0.000113	0.000748	0.000748
670	20	2	22	1	P50	11	-0.000096	-0.000435	0.000518	0.000178
670	20	2	22	1	P75	12	0.002116	0.002116	-0.001030	-0.001030
670	20	2	22	1	P90	13	0.002458	0.002458	0.003036	0.003036
670	20	2	22	1	P95	56	0.000178	0.000178	0.000434	0.000434
670	20	2	22	1	P99	58	-0.001263	-0.001263	0.002726	0.002726
670	20	2	22	1	P999	58	-0.001263	-0.001263	0.002726	0.002726
671	2	6	8	1	P1	1	-0.001616	-0.001616	0.000748	0.000748
671	2	6	8	1	P50	1	0.001375	0.000627	0.003745	0.002995
671	2	6	8	1	P75	18	0.001138	-0.888482	0.002815	-0.888654
671	2	6	8	1	P90	22	-0.001373	-0.001373	0.000253	0.000253
671	2	6	8	1	P95	22	-0.001373	-0.001373	0.000253	0.000253
671	2	6	8	1	P99	22	-0.001373	-0.001373	0.000253	0.000253
671	2	6	8	1	P999	22	-0.001373	-0.001373	0.000253	0.000253
672	20	8	28	1	P1	1	-0.003052	-0.003052	0.000467	0.000467
672	20	8	28	1	P50	53	-0.001708	-0.002454	0.001669	0.000920
672	20	8	28	1	P75	55	0.000126	-0.001742	0.003507	0.001633
672	20	8	28	1	P90	57	0.001790	0.001790	0.001426	0.001426
672	20	8	28	1	P95	61	0.001253	0.001253	0.000886	0.000886
672	20	8	28	1	P99	105	0.000190	0.000190	0.003548	0.003548
672	20	8	28	1	P999	105	0.000190	0.000190	0.003548	0.003548
673	78	8	86	1	P1	1	-0.002921	-0.002921	0.000047	0.000047
673	78	8	86	1	P50	1	-0.000916	-0.000963	0.002058	0.002011
673	78	8	86	1	P75	1	0.000065	0.000065	0.003042	0.003042
673	78	8	86	1	P90	1	0.000673	0.000673	0.003651	0.003651
673	78	8	86	1	P95	2	-0.003005	-0.003005	-0.000378	-0.000378
673	78	8	86	1	P99	2	0.002977	0.002977	0.002116	0.002116
673	78	8	86	1	P999	2	0.002977	0.002977	0.002116	0.002116
674	18	3	21	1	P1	1	-0.002053	-0.002053	0.000234	0.000234
674	18	3	21	1	P50	1	0.000282	0.000282	0.002573	0.002573
674	18	3	21	1	P75	1	0.001451	0.001451	0.003745	0.003745
674	18	3	21	1	P90	4	-0.003314	-0.003314	-0.001378	-0.001378
674	18	3	21	1	P95	4	-0.001449	-0.001449	0.000490	0.000490
674	18	3	21	1	P99	5	-0.000259	-0.000259	0.001625	0.001625
674	18	3	21	1	P999	5	-0.000259	-0.000259	0.001625	0.001625
675	20	6	26	1	P1	1	-0.001664	-0.001664	0.000623	0.000623
675	20	6	26	1	P50	4	-0.003935	-0.004245	-0.002000	-0.002311
675	20	6	26	1	P75	4	-0.002071	-0.002071	-0.000133	-0.000133
675	20	6	26	1	P90	5	-0.002126	-0.002126	-0.000245	-0.000245
675	20	6	26	1	P95	5	-0.001193	-0.001193	0.000690	0.000690
675	20	6	26	1	P99	5	-0.000259	-0.000259	0.001625	0.001625
675	20	6	26	1	P999	5	-0.000259	-0.000259	0.001625	0.001625
676	30	6	36	1	P1	1	-0.002835	-0.002835	0.000129	0.000129
676	30	6	36	1	P50	1	-0.000519	-0.000648	0.002452	0.002323
676	30	6	36	1	P75	1	0.000642	0.000513	0.003616	0.003486
676	30	6	36	1	P90	11	-0.002636	-0.002636	0.000008	0.000008
676	30	6	36	1	P95	12	0.000072	0.000072	-0.001030	-0.001030
676	30	6	36	1	P99	12	0.001943	0.001943	0.000839	0.000839
676	30	6	36	1	P999	12	0.001943	0.001943	0.000839	0.000839
677	8	6	14	1	P1	1	-0.002036	-0.002036	0.000534	0.000534
677	8	6	14	1	P50	2	0.003427	-0.499417	0.002116	-0.498128
677	8	6	14	1	P75	53	0.001396	0.001396	0.003168	0.003168
677	8	6	14	1	P90	54	0.001398	0.001398	0.003165	0.003165
677	8	6	14	1	P95	59	-0.001166	-0.001166	0.000580	0.000580
677	8	6	14	1	P99	59	-0.001166	-0.001166	0.000580	0.000580
677	8	6	14	1	P999	59	-0.001166	-0.001166	0.000580	0.000580
678	6	13	19	1	P1	1	-0.001540	-0.001540	0.000748	0.000748
678	6	13	19	1	P50	3	0.000830	0.000830	-0.000897	-0.000897
678	6	13	19	1	P75	4	-0.003314	-0.003314	-0.001378	-0.001378
678	6	13	19	1	P90	4	-0.001449	-0.001449	0.000490	0.000490
678	6	13	19	1	P95	5	-0.000259	-0.000259	0.001625	0.001625
678	6	13	19	1	P99	5	-0.000259	-0.000259	0.001625	0.001625
678	6	13	19	1	P999	5	-0.000259	-0.000259	0.001625	0.001625
679	28	12	40	1	P1	1	-0.003575	-0.003575	0.000134	0.000134
679	28	12	40	1	P50	1	-0.000911	-0.001045	0.002807	0.002674
679	28	12	40	1	P75	11	-0.000334	-0.001081	-0.000366	-0.001113
679	28	12	40	1	P90	12	-0.000063	-0.000997	-0.000096	-0.001030
679	28	12	40	1	P95	14	-0.001890	-0.142110	0.001815	-0.142138
679	28	12	40	1	P99	14	-0.000023	-0.000023	0.003689	0.003689
679	28	12	40	1	P999	14	-0.000023	-0.000023	0.003689	0.003689
680	13	7	20	1	P1	1	-0.001411	-0.001411	0.000467	0.000467
680	13	7	20	1	P50	2	-0.001227	-0.001974	0.000619	-0.000129
680	13	7	20	1	P75	54	0.001467	-0.017077	0.003165	-0.015410
680	13	7	20	1	P90	56	0.002483	-0.016080	0.000434	-0.014413
680	13	7	20	1	P95	57	-0.000267	-0.015104	0.001426	-0.017117
680	13	7	20	1	P99	57	-0.000267	-0.000267	0.001426	0.001426
680	13	7	20	1	P999	57	-0.000267	-0.000267	0.001426	0.001426
681	6	12	18	1	P1	1	-0.001567	-0.001567	0.000623	0.000623
681	6	12	18	1	P50	4	-0.004642	-0.251160	-0.002829	-0.249738
681	6	12	18	1	P75	4	-0.002986	-0.002986	-0.001171	-0.001171
681	6	12	18	1	P90	4	-0.001743	-0.001743	0.000075	0.000075
681	6	12	18	1	P95	4	-0.001328	-0.001328	0.000490	0.000490
681	6	12	18	1	P99	4	-0.001328	-0.001328	0.000490	0.000490
681	6	12	18	1	P999	4	-0.001328	-0.001328	0.000490	0.000490
682	16	3	19	1	P1	1	-0.002310	-0.002310	0.000234	0.000234
682	16	3	19	1	P50	1	-0.000209	-0.000209	0.002339	0.002339
682	16	3	19	1	P75	1	0.000959	0.000959	0.003510	0.003510
682	16	3	19	1	P90	11	-0.000172	-0.000172	0.001879	0.001879
682	16	3	19	1	P95	12	-0.001192	-0.001192	0.000839	0.000839
682	16	3	19	1	P99	12	-0.001192	-0.001192	0.000839	0.000839
682	16	3	19	1	P999	12	-0.001192	-0.001192	0.000839	0.000839
683	3	3	6	1	P1	1	-0.002275	-0.002275	0.001247	0.001247
683	3	3	6	1	P50	54	-0.002081	-0.981478	0.001292	-0.981412
683	3	3	6	1	P75	54	-0.000215	-0.000215	0.003165	0.003165
683	3	3	6	1	P90	56	0.000799	0.000799	0.000434	0.000434
683	3	3	6	1	P95	56	0.000799	0.000799	0.000434	0.000434
683	3	3	6	1	P99	56	0.000799	0.000799	0.000434	0.000434
683	3	3	6	1	P999	56	0.000799	0.000799	0.000434	0.000434
684	9	12	21	1	P1	1	-0.001878	-0.001878	0.000312	0.000312
684	9	12	21	1	P50	1	0.001237	0.001237	0.003432	0.003432
684	9	12	21	1	P75	4	-0.004311	-0.004311	-0.002497	-0.002497
684	9	12	21	1	P90	4	-0.002075	-0.002075	-0.000258	-0.000258
684	9	12	21	1	P95	4	-0.001328	-0.001328	0.000490	0.000490
684	9	12	21	1	P99	5	-0.000134	-0.000134	0.001625	0.001625
684	9	12	21	1	P999	5	-0.000134	-0.000134	0.001625	0.001625
685	6	6	12	1	P1	11	-0.002066	-0.002066	-0.001113	-0.001113
685	6	6	12	1	P50	52	-0.002788	-0.768390	0.001653	-0.769037
685	6	6	12	1	P75	53	0.002464	0.000591	0.003168	0.001294
685	6	6	12	1	P90	54	0.002464	0.002464	0.003165	0.003165
685	6	6	12	1	P95	55	0.002809	0.002809	0.003507	0.003507
685	6	6	12	1	P99	55	0.002809	0.002809	0.003507	0.003507
685	6	6	12	1	P999	55	0.002809	0.002809	0.003507	0.003507
686	6	9	15	1	P1	1	-0.001443	-0.001443	0.000748	0.000748
686	6	9	15	1	P50	3	-0.003411	-0.003411	-0.001519	-0.001519
686	6	9	15	1	P75	4	-0.003566	-0.003566	-0.001751	-0.001751
686	6	9	15	1	P90	4	-0.002075	-0.002075	-0.000258	-0.000258
686	6	9	15	1	P95	4	-0.001328	-0.001328	0.000490	0.000490
686	6	9	15	1	P99	4	-0.001328	-0.001328	0.000490	0.000490
686	6	9	15	1	P999	4	-0.001328	-0.001328	0.000490	0.000490
687	6	2	8	1	P1	1	-0.001837	-0.001837	0.000623	0.000623
687	6	2	8	1	P50	1	0.000654	0.000031	0.003120	0.002495
687	6	2	8	1	P75	9	-0.001276	-0.888747	0.000698	-0.888473
687	6	2	8	1	P90	11	-0.000053	-0.000053	0.001879	0.001879
687	6	2	8	1	P95	11	-0.000053	-0.000053	0.001879	0.001879
687	6	2	8	1	P99	11	-0.000053	-0.000053	0.001879	0.001879
687	6	2	8	1	P999	11	-0.000053	-0.000053	0.001879	0.001879
688	2	2	4	1	P1	1	-0.001080	-0.001080	0.001871	0.001871
688	2	2	4	1	P50	50	-0.000789	-0.979984	0.001625	-0.979925
688	2	2	4	1	P75	56	0.001777	-0.107847	0.000434	-0.105692
688	2	2	4	1	P90	56	0.001777	0.001777	0.000434	0.000434
688	2	2	4	1	P95	56	0.001777	0.001777	0.000434	0.000434
688	2	2	4	1	P99	56	0.001777	0.001777	0.000434	0.000434
688	2	2	4	1	P999	56	0.001777	0.001777	0.000434	0.000434
689	6	611	617	1	P1	1	-0.002243	-0.002243	0.000043	0.000043
689	6	611	617	1	P50	1	-0.000389	-0.000389	0.001902	0.001902
689	6	611	617	1	P75	1	0.000558	0.000558	0.002851	0.002851
689	6	611	617	1	P90	1	0.001131	0.001131	0.003424	0.003424
689	6	611	617	1	P95	1	0.001322	0.001322	0.003615	0.003615
689	6	611	617	1	P99	2	0.003746	0.003746	0.002116	0.002116
689	6	611	617	1	P999	4	-0.001449	-0.001449	0.000490	0.000490
690	3	5	8	1	P1	11	-0.000605	-0.000605	0.000008	0.000008
690	3	5	8	1	P50	53	-0.002088	-0.003331	0.001918	0.000671
690	3	5	8	1	P75	58	-0.003128	-0.086977	0.000854	-0.083312
690	3	5	8	1	P90	58	-0.001263	-0.001263	0.002726	0.002726
690	3	5	8	1	P95	58	-0.001263	-0.001263	0.002726	0.002726
690	3	5	8	1	P99	58	-0.001263	-0.001263	0.002726	0.002726
690	3	5	8	1	P999	58	-0.001263	-0.001263	0.002726	0.002726
691	4	6	10	1	P1	1	-0.001256	-0.001256	0.000935	0.000935
691	4	6	10	1	P50	4	-0.004311	-0.251160	-0.002497	-0.249738
691	4	6	10	1	P75	4	-0.002821	-0.002821	-0.001005	-0.001005
691	4	6	10	1	P90	4	-0.001328	-0.002075	0.000490	-0.000258
691	4	6	10	1	P95	4	-0.001328	-0.001328	0.000490	0.000490
691	4	6	10	1	P99	4	-0.001328	-0.001328	0.000490	0.000490
691	4	6	10	1	P999	4	-0.001328	-0.001328	0.000490	0.000490
692	5	2	7	1	P1	1	-0.002773	-0.002773	0.000748	0.000748
692	5	2	7	1	P50	1	-0.000534	-0.000534	0.002995	0.002995
692	5	2	7	1	P75	53	-0.000214	-0.000214	0.003168	0.003168
692	5	2	7	1	P90	55	0.000126	0.000126	0.003507	0.003507
692	5	2	7	1	P95	55	0.000126	0.000126	0.003507	0.003507
692	5	2	7	1	P99	55	0.000126	0.000126	0.003507	0.003507
692	5	2	7	1	P999	55	0.000126	0.000126	0.003507	0.003507
693	2	6	8	1	P1	1	-0.000322	-0.000322	0.001871	0.001871
693	2	6	8	1	P50	3	-0.001546	-0.002790	0.000349	-0.000897
693	2	6	8	1	P75	4	-0.002572	-0.003814	-0.000756	-0.002000
693	2	6	8	1	P90	4	-0.001328	-0.001328	0.000490	0.000490
693	2	6	8	1	P95	4	-0.001328	-0.001328	0.000490	0.000490
693	2	6	8	1	P99	4	-0.001328	-0.001328	0.000490	0.000490
693	2	6	8	1	P999	4	-0.001328	-0.001328	0.000490	0.000490
694	313	6	319	1	P1	1	-0.002239	-0.002239	0.000048	0.000048
694	313	6	319	1	P50	1	-0.000372	-0.000372	0.001919	0.001919
694	313	6	319	1	P75	1	0.000587	0.000587	0.002879	0.002879
694	313	6	319	1	P90	1	0.001163	0.001163	0.003456	0.003456
694	313	6	319	1	P95	1	0.001355	0.001355	0.003649	0.003649
694	313	6	319	1	P99	4	-0.004245	-0.004245	-0.002311	-0.002311
694	313	6	319	1	P999	4	-0.001449	-0.001449	0.000490	0.000490
695	6	6	12	1	P1	1	-0.000692	-0.000692	0.000748	0.000748
695	6	6	12	1	P50	3	0.002797	-0.332822	0.000349	-0.331923
695	6	6	12	1	P75	4	-0.002259	-0.003005	-0.001005	-0.001751
695	6	6	12	1	P90	4	-0.001513	-0.001513	-0.000258	-0.000258
695	6	6	12	1	P95	4	-0.000766	-0.000766	0.000490	0.000490
695	6	6	12	1	P99	4	-0.000766	-0.000766	0.000490	0.000490
695	6	6	12	1	P999	4	-0.000766	-0.000766	0.000490	0.000490
696	2	5	7	1	P1	3	-0.000434	-0.000434	-0.001519	-0.001519
696	2	5	7	1	P50	4	0.000402	0.000402	-0.000756	-0.000756
696	2	5	7	1	P75	51	-0.001434	-0.001434	0.000511	0.000511
696	2	5	7	1	P90	54	0.001230	0.001230	0.003165	0.003165
696	2	5	7	1	P95	54	0.001230	0.001230	0.003165	0.003165
696	2	5	7	1	P99	54	0.001230	0.001230	0.003165	0.003165
696	2	5	7	1	P999	54	0.001230	0.001230	0.003165	0.003165
697	360	5	365	1	P1	1	-0.002245	-0.002245	0.000042	0.000042
697	360	5	365	1	P50	1	-0.000378	-0.000378	0.001913	0.001913
697	360	5	365	1	P75	1	0.000573	0.000573	0.002865	0.002865
697	360	5	365	1	P90	1	0.001148	0.001148	0.003441	0.003441
697	360	5	365	1	P95	1	0.001336	0.001336	0.003630	0.003630
697	360	5	365	1	P99	3	0.002078	0.002078	0.000349	0.000349
697	360	5	365	1	P999	4	-0.001449	-0.001449	0.000490	0.000490
698	5	22	27	1	P1	1	-0.002020	-0.002020	0.000170	0.000170
698	5	22	27	1	P50	1	0.000188	0.000188	0.002382	0.002382
698	5	22	27	1	P75	1	0.001378	0.001378	0.003574	0.003574
698	5	22	27	1	P90	4	-0.003193	-0.003193	-0.001378	-0.001378
698	5	22	27	1	P95	4	-0.002261	-0.002261	-0.000445	-0.000445
698	5	22	27	1	P99	4	-0.001328	-0.001328	0.000490	0.000490
698	5	22	27	1	P999	4	-0.001328	-0.001328	0.000490	0.000490
699	4	2	6	1	P1	1	-0.000677	-0.000677	0.001871	0.001871
699	4	2	6	1	P50	11	-0.000172	-0.089390	0.001879	-0.087505
699	4	2	6	1	P75	12	-0.001192	-0.001192	0.000839	0.000839
699	4	2	6	1	P90	13	0.001017	0.001017	0.003036	0.003036
699	4	2	6	1	P95	13	0.001017	0.001017	0.003036	0.003036
699	4	2	6	1	P99	13	0.001017	0.001017	0.003036	0.003036
699	4	2	6	1	P999	13	0.001017	0.001017	0.003036	0.003036
700	4	4	8	1	P1	1	-0.001268	-0.001268	0.001247	0.001247
700	4	4	8	1	P50	55	0.001841	-0.963509	0.003507	-0.963559
700	4	4	8	1	P75	56	-0.001223	-0.003089	0.000434	-0.001434
700	4	4	8	1	P90	58	0.001073	0.001073	0.002726	0.002726
700	4	4	8	1	P95	58	0.001073	0.001073	0.002726	0.002726
700	4	4	8	1	P99	58	0.001073	0.001073	0.002726	0.002726
700	4	4	8	1	P999	58	0.001073	0.001073	0.002726	0.002726
701	5	36	41	1	P1	1	-0.002183	-0.002183	0.000104	0.000104
701	5	36	41	1	P50	1	-0.000108	-0.000108	0.002183	0.002183
701	5	36	41	1	P75	1	0.000931	0.000931	0.003224	0.003224
701	5	36	41	1	P90	3	0.002078	0.002078	0.000349	0.000349
701	5	36	41	1	P95	4	-0.003314	-0.003314	-0.001378	-0.001378
701	5	36	41	1	P99	4	-0.001449	-0.001449	0.000490	0.000490
701	5	36	41	1	P999	4	-0.001449	-0.001449	0.000490	0.000490
702	7	5	12	1	P1	1	-0.001610	-0.001610	0.000935	0.000935
702	7	5	12	1	P50	11	-0.001417	-0.002661	0.000631	-0.000615
702	7	5	12	1	P75	12	-0.002436	-0.003678	-0.000407	-0.001652
702	7	5	12	1	P90	12	-0.001192	-0.001192	0.000839	0.000839
702	7	5	12	1	P95	13	0.001017	0.001017	0.003036	0.003036
702	7	5	12	1	P99	13	0.001017	0.001017	0.003036	0.003036
702	7	5	12	1	P999	13	0.001017	0.001017	0.003036	0.003036
703	10	10	20	1	P1	1	-0.003185	-0.003185	0.000467	0.000467
703	10	10	20	1	P50	52	-0.001948	-0.961454	0.001653	-0.961457
703	10	10	20	1	P75	55	0.001771	-0.014939	0.001633	-0.015074
703	10	10	20	1	P90	56	0.000572	-0.001297	0.000434	-0.001434
703	10	10	20	1	P95	59	0.000718	-0.050305	0.000580	-0.050435
703	10	10	20	1	P99	59	0.000718	0.000718	0.000580	0.000580
703	10	10	20	1	P999	59	0.000718	0.000718	0.000580	0.000580
704	5	5	10	1	P1	1	-0.001353	-0.001353	0.000935	0.000935
704	5	5	10	1	P50	3	0.002078	-0.330836	0.000349	-0.331923
704	5	5	10	1	P75	4	-0.003314	-0.003314	-0.001378	-0.001378
704	5	5	10	1	P90	4	-0.001449	-0.002382	0.000490	-0.000445
704	5	5	10	1	P95	4	-0.001449	-0.001449	0.000490	0.000490
704	5	5	10	1	P99	4	-0.001449	-0.001449	0.000490	0.000490
704	5	5	10	1	P999	4	-0.001449	-0.001449	0.000490	0.000490
705	2	2	4	1	P1	12	-0.001689	-0.001689	-0.001030	-0.001030
705	2	2	4	1	P50	56	-0.002045	-0.785676	-0.001434	-0.785535
705	2	2	4	1	P75	56	-0.000178	-0.002045	0.000434	-0.001434
705	2	2	4	1	P90	56	-0.000178	-0.000178	0.000434	0.000434
705	2	2	4	1	P95	56	-0.000178	-0.000178	0.000434	0.000434
705	2	2	4	1	P99	56	-0.000178	-0.000178	0.000434	0.000434
705	2	2	4	1	P999	56	-0.000178	-0.000178	0.000434	0.000434
706	2	5	7	1	P1	1	0.002377	0.002377	0.003745	0.003745
706	2	5	7	1	P50	4	-0.003467	-0.003467	-0.002311	-0.002311
706	2	5	7	1	P75	4	-0.001602	-0.001602	-0.000445	-0.000445
706	2	5	7	1	P90	4	-0.000669	-0.000669	0.000490	0.000490
706	2	5	7	1	P95	4	-0.000669	-0.000669	0.000490	0.000490
706	2	5	7	1	P99	4	-0.000669	-0.000669	0.000490	0.000490
706	2	5	7	1	P999	4	-0.000669	-0.000669	0.000490	0.000490
707	25	8	33	1	P1	1	-0.002815	-0.002815	0.000150	0.000150
707	25	8	33	1	P50	1	-0.000426	-0.000426	0.002545	0.002545
707	25	8	33	1	P75	1	0.000771	0.000771	0.003745	0.003745
707	25	8	33	1	P90	12	0.000072	0.000072	-0.001030	-0.001030
707	25	8	33	1	P95	14	-0.000801	-0.000801	0.001815	0.001815
707	25	8	33	1	P99	14	0.001068	0.001068	0.003689	0.003689
707	25	8	33	1	P999	14	0.001068	0.001068	0.003689	0.003689
708	24	8	32	1	P1	1	-0.003270	-0.003270	0.000249	0.000249
708	24	8	32	1	P50	2	-0.000554	-0.000969	-0.000793	-0.001208
708	24	8	32	1	P75	51	0.000872	-0.960692	0.000511	-0.960701
708	24	8	32	1	P90	54	0.003529	0.003529	0.003165	0.003165
708	24	8	32	1	P95	61	0.001253	0.001253	0.000886	0.000886
708	24	8	32	1	P99	63	0.002638	0.002638	0.002269	0.002269
708	24	8	32	1	P999	63	0.002638	0.002638	0.002269	0.002269
709	8	5	13	1	P1	1	-0.001664	-0.001664	0.000623	0.000623
709	8	5	13	1	P50	2	0.001871	0.001871	0.000245	0.000245
709	8	5	13	1	P75	4	-0.004245	-0.004245	-0.002311	-0.002311
709	8	5	13	1	P90	4	-0.002382	-0.002382	-0.000445	-0.000445
709	8	5	13	1	P95	4	-0.001449	-0.001449	0.000490	0.000490
709	8	5	13	1	P99	4	-0.001449	-0.001449	0.000490	0.000490
709	8	5	13	1	P999	4	-0.001449	-0.001449	0.000490	0.000490
710	14	4	18	1	P1	1	-0.002256	-0.002256	0.000288	0.000288
710	14	4	18	1	P50	1	0.000330	0.000042	0.002879	0.002591
710	14	4	18	1	P75	2	0.003456	0.003456	0.002116	0.002116
710	14	4	18	1	P90	12	-0.002125	-0.002125	-0.000096	-0.000096
710	14	4	18	1	P95	12	-0.001192	-0.001192	0.000839	0.000839
710	14	4	18	1	P99	12	-0.001192	-0.001192	0.000839	0.000839
710	14	4	18	1	P999	12	-0.001192	-0.001192	0.000839	0.000839
711	3	4	7	1	P1	1	-0.000645	-0.000645	0.001871	0.001871
711	3	4	7	1	P50	53	-0.000376	-0.000376	0.001294	0.001294
711	3	4	7	1	P75	56	-0.001223	-0.001223	0.000434	0.000434
711	3	4	7	1	P90	62	0.001680	0.001680	0.003320	0.003320
711	3	4	7	1	P95	62	0.001680	0.001680	0.003320	0.003320
711	3	4	7	1	P99	62	0.001680	0.001680	0.003320	0.003320
711	3	4	7	1	P999	62	0.001680	0.001680	0.003320	0.003320
712	4	5	9	1	P1	1	-0.001353	-0.001353	0.000935	0.000935
712	4	5	9	1	P50	3	0.002078	0.002078	0.000349	0.000349
712	4	5	9	1	P75	4	-0.003314	-0.003314	-0.001378	-0.001378
712	4	5	9	1	P90	4	-0.001449	-0.001449	0.000490	0.000490
712	4	5	9	1	P95	4	-0.001449	-0.001449	0.000490	0.000490
712	4	5	9	1	P99	4	-0.001449	-0.001449	0.000490	0.000490
712	4	5	9	1	P999	4	-0.001449	-0.001449	0.000490	0.000490
713	20	3	23	1	P1	1	-0.002347	-0.002347	0.000197	0.000197
713	20	3	23	1	P50	1	-0.000185	-0.000185	0.002364	0.002364
713	20	3	23	1	P75	1	0.000996	0.000996	0.003548	0.003548
713	20	3	23	1	P90	12	-0.003057	-0.003057	-0.001030	-0.001030
713	20	3	23	1	P95	12	-0.001192	-0.001192	0.000839	0.000839
713	20	3	23	1	P99	14	0.001685	0.001685	0.003689	0.003689
713	20	3	23	1	P999	14	0.001685	0.001685	0.003689	0.003689
714	2	3	5	1	P1	1	-0.001787	-0.001787	0.001871	0.001871
714	2	3	5	1	P50	52	-0.000081	-0.000081	0.003527	0.003527
714	2	3	5	1	P75	57	-0.000307	-0.000307	-0.000444	-0.000444
714	2	3	5	1	P90	57	0.001563	0.001563	0.001426	0.001426
714	2	3	5	1	P95	57	0.001563	0.001563	0.001426	0.001426
714	2	3	5	1	P99	57	0.001563	0.001563	0.001426	0.001426
714	2	3	5	1	P999	57	0.001563	0.001563	0.001426	0.001426
715	3	5	8	1	P1	1	-0.000419	-0.000419	0.001871	0.001871
715	3	5	8	1	P50	4	-0.004245	-0.248442	-0.002311	-0.249738
715	3	5	8	1	P75	4	-0.002382	-0.003314	-0.000445	-0.001378
715	3	5	8	1	P90	4	-0.001449	-0.001449	0.000490	0.000490
715	3	5	8	1	P95	4	-0.001449	-0.001449	0.000490	0.000490
715	3	5	8	1	P99	4	-0.001449	-0.001449	0.000490	0.000490
715	3	5	8	1	P999	4	-0.001449	-0.001449	0.000490	0.000490
716	18	4	22	1	P1	1	-0.003489	-0.003489	0.000220	0.000220
716	18	4	22	1	P50	1	-0.001076	-0.001296	0.002642	0.002422
716	18	4	22	1	P75	1	0.000023	0.000023	0.003745	0.003745
716	18	4	22	1	P90	12	-0.000997	-0.000997	-0.001030	-0.001030
716	18	4	22	1	P95	12	0.000871	0.000871	0.000839	0.000839
716	18	4	22	1	P99	14	-0.000023	-0.000023	0.003689	0.003689
716	18	4	22	1	P999	14	-0.000023	-0.000023	0.003689	0.003689
717	5	4	9	1	P1	1	0.000305	0.000305	0.001871	0.001871
717	5	4	9	1	P50	2	0.000626	0.000626	0.002116	0.002116
717	5	4	9	1	P75	58	-0.000269	-0.000269	0.000854	0.000854
717	5	4	9	1	P90	61	-0.000232	-0.000232	0.000886	0.000886
717	5	4	9	1	P95	61	-0.000232	-0.000232	0.000886	0.000886
717	5	4	9	1	P99	61	-0.000232	-0.000232	0.000886	0.000886
717	5	4	9	1	P999	61	-0.000232	-0.000232	0.000886	0.000886
718	4	5	9	1	P1	1	-0.001042	-0.001042	0.001247	0.001247
718	4	5	9	1	P50	3	0.002078	0.002078	0.000349	0.000349
718	4	5	9	1	P75	4	-0.003314	-0.003314	-0.001378	-0.001378
718	4	5	9	1	P90	4	-0.001449	-0.001449	0.000490	0.000490
718	4	5	9	1	P95	4	-0.001449	-0.001449	0.000490	0.000490
718	4	5	9	1	P99	4	-0.001449	-0.001449	0.000490	0.000490
718	4	5	9	1	P999	4	-0.001449	-0.001449	0.000490	0.000490
719	46	7	53	1	P1	1	-0.002462	-0.002462	0.000081	0.000081
719	46	7	53	1	P50	1	-0.000352	-0.000352	0.002196	0.002196
719	46	7	53	1	P75	1	0.000705	0.000705	0.003256	0.003256
719	46	7	53	1	P90	12	-0.003678	-0.003678	-0.001652	-0.001652
719	46	7	53	1	P95	13	-0.000852	-0.000852	0.001163	0.001163
719	46	7	53	1	P99	14	0.001685	0.001685	0.003689	0.003689
719	46	7	53	1	P999	14	0.001685	0.001685	0.003689	0.003689
720	17	7	24	1	P1	1	-0.002138	-0.002138	0.000374	0.000374
720	17	7	24	1	P50	2	0.001350	0.000816	-0.000022	-0.000556
720	17	7	24	1	P75	56	-0.003089	-0.016049	-0.001434	-0.014413
720	17	7	24	1	P90	58	0.001073	0.001073	0.002726	0.002726
720	17	7	24	1	P95	59	-0.001067	-0.001067	0.000580	0.000580
720	17	7	24	1	P99	61	-0.000755	-0.000755	0.000886	0.000886
720	17	7	24	1	P999	61	-0.000755	-0.000755	0.000886	0.000886
721	7	5	12	1	P1	1	-0.001353	-0.001353	0.000935	0.000935
721	7	5	12	1	P50	2	0.003746	0.002496	0.002116	0.000868
721	7	5	12	1	P75	4	-0.003935	-0.248442	-0.002000	-0.249738
721	7	5	12	1	P90	4	-0.002693	-0.002693	-0.000756	-0.000756
721	7	5	12	1	P95	4	-0.001449	-0.001449	0.000490	0.000490
721	7	5	12	1	P99	4	-0.001449	-0.001449	0.000490	0.000490
721	7	5	12	1	P999	4	-0.001449	-0.001449	0.000490	0.000490
722	13	2	15	0	P1	1	-0.003465	-0.003465	0.000267	0.000267
722	13	2	15	0	P50	1	-0.001601	-0.001601	0.002138	0.002138
722	13	2	15	0	P75	1	-0.000534	-0.000534	0.003209	0.003209
722	13	2	15	0	P90	1	-0.000000	-0.000000	0.003745	0.003745
722	13	2	15	0	P95	2	0.002116	0.002116	0.002116	0.002116
722	13	2	15	0	P99	2	0.002116	0.002116	0.002116	0.002116
722	13	2	15	0	P999	2	0.002116	0.002116	0.002116	0.002116
723	5	5	10	1	P1	3	-0.001049	-0.001049	-0.002452	-0.002452
723	5	5	10	1	P50	4	-0.003618	-0.004549	-0.002000	-0.002622
723	5	5	10	1	P75	4	-0.001754	-0.001754	-0.000756	-0.000756
723	5	5	10	1	P90	4	0.001986	0.000114	0.000490	-0.000133
723	5	5	10	1	P95	4	0.001986	0.001986	0.000490	0.000490
723	5	5	10	1	P99	4	0.001986	0.001986	0.000490	0.000490
723	5	5	10	1	P999	4	0.001986	0.001986	0.000490	0.000490
724	5	5	10	1	P1	3	-0.000114	-0.000114	-0.001519	-0.001519
724	5	5	10	1	P50	4	-0.002500	-0.003246	-0.001112	-0.001645
724	5	5	10	1	P75	4	0.000114	0.000114	-0.000044	-0.000044
724	5	5	10	1	P90	5	-0.000552	-0.198411	0.001625	-0.199608
724	5	5	10	1	P95	5	-0.000552	-0.000552	0.001625	0.001625
724	5	5	10	1	P99	5	-0.000552	-0.000552	0.001625	0.001625
724	5	5	10	1	P999	5	-0.000552	-0.000552	0.001625	0.001625
725	4	5	9	1	P1	1	-0.001353	-0.001353	0.000935	0.000935
725	4	5	9	1	P50	3	0.002078	0.002078	0.000349	0.000349
725	4	5	9	1	P75	4	-0.003314	-0.003314	-0.001378	-0.001378
725	4	5	9	1	P90	4	-0.001449	-0.001449	0.000490	0.000490
725	4	5	9	1	P95	4	-0.001449	-0.001449	0.000490	0.000490
725	4	5	9	1	P99	4	-0.001449	-0.001449	0.000490	0.000490
725	4	5	9	1	P999	4	-0.001449	-0.001449	0.000490	0.000490
726	18	4	22	1	P1	1	-0.002757	-0.002757	0.000208	0.000208
726	18	4	22	1	P50	1	-0.000476	-0.000683	0.002495	0.002287
726	18	4	22	1	P75	1	0.000563	0.000563	0.003537	0.003537
726	18	4	22	1	P90	11	-0.000770	-0.000770	0.001879	0.001879
726	18	4	22	1	P95	13	0.000407	0.000407	0.003036	0.003036
726	18	4	22	1	P99	14	0.001068	0.001068	0.003689	0.003689
726	18	4	22	1	P999	14	0.001068	0.001068	0.003689	0.003689
727	9	4	13	1	P1	1	-0.000563	-0.000563	0.000748	0.000748
727	9	4	13	1	P50	2	-0.000956	-0.000956	0.000245	0.000245
727	9	4	13	1	P75	55	-0.000912	-0.000912	0.003507	0.003507
727	9	4	13	1	P90	58	0.002058	0.002058	0.002726	0.002726
727	9	4	13	1	P95	60	0.001803	0.001803	0.002466	0.002466
727	9	4	13	1	P99	60	0.001803	0.001803	0.002466	0.002466
727	9	4	13	1	P999	60	0.001803	0.001803	0.002466	0.002466
728	4	5	9	1	P1	1	-0.001256	-0.001256	0.000935	0.000935
728	4	5	9	1	P50	3	-0.003411	-0.003411	-0.001519	-0.001519
728	4	5	9	1	P75	4	-0.003814	-0.003814	-0.002000	-0.002000
728	4	5	9	1	P90	4	-0.001328	-0.001328	0.000490	0.000490
728	4	5	9	1	P95	4	-0.001328	-0.001328	0.000490	0.000490
728	4	5	9	1	P99	4	-0.001328	-0.001328	0.000490	0.000490
728	4	5	9	1	P999	4	-0.001328	-0.001328	0.000490	0.000490
729	15	4	19	1	P1	1	-0.002294	-0.002294	0.000249	0.000249
729	15	4	19	1	P50	1	-0.000054	-0.000054	0.002495	0.002495
729	15	4	19	1	P75	1	0.001193	0.001193	0.003745	0.003745
729	15	4	19	1	P90	12	-0.002125	-0.002125	-0.000096	-0.000096
729	15	4	19	1	P95	12	-0.001192	-0.001192	0.000839	0.000839
729	15	4	19	1	P99	12	-0.001192	-0.001192	0.000839	0.000839
729	15	4	19	1	P999	12	-0.001192	-0.001192	0.000839	0.000839
730	3	4	7	1	P1	1	-0.001653	-0.001653	0.001871	0.001871
730	3	4	7	1	P50	54	-0.000215	-0.000215	0.003165	0.003165
730	3	4	7	1	P75	56	-0.001070	-0.001070	-0.001434	-0.001434
730	3	4	7	1	P90	56	0.000799	0.000799	0.000434	0.000434
730	3	4	7	1	P95	56	0.000799	0.000799	0.000434	0.000434
730	3	4	7	1	P99	56	0.000799	0.000799	0.000434	0.000434
730	3	4	7	1	P999	56	0.000799	0.000799	0.000434	0.000434
731	4	5	9	1	P1	1	-0.000322	-0.000322	0.001871	0.001871
731	4	5	9	1	P50	3	-0.003411	-0.003411	-0.001519	-0.001519
731	4	5	9	1	P75	4	-0.003193	-0.003193	-0.001378	-0.001378
731	4	5	9	1	P90	5	-0.000134	-0.000134	0.001625	0.001625
731	4	5	9	1	P95	5	-0.000134	-0.000134	0.001625	0.001625
731	4	5	9	1	P99	5	-0.000134	-0.000134	0.001625	0.001625
731	4	5	9	1	P999	5	-0.000134	-0.000134	0.001625	0.001625
732	12	3	15	0	P1	1	-0.003465	-0.003465	0.000267	0.000267
732	12	3	15	0	P50	1	-0.001601	-0.001601	0.002138	0.002138
732	12	3	15	0	P75	1	-0.000534	-0.000534	0.003209	0.003209
732	12	3	15	0	P90	1	-0.000000	-0.000000	0.003745	0.003745
732	12	3	15	0	P95	2	0.002116	0.002116	0.002116	0.002116
732	12	3	15	0	P99	2	0.002116	0.002116	0.002116	0.002116
732	12	3	15	0	P999	2	0.002116	0.002116	0.002116	0.002116
733	3	3	6	1	P1	1	-0.002401	-0.002401	0.001247	0.001247
733	3	3	6	1	P50	52	-0.000069	-0.980768	0.003527	-0.980697
733	3	3	6	1	P75	55	-0.000088	-0.000088	0.003507	0.003507
733	3	3	6	1	P90	60	0.002617	0.002617	0.002466	0.002466
733	3	3	6	1	P95	60	0.002617	0.002617	0.002466	0.002466
733	3	3	6	1	P99	60	0.002617	0.002617	0.002466	0.002466
733	3	3	6	1	P999	60	0.002617	0.002617	0.002466	0.002466
734	5	22	27	1	P1	1	-0.002020	-0.002020	0.000170	0.000170
734	5	22	27	1	P50	1	0.000188	0.000188	0.002382	0.002382
734	5	22	27	1	P75	1	0.001378	0.001378	0.003574	0.003574
734	5	22	27	1	P90	4	-0.003814	-0.003814	-0.002000	-0.002000
734	5	22	27	1	P95	4	-0.002572	-0.002572	-0.000756	-0.000756
734	5	22	27	1	P99	4	-0.001328	-0.001328	0.000490	0.000490
734	5	22	27	1	P999	4	-0.001328	-0.001328	0.000490	0.000490
735	3	3	6	1	P1	1	-0.001098	-0.001098	0.001871	0.001871
735	3	3	6	1	P50	11	-0.002636	-0.817640	0.000008	-0.817797
735	3	3	6	1	P75	11	-0.000770	-0.000770	0.001879	0.001879
735	3	3	6	1	P90	12	0.001943	0.001943	0.000839	0.000839
735	3	3	6	1	P95	12	0.001943	0.001943	0.000839	0.000839
735	3	3	6	1	P99	12	0.001943	0.001943	0.000839	0.000839
735	3	3	6	1	P999	12	0.001943	0.001943	0.000839	0.000839
736	7	7	14	1	P1	1	-0.002898	-0.002898	0.000748	0.000748
736	7	7	14	1	P50	52	-0.000069	-0.961453	0.003527	-0.961457
736	7	7	14	1	P75	55	-0.000088	-0.000088	0.003507	0.003507
736	7	7	14	1	P90	56	0.000584	0.000584	0.000434	0.000434
736	7	7	14	1	P95	58	0.002877	0.002877	0.002726	0.002726
736	7	7	14	1	P99	58	0.002877	0.002877	0.002726	0.002726
736	7	7	14	1	P999	58	0.002877	0.002877	0.002726	0.002726
737	5	20	25	1	P1	1	-0.002100	-0.002100	0.000187	0.000187
737	5	20	25	1	P50	1	0.000141	0.000141	0.002433	0.002433
737	5	20	25	1	P75	1	0.001264	0.001264	0.003557	0.003557
737	5	20	25	1	P90	3	0.002078	0.002078	0.000349	0.000349
737	5	20	25	1	P95	4	-0.003314	-0.003314	-0.001378	-0.001378
737	5	20	25	1	P99	4	-0.001449	-0.001449	0.000490	0.000490
737	5	20	25	1	P999	4	-0.001449	-0.001449	0.000490	0.000490
738	4	6	10	1	P1	10	0.000095	0.000095	0.003745	0.003745
738	4	6	10	1	P50	54	0.003288	-0.037128	0.003165	-0.033641
738	4	6	10	1	P75	56	0.000558	0.000558	0.000434	0.000434
738	4	6	10	1	P90	58	0.002851	-0.015719	0.002726	-0.015840
738	4	6	10	1	P95	58	0.002851	0.002851	0.002726	0.002726
738	4	6	10	1	P99	58	0.002851	0.002851	0.002726	0.002726
738	4	6	10	1	P999	58	0.002851	0.002851	0.002726	0.002726
739	6	5	11	1	P1	1	-0.001353	-0.001353	0.000935	0.000935
739	6	5	11	1	P50	2	0.003746	0.003746	0.002116	0.002116
739	6	5	11	1	P75	4	-0.002693	-0.002693	-0.000756	-0.000756
739	6	5	11	1	P90	4	-0.001449	-0.001449	0.000490	0.000490
739	6	5	11	1	P95	5	-0.000259	-0.000259	0.001625	0.001625
739	6	5	11	1	P99	5	-0.000259	-0.000259	0.001625	0.001625
739	6	5	11	1	P999	5	-0.000259	-0.000259	0.001625	0.001625
740	9	2	11	1	P1	1	-0.002605	-0.002605	0.000415	0.000415
740	9	2	11	1	P50	1	-0.000531	-0.000531	0.002495	0.002495
740	9	2	11	1	P75	1	0.000715	0.000715	0.003745	0.003745
740	9	2	11	1	P90	12	0.001864	0.001864	0.000839	0.000839
740	9	2	11	1	P95	15	-0.000714	-0.000714	0.001975	0.001975
740	9	2	11	1	P99	15	-0.000714	-0.000714	0.001975	0.001975
740	9	2	11	1	P999	15	-0.000714	-0.000714	0.001975	0.001975
741	2	2	4	1	P1	1	-0.001013	-0.001013	0.001871	0.001871
741	2	2	4	1	P50	53	0.000872	-0.981116	0.003168	-0.981061
741	2	2	4	1	P75	57	-0.000856	-0.069365	0.001426	-0.067230
741	2	2	4	1	P90	57	-0.000856	-0.000856	0.001426	0.001426
741	2	2	4	1	P95	57	-0.000856	-0.000856	0.001426	0.001426
741	2	2	4	1	P99	57	-0.000856	-0.000856	0.001426	0.001426
741	2	2	4	1	P999	57	-0.000856	-0.000856	0.001426	0.001426
742	2	5	7	1	P1	1	0.001549	0.001549	0.003745	0.003745
742	2	5	7	1	P50	3	-0.001546	-0.001546	0.000349	0.000349
742	2	5	7	1	P75	4	-0.001328	-0.001328	0.000490	0.000490
742	2	5	7	1	P90	5	-0.000134	-0.000134	0.001625	0.001625
742	2	5	7	1	P95	5	-0.000134	-0.000134	0.001625	0.001625
742	2	5	7	1	P99	5	-0.000134	-0.000134	0.001625	0.001625
742	2	5	7	1	P999	5	-0.000134	-0.000134	0.001625	0.001625
743	53	4	57	1	P1	1	-0.002473	-0.002473	0.000071	0.000071
743	53	4	57	1	P50	1	-0.000500	-0.000500	0.002047	0.002047
743	53	4	57	1	P75	1	0.000487	0.000487	0.003037	0.003037
743	53	4	57	1	P90	1	0.001123	0.001123	0.003674	0.003674
743	53	4	57	1	P95	11	-0.002039	-0.002039	0.000008	0.000008
743	53	4	57	1	P99	12	-0.001192	-0.001192	0.000839	0.000839
743	53	4	57	1	P999	12	-0.001192	-0.001192	0.000839	0.000839
744	27	4	31	1	P1	1	-0.001677	-0.001677	0.000267	0.000267
744	27	4	31	1	P50	2	-0.002967	-0.002967	-0.001048	-0.001048
744	27	4	31	1	P75	2	-0.000671	-0.000671	0.001252	0.001252
744	27	4	31	1	P90	50	-0.000191	-0.000191	0.001625	0.001625
744	27	4	31	1	P95	56	0.002363	0.002363	0.000434	0.000434
744	27	4	31	1	P99	68	0.002588	0.002588	0.000653	0.000653
744	27	4	31	1	P999	68	0.002588	0.002588	0.000653	0.000653
745	4	5	9	1	P1	1	-0.000419	-0.000419	0.001871	0.001871
745	4	5	9	1	P50	4	-0.004245	-0.004245	-0.002311	-0.002311
745	4	5	9	1	P75	4	-0.002382	-0.002382	-0.000445	-0.000445
745	4	5	9	1	P90	5	-0.000259	-0.000259	0.001625	0.001625
745	4	5	9	1	P95	5	-0.000259	-0.000259	0.001625	0.001625
745	4	5	9	1	P99	5	-0.000259	-0.000259	0.001625	0.001625
745	4	5	9	1	P999	5	-0.000259	-0.000259	0.001625	0.001625
746	18	131	149	0	P1	1	-0.003681	-0.003681	0.000051	0.000051
746	18	131	149	0	P50	1	-0.001842	-0.001842	0.001896	0.001896
746	18	131	149	0	P75	1	-0.000909	-0.000909	0.002833	0.002833
746	18	131	149	0	P90	1	-0.000328	-0.000328	0.003415	0.003415
746	18	131	149	0	P95	1	-0.000152	-0.000152	0.003593	0.003593
746	18	131	149	0	P99	1	-0.000000	-0.000000	0.003745	0.003745
746	18	131	149	0	P999	2	0.002116	0.002116	0.002116	0.002116
747	11	26	37	1	P1	1	-0.001734	-0.001734	0.000288	0.000288
747	11	26	37	1	P50	2	-0.001908	-0.001908	0.000101	0.000101
747	11	26	37	1	P75	10	0.001758	0.001758	0.003745	0.003745
747	11	26	37	1	P90	12	0.000106	0.000106	-0.001652	-0.001652
747	11	26	37	1	P95	12	0.002601	0.002601	0.000839	0.000839
747	11	26	37	1	P99	13	0.001055	0.001055	0.003036	0.003036
747	11	26	37	1	P999	13	0.001055	0.001055	0.003036	0.003036
748	10	3	13	1	P1	1	-0.002276	-0.002276	0.001247	0.001247
748	10	3	13	1	P50	55	-0.002363	-0.002363	0.001009	0.001009
748	10	3	13	1	P75	57	-0.000703	-0.000703	-0.001067	-0.001067
748	10	3	13	1	P90	57	0.001790	0.001790	0.001426	0.001426
748	10	3	13	1	P95	65	0.001287	0.001287	0.000918	0.000918
748	10	3	13	1	P99	65	0.001287	0.001287	0.000918	0.000918
748	10	3	13	1	P999	65	0.001287	0.001287	0.000918	0.000918
749	37	8	45	0	P1	1	-0.003644	-0.003644	0.000087	0.000087
749	37	8	45	0	P50	1	-0.001737	-0.001737	0.002001	0.002001
749	37	8	45	0	P75	1	-0.000782	-0.000782	0.002960	0.002960
749	37	8	45	0	P90	1	-0.000174	-0.000174	0.003570	0.003570
749	37	8	45	0	P95	1	-0.000000	-0.000000	0.003745	0.003745
749	37	8	45	0	P99	2	0.002116	0.002116	0.002116	0.002116
749	37	8	45	0	P999	2	0.002116	0.002116	0.002116	0.002116
750	10	6	16	1	P1	1	-0.002341	-0.002341	0.000467	0.000467
750	10	6	16	1	P50	2	0.001285	-0.499536	0.000245	-0.498128
750	10	6	16	1	P75	4	-0.000851	-0.248909	-0.002000	-0.249738
750	10	6	16	1	P90	4	0.001642	0.001642	0.000490	0.000490
750	10	6	16	1	P95	5	-0.000927	-0.000927	0.001625	0.001625
750	10	6	16	1	P99	5	-0.000927	-0.000927	0.001625	0.001625
750	10	6	16	1	P999	5	-0.000927	-0.000927	0.001625	0.001625
751	3	36	39	0	P1	1	-0.003635	-0.003635	0.000096	0.000096
751	3	36	39	0	P50	1	-0.001819	-0.001819	0.001919	0.001919
751	3	36	39	0	P75	1	-0.000862	-0.000862	0.002879	0.002879
751	3	36	39	0	P90	1	-0.000287	-0.000287	0.003456	0.003456
751	3	36	39	0	P95	1	-0.000096	-0.000096	0.003649	0.003649
751	3	36	39	0	P99	1	-0.000000	-0.000000	0.003745	0.003745
751	3	36	39	0	P999	1	-0.000000	-0.000000	0.003745	0.003745
752	2	30	32	1	P1	1	-0.001788	-0.001788	0.000234	0.000234
752	2	30	32	1	P50	2	-0.003342	-0.499142	-0.001336	-0.498128
752	2	30	32	1	P75	2	-0.001046	-0.001334	0.000964	0.000676
752	2	30	32	1	P90	2	0.000103	0.000103	0.002116	0.002116
752	2	30	32	1	P95	11	-0.000103	-0.000103	0.001879	0.001879
752	2	30	32	1	P99	12	0.002601	0.002601	0.000839	0.000839
752	2	30	32	1	P999	12	0.002601	0.002601	0.000839	0.000839
753	2	2	4	1	P1	1	0.002430	0.002430	0.003745	0.003745
753	2	2	4	1	P50	53	0.002484	-0.962230	0.003168	-0.962184
753	2	2	4	1	P75	55	-0.000912	-0.033970	0.003507	-0.033311
753	2	2	4	1	P90	55	-0.000912	-0.000912	0.003507	0.003507
753	2	2	4	1	P95	55	-0.000912	-0.000912	0.003507	0.003507
753	2	2	4	1	P99	55	-0.000912	-0.000912	0.003507	0.003507
753	2	2	4	1	P999	55	-0.000912	-0.000912	0.003507	0.003507
754	5	63	68	1	P1	1	-0.002129	-0.002129	0.000060	0.000060
754	5	63	68	1	P50	1	-0.000081	-0.000141	0.002112	0.002052
754	5	63	68	1	P75	1	0.000945	0.000884	0.003140	0.003080
754	5	63	68	1	P90	1	0.001549	0.001549	0.003745	0.003745
754	5	63	68	1	P95	4	-0.004125	-0.004125	-0.002311	-0.002311
754	5	63	68	1	P99	4	-0.001328	-0.001328	0.000490	0.000490
754	5	63	68	1	P999	4	-0.001328	-0.001328	0.000490	0.000490
755	9	28	37	1	P1	1	-0.001734	-0.001734	0.000288	0.000288
755	9	28	37	1	P50	2	-0.002137	-0.002137	-0.000129	-0.000129
755	9	28	37	1	P75	2	0.000103	0.000103	0.002116	0.002116
755	9	28	37	1	P90	12	0.001353	0.001353	-0.000407	-0.000407
755	9	28	37	1	P95	13	-0.000815	-0.000815	0.001163	0.001163
755	9	28	37	1	P99	13	0.001055	0.001055	0.003036	0.003036
755	9	28	37	1	P999	13	0.001055	0.001055	0.003036	0.003036
756	7	7	14	1	P1	1	-0.002586	-0.002586	0.000935	0.000935
756	7	7	14	1	P50	50	0.001986	-0.959906	0.001625	-0.959915
756	7	7	14	1	P75	55	0.000127	0.000127	0.003507	0.003507
756	7	7	14	1	P90	57	0.001791	0.001791	0.001426	0.001426
756	7	7	14	1	P95	59	0.000947	0.000947	0.000580	0.000580
756	7	7	14	1	P99	59	0.000947	0.000947	0.000580	0.000580
756	7	7	14	1	P999	59	0.000947	0.000947	0.000580	0.000580
757	5	12	17	1	P1	1	-0.001975	-0.001975	0.000312	0.000312
757	5	12	17	1	P50	1	0.000515	0.000515	0.002807	0.002807
757	5	12	17	1	P75	3	-0.000417	-0.000417	-0.002141	-0.002141
757	5	12	17	1	P90	4	-0.003314	-0.003314	-0.001378	-0.001378
757	5	12	17	1	P95	4	-0.001449	-0.001449	0.000490	0.000490
757	5	12	17	1	P99	4	-0.001449	-0.001449	0.000490	0.000490
757	5	12	17	1	P999	4	-0.001449	-0.001449	0.000490	0.000490
758	2	2	4	1	P1	1	-0.001098	-0.001098	0.001871	0.001871
758	2	2	4	1	P50	11	-0.000770	-0.909021	0.001879	-0.908750
758	2	2	4	1	P75	12	0.001943	-0.084039	0.000839	-0.081611
758	2	2	4	1	P90	12	0.001943	0.001943	0.000839	0.000839
758	2	2	4	1	P95	12	0.001943	0.001943	0.000839	0.000839
758	2	2	4	1	P99	12	0.001943	0.001943	0.000839	0.000839
758	2	2	4	1	P999	12	0.001943	0.001943	0.000839	0.000839
759	2	2	4	1	P1	1	-0.000645	-0.000645	0.001871	0.001871
759	2	2	4	1	P50	55	0.001841	-0.981796	0.003507	-0.981750
759	2	2	4	1	P75	56	-0.001223	-0.016049	0.000434	-0.014413
759	2	2	4	1	P90	56	-0.001223	-0.001223	0.000434	0.000434
759	2	2	4	1	P95	56	-0.001223	-0.001223	0.000434	0.000434
759	2	2	4	1	P99	56	-0.001223	-0.001223	0.000434	0.000434
759	2	2	4	1	P999	56	-0.001223	-0.001223	0.000434	0.000434
760	5	19	24	1	P1	1	-0.001993	-0.001993	0.000197	0.000197
760	5	19	24	1	P50	1	0.000367	0.000170	0.002561	0.002364
760	5	19	24	1	P75	1	0.001549	0.001352	0.003745	0.003548
760	5	19	24	1	P90	4	-0.003814	-0.003814	-0.002000	-0.002000
760	5	19	24	1	P95	4	-0.002572	-0.002572	-0.000756	-0.000756
760	5	19	24	1	P99	4	-0.001328	-0.001328	0.000490	0.000490
760	5	19	24	1	P999	4	-0.001328	-0.001328	0.000490	0.000490
761	3	4	7	1	P1	1	-0.001721	-0.001721	0.001247	0.001247
761	3	4	7	1	P50	2	0.002982	0.002982	0.002116	0.002116
761	3	4	7	1	P75	11	-0.002014	-0.002014	0.000631	0.000631
761	3	4	7	1	P90	11	-0.000770	-0.000770	0.001879	0.001879
761	3	4	7	1	P95	11	-0.000770	-0.000770	0.001879	0.001879
761	3	4	7	1	P99	11	-0.000770	-0.000770	0.001879	0.001879
761	3	4	7	1	P999	11	-0.000770	-0.000770	0.001879	0.001879
762	3	3	6	1	P1	1	-0.002276	-0.002276	0.001247	0.001247
762	3	3	6	1	P50	53	-0.000214	-0.981128	0.003168	-0.981061
762	3	3	6	1	P75	54	0.003529	0.003529	0.003165	0.003165
762	3	3	6	1	P90	55	0.000126	0.000126	0.003507	0.003507
762	3	3	6	1	P95	55	0.000126	0.000126	0.003507	0.003507
762	3	3	6	1	P99	55	0.000126	0.000126	0.003507	0.003507
762	3	3	6	1	P999	55	0.000126	0.000126	0.003507	0.003507
763	5	12	17	1	P1	1	-0.001975	-0.001975	0.000312	0.000312
763	5	12	17	1	P50	1	0.000515	0.000515	0.002807	0.002807
763	5	12	17	1	P75	3	0.002078	0.002078	0.000349	0.000349
763	5	12	17	1	P90	5	-0.002126	-0.002126	-0.000245	-0.000245
763	5	12	17	1	P95	5	-0.000259	-0.000259	0.001625	0.001625
763	5	12	17	1	P99	5	-0.000259	-0.000259	0.001625	0.001625
763	5	12	17	1	P999	5	-0.000259	-0.000259	0.001625	0.001625
764	3	3	6	1	P1	1	-0.001579	-0.001579	0.001871	0.001871
764	3	3	6	1	P50	11	0.002289	-0.817738	0.001879	-0.817797
764	3	3	6	1	P75	12	0.001253	0.001253	0.000839	0.000839
764	3	3	6	1	P90	13	-0.000289	-0.000289	0.003036	0.003036
764	3	3	6	1	P95	13	-0.000289	-0.000289	0.003036	0.003036
764	3	3	6	1	P99	13	-0.000289	-0.000289	0.003036	0.003036
764	3	3	6	1	P999	13	-0.000289	-0.000289	0.003036	0.003036
765	3	3	6	1	P1	1	0.002548	0.002548	0.003745	0.003745
765	3	3	6	1	P50	52	-0.000692	-0.961498	0.003527	-0.961457
765	3	3	6	1	P75	54	-0.001046	-0.001046	0.003165	0.003165
765	3	3	6	1	P90	59	0.000128	0.000128	0.000580	0.000580
765	3	3	6	1	P95	59	0.000128	0.000128	0.000580	0.000580
765	3	3	6	1	P99	59	0.000128	0.000128	0.000580	0.000580
765	3	3	6	1	P999	59	0.000128	0.000128	0.000580	0.000580
766	5	19	24	1	P1	1	-0.002090	-0.002090	0.000197	0.000197
766	5	19	24	1	P50	1	0.000269	0.000072	0.002561	0.002364
766	5	19	24	1	P75	1	0.001451	0.001254	0.003745	0.003548
766	5	19	24	1	P90	4	-0.003935	-0.003935	-0.002000	-0.002000
766	5	19	24	1	P95	4	-0.002693	-0.002693	-0.000756	-0.000756
766	5	19	24	1	P99	4	-0.001449	-0.001449	0.000490	0.000490
766	5	19	24	1	P999	4	-0.001449	-0.001449	0.000490	0.000490
767	3	3	6	1	P1	1	-0.001721	-0.001721	0.001247	0.001247
767	3	3	6	1	P50	11	-0.002636	-0.909021	0.000008	-0.908750
767	3	3	6	1	P75	11	-0.000770	-0.000770	0.001879	0.001879
767	3	3	6	1	P90	12	0.001943	0.001943	0.000839	0.000839
767	3	3	6	1	P95	12	0.001943	0.001943	0.000839	0.000839
767	3	3	6	1	P99	12	0.001943	0.001943	0.000839	0.000839
767	3	3	6	1	P999	12	0.001943	0.001943	0.000839	0.000839
768	3	3	6	1	P1	1	0.002430	0.002430	0.003745	0.003745
768	3	3	6	1	P50	55	-0.002778	-0.963603	0.001633	-0.963559
768	3	3	6	1	P75	55	-0.000912	-0.000912	0.003507	0.003507
768	3	3	6	1	P90	58	0.002058	0.002058	0.002726	0.002726
768	3	3	6	1	P95	58	0.002058	0.002058	0.002726	0.002726
768	3	3	6	1	P99	58	0.002058	0.002058	0.002726	0.002726
768	3	3	6	1	P999	58	0.002058	0.002058	0.002726	0.002726
769	5	5	10	1	P1	1	-0.001540	-0.001540	0.000748	0.000748
769	5	5	10	1	P50	4	-0.004245	-0.749637	-0.002311	-0.749064
769	5	5	10	1	P75	4	-0.002382	-0.002382	-0.000445	-0.000445
769	5	5	10	1	P90	5	-0.000259	-0.201159	0.001625	-0.199608
769	5	5	10	1	P95	5	-0.000259	-0.000259	0.001625	0.001625
769	5	5	10	1	P99	5	-0.000259	-0.000259	0.001625	0.001625
769	5	5	10	1	P999	5	-0.000259	-0.000259	0.001625	0.001625
770	3	4	7	1	P1	1	0.002377	0.002377	0.003745	0.003745
770	3	4	7	1	P50	3	-0.002718	-0.002718	-0.001519	-0.001519
770	3	4	7	1	P75	4	-0.000669	-0.000669	0.000490	0.000490
770	3	4	7	1	P90	5	0.000499	0.000499	0.001625	0.001625
770	3	4	7	1	P95	5	0.000499	0.000499	0.001625	0.001625
770	3	4	7	1	P99	5	0.000499	0.000499	0.001625	0.001625
770	3	4	7	1	P999	5	0.000499	0.000499	0.001625	0.001625
771	7	2	9	1	P1	1	-0.002010	-0.002010	0.000534	0.000534
771	7	2	9	1	P50	1	0.000124	0.000124	0.002674	0.002674
771	7	2	9	1	P75	1	0.001193	0.001193	0.003745	0.003745
771	7	2	9	1	P90	13	0.001017	0.001017	0.003036	0.003036
771	7	2	9	1	P95	13	0.001017	0.001017	0.003036	0.003036
771	7	2	9	1	P99	13	0.001017	0.001017	0.003036	0.003036
771	7	2	9	1	P999	13	0.001017	0.001017	0.003036	0.003036
772	2	2	4	1	P1	1	-0.001712	-0.001712	0.001871	0.001871
772	2	2	4	1	P50	62	-0.002023	-0.983868	0.001447	-0.983811
772	2	2	4	1	P75	62	-0.000156	-0.002023	0.003320	0.001447
772	2	2	4	1	P90	62	-0.000156	-0.000156	0.003320	0.003320
772	2	2	4	1	P95	62	-0.000156	-0.000156	0.003320	0.003320
772	2	2	4	1	P99	62	-0.000156	-0.000156	0.003320	0.003320
772	2	2	4	1	P999	62	-0.000156	-0.000156	0.003320	0.003320
773	4	13	17	1	P1	1	-0.001999	-0.001999	0.000288	0.000288
773	4	13	17	1	P50	1	0.000299	0.000299	0.002591	0.002591
773	4	13	17	1	P75	1	0.001451	0.001451	0.003745	0.003745
773	4	13	17	1	P90	4	-0.002382	-0.002382	-0.000445	-0.000445
773	4	13	17	1	P95	4	-0.001449	-0.001449	0.000490	0.000490
773	4	13	17	1	P99	4	-0.001449	-0.001449	0.000490	0.000490
773	4	13	17	1	P999	4	-0.001449	-0.001449	0.000490	0.000490
774	4	2	6	1	P1	2	-0.001316	-0.001316	0.000245	0.000245
774	4	2	6	1	P50	12	-0.000552	-0.002418	0.000839	-0.001030
774	4	2	6	1	P75	13	-0.000221	-0.000221	0.001163	0.001163
774	4	2	6	1	P90	13	0.001650	0.001650	0.003036	0.003036
774	4	2	6	1	P95	13	0.001650	0.001650	0.003036	0.003036
774	4	2	6	1	P99	13	0.001650	0.001650	0.003036	0.003036
774	4	2	6	1	P999	13	0.001650	0.001650	0.003036	0.003036
775	4	4	8	1	P1	1	-0.001780	-0.001780	0.001871	0.001871
775	4	4	8	1	P50	55	-0.000088	-0.963556	0.003507	-0.963559
775	4	4	8	1	P75	61	0.001036	-0.046445	0.000886	-0.046588
775	4	4	8	1	P90	63	0.002420	0.002420	0.002269	0.002269
775	4	4	8	1	P95	63	0.002420	0.002420	0.002269	0.002269
775	4	4	8	1	P99	63	0.002420	0.002420	0.002269	0.002269
775	4	4	8	1	P999	63	0.002420	0.002420	0.002269	0.002269
776	4	11	15	1	P1	1	-0.001850	-0.001850	0.000340	0.000340
776	4	11	15	1	P50	1	0.000528	0.000528	0.002722	0.002722
776	4	11	15	1	P75	3	-0.004032	-0.004032	-0.002141	-0.002141
776	4	11	15	1	P90	3	-0.001546	-0.001546	0.000349	0.000349
776	4	11	15	1	P95	4	-0.001328	-0.001328	0.000490	0.000490
776	4	11	15	1	P99	4	-0.001328	-0.001328	0.000490	0.000490
776	4	11	15	1	P999	4	-0.001328	-0.001328	0.000490	0.000490
777	2	4	6	1	P1	1	0.002112	0.002112	0.003745	0.003745
777	2	4	6	1	P50	2	0.000552	-0.000694	0.002116	0.000868
777	2	4	6	1	P75	11	0.000478	0.000478	0.001879	0.001879
777	2	4	6	1	P90	12	-0.000552	-0.000552	0.000839	0.000839
777	2	4	6	1	P95	12	-0.000552	-0.000552	0.000839	0.000839
777	2	4	6	1	P99	12	-0.000552	-0.000552	0.000839	0.000839
777	2	4	6	1	P999	12	-0.000552	-0.000552	0.000839	0.000839
778	2	2	4	1	P1	1	0.002430	0.002430	0.003745	0.003745
778	2	2	4	1	P50	55	-0.000912	-0.963603	0.003507	-0.963559
778	2	2	4	1	P75	56	-0.000239	-0.018753	0.000434	-0.014413
778	2	2	4	1	P90	56	-0.000239	-0.000239	0.000434	0.000434
778	2	2	4	1	P95	56	-0.000239	-0.000239	0.000434	0.000434
778	2	2	4	1	P99	56	-0.000239	-0.000239	0.000434	0.000434
778	2	2	4	1	P999	56	-0.000239	-0.000239	0.000434	0.000434
779	4	4	8	1	P1	3	-0.000114	-0.000114	-0.001519	-0.001519
779	4	4	8	1	P50	4	-0.002686	-0.003618	-0.001378	-0.002000
779	4	4	8	1	P75	4	0.000114	-0.001754	-0.000133	-0.000756
779	4	4	8	1	P90	4	0.001986	0.001986	0.000490	0.000490
779	4	4	8	1	P95	4	0.001986	0.001986	0.000490	0.000490
779	4	4	8	1	P99	4	0.001986	0.001986	0.000490	0.000490
779	4	4	8	1	P999	4	0.001986	0.001986	0.000490	0.000490
780	4	4	8	0	P1	3	0.001729	0.001729	-0.001519	-0.001519
780	4	4	8	0	P50	4	-0.001867	-0.002489	-0.001378	-0.002000
780	4	4	8	0	P75	4	-0.000623	-0.001245	-0.000133	-0.000756
780	4	4	8	0	P90	4	-0.000000	-0.000000	0.000490	0.000490
780	4	4	8	0	P95	4	-0.000000	-0.000000	0.000490	0.000490
780	4	4	8	0	P99	4	-0.000000	-0.000000	0.000490	0.000490
780	4	4	8	0	P999	4	-0.000000	-0.000000	0.000490	0.000490
781	3	56	59	1	P1	1	-0.002220	-0.002220	0.000067	0.000067
781	3	56	59	1	P50	1	-0.000286	-0.000286	0.002004	0.002004
781	3	56	59	1	P75	1	0.000716	0.000716	0.003008	0.003008
781	3	56	59	1	P90	1	0.001317	0.001317	0.003611	0.003611
781	3	56	59	1	P95	3	0.002078	0.002078	0.000349	0.000349
781	3	56	59	1	P99	4	-0.001449	-0.001449	0.000490	0.000490
781	3	56	59	1	P999	4	-0.001449	-0.001449	0.000490	0.000490
782	7	12	19	1	P1	1	-0.002010	-0.002010	0.000534	0.000534
782	7	12	19	1	P50	2	0.001957	0.001957	0.000619	0.000619
782	7	12	19	1	P75	12	-0.003678	-0.003678	-0.001652	-0.001652
782	7	12	19	1	P90	13	0.001017	0.001017	0.003036	0.003036
782	7	12	19	1	P95	16	-0.000991	-0.000991	0.000980	0.000980
782	7	12	19	1	P99	16	-0.000991	-0.000991	0.000980	0.000980
782	7	12	19	1	P999	16	-0.000991	-0.000991	0.000980	0.000980
783	7	7	14	1	P1	1	-0.000918	-0.000918	0.000623	0.000623
783	7	7	14	1	P50	55	0.000545	-0.963613	0.001633	-0.963559
783	7	7	14	1	P75	56	-0.001896	-0.001896	-0.000811	-0.000811
783	7	7	14	1	P90	58	-0.000228	-0.000228	0.000854	0.000854
783	7	7	14	1	P95	58	0.001643	0.001643	0.002726	0.002726
783	7	7	14	1	P99	58	0.001643	0.001643	0.002726	0.002726
783	7	7	14	1	P999	58	0.001643	0.001643	0.002726	0.002726
784	3	22	25	1	P1	1	-0.002020	-0.002020	0.000170	0.000170
784	3	22	25	1	P50	1	0.000018	0.000018	0.002211	0.002211
784	3	22	25	1	P75	1	0.001038	0.001038	0.003233	0.003233
784	3	22	25	1	P90	3	-0.003411	-0.003411	-0.001519	-0.001519
784	3	22	25	1	P95	3	-0.001546	-0.001546	0.000349	0.000349
784	3	22	25	1	P99	4	-0.001328	-0.001328	0.000490	0.000490
784	3	22	25	1	P999	4	-0.001328	-0.001328	0.000490	0.000490
785	273	22	295	1	P1	1	-0.002502	-0.002502	0.000041	0.000041
785	273	22	295	1	P50	1	-0.000519	-0.000519	0.002028	0.002028
785	273	22	295	1	P75	1	0.000494	0.000494	0.003044	0.003044
785	273	22	295	1	P90	1	0.001097	0.001097	0.003649	0.003649
785	273	22	295	1	P95	12	-0.004547	-0.004547	-0.002522	-0.002522
785	273	22	295	1	P99	13	0.001017	0.001017	0.003036	0.003036
785	273	22	295	1	P999	14	0.001685	0.001685	0.003689	0.003689
786	34	21	55	1	P1	1	-0.003331	-0.003331	0.000187	0.000187
786	34	21	55	1	P50	2	0.000753	0.000753	0.000512	0.000512
786	34	21	55	1	P75	53	-0.000213	-0.000213	0.003168	0.003168
786	34	21	55	1	P90	56	-0.000136	-0.000136	-0.000500	-0.000500
786	34	21	55	1	P95	57	0.001791	0.001791	0.001426	0.001426
786	34	21	55	1	P99	58	0.003093	0.003093	0.002726	0.002726
786	34	21	55	1	P999	58	0.003093	0.003093	0.002726	0.002726
787	3	41	44	0	P1	1	-0.003646	-0.003646	0.000085	0.000085
787	3	41	44	0	P50	1	-0.001782	-0.001867	0.001956	0.001871
787	3	41	44	0	P75	1	-0.000849	-0.000934	0.002893	0.002807
787	3	41	44	0	P90	1	-0.000340	-0.000340	0.003404	0.003404
787	3	41	44	0	P95	1	-0.000170	-0.000170	0.003574	0.003574
787	3	41	44	0	P99	1	-0.000000	-0.000000	0.003745	0.003745
787	3	41	44	0	P999	1	-0.000000	-0.000000	0.003745	0.003745
788	6	19	25	0	P1	1	-0.001925	-0.001925	0.000187	0.000187
788	6	19	25	0	P50	1	0.000316	0.000316	0.002433	0.002433
788	6	19	25	0	P75	1	0.001438	0.001438	0.003557	0.003557
788	6	19	25	0	P90	2	-0.001494	-0.001494	0.000619	0.000619
788	6	19	25	0	P95	2	-0.000747	-0.000747	0.001367	0.001367
788	6	19	25	0	P99	2	-0.000000	-0.000000	0.002116	0.002116
788	6	19	25	0	P999	2	-0.000000	-0.000000	0.002116	0.002116
789	13	3	16	1	P1	1	-0.001042	-0.001042	0.001247	0.001247
789	13	3	16	1	P50	6	0.000626	-0.166883	0.002466	-0.165312
789	13	3	16	1	P75	11	-0.001676	-0.089062	0.000008	-0.087505
789	13	3	16	1	P90	12	-0.002690	-0.002690	-0.001030	-0.001030
789	13	3	16	1	P95	12	-0.000824	-0.000824	0.000839	0.000839
789	13	3	16	1	P99	12	-0.000824	-0.000824	0.000839	0.000839
789	13	3	16	1	P999	12	-0.000824	-0.000824	0.000839	0.000839
790	71	14	85	1	P1	1	-0.002911	-0.002911	0.000053	0.000053
790	71	14	85	1	P50	1	-0.000704	-0.000704	0.002266	0.002266
790	71	14	85	1	P75	1	0.000402	0.000402	0.003375	0.003375
790	71	14	85	1	P90	11	-0.002370	-0.002370	0.000275	0.000275
790	71	14	85	1	P95	12	0.000072	0.000072	-0.001030	-0.001030
790	71	14	85	1	P99	14	0.001068	0.001068	0.003689	0.003689
790	71	14	85	1	P999	14	0.001068	0.001068	0.003689	0.003689
791	17	13	30	1	P1	1	-0.003231	-0.003231	0.000288	0.000288
791	17	13	30	1	P50	2	0.001421	0.000485	0.001180	0.000245
791	17	13	30	1	P75	55	-0.001119	-0.001119	0.002257	0.002257
791	17	13	30	1	P90	57	0.001791	0.000544	0.001426	0.000179
791	17	13	30	1	P95	58	0.003093	0.003093	0.002726	0.002726
791	17	13	30	1	P99	61	0.001254	0.001254	0.000886	0.000886
791	17	13	30	1	P999	61	0.001254	0.001254	0.000886	0.000886
792	13	3	16	1	P1	1	-0.001913	-0.001913	0.000374	0.000374
792	13	3	16	1	P50	1	0.001077	0.000702	0.003370	0.002995
792	13	3	16	1	P75	2	0.003746	0.002496	0.002116	0.000868
792	13	3	16	1	P90	4	-0.002693	-0.002693	-0.000756	-0.000756
792	13	3	16	1	P95	4	-0.001449	-0.001449	0.000490	0.000490
792	13	3	16	1	P99	4	-0.001449	-0.001449	0.000490	0.000490
792	13	3	16	1	P999	4	-0.001449	-0.001449	0.000490	0.000490
793	2	36	38	0	P1	1	-0.003633	-0.003633	0.000098	0.000098
793	2	36	38	0	P50	1	-0.001769	-0.001867	0.001969	0.001871
793	2	36	38	0	P75	1	-0.000885	-0.000885	0.002857	0.002857
793	2	36	38	0	P90	1	-0.000295	-0.000295	0.003449	0.003449
793	2	36	38	0	P95	1	-0.000098	-0.000098	0.003646	0.003646
793	2	36	38	0	P99	1	-0.000000	-0.000000	0.003745	0.003745
793	2	36	38	0	P999	1	-0.000000	-0.000000	0.003745	0.003745
794	144	20	164	1	P1	1	-0.002912	-0.002912	0.000052	0.000052
794	144	20	164	1	P50	1	-0.000798	-0.000824	0.002172	0.002146
794	144	20	164	1	P75	1	0.000274	0.000247	0.003247	0.003220
794	144	20	164	1	P90	11	-0.003822	-0.003822	-0.001181	-0.001181
794	144	20	164	1	P95	11	-0.001109	-0.001109	0.001538	0.001538
794	144	20	164	1	P99	13	-0.001462	-0.001462	0.001163	0.001163
794	144	20	164	1	P999	13	0.000407	0.000407	0.003036	0.003036
795	20	22	42	1	P1	1	-0.000971	-0.000971	0.000340	0.000340
795	20	22	42	1	P50	51	-0.000176	-0.002044	0.000511	-0.001357
795	20	22	42	1	P75	55	-0.002405	-0.002405	0.002008	0.002008
795	20	22	42	1	P90	58	0.000186	0.000186	0.000854	0.000854
795	20	22	42	1	P95	59	-0.000085	-0.000085	0.000580	0.000580
795	20	22	42	1	P99	139	0.002851	0.002851	0.003381	0.003381
795	20	22	42	1	P999	139	0.002851	0.002851	0.003381	0.003381
796	7	73	80	0	P1	1	-0.003684	-0.003684	0.000047	0.000047
796	7	73	80	0	P50	1	-0.001821	-0.001867	0.001918	0.001871
796	7	73	80	0	P75	1	-0.000887	-0.000934	0.002854	0.002807
796	7	73	80	0	P90	1	-0.000327	-0.000374	0.003417	0.003370
796	7	73	80	0	P95	1	-0.000140	-0.000187	0.003604	0.003557
796	7	73	80	0	P99	1	-0.000000	-0.000000	0.003745	0.003745
796	7	73	80	0	P999	1	-0.000000	-0.000000	0.003745	0.003745
797	11	22	33	0	P1	1	-0.003588	-0.003588	0.000144	0.000144
797	11	22	33	0	P50	1	-0.001293	-0.001293	0.002447	0.002447
797	11	22	33	0	P75	1	-0.000144	-0.000144	0.003601	0.003601
797	11	22	33	0	P90	2	0.000512	0.000512	0.000512	0.000512
797	11	22	33	0	P95	2	0.001581	0.001581	0.001581	0.001581
797	11	22	33	0	P99	2	0.002116	0.002116	0.002116	0.002116
797	11	22	33	0	P999	2	0.002116	0.002116	0.002116	0.002116
798	9	27	36	1	P1	1	-0.002148	-0.002148	0.000138	0.000138
798	9	27	36	1	P50	1	0.000342	0.000204	0.002634	0.002495
798	9	27	36	1	P75	4	-0.003935	-0.749637	-0.002000	-0.749064
798	9	27	36	1	P90	10	-0.000463	-0.000463	0.001247	0.001247
798	9	27	36	1	P95	10	0.002032	0.002032	0.003745	0.003745
798	9	27	36	1	P99	11	0.000192	0.000192	0.001879	0.001879
798	9	27	36	1	P999	11	0.000192	0.000192	0.001879	0.001879
799	3	11	14	1	P1	1	-0.000694	-0.000694	0.000935	0.000935
799	3	11	14	1	P50	2	-0.001050	-0.001583	0.000512	-0.000022
799	3	11	14	1	P75	2	0.000552	0.000552	0.002116	0.002116
799	3	11	14	1	P90	12	-0.002418	-0.002418	-0.001030	-0.001030
799	3	11	14	1	P95	12	-0.000552	-0.000552	0.000839	0.000839
799	3	11	14	1	P99	12	-0.000552	-0.000552	0.000839	0.000839
799	3	11	14	1	P999	12	-0.000552	-0.000552	0.000839	0.000839
800	3	3	6	1	P1	1	0.000214	0.000214	0.003745	0.003745
800	3	3	6	1	P50	52	0.000144	-0.961448	0.003527	-0.961457
800	3	3	6	1	P75	53	-0.000214	-0.000214	0.003168	0.003168
800	3	3	6	1	P90	56	0.000798	0.000798	0.000434	0.000434
800	3	3	6	1	P95	56	0.000798	0.000798	0.000434	0.000434
800	3	3	6	1	P99	56	0.000798	0.000798	0.000434	0.000434
800	3	3	6	1	P999	56	0.000798	0.000798	0.000434	0.000434
801	3	60	63	1	P1	1	-0.002223	-0.002223	0.000063	0.000063
801	3	60	63	1	P50	1	-0.000261	-0.000261	0.002029	0.002029
801	3	60	63	1	P75	1	0.000753	0.000753	0.003046	0.003046
801	3	60	63	1	P90	1	0.001324	0.001324	0.003618	0.003618
801	3	60	63	1	P95	2	0.003746	0.003746	0.002116	0.002116
801	3	60	63	1	P99	4	-0.001449	-0.001449	0.000490	0.000490
801	3	60	63	1	P999	4	-0.001449	-0.001449	0.000490	0.000490
802	5	5	10	1	P1	1	-0.001610	-0.001610	0.000935	0.000935
802	5	5	10	1	P50	11	-0.000172	-0.817553	0.001879	-0.817797
802	5	5	10	1	P75	12	-0.002436	-0.002436	-0.000407	-0.000407
802	5	5	10	1	P90	13	0.001017	-0.078023	0.003036	-0.076149
802	5	5	10	1	P95	13	0.001017	0.001017	0.003036	0.003036
802	5	5	10	1	P99	13	0.001017	0.001017	0.003036	0.003036
802	5	5	10	1	P999	13	0.001017	0.001017	0.003036	0.003036
803	5	5	10	1	P1	1	-0.002773	-0.002773	0.000748	0.000748
803	5	5	10	1	P50	53	-0.002081	-0.981128	0.001294	-0.981061
803	5	5	10	1	P75	54	0.003529	0.003529	0.003165	0.003165
803	5	5	10	1	P90	58	0.003092	-0.051605	0.002726	-0.048398
803	5	5	10	1	P95	58	0.003092	0.003092	0.002726	0.002726
803	5	5	10	1	P99	58	0.003092	0.003092	0.002726	0.002726
803	5	5	10	1	P999	58	0.003092	0.003092	0.002726	0.002726
804	3	3	6	1	P1	3	-0.000114	-0.000114	-0.001519	-0.001519
804	3	3	6	1	P50	4	-0.001754	-0.003618	-0.000756	-0.002000
804	3	3	6	1	P75	4	0.001986	0.001986	0.000490	0.000490
804	3	3	6	1	P90	5	-0.000552	-0.000552	0.001625	0.001625
804	3	3	6	1	P95	5	-0.000552	-0.000552	0.001625	0.001625
804	3	3	6	1	P99	5	-0.000552	-0.000552	0.001625	0.001625
804	3	3	6	1	P999	5	-0.000552	-0.000552	0.001625	0.001625
805	4	5	9	1	P1	1	-0.001540	-0.001540	0.000748	0.000748
805	4	5	9	1	P50	1	0.001451	0.001451	0.003745	0.003745
805	4	5	9	1	P75	4	-0.003935	-0.003935	-0.002000	-0.002000
805	4	5	9	1	P90	4	-0.001449	-0.001449	0.000490	0.000490
805	4	5	9	1	P95	4	-0.001449	-0.001449	0.000490	0.000490
805	4	5	9	1	P99	4	-0.001449	-0.001449	0.000490	0.000490
805	4	5	9	1	P999	4	-0.001449	-0.001449	0.000490	0.000490
806	4	4	8	1	P1	3	-0.000114	-0.000114	-0.001519	-0.001519
806	4	4	8	1	P50	4	-0.002686	-0.003618	-0.001005	-0.001751
806	4	4	8	1	P75	4	0.001986	-0.001754	0.000490	-0.000258
806	4	4	8	1	P90	5	-0.000552	-0.000552	0.001625	0.001625
806	4	4	8	1	P95	5	-0.000552	-0.000552	0.001625	0.001625
806	4	4	8	1	P99	5	-0.000552	-0.000552	0.001625	0.001625
806	4	4	8	1	P999	5	-0.000552	-0.000552	0.001625	0.001625
807	806	4	810	1	P1	1	-0.002244	-0.002244	0.000043	0.000043
807	806	4	810	1	P50	1	-0.000367	-0.000372	0.001923	0.001918
807	806	4	810	1	P75	1	0.000589	0.000589	0.002881	0.002881
807	806	4	810	1	P90	1	0.001167	0.001162	0.003460	0.003455
807	806	4	810	1	P95	1	0.001356	0.001356	0.003650	0.003650
807	806	4	810	1	P99	2	0.002808	0.002808	0.001180	0.001180
807	806	4	810	1	P999	4	-0.001449	-0.001449	0.000490	0.000490
808	4	755	759	1	P1	1	-0.002247	-0.002247	0.000040	0.000040
808	4	755	759	1	P50	1	-0.000389	-0.000389	0.001901	0.001901
808	4	755	759	1	P75	1	0.000560	0.000560	0.002853	0.002853
808	4	755	759	1	P90	1	0.001131	0.001131	0.003424	0.003424
808	4	755	759	1	P95	1	0.001321	0.001321	0.003615	0.003615
808	4	755	759	1	P99	2	0.002139	0.002139	0.000512	0.000512
808	4	755	759	1	P999	4	-0.001449	-0.001449	0.000490	0.000490
809	5	3	8	1	P1	1	-0.000312	-0.000312	0.001871	0.001871
809	5	3	8	1	P50	11	0.000345	-0.092324	0.001879	-0.087505
809	5	3	8	1	P75	12	-0.000669	-0.002536	0.000839	-0.001030
809	5	3	8	1	P90	13	0.001546	0.001546	0.003036	0.003036
809	5	3	8	1	P95	13	0.001546	0.001546	0.003036	0.003036
809	5	3	8	1	P99	13	0.001546	0.001546	0.003036	0.003036
809	5	3	8	1	P999	13	0.001546	0.001546	0.003036	0.003036
810	5	5	10	1	P1	1	-0.002586	-0.002586	0.000935	0.000935
810	5	5	10	1	P50	52	0.000144	-0.961448	0.003527	-0.961457
810	5	5	10	1	P75	54	0.003529	0.003529	0.003165	0.003165
810	5	5	10	1	P90	76	0.001942	-0.262570	0.001567	-0.262838
810	5	5	10	1	P95	76	0.001942	0.001942	0.001567	0.001567
810	5	5	10	1	P99	76	0.001942	0.001942	0.001567	0.001567
810	5	5	10	1	P999	76	0.001942	0.001942	0.001567	0.001567
811	4	10	14	1	P1	1	-0.001816	-0.001816	0.000374	0.000374
811	4	10	14	1	P50	1	0.000800	0.000426	0.002995	0.002620
811	4	10	14	1	P75	3	-0.001546	-0.001546	0.000349	0.000349
811	4	10	14	1	P90	4	-0.001328	-0.001328	0.000490	0.000490
811	4	10	14	1	P95	5	-0.000134	-0.000134	0.001625	0.001625
811	4	10	14	1	P99	5	-0.000134	-0.000134	0.001625	0.001625
811	4	10	14	1	P999	5	-0.000134	-0.000134	0.001625	0.001625
812	4	2	6	1	P1	1	-0.000322	-0.000322	0.001871	0.001871
812	4	2	6	1	P50	3	-0.001546	-0.003411	0.000349	-0.001519
812	4	2	6	1	P75	4	-0.003193	-0.003193	-0.001378	-0.001378
812	4	2	6	1	P90	4	-0.001328	-0.001328	0.000490	0.000490
812	4	2	6	1	P95	4	-0.001328	-0.001328	0.000490	0.000490
812	4	2	6	1	P99	4	-0.001328	-0.001328	0.000490	0.000490
812	4	2	6	1	P999	4	-0.001328	-0.001328	0.000490	0.000490
813	4	4	8	0	P1	3	0.003603	0.003603	0.000349	0.000349
813	4	4	8	0	P50	4	-0.001601	-0.002134	-0.001112	-0.001645
813	4	4	8	0	P75	4	-0.000534	-0.001067	-0.000044	-0.000578
813	4	4	8	0	P90	4	-0.000000	-0.000000	0.000490	0.000490
813	4	4	8	0	P95	4	-0.000000	-0.000000	0.000490	0.000490
813	4	4	8	0	P99	4	-0.000000	-0.000000	0.000490	0.000490
813	4	4	8	0	P999	4	-0.000000	-0.000000	0.000490	0.000490
814	22	7	29	1	P1	1	-0.002794	-0.002794	0.000170	0.000170
814	22	7	29	1	P50	1	-0.000419	-0.000419	0.002552	0.002552
814	22	7	29	1	P75	1	0.000771	0.000771	0.003745	0.003745
814	22	7	29	1	P90	12	0.001195	0.001195	0.000091	0.000091
814	22	7	29	1	P95	12	0.001943	0.001943	0.000839	0.000839
814	22	7	29	1	P99	13	0.000407	0.000407	0.003036	0.003036
814	22	7	29	1	P999	13	0.000407	0.000407	0.003036	0.003036
815	7	7	14	1	P1	1	-0.002132	-0.002132	0.000748	0.000748
815	7	7	14	1	P50	55	0.001216	-0.963524	0.003507	-0.963559
815	7	7	14	1	P75	57	-0.000856	-0.000856	0.001426	0.001426
815	7	7	14	1	P90	58	0.000445	0.000445	0.002726	0.002726
815	7	7	14	1	P95	59	0.002045	0.002045	0.000580	0.000580
815	7	7	14	1	P99	59	0.002045	0.002045	0.000580	0.000580
815	7	7	14	1	P999	59	0.002045	0.002045	0.000580	0.000580
816	4	4	8	0	P1	3	0.001729	0.001729	-0.001519	-0.001519
816	4	4	8	0	P50	4	-0.001867	-0.002489	-0.001378	-0.002000
816	4	4	8	0	P75	4	-0.000623	-0.001245	-0.000133	-0.000756
816	4	4	8	0	P90	4	-0.000000	-0.000000	0.000490	0.000490
816	4	4	8	0	P95	4	-0.000000	-0.000000	0.000490	0.000490
816	4	4	8	0	P99	4	-0.000000	-0.000000	0.000490	0.000490
816	4	4	8	0	P999	4	-0.000000	-0.000000	0.000490	0.000490
817	4	4	8	1	P1	3	-0.000737	-0.000737	-0.002141	-0.002141
817	4	4	8	1	P50	4	-0.002997	-0.004239	-0.001751	-0.002497
817	4	4	8	1	P75	4	0.000114	-0.001754	-0.000258	-0.001005
817	4	4	8	1	P90	4	0.001986	0.001986	0.000490	0.000490
817	4	4	8	1	P95	4	0.001986	0.001986	0.000490	0.000490
817	4	4	8	1	P99	4	0.001986	0.001986	0.000490	0.000490
817	4	4	8	1	P999	4	0.001986	0.001986	0.000490	0.000490
818	71	4	75	1	P1	1	-0.003390	-0.003390	0.000053	0.000053
818	71	4	75	1	P50	1	-0.001419	-0.001419	0.002031	0.002031
818	71	4	75	1	P75	1	-0.000405	-0.000405	0.003048	0.003048
818	71	4	75	1	P90	1	0.000182	0.000182	0.003638	0.003638
818	71	4	75	1	P95	10	-0.001463	-0.001463	0.001871	0.001871
818	71	4	75	1	P99	13	-0.000289	-0.000289	0.003036	0.003036
818	71	4	75	1	P999	13	-0.000289	-0.000289	0.003036	0.003036
819	7	4	11	1	P1	1	-0.003030	-0.003030	0.000623	0.000623
819	7	4	11	1	P50	1	0.000081	0.000081	0.003745	0.003745
819	7	4	11	1	P75	52	-0.000081	-0.000081	0.003527	0.003527
819	7	4	11	1	P90	56	0.000572	0.000572	0.000434	0.000434
819	7	4	11	1	P95	57	0.001563	0.001563	0.001426	0.001426
819	7	4	11	1	P99	57	0.001563	0.001563	0.001426	0.001426
819	7	4	11	1	P999	57	0.001563	0.001563	0.001426	0.001426
820	4	4	8	1	P1	1	-0.001353	-0.001353	0.000935	0.000935
820	4	4	8	1	P50	3	0.002078	-0.666183	0.000349	-0.665418
820	4	4	8	1	P75	4	-0.002693	-0.003935	-0.000756	-0.002000
820	4	4	8	1	P90	4	-0.001449	-0.001449	0.000490	0.000490
820	4	4	8	1	P95	4	-0.001449	-0.001449	0.000490	0.000490
820	4	4	8	1	P99	4	-0.001449	-0.001449	0.000490	0.000490
820	4	4	8	1	P999	4	-0.001449	-0.001449	0.000490	0.000490
821	4	83	87	1	P1	1	-0.002241	-0.002241	0.000045	0.000045
821	4	83	87	1	P50	1	-0.000307	-0.000307	0.001984	0.001984
821	4	83	87	1	P75	1	0.000684	0.000684	0.002977	0.002977
821	4	83	87	1	P90	1	0.001271	0.001271	0.003564	0.003564
821	4	83	87	1	P95	1	0.001451	0.001451	0.003745	0.003745
821	4	83	87	1	P99	4	-0.001449	-0.001449	0.000490	0.000490
821	4	83	87	1	P999	4	-0.001449	-0.001449	0.000490	0.000490
822	9	14	23	1	P1	1	-0.002431	-0.002431	0.000534	0.000534
822	9	14	23	1	P50	2	0.001911	0.001911	0.001046	0.001046
822	9	14	23	1	P75	12	-0.000551	-0.000551	-0.001652	-0.001652
822	9	14	23	1	P90	13	-0.001462	-0.001462	0.001163	0.001163
822	9	14	23	1	P95	13	0.000407	0.000407	0.003036	0.003036
822	9	14	23	1	P99	14	0.001068	0.001068	0.003689	0.003689
822	9	14	23	1	P999	14	0.001068	0.001068	0.003689	0.003689
823	4	4	8	1	P1	1	-0.001268	-0.001268	0.001247	0.001247
823	4	4	8	1	P50	55	0.001841	-0.963509	0.003507	-0.963559
823	4	4	8	1	P75	57	-0.000230	-0.018746	0.001426	-0.017117
823	4	4	8	1	P90	58	0.001073	0.001073	0.002726	0.002726
823	4	4	8	1	P95	58	0.001073	0.001073	0.002726	0.002726
823	4	4	8	1	P99	58	0.001073	0.001073	0.002726	0.002726
823	4	4	8	1	P999	58	0.001073	0.001073	0.002726	0.002726
824	4	4	8	0	P1	3	0.001729	0.001729	-0.001519	-0.001519
824	4	4	8	0	P50	4	-0.001867	-0.002489	-0.001378	-0.002000
824	4	4	8	0	P75	4	-0.000623	-0.001245	-0.000133	-0.000756
824	4	4	8	0	P90	4	-0.000000	-0.000000	0.000490	0.000490
824	4	4	8	0	P95	4	-0.000000	-0.000000	0.000490	0.000490
824	4	4	8	0	P99	4	-0.000000	-0.000000	0.000490	0.000490
824	4	4	8	0	P999	4	-0.000000	-0.000000	0.000490	0.000490
825	8	2	10	1	P1	1	-0.002077	-0.002077	0.000467	0.000467
825	8	2	10	1	P50	1	0.000258	-0.000209	0.002807	0.002339
825	8	2	10	1	P75	1	0.001193	0.001193	0.003745	0.003745
825	8	2	10	1	P90	12	-0.001192	-0.083491	0.000839	-0.081611
825	8	2	10	1	P95	12	-0.001192	-0.001192	0.000839	0.000839
825	8	2	10	1	P99	12	-0.001192	-0.001192	0.000839	0.000839
825	8	2	10	1	P999	12	-0.001192	-0.001192	0.000839	0.000839
826	2	2	4	1	P1	1	-0.001493	-0.001493	0.001871	0.001871
826	2	2	4	1	P50	56	0.001073	-0.982136	0.000434	-0.982076
826	2	2	4	1	P75	58	-0.000375	-0.033447	0.002726	-0.034063
826	2	2	4	1	P90	58	-0.000375	-0.000375	0.002726	0.002726
826	2	2	4	1	P95	58	-0.000375	-0.000375	0.002726	0.002726
826	2	2	4	1	P99	58	-0.000375	-0.000375	0.002726	0.002726
826	2	2	4	1	P999	58	-0.000375	-0.000375	0.002726	0.002726
827	4	4	8	0	P1	3	0.003603	0.003603	0.000349	0.000349
827	4	4	8	0	P50	4	-0.001601	-0.002134	-0.001112	-0.001645
827	4	4	8	0	P75	4	-0.000534	-0.001067	-0.000044	-0.000578
827	4	4	8	0	P90	4	-0.000000	-0.000000	0.000490	0.000490
827	4	4	8	0	P95	4	-0.000000	-0.000000	0.000490	0.000490
827	4	4	8	0	P99	4	-0.000000	-0.000000	0.000490	0.000490
827	4	4	8	0	P999	4	-0.000000	-0.000000	0.000490	0.000490
828	30	3	33	1	P1	1	-0.003584	-0.003584	0.000125	0.000125
828	30	3	33	1	P50	1	-0.001596	-0.001596	0.002120	0.002120
828	30	3	33	1	P75	1	-0.000600	-0.000600	0.003120	0.003120
828	30	3	33	1	P90	1	0.000023	0.000023	0.003745	0.003745
828	30	3	33	1	P95	12	0.000871	0.000871	0.000839	0.000839
828	30	3	33	1	P99	14	-0.000023	-0.000023	0.003689	0.003689
828	30	3	33	1	P999	14	-0.000023	-0.000023	0.003689	0.003689
829	3	3	6	1	P1	1	-0.002401	-0.002401	0.001247	0.001247
829	3	3	6	1	P50	52	-0.000069	-0.980768	0.003527	-0.980697
829	3	3	6	1	P75	54	0.003315	0.003315	0.003165	0.003165
829	3	3	6	1	P90	55	-0.000088	-0.000088	0.003507	0.003507
829	3	3	6	1	P95	55	-0.000088	-0.000088	0.003507	0.003507
829	3	3	6	1	P99	55	-0.000088	-0.000088	0.003507	0.003507
829	3	3	6	1	P999	55	-0.000088	-0.000088	0.003507	0.003507
830	4	4	8	0	P1	3	-0.002986	-0.002986	-0.002638	-0.002638
830	4	4	8	0	P50	3	-0.000000	-0.000747	0.000349	-0.000399
830	4	4	8	0	P75	4	0.000141	-0.001726	0.000490	-0.001378
830	4	4	8	0	P90	5	0.001276	0.001276	0.001625	0.001625
830	4	4	8	0	P95	5	0.001276	0.001276	0.001625	0.001625
830	4	4	8	0	P99	5	0.001276	0.001276	0.001625	0.001625
830	4	4	8	0	P999	5	0.001276	0.001276	0.001625	0.001625
831	4	4	8	1	P1	1	-0.001353	-0.001353	0.000935	0.000935
831	4	4	8	1	P50	4	-0.004245	-0.749637	-0.002311	-0.749064
831	4	4	8	1	P75	4	-0.002382	-0.003314	-0.000445	-0.001378
831	4	4	8	1	P90	4	-0.001449	-0.001449	0.000490	0.000490
831	4	4	8	1	P95	4	-0.001449	-0.001449	0.000490	0.000490
831	4	4	8	1	P99	4	-0.001449	-0.001449	0.000490	0.000490
831	4	4	8	1	P999	4	-0.001449	-0.001449	0.000490	0.000490
832	77	5	82	1	P1	1	-0.002141	-0.002141	0.000049	0.000049
832	77	5	82	1	P50	1	-0.000152	-0.000201	0.002041	0.001992
832	77	5	82	1	P75	1	0.000819	0.000819	0.003014	0.003014
832	77	5	82	1	P90	1	0.001403	0.001403	0.003599	0.003599
832	77	5	82	1	P95	3	-0.003411	-0.003411	-0.001519	-0.001519
832	77	5	82	1	P99	4	-0.001328	-0.001328	0.000490	0.000490
832	77	5	82	1	P999	4	-0.001328	-0.001328	0.000490	0.000490
833	20	3	23	1	P1	1	-0.003247	-0.003247	0.000197	0.000197
833	20	3	23	1	P50	1	-0.001088	-0.001088	0.002364	0.002364
833	20	3	23	1	P75	1	0.000092	0.000092	0.003548	0.003548
833	20	3	23	1	P90	11	0.002289	0.002289	0.001879	0.001879
833	20	3	23	1	P95	12	0.001253	0.001253	0.000839	0.000839
833	20	3	23	1	P99	13	-0.000289	-0.000289	0.003036	0.003036
833	20	3	23	1	P999	13	-0.000289	-0.000289	0.003036	0.003036
834	3	3	6	1	P1	1	-0.001268	-0.001268	0.001247	0.001247
834	3	3	6	1	P50	52	0.001849	-0.980746	0.003527	-0.980697
834	3	3	6	1	P75	56	-0.003089	-0.003089	-0.001434	-0.001434
834	3	3	6	1	P90	56	-0.001223	-0.001223	0.000434	0.000434
834	3	3	6	1	P95	56	-0.001223	-0.001223	0.000434	0.000434
834	3	3	6	1	P99	56	-0.001223	-0.001223	0.000434	0.000434
834	3	3	6	1	P999	56	-0.001223	-0.001223	0.000434	0.000434
835	5	4	9	1	P1	1	-0.001875	-0.001875	0.000935	0.000935
835	5	4	9	1	P50	4	-0.001163	-0.001163	-0.002311	-0.002311
835	5	4	9	1	P75	4	0.000706	0.000706	-0.000445	-0.000445
835	5	4	9	1	P90	5	-0.000927	-0.000927	0.001625	0.001625
835	5	4	9	1	P95	5	-0.000927	-0.000927	0.001625	0.001625
835	5	4	9	1	P99	5	-0.000927	-0.000927	0.001625	0.001625
835	5	4	9	1	P999	5	-0.000927	-0.000927	0.001625	0.001625
836	5	13	18	1	P1	1	-0.001947	-0.001947	0.000340	0.000340
836	5	13	18	1	P50	1	0.001111	0.000770	0.003404	0.003063
836	5	13	18	1	P75	3	0.002078	0.002078	0.000349	0.000349
836	5	13	18	1	P90	4	-0.002382	-0.002382	-0.000445	-0.000445
836	5	13	18	1	P95	4	-0.001449	-0.001449	0.000490	0.000490
836	5	13	18	1	P99	4	-0.001449	-0.001449	0.000490	0.000490
836	5	13	18	1	P999	4	-0.001449	-0.001449	0.000490	0.000490
837	2	2	4	1	P1	13	0.003163	0.003163	0.003036	0.003036
837	2	2	4	1	P50	52	-0.000072	-0.730750	0.003527	-0.729776
837	2	2	4	1	P75	54	0.003311	-0.037107	0.003165	-0.033641
837	2	2	4	1	P90	54	0.003311	0.003311	0.003165	0.003165
837	2	2	4	1	P95	54	0.003311	0.003311	0.003165	0.003165
837	2	2	4	1	P99	54	0.003311	0.003311	0.003165	0.003165
837	2	2	4	1	P999	54	0.003311	0.003311	0.003165	0.003165
838	2	5	7	1	P1	1	-0.000322	-0.000322	0.001871	0.001871
838	2	5	7	1	P50	4	-0.004125	-0.004125	-0.002311	-0.002311
838	2	5	7	1	P75	4	-0.002261	-0.002261	-0.000445	-0.000445
838	2	5	7	1	P90	4	-0.001328	-0.001328	0.000490	0.000490
838	2	5	7	1	P95	4	-0.001328	-0.001328	0.000490	0.000490
838	2	5	7	1	P99	4	-0.001328	-0.001328	0.000490	0.000490
838	2	5	7	1	P999	4	-0.001328	-0.001328	0.000490	0.000490
839	5	7	12	1	P1	1	-0.001753	-0.001753	0.000534	0.000534
839	5	7	12	1	P50	1	0.001451	0.000916	0.003745	0.003209
839	5	7	12	1	P75	4	-0.002941	-0.003686	-0.001005	-0.001751
839	5	7	12	1	P90	4	-0.002195	-0.002195	-0.000258	-0.000258
839	5	7	12	1	P95	4	-0.001449	-0.001449	0.000490	0.000490
839	5	7	12	1	P99	4	-0.001449	-0.001449	0.000490	0.000490
839	5	7	12	1	P999	4	-0.001449	-0.001449	0.000490	0.000490
840	2	2	4	1	P1	11	0.002409	0.002409	0.001879	0.001879
840	2	2	4	1	P50	53	0.000332	-0.773270	0.003168	-0.773395
840	2	2	4	1	P75	57	-0.001388	-0.069866	0.001426	-0.067230
840	2	2	4	1	P90	57	-0.001388	-0.001388	0.001426	0.001426
840	2	2	4	1	P95	57	-0.001388	-0.001388	0.001426	0.001426
840	2	2	4	1	P99	57	-0.001388	-0.001388	0.001426	0.001426
840	2	2	4	1	P999	57	-0.001388	-0.001388	0.001426	0.001426
841	2	4	6	1	P1	2	-0.001103	-0.001103	0.000245	0.000245
841	2	4	6	1	P50	4	-0.002632	-0.003563	-0.001378	-0.002311
841	2	4	6	1	P75	4	-0.001699	-0.001699	-0.000445	-0.000445
841	2	4	6	1	P90	4	-0.000766	-0.000766	0.000490	0.000490
841	2	4	6	1	P95	4	-0.000766	-0.000766	0.000490	0.000490
841	2	4	6	1	P99	4	-0.000766	-0.000766	0.000490	0.000490
841	2	4	6	1	P999	4	-0.000766	-0.000766	0.000490	0.000490
842	4	18	22	1	P1	1	-0.002053	-0.002053	0.000234	0.000234
842	4	18	22	1	P50	1	0.000515	0.000282	0.002807	0.002573
842	4	18	22	1	P75	2	0.003746	0.003746	0.002116	0.002116
842	4	18	22	1	P90	4	-0.003314	-0.003314	-0.001378	-0.001378
842	4	18	22	1	P95	4	-0.002382	-0.002382	-0.000445	-0.000445
842	4	18	22	1	P99	4	-0.001449	-0.001449	0.000490	0.000490
842	4	18	22	1	P999	4	-0.001449	-0.001449	0.000490	0.000490
843	2	2	4	1	P1	11	0.000566	0.000566	0.001879	0.001879
843	2	2	4	1	P50	56	0.003026	-0.767454	0.000434	-0.767152
843	2	2	4	1	P75	59	-0.000566	-0.047975	0.000580	-0.050435
843	2	2	4	1	P90	59	-0.000566	-0.000566	0.000580	0.000580
843	2	2	4	1	P95	59	-0.000566	-0.000566	0.000580	0.000580
843	2	2	4	1	P99	59	-0.000566	-0.000566	0.000580	0.000580
843	2	2	4	1	P999	59	-0.000566	-0.000566	0.000580	0.000580
844	2	4	6	1	P1	1	-0.000941	-0.000941	0.001871	0.001871
844	2	4	6	1	P50	4	0.000395	-0.000851	-0.000756	-0.002000
844	2	4	6	1	P75	4	0.001642	0.001642	0.000490	0.000490
844	2	4	6	1	P90	5	-0.000927	-0.000927	0.001625	0.001625
844	2	4	6	1	P95	5	-0.000927	-0.000927	0.001625	0.001625
844	2	4	6	1	P99	5	-0.000927	-0.000927	0.001625	0.001625
844	2	4	6	1	P999	5	-0.000927	-0.000927	0.001625	0.001625
845	4	47	51	1	P1	1	-0.002205	-0.002205	0.000081	0.000081
845	4	47	51	1	P50	1	-0.000176	-0.000176	0.002115	0.002115
845	4	47	51	1	P75	1	0.000881	0.000881	0.003174	0.003174
845	4	47	51	1	P90	1	0.001451	0.001451	0.003745	0.003745
845	4	47	51	1	P95	3	0.002078	0.002078	0.000349	0.000349
845	4	47	51	1	P99	4	-0.001449	-0.001449	0.000490	0.000490
845	4	47	51	1	P999	4	-0.001449	-0.001449	0.000490	0.000490
846	5	5	10	1	P1	11	-0.001724	-0.001724	-0.000926	-0.000926
846	5	5	10	1	P50	54	-0.002943	-0.758714	0.001292	-0.758528
846	5	5	10	1	P75	57	-0.000935	-0.000935	-0.000444	-0.000444
846	5	5	10	1	P90	60	0.001984	-0.049112	0.002466	-0.048646
846	5	5	10	1	P95	60	0.001984	0.001984	0.002466	0.002466
846	5	5	10	1	P99	60	0.001984	0.001984	0.002466	0.002466
846	5	5	10	1	P999	60	0.001984	0.001984	0.002466	0.002466
847	5	4	9	1	P1	1	-0.000118	-0.000118	0.001247	0.001247
847	5	4	9	1	P50	2	0.000853	0.000853	0.002116	0.002116
847	5	4	9	1	P75	4	-0.003156	-0.003156	-0.002000	-0.002000
847	5	4	9	1	P90	4	-0.000669	-0.000669	0.000490	0.000490
847	5	4	9	1	P95	4	-0.000669	-0.000669	0.000490	0.000490
847	5	4	9	1	P99	4	-0.000669	-0.000669	0.000490	0.000490
847	5	4	9	1	P999	4	-0.000669	-0.000669	0.000490	0.000490
848	111	4	115	1	P1	1	-0.003376	-0.003376	0.000067	0.000067
848	111	4	115	1	P50	1	-0.001495	-0.001495	0.001955	0.001955
848	111	4	115	1	P75	1	-0.000519	-0.000519	0.002934	0.002934
848	111	4	115	1	P90	1	0.000053	0.000053	0.003508	0.003508
848	111	4	115	1	P95	1	0.000255	0.000255	0.003711	0.003711
848	111	4	115	1	P99	13	-0.000289	-0.000289	0.003036	0.003036
848	111	4	115	1	P999	14	0.000366	0.000366	0.003689	0.003689
849	2	4	6	1	P1	2	-0.001394	-0.001394	0.000245	0.000245
849	2	4	6	1	P50	54	0.001793	-0.016758	0.003165	-0.015410
849	2	4	6	1	P75	56	0.002810	0.002810	0.000434	0.000434
849	2	4	6	1	P90	61	-0.000474	-0.000474	0.000886	0.000886
849	2	4	6	1	P95	61	-0.000474	-0.000474	0.000886	0.000886
849	2	4	6	1	P99	61	-0.000474	-0.000474	0.000886	0.000886
849	2	4	6	1	P999	61	-0.000474	-0.000474	0.000886	0.000886
850	4	4	8	1	P1	1	-0.001353	-0.001353	0.000935	0.000935
850	4	4	8	1	P50	3	0.000206	-0.666183	-0.001519	-0.665418
850	4	4	8	1	P75	4	-0.003314	-0.248442	-0.001378	-0.249738
850	4	4	8	1	P90	4	-0.001449	-0.001449	0.000490	0.000490
850	4	4	8	1	P95	4	-0.001449	-0.001449	0.000490	0.000490
850	4	4	8	1	P99	4	-0.001449	-0.001449	0.000490	0.000490
850	4	4	8	1	P999	4	-0.001449	-0.001449	0.000490	0.000490
851	437	16	453	1	P1	1	-0.002500	-0.002500	0.000043	0.000043
851	437	16	453	1	P50	1	-0.000590	-0.000590	0.001957	0.001957
851	437	16	453	1	P75	1	0.000383	0.000383	0.002933	0.002933
851	437	16	453	1	P90	1	0.000969	0.000969	0.003520	0.003520
851	437	16	453	1	P95	1	0.001167	0.001167	0.003719	0.003719
851	437	16	453	1	P99	13	0.000082	0.000082	0.002099	0.002099
851	437	16	453	1	P999	15	-0.000012	-0.000012	0.001975	0.001975
852	9	16	25	1	P1	1	-0.003023	-0.003023	0.000623	0.000623
852	9	16	25	1	P50	53	0.003317	0.003317	0.003168	0.003168
852	9	16	25	1	P75	55	-0.000088	-0.000088	0.003507	0.003507
852	9	16	25	1	P90	57	-0.000295	-0.000295	-0.000444	-0.000444
852	9	16	25	1	P95	57	0.001575	0.001575	0.001426	0.001426
852	9	16	25	1	P99	60	0.002617	0.002617	0.002466	0.002466
852	9	16	25	1	P999	60	0.002617	0.002617	0.002466	0.002466
853	16	4	20	1	P1	1	-0.002038	-0.002038	0.000249	0.000249
853	16	4	20	1	P50	1	0.000453	0.000204	0.002745	0.002495
853	16	4	20	1	P75	2	0.003746	-0.499275	0.002116	-0.498128
853	16	4	20	1	P90	4	-0.002693	-0.003935	-0.000756	-0.002000
853	16	4	20	1	P95	4	-0.001449	-0.002693	0.000490	-0.000756
853	16	4	20	1	P99	4	-0.001449	-0.001449	0.000490	0.000490
853	16	4	20	1	P999	4	-0.001449	-0.001449	0.000490	0.000490
854	11	3	14	1	P1	1	-0.002625	-0.002625	0.000340	0.000340
854	11	3	14	1	P50	1	-0.000249	-0.000589	0.002722	0.002382
854	11	3	14	1	P75	1	0.000771	0.000771	0.003745	0.003745
854	11	3	14	1	P90	13	-0.001462	-0.001462	0.001163	0.001163
854	11	3	14	1	P95	13	0.000407	0.000407	0.003036	0.003036
854	11	3	14	1	P99	13	0.000407	0.000407	0.003036	0.003036
854	11	3	14	1	P999	13	0.000407	0.000407	0.003036	0.003036
855	3	3	6	1	P1	1	-0.001653	-0.001653	0.001871	0.001871
855	3	3	6	1	P50	54	-0.002081	-0.962876	0.001292	-0.962885
855	3	3	6	1	P75	54	-0.000215	-0.000215	0.003165	0.003165
855	3	3	6	1	P90	55	0.000127	0.000127	0.003507	0.003507
855	3	3	6	1	P95	55	0.000127	0.000127	0.003507	0.003507
855	3	3	6	1	P99	55	0.000127	0.000127	0.003507	0.003507
855	3	3	6	1	P999	55	0.000127	0.000127	0.003507	0.003507
856	4	13	17	1	P1	1	-0.001999	-0.001999	0.000288	0.000288
856	4	13	17	1	P50	1	0.000299	0.000299	0.002591	0.002591
856	4	13	17	1	P75	1	0.001451	0.001451	0.003745	0.003745
856	4	13	17	1	P90	4	-0.001449	-0.001449	0.000490	0.000490
856	4	13	17	1	P95	5	-0.000259	-0.000259	0.001625	0.001625
856	4	13	17	1	P99	5	-0.000259	-0.000259	0.001625	0.001625
856	4	13	17	1	P999	5	-0.000259	-0.000259	0.001625	0.001625
857	4	4	8	0	P1	3	0.003603	0.003603	0.000349	0.000349
857	4	4	8	0	P50	4	-0.001601	-0.002134	-0.001112	-0.001645
857	4	4	8	0	P75	4	-0.000534	-0.001067	-0.000044	-0.000578
857	4	4	8	0	P90	4	-0.000000	-0.000000	0.000490	0.000490
857	4	4	8	0	P95	4	-0.000000	-0.000000	0.000490	0.000490
857	4	4	8	0	P99	4	-0.000000	-0.000000	0.000490	0.000490
857	4	4	8	0	P999	4	-0.000000	-0.000000	0.000490	0.000490
858	18	5	23	1	P1	1	-0.002336	-0.002336	0.000208	0.000208
858	18	5	23	1	P50	1	-0.000054	-0.000054	0.002495	0.002495
858	18	5	23	1	P75	1	0.001193	0.001193	0.003745	0.003745
858	18	5	23	1	P90	11	-0.000172	-0.000172	0.001879	0.001879
858	18	5	23	1	P95	12	-0.001192	-0.001192	0.000839	0.000839
858	18	5	23	1	P99	13	0.001017	0.001017	0.003036	0.003036
858	18	5	23	1	P999	13	0.001017	0.001017	0.003036	0.003036
859	5	5	10	1	P1	1	-0.002772	-0.002772	0.000748	0.000748
859	5	5	10	1	P50	48	0.001689	-0.979162	0.001329	-0.979089
859	5	5	10	1	P75	54	-0.000215	-0.000215	0.003165	0.003165
859	5	5	10	1	P90	55	0.000127	-0.001741	0.003507	0.001633
859	5	5	10	1	P95	55	0.000127	0.000127	0.003507	0.003507
859	5	5	10	1	P99	55	0.000127	0.000127	0.003507	0.003507
859	5	5	10	1	P999	55	0.000127	0.000127	0.003507	0.003507
860	4	4	8	0	P1	3	0.000794	0.000794	-0.002452	-0.002452
860	4	4	8	0	P50	4	-0.002800	-0.247297	-0.002311	-0.249738
860	4	4	8	0	P75	4	-0.000934	-0.001867	-0.000445	-0.001378
860	4	4	8	0	P90	4	-0.000000	-0.000000	0.000490	0.000490
860	4	4	8	0	P95	4	-0.000000	-0.000000	0.000490	0.000490
860	4	4	8	0	P99	4	-0.000000	-0.000000	0.000490	0.000490
860	4	4	8	0	P999	4	-0.000000	-0.000000	0.000490	0.000490
861	112	13	125	1	P1	1	-0.003642	-0.003642	0.000067	0.000067
861	112	13	125	1	P50	1	-0.001611	-0.001611	0.002105	0.002105
861	112	13	125	1	P75	1	-0.000578	-0.000578	0.003142	0.003142
861	112	13	125	1	P90	10	0.000032	0.000032	0.003745	0.003745
861	112	13	125	1	P95	12	-0.000997	-0.000997	-0.001030	-0.001030
861	112	13	125	1	P99	14	-0.001890	-0.001890	0.001815	0.001815
861	112	13	125	1	P999	14	-0.000023	-0.000023	0.003689	0.003689
862	16	13	29	1	P1	1	-0.000563	-0.000563	0.000748	0.000748
862	16	13	29	1	P50	2	0.000573	0.000573	0.001776	0.001776
862	16	13	29	1	P75	56	-0.000239	-0.000239	0.000434	0.000434
862	16	13	29	1	P90	59	-0.000085	-0.000085	0.000580	0.000580
862	16	13	29	1	P95	62	0.002662	0.002662	0.003320	0.003320
862	16	13	29	1	P99	83	0.002563	0.002563	0.003174	0.003174
862	16	13	29	1	P999	83	0.002563	0.002563	0.003174	0.003174
863	13	4	17	1	P1	1	-0.000990	-0.000990	0.000374	0.000374
863	13	4	17	1	P50	1	0.002002	0.002002	0.003370	0.003370
863	13	4	17	1	P75	2	0.000853	0.000853	0.002116	0.002116
863	13	4	17	1	P90	4	-0.002535	-0.002535	-0.001378	-0.001378
863	13	4	17	1	P95	4	-0.000669	-0.000669	0.000490	0.000490
863	13	4	17	1	P99	4	-0.000669	-0.000669	0.000490	0.000490
863	13	4	17	1	P999	4	-0.000669	-0.000669	0.000490	0.000490
864	3	4	7	1	P1	1	-0.000945	-0.000945	0.001247	0.001247
864	3	4	7	1	P50	3	-0.001546	-0.001546	0.000349	0.000349
864	3	4	7	1	P75	4	-0.001328	-0.001328	0.000490	0.000490
864	3	4	7	1	P90	5	-0.000134	-0.000134	0.001625	0.001625
864	3	4	7	1	P95	5	-0.000134	-0.000134	0.001625	0.001625
864	3	4	7	1	P99	5	-0.000134	-0.000134	0.001625	0.001625
864	3	4	7	1	P999	5	-0.000134	-0.000134	0.001625	0.001625
865	704	2	706	1	P1	1	-0.003400	-0.003400	0.000043	0.000043
865	704	2	706	1	P50	1	-0.001527	-0.001533	0.001922	0.001917
865	704	2	706	1	P75	1	-0.000573	-0.000573	0.002879	0.002879
865	704	2	706	1	P90	1	0.000002	0.000002	0.003456	0.003456
865	704	2	706	1	P95	1	0.000191	0.000191	0.003647	0.003647
865	704	2	706	1	P99	2	0.001193	0.001193	0.000868	0.000868
865	704	2	706	1	P999	13	-0.000289	-0.000289	0.003036	0.003036
866	2	2	4	1	P1	2	-0.001601	-0.001601	0.000245	0.000245
866	2	2	4	1	P50	57	-0.000267	-0.964903	0.001426	-0.964838
866	2	2	4	1	P75	59	0.002632	-0.034156	0.000580	-0.032521
866	2	2	4	1	P90	59	0.002632	0.002632	0.000580	0.000580
866	2	2	4	1	P95	59	0.002632	0.002632	0.000580	0.000580
866	2	2	4	1	P99	59	0.002632	0.002632	0.000580	0.000580
866	2	2	4	1	P999	59	0.002632	0.002632	0.000580	0.000580
867	4	4	8	0	P1	3	0.001729	0.001729	-0.001519	-0.001519
867	4	4	8	0	P50	4	-0.001867	-0.002489	-0.001378	-0.002000
867	4	4	8	0	P75	4	-0.000623	-0.001245	-0.000133	-0.000756
867	4	4	8	0	P90	4	-0.000000	-0.000000	0.000490	0.000490
867	4	4	8	0	P95	4	-0.000000	-0.000000	0.000490	0.000490
867	4	4	8	0	P99	4	-0.000000	-0.000000	0.000490	0.000490
867	4	4	8	0	P999	4	-0.000000	-0.000000	0.000490	0.000490
868	37	3	40	1	P1	1	-0.002442	-0.002442	0.000101	0.000101
868	37	3	40	1	P50	1	-0.000424	-0.000525	0.002124	0.002023
868	37	3	40	1	P75	1	0.000586	0.000485	0.003137	0.003035
868	37	3	40	1	P90	1	0.001193	0.001092	0.003745	0.003644
868	37	3	40	1	P95	12	-0.001192	-0.003057	0.000839	-0.001030
868	37	3	40	1	P99	13	0.001017	0.001017	0.003036	0.003036
868	37	3	40	1	P999	13	0.001017	0.001017	0.003036	0.003036
869	13	3	16	1	P1	1	-0.000777	-0.000777	0.000534	0.000534
869	13	3	16	1	P50	2	-0.001578	-0.002200	-0.000378	-0.001001
869	13	3	16	1	P75	2	0.000913	0.000290	0.002116	0.001492
869	13	3	16	1	P90	55	-0.000912	-0.000912	0.003507	0.003507
869	13	3	16	1	P95	56	-0.000239	-0.000239	0.000434	0.000434
869	13	3	16	1	P99	56	-0.000239	-0.000239	0.000434	0.000434
869	13	3	16	1	P999	56	-0.000239	-0.000239	0.000434	0.000434
870	3	4	7	1	P1	1	-0.000945	-0.000945	0.001247	0.001247
870	3	4	7	1	P50	3	-0.004032	-0.004032	-0.002141	-0.002141
870	3	4	7	1	P75	3	-0.001546	-0.001546	0.000349	0.000349
870	3	4	7	1	P90	4	-0.001328	-0.001328	0.000490	0.000490
870	3	4	7	1	P95	4	-0.001328	-0.001328	0.000490	0.000490
870	3	4	7	1	P99	4	-0.001328	-0.001328	0.000490	0.000490
870	3	4	7	1	P999	4	-0.001328	-0.001328	0.000490	0.000490
871	4	212	216	1	P1	1	-0.002136	-0.002136	0.000053	0.000053
871	4	212	216	1	P50	1	-0.000251	-0.000269	0.001942	0.001924
871	4	212	216	1	P75	1	0.000711	0.000693	0.002906	0.002888
871	4	212	216	1	P90	1	0.001281	0.001281	0.003477	0.003477
871	4	212	216	1	P95	1	0.001477	0.001477	0.003673	0.003673
871	4	212	216	1	P99	3	-0.001546	-0.001546	0.000349	0.000349
871	4	212	216	1	P999	4	-0.001328	-0.001328	0.000490	0.000490
872	3	3	6	1	P1	11	0.000928	0.000928	0.001879	0.001879
872	3	3	6	1	P50	54	0.002470	-0.758751	0.003165	-0.758528
872	3	3	6	1	P75	55	-0.000927	-0.000927	0.003507	0.003507
872	3	3	6	1	P90	71	0.001688	0.001688	0.002338	0.002338
872	3	3	6	1	P95	71	0.001688	0.001688	0.002338	0.002338
872	3	3	6	1	P99	71	0.001688	0.001688	0.002338	0.002338
872	3	3	6	1	P999	71	0.001688	0.001688	0.002338	0.002338
873	3	4	7	1	P1	1	0.000505	0.000505	0.001871	0.001871
873	3	4	7	1	P50	3	-0.000852	-0.000852	0.000349	0.000349
873	3	4	7	1	P75	4	-0.001913	-0.001913	-0.000756	-0.000756
873	3	4	7	1	P90	4	-0.000669	-0.000669	0.000490	0.000490
873	3	4	7	1	P95	4	-0.000669	-0.000669	0.000490	0.000490
873	3	4	7	1	P99	4	-0.000669	-0.000669	0.000490	0.000490
873	3	4	7	1	P999	4	-0.000669	-0.000669	0.000490	0.000490
874	4	815	819	1	P1	1	-0.002244	-0.002244	0.000042	0.000042
874	4	815	819	1	P50	1	-0.000361	-0.000361	0.001930	0.001930
874	4	815	819	1	P75	1	0.000604	0.000604	0.002896	0.002896
874	4	815	819	1	P90	1	0.001183	0.001183	0.003476	0.003476
874	4	815	819	1	P95	1	0.001376	0.001376	0.003669	0.003669
874	4	815	819	1	P99	2	0.002996	0.002996	0.001367	0.001367
874	4	815	819	1	P999	4	-0.001449	-0.001449	0.000490	0.000490
875	5	5	10	1	P1	11	0.000139	0.000139	-0.000615	-0.000615
875	5	5	10	1	P50	53	0.000621	-0.773218	0.003168	-0.773395
875	5	5	10	1	P75	56	0.001648	0.001648	0.000434	0.000434
875	5	5	10	1	P90	61	-0.001616	-0.066599	0.000886	-0.064242
875	5	5	10	1	P95	61	-0.001616	-0.001616	0.000886	0.000886
875	5	5	10	1	P99	61	-0.001616	-0.001616	0.000886	0.000886
875	5	5	10	1	P999	61	-0.001616	-0.001616	0.000886	0.000886
876	5	4	9	1	P1	1	-0.000945	-0.000945	0.001247	0.001247
876	5	4	9	1	P50	2	0.003856	0.003856	0.002116	0.002116
876	5	4	9	1	P75	3	-0.001546	-0.001546	0.000349	0.000349
876	5	4	9	1	P90	4	-0.001328	-0.001328	0.000490	0.000490
876	5	4	9	1	P95	4	-0.001328	-0.001328	0.000490	0.000490
876	5	4	9	1	P99	4	-0.001328	-0.001328	0.000490	0.000490
876	5	4	9	1	P999	4	-0.001328	-0.001328	0.000490	0.000490
877	6	2	8	1	P1	1	-0.001921	-0.001921	0.000623	0.000623
877	6	2	8	1	P50	1	0.000570	-0.000054	0.003120	0.002495
877	6	2	8	1	P75	12	-0.003057	-0.916567	-0.001030	-0.916355
877	6	2	8	1	P90	12	-0.001192	-0.001192	0.000839	0.000839
877	6	2	8	1	P95	12	-0.001192	-0.001192	0.000839	0.000839
877	6	2	8	1	P99	12	-0.001192	-0.001192	0.000839	0.000839
877	6	2	8	1	P999	12	-0.001192	-0.001192	0.000839	0.000839
878	12	2	14	1	P1	1	-0.001007	-0.001007	0.000534	0.000534
878	12	2	14	1	P50	2	-0.002337	-0.498900	-0.000876	-0.498128
878	12	2	14	1	P75	2	-0.000096	-0.000096	0.001367	0.001367
878	12	2	14	1	P90	55	0.002416	0.002416	0.003507	0.003507
878	12	2	14	1	P95	56	-0.000651	-0.000651	0.000434	0.000434
878	12	2	14	1	P99	56	-0.000651	-0.000651	0.000434	0.000434
878	12	2	14	1	P999	56	-0.000651	-0.000651	0.000434	0.000434
879	2	4	6	1	P1	1	0.001451	0.001451	0.003745	0.003745
879	2	4	6	1	P50	4	-0.003935	-0.248442	-0.002000	-0.249738
879	2	4	6	1	P75	4	-0.002693	-0.002693	-0.000756	-0.000756
879	2	4	6	1	P90	4	-0.001449	-0.001449	0.000490	0.000490
879	2	4	6	1	P95	4	-0.001449	-0.001449	0.000490	0.000490
879	2	4	6	1	P99	4	-0.001449	-0.001449	0.000490	0.000490
879	2	4	6	1	P999	4	-0.001449	-0.001449	0.000490	0.000490
880	56	6	62	1	P1	1	-0.002895	-0.002895	0.000069	0.000069
880	56	6	62	1	P50	1	-0.000753	-0.000822	0.002218	0.002148
880	56	6	62	1	P75	1	0.000286	0.000286	0.003259	0.003259
880	56	6	62	1	P90	3	0.001267	0.001267	0.000349	0.000349
880	56	6	62	1	P95	12	0.000072	0.000072	-0.001030	-0.001030
880	56	6	62	1	P99	13	0.000407	0.000407	0.003036	0.003036
880	56	6	62	1	P999	13	0.000407	0.000407	0.003036	0.003036
881	4	6	10	1	P1	1	-0.002425	-0.002425	0.000935	0.000935
881	4	6	10	1	P50	54	0.000058	-0.036636	0.003165	-0.033641
881	4	6	10	1	P75	56	0.001073	0.001073	0.000434	0.000434
881	4	6	10	1	P90	58	-0.000375	-0.015211	0.002726	-0.015840
881	4	6	10	1	P95	58	-0.000375	-0.000375	0.002726	0.002726
881	4	6	10	1	P99	58	-0.000375	-0.000375	0.002726	0.002726
881	4	6	10	1	P999	58	-0.000375	-0.000375	0.002726	0.002726
882	6	4	10	1	P1	1	-0.001256	-0.001256	0.000935	0.000935
882	6	4	10	1	P50	2	0.003856	0.001981	0.002116	0.000245
882	6	4	10	1	P75	3	-0.001546	-0.001546	0.000349	0.000349
882	6	4	10	1	P90	4	-0.001328	-0.003193	0.000490	-0.001378
882	6	4	10	1	P95	4	-0.001328	-0.001328	0.000490	0.000490
882	6	4	10	1	P99	4	-0.001328	-0.001328	0.000490	0.000490
882	6	4	10	1	P999	4	-0.001328	-0.001328	0.000490	0.000490
883	9	4	13	1	P1	1	-0.001820	-0.001820	0.000467	0.000467
883	9	4	13	1	P50	1	0.000983	0.000983	0.003276	0.003276
883	9	4	13	1	P75	3	0.002078	0.002078	0.000349	0.000349
883	9	4	13	1	P90	4	-0.002693	-0.002693	-0.000756	-0.000756
883	9	4	13	1	P95	4	-0.001449	-0.001449	0.000490	0.000490
883	9	4	13	1	P99	4	-0.001449	-0.001449	0.000490	0.000490
883	9	4	13	1	P999	4	-0.001449	-0.001449	0.000490	0.000490
884	3	4	7	1	P1	1	-0.000945	-0.000945	0.001247	0.001247
884	3	4	7	1	P50	3	-0.003411	-0.003411	-0.001519	-0.001519
884	3	4	7	1	P75	4	-0.003193	-0.003193	-0.001378	-0.001378
884	3	4	7	1	P90	4	-0.001328	-0.001328	0.000490	0.000490
884	3	4	7	1	P95	4	-0.001328	-0.001328	0.000490	0.000490
884	3	4	7	1	P99	4	-0.001328	-0.001328	0.000490	0.000490
884	3	4	7	1	P999	4	-0.001328	-0.001328	0.000490	0.000490
885	736	4	740	1	P1	1	-0.002245	-0.002245	0.000041	0.000041
885	736	4	740	1	P50	1	-0.000370	-0.000376	0.001920	0.001915
885	736	4	740	1	P75	1	0.000586	0.000581	0.002879	0.002874
885	736	4	740	1	P90	1	0.001161	0.001156	0.003454	0.003449
885	736	4	740	1	P95	1	0.001353	0.001347	0.003646	0.003641
885	736	4	740	1	P99	2	0.002880	0.002880	0.001252	0.001252
885	736	4	740	1	P999	4	-0.001449	-0.001449	0.000490	0.000490
886	371	18	389	1	P1	1	-0.002502	-0.002502	0.000041	0.000041
886	371	18	389	1	P50	1	-0.000559	-0.000559	0.001988	0.001988
886	371	18	389	1	P75	1	0.000429	0.000429	0.002979	0.002979
886	371	18	389	1	P90	1	0.001030	0.001030	0.003581	0.003581
886	371	18	389	1	P95	2	0.003456	0.003456	0.002116	0.002116
886	371	18	389	1	P99	13	-0.001786	-0.001786	0.000228	0.000228
886	371	18	389	1	P999	13	0.001017	0.001017	0.003036	0.003036
887	29	7	36	1	P1	1	-0.003285	-0.003285	0.000234	0.000234
887	29	7	36	1	P50	2	-0.000522	-0.000809	-0.000761	-0.001048
887	29	7	36	1	P75	2	0.002068	0.001780	0.001828	0.001540
887	29	7	36	1	P90	56	-0.001071	-0.001071	-0.001434	-0.001434
887	29	7	36	1	P95	57	0.001790	0.001790	0.001426	0.001426
887	29	7	36	1	P99	58	0.003092	0.003092	0.002726	0.002726
887	29	7	36	1	P999	58	0.003092	0.003092	0.002726	0.002726
888	7	4	11	1	P1	1	-0.001567	-0.001567	0.000623	0.000623
888	7	4	11	1	P50	1	0.001549	0.001549	0.003745	0.003745
888	7	4	11	1	P75	3	-0.001546	-0.001546	0.000349	0.000349
888	7	4	11	1	P90	4	-0.003193	-0.003193	-0.001378	-0.001378
888	7	4	11	1	P95	4	-0.001328	-0.001328	0.000490	0.000490
888	7	4	11	1	P99	4	-0.001328	-0.001328	0.000490	0.000490
888	7	4	11	1	P999	4	-0.001328	-0.001328	0.000490	0.000490
889	4	4	8	0	P1	4	-0.003265	-0.003265	-0.002777	-0.002777
889	4	4	8	0	P50	4	-0.001401	-0.001867	-0.000911	-0.001378
889	4	4	8	0	P75	4	-0.000467	-0.000934	0.000023	-0.000445
889	4	4	8	0	P90	4	-0.000000	-0.000000	0.000490	0.000490
889	4	4	8	0	P95	4	-0.000000	-0.000000	0.000490	0.000490
889	4	4	8	0	P99	4	-0.000000	-0.000000	0.000490	0.000490
889	4	4	8	0	P999	4	-0.000000	-0.000000	0.000490	0.000490
890	4	4	8	1	P1	3	-0.000737	-0.000737	-0.002141	-0.002141
890	4	4	8	1	P50	4	-0.002997	-0.004239	-0.001751	-0.002497
890	4	4	8	1	P75	4	0.000114	-0.001754	-0.000258	-0.001005
890	4	4	8	1	P90	4	0.001986	0.001986	0.000490	0.000490
890	4	4	8	1	P95	4	0.001986	0.001986	0.000490	0.000490
890	4	4	8	1	P99	4	0.001986	0.001986	0.000490	0.000490
890	4	4	8	1	P999	4	0.001986	0.001986	0.000490	0.000490
891	4	29	33	1	P1	1	-0.002158	-0.002158	0.000129	0.000129
891	4	29	33	1	P50	1	-0.000097	-0.000097	0.002194	0.002194
891	4	29	33	1	P75	1	0.000935	0.000935	0.003228	0.003228
891	4	29	33	1	P90	4	-0.004245	-0.004245	-0.002311	-0.002311
891	4	29	33	1	P95	4	-0.002382	-0.002382	-0.000445	-0.000445
891	4	29	33	1	P99	4	-0.001449	-0.001449	0.000490	0.000490
891	4	29	33	1	P999	4	-0.001449	-0.001449	0.000490	0.000490
892	2	2	4	1	P1	1	-0.000677	-0.000677	0.001871	0.001871
892	2	2	4	1	P50	12	-0.003057	-0.916567	-0.001030	-0.916355
892	2	2	4	1	P75	12	-0.001192	-0.003057	0.000839	-0.001030
892	2	2	4	1	P90	12	-0.001192	-0.001192	0.000839	0.000839
892	2	2	4	1	P95	12	-0.001192	-0.001192	0.000839	0.000839
892	2	2	4	1	P99	12	-0.001192	-0.001192	0.000839	0.000839
892	2	2	4	1	P999	12	-0.001192	-0.001192	0.000839	0.000839
893	2	2	4	1	P1	1	-0.001780	-0.001780	0.001871	0.001871
893	2	2	4	1	P50	55	-0.000088	-0.981817	0.003507	-0.981750
893	2	2	4	1	P75	56	0.000584	-0.017943	0.000434	-0.014413
893	2	2	4	1	P90	56	0.000584	0.000584	0.000434	0.000434
893	2	2	4	1	P95	56	0.000584	0.000584	0.000434	0.000434
893	2	2	4	1	P99	56	0.000584	0.000584	0.000434	0.000434
893	2	2	4	1	P999	56	0.000584	0.000584	0.000434	0.000434
894	4	4	8	0	P1	3	-0.002800	-0.002800	-0.002452	-0.002452
894	4	4	8	0	P50	4	-0.002659	-0.250000	-0.002311	-0.249738
894	4	4	8	0	P75	4	-0.000793	-0.001726	-0.000445	-0.001378
894	4	4	8	0	P90	4	0.000141	0.000141	0.000490	0.000490
894	4	4	8	0	P95	4	0.000141	0.000141	0.000490	0.000490
894	4	4	8	0	P99	4	0.000141	0.000141	0.000490	0.000490
894	4	4	8	0	P999	4	0.000141	0.000141	0.000490	0.000490
895	593	4	597	1	P1	1	-0.002248	-0.002248	0.000038	0.000038
895	593	4	597	1	P50	1	-0.000391	-0.000391	0.001899	0.001899
895	593	4	597	1	P75	1	0.000555	0.000555	0.002847	0.002847
895	593	4	597	1	P90	1	0.001127	0.001127	0.003420	0.003420
895	593	4	597	1	P95	1	0.001317	0.001317	0.003611	0.003611
895	593	4	597	1	P99	2	0.002808	0.002808	0.001180	0.001180
895	593	4	597	1	P999	4	-0.001449	-0.001449	0.000490	0.000490
896	4	4	8	0	P1	3	0.003603	0.003603	0.000349	0.000349
896	4	4	8	0	P50	4	-0.001601	-0.002134	-0.001112	-0.001645
896	4	4	8	0	P75	4	-0.000534	-0.001067	-0.000044	-0.000578
896	4	4	8	0	P90	4	-0.000000	-0.000000	0.000490	0.000490
896	4	4	8	0	P95	4	-0.000000	-0.000000	0.000490	0.000490
896	4	4	8	0	P99	4	-0.000000	-0.000000	0.000490	0.000490
896	4	4	8	0	P999	4	-0.000000	-0.000000	0.000490	0.000490
897	4	4	8	0	P1	3	-0.002800	-0.002800	-0.002452	-0.002452
897	4	4	8	0	P50	4	-0.002659	-0.250000	-0.002311	-0.249738
897	4	4	8	0	P75	4	-0.000793	-0.001726	-0.000445	-0.001378
897	4	4	8	0	P90	4	0.000141	0.000141	0.000490	0.000490
897	4	4	8	0	P95	4	0.000141	0.000141	0.000490	0.000490
897	4	4	8	0	P99	4	0.000141	0.000141	0.000490	0.000490
897	4	4	8	0	P999	4	0.000141	0.000141	0.000490	0.000490
898	4	17	21	1	P1	1	-0.002067	-0.002067	0.000220	0.000220
898	4	17	21	1	P50	1	0.000130	0.000130	0.002422	0.002422
898	4	17	21	1	P75	1	0.001231	0.001231	0.003524	0.003524
898	4	17	21	1	P90	4	-0.003935	-0.003935	-0.002000	-0.002000
898	4	17	21	1	P95	4	-0.002693	-0.002693	-0.000756	-0.000756
898	4	17	21	1	P99	4	-0.001449	-0.001449	0.000490	0.000490
898	4	17	21	1	P999	4	-0.001449	-0.001449	0.000490	0.000490
899	7	4	11	1	P1	1	-0.001540	-0.001540	0.000748	0.000748
899	7	4	11	1	P50	2	0.001871	0.001871	0.000245	0.000245
899	7	4	11	1	P75	4	-0.003935	-0.003935	-0.002000	-0.002000
899	7	4	11	1	P90	4	-0.002693	-0.002693	-0.000756	-0.000756
899	7	4	11	1	P95	4	-0.001449	-0.001449	0.000490	0.000490
899	7	4	11	1	P99	4	-0.001449	-0.001449	0.000490	0.000490
899	7	4	11	1	P999	4	-0.001449	-0.001449	0.000490	0.000490
900	4	434	438	1	P1	1	-0.002243	-0.002243	0.000044	0.000044
900	4	434	438	1	P50	1	-0.000367	-0.000376	0.001923	0.001914
900	4	434	438	1	P75	1	0.000585	0.000585	0.002877	0.002877
900	4	434	438	1	P90	1	0.001162	0.001162	0.003456	0.003456
900	4	434	438	1	P95	1	0.001355	0.001355	0.003649	0.003649
900	4	434	438	1	P99	2	0.003746	0.003746	0.002116	0.002116
900	4	434	438	1	P999	5	-0.000259	-0.000259	0.001625	0.001625
901	6	18	24	1	P1	1	-0.003114	-0.003114	0.000312	0.000312
901	6	18	24	1	P50	2	-0.000656	-0.499846	-0.001001	-0.498128
901	6	18	24	1	P75	11	0.002316	-0.817734	0.001879	-0.817797
901	6	18	24	1	P90	13	-0.001507	-0.001507	0.001787	0.001787
901	6	18	24	1	P95	13	-0.000262	-0.000262	0.003036	0.003036
901	6	18	24	1	P99	24	-0.000308	-0.000308	0.002957	0.002957
901	6	18	24	1	P999	24	-0.000308	-0.000308	0.002957	0.002957
902	5	5	10	1	P1	1	-0.002425	-0.002425	0.000935	0.000935
902	5	5	10	1	P50	54	0.000058	-0.962869	0.003165	-0.962885
902	5	5	10	1	P75	56	0.001073	0.001073	0.000434	0.000434
902	5	5	10	1	P90	58	-0.000375	-0.015211	0.002726	-0.015840
902	5	5	10	1	P95	58	-0.000375	-0.000375	0.002726	0.002726
902	5	5	10	1	P99	58	-0.000375	-0.000375	0.002726	0.002726
902	5	5	10	1	P999	58	-0.000375	-0.000375	0.002726	0.002726
903	4	4	8	1	P1	3	-0.000114	-0.000114	-0.001519	-0.001519
903	4	4	8	1	P50	4	-0.002686	-0.003618	-0.001378	-0.002000
903	4	4	8	1	P75	4	0.000114	-0.001754	-0.000133	-0.000756
903	4	4	8	1	P90	4	0.001986	0.001986	0.000490	0.000490
903	4	4	8	1	P95	4	0.001986	0.001986	0.000490	0.000490
903	4	4	8	1	P99	4	0.001986	0.001986	0.000490	0.000490
903	4	4	8	1	P999	4	0.001986	0.001986	0.000490	0.000490
904	733	15	748	1	P1	1	-0.003402	-0.003402	0.000041	0.000041
904	733	15	748	1	P50	1	-0.001528	-0.001533	0.001922	0.001917
904	733	15	748	1	P75	1	-0.000571	-0.000576	0.002882	0.002877
904	733	15	748	1	P90	1	0.000002	0.000002	0.003457	0.003457
904	733	15	748	1	P95	1	0.000192	0.000192	0.003647	0.003647
904	733	15	748	1	P99	12	0.000184	0.000184	-0.000229	-0.000229
904	733	15	748	1	P999	14	0.000366	0.000366	0.003689	0.003689
905	30	6	36	1	P1	1	-0.003270	-0.003270	0.000249	0.000249
905	30	6	36	1	P50	2	-0.000388	-0.000637	-0.000627	-0.000876
905	30	6	36	1	P75	2	0.001857	0.001607	0.001617	0.001367
905	30	6	36	1	P90	56	0.000798	0.000798	0.000434	0.000434
905	30	6	36	1	P95	57	0.001790	0.001790	0.001426	0.001426
905	30	6	36	1	P99	61	0.001253	0.001253	0.000886	0.000886
905	30	6	36	1	P999	61	0.001253	0.001253	0.000886	0.000886
906	6	4	10	1	P1	1	-0.001443	-0.001443	0.000748	0.000748
906	6	4	10	1	P50	2	0.003856	-0.499226	0.002116	-0.498128
906	6	4	10	1	P75	3	-0.001546	-0.001546	0.000349	0.000349
906	6	4	10	1	P90	4	-0.001328	-0.003193	0.000490	-0.001378
906	6	4	10	1	P95	4	-0.001328	-0.001328	0.000490	0.000490
906	6	4	10	1	P99	4	-0.001328	-0.001328	0.000490	0.000490
906	6	4	10	1	P999	4	-0.001328	-0.001328	0.000490	0.000490
907	4	4	8	1	P1	3	-0.000737	-0.000737	-0.002141	-0.002141
907	4	4	8	1	P50	4	-0.003618	-0.004549	-0.001751	-0.002497
907	4	4	8	1	P75	4	-0.001754	-0.002686	-0.000258	-0.001005
907	4	4	8	1	P90	4	0.001986	0.001986	0.000490	0.000490
907	4	4	8	1	P95	4	0.001986	0.001986	0.000490	0.000490
907	4	4	8	1	P99	4	0.001986	0.001986	0.000490	0.000490
907	4	4	8	1	P999	4	0.001986	0.001986	0.000490	0.000490
908	4	4	8	1	P1	3	-0.000114	-0.000114	-0.001519	-0.001519
908	4	4	8	1	P50	4	-0.001754	-0.002997	-0.001005	-0.001751
908	4	4	8	1	P75	4	0.001986	0.000114	0.000490	-0.000258
908	4	4	8	1	P90	5	-0.000552	-0.000552	0.001625	0.001625
908	4	4	8	1	P95	5	-0.000552	-0.000552	0.001625	0.001625
908	4	4	8	1	P99	5	-0.000552	-0.000552	0.001625	0.001625
908	4	4	8	1	P999	5	-0.000552	-0.000552	0.001625	0.001625
909	4	25	29	1	P1	1	-0.002040	-0.002040	0.000150	0.000150
909	4	25	29	1	P50	1	0.000052	0.000052	0.002245	0.002245
909	4	25	29	1	P75	1	0.001099	0.001099	0.003295	0.003295
909	4	25	29	1	P90	3	-0.002790	-0.002790	-0.000897	-0.000897
909	4	25	29	1	P95	3	-0.001546	-0.001546	0.000349	0.000349
909	4	25	29	1	P99	4	-0.001328	-0.001328	0.000490	0.000490
909	4	25	29	1	P999	4	-0.001328	-0.001328	0.000490	0.000490
910	7	8	15	1	P1	1	-0.002698	-0.002698	0.000748	0.000748
910	7	8	15	1	P50	2	0.002441	0.002441	0.002116	0.002116
910	7	8	15	1	P75	12	0.001253	0.001253	0.000839	0.000839
910	7	8	15	1	P90	13	-0.001534	-0.001534	0.001787	0.001787
910	7	8	15	1	P95	13	-0.000289	-0.000289	0.003036	0.003036
910	7	8	15	1	P99	13	-0.000289	-0.000289	0.003036	0.003036
910	7	8	15	1	P999	13	-0.000289	-0.000289	0.003036	0.003036
911	4	4	8	1	P1	1	-0.001946	-0.001946	0.000935	0.000935
911	4	4	8	1	P50	53	0.000872	-0.981116	0.003168	-0.981061
911	4	4	8	1	P75	57	-0.002722	-0.015686	-0.000444	-0.017117
911	4	4	8	1	P90	57	-0.000856	-0.000856	0.001426	0.001426
911	4	4	8	1	P95	57	-0.000856	-0.000856	0.001426	0.001426
911	4	4	8	1	P99	57	-0.000856	-0.000856	0.001426	0.001426
911	4	4	8	1	P999	57	-0.000856	-0.000856	0.001426	0.001426
912	4	4	8	1	P1	3	-0.001049	-0.001049	-0.002452	-0.002452
912	4	4	8	1	P50	4	-0.004239	-0.248682	-0.002311	-0.249738
912	4	4	8	1	P75	4	-0.001754	-0.002997	-0.000445	-0.001378
912	4	4	8	1	P90	4	0.001986	0.001986	0.000490	0.000490
912	4	4	8	1	P95	4	0.001986	0.001986	0.000490	0.000490
912	4	4	8	1	P99	4	0.001986	0.001986	0.000490	0.000490
912	4	4	8	1	P999	4	0.001986	0.001986	0.000490	0.000490
913	4	4	8	1	P1	3	-0.000114	-0.000114	-0.001519	-0.001519
913	4	4	8	1	P50	4	-0.001754	-0.002997	-0.001005	-0.001751
913	4	4	8	1	P75	4	0.001986	0.000114	0.000490	-0.000258
913	4	4	8	1	P90	5	-0.000552	-0.000552	0.001625	0.001625
913	4	4	8	1	P95	5	-0.000552	-0.000552	0.001625	0.001625
913	4	4	8	1	P99	5	-0.000552	-0.000552	0.001625	0.001625
913	4	4	8	1	P999	5	-0.000552	-0.000552	0.001625	0.001625
914	9	7	16	0	P1	1	-0.003498	-0.003498	0.000234	0.000234
914	9	7	16	0	P50	1	-0.001634	-0.001867	0.002105	0.001871
914	9	7	16	0	P75	1	-0.000701	-0.000934	0.003042	0.002807
914	9	7	16	0	P90	1	-0.000234	-0.000234	0.003510	0.003510
914	9	7	16	0	P95	1	-0.000000	-0.000000	0.003745	0.003745
914	9	7	16	0	P99	1	-0.000000	-0.000000	0.003745	0.003745
914	9	7	16	0	P999	1	-0.000000	-0.000000	0.003745	0.003745
915	4	4	8	0	P1	3	-0.002489	-0.002489	-0.002141	-0.002141
915	4	4	8	0	P50	4	-0.001726	-0.002659	-0.001378	-0.002311
915	4	4	8	0	P75	4	0.000141	-0.000793	0.000490	-0.000445
915	4	4	8	0	P90	5	0.001276	0.001276	0.001625	0.001625
915	4	4	8	0	P95	5	0.001276	0.001276	0.001625	0.001625
915	4	4	8	0	P99	5	0.001276	0.001276	0.001625	0.001625
915	4	4	8	0	P999	5	0.001276	0.001276	0.001625	0.001625
916	4	7	11	0	P1	1	-0.003199	-0.003199	0.000534	0.000534
916	4	7	11	0	P50	1	-0.000534	-0.000534	0.003209	0.003209
916	4	7	11	0	P75	2	0.000245	0.000245	0.000245	0.000245
916	4	7	11	0	P90	2	0.001180	0.001180	0.001180	0.001180
916	4	7	11	0	P95	2	0.002116	0.002116	0.002116	0.002116
916	4	7	11	0	P99	2	0.002116	0.002116	0.002116	0.002116
916	4	7	11	0	P999	2	0.002116	0.002116	0.002116	0.002116
917	4	4	8	1	P1	3	-0.000737	-0.000737	-0.002141	-0.002141
917	4	4	8	1	P50	4	-0.002997	-0.004239	-0.001751	-0.002497
917	4	4	8	1	P75	4	0.000114	-0.001754	-0.000258	-0.001005
917	4	4	8	1	P90	4	0.001986	0.001986	0.000490	0.000490
917	4	4	8	1	P95	4	0.001986	0.001986	0.000490	0.000490
917	4	4	8	1	P99	4	0.001986	0.001986	0.000490	0.000490
917	4	4	8	1	P999	4	0.001986	0.001986	0.000490	0.000490
918	23	2	25	1	P1	1	-0.002381	-0.002381	0.000163	0.000163
918	23	2	25	1	P50	1	-0.000433	-0.000433	0.002115	0.002115
918	23	2	25	1	P75	1	0.000543	0.000543	0.003093	0.003093
918	23	2	25	1	P90	1	0.001193	0.001193	0.003745	0.003745
918	23	2	25	1	P95	11	-0.000172	-0.000172	0.001879	0.001879
918	23	2	25	1	P99	12	-0.001192	-0.001192	0.000839	0.000839
918	23	2	25	1	P999	12	-0.001192	-0.001192	0.000839	0.000839
919	8	2	10	1	P1	1	-0.002132	-0.002132	0.000748	0.000748
919	8	2	10	1	P50	2	0.000581	-0.499572	-0.000378	-0.498128
919	8	2	10	1	P75	2	0.003078	0.003078	0.002116	0.002116
919	8	2	10	1	P90	57	-0.000856	-0.086599	0.001426	-0.084502
919	8	2	10	1	P95	57	-0.000856	-0.000856	0.001426	0.001426
919	8	2	10	1	P99	57	-0.000856	-0.000856	0.001426	0.001426
919	8	2	10	1	P999	57	-0.000856	-0.000856	0.001426	0.001426
920	2	4	6	1	P1	1	-0.000419	-0.000419	0.001871	0.001871
920	2	4	6	1	P50	4	-0.003935	-0.248442	-0.002000	-0.249738
920	2	4	6	1	P75	4	-0.002693	-0.002693	-0.000756	-0.000756
920	2	4	6	1	P90	4	-0.001449	-0.001449	0.000490	0.000490
920	2	4	6	1	P95	4	-0.001449	-0.001449	0.000490	0.000490
920	2	4	6	1	P99	4	-0.001449	-0.001449	0.000490	0.000490
920	2	4	6	1	P999	4	-0.001449	-0.001449	0.000490	0.000490
921	4	5	9	1	P1	1	-0.001443	-0.001443	0.000748	0.000748
921	4	5	9	1	P50	1	0.001549	0.001549	0.003745	0.003745
921	4	5	9	1	P75	4	-0.003814	-0.003814	-0.002000	-0.002000
921	4	5	9	1	P90	4	-0.001328	-0.001328	0.000490	0.000490
921	4	5	9	1	P95	4	-0.001328	-0.001328	0.000490	0.000490
921	4	5	9	1	P99	4	-0.001328	-0.001328	0.000490	0.000490
921	4	5	9	1	P999	4	-0.001328	-0.001328	0.000490	0.000490
922	4	4	8	0	P1	3	0.001729	0.001729	-0.001519	-0.001519
922	4	4	8	0	P50	4	-0.001867	-0.002489	-0.001378	-0.002000
922	4	4	8	0	P75	4	-0.000623	-0.001245	-0.000133	-0.000756
922	4	4	8	0	P90	4	-0.000000	-0.000000	0.000490	0.000490
922	4	4	8	0	P95	4	-0.000000	-0.000000	0.000490	0.000490
922	4	4	8	0	P99	4	-0.000000	-0.000000	0.000490	0.000490
922	4	4	8	0	P999	4	-0.000000	-0.000000	0.000490	0.000490
923	28	5	33	1	P1	1	-0.002229	-0.002229	0.000134	0.000134
923	28	5	33	1	P50	1	-0.000095	-0.000095	0.002272	0.002272
923	28	5	33	1	P75	1	0.000974	0.000974	0.003343	0.003343
923	28	5	33	1	P90	11	0.000085	0.000085	0.001879	0.001879
923	28	5	33	1	P95	13	0.001280	0.001280	0.003036	0.003036
923	28	5	33	1	P99	22	-0.001373	-0.001373	0.000253	0.000253
923	28	5	33	1	P999	22	-0.001373	-0.001373	0.000253	0.000253
924	10	4	14	1	P1	1	-0.001664	-0.001664	0.000623	0.000623
924	10	4	14	1	P50	2	0.001871	0.000935	0.000245	-0.000689
924	10	4	14	1	P75	3	0.002078	0.002078	0.000349	0.000349
924	10	4	14	1	P90	4	-0.002693	-0.002693	-0.000756	-0.000756
924	10	4	14	1	P95	4	-0.001449	-0.001449	0.000490	0.000490
924	10	4	14	1	P99	4	-0.001449	-0.001449	0.000490	0.000490
924	10	4	14	1	P999	4	-0.001449	-0.001449	0.000490	0.000490
925	4	20	24	1	P1	1	-0.002090	-0.002090	0.000197	0.000197
925	4	20	24	1	P50	1	0.000269	0.000072	0.002561	0.002364
925	4	20	24	1	P75	1	0.001451	0.001254	0.003745	0.003548
925	4	20	24	1	P90	4	-0.003314	-0.003314	-0.001378	-0.001378
925	4	20	24	1	P95	4	-0.002382	-0.002382	-0.000445	-0.000445
925	4	20	24	1	P99	4	-0.001449	-0.001449	0.000490	0.000490
925	4	20	24	1	P999	4	-0.001449	-0.001449	0.000490	0.000490
926	4	3	7	1	P1	11	0.001215	0.001215	0.001879	0.001879
926	4	3	7	1	P50	13	0.002376	0.002376	0.003036	0.003036
926	4	3	7	1	P75	55	0.002892	0.002892	0.003507	0.003507
926	4	3	7	1	P90	56	-0.000178	-0.000178	0.000434	0.000434
926	4	3	7	1	P95	56	-0.000178	-0.000178	0.000434	0.000434
926	4	3	7	1	P99	56	-0.000178	-0.000178	0.000434	0.000434
926	4	3	7	1	P999	56	-0.000178	-0.000178	0.000434	0.000434
927	3	2	5	1	P1	1	0.002301	0.002301	0.003745	0.003745
927	3	2	5	1	P50	2	0.000766	0.000766	0.002116	0.002116
927	3	2	5	1	P75	4	-0.002632	-0.002632	-0.001378	-0.001378
927	3	2	5	1	P90	4	-0.000766	-0.000766	0.000490	0.000490
927	3	2	5	1	P95	4	-0.000766	-0.000766	0.000490	0.000490
927	3	2	5	1	P99	4	-0.000766	-0.000766	0.000490	0.000490
927	3	2	5	1	P999	4	-0.000766	-0.000766	0.000490	0.000490
928	2	4	6	0	P1	3	0.003603	0.003603	0.000349	0.000349
928	2	4	6	0	P50	4	-0.000934	-0.001867	-0.000445	-0.001378
928	2	4	6	0	P75	4	-0.000000	-0.000000	0.000490	0.000490
928	2	4	6	0	P90	5	0.001135	0.001135	0.001625	0.001625
928	2	4	6	0	P95	5	0.001135	0.001135	0.001625	0.001625
928	2	4	6	0	P99	5	0.001135	0.001135	0.001625	0.001625
928	2	4	6	0	P999	5	0.001135	0.001135	0.001625	0.001625
929	5	42	47	1	P1	1	-0.002198	-0.002198	0.000089	0.000089
929	5	42	47	1	P50	1	-0.000152	-0.000152	0.002138	0.002138
929	5	42	47	1	P75	1	0.000916	0.000916	0.003209	0.003209
929	5	42	47	1	P90	3	0.002078	0.002078	0.000349	0.000349
929	5	42	47	1	P95	4	-0.003314	-0.003314	-0.001378	-0.001378
929	5	42	47	1	P99	4	-0.001449	-0.001449	0.000490	0.000490
929	5	42	47	1	P999	4	-0.001449	-0.001449	0.000490	0.000490
930	5	3	8	1	P1	1	0.001193	0.001193	0.003745	0.003745
930	5	3	8	1	P50	12	-0.003678	-0.083491	-0.001652	-0.081611
930	5	3	8	1	P75	12	-0.001192	-0.002436	0.000839	-0.000407
930	5	3	8	1	P90	13	0.001017	0.001017	0.003036	0.003036
930	5	3	8	1	P95	13	0.001017	0.001017	0.003036	0.003036
930	5	3	8	1	P99	13	0.001017	0.001017	0.003036	0.003036
930	5	3	8	1	P999	13	0.001017	0.001017	0.003036	0.003036
931	5	5	10	1	P1	1	-0.002898	-0.002898	0.000748	0.000748
931	5	5	10	1	P50	52	-0.000069	-0.980768	0.003527	-0.980697
931	5	5	10	1	P75	53	0.003317	0.003317	0.003168	0.003168
931	5	5	10	1	P90	60	0.002617	-0.083414	0.002466	-0.080119
931	5	5	10	1	P95	60	0.002617	0.002617	0.002466	0.002466
931	5	5	10	1	P99	60	0.002617	0.002617	0.002466	0.002466
931	5	5	10	1	P999	60	0.002617	0.002617	0.002466	0.002466
932	5	5	10	1	P1	1	-0.001540	-0.001540	0.000748	0.000748
932	5	5	10	1	P50	3	0.000206	-0.666183	-0.001519	-0.665418
932	5	5	10	1	P75	4	-0.003935	-0.003935	-0.002000	-0.002000
932	5	5	10	1	P90	4	-0.001449	-0.002693	0.000490	-0.000756
932	5	5	10	1	P95	4	-0.001449	-0.001449	0.000490	0.000490
932	5	5	10	1	P99	4	-0.001449	-0.001449	0.000490	0.000490
932	5	5	10	1	P999	4	-0.001449	-0.001449	0.000490	0.000490
933	5	50	55	1	P1	1	-0.002111	-0.002111	0.000078	0.000078
933	5	50	55	1	P50	1	-0.000011	-0.000011	0.002183	0.002183
933	5	50	55	1	P75	1	0.001081	0.001081	0.003276	0.003276
933	5	50	55	1	P90	2	0.003856	0.003856	0.002116	0.002116
933	5	50	55	1	P95	4	-0.003193	-0.003193	-0.001378	-0.001378
933	5	50	55	1	P99	4	-0.001328	-0.001328	0.000490	0.000490
933	5	50	55	1	P999	4	-0.001328	-0.001328	0.000490	0.000490
934	16	19	35	1	P1	1	-0.001772	-0.001772	0.000249	0.000249
934	16	19	35	1	P50	2	-0.000831	-0.000831	0.001180	0.001180
934	16	19	35	1	P75	12	0.001103	0.001103	-0.000656	-0.000656
934	16	19	35	1	P90	13	-0.000441	-0.000441	0.001537	0.001537
934	16	19	35	1	P95	13	0.001055	0.001055	0.003036	0.003036
934	16	19	35	1	P99	17	0.001930	0.001930	0.000162	0.000162
934	16	19	35	1	P999	17	0.001930	0.001930	0.000162	0.000162
935	12	12	24	1	P1	1	-0.002097	-0.002097	0.000415	0.000415
935	12	12	24	1	P50	53	0.001494	-0.962132	0.003168	-0.962184
935	12	12	24	1	P75	56	-0.001223	-0.003089	0.000434	-0.001434
935	12	12	24	1	P90	58	-0.000797	-0.000797	0.000854	0.000854
935	12	12	24	1	P95	58	0.001073	0.001073	0.002726	0.002726
935	12	12	24	1	P99	62	0.001680	0.001680	0.003320	0.003320
935	12	12	24	1	P999	62	0.001680	0.001680	0.003320	0.003320
936	5	20	25	1	P1	1	-0.002090	-0.002090	0.000197	0.000197
936	5	20	25	1	P50	1	0.000269	0.000269	0.002561	0.002561
936	5	20	25	1	P75	1	0.001451	0.001451	0.003745	0.003745
936	5	20	25	1	P90	4	-0.002693	-0.002693	-0.000756	-0.000756
936	5	20	25	1	P95	4	-0.001449	-0.001449	0.000490	0.000490
936	5	20	25	1	P99	5	-0.000259	-0.000259	0.001625	0.001625
936	5	20	25	1	P999	5	-0.000259	-0.000259	0.001625	0.001625
937	3	9	12	1	P1	1	-0.001797	-0.001797	0.000748	0.000748
937	3	9	12	1	P50	2	0.001582	0.000647	0.000245	-0.000689
937	3	9	12	1	P75	12	-0.003678	-0.832757	-0.001652	-0.832981
937	3	9	12	1	P90	12	-0.002436	-0.002436	-0.000407	-0.000407
937	3	9	12	1	P95	12	-0.001192	-0.001192	0.000839	0.000839
937	3	9	12	1	P99	12	-0.001192	-0.001192	0.000839	0.000839
937	3	9	12	1	P999	12	-0.001192	-0.001192	0.000839	0.000839
938	3	3	6	1	P1	1	-0.001493	-0.001493	0.001871	0.001871
938	3	3	6	1	P50	55	0.000400	-0.963544	0.003507	-0.963559
938	3	3	6	1	P75	58	-0.002242	-0.002242	0.000854	0.000854
938	3	3	6	1	P90	58	-0.000375	-0.000375	0.002726	0.002726
938	3	3	6	1	P95	58	-0.000375	-0.000375	0.002726	0.002726
938	3	3	6	1	P99	58	-0.000375	-0.000375	0.002726	0.002726
938	3	3	6	1	P999	58	-0.000375	-0.000375	0.002726	0.002726
939	7	47	54	1	P1	1	-0.002110	-0.002110	0.000080	0.000080
939	7	47	54	1	P50	1	0.000036	-0.000044	0.002229	0.002150
939	7	47	54	1	P75	1	0.001071	0.001071	0.003266	0.003266
939	7	47	54	1	P90	3	-0.002790	-0.002790	-0.000897	-0.000897
939	7	47	54	1	P95	4	-0.003193	-0.003193	-0.001378	-0.001378
939	7	47	54	1	P99	4	-0.001328	-0.001328	0.000490	0.000490
939	7	47	54	1	P999	4	-0.001328	-0.001328	0.000490	0.000490
940	12	15	27	1	P1	1	-0.001488	-0.001488	0.000534	0.000534
940	12	15	27	1	P50	2	-0.000364	-0.000364	0.001648	0.001648
940	12	15	27	1	P75	12	0.000997	0.000997	-0.000763	-0.000763
940	12	15	27	1	P90	13	-0.001437	-0.001437	0.000539	0.000539
940	12	15	27	1	P95	13	-0.000192	-0.000192	0.001787	0.001787
940	12	15	27	1	P99	13	0.001055	0.001055	0.003036	0.003036
940	12	15	27	1	P999	13	0.001055	0.001055	0.003036	0.003036
941	10	10	20	1	P1	1	-0.001255	-0.001255	0.000623	0.000623
941	10	10	20	1	P50	50	-0.000074	-0.959989	0.001625	-0.959915
941	10	10	20	1	P75	56	0.002483	0.000611	0.000434	-0.001434
941	10	10	20	1	P90	58	0.001032	-0.017504	0.002726	-0.015840
941	10	10	20	1	P95	59	0.002632	-0.015934	0.000580	-0.014269
941	10	10	20	1	P99	59	0.002632	0.002632	0.000580	0.000580
941	10	10	20	1	P999	59	0.002632	0.002632	0.000580	0.000580
942	6	6	12	1	P1	3	-0.000114	-0.000114	-0.001519	-0.001519
942	6	6	12	1	P50	4	-0.001754	-0.002500	-0.001378	-0.001751
942	6	6	12	1	P75	4	0.000488	-0.000259	-0.000258	-0.000631
942	6	6	12	1	P90	4	0.001237	0.001237	0.000116	0.000116
942	6	6	12	1	P95	4	0.001986	0.001986	0.000490	0.000490
942	6	6	12	1	P99	4	0.001986	0.001986	0.000490	0.000490
942	6	6	12	1	P999	4	0.001986	0.001986	0.000490	0.000490
943	6	15	21	1	P1	1	-0.001940	-0.001940	0.000249	0.000249
943	6	15	21	1	P50	1	0.000550	0.000550	0.002745	0.002745
943	6	15	21	1	P75	3	-0.004342	-0.004342	-0.002452	-0.002452
943	6	15	21	1	P90	3	-0.001546	-0.001546	0.000349	0.000349
943	6	15	21	1	P95	4	-0.003193	-0.003193	-0.001378	-0.001378
943	6	15	21	1	P99	4	-0.001328	-0.001328	0.000490	0.000490
943	6	15	21	1	P999	4	-0.001328	-0.001328	0.000490	0.000490
944	2	2	4	1	P1	1	0.002695	0.002695	0.003745	0.003745
944	2	2	4	1	P50	12	0.000316	-0.833131	0.000839	-0.832981
944	2	2	4	1	P75	13	-0.001213	-0.076632	0.003036	-0.076149
944	2	2	4	1	P90	13	-0.001213	-0.001213	0.003036	0.003036
944	2	2	4	1	P95	13	-0.001213	-0.001213	0.003036	0.003036
944	2	2	4	1	P99	13	-0.001213	-0.001213	0.003036	0.003036
944	2	2	4	1	P999	13	-0.001213	-0.001213	0.003036	0.003036
945	2	2	4	1	P1	2	-0.001601	-0.001601	0.000245	0.000245
945	2	2	4	1	P50	54	0.001467	-0.962953	0.003165	-0.962885
945	2	2	4	1	P75	57	-0.000267	-0.051241	0.001426	-0.049633
945	2	2	4	1	P90	57	-0.000267	-0.000267	0.001426	0.001426
945	2	2	4	1	P95	57	-0.000267	-0.000267	0.001426	0.001426
945	2	2	4	1	P99	57	-0.000267	-0.000267	0.001426	0.001426
945	2	2	4	1	P999	57	-0.000267	-0.000267	0.001426	0.001426
946	5	3	8	1	P1	1	-0.000945	-0.000945	0.001247	0.001247
946	5	3	8	1	P50	4	-0.004125	-0.251160	-0.002311	-0.249738
946	5	3	8	1	P75	4	-0.002261	-0.003193	-0.000445	-0.001378
946	5	3	8	1	P90	4	-0.001328	-0.001328	0.000490	0.000490
946	5	3	8	1	P95	4	-0.001328	-0.001328	0.000490	0.000490
946	5	3	8	1	P99	4	-0.001328	-0.001328	0.000490	0.000490
946	5	3	8	1	P999	4	-0.001328	-0.001328	0.000490	0.000490
947	5	5	10	1	P1	3	-0.001810	-0.001810	-0.002638	-0.002638
947	5	5	10	1	P50	4	-0.001424	-0.249115	-0.002311	-0.249738
947	5	5	10	1	P75	4	0.000445	0.000445	-0.000445	-0.000445
947	5	5	10	1	P90	5	-0.001179	-0.198896	0.001625	-0.199608
947	5	5	10	1	P95	5	-0.001179	-0.001179	0.001625	0.001625
947	5	5	10	1	P99	5	-0.001179	-0.001179	0.001625	0.001625
947	5	5	10	1	P999	5	-0.001179	-0.001179	0.001625	0.001625
948	5	4	9	0	P1	3	0.000794	0.000794	-0.002452	-0.002452
948	5	4	9	0	P50	4	-0.002986	-0.002986	-0.002497	-0.002497
948	5	4	9	0	P75	4	-0.001494	-0.001494	-0.001005	-0.001005
948	5	4	9	0	P90	4	-0.000000	-0.000000	0.000490	0.000490
948	5	4	9	0	P95	4	-0.000000	-0.000000	0.000490	0.000490
948	5	4	9	0	P99	4	-0.000000	-0.000000	0.000490	0.000490
948	5	4	9	0	P999	4	-0.000000	-0.000000	0.000490	0.000490
949	4	8	12	1	P1	1	-0.001723	-0.001723	0.000467	0.000467
949	4	8	12	1	P50	1	0.001081	0.000613	0.003276	0.002807
949	4	8	12	1	P75	4	-0.003814	-0.251160	-0.002000	-0.249738
949	4	8	12	1	P90	4	-0.002572	-0.002572	-0.000756	-0.000756
949	4	8	12	1	P95	4	-0.001328	-0.001328	0.000490	0.000490
949	4	8	12	1	P99	4	-0.001328	-0.001328	0.000490	0.000490
949	4	8	12	1	P999	4	-0.001328	-0.001328	0.000490	0.000490
950	3	9	12	1	P1	1	-0.001797	-0.001797	0.000748	0.000748
950	3	9	12	1	P50	2	0.001582	0.000647	0.000245	-0.000689
950	3	9	12	1	P75	11	-0.000172	-0.817553	0.001879	-0.817797
950	3	9	12	1	P90	12	-0.001192	-0.001192	0.000839	0.000839
950	3	9	12	1	P95	13	0.001017	0.001017	0.003036	0.003036
950	3	9	12	1	P99	13	0.001017	0.001017	0.003036	0.003036
950	3	9	12	1	P999	13	0.001017	0.001017	0.003036	0.003036
951	2	2	4	1	P1	1	-0.001780	-0.001780	0.001871	0.001871
951	2	2	4	1	P50	55	-0.001955	-0.981817	0.001633	-0.981750
951	2	2	4	1	P75	55	-0.000088	-0.001955	0.003507	0.001633
951	2	2	4	1	P90	55	-0.000088	-0.000088	0.003507	0.003507
951	2	2	4	1	P95	55	-0.000088	-0.000088	0.003507	0.003507
951	2	2	4	1	P99	55	-0.000088	-0.000088	0.003507	0.003507
951	2	2	4	1	P999	55	-0.000088	-0.000088	0.003507	0.003507
952	4	4	8	1	P1	3	-0.000114	-0.000114	-0.001519	-0.001519
952	4	4	8	1	P50	4	-0.002686	-0.003618	-0.001378	-0.002000
952	4	4	8	1	P75	4	0.000114	-0.001754	-0.000133	-0.000756
952	4	4	8	1	P90	4	0.001986	0.001986	0.000490	0.000490
952	4	4	8	1	P95	4	0.001986	0.001986	0.000490	0.000490
952	4	4	8	1	P99	4	0.001986	0.001986	0.000490	0.000490
952	4	4	8	1	P999	4	0.001986	0.001986	0.000490	0.000490
953	8	2	10	0	P1	1	-0.003265	-0.003265	0.000467	0.000467
953	8	2	10	0	P50	1	-0.000934	-0.001401	0.002807	0.002339
953	8	2	10	0	P75	1	-0.000000	-0.000000	0.003745	0.003745
953	8	2	10	0	P90	2	0.002116	0.000245	0.002116	0.000245
953	8	2	10	0	P95	2	0.002116	0.002116	0.002116	0.002116
953	8	2	10	0	P99	2	0.002116	0.002116	0.002116	0.002116
953	8	2	10	0	P999	2	0.002116	0.002116	0.002116	0.002116
954	4	4	8	0	P1	3	-0.002489	-0.002489	-0.002141	-0.002141
954	4	4	8	0	P50	4	-0.002100	-0.002845	-0.001751	-0.002497
954	4	4	8	0	P75	4	-0.000606	-0.001353	-0.000258	-0.001005
954	4	4	8	0	P90	4	0.000141	0.000141	0.000490	0.000490
954	4	4	8	0	P95	4	0.000141	0.000141	0.000490	0.000490
954	4	4	8	0	P99	4	0.000141	0.000141	0.000490	0.000490
954	4	4	8	0	P999	4	0.000141	0.000141	0.000490	0.000490
955	114	9	123	1	P1	1	-0.002478	-0.002478	0.000066	0.000066
955	114	9	123	1	P50	1	-0.000513	-0.000513	0.002035	0.002035
955	114	9	123	1	P75	1	0.000504	0.000504	0.003054	0.003054
955	114	9	123	1	P90	1	0.001095	0.001095	0.003646	0.003646
955	114	9	123	1	P95	12	-0.003057	-0.003057	-0.001030	-0.001030
955	114	9	123	1	P99	15	-0.001879	-0.001879	0.000104	0.000104
955	114	9	123	1	P999	15	-0.000012	-0.000012	0.001975	0.001975
956	4	8	12	1	P1	1	0.000328	0.000328	0.001871	0.001871
956	4	8	12	1	P50	55	0.002416	0.001168	0.003507	0.002257
956	4	8	12	1	P75	59	-0.002988	-0.051466	-0.001910	-0.050435
956	4	8	12	1	P90	59	-0.001744	-0.001744	-0.000666	-0.000666
956	4	8	12	1	P95	59	-0.000500	-0.000500	0.000580	0.000580
956	4	8	12	1	P99	59	-0.000500	-0.000500	0.000580	0.000580
956	4	8	12	1	P999	59	-0.000500	-0.000500	0.000580	0.000580
957	8	4	12	1	P1	1	-0.001567	-0.001567	0.000623	0.000623
957	8	4	12	1	P50	2	0.001981	-0.499226	0.000245	-0.498128
957	8	4	12	1	P75	4	-0.003814	-0.251160	-0.002000	-0.249738
957	8	4	12	1	P90	4	-0.002572	-0.002572	-0.000756	-0.000756
957	8	4	12	1	P95	4	-0.001328	-0.001328	0.000490	0.000490
957	8	4	12	1	P99	4	-0.001328	-0.001328	0.000490	0.000490
957	8	4	12	1	P999	4	-0.001328	-0.001328	0.000490	0.000490
958	70	5	75	1	P1	1	-0.003389	-0.003389	0.000054	0.000054
958	70	5	75	1	P50	1	-0.001389	-0.001389	0.002061	0.002061
958	70	5	75	1	P75	1	-0.000361	-0.000361	0.003093	0.003093
958	70	5	75	1	P90	1	0.000235	0.000235	0.003691	0.003691
958	70	5	75	1	P95	12	0.000006	0.000006	-0.000407	-0.000407
958	70	5	75	1	P99	13	-0.000289	-0.000289	0.003036	0.003036
958	70	5	75	1	P999	13	-0.000289	-0.000289	0.003036	0.003036
959	5	5	10	1	P1	1	0.000676	0.000676	0.001871	0.001871
959	5	5	10	1	P50	53	-0.002912	-0.962225	0.001294	-0.962184
959	5	5	10	1	P75	55	-0.000701	-0.000701	0.003507	0.003507
959	5	5	10	1	P90	59	0.000128	-0.050873	0.000580	-0.050435
959	5	5	10	1	P95	59	0.000128	0.000128	0.000580	0.000580
959	5	5	10	1	P99	59	0.000128	0.000128	0.000580	0.000580
959	5	5	10	1	P999	59	0.000128	0.000128	0.000580	0.000580
960	4	37	41	1	P1	1	-0.002186	-0.002186	0.000101	0.000101
960	4	37	41	1	P50	1	-0.000167	-0.000167	0.002124	0.002124
960	4	37	41	1	P75	1	0.000844	0.000844	0.003137	0.003137
960	4	37	41	1	P90	1	0.001451	0.001451	0.003745	0.003745
960	4	37	41	1	P95	4	-0.003314	-0.003314	-0.001378	-0.001378
960	4	37	41	1	P99	4	-0.001449	-0.001449	0.000490	0.000490
960	4	37	41	1	P999	4	-0.001449	-0.001449	0.000490	0.000490
961	7	7	14	1	P1	11	0.001557	0.001557	0.001879	0.001879
961	7	7	14	1	P50	52	-0.000348	-0.692091	0.003527	-0.692006
961	7	7	14	1	P75	55	-0.000361	-0.000361	0.003507	0.003507
961	7	7	14	1	P90	57	0.001306	0.001306	0.001426	0.001426
961	7	7	14	1	P95	59	0.000464	0.000464	0.000580	0.000580
961	7	7	14	1	P99	59	0.000464	0.000464	0.000580	0.000580
961	7	7	14	1	P999	59	0.000464	0.000464	0.000580	0.000580
962	7	3	10	1	P1	1	-0.000506	-0.000506	0.000935	0.000935
962	7	3	10	1	P50	2	-0.000480	-0.001725	0.000868	-0.000378
962	7	3	10	1	P75	4	-0.003253	-0.003253	-0.002000	-0.002000
962	7	3	10	1	P90	4	-0.000766	-0.002010	0.000490	-0.000756
962	7	3	10	1	P95	4	-0.000766	-0.000766	0.000490	0.000490
962	7	3	10	1	P99	4	-0.000766	-0.000766	0.000490	0.000490
962	7	3	10	1	P999	4	-0.000766	-0.000766	0.000490	0.000490
963	3	35	38	1	P1	1	-0.002180	-0.002180	0.000107	0.000107
963	3	35	38	1	P50	1	-0.000152	-0.000259	0.002138	0.002031
963	3	35	38	1	P75	1	0.000809	0.000809	0.003102	0.003102
963	3	35	38	1	P90	1	0.001451	0.001451	0.003745	0.003745
963	3	35	38	1	P95	4	-0.002693	-0.002693	-0.000756	-0.000756
963	3	35	38	1	P99	4	-0.001449	-0.001449	0.000490	0.000490
963	3	35	38	1	P999	4	-0.001449	-0.001449	0.000490	0.000490
964	8	8	16	1	P1	11	-0.000791	-0.000791	0.000008	0.000008
964	8	8	16	1	P50	54	-0.001078	-0.758714	0.003165	-0.758528
964	8	8	16	1	P75	56	-0.000059	-0.001305	0.000434	-0.000811
964	8	8	16	1	P90	57	0.000935	0.000935	0.001426	0.001426
964	8	8	16	1	P95	81	0.000971	0.000971	0.001396	0.001396
964	8	8	16	1	P99	81	0.000971	0.000971	0.001396	0.001396
964	8	8	16	1	P999	81	0.000971	0.000971	0.001396	0.001396
965	8	3	11	1	P1	1	-0.001664	-0.001664	0.000623	0.000623
965	8	3	11	1	P50	1	0.001451	0.001451	0.003745	0.003745
965	8	3	11	1	P75	4	-0.003935	-0.003935	-0.002000	-0.002000
965	8	3	11	1	P90	4	-0.002693	-0.002693	-0.000756	-0.000756
965	8	3	11	1	P95	4	-0.001449	-0.001449	0.000490	0.000490
965	8	3	11	1	P99	4	-0.001449	-0.001449	0.000490	0.000490
965	8	3	11	1	P999	4	-0.001449	-0.001449	0.000490	0.000490
966	11	3	14	1	P1	1	-0.001947	-0.001947	0.000340	0.000340
966	11	3	14	1	P50	1	0.000430	0.000090	0.002722	0.002382
966	11	3	14	1	P75	1	0.001451	0.001451	0.003745	0.003745
966	11	3	14	1	P90	4	-0.002693	-0.002693	-0.000756	-0.000756
966	11	3	14	1	P95	4	-0.001449	-0.001449	0.000490	0.000490
966	11	3	14	1	P99	4	-0.001449	-0.001449	0.000490	0.000490
966	11	3	14	1	P999	4	-0.001449	-0.001449	0.000490	0.000490
967	65	9	74	1	P1	1	-0.003651	-0.003651	0.000058	0.000058
967	65	9	74	1	P50	1	-0.001529	-0.001586	0.002188	0.002130
967	65	9	74	1	P75	1	-0.000495	-0.000495	0.003226	0.003226
967	65	9	74	1	P90	12	-0.002117	-0.002117	-0.002149	-0.002149
967	65	9	74	1	P95	12	0.000871	0.000871	0.000839	0.000839
967	65	9	74	1	P99	14	-0.000023	-0.000023	0.003689	0.003689
967	65	9	74	1	P999	14	-0.000023	-0.000023	0.003689	0.003689
968	6	9	15	1	P1	1	-0.002772	-0.002772	0.000748	0.000748
968	6	9	15	1	P50	54	-0.001460	-0.001460	0.001916	0.001916
968	6	9	15	1	P75	55	0.000127	0.000127	0.003507	0.003507
968	6	9	15	1	P90	59	0.000947	0.000947	0.000580	0.000580
968	6	9	15	1	P95	76	0.001943	0.001943	0.001567	0.001567
968	6	9	15	1	P99	76	0.001943	0.001943	0.001567	0.001567
968	6	9	15	1	P999	76	0.001943	0.001943	0.001567	0.001567
969	9	4	13	1	P1	1	-0.001753	-0.001753	0.000534	0.000534
969	9	4	13	1	P50	1	0.001451	0.001451	0.003745	0.003745
969	9	4	13	1	P75	3	0.002078	0.002078	0.000349	0.000349
969	9	4	13	1	P90	4	-0.002693	-0.002693	-0.000756	-0.000756
969	9	4	13	1	P95	4	-0.001449	-0.001449	0.000490	0.000490
969	9	4	13	1	P99	4	-0.001449	-0.001449	0.000490	0.000490
969	9	4	13	1	P999	4	-0.001449	-0.001449	0.000490	0.000490
970	4	12	16	1	P1	1	-0.001975	-0.001975	0.000312	0.000312
970	4	12	16	1	P50	1	0.000515	0.000204	0.002807	0.002495
970	4	12	16	1	P75	4	-0.004245	-0.749637	-0.002311	-0.749064
970	4	12	16	1	P90	4	-0.002382	-0.002382	-0.000445	-0.000445
970	4	12	16	1	P95	4	-0.001449	-0.001449	0.000490	0.000490
970	4	12	16	1	P99	4	-0.001449	-0.001449	0.000490	0.000490
970	4	12	16	1	P999	4	-0.001449	-0.001449	0.000490	0.000490
971	2	6	8	1	P1	1	-0.000383	-0.000383	0.001247	0.001247
971	2	6	8	1	P50	2	-0.000694	-0.001939	0.000868	-0.000378
971	2	6	8	1	P75	12	-0.002418	-0.833241	-0.001030	-0.832981
971	2	6	8	1	P90	12	-0.000552	-0.000552	0.000839	0.000839
971	2	6	8	1	P95	12	-0.000552	-0.000552	0.000839	0.000839
971	2	6	8	1	P99	12	-0.000552	-0.000552	0.000839	0.000839
971	2	6	8	1	P999	12	-0.000552	-0.000552	0.000839	0.000839
972	2	2	4	1	P1	1	0.001225	0.001225	0.003745	0.003745
972	2	2	4	1	P50	52	0.001849	-0.961404	0.003527	-0.961457
972	2	2	4	1	P75	56	-0.001223	-0.069712	0.000434	-0.068153
972	2	2	4	1	P90	56	-0.001223	-0.001223	0.000434	0.000434
972	2	2	4	1	P95	56	-0.001223	-0.001223	0.000434	0.000434
972	2	2	4	1	P99	56	-0.001223	-0.001223	0.000434	0.000434
972	2	2	4	1	P999	56	-0.001223	-0.001223	0.000434	0.000434
973	4	4	8	0	P1	4	-0.003199	-0.003199	-0.002710	-0.002710
973	4	4	8	0	P50	4	-0.001067	-0.001601	-0.000578	-0.001112
973	4	4	8	0	P75	4	-0.000000	-0.000534	0.000490	-0.000044
973	4	4	8	0	P90	5	0.001135	0.001135	0.001625	0.001625
973	4	4	8	0	P95	5	0.001135	0.001135	0.001625	0.001625
973	4	4	8	0	P99	5	0.001135	0.001135	0.001625	0.001625
973	4	4	8	0	P999	5	0.001135	0.001135	0.001625	0.001625
974	46	3	49	1	P1	1	-0.003362	-0.003362	0.000081	0.000081
974	46	3	49	1	P50	1	-0.001416	-0.001416	0.002034	0.002034
974	46	3	49	1	P75	1	-0.000442	-0.000442	0.003011	0.003011
974	46	3	49	1	P90	1	0.000208	0.000208	0.003663	0.003663
974	46	3	49	1	P95	11	0.002289	0.002289	0.001879	0.001879
974	46	3	49	1	P99	14	0.000366	0.000366	0.003689	0.003689
974	46	3	49	1	P999	14	0.000366	0.000366	0.003689	0.003689
975	12	3	15	1	P1	1	-0.002345	-0.002345	0.000534	0.000534
975	12	3	15	1	P50	2	0.000083	0.000083	-0.000876	-0.000876
975	12	3	15	1	P75	2	0.003078	0.003078	0.002116	0.002116
975	12	3	15	1	P90	57	-0.002722	-0.002722	-0.000444	-0.000444
975	12	3	15	1	P95	57	-0.000856	-0.000856	0.001426	0.001426
975	12	3	15	1	P99	57	-0.000856	-0.000856	0.001426	0.001426
975	12	3	15	1	P999	57	-0.000856	-0.000856	0.001426	0.001426
976	3	4	7	1	P1	1	-0.000322	-0.000322	0.001871	0.001871
976	3	4	7	1	P50	3	-0.001546	-0.001546	0.000349	0.000349
976	3	4	7	1	P75	4	-0.002572	-0.002572	-0.000756	-0.000756
976	3	4	7	1	P90	4	-0.001328	-0.001328	0.000490	0.000490
976	3	4	7	1	P95	4	-0.001328	-0.001328	0.000490	0.000490
976	3	4	7	1	P99	4	-0.001328	-0.001328	0.000490	0.000490
976	3	4	7	1	P999	4	-0.001328	-0.001328	0.000490	0.000490
977	4	4	8	1	P1	1	-0.001256	-0.001256	0.000935	0.000935
977	4	4	8	1	P50	3	-0.003411	-0.666150	-0.001519	-0.665418
977	4	4	8	1	P75	4	-0.003193	-0.251160	-0.001378	-0.249738
977	4	4	8	1	P90	4	-0.001328	-0.001328	0.000490	0.000490
977	4	4	8	1	P95	4	-0.001328	-0.001328	0.000490	0.000490
977	4	4	8	1	P99	4	-0.001328	-0.001328	0.000490	0.000490
977	4	4	8	1	P999	4	-0.001328	-0.001328	0.000490	0.000490
978	115	8	123	1	P1	1	-0.003644	-0.003644	0.000065	0.000065
978	115	8	123	1	P50	1	-0.001699	-0.001699	0.002017	0.002017
978	115	8	123	1	P75	1	-0.000692	-0.000692	0.003027	0.003027
978	115	8	123	1	P90	1	-0.000107	-0.000107	0.003614	0.003614
978	115	8	123	1	P95	12	-0.000375	-0.000375	-0.000407	-0.000407
978	115	8	123	1	P99	14	-0.000023	-0.000023	0.003689	0.003689
978	115	8	123	1	P999	17	0.000196	0.000196	0.000162	0.000162
979	3	8	11	1	P1	1	0.002693	0.002693	0.003745	0.003745
979	3	8	11	1	P50	55	-0.000443	-0.000443	0.003507	0.003507
979	3	8	11	1	P75	58	-0.003075	-0.003075	0.000854	0.000854
979	3	8	11	1	P90	58	-0.001210	-0.001210	0.002726	0.002726
979	3	8	11	1	P95	60	0.002278	0.002278	0.002466	0.002466
979	3	8	11	1	P99	60	0.002278	0.002278	0.002466	0.002466
979	3	8	11	1	P999	60	0.002278	0.002278	0.002466	0.002466
980	8	3	11	1	P1	1	-0.001256	-0.001256	0.000935	0.000935
980	8	3	11	1	P50	2	0.001981	0.001981	0.000245	0.000245
980	8	3	11	1	P75	3	-0.003411	-0.003411	-0.001519	-0.001519
980	8	3	11	1	P90	3	-0.001546	-0.001546	0.000349	0.000349
980	8	3	11	1	P95	4	-0.001328	-0.001328	0.000490	0.000490
980	8	3	11	1	P99	4	-0.001328	-0.001328	0.000490	0.000490
980	8	3	11	1	P999	4	-0.001328	-0.001328	0.000490	0.000490
981	14	5	19	1	P1	1	-0.003177	-0.003177	0.000267	0.000267
981	14	5	19	1	P50	1	-0.000779	-0.000779	0.002674	0.002674
981	14	5	19	1	P75	12	-0.000616	-0.000616	-0.001030	-0.001030
981	14	5	19	1	P90	13	-0.000289	-0.000289	0.003036	0.003036
981	14	5	19	1	P95	14	0.000366	0.000366	0.003689	0.003689
981	14	5	19	1	P99	14	0.000366	0.000366	0.003689	0.003689
981	14	5	19	1	P999	14	0.000366	0.000366	0.003689	0.003689
982	5	5	10	1	P1	1	-0.000633	-0.000633	0.001247	0.001247
982	5	5	10	1	P50	55	0.001809	-0.963627	0.003507	-0.963559
982	5	5	10	1	P75	57	-0.000267	-0.000267	0.001426	0.001426
982	5	5	10	1	P90	266	0.003143	-0.763021	0.001021	-0.762621
982	5	5	10	1	P95	266	0.003143	0.003143	0.001021	0.001021
982	5	5	10	1	P99	266	0.003143	0.003143	0.001021	0.001021
982	5	5	10	1	P999	266	0.003143	0.003143	0.001021	0.001021
983	3	3	6	1	P1	3	-0.000737	-0.000737	-0.002141	-0.002141
983	3	3	6	1	P50	4	-0.004239	-0.248682	-0.002000	-0.249738
983	3	3	6	1	P75	4	-0.002997	-0.002997	-0.000756	-0.000756
983	3	3	6	1	P90	4	-0.001754	-0.001754	0.000490	0.000490
983	3	3	6	1	P95	4	-0.001754	-0.001754	0.000490	0.000490
983	3	3	6	1	P99	4	-0.001754	-0.001754	0.000490	0.000490
983	3	3	6	1	P999	4	-0.001754	-0.001754	0.000490	0.000490
984	3	3	6	1	P1	3	-0.000737	-0.000737	-0.002141	-0.002141
984	3	3	6	1	P50	4	-0.003618	-0.248682	-0.001378	-0.249738
984	3	3	6	1	P75	4	-0.001754	-0.001754	0.000490	0.000490
984	3	3	6	1	P90	5	-0.000552	-0.000552	0.001625	0.001625
984	3	3	6	1	P95	5	-0.000552	-0.000552	0.001625	0.001625
984	3	3	6	1	P99	5	-0.000552	-0.000552	0.001625	0.001625
984	3	3	6	1	P999	5	-0.000552	-0.000552	0.001625	0.001625
985	4	4	8	0	P1	4	-0.003265	-0.003265	-0.002777	-0.002777
985	4	4	8	0	P50	4	-0.001401	-0.001867	-0.000911	-0.001378
985	4	4	8	0	P75	4	-0.000467	-0.000934	0.000023	-0.000445
985	4	4	8	0	P90	4	-0.000000	-0.000000	0.000490	0.000490
985	4	4	8	0	P95	4	-0.000000	-0.000000	0.000490	0.000490
985	4	4	8	0	P99	4	-0.000000	-0.000000	0.000490	0.000490
985	4	4	8	0	P999	4	-0.000000	-0.000000	0.000490	0.000490
986	4	188	192	1	P1	1	-0.002247	-0.002247	0.000040	0.000040
986	4	188	192	1	P50	1	-0.000350	-0.000370	0.001941	0.001921
986	4	188	192	1	P75	1	0.000610	0.000590	0.002903	0.002883
986	4	188	192	1	P90	1	0.001171	0.001171	0.003464	0.003464
986	4	188	192	1	P95	1	0.001371	0.001371	0.003665	0.003665
986	4	188	192	1	P99	4	-0.002382	-0.002382	-0.000445	-0.000445
986	4	188	192	1	P999	4	-0.001449	-0.001449	0.000490	0.000490
987	8	4	12	1	P1	1	-0.000506	-0.000506	0.000935	0.000935
987	8	4	12	1	P50	2	-0.000169	-0.001103	0.001180	0.000245
987	8	4	12	1	P75	4	-0.003253	-0.247902	-0.002000	-0.249738
987	8	4	12	1	P90	4	-0.002010	-0.002010	-0.000756	-0.000756
987	8	4	12	1	P95	4	-0.000766	-0.000766	0.000490	0.000490
987	8	4	12	1	P99	4	-0.000766	-0.000766	0.000490	0.000490
987	8	4	12	1	P999	4	-0.000766	-0.000766	0.000490	0.000490
988	4	12	16	1	P1	1	-0.001975	-0.001975	0.000312	0.000312
988	4	12	16	1	P50	1	0.000515	0.000204	0.002807	0.002495
988	4	12	16	1	P75	3	0.002078	-0.666183	0.000349	-0.665418
988	4	12	16	1	P90	4	-0.002693	-0.002693	-0.000756	-0.000756
988	4	12	16	1	P95	4	-0.001449	-0.001449	0.000490	0.000490
988	4	12	16	1	P99	4	-0.001449	-0.001449	0.000490	0.000490
988	4	12	16	1	P999	4	-0.001449	-0.001449	0.000490	0.000490
989	4	4	8	0	P1	3	-0.003110	-0.003110	-0.002762	-0.002762
989	4	4	8	0	P50	3	-0.000623	-0.001245	-0.000274	-0.000897
989	4	4	8	0	P75	4	0.000141	-0.250000	0.000490	-0.249738
989	4	4	8	0	P90	5	0.001276	0.001276	0.001625	0.001625
989	4	4	8	0	P95	5	0.001276	0.001276	0.001625	0.001625
989	4	4	8	0	P99	5	0.001276	0.001276	0.001625	0.001625
989	4	4	8	0	P999	5	0.001276	0.001276	0.001625	0.001625
990	4	4	8	1	P1	3	-0.000114	-0.000114	-0.001519	-0.001519
990	4	4	8	1	P50	4	-0.002686	-0.003618	-0.001378	-0.002000
990	4	4	8	1	P75	4	0.000114	-0.001754	-0.000133	-0.000756
990	4	4	8	1	P90	4	0.001986	0.001986	0.000490	0.000490
990	4	4	8	1	P95	4	0.001986	0.001986	0.000490	0.000490
990	4	4	8	1	P99	4	0.001986	0.001986	0.000490	0.000490
990	4	4	8	1	P999	4	0.001986	0.001986	0.000490	0.000490
991	23	5	28	1	P1	1	-0.002381	-0.002381	0.000163	0.000163
991	23	5	28	1	P50	1	-0.000108	-0.000270	0.002441	0.002278
991	23	5	28	1	P75	1	0.001031	0.000868	0.003582	0.003419
991	23	5	28	1	P90	12	-0.003057	-0.003057	-0.001030	-0.001030
991	23	5	28	1	P95	12	-0.001192	-0.001192	0.000839	0.000839
991	23	5	28	1	P99	13	0.001017	0.001017	0.003036	0.003036
991	23	5	28	1	P999	13	0.001017	0.001017	0.003036	0.003036
992	5	5	10	1	P1	1	0.000328	0.000328	0.001871	0.001871
992	5	5	10	1	P50	52	0.002430	-0.961513	0.003527	-0.961457
992	5	5	10	1	P75	57	0.000341	0.000341	0.001426	0.001426
992	5	5	10	1	P90	60	0.001386	-0.017158	0.002466	-0.016096
992	5	5	10	1	P95	60	0.001386	0.001386	0.002466	0.002466
992	5	5	10	1	P99	60	0.001386	0.001386	0.002466	0.002466
992	5	5	10	1	P999	60	0.001386	0.001386	0.002466	0.002466
993	4	4	8	1	P1	3	-0.001049	-0.001049	-0.002452	-0.002452
993	4	4	8	1	P50	4	-0.003618	-0.248682	-0.002311	-0.249738
993	4	4	8	1	P75	4	0.000114	-0.001754	-0.000445	-0.001378
993	4	4	8	1	P90	4	0.001986	0.001986	0.000490	0.000490
993	4	4	8	1	P95	4	0.001986	0.001986	0.000490	0.000490
993	4	4	8	1	P99	4	0.001986	0.001986	0.000490	0.000490
993	4	4	8	1	P999	4	0.001986	0.001986	0.000490	0.000490
994	4	4	8	1	P1	3	-0.000737	-0.000737	-0.002141	-0.002141
994	4	4	8	1	P50	4	-0.002997	-0.004239	-0.001751	-0.002497
994	4	4	8	1	P75	4	0.000114	-0.001754	-0.000258	-0.001005
994	4	4	8	1	P90	4	0.001986	0.001986	0.000490	0.000490
994	4	4	8	1	P95	4	0.001986	0.001986	0.000490	0.000490
994	4	4	8	1	P99	4	0.001986	0.001986	0.000490	0.000490
994	4	4	8	1	P999	4	0.001986	0.001986	0.000490	0.000490
995	17	3	20	1	P1	1	-0.003489	-0.003489	0.000220	0.000220
995	17	3	20	1	P50	1	-0.001296	-0.001515	0.002422	0.002201
995	17	3	20	1	P75	1	-0.000197	-0.000417	0.003524	0.003304
995	17	3	20	1	P90	13	0.003068	-0.076119	0.003036	-0.076149
995	17	3	20	1	P95	14	-0.000023	-0.068579	0.003689	-0.068610
995	17	3	20	1	P99	14	-0.000023	-0.000023	0.003689	0.003689
995	17	3	20	1	P999	14	-0.000023	-0.000023	0.003689	0.003689
996	3	3	6	1	P1	1	-0.001635	-0.001635	0.001247	0.001247
996	3	3	6	1	P50	55	0.001216	-0.981803	0.003507	-0.981750
996	3	3	6	1	P75	57	-0.000856	-0.000856	0.001426	0.001426
996	3	3	6	1	P90	58	0.000445	0.000445	0.002726	0.002726
996	3	3	6	1	P95	58	0.000445	0.000445	0.002726	0.002726
996	3	3	6	1	P99	58	0.000445	0.000445	0.002726	0.002726
996	3	3	6	1	P999	58	0.000445	0.000445	0.002726	0.002726
997	4	4	8	1	P1	3	-0.000114	-0.000114	-0.001519	-0.001519
997	4	4	8	1	P50	4	-0.001754	-0.002997	-0.001378	-0.002000
997	4	4	8	1	P75	4	0.000738	-0.000509	-0.000133	-0.000756
997	4	4	8	1	P90	4	0.001986	0.001986	0.000490	0.000490
997	4	4	8	1	P95	4	0.001986	0.001986	0.000490	0.000490
997	4	4	8	1	P99	4	0.001986	0.001986	0.000490	0.000490
997	4	4	8	1	P999	4	0.001986	0.001986	0.000490	0.000490
998	5	5	10	1	P1	3	-0.000737	-0.000737	-0.002141	-0.002141
998	5	5	10	1	P50	4	-0.001754	-0.002997	-0.001378	-0.002000
998	5	5	10	1	P75	4	0.000738	0.000738	-0.000133	-0.000133
998	5	5	10	1	P90	5	-0.000552	-0.198411	0.001625	-0.199608
998	5	5	10	1	P95	5	-0.000552	-0.000552	0.001625	0.001625
998	5	5	10	1	P99	5	-0.000552	-0.000552	0.001625	0.001625
998	5	5	10	1	P999	5	-0.000552	-0.000552	0.001625	0.001625
999	232	21	253	1	P1	1	-0.002915	-0.002915	0.000049	0.000049
999	232	21	253	1	P50	1	-0.000895	-0.000895	0.002075	0.002075
999	232	21	253	1	P75	1	0.000134	0.000134	0.003106	0.003106
999	232	21	253	1	P90	1	0.000754	0.000754	0.003729	0.003729
999	232	21	253	1	P95	12	0.000696	0.000696	-0.000407	-0.000407
999	232	21	253	1	P99	14	-0.000178	-0.000178	0.002439	0.002439
999	232	21	253	1	P999	18	0.000230	0.000230	0.002815	0.002815
1000	16	21	37	1	P1	1	-0.000844	-0.000844	0.000467	0.000467
1000	16	21	37	1	P50	53	0.002484	0.002484	0.003168	0.003168
1000	16	21	37	1	P75	55	-0.001659	-0.001659	0.002757	0.002757
1000	16	21	37	1	P90	58	0.002058	0.002058	0.002726	0.002726
1000	16	21	37	1	P95	59	-0.001330	-0.001330	-0.000666	-0.000666
1000	16	21	37	1	P99	59	-0.000085	-0.000085	0.000580	0.000580
1000	16	21	37	1	P999	59	-0.000085	-0.000085	0.000580	0.000580
1001	21	5	26	1	P1	1	-0.001956	-0.001956	0.000234	0.000234
1001	21	5	26	1	P50	1	0.001081	0.000847	0.003276	0.003042
1001	21	5	26	1	P75	2	0.003105	0.003105	0.001367	0.001367
1001	21	5	26	1	P90	4	-0.003193	-0.003193	-0.001378	-0.001378
1001	21	5	26	1	P95	4	-0.002261	-0.002261	-0.000445	-0.000445
1001	21	5	26	1	P99	4	-0.001328	-0.001328	0.000490	0.000490
1001	21	5	26	1	P999	4	-0.001328	-0.001328	0.000490	0.000490
1002	29	7	36	1	P1	1	-0.002414	-0.002414	0.000129	0.000129
1002	29	7	36	1	P50	1	-0.000097	-0.000226	0.002452	0.002323
1002	29	7	36	1	P75	1	0.001064	0.000935	0.003616	0.003486
1002	29	7	36	1	P90	12	-0.001192	-0.001192	0.000839	0.000839
1002	29	7	36	1	P95	14	-0.000186	-0.000186	0.001815	0.001815
1002	29	7	36	1	P99	14	0.001685	0.001685	0.003689	0.003689
1002	29	7	36	1	P999	14	0.001685	0.001685	0.003689	0.003689
1003	7	7	14	1	P1	1	-0.000944	-0.000944	0.000935	0.000935
1003	7	7	14	1	P50	54	0.001467	-0.962953	0.003165	-0.962885
1003	7	7	14	1	P75	57	-0.000267	-0.000267	0.001426	0.001426
1003	7	7	14	1	P90	63	0.000579	0.000579	0.002269	0.002269
1003	7	7	14	1	P95	65	0.002974	0.002974	0.000918	0.000918
1003	7	7	14	1	P99	65	0.002974	0.002974	0.000918	0.000918
1003	7	7	14	1	P999	65	0.002974	0.002974	0.000918	0.000918
1004	5	52	57	1	P1	1	-0.002215	-0.002215	0.000072	0.000072
1004	5	52	57	1	P50	1	-0.000204	-0.000204	0.002087	0.002087
1004	5	52	57	1	P75	1	0.000803	0.000803	0.003096	0.003096
1004	5	52	57	1	P90	1	0.001451	0.001451	0.003745	0.003745
1004	5	52	57	1	P95	4	-0.002382	-0.002382	-0.000445	-0.000445
1004	5	52	57	1	P99	5	-0.000259	-0.000259	0.001625	0.001625
1004	5	52	57	1	P999	5	-0.000259	-0.000259	0.001625	0.001625
1005	2	4	6	1	P1	1	-0.000154	-0.000154	0.001871	0.001871
1005	2	4	6	1	P50	2	0.000103	-0.001764	0.002116	0.000245
1005	2	4	6	1	P75	11	-0.000103	-0.000103	0.001879	0.001879
1005	2	4	6	1	P90	12	0.002601	0.002601	0.000839	0.000839
1005	2	4	6	1	P95	12	0.002601	0.002601	0.000839	0.000839
1005	2	4	6	1	P99	12	0.002601	0.002601	0.000839	0.000839
1005	2	4	6	1	P999	12	0.002601	0.002601	0.000839	0.000839
1006	2	2	4	1	P1	1	-0.000645	-0.000645	0.001871	0.001871
1006	2	2	4	1	P50	56	-0.001223	-0.982121	0.000434	-0.982076
1006	2	2	4	1	P75	60	0.000820	-0.067809	0.002466	-0.066261
1006	2	2	4	1	P90	60	0.000820	0.000820	0.002466	0.002466
1006	2	2	4	1	P95	60	0.000820	0.000820	0.002466	0.002466
1006	2	2	4	1	P99	60	0.000820	0.000820	0.002466	0.002466
1006	2	2	4	1	P999	60	0.000820	0.000820	0.002466	0.002466
1007	5	6	11	1	P1	3	-0.000737	-0.000737	-0.002141	-0.002141
1007	5	6	11	1	P50	4	-0.002686	-0.002686	-0.001845	-0.001845
1007	5	6	11	1	P75	4	0.000114	0.000114	-0.000445	-0.000445
1007	5	6	11	1	P90	4	0.001050	0.001050	0.000023	0.000023
1007	5	6	11	1	P95	4	0.001986	0.001986	0.000490	0.000490
1007	5	6	11	1	P99	4	0.001986	0.001986	0.000490	0.000490
1007	5	6	11	1	P999	4	0.001986	0.001986	0.000490	0.000490
1008	23	6	29	1	P1	1	-0.002124	-0.002124	0.000163	0.000163
1008	23	6	29	1	P50	1	0.000149	0.000149	0.002441	0.002441
1008	23	6	29	1	P75	1	0.001288	0.001288	0.003582	0.003582
1008	23	6	29	1	P90	4	-0.002941	-0.002941	-0.001005	-0.001005
1008	23	6	29	1	P95	4	-0.002195	-0.002195	-0.000258	-0.000258
1008	23	6	29	1	P99	4	-0.001449	-0.001449	0.000490	0.000490
1008	23	6	29	1	P999	4	-0.001449	-0.001449	0.000490	0.000490
1009	6	6	12	1	P1	3	-0.001934	-0.001934	-0.002762	-0.002762
1009	6	6	12	1	P50	4	-0.001610	-0.249115	-0.002497	-0.249738
1009	6	6	12	1	P75	4	0.000632	-0.000116	-0.000258	-0.001005
1009	6	6	12	1	P90	4	0.001380	0.001380	0.000490	0.000490
1009	6	6	12	1	P95	5	-0.001179	-0.001179	0.001625	0.001625
1009	6	6	12	1	P99	5	-0.001179	-0.001179	0.001625	0.001625
1009	6	6	12	1	P999	5	-0.001179	-0.001179	0.001625	0.001625
1010	6	16	22	1	P1	1	-0.001956	-0.001956	0.000234	0.000234
1010	6	16	22	1	P50	1	0.000613	0.000379	0.002807	0.002573
1010	6	16	22	1	P75	3	-0.003411	-0.003411	-0.001519	-0.001519
1010	6	16	22	1	P90	4	-0.003193	-0.003193	-0.001378	-0.001378
1010	6	16	22	1	P95	4	-0.002261	-0.002261	-0.000445	-0.000445
1010	6	16	22	1	P99	4	-0.001328	-0.001328	0.000490	0.000490
1010	6	16	22	1	P999	4	-0.001328	-0.001328	0.000490	0.000490
1011	4	4	8	1	P1	12	-0.001242	-0.001242	-0.001030	-0.001030
1011	4	4	8	1	P50	54	-0.000626	-0.739835	0.003165	-0.739784
1011	4	4	8	1	P75	56	0.000390	-0.018136	0.000434	-0.014413
1011	4	4	8	1	P90	58	0.002686	0.002686	0.002726	0.002726
1011	4	4	8	1	P95	58	0.002686	0.002686	0.002726	0.002726
1011	4	4	8	1	P99	58	0.002686	0.002686	0.002726	0.002726
1011	4	4	8	1	P999	58	0.002686	0.002686	0.002726	0.002726
1012	4	5	9	1	P1	1	-0.001042	-0.001042	0.001247	0.001247
1012	4	5	9	1	P50	3	0.002078	0.002078	0.000349	0.000349
1012	4	5	9	1	P75	4	-0.003314	-0.003314	-0.001378	-0.001378
1012	4	5	9	1	P90	4	-0.001449	-0.001449	0.000490	0.000490
1012	4	5	9	1	P95	4	-0.001449	-0.001449	0.000490	0.000490
1012	4	5	9	1	P99	4	-0.001449	-0.001449	0.000490	0.000490
1012	4	5	9	1	P999	4	-0.001449	-0.001449	0.000490	0.000490
1013	2	5	7	1	P1	1	-0.000419	-0.000419	0.001871	0.001871
1013	2	5	7	1	P50	4	-0.004245	-0.004245	-0.002311	-0.002311
1013	2	5	7	1	P75	4	-0.002382	-0.002382	-0.000445	-0.000445
1013	2	5	7	1	P90	4	-0.001449	-0.001449	0.000490	0.000490
1013	2	5	7	1	P95	4	-0.001449	-0.001449	0.000490	0.000490
1013	2	5	7	1	P99	4	-0.001449	-0.001449	0.000490	0.000490
1013	2	5	7	1	P999	4	-0.001449	-0.001449	0.000490	0.000490
1014	26	4	30	1	P1	1	-0.003565	-0.003565	0.000144	0.000144
1014	26	4	30	1	P50	1	-0.001414	-0.001558	0.002303	0.002159
1014	26	4	30	1	P75	1	-0.000409	-0.000409	0.003312	0.003312
1014	26	4	30	1	P90	11	0.001911	0.000040	0.001879	0.000008
1014	26	4	30	1	P95	12	0.000871	0.000871	0.000839	0.000839
1014	26	4	30	1	P99	14	-0.000023	-0.000023	0.003689	0.003689
1014	26	4	30	1	P999	14	-0.000023	-0.000023	0.003689	0.003689
1015	4	4	8	1	P1	1	-0.002020	-0.002020	0.001247	0.001247
1015	4	4	8	1	P50	55	0.000561	-0.963540	0.003507	-0.963559
1015	4	4	8	1	P75	56	0.001234	-0.000635	0.000434	-0.001434
1015	4	4	8	1	P90	60	-0.000470	-0.000470	0.002466	0.002466
1015	4	4	8	1	P95	60	-0.000470	-0.000470	0.002466	0.002466
1015	4	4	8	1	P99	60	-0.000470	-0.000470	0.002466	0.002466
1015	4	4	8	1	P999	60	-0.000470	-0.000470	0.002466	0.002466
1016	5	11	16	1	P1	1	-0.001947	-0.001947	0.000340	0.000340
1016	5	11	16	1	P50	1	0.000770	0.000430	0.003063	0.002722
1016	5	11	16	1	P75	4	-0.003686	-0.004431	-0.001751	-0.002497
1016	5	11	16	1	P90	4	-0.002195	-0.002195	-0.000258	-0.000258
1016	5	11	16	1	P95	4	-0.001449	-0.001449	0.000490	0.000490
1016	5	11	16	1	P99	4	-0.001449	-0.001449	0.000490	0.000490
1016	5	11	16	1	P999	4	-0.001449	-0.001449	0.000490	0.000490
1017	3	3	6	1	P1	13	0.001192	0.001192	0.001163	0.001163
1017	3	3	6	1	P50	55	-0.000130	-0.599876	0.003507	-0.599899
1017	3	3	6	1	P75	59	0.000691	0.000691	0.000580	0.000580
1017	3	3	6	1	P90	62	-0.000310	-0.000310	0.003320	0.003320
1017	3	3	6	1	P95	62	-0.000310	-0.000310	0.003320	0.003320
1017	3	3	6	1	P99	62	-0.000310	-0.000310	0.003320	0.003320
1017	3	3	6	1	P999	62	-0.000310	-0.000310	0.003320	0.003320
1018	3	5	8	1	P1	1	0.002301	0.002301	0.003745	0.003745
1018	3	5	8	1	P50	4	-0.003563	-0.247902	-0.002311	-0.249738
1018	3	5	8	1	P75	4	-0.001699	-0.002632	-0.000445	-0.001378
1018	3	5	8	1	P90	4	-0.000766	-0.000766	0.000490	0.000490
1018	3	5	8	1	P95	4	-0.000766	-0.000766	0.000490	0.000490
1018	3	5	8	1	P99	4	-0.000766	-0.000766	0.000490	0.000490
1018	3	5	8	1	P999	4	-0.000766	-0.000766	0.000490	0.000490
1019	5	5	10	0	P1	3	-0.001867	-0.001867	-0.001519	-0.001519
1019	5	5	10	0	P50	4	-0.001726	-0.002193	-0.001378	-0.001845
1019	5	5	10	0	P75	4	-0.000793	-0.000793	-0.000445	-0.000445
1019	5	5	10	0	P90	4	0.000141	-0.000326	0.000490	0.000023
1019	5	5	10	0	P95	4	0.000141	0.000141	0.000490	0.000490
1019	5	5	10	0	P99	4	0.000141	0.000141	0.000490	0.000490
1019	5	5	10	0	P999	4	0.000141	0.000141	0.000490	0.000490
1020	6	5	11	1	P1	1	-0.001664	-0.001664	0.000623	0.000623
1020	6	5	11	1	P50	1	0.001451	0.001451	0.003745	0.003745
1020	6	5	11	1	P75	4	-0.003935	-0.003935	-0.002000	-0.002000
1020	6	5	11	1	P90	4	-0.002693	-0.002693	-0.000756	-0.000756
1020	6	5	11	1	P95	4	-0.001449	-0.001449	0.000490	0.000490
1020	6	5	11	1	P99	4	-0.001449	-0.001449	0.000490	0.000490
1020	6	5	11	1	P999	4	-0.001449	-0.001449	0.000490	0.000490
1021	5	657	662	1	P1	1	-0.002149	-0.002149	0.000040	0.000040
1021	5	657	662	1	P50	1	-0.000285	-0.000290	0.001908	0.001902
1021	5	657	662	1	P75	1	0.000663	0.000663	0.002858	0.002858
1021	5	657	662	1	P90	1	0.001232	0.001232	0.003428	0.003428
1021	5	657	662	1	P95	1	0.001422	0.001422	0.003618	0.003618
1021	5	657	662	1	P99	2	0.003230	0.003230	0.001492	0.001492
1021	5	657	662	1	P999	4	-0.001328	-0.001328	0.000490	0.000490
1022	4	4	8	1	P1	11	0.003043	0.003043	0.000008	0.000008
1022	4	4	8	1	P50	55	-0.002438	-0.726908	0.001633	-0.726734
1022	4	4	8	1	P75	56	0.000104	-0.018418	0.000434	-0.014413
1022	4	4	8	1	P90	58	-0.001336	-0.001336	0.002726	0.002726
1022	4	4	8	1	P95	58	-0.001336	-0.001336	0.002726	0.002726
1022	4	4	8	1	P99	58	-0.001336	-0.001336	0.002726	0.002726
1022	4	4	8	1	P999	58	-0.001336	-0.001336	0.002726	0.002726
1023	4	5	9	1	P1	1	-0.000322	-0.000322	0.001871	0.001871
1023	4	5	9	1	P50	3	-0.003411	-0.003411	-0.001519	-0.001519
1023	4	5	9	1	P75	4	-0.003814	-0.003814	-0.002000	-0.002000
1023	4	5	9	1	P90	4	-0.001328	-0.001328	0.000490	0.000490
1023	4	5	9	1	P95	4	-0.001328	-0.001328	0.000490	0.000490
1023	4	5	9	1	P99	4	-0.001328	-0.001328	0.000490	0.000490
1023	4	5	9	1	P999	4	-0.001328	-0.001328	0.000490	0.000490
1024	5	7	12	1	P1	1	-0.001753	-0.001753	0.000534	0.000534
1024	5	7	12	1	P50	1	0.001451	0.000916	0.003745	0.003209
1024	5	7	12	1	P75	4	-0.003935	-0.248442	-0.002000	-0.249738
1024	5	7	12	1	P90	4	-0.002693	-0.002693	-0.000756	-0.000756
1024	5	7	12	1	P95	4	-0.001449	-0.001449	0.000490	0.000490
1024	5	7	12	1	P99	4	-0.001449	-0.001449	0.000490	0.000490
1024	5	7	12	1	P999	4	-0.001449	-0.001449	0.000490	0.000490
1025	5	5	10	0	P1	3	0.003603	0.003603	0.000349	0.000349
1025	5	5	10	0	P50	4	-0.001067	-0.001601	-0.000578	-0.001112
1025	5	5	10	0	P75	4	-0.000000	-0.000000	0.000490	0.000490
1025	5	5	10	0	P90	5	0.001135	-0.000734	0.001625	-0.000245
1025	5	5	10	0	P95	5	0.001135	0.001135	0.001625	0.001625
1025	5	5	10	0	P99	5	0.001135	0.001135	0.001625	0.001625
1025	5	5	10	0	P999	5	0.001135	0.001135	0.001625	0.001625
1026	31	5	36	1	P1	1	-0.002419	-0.002419	0.000125	0.000125
1026	31	5	36	1	P50	1	-0.000178	-0.000303	0.002370	0.002245
1026	31	5	36	1	P75	1	0.000944	0.000819	0.003495	0.003370
1026	31	5	36	1	P90	12	-0.003057	-0.003057	-0.001030	-0.001030
1026	31	5	36	1	P95	12	-0.001192	-0.001192	0.000839	0.000839
1026	31	5	36	1	P99	16	-0.000991	-0.000991	0.000980	0.000980
1026	31	5	36	1	P999	16	-0.000991	-0.000991	0.000980	0.000980
1027	5	5	10	1	P1	1	-0.001579	-0.001579	0.000935	0.000935
1027	5	5	10	1	P50	55	0.001841	-0.963509	0.003507	-0.963559
1027	5	5	10	1	P75	56	-0.002467	-0.002467	-0.000811	-0.000811
1027	5	5	10	1	P90	57	-0.000230	-0.018746	0.001426	-0.017117
1027	5	5	10	1	P95	57	-0.000230	-0.000230	0.001426	0.001426
1027	5	5	10	1	P99	57	-0.000230	-0.000230	0.001426	0.001426
1027	5	5	10	1	P999	57	-0.000230	-0.000230	0.001426	0.001426
1028	5	4	9	1	P1	1	-0.001353	-0.001353	0.000935	0.000935
1028	5	4	9	1	P50	3	0.000206	0.000206	-0.001519	-0.001519
1028	5	4	9	1	P75	4	-0.003935	-0.003935	-0.002000	-0.002000
1028	5	4	9	1	P90	4	-0.001449	-0.001449	0.000490	0.000490
1028	5	4	9	1	P95	4	-0.001449	-0.001449	0.000490	0.000490
1028	5	4	9	1	P99	4	-0.001449	-0.001449	0.000490	0.000490
1028	5	4	9	1	P999	4	-0.001449	-0.001449	0.000490	0.000490
1029	5	44	49	1	P1	1	-0.002202	-0.002202	0.000085	0.000085
1029	5	44	49	1	P50	1	-0.000165	-0.000165	0.002126	0.002126
1029	5	44	49	1	P75	1	0.000855	0.000855	0.003148	0.003148
1029	5	44	49	1	P90	3	0.002078	0.002078	0.000349	0.000349
1029	5	44	49	1	P95	4	-0.003314	-0.003314	-0.001378	-0.001378
1029	5	44	49	1	P99	4	-0.001449	-0.001449	0.000490	0.000490
1029	5	44	49	1	P999	4	-0.001449	-0.001449	0.000490	0.000490
1030	6	6	12	1	P1	1	-0.001610	-0.001610	0.000935	0.000935
1030	6	6	12	1	P50	11	-0.000172	-0.817553	0.001879	-0.817797
1030	6	6	12	1	P75	12	-0.001192	-0.002436	0.000839	-0.000407
1030	6	6	12	1	P90	13	-0.000852	-0.000852	0.001163	0.001163
1030	6	6	12	1	P95	13	0.001017	0.001017	0.003036	0.003036
1030	6	6	12	1	P99	13	0.001017	0.001017	0.003036	0.003036
1030	6	6	12	1	P999	13	0.001017	0.001017	0.003036	0.003036
1031	6	6	12	1	P1	1	-0.002897	-0.002897	0.000623	0.000623
1031	6	6	12	1	P50	52	0.000144	-0.980765	0.003527	-0.980697
1031	6	6	12	1	P75	54	0.002279	0.001031	0.001916	0.000668
1031	6	6	12	1	P90	54	0.003529	0.003529	0.003165	0.003165
1031	6	6	12	1	P95	55	0.000126	0.000126	0.003507	0.003507
1031	6	6	12	1	P99	55	0.000126	0.000126	0.003507	0.003507
1031	6	6	12	1	P999	55	0.000126	0.000126	0.003507	0.003507
1032	5	5	10	1	P1	3	-0.001235	-0.001235	-0.002638	-0.002638
1032	5	5	10	1	P50	4	-0.004549	-0.248682	-0.002497	-0.249738
1032	5	5	10	1	P75	4	-0.002686	-0.002686	-0.001005	-0.001005
1032	5	5	10	1	P90	4	0.001986	-0.001754	0.000490	-0.000258
1032	5	5	10	1	P95	4	0.001986	0.001986	0.000490	0.000490
1032	5	5	10	1	P99	4	0.001986	0.001986	0.000490	0.000490
1032	5	5	10	1	P999	4	0.001986	0.001986	0.000490	0.000490
1033	34	9	43	1	P1	1	-0.002565	-0.002565	0.000110	0.000110
1033	34	9	43	1	P50	1	-0.000259	-0.000259	0.002422	0.002422
1033	34	9	43	1	P75	1	0.000951	0.000951	0.003635	0.003635
1033	34	9	43	1	P90	13	-0.000670	-0.000670	0.001537	0.001537
1033	34	9	43	1	P95	13	0.000826	0.000826	0.003036	0.003036
1033	34	9	43	1	P99	19	-0.001060	-0.001060	0.001076	0.001076
1033	34	9	43	1	P999	19	-0.001060	-0.001060	0.001076	0.001076
1034	9	9	18	1	P1	1	-0.002425	-0.002425	0.000935	0.000935
1034	9	9	18	1	P50	52	0.000416	-0.961441	0.003527	-0.961457
1034	9	9	18	1	P75	56	0.001073	0.001073	0.000434	0.000434
1034	9	9	18	1	P90	58	-0.001620	-0.001620	0.001478	0.001478
1034	9	9	18	1	P95	58	-0.000375	-0.000375	0.002726	0.002726
1034	9	9	18	1	P99	58	-0.000375	-0.000375	0.002726	0.002726
1034	9	9	18	1	P999	58	-0.000375	-0.000375	0.002726	0.002726
1035	5	46	51	1	P1	1	-0.002202	-0.002202	0.000085	0.000085
1035	5	46	51	1	P50	1	-0.000080	-0.000080	0.002211	0.002211
1035	5	46	51	1	P75	1	0.001026	0.001026	0.003319	0.003319
1035	5	46	51	1	P90	2	0.003746	0.003746	0.002116	0.002116
1035	5	46	51	1	P95	4	-0.003935	-0.003935	-0.002000	-0.002000
1035	5	46	51	1	P99	4	-0.001449	-0.001449	0.000490	0.000490
1035	5	46	51	1	P999	4	-0.001449	-0.001449	0.000490	0.000490
1036	3	11	14	1	P1	1	-0.000881	-0.000881	0.000748	0.000748
1036	3	11	14	1	P50	2	-0.001316	-0.001939	0.000245	-0.000378
1036	3	11	14	1	P75	2	0.000552	0.000552	0.002116	0.002116
1036	3	11	14	1	P90	13	0.001650	0.001650	0.003036	0.003036
1036	3	11	14	1	P95	14	0.002310	0.002310	0.003689	0.003689
1036	3	11	14	1	P99	14	0.002310	0.002310	0.003689	0.003689
1036	3	11	14	1	P999	14	0.002310	0.002310	0.003689	0.003689
1037	3	3	6	1	P1	1	-0.002275	-0.002275	0.001247	0.001247
1037	3	3	6	1	P50	54	-0.000215	-0.981478	0.003165	-0.981412
1037	3	3	6	1	P75	55	0.000127	0.000127	0.003507	0.003507
1037	3	3	6	1	P90	56	0.000799	0.000799	0.000434	0.000434
1037	3	3	6	1	P95	56	0.000799	0.000799	0.000434	0.000434
1037	3	3	6	1	P99	56	0.000799	0.000799	0.000434	0.000434
1037	3	3	6	1	P999	56	0.000799	0.000799	0.000434	0.000434
1038	5	21	26	1	P1	1	-0.002109	-0.002109	0.000178	0.000178
1038	5	21	26	1	P50	1	0.000204	0.000026	0.002495	0.002317
1038	5	21	26	1	P75	1	0.001273	0.001273	0.003566	0.003566
1038	5	21	26	1	P90	4	-0.003314	-0.003314	-0.001378	-0.001378
1038	5	21	26	1	P95	4	-0.002382	-0.002382	-0.000445	-0.000445
1038	5	21	26	1	P99	4	-0.001449	-0.001449	0.000490	0.000490
1038	5	21	26	1	P999	4	-0.001449	-0.001449	0.000490	0.000490
1039	6	6	12	1	P1	10	0.001004	0.001004	0.003745	0.003745
1039	6	6	12	1	P50	52	0.001075	-0.730498	0.003527	-0.729776
1039	6	6	12	1	P75	57	-0.002872	-0.051949	-0.000444	-0.049633
1039	6	6	12	1	P90	57	-0.001006	-0.001006	0.001426	0.001426
1039	6	6	12	1	P95	61	0.002207	0.002207	0.000886	0.000886
1039	6	6	12	1	P99	61	0.002207	0.002207	0.000886	0.000886
1039	6	6	12	1	P999	61	0.002207	0.002207	0.000886	0.000886
1040	6	5	11	1	P1	1	-0.001353	-0.001353	0.000935	0.000935
1040	6	5	11	1	P50	2	0.003746	0.003746	0.002116	0.002116
1040	6	5	11	1	P75	4	-0.003935	-0.003935	-0.002000	-0.002000
1040	6	5	11	1	P90	4	-0.002693	-0.002693	-0.000756	-0.000756
1040	6	5	11	1	P95	4	-0.001449	-0.001449	0.000490	0.000490
1040	6	5	11	1	P99	4	-0.001449	-0.001449	0.000490	0.000490
1040	6	5	11	1	P999	4	-0.001449	-0.001449	0.000490	0.000490
1041	5	25	30	1	P1	1	-0.002040	-0.002040	0.000150	0.000150
1041	5	25	30	1	P50	1	0.000201	0.000052	0.002395	0.002245
1041	5	25	30	1	P75	1	0.001249	0.001249	0.003445	0.003445
1041	5	25	30	1	P90	4	-0.002572	-0.003814	-0.000756	-0.002000
1041	5	25	30	1	P95	4	-0.001328	-0.001328	0.000490	0.000490
1041	5	25	30	1	P99	5	-0.000134	-0.000134	0.001625	0.001625
1041	5	25	30	1	P999	5	-0.000134	-0.000134	0.001625	0.001625
1042	4	4	8	1	P1	12	-0.001518	-0.001518	-0.001652	-0.001652
1042	4	4	8	1	P50	53	0.001450	-0.735828	0.001294	-0.734875
1042	4	4	8	1	P75	54	0.003321	-0.015257	0.003165	-0.015410
1042	4	4	8	1	P90	55	-0.000081	-0.000081	0.003507	0.003507
1042	4	4	8	1	P95	55	-0.000081	-0.000081	0.003507	0.003507
1042	4	4	8	1	P99	55	-0.000081	-0.000081	0.003507	0.003507
1042	4	4	8	1	P999	55	-0.000081	-0.000081	0.003507	0.003507
1043	4	7	11	1	P1	1	-0.001353	-0.001353	0.000935	0.000935
1043	4	7	11	1	P50	3	0.000830	0.000830	-0.000897	-0.000897
1043	4	7	11	1	P75	4	-0.003314	-0.003314	-0.001378	-0.001378
1043	4	7	11	1	P90	4	-0.002382	-0.002382	-0.000445	-0.000445
1043	4	7	11	1	P95	4	-0.001449	-0.001449	0.000490	0.000490
1043	4	7	11	1	P99	4	-0.001449	-0.001449	0.000490	0.000490
1043	4	7	11	1	P999	4	-0.001449	-0.001449	0.000490	0.000490
1044	7	2	9	1	P1	1	-0.002010	-0.002010	0.000534	0.000534
1044	7	2	9	1	P50	1	0.000124	0.000124	0.002674	0.002674
1044	7	2	9	1	P75	1	0.001193	0.001193	0.003745	0.003745
1044	7	2	9	1	P90	13	0.001017	0.001017	0.003036	0.003036
1044	7	2	9	1	P95	13	0.001017	0.001017	0.003036	0.003036
1044	7	2	9	1	P99	13	0.001017	0.001017	0.003036	0.003036
1044	7	2	9	1	P999	13	0.001017	0.001017	0.003036	0.003036
1045	2	2	4	1	P1	1	-0.001493	-0.001493	0.001871	0.001871
1045	2	2	4	1	P50	55	0.000400	-0.981811	0.003507	-0.981750
1045	2	2	4	1	P75	58	-0.000375	-0.051345	0.002726	-0.048398
1045	2	2	4	1	P90	58	-0.000375	-0.000375	0.002726	0.002726
1045	2	2	4	1	P95	58	-0.000375	-0.000375	0.002726	0.002726
1045	2	2	4	1	P99	58	-0.000375	-0.000375	0.002726	0.002726
1045	2	2	4	1	P999	58	-0.000375	-0.000375	0.002726	0.002726
1046	7	4	11	1	P1	1	-0.001353	-0.001353	0.000935	0.000935
1046	7	4	11	1	P50	4	-0.004112	-0.004112	-0.002178	-0.002178
1046	7	4	11	1	P75	4	-0.002515	-0.002515	-0.000578	-0.000578
1046	7	4	11	1	P90	4	-0.001982	-0.001982	-0.000044	-0.000044
1046	7	4	11	1	P95	4	-0.001449	-0.001449	0.000490	0.000490
1046	7	4	11	1	P99	4	-0.001449	-0.001449	0.000490	0.000490
1046	7	4	11	1	P999	4	-0.001449	-0.001449	0.000490	0.000490
1047	6	7	13	1	P1	3	-0.001235	-0.001235	-0.002638	-0.002638
1047	6	7	13	1	P50	4	-0.003618	-0.003618	-0.002178	-0.002178
1047	6	7	13	1	P75	4	-0.000509	-0.000509	-0.000578	-0.000578
1047	6	7	13	1	P90	4	0.001986	0.001986	0.000490	0.000490
1047	6	7	13	1	P95	5	-0.000552	-0.000552	0.001625	0.001625
1047	6	7	13	1	P99	5	-0.000552	-0.000552	0.001625	0.001625
1047	6	7	13	1	P999	5	-0.000552	-0.000552	0.001625	0.001625
1048	3	8	11	1	P1	1	-0.002435	-0.002435	0.000534	0.000534
1048	3	8	11	1	P50	1	0.000232	0.000232	0.003209	0.003209
1048	3	8	11	1	P75	2	-0.002632	-0.002632	0.000245	0.000245
1048	3	8	11	1	P90	2	-0.001699	-0.001699	0.001180	0.001180
1048	3	8	11	1	P95	2	-0.000766	-0.000766	0.002116	0.002116
1048	3	8	11	1	P99	2	-0.000766	-0.000766	0.002116	0.002116
1048	3	8	11	1	P999	2	-0.000766	-0.000766	0.002116	0.002116
1049	7	8	15	0	P1	3	0.001106	0.001106	-0.002141	-0.002141
1049	7	8	15	0	P50	4	-0.002178	-0.002178	-0.001689	-0.001689
1049	7	8	15	0	P75	4	-0.000934	-0.000934	-0.000445	-0.000445
1049	7	8	15	0	P90	4	-0.000311	-0.000311	0.000178	0.000178
1049	7	8	15	0	P95	4	-0.000000	-0.000000	0.000490	0.000490
1049	7	8	15	0	P99	4	-0.000000	-0.000000	0.000490	0.000490
1049	7	8	15	0	P999	4	-0.000000	-0.000000	0.000490	0.000490
1050	11	8	19	1	P1	1	-0.001850	-0.001850	0.000340	0.000340
1050	11	8	19	1	P50	1	0.001208	0.001208	0.003404	0.003404
1050	11	8	19	1	P75	4	-0.003460	-0.003460	-0.001645	-0.001645
1050	11	8	19	1	P90	4	-0.001861	-0.001861	-0.000044	-0.000044
1050	11	8	19	1	P95	4	-0.001328	-0.001328	0.000490	0.000490
1050	11	8	19	1	P99	4	-0.001328	-0.001328	0.000490	0.000490
1050	11	8	19	1	P999	4	-0.001328	-0.001328	0.000490	0.000490
1051	7	65	72	1	P1	1	-0.002129	-0.002129	0.000060	0.000060
1051	7	65	72	1	P50	1	0.000040	-0.000021	0.002233	0.002173
1051	7	65	72	1	P75	1	0.001126	0.001066	0.003321	0.003261
1051	7	65	72	1	P90	2	0.003856	0.003856	0.002116	0.002116
1051	7	65	72	1	P95	3	-0.001546	-0.001546	0.000349	0.000349
1051	7	65	72	1	P99	4	-0.001328	-0.001328	0.000490	0.000490
1051	7	65	72	1	P999	4	-0.001328	-0.001328	0.000490	0.000490
1052	9	18	27	1	P1	1	-0.001213	-0.001213	0.000415	0.000415
1052	9	18	27	1	P50	2	-0.001109	-0.001109	0.000453	0.000453
1052	9	18	27	1	P75	11	0.000478	0.000478	0.001879	0.001879
1052	9	18	27	1	P90	13	0.001650	0.001650	0.003036	0.003036
1052	9	18	27	1	P95	14	0.002310	0.002310	0.003689	0.003689
1052	9	18	27	1	P99	21	0.000581	0.000581	0.001919	0.001919
1052	9	18	27	1	P999	21	0.000581	0.000581	0.001919	0.001919
1053	4	4	8	1	P1	1	-0.002719	-0.002719	0.000935	0.000935
1053	4	4	8	1	P50	52	-0.000081	-0.980768	0.003527	-0.980697
1053	4	4	8	1	P75	55	0.001771	-0.014939	0.001633	-0.015074
1053	4	4	8	1	P90	55	0.003645	0.003645	0.003507	0.003507
1053	4	4	8	1	P95	55	0.003645	0.003645	0.003507	0.003507
1053	4	4	8	1	P99	55	0.003645	0.003645	0.003507	0.003507
1053	4	4	8	1	P999	55	0.003645	0.003645	0.003507	0.003507
1054	2	8	10	1	P1	3	-0.000114	-0.000114	-0.001519	-0.001519
1054	2	8	10	1	P50	4	0.000114	-0.000509	-0.001112	-0.001645
1054	2	8	10	1	P75	4	0.001362	0.001362	-0.000044	-0.000044
1054	2	8	10	1	P90	5	-0.000552	-0.198411	0.001625	-0.199608
1054	2	8	10	1	P95	5	-0.000552	-0.000552	0.001625	0.001625
1054	2	8	10	1	P99	5	-0.000552	-0.000552	0.001625	0.001625
1054	2	8	10	1	P999	5	-0.000552	-0.000552	0.001625	0.001625
1055	8	5	13	1	P1	3	-0.001449	-0.001449	-0.002851	-0.002851
1055	8	5	13	1	P50	3	0.001757	0.001757	0.000349	0.000349
1055	8	5	13	1	P75	4	-0.000820	-0.000820	-0.001378	-0.001378
1055	8	5	13	1	P90	4	0.001050	0.001050	-0.000133	-0.000133
1055	8	5	13	1	P95	4	0.001986	0.001986	0.000490	0.000490
1055	8	5	13	1	P99	4	0.001986	0.001986	0.000490	0.000490
1055	8	5	13	1	P999	4	0.001986	0.001986	0.000490	0.000490
1056	5	5	10	1	P1	3	-0.000737	-0.000737	-0.002141	-0.002141
1056	5	5	10	1	P50	4	-0.002686	-0.003618	-0.001378	-0.002000
1056	5	5	10	1	P75	4	0.000114	0.000114	-0.000133	-0.000133
1056	5	5	10	1	P90	5	-0.000552	-0.198411	0.001625	-0.199608
1056	5	5	10	1	P95	5	-0.000552	-0.000552	0.001625	0.001625
1056	5	5	10	1	P99	5	-0.000552	-0.000552	0.001625	0.001625
1056	5	5	10	1	P999	5	-0.000552	-0.000552	0.001625	0.001625
1057	5	3	8	1	P1	1	-0.000945	-0.000945	0.001247	0.001247
1057	5	3	8	1	P50	3	-0.001546	-0.003411	0.000349	-0.001519
1057	5	3	8	1	P75	4	-0.002572	-0.003814	-0.000756	-0.002000
1057	5	3	8	1	P90	4	-0.001328	-0.001328	0.000490	0.000490
1057	5	3	8	1	P95	4	-0.001328	-0.001328	0.000490	0.000490
1057	5	3	8	1	P99	4	-0.001328	-0.001328	0.000490	0.000490
1057	5	3	8	1	P999	4	-0.001328	-0.001328	0.000490	0.000490
1058	2	5	7	1	P1	1	0.001451	0.001451	0.003745	0.003745
1058	2	5	7	1	P50	4	-0.003686	-0.003686	-0.001751	-0.001751
1058	2	5	7	1	P75	4	-0.002195	-0.002195	-0.000258	-0.000258
1058	2	5	7	1	P90	4	-0.001449	-0.001449	0.000490	0.000490
1058	2	5	7	1	P95	4	-0.001449	-0.001449	0.000490	0.000490
1058	2	5	7	1	P99	4	-0.001449	-0.001449	0.000490	0.000490
1058	2	5	7	1	P999	4	-0.001449	-0.001449	0.000490	0.000490
1059	5	4	9	1	P1	3	-0.001049	-0.001049	-0.002452	-0.002452
1059	5	4	9	1	P50	4	-0.004239	-0.004239	-0.002497	-0.002497
1059	5	4	9	1	P75	4	-0.001754	-0.001754	-0.001005	-0.001005
1059	5	4	9	1	P90	4	0.001986	0.001986	0.000490	0.000490
1059	5	4	9	1	P95	4	0.001986	0.001986	0.000490	0.000490
1059	5	4	9	1	P99	4	0.001986	0.001986	0.000490	0.000490
1059	5	4	9	1	P999	4	0.001986	0.001986	0.000490	0.000490
1060	4	4	8	0	P1	4	-0.003265	-0.003265	-0.002777	-0.002777
1060	4	4	8	0	P50	4	-0.001401	-0.001867	-0.000911	-0.001378
1060	4	4	8	0	P75	4	-0.000467	-0.000934	0.000023	-0.000445
1060	4	4	8	0	P90	4	-0.000000	-0.000000	0.000490	0.000490
1060	4	4	8	0	P95	4	-0.000000	-0.000000	0.000490	0.000490
1060	4	4	8	0	P99	4	-0.000000	-0.000000	0.000490	0.000490
1060	4	4	8	0	P999	4	-0.000000	-0.000000	0.000490	0.000490
1061	2	4	6	0	P1	3	-0.001867	-0.001867	-0.001519	-0.001519
1061	2	4	6	0	P50	4	-0.001726	-0.002659	-0.001378	-0.002311
1061	2	4	6	0	P75	4	-0.000793	-0.000793	-0.000445	-0.000445
1061	2	4	6	0	P90	4	0.000141	0.000141	0.000490	0.000490
1061	2	4	6	0	P95	4	0.000141	0.000141	0.000490	0.000490
1061	2	4	6	0	P99	4	0.000141	0.000141	0.000490	0.000490
1061	2	4	6	0	P999	4	0.000141	0.000141	0.000490	0.000490
1062	4	4	8	1	P1	3	-0.001049	-0.001049	-0.002452	-0.002452
1062	4	4	8	1	P50	4	-0.003618	-0.248682	-0.002000	-0.249738
1062	4	4	8	1	P75	4	0.001986	-0.001754	0.000490	-0.000756
1062	4	4	8	1	P90	5	-0.000552	-0.000552	0.001625	0.001625
1062	4	4	8	1	P95	5	-0.000552	-0.000552	0.001625	0.001625
1062	4	4	8	1	P99	5	-0.000552	-0.000552	0.001625	0.001625
1062	4	4	8	1	P999	5	-0.000552	-0.000552	0.001625	0.001625
1063	4	4	8	0	P1	3	0.001106	0.001106	-0.002141	-0.002141
1063	4	4	8	0	P50	4	-0.001867	-0.002800	-0.001378	-0.002311
1063	4	4	8	0	P75	4	-0.000000	-0.000934	0.000490	-0.000445
1063	4	4	8	0	P90	5	0.001135	0.001135	0.001625	0.001625
1063	4	4	8	0	P95	5	0.001135	0.001135	0.001625	0.001625
1063	4	4	8	0	P99	5	0.001135	0.001135	0.001625	0.001625
1063	4	4	8	0	P999	5	0.001135	0.001135	0.001625	0.001625
1064	4	4	8	0	P1	4	-0.003265	-0.003265	-0.002777	-0.002777
1064	4	4	8	0	P50	4	-0.001401	-0.001867	-0.000911	-0.001378
1064	4	4	8	0	P75	4	-0.000467	-0.000934	0.000023	-0.000445
1064	4	4	8	0	P90	4	-0.000000	-0.000000	0.000490	0.000490
1064	4	4	8	0	P95	4	-0.000000	-0.000000	0.000490	0.000490
1064	4	4	8	0	P99	4	-0.000000	-0.000000	0.000490	0.000490
1064	4	4	8	0	P999	4	-0.000000	-0.000000	0.000490	0.000490
1065	4	4	8	1	P1	3	-0.001049	-0.001049	-0.002452	-0.002452
1065	4	4	8	1	P50	4	-0.004239	-0.248682	-0.002311	-0.249738
1065	4	4	8	1	P75	4	-0.001754	-0.002997	-0.000445	-0.001378
1065	4	4	8	1	P90	4	0.001986	0.001986	0.000490	0.000490
1065	4	4	8	1	P95	4	0.001986	0.001986	0.000490	0.000490
1065	4	4	8	1	P99	4	0.001986	0.001986	0.000490	0.000490
1065	4	4	8	1	P999	4	0.001986	0.001986	0.000490	0.000490
1066	4	4	8	1	P1	3	-0.001049	-0.001049	-0.002452	-0.002452
1066	4	4	8	1	P50	4	-0.003618	-0.248682	-0.002311	-0.249738
1066	4	4	8	1	P75	4	0.000114	-0.001754	-0.000445	-0.001378
1066	4	4	8	1	P90	4	0.001986	0.001986	0.000490	0.000490
1066	4	4	8	1	P95	4	0.001986	0.001986	0.000490	0.000490
1066	4	4	8	1	P99	4	0.001986	0.001986	0.000490	0.000490
1066	4	4	8	1	P999	4	0.001986	0.001986	0.000490	0.000490
1067	2	2	4	1	P1	3	-0.000413	-0.000413	-0.001519	-0.001519
1067	2	2	4	1	P50	51	-0.001402	-0.941091	0.000511	-0.941156
1067	2	2	4	1	P75	56	-0.001455	-0.090563	0.000434	-0.088820
1067	2	2	4	1	P90	56	-0.001455	-0.001455	0.000434	0.000434
1067	2	2	4	1	P95	56	-0.001455	-0.001455	0.000434	0.000434
1067	2	2	4	1	P99	56	-0.001455	-0.001455	0.000434	0.000434
1067	2	2	4	1	P999	56	-0.001455	-0.001455	0.000434	0.000434
1068	3	16	19	1	P1	34	0.002259	0.002259	0.002279	0.002279
1068	3	16	19	1	P50	56	-0.002285	-0.002285	-0.002366	-0.002366
1068	3	16	19	1	P75	60	-0.003044	-0.003044	0.000594	0.000594
1068	3	16	19	1	P90	66	0.000718	0.000718	0.000602	0.000602
1068	3	16	19	1	P95	69	0.001131	0.001131	0.001006	0.001006
1068	3	16	19	1	P99	69	0.001131	0.001131	0.001006	0.001006
1068	3	16	19	1	P999	69	0.001131	0.001131	0.001006	0.001006
1069	17	5	22	1	P1	66	0.001235	0.001235	0.000602	0.000602
1069	17	5	22	1	P50	204	0.001704	-0.013163	0.001002	-0.013854
1069	17	5	22	1	P75	218	0.002618	0.002618	0.001911	0.001911
1069	17	5	22	1	P90	224	-0.000238	-0.000238	-0.000944	-0.000944
1069	17	5	22	1	P95	224	0.001633	0.001633	0.000925	0.000925
1069	17	5	22	1	P99	250	0.000224	0.000224	0.003253	0.003253
1069	17	5	22	1	P999	250	0.000224	0.000224	0.003253	0.003253
1070	10	324	334	1	P1	1	-0.000989	-0.000989	0.000157	0.000157
1070	10	324	334	1	P50	7	-0.000794	-0.000834	0.000137	0.000097
1070	10	324	334	1	P75	8	0.000292	0.000292	0.001209	0.001209
1070	10	324	334	1	P90	9	0.002146	0.002146	-0.000691	-0.000691
1070	10	324	334	1	P95	10	0.000770	0.000770	0.001663	0.001663
1070	10	324	334	1	P99	83	0.002515	0.002515	0.003174	0.003174
1070	10	324	334	1	P999	100	-0.000637	-0.000637	0.003745	0.003745
1071	228	36	264	1	P1	1	-0.003133	-0.003133	0.000312	0.000312
1071	228	36	264	1	P50	12	0.000899	0.000859	0.000485	0.000445
1071	228	36	264	1	P75	13	-0.001186	-0.001235	0.002136	0.002086
1071	228	36	264	1	P90	15	0.001825	0.001825	0.001399	0.001399
1071	228	36	264	1	P95	31	0.001664	0.001664	0.001201	0.001201
1071	228	36	264	1	P99	62	0.000073	0.000073	0.003320	0.003320
1071	228	36	264	1	P999	608	0.001043	0.001043	0.000431	0.000431
1072	46	43	89	0	P1	1	-0.003689	-0.003689	0.000042	0.000042
1072	46	43	89	0	P50	1	-0.001846	-0.001846	0.001892	0.001892
1072	46	43	89	0	P75	1	-0.000924	-0.000924	0.002818	0.002818
1072	46	43	89	0	P90	1	-0.000336	-0.000336	0.003408	0.003408
1072	46	43	89	0	P95	1	-0.000168	-0.000168	0.003576	0.003576
1072	46	43	89	0	P99	1	-0.000000	-0.000000	0.003745	0.003745
1072	46	43	89	0	P999	1	-0.000000	-0.000000	0.003745	0.003745
1073	21	39	60	0	P1	1	-0.003669	-0.003669	0.000062	0.000062
1073	21	39	60	0	P50	1	-0.001805	-0.001867	0.001933	0.001871
1073	21	39	60	0	P75	1	-0.000872	-0.000934	0.002870	0.002807
1073	21	39	60	0	P90	1	-0.000311	-0.000374	0.003432	0.003370
1073	21	39	60	0	P95	1	-0.000125	-0.000187	0.003620	0.003557
1073	21	39	60	0	P99	1	-0.000000	-0.000000	0.003745	0.003745
1073	21	39	60	0	P999	1	-0.000000	-0.000000	0.003745	0.003745
1074	42	41	83	0	P1	1	-0.003686	-0.003686	0.000045	0.000045
1074	42	41	83	0	P50	1	-0.001845	-0.001845	0.001893	0.001893
1074	42	41	83	0	P75	1	-0.000900	-0.000900	0.002841	0.002841
1074	42	41	83	0	P90	1	-0.000360	-0.000360	0.003383	0.003383
1074	42	41	83	0	P95	1	-0.000180	-0.000180	0.003564	0.003564
1074	42	41	83	0	P99	1	-0.000000	-0.000000	0.003745	0.003745
1074	42	41	83	0	P999	1	-0.000000	-0.000000	0.003745	0.003745
1075	42	50	92	0	P1	1	-0.003691	-0.003691	0.000041	0.000041
1075	42	50	92	0	P50	1	-0.001827	-0.001867	0.001911	0.001871
1075	42	50	92	0	P75	1	-0.000893	-0.000934	0.002848	0.002807
1075	42	50	92	0	P90	1	-0.000366	-0.000366	0.003378	0.003378
1075	42	50	92	0	P95	1	-0.000163	-0.000163	0.003582	0.003582
1075	42	50	92	0	P99	1	-0.000000	-0.000000	0.003745	0.003745
1075	42	50	92	0	P999	1	-0.000000	-0.000000	0.003745	0.003745
1076	40	36	76	0	P1	1	-0.003682	-0.003682	0.000049	0.000049
1076	40	36	76	0	P50	1	-0.001818	-0.001867	0.001920	0.001871
1076	40	36	76	0	P75	1	-0.000885	-0.000934	0.002857	0.002807
1076	40	36	76	0	P90	1	-0.000344	-0.000344	0.003399	0.003399
1076	40	36	76	0	P95	1	-0.000148	-0.000148	0.003597	0.003597
1076	40	36	76	0	P99	1	-0.000000	-0.000000	0.003745	0.003745
1076	40	36	76	0	P999	1	-0.000000	-0.000000	0.003745	0.003745
1077	33	32	65	0	P1	1	-0.003674	-0.003674	0.000058	0.000058
1077	33	32	65	0	P50	1	-0.001839	-0.001839	0.001900	0.001900
1077	33	32	65	0	P75	1	-0.000920	-0.000920	0.002822	0.002822
1077	33	32	65	0	P90	1	-0.000345	-0.000345	0.003399	0.003399
1077	33	32	65	0	P95	1	-0.000173	-0.000173	0.003572	0.003572
1077	33	32	65	0	P99	1	-0.000000	-0.000000	0.003745	0.003745
1077	33	32	65	0	P999	1	-0.000000	-0.000000	0.003745	0.003745
1078	43	35	78	0	P1	1	-0.003683	-0.003683	0.000048	0.000048
1078	43	35	78	0	P50	1	-0.001819	-0.001867	0.001919	0.001871
1078	43	35	78	0	P75	1	-0.000910	-0.000910	0.002831	0.002831
1078	43	35	78	0	P90	1	-0.000335	-0.000335	0.003408	0.003408
1078	43	35	78	0	P95	1	-0.000144	-0.000144	0.003601	0.003601
1078	43	35	78	0	P99	1	-0.000000	-0.000000	0.003745	0.003745
1078	43	35	78	0	P999	1	-0.000000	-0.000000	0.003745	0.003745
1079	48	43	91	0	P1	1	-0.003690	-0.003690	0.000041	0.000041
1079	48	43	91	0	P50	1	-0.001847	-0.001847	0.001891	0.001891
1079	48	43	91	0	P75	1	-0.000903	-0.000903	0.002838	0.002838
1079	48	43	91	0	P90	1	-0.000370	-0.000370	0.003374	0.003374
1079	48	43	91	0	P95	1	-0.000164	-0.000164	0.003580	0.003580
1079	48	43	91	0	P99	1	-0.000000	-0.000000	0.003745	0.003745
1079	48	43	91	0	P999	1	-0.000000	-0.000000	0.003745	0.003745
1080	34	38	72	0	P1	1	-0.003679	-0.003679	0.000052	0.000052
1080	34	38	72	0	P50	1	-0.001815	-0.001867	0.001923	0.001871
1080	34	38	72	0	P75	1	-0.000882	-0.000934	0.002859	0.002807
1080	34	38	72	0	P90	1	-0.000363	-0.000363	0.003380	0.003380
1080	34	38	72	0	P95	1	-0.000156	-0.000156	0.003589	0.003589
1080	34	38	72	0	P99	1	-0.000000	-0.000000	0.003745	0.003745
1080	34	38	72	0	P999	1	-0.000000	-0.000000	0.003745	0.003745
1081	38	38	76	0	P1	1	-0.003682	-0.003682	0.000049	0.000049
1081	38	38	76	0	P50	1	-0.001818	-0.001867	0.001920	0.001871
1081	38	38	76	0	P75	1	-0.000885	-0.000934	0.002857	0.002807
1081	38	38	76	0	P90	1	-0.000344	-0.000344	0.003399	0.003399
1081	38	38	76	0	P95	1	-0.000148	-0.000148	0.003597	0.003597
1081	38	38	76	0	P99	1	-0.000000	-0.000000	0.003745	0.003745
1081	38	38	76	0	P999	1	-0.000000	-0.000000	0.003745	0.003745
1082	34	37	71	0	P1	1	-0.003679	-0.003679	0.000053	0.000053
1082	34	37	71	0	P50	1	-0.001841	-0.001841	0.001897	0.001897
1082	34	37	71	0	P75	1	-0.000895	-0.000895	0.002847	0.002847
1082	34	37	71	0	P90	1	-0.000368	-0.000368	0.003375	0.003375
1082	34	37	71	0	P95	1	-0.000158	-0.000158	0.003586	0.003586
1082	34	37	71	0	P99	1	-0.000000	-0.000000	0.003745	0.003745
1082	34	37	71	0	P999	1	-0.000000	-0.000000	0.003745	0.003745
1083	14	23	37	0	P1	1	-0.003630	-0.003630	0.000101	0.000101
1083	14	23	37	0	P50	1	-0.001817	-0.001817	0.001921	0.001921
1083	14	23	37	0	P75	1	-0.000909	-0.000909	0.002833	0.002833
1083	14	23	37	0	P90	1	-0.000303	-0.000303	0.003441	0.003441
1083	14	23	37	0	P95	1	-0.000101	-0.000101	0.003644	0.003644
1083	14	23	37	0	P99	1	-0.000000	-0.000000	0.003745	0.003745
1083	14	23	37	0	P999	1	-0.000000	-0.000000	0.003745	0.003745
1084	20	16	36	0	P1	1	-0.003628	-0.003628	0.000104	0.000104
1084	20	16	36	0	P50	1	-0.001764	-0.001867	0.001975	0.001871
1084	20	16	36	0	P75	1	-0.000830	-0.000934	0.002912	0.002807
1084	20	16	36	0	P90	1	-0.000311	-0.000311	0.003432	0.003432
1084	20	16	36	0	P95	1	-0.000104	-0.000104	0.003641	0.003641
1084	20	16	36	0	P99	1	-0.000000	-0.000000	0.003745	0.003745
1084	20	16	36	0	P999	1	-0.000000	-0.000000	0.003745	0.003745
1085	2	21	23	0	P1	1	-0.003569	-0.003569	0.000163	0.000163
1085	2	21	23	0	P50	1	-0.001786	-0.001786	0.001952	0.001952
1085	2	21	23	0	P75	1	-0.000812	-0.000812	0.002930	0.002930
1085	2	21	23	0	P90	1	-0.000325	-0.000325	0.003419	0.003419
1085	2	21	23	0	P95	1	-0.000163	-0.000163	0.003582	0.003582
1085	2	21	23	0	P99	1	-0.000000	-0.000000	0.003745	0.003745
1085	2	21	23	0	P999	1	-0.000000	-0.000000	0.003745	0.003745
1086	35	34	69	0	P1	1	-0.003677	-0.003677	0.000054	0.000054
1086	35	34	69	0	P50	1	-0.001840	-0.001840	0.001898	0.001898
1086	35	34	69	0	P75	1	-0.000921	-0.000921	0.002821	0.002821
1086	35	34	69	0	P90	1	-0.000325	-0.000325	0.003419	0.003419
1086	35	34	69	0	P95	1	-0.000163	-0.000163	0.003582	0.003582
1086	35	34	69	0	P99	1	-0.000000	-0.000000	0.003745	0.003745
1086	35	34	69	0	P999	1	-0.000000	-0.000000	0.003745	0.003745
1087	41	24	65	0	P1	1	-0.003674	-0.003674	0.000058	0.000058
1087	41	24	65	0	P50	1	-0.001839	-0.001839	0.001900	0.001900
1087	41	24	65	0	P75	1	-0.000920	-0.000920	0.002822	0.002822
1087	41	24	65	0	P90	1	-0.000345	-0.000345	0.003399	0.003399
1087	41	24	65	0	P95	1	-0.000173	-0.000173	0.003572	0.003572
1087	41	24	65	0	P99	1	-0.000000	-0.000000	0.003745	0.003745
1087	41	24	65	0	P999	1	-0.000000	-0.000000	0.003745	0.003745
1088	31	32	63	0	P1	1	-0.003672	-0.003672	0.000059	0.000059
1088	31	32	63	0	P50	1	-0.001838	-0.001838	0.001900	0.001900
1088	31	32	63	0	P75	1	-0.000890	-0.000890	0.002852	0.002852
1088	31	32	63	0	P90	1	-0.000356	-0.000356	0.003388	0.003388
1088	31	32	63	0	P95	1	-0.000178	-0.000178	0.003566	0.003566
1088	31	32	63	0	P99	1	-0.000000	-0.000000	0.003745	0.003745
1088	31	32	63	0	P999	1	-0.000000	-0.000000	0.003745	0.003745
1089	2	2	4	0	P1	1	-0.002800	-0.002800	0.000935	0.000935
1089	2	2	4	0	P50	1	-0.000934	-0.001867	0.002807	0.001871
1089	2	2	4	0	P75	1	-0.000000	-0.000934	0.003745	0.002807
1089	2	2	4	0	P90	1	-0.000000	-0.000000	0.003745	0.003745
1089	2	2	4	0	P95	1	-0.000000	-0.000000	0.003745	0.003745
1089	2	2	4	0	P99	1	-0.000000	-0.000000	0.003745	0.003745
1089	2	2	4	0	P999	1	-0.000000	-0.000000	0.003745	0.003745
1090	2	2	4	0	P1	1	-0.002800	-0.002800	0.000935	0.000935
1090	2	2	4	0	P50	1	-0.000934	-0.001867	0.002807	0.001871
1090	2	2	4	0	P75	1	-0.000000	-0.000934	0.003745	0.002807
1090	2	2	4	0	P90	1	-0.000000	-0.000000	0.003745	0.003745
1090	2	2	4	0	P95	1	-0.000000	-0.000000	0.003745	0.003745
1090	2	2	4	0	P99	1	-0.000000	-0.000000	0.003745	0.003745
1090	2	2	4	0	P999	1	-0.000000	-0.000000	0.003745	0.003745
1091	2	4	6	0	P1	1	-0.003110	-0.003110	0.000623	0.000623
1091	2	4	6	0	P50	1	-0.001245	-0.001867	0.002495	0.001871
1091	2	4	6	0	P75	1	-0.000623	-0.000623	0.003120	0.003120
1091	2	4	6	0	P90	1	-0.000000	-0.000000	0.003745	0.003745
1091	2	4	6	0	P95	1	-0.000000	-0.000000	0.003745	0.003745
1091	2	4	6	0	P99	1	-0.000000	-0.000000	0.003745	0.003745
1091	2	4	6	0	P999	1	-0.000000	-0.000000	0.003745	0.003745
1092	2	3	5	0	P1	1	-0.002986	-0.002986	0.000748	0.000748
1092	2	3	5	0	P50	1	-0.001494	-0.001494	0.002245	0.002245
1092	2	3	5	0	P75	1	-0.000747	-0.000747	0.002995	0.002995
1092	2	3	5	0	P90	1	-0.000000	-0.000000	0.003745	0.003745
1092	2	3	5	0	P95	1	-0.000000	-0.000000	0.003745	0.003745
1092	2	3	5	0	P99	1	-0.000000	-0.000000	0.003745	0.003745
1092	2	3	5	0	P999	1	-0.000000	-0.000000	0.003745	0.003745
1093	3	2	5	0	P1	1	-0.002986	-0.002986	0.000748	0.000748
1093	3	2	5	0	P50	1	-0.001494	-0.001494	0.002245	0.002245
1093	3	2	5	0	P75	1	-0.000747	-0.000747	0.002995	0.002995
1093	3	2	5	0	P90	1	-0.000000	-0.000000	0.003745	0.003745
1093	3	2	5	0	P95	1	-0.000000	-0.000000	0.003745	0.003745
1093	3	2	5	0	P99	1	-0.000000	-0.000000	0.003745	0.003745
1093	3	2	5	0	P999	1	-0.000000	-0.000000	0.003745	0.003745
1094	3	3	6	0	P1	1	-0.003110	-0.003110	0.000623	0.000623
1094	3	3	6	0	P50	1	-0.001245	-0.001867	0.002495	0.001871
1094	3	3	6	0	P75	1	-0.000623	-0.000623	0.003120	0.003120
1094	3	3	6	0	P90	1	-0.000000	-0.000000	0.003745	0.003745
1094	3	3	6	0	P95	1	-0.000000	-0.000000	0.003745	0.003745
1094	3	3	6	0	P99	1	-0.000000	-0.000000	0.003745	0.003745
1094	3	3	6	0	P999	1	-0.000000	-0.000000	0.003745	0.003745
1095	2	2	4	0	P1	1	-0.002800	-0.002800	0.000935	0.000935
1095	2	2	4	0	P50	1	-0.000934	-0.001867	0.002807	0.001871
1095	2	2	4	0	P75	1	-0.000000	-0.000934	0.003745	0.002807
1095	2	2	4	0	P90	1	-0.000000	-0.000000	0.003745	0.003745
1095	2	2	4	0	P95	1	-0.000000	-0.000000	0.003745	0.003745
1095	2	2	4	0	P99	1	-0.000000	-0.000000	0.003745	0.003745
1095	2	2	4	0	P999	1	-0.000000	-0.000000	0.003745	0.003745
1096	2	2	4	0	P1	1	-0.002800	-0.002800	0.000935	0.000935
1096	2	2	4	0	P50	1	-0.000934	-0.001867	0.002807	0.001871
1096	2	2	4	0	P75	1	-0.000000	-0.000934	0.003745	0.002807
1096	2	2	4	0	P90	1	-0.000000	-0.000000	0.003745	0.003745
1096	2	2	4	0	P95	1	-0.000000	-0.000000	0.003745	0.003745
1096	2	2	4	0	P99	1	-0.000000	-0.000000	0.003745	0.003745
1096	2	2	4	0	P999	1	-0.000000	-0.000000	0.003745	0.003745
1097	3	2	5	0	P1	1	-0.002986	-0.002986	0.000748	0.000748
1097	3	2	5	0	P50	1	-0.001494	-0.001494	0.002245	0.002245
1097	3	2	5	0	P75	1	-0.000747	-0.000747	0.002995	0.002995
1097	3	2	5	0	P90	1	-0.000000	-0.000000	0.003745	0.003745
1097	3	2	5	0	P95	1	-0.000000	-0.000000	0.003745	0.003745
1097	3	2	5	0	P99	1	-0.000000	-0.000000	0.003745	0.003745
1097	3	2	5	0	P999	1	-0.000000	-0.000000	0.003745	0.003745
1098	4	3	7	0	P1	1	-0.003199	-0.003199	0.000534	0.000534
1098	4	3	7	0	P50	1	-0.001601	-0.001601	0.002138	0.002138
1098	4	3	7	0	P75	1	-0.000534	-0.000534	0.003209	0.003209
1098	4	3	7	0	P90	1	-0.000000	-0.000000	0.003745	0.003745
1098	4	3	7	0	P95	1	-0.000000	-0.000000	0.003745	0.003745
1098	4	3	7	0	P99	1	-0.000000	-0.000000	0.003745	0.003745
1098	4	3	7	0	P999	1	-0.000000	-0.000000	0.003745	0.003745
1099	2	2	4	0	P1	1	-0.002800	-0.002800	0.000935	0.000935
1099	2	2	4	0	P50	1	-0.000934	-0.001867	0.002807	0.001871
1099	2	2	4	0	P75	1	-0.000000	-0.000934	0.003745	0.002807
1099	2	2	4	0	P90	1	-0.000000	-0.000000	0.003745	0.003745
1099	2	2	4	0	P95	1	-0.000000	-0.000000	0.003745	0.003745
1099	2	2	4	0	P99	1	-0.000000	-0.000000	0.003745	0.003745
1099	2	2	4	0	P999	1	-0.000000	-0.000000	0.003745	0.003745
1100	3	27	30	0	P1	1	-0.003607	-0.003607	0.000125	0.000125
1100	3	27	30	0	P50	1	-0.001743	-0.001867	0.001996	0.001871
1100	3	27	30	0	P75	1	-0.000872	-0.000872	0.002870	0.002870
1100	3	27	30	0	P90	1	-0.000249	-0.000374	0.003495	0.003370
1100	3	27	30	0	P95	1	-0.000125	-0.000125	0.003620	0.003620
1100	3	27	30	0	P99	1	-0.000000	-0.000000	0.003745	0.003745
1100	3	27	30	0	P999	1	-0.000000	-0.000000	0.003745	0.003745
1101	24	25	49	0	P1	1	-0.003655	-0.003655	0.000076	0.000076
1101	24	25	49	0	P50	1	-0.001829	-0.001829	0.001909	0.001909
1101	24	25	49	0	P75	1	-0.000915	-0.000915	0.002827	0.002827
1101	24	25	49	0	P90	1	-0.000305	-0.000305	0.003439	0.003439
1101	24	25	49	0	P95	1	-0.000153	-0.000153	0.003592	0.003592
1101	24	25	49	0	P99	1	-0.000000	-0.000000	0.003745	0.003745
1101	24	25	49	0	P999	1	-0.000000	-0.000000	0.003745	0.003745
1102	36	29	65	0	P1	1	-0.003674	-0.003674	0.000058	0.000058
1102	36	29	65	0	P50	1	-0.001839	-0.001839	0.001900	0.001900
1102	36	29	65	0	P75	1	-0.000920	-0.000920	0.002822	0.002822
1102	36	29	65	0	P90	1	-0.000345	-0.000345	0.003399	0.003399
1102	36	29	65	0	P95	1	-0.000173	-0.000173	0.003572	0.003572
1102	36	29	65	0	P99	1	-0.000000	-0.000000	0.003745	0.003745
1102	36	29	65	0	P999	1	-0.000000	-0.000000	0.003745	0.003745
1103	31	34	65	0	P1	1	-0.003674	-0.003674	0.000058	0.000058
1103	31	34	65	0	P50	1	-0.001839	-0.001839	0.001900	0.001900
1103	31	34	65	0	P75	1	-0.000920	-0.000920	0.002822	0.002822
1103	31	34	65	0	P90	1	-0.000345	-0.000345	0.003399	0.003399
1103	31	34	65	0	P95	1	-0.000173	-0.000173	0.003572	0.003572
1103	31	34	65	0	P99	1	-0.000000	-0.000000	0.003745	0.003745
1103	31	34	65	0	P999	1	-0.000000	-0.000000	0.003745	0.003745
1104	6	19	25	0	P1	1	-0.003582	-0.003582	0.000150	0.000150
1104	6	19	25	0	P50	1	-0.001793	-0.001793	0.001946	0.001946
1104	6	19	25	0	P75	1	-0.000897	-0.000897	0.002845	0.002845
1104	6	19	25	0	P90	1	-0.000299	-0.000299	0.003445	0.003445
1104	6	19	25	0	P95	1	-0.000150	-0.000150	0.003595	0.003595
1104	6	19	25	0	P99	1	-0.000000	-0.000000	0.003745	0.003745
1104	6	19	25	0	P999	1	-0.000000	-0.000000	0.003745	0.003745
1105	31	30	61	0	P1	1	-0.003670	-0.003670	0.000061	0.000061
1105	31	30	61	0	P50	1	-0.001837	-0.001837	0.001901	0.001901
1105	31	30	61	0	P75	1	-0.000919	-0.000919	0.002823	0.002823
1105	31	30	61	0	P90	1	-0.000368	-0.000368	0.003376	0.003376
1105	31	30	61	0	P95	1	-0.000184	-0.000184	0.003560	0.003560
1105	31	30	61	0	P99	1	-0.000000	-0.000000	0.003745	0.003745
1105	31	30	61	0	P999	1	-0.000000	-0.000000	0.003745	0.003745
1106	28	25	53	0	P1	1	-0.003661	-0.003661	0.000071	0.000071
1106	28	25	53	0	P50	1	-0.001832	-0.001832	0.001906	0.001906
1106	28	25	53	0	P75	1	-0.000916	-0.000916	0.002825	0.002825
1106	28	25	53	0	P90	1	-0.000353	-0.000353	0.003391	0.003391
1106	28	25	53	0	P95	1	-0.000141	-0.000141	0.003603	0.003603
1106	28	25	53	0	P99	1	-0.000000	-0.000000	0.003745	0.003745
1106	28	25	53	0	P999	1	-0.000000	-0.000000	0.003745	0.003745
1107	37	25	62	0	P1	1	-0.003671	-0.003671	0.000060	0.000060
1107	37	25	62	0	P50	1	-0.001807	-0.001867	0.001931	0.001871
1107	37	25	62	0	P75	1	-0.000904	-0.000904	0.002838	0.002838
1107	37	25	62	0	P90	1	-0.000362	-0.000362	0.003382	0.003382
1107	37	25	62	0	P95	1	-0.000181	-0.000181	0.003563	0.003563
1107	37	25	62	0	P99	1	-0.000000	-0.000000	0.003745	0.003745
1107	37	25	62	0	P999	1	-0.000000	-0.000000	0.003745	0.003745
1108	32	31	63	0	P1	1	-0.003672	-0.003672	0.000059	0.000059
1108	32	31	63	0	P50	1	-0.001838	-0.001838	0.001900	0.001900
1108	32	31	63	0	P75	1	-0.000890	-0.000890	0.002852	0.002852
1108	32	31	63	0	P90	1	-0.000356	-0.000356	0.003388	0.003388
1108	32	31	63	0	P95	1	-0.000178	-0.000178	0.003566	0.003566
1108	32	31	63	0	P99	1	-0.000000	-0.000000	0.003745	0.003745
1108	32	31	63	0	P999	1	-0.000000	-0.000000	0.003745	0.003745
1109	4	2	6	0	P1	1	-0.003110	-0.003110	0.000623	0.000623
1109	4	2	6	0	P50	1	-0.001245	-0.001867	0.002495	0.001871
1109	4	2	6	0	P75	1	-0.000623	-0.000623	0.003120	0.003120
1109	4	2	6	0	P90	1	-0.000000	-0.000000	0.003745	0.003745
1109	4	2	6	0	P95	1	-0.000000	-0.000000	0.003745	0.003745
1109	4	2	6	0	P99	1	-0.000000	-0.000000	0.003745	0.003745
1109	4	2	6	0	P999	1	-0.000000	-0.000000	0.003745	0.003745
1110	36	77	113	0	P1	1	-0.003665	-0.003665	0.000066	0.000066
1110	36	77	113	0	P50	1	-0.001851	-0.001851	0.001887	0.001887
1110	36	77	113	0	P75	1	-0.000926	-0.000926	0.002816	0.002816
1110	36	77	113	0	P90	1	-0.000364	-0.000364	0.003380	0.003380
1110	36	77	113	0	P95	1	-0.000165	-0.000165	0.003579	0.003579
1110	36	77	113	0	P99	1	-0.000033	-0.000033	0.003712	0.003712
1110	36	77	113	0	P999	1	-0.000000	-0.000000	0.003745	0.003745
1111	2	2	4	0	P1	1	-0.002800	-0.002800	0.000935	0.000935
1111	2	2	4	0	P50	1	-0.000934	-0.001867	0.002807	0.001871
1111	2	2	4	0	P75	1	-0.000000	-0.000934	0.003745	0.002807
1111	2	2	4	0	P90	1	-0.000000	-0.000000	0.003745	0.003745
1111	2	2	4	0	P95	1	-0.000000	-0.000000	0.003745	0.003745
1111	2	2	4	0	P99	1	-0.000000	-0.000000	0.003745	0.003745
1111	2	2	4	0	P999	1	-0.000000	-0.000000	0.003745	0.003745
1112	2	2	4	0	P1	1	-0.002800	-0.002800	0.000935	0.000935
1112	2	2	4	0	P50	1	-0.000934	-0.001867	0.002807	0.001871
1112	2	2	4	0	P75	1	-0.000000	-0.000934	0.003745	0.002807
1112	2	2	4	0	P90	1	-0.000000	-0.000000	0.003745	0.003745
1112	2	2	4	0	P95	1	-0.000000	-0.000000	0.003745	0.003745
1112	2	2	4	0	P99	1	-0.000000	-0.000000	0.003745	0.003745
1112	2	2	4	0	P999	1	-0.000000	-0.000000	0.003745	0.003745
1113	2	2	4	0	P1	1	-0.002800	-0.002800	0.000935	0.000935
1113	2	2	4	0	P50	1	-0.000934	-0.001867	0.002807	0.001871
1113	2	2	4	0	P75	1	-0.000000	-0.000934	0.003745	0.002807
1113	2	2	4	0	P90	1	-0.000000	-0.000000	0.003745	0.003745
1113	2	2	4	0	P95	1	-0.000000	-0.000000	0.003745	0.003745
1113	2	2	4	0	P99	1	-0.000000	-0.000000	0.003745	0.003745
1113	2	2	4	0	P999	1	-0.000000	-0.000000	0.003745	0.003745
1114	3	2	5	0	P1	1	-0.002986	-0.002986	0.000748	0.000748
1114	3	2	5	0	P50	1	-0.001494	-0.001494	0.002245	0.002245
1114	3	2	5	0	P75	1	-0.000747	-0.000747	0.002995	0.002995
1114	3	2	5	0	P90	1	-0.000000	-0.000000	0.003745	0.003745
1114	3	2	5	0	P95	1	-0.000000	-0.000000	0.003745	0.003745
1114	3	2	5	0	P99	1	-0.000000	-0.000000	0.003745	0.003745
1114	3	2	5	0	P999	1	-0.000000	-0.000000	0.003745	0.003745
1115	2	3	5	0	P1	1	-0.002986	-0.002986	0.000748	0.000748
1115	2	3	5	0	P50	1	-0.001494	-0.001494	0.002245	0.002245
1115	2	3	5	0	P75	1	-0.000747	-0.000747	0.002995	0.002995
1115	2	3	5	0	P90	1	-0.000000	-0.000000	0.003745	0.003745
1115	2	3	5	0	P95	1	-0.000000	-0.000000	0.003745	0.003745
1115	2	3	5	0	P99	1	-0.000000	-0.000000	0.003745	0.003745
1115	2	3	5	0	P999	1	-0.000000	-0.000000	0.003745	0.003745
1116	3	2	5	0	P1	1	-0.002986	-0.002986	0.000748	0.000748
1116	3	2	5	0	P50	1	-0.001494	-0.001494	0.002245	0.002245
1116	3	2	5	0	P75	1	-0.000747	-0.000747	0.002995	0.002995
1116	3	2	5	0	P90	1	-0.000000	-0.000000	0.003745	0.003745
1116	3	2	5	0	P95	1	-0.000000	-0.000000	0.003745	0.003745
1116	3	2	5	0	P99	1	-0.000000	-0.000000	0.003745	0.003745
1116	3	2	5	0	P999	1	-0.000000	-0.000000	0.003745	0.003745
1117	3	2	5	0	P1	1	-0.002986	-0.002986	0.000748	0.000748
1117	3	2	5	0	P50	1	-0.001494	-0.001494	0.002245	0.002245
1117	3	2	5	0	P75	1	-0.000747	-0.000747	0.002995	0.002995
1117	3	2	5	0	P90	1	-0.000000	-0.000000	0.003745	0.003745
1117	3	2	5	0	P95	1	-0.000000	-0.000000	0.003745	0.003745
1117	3	2	5	0	P99	1	-0.000000	-0.000000	0.003745	0.003745
1117	3	2	5	0	P999	1	-0.000000	-0.000000	0.003745	0.003745
1118	2	2	4	0	P1	1	-0.002800	-0.002800	0.000935	0.000935
1118	2	2	4	0	P50	1	-0.000934	-0.001867	0.002807	0.001871
1118	2	2	4	0	P75	1	-0.000000	-0.000934	0.003745	0.002807
1118	2	2	4	0	P90	1	-0.000000	-0.000000	0.003745	0.003745
1118	2	2	4	0	P95	1	-0.000000	-0.000000	0.003745	0.003745
1118	2	2	4	0	P99	1	-0.000000	-0.000000	0.003745	0.003745
1118	2	2	4	0	P999	1	-0.000000	-0.000000	0.003745	0.003745
1119	2	2	4	0	P1	1	-0.002800	-0.002800	0.000935	0.000935
1119	2	2	4	0	P50	1	-0.000934	-0.001867	0.002807	0.001871
1119	2	2	4	0	P75	1	-0.000000	-0.000934	0.003745	0.002807
1119	2	2	4	0	P90	1	-0.000000	-0.000000	0.003745	0.003745
1119	2	2	4	0	P95	1	-0.000000	-0.000000	0.003745	0.003745
1119	2	2	4	0	P99	1	-0.000000	-0.000000	0.003745	0.003745
1119	2	2	4	0	P999	1	-0.000000	-0.000000	0.003745	0.003745
1120	3	5	8	0	P1	1	-0.003265	-0.003265	0.000467	0.000467
1120	3	5	8	0	P50	1	-0.001401	-0.001867	0.002339	0.001871
1120	3	5	8	0	P75	1	-0.000467	-0.000934	0.003276	0.002807
1120	3	5	8	0	P90	1	-0.000000	-0.000000	0.003745	0.003745
1120	3	5	8	0	P95	1	-0.000000	-0.000000	0.003745	0.003745
1120	3	5	8	0	P99	1	-0.000000	-0.000000	0.003745	0.003745
1120	3	5	8	0	P999	1	-0.000000	-0.000000	0.003745	0.003745
1121	3	3	6	0	P1	1	-0.003110	-0.003110	0.000623	0.000623
1121	3	3	6	0	P50	1	-0.001245	-0.001867	0.002495	0.001871
1121	3	3	6	0	P75	1	-0.000623	-0.000623	0.003120	0.003120
1121	3	3	6	0	P90	1	-0.000000	-0.000000	0.003745	0.003745
1121	3	3	6	0	P95	1	-0.000000	-0.000000	0.003745	0.003745
1121	3	3	6	0	P99	1	-0.000000	-0.000000	0.003745	0.003745
1121	3	3	6	0	P999	1	-0.000000	-0.000000	0.003745	0.003745
1122	3	3	6	0	P1	1	-0.003110	-0.003110	0.000623	0.000623
1122	3	3	6	0	P50	1	-0.001245	-0.001867	0.002495	0.001871
1122	3	3	6	0	P75	1	-0.000623	-0.000623	0.003120	0.003120
1122	3	3	6	0	P90	1	-0.000000	-0.000000	0.003745	0.003745
1122	3	3	6	0	P95	1	-0.000000	-0.000000	0.003745	0.003745
1122	3	3	6	0	P99	1	-0.000000	-0.000000	0.003745	0.003745
1122	3	3	6	0	P999	1	-0.000000	-0.000000	0.003745	0.003745
1123	2	2	4	0	P1	1	-0.002800	-0.002800	0.000935	0.000935
1123	2	2	4	0	P50	1	-0.000934	-0.001867	0.002807	0.001871
1123	2	2	4	0	P75	1	-0.000000	-0.000934	0.003745	0.002807
1123	2	2	4	0	P90	1	-0.000000	-0.000000	0.003745	0.003745
1123	2	2	4	0	P95	1	-0.000000	-0.000000	0.003745	0.003745
1123	2	2	4	0	P99	1	-0.000000	-0.000000	0.003745	0.003745
1123	2	2	4	0	P999	1	-0.000000	-0.000000	0.003745	0.003745
1124	2	2	4	0	P1	1	-0.002800	-0.002800	0.000935	0.000935
1124	2	2	4	0	P50	1	-0.000934	-0.001867	0.002807	0.001871
1124	2	2	4	0	P75	1	-0.000000	-0.000934	0.003745	0.002807
1124	2	2	4	0	P90	1	-0.000000	-0.000000	0.003745	0.003745
1124	2	2	4	0	P95	1	-0.000000	-0.000000	0.003745	0.003745
1124	2	2	4	0	P99	1	-0.000000	-0.000000	0.003745	0.003745
1124	2	2	4	0	P999	1	-0.000000	-0.000000	0.003745	0.003745
1125	2	2	4	0	P1	1	-0.002800	-0.002800	0.000935	0.000935
1125	2	2	4	0	P50	1	-0.000934	-0.001867	0.002807	0.001871
1125	2	2	4	0	P75	1	-0.000000	-0.000934	0.003745	0.002807
1125	2	2	4	0	P90	1	-0.000000	-0.000000	0.003745	0.003745
1125	2	2	4	0	P95	1	-0.000000	-0.000000	0.003745	0.003745
1125	2	2	4	0	P99	1	-0.000000	-0.000000	0.003745	0.003745
1125	2	2	4	0	P999	1	-0.000000	-0.000000	0.003745	0.003745
1126	2	2	4	0	P1	1	-0.002800	-0.002800	0.000935	0.000935
1126	2	2	4	0	P50	1	-0.000934	-0.001867	0.002807	0.001871
1126	2	2	4	0	P75	1	-0.000000	-0.000934	0.003745	0.002807
1126	2	2	4	0	P90	1	-0.000000	-0.000000	0.003745	0.003745
1126	2	2	4	0	P95	1	-0.000000	-0.000000	0.003745	0.003745
1126	2	2	4	0	P99	1	-0.000000	-0.000000	0.003745	0.003745
1126	2	2	4	0	P999	1	-0.000000	-0.000000	0.003745	0.003745
1127	2	2	4	0	P1	1	-0.002800	-0.002800	0.000935	0.000935
1127	2	2	4	0	P50	1	-0.000934	-0.001867	0.002807	0.001871
1127	2	2	4	0	P75	1	-0.000000	-0.000934	0.003745	0.002807
1127	2	2	4	0	P90	1	-0.000000	-0.000000	0.003745	0.003745
1127	2	2	4	0	P95	1	-0.000000	-0.000000	0.003745	0.003745
1127	2	2	4	0	P99	1	-0.000000	-0.000000	0.003745	0.003745
1127	2	2	4	0	P999	1	-0.000000	-0.000000	0.003745	0.003745
1128	2	2	4	0	P1	1	-0.002800	-0.002800	0.000935	0.000935
1128	2	2	4	0	P50	1	-0.000934	-0.001867	0.002807	0.001871
1128	2	2	4	0	P75	1	-0.000000	-0.000934	0.003745	0.002807
1128	2	2	4	0	P90	1	-0.000000	-0.000000	0.003745	0.003745
1128	2	2	4	0	P95	1	-0.000000	-0.000000	0.003745	0.003745
1128	2	2	4	0	P99	1	-0.000000	-0.000000	0.003745	0.003745
1128	2	2	4	0	P999	1	-0.000000	-0.000000	0.003745	0.003745
1129	2	2	4	0	P1	1	-0.002800	-0.002800	0.000935	0.000935
1129	2	2	4	0	P50	1	-0.000934	-0.001867	0.002807	0.001871
1129	2	2	4	0	P75	1	-0.000000	-0.000934	0.003745	0.002807
1129	2	2	4	0	P90	1	-0.000000	-0.000000	0.003745	0.003745
1129	2	2	4	0	P95	1	-0.000000	-0.000000	0.003745	0.003745
1129	2	2	4	0	P99	1	-0.000000	-0.000000	0.003745	0.003745
1129	2	2	4	0	P999	1	-0.000000	-0.000000	0.003745	0.003745
1130	2	2	4	0	P1	1	-0.002800	-0.002800	0.000935	0.000935
1130	2	2	4	0	P50	1	-0.000934	-0.001867	0.002807	0.001871
1130	2	2	4	0	P75	1	-0.000000	-0.000934	0.003745	0.002807
1130	2	2	4	0	P90	1	-0.000000	-0.000000	0.003745	0.003745
1130	2	2	4	0	P95	1	-0.000000	-0.000000	0.003745	0.003745
1130	2	2	4	0	P99	1	-0.000000	-0.000000	0.003745	0.003745
1130	2	2	4	0	P999	1	-0.000000	-0.000000	0.003745	0.003745
1131	2	2	4	0	P1	1	-0.002800	-0.002800	0.000935	0.000935
1131	2	2	4	0	P50	1	-0.000934	-0.001867	0.002807	0.001871
1131	2	2	4	0	P75	1	-0.000000	-0.000934	0.003745	0.002807
1131	2	2	4	0	P90	1	-0.000000	-0.000000	0.003745	0.003745
1131	2	2	4	0	P95	1	-0.000000	-0.000000	0.003745	0.003745
1131	2	2	4	0	P99	1	-0.000000	-0.000000	0.003745	0.003745
1131	2	2	4	0	P999	1	-0.000000	-0.000000	0.003745	0.003745
1132	3	3	6	0	P1	1	-0.003110	-0.003110	0.000623	0.000623
1132	3	3	6	0	P50	1	-0.001245	-0.001867	0.002495	0.001871
1132	3	3	6	0	P75	1	-0.000623	-0.000623	0.003120	0.003120
1132	3	3	6	0	P90	1	-0.000000	-0.000000	0.003745	0.003745
1132	3	3	6	0	P95	1	-0.000000	-0.000000	0.003745	0.003745
1132	3	3	6	0	P99	1	-0.000000	-0.000000	0.003745	0.003745
1132	3	3	6	0	P999	1	-0.000000	-0.000000	0.003745	0.003745
1133	2	2	4	0	P1	1	-0.002800	-0.002800	0.000935	0.000935
1133	2	2	4	0	P50	1	-0.000934	-0.001867	0.002807	0.001871
1133	2	2	4	0	P75	1	-0.000000	-0.000934	0.003745	0.002807
1133	2	2	4	0	P90	1	-0.000000	-0.000000	0.003745	0.003745
1133	2	2	4	0	P95	1	-0.000000	-0.000000	0.003745	0.003745
1133	2	2	4	0	P99	1	-0.000000	-0.000000	0.003745	0.003745
1133	2	2	4	0	P999	1	-0.000000	-0.000000	0.003745	0.003745
1134	2	2	4	0	P1	1	-0.002800	-0.002800	0.000935	0.000935
1134	2	2	4	0	P50	1	-0.000934	-0.001867	0.002807	0.001871
1134	2	2	4	0	P75	1	-0.000000	-0.000934	0.003745	0.002807
1134	2	2	4	0	P90	1	-0.000000	-0.000000	0.003745	0.003745
1134	2	2	4	0	P95	1	-0.000000	-0.000000	0.003745	0.003745
1134	2	2	4	0	P99	1	-0.000000	-0.000000	0.003745	0.003745
1134	2	2	4	0	P999	1	-0.000000	-0.000000	0.003745	0.003745
1135	2	2	4	0	P1	1	-0.002800	-0.002800	0.000935	0.000935
1135	2	2	4	0	P50	1	-0.000934	-0.001867	0.002807	0.001871
1135	2	2	4	0	P75	1	-0.000000	-0.000934	0.003745	0.002807
1135	2	2	4	0	P90	1	-0.000000	-0.000000	0.003745	0.003745
1135	2	2	4	0	P95	1	-0.000000	-0.000000	0.003745	0.003745
1135	2	2	4	0	P99	1	-0.000000	-0.000000	0.003745	0.003745
1135	2	2	4	0	P999	1	-0.000000	-0.000000	0.003745	0.003745
1136	2	2	4	0	P1	1	-0.002800	-0.002800	0.000935	0.000935
1136	2	2	4	0	P50	1	-0.000934	-0.001867	0.002807	0.001871
1136	2	2	4	0	P75	1	-0.000000	-0.000934	0.003745	0.002807
1136	2	2	4	0	P90	1	-0.000000	-0.000000	0.003745	0.003745
1136	2	2	4	0	P95	1	-0.000000	-0.000000	0.003745	0.003745
1136	2	2	4	0	P99	1	-0.000000	-0.000000	0.003745	0.003745
1136	2	2	4	0	P999	1	-0.000000	-0.000000	0.003745	0.003745
1137	5	2	7	0	P1	1	-0.003199	-0.003199	0.000534	0.000534
1137	5	2	7	0	P50	1	-0.001601	-0.001601	0.002138	0.002138
1137	5	2	7	0	P75	1	-0.000534	-0.000534	0.003209	0.003209
1137	5	2	7	0	P90	1	-0.000000	-0.000000	0.003745	0.003745
1137	5	2	7	0	P95	1	-0.000000	-0.000000	0.003745	0.003745
1137	5	2	7	0	P99	1	-0.000000	-0.000000	0.003745	0.003745
1137	5	2	7	0	P999	1	-0.000000	-0.000000	0.003745	0.003745
1138	2	2	4	0	P1	1	-0.002800	-0.002800	0.000935	0.000935
1138	2	2	4	0	P50	1	-0.000934	-0.001867	0.002807	0.001871
1138	2	2	4	0	P75	1	-0.000000	-0.000934	0.003745	0.002807
1138	2	2	4	0	P90	1	-0.000000	-0.000000	0.003745	0.003745
1138	2	2	4	0	P95	1	-0.000000	-0.000000	0.003745	0.003745
1138	2	2	4	0	P99	1	-0.000000	-0.000000	0.003745	0.003745
1138	2	2	4	0	P999	1	-0.000000	-0.000000	0.003745	0.003745
1139	8	129	137	1	P1	1	-0.002394	-0.002394	0.000065	0.000065
1139	8	129	137	1	P50	1	-0.000219	-0.000219	0.002245	0.002245
1139	8	129	137	1	P75	1	0.000887	0.000887	0.003354	0.003354
1139	8	129	137	1	P90	4	0.000828	0.000828	-0.000756	-0.000756
1139	8	129	137	1	P95	8	0.000604	0.000604	0.002607	0.002607
1139	8	129	137	1	P99	16	-0.000867	-0.000867	0.000980	0.000980
1139	8	129	137	1	P999	18	0.000992	0.000992	0.002815	0.002815
1140	2	2	4	1	P1	17	-0.000988	-0.000988	-0.001705	-0.001705
1140	2	2	4	1	P50	18	-0.000199	-0.054723	0.002815	-0.055402
1140	2	2	4	1	P75	20	-0.000881	-0.100179	0.002116	-0.097466
1140	2	2	4	1	P90	20	-0.000881	-0.000881	0.002116	0.002116
1140	2	2	4	1	P95	20	-0.000881	-0.000881	0.002116	0.002116
1140	2	2	4	1	P99	20	-0.000881	-0.000881	0.002116	0.002116
1140	2	2	4	1	P999	20	-0.000881	-0.000881	0.002116	0.002116
1141	3	2	5	1	P1	1	0.001193	0.001193	0.003745	0.003745
1141	3	2	5	1	P50	12	-0.001192	-0.001192	0.000839	0.000839
1141	3	2	5	1	P75	16	-0.000991	-0.000991	0.000980	0.000980
1141	3	2	5	1	P90	17	0.001944	0.001944	0.000162	0.000162
1141	3	2	5	1	P95	17	0.001944	0.001944	0.000162	0.000162
1141	3	2	5	1	P99	17	0.001944	0.001944	0.000162	0.000162
1141	3	2	5	1	P999	17	0.001944	0.001944	0.000162	0.000162
