group	step	n_union	remaps_so_far	quantile	oracle	T_int_err	T_ceil_err	G_int_err	G_ceil_err
1	1	61	1	P1	1	-0.002110	-0.002110	0.000080	0.000080
1	1	61	1	P50	1	0.000275	0.000275	0.002469	0.002469
1	1	61	1	P75	1	0.001469	0.001469	0.003665	0.003665
1	1	61	1	P90	4	-0.003566	-0.003566	-0.001751	-0.001751
1	1	61	1	P95	4	-0.002448	-0.002448	-0.000631	-0.000631
1	1	61	1	P99	4	-0.001328	-0.001328	0.000490	0.000490
1	1	61	1	P999	4	-0.001328	-0.001328	0.000490	0.000490
1	2	75	2	P1	1	-0.002207	-0.002207	0.000080	0.000080
1	2	75	2	P50	1	0.000734	0.000734	0.003027	0.003027
1	2	75	2	P75	4	-0.004499	-0.004499	-0.002565	-0.002565
1	2	75	2	P90	4	-0.002636	-0.002636	-0.000699	-0.000699
1	2	75	2	P95	4	-0.001958	-0.001958	-0.000020	-0.000020
1	2	75	2	P99	4	-0.001449	-0.001449	0.000490	0.000490
1	2	75	2	P999	4	-0.001449	-0.001449	0.000490	0.000490
1	3	89	3	P1	1	-0.002207	-0.002207	0.000080	0.000080
1	3	89	3	P50	1	0.001292	0.001292	0.003585	0.003585
1	3	89	3	P75	4	-0.003935	-0.003935	-0.002000	-0.002000
1	3	89	3	P90	4	-0.002354	-0.002354	-0.000416	-0.000416
1	3	89	3	P95	4	-0.001901	-0.001901	0.000037	0.000037
1	3	89	3	P99	4	-0.001449	-0.001449	0.000490	0.000490
1	3	89	3	P999	4	-0.001449	-0.001449	0.000490	0.000490
1	4	103	4	P1	1	-0.002128	-0.002128	0.000159	0.000159
1	4	103	4	P50	3	-0.001129	-0.001129	-0.001689	-0.001689
1	4	103	4	P75	4	-0.003521	-0.003521	-0.001586	-0.001586
1	4	103	4	P90	4	-0.002278	-0.002278	-0.000341	-0.000341
1	4	103	4	P95	4	-0.001864	-0.001864	0.000075	0.000075
1	4	103	4	P99	4	-0.001532	-0.001532	0.000407	0.000407
1	4	103	4	P999	4	-0.001449	-0.001449	0.000490	0.000490
1	5	108	5	P1	1	-0.002143	-0.002143	0.000144	0.000144
1	5	108	5	P50	3	-0.002595	-0.003527	-0.002367	-0.002706
1	5	108	5	P75	4	-0.003604	-0.003686	-0.001668	-0.001751
1	5	108	5	P90	4	-0.002278	-0.002278	-0.000341	-0.000341
1	5	108	5	P95	4	-0.001864	-0.001864	0.000075	0.000075
1	5	108	5	P99	4	-0.001532	-0.001532	0.000407	0.000407
1	5	108	5	P999	4	-0.001449	-0.001449	0.000490	0.000490
1	6	112	6	P1	1	-0.002153	-0.002153	0.000134	0.000134
1	6	112	6	P50	3	-0.004458	-0.666183	-0.003045	-0.665418
1	6	112	6	P75	4	-0.003686	-0.003769	-0.001751	-0.001834
1	6	112	6	P90	4	-0.002361	-0.002361	-0.000424	-0.000424
1	6	112	6	P95	4	-0.001864	-0.001864	0.000075	0.000075
1	6	112	6	P99	4	-0.001532	-0.001532	0.000407	0.000407
1	6	112	6	P999	4	-0.001449	-0.001449	0.000490	0.000490
1	7	114	7	P1	1	-0.002158	-0.002158	0.000129	0.000129
1	7	114	7	P50	1	0.001451	0.001386	0.003745	0.003680
1	7	114	7	P75	4	-0.003769	-0.003769	-0.001834	-0.001834
1	7	114	7	P90	4	-0.002361	-0.002361	-0.000424	-0.000424
1	7	114	7	P95	4	-0.001864	-0.001864	0.000075	0.000075
1	7	114	7	P99	4	-0.001532	-0.001532	0.000407	0.000407
1	7	114	7	P999	4	-0.001449	-0.001449	0.000490	0.000490
2	1	24	1	P1	1	-0.002735	-0.002735	0.000234	0.000234
2	1	24	1	P50	1	0.000065	-0.000169	0.003042	0.002807
2	1	24	1	P75	2	-0.003098	-0.003563	-0.000222	-0.000689
2	1	24	1	P90	2	-0.001699	-0.001699	0.001180	0.001180
2	1	24	1	P95	2	-0.001233	-0.001233	0.001648	0.001648
2	1	24	1	P99	2	-0.000766	-0.000766	0.002116	0.002116
2	1	24	1	P999	2	-0.000766	-0.000766	0.002116	0.002116
2	2	45	2	P1	1	-0.002786	-0.002786	0.000234	0.000234
2	2	45	2	P50	2	-0.001290	-0.001290	0.001648	0.001648
2	2	45	2	P75	15	-0.002580	-0.002580	0.000104	0.000104
2	2	45	2	P90	15	-0.000948	-0.000948	0.001741	0.001741
2	2	45	2	P95	16	0.000169	0.000169	-0.000889	-0.000889
2	2	45	2	P99	18	0.000147	0.000147	0.002815	0.002815
2	2	45	2	P999	18	0.000147	0.000147	0.002815	0.002815
2	3	58	3	P1	1	-0.002891	-0.002891	0.000129	0.000129
2	3	58	3	P50	2	-0.004086	-0.499643	-0.001156	-0.498128
2	3	58	3	P75	15	-0.003279	-0.003279	-0.000597	-0.000597
2	3	58	3	P90	15	-0.001181	-0.001181	0.001507	0.001507
2	3	58	3	P95	16	0.000169	0.000169	-0.000889	-0.000889
2	3	58	3	P99	18	0.000147	0.000147	0.002815	0.002815
2	3	58	3	P999	18	0.000147	0.000147	0.002815	0.002815
2	4	65	4	P1	1	-0.002916	-0.002916	0.000104	0.000104
2	4	65	4	P50	1	0.000403	0.000403	0.003432	0.003432
2	4	65	4	P75	15	-0.003745	-0.003745	-0.001064	-0.001064
2	4	65	4	P90	15	-0.001415	-0.001415	0.001273	0.001273
2	4	65	4	P95	15	-0.000714	-0.000714	0.001975	0.001975
2	4	65	4	P99	18	0.000147	0.000147	0.002815	0.002815
2	4	65	4	P999	18	0.000147	0.000147	0.002815	0.002815
2	5	86	5	P1	1	-0.002916	-0.002916	0.000104	0.000104
2	5	86	5	P50	2	-0.000823	-0.001290	0.002116	0.001648
2	5	86	5	P75	9	0.001686	0.001686	0.000698	0.000698
2	5	86	5	P90	15	-0.001881	-0.001881	0.000805	0.000805
2	5	86	5	P95	15	-0.000948	-0.000948	0.001741	0.001741
2	5	86	5	P99	18	0.000147	0.000147	0.002815	0.002815
2	5	86	5	P999	18	0.000147	0.000147	0.002815	0.002815
2	6	94	6	P1	1	-0.002935	-0.002935	0.000085	0.000085
2	6	94	6	P50	2	-0.002689	-0.003155	0.000245	-0.000222
2	6	94	6	P75	9	0.001062	0.001062	0.000075	0.000075
2	6	94	6	P90	15	-0.002114	-0.002114	0.000571	0.000571
2	6	94	6	P95	15	-0.000948	-0.000948	0.001741	0.001741
2	6	94	6	P99	18	0.000147	0.000147	0.002815	0.002815
2	6	94	6	P999	18	0.000147	0.000147	0.002815	0.002815
2	7	112	7	P1	1	-0.002899	-0.002899	0.000121	0.000121
2	7	112	7	P50	1	0.000413	0.000353	0.003442	0.003382
2	7	112	7	P75	9	-0.000184	-0.000496	-0.001171	-0.001482
2	7	112	7	P90	15	-0.002580	-0.002580	0.000104	0.000104
2	7	112	7	P95	15	-0.001181	-0.001181	0.001507	0.001507
2	7	112	7	P99	16	0.002041	0.002041	0.000980	0.000980
2	7	112	7	P999	18	0.000147	0.000147	0.002815	0.002815
3	1	35	0	P1	1	-0.003625	-0.003625	0.000107	0.000107
3	1	35	0	P50	1	-0.001814	-0.001814	0.001924	0.001924
3	1	35	0	P75	1	-0.000854	-0.000854	0.002888	0.002888
3	1	35	0	P90	1	-0.000320	-0.000320	0.003423	0.003423
3	1	35	0	P95	1	-0.000107	-0.000107	0.003638	0.003638
3	1	35	0	P99	1	-0.000000	-0.000000	0.003745	0.003745
3	1	35	0	P999	1	-0.000000	-0.000000	0.003745	0.003745
3	2	52	0	P1	1	-0.003659	-0.003659	0.000072	0.000072
3	2	52	0	P50	1	-0.001795	-0.001867	0.001943	0.001871
3	2	52	0	P75	1	-0.000862	-0.000934	0.002879	0.002807
3	2	52	0	P90	1	-0.000359	-0.000359	0.003384	0.003384
3	2	52	0	P95	1	-0.000144	-0.000144	0.003601	0.003601
3	2	52	0	P99	1	-0.000000	-0.000000	0.003745	0.003745
3	2	52	0	P999	1	-0.000000	-0.000000	0.003745	0.003745
3	3	63	0	P1	1	-0.003672	-0.003672	0.000059	0.000059
3	3	63	0	P50	1	-0.001838	-0.001838	0.001900	0.001900
3	3	63	0	P75	1	-0.000890	-0.000890	0.002852	0.002852
3	3	63	0	P90	1	-0.000356	-0.000356	0.003388	0.003388
3	3	63	0	P95	1	-0.000178	-0.000178	0.003566	0.003566
3	3	63	0	P99	1	-0.000000	-0.000000	0.003745	0.003745
3	3	63	0	P999	1	-0.000000	-0.000000	0.003745	0.003745
3	4	69	0	P1	1	-0.003677	-0.003677	0.000054	0.000054
3	4	69	0	P50	1	-0.001840	-0.001840	0.001898	0.001898
3	4	69	0	P75	1	-0.000921	-0.000921	0.002821	0.002821
3	4	69	0	P90	1	-0.000325	-0.000325	0.003419	0.003419
3	4	69	0	P95	1	-0.000163	-0.000163	0.003582	0.003582
3	4	69	0	P99	1	-0.000000	-0.000000	0.003745	0.003745
3	4	69	0	P999	1	-0.000000	-0.000000	0.003745	0.003745
3	5	81	0	P1	1	-0.003685	-0.003685	0.000046	0.000046
3	5	81	0	P50	1	-0.001844	-0.001844	0.001894	0.001894
3	5	81	0	P75	1	-0.000923	-0.000923	0.002819	0.002819
3	5	81	0	P90	1	-0.000369	-0.000369	0.003374	0.003374
3	5	81	0	P95	1	-0.000185	-0.000185	0.003560	0.003560
3	5	81	0	P99	1	-0.000000	-0.000000	0.003745	0.003745
3	5	81	0	P999	1	-0.000000	-0.000000	0.003745	0.003745
3	6	90	0	P1	1	-0.003690	-0.003690	0.000042	0.000042
3	6	90	0	P50	1	-0.001826	-0.001867	0.001912	0.001871
3	6	90	0	P75	1	-0.000913	-0.000913	0.002828	0.002828
3	6	90	0	P90	1	-0.000332	-0.000374	0.003412	0.003370
3	6	90	0	P95	1	-0.000166	-0.000166	0.003578	0.003578
3	6	90	0	P99	1	-0.000000	-0.000000	0.003745	0.003745
3	6	90	0	P999	1	-0.000000	-0.000000	0.003745	0.003745
3	7	99	0	P1	1	-0.003693	-0.003693	0.000038	0.000038
3	7	99	0	P50	1	-0.001848	-0.001848	0.001890	0.001890
3	7	99	0	P75	1	-0.000906	-0.000906	0.002836	0.002836
3	7	99	0	P90	1	-0.000340	-0.000340	0.003404	0.003404
3	7	99	0	P95	1	-0.000151	-0.000151	0.003593	0.003593
3	7	99	0	P99	1	-0.000000	-0.000000	0.003745	0.003745
3	7	99	0	P999	1	-0.000000	-0.000000	0.003745	0.003745
4	1	28	1	P1	1	-0.002977	-0.002977	0.000467	0.000467
4	1	28	1	P50	12	0.000422	0.000006	0.000008	-0.000407
4	1	28	1	P75	13	-0.001689	-0.002156	0.001631	0.001163
4	1	28	1	P90	14	0.000366	0.000366	0.003689	0.003689
4	1	28	1	P95	15	0.000529	0.000529	0.000104	0.000104
4	1	28	1	P99	15	0.002401	0.002401	0.001975	0.001975
4	1	28	1	P999	15	0.002401	0.002401	0.001975	0.001975
4	2	48	2	P1	1	-0.003214	-0.003214	0.000467	0.000467
4	2	48	2	P50	13	-0.000633	-0.001099	0.003036	0.002567
4	2	48	2	P75	73	-0.000123	-0.000590	-0.000213	-0.000680
4	2	48	2	P90	78	0.001848	0.001848	0.001757	0.001757
4	2	48	2	P95	81	0.001487	0.001487	0.001396	0.001396
4	2	48	2	P99	95	0.002796	0.002796	0.002703	0.002703
4	2	48	2	P999	95	0.002796	0.002796	0.002703	0.002703
4	3	56	3	P1	1	-0.003447	-0.003447	0.000234	0.000234
4	3	56	3	P50	13	-0.002499	-0.002965	0.001163	0.000695
4	3	56	3	P75	73	-0.001057	-0.001524	-0.001146	-0.001613
4	3	56	3	P90	75	-0.000051	-0.000051	0.003603	0.003603
4	3	56	3	P95	81	0.001487	0.001487	0.001396	0.001396
4	3	56	3	P99	95	0.002796	0.002796	0.002703	0.002703
4	3	56	3	P999	95	0.002796	0.002796	0.002703	0.002703
4	4	63	4	P1	1	-0.003518	-0.003518	0.000163	0.000163
4	4	63	4	P50	12	0.000912	0.000912	0.000839	0.000839
4	4	63	4	P75	73	-0.001990	-0.001990	-0.002079	-0.002079
4	4	63	4	P90	75	-0.001918	-0.001918	0.001729	0.001729
4	4	63	4	P95	79	0.000321	0.000321	0.000231	0.000231
4	4	63	4	P99	95	0.002796	0.002796	0.002703	0.002703
4	4	63	4	P999	95	0.002796	0.002796	0.002703	0.002703
4	5	71	5	P1	1	-0.003560	-0.003560	0.000121	0.000121
4	5	71	5	P50	12	-0.000749	-0.000749	-0.000822	-0.000822
4	5	71	5	P75	72	0.003396	0.003396	0.003307	0.003307
4	5	71	5	P90	74	0.002160	0.002160	0.002070	0.002070
4	5	71	5	P95	79	0.000321	0.000321	0.000231	0.000231
4	5	71	5	P99	95	0.002796	0.002796	0.002703	0.002703
4	5	71	5	P999	95	0.002796	0.002796	0.002703	0.002703
4	6	81	6	P1	1	-0.003589	-0.003589	0.000091	0.000091
4	6	81	6	P50	1	0.000051	0.000051	0.003745	0.003745
4	6	81	6	P75	15	0.002050	0.002050	0.001975	0.001975
4	6	81	6	P90	74	0.000289	0.000289	0.000199	0.000199
4	6	81	6	P95	78	0.001848	0.001848	0.001757	0.001757
4	6	81	6	P99	95	0.002796	0.002796	0.002703	0.002703
4	6	81	6	P999	95	0.002796	0.002796	0.002703	0.002703
4	7	84	7	P1	1	-0.003595	-0.003595	0.000085	0.000085
4	7	84	7	P50	1	-0.000034	-0.000119	0.003660	0.003574
4	7	84	7	P75	15	0.002050	0.000179	0.001975	0.000104
4	7	84	7	P90	74	0.000289	0.000289	0.000199	0.000199
4	7	84	7	P95	78	0.001848	0.001848	0.001757	0.001757
4	7	84	7	P99	95	0.002796	0.002796	0.002703	0.002703
4	7	84	7	P999	95	0.002796	0.002796	0.002703	0.002703
5	1	24	1	P1	1	-0.002185	-0.002185	0.000623	0.000623
5	1	24	1	P50	7	-0.001757	-0.002172	0.000738	0.000323
5	1	24	1	P75	8	-0.001946	-0.002361	0.000527	0.000112
5	1	24	1	P90	8	-0.000702	-0.000702	0.001775	0.001775
5	1	24	1	P95	8	-0.000286	-0.000286	0.002191	0.002191
5	1	24	1	P99	8	0.000129	0.000129	0.002607	0.002607
5	1	24	1	P999	8	0.000129	0.000129	0.002607	0.002607
5	2	43	2	P1	1	-0.002185	-0.002185	0.000623	0.000623
5	2	43	2	P50	3	0.000795	0.000795	-0.000311	-0.000311
5	2	43	2	P75	7	-0.001343	-0.001343	0.001154	0.001154
5	2	43	2	P90	8	-0.001532	-0.001532	0.000943	0.000943
5	2	43	2	P95	8	-0.000702	-0.000702	0.001775	0.001775
5	2	43	2	P99	8	0.000129	0.000129	0.002607	0.002607
5	2	43	2	P999	8	0.000129	0.000129	0.002607	0.002607
5	3	63	3	P1	1	-0.002468	-0.002468	0.000340	0.000340
5	3	63	3	P50	3	-0.000976	-0.000976	-0.002079	-0.002079
5	3	63	3	P75	7	-0.003415	-0.003415	-0.000923	-0.000923
5	3	63	3	P90	8	-0.002361	-0.002361	0.000112	0.000112
5	3	63	3	P95	8	-0.001117	-0.001117	0.001359	0.001359
5	3	63	3	P99	8	0.000129	0.000129	0.002607	0.002607
5	3	63	3	P999	8	0.000129	0.000129	0.002607	0.002607
5	4	84	4	P1	1	-0.003305	-0.003305	0.000340	0.000340
5	4	84	4	P50	3	0.000080	-0.000107	-0.000025	-0.000212
5	4	84	4	P75	53	0.000107	-0.849210	-0.000041	-0.848663
5	4	84	4	P90	55	-0.000088	-0.000088	0.003507	0.003507
5	4	84	4	P95	57	0.001575	0.001575	0.001426	0.001426
5	4	84	4	P99	67	0.000668	0.000668	0.000516	0.000516
5	4	84	4	P999	67	0.000668	0.000668	0.000516	0.000516
5	5	103	5	P1	1	-0.002966	-0.002966	0.000680	0.000680
5	5	103	5	P50	3	-0.001207	-0.001207	-0.001312	-0.001312
5	5	103	5	P75	8	-0.002672	-0.002672	0.000943	0.000943
5	5	103	5	P90	54	0.003315	0.003315	0.003165	0.003165
5	5	103	5	P95	57	0.000328	0.000328	0.000179	0.000179
5	5	103	5	P99	64	0.001622	0.001622	0.001471	0.001471
5	5	103	5	P999	67	0.000668	0.000668	0.000516	0.000516
5	6	116	6	P1	1	-0.003333	-0.003333	0.000312	0.000312
5	6	116	6	P50	3	-0.002036	-0.002175	-0.002141	-0.002279
5	6	116	6	P75	8	-0.003914	-0.004328	-0.000304	-0.000719
5	6	116	6	P90	54	0.002377	0.002377	0.002228	0.002228
5	6	116	6	P95	57	0.000328	0.000328	0.000179	0.000179
5	6	116	6	P99	64	0.001622	0.001622	0.001471	0.001471
5	6	116	6	P999	67	0.000668	0.000668	0.000516	0.000516
5	7	118	7	P1	1	-0.003357	-0.003357	0.000288	0.000288
5	7	118	7	P50	3	-0.002175	-0.002313	-0.002279	-0.002417
5	7	118	7	P75	8	-0.004328	-0.004328	-0.000719	-0.000719
5	7	118	7	P90	54	0.002377	0.002377	0.002228	0.002228
5	7	118	7	P95	57	0.000328	0.000328	0.000179	0.000179
5	7	118	7	P99	64	0.001622	0.001622	0.001471	0.001471
5	7	118	7	P999	67	0.000668	0.000668	0.000516	0.000516
6	1	337	0	P1	1	-0.003687	-0.003687	0.000045	0.000045
6	1	337	0	P50	1	-0.001851	-0.001851	0.001887	0.001887
6	1	337	0	P75	1	-0.000915	-0.000915	0.002827	0.002827
6	1	337	0	P90	1	-0.000346	-0.000346	0.003398	0.003398
6	1	337	0	P95	1	-0.000156	-0.000156	0.003588	0.003588
6	1	337	0	P99	1	-0.000011	-0.000011	0.003734	0.003734
6	1	337	0	P999	46	0.002774	0.002774	0.002774	0.002774
6	2	339	1	P1	1	-0.002242	-0.002242	0.000045	0.000045
6	2	339	1	P50	1	-0.000392	-0.000392	0.001899	0.001899
6	2	339	1	P75	1	0.000557	0.000557	0.002849	0.002849
6	2	339	1	P90	1	0.001127	0.001127	0.003420	0.003420
6	2	339	1	P95	1	0.001317	0.001317	0.003611	0.003611
6	2	339	1	P99	3	0.002078	0.002078	0.000349	0.000349
6	2	339	1	P999	46	0.001448	0.001448	0.002774	0.002774
6	3	341	2	P1	1	-0.002242	-0.002242	0.000045	0.000045
6	3	341	2	P50	1	-0.000380	-0.000380	0.001910	0.001910
6	3	341	2	P75	1	0.000568	0.000568	0.002861	0.002861
6	3	341	2	P90	1	0.001138	0.001138	0.003431	0.003431
6	3	341	2	P95	1	0.001328	0.001328	0.003622	0.003622
6	3	341	2	P99	4	-0.003314	-0.003314	-0.001378	-0.001378
6	3	341	2	P999	46	0.001448	0.001448	0.002774	0.002774
6	4	343	3	P1	1	-0.002242	-0.002242	0.000045	0.000045
6	4	343	3	P50	1	-0.000369	-0.000369	0.001921	0.001921
6	4	343	3	P75	1	0.000591	0.000591	0.002883	0.002883
6	4	343	3	P90	1	0.001160	0.001160	0.003454	0.003454
6	4	343	3	P95	1	0.001350	0.001350	0.003644	0.003644
6	4	343	3	P99	4	-0.002693	-0.002693	-0.000756	-0.000756
6	4	343	3	P999	46	0.001448	0.001448	0.002774	0.002774
6	5	345	4	P1	1	-0.002242	-0.002242	0.000045	0.000045
6	5	345	4	P50	1	-0.000358	-0.000358	0.001932	0.001932
6	5	345	4	P75	1	0.000602	0.000602	0.002894	0.002894
6	5	345	4	P90	1	0.001183	0.001183	0.003476	0.003476
6	5	345	4	P95	1	0.001373	0.001373	0.003667	0.003667
6	5	345	4	P99	4	-0.002382	-0.002382	-0.000445	-0.000445
6	5	345	4	P999	46	0.001448	0.001448	0.002774	0.002774
6	6	347	5	P1	1	-0.002242	-0.002242	0.000045	0.000045
6	6	347	5	P50	1	-0.000347	-0.000347	0.001943	0.001943
6	6	347	5	P75	1	0.000624	0.000624	0.002917	0.002917
6	6	347	5	P90	1	0.001205	0.001205	0.003499	0.003499
6	6	347	5	P95	1	0.001395	0.001395	0.003689	0.003689
6	6	347	5	P99	4	-0.002195	-0.002195	-0.000258	-0.000258
6	6	347	5	P999	46	0.001448	0.001448	0.002774	0.002774
6	7	350	6	P1	1	-0.002242	-0.002242	0.000045	0.000045
6	7	350	6	P50	1	-0.000325	-0.000336	0.001966	0.001955
6	7	350	6	P75	1	0.000647	0.000647	0.002939	0.002939
6	7	350	6	P90	1	0.001239	0.001227	0.003532	0.003521
6	7	350	6	P95	1	0.001429	0.001429	0.003723	0.003723
6	7	350	6	P99	4	-0.002071	-0.002071	-0.000133	-0.000133
6	7	350	6	P999	46	0.001448	0.001448	0.002774	0.002774
7	1	38	0	P1	3	0.000199	0.000199	-0.003045	-0.003045
7	1	38	0	P50	4	-0.002441	-0.002584	-0.001952	-0.002096
7	1	38	0	P75	4	-0.001149	-0.001149	-0.000660	-0.000660
7	1	38	0	P90	4	-0.000287	-0.000287	0.000202	0.000202
7	1	38	0	P95	4	-0.000000	-0.000000	0.000490	0.000490
7	1	38	0	P99	5	0.001135	0.001135	0.001625	0.001625
7	1	38	0	P999	5	0.001135	0.001135	0.001625	0.001625
7	2	554	0	P1	3	0.000023	0.000023	-0.003220	-0.003220
7	2	554	0	P50	4	-0.002407	-0.002417	-0.001919	-0.001928
7	2	554	0	P75	4	-0.001110	-0.001110	-0.000621	-0.000621
7	2	554	0	P90	4	-0.000329	-0.000329	0.000160	0.000160
7	2	554	0	P95	4	-0.000066	-0.000066	0.000424	0.000424
7	2	554	0	P99	5	0.000511	0.000511	0.001002	0.001002
7	2	554	0	P999	45	0.001833	0.001833	0.002324	0.002324
7	3	559	1	P1	3	-0.001820	-0.001820	-0.003221	-0.003221
7	3	559	1	P50	4	-0.004148	-0.004148	-0.001923	-0.001923
7	3	559	1	P75	4	-0.002834	-0.002834	-0.000619	-0.000619
7	3	559	1	P90	4	-0.002045	-0.002045	0.000164	0.000164
7	3	559	1	P95	4	-0.001782	-0.001782	0.000425	0.000425
7	3	559	1	P99	5	-0.001175	-0.001175	0.001002	0.001002
7	3	559	1	P999	45	0.000815	0.000815	0.002324	0.002324
7	4	1075	2	P1	3	-0.001842	-0.001842	-0.003244	-0.003244
7	4	1075	2	P50	4	-0.003182	-0.003182	-0.002038	-0.002038
7	4	1075	2	P75	4	-0.000543	-0.000543	-0.000713	-0.000713
7	4	1075	2	P90	4	0.001125	0.001125	0.000081	0.000081
7	4	1075	2	P95	4	0.001685	0.001685	0.000347	0.000347
7	4	1075	2	P99	5	-0.001797	-0.001797	0.000378	0.000378
7	4	1075	2	P999	43	0.001409	0.001409	0.002933	0.002933
7	5	1378	3	P1	3	-0.001813	-0.001813	-0.003215	-0.003215
7	5	1378	3	P50	4	-0.003289	-0.003295	-0.001836	-0.001840
7	5	1378	3	P75	4	-0.000947	-0.000947	-0.000560	-0.000560
7	5	1378	3	P90	4	0.001197	0.001197	0.000208	0.000208
7	5	1378	3	P95	4	0.001913	0.001913	0.000464	0.000464
7	5	1378	3	P99	5	-0.001196	-0.001196	0.000980	0.000980
7	5	1378	3	P999	43	0.001409	0.001409	0.002933	0.002933
7	6	1893	4	P1	3	-0.001822	-0.001822	-0.003223	-0.003223
7	6	1893	4	P50	4	-0.003627	-0.003627	-0.001875	-0.001875
7	6	1893	4	P75	4	-0.001890	-0.001890	-0.000591	-0.000591
7	6	1893	4	P90	4	0.000804	0.000804	0.000180	0.000180
7	6	1893	4	P95	4	0.001789	0.001789	0.000438	0.000438
7	6	1893	4	P99	5	-0.001289	-0.001289	0.000887	0.000887
7	6	1893	4	P999	43	0.001409	0.001409	0.002933	0.002933
7	7	2407	5	P1	3	-0.001803	-0.001803	-0.003204	-0.003204
7	7	2407	5	P50	4	-0.003658	-0.003658	-0.001793	-0.001793
7	7	2407	5	P75	4	-0.002053	-0.002053	-0.000515	-0.000515
7	7	2407	5	P90	4	0.000824	0.000824	0.000252	0.000252
7	7	2407	5	P95	5	-0.004040	-0.004040	-0.001869	-0.001869
7	7	2407	5	P99	5	-0.001129	-0.001129	0.001047	0.001047
7	7	2407	5	P999	32	0.001485	0.001485	0.003098	0.003098
8	1	305	0	P1	3	0.000191	0.000191	-0.003052	-0.003052
8	1	305	0	P50	4	-0.002108	-0.002108	-0.001619	-0.001619
8	1	305	0	P75	4	-0.000964	-0.000964	-0.000475	-0.000475
8	1	305	0	P90	4	-0.000271	-0.000271	0.000219	0.000219
8	1	305	0	P95	4	-0.000045	-0.000045	0.000445	0.000445
8	1	305	0	P99	5	0.000200	0.000200	0.000690	0.000690
8	1	305	0	P999	5	0.001135	0.001135	0.001625	0.001625
8	2	307	0	P1	3	0.000191	0.000191	-0.003052	-0.003052
8	2	307	0	P50	4	-0.002106	-0.002106	-0.001617	-0.001617
8	2	307	0	P75	4	-0.000956	-0.000956	-0.000467	-0.000467
8	2	307	0	P90	4	-0.000269	-0.000269	0.000221	0.000221
8	2	307	0	P95	4	-0.000045	-0.000045	0.000445	0.000445
8	2	307	0	P99	5	0.000200	0.000200	0.000690	0.000690
8	2	307	0	P999	5	0.001135	0.001135	0.001625	0.001625
8	3	310	0	P1	3	0.000184	0.000184	-0.003059	-0.003059
8	3	310	0	P50	4	-0.002104	-0.002119	-0.001615	-0.001630
8	3	310	0	P75	4	-0.000964	-0.000964	-0.000474	-0.000474
8	3	310	0	P90	4	-0.000267	-0.000282	0.000223	0.000208
8	3	310	0	P95	4	-0.000044	-0.000044	0.000445	0.000445
8	3	310	0	P99	5	0.000200	0.000200	0.000690	0.000690
8	3	310	0	P999	5	0.001135	0.001135	0.001625	0.001625
8	4	312	0	P1	3	0.000184	0.000184	-0.003059	-0.003059
8	4	312	0	P50	4	-0.002102	-0.002117	-0.001613	-0.001628
8	4	312	0	P75	4	-0.000956	-0.000971	-0.000467	-0.000481
8	4	312	0	P90	4	-0.000280	-0.000280	0.000210	0.000210
8	4	312	0	P95	4	-0.000044	-0.000044	0.000446	0.000446
8	4	312	0	P99	5	0.000200	0.000200	0.000690	0.000690
8	4	312	0	P999	5	0.001135	0.001135	0.001625	0.001625
8	5	584	1	P1	3	-0.001641	-0.001641	-0.003005	-0.003005
8	5	584	1	P50	4	0.000139	0.000125	0.000090	0.000076
8	5	584	1	P75	42	-0.002225	-0.002281	-0.002493	-0.002549
8	5	584	1	P90	43	-0.000730	-0.000730	0.002740	0.002740
8	5	584	1	P95	45	0.001352	0.001352	0.001076	0.001076
8	5	584	1	P99	51	-0.001070	-0.001070	-0.001357	-0.001357
8	5	584	1	P999	60	0.002769	0.002769	0.002466	0.002466
8	6	588	2	P1	3	-0.002448	-0.002448	-0.003257	-0.003257
8	6	588	2	P50	4	0.000441	0.000426	0.000062	0.000048
8	6	588	2	P75	42	-0.002047	-0.002103	-0.002549	-0.002605
8	6	588	2	P90	43	-0.000497	-0.000497	0.002740	0.002740
8	6	588	2	P95	45	0.001584	0.001584	0.001076	0.001076
8	6	588	2	P99	51	-0.000844	-0.000844	-0.001357	-0.001357
8	6	588	2	P999	60	0.002989	0.002989	0.002466	0.002466
8	7	1113	3	P1	3	-0.000725	-0.000725	-0.002878	-0.002878
8	7	1113	3	P50	9	-0.000122	-0.000122	-0.000544	-0.000544
8	7	1113	3	P75	11	0.001844	0.001844	0.001411	0.001411
8	7	1113	3	P90	42	-0.000040	-0.000040	-0.000544	-0.000544
8	7	1113	3	P95	44	-0.000367	-0.000367	-0.000872	-0.000872
8	7	1113	3	P99	47	-0.000782	-0.000782	0.002449	0.002449
8	7	1113	3	P999	56	0.000953	0.000953	0.000434	0.000434
9	1	597	1	P1	7	-0.004783	-0.004783	-0.002050	-0.002050
9	1	597	1	P50	8	-0.002091	-0.002091	0.000621	0.000621
9	1	597	1	P75	8	-0.000554	-0.000554	0.002162	0.002162
9	1	597	1	P90	9	-0.000062	-0.000062	-0.001109	-0.001109
9	1	597	1	P95	9	0.001171	0.001171	0.000122	0.000122
9	1	597	1	P99	10	-0.000177	-0.000177	0.002495	0.002495
9	1	597	1	P999	10	0.001070	0.001070	0.003745	0.003745
9	2	1130	2	P1	7	-0.005764	-0.005764	-0.001887	-0.001887
9	2	1130	2	P50	8	0.000031	0.000012	0.001765	0.001758
9	2	1130	2	P75	9	-0.001211	-0.001211	-0.001050	-0.001050
9	2	1130	2	P90	10	-0.002978	-0.003007	0.000914	0.000885
9	2	1130	2	P95	10	-0.001384	-0.001384	0.002514	0.002514
9	2	1130	2	P99	11	-0.000948	-0.000948	-0.000793	-0.000793
9	2	1130	2	P999	61	0.000777	0.000777	0.000886	0.000886
9	3	1134	3	P1	7	-0.005881	-0.005881	-0.001999	-0.001999
9	3	1134	3	P50	8	-0.000007	-0.000027	0.001751	0.001745
9	3	1134	3	P75	9	-0.001224	-0.001224	-0.001063	-0.001063
9	3	1134	3	P90	10	-0.003007	-0.003007	0.000885	0.000885
9	3	1134	3	P95	10	-0.001384	-0.001384	0.002514	0.002514
9	3	1134	3	P99	11	-0.000948	-0.000948	-0.000793	-0.000793
9	3	1134	3	P999	61	0.000777	0.000777	0.000886	0.000886
9	4	1136	4	P1	7	-0.007418	-0.007418	-0.002055	-0.002055
9	4	1136	4	P50	8	-0.001480	-0.001499	0.001745	0.001738
9	4	1136	4	P75	9	-0.002647	-0.002660	-0.001063	-0.001076
9	4	1136	4	P90	10	-0.004402	-0.004402	0.000885	0.000885
9	4	1136	4	P95	10	-0.002781	-0.002781	0.002514	0.002514
9	4	1136	4	P99	11	-0.002323	-0.002323	-0.000793	-0.000793
9	4	1136	4	P999	61	-0.000183	-0.000183	0.000886	0.000886
9	5	1140	5	P1	4	-0.001315	-0.001315	0.000490	0.000490
9	5	1140	5	P50	8	-0.001518	-0.001537	0.001731	0.001725
9	5	1140	5	P75	9	-0.002660	-0.002672	-0.001076	-0.001088
9	5	1140	5	P90	10	-0.004402	-0.004431	0.000885	0.000856
9	5	1140	5	P95	10	-0.002781	-0.002810	0.002514	0.002486
9	5	1140	5	P99	11	-0.002323	-0.002323	-0.000793	-0.000793
9	5	1140	5	P999	61	-0.000183	-0.000183	0.000886	0.000886
9	6	1148	6	P1	4	-0.001315	-0.001315	0.000490	0.000490
9	6	1148	6	P50	8	-0.001595	-0.001614	0.001704	0.001698
9	6	1148	6	P75	9	-0.002685	-0.002697	-0.001101	-0.001114
9	6	1148	6	P90	10	-0.004431	-0.004431	0.000856	0.000856
9	6	1148	6	P95	10	-0.002810	-0.002810	0.002486	0.002486
9	6	1148	6	P99	11	-0.002323	-0.002323	-0.000793	-0.000793
9	6	1148	6	P999	61	-0.000183	-0.000183	0.000886	0.000886
9	7	1154	7	P1	4	-0.001315	-0.001315	0.000490	0.000490
9	7	1154	7	P50	8	-0.001653	-0.001672	0.001684	0.001677
9	7	1154	7	P75	9	-0.002710	-0.002710	-0.001126	-0.001126
9	7	1154	7	P90	10	-0.004459	-0.004459	0.000828	0.000828
9	7	1154	7	P95	10	-0.002810	-0.002810	0.002486	0.002486
9	7	1154	7	P99	11	-0.002323	-0.002323	-0.000793	-0.000793
9	7	1154	7	P999	61	-0.000183	-0.000183	0.000886	0.000886
10	1	6	1	P1	7	-0.000533	-0.000533	-0.000300	-0.000300
10	1	6	1	P50	8	-0.002579	-0.003821	0.000735	-0.000200
10	1	6	1	P75	8	-0.001335	-0.001335	0.001671	0.001671
10	1	6	1	P90	8	0.002406	0.002406	0.002607	0.002607
10	1	6	1	P95	8	0.002406	0.002406	0.002607	0.002607
10	1	6	1	P99	8	0.002406	0.002406	0.002607	0.002607
10	1	6	1	P999	8	0.002406	0.002406	0.002607	0.002607
10	2	9	2	P1	7	-0.001654	-0.001654	-0.001421	-0.001421
10	2	9	2	P50	7	0.001337	0.001337	0.001570	0.001570
10	2	9	2	P75	8	-0.002579	-0.002579	0.000735	0.000735
10	2	9	2	P90	8	0.002406	0.002406	0.002607	0.002607
10	2	9	2	P95	8	0.002406	0.002406	0.002607	0.002607
10	2	9	2	P99	8	0.002406	0.002406	0.002607	0.002607
10	2	9	2	P999	8	0.002406	0.002406	0.002607	0.002607
10	3	11	3	P1	5	0.004610	0.004610	0.001625	0.001625
10	3	11	3	P50	7	0.000160	0.000160	0.000821	0.000821
10	3	11	3	P75	8	-0.002997	-0.002997	0.000735	0.000735
10	3	11	3	P90	8	-0.001754	-0.001754	0.001671	0.001671
10	3	11	3	P95	8	0.001986	0.001986	0.002607	0.002607
10	3	11	3	P99	8	0.001986	0.001986	0.002607	0.002607
10	3	11	3	P999	8	0.001986	0.001986	0.002607	0.002607
10	4	13	4	P1	5	0.004610	0.004610	0.001625	0.001625
10	4	13	4	P50	7	-0.000161	-0.000161	0.000501	0.000501
10	4	13	4	P75	8	-0.004239	-0.004239	-0.000200	-0.000200
10	4	13	4	P90	8	-0.001754	-0.001754	0.001671	0.001671
10	4	13	4	P95	8	0.001986	0.001986	0.002607	0.002607
10	4	13	4	P99	8	0.001986	0.001986	0.002607	0.002607
10	4	13	4	P999	8	0.001986	0.001986	0.002607	0.002607
10	5	15	5	P1	5	0.004610	0.004610	0.001625	0.001625
10	5	15	5	P50	7	-0.000161	-0.000161	0.000167	0.000167
10	5	15	5	P75	8	-0.004239	-0.004239	-0.000200	-0.000200
10	5	15	5	P90	8	-0.001754	-0.001754	0.001671	0.001671
10	5	15	5	P95	8	0.001986	0.001986	0.002607	0.002607
10	5	15	5	P99	8	0.001986	0.001986	0.002607	0.002607
10	5	15	5	P999	8	0.001986	0.001986	0.002607	0.002607
10	6	17	6	P1	5	0.001326	0.001326	-0.000245	-0.000245
10	6	17	6	P50	7	-0.000255	-0.000255	-0.000300	-0.000300
10	6	17	6	P75	7	0.005099	0.005099	0.001570	0.001570
10	6	17	6	P90	8	-0.001324	-0.001324	0.001671	0.001671
10	6	17	6	P95	8	0.002416	0.002416	0.002607	0.002607
10	6	17	6	P99	8	0.002416	0.002416	0.002607	0.002607
10	6	17	6	P999	8	0.002416	0.002416	0.002607	0.002607
10	7	20	7	P1	5	-0.001167	-0.001167	-0.001179	-0.001179
10	7	20	7	P50	7	-0.000789	-0.001322	-0.000767	-0.001234
10	7	20	7	P75	7	0.005099	0.001348	0.001570	0.001102
10	7	20	7	P90	8	-0.001324	-0.002568	0.001671	0.000735
10	7	20	7	P95	8	0.002416	-0.001324	0.002607	0.001671
10	7	20	7	P99	8	0.002416	0.002416	0.002607	0.002607
10	7	20	7	P999	8	0.002416	0.002416	0.002607	0.002607
11	1	6	1	P1	7	-0.000533	-0.000533	-0.000300	-0.000300
11	1	6	1	P50	8	-0.002579	-0.003821	0.001359	0.000112
11	1	6	1	P75	8	-0.001335	-0.001335	0.002607	0.002607
11	1	6	1	P90	9	0.000524	0.000524	0.000698	0.000698
11	1	6	1	P95	9	0.000524	0.000524	0.000698	0.000698
11	1	6	1	P99	9	0.000524	0.000524	0.000698	0.000698
11	1	6	1	P999	9	0.000524	0.000524	0.000698	0.000698
11	2	9	2	P1	6	0.002197	0.002197	0.002466	0.002466
11	2	9	2	P50	7	0.001337	0.001337	0.001570	0.001570
11	2	9	2	P75	8	-0.002579	-0.002579	0.001359	0.001359
11	2	9	2	P90	9	0.000524	0.000524	0.000698	0.000698
11	2	9	2	P95	9	0.000524	0.000524	0.000698	0.000698
11	2	9	2	P99	9	0.000524	0.000524	0.000698	0.000698
11	2	9	2	P999	9	0.000524	0.000524	0.000698	0.000698
11	3	12	3	P1	6	0.002197	0.002197	0.002466	0.002466
11	3	12	3	P50	7	0.001337	0.000713	0.001570	0.000946
11	3	12	3	P75	8	-0.001335	-0.002579	0.001671	0.000735
11	3	12	3	P90	8	0.002406	0.002406	0.002607	0.002607
11	3	12	3	P95	9	0.000524	0.000524	0.000698	0.000698
11	3	12	3	P99	9	0.000524	0.000524	0.000698	0.000698
11	3	12	3	P999	9	0.000524	0.000524	0.000698	0.000698
11	4	1513	4	P1	6	-0.001250	-0.001250	-0.000982	-0.000982
11	4	1513	4	P50	7	-0.000495	-0.000495	-0.000263	-0.000263
11	4	1513	4	P75	7	0.000809	0.000809	0.001041	0.001041
11	4	1513	4	P90	8	-0.000072	-0.000072	0.000164	0.000164
11	4	1513	4	P95	8	0.001282	0.001282	0.001499	0.001499
11	4	1513	4	P99	8	0.002352	0.002352	0.002554	0.002554
11	4	1513	4	P999	45	0.002525	0.002525	0.002324	0.002324
11	5	2031	5	P1	5	0.002571	0.002571	-0.000407	-0.000407
11	5	2031	5	P50	7	-0.001485	-0.001485	-0.000929	-0.000929
11	5	2031	5	P75	7	0.000266	0.000266	0.000685	0.000685
11	5	2031	5	P90	8	-0.001349	-0.001349	-0.000682	-0.000682
11	5	2031	5	P95	8	0.000450	0.000450	0.001092	0.001092
11	5	2031	5	P99	8	0.001880	0.001880	0.002503	0.002503
11	5	2031	5	P999	45	0.002231	0.002231	0.002324	0.002324
11	6	2034	6	P1	5	0.002571	0.002571	-0.000407	-0.000407
11	6	2034	6	P50	7	-0.001482	-0.001485	-0.000928	-0.000932
11	6	2034	6	P75	7	0.000270	0.000270	0.000683	0.000683
11	6	2034	6	P90	8	-0.001349	-0.001349	-0.000682	-0.000682
11	6	2034	6	P95	8	0.000450	0.000450	0.001092	0.001092
11	6	2034	6	P99	8	0.001880	0.001880	0.002503	0.002503
11	6	2034	6	P999	45	0.002231	0.002231	0.002324	0.002324
11	7	2037	7	P1	5	0.002535	0.002535	-0.000444	-0.000444
11	7	2037	7	P50	7	-0.001489	-0.001489	-0.000935	-0.000935
11	7	2037	7	P75	7	0.000266	0.000266	0.000680	0.000680
11	7	2037	7	P90	8	-0.001349	-0.001349	-0.000682	-0.000682
11	7	2037	7	P95	8	0.000450	0.000450	0.001092	0.001092
11	7	2037	7	P99	8	0.001880	0.001880	0.002503	0.002503
11	7	2037	7	P999	45	0.002231	0.002231	0.002324	0.002324
12	1	7	1	P1	5	-0.001065	-0.001065	-0.000868	-0.000868
12	1	7	1	P50	6	-0.003291	-0.003291	-0.000341	-0.000341
12	1	7	1	P75	6	0.000442	0.000442	0.001529	0.001529
12	1	7	1	P90	6	0.002314	0.002314	0.002466	0.002466
12	1	7	1	P95	6	0.002314	0.002314	0.002466	0.002466
12	1	7	1	P99	6	0.002314	0.002314	0.002466	0.002466
12	1	7	1	P999	6	0.002314	0.002314	0.002466	0.002466
12	2	13	2	P1	5	-0.001562	-0.001562	-0.001365	-0.001365
12	2	13	2	P50	6	-0.001426	-0.001426	-0.000341	-0.000341
12	2	13	2	P75	6	0.000442	0.000442	0.001062	0.001062
12	2	13	2	P90	6	0.001690	0.001690	0.001997	0.001997
12	2	13	2	P95	6	0.002314	0.002314	0.002466	0.002466
12	2	13	2	P99	6	0.002314	0.002314	0.002466	0.002466
12	2	13	2	P999	6	0.002314	0.002314	0.002466	0.002466
12	3	18	3	P1	5	-0.003083	-0.003083	-0.001490	-0.001490
12	3	18	3	P50	6	-0.001935	-0.002401	0.000220	-0.000154
12	3	18	3	P75	6	-0.000068	-0.000068	0.001717	0.001717
12	3	18	3	P90	7	-0.001894	-0.001894	-0.000300	-0.000300
12	3	18	3	P95	7	-0.000027	-0.000027	0.001570	0.001570
12	3	18	3	P99	7	-0.000027	-0.000027	0.001570	0.001570
12	3	18	3	P999	7	-0.000027	-0.000027	0.001570	0.001570
12	4	23	4	P1	5	-0.003083	-0.003083	-0.001697	-0.001697
12	4	23	4	P50	6	-0.002495	-0.002495	-0.000341	-0.000341
12	4	23	4	P75	6	-0.000255	-0.000255	0.001529	0.001529
12	4	23	4	P90	6	0.000867	0.000867	0.002466	0.002466
12	4	23	4	P95	7	-0.001894	-0.001894	-0.000300	-0.000300
12	4	23	4	P99	7	-0.000027	-0.000027	0.001570	0.001570
12	4	23	4	P999	7	-0.000027	-0.000027	0.001570	0.001570
12	5	28	5	P1	5	-0.001789	-0.001789	-0.001697	-0.001697
12	5	28	5	P50	6	-0.000037	-0.000411	0.000594	0.000282
12	5	28	5	P75	7	-0.001145	-0.140964	-0.000923	-0.140744
12	5	28	5	P90	8	-0.002568	-0.002568	0.001359	0.001359
12	5	28	5	P95	8	-0.001324	-0.001324	0.002607	0.002607
12	5	28	5	P99	9	0.000534	0.000534	0.000698	0.000698
12	5	28	5	P999	9	0.000534	0.000534	0.000698	0.000698
12	6	33	6	P1	4	0.000140	0.000140	0.000490	0.000490
12	6	33	6	P50	6	-0.001158	-0.001158	0.000060	0.000060
12	6	33	6	P75	6	0.001834	0.001834	0.002198	0.002198
12	6	33	6	P90	8	-0.003811	-0.003811	0.000112	0.000112
12	6	33	6	P95	8	-0.001324	-0.001324	0.002607	0.002607
12	6	33	6	P99	9	0.000534	0.000534	0.000698	0.000698
12	6	33	6	P999	9	0.000534	0.000534	0.000698	0.000698
12	7	54	7	P1	4	0.000140	0.000140	0.000490	0.000490
12	7	54	7	P50	6	-0.003210	-0.003396	0.000095	-0.000029
12	7	54	7	P75	6	-0.000037	-0.000037	0.001717	0.001717
12	7	54	7	P90	7	0.000101	0.000101	0.000323	0.000323
12	7	54	7	P95	8	-0.002568	-0.002568	0.001359	0.001359
12	7	54	7	P99	9	0.000534	0.000534	0.000698	0.000698
12	7	54	7	P999	9	0.000534	0.000534	0.000698	0.000698
13	1	178	1	P1	5	-0.002117	-0.002117	-0.001920	-0.001920
13	1	178	1	P50	6	-0.003291	-0.003328	0.000287	0.000257
13	1	178	1	P75	6	-0.001683	-0.001683	0.001637	0.001637
13	1	178	1	P90	6	0.002314	0.002314	0.002466	0.002466
13	1	178	1	P95	7	0.000120	0.000120	-0.000067	-0.000067
13	1	178	1	P99	7	0.005208	0.005208	0.001570	0.001570
13	1	178	1	P999	8	-0.001214	-0.001214	0.002607	0.002607
13	2	188	2	P1	5	-0.002139	-0.002139	-0.001942	-0.001942
13	2	188	2	P50	6	-0.003379	-0.003413	0.000226	0.000196
13	2	188	2	P75	6	-0.001740	-0.001775	0.001610	0.001581
13	2	188	2	P90	6	0.002127	0.002127	0.002436	0.002436
13	2	188	2	P95	7	-0.000147	-0.000147	-0.000300	-0.000300
13	2	188	2	P99	7	0.005208	0.005208	0.001570	0.001570
13	2	188	2	P999	8	-0.001214	-0.001214	0.002607	0.002607
13	3	190	3	P1	5	-0.003535	-0.003535	-0.001942	-0.001942
13	3	190	3	P50	6	-0.004781	-0.004816	0.000243	0.000214
13	3	190	3	P75	6	-0.003146	-0.003146	0.001617	0.001617
13	3	190	3	P90	6	0.000867	0.000689	0.002466	0.002436
13	3	190	3	P95	7	-0.001521	-0.001521	-0.000191	-0.000191
13	3	190	3	P99	7	0.003718	0.003718	0.001570	0.001570
13	3	190	3	P999	8	-0.002725	-0.002725	0.002607	0.002607
13	4	192	4	P1	5	-0.002241	-0.002241	-0.001942	-0.001942
13	4	192	4	P50	6	-0.003414	-0.003449	0.000273	0.000243
13	4	192	4	P75	6	-0.001741	-0.001776	0.001676	0.001646
13	4	192	4	P90	7	-0.002140	-0.002140	-0.001948	-0.001948
13	4	192	4	P95	7	0.000350	0.000350	0.000249	0.000249
13	4	192	4	P99	8	-0.002568	-0.002568	0.001359	0.001359
13	4	192	4	P999	8	-0.001324	-0.001324	0.002607	0.002607
13	5	197	5	P1	5	-0.002241	-0.002241	-0.001942	-0.001942
13	5	197	5	P50	6	-0.003344	-0.003344	0.000331	0.000331
13	5	197	5	P75	6	-0.001636	-0.001636	0.001763	0.001763
13	5	197	5	P90	7	-0.001071	-0.001071	-0.000989	-0.000989
13	5	197	5	P95	7	0.001128	0.001128	0.000979	0.000979
13	5	197	5	P99	8	-0.001947	-0.001947	0.001983	0.001983
13	5	197	5	P999	8	-0.001324	-0.001324	0.002607	0.002607
13	6	202	6	P1	5	-0.002156	-0.002156	-0.001857	-0.001857
13	6	202	6	P50	6	-0.003295	-0.003329	0.000380	0.000351
13	6	202	6	P75	6	-0.001599	-0.001599	0.001808	0.001808
13	6	202	6	P90	7	-0.001014	-0.001014	-0.000923	-0.000923
13	6	202	6	P95	7	0.000954	0.000954	0.000857	0.000857
13	6	202	6	P99	8	-0.002568	-0.002568	0.001359	0.001359
13	6	202	6	P999	8	-0.001324	-0.001324	0.002607	0.002607
13	7	208	7	P1	5	-0.002156	-0.002156	-0.001857	-0.001857
13	7	208	7	P50	6	-0.003193	-0.003227	0.000452	0.000424
13	7	208	7	P75	6	-0.001022	-0.001192	0.001926	0.001898
13	7	208	7	P90	7	-0.000522	-0.000522	-0.000444	-0.000444
13	7	208	7	P95	7	0.001036	0.001036	0.000994	0.000994
13	7	208	7	P99	8	-0.002568	-0.002568	0.001359	0.001359
13	7	208	7	P999	8	-0.001324	-0.001324	0.002607	0.002607
14	1	10	1	P1	8	-0.002884	-0.002884	-0.000511	-0.000511
14	1	10	1	P50	8	0.000227	-0.000396	0.002607	0.001983
14	1	10	1	P75	9	0.000818	0.000818	-0.000548	-0.000548
14	1	10	1	P90	20	-0.000227	-0.549071	0.002116	-0.549686
14	1	10	1	P95	20	-0.000227	-0.000227	0.002116	0.002116
14	1	10	1	P99	20	-0.000227	-0.000227	0.002116	0.002116
14	1	10	1	P999	20	-0.000227	-0.000227	0.002116	0.002116
14	2	15	2	P1	6	-0.000486	-0.000486	-0.000341	-0.000341
14	2	15	2	P50	8	-0.003071	-0.003071	0.000735	0.000735
14	2	15	2	P75	9	-0.001835	-0.001835	-0.001793	-0.001793
14	2	15	2	P90	9	0.000656	0.000656	0.000698	0.000698
14	2	15	2	P95	20	-0.001462	-0.001462	0.002116	0.002116
14	2	15	2	P99	20	-0.001462	-0.001462	0.002116	0.002116
14	2	15	2	P999	20	-0.001462	-0.001462	0.002116	0.002116
14	3	97	3	P1	6	-0.001080	-0.001080	-0.000935	-0.000935
14	3	97	3	P50	7	0.000053	0.000053	0.000159	0.000159
14	3	97	3	P75	8	-0.004756	-0.004756	-0.000956	-0.000956
14	3	97	3	P90	8	-0.002094	-0.002094	0.001715	0.001715
14	3	97	3	P95	8	-0.001205	-0.001205	0.002607	0.002607
14	3	97	3	P99	20	-0.001462	-0.001462	0.002116	0.002116
14	3	97	3	P999	20	-0.001462	-0.001462	0.002116	0.002116
14	4	99	4	P1	6	-0.001080	-0.001080	-0.000935	-0.000935
14	4	99	4	P50	7	0.000115	0.000115	0.000220	0.000220
14	4	99	4	P75	8	-0.004401	-0.004401	-0.000600	-0.000600
14	4	99	4	P90	8	-0.001739	-0.001739	0.002072	0.002072
14	4	99	4	P95	9	-0.000590	-0.000590	-0.001171	-0.001171
14	4	99	4	P99	20	-0.001462	-0.001462	0.002116	0.002116
14	4	99	4	P999	20	-0.001462	-0.001462	0.002116	0.002116
14	5	107	5	P1	5	-0.000793	-0.000793	-0.000619	-0.000619
14	5	107	5	P50	7	-0.000115	-0.000115	-0.000025	-0.000025
14	5	107	5	P75	8	-0.004740	-0.004740	-0.000956	-0.000956
14	5	107	5	P90	8	-0.001901	-0.001901	0.001894	0.001894
14	5	107	5	P95	9	-0.001820	-0.001820	-0.002104	-0.002104
14	5	107	5	P99	11	-0.001836	-0.001836	0.001879	0.001879
14	5	107	5	P999	20	-0.001449	-0.001449	0.002116	0.002116
14	6	111	6	P1	5	-0.001457	-0.001457	-0.001282	-0.001282
14	6	111	6	P50	7	-0.000237	-0.000237	-0.000147	-0.000147
14	6	111	6	P75	7	0.001480	0.001480	0.001570	0.001570
14	6	111	6	P90	8	-0.002079	-0.002079	0.001715	0.001715
14	6	111	6	P95	9	-0.001820	-0.001820	-0.002104	-0.002104
14	6	111	6	P99	11	-0.001836	-0.001836	0.001879	0.001879
14	6	111	6	P999	20	-0.001449	-0.001449	0.002116	0.002116
14	7	113	7	P1	5	-0.001457	-0.001457	-0.001282	-0.001282
14	7	113	7	P50	7	-0.000298	-0.000298	-0.000209	-0.000209
14	7	113	7	P75	7	0.001419	0.001419	0.001508	0.001508
14	7	113	7	P90	8	-0.002079	-0.002079	0.001715	0.001715
14	7	113	7	P95	9	-0.001820	-0.001820	-0.002104	-0.002104
14	7	113	7	P99	11	-0.001836	-0.001836	0.001879	0.001879
14	7	113	7	P999	20	-0.001449	-0.001449	0.002116	0.002116
15	1	128	1	P1	5	-0.000411	-0.000411	0.001625	0.001625
15	1	128	1	P50	7	-0.003099	-0.003150	-0.001108	-0.001159
15	1	128	1	P75	7	-0.001464	-0.001515	0.000508	0.000457
15	1	128	1	P90	7	-0.000492	-0.000492	0.001469	0.001469
15	1	128	1	P95	8	-0.001637	-0.001637	0.000361	0.000361
15	1	128	1	P99	8	0.000231	0.000231	0.002232	0.002232
15	1	128	1	P999	8	0.000605	0.000605	0.002607	0.002607
15	2	274	2	P1	5	-0.000358	-0.000358	-0.001956	-0.001956
15	2	274	2	P50	6	-0.001132	-0.001165	0.000889	0.000856
15	2	274	2	P75	7	-0.003150	-0.003150	-0.001198	-0.001198
15	2	274	2	P90	7	-0.001055	-0.001055	0.000792	0.000792
15	2	274	2	P95	7	0.001429	0.001429	0.001472	0.001472
15	2	274	2	P99	8	0.000231	0.000231	0.002232	0.002232
15	2	274	2	P999	9	0.002448	0.002448	0.000698	0.000698
15	3	282	3	P1	5	-0.000360	-0.000360	-0.001962	-0.001962
15	3	282	3	P50	6	-0.001174	-0.001205	0.000847	0.000816
15	3	282	3	P75	7	-0.003201	-0.003201	-0.001258	-0.001258
15	3	282	3	P90	7	-0.001055	-0.001055	0.000754	0.000754
15	3	282	3	P95	7	0.001055	0.001055	0.001426	0.001426
15	3	282	3	P99	8	0.000231	0.000231	0.002232	0.002232
15	3	282	3	P999	9	0.002448	0.002448	0.000698	0.000698
15	4	288	4	P1	5	-0.000362	-0.000362	-0.001966	-0.001966
15	4	288	4	P50	6	-0.001213	-0.001243	0.000808	0.000778
15	4	288	4	P75	7	-0.003252	-0.003303	-0.001306	-0.001354
15	4	288	4	P90	7	-0.001055	-0.001055	0.000754	0.000754
15	4	288	4	P95	7	0.001055	0.001055	0.001426	0.001426
15	4	288	4	P99	8	0.000231	0.000231	0.002232	0.002232
15	4	288	4	P999	9	0.002448	0.002448	0.000698	0.000698
15	5	326	5	P1	5	-0.000319	-0.000319	-0.001932	-0.001932
15	5	326	5	P50	6	-0.001291	-0.001316	0.000730	0.000705
15	5	326	5	P75	7	-0.003610	-0.003610	-0.001660	-0.001660
15	5	326	5	P90	7	-0.001106	-0.001106	0.000600	0.000600
15	5	326	5	P95	7	0.000961	0.000961	0.001339	0.001339
15	5	326	5	P99	8	-0.000143	-0.000143	0.001858	0.001858
15	5	326	5	P999	9	0.002448	0.002448	0.000698	0.000698
15	6	927	6	P1	5	-0.000181	-0.000181	-0.001678	-0.001678
15	6	927	6	P50	7	-0.004070	-0.004070	-0.002069	-0.002069
15	6	927	6	P75	7	-0.001951	-0.001951	0.000014	0.000014
15	6	927	6	P90	7	-0.000679	-0.000679	0.001264	0.001264
15	6	927	6	P95	8	-0.002234	-0.002234	-0.000237	-0.000237
15	6	927	6	P99	8	0.000530	0.000530	0.002532	0.002532
15	6	927	6	P999	19	0.002885	0.002885	0.001076	0.001076
15	7	1589	7	P1	5	0.000096	0.000096	-0.001417	-0.001417
15	7	1589	7	P50	7	-0.002780	-0.002780	-0.000787	-0.000787
15	7	1589	7	P75	7	-0.000967	-0.000967	0.001012	0.001012
15	7	1589	7	P90	8	-0.001446	-0.001446	0.000553	0.000553
15	7	1589	7	P95	8	-0.000297	-0.000297	0.001703	0.001703
15	7	1589	7	P99	9	-0.000358	-0.000358	-0.002104	-0.002104
15	7	1589	7	P999	23	0.002479	0.002479	0.000657	0.000657
16	1	784	0	P1	5	-0.003591	-0.003591	-0.001971	-0.001971
16	1	784	0	P50	6	-0.001443	-0.001450	0.000180	0.000173
16	1	784	0	P75	6	-0.000059	-0.000066	0.001567	0.001559
16	1	784	0	P90	6	0.000768	0.000768	0.002395	0.002395
16	1	784	0	P95	7	0.001540	0.001540	-0.000575	-0.000575
16	1	784	0	P99	7	0.003303	0.003303	0.001184	0.001184
16	1	784	0	P999	7	0.003689	0.003689	0.001570	0.001570
16	2	845	0	P1	5	-0.003587	-0.003587	-0.001968	-0.001968
16	2	845	0	P50	6	-0.001483	-0.001483	0.000140	0.000140
16	2	845	0	P75	6	-0.000096	-0.000096	0.001529	0.001529
16	2	845	0	P90	6	0.000740	0.000740	0.002367	0.002367
16	2	845	0	P95	7	0.001408	0.001408	-0.000707	-0.000707
16	2	845	0	P99	7	0.003254	0.003254	0.001136	0.001136
16	2	845	0	P999	7	0.003689	0.003689	0.001570	0.001570
16	3	1039	1	P1	5	-0.003524	-0.003524	-0.001931	-0.001931
16	3	1039	1	P50	6	-0.000901	-0.000901	0.000695	0.000695
16	3	1039	1	P75	6	0.000740	0.000740	0.002339	0.002339
16	3	1039	1	P90	7	-0.000027	-0.000027	0.000310	0.000310
16	3	1039	1	P95	7	0.002794	0.002794	0.001259	0.001259
16	3	1039	1	P99	8	-0.000011	-0.000011	0.001586	0.001586
16	3	1039	1	P999	8	0.001009	0.001009	0.002607	0.002607
16	4	1816	2	P1	5	-0.003380	-0.003380	-0.001832	-0.001832
16	4	1816	2	P50	6	-0.000616	-0.000619	0.000981	0.000977
16	4	1816	2	P75	7	-0.003347	-0.003374	-0.002036	-0.002045
16	4	1816	2	P90	7	0.001914	0.001914	0.000343	0.000343
16	4	1816	2	P95	7	0.003086	0.003086	0.001140	0.001140
16	4	1816	2	P99	8	-0.000405	-0.000405	0.001190	0.001190
16	4	1816	2	P999	24	0.001364	0.001364	0.002957	0.002957
16	5	1818	3	P1	5	-0.003380	-0.003380	-0.001832	-0.001832
16	5	1818	3	P50	6	-0.000612	-0.000616	0.000984	0.000981
16	5	1818	3	P75	7	-0.003323	-0.003323	-0.002028	-0.002028
16	5	1818	3	P90	7	0.001927	0.001927	0.000355	0.000355
16	5	1818	3	P95	7	0.003099	0.003099	0.001150	0.001150
16	5	1818	3	P99	8	-0.000368	-0.000368	0.001227	0.001227
16	5	1818	3	P999	24	0.001364	0.001364	0.002957	0.002957
16	6	1902	4	P1	5	-0.002068	-0.002068	-0.001816	-0.001816
16	6	1902	4	P50	6	0.000869	0.000866	0.001126	0.001123
16	6	1902	4	P75	7	-0.000236	-0.000236	-0.001478	-0.001478
16	6	1902	4	P90	7	0.004273	0.004273	0.001010	0.001010
16	6	1902	4	P95	8	-0.000931	-0.000931	0.000649	0.000649
16	6	1902	4	P99	9	-0.000185	-0.000185	-0.000078	-0.000078
16	6	1902	4	P999	24	0.003020	0.003020	0.002957	0.002957
16	7	1914	5	P1	5	-0.002068	-0.002068	-0.001816	-0.001816
16	7	1914	5	P50	6	0.000870	0.000866	0.001127	0.001124
16	7	1914	5	P75	7	-0.000282	-0.000282	-0.001483	-0.001483
16	7	1914	5	P90	7	0.004260	0.004260	0.001005	0.001005
16	7	1914	5	P95	8	-0.000931	-0.000931	0.000649	0.000649
16	7	1914	5	P99	9	-0.000185	-0.000185	-0.000078	-0.000078
16	7	1914	5	P999	24	0.003020	0.003020	0.002957	0.002957
17	1	1368	0	P1	5	-0.000641	-0.000641	-0.001915	-0.001915
17	1	1368	0	P50	6	-0.001615	-0.001620	0.000847	0.000842
17	1	1368	0	P75	7	-0.000654	-0.000664	-0.001927	-0.001938
17	1	1368	0	P90	7	0.001588	0.001588	0.000312	0.000312
17	1	1368	0	P95	7	0.002333	0.002333	0.001055	0.001055
17	1	1368	0	P99	8	-0.001460	-0.001460	0.001002	0.001002
17	1	1368	0	P999	43	0.000466	0.000466	0.002933	0.002933
17	2	1428	0	P1	5	-0.000633	-0.000633	-0.001907	-0.001907
17	2	1428	0	P50	6	-0.001621	-0.001626	0.000841	0.000836
17	2	1428	0	P75	7	-0.000703	-0.000714	-0.001977	-0.001987
17	2	1428	0	P90	7	0.001564	0.001564	0.000287	0.000287
17	2	1428	0	P95	7	0.002317	0.002317	0.001040	0.001040
17	2	1428	0	P99	8	-0.001726	-0.001726	0.000735	0.000735
17	2	1428	0	P999	43	0.000466	0.000466	0.002933	0.002933
17	3	2255	0	P1	5	-0.000665	-0.000665	-0.001939	-0.001939
17	3	2255	0	P50	6	-0.001982	-0.001982	0.000479	0.000479
17	3	2255	0	P75	6	-0.000419	-0.000419	0.002046	0.002046
17	3	2255	0	P90	7	0.000899	0.000899	-0.000377	-0.000377
17	3	2255	0	P95	7	0.001983	0.001983	0.000706	0.000706
17	3	2255	0	P99	7	0.002848	0.002848	0.001570	0.001570
17	3	2255	0	P999	43	-0.001402	-0.001402	0.001060	0.001060
17	4	2261	1	P1	5	0.001035	0.001035	-0.001939	-0.001939
17	4	2261	1	P50	6	-0.000221	-0.000221	0.000487	0.000487
17	4	2261	1	P75	6	0.001348	0.001348	0.002057	0.002057
17	4	2261	1	P90	7	0.002723	0.002723	-0.000343	-0.000343
17	4	2261	1	P95	7	0.003810	0.003810	0.000732	0.000732
17	4	2261	1	P99	8	-0.001754	-0.001754	-0.000511	-0.000511
17	4	2261	1	P999	43	-0.002783	-0.002783	0.001060	0.001060
17	5	2358	2	P1	5	0.001042	0.001042	-0.001931	-0.001931
17	5	2358	2	P50	6	-0.000085	-0.000088	0.000623	0.000620
17	5	2358	2	P75	6	0.001551	0.001551	0.002260	0.002260
17	5	2358	2	P90	7	0.003474	0.003474	0.000428	0.000428
17	5	2358	2	P95	7	0.004609	0.004609	0.001523	0.001523
17	5	2358	2	P99	9	-0.003412	-0.003412	-0.002829	-0.002829
17	5	2358	2	P999	43	-0.002783	-0.002783	0.001060	0.001060
17	6	2851	3	P1	5	0.001058	0.001058	-0.001916	-0.001916
17	6	2851	3	P50	6	-0.000084	-0.000084	0.000624	0.000624
17	6	2851	3	P75	6	0.001467	0.001467	0.002176	0.002176
17	6	2851	3	P90	7	0.003243	0.003243	0.000199	0.000199
17	6	2851	3	P95	7	0.004433	0.004433	0.001352	0.001352
17	6	2851	3	P99	8	0.001518	0.001518	0.002523	0.002523
17	6	2851	3	P999	49	-0.000669	-0.000669	0.003142	0.003142
17	7	2853	4	P1	5	0.001058	0.001058	-0.001916	-0.001916
17	7	2853	4	P50	6	-0.000084	-0.000084	0.000624	0.000624
17	7	2853	4	P75	6	0.001465	0.001465	0.002174	0.002174
17	7	2853	4	P90	7	0.003243	0.003243	0.000199	0.000199
17	7	2853	4	P95	7	0.004433	0.004433	0.001352	0.001352
17	7	2853	4	P99	8	0.001518	0.001518	0.002523	0.002523
17	7	2853	4	P999	49	-0.000669	-0.000669	0.003142	0.003142
18	1	98	1	P1	5	-0.002360	-0.002360	-0.001179	-0.001179
18	1	98	1	P50	6	0.000012	-0.000042	0.001182	0.001128
18	1	98	1	P75	6	0.001294	0.001294	0.002466	0.002466
18	1	98	1	P90	7	0.002964	0.002964	0.000379	0.000379
18	1	98	1	P95	7	0.003817	0.003817	0.001229	0.001229
18	1	98	1	P99	10	0.002611	0.002611	0.003745	0.003745
18	1	98	1	P999	10	0.002611	0.002611	0.003745	0.003745
18	2	101	2	P1	5	-0.001427	-0.001427	-0.000245	-0.000245
18	2	101	2	P50	6	-0.000005	-0.000005	0.001165	0.001165
18	2	101	2	P75	6	0.001294	0.001294	0.002466	0.002466
18	2	101	2	P90	7	0.002853	0.002853	0.000268	0.000268
18	2	101	2	P95	7	0.003668	0.003668	0.001082	0.001082
18	2	101	2	P99	9	-0.000441	-0.000441	0.000698	0.000698
18	2	101	2	P999	10	0.002611	0.002611	0.003745	0.003745
18	3	108	3	P1	5	-0.001427	-0.001427	-0.000245	-0.000245
18	3	108	3	P50	6	-0.000032	-0.000079	0.001138	0.001091
18	3	108	3	P75	6	0.001247	0.001200	0.002418	0.002371
18	3	108	3	P90	7	0.002853	0.002853	0.000268	0.000268
18	3	108	3	P95	7	0.003668	0.003668	0.001082	0.001082
18	3	108	3	P99	9	-0.000441	-0.000441	0.000698	0.000698
18	3	108	3	P999	10	0.002611	0.002611	0.003745	0.003745
18	4	111	4	P1	5	-0.001427	-0.001427	-0.000245	-0.000245
18	4	111	4	P50	6	-0.000045	-0.000045	0.001125	0.001125
18	4	111	4	P75	6	0.001248	0.001248	0.002419	0.002419
18	4	111	4	P90	7	0.002751	0.002751	0.000167	0.000167
18	4	111	4	P95	7	0.003689	0.003689	0.001102	0.001102
18	4	111	4	P99	9	-0.000441	-0.000441	0.000698	0.000698
18	4	111	4	P999	10	0.002611	0.002611	0.003745	0.003745
18	5	114	5	P1	5	-0.001427	-0.001427	-0.000245	-0.000245
18	5	114	5	P50	6	0.000017	-0.000029	0.001187	0.001141
18	5	114	5	P75	6	0.001294	0.001294	0.002466	0.002466
18	5	114	5	P90	7	0.002751	0.002751	0.000275	0.000275
18	5	114	5	P95	7	0.003689	0.003689	0.001138	0.001138
18	5	114	5	P99	9	-0.000441	-0.000441	0.000698	0.000698
18	5	114	5	P999	10	0.002611	0.002611	0.003745	0.003745
18	6	117	6	P1	5	-0.001427	-0.001427	-0.000245	-0.000245
18	6	117	6	P50	6	0.000063	0.000063	0.001233	0.001233
18	6	117	6	P75	7	0.000411	0.000411	-0.001891	-0.001891
18	6	117	6	P90	7	0.003107	0.003107	0.000600	0.000600
18	6	117	6	P95	7	0.004008	0.004008	0.001431	0.001431
18	6	117	6	P99	9	-0.000441	-0.000441	0.000698	0.000698
18	6	117	6	P999	10	0.002611	0.002611	0.003745	0.003745
18	7	120	7	P1	5	-0.001427	-0.001427	-0.000245	-0.000245
18	7	120	7	P50	6	0.000154	0.000108	0.001324	0.001278
18	7	120	7	P75	7	0.000860	0.000710	-0.001476	-0.001614
18	7	120	7	P90	7	0.003557	0.003407	0.001015	0.000877
18	7	120	7	P95	8	-0.000786	-0.001533	0.000361	-0.000387
18	7	120	7	P99	9	-0.000441	-0.000441	0.000698	0.000698
18	7	120	7	P999	10	0.002611	0.002611	0.003745	0.003745
19	1	782	1	P1	10	-0.000982	-0.000982	0.000216	0.000216
19	1	782	1	P50	11	-0.000325	-0.000334	0.000867	0.000859
19	1	782	1	P75	12	-0.002819	-0.002819	-0.001634	-0.001634
19	1	782	1	P90	12	-0.000740	-0.000740	0.000447	0.000447
19	1	782	1	P95	13	-0.000445	-0.000445	0.000738	0.000738
19	1	782	1	P99	14	0.000466	0.000466	0.001645	0.001645
19	1	782	1	P999	16	-0.000190	-0.000190	0.000980	0.000980
19	2	787	2	P1	10	-0.001126	-0.001126	0.000208	0.000208
19	2	787	2	P50	11	-0.000343	-0.000343	0.000850	0.000850
19	2	787	2	P75	12	-0.002837	-0.002837	-0.001652	-0.001652
19	2	787	2	P90	12	-0.000740	-0.000740	0.000447	0.000447
19	2	787	2	P95	13	-0.000445	-0.000445	0.000738	0.000738
19	2	787	2	P99	14	0.000466	0.000466	0.001645	0.001645
19	2	787	2	P999	16	-0.000190	-0.000190	0.000980	0.000980
19	3	1388	3	P1	6	0.001780	0.001780	-0.000730	-0.000730
19	3	1388	3	P50	11	-0.002751	-0.002759	-0.001561	-0.001569
19	3	1388	3	P75	11	0.000053	0.000045	0.001240	0.001232
19	3	1388	3	P90	12	-0.001789	-0.001789	-0.000603	-0.000603
19	3	1388	3	P95	12	-0.000562	-0.000562	0.000625	0.000625
19	3	1388	3	P99	13	0.001851	0.001851	0.003036	0.003036
19	3	1388	3	P999	14	0.002508	0.002508	0.003689	0.003689
19	4	1745	4	P1	6	0.001929	0.001929	-0.000581	-0.000581
19	4	1745	4	P50	8	0.000500	0.000500	0.001713	0.001713
19	4	1745	4	P75	11	-0.000675	-0.000675	0.000513	0.000513
19	4	1745	4	P90	12	-0.002428	-0.002428	-0.001243	-0.001243
19	4	1745	4	P95	12	-0.000882	-0.000882	0.000305	0.000305
19	4	1745	4	P99	13	0.001510	0.001510	0.002695	0.002695
19	4	1745	4	P999	14	0.002508	0.002508	0.003689	0.003689
19	5	1839	5	P1	6	0.001968	0.001968	-0.000543	-0.000543
19	5	1839	5	P50	8	0.000251	0.000251	0.001464	0.001464
19	5	1839	5	P75	11	-0.000861	-0.000861	0.000327	0.000327
19	5	1839	5	P90	12	-0.002588	-0.002588	-0.001403	-0.001403
19	5	1839	5	P95	12	-0.000953	-0.000953	0.000233	0.000233
19	5	1839	5	P99	13	0.001425	0.001425	0.002610	0.002610
19	5	1839	5	P999	14	0.002508	0.002508	0.003689	0.003689
19	6	1923	6	P1	6	0.002006	0.002006	-0.000504	-0.000504
19	6	1923	6	P50	8	0.000149	0.000149	0.001362	0.001362
19	6	1923	6	P75	11	-0.001022	-0.001022	0.000165	0.000165
19	6	1923	6	P90	12	-0.002730	-0.002730	-0.001552	-0.001552
19	6	1923	6	P95	12	-0.001025	-0.001025	0.000148	0.000148
19	6	1923	6	P99	13	0.001340	0.001340	0.002525	0.002525
19	6	1923	6	P999	14	0.002508	0.002508	0.003689	0.003689
19	7	2007	7	P1	6	0.002045	0.002045	-0.000466	-0.000466
19	7	2007	7	P50	8	0.000473	0.000473	0.001686	0.001686
19	7	2007	7	P75	11	-0.001188	-0.001188	-0.000000	-0.000000
19	7	2007	7	P90	12	-0.002872	-0.002872	-0.001693	-0.001693
19	7	2007	7	P95	12	-0.001096	-0.001096	0.000077	0.000077
19	7	2007	7	P99	13	0.001255	0.001255	0.002439	0.002439
19	7	2007	7	P999	14	0.002196	0.002196	0.003377	0.003377
20	1	1238	1	P1	6	-0.001737	-0.001737	-0.000910	-0.000910
20	1	1238	1	P50	8	-0.001418	-0.001425	-0.000628	-0.000636
20	1	1238	1	P75	8	0.000847	0.000847	0.001638	0.001638
20	1	1238	1	P90	9	-0.002543	-0.002543	-0.001815	-0.001815
20	1	1238	1	P95	9	-0.001087	-0.001087	-0.000412	-0.000412
20	1	1238	1	P99	9	0.003668	0.003668	0.000698	0.000698
20	1	1238	1	P999	48	0.004524	0.004524	0.001329	0.001329
20	2	1932	2	P1	6	-0.001540	-0.001540	-0.000713	-0.000713
20	2	1932	2	P50	8	0.001125	0.001118	0.001917	0.001909
20	2	1932	2	P75	10	-0.000209	-0.000218	0.000602	0.000594
20	2	1932	2	P90	10	0.002283	0.002283	0.003056	0.003056
20	2	1932	2	P95	11	-0.001800	-0.001800	-0.001052	-0.001052
20	2	1932	2	P99	12	-0.001268	-0.001268	-0.000532	-0.000532
20	2	1932	2	P999	48	0.004524	0.004524	0.001329	0.001329
20	3	1937	3	P1	6	-0.001540	-0.001540	-0.000713	-0.000713
20	3	1937	3	P50	8	0.001134	0.001134	0.001925	0.001925
20	3	1937	3	P75	10	-0.000227	-0.000227	0.000585	0.000585
20	3	1937	3	P90	10	0.002283	0.002283	0.003056	0.003056
20	3	1937	3	P95	11	-0.001800	-0.001800	-0.001052	-0.001052
20	3	1937	3	P99	12	-0.001268	-0.001268	-0.000532	-0.000532
20	3	1937	3	P999	48	0.004524	0.004524	0.001329	0.001329
20	4	1942	4	P1	6	-0.001159	-0.001159	-0.000713	-0.000713
20	4	1942	4	P50	8	0.001552	0.001545	0.001941	0.001934
20	4	1942	4	P75	10	0.000190	0.000190	0.000585	0.000585
20	4	1942	4	P90	10	0.002700	0.002700	0.003056	0.003056
20	4	1942	4	P95	11	-0.001377	-0.001377	-0.001052	-0.001052
20	4	1942	4	P99	12	-0.000715	-0.000715	-0.000407	-0.000407
20	4	1942	4	P999	48	0.005050	0.005050	0.001329	0.001329
20	5	2543	5	P1	6	-0.000991	-0.000991	-0.000544	-0.000544
20	5	2543	5	P50	9	-0.001892	-0.001892	-0.001544	-0.001544
20	5	2543	5	P75	10	-0.000327	-0.000327	0.001603	0.001603
20	5	2543	5	P90	10	0.002960	0.002960	0.003492	0.003492
20	5	2543	5	P95	11	-0.000200	-0.000200	0.000126	0.000126
20	5	2543	5	P99	12	-0.000537	-0.000537	-0.000229	-0.000229
20	5	2543	5	P999	20	0.001911	0.001911	0.002116	0.002116
20	6	2549	6	P1	6	-0.001535	-0.001535	-0.000620	-0.000620
20	6	2549	6	P50	9	-0.002354	-0.002354	-0.001566	-0.001566
20	6	2549	6	P75	10	-0.000778	-0.000778	0.001593	0.001593
20	6	2549	6	P90	10	0.002524	0.002524	0.003492	0.003492
20	6	2549	6	P95	11	-0.000627	-0.000627	0.000126	0.000126
20	6	2549	6	P99	12	-0.000959	-0.000959	-0.000229	-0.000229
20	6	2549	6	P999	20	0.001523	0.001523	0.002116	0.002116
20	7	2643	7	P1	6	-0.001981	-0.001981	-0.001066	-0.001066
20	7	2643	7	P50	9	-0.002688	-0.002688	-0.001898	-0.001898
20	7	2643	7	P75	10	-0.001045	-0.001045	0.001479	0.001479
20	7	2643	7	P90	10	0.002438	0.002438	0.003442	0.003442
20	7	2643	7	P95	11	-0.000758	-0.000758	-0.000005	-0.000005
20	7	2643	7	P99	12	-0.001035	-0.001035	-0.000306	-0.000306
20	7	2643	7	P999	20	0.001523	0.001523	0.002116	0.002116
21	1	155	0	P1	8	-0.001297	-0.001297	-0.000600	-0.000600
21	1	155	0	P50	9	-0.001437	-0.001437	-0.000740	-0.000740
21	1	155	0	P75	9	-0.000036	-0.000036	0.000662	0.000662
21	1	155	0	P90	10	0.001653	0.001653	0.002352	0.002352
21	1	155	0	P95	10	0.002510	0.002510	0.003209	0.003209
21	1	155	0	P99	11	0.001180	0.001180	0.001879	0.001879
21	1	155	0	P999	16	0.000282	0.000282	0.000980	0.000980
21	2	932	1	P1	6	-0.002398	-0.002398	-0.001247	-0.001247
21	2	932	1	P50	7	-0.002691	-0.002701	-0.001551	-0.001561
21	2	932	1	P75	7	-0.000254	-0.000265	0.000888	0.000878
21	2	932	1	P90	9	-0.002436	-0.002436	-0.001314	-0.001314
21	2	932	1	P95	9	-0.000749	-0.000749	0.000374	0.000374
21	2	932	1	P99	10	0.001876	0.001876	0.002995	0.002995
21	2	932	1	P999	16	-0.000101	-0.000101	0.000980	0.000980
21	3	937	2	P1	6	-0.002398	-0.002398	-0.001247	-0.001247
21	3	937	2	P50	7	-0.002670	-0.002670	-0.001530	-0.001530
21	3	937	2	P75	7	-0.000223	-0.000223	0.000920	0.000920
21	3	937	2	P90	9	-0.002344	-0.002344	-0.001222	-0.001222
21	3	937	2	P95	9	-0.000735	-0.000735	0.000389	0.000389
21	3	937	2	P99	10	0.001876	0.001876	0.002995	0.002995
21	3	937	2	P999	16	-0.000101	-0.000101	0.000980	0.000980
21	4	939	3	P1	6	-0.002398	-0.002398	-0.001247	-0.001247
21	4	939	3	P50	7	-0.002659	-0.002659	-0.001519	-0.001519
21	4	939	3	P75	7	-0.000202	-0.000202	0.000941	0.000941
21	4	939	3	P90	9	-0.002344	-0.002344	-0.001222	-0.001222
21	4	939	3	P95	9	-0.000735	-0.000735	0.000389	0.000389
21	4	939	3	P99	10	0.001876	0.001876	0.002995	0.002995
21	4	939	3	P999	16	-0.000101	-0.000101	0.000980	0.000980
21	5	941	4	P1	6	-0.002398	-0.002398	-0.001247	-0.001247
21	5	941	4	P50	7	-0.002661	-0.002661	-0.001521	-0.001521
21	5	941	4	P75	7	-0.000211	-0.000211	0.000932	0.000932
21	5	941	4	P90	9	-0.002378	-0.002378	-0.001256	-0.001256
21	5	941	4	P95	9	-0.000769	-0.000769	0.000355	0.000355
21	5	941	4	P99	10	0.001876	0.001876	0.002995	0.002995
21	5	941	4	P999	16	-0.000101	-0.000101	0.000980	0.000980
21	6	946	5	P1	6	-0.002398	-0.002398	-0.001247	-0.001247
21	6	946	5	P50	7	-0.002630	-0.002640	-0.001490	-0.001500
21	6	946	5	P75	7	-0.000169	-0.000169	0.000974	0.000974
21	6	946	5	P90	9	-0.002378	-0.002378	-0.001256	-0.001256
21	6	946	5	P95	9	-0.000769	-0.000769	0.000355	0.000355
21	6	946	5	P99	10	0.001876	0.001876	0.002995	0.002995
21	6	946	5	P999	16	-0.000101	-0.000101	0.000980	0.000980
21	7	953	6	P1	6	-0.002399	-0.002399	-0.001247	-0.001247
21	7	953	6	P50	7	-0.002629	-0.002629	-0.001489	-0.001489
21	7	953	6	P75	7	-0.000181	-0.000181	0.000961	0.000961
21	7	953	6	P90	9	-0.002412	-0.002412	-0.001291	-0.001291
21	7	953	6	P95	9	-0.000769	-0.000769	0.000355	0.000355
21	7	953	6	P99	10	0.001876	0.001876	0.002995	0.002995
21	7	953	6	P999	16	-0.000101	-0.000101	0.000980	0.000980
22	1	18	1	P1	5	0.001234	0.001234	-0.000868	-0.000868
22	1	18	1	P50	6	0.000853	0.000319	0.002466	0.001931
22	1	18	1	P75	8	-0.000210	-0.000210	0.001359	0.001359
22	1	18	1	P90	9	-0.002097	-0.002097	-0.000548	-0.000548
22	1	18	1	P95	9	-0.000852	-0.000852	0.000698	0.000698
22	1	18	1	P99	9	-0.000852	-0.000852	0.000698	0.000698
22	1	18	1	P999	9	-0.000852	-0.000852	0.000698	0.000698
22	2	20	2	P1	1	-0.000592	-0.000592	0.001871	0.001871
22	2	20	2	P50	6	-0.000135	-0.000669	0.001931	0.001396
22	2	20	2	P75	8	-0.000642	-0.001887	0.001359	0.000112
22	2	20	2	P90	9	-0.002520	-0.003762	-0.000548	-0.001793
22	2	20	2	P95	9	-0.001276	-0.002520	0.000698	-0.000548
22	2	20	2	P99	9	-0.001276	-0.001276	0.000698	0.000698
22	2	20	2	P999	9	-0.001276	-0.001276	0.000698	0.000698
22	3	24	3	P1	1	-0.001837	-0.001837	0.000623	0.000623
22	3	24	3	P50	6	-0.001203	-0.001736	0.000861	0.000327
22	3	24	3	P75	8	-0.001887	-0.122128	0.000112	-0.123627
22	3	24	3	P90	9	-0.003762	-0.003762	-0.001793	-0.001793
22	3	24	3	P95	9	-0.002520	-0.002520	-0.000548	-0.000548
22	3	24	3	P99	9	-0.001276	-0.001276	0.000698	0.000698
22	3	24	3	P999	9	-0.001276	-0.001276	0.000698	0.000698
22	4	26	4	P1	1	-0.001993	-0.001993	0.000467	0.000467
22	4	26	4	P50	6	-0.001736	-0.002269	0.000327	-0.000207
22	4	26	4	P75	7	0.003283	0.003283	0.001570	0.001570
22	4	26	4	P90	9	-0.003762	-0.003762	-0.001793	-0.001793
22	4	26	4	P95	9	-0.002520	-0.002520	-0.000548	-0.000548
22	4	26	4	P99	9	-0.001276	-0.001276	0.000698	0.000698
22	4	26	4	P999	9	-0.001276	-0.001276	0.000698	0.000698
22	5	29	5	P1	1	-0.001993	-0.001993	0.000467	0.000467
22	5	29	5	P50	6	-0.001470	-0.001470	0.000594	0.000594
22	5	29	5	P75	7	-0.000461	-0.000461	0.000634	0.000634
22	5	29	5	P90	9	-0.003762	-0.003762	-0.001793	-0.001793
22	5	29	5	P95	9	-0.002520	-0.002520	-0.000548	-0.000548
22	5	29	5	P99	9	-0.001276	-0.001276	0.000698	0.000698
22	5	29	5	P999	9	-0.001276	-0.001276	0.000698	0.000698
22	6	31	6	P1	1	-0.001993	-0.001993	0.000467	0.000467
22	6	31	6	P50	6	-0.001936	-0.001936	0.000126	0.000126
22	6	31	6	P75	7	-0.000461	-0.000461	0.000634	0.000634
22	6	31	6	P90	8	0.000604	0.000604	0.002607	0.002607
22	6	31	6	P95	9	-0.002520	-0.002520	-0.000548	-0.000548
22	6	31	6	P99	9	-0.001276	-0.001276	0.000698	0.000698
22	6	31	6	P999	9	-0.001276	-0.001276	0.000698	0.000698
22	7	33	7	P1	1	-0.001993	-0.001993	0.000467	0.000467
22	7	33	7	P50	6	-0.002402	-0.002402	-0.000341	-0.000341
22	7	33	7	P75	7	-0.001706	-0.001706	-0.000300	-0.000300
22	7	33	7	P90	8	0.000604	0.000604	0.002607	0.002607
22	7	33	7	P95	9	-0.002520	-0.002520	-0.000548	-0.000548
22	7	33	7	P99	9	-0.001276	-0.001276	0.000698	0.000698
22	7	33	7	P999	9	-0.001276	-0.001276	0.000698	0.000698
23	1	31	1	P1	3	-0.001643	-0.001643	-0.003045	-0.003045
23	1	31	1	P50	4	-0.001520	-0.001520	-0.002311	-0.002311
23	1	31	1	P75	4	0.000348	0.000348	-0.000818	-0.000818
23	1	31	1	P90	4	0.001284	0.001284	-0.000071	-0.000071
23	1	31	1	P95	4	0.001752	0.001752	0.000303	0.000303
23	1	31	1	P99	4	0.001986	0.001986	0.000490	0.000490
23	1	31	1	P999	4	0.001986	0.001986	0.000490	0.000490
23	2	33	2	P1	3	-0.001643	-0.001643	-0.003045	-0.003045
23	2	33	2	P50	4	-0.001754	-0.001754	-0.002226	-0.002226
23	2	33	2	P75	4	0.000114	0.000114	-0.000869	-0.000869
23	2	33	2	P90	4	0.001284	0.001284	-0.000020	-0.000020
23	2	33	2	P95	4	0.001752	0.001752	0.000320	0.000320
23	2	33	2	P99	4	0.001986	0.001986	0.000490	0.000490
23	2	33	2	P999	4	0.001986	0.001986	0.000490	0.000490
23	3	35	3	P1	3	-0.001643	-0.001643	-0.003045	-0.003045
23	3	35	3	P50	4	-0.002220	-0.002220	-0.002156	-0.002156
23	3	35	3	P75	4	0.000114	0.000114	-0.000756	-0.000756
23	3	35	3	P90	4	0.001284	0.001284	0.000023	0.000023
23	3	35	3	P95	4	0.001752	0.001752	0.000334	0.000334
23	3	35	3	P99	4	0.001986	0.001986	0.000490	0.000490
23	3	35	3	P999	4	0.001986	0.001986	0.000490	0.000490
23	4	37	4	P1	3	-0.001643	-0.001643	-0.003045	-0.003045
23	4	37	4	P50	4	-0.002500	-0.002500	-0.002096	-0.002096
23	4	37	4	P75	4	-0.000119	-0.000119	-0.000804	-0.000804
23	4	37	4	P90	4	0.001284	0.001284	0.000059	0.000059
23	4	37	4	P95	4	0.001752	0.001752	0.000346	0.000346
23	4	37	4	P99	4	0.001986	0.001986	0.000490	0.000490
23	4	37	4	P999	4	0.001986	0.001986	0.000490	0.000490
23	5	39	5	P1	3	-0.001643	-0.001643	-0.003045	-0.003045
23	5	39	5	P50	4	-0.002686	-0.002686	-0.002045	-0.002045
23	5	39	5	P75	4	-0.000119	-0.000119	-0.000711	-0.000711
23	5	39	5	P90	4	0.001284	0.001284	0.000089	0.000089
23	5	39	5	P95	4	0.001752	0.001752	0.000356	0.000356
23	5	39	5	P99	4	0.001986	0.001986	0.000490	0.000490
23	5	39	5	P999	4	0.001986	0.001986	0.000490	0.000490
23	6	64	6	P1	3	-0.001762	-0.001762	-0.003164	-0.003164
23	6	64	6	P50	4	-0.003558	-0.003678	-0.001974	-0.002053
23	6	64	6	P75	4	-0.001520	-0.001754	-0.000703	-0.000782
23	6	64	6	P90	4	0.000582	0.000582	0.000013	0.000013
23	6	64	6	P95	4	0.001284	0.001284	0.000251	0.000251
23	6	64	6	P99	4	0.001986	0.001986	0.000490	0.000490
23	6	64	6	P999	4	0.001986	0.001986	0.000490	0.000490
23	7	80	7	P1	3	-0.001786	-0.001786	-0.003187	-0.003187
23	7	80	7	P50	4	-0.003660	-0.003742	-0.001898	-0.001959
23	7	80	7	P75	4	-0.002002	-0.002085	-0.000674	-0.000735
23	7	80	7	P90	4	0.000348	0.000114	0.000061	-0.000000
23	7	80	7	P95	4	0.001284	0.001050	0.000306	0.000245
23	7	80	7	P99	4	0.001986	0.001986	0.000490	0.000490
23	7	80	7	P999	4	0.001986	0.001986	0.000490	0.000490
24	1	21	0	P1	3	0.000326	0.000326	-0.002918	-0.002918
24	1	21	0	P50	4	-0.002871	-0.002871	-0.002383	-0.002383
24	1	21	0	P75	4	-0.001437	-0.001437	-0.000947	-0.000947
24	1	21	0	P90	4	-0.000575	-0.000575	-0.000085	-0.000085
24	1	21	0	P95	4	-0.000287	-0.000287	0.000202	0.000202
24	1	21	0	P99	4	-0.000000	-0.000000	0.000490	0.000490
24	1	21	0	P999	4	-0.000000	-0.000000	0.000490	0.000490
24	2	26	1	P1	3	-0.001643	-0.001643	-0.003045	-0.003045
24	2	26	1	P50	4	-0.004621	-0.004907	-0.002497	-0.002746
24	2	26	1	P75	4	-0.002901	-0.002901	-0.001005	-0.001005
24	2	26	1	P90	4	-0.001754	-0.001754	-0.000009	-0.000009
24	2	26	1	P95	4	0.000114	0.000114	0.000241	0.000241
24	2	26	1	P99	4	0.001986	0.001986	0.000490	0.000490
24	2	26	1	P999	4	0.001986	0.001986	0.000490	0.000490
24	3	31	2	P1	3	-0.001733	-0.001733	-0.003135	-0.003135
24	3	31	2	P50	4	-0.005193	-0.005193	-0.003010	-0.003010
24	3	31	2	P75	4	-0.002901	-0.002901	-0.001145	-0.001145
24	3	31	2	P90	4	-0.001754	-0.001754	-0.000211	-0.000211
24	3	31	2	P95	4	0.000738	0.000738	0.000256	0.000256
24	3	31	2	P99	4	0.001986	0.001986	0.000490	0.000490
24	3	31	2	P999	4	0.001986	0.001986	0.000490	0.000490
24	4	36	3	P1	3	-0.001775	-0.001775	-0.003176	-0.003176
24	4	36	3	P50	4	-0.005193	-0.248682	-0.003036	-0.249738
24	4	36	3	P75	4	-0.002615	-0.002901	-0.001171	-0.001378
24	4	36	3	P90	4	-0.000259	-0.000259	-0.000133	-0.000133
24	4	36	3	P95	4	0.001237	0.001237	0.000282	0.000282
24	4	36	3	P99	4	0.001986	0.001986	0.000490	0.000490
24	4	36	3	P999	4	0.001986	0.001986	0.000490	0.000490
24	5	41	4	P1	3	-0.001804	-0.001804	-0.003206	-0.003206
24	5	41	4	P50	3	0.001757	0.001757	0.000349	0.000349
24	5	41	4	P75	4	-0.002997	-0.002997	-0.001378	-0.001378
24	5	41	4	P90	4	-0.001007	-0.001007	-0.000258	-0.000258
24	5	41	4	P95	4	0.000488	0.000488	0.000116	0.000116
24	5	41	4	P99	4	0.001986	0.001986	0.000490	0.000490
24	5	41	4	P999	4	0.001986	0.001986	0.000490	0.000490
24	6	46	5	P1	3	-0.001826	-0.001826	-0.003228	-0.003228
24	6	46	5	P50	3	0.001757	0.001601	0.000349	0.000193
24	6	46	5	P75	4	-0.003070	-0.003070	-0.001378	-0.001378
24	6	46	5	P90	4	-0.001007	-0.001007	-0.000190	-0.000190
24	6	46	5	P95	4	0.000488	0.000488	0.000150	0.000150
24	6	46	5	P99	4	0.001986	0.001986	0.000490	0.000490
24	6	46	5	P999	4	0.001986	0.001986	0.000490	0.000490
24	7	48	6	P1	3	-0.001826	-0.001826	-0.003228	-0.003228
24	7	48	6	P50	4	-0.005283	-0.248682	-0.003088	-0.249738
24	7	48	6	P75	4	-0.002932	-0.003128	-0.001223	-0.001378
24	7	48	6	P90	4	-0.001007	-0.001007	-0.000133	-0.000133
24	7	48	6	P95	4	0.000488	0.000488	0.000178	0.000178
24	7	48	6	P99	4	0.001986	0.001986	0.000490	0.000490
24	7	48	6	P999	4	0.001986	0.001986	0.000490	0.000490
25	1	27	1	P1	3	-0.001695	-0.001695	-0.003097	-0.003097
25	1	27	1	P50	4	-0.005169	-0.005169	-0.002977	-0.002977
25	1	27	1	P75	4	-0.002997	-0.002997	-0.001112	-0.001112
25	1	27	1	P90	4	-0.001754	-0.001754	-0.000044	-0.000044
25	1	27	1	P95	4	0.000114	0.000114	0.000223	0.000223
25	1	27	1	P99	4	0.001986	0.001986	0.000490	0.000490
25	1	27	1	P999	4	0.001986	0.001986	0.000490	0.000490
25	2	43	2	P1	3	-0.001786	-0.001786	-0.003187	-0.003187
25	2	43	2	P50	4	-0.004549	-0.004549	-0.002777	-0.002777
25	2	43	2	P75	4	-0.001131	-0.001131	-0.001067	-0.001067
25	2	43	2	P90	4	0.000738	0.000738	-0.000133	-0.000133
25	2	43	2	P95	4	0.001362	0.001362	0.000178	0.000178
25	2	43	2	P99	4	0.001986	0.001986	0.000490	0.000490
25	2	43	2	P999	4	0.001986	0.001986	0.000490	0.000490
25	3	55	3	P1	3	-0.001838	-0.001838	-0.003240	-0.003240
25	3	55	3	P50	4	-0.004859	-0.004859	-0.002986	-0.002986
25	3	55	3	P75	4	-0.000875	-0.000875	-0.001185	-0.001185
25	3	55	3	P90	4	0.000885	0.000885	-0.000155	-0.000155
25	3	55	3	P95	4	0.001545	0.001545	0.000232	0.000232
25	3	55	3	P99	4	0.001986	0.001986	0.000490	0.000490
25	3	55	3	P999	4	0.001986	0.001986	0.000490	0.000490
25	4	71	4	P1	3	-0.001865	-0.001865	-0.003267	-0.003267
25	4	71	4	P50	4	-0.004239	-0.004239	-0.002851	-0.002851
25	4	71	4	P75	4	-0.000317	-0.000317	-0.001083	-0.001083
25	4	71	4	P90	4	0.001122	0.001122	-0.000100	-0.000100
25	4	71	4	P95	4	0.001698	0.001698	0.000293	0.000293
25	4	71	4	P99	5	-0.000552	-0.000552	0.001625	0.001625
25	4	71	4	P999	5	-0.000552	-0.000552	0.001625	0.001625
25	5	84	5	P1	3	-0.001878	-0.001878	-0.003280	-0.003280
25	5	84	5	P50	4	-0.004239	-0.004416	-0.002688	-0.002767
25	5	84	5	P75	4	-0.000748	-0.000892	-0.001021	-0.001100
25	5	84	5	P90	4	0.000978	0.000978	-0.000067	-0.000067
25	5	84	5	P95	4	0.001554	0.001554	0.000251	0.000251
25	5	84	5	P99	5	-0.000552	-0.000552	0.001625	0.001625
25	5	84	5	P999	5	-0.000552	-0.000552	0.001625	0.001625
25	6	119	6	P1	3	-0.001836	-0.001836	-0.003237	-0.003237
25	6	119	6	P50	4	-0.003884	-0.003884	-0.002742	-0.002742
25	6	119	6	P75	4	-0.000292	-0.000292	-0.001072	-0.001072
25	6	119	6	P90	4	0.001172	0.001172	-0.000068	-0.000068
25	6	119	6	P95	4	0.001660	0.001660	0.000267	0.000267
25	6	119	6	P99	4	0.001986	0.001986	0.000490	0.000490
25	6	119	6	P999	5	-0.000552	-0.000552	0.001625	0.001625
25	7	140	7	P1	3	-0.001858	-0.001858	-0.003259	-0.003259
25	7	140	7	P50	4	-0.003529	-0.003707	-0.002717	-0.002765
25	7	140	7	P75	4	-0.000115	-0.000181	-0.001043	-0.001091
25	7	140	7	P90	4	0.001263	0.001197	-0.000037	-0.000085
25	7	140	7	P95	4	0.001723	0.001657	0.000298	0.000250
25	7	140	7	P99	5	-0.000552	-0.000552	0.001625	0.001625
25	7	140	7	P999	6	0.000342	0.000342	0.002466	0.002466
26	1	38	0	P1	3	0.000170	0.000170	-0.003073	-0.003073
26	1	38	0	P50	4	-0.002539	-0.002688	-0.002050	-0.002199
26	1	38	0	P75	4	-0.001195	-0.001195	-0.000706	-0.000706
26	1	38	0	P90	4	-0.000299	-0.000299	0.000191	0.000191
26	1	38	0	P95	4	-0.000000	-0.000000	0.000490	0.000490
26	1	38	0	P99	42	0.003548	0.003548	0.000293	0.000293
26	1	38	0	P999	42	0.003548	0.003548	0.000293	0.000293
26	2	54	1	P1	3	-0.001786	-0.001786	-0.003187	-0.003187
26	2	54	1	P50	4	-0.004140	-0.004289	-0.002256	-0.002366
26	2	54	1	P75	4	-0.002201	-0.002201	-0.000829	-0.000829
26	2	54	1	P90	4	0.000322	0.000322	0.000050	0.000050
26	2	54	1	P95	4	0.001570	0.001570	0.000380	0.000380
26	2	54	1	P99	42	0.002507	0.002507	0.000293	0.000293
26	2	54	1	P999	42	0.002507	0.002507	0.000293	0.000293
26	3	70	2	P1	3	-0.001826	-0.001826	-0.003228	-0.003228
26	3	70	2	P50	4	-0.004239	-0.004342	-0.002249	-0.002332
26	3	70	2	P75	4	-0.002479	-0.002479	-0.000839	-0.000839
26	3	70	2	P90	4	-0.000093	-0.000509	0.000075	-0.000009
26	3	70	2	P95	4	0.001154	0.001154	0.000324	0.000324
26	3	70	2	P99	42	0.002507	0.002507	0.000293	0.000293
26	3	70	2	P999	42	0.002507	0.002507	0.000293	0.000293
26	4	82	3	P1	3	-0.001858	-0.001858	-0.003259	-0.003259
26	4	82	3	P50	4	-0.004416	-0.004505	-0.002366	-0.002439
26	4	82	3	P75	4	-0.002642	-0.002642	-0.000902	-0.000902
26	4	82	3	P90	4	-0.000924	-0.000924	-0.000023	-0.000023
26	4	82	3	P95	4	0.000738	0.000738	0.000270	0.000270
26	4	82	3	P99	42	0.002507	0.002507	0.000293	0.000293
26	4	82	3	P999	42	0.002507	0.002507	0.000293	0.000293
26	5	98	4	P1	3	-0.001884	-0.001884	-0.003285	-0.003285
26	5	98	4	P50	4	-0.004586	-0.004661	-0.002485	-0.002548
26	5	98	4	P75	4	-0.002798	-0.002798	-0.000967	-0.000967
26	5	98	4	P90	4	-0.001339	-0.001339	-0.000017	-0.000017
26	5	98	4	P95	4	0.000738	0.000738	0.000300	0.000300
26	5	98	4	P99	42	0.002507	0.002507	0.000293	0.000293
26	5	98	4	P999	42	0.002507	0.002507	0.000293	0.000293
26	6	111	5	P1	3	-0.002877	-0.002877	-0.003210	-0.003210
26	6	111	5	P50	4	-0.005630	-0.005630	-0.002509	-0.002509
26	6	111	5	P75	4	-0.003546	-0.003546	-0.000926	-0.000926
26	6	111	5	P90	4	-0.001243	-0.001243	-0.000020	-0.000020
26	6	111	5	P95	4	0.000158	0.000158	0.000320	0.000320
26	6	111	5	P99	8	-0.000683	-0.000683	0.002607	0.002607
26	6	111	5	P999	42	0.000942	0.000942	0.000293	0.000293
26	7	140	6	P1	3	-0.002917	-0.002917	-0.003250	-0.003250
26	7	140	6	P50	4	-0.005482	-0.005556	-0.002544	-0.002591
26	7	140	6	P75	4	-0.002876	-0.002950	-0.000911	-0.000958
26	7	140	6	P90	4	-0.000263	-0.000387	0.000069	0.000023
26	7	140	6	P95	4	0.000610	0.000485	0.000396	0.000350
26	7	140	6	P99	8	-0.000683	-0.000683	0.002607	0.002607
26	7	140	6	P999	42	0.000942	0.000942	0.000293	0.000293
27	1	32	1	P1	3	-0.001643	-0.001643	-0.003045	-0.003045
27	1	32	1	P50	4	-0.003761	-0.004048	-0.002178	-0.002355
27	1	32	1	P75	4	-0.001287	-0.001754	-0.000756	-0.000934
27	1	32	1	P90	4	0.000582	0.000582	-0.000044	-0.000044
27	1	32	1	P95	4	0.001518	0.001518	0.000312	0.000312
27	1	32	1	P99	4	0.001986	0.001986	0.000490	0.000490
27	1	32	1	P999	4	0.001986	0.001986	0.000490	0.000490
27	2	37	2	P1	3	-0.001671	-0.001671	-0.003073	-0.003073
27	2	37	2	P50	4	-0.003475	-0.003475	-0.002199	-0.002199
27	2	37	2	P75	4	-0.000820	-0.000820	-0.000855	-0.000855
27	2	37	2	P90	4	0.001050	0.001050	0.000041	0.000041
27	2	37	2	P95	4	0.001674	0.001674	0.000340	0.000340
27	2	37	2	P99	4	0.001986	0.001986	0.000490	0.000490
27	2	37	2	P999	4	0.001986	0.001986	0.000490	0.000490
27	3	57	3	P1	3	-0.001775	-0.001775	-0.003176	-0.003176
27	3	57	3	P50	4	-0.003963	-0.003963	-0.002191	-0.002191
27	3	57	3	P75	4	-0.002030	-0.002030	-0.000852	-0.000852
27	3	57	3	P90	4	0.000426	0.000426	0.000011	0.000011
27	3	57	3	P95	4	0.001362	0.001362	0.000298	0.000298
27	3	57	3	P99	4	0.001986	0.001986	0.000490	0.000490
27	3	57	3	P999	4	0.001986	0.001986	0.000490	0.000490
27	4	86	4	P1	3	-0.001826	-0.001826	-0.003228	-0.003228
27	4	86	4	P50	4	-0.003960	-0.004036	-0.002021	-0.002082
27	4	86	4	P75	4	-0.002363	-0.002363	-0.000735	-0.000735
27	4	86	4	P90	4	-0.000197	-0.000197	0.000061	0.000061
27	4	86	4	P95	4	0.001050	0.001050	0.000306	0.000306
27	4	86	4	P99	5	-0.000552	-0.000552	0.001625	0.001625
27	4	86	4	P999	5	-0.000552	-0.000552	0.001625	0.001625
27	5	96	5	P1	3	-0.001833	-0.001833	-0.003234	-0.003234
27	5	96	5	P50	4	-0.003939	-0.004003	-0.001965	-0.002018
27	5	96	5	P75	4	-0.002397	-0.002461	-0.000685	-0.000738
27	5	96	5	P90	4	-0.000509	-0.000509	0.000063	0.000063
27	5	96	5	P95	4	0.001050	0.001050	0.000330	0.000330
27	5	96	5	P99	5	-0.000552	-0.000552	0.001625	0.001625
27	5	96	5	P999	5	-0.000552	-0.000552	0.001625	0.001625
27	6	98	6	P1	3	-0.001838	-0.001838	-0.003240	-0.003240
27	6	98	6	P50	4	-0.003939	-0.004003	-0.001983	-0.002035
27	6	98	6	P75	4	-0.002397	-0.002397	-0.000721	-0.000721
27	6	98	6	P90	4	-0.000317	-0.000317	0.000069	0.000069
27	6	98	6	P95	4	0.001122	0.001122	0.000332	0.000332
27	6	98	6	P99	5	-0.000552	-0.000552	0.001625	0.001625
27	6	98	6	P999	5	-0.000552	-0.000552	0.001625	0.001625
27	7	100	7	P1	3	-0.001715	-0.001849	-0.003117	-0.003250
27	7	100	7	P50	4	-0.004003	-0.004068	-0.002035	-0.002088
27	7	100	7	P75	4	-0.002397	-0.002461	-0.000721	-0.000773
27	7	100	7	P90	4	-0.000317	-0.000604	0.000069	0.000016
27	7	100	7	P95	4	0.001122	0.000834	0.000332	0.000279
27	7	100	7	P99	5	-0.000552	-0.198411	0.001625	-0.199608
27	7	100	7	P999	5	-0.000552	-0.000552	0.001625	0.001625
28	1	7	0	P1	3	-0.003110	-0.003110	-0.002762	-0.002762
28	1	7	0	P50	3	-0.001245	-0.001245	-0.000897	-0.000897
28	1	7	0	P75	3	-0.000000	-0.000000	0.000349	0.000349
28	1	7	0	P90	4	0.000141	0.000141	0.000490	0.000490
28	1	7	0	P95	4	0.000141	0.000141	0.000490	0.000490
28	1	7	0	P99	4	0.000141	0.000141	0.000490	0.000490
28	1	7	0	P999	4	0.000141	0.000141	0.000490	0.000490
28	2	12	0	P1	3	-0.003359	-0.003359	-0.003011	-0.003011
28	2	12	0	P50	3	-0.001121	-0.001494	-0.000772	-0.001146
28	2	12	0	P75	3	-0.000000	-0.000374	0.000349	-0.000025
28	2	12	0	P90	4	-0.001726	-0.001726	-0.001378	-0.001378
28	2	12	0	P95	4	0.000141	0.000141	0.000490	0.000490
28	2	12	0	P99	4	0.000141	0.000141	0.000490	0.000490
28	2	12	0	P999	4	0.000141	0.000141	0.000490	0.000490
28	3	14	0	P1	3	-0.003392	-0.003392	-0.003045	-0.003045
28	3	14	0	P50	3	-0.001019	-0.001358	-0.000670	-0.001010
28	3	14	0	P75	3	-0.000000	-0.000000	0.000349	0.000349
28	3	14	0	P90	4	-0.001104	-0.001104	-0.000756	-0.000756
28	3	14	0	P95	4	0.000141	0.000141	0.000490	0.000490
28	3	14	0	P99	4	0.000141	0.000141	0.000490	0.000490
28	3	14	0	P999	4	0.000141	0.000141	0.000490	0.000490
28	4	16	0	P1	3	-0.003421	-0.003421	-0.003073	-0.003073
28	4	16	0	P50	3	-0.000934	-0.001245	-0.000586	-0.000897
28	4	16	0	P75	4	-0.002659	-0.250000	-0.002311	-0.249738
28	4	16	0	P90	4	-0.000793	-0.000793	-0.000445	-0.000445
28	4	16	0	P95	4	0.000141	0.000141	0.000490	0.000490
28	4	16	0	P99	4	0.000141	0.000141	0.000490	0.000490
28	4	16	0	P999	4	0.000141	0.000141	0.000490	0.000490
28	5	21	0	P1	3	-0.003498	-0.003498	-0.003151	-0.003151
28	5	21	0	P50	3	-0.001167	-0.001167	-0.000819	-0.000819
28	5	21	0	P75	3	-0.000000	-0.000000	0.000349	0.000349
28	5	21	0	P90	4	-0.001353	-0.001353	-0.001005	-0.001005
28	5	21	0	P95	4	-0.000606	-0.000606	-0.000258	-0.000258
28	5	21	0	P99	4	0.000141	0.000141	0.000490	0.000490
28	5	21	0	P999	4	0.000141	0.000141	0.000490	0.000490
28	6	25	0	P1	3	-0.003524	-0.003524	-0.003176	-0.003176
28	6	25	0	P50	3	-0.001038	-0.001038	-0.000689	-0.000689
28	6	25	0	P75	4	-0.003058	-0.003058	-0.002710	-0.002710
28	6	25	0	P90	4	-0.000926	-0.000926	-0.000578	-0.000578
28	6	25	0	P95	4	-0.000393	-0.000393	-0.000044	-0.000044
28	6	25	0	P99	4	0.000141	0.000141	0.000490	0.000490
28	6	25	0	P999	4	0.000141	0.000141	0.000490	0.000490
28	7	29	0	P1	3	-0.003554	-0.003554	-0.003206	-0.003206
28	7	29	0	P50	3	-0.001067	-0.001067	-0.000719	-0.000719
28	7	29	0	P75	4	-0.003125	-0.003125	-0.002777	-0.002777
28	7	29	0	P90	4	-0.000793	-0.000793	-0.000445	-0.000445
28	7	29	0	P95	4	-0.000326	-0.000326	0.000023	0.000023
28	7	29	0	P99	4	0.000141	0.000141	0.000490	0.000490
28	7	29	0	P999	4	0.000141	0.000141	0.000490	0.000490
29	1	1742	1	P1	252	-0.000298	-0.000298	0.001261	0.001261
29	1	1742	1	P50	264	-0.000875	-0.000904	0.000680	0.000650
29	1	1742	1	P75	269	-0.000811	-0.000811	0.000385	0.000385
29	1	1742	1	P90	277	-0.002881	-0.002881	-0.001334	-0.001334
29	1	1742	1	P95	283	-0.000632	-0.000632	0.000916	0.000916
29	1	1742	1	P99	297	-0.000115	-0.000115	0.001429	0.001429
29	1	1742	1	P999	639	0.001564	0.001564	0.003038	0.003038
29	2	1744	2	P1	252	-0.002167	-0.002167	-0.000234	-0.000234
29	2	1744	2	P50	264	-0.001277	-0.001306	0.000650	0.000621
29	2	1744	2	P75	269	-0.001182	-0.001209	0.000385	0.000322
29	2	1744	2	P90	277	-0.003249	-0.003249	-0.001334	-0.001334
29	2	1744	2	P95	283	-0.001000	-0.001000	0.000916	0.000916
29	2	1744	2	P99	297	-0.000480	-0.000480	0.001429	0.001429
29	2	1744	2	P999	639	0.001248	0.001248	0.003038	0.003038
29	3	1746	3	P1	251	0.000436	0.000436	0.002374	0.002374
29	3	1746	3	P50	264	-0.001306	-0.001336	0.000621	0.000591
29	3	1746	3	P75	269	-0.001209	-0.001209	0.000322	0.000322
29	3	1746	3	P90	277	-0.003249	-0.003249	-0.001334	-0.001334
29	3	1746	3	P95	283	-0.001000	-0.001000	0.000916	0.000916
29	3	1746	3	P99	297	-0.000480	-0.000480	0.001429	0.001429
29	3	1746	3	P999	639	0.001248	0.001248	0.003038	0.003038
29	4	1766	4	P1	7	-0.004046	-0.004046	-0.001545	-0.001545
29	4	1766	4	P50	264	-0.001600	-0.001630	0.000326	0.000297
29	4	1766	4	P75	269	-0.001348	-0.001348	0.000005	0.000005
29	4	1766	4	P90	277	-0.003642	-0.003642	-0.001726	-0.001726
29	4	1766	4	P95	283	-0.001339	-0.001339	0.000576	0.000576
29	4	1766	4	P99	297	-0.000480	-0.000480	0.001429	0.001429
29	4	1766	4	P999	639	0.001248	0.001248	0.003038	0.003038
29	5	1786	5	P1	3	0.000345	0.000345	-0.000750	-0.000750
29	5	1786	5	P50	264	-0.001894	-0.001923	0.000032	0.000002
29	5	1786	5	P75	269	-0.001486	-0.001486	-0.000311	-0.000311
29	5	1786	5	P90	276	-0.000425	-0.000425	0.001496	0.001496
29	5	1786	5	P95	283	-0.001679	-0.001679	0.000236	0.000236
29	5	1786	5	P99	297	-0.000480	-0.000480	0.001429	0.001429
29	5	1786	5	P999	639	0.001248	0.001248	0.003038	0.003038
29	6	1806	6	P1	2	-0.001472	-0.001472	0.000934	0.000934
29	6	1806	6	P50	264	-0.002188	-0.002217	-0.000262	-0.000292
29	6	1806	6	P75	269	-0.001624	-0.001624	-0.000628	-0.000628
29	6	1806	6	P90	276	-0.000736	-0.000736	0.001184	0.001184
29	6	1806	6	P95	283	-0.002018	-0.002018	-0.000104	-0.000104
29	6	1806	6	P99	297	-0.001228	-0.001228	0.000681	0.000681
29	6	1806	6	P999	639	0.001248	0.001248	0.003038	0.003038
29	7	1825	7	P1	2	-0.001472	-0.001472	0.000934	0.000934
29	7	1825	7	P50	264	-0.002481	-0.002481	-0.000557	-0.000557
29	7	1825	7	P75	269	-0.001762	-0.001762	-0.000945	-0.000945
29	7	1825	7	P90	276	-0.001048	-0.001048	0.000873	0.000873
29	7	1825	7	P95	283	-0.002357	-0.002357	-0.000443	-0.000443
29	7	1825	7	P99	297	-0.001228	-0.001228	0.000681	0.000681
29	7	1825	7	P999	639	0.001248	0.001248	0.003038	0.003038
30	1	24	1	P1	1	-0.002511	-0.002511	0.000935	0.000935
30	1	24	1	P50	13	-0.002156	-0.002422	0.001163	0.000896
30	1	24	1	P75	13	-0.000556	-0.000823	0.002768	0.002500
30	1	24	1	P90	15	0.000529	0.000529	0.000104	0.000104
30	1	24	1	P95	15	0.002401	0.002401	0.001975	0.001975
30	1	24	1	P99	16	0.001409	0.001409	0.000980	0.000980
30	1	24	1	P999	16	0.001409	0.001409	0.000980	0.000980
30	2	42	2	P1	1	-0.003274	-0.003274	0.000170	0.000170
30	2	42	2	P50	1	0.000289	0.000119	0.003745	0.003574
30	2	42	2	P75	13	-0.001889	-0.001889	0.001430	0.001430
30	2	42	2	P90	13	-0.000289	-0.000289	0.003036	0.003036
30	2	42	2	P95	15	0.000529	0.000529	0.000104	0.000104
30	2	42	2	P99	16	0.001409	0.001409	0.000980	0.000980
30	2	42	2	P999	16	0.001409	0.001409	0.000980	0.000980
30	3	44	3	P1	1	-0.003288	-0.003288	0.000156	0.000156
30	3	44	3	P50	1	0.000133	-0.000022	0.003589	0.003432
30	3	44	3	P75	13	-0.001889	-0.002156	0.001430	0.001163
30	3	44	3	P90	13	-0.000289	-0.000289	0.003036	0.003036
30	3	44	3	P95	15	0.000529	0.000529	0.000104	0.000104
30	3	44	3	P99	16	0.001409	0.001409	0.000980	0.000980
30	3	44	3	P999	16	0.001409	0.001409	0.000980	0.000980
30	4	46	4	P1	1	-0.003300	-0.003300	0.000144	0.000144
30	4	46	4	P50	1	0.000002	-0.000142	0.003456	0.003312
30	4	46	4	P75	13	-0.002156	-0.002156	0.001163	0.001163
30	4	46	4	P90	13	-0.000289	-0.000289	0.003036	0.003036
30	4	46	4	P95	15	0.000529	0.000529	0.000104	0.000104
30	4	46	4	P99	16	0.001409	0.001409	0.000980	0.000980
30	4	46	4	P999	16	0.001409	0.001409	0.000980	0.000980
30	5	52	5	P1	1	-0.003327	-0.003327	0.000117	0.000117
30	5	52	5	P50	1	-0.000295	-0.000412	0.003159	0.003042
30	5	52	5	P75	13	-0.002422	-0.002689	0.000896	0.000628
30	5	52	5	P90	13	-0.000556	-0.000556	0.002768	0.002768
30	5	52	5	P95	15	0.000529	0.000529	0.000104	0.000104
30	5	52	5	P99	16	0.001409	0.001409	0.000980	0.000980
30	5	52	5	P999	16	0.001409	0.001409	0.000980	0.000980
30	6	55	6	P1	1	-0.003337	-0.003337	0.000107	0.000107
30	6	55	6	P50	1	-0.000458	-0.000458	0.002995	0.002995
30	6	55	6	P75	13	-0.002689	-0.002689	0.000628	0.000628
30	6	55	6	P90	13	-0.000556	-0.000556	0.002768	0.002768
30	6	55	6	P95	15	0.000529	0.000529	0.000104	0.000104
30	6	55	6	P99	16	0.001409	0.001409	0.000980	0.000980
30	6	55	6	P999	16	0.001409	0.001409	0.000980	0.000980
30	7	304	7	P1	1	-0.002432	-0.002432	0.000058	0.000058
30	7	304	7	P50	1	-0.000275	-0.000290	0.002219	0.002205
30	7	304	7	P75	1	0.000826	0.000812	0.003323	0.003309
30	7	304	7	P90	13	-0.002374	-0.002374	-0.000440	-0.000440
30	7	304	7	P95	15	0.001938	0.001938	0.000104	0.000104
30	7	304	7	P99	42	-0.001389	-0.001389	-0.000454	-0.000454
30	7	304	7	P999	602	0.001768	0.001768	0.002877	0.002877
31	1	40	1	P1	29	-0.000204	-0.000204	-0.001260	-0.001260
31	1	40	1	P50	35	0.000528	-0.025314	0.003198	-0.026358
31	1	40	1	P75	75	0.000255	-0.000493	0.002853	0.002104
31	1	40	1	P90	80	0.000015	-0.011138	0.002607	-0.012272
31	1	40	1	P95	85	0.002946	-0.011940	0.001788	-0.009383
31	1	40	1	P99	88	0.001902	0.001902	0.000743	0.000743
31	1	40	1	P999	88	0.001902	0.001902	0.000743	0.000743
31	2	60	2	P1	29	-0.000204	-0.000204	-0.001260	-0.001260
31	2	60	2	P50	43	0.001530	-0.021904	0.000437	-0.022969
31	2	60	2	P75	74	-0.001150	-0.001772	0.001446	0.000822
31	2	60	2	P90	77	0.000853	-0.001016	0.003451	0.001578
31	2	60	2	P95	84	-0.000177	-0.047605	0.002410	-0.045136
31	2	60	2	P99	88	0.001902	0.001902	0.000743	0.000743
31	2	60	2	P999	88	0.001902	0.001902	0.000743	0.000743
31	3	80	3	P1	8	-0.001200	-0.001200	-0.000760	-0.000760
31	3	80	3	P50	35	-0.000595	-0.026413	0.003198	-0.026358
31	3	80	3	P75	50	0.001671	-0.060016	0.001625	-0.056523
31	3	80	3	P90	76	0.001723	-0.013147	0.001567	-0.009602
31	3	80	3	P95	80	-0.000965	-0.012108	0.002607	-0.012272
31	3	80	3	P99	88	0.000938	0.000938	0.000743	0.000743
31	3	80	3	P999	88	0.000938	0.000938	0.000743	0.000743
31	4	101	4	P1	8	-0.000826	-0.000826	-0.000387	-0.000387
31	4	101	4	P50	41	-0.001782	-0.001782	0.001965	0.001965
31	4	101	4	P75	46	0.000301	0.000301	0.000279	0.000279
31	4	101	4	P90	75	-0.001484	-0.001484	0.002104	0.002104
31	4	101	4	P95	77	-0.000134	-0.000134	0.003451	0.003451
31	4	101	4	P99	85	0.001974	0.001974	0.001788	0.001788
31	4	101	4	P999	88	0.000938	0.000938	0.000743	0.000743
31	5	107	5	P1	4	-0.002127	-0.002127	-0.002497	-0.002497
31	5	107	5	P50	41	-0.002299	-0.002299	0.000717	0.000717
31	5	107	5	P75	44	0.003103	0.003103	0.002369	0.002369
31	5	107	5	P90	75	-0.000826	-0.000826	0.002104	0.002104
31	5	107	5	P95	77	0.000522	0.000522	0.003451	0.003451
31	5	107	5	P99	85	0.002619	0.002619	0.001788	0.001788
31	5	107	5	P999	88	0.001578	0.001578	0.000743	0.000743
31	6	111	6	P1	1	-0.001261	-0.001261	0.001871	0.001871
31	6	111	6	P50	41	-0.002848	-0.002848	-0.000114	-0.000114
31	6	111	6	P75	44	0.002130	0.002130	0.001745	0.001745
31	6	111	6	P90	75	-0.001320	-0.001320	0.001355	0.001355
31	6	111	6	P95	77	0.000774	0.000774	0.003451	0.003451
31	6	111	6	P99	85	0.002868	0.002868	0.001788	0.001788
31	6	111	6	P999	88	0.001825	0.001825	0.000743	0.000743
31	7	113	7	P1	1	-0.001883	-0.001883	0.001247	0.001247
31	7	113	7	P50	41	-0.003262	-0.003262	-0.000529	-0.000529
31	7	113	7	P75	44	0.000882	0.000882	0.001121	0.001121
31	7	113	7	P90	75	-0.001320	-0.001320	0.001355	0.001355
31	7	113	7	P95	77	0.000774	0.000774	0.003451	0.003451
31	7	113	7	P99	85	0.002868	0.002868	0.001788	0.001788
31	7	113	7	P999	88	0.001825	0.001825	0.000743	0.000743
32	1	5	0	P1	1	-0.002986	-0.002986	0.000748	0.000748
32	1	5	0	P50	1	-0.001494	-0.001494	0.002245	0.002245
32	1	5	0	P75	1	-0.000747	-0.000747	0.002995	0.002995
32	1	5	0	P90	1	-0.000000	-0.000000	0.003745	0.003745
32	1	5	0	P95	1	-0.000000	-0.000000	0.003745	0.003745
32	1	5	0	P99	1	-0.000000	-0.000000	0.003745	0.003745
32	1	5	0	P999	1	-0.000000	-0.000000	0.003745	0.003745
32	2	547	1	P1	3	-0.001601	-0.001601	-0.003322	-0.003322
32	2	547	1	P50	4	-0.003374	-0.003374	-0.001439	-0.001439
32	2	547	1	P75	4	-0.002187	-0.002187	-0.000249	-0.000249
32	2	547	1	P90	4	-0.001475	-0.001475	0.000464	0.000464
32	2	547	1	P95	5	-0.002164	-0.002164	-0.000283	-0.000283
32	2	547	1	P99	5	-0.000488	-0.000488	0.001396	0.001396
32	2	547	1	P999	42	0.002688	0.002688	0.000293	0.000293
32	3	550	2	P1	1	0.000515	0.000515	0.002807	0.002807
32	3	550	2	P50	4	-0.003383	-0.003392	-0.001448	-0.001456
32	3	550	2	P75	4	-0.002195	-0.002195	-0.000258	-0.000258
32	3	550	2	P90	4	-0.001475	-0.001484	0.000464	0.000455
32	3	550	2	P95	5	-0.002164	-0.002164	-0.000283	-0.000283
32	3	550	2	P99	5	-0.000488	-0.000488	0.001396	0.001396
32	3	550	2	P999	42	0.002688	0.002688	0.000293	0.000293
32	4	553	3	P1	1	-0.000250	-0.000250	0.002041	0.002041
32	4	553	3	P50	4	-0.003400	-0.003400	-0.001465	-0.001465
32	4	553	3	P75	4	-0.002204	-0.002204	-0.000266	-0.000266
32	4	553	3	P90	4	-0.001484	-0.001484	0.000455	0.000455
32	4	553	3	P95	5	-0.002164	-0.002164	-0.000283	-0.000283
32	4	553	3	P99	5	-0.000488	-0.000488	0.001396	0.001396
32	4	553	3	P999	42	0.002688	0.002688	0.000293	0.000293
32	5	558	4	P1	1	-0.001218	-0.001218	0.002041	0.002041
32	5	558	4	P50	4	-0.004572	-0.004580	-0.001439	-0.001448
32	5	558	4	P75	4	-0.003368	-0.003368	-0.000232	-0.000232
32	5	558	4	P90	5	-0.005148	-0.005148	-0.002036	-0.002036
32	5	558	4	P95	5	-0.003021	-0.003021	0.000098	0.000098
32	5	558	4	P99	7	0.002214	0.002214	0.001570	0.001570
32	5	558	4	P999	42	0.001086	0.001086	0.000293	0.000293
32	6	577	5	P1	1	-0.001507	-0.001507	0.002041	0.002041
32	6	577	5	P50	4	-0.004851	-0.004851	-0.001361	-0.001361
32	6	577	5	P75	4	-0.003604	-0.003604	-0.000110	-0.000110
32	6	577	5	P90	5	-0.004225	-0.004225	-0.000740	-0.000740
32	6	577	5	P95	5	-0.002020	-0.002020	0.001473	0.001473
32	6	577	5	P99	25	-0.002058	-0.002058	0.001380	0.001380
32	6	577	5	P999	42	0.000609	0.000609	0.000293	0.000293
32	7	588	6	P1	1	-0.002524	-0.002524	0.001020	0.001020
32	7	588	6	P50	4	-0.004894	-0.004902	-0.001404	-0.001413
32	7	588	6	P75	4	-0.003621	-0.003630	-0.000127	-0.000136
32	7	588	6	P90	5	-0.004301	-0.004301	-0.000817	-0.000817
32	7	588	6	P95	5	-0.002096	-0.002096	0.001396	0.001396
32	7	588	6	P99	25	-0.002058	-0.002058	0.001380	0.001380
32	7	588	6	P999	42	0.000609	0.000609	0.000293	0.000293
33	1	19	0	P1	1	-0.003535	-0.003535	0.000197	0.000197
33	1	19	0	P50	1	-0.001769	-0.001769	0.001969	0.001969
33	1	19	0	P75	1	-0.000787	-0.000787	0.002955	0.002955
33	1	19	0	P90	1	-0.000197	-0.000197	0.003548	0.003548
33	1	19	0	P95	1	-0.000000	-0.000000	0.003745	0.003745
33	1	19	0	P99	1	-0.000000	-0.000000	0.003745	0.003745
33	1	19	0	P999	1	-0.000000	-0.000000	0.003745	0.003745
33	2	30	0	P1	1	-0.003607	-0.003607	0.000125	0.000125
33	2	30	0	P50	1	-0.001743	-0.001867	0.001996	0.001871
33	2	30	0	P75	1	-0.000872	-0.000872	0.002870	0.002870
33	2	30	0	P90	1	-0.000249	-0.000374	0.003495	0.003370
33	2	30	0	P95	1	-0.000125	-0.000125	0.003620	0.003620
33	2	30	0	P99	1	-0.000000	-0.000000	0.003745	0.003745
33	2	30	0	P999	1	-0.000000	-0.000000	0.003745	0.003745
33	3	32	1	P1	1	-0.002682	-0.002682	0.000125	0.000125
33	3	32	1	P50	1	-0.000692	-0.000816	0.002120	0.001996
33	3	32	1	P75	1	0.000305	0.000180	0.003120	0.002995
33	3	32	1	P90	1	0.000804	0.000804	0.003620	0.003620
33	3	32	1	P95	7	-0.002793	-0.002793	-0.000300	-0.000300
33	3	32	1	P99	7	-0.000928	-0.000928	0.001570	0.001570
33	3	32	1	P999	7	-0.000928	-0.000928	0.001570	0.001570
33	4	35	2	P1	1	-0.002400	-0.002400	0.000125	0.000125
33	4	35	2	P50	1	-0.000284	-0.000284	0.002245	0.002245
33	4	35	2	P75	1	0.000838	0.000838	0.003370	0.003370
33	4	35	2	P90	7	-0.000549	-0.000549	0.001570	0.001570
33	4	35	2	P95	23	-0.003076	-0.003076	-0.001212	-0.001212
33	4	35	2	P99	23	-0.001210	-0.001210	0.000657	0.000657
33	4	35	2	P999	23	-0.001210	-0.001210	0.000657	0.000657
33	5	37	3	P1	1	-0.002408	-0.002408	0.000117	0.000117
33	5	37	3	P50	1	-0.000308	-0.000308	0.002222	0.002222
33	5	37	3	P75	1	0.000744	0.000744	0.003276	0.003276
33	5	37	3	P90	7	-0.000549	-0.000549	0.001570	0.001570
33	5	37	3	P95	23	-0.003076	-0.003076	-0.001212	-0.001212
33	5	37	3	P99	23	-0.001210	-0.001210	0.000657	0.000657
33	5	37	3	P999	23	-0.001210	-0.001210	0.000657	0.000657
33	6	39	4	P1	1	-0.002415	-0.002415	0.000110	0.000110
33	6	39	4	P50	1	-0.000328	-0.000328	0.002201	0.002201
33	6	39	4	P75	1	0.000772	0.000772	0.003304	0.003304
33	6	39	4	P90	7	-0.000549	-0.000549	0.001570	0.001570
33	6	39	4	P95	23	-0.003076	-0.003076	-0.001212	-0.001212
33	6	39	4	P99	23	-0.001210	-0.001210	0.000657	0.000657
33	6	39	4	P999	23	-0.001210	-0.001210	0.000657	0.000657
33	7	42	5	P1	1	-0.002415	-0.002415	0.000110	0.000110
33	7	42	5	P50	1	-0.000109	-0.000219	0.002422	0.002311
33	7	42	5	P75	1	0.000991	0.000991	0.003524	0.003524
33	7	42	5	P90	23	-0.003076	-0.003076	-0.001212	-0.001212
33	7	42	5	P95	28	0.000232	0.000232	0.002060	0.002060
33	7	42	5	P99	29	-0.001210	-0.001210	0.000609	0.000609
33	7	42	5	P999	29	-0.001210	-0.001210	0.000609	0.000609
34	1	35	1	P1	1	-0.003448	-0.003448	0.000267	0.000267
34	1	35	1	P50	35	0.001977	0.001977	0.001948	0.001948
34	1	35	1	P75	37	-0.002151	-0.002151	0.001557	0.001557
34	1	35	1	P90	38	0.001350	0.001350	0.001322	0.001322
34	1	35	1	P95	39	0.003414	0.003414	0.003386	0.003386
34	1	35	1	P99	41	0.001994	0.001994	0.001965	0.001965
34	1	35	1	P999	41	0.001994	0.001994	0.001965	0.001965
34	2	43	2	P1	1	-0.003544	-0.003544	0.000170	0.000170
34	2	43	2	P50	1	0.000017	0.000017	0.003745	0.003745
34	2	43	2	P75	37	-0.003216	-0.003216	0.000488	0.000488
34	2	43	2	P90	37	-0.000017	-0.000017	0.003699	0.003699
34	2	43	2	P95	38	0.003223	0.003223	0.003195	0.003195
34	2	43	2	P99	41	0.001994	0.001994	0.001965	0.001965
34	2	43	2	P999	41	0.001994	0.001994	0.001965	0.001965
34	3	56	3	P1	1	-0.003607	-0.003607	0.000107	0.000107
34	3	56	3	P50	1	-0.000623	-0.000730	0.003102	0.002995
34	3	56	3	P75	36	-0.000279	-0.001027	-0.000308	-0.001055
34	3	56	3	P90	37	-0.000551	-0.000551	0.003163	0.003163
34	3	56	3	P95	38	0.003223	0.003223	0.003195	0.003195
34	3	56	3	P99	41	0.001994	0.001994	0.001965	0.001965
34	3	56	3	P999	41	0.001994	0.001994	0.001965	0.001965
34	4	68	4	P1	1	-0.003634	-0.003634	0.000080	0.000080
34	4	68	4	P50	1	-0.000936	-0.001016	0.002787	0.002708
34	4	68	4	P75	35	0.003226	0.001977	0.003198	0.001948
34	4	68	4	P90	37	-0.001085	-0.001085	0.002628	0.002628
34	4	68	4	P95	38	0.001350	0.001350	0.001322	0.001322
34	4	68	4	P99	41	0.001994	0.001994	0.001965	0.001965
34	4	68	4	P999	41	0.001994	0.001994	0.001965	0.001965
34	5	74	5	P1	1	-0.003634	-0.003634	0.000080	0.000080
34	5	74	5	P50	1	-0.000698	-0.000778	0.003027	0.002947
34	5	74	5	P75	35	0.000729	0.000729	0.000701	0.000701
34	5	74	5	P90	37	-0.001618	-0.001618	0.002092	0.002092
34	5	74	5	P95	38	0.001350	0.001350	0.001322	0.001322
34	5	74	5	P99	41	0.001994	0.001994	0.001965	0.001965
34	5	74	5	P999	41	0.001994	0.001994	0.001965	0.001965
34	6	76	6	P1	1	-0.003638	-0.003638	0.000076	0.000076
34	6	76	6	P50	1	-0.000745	-0.000821	0.002980	0.002903
34	6	76	6	P75	35	0.000729	-0.026330	0.000701	-0.026358
34	6	76	6	P90	37	-0.001618	-0.001618	0.002092	0.002092
34	6	76	6	P95	38	0.001350	0.001350	0.001322	0.001322
34	6	76	6	P99	41	0.001994	0.001994	0.001965	0.001965
34	6	76	6	P999	41	0.001994	0.001994	0.001965	0.001965
34	7	79	7	P1	1	-0.003642	-0.003642	0.000072	0.000072
34	7	79	7	P50	1	-0.000845	-0.000845	0.002879	0.002879
34	7	79	7	P75	34	0.002307	0.002307	0.002279	0.002279
34	7	79	7	P90	37	-0.001618	-0.001618	0.002092	0.002092
34	7	79	7	P95	38	0.001350	0.001350	0.001322	0.001322
34	7	79	7	P99	41	0.001994	0.001994	0.001965	0.001965
34	7	79	7	P999	41	0.001994	0.001994	0.001965	0.001965
35	1	7	1	P1	1	-0.001309	-0.001309	0.001871	0.001871
35	1	7	1	P50	33	0.001257	0.001257	0.000357	0.000357
35	1	7	1	P75	34	-0.002426	-0.002426	0.000407	0.000407
35	1	7	1	P90	34	-0.000559	-0.000559	0.002279	0.002279
35	1	7	1	P95	34	-0.000559	-0.000559	0.002279	0.002279
35	1	7	1	P99	34	-0.000559	-0.000559	0.002279	0.002279
35	1	7	1	P999	34	-0.000559	-0.000559	0.002279	0.002279
35	2	9	2	P1	1	-0.002242	-0.002242	0.000935	0.000935
35	2	9	2	P50	32	0.000252	0.000252	0.003098	0.003098
35	2	9	2	P75	33	0.003130	0.003130	0.002228	0.002228
35	2	9	2	P90	34	-0.000559	-0.000559	0.002279	0.002279
35	2	9	2	P95	34	-0.000559	-0.000559	0.002279	0.002279
35	2	9	2	P99	34	-0.000559	-0.000559	0.002279	0.002279
35	2	9	2	P999	34	-0.000559	-0.000559	0.002279	0.002279
35	3	12	3	P1	1	-0.002641	-0.002641	0.000534	0.000534
35	3	12	3	P50	1	0.000560	0.000025	0.003745	0.003209
35	3	12	3	P75	33	0.003130	0.001257	0.002228	0.000357
35	3	12	3	P90	34	-0.002426	-0.002426	0.000407	0.000407
35	3	12	3	P95	34	-0.000559	-0.000559	0.002279	0.002279
35	3	12	3	P99	34	-0.000559	-0.000559	0.002279	0.002279
35	3	12	3	P999	34	-0.000559	-0.000559	0.002279	0.002279
35	4	16	4	P1	1	-0.002835	-0.002835	0.000340	0.000340
35	4	16	4	P50	1	-0.000120	-0.000460	0.003063	0.002722
35	4	16	4	P75	33	0.001257	-0.030059	0.000357	-0.027299
35	4	16	4	P90	34	-0.002426	-0.002426	0.000407	0.000407
35	4	16	4	P95	34	-0.000559	-0.000559	0.002279	0.002279
35	4	16	4	P99	34	-0.000559	-0.000559	0.002279	0.002279
35	4	16	4	P999	34	-0.000559	-0.000559	0.002279	0.002279
35	5	31	5	P1	1	-0.002835	-0.002835	0.000340	0.000340
35	5	31	5	P50	33	-0.003101	-0.003101	-0.000764	-0.000764
35	5	31	5	P75	34	-0.000559	-0.000559	0.002279	0.002279
35	5	31	5	P90	36	0.002098	0.002098	0.001188	0.001188
35	5	31	5	P95	37	0.000865	0.000865	0.003699	0.003699
35	5	31	5	P99	38	0.000365	0.000365	0.003195	0.003195
35	5	31	5	P999	38	0.000365	0.000365	0.003195	0.003195
35	6	36	6	P1	1	-0.002941	-0.002941	0.000234	0.000234
35	6	36	6	P50	32	-0.001616	-0.029219	0.001225	-0.030086
35	6	36	6	P75	34	-0.001493	-0.002426	0.001343	0.000407
35	6	36	6	P90	36	0.002098	0.002098	0.001188	0.001188
35	6	36	6	P95	37	0.000865	0.000865	0.003699	0.003699
35	6	36	6	P99	38	0.000365	0.000365	0.003195	0.003195
35	6	36	6	P999	38	0.000365	0.000365	0.003195	0.003195
35	7	41	7	P1	1	-0.002996	-0.002996	0.000178	0.000178
35	7	41	7	P50	1	0.000560	0.000560	0.003745	0.003745
35	7	41	7	P75	34	-0.003358	-0.003358	-0.000527	-0.000527
35	7	41	7	P90	35	0.000360	0.000360	0.003198	0.003198
35	7	41	7	P95	37	-0.001004	-0.001004	0.001825	0.001825
35	7	41	7	P99	38	0.000365	0.000365	0.003195	0.003195
35	7	41	7	P999	38	0.000365	0.000365	0.003195	0.003195
36	1	14	0	P1	1	-0.003465	-0.003465	0.000267	0.000267
36	1	14	0	P50	1	-0.001601	-0.001867	0.002138	0.001871
36	1	14	0	P75	1	-0.000801	-0.000801	0.002941	0.002941
36	1	14	0	P90	1	-0.000267	-0.000267	0.003477	0.003477
36	1	14	0	P95	1	-0.000000	-0.000000	0.003745	0.003745
36	1	14	0	P99	1	-0.000000	-0.000000	0.003745	0.003745
36	1	14	0	P999	1	-0.000000	-0.000000	0.003745	0.003745
36	2	16	0	P1	1	-0.003498	-0.003498	0.000234	0.000234
36	2	16	0	P50	1	-0.001634	-0.001867	0.002105	0.001871
36	2	16	0	P75	1	-0.000701	-0.000934	0.003042	0.002807
36	2	16	0	P90	1	-0.000234	-0.000234	0.003510	0.003510
36	2	16	0	P95	1	-0.000000	-0.000000	0.003745	0.003745
36	2	16	0	P99	1	-0.000000	-0.000000	0.003745	0.003745
36	2	16	0	P999	1	-0.000000	-0.000000	0.003745	0.003745
36	3	18	0	P1	1	-0.003524	-0.003524	0.000208	0.000208
36	3	18	0	P50	1	-0.001660	-0.001867	0.002079	0.001871
36	3	18	0	P75	1	-0.000830	-0.000830	0.002912	0.002912
36	3	18	0	P90	1	-0.000208	-0.000208	0.003537	0.003537
36	3	18	0	P95	1	-0.000000	-0.000000	0.003745	0.003745
36	3	18	0	P99	1	-0.000000	-0.000000	0.003745	0.003745
36	3	18	0	P999	1	-0.000000	-0.000000	0.003745	0.003745
36	4	20	0	P1	1	-0.003545	-0.003545	0.000187	0.000187
36	4	20	0	P50	1	-0.001681	-0.001867	0.002058	0.001871
36	4	20	0	P75	1	-0.000747	-0.000934	0.002995	0.002807
36	4	20	0	P90	1	-0.000187	-0.000374	0.003557	0.003370
36	4	20	0	P95	1	-0.000000	-0.000187	0.003745	0.003557
36	4	20	0	P99	1	-0.000000	-0.000000	0.003745	0.003745
36	4	20	0	P999	1	-0.000000	-0.000000	0.003745	0.003745
36	5	22	0	P1	1	-0.003562	-0.003562	0.000170	0.000170
36	5	22	0	P50	1	-0.001698	-0.001867	0.002041	0.001871
36	5	22	0	P75	1	-0.000849	-0.000849	0.002893	0.002893
36	5	22	0	P90	1	-0.000340	-0.000340	0.003404	0.003404
36	5	22	0	P95	1	-0.000170	-0.000170	0.003574	0.003574
36	5	22	0	P99	1	-0.000000	-0.000000	0.003745	0.003745
36	5	22	0	P999	1	-0.000000	-0.000000	0.003745	0.003745
36	6	24	0	P1	1	-0.003576	-0.003576	0.000156	0.000156
36	6	24	0	P50	1	-0.001712	-0.001867	0.002027	0.001871
36	6	24	0	P75	1	-0.000778	-0.000934	0.002964	0.002807
36	6	24	0	P90	1	-0.000311	-0.000311	0.003432	0.003432
36	6	24	0	P95	1	-0.000156	-0.000156	0.003589	0.003589
36	6	24	0	P99	1	-0.000000	-0.000000	0.003745	0.003745
36	6	24	0	P999	1	-0.000000	-0.000000	0.003745	0.003745
36	7	26	1	P1	1	-0.002468	-0.002468	0.000156	0.000156
36	7	26	1	P50	1	-0.000446	-0.000602	0.002183	0.002027
36	7	26	1	P75	1	0.000489	0.000489	0.003120	0.003120
36	7	26	1	P90	1	0.001112	0.001112	0.003745	0.003745
36	7	26	1	P95	16	-0.002977	-0.002977	-0.000889	-0.000889
36	7	26	1	P99	16	-0.001111	-0.001111	0.000980	0.000980
36	7	26	1	P999	16	-0.001111	-0.001111	0.000980	0.000980
37	1	4	1	P1	15	-0.001392	-0.001392	0.000104	0.000104
37	1	4	1	P50	16	0.001369	-0.060298	0.000980	-0.060649
37	1	4	1	P75	21	-0.001367	-0.237052	0.001919	-0.237348
37	1	4	1	P90	21	-0.001367	-0.001367	0.001919	0.001919
37	1	4	1	P95	21	-0.001367	-0.001367	0.001919	0.001919
37	1	4	1	P99	21	-0.001367	-0.001367	0.001919	0.001919
37	1	4	1	P999	21	-0.001367	-0.001367	0.001919	0.001919
37	2	1614	2	P1	1	-0.002974	-0.002974	0.000039	0.000039
37	2	1614	2	P50	1	-0.001142	-0.001144	0.001878	0.001875
37	2	1614	2	P75	1	-0.000206	-0.000206	0.002816	0.002816
37	2	1614	2	P90	1	0.000356	0.000356	0.003379	0.003379
37	2	1614	2	P95	1	0.000544	0.000544	0.003568	0.003568
37	2	1614	2	P99	1	0.000692	0.000692	0.003717	0.003717
37	2	1614	2	P999	16	0.002049	0.002049	0.000980	0.000980
37	3	3215	3	P1	1	-0.002976	-0.002976	0.000038	0.000038
37	3	3215	3	P50	1	-0.001146	-0.001146	0.001874	0.001874
37	3	3215	3	P75	1	-0.000210	-0.000210	0.002812	0.002812
37	3	3215	3	P90	1	0.000351	0.000351	0.003375	0.003375
37	3	3215	3	P95	1	0.000539	0.000539	0.003563	0.003563
37	3	3215	3	P99	1	0.000688	0.000688	0.003712	0.003712
37	3	3215	3	P999	15	-0.000706	-0.000706	0.000104	0.000104
37	4	4837	4	P1	1	-0.002976	-0.002976	0.000038	0.000038
37	4	4837	4	P50	1	-0.001147	-0.001147	0.001873	0.001873
37	4	4837	4	P75	1	-0.000212	-0.000212	0.002810	0.002810
37	4	4837	4	P90	1	0.000350	0.000350	0.003373	0.003373
37	4	4837	4	P95	1	0.000537	0.000537	0.003561	0.003561
37	4	4837	4	P99	1	0.000686	0.000686	0.003711	0.003711
37	4	4837	4	P999	1	0.000720	0.000720	0.003745	0.003745
37	5	7293	5	P1	1	-0.002976	-0.002976	0.000038	0.000038
37	5	7293	5	P50	1	-0.001136	-0.001136	0.001883	0.001883
37	5	7293	5	P75	1	-0.000197	-0.000197	0.002825	0.002825
37	5	7293	5	P90	1	0.000368	0.000368	0.003391	0.003391
37	5	7293	5	P95	1	0.000556	0.000556	0.003580	0.003580
37	5	7293	5	P99	1	0.000707	0.000707	0.003731	0.003731
37	5	7293	5	P999	4	-0.000112	-0.000112	-0.001005	-0.001005
37	6	9257	6	P1	1	-0.002976	-0.002976	0.000038	0.000038
37	6	9257	6	P50	1	-0.001139	-0.001139	0.001880	0.001880
37	6	9257	6	P75	1	-0.000200	-0.000200	0.002822	0.002822
37	6	9257	6	P90	1	0.000364	0.000364	0.003387	0.003387
37	6	9257	6	P95	1	0.000552	0.000552	0.003576	0.003576
37	6	9257	6	P99	1	0.000702	0.000702	0.003727	0.003727
37	6	9257	6	P999	4	-0.001606	-0.001606	-0.002497	-0.002497
37	7	10897	7	P1	1	-0.002976	-0.002976	0.000038	0.000038
37	7	10897	7	P50	1	-0.001140	-0.001140	0.001879	0.001879
37	7	10897	7	P75	1	-0.000202	-0.000202	0.002820	0.002820
37	7	10897	7	P90	1	0.000361	0.000361	0.003385	0.003385
37	7	10897	7	P95	1	0.000549	0.000549	0.003573	0.003573
37	7	10897	7	P99	1	0.000699	0.000699	0.003724	0.003724
37	7	10897	7	P999	3	0.001207	0.001207	0.000349	0.000349
38	1	3466	0	P1	1	-0.003693	-0.003693	0.000038	0.000038
38	1	3466	0	P50	1	-0.001866	-0.001867	0.001872	0.001871
38	1	3466	0	P75	1	-0.000933	-0.000933	0.002809	0.002809
38	1	3466	0	P90	1	-0.000372	-0.000372	0.003371	0.003371
38	1	3466	0	P95	1	-0.000186	-0.000186	0.003559	0.003559
38	1	3466	0	P99	1	-0.000036	-0.000036	0.003709	0.003709
38	1	3466	0	P999	1	-0.000002	-0.000002	0.003743	0.003743
38	2	5105	0	P1	1	-0.003693	-0.003693	0.000038	0.000038
38	2	5105	0	P50	1	-0.001867	-0.001867	0.001871	0.001871
38	2	5105	0	P75	1	-0.000933	-0.000933	0.002808	0.002808
38	2	5105	0	P90	1	-0.000373	-0.000373	0.003371	0.003371
38	2	5105	0	P95	1	-0.000186	-0.000186	0.003558	0.003558
38	2	5105	0	P99	1	-0.000037	-0.000037	0.003708	0.003708
38	2	5105	0	P999	1	-0.000003	-0.000003	0.003742	0.003742
38	3	6813	0	P1	1	-0.003693	-0.003693	0.000038	0.000038
38	3	6813	0	P50	1	-0.001867	-0.001867	0.001871	0.001871
38	3	6813	0	P75	1	-0.000934	-0.000934	0.002808	0.002808
38	3	6813	0	P90	1	-0.000373	-0.000373	0.003370	0.003370
38	3	6813	0	P95	1	-0.000186	-0.000186	0.003558	0.003558
38	3	6813	0	P99	1	-0.000037	-0.000037	0.003708	0.003708
38	3	6813	0	P999	1	-0.000003	-0.000003	0.003742	0.003742
38	4	6815	1	P1	1	-0.003606	-0.003606	0.000038	0.000038
38	4	6815	1	P50	1	-0.001778	-0.001778	0.001872	0.001872
38	4	6815	1	P75	1	-0.000845	-0.000845	0.002809	0.002809
38	4	6815	1	P90	1	-0.000284	-0.000284	0.003372	0.003372
38	4	6815	1	P95	1	-0.000097	-0.000097	0.003559	0.003559
38	4	6815	1	P99	1	0.000052	0.000052	0.003709	0.003709
38	4	6815	1	P999	1	0.000086	0.000086	0.003743	0.003743
38	5	6817	2	P1	1	-0.003606	-0.003606	0.000038	0.000038
38	5	6817	2	P50	1	-0.001778	-0.001778	0.001872	0.001872
38	5	6817	2	P75	1	-0.000845	-0.000845	0.002809	0.002809
38	5	6817	2	P90	1	-0.000284	-0.000284	0.003372	0.003372
38	5	6817	2	P95	1	-0.000097	-0.000097	0.003559	0.003559
38	5	6817	2	P99	1	0.000052	0.000052	0.003709	0.003709
38	5	6817	2	P999	1	0.000086	0.000086	0.003743	0.003743
38	6	6819	3	P1	1	-0.003606	-0.003606	0.000038	0.000038
38	6	6819	3	P50	1	-0.001778	-0.001778	0.001872	0.001872
38	6	6819	3	P75	1	-0.000845	-0.000845	0.002809	0.002809
38	6	6819	3	P90	1	-0.000284	-0.000284	0.003372	0.003372
38	6	6819	3	P95	1	-0.000097	-0.000097	0.003559	0.003559
38	6	6819	3	P99	1	0.000052	0.000052	0.003709	0.003709
38	6	6819	3	P999	1	0.000086	0.000086	0.003743	0.003743
38	7	6823	4	P1	1	-0.003606	-0.003606	0.000038	0.000038
38	7	6823	4	P50	1	-0.001777	-0.001777	0.001873	0.001873
38	7	6823	4	P75	1	-0.000843	-0.000843	0.002811	0.002811
38	7	6823	4	P90	1	-0.000282	-0.000282	0.003373	0.003373
38	7	6823	4	P95	1	-0.000095	-0.000095	0.003561	0.003561
38	7	6823	4	P99	1	0.000054	0.000054	0.003711	0.003711
38	7	6823	4	P999	3	0.000454	0.000454	0.000349	0.000349
39	1	4	1	P1	1	-0.001560	-0.001560	0.001871	0.001871
39	1	4	1	P50	24	-0.002174	-0.958321	0.001084	-0.958177
39	1	4	1	P75	24	-0.000308	-0.002174	0.002957	0.001084
39	1	4	1	P90	24	-0.000308	-0.000308	0.002957	0.002957
39	1	4	1	P95	24	-0.000308	-0.000308	0.002957	0.002957
39	1	4	1	P99	24	-0.000308	-0.000308	0.002957	0.002957
39	1	4	1	P999	24	-0.000308	-0.000308	0.002957	0.002957
39	2	2495	2	P1	1	-0.003386	-0.003386	0.000038	0.000038
39	2	2495	2	P50	1	-0.001521	-0.001521	0.001910	0.001910
39	2	2495	2	P75	1	-0.000568	-0.000568	0.002866	0.002866
39	2	2495	2	P90	1	0.000004	0.000004	0.003440	0.003440
39	2	2495	2	P95	1	0.000195	0.000195	0.003631	0.003631
39	2	2495	2	P99	2	0.002323	0.002323	0.001977	0.001977
39	2	2495	2	P999	11	0.002316	0.002316	0.001879	0.001879
39	3	4564	3	P1	1	-0.003387	-0.003387	0.000038	0.000038
39	3	4564	3	P50	1	-0.001539	-0.001539	0.001892	0.001891
39	3	4564	3	P75	1	-0.000595	-0.000596	0.002839	0.002839
39	3	4564	3	P90	1	-0.000028	-0.000028	0.003408	0.003408
39	3	4564	3	P95	1	0.000160	0.000160	0.003597	0.003597
39	3	4564	3	P99	2	-0.000587	-0.000587	-0.000931	-0.000931
39	3	4564	3	P999	5	0.002020	0.002020	0.001625	0.001625
39	4	6185	4	P1	1	-0.003387	-0.003387	0.000038	0.000038
39	4	6185	4	P50	1	-0.001544	-0.001544	0.001887	0.001887
39	4	6185	4	P75	1	-0.000603	-0.000603	0.002831	0.002831
39	4	6185	4	P90	1	-0.000038	-0.000038	0.003398	0.003398
39	4	6185	4	P95	1	0.000151	0.000151	0.003587	0.003587
39	4	6185	4	P99	1	0.000302	0.000302	0.003739	0.003739
39	4	6185	4	P999	5	0.000149	0.000149	-0.000245	-0.000245
39	5	6188	5	P1	1	-0.003332	-0.003332	0.000038	0.000038
39	5	6188	5	P50	1	-0.001488	-0.001488	0.001888	0.001887
39	5	6188	5	P75	1	-0.000546	-0.000547	0.002833	0.002832
39	5	6188	5	P90	1	0.000019	0.000019	0.003400	0.003400
39	5	6188	5	P95	1	0.000208	0.000208	0.003589	0.003589
39	5	6188	5	P99	1	0.000359	0.000359	0.003741	0.003741
39	5	6188	5	P999	9	0.001200	0.001200	0.000698	0.000698
39	6	6190	6	P1	1	-0.003332	-0.003332	0.000038	0.000038
39	6	6190	6	P50	1	-0.001488	-0.001489	0.001888	0.001887
39	6	6190	6	P75	1	-0.000546	-0.000546	0.002832	0.002832
39	6	6190	6	P90	1	0.000019	0.000019	0.003400	0.003400
39	6	6190	6	P95	1	0.000208	0.000208	0.003589	0.003589
39	6	6190	6	P99	1	0.000359	0.000359	0.003741	0.003741
39	6	6190	6	P999	9	0.001200	0.001200	0.000698	0.000698
39	7	6192	7	P1	1	-0.003332	-0.003332	0.000038	0.000038
39	7	6192	7	P50	1	-0.001488	-0.001489	0.001888	0.001887
39	7	6192	7	P75	1	-0.000546	-0.000547	0.002833	0.002832
39	7	6192	7	P90	1	0.000019	0.000019	0.003400	0.003400
39	7	6192	7	P95	1	0.000208	0.000208	0.003589	0.003589
39	7	6192	7	P99	1	0.000359	0.000359	0.003741	0.003741
39	7	6192	7	P999	9	0.001200	0.001200	0.000698	0.000698
40	1	10	1	P1	1	0.002373	0.002373	0.003745	0.003745
40	1	10	1	P50	3	0.002885	-0.332768	0.000349	-0.331923
40	1	10	1	P75	45	0.001515	0.001515	0.002324	0.002324
40	1	10	1	P90	48	0.000530	-0.021663	0.001329	-0.017212
40	1	10	1	P95	48	0.000530	0.000530	0.001329	0.001329
40	1	10	1	P99	48	0.000530	0.000530	0.001329	0.001329
40	1	10	1	P999	48	0.000530	0.000530	0.001329	0.001329
40	2	12	2	P1	1	-0.001850	-0.001850	0.001247	0.001247
40	2	12	2	P50	2	0.002135	0.001199	0.002116	0.001180
40	2	12	2	P75	45	0.002353	-0.041615	0.002324	-0.041642
40	2	12	2	P90	47	-0.000017	-0.000017	0.003699	0.003699
40	2	12	2	P95	48	0.001358	0.001358	0.001329	0.001329
40	2	12	2	P99	48	0.001358	0.001358	0.001329	0.001329
40	2	12	2	P999	48	0.001358	0.001358	0.001329	0.001329
40	3	15	3	P1	1	-0.002969	-0.002969	0.000623	0.000623
40	3	15	3	P50	2	0.000264	0.000264	0.000245	0.000245
40	3	15	3	P75	43	0.002961	0.002961	0.002933	0.002933
40	3	15	3	P90	47	-0.000017	-0.000017	0.003699	0.003699
40	3	15	3	P95	48	0.001358	0.001358	0.001329	0.001329
40	3	15	3	P99	48	0.001358	0.001358	0.001329	0.001329
40	3	15	3	P999	48	0.001358	0.001358	0.001329	0.001329
40	4	20	4	P1	1	-0.003182	-0.003182	0.000467	0.000467
40	4	20	4	P50	2	-0.001604	-0.002847	-0.000022	-0.000556
40	4	20	4	P75	3	0.004116	-0.331910	0.000349	-0.331923
40	4	20	4	P90	47	-0.000017	-0.040300	0.003699	-0.040328
40	4	20	4	P95	48	0.001358	-0.020850	0.001329	-0.017212
40	4	20	4	P99	48	0.001358	0.001358	0.001329	0.001329
40	4	20	4	P999	48	0.001358	0.001358	0.001329	0.001329
40	5	29	5	P1	1	-0.003182	-0.003182	0.000467	0.000467
40	5	29	5	P50	2	0.002135	0.002135	0.002116	0.002116
40	5	29	5	P75	47	-0.002817	-0.002817	0.000889	0.000889
40	5	29	5	P90	48	0.001358	0.001358	0.001329	0.001329
40	5	29	5	P95	49	-0.002438	-0.002438	0.001269	0.001269
40	5	29	5	P99	49	-0.000572	-0.000572	0.003142	0.003142
40	5	29	5	P999	49	-0.000572	-0.000572	0.003142	0.003142
40	6	34	6	P1	1	-0.003403	-0.003403	0.000288	0.000288
40	6	34	6	P50	2	0.000264	-0.000670	0.001046	0.000512
40	6	34	6	P75	46	-0.000938	-0.000938	0.002774	0.002774
40	6	34	6	P90	48	-0.000512	-0.000512	-0.000540	-0.000540
40	6	34	6	P95	49	-0.002438	-0.002438	0.001269	0.001269
40	6	34	6	P99	49	-0.000572	-0.000572	0.003142	0.003142
40	6	34	6	P999	49	-0.000572	-0.000572	0.003142	0.003142
40	7	39	7	P1	1	-0.003495	-0.003495	0.000208	0.000208
40	7	39	7	P50	2	-0.002847	-0.002847	-0.000556	-0.000556
40	7	39	7	P75	46	-0.002182	-0.002182	0.001526	0.001526
40	7	39	7	P90	48	-0.000512	-0.000512	-0.000540	-0.000540
40	7	39	7	P95	49	-0.002438	-0.002438	0.001269	0.001269
40	7	39	7	P99	49	-0.000572	-0.000572	0.003142	0.003142
40	7	39	7	P999	49	-0.000572	-0.000572	0.003142	0.003142
41	1	10	0	P1	1	-0.003359	-0.003359	0.000374	0.000374
41	1	10	0	P50	1	-0.001494	-0.001867	0.002245	0.001871
41	1	10	0	P75	1	-0.000747	-0.000747	0.002995	0.002995
41	1	10	0	P90	1	-0.000000	-0.000374	0.003745	0.003370
41	1	10	0	P95	1	-0.000000	-0.000000	0.003745	0.003745
41	1	10	0	P99	1	-0.000000	-0.000000	0.003745	0.003745
41	1	10	0	P999	1	-0.000000	-0.000000	0.003745	0.003745
41	2	14	1	P1	1	-0.003112	-0.003112	0.000374	0.000374
41	2	14	1	P50	1	-0.000500	-0.000873	0.002995	0.002620
41	2	14	1	P75	32	-0.000248	-0.000248	0.003098	0.003098
41	2	14	1	P90	34	0.002679	0.002679	0.002279	0.002279
41	2	14	1	P95	36	0.001591	0.001591	0.001188	0.001188
41	2	14	1	P99	36	0.001591	0.001591	0.001188	0.001188
41	2	14	1	P999	36	0.001591	0.001591	0.001188	0.001188
41	3	22	2	P1	1	-0.003174	-0.003174	0.000312	0.000312
41	3	22	2	P50	1	0.000248	-0.000064	0.003745	0.003432
41	3	22	2	P75	2	0.002394	0.002394	0.002116	0.002116
41	3	22	2	P90	34	0.000807	0.000807	0.000407	0.000407
41	3	22	2	P95	34	0.002679	0.002679	0.002279	0.002279
41	3	22	2	P99	36	0.001591	0.001591	0.001188	0.001188
41	3	22	2	P999	36	0.001591	0.001591	0.001188	0.001188
41	4	27	3	P1	1	-0.003403	-0.003403	0.000312	0.000312
41	4	27	3	P50	2	-0.000110	-0.000110	-0.000129	-0.000129
41	4	27	3	P75	34	0.002307	0.002307	0.002279	0.002279
41	4	27	3	P90	47	-0.001884	-0.001884	0.001825	0.001825
41	4	27	3	P95	47	-0.000017	-0.000017	0.003699	0.003699
41	4	27	3	P99	48	0.001358	0.001358	0.001329	0.001329
41	4	27	3	P999	48	0.001358	0.001358	0.001329	0.001329
41	5	29	4	P1	1	-0.003448	-0.003448	0.000267	0.000267
41	5	29	4	P50	2	-0.000857	-0.000857	-0.000876	-0.000876
41	5	29	4	P75	34	0.000435	0.000435	0.000407	0.000407
41	5	29	4	P90	47	-0.001884	-0.001884	0.001825	0.001825
41	5	29	4	P95	47	-0.000017	-0.000017	0.003699	0.003699
41	5	29	4	P99	48	0.001358	0.001358	0.001329	0.001329
41	5	29	4	P999	48	0.001358	0.001358	0.001329	0.001329
41	6	34	5	P1	1	-0.003518	-0.003518	0.000197	0.000197
41	6	34	5	P50	1	-0.000180	-0.000376	0.003548	0.003350
41	6	34	5	P75	32	-0.000617	-0.000617	0.003098	0.003098
41	6	34	5	P90	44	0.002398	0.002398	0.002369	0.002369
41	6	34	5	P95	47	-0.000017	-0.000017	0.003699	0.003699
41	6	34	5	P99	48	0.001358	0.001358	0.001329	0.001329
41	6	34	5	P999	48	0.001358	0.001358	0.001329	0.001329
41	7	40	6	P1	1	-0.003545	-0.003545	0.000170	0.000170
41	7	40	6	P50	1	-0.000153	-0.000323	0.003574	0.003404
41	7	40	6	P75	3	0.000369	-0.331910	0.000349	-0.331923
41	7	40	6	P90	44	0.002398	-0.019833	0.002369	-0.019861
41	7	40	6	P95	47	-0.000017	-0.001884	0.003699	0.001825
41	7	40	6	P99	48	0.001358	0.001358	0.001329	0.001329
41	7	40	6	P999	48	0.001358	0.001358	0.001329	0.001329
42	1	9	1	P1	20	0.000469	0.000469	0.002116	0.002116
42	1	9	1	P50	46	0.001166	0.001166	0.002774	0.002774
42	1	9	1	P75	48	-0.002763	-0.002763	-0.001163	-0.001163
42	1	9	1	P90	48	-0.000275	-0.000275	0.001329	0.001329
42	1	9	1	P95	48	-0.000275	-0.000275	0.001329	0.001329
42	1	9	1	P99	48	-0.000275	-0.000275	0.001329	0.001329
42	1	9	1	P999	48	-0.000275	-0.000275	0.001329	0.001329
42	2	13	2	P1	1	-0.001900	-0.001900	0.000935	0.000935
42	2	13	2	P50	45	0.000081	0.000081	0.002324	0.002324
42	2	13	2	P75	47	0.001460	0.001460	0.003699	0.003699
42	2	13	2	P90	48	-0.002146	-0.002146	0.000082	0.000082
42	2	13	2	P95	48	-0.000901	-0.000901	0.001329	0.001329
42	2	13	2	P99	48	-0.000901	-0.000901	0.001329	0.001329
42	2	13	2	P999	48	-0.000901	-0.000901	0.001329	0.001329
42	3	17	3	P1	1	-0.002367	-0.002367	0.000467	0.000467
42	3	17	3	P50	20	-0.000253	-0.000253	0.002116	0.002116
42	3	17	3	P75	46	0.000534	0.000534	0.002774	0.002774
42	3	17	3	P90	48	-0.002146	-0.002146	0.000082	0.000082
42	3	17	3	P95	48	-0.000901	-0.000901	0.001329	0.001329
42	3	17	3	P99	48	-0.000901	-0.000901	0.001329	0.001329
42	3	17	3	P999	48	-0.000901	-0.000901	0.001329	0.001329
42	4	21	4	P1	1	-0.002522	-0.002522	0.000312	0.000312
42	4	21	4	P50	1	0.000590	0.000590	0.003432	0.003432
42	4	21	4	P75	46	-0.001335	-0.001335	0.000902	0.000902
42	4	21	4	P90	48	-0.003388	-0.003388	-0.001163	-0.001163
42	4	21	4	P95	48	-0.002146	-0.002146	0.000082	0.000082
42	4	21	4	P99	48	-0.000901	-0.000901	0.001329	0.001329
42	4	21	4	P999	48	-0.000901	-0.000901	0.001329	0.001329
42	5	25	5	P1	1	-0.002600	-0.002600	0.000234	0.000234
42	5	25	5	P50	1	0.000201	0.000201	0.003042	0.003042
42	5	25	5	P75	45	0.000081	0.000081	0.002324	0.002324
42	5	25	5	P90	48	-0.003388	-0.003388	-0.001163	-0.001163
42	5	25	5	P95	48	-0.002146	-0.002146	0.000082	0.000082
42	5	25	5	P99	48	-0.000901	-0.000901	0.001329	0.001329
42	5	25	5	P999	48	-0.000901	-0.000901	0.001329	0.001329
42	6	31	6	P1	1	-0.002613	-0.002613	0.000220	0.000220
42	6	31	6	P50	1	0.000682	0.000682	0.003524	0.003524
42	6	31	6	P75	21	-0.000442	-0.000442	0.001919	0.001919
42	6	31	6	P90	47	0.001460	0.001460	0.003699	0.003699
42	6	31	6	P95	48	-0.002146	-0.002146	0.000082	0.000082
42	6	31	6	P99	48	-0.000901	-0.000901	0.001329	0.001329
42	6	31	6	P999	48	-0.000901	-0.000901	0.001329	0.001329
42	7	33	7	P1	1	-0.002613	-0.002613	0.000220	0.000220
42	7	33	7	P50	1	0.000902	0.000902	0.003745	0.003745
42	7	33	7	P75	22	-0.000230	-0.000230	-0.001615	-0.001615
42	7	33	7	P90	47	0.001460	0.001460	0.003699	0.003699
42	7	33	7	P95	48	-0.002146	-0.002146	0.000082	0.000082
42	7	33	7	P99	48	-0.000901	-0.000901	0.001329	0.001329
42	7	33	7	P999	48	-0.000901	-0.000901	0.001329	0.001329
43	1	15	1	P1	1	-0.002087	-0.002087	0.000748	0.000748
43	1	15	1	P50	45	0.000081	0.000081	0.002324	0.002324
43	1	15	1	P75	48	-0.000901	-0.000901	0.001329	0.001329
43	1	15	1	P90	49	-0.000336	-0.000336	0.001893	0.001893
43	1	15	1	P95	49	0.000911	0.000911	0.003142	0.003142
43	1	15	1	P99	49	0.000911	0.000911	0.003142	0.003142
43	1	15	1	P999	49	0.000911	0.000911	0.003142	0.003142
43	2	20	2	P1	1	-0.002460	-0.002460	0.000374	0.000374
43	2	20	2	P50	44	0.000123	-0.977252	0.002369	-0.977188
43	2	20	2	P75	48	-0.002767	-0.019404	-0.000540	-0.017212
43	2	20	2	P90	49	-0.000336	-0.001581	0.001893	0.000645
43	2	20	2	P95	49	0.000911	-0.000336	0.003142	0.001893
43	2	20	2	P99	49	0.000911	0.000911	0.003142	0.003142
43	2	20	2	P999	49	0.000911	0.000911	0.003142	0.003142
43	3	24	3	P1	1	-0.002566	-0.002566	0.000267	0.000267
43	3	24	3	P50	1	0.000635	0.000368	0.003477	0.003209
43	3	24	3	P75	47	0.001460	-0.020754	0.003699	-0.018561
43	3	24	3	P90	49	-0.001581	-0.001581	0.000645	0.000645
43	3	24	3	P95	49	-0.000336	-0.000336	0.001893	0.001893
43	3	24	3	P99	49	0.000911	0.000911	0.003142	0.003142
43	3	24	3	P999	49	0.000911	0.000911	0.003142	0.003142
43	4	26	4	P1	1	-0.002600	-0.002600	0.000234	0.000234
43	4	26	4	P50	1	0.000435	0.000201	0.003276	0.003042
43	4	26	4	P75	46	0.000534	0.000534	0.002774	0.002774
43	4	26	4	P90	49	-0.001581	-0.001581	0.000645	0.000645
43	4	26	4	P95	49	-0.000336	-0.000336	0.001893	0.001893
43	4	26	4	P99	49	0.000911	0.000911	0.003142	0.003142
43	4	26	4	P999	49	0.000911	0.000911	0.003142	0.003142
43	5	28	5	P1	1	-0.002600	-0.002600	0.000234	0.000234
43	5	28	5	P50	1	0.000668	0.000435	0.003510	0.003276
43	5	28	5	P75	46	0.000534	-0.021659	0.002774	-0.019465
43	5	28	5	P90	49	-0.001581	-0.001581	0.000645	0.000645
43	5	28	5	P95	49	-0.000336	-0.000336	0.001893	0.001893
43	5	28	5	P99	49	0.000911	0.000911	0.003142	0.003142
43	5	28	5	P999	49	0.000911	0.000911	0.003142	0.003142
43	6	38	6	P1	1	-0.002626	-0.002626	0.000208	0.000208
43	6	38	6	P50	2	0.000454	-0.000080	-0.000556	-0.001089
43	6	38	6	P75	44	0.000123	0.000123	0.002369	0.002369
43	6	38	6	P90	48	-0.000901	-0.000901	0.001329	0.001329
43	6	38	6	P95	49	-0.000336	-0.000336	0.001893	0.001893
43	6	38	6	P99	49	0.000911	0.000911	0.003142	0.003142
43	6	38	6	P999	49	0.000911	0.000911	0.003142	0.003142
43	7	40	7	P1	1	-0.002626	-0.002626	0.000208	0.000208
43	7	40	7	P50	2	0.000989	0.000454	-0.000022	-0.000556
43	7	40	7	P75	44	0.000123	-0.203819	0.002369	-0.202002
43	7	40	7	P90	48	-0.000901	-0.002767	0.001329	-0.000540
43	7	40	7	P95	49	-0.000336	-0.001581	0.001893	0.000645
43	7	40	7	P99	49	0.000911	0.000911	0.003142	0.003142
43	7	40	7	P999	49	0.000911	0.000911	0.003142	0.003142
44	1	5	1	P1	1	-0.001643	-0.001643	0.001871	0.001871
44	1	5	1	P50	45	0.002698	0.002698	0.002324	0.002324
44	1	5	1	P75	47	0.000329	0.000329	0.003699	0.003699
44	1	5	1	P90	49	-0.000225	-0.000225	0.003142	0.003142
44	1	5	1	P95	49	-0.000225	-0.000225	0.003142	0.003142
44	1	5	1	P99	49	-0.000225	-0.000225	0.003142	0.003142
44	1	5	1	P999	49	-0.000225	-0.000225	0.003142	0.003142
44	2	7	2	P1	1	-0.002576	-0.002576	0.000935	0.000935
44	2	7	2	P50	1	0.000225	0.000225	0.003745	0.003745
44	2	7	2	P75	47	0.000329	0.000329	0.003699	0.003699
44	2	7	2	P90	49	-0.000225	-0.000225	0.003142	0.003142
44	2	7	2	P95	49	-0.000225	-0.000225	0.003142	0.003142
44	2	7	2	P99	49	-0.000225	-0.000225	0.003142	0.003142
44	2	7	2	P999	49	-0.000225	-0.000225	0.003142	0.003142
44	3	9	3	P1	1	-0.002576	-0.002576	0.000935	0.000935
44	3	9	3	P50	2	-0.003236	-0.003236	0.000245	0.000245
44	3	9	3	P75	45	0.002698	0.002698	0.002324	0.002324
44	3	9	3	P90	49	-0.000225	-0.000225	0.003142	0.003142
44	3	9	3	P95	49	-0.000225	-0.000225	0.003142	0.003142
44	3	9	3	P99	49	-0.000225	-0.000225	0.003142	0.003142
44	3	9	3	P999	49	-0.000225	-0.000225	0.003142	0.003142
44	4	11	4	P1	1	-0.002576	-0.002576	0.000935	0.000935
44	4	11	4	P50	2	-0.001372	-0.001372	0.002116	0.002116
44	4	11	4	P75	45	0.002698	0.002698	0.002324	0.002324
44	4	11	4	P90	47	0.000329	0.000329	0.003699	0.003699
44	4	11	4	P95	49	-0.000225	-0.000225	0.003142	0.003142
44	4	11	4	P99	49	-0.000225	-0.000225	0.003142	0.003142
44	4	11	4	P999	49	-0.000225	-0.000225	0.003142	0.003142
44	5	13	5	P1	1	-0.002576	-0.002576	0.000935	0.000935
44	5	13	5	P50	3	-0.001252	-0.001252	-0.001519	-0.001519
44	5	13	5	P75	5	-0.001825	-0.001825	0.001625	0.001625
44	5	13	5	P90	47	0.000329	0.000329	0.003699	0.003699
44	5	13	5	P95	49	-0.000225	-0.000225	0.003142	0.003142
44	5	13	5	P99	49	-0.000225	-0.000225	0.003142	0.003142
44	5	13	5	P999	49	-0.000225	-0.000225	0.003142	0.003142
44	6	16	6	P1	1	-0.002576	-0.002576	0.000935	0.000935
44	6	16	6	P50	3	0.004364	0.000616	0.000349	-0.000897
44	6	16	6	P75	5	-0.001825	-0.199385	0.001625	-0.199608
44	6	16	6	P90	47	0.000329	0.000329	0.003699	0.003699
44	6	16	6	P95	49	-0.000225	-0.000225	0.003142	0.003142
44	6	16	6	P99	49	-0.000225	-0.000225	0.003142	0.003142
44	6	16	6	P999	49	-0.000225	-0.000225	0.003142	0.003142
44	7	18	7	P1	1	-0.002576	-0.002576	0.000935	0.000935
44	7	18	7	P50	3	0.000616	-0.000318	-0.000399	-0.001146
44	7	18	7	P75	4	0.000769	0.000769	0.000490	0.000490
44	7	18	7	P90	47	0.000329	0.000329	0.003699	0.003699
44	7	18	7	P95	49	-0.000225	-0.000225	0.003142	0.003142
44	7	18	7	P99	49	-0.000225	-0.000225	0.003142	0.003142
44	7	18	7	P999	49	-0.000225	-0.000225	0.003142	0.003142
45	1	4	1	P1	3	-0.000114	-0.000114	-0.001519	-0.001519
45	1	4	1	P50	4	-0.001754	-0.248682	-0.001378	-0.249738
45	1	4	1	P75	4	0.001986	-0.001754	0.000490	-0.001378
45	1	4	1	P90	4	0.001986	0.001986	0.000490	0.000490
45	1	4	1	P95	4	0.001986	0.001986	0.000490	0.000490
45	1	4	1	P99	4	0.001986	0.001986	0.000490	0.000490
45	1	4	1	P999	4	0.001986	0.001986	0.000490	0.000490
45	2	6	2	P1	3	-0.000737	-0.000737	-0.002141	-0.002141
45	2	6	2	P50	4	-0.001754	-0.248682	-0.002000	-0.249738
45	2	6	2	P75	4	0.000114	0.000114	-0.000756	-0.000756
45	2	6	2	P90	4	0.001986	0.001986	0.000490	0.000490
45	2	6	2	P95	4	0.001986	0.001986	0.000490	0.000490
45	2	6	2	P99	4	0.001986	0.001986	0.000490	0.000490
45	2	6	2	P999	4	0.001986	0.001986	0.000490	0.000490
45	3	8	3	P1	3	-0.000737	-0.000737	-0.002141	-0.002141
45	3	8	3	P50	4	-0.002997	-0.004239	-0.001751	-0.002497
45	3	8	3	P75	4	0.000114	-0.001754	-0.000258	-0.001005
45	3	8	3	P90	4	0.001986	0.001986	0.000490	0.000490
45	3	8	3	P95	4	0.001986	0.001986	0.000490	0.000490
45	3	8	3	P99	4	0.001986	0.001986	0.000490	0.000490
45	3	8	3	P999	4	0.001986	0.001986	0.000490	0.000490
45	4	11	4	P1	3	-0.001235	-0.001235	-0.002638	-0.002638
45	4	11	4	P50	4	-0.004239	-0.004239	-0.002622	-0.002622
45	4	11	4	P75	4	-0.000509	-0.000509	-0.000756	-0.000756
45	4	11	4	P90	4	0.000738	0.000738	-0.000133	-0.000133
45	4	11	4	P95	4	0.001986	0.001986	0.000490	0.000490
45	4	11	4	P99	4	0.001986	0.001986	0.000490	0.000490
45	4	11	4	P999	4	0.001986	0.001986	0.000490	0.000490
45	5	14	5	P1	3	-0.001449	-0.001449	-0.002851	-0.002851
45	5	14	5	P50	4	-0.004239	-0.248682	-0.002710	-0.249738
45	5	14	5	P75	4	-0.000820	-0.000820	-0.001112	-0.001112
45	5	14	5	P90	4	0.001050	0.001050	-0.000044	-0.000044
45	5	14	5	P95	4	0.001986	0.001986	0.000490	0.000490
45	5	14	5	P99	4	0.001986	0.001986	0.000490	0.000490
45	5	14	5	P999	4	0.001986	0.001986	0.000490	0.000490
45	6	17	6	P1	3	-0.001567	-0.001567	-0.002969	-0.002969
45	6	17	6	P50	3	0.001757	0.001757	0.000349	0.000349
45	6	17	6	P75	4	-0.001007	-0.001007	-0.001378	-0.001378
45	6	17	6	P90	4	0.001237	0.001237	0.000023	0.000023
45	6	17	6	P95	4	0.001986	0.001986	0.000490	0.000490
45	6	17	6	P99	4	0.001986	0.001986	0.000490	0.000490
45	6	17	6	P999	4	0.001986	0.001986	0.000490	0.000490
45	7	20	7	P1	3	-0.001609	-0.001609	-0.003011	-0.003011
45	7	20	7	P50	4	-0.004735	-0.248682	-0.002870	-0.249738
45	7	20	7	P75	4	-0.001007	-0.001754	-0.001005	-0.001378
45	7	20	7	P90	4	0.001237	0.000488	0.000116	-0.000258
45	7	20	7	P95	4	0.001986	0.001237	0.000490	0.000116
45	7	20	7	P99	4	0.001986	0.001986	0.000490	0.000490
45	7	20	7	P999	4	0.001986	0.001986	0.000490	0.000490
46	1	5	0	P1	3	-0.001867	-0.001867	-0.001519	-0.001519
46	1	5	0	P50	4	-0.002348	-0.002348	-0.002000	-0.002000
46	1	5	0	P75	4	-0.001104	-0.001104	-0.000756	-0.000756
46	1	5	0	P90	4	0.000141	0.000141	0.000490	0.000490
46	1	5	0	P95	4	0.000141	0.000141	0.000490	0.000490
46	1	5	0	P99	4	0.000141	0.000141	0.000490	0.000490
46	1	5	0	P999	4	0.000141	0.000141	0.000490	0.000490
46	2	7	0	P1	3	-0.002800	-0.002800	-0.002452	-0.002452
46	2	7	0	P50	3	-0.000000	-0.000000	0.000349	0.000349
46	2	7	0	P75	4	-0.001104	-0.001104	-0.000756	-0.000756
46	2	7	0	P90	4	0.000141	0.000141	0.000490	0.000490
46	2	7	0	P95	4	0.000141	0.000141	0.000490	0.000490
46	2	7	0	P99	4	0.000141	0.000141	0.000490	0.000490
46	2	7	0	P999	4	0.000141	0.000141	0.000490	0.000490
46	3	9	0	P1	3	-0.002986	-0.002986	-0.002638	-0.002638
46	3	9	0	P50	3	-0.000000	-0.000000	0.000349	0.000349
46	3	9	0	P75	4	-0.001726	-0.001726	-0.001378	-0.001378
46	3	9	0	P90	4	0.000141	0.000141	0.000490	0.000490
46	3	9	0	P95	4	0.000141	0.000141	0.000490	0.000490
46	3	9	0	P99	4	0.000141	0.000141	0.000490	0.000490
46	3	9	0	P999	4	0.000141	0.000141	0.000490	0.000490
46	4	11	0	P1	3	-0.003199	-0.003199	-0.002851	-0.002851
46	4	11	0	P50	3	-0.000534	-0.000534	-0.000185	-0.000185
46	4	11	0	P75	4	-0.001726	-0.001726	-0.001378	-0.001378
46	4	11	0	P90	4	-0.000793	-0.000793	-0.000445	-0.000445
46	4	11	0	P95	4	0.000141	0.000141	0.000490	0.000490
46	4	11	0	P99	4	0.000141	0.000141	0.000490	0.000490
46	4	11	0	P999	4	0.000141	0.000141	0.000490	0.000490
46	5	13	0	P1	3	-0.003265	-0.003265	-0.002918	-0.002918
46	5	13	0	P50	3	-0.000467	-0.000467	-0.000118	-0.000118
46	5	13	0	P75	4	-0.002100	-0.002100	-0.001751	-0.001751
46	5	13	0	P90	4	-0.000606	-0.000606	-0.000258	-0.000258
46	5	13	0	P95	4	0.000141	0.000141	0.000490	0.000490
46	5	13	0	P99	4	0.000141	0.000141	0.000490	0.000490
46	5	13	0	P999	4	0.000141	0.000141	0.000490	0.000490
46	6	15	0	P1	3	-0.003359	-0.003359	-0.003011	-0.003011
46	6	15	0	P50	3	-0.000747	-0.000747	-0.000399	-0.000399
46	6	15	0	P75	4	-0.002100	-0.002100	-0.001751	-0.001751
46	6	15	0	P90	4	-0.000606	-0.000606	-0.000258	-0.000258
46	6	15	0	P95	4	0.000141	0.000141	0.000490	0.000490
46	6	15	0	P99	4	0.000141	0.000141	0.000490	0.000490
46	6	15	0	P999	4	0.000141	0.000141	0.000490	0.000490
46	7	17	0	P1	3	-0.003421	-0.003421	-0.003073	-0.003073
46	7	17	0	P50	3	-0.000934	-0.000934	-0.000586	-0.000586
46	7	17	0	P75	4	-0.002845	-0.002845	-0.002497	-0.002497
46	7	17	0	P90	4	-0.000606	-0.000606	-0.000258	-0.000258
46	7	17	0	P95	4	0.000141	0.000141	0.000490	0.000490
46	7	17	0	P99	4	0.000141	0.000141	0.000490	0.000490
46	7	17	0	P999	4	0.000141	0.000141	0.000490	0.000490
47	1	4	1	P1	1	-0.000322	-0.000322	0.001871	0.001871
47	1	4	1	P50	3	-0.001546	-0.666150	0.000349	-0.665418
47	1	4	1	P75	4	-0.001328	-0.251160	0.000490	-0.249738
47	1	4	1	P90	4	-0.001328	-0.001328	0.000490	0.000490
47	1	4	1	P95	4	-0.001328	-0.001328	0.000490	0.000490
47	1	4	1	P99	4	-0.001328	-0.001328	0.000490	0.000490
47	1	4	1	P999	4	-0.001328	-0.001328	0.000490	0.000490
47	2	8	2	P1	1	-0.000419	-0.000419	0.001871	0.001871
47	2	8	2	P50	4	-0.003314	-0.004245	-0.001378	-0.002311
47	2	8	2	P75	4	-0.001449	-0.002382	0.000490	-0.000445
47	2	8	2	P90	5	-0.000259	-0.000259	0.001625	0.001625
47	2	8	2	P95	5	-0.000259	-0.000259	0.001625	0.001625
47	2	8	2	P99	5	-0.000259	-0.000259	0.001625	0.001625
47	2	8	2	P999	5	-0.000259	-0.000259	0.001625	0.001625
47	3	10	3	P1	1	-0.001353	-0.001353	0.000935	0.000935
47	3	10	3	P50	4	-0.004245	-0.251247	-0.002311	-0.249738
47	3	10	3	P75	4	-0.002382	-0.002382	-0.000445	-0.000445
47	3	10	3	P90	5	-0.000259	-0.201159	0.001625	-0.199608
47	3	10	3	P95	5	-0.000259	-0.000259	0.001625	0.001625
47	3	10	3	P99	5	-0.000259	-0.000259	0.001625	0.001625
47	3	10	3	P999	5	-0.000259	-0.000259	0.001625	0.001625
47	4	26	4	P1	1	-0.002100	-0.002100	0.000187	0.000187
47	4	26	4	P50	1	0.000328	0.000141	0.002620	0.002433
47	4	26	4	P75	1	0.001451	0.001451	0.003745	0.003745
47	4	26	4	P90	4	-0.002382	-0.002382	-0.000445	-0.000445
47	4	26	4	P95	4	-0.001449	-0.001449	0.000490	0.000490
47	4	26	4	P99	5	-0.000259	-0.000259	0.001625	0.001625
47	4	26	4	P999	5	-0.000259	-0.000259	0.001625	0.001625
47	5	566	5	P1	1	-0.002246	-0.002246	0.000040	0.000040
47	5	566	5	P50	1	-0.000393	-0.000399	0.001897	0.001891
47	5	566	5	P75	1	0.000549	0.000549	0.002841	0.002841
47	5	566	5	P90	1	0.001117	0.001117	0.003410	0.003410
47	5	566	5	P95	1	0.001304	0.001304	0.003598	0.003598
47	5	566	5	P99	3	-0.001662	-0.001662	0.000349	0.000349
47	5	566	5	P999	5	-0.000259	-0.000259	0.001625	0.001625
47	6	656	6	P1	1	-0.002246	-0.002246	0.000040	0.000040
47	6	656	6	P50	1	-0.000396	-0.000402	0.001894	0.001888
47	6	656	6	P75	1	0.000547	0.000541	0.002839	0.002833
47	6	656	6	P90	1	0.001111	0.001111	0.003404	0.003404
47	6	656	6	P95	1	0.001301	0.001301	0.003595	0.003595
47	6	656	6	P99	1	0.001451	0.001451	0.003745	0.003745
47	6	656	6	P999	5	-0.000259	-0.000259	0.001625	0.001625
47	7	1195	7	P1	1	-0.002249	-0.002249	0.000038	0.000038
47	7	1195	7	P50	1	-0.000408	-0.000408	0.001882	0.001882
47	7	1195	7	P75	1	0.000532	0.000532	0.002824	0.002824
47	7	1195	7	P90	1	0.001095	0.001095	0.003388	0.003388
47	7	1195	7	P95	1	0.001284	0.001284	0.003578	0.003578
47	7	1195	7	P99	1	0.001435	0.001435	0.003729	0.003729
47	7	1195	7	P999	4	-0.001449	-0.001449	0.000490	0.000490
48	1	47	0	P1	1	-0.003652	-0.003652	0.000080	0.000080
48	1	47	0	P50	1	-0.001828	-0.001828	0.001911	0.001911
48	1	47	0	P75	1	-0.000874	-0.000874	0.002867	0.002867
48	1	47	0	P90	1	-0.000318	-0.000318	0.003426	0.003426
48	1	47	0	P95	1	-0.000159	-0.000159	0.003585	0.003585
48	1	47	0	P99	1	-0.000000	-0.000000	0.003745	0.003745
48	1	47	0	P999	1	-0.000000	-0.000000	0.003745	0.003745
48	2	92	0	P1	1	-0.003691	-0.003691	0.000041	0.000041
48	2	92	0	P50	1	-0.001827	-0.001867	0.001911	0.001871
48	2	92	0	P75	1	-0.000893	-0.000934	0.002848	0.002807
48	2	92	0	P90	1	-0.000366	-0.000366	0.003378	0.003378
48	2	92	0	P95	1	-0.000163	-0.000163	0.003582	0.003582
48	2	92	0	P99	1	-0.000000	-0.000000	0.003745	0.003745
48	2	92	0	P999	1	-0.000000	-0.000000	0.003745	0.003745
48	3	130	0	P1	1	-0.003674	-0.003674	0.000058	0.000058
48	3	130	0	P50	1	-0.001839	-0.001867	0.001900	0.001871
48	3	130	0	P75	1	-0.000920	-0.000920	0.002822	0.002822
48	3	130	0	P90	1	-0.000345	-0.000374	0.003399	0.003370
48	3	130	0	P95	1	-0.000173	-0.000173	0.003572	0.003572
48	3	130	0	P99	1	-0.000029	-0.000029	0.003716	0.003716
48	3	130	0	P999	1	-0.000000	-0.000000	0.003745	0.003745
48	4	167	0	P1	1	-0.003686	-0.003686	0.000045	0.000045
48	4	167	0	P50	1	-0.001856	-0.001856	0.001882	0.001882
48	4	167	0	P75	1	-0.000917	-0.000917	0.002824	0.002824
48	4	167	0	P90	1	-0.000358	-0.000358	0.003386	0.003386
48	4	167	0	P95	1	-0.000179	-0.000179	0.003565	0.003565
48	4	167	0	P99	1	-0.000022	-0.000022	0.003722	0.003722
48	4	167	0	P999	1	-0.000000	-0.000000	0.003745	0.003745
48	5	189	1	P1	1	-0.003495	-0.003495	0.000045	0.000045
48	5	189	1	P50	1	-0.001419	-0.001419	0.002129	0.002129
48	5	189	1	P75	1	-0.000367	-0.000367	0.003183	0.003183
48	5	189	1	P90	120	0.001191	0.001191	0.000839	0.000839
48	5	189	1	P95	1195	0.001706	0.001706	0.001277	0.001277
48	5	189	1	P99	2986	0.001749	0.001749	0.001289	0.001289
48	5	189	1	P999	3152	-0.000022	-0.000022	0.003261	0.003261
48	6	231	2	P1	1	-0.003486	-0.003486	0.000054	0.000054
48	6	231	2	P50	1	-0.001470	-0.001470	0.002077	0.002077
48	6	231	2	P75	1	-0.000434	-0.000434	0.003117	0.003117
48	6	231	2	P90	1	0.000174	0.000174	0.003727	0.003727
48	6	231	2	P95	1078	0.000077	0.000077	0.003395	0.003395
48	6	231	2	P99	2859	0.000353	0.000353	0.003640	0.003640
48	6	231	2	P999	3152	-0.000022	-0.000022	0.003261	0.003261
48	7	310	3	P1	1	-0.003468	-0.003468	0.000072	0.000072
48	7	310	3	P50	1	-0.000756	-0.000773	0.002794	0.002776
48	7	310	3	P75	3	0.003221	0.003221	-0.000750	-0.000750
48	7	310	3	P90	4	0.000134	0.000049	-0.000105	-0.000190
48	7	310	3	P95	578	0.002847	0.002847	0.002442	0.002442
48	7	310	3	P99	2528	0.000040	0.000040	0.003330	0.003330
48	7	310	3	P999	3152	-0.000022	-0.000022	0.003261	0.003261
49	1	6	0	P1	1	-0.003110	-0.003110	0.000623	0.000623
49	1	6	0	P50	1	-0.001245	-0.001867	0.002495	0.001871
49	1	6	0	P75	1	-0.000623	-0.000623	0.003120	0.003120
49	1	6	0	P90	1	-0.000000	-0.000000	0.003745	0.003745
49	1	6	0	P95	1	-0.000000	-0.000000	0.003745	0.003745
49	1	6	0	P99	1	-0.000000	-0.000000	0.003745	0.003745
49	1	6	0	P999	1	-0.000000	-0.000000	0.003745	0.003745
49	2	2347	1	P1	38	0.003339	0.003339	0.003195	0.003195
49	2	2347	1	P50	46	0.000042	0.000042	-0.000105	-0.000105
49	2	2347	1	P75	49	0.000258	0.000258	0.000111	0.000111
49	2	2347	1	P90	53	0.000300	0.000300	0.000151	0.000151
49	2	2347	1	P95	58	0.000381	0.000381	0.000231	0.000231
49	2	2347	1	P99	77	0.001732	0.001732	0.001578	0.001578
49	2	2347	1	P999	106	0.001699	0.001699	0.001540	0.001540
49	3	2354	2	P1	38	0.000062	0.000062	-0.000081	-0.000081
49	3	2354	2	P50	46	-0.000009	-0.000026	-0.000156	-0.000173
49	3	2354	2	P75	49	0.000208	0.000208	0.000060	0.000060
49	3	2354	2	P90	53	0.000196	0.000196	0.000048	0.000048
49	3	2354	2	P95	58	0.000381	0.000381	0.000231	0.000231
49	3	2354	2	P99	77	0.001732	0.001732	0.001578	0.001578
49	3	2354	2	P999	106	0.001699	0.001699	0.001540	0.001540
49	4	2480	3	P1	1	-0.002959	-0.002959	0.000687	0.000687
49	4	2480	3	P50	45	0.002259	0.002245	0.002112	0.002098
49	4	2480	3	P75	48	0.001379	0.001360	0.001232	0.001212
49	4	2480	3	P90	52	-0.000603	-0.000692	0.002991	0.002902
49	4	2480	3	P95	57	0.000952	0.000640	0.000802	0.000490
49	4	2480	3	P99	76	0.001721	0.001721	0.001567	0.001567
49	4	2480	3	P999	106	0.001699	0.001699	0.001540	0.001540
49	5	2832	4	P1	1	-0.003421	-0.003421	0.000223	0.000223
49	5	2832	4	P50	45	-0.000226	-0.000241	-0.000372	-0.000387
49	5	2832	4	P75	48	-0.000335	-0.000354	-0.000482	-0.000501
49	5	2832	4	P90	51	0.000659	0.000659	0.000511	0.000511
49	5	2832	4	P95	56	-0.001907	-0.001907	-0.002056	-0.002056
49	5	2832	4	P99	74	0.000976	0.000976	0.000822	0.000822
49	5	2832	4	P999	106	0.001699	0.001699	0.001540	0.001540
49	6	2840	5	P1	1	-0.003424	-0.003424	0.000220	0.000220
49	6	2840	5	P50	45	-0.000283	-0.000297	-0.000429	-0.000443
49	6	2840	5	P75	48	-0.000374	-0.000393	-0.000521	-0.000540
49	6	2840	5	P90	51	0.000659	0.000616	0.000511	0.000468
49	6	2840	5	P95	56	-0.001907	-0.002217	-0.002056	-0.002366
49	6	2840	5	P99	74	0.000976	0.000976	0.000822	0.000822
49	6	2840	5	P999	106	0.001699	0.001699	0.001540	0.001540
49	7	2845	6	P1	1	-0.003427	-0.003427	0.000218	0.000218
49	7	2845	6	P50	45	-0.000325	-0.000325	-0.000471	-0.000471
49	7	2845	6	P75	48	-0.000413	-0.000413	-0.000560	-0.000560
49	7	2845	6	P90	51	0.000616	0.000616	0.000468	0.000468
49	7	2845	6	P95	56	-0.002217	-0.002217	-0.002366	-0.002366
49	7	2845	6	P99	74	0.000976	0.000976	0.000822	0.000822
49	7	2845	6	P999	106	0.001699	0.001699	0.001540	0.001540
50	1	510	1	P1	1	-0.003172	-0.003172	0.000081	0.000081
50	1	510	1	P50	1	0.000197	0.000184	0.003461	0.003447
50	1	510	1	P75	9	-0.001653	-0.001653	-0.002315	-0.002315
50	1	510	1	P90	9	0.000765	0.000733	0.000101	0.000069
50	1	510	1	P95	10	-0.002262	-0.002262	0.000801	0.000801
50	1	510	1	P99	10	0.000406	0.000406	0.003477	0.003477
50	1	510	1	P999	92	0.002006	0.002006	0.001147	0.001147
50	2	536	2	P1	1	-0.003179	-0.003179	0.000074	0.000074
50	2	536	2	P50	1	0.000061	0.000049	0.003324	0.003312
50	2	536	2	P75	9	-0.001841	-0.001873	-0.002503	-0.002535
50	2	536	2	P90	9	0.000670	0.000670	0.000007	0.000007
50	2	536	2	P95	10	-0.002395	-0.002395	0.000668	0.000668
50	2	536	2	P99	10	0.000406	0.000406	0.003477	0.003477
50	2	536	2	P999	92	0.002006	0.002006	0.001147	0.001147
50	3	1421	3	P1	1	-0.003206	-0.003206	0.000047	0.000047
50	3	1421	3	P50	1	-0.001020	-0.001020	0.002240	0.002240
50	3	1421	3	P75	1	0.000096	0.000096	0.003360	0.003360
50	3	1421	3	P90	9	-0.002123	-0.002123	-0.002785	-0.002785
50	3	1421	3	P95	9	0.000105	0.000105	-0.000559	-0.000559
50	3	1421	3	P99	10	-0.000796	-0.000796	0.002272	0.002272
50	3	1421	3	P999	11	0.002561	0.002561	0.001879	0.001879
50	4	1667	4	P1	1	-0.003199	-0.003199	0.000053	0.000053
50	4	1667	4	P50	1	-0.000633	-0.000633	0.002628	0.002628
50	4	1667	4	P75	6	-0.001890	-0.001890	0.001217	0.001217
50	4	1667	4	P90	9	-0.001735	-0.001735	-0.002397	-0.002397
50	4	1667	4	P95	9	0.000480	0.000480	-0.000184	-0.000184
50	4	1667	4	P99	10	0.000566	0.000566	0.003638	0.003638
50	4	1667	4	P999	14	0.000645	0.000645	0.003689	0.003689
50	5	9045	5	P1	1	-0.003157	-0.003157	0.000096	0.000096
50	5	9045	5	P50	2	-0.003820	-0.003820	-0.000629	-0.000629
50	5	9045	5	P75	2	-0.001484	-0.001484	0.001711	0.001711
50	5	9045	5	P90	3	-0.000170	-0.000170	-0.000742	-0.000742
50	5	9045	5	P95	6	-0.003727	-0.003727	-0.000625	-0.000625
50	5	9045	5	P99	9	0.000347	0.000347	-0.000317	-0.000317
50	5	9045	5	P999	11	0.002561	0.002561	0.001879	0.001879
50	6	9047	6	P1	1	-0.003157	-0.003157	0.000095	0.000095
50	6	9047	6	P50	2	-0.003821	-0.003821	-0.000630	-0.000630
50	6	9047	6	P75	2	-0.001484	-0.001484	0.001711	0.001711
50	6	9047	6	P90	3	-0.000170	-0.000170	-0.000742	-0.000742
50	6	9047	6	P95	6	-0.003727	-0.003727	-0.000625	-0.000625
50	6	9047	6	P99	9	0.000347	0.000347	-0.000317	-0.000317
50	6	9047	6	P999	11	0.002561	0.002561	0.001879	0.001879
50	7	9080	7	P1	1	-0.003158	-0.003158	0.000095	0.000095
50	7	9080	7	P50	2	-0.003838	-0.003839	-0.000646	-0.000647
50	7	9080	7	P75	2	-0.001492	-0.001493	0.001703	0.001702
50	7	9080	7	P90	3	-0.000178	-0.000181	-0.000750	-0.000753
50	7	9080	7	P95	6	-0.003781	-0.003835	-0.000679	-0.000733
50	7	9080	7	P99	9	0.000347	0.000347	-0.000317	-0.000317
50	7	9080	7	P999	11	0.002561	0.002561	0.001879	0.001879
51	1	581	1	P1	1	-0.002511	-0.002511	0.000510	0.000510
51	1	581	1	P50	15	-0.002874	-0.002874	-0.000191	-0.000191
51	1	581	1	P75	15	-0.001021	-0.001021	0.001667	0.001667
51	1	581	1	P90	16	0.001138	0.001138	0.000079	0.000079
51	1	581	1	P95	17	-0.001107	-0.001107	-0.002171	-0.002171
51	1	581	1	P99	19	-0.000514	-0.000514	-0.001593	-0.001593
51	1	581	1	P999	19	0.002158	0.002158	0.001076	0.001076
51	2	587	2	P1	1	-0.002572	-0.002572	0.000449	0.000449
51	2	587	2	P50	15	-0.002912	-0.002912	-0.000229	-0.000229
51	2	587	2	P75	15	-0.001034	-0.001034	0.001654	0.001654
51	2	587	2	P90	16	0.001138	0.001138	0.000079	0.000079
51	2	587	2	P95	17	-0.001107	-0.001107	-0.002171	-0.002171
51	2	587	2	P99	19	-0.000514	-0.000514	-0.001593	-0.001593
51	2	587	2	P999	19	0.002158	0.002158	0.001076	0.001076
51	3	617	3	P1	1	-0.002497	-0.002497	0.000523	0.000523
51	3	617	3	P50	15	-0.003104	-0.003104	-0.000421	-0.000421
51	3	617	3	P75	15	-0.001136	-0.001136	0.001552	0.001552
51	3	617	3	P90	16	0.001003	0.001003	-0.000056	-0.000056
51	3	617	3	P95	17	-0.001263	-0.001263	-0.002327	-0.002327
51	3	617	3	P99	19	-0.001048	-0.001048	-0.002126	-0.002126
51	3	617	3	P999	19	0.002158	0.002158	0.001076	0.001076
51	4	624	4	P1	1	-0.002497	-0.002497	0.000523	0.000523
51	4	624	4	P50	15	-0.003134	-0.003147	-0.000451	-0.000464
51	4	624	4	P75	15	-0.001148	-0.001160	0.001540	0.001527
51	4	624	4	P90	16	0.000958	0.000958	-0.000101	-0.000101
51	4	624	4	P95	17	-0.001418	-0.001418	-0.002482	-0.002482
51	4	624	4	P99	19	-0.001048	-0.001048	-0.002126	-0.002126
51	4	624	4	P999	19	0.002158	0.002158	0.001076	0.001076
51	5	921	5	P1	1	-0.002274	-0.002274	0.000748	0.000748
51	5	921	5	P50	15	-0.003732	-0.003732	-0.001076	-0.001076
51	5	921	5	P75	15	-0.000804	-0.000804	0.001753	0.001753
51	5	921	5	P90	17	0.001698	0.001698	-0.000655	-0.000655
51	5	921	5	P95	21	0.000767	0.000767	-0.000325	-0.000325
51	5	921	5	P99	94	-0.000392	-0.000392	0.002070	0.002070
51	5	921	5	P999	111	0.001603	0.001603	0.000303	0.000303
51	6	924	6	P1	1	-0.002316	-0.002316	0.000706	0.000706
51	6	924	6	P50	15	-0.003744	-0.003757	-0.001088	-0.001101
51	6	924	6	P75	15	-0.000804	-0.000816	0.001753	0.001741
51	6	924	6	P90	17	0.001698	0.001698	-0.000655	-0.000655
51	6	924	6	P95	21	0.000767	0.000767	-0.000325	-0.000325
51	6	924	6	P99	94	-0.000392	-0.000392	0.002070	0.002070
51	6	924	6	P999	111	0.001603	0.001603	0.000303	0.000303
51	7	930	7	P1	1	-0.002387	-0.002387	0.000634	0.000634
51	7	930	7	P50	15	-0.003782	-0.003795	-0.001125	-0.001137
51	7	930	7	P75	15	-0.000829	-0.000829	0.001728	0.001728
51	7	930	7	P90	17	0.001698	0.001230	-0.000655	-0.000772
51	7	930	7	P95	21	0.000767	0.000767	-0.000325	-0.000325
51	7	930	7	P99	94	-0.000392	-0.000392	0.002070	0.002070
51	7	930	7	P999	111	0.001603	0.001603	0.000303	0.000303
52	1	29	0	P1	1	-0.003603	-0.003603	0.000129	0.000129
52	1	29	0	P50	1	-0.001803	-0.001803	0.001935	0.001935
52	1	29	0	P75	1	-0.000902	-0.000902	0.002840	0.002840
52	1	29	0	P90	1	-0.000258	-0.000258	0.003486	0.003486
52	1	29	0	P95	1	-0.000129	-0.000129	0.003616	0.003616
52	1	29	0	P99	1	-0.000000	-0.000000	0.003745	0.003745
52	1	29	0	P999	1	-0.000000	-0.000000	0.003745	0.003745
52	2	194	0	P1	1	-0.003692	-0.003692	0.000039	0.000039
52	2	194	0	P50	1	-0.001808	-0.001828	0.001930	0.001910
52	2	194	0	P75	1	-0.000865	-0.000865	0.002876	0.002876
52	2	194	0	P90	1	-0.000295	-0.000295	0.003449	0.003449
52	2	194	0	P95	1	-0.000098	-0.000098	0.003646	0.003646
52	2	194	0	P99	2	0.001180	0.001180	0.001180	0.001180
52	2	194	0	P999	2	0.002116	0.002116	0.002116	0.002116
52	3	200	0	P1	1	-0.003674	-0.003693	0.000057	0.000038
52	3	200	0	P50	1	-0.001810	-0.001829	0.001928	0.001909
52	3	200	0	P75	1	-0.000858	-0.000877	0.002884	0.002865
52	3	200	0	P90	1	-0.000286	-0.000305	0.003458	0.003439
52	3	200	0	P95	1	-0.000095	-0.000114	0.003649	0.003630
52	3	200	0	P99	2	0.001180	0.000245	0.001180	0.000245
52	3	200	0	P999	2	0.002116	0.002116	0.002116	0.002116
52	4	207	1	P1	1	-0.002912	-0.002912	0.000057	0.000057
52	4	207	1	P50	1	-0.001008	-0.001008	0.001965	0.001965
52	4	207	1	P75	1	-0.000027	-0.000027	0.002949	0.002949
52	4	207	1	P90	1	0.000558	0.000558	0.003537	0.003537
52	4	207	1	P95	1	0.000747	0.000747	0.003726	0.003726
52	4	207	1	P99	2	0.001104	0.001104	0.001284	0.001284
52	4	207	1	P999	2	0.002977	0.002977	0.002116	0.002116
52	5	216	2	P1	1	-0.002914	-0.002914	0.000054	0.000054
52	5	216	2	P50	1	-0.001003	-0.001021	0.001970	0.001952
52	5	216	2	P75	1	-0.000029	-0.000047	0.002948	0.002930
52	5	216	2	P90	1	0.000549	0.000549	0.003527	0.003527
52	5	216	2	P95	1	0.000748	0.000748	0.003727	0.003727
52	5	216	2	P99	2	0.001104	0.001104	0.001284	0.001284
52	5	216	2	P999	2	0.002977	0.002977	0.002116	0.002116
52	6	230	3	P1	1	-0.002917	-0.002917	0.000051	0.000051
52	6	230	3	P50	1	-0.001010	-0.001027	0.001964	0.001947
52	6	230	3	P75	1	-0.000046	-0.000046	0.002930	0.002930
52	6	230	3	P90	1	0.000546	0.000529	0.003524	0.003507
52	6	230	3	P95	1	0.000732	0.000732	0.003711	0.003711
52	6	230	3	P99	2	0.001104	0.001104	0.001284	0.001284
52	6	230	3	P999	2	0.002977	0.002977	0.002116	0.002116
52	7	764	4	P1	1	-0.002072	-0.002072	0.000118	0.000118
52	7	764	4	P50	2	-0.002619	-0.002627	-0.000626	-0.000633
52	7	764	4	P75	2	-0.001131	-0.001139	0.000853	0.000845
52	7	764	4	P90	2	-0.000242	-0.000242	0.001736	0.001736
52	7	764	4	P95	2	0.000055	0.000055	0.002031	0.002031
52	7	764	4	P99	3	-0.002407	-0.002407	-0.000514	-0.000514
52	7	764	4	P999	4	-0.001328	-0.001328	0.000490	0.000490
53	1	889	1	P1	1	-0.003348	-0.003348	0.000096	0.000096
53	1	889	1	P50	14	-0.003211	-0.003211	0.000101	0.000101
53	1	889	1	P75	14	-0.000547	-0.000547	0.002773	0.002773
53	1	889	1	P90	15	0.000725	0.000725	0.000300	0.000300
53	1	889	1	P95	15	0.002294	0.002294	0.001868	0.001868
53	1	889	1	P99	17	0.000594	0.000594	0.000162	0.000162
53	1	889	1	P999	69	0.001508	0.001508	0.001006	0.001006
53	2	893	2	P1	1	-0.003349	-0.003349	0.000095	0.000095
53	2	893	2	P50	14	-0.003235	-0.003235	0.000077	0.000077
53	2	893	2	P75	14	-0.000559	-0.000559	0.002761	0.002761
53	2	893	2	P90	15	0.000689	0.000689	0.000264	0.000264
53	2	893	2	P95	15	0.002294	0.002294	0.001868	0.001868
53	2	893	2	P99	17	0.000594	0.000594	0.000162	0.000162
53	2	893	2	P999	69	0.001508	0.001508	0.001006	0.001006
53	3	899	3	P1	1	-0.003350	-0.003350	0.000093	0.000093
53	3	899	3	P50	14	-0.003271	-0.003271	0.000041	0.000041
53	3	899	3	P75	14	-0.000571	-0.000571	0.002749	0.002749
53	3	899	3	P90	15	0.000689	0.000689	0.000264	0.000264
53	3	899	3	P95	15	0.002294	0.002294	0.001868	0.001868
53	3	899	3	P99	17	0.000594	0.000594	0.000162	0.000162
53	3	899	3	P999	69	0.001508	0.001508	0.001006	0.001006
53	4	1130	4	P1	1	-0.003368	-0.003368	0.000076	0.000076
53	4	1130	4	P50	1	0.000131	0.000125	0.003586	0.003580
53	4	1130	4	P75	14	-0.001268	-0.001268	0.002050	0.002050
53	4	1130	4	P90	15	-0.000130	-0.000165	-0.000555	-0.000590
53	4	1130	4	P95	15	0.001866	0.001866	0.001440	0.001440
53	4	1130	4	P99	17	-0.000426	-0.000426	-0.000857	-0.000857
53	4	1130	4	P999	46	0.003257	0.003257	0.002774	0.002774
53	5	1132	5	P1	1	-0.003368	-0.003368	0.000076	0.000076
53	5	1132	5	P50	1	0.000125	0.000119	0.003580	0.003574
53	5	1132	5	P75	14	-0.001268	-0.001280	0.002050	0.002038
53	5	1132	5	P90	15	-0.000165	-0.000165	-0.000590	-0.000590
53	5	1132	5	P95	15	0.001866	0.001866	0.001440	0.001440
53	5	1132	5	P99	17	-0.000426	-0.000426	-0.000857	-0.000857
53	5	1132	5	P999	46	0.003257	0.003257	0.002774	0.002774
53	6	2000	6	P1	1	-0.003311	-0.003318	0.000132	0.000126
53	6	2000	6	P50	8	-0.003140	-0.003150	0.000199	0.000190
53	6	2000	6	P75	13	-0.001959	-0.002009	0.001360	0.001311
53	6	2000	6	P90	14	-0.000215	-0.000227	0.003106	0.003094
53	6	2000	6	P95	15	0.000404	0.000369	0.000017	-0.000018
53	6	2000	6	P99	17	-0.002801	-0.057497	-0.003230	-0.057901
53	6	2000	6	P999	46	0.003257	-0.412162	0.002774	-0.412429
53	7	2015	7	P1	1	-0.003314	-0.003314	0.000129	0.000129
53	7	2015	7	P50	8	-0.003218	-0.003218	0.000122	0.000122
53	7	2015	7	P75	13	-0.002156	-0.002156	0.001163	0.001163
53	7	2015	7	P90	14	-0.000239	-0.000239	0.003082	0.003082
53	7	2015	7	P95	15	0.000369	0.000369	-0.000018	-0.000018
53	7	2015	7	P99	16	0.001409	0.001409	0.000980	0.000980
53	7	2015	7	P999	27	0.001502	0.001502	0.001047	0.001047
54	1	585	1	P1	1	0.000394	0.000394	0.003209	0.003209
54	1	585	1	P50	7	-0.003871	-0.003871	-0.001381	-0.001381
54	1	585	1	P75	7	-0.001622	-0.001622	0.000874	0.000874
54	1	585	1	P90	9	-0.000774	-0.000774	-0.002055	-0.002055
54	1	585	1	P95	12	0.000298	0.000298	-0.001030	-0.001030
54	1	585	1	P99	17	0.001549	0.001549	0.000162	0.000162
54	1	585	1	P999	21	-0.000402	-0.000402	0.001919	0.001919
54	2	607	2	P1	1	0.000289	0.000289	0.003745	0.003745
54	2	607	2	P50	7	-0.004553	-0.004553	-0.001211	-0.001211
54	2	607	2	P75	7	-0.002213	-0.002213	0.001137	0.001137
54	2	607	2	P90	10	-0.000841	-0.000841	0.002495	0.002495
54	2	607	2	P95	13	-0.002902	-0.002902	0.000415	0.000415
54	2	607	2	P99	16	0.001409	0.001409	0.000980	0.000980
54	2	607	2	P999	21	-0.001378	-0.001378	0.001919	0.001919
54	3	629	3	P1	1	0.000370	0.000370	0.003745	0.003745
54	3	629	3	P50	7	-0.004276	-0.004276	-0.001041	-0.001041
54	3	629	3	P75	7	-0.001858	-0.001858	0.001384	0.001384
54	3	629	3	P90	12	-0.000170	-0.000170	-0.000700	-0.000700
54	3	629	3	P95	15	0.000275	0.000275	0.000104	0.000104
54	3	629	3	P99	17	0.000715	0.000715	0.000162	0.000162
54	3	629	3	P999	21	-0.001254	-0.001254	0.001919	0.001919
54	4	655	4	P1	1	-0.002572	-0.002572	0.000793	0.000793
54	4	655	4	P50	7	-0.004475	-0.004475	-0.001242	-0.001242
54	4	655	4	P75	7	-0.001950	-0.001950	0.001291	0.001291
54	4	655	4	P90	12	-0.000830	-0.000830	-0.001359	-0.001359
54	4	655	4	P95	15	0.000025	0.000025	-0.000104	-0.000104
54	4	655	4	P99	17	0.000715	0.000715	0.000162	0.000162
54	4	655	4	P999	21	-0.001254	-0.001254	0.001919	0.001919
54	5	663	5	P1	1	-0.001733	-0.001733	0.000793	0.000793
54	5	663	5	P50	7	-0.003294	-0.003294	-0.001180	-0.001180
54	5	663	5	P75	7	-0.000734	-0.000734	0.001384	0.001384
54	5	663	5	P90	12	0.001695	0.001695	-0.000041	-0.000041
54	5	663	5	P95	15	0.002761	0.002761	0.001143	0.001143
54	5	663	5	P99	18	-0.001910	-0.001910	0.000008	0.000008
54	5	663	5	P999	23	-0.001210	-0.001210	0.000657	0.000657
54	6	680	6	P1	1	-0.002002	-0.002002	0.000523	0.000523
54	6	680	6	P50	7	-0.003417	-0.003432	-0.001304	-0.001319
54	6	680	6	P75	7	-0.000796	-0.000812	0.001322	0.001307
54	6	680	6	P90	12	0.001474	0.001254	-0.000261	-0.000481
54	6	680	6	P95	15	0.002761	0.002511	0.001143	0.000935
54	6	680	6	P99	18	-0.001910	-0.001910	0.000008	0.000008
54	6	680	6	P999	23	-0.001210	-0.001210	0.000657	0.000657
54	7	682	7	P1	1	-0.002002	-0.002002	0.000513	0.000513
54	7	682	7	P50	7	-0.003417	-0.003432	-0.001304	-0.001319
54	7	682	7	P75	7	-0.000796	-0.000796	0.001322	0.001322
54	7	682	7	P90	12	0.001474	0.001474	-0.000261	-0.000261
54	7	682	7	P95	15	0.002761	0.002761	0.001143	0.001143
54	7	682	7	P99	18	-0.001910	-0.001910	0.000008	0.000008
54	7	682	7	P999	23	-0.001210	-0.001210	0.000657	0.000657
55	1	1131	1	P1	1	0.000237	0.000237	0.001663	0.001663
55	1	1131	1	P50	2	-0.000632	-0.000632	0.000697	0.000697
55	1	1131	1	P75	2	0.000587	0.000587	0.001918	0.001918
55	1	1131	1	P90	3	0.001101	0.001101	-0.001363	-0.001363
55	1	1131	1	P95	3	0.002041	0.002041	-0.000425	-0.000425
55	1	1131	1	P99	3	0.002784	0.002784	0.000316	0.000316
55	1	1131	1	P999	106	0.000750	0.000750	0.001540	0.001540
55	2	1244	2	P1	1	-0.000036	-0.000036	0.001801	0.001801
55	2	1244	2	P50	2	-0.000855	-0.000859	0.000943	0.000939
55	2	1244	2	P75	3	-0.000784	-0.000801	-0.002743	-0.002760
55	2	1244	2	P90	3	0.002281	0.002281	0.000316	0.000316
55	2	1244	2	P95	262	0.003434	0.003434	0.001221	0.001221
55	2	1244	2	P99	1369	0.002209	0.002209	0.003653	0.003653
55	2	1244	2	P999	1440	0.000241	0.000241	0.001679	0.001679
55	3	1334	3	P1	1	0.000666	0.000666	0.001940	0.001940
55	3	1334	3	P50	2	-0.000020	-0.000025	0.001137	0.001133
55	3	1334	3	P75	3	0.001006	0.001006	-0.001642	-0.001642
55	3	1334	3	P90	355	-0.000074	-0.000074	0.000222	0.000222
55	3	1334	3	P95	947	0.001994	0.001994	0.002127	0.002127
55	3	1334	3	P99	1413	0.001851	0.001851	0.001917	0.001917
55	3	1334	3	P999	6231	0.002248	0.002248	0.002067	0.002067
55	4	1390	4	P1	1	-0.002290	-0.002290	0.000748	0.000748
55	4	1390	4	P50	2	0.001289	0.001285	0.001033	0.001028
55	4	1390	4	P75	3	0.002138	0.002138	-0.001872	-0.001872
55	4	1390	4	P90	343	0.001429	-0.000441	0.000968	-0.000901
55	4	1390	4	P95	553	0.002281	0.002281	0.001801	0.001801
55	4	1390	4	P99	1413	0.002435	0.002435	0.001917	0.001917
55	4	1390	4	P999	6231	0.002644	0.002644	0.002067	0.002067
55	5	1509	5	P1	1	-0.002116	-0.002116	0.000855	0.000855
55	5	1509	5	P50	2	0.001540	0.001540	0.001283	0.001283
55	5	1509	5	P75	3	0.003608	0.003608	-0.000409	-0.000409
55	5	1509	5	P90	224	0.005119	0.005119	0.000925	0.000925
55	5	1509	5	P95	511	0.000898	0.000898	0.000421	0.000421
55	5	1509	5	P99	1410	0.002068	0.002068	0.000303	0.000303
55	5	1509	5	P999	6231	0.002644	0.002644	0.002067	0.002067
55	6	1516	6	P1	1	-0.002311	-0.002311	0.000777	0.000777
55	6	1516	6	P50	2	0.001527	0.001523	0.001270	0.001266
55	6	1516	6	P75	3	0.003592	0.003575	-0.000425	-0.000442
55	6	1516	6	P90	218	0.002355	0.002355	0.001911	0.001911
55	6	1516	6	P95	511	0.000898	0.000898	0.000421	0.000421
55	6	1516	6	P99	1410	0.002068	0.002068	0.000303	0.000303
55	6	1516	6	P999	6231	0.002644	0.002644	0.002067	0.002067
55	7	1937	7	P1	1	-0.001541	-0.001541	0.000971	0.000971
55	7	1937	7	P50	3	0.001366	0.001366	-0.003203	-0.003203
55	7	1937	7	P75	363	0.001785	0.001785	0.000365	0.000365
55	7	1937	7	P90	464	-0.002567	-0.002567	-0.001214	-0.001214
55	7	1937	7	P95	498	-0.000387	-0.000387	0.001896	0.001896
55	7	1937	7	P99	1389	0.003816	0.003816	0.000357	0.000357
55	7	1937	7	P999	6231	0.003838	0.003838	0.002067	0.002067
56	1	2108	1	P1	1	-0.002140	-0.002140	0.000049	0.000049
56	1	2108	1	P50	1	0.000148	0.000146	0.002342	0.002340
56	1	2108	1	P75	1	0.001318	0.001315	0.003514	0.003511
56	1	2108	1	P90	2	0.002443	0.002443	0.000770	0.000770
56	1	2108	1	P95	2	0.003689	0.003689	0.001958	0.001958
56	1	2108	1	P99	3	-0.001599	-0.001599	0.000296	0.000296
56	1	2108	1	P999	5	-0.002624	-0.002624	-0.000868	-0.000868
56	2	2133	2	P1	1	-0.002141	-0.002141	0.000048	0.000048
56	2	2133	2	P50	1	0.000143	0.000143	0.002336	0.002336
56	2	2133	2	P75	1	0.001310	0.001310	0.003506	0.003506
56	2	2133	2	P90	2	0.002417	0.002417	0.000745	0.000745
56	2	2133	2	P95	2	0.003679	0.003679	0.001947	0.001947
56	2	2133	2	P99	3	-0.001599	-0.001599	0.000296	0.000296
56	2	2133	2	P999	5	-0.002624	-0.002624	-0.000868	-0.000868
56	3	2591	3	P1	1	-0.002455	-0.002455	0.000057	0.000057
56	3	2591	3	P50	1	0.000321	0.000321	0.002839	0.002839
56	3	2591	3	P75	2	0.002336	0.002336	0.001014	0.001014
56	3	2591	3	P90	57	-0.000990	-0.000990	0.000664	0.000664
56	3	2591	3	P95	65	-0.004025	-0.004025	-0.002403	-0.002403
56	3	2591	3	P99	72	-0.001361	-0.001361	0.000243	0.000243
56	3	2591	3	P999	85	-0.001651	-0.001651	-0.000082	-0.000082
56	4	2602	4	P1	1	-0.003140	-0.003140	0.000059	0.000059
56	4	2602	4	P50	1	-0.000356	-0.000358	0.002852	0.002850
56	4	2602	4	P75	2	0.001656	0.001656	0.001104	0.001104
56	4	2602	4	P90	57	-0.001530	-0.001530	0.001299	0.001299
56	4	2602	4	P95	66	-0.005597	-0.005597	-0.002793	-0.002793
56	4	2602	4	P99	73	-0.004876	-0.004876	-0.002079	-0.002079
56	4	2602	4	P999	216	0.000945	0.000945	0.003657	0.003657
56	5	4404	5	P1	1	-0.003101	-0.003101	0.000092	0.000092
56	5	4404	5	P50	2	-0.000216	-0.000219	-0.000788	-0.000790
56	5	4404	5	P75	2	0.002304	0.002301	0.001708	0.001705
56	5	4404	5	P90	54	-0.002833	-0.002833	-0.000003	-0.000003
56	5	4404	5	P95	58	-0.000614	-0.000614	0.002215	0.002215
56	5	4404	5	P99	71	-0.002961	-0.002961	-0.000156	-0.000156
56	5	4404	5	P999	211	0.001937	0.001937	0.000905	0.000905
56	6	6188	6	P1	1	-0.003064	-0.003064	0.000117	0.000117
56	6	6188	6	P50	2	0.000369	0.000368	-0.000218	-0.000219
56	6	6188	6	P75	2	0.002337	0.002335	0.001739	0.001738
56	6	6188	6	P90	3	0.003559	0.003559	-0.000198	-0.000198
56	6	6188	6	P95	57	-0.004625	-0.004625	-0.001805	-0.001805
56	6	6188	6	P99	69	-0.003110	-0.003110	-0.000303	-0.000303
56	6	6188	6	P999	206	-0.000251	-0.000251	0.002462	0.002462
56	7	9082	7	P1	1	-0.003013	-0.003013	0.000162	0.000162
56	7	9082	7	P50	2	-0.000822	-0.000824	0.000123	0.000123
56	7	9082	7	P75	2	0.002063	0.002063	0.001748	0.001748
56	7	9082	7	P90	3	0.000776	0.000776	-0.000830	-0.000830
56	7	9082	7	P95	53	-0.002992	-0.002992	-0.000160	-0.000160
56	7	9082	7	P99	68	-0.005468	-0.005468	-0.002667	-0.002667
56	7	9082	7	P999	200	0.003145	0.003145	0.002116	0.002116
57	1	1035	0	P1	1	-0.003691	-0.003691	0.000040	0.000040
57	1	1035	0	P50	1	-0.001840	-0.001840	0.001898	0.001898
57	1	1035	0	P75	1	-0.000893	-0.000893	0.002849	0.002849
57	1	1035	0	P90	1	-0.000326	-0.000326	0.003418	0.003418
57	1	1035	0	P95	1	-0.000135	-0.000135	0.003609	0.003609
57	1	1035	0	P99	2	-0.000556	-0.000556	-0.000556	-0.000556
57	1	1035	0	P999	2	0.001849	0.001849	0.001849	0.001849
57	2	1190	0	P1	1	-0.003693	-0.003693	0.000038	0.000038
57	2	1190	0	P50	1	-0.001831	-0.001834	0.001908	0.001904
57	2	1190	0	P75	1	-0.000882	-0.000882	0.002860	0.002860
57	2	1190	0	P90	1	-0.000310	-0.000313	0.003434	0.003430
57	2	1190	0	P95	1	-0.000122	-0.000122	0.003623	0.003623
57	2	1190	0	P99	2	0.000156	0.000156	0.000156	0.000156
57	2	1190	0	P999	2	0.001938	0.001938	0.001938	0.001938
57	3	1199	1	P1	1	-0.003319	-0.003319	0.000038	0.000038
57	3	1199	1	P50	1	-0.001443	-0.001443	0.001920	0.001920
57	3	1199	1	P75	1	-0.000485	-0.000485	0.002882	0.002882
57	3	1199	1	P90	1	0.000091	0.000091	0.003459	0.003459
57	3	1199	1	P95	1	0.000283	0.000283	0.003652	0.003652
57	3	1199	1	P99	2	0.002181	0.002181	0.001759	0.001759
57	3	1199	1	P999	63	0.002916	0.002916	0.002269	0.002269
57	4	1953	2	P1	1	-0.003316	-0.003316	0.000041	0.000041
57	4	1953	2	P50	1	-0.001347	-0.001347	0.002016	0.002016
57	4	1953	2	P75	1	-0.000342	-0.000342	0.003025	0.003025
57	4	1953	2	P90	1	0.000262	0.000262	0.003631	0.003631
57	4	1953	2	P95	2	-0.003474	-0.003474	-0.000397	-0.000397
57	4	1953	2	P99	2	0.000755	0.000755	0.001830	0.001830
57	4	1953	2	P999	63	0.002916	0.002916	0.002269	0.002269
57	5	2227	3	P1	1	-0.003316	-0.003316	0.000041	0.000041
57	5	2227	3	P50	1	-0.001367	-0.001367	0.001997	0.001997
57	5	2227	3	P75	1	-0.000370	-0.000370	0.002997	0.002997
57	5	2227	3	P90	1	0.000228	0.000228	0.003598	0.003598
57	5	2227	3	P95	2	-0.003948	-0.003948	-0.000796	-0.000796
57	5	2227	3	P99	2	0.000220	0.000220	0.001744	0.001744
57	5	2227	3	P999	59	0.001222	0.001222	0.000580	0.000580
57	6	3356	4	P1	1	-0.003309	-0.003309	0.000048	0.000048
57	6	3356	4	P50	1	-0.000977	-0.000978	0.002388	0.002387
57	6	3356	4	P75	1	0.000215	0.000213	0.003584	0.003582
57	6	3356	4	P90	2	-0.002794	-0.002794	0.000456	0.000456
57	6	3356	4	P95	2	-0.001873	-0.001873	0.001352	0.001352
57	6	3356	4	P99	2	0.000933	0.000933	0.002068	0.002068
57	6	3356	4	P999	59	-0.000025	-0.000025	-0.000666	-0.000666
57	7	4126	5	P1	1	-0.002741	-0.002741	0.000060	0.000060
57	7	4126	5	P50	1	0.000129	0.000127	0.002937	0.002935
57	7	4126	5	P75	2	-0.001764	-0.001764	0.000851	0.000851
57	7	4126	5	P90	114	0.001320	0.001320	0.003359	0.003359
57	7	4126	5	P95	117	0.001308	0.001308	0.003344	0.003344
57	7	4126	5	P99	123	-0.001149	-0.001149	0.000874	0.000874
57	7	4126	5	P999	136	0.000760	0.000760	0.002770	0.002770
58	1	5230	1	P1	33	0.004268	0.004268	0.002155	0.002155
58	1	5230	1	P50	37	0.001976	0.001971	0.003579	0.003574
58	1	5230	1	P75	57	-0.002087	-0.002087	-0.000624	-0.000624
58	1	5230	1	P90	67	-0.003328	-0.003364	-0.001903	-0.001939
58	1	5230	1	P95	69	-0.002193	-0.002193	-0.000776	-0.000776
58	1	5230	1	P99	73	-0.001037	-0.001037	0.000366	0.000366
58	1	5230	1	P999	198	-0.000163	-0.000163	0.000951	0.000951
58	2	157285	2	P1	1	0.000401	0.000401	0.003051	0.003051
58	2	157285	2	P50	58	-0.000635	-0.000635	0.000834	0.000834
58	2	157285	2	P75	60	0.002168	0.002168	-0.000105	-0.000105
58	2	157285	2	P90	62	-0.001089	-0.001089	0.000361	0.000361
58	2	157285	2	P95	63	0.003807	0.003807	0.001515	0.001515
58	2	157285	2	P99	70	0.000755	0.000755	-0.000547	-0.000547
58	2	157285	2	P999	169	0.002414	0.002414	-0.000168	-0.000168
58	3	157456	3	P1	1	-0.000812	-0.000812	0.003055	0.003055
58	3	157456	3	P50	58	0.000891	0.000891	0.000821	0.000821
58	3	157456	3	P75	60	0.003693	0.003693	-0.000114	-0.000115
58	3	157456	3	P90	62	0.000424	0.000424	0.000351	0.000351
58	3	157456	3	P95	63	0.005323	0.005323	0.001507	0.001507
58	3	157456	3	P99	70	0.002199	0.002199	-0.000582	-0.000582
58	3	157456	3	P999	169	0.003698	0.003698	-0.000168	-0.000168
58	4	158055	4	P1	1	-0.001159	-0.001159	0.002448	0.002448
58	4	158055	4	P50	58	0.001003	0.001003	0.000775	0.000775
58	4	158055	4	P75	60	0.003817	0.003817	-0.000148	-0.000148
58	4	158055	4	P90	62	0.000545	0.000545	0.000316	0.000316
58	4	158055	4	P95	63	0.005448	0.005448	0.001475	0.001475
58	4	158055	4	P99	70	0.002195	0.002195	-0.000688	-0.000688
58	4	158055	4	P999	168	0.004785	0.004785	0.000783	0.000783
58	5	162246	5	P1	1	-0.001364	-0.001364	0.002242	0.002242
58	5	162246	5	P50	58	0.000868	0.000868	0.000693	0.000693
58	5	162246	5	P75	60	0.003684	0.003684	-0.000232	-0.000232
58	5	162246	5	P90	62	0.000409	0.000409	0.000239	0.000239
58	5	162246	5	P95	63	0.005374	0.005374	0.001413	0.001413
58	5	162246	5	P99	70	0.002143	0.002143	-0.000660	-0.000660
58	5	162246	5	P999	169	0.003830	0.003830	-0.000168	-0.000168
58	6	162414	6	P1	1	-0.001361	-0.001361	0.002245	0.002245
58	6	162414	6	P50	58	0.000855	0.000855	0.000681	0.000680
58	6	162414	6	P75	60	0.003675	0.003675	-0.000241	-0.000241
58	6	162414	6	P90	62	0.000400	0.000400	0.000230	0.000230
58	6	162414	6	P95	63	0.005366	0.005366	0.001405	0.001405
58	6	162414	6	P99	70	0.002116	0.002116	-0.000678	-0.000678
58	6	162414	6	P999	169	0.003830	0.003830	-0.000168	-0.000168
58	7	163155	7	P1	1	-0.001745	-0.001745	0.001859	0.001859
58	7	163155	7	P50	58	0.000798	0.000798	0.000625	0.000625
58	7	163155	7	P75	60	0.003632	0.003632	-0.000282	-0.000282
58	7	163155	7	P90	62	0.000357	0.000357	0.000187	0.000187
58	7	163155	7	P95	63	0.005326	0.005326	0.001367	0.001367
58	7	163155	7	P99	70	0.001933	0.001933	-0.000797	-0.000797
58	7	163155	7	P999	168	0.004785	0.004785	0.000783	0.000783
59	1	5294	1	P1	37	-0.001439	-0.001439	0.000794	0.000794
59	1	5294	1	P50	111	0.001304	0.001296	-0.000423	-0.000431
59	1	5294	1	P75	115	-0.002609	-0.002609	-0.000607	-0.000607
59	1	5294	1	P90	119	-0.000335	-0.000335	0.001664	0.001664
59	1	5294	1	P95	123	0.000244	0.000244	0.002238	0.002238
59	1	5294	1	P99	147	0.001532	0.001532	0.003492	0.003492
59	1	5294	1	P999	265	-0.000788	-0.000788	0.001049	0.001049
59	2	5378	2	P1	37	-0.001363	-0.001363	0.000870	0.000870
59	2	5378	2	P50	111	0.000957	0.000949	-0.000769	-0.000778
59	2	5378	2	P75	115	-0.002916	-0.002916	-0.000915	-0.000915
59	2	5378	2	P90	119	-0.000607	-0.000607	0.001392	0.001392
59	2	5378	2	P95	123	-0.000061	-0.000061	0.001932	0.001932
59	2	5378	2	P99	146	0.000880	0.000880	0.002840	0.002840
59	2	5378	2	P999	265	-0.000788	-0.000788	0.001049	0.001049
59	3	5611	3	P1	37	-0.001165	-0.001165	0.001099	0.001099
59	3	5611	3	P50	111	0.000953	0.000953	-0.000736	-0.000736
59	3	5611	3	P75	115	-0.002047	-0.002047	-0.000006	-0.000006
59	3	5611	3	P90	121	-0.001520	-0.001520	-0.003222	-0.003222
59	3	5611	3	P95	127	-0.000236	-0.000236	-0.001949	-0.001949
59	3	5611	3	P99	169	-0.000888	-0.000888	0.001079	0.001079
59	3	5611	3	P999	272	-0.000731	-0.000731	0.001143	0.001143
59	4	5615	4	P1	37	-0.000868	-0.000868	0.001099	0.001099
59	4	5615	4	P50	111	0.001325	0.001325	-0.000720	-0.000720
59	4	5615	4	P75	115	-0.001647	-0.001647	0.000038	0.000038
59	4	5615	4	P90	121	-0.000982	-0.000982	-0.003042	-0.003042
59	4	5615	4	P95	127	0.000913	0.000913	-0.001164	-0.001164
59	4	5615	4	P99	170	-0.001426	-0.001426	-0.001705	-0.001705
59	4	5615	4	P999	272	-0.000330	-0.000330	0.001143	0.001143
59	5	5868	5	P1	1	-0.001626	-0.001626	0.000869	0.000869
59	5	5868	5	P50	111	0.000488	0.000480	-0.001758	-0.001767
59	5	5868	5	P75	115	-0.002366	-0.002381	-0.000885	-0.000900
59	5	5868	5	P90	120	-0.001133	-0.001133	0.000340	0.000340
59	5	5868	5	P95	126	0.002792	0.002792	0.000513	0.000513
59	5	5868	5	P99	169	-0.000322	-0.000322	0.001079	0.001079
59	5	5868	5	P999	272	-0.000156	-0.000156	0.001143	0.001143
59	6	5927	6	P1	1	-0.001779	-0.001779	0.000717	0.000717
59	6	5927	6	P50	111	0.000240	0.000240	-0.002005	-0.002005
59	6	5927	6	P75	115	-0.002585	-0.002585	-0.001105	-0.001105
59	6	5927	6	P90	120	-0.001432	-0.001432	0.000041	0.000041
59	6	5927	6	P95	126	0.002405	0.002405	0.000126	0.000126
59	6	5927	6	P99	169	-0.001567	-0.001567	-0.000168	-0.000168
59	6	5927	6	P999	272	-0.000156	-0.000156	0.001143	0.001143
59	7	9174	7	P1	1	-0.001803	-0.001803	0.001009	0.001009
59	7	9174	7	P50	113	-0.003686	-0.003695	-0.001627	-0.001636
59	7	9174	7	P75	275	0.000903	0.000903	-0.000913	-0.000913
59	7	9174	7	P90	301	0.001523	0.001523	-0.000270	-0.000270
59	7	9174	7	P95	317	0.001145	0.001145	-0.000570	-0.000570
59	7	9174	7	P99	347	0.001507	0.001507	0.000120	0.000120
59	7	9174	7	P999	443	0.001203	0.001203	0.003052	0.003052
60	1	138	1	P1	1	-0.002857	-0.002857	0.000107	0.000107
60	1	138	1	P50	1	0.000771	0.000717	0.003745	0.003691
60	1	138	1	P75	10	0.000966	0.000966	0.003631	0.003631
60	1	138	1	P90	11	-0.000948	-0.000948	0.001700	0.001700
60	1	138	1	P95	12	0.001408	0.001408	0.000305	0.000305
60	1	138	1	P99	14	0.001068	0.001068	0.003689	0.003689
60	1	138	1	P999	36	0.002440	0.002440	0.001188	0.001188
60	2	1487	2	P1	1	-0.002915	-0.002915	0.000801	0.000801
60	2	1487	2	P50	37	-0.002455	-0.002455	0.001252	0.001252
60	2	1487	2	P75	38	0.001838	0.001838	0.001809	0.001809
60	2	1487	2	P90	40	-0.002570	-0.002570	-0.002599	-0.002599
60	2	1487	2	P95	41	-0.001057	-0.001057	-0.001086	-0.001086
60	2	1487	2	P99	45	0.001729	0.001729	0.001700	0.001700
60	2	1487	2	P999	98	0.001545	0.001545	0.001514	0.001514
60	3	4795	3	P1	1	-0.002163	-0.002163	0.000470	0.000470
60	3	4795	3	P50	369	-0.000425	-0.000425	-0.000088	-0.000088
60	3	4795	3	P75	398	-0.000719	-0.000719	-0.000371	-0.000371
60	3	4795	3	P90	416	-0.000182	-0.000182	0.000294	0.000294
60	3	4795	3	P95	433	-0.000689	-0.000689	0.000337	0.000337
60	3	4795	3	P99	500	0.000181	0.000181	0.001625	0.001625
60	3	4795	3	P999	653	0.002400	0.002400	0.000050	0.000050
60	4	8737	4	P1	1	-0.002344	-0.002344	0.000288	0.000288
60	4	8737	4	P50	269	0.001786	0.001786	-0.000392	-0.000392
60	4	8737	4	P75	376	-0.000222	-0.000222	0.000315	0.000315
60	4	8737	4	P90	406	-0.000762	-0.000762	-0.001368	-0.001368
60	4	8737	4	P95	418	0.001098	0.001098	0.000706	0.000706
60	4	8737	4	P99	479	0.000895	0.000895	0.001376	0.001376
60	4	8737	4	P999	636	0.002608	0.002608	0.000263	0.000263
60	5	9232	5	P1	1	-0.002418	-0.002418	0.000214	0.000214
60	5	9232	5	P50	268	-0.000017	-0.000039	-0.002172	-0.002193
60	5	9232	5	P75	372	-0.000395	-0.000450	0.000170	0.000060
60	5	9232	5	P90	404	-0.000403	-0.000403	0.000557	0.000557
60	5	9232	5	P95	417	0.000585	0.000585	0.001155	0.001155
60	5	9232	5	P99	477	0.002411	0.002411	0.000122	0.000122
60	5	9232	5	P999	622	0.002434	0.002434	0.000094	0.000094
60	6	11168	6	P1	1	-0.002374	-0.002374	0.000258	0.000258
60	6	11168	6	P50	261	0.002609	0.002573	0.000435	0.000399
60	6	11168	6	P75	332	0.002140	0.001516	0.001324	0.001090
60	6	11168	6	P90	400	-0.000264	-0.000264	-0.000657	-0.000657
60	6	11168	6	P95	413	0.000036	0.000036	0.000778	0.000778
60	6	11168	6	P99	471	0.001983	0.001983	0.001033	0.001033
60	6	11168	6	P999	595	0.001947	0.001947	0.003361	0.003361
60	7	11291	7	P1	1	-0.002372	-0.002372	0.000260	0.000260
60	7	11291	7	P50	261	0.000355	0.000355	-0.001813	-0.001813
60	7	11291	7	P75	329	0.000747	0.000747	-0.000346	-0.000346
60	7	11291	7	P90	400	-0.000765	-0.000765	-0.001138	-0.001138
60	7	11291	7	P95	413	-0.000309	-0.000309	0.000030	0.000030
60	7	11291	7	P99	471	0.001515	0.001515	0.000499	0.000499
60	7	11291	7	P999	595	0.001947	0.001947	0.003361	0.003361
61	1	7181	1	P1	1	-0.003450	-0.003450	0.000484	0.000484
61	1	7181	1	P50	29	-0.002405	-0.002405	-0.002354	-0.002354
61	1	7181	1	P75	56	-0.001211	-0.001211	-0.001190	-0.001190
61	1	7181	1	P90	58	0.002612	0.002612	0.002631	0.002631
61	1	7181	1	P95	60	0.000342	0.000342	0.000360	0.000360
61	1	7181	1	P99	64	-0.001276	-0.001276	-0.001261	-0.001261
61	1	7181	1	P999	94	0.002072	0.002072	0.002070	0.002070
61	2	7226	2	P1	1	-0.003191	-0.003191	0.000454	0.000454
61	2	7226	2	P50	29	-0.002357	-0.002363	-0.002496	-0.002502
61	2	7226	2	P75	56	-0.001133	-0.001133	-0.001282	-0.001282
61	2	7226	2	P90	58	0.002744	0.002744	0.002593	0.002593
61	2	7226	2	P95	60	0.000468	0.000468	0.000318	0.000318
61	2	7226	2	P99	64	-0.001254	-0.001254	-0.001405	-0.001405
61	2	7226	2	P999	94	0.002228	0.002228	0.002070	0.002070
61	3	14101	3	P1	1	-0.001674	-0.001674	0.000884	0.000884
61	3	14101	3	P50	61	-0.001358	-0.001358	0.000357	0.000357
61	3	14101	3	P75	94	-0.002826	-0.002826	-0.001202	-0.001202
61	3	14101	3	P90	108	-0.003333	-0.003333	-0.001738	-0.001738
61	3	14101	3	P95	110	-0.000011	-0.000011	0.001584	0.001584
61	3	14101	3	P99	117	0.000071	0.000071	0.001653	0.001653
61	3	14101	3	P999	209	-0.000379	-0.000379	0.001084	0.001084
61	4	14152	4	P1	1	-0.001743	-0.001743	0.000814	0.000814
61	4	14152	4	P50	61	-0.002300	-0.002338	-0.000587	-0.000625
61	4	14152	4	P75	93	-0.000395	-0.000448	0.001234	0.001182
61	4	14152	4	P90	108	-0.003405	-0.003405	-0.001810	-0.001810
61	4	14152	4	P95	110	-0.000046	-0.000046	0.001549	0.001549
61	4	14152	4	P99	117	0.000071	0.000071	0.001653	0.001653
61	4	14152	4	P999	209	-0.000379	-0.000379	0.001084	0.001084
61	5	14232	5	P1	1	-0.001759	-0.001759	0.000798	0.000798
61	5	14232	5	P50	61	-0.003806	-0.003844	-0.002095	-0.002133
61	5	14232	5	P75	93	-0.001447	-0.001500	0.000181	0.000128
61	5	14232	5	P90	108	-0.003520	-0.003520	-0.001926	-0.001926
61	5	14232	5	P95	110	-0.000115	-0.000115	0.001480	0.001480
61	5	14232	5	P99	117	-0.000137	-0.000137	0.001445	0.001445
61	5	14232	5	P999	209	-0.000379	-0.000379	0.001084	0.001084
61	6	14363	6	P1	1	-0.001874	-0.001874	0.000682	0.000682
61	6	14363	6	P50	60	-0.000233	-0.000233	0.001487	0.001487
61	6	14363	6	P75	93	-0.003181	-0.003181	-0.001556	-0.001556
61	6	14363	6	P90	108	-0.003707	-0.003707	-0.002113	-0.002113
61	6	14363	6	P95	110	-0.000236	-0.000236	0.001359	0.001359
61	6	14363	6	P99	117	-0.000345	-0.000345	0.001237	0.001237
61	6	14363	6	P999	209	-0.000379	-0.000379	0.001084	0.001084
61	7	14449	7	P1	1	-0.002883	-0.002883	0.000687	0.000687
61	7	14449	7	P50	60	-0.001057	-0.001057	0.002402	0.002402
61	7	14449	7	P75	94	-0.004713	-0.004713	-0.001288	-0.001288
61	7	14449	7	P90	108	-0.004463	-0.004463	-0.001050	-0.001050
61	7	14449	7	P95	111	-0.002414	-0.002414	-0.002712	-0.002712
61	7	14449	7	P99	118	0.002999	0.002999	0.002698	0.002698
61	7	14449	7	P999	209	0.001402	0.001402	0.001084	0.001084
62	1	839	1	P1	1	-0.001810	-0.001810	0.000716	0.000716
62	1	839	1	P50	22	0.001769	0.001769	-0.000094	-0.000094
62	1	839	1	P75	23	-0.001830	-0.001830	0.000036	0.000036
62	1	839	1	P90	24	0.000683	0.000683	0.002545	0.002545
62	1	839	1	P95	25	0.000294	0.000294	0.002146	0.002146
62	1	839	1	P99	29	0.001595	0.001595	-0.000326	-0.000326
62	1	839	1	P999	66	0.002698	0.002698	0.000602	0.000602
62	2	1174	2	P1	1	-0.002407	-0.002407	0.000118	0.000118
62	2	1174	2	P50	22	-0.000643	-0.000657	-0.002501	-0.002515
62	2	1174	2	P75	23	-0.003235	-0.003235	-0.001371	-0.001371
62	2	1174	2	P90	24	-0.000588	-0.000588	0.001271	0.001271
62	2	1174	2	P95	25	-0.001150	-0.001150	0.000700	0.000700
62	2	1174	2	P99	28	0.000232	0.000232	0.002060	0.002060
62	2	1174	2	P999	55	0.001819	0.001819	0.003507	0.003507
62	3	4885	3	P1	1	-0.003289	-0.003289	0.000292	0.000292
62	3	4885	3	P50	233	-0.000513	-0.000513	-0.000809	-0.000809
62	3	4885	3	P75	240	0.001775	0.001775	0.001477	0.001477
62	3	4885	3	P90	250	0.001498	0.001498	0.001199	0.001199
62	3	4885	3	P95	270	0.001348	0.001348	0.001047	0.001047
62	3	4885	3	P99	322	0.000906	0.000906	0.000601	0.000601
62	3	4885	3	P999	437	0.002047	0.002047	0.001734	0.001734
62	4	4936	4	P1	1	-0.003305	-0.003305	0.000275	0.000275
62	4	4936	4	P50	232	0.003119	0.003092	0.002822	0.002795
62	4	4936	4	P75	240	0.001489	0.001465	0.001191	0.001168
62	4	4936	4	P90	250	0.000894	0.000894	0.000596	0.000596
62	4	4936	4	P95	270	0.000599	0.000599	0.000299	0.000299
62	4	4936	4	P99	322	-0.000963	-0.000963	-0.000333	-0.000333
62	4	4936	4	P999	437	0.002047	0.002047	0.001734	0.001734
62	5	5150	5	P1	1	-0.003334	-0.003334	0.000247	0.000247
62	5	5150	5	P50	232	0.000297	0.000271	0.000001	-0.000025
62	5	5150	5	P75	240	0.000202	0.000202	-0.000095	-0.000095
62	5	5150	5	P90	249	-0.001133	-0.001234	0.002309	0.002207
62	5	5150	5	P95	269	-0.000083	-0.000083	-0.000383	-0.000383
62	5	5150	5	P99	321	-0.001589	-0.001589	0.000908	0.000908
62	5	5150	5	P999	431	0.000919	0.000919	0.000606	0.000606
62	6	5467	6	P1	1	-0.003319	-0.003319	0.000261	0.000261
62	6	5467	6	P50	230	-0.000508	-0.000508	-0.000804	-0.000804
62	6	5467	6	P75	239	-0.001248	-0.001248	0.002194	0.002194
62	6	5467	6	P90	248	-0.000290	-0.000290	-0.000588	-0.000588
62	6	5467	6	P95	267	-0.000356	-0.000356	-0.000655	-0.000655
62	6	5467	6	P99	318	0.002194	0.002194	0.001889	0.001889
62	6	5467	6	P999	431	0.000919	0.000919	0.000606	0.000606
62	7	6020	7	P1	1	-0.003291	-0.003291	0.000289	0.000289
62	7	6020	7	P50	226	0.000188	0.000112	-0.000107	-0.000184
62	7	6020	7	P75	238	-0.000317	-0.000339	-0.000613	-0.000636
62	7	6020	7	P90	247	-0.001082	-0.001162	-0.001380	-0.001459
62	7	6020	7	P95	264	-0.000308	-0.000648	-0.000607	-0.000947
62	7	6020	7	P99	315	-0.001412	-0.001412	-0.001093	-0.001093
62	7	6020	7	P999	428	0.000427	0.000427	0.000115	0.000115
63	1	1627	1	P1	1	-0.002753	-0.002753	0.000074	0.000074
63	1	1627	1	P50	1	0.000697	0.000697	0.003532	0.003532
63	1	1627	1	P75	20	-0.003450	-0.003450	-0.001098	-0.001098
63	1	1627	1	P90	21	-0.003326	-0.003326	-0.000982	-0.000982
63	1	1627	1	P95	21	-0.000502	-0.000502	0.001849	0.001849
63	1	1627	1	P99	24	-0.000621	-0.000621	0.001708	0.001708
63	1	1627	1	P999	143	0.002866	0.002866	0.001171	0.001171
63	2	3247	2	P1	1	-0.002683	-0.002683	0.000143	0.000143
63	2	3247	2	P50	12	0.000413	0.000413	-0.000887	-0.000887
63	2	3247	2	P75	14	0.000970	0.000970	0.003388	0.003388
63	2	3247	2	P90	20	-0.002183	-0.002183	0.000158	0.000158
63	2	3247	2	P95	21	-0.003222	-0.003222	-0.000886	-0.000886
63	2	3247	2	P99	23	-0.000610	-0.000610	-0.002011	-0.002011
63	2	3247	2	P999	55	0.001305	0.001305	0.003507	0.003507
63	3	6198	3	P1	1	-0.002594	-0.002594	0.000233	0.000233
63	3	6198	3	P50	12	0.001063	0.001061	-0.000238	-0.000240
63	3	6198	3	P75	13	0.003857	0.003857	0.002539	0.002539
63	3	6198	3	P90	19	0.000102	0.000102	-0.001271	-0.001271
63	3	6198	3	P95	20	-0.001819	-0.001819	0.000520	0.000520
63	3	6198	3	P99	22	0.000297	0.000297	-0.001099	-0.001099
63	3	6198	3	P999	64	0.003039	0.003039	0.001471	0.001471
63	4	6609	4	P1	1	-0.002648	-0.002648	0.000178	0.000178
63	4	6609	4	P50	12	0.000647	0.000647	-0.000653	-0.000653
63	4	6609	4	P75	13	0.003527	0.003527	0.002209	0.002209
63	4	6609	4	P90	19	-0.000492	-0.000492	-0.001864	-0.001864
63	4	6609	4	P95	20	-0.002125	-0.002125	0.000216	0.000216
63	4	6609	4	P99	22	-0.000101	-0.000101	-0.001496	-0.001496
63	4	6609	4	P999	64	0.003039	0.003039	0.001471	0.001471
63	5	6642	5	P1	1	-0.002652	-0.002652	0.000174	0.000174
63	5	6642	5	P50	12	0.000615	0.000613	-0.000685	-0.000687
63	5	6642	5	P75	13	0.003501	0.003501	0.002184	0.002184
63	5	6642	5	P90	19	-0.000550	-0.000550	-0.001921	-0.001921
63	5	6642	5	P95	20	-0.002154	-0.002154	0.000187	0.000187
63	5	6642	5	P99	22	-0.000101	-0.000101	-0.001496	-0.001496
63	5	6642	5	P999	64	0.003039	0.003039	0.001471	0.001471
63	6	32880	6	P1	1	-0.002256	-0.002256	0.000758	0.000758
63	6	32880	6	P50	1001	-0.001805	-0.001805	0.000379	0.000379
63	6	32880	6	P75	1001	-0.000474	-0.000474	0.001561	0.001560
63	6	32880	6	P90	1002	-0.000674	-0.000674	0.001270	0.001270
63	6	32880	6	P95	1002	0.001058	0.001057	0.001506	0.001506
63	6	32880	6	P99	1002	0.002713	0.002713	0.001696	0.001696
63	6	32880	6	P999	1002	0.003086	0.003086	0.001738	0.001738
63	7	32883	7	P1	1	-0.002258	-0.002258	0.000757	0.000757
63	7	32883	7	P50	1001	-0.001805	-0.001805	0.000379	0.000379
63	7	32883	7	P75	1001	-0.000474	-0.000474	0.001560	0.001560
63	7	32883	7	P90	1002	-0.000674	-0.000674	0.001270	0.001270
63	7	32883	7	P95	1002	0.001057	0.001057	0.001506	0.001506
63	7	32883	7	P99	1002	0.002713	0.002713	0.001696	0.001696
63	7	32883	7	P999	1002	0.003086	0.003086	0.001738	0.001738
64	1	211	1	P1	13	-0.000060	-0.000060	0.003036	0.003036
64	1	211	1	P50	454	0.002180	0.002180	0.000948	0.000948
64	1	211	1	P75	487	-0.000695	-0.000695	0.001804	0.001804
64	1	211	1	P90	928	0.001312	0.001312	0.003709	0.003709
64	1	211	1	P95	960	-0.000812	-0.000812	0.001575	0.001575
64	1	211	1	P99	987	-0.000510	-0.000510	0.001873	0.001873
64	1	211	1	P999	1142	-0.000572	-0.000572	0.001787	0.001787
64	2	213	2	P1	4	-0.000499	-0.000499	-0.001378	-0.001378
64	2	213	2	P50	454	0.001165	0.001165	0.000481	0.000481
64	2	213	2	P75	485	-0.000088	-0.000088	0.002182	0.002182
64	2	213	2	P90	928	0.001516	0.001516	0.003709	0.003709
64	2	213	2	P95	960	-0.000610	-0.000610	0.001575	0.001575
64	2	213	2	P99	987	-0.000308	-0.000308	0.001873	0.001873
64	2	213	2	P999	1142	-0.000376	-0.000376	0.001787	0.001787
64	3	216	3	P1	4	-0.000499	-0.000499	-0.001378	-0.001378
64	3	216	3	P50	454	-0.000081	-0.001327	0.000013	-0.000454
64	3	216	3	P75	485	-0.000088	-0.001333	0.002182	-0.001557
64	3	216	3	P90	928	0.001516	0.001516	0.003709	0.003709
64	3	216	3	P95	960	-0.000610	-0.000610	0.001575	0.001575
64	3	216	3	P99	987	-0.000308	-0.000308	0.001873	0.001873
64	3	216	3	P999	1142	-0.000376	-0.000376	0.001787	0.001787
64	4	219	4	P1	4	-0.000499	-0.000499	-0.001378	-0.001378
64	4	219	4	P50	453	0.000130	0.000130	0.001285	0.001285
64	4	219	4	P75	484	0.000731	0.000731	0.000506	0.000506
64	4	219	4	P90	928	0.001516	0.001516	0.003709	0.003709
64	4	219	4	P95	960	-0.000610	-0.000610	0.001575	0.001575
64	4	219	4	P99	987	-0.000308	-0.000308	0.001873	0.001873
64	4	219	4	P999	1142	-0.000376	-0.000376	0.001787	0.001787
64	5	222	5	P1	1	-0.000786	-0.000786	0.002245	0.002245
64	5	222	5	P50	453	-0.000618	-0.001365	0.000817	0.000350
64	5	222	5	P75	484	-0.000516	-0.000516	-0.001362	-0.001362
64	5	222	5	P90	928	-0.000354	-0.000354	0.001835	0.001835
64	5	222	5	P95	956	0.001698	0.001698	0.000142	0.000142
64	5	222	5	P99	987	-0.000308	-0.000308	0.001873	0.001873
64	5	222	5	P999	1142	-0.000376	-0.000376	0.001787	0.001787
64	6	241	6	P1	1	-0.000786	-0.000786	0.002245	0.002245
64	6	241	6	P50	450	-0.001200	-0.001200	-0.000482	-0.000482
64	6	241	6	P75	477	0.001592	0.001592	0.000122	0.000122
64	6	241	6	P90	919	0.000046	0.000046	0.000365	0.000365
64	6	241	6	P95	956	0.000762	0.000762	-0.000792	-0.000792
64	6	241	6	P99	987	-0.000308	-0.000308	0.001873	0.001873
64	6	241	6	P999	1142	-0.000376	-0.000376	0.001787	0.001787
64	7	243	7	P1	1	-0.001426	-0.001426	0.001603	0.001603
64	7	243	7	P50	449	-0.000222	-0.000222	0.000809	0.000809
64	7	243	7	P75	477	0.001592	0.001592	0.000122	0.000122
64	7	243	7	P90	919	0.000046	0.000046	0.000365	0.000365
64	7	243	7	P95	956	0.000762	0.000762	-0.000792	-0.000792
64	7	243	7	P99	987	-0.000308	-0.000308	0.001873	0.001873
64	7	243	7	P999	1142	-0.000376	-0.000376	0.001787	0.001787
65	1	34	1	P1	1	-0.003114	-0.003114	0.000249	0.000249
65	1	34	1	P50	15	0.001584	0.000649	0.001039	0.000104
65	1	34	1	P75	16	0.000407	0.000407	-0.000142	-0.000142
65	1	34	1	P90	17	-0.001153	-0.001153	-0.001705	-0.001705
65	1	34	1	P95	17	0.000715	0.000715	0.000162	0.000162
65	1	34	1	P99	18	-0.000370	-0.000370	0.002815	0.002815
65	1	34	1	P999	18	-0.000370	-0.000370	0.002815	0.002815
65	2	44	2	P1	1	-0.002113	-0.002113	0.000249	0.000249
65	2	44	2	P50	16	0.000773	0.000399	-0.001262	-0.001636
65	2	44	2	P75	18	0.001138	-0.053463	0.002815	-0.055402
65	2	44	2	P90	31	-0.000344	-0.000344	0.001201	0.001201
65	2	44	2	P95	32	0.000311	0.000311	0.001849	0.001849
65	2	44	2	P99	33	0.000696	0.000696	0.002228	0.002228
65	2	44	2	P999	33	0.000696	0.000696	0.002228	0.002228
65	3	424	3	P1	1	-0.002315	-0.002315	0.000048	0.000048
65	3	424	3	P50	1	-0.000338	-0.000348	0.002028	0.002018
65	3	424	3	P75	1	0.000670	0.000661	0.003039	0.003029
65	3	424	3	P90	1	0.001270	0.001270	0.003640	0.003640
65	3	424	3	P95	16	0.000773	0.000773	-0.001262	-0.001262
65	3	424	3	P99	31	-0.000344	-0.000344	0.001201	0.001201
65	3	424	3	P999	33	0.000696	0.000696	0.002228	0.002228
65	4	437	4	P1	1	-0.002316	-0.002316	0.000046	0.000046
65	4	437	4	P50	1	-0.000343	-0.000343	0.002023	0.002023
65	4	437	4	P75	1	0.000663	0.000663	0.003032	0.003032
65	4	437	4	P90	1	0.001273	0.001273	0.003643	0.003643
65	4	437	4	P95	16	0.000773	0.000773	-0.001262	-0.001262
65	4	437	4	P99	31	-0.000344	-0.000344	0.001201	0.001201
65	4	437	4	P999	33	0.000696	0.000696	0.002228	0.002228
65	5	1518	5	P1	1	-0.002310	-0.002310	0.000052	0.000052
65	5	1518	5	P50	1	0.000098	0.000094	0.002465	0.002462
65	5	1518	5	P75	1	0.001326	0.001326	0.003696	0.003696
65	5	1518	5	P90	2	0.002504	0.002504	0.000961	0.000961
65	5	1518	5	P95	2	0.003429	0.003429	0.001885	0.001885
65	5	1518	5	P99	16	0.003020	0.003020	0.000980	0.000980
65	5	1518	5	P999	32	0.001558	0.001558	0.003098	0.003098
65	6	2352	6	P1	1	-0.002317	-0.002317	0.000045	0.000045
65	6	2352	6	P50	1	-0.000149	-0.000151	0.002218	0.002216
65	6	2352	6	P75	1	0.000958	0.000957	0.003328	0.003326
65	6	2352	6	P90	2	0.001496	0.001496	-0.000044	-0.000044
65	6	2352	6	P95	2	0.002922	0.002922	0.001379	0.001379
65	6	2352	6	P99	16	0.000025	0.000025	-0.002009	-0.002009
65	6	2352	6	P999	32	0.000311	0.000311	0.001849	0.001849
65	7	5126	7	P1	1	-0.002321	-0.002321	0.000041	0.000041
65	7	5126	7	P50	1	-0.000341	-0.000342	0.002025	0.002025
65	7	5126	7	P75	1	0.000670	0.000670	0.003039	0.003039
65	7	5126	7	P90	1	0.001278	0.001278	0.003648	0.003648
65	7	5126	7	P95	2	0.001414	0.001414	-0.000127	-0.000127
65	7	5126	7	P99	3	-0.000890	-0.000890	-0.002523	-0.002523
65	7	5126	7	P999	31	-0.002211	-0.002211	-0.000668	-0.000668
66	1	1406	0	P1	1	-0.003619	-0.003619	0.000112	0.000112
66	1	1406	0	P50	21	-0.001726	-0.001741	-0.001726	-0.001741
66	1	1406	0	P75	22	-0.001691	-0.001691	-0.001691	-0.001691
66	1	1406	0	P90	23	-0.000702	-0.000702	-0.000702	-0.000702
66	1	1406	0	P95	24	0.000563	0.000563	0.000563	0.000563
66	1	1406	0	P99	25	0.002691	0.002691	0.002691	0.002691
66	1	1406	0	P999	29	0.000609	0.000609	0.000609	0.000609
66	2	1412	0	P1	1	-0.003621	-0.003621	0.000111	0.000111
66	2	1412	0	P50	21	-0.001772	-0.001788	-0.001772	-0.001788
66	2	1412	0	P75	22	-0.001707	-0.001722	-0.001707	-0.001722
66	2	1412	0	P90	23	-0.000731	-0.000731	-0.000731	-0.000731
66	2	1412	0	P95	24	0.000563	0.000563	0.000563	0.000563
66	2	1412	0	P99	25	0.002691	0.002691	0.002691	0.002691
66	2	1412	0	P999	29	0.000609	0.000609	0.000609	0.000609
66	3	1431	0	P1	1	-0.003625	-0.003625	0.000107	0.000107
66	3	1431	0	P50	20	0.001948	0.001948	0.001948	0.001948
66	3	1431	0	P75	22	-0.001783	-0.001783	-0.001783	-0.001783
66	3	1431	0	P90	23	-0.000787	-0.000787	-0.000787	-0.000787
66	3	1431	0	P95	24	0.000502	0.000502	0.000502	0.000502
66	3	1431	0	P99	25	0.002691	0.002691	0.002691	0.002691
66	3	1431	0	P999	29	0.000609	0.000609	0.000609	0.000609
66	4	1434	1	P1	1	-0.002582	-0.002582	0.000107	0.000107
66	4	1434	1	P50	20	0.003592	0.003568	0.001996	0.001972
66	4	1434	1	P75	22	-0.000146	-0.000146	-0.001753	-0.001753
66	4	1434	1	P90	23	0.000914	0.000914	-0.000702	-0.000702
66	4	1434	1	P95	24	0.002312	0.002312	0.000685	0.000685
66	4	1434	1	P99	25	0.004892	0.004892	0.003253	0.003253
66	4	1434	1	P999	29	0.002270	0.002270	0.000609	0.000609
66	5	1440	2	P1	1	-0.002583	-0.002583	0.000105	0.000105
66	5	1440	2	P50	20	0.003520	0.003496	0.001924	0.001900
66	5	1440	2	P75	22	-0.000161	-0.000177	-0.001768	-0.001783
66	5	1440	2	P90	23	0.000914	0.000886	-0.000702	-0.000731
66	5	1440	2	P95	24	0.002312	0.002251	0.000685	0.000624
66	5	1440	2	P99	25	0.004892	0.004892	0.003253	0.003253
66	5	1440	2	P999	29	0.002270	0.002270	0.000609	0.000609
66	6	1443	3	P1	1	-0.002584	-0.002584	0.000105	0.000105
66	6	1443	3	P50	20	0.003472	0.003472	0.001876	0.001876
66	6	1443	3	P75	22	-0.000177	-0.000177	-0.001783	-0.001783
66	6	1443	3	P90	23	0.000886	0.000886	-0.000731	-0.000731
66	6	1443	3	P95	24	0.002251	0.002251	0.000624	0.000624
66	6	1443	3	P99	25	0.004892	0.004892	0.003253	0.003253
66	6	1443	3	P999	29	0.002270	0.002270	0.000609	0.000609
66	7	1446	4	P1	1	-0.002420	-0.002420	0.000105	0.000105
66	7	1446	4	P50	20	0.003771	0.003747	0.001924	0.001900
66	7	1446	4	P75	22	0.000107	0.000107	-0.001753	-0.001753
66	7	1446	4	P90	23	0.001225	0.001225	-0.000646	-0.000646
66	7	1446	4	P95	24	0.002691	0.002691	0.000808	0.000808
66	7	1446	4	P99	26	0.001810	0.001810	-0.000088	-0.000088
66	7	1446	4	P999	32	0.001296	0.001296	0.003098	0.003098
67	1	77	0	P1	1	-0.003682	-0.003682	0.000049	0.000049
67	1	77	0	P50	1	-0.001818	-0.001818	0.001920	0.001920
67	1	77	0	P75	1	-0.000885	-0.000885	0.002857	0.002857
67	1	77	0	P90	1	-0.000295	-0.000295	0.003449	0.003449
67	1	77	0	P95	1	-0.000098	-0.000098	0.003646	0.003646
67	1	77	0	P99	2	0.002116	0.002116	0.002116	0.002116
67	1	77	0	P999	2	0.002116	0.002116	0.002116	0.002116
67	2	2147	0	P1	1	-0.003693	-0.003693	0.000038	0.000038
67	2	2147	0	P50	1	-0.001861	-0.001861	0.001877	0.001877
67	2	2147	0	P75	1	-0.000925	-0.000925	0.002817	0.002817
67	2	2147	0	P90	1	-0.000363	-0.000363	0.003381	0.003381
67	2	2147	0	P95	1	-0.000176	-0.000176	0.003568	0.003568
67	2	2147	0	P99	1	-0.000026	-0.000026	0.003719	0.003719
67	2	2147	0	P999	2	0.001367	0.001367	0.001367	0.001367
67	3	2427	0	P1	1	-0.003693	-0.003693	0.000039	0.000039
67	3	2427	0	P50	1	-0.001861	-0.001861	0.001877	0.001877
67	3	2427	0	P75	1	-0.000925	-0.000925	0.002817	0.002817
67	3	2427	0	P90	1	-0.000363	-0.000363	0.003381	0.003381
67	3	2427	0	P95	1	-0.000176	-0.000176	0.003568	0.003568
67	3	2427	0	P99	1	-0.000026	-0.000026	0.003719	0.003719
67	3	2427	0	P999	2	0.001492	0.001492	0.001492	0.001492
67	4	2430	1	P1	1	-0.002650	-0.002650	0.000039	0.000039
67	4	2430	1	P50	1	-0.000813	-0.000815	0.001880	0.001878
67	4	2430	1	P75	1	0.000124	0.000124	0.002820	0.002820
67	4	2430	1	P90	1	0.000688	0.000687	0.003385	0.003384
67	4	2430	1	P95	1	0.000875	0.000875	0.003573	0.003573
67	4	2430	1	P99	1	0.001025	0.001025	0.003723	0.003723
67	4	2430	1	P999	27	-0.001046	-0.001046	0.001047	0.001047
67	5	2435	2	P1	1	-0.002650	-0.002650	0.000039	0.000039
67	5	2435	2	P50	1	-0.000814	-0.000814	0.001879	0.001879
67	5	2435	2	P75	1	0.000125	0.000125	0.002820	0.002820
67	5	2435	2	P90	1	0.000687	0.000687	0.003385	0.003385
67	5	2435	2	P95	1	0.000876	0.000876	0.003573	0.003573
67	5	2435	2	P99	1	0.001025	0.001025	0.003723	0.003723
67	5	2435	2	P999	27	-0.001046	-0.001046	0.001047	0.001047
67	6	2438	3	P1	1	-0.002650	-0.002650	0.000038	0.000038
67	6	2438	3	P50	1	-0.000813	-0.000815	0.001880	0.001878
67	6	2438	3	P75	1	0.000124	0.000124	0.002820	0.002820
67	6	2438	3	P90	1	0.000688	0.000688	0.003385	0.003385
67	6	2438	3	P95	1	0.000876	0.000876	0.003573	0.003573
67	6	2438	3	P99	1	0.001025	0.001025	0.003723	0.003723
67	6	2438	3	P999	27	-0.001046	-0.001046	0.001047	0.001047
67	7	2441	4	P1	1	-0.002486	-0.002486	0.000038	0.000038
67	7	2441	4	P50	1	-0.000648	-0.000648	0.001882	0.001882
67	7	2441	4	P75	1	0.000292	0.000292	0.002823	0.002823
67	7	2441	4	P90	1	0.000855	0.000855	0.003388	0.003388
67	7	2441	4	P95	1	0.001044	0.001044	0.003577	0.003577
67	7	2441	4	P99	1	0.001195	0.001195	0.003728	0.003728
67	7	2441	4	P999	29	-0.003075	-0.003075	-0.001260	-0.001260
68	1	182	1	P1	1	-0.002647	-0.002647	0.000042	0.000042
68	1	182	1	P50	1	-0.000781	-0.000802	0.001912	0.001892
68	1	182	1	P75	1	0.000153	0.000153	0.002849	0.002849
68	1	182	1	P90	1	0.000714	0.000714	0.003412	0.003412
68	1	182	1	P95	1	0.000901	0.000901	0.003599	0.003599
68	1	182	1	P99	27	-0.001046	-0.001046	0.001047	0.001047
68	1	182	1	P999	28	-0.000028	-0.000028	0.002060	0.002060
68	2	185	2	P1	1	-0.002648	-0.002648	0.000041	0.000041
68	2	185	2	P50	1	-0.000792	-0.000792	0.001901	0.001901
68	2	185	2	P75	1	0.000148	0.000148	0.002843	0.002843
68	2	185	2	P90	1	0.000720	0.000720	0.003417	0.003417
68	2	185	2	P95	1	0.000904	0.000904	0.003601	0.003601
68	2	185	2	P99	27	-0.001046	-0.001046	0.001047	0.001047
68	2	185	2	P999	28	-0.000028	-0.000028	0.002060	0.002060
68	3	187	3	P1	1	-0.002648	-0.002648	0.000040	0.000040
68	3	187	3	P50	1	-0.000792	-0.000792	0.001901	0.001901
68	3	187	3	P75	1	0.000157	0.000157	0.002853	0.002853
68	3	187	3	P90	1	0.000723	0.000723	0.003421	0.003421
68	3	187	3	P95	1	0.000905	0.000905	0.003603	0.003603
68	3	187	3	P99	27	-0.001046	-0.001046	0.001047	0.001047
68	3	187	3	P999	28	-0.000028	-0.000028	0.002060	0.002060
68	4	191	4	P1	1	-0.003042	-0.003042	0.000040	0.000040
68	4	191	4	P50	1	-0.001146	-0.001146	0.001942	0.001942
68	4	191	4	P75	1	-0.000177	-0.000177	0.002914	0.002914
68	4	191	4	P90	1	0.000389	0.000389	0.003481	0.003481
68	4	191	4	P95	1	0.000591	0.000591	0.003684	0.003684
68	4	191	4	P99	29	0.001643	0.001643	0.000609	0.000609
68	4	191	4	P999	30	0.001386	0.001386	0.000349	0.000349
68	5	205	5	P1	1	-0.003026	-0.003026	0.000056	0.000056
68	5	205	5	P50	1	-0.001151	-0.001151	0.001937	0.001937
68	5	205	5	P75	1	-0.000194	-0.000194	0.002897	0.002897
68	5	205	5	P90	1	0.000388	0.000388	0.003481	0.003481
68	5	205	5	P95	1	0.000576	0.000576	0.003670	0.003670
68	5	205	5	P99	28	-0.000651	-0.000651	0.002060	0.002060
68	5	205	5	P999	30	0.001386	0.001386	0.000349	0.000349
68	6	207	6	P1	1	-0.003027	-0.003027	0.000056	0.000056
68	6	207	6	P50	1	-0.001152	-0.001152	0.001936	0.001936
68	6	207	6	P75	1	-0.000186	-0.000186	0.002905	0.002905
68	6	207	6	P90	1	0.000391	0.000391	0.003484	0.003484
68	6	207	6	P95	1	0.000577	0.000577	0.003670	0.003670
68	6	207	6	P99	28	-0.000651	-0.000651	0.002060	0.002060
68	6	207	6	P999	30	0.001386	0.001386	0.000349	0.000349
68	7	5434	7	P1	1	-0.003044	-0.003044	0.000038	0.000038
68	7	5434	7	P50	1	-0.001210	-0.001211	0.001878	0.001877
68	7	5434	7	P75	1	-0.000273	-0.000273	0.002818	0.002818
68	7	5434	7	P90	1	0.000290	0.000290	0.003382	0.003382
68	7	5434	7	P95	1	0.000478	0.000478	0.003570	0.003570
68	7	5434	7	P99	1	0.000627	0.000627	0.003721	0.003721
68	7	5434	7	P999	27	-0.001666	-0.001666	0.001047	0.001047
69	1	1554	1	P1	1	-0.002649	-0.002649	0.000039	0.000039
69	1	1554	1	P50	1	-0.000774	-0.000777	0.001919	0.001916
69	1	1554	1	P75	1	0.000181	0.000181	0.002877	0.002877
69	1	1554	1	P90	1	0.000756	0.000756	0.003453	0.003453
69	1	1554	1	P95	1	0.000948	0.000948	0.003646	0.003646
69	1	1554	1	P99	27	-0.002166	-0.002166	-0.000075	-0.000075
69	1	1554	1	P999	30	0.002016	0.002016	0.000349	0.000349
69	2	1602	2	P1	1	-0.002648	-0.002648	0.000041	0.000041
69	2	1602	2	P50	1	-0.000775	-0.000777	0.001919	0.001916
69	2	1602	2	P75	1	0.000181	0.000181	0.002877	0.002877
69	2	1602	2	P90	1	0.000755	0.000755	0.003452	0.003452
69	2	1602	2	P95	1	0.000947	0.000947	0.003644	0.003644
69	2	1602	2	P99	27	-0.002539	-0.002539	-0.000449	-0.000449
69	2	1602	2	P999	30	0.002016	0.002016	0.000349	0.000349
69	3	1630	3	P1	1	-0.002648	-0.002648	0.000040	0.000040
69	3	1630	3	P50	1	-0.000763	-0.000766	0.001930	0.001928
69	3	1630	3	P75	1	0.000198	0.000198	0.002894	0.002894
69	3	1630	3	P90	1	0.000777	0.000775	0.003475	0.003472
69	3	1630	3	P95	1	0.000969	0.000969	0.003667	0.003667
69	3	1630	3	P99	27	-0.002539	-0.002539	-0.000449	-0.000449
69	3	1630	3	P999	30	0.002016	0.002016	0.000349	0.000349
69	4	1683	4	P1	1	-0.003042	-0.003042	0.000040	0.000040
69	4	1683	4	P50	1	-0.001097	-0.001097	0.001991	0.001991
69	4	1683	4	P75	1	-0.000102	-0.000102	0.002989	0.002989
69	4	1683	4	P90	1	0.000493	0.000493	0.003586	0.003586
69	4	1683	4	P95	2	0.002848	0.002848	0.002116	0.002116
69	4	1683	4	P99	30	-0.000751	-0.000751	-0.001786	-0.001786
69	4	1683	4	P999	33	-0.000465	-0.000465	0.002228	0.002228
69	5	3610	5	P1	1	-0.003043	-0.003043	0.000039	0.000039
69	5	3610	5	P50	1	-0.001160	-0.001161	0.001928	0.001927
69	5	3610	5	P75	1	-0.000199	-0.000199	0.002892	0.002892
69	5	3610	5	P90	1	0.000379	0.000378	0.003472	0.003471
69	5	3610	5	P95	1	0.000572	0.000572	0.003665	0.003665
69	5	3610	5	P99	28	-0.001226	-0.001226	0.001484	0.001484
69	5	3610	5	P999	32	-0.001469	-0.001469	0.001225	0.001225
69	6	3619	6	P1	1	-0.003043	-0.003043	0.000039	0.000039
69	6	3619	6	P50	1	-0.001156	-0.001156	0.001932	0.001932
69	6	3619	6	P75	1	-0.000191	-0.000191	0.002900	0.002900
69	6	3619	6	P90	1	0.000388	0.000388	0.003481	0.003481
69	6	3619	6	P95	1	0.000581	0.000581	0.003674	0.003674
69	6	3619	6	P99	28	-0.001133	-0.001133	0.001577	0.001577
69	6	3619	6	P999	32	-0.001469	-0.001469	0.001225	0.001225
69	7	3631	7	P1	1	-0.003043	-0.003043	0.000039	0.000039
69	7	3631	7	P50	1	-0.001156	-0.001156	0.001932	0.001932
69	7	3631	7	P75	1	-0.000192	-0.000192	0.002899	0.002899
69	7	3631	7	P90	1	0.000387	0.000387	0.003479	0.003479
69	7	3631	7	P95	1	0.000580	0.000580	0.003673	0.003673
69	7	3631	7	P99	28	-0.001133	-0.001133	0.001577	0.001577
69	7	3631	7	P999	32	-0.001469	-0.001469	0.001225	0.001225
70	1	18	1	P1	1	-0.002156	-0.002156	0.000534	0.000534
70	1	18	1	P50	27	-0.001046	-0.925682	0.001047	-0.925769
70	1	18	1	P75	29	-0.000536	-0.000536	-0.002192	-0.002192
70	1	18	1	P90	29	0.002270	0.002270	0.000609	0.000609
70	1	18	1	P95	30	0.002016	0.002016	0.000349	0.000349
70	1	18	1	P99	30	0.002016	0.002016	0.000349	0.000349
70	1	18	1	P999	30	0.002016	0.002016	0.000349	0.000349
70	2	285	2	P1	1	-0.002648	-0.002648	0.000041	0.000041
70	2	285	2	P50	1	-0.000741	-0.000741	0.001953	0.001953
70	2	285	2	P75	1	0.000228	0.000228	0.002924	0.002924
70	2	285	2	P90	1	0.000815	0.000815	0.003512	0.003512
70	2	285	2	P95	1	0.001006	0.001006	0.003704	0.003704
70	2	285	2	P99	29	0.001334	0.001334	-0.000326	-0.000326
70	2	285	2	P999	30	0.002016	0.002016	0.000349	0.000349
70	3	2709	3	P1	1	-0.002650	-0.002650	0.000039	0.000039
70	3	2709	3	P50	1	-0.000813	-0.000813	0.001880	0.001880
70	3	2709	3	P75	1	0.000126	0.000126	0.002821	0.002821
70	3	2709	3	P90	1	0.000690	0.000690	0.003387	0.003387
70	3	2709	3	P95	1	0.000878	0.000878	0.003575	0.003575
70	3	2709	3	P99	1	0.001028	0.001028	0.003725	0.003725
70	3	2709	3	P999	29	0.001334	0.001334	-0.000326	-0.000326
70	4	2717	4	P1	1	-0.002650	-0.002650	0.000039	0.000039
70	4	2717	4	P50	1	-0.000813	-0.000813	0.001880	0.001880
70	4	2717	4	P75	1	0.000126	0.000126	0.002821	0.002821
70	4	2717	4	P90	1	0.000690	0.000690	0.003387	0.003387
70	4	2717	4	P95	1	0.000878	0.000878	0.003576	0.003576
70	4	2717	4	P99	1	0.001028	0.001028	0.003726	0.003726
70	4	2717	4	P999	29	0.001334	0.001334	-0.000326	-0.000326
70	5	2720	5	P1	1	-0.002719	-0.002719	0.000039	0.000039
70	5	2720	5	P50	1	-0.000879	-0.000880	0.001883	0.001882
70	5	2720	5	P75	1	0.000061	0.000059	0.002825	0.002824
70	5	2720	5	P90	1	0.000625	0.000624	0.003391	0.003390
70	5	2720	5	P95	1	0.000813	0.000812	0.003580	0.003578
70	5	2720	5	P99	1	0.000963	0.000963	0.003730	0.003730
70	5	2720	5	P999	29	0.002160	0.002160	0.000609	0.000609
70	6	2725	6	P1	1	-0.002719	-0.002719	0.000039	0.000039
70	6	2725	6	P50	1	-0.000880	-0.000880	0.001882	0.001882
70	6	2725	6	P75	1	0.000060	0.000060	0.002824	0.002824
70	6	2725	6	P90	1	0.000624	0.000624	0.003390	0.003390
70	6	2725	6	P95	1	0.000812	0.000812	0.003579	0.003579
70	6	2725	6	P99	1	0.000963	0.000963	0.003730	0.003730
70	6	2725	6	P999	29	0.002160	0.002160	0.000609	0.000609
70	7	2728	7	P1	1	-0.002719	-0.002719	0.000039	0.000039
70	7	2728	7	P50	1	-0.000879	-0.000881	0.001883	0.001882
70	7	2728	7	P75	1	0.000061	0.000059	0.002825	0.002824
70	7	2728	7	P90	1	0.000625	0.000625	0.003391	0.003391
70	7	2728	7	P95	1	0.000812	0.000812	0.003579	0.003579
70	7	2728	7	P99	1	0.000963	0.000963	0.003730	0.003730
70	7	2728	7	P999	29	0.002160	0.002160	0.000609	0.000609
71	1	1310	1	P1	1	-0.003042	-0.003042	0.000040	0.000040
71	1	1310	1	P50	1	-0.001207	-0.001210	0.001881	0.001878
71	1	1310	1	P75	1	-0.000271	-0.000271	0.002820	0.002820
71	1	1310	1	P90	1	0.000293	0.000290	0.003386	0.003383
71	1	1310	1	P95	1	0.000480	0.000480	0.003572	0.003572
71	1	1310	1	P99	1	0.000629	0.000629	0.003722	0.003722
71	1	1310	1	P999	28	-0.001896	-0.001896	0.000813	0.000813
71	2	1833	2	P1	1	-0.003044	-0.003044	0.000039	0.000039
71	2	1833	2	P50	1	-0.001211	-0.001211	0.001877	0.001877
71	2	1833	2	P75	1	-0.000275	-0.000275	0.002816	0.002816
71	2	1833	2	P90	1	0.000287	0.000287	0.003380	0.003380
71	2	1833	2	P95	1	0.000476	0.000476	0.003568	0.003568
71	2	1833	2	P99	1	0.000625	0.000625	0.003718	0.003718
71	2	1833	2	P999	28	-0.001896	-0.001896	0.000813	0.000813
71	3	1839	3	P1	1	-0.003044	-0.003044	0.000039	0.000039
71	3	1839	3	P50	1	-0.001211	-0.001211	0.001877	0.001877
71	3	1839	3	P75	1	-0.000274	-0.000274	0.002817	0.002817
71	3	1839	3	P90	1	0.000289	0.000289	0.003381	0.003381
71	3	1839	3	P95	1	0.000476	0.000476	0.003569	0.003569
71	3	1839	3	P99	1	0.000625	0.000625	0.003718	0.003718
71	3	1839	3	P999	28	-0.001896	-0.001896	0.000813	0.000813
71	4	2640	4	P1	1	-0.003044	-0.003044	0.000038	0.000038
71	4	2640	4	P50	1	-0.001211	-0.001213	0.001876	0.001875
71	4	2640	4	P75	1	-0.000275	-0.000277	0.002815	0.002814
71	4	2640	4	P90	1	0.000287	0.000285	0.003379	0.003378
71	4	2640	4	P95	1	0.000474	0.000473	0.003567	0.003565
71	4	2640	4	P99	1	0.000623	0.000623	0.003716	0.003716
71	4	2640	4	P999	28	-0.003139	-0.003139	-0.000434	-0.000434
71	5	2642	5	P1	1	-0.003044	-0.003044	0.000038	0.000038
71	5	2642	5	P50	1	-0.001210	-0.001211	0.001878	0.001876
71	5	2642	5	P75	1	-0.000274	-0.000274	0.002817	0.002817
71	5	2642	5	P90	1	0.000288	0.000288	0.003380	0.003380
71	5	2642	5	P95	1	0.000476	0.000476	0.003568	0.003568
71	5	2642	5	P99	1	0.000626	0.000626	0.003719	0.003719
71	5	2642	5	P999	28	-0.002144	-0.002144	0.000563	0.000563
71	6	2644	6	P1	1	-0.003044	-0.003044	0.000038	0.000038
71	6	2644	6	P50	1	-0.001210	-0.001211	0.001878	0.001876
71	6	2644	6	P75	1	-0.000273	-0.000275	0.002817	0.002816
71	6	2644	6	P90	1	0.000288	0.000288	0.003381	0.003381
71	6	2644	6	P95	1	0.000476	0.000476	0.003568	0.003568
71	6	2644	6	P99	1	0.000626	0.000626	0.003719	0.003719
71	6	2644	6	P999	28	-0.002144	-0.002144	0.000563	0.000563
71	7	2646	7	P1	1	-0.003044	-0.003044	0.000038	0.000038
71	7	2646	7	P50	1	-0.001210	-0.001211	0.001878	0.001876
71	7	2646	7	P75	1	-0.000274	-0.000274	0.002817	0.002817
71	7	2646	7	P90	1	0.000289	0.000289	0.003381	0.003381
71	7	2646	7	P95	1	0.000476	0.000476	0.003569	0.003569
71	7	2646	7	P99	1	0.000626	0.000626	0.003719	0.003719
71	7	2646	7	P999	28	-0.002144	-0.002144	0.000563	0.000563
72	1	1210	1	P1	1	-0.003042	-0.003042	0.000040	0.000040
72	1	1210	1	P50	1	-0.001202	-0.001205	0.001886	0.001883
72	1	1210	1	P75	1	-0.000263	-0.000263	0.002828	0.002828
72	1	1210	1	P90	1	0.000303	0.000300	0.003395	0.003392
72	1	1210	1	P95	1	0.000490	0.000490	0.003583	0.003583
72	1	1210	1	P99	1	0.000639	0.000639	0.003732	0.003732
72	1	1210	1	P999	28	-0.002517	-0.002517	0.000189	0.000189
72	2	1234	2	P1	1	-0.003042	-0.003042	0.000040	0.000040
72	2	1234	2	P50	1	-0.001164	-0.001167	0.001924	0.001921
72	2	1234	2	P75	1	-0.000207	-0.000207	0.002884	0.002884
72	2	1234	2	P90	1	0.000368	0.000368	0.003461	0.003461
72	2	1234	2	P95	1	0.000561	0.000561	0.003654	0.003654
72	2	1234	2	P99	27	0.000669	0.000669	-0.000355	-0.000355
72	2	1234	2	P999	29	-0.000228	-0.000228	-0.001260	-0.001260
72	3	1265	3	P1	1	-0.003043	-0.003043	0.000039	0.000039
72	3	1265	3	P50	1	-0.001167	-0.001167	0.001921	0.001921
72	3	1265	3	P75	1	-0.000210	-0.000210	0.002881	0.002881
72	3	1265	3	P90	1	0.000366	0.000366	0.003459	0.003459
72	3	1265	3	P95	1	0.000558	0.000558	0.003651	0.003651
72	3	1265	3	P99	27	0.000669	0.000669	-0.000355	-0.000355
72	3	1265	3	P999	29	-0.000228	-0.000228	-0.001260	-0.001260
72	4	1285	4	P1	1	-0.003044	-0.003044	0.000039	0.000039
72	4	1285	4	P50	1	-0.001166	-0.001166	0.001922	0.001922
72	4	1285	4	P75	1	-0.000209	-0.000209	0.002882	0.002882
72	4	1285	4	P90	1	0.000368	0.000368	0.003460	0.003460
72	4	1285	4	P95	1	0.000559	0.000559	0.003652	0.003652
72	4	1285	4	P99	27	0.000669	0.000669	-0.000355	-0.000355
72	4	1285	4	P999	29	-0.000228	-0.000228	-0.001260	-0.001260
72	5	1331	5	P1	1	-0.002483	-0.002483	0.000042	0.000042
72	5	1331	5	P50	1	-0.000539	-0.000539	0.001990	0.001990
72	5	1331	5	P75	1	0.000455	0.000455	0.002987	0.002987
72	5	1331	5	P90	1	0.001050	0.001050	0.003583	0.003583
72	5	1331	5	P95	25	0.000864	0.000864	0.002718	0.002718
72	5	1331	5	P99	28	0.000232	0.000232	0.002060	0.002060
72	5	1331	5	P999	35	0.001414	0.001414	0.003198	0.003198
72	6	2706	6	P1	1	-0.002485	-0.002485	0.000040	0.000040
72	6	2706	6	P50	1	-0.000599	-0.000600	0.001931	0.001929
72	6	2706	6	P75	1	0.000365	0.000365	0.002896	0.002896
72	6	2706	6	P90	1	0.000943	0.000943	0.003476	0.003476
72	6	2706	6	P95	1	0.001136	0.001136	0.003669	0.003669
72	6	2706	6	P99	28	-0.002520	-0.002520	-0.000696	-0.000696
72	6	2706	6	P999	33	0.000434	0.000434	0.002228	0.002228
72	7	2710	7	P1	1	-0.002485	-0.002485	0.000040	0.000040
72	7	2710	7	P50	1	-0.000596	-0.000597	0.001934	0.001932
72	7	2710	7	P75	1	0.000369	0.000369	0.002900	0.002900
72	7	2710	7	P90	1	0.000949	0.000948	0.003482	0.003480
72	7	2710	7	P95	1	0.001142	0.001142	0.003675	0.003675
72	7	2710	7	P99	28	-0.002383	-0.002383	-0.000558	-0.000558
72	7	2710	7	P999	33	0.000434	0.000434	0.002228	0.002228
73	1	9	0	P1	1	-0.003265	-0.003265	0.000467	0.000467
73	1	9	0	P50	1	-0.001401	-0.001401	0.002339	0.002339
73	1	9	0	P75	1	-0.000467	-0.000467	0.003276	0.003276
73	1	9	0	P90	2	0.002116	0.002116	0.002116	0.002116
73	1	9	0	P95	2	0.002116	0.002116	0.002116	0.002116
73	1	9	0	P99	2	0.002116	0.002116	0.002116	0.002116
73	1	9	0	P999	2	0.002116	0.002116	0.002116	0.002116
73	2	13	1	P1	1	-0.001961	-0.001961	0.000467	0.000467
73	2	13	1	P50	1	0.000841	0.000841	0.003276	0.003276
73	2	13	1	P75	26	-0.000282	-0.000282	0.001408	0.001408
73	2	13	1	P90	30	-0.003173	-0.003173	-0.001519	-0.001519
73	2	13	1	P95	30	-0.001308	-0.001308	0.000349	0.000349
73	2	13	1	P99	30	-0.001308	-0.001308	0.000349	0.000349
73	2	13	1	P999	30	-0.001308	-0.001308	0.000349	0.000349
73	3	545	2	P1	1	-0.002386	-0.002386	0.000042	0.000042
73	3	545	2	P50	1	-0.000526	-0.000526	0.001906	0.001906
73	3	545	2	P75	1	0.000423	0.000423	0.002856	0.002856
73	3	545	2	P90	1	0.000995	0.000995	0.003430	0.003430
73	3	545	2	P95	1	0.001184	0.001184	0.003619	0.003619
73	3	545	2	P99	2	0.002837	0.002837	0.001367	0.001367
73	3	545	2	P999	30	-0.001308	-0.001308	0.000349	0.000349
73	4	556	3	P1	1	-0.002386	-0.002386	0.000042	0.000042
73	4	556	3	P50	1	-0.000484	-0.000491	0.001948	0.001941
73	4	556	3	P75	1	0.000485	0.000478	0.002919	0.002912
73	4	556	3	P90	1	0.001065	0.001065	0.003500	0.003500
73	4	556	3	P95	1	0.001260	0.001260	0.003696	0.003696
73	4	556	3	P99	28	-0.000860	-0.000860	0.000813	0.000813
73	4	556	3	P999	30	0.002433	0.002433	0.000349	0.000349
73	5	570	4	P1	1	-0.002387	-0.002387	0.000041	0.000041
73	5	570	4	P50	1	-0.000486	-0.000493	0.001946	0.001939
73	5	570	4	P75	1	0.000479	0.000479	0.002913	0.002913
73	5	570	4	P90	1	0.001064	0.001057	0.003499	0.003493
73	5	570	4	P95	1	0.001255	0.001255	0.003690	0.003690
73	5	570	4	P99	28	-0.000860	-0.000860	0.000813	0.000813
73	5	570	4	P999	30	0.002433	0.002433	0.000349	0.000349
73	6	581	5	P1	1	-0.002387	-0.002387	0.000040	0.000040
73	6	581	5	P50	1	-0.000487	-0.000487	0.001944	0.001944
73	6	581	5	P75	1	0.000481	0.000481	0.002915	0.002915
73	6	581	5	P90	1	0.001062	0.001062	0.003497	0.003497
73	6	581	5	P95	1	0.001256	0.001256	0.003691	0.003691
73	6	581	5	P99	28	-0.000860	-0.000860	0.000813	0.000813
73	6	581	5	P999	30	0.002433	0.002433	0.000349	0.000349
73	7	594	6	P1	1	-0.002387	-0.002387	0.000040	0.000040
73	7	594	6	P50	1	-0.000441	-0.000447	0.001991	0.001984
73	7	594	6	P75	1	0.000547	0.000547	0.002981	0.002981
73	7	594	6	P90	1	0.001142	0.001142	0.003577	0.003577
73	7	594	6	P95	2	0.002962	0.002962	0.001492	0.001492
73	7	594	6	P99	30	-0.003173	-0.003173	-0.001786	-0.001786
73	7	594	6	P999	31	-0.000449	-0.000449	0.001201	0.001201
74	1	204	1	P1	1	-0.002631	-0.002631	0.000058	0.000058
74	1	204	1	P50	1	-0.000717	-0.000736	0.001976	0.001957
74	1	204	1	P75	1	0.000260	0.000241	0.002956	0.002937
74	1	204	1	P90	1	0.000836	0.000836	0.003533	0.003533
74	1	204	1	P95	1	0.001028	0.001028	0.003726	0.003726
74	1	204	1	P99	29	0.001022	0.001022	-0.000637	-0.000637
74	1	204	1	P999	30	0.002016	0.002016	0.000349	0.000349
74	2	215	2	P1	1	-0.002634	-0.002634	0.000055	0.000055
74	2	215	2	P50	1	-0.000722	-0.000722	0.001971	0.001971
74	2	215	2	P75	1	0.000262	0.000262	0.002958	0.002958
74	2	215	2	P90	1	0.000846	0.000846	0.003544	0.003544
74	2	215	2	P95	1	0.001047	0.001047	0.003745	0.003745
74	2	215	2	P99	29	0.001022	0.001022	-0.000637	-0.000637
74	2	215	2	P999	30	0.002016	0.002016	0.000349	0.000349
74	3	223	3	P1	1	-0.002636	-0.002636	0.000053	0.000053
74	3	223	3	P50	1	-0.000707	-0.000707	0.001986	0.001986
74	3	223	3	P75	1	0.000285	0.000285	0.002981	0.002981
74	3	223	3	P90	1	0.000870	0.000870	0.003567	0.003567
74	3	223	3	P95	2	-0.002318	-0.002318	-0.000378	-0.000378
74	3	223	3	P99	29	0.001022	0.001022	-0.000637	-0.000637
74	3	223	3	P999	30	0.002016	0.002016	0.000349	0.000349
74	4	234	4	P1	1	-0.003029	-0.003029	0.000053	0.000053
74	4	234	4	P50	1	-0.000996	-0.001014	0.002093	0.002075
74	4	234	4	P75	1	0.000031	0.000031	0.003123	0.003123
74	4	234	4	P90	1	0.000652	0.000652	0.003745	0.003745
74	4	234	4	P95	28	-0.001481	-0.001481	0.001228	0.001228
74	4	234	4	P99	30	-0.000110	-0.000110	-0.001146	-0.001146
74	4	234	4	P999	30	0.001386	0.001386	0.000349	0.000349
74	5	760	5	P1	1	-0.003042	-0.003042	0.000041	0.000041
74	5	760	5	P50	1	-0.001148	-0.001154	0.001940	0.001934
74	5	760	5	P75	1	-0.000183	-0.000188	0.002908	0.002903
74	5	760	5	P90	1	0.000397	0.000392	0.003490	0.003485
74	5	760	5	P95	1	0.000591	0.000585	0.003684	0.003679
74	5	760	5	P99	29	-0.000228	-0.000228	-0.001260	-0.001260
74	5	760	5	P999	30	0.001386	0.001386	0.000349	0.000349
74	6	768	6	P1	1	-0.003042	-0.003042	0.000041	0.000041
74	6	768	6	P50	1	-0.001128	-0.001133	0.001960	0.001955
74	6	768	6	P75	1	-0.000152	-0.000157	0.002939	0.002934
74	6	768	6	P90	1	0.000433	0.000433	0.003525	0.003525
74	6	768	6	P95	1	0.000626	0.000626	0.003719	0.003719
74	6	768	6	P99	29	0.000894	0.000894	-0.000139	-0.000139
74	6	768	6	P999	30	0.001386	0.001386	0.000349	0.000349
74	7	781	7	P1	1	-0.003042	-0.003042	0.000040	0.000040
74	7	781	7	P50	1	-0.001132	-0.001132	0.001956	0.001956
74	7	781	7	P75	1	-0.000158	-0.000158	0.002933	0.002933
74	7	781	7	P90	1	0.000427	0.000427	0.003519	0.003519
74	7	781	7	P95	1	0.000622	0.000622	0.003715	0.003715
74	7	781	7	P99	29	0.000894	0.000894	-0.000139	-0.000139
74	7	781	7	P999	30	0.001386	0.001386	0.000349	0.000349
75	1	16	1	P1	1	-0.001961	-0.001961	0.000467	0.000467
75	1	16	1	P50	27	-0.003122	-0.962914	-0.001445	-0.962824
75	1	16	1	P75	30	-0.003173	-0.066307	-0.001519	-0.064744
75	1	16	1	P90	31	-0.000449	-0.000449	0.001201	0.001201
75	1	16	1	P95	33	0.000591	0.000591	0.002228	0.002228
75	1	16	1	P99	33	0.000591	0.000591	0.002228	0.002228
75	1	16	1	P999	33	0.000591	0.000591	0.002228	0.002228
75	2	552	2	P1	1	-0.002386	-0.002386	0.000041	0.000041
75	2	552	2	P50	1	-0.000516	-0.000523	0.001916	0.001909
75	2	552	2	P75	1	0.000438	0.000431	0.002871	0.002865
75	2	552	2	P90	1	0.001005	0.001005	0.003440	0.003440
75	2	552	2	P95	1	0.001199	0.001199	0.003634	0.003634
75	2	552	2	P99	27	-0.000634	-0.000634	0.001047	0.001047
75	2	552	2	P999	33	0.000591	0.000591	0.002228	0.002228
75	3	558	3	P1	1	-0.002386	-0.002386	0.000041	0.000041
75	3	558	3	P50	1	-0.000495	-0.000502	0.001936	0.001930
75	3	558	3	P75	1	0.000465	0.000465	0.002899	0.002899
75	3	558	3	P90	1	0.001046	0.001046	0.003481	0.003481
75	3	558	3	P95	1	0.001240	0.001240	0.003676	0.003676
75	3	558	3	P99	28	0.000386	0.000386	0.002060	0.002060
75	3	558	3	P999	33	0.000591	0.000591	0.002228	0.002228
75	4	570	4	P1	1	-0.002387	-0.002387	0.000041	0.000041
75	4	570	4	P50	1	-0.000497	-0.000503	0.001935	0.001928
75	4	570	4	P75	1	0.000463	0.000463	0.002897	0.002897
75	4	570	4	P90	1	0.001045	0.001039	0.003480	0.003474
75	4	570	4	P95	1	0.001235	0.001235	0.003670	0.003670
75	4	570	4	P99	28	0.000386	0.000386	0.002060	0.002060
75	4	570	4	P999	33	0.000591	0.000591	0.002228	0.002228
75	5	576	5	P1	1	-0.002387	-0.002387	0.000040	0.000040
75	5	576	5	P50	1	-0.000490	-0.000497	0.001941	0.001935
75	5	576	5	P75	1	0.000476	0.000469	0.002910	0.002903
75	5	576	5	P90	1	0.001054	0.001054	0.003489	0.003489
75	5	576	5	P95	1	0.001249	0.001249	0.003684	0.003684
75	5	576	5	P99	28	0.000386	0.000386	0.002060	0.002060
75	5	576	5	P999	33	0.000591	0.000591	0.002228	0.002228
75	6	582	6	P1	1	-0.002387	-0.002387	0.000040	0.000040
75	6	582	6	P50	1	-0.000470	-0.000477	0.001961	0.001955
75	6	582	6	P75	1	0.000503	0.000503	0.002937	0.002937
75	6	582	6	P90	1	0.001088	0.001088	0.003523	0.003523
75	6	582	6	P95	1	0.001282	0.001282	0.003718	0.003718
75	6	582	6	P99	30	-0.001308	-0.001308	-0.000897	-0.000897
75	6	582	6	P999	37	0.002086	0.002086	0.003699	0.003699
75	7	2903	7	P1	1	-0.002388	-0.002388	0.000039	0.000039
75	7	2903	7	P50	1	-0.000534	-0.000534	0.001898	0.001898
75	7	2903	7	P75	1	0.000414	0.000414	0.002848	0.002848
75	7	2903	7	P90	1	0.000982	0.000982	0.003417	0.003417
75	7	2903	7	P95	1	0.001172	0.001172	0.003607	0.003607
75	7	2903	7	P99	2	0.001947	0.001947	0.000660	0.000660
75	7	2903	7	P999	31	-0.000449	-0.000449	0.001201	0.001201
76	1	11	1	P1	1	-0.002204	-0.002204	0.000623	0.000623
76	1	11	1	P50	1	0.000909	0.000909	0.003745	0.003745
76	1	11	1	P75	27	0.002478	0.002478	0.001047	0.001047
76	1	11	1	P90	28	-0.002112	-0.002112	0.000189	0.000189
76	1	11	1	P95	28	-0.000245	-0.000245	0.002060	0.002060
76	1	11	1	P99	28	-0.000245	-0.000245	0.002060	0.002060
76	1	11	1	P999	28	-0.000245	-0.000245	0.002060	0.002060
76	2	16	2	P1	1	-0.002453	-0.002453	0.000374	0.000374
76	2	16	2	P50	1	0.000535	0.000161	0.003370	0.002995
76	2	16	2	P75	26	-0.000908	-0.037570	0.001408	-0.035333
76	2	16	2	P90	28	-0.002112	-0.002112	0.000189	0.000189
76	2	16	2	P95	28	-0.000245	-0.000245	0.002060	0.002060
76	2	16	2	P99	28	-0.000245	-0.000245	0.002060	0.002060
76	2	16	2	P999	28	-0.000245	-0.000245	0.002060	0.002060
76	3	21	3	P1	1	-0.002054	-0.002054	0.000374	0.000374
76	3	21	3	P50	2	0.003587	0.003587	0.002116	0.002116
76	3	21	3	P75	28	0.000386	0.000386	0.002060	0.002060
76	3	21	3	P90	30	-0.003173	-0.003173	-0.001519	-0.001519
76	3	21	3	P95	30	-0.001308	-0.001308	0.000349	0.000349
76	3	21	3	P99	36	-0.000428	-0.000428	0.001188	0.001188
76	3	21	3	P999	36	-0.000428	-0.000428	0.001188	0.001188
76	4	1121	4	P1	1	-0.002387	-0.002387	0.000040	0.000040
76	4	1121	4	P50	1	-0.000537	-0.000537	0.001894	0.001894
76	4	1121	4	P75	1	0.000408	0.000408	0.002841	0.002841
76	4	1121	4	P90	1	0.000975	0.000975	0.003410	0.003410
76	4	1121	4	P95	1	0.001164	0.001164	0.003599	0.003599
76	4	1121	4	P99	2	0.002337	0.002337	0.000868	0.000868
76	4	1121	4	P999	30	-0.001308	-0.001308	0.000349	0.000349
76	5	1128	5	P1	1	-0.002387	-0.002387	0.000040	0.000040
76	5	1128	5	P50	1	-0.000524	-0.000527	0.001908	0.001905
76	5	1128	5	P75	1	0.000428	0.000424	0.002862	0.002858
76	5	1128	5	P90	1	0.000998	0.000998	0.003433	0.003433
76	5	1128	5	P95	1	0.001188	0.001188	0.003623	0.003623
76	5	1128	5	P99	28	-0.002415	-0.002415	-0.000745	-0.000745
76	5	1128	5	P999	30	-0.001308	-0.001308	0.000349	0.000349
76	6	1140	6	P1	1	-0.002387	-0.002387	0.000040	0.000040
76	6	1140	6	P50	1	-0.000524	-0.000527	0.001908	0.001904
76	6	1140	6	P75	1	0.000427	0.000424	0.002861	0.002858
76	6	1140	6	P90	1	0.000998	0.000995	0.003433	0.003430
76	6	1140	6	P95	1	0.001189	0.001186	0.003624	0.003621
76	6	1140	6	P99	28	-0.002415	-0.002415	-0.000745	-0.000745
76	6	1140	6	P999	30	-0.001308	-0.001308	0.000349	0.000349
76	7	1147	7	P1	1	-0.002388	-0.002388	0.000040	0.000040
76	7	1147	7	P50	1	-0.000524	-0.000524	0.001907	0.001907
76	7	1147	7	P75	1	0.000429	0.000429	0.002862	0.002862
76	7	1147	7	P90	1	0.001000	0.001000	0.003435	0.003435
76	7	1147	7	P95	1	0.001190	0.001190	0.003625	0.003625
76	7	1147	7	P99	28	-0.002415	-0.002415	-0.000745	-0.000745
76	7	1147	7	P999	30	-0.001308	-0.001308	0.000349	0.000349
77	1	548	1	P1	1	-0.002386	-0.002386	0.000042	0.000042
77	1	548	1	P50	1	-0.000526	-0.000533	0.001905	0.001898
77	1	548	1	P75	1	0.000422	0.000415	0.002856	0.002849
77	1	548	1	P90	1	0.000990	0.000990	0.003425	0.003425
77	1	548	1	P95	1	0.001178	0.001178	0.003613	0.003613
77	1	548	1	P99	28	-0.000860	-0.000860	0.000813	0.000813
77	1	548	1	P999	30	-0.001308	-0.001308	0.000349	0.000349
77	2	561	2	P1	1	-0.002386	-0.002386	0.000042	0.000042
77	2	561	2	P50	1	-0.000485	-0.000485	0.001947	0.001947
77	2	561	2	P75	1	0.000485	0.000485	0.002918	0.002918
77	2	561	2	P90	1	0.001067	0.001067	0.003502	0.003502
77	2	561	2	P95	1	0.001261	0.001261	0.003696	0.003696
77	2	561	2	P99	29	0.000814	0.000814	-0.000326	-0.000326
77	2	561	2	P999	32	0.001453	0.001453	0.003098	0.003098
77	3	580	3	P1	1	-0.002387	-0.002387	0.000040	0.000040
77	3	580	3	P50	1	-0.000484	-0.000491	0.001948	0.001941
77	3	580	3	P75	1	0.000486	0.000479	0.002920	0.002913
77	3	580	3	P90	1	0.001068	0.001062	0.003503	0.003497
77	3	580	3	P95	1	0.001262	0.001256	0.003698	0.003691
77	3	580	3	P99	29	0.000814	0.000814	-0.000326	-0.000326
77	3	580	3	P999	32	0.001453	0.001453	0.003098	0.003098
77	4	593	4	P1	1	-0.002388	-0.002388	0.000039	0.000039
77	4	593	4	P50	1	-0.000486	-0.000486	0.001946	0.001946
77	4	593	4	P75	1	0.000484	0.000484	0.002917	0.002917
77	4	593	4	P90	1	0.001067	0.001067	0.003502	0.003502
77	4	593	4	P95	1	0.001263	0.001263	0.003699	0.003699
77	4	593	4	P99	29	0.000814	0.000814	-0.000326	-0.000326
77	4	593	4	P999	32	0.001453	0.001453	0.003098	0.003098
77	5	609	5	P1	1	-0.002382	-0.002382	0.000046	0.000046
77	5	609	5	P50	1	-0.000433	-0.000433	0.001999	0.001999
77	5	609	5	P75	1	0.000562	0.000562	0.002996	0.002996
77	5	609	5	P90	1	0.001165	0.001165	0.003600	0.003600
77	5	609	5	P95	28	-0.002774	-0.002774	-0.001104	-0.001104
77	5	609	5	P99	30	0.002433	0.002433	0.000349	0.000349
77	5	609	5	P999	32	0.001453	0.001453	0.003098	0.003098
77	6	650	6	P1	1	-0.002385	-0.002385	0.000043	0.000043
77	6	650	6	P50	1	-0.000439	-0.000445	0.001993	0.001987
77	6	650	6	P75	1	0.000551	0.000551	0.002985	0.002985
77	6	650	6	P90	1	0.001150	0.001144	0.003586	0.003579
77	6	650	6	P95	27	0.003109	0.003109	0.001047	0.001047
77	6	650	6	P99	30	0.002433	0.002433	0.000349	0.000349
77	6	650	6	P999	32	0.001453	0.001453	0.003098	0.003098
77	7	658	7	P1	1	-0.002385	-0.002385	0.000042	0.000042
77	7	658	7	P50	1	-0.000440	-0.000446	0.001992	0.001986
77	7	658	7	P75	1	0.000549	0.000549	0.002983	0.002983
77	7	658	7	P90	1	0.001146	0.001146	0.003582	0.003582
77	7	658	7	P95	27	0.003109	0.003109	0.001047	0.001047
77	7	658	7	P99	30	0.002433	0.002433	0.000349	0.000349
77	7	658	7	P999	32	0.001453	0.001453	0.003098	0.003098
78	1	5101	0	P1	1	-0.003693	-0.003693	0.000038	0.000038
78	1	5101	0	P50	1	-0.001860	-0.001860	0.001878	0.001878
78	1	5101	0	P75	1	-0.000923	-0.000923	0.002819	0.002819
78	1	5101	0	P90	1	-0.000360	-0.000360	0.003383	0.003383
78	1	5101	0	P95	1	-0.000173	-0.000173	0.003571	0.003571
78	1	5101	0	P99	1	-0.000023	-0.000023	0.003722	0.003722
78	1	5101	0	P999	2	0.001180	0.001180	0.001180	0.001180
78	2	8293	0	P1	1	-0.003694	-0.003694	0.000038	0.000038
78	2	8293	0	P50	1	-0.001861	-0.001861	0.001877	0.001877
78	2	8293	0	P75	1	-0.000925	-0.000925	0.002817	0.002817
78	2	8293	0	P90	1	-0.000363	-0.000363	0.003381	0.003381
78	2	8293	0	P95	1	-0.000175	-0.000175	0.003569	0.003569
78	2	8293	0	P99	1	-0.000025	-0.000025	0.003720	0.003720
78	2	8293	0	P999	2	0.001007	0.001007	0.001007	0.001007
78	3	10841	0	P1	1	-0.003693	-0.003693	0.000038	0.000038
78	3	10841	0	P50	1	-0.001862	-0.001862	0.001876	0.001876
78	3	10841	0	P75	1	-0.000926	-0.000926	0.002816	0.002816
78	3	10841	0	P90	1	-0.000364	-0.000364	0.003380	0.003380
78	3	10841	0	P95	1	-0.000176	-0.000176	0.003568	0.003568
78	3	10841	0	P99	1	-0.000026	-0.000026	0.003719	0.003719
78	3	10841	0	P999	2	0.000946	0.000946	0.000946	0.000946
78	4	13474	0	P1	1	-0.003694	-0.003694	0.000038	0.000038
78	4	13474	0	P50	1	-0.001860	-0.001860	0.001878	0.001878
78	4	13474	0	P75	1	-0.000923	-0.000923	0.002818	0.002818
78	4	13474	0	P90	1	-0.000361	-0.000361	0.003383	0.003383
78	4	13474	0	P95	1	-0.000173	-0.000173	0.003571	0.003571
78	4	13474	0	P99	1	-0.000023	-0.000023	0.003722	0.003722
78	4	13474	0	P999	2	0.001218	0.001218	0.001218	0.001218
78	5	13476	0	P1	1	-0.003694	-0.003694	0.000038	0.000038
78	5	13476	0	P50	1	-0.001860	-0.001860	0.001878	0.001878
78	5	13476	0	P75	1	-0.000923	-0.000923	0.002818	0.002818
78	5	13476	0	P90	1	-0.000361	-0.000361	0.003383	0.003383
78	5	13476	0	P95	1	-0.000173	-0.000173	0.003571	0.003571
78	5	13476	0	P99	1	-0.000023	-0.000023	0.003722	0.003722
78	5	13476	0	P999	2	0.001218	0.001218	0.001218	0.001218
78	6	13478	1	P1	1	-0.002390	-0.002390	0.000038	0.000038
78	6	13478	1	P50	1	-0.000553	-0.000553	0.001878	0.001878
78	6	13478	1	P75	1	0.000385	0.000385	0.002819	0.002819
78	6	13478	1	P90	1	0.000949	0.000949	0.003383	0.003383
78	6	13478	1	P95	1	0.001136	0.001136	0.003572	0.003572
78	6	13478	1	P99	1	0.001287	0.001287	0.003722	0.003722
78	6	13478	1	P999	2	0.002837	0.002837	0.001367	0.001367
78	7	13546	2	P1	1	-0.002390	-0.002390	0.000038	0.000038
78	7	13546	2	P50	1	-0.000553	-0.000553	0.001878	0.001878
78	7	13546	2	P75	1	0.000385	0.000385	0.002819	0.002819
78	7	13546	2	P90	1	0.000948	0.000948	0.003383	0.003383
78	7	13546	2	P95	1	0.001136	0.001136	0.003571	0.003571
78	7	13546	2	P99	1	0.001287	0.001287	0.003722	0.003722
78	7	13546	2	P999	2	0.002837	0.002837	0.001367	0.001367
79	1	4	1	P1	1	-0.000823	-0.000823	0.001871	0.001871
79	1	4	1	P50	27	-0.001046	-0.962924	0.001047	-0.962824
79	1	4	1	P75	29	0.002270	-0.069939	0.000609	-0.067991
79	1	4	1	P90	29	0.002270	0.002270	0.000609	0.000609
79	1	4	1	P95	29	0.002270	0.002270	0.000609	0.000609
79	1	4	1	P99	29	0.002270	0.002270	0.000609	0.000609
79	1	4	1	P999	29	0.002270	0.002270	0.000609	0.000609
79	2	6	2	P1	1	-0.000823	-0.000823	0.001871	0.001871
79	2	6	2	P50	2	-0.000452	-0.002318	0.002116	0.000245
79	2	6	2	P75	27	-0.001046	-0.001046	0.001047	0.001047
79	2	6	2	P90	29	0.002270	0.002270	0.000609	0.000609
79	2	6	2	P95	29	0.002270	0.002270	0.000609	0.000609
79	2	6	2	P99	29	0.002270	0.002270	0.000609	0.000609
79	2	6	2	P999	29	0.002270	0.002270	0.000609	0.000609
79	3	8	3	P1	1	-0.000561	-0.000561	0.001871	0.001871
79	3	8	3	P50	27	-0.000634	-0.925938	0.001047	-0.925769
79	3	8	3	P75	30	-0.003173	-0.030737	-0.001519	-0.032745
79	3	8	3	P90	30	-0.001308	-0.001308	0.000349	0.000349
79	3	8	3	P95	30	-0.001308	-0.001308	0.000349	0.000349
79	3	8	3	P99	30	-0.001308	-0.001308	0.000349	0.000349
79	3	8	3	P999	30	-0.001308	-0.001308	0.000349	0.000349
79	4	512	4	P1	1	-0.002383	-0.002383	0.000044	0.000044
79	4	512	4	P50	1	-0.000531	-0.000539	0.001900	0.001893
79	4	512	4	P75	1	0.000414	0.000407	0.002848	0.002841
79	4	512	4	P90	1	0.000976	0.000976	0.003411	0.003411
79	4	512	4	P95	1	0.001169	0.001169	0.003604	0.003604
79	4	512	4	P99	2	-0.002026	-0.002026	0.000245	0.000245
79	4	512	4	P999	30	-0.001308	-0.001308	0.000349	0.000349
79	5	517	5	P1	1	-0.002383	-0.002383	0.000044	0.000044
79	5	517	5	P50	1	-0.000517	-0.000517	0.001915	0.001915
79	5	517	5	P75	1	0.000437	0.000437	0.002870	0.002870
79	5	517	5	P90	1	0.001013	0.001013	0.003448	0.003448
79	5	517	5	P95	1	0.001206	0.001206	0.003641	0.003641
79	5	517	5	P99	27	-0.000634	-0.000634	0.001047	0.001047
79	5	517	5	P999	30	-0.001308	-0.001308	0.000349	0.000349
79	6	524	6	P1	1	-0.002384	-0.002384	0.000044	0.000044
79	6	524	6	P50	1	-0.000513	-0.000521	0.001918	0.001911
79	6	524	6	P75	1	0.000441	0.000434	0.002875	0.002868
79	6	524	6	P90	1	0.001010	0.001010	0.003445	0.003445
79	6	524	6	P95	1	0.001200	0.001200	0.003635	0.003635
79	6	524	6	P99	27	-0.000634	-0.000634	0.001047	0.001047
79	6	524	6	P999	30	-0.001308	-0.001308	0.000349	0.000349
79	7	529	7	P1	1	-0.002384	-0.002384	0.000043	0.000043
79	7	529	7	P50	1	-0.000518	-0.000518	0.001914	0.001914
79	7	529	7	P75	1	0.000435	0.000435	0.002869	0.002869
79	7	529	7	P90	1	0.001013	0.001013	0.003448	0.003448
79	7	529	7	P95	1	0.001201	0.001201	0.003636	0.003636
79	7	529	7	P99	27	-0.000634	-0.000634	0.001047	0.001047
79	7	529	7	P999	30	-0.001308	-0.001308	0.000349	0.000349
80	1	416	1	P1	1	-0.003037	-0.003037	0.000046	0.000046
80	1	416	1	P50	1	-0.001181	-0.001190	0.001907	0.001898
80	1	416	1	P75	1	-0.000233	-0.000242	0.002858	0.002849
80	1	416	1	P90	1	0.000332	0.000332	0.003425	0.003425
80	1	416	1	P95	1	0.000524	0.000524	0.003617	0.003617
80	1	416	1	P99	26	0.002430	0.002430	0.001408	0.001408
80	1	416	1	P999	29	0.001643	0.001643	0.000609	0.000609
80	2	418	2	P1	1	-0.003037	-0.003037	0.000045	0.000045
80	2	418	2	P50	1	-0.001181	-0.001190	0.001907	0.001898
80	2	418	2	P75	1	-0.000238	-0.000238	0.002853	0.002853
80	2	418	2	P90	1	0.000334	0.000334	0.003426	0.003426
80	2	418	2	P95	1	0.000524	0.000524	0.003617	0.003617
80	2	418	2	P99	26	0.002430	0.002430	0.001408	0.001408
80	2	418	2	P999	29	0.001643	0.001643	0.000609	0.000609
80	3	1346	3	P1	1	-0.003043	-0.003043	0.000039	0.000039
80	3	1346	3	P50	1	-0.001203	-0.001206	0.001885	0.001882
80	3	1346	3	P75	1	-0.000265	-0.000265	0.002826	0.002826
80	3	1346	3	P90	1	0.000299	0.000299	0.003392	0.003392
80	3	1346	3	P95	1	0.000487	0.000487	0.003580	0.003580
80	3	1346	3	P99	1	0.000638	0.000638	0.003731	0.003731
80	3	1346	3	P999	29	-0.000228	-0.000228	-0.001260	-0.001260
80	4	1367	4	P1	1	-0.002486	-0.002486	0.000039	0.000039
80	4	1367	4	P50	1	-0.000616	-0.000616	0.001913	0.001913
80	4	1367	4	P75	1	0.000339	0.000339	0.002870	0.002870
80	4	1367	4	P90	1	0.000912	0.000912	0.003445	0.003445
80	4	1367	4	P95	1	0.001102	0.001102	0.003636	0.003636
80	4	1367	4	P99	28	-0.001636	-0.001636	0.000189	0.000189
80	4	1367	4	P999	29	0.002531	0.002531	0.000609	0.000609
80	5	1403	5	P1	1	-0.002484	-0.002484	0.000041	0.000041
80	5	1403	5	P50	1	-0.000618	-0.000618	0.001912	0.001912
80	5	1403	5	P75	1	0.000337	0.000337	0.002869	0.002869
80	5	1403	5	P90	1	0.000909	0.000909	0.003442	0.003442
80	5	1403	5	P95	1	0.001100	0.001100	0.003633	0.003633
80	5	1403	5	P99	28	-0.002009	-0.002009	-0.000184	-0.000184
80	5	1403	5	P999	29	0.002531	0.002531	0.000609	0.000609
80	6	1424	6	P1	1	-0.002485	-0.002485	0.000040	0.000040
80	6	1424	6	P50	1	-0.000615	-0.000618	0.001914	0.001911
80	6	1424	6	P75	1	0.000339	0.000337	0.002871	0.002868
80	6	1424	6	P90	1	0.000911	0.000911	0.003444	0.003444
80	6	1424	6	P95	1	0.001101	0.001101	0.003635	0.003635
80	6	1424	6	P99	28	-0.002009	-0.002009	-0.000184	-0.000184
80	6	1424	6	P999	29	0.002531	0.002531	0.000609	0.000609
80	7	1452	7	P1	1	-0.002485	-0.002485	0.000040	0.000040
80	7	1452	7	P50	1	-0.000578	-0.000581	0.001951	0.001949
80	7	1452	7	P75	1	0.000396	0.000393	0.002927	0.002924
80	7	1452	7	P90	1	0.000978	0.000978	0.003511	0.003511
80	7	1452	7	P95	1	0.001174	0.001174	0.003707	0.003707
80	7	1452	7	P99	29	-0.001910	-0.001910	-0.000430	-0.000430
80	7	1452	7	P999	31	-0.000605	-0.000605	0.001201	0.001201
81	1	707	1	P1	1	-0.003039	-0.003039	0.000043	0.000043
81	1	707	1	P50	1	-0.001185	-0.001185	0.001903	0.001903
81	1	707	1	P75	1	-0.000235	-0.000235	0.002856	0.002856
81	1	707	1	P90	1	0.000335	0.000335	0.003427	0.003427
81	1	707	1	P95	1	0.000523	0.000523	0.003616	0.003616
81	1	707	1	P99	2	0.001243	0.001243	0.000512	0.000512
81	1	707	1	P999	29	0.001643	0.001643	0.000609	0.000609
81	2	713	2	P1	1	-0.003040	-0.003040	0.000043	0.000043
81	2	713	2	P50	1	-0.001185	-0.001185	0.001903	0.001903
81	2	713	2	P75	1	-0.000238	-0.000238	0.002853	0.002853
81	2	713	2	P90	1	0.000332	0.000332	0.003424	0.003424
81	2	713	2	P95	1	0.000524	0.000524	0.003617	0.003617
81	2	713	2	P99	2	0.001243	0.001243	0.000512	0.000512
81	2	713	2	P999	29	0.001643	0.001643	0.000609	0.000609
81	3	717	3	P1	1	-0.003040	-0.003040	0.000042	0.000042
81	3	717	3	P50	1	-0.001180	-0.001180	0.001908	0.001908
81	3	717	3	P75	1	-0.000230	-0.000230	0.002861	0.002861
81	3	717	3	P90	1	0.000343	0.000343	0.003436	0.003436
81	3	717	3	P95	1	0.000535	0.000535	0.003628	0.003628
81	3	717	3	P99	2	0.001599	0.001599	0.000868	0.000868
81	3	717	3	P999	29	0.001643	0.001643	0.000609	0.000609
81	4	722	4	P1	1	-0.003040	-0.003040	0.000042	0.000042
81	4	722	4	P50	1	-0.001164	-0.001169	0.001924	0.001919
81	4	722	4	P75	1	-0.000209	-0.000209	0.002882	0.002882
81	4	722	4	P90	1	0.000365	0.000365	0.003457	0.003457
81	4	722	4	P95	1	0.000556	0.000556	0.003649	0.003649
81	4	722	4	P99	27	0.002073	0.002073	0.001047	0.001047
81	4	722	4	P999	31	0.002243	0.002243	0.001201	0.001201
81	5	1521	5	P1	1	-0.003043	-0.003043	0.000040	0.000040
81	5	1521	5	P50	1	-0.001191	-0.001191	0.001897	0.001897
81	5	1521	5	P75	1	-0.000245	-0.000245	0.002845	0.002845
81	5	1521	5	P90	1	0.000323	0.000323	0.003415	0.003415
81	5	1521	5	P95	1	0.000512	0.000512	0.003605	0.003605
81	5	1521	5	P99	2	0.000975	0.000975	0.000245	0.000245
81	5	1521	5	P999	29	0.001643	0.001643	0.000609	0.000609
81	6	1523	6	P1	1	-0.003043	-0.003043	0.000040	0.000040
81	6	1523	6	P50	1	-0.001188	-0.001188	0.001899	0.001899
81	6	1523	6	P75	1	-0.000240	-0.000240	0.002850	0.002850
81	6	1523	6	P90	1	0.000328	0.000328	0.003420	0.003420
81	6	1523	6	P95	1	0.000517	0.000517	0.003610	0.003610
81	6	1523	6	P99	2	0.001724	0.001724	0.000993	0.000993
81	6	1523	6	P999	31	-0.001497	-0.001497	-0.000668	-0.000668
81	7	1527	7	P1	1	-0.003043	-0.003043	0.000040	0.000040
81	7	1527	7	P50	1	-0.001189	-0.001189	0.001899	0.001899
81	7	1527	7	P75	1	-0.000240	-0.000240	0.002850	0.002850
81	7	1527	7	P90	1	0.000329	0.000329	0.003421	0.003421
81	7	1527	7	P95	1	0.000517	0.000517	0.003610	0.003610
81	7	1527	7	P99	2	0.001724	0.001724	0.000993	0.000993
81	7	1527	7	P999	31	-0.001497	-0.001497	-0.000668	-0.000668
82	1	5	1	P1	1	0.000978	0.000978	0.003745	0.003745
82	1	5	1	P50	27	0.002587	0.002587	0.001047	0.001047
82	1	5	1	P75	29	0.002160	0.002160	0.000609	0.000609
82	1	5	1	P90	31	-0.000977	-0.000977	0.001201	0.001201
82	1	5	1	P95	31	-0.000977	-0.000977	0.001201	0.001201
82	1	5	1	P99	31	-0.000977	-0.000977	0.001201	0.001201
82	1	5	1	P999	31	-0.000977	-0.000977	0.001201	0.001201
82	2	310	2	P1	1	-0.002709	-0.002709	0.000049	0.000049
82	2	310	2	P50	1	-0.000849	-0.000861	0.001914	0.001901
82	2	310	2	P75	1	0.000095	0.000095	0.002860	0.002860
82	2	310	2	P90	1	0.000671	0.000659	0.003437	0.003425
82	2	310	2	P95	1	0.000855	0.000855	0.003622	0.003622
82	2	310	2	P99	2	0.003214	0.003214	0.002116	0.002116
82	2	310	2	P999	31	-0.000977	-0.000977	0.001201	0.001201
82	3	315	3	P1	1	-0.002709	-0.002709	0.000049	0.000049
82	3	315	3	P50	1	-0.000824	-0.000824	0.001938	0.001938
82	3	315	3	P75	1	0.000144	0.000144	0.002909	0.002909
82	3	315	3	P90	1	0.000720	0.000720	0.003487	0.003487
82	3	315	3	P95	1	0.000916	0.000916	0.003683	0.003683
82	3	315	3	P99	29	0.002160	0.002160	0.000609	0.000609
82	3	315	3	P999	31	0.002765	0.002765	0.001201	0.001201
82	4	322	4	P1	1	-0.002710	-0.002710	0.000048	0.000048
82	4	322	4	P50	1	-0.000820	-0.000832	0.001943	0.001931
82	4	322	4	P75	1	0.000139	0.000139	0.002904	0.002904
82	4	322	4	P90	1	0.000714	0.000714	0.003480	0.003480
82	4	322	4	P95	1	0.000906	0.000906	0.003673	0.003673
82	4	322	4	P99	29	0.002160	0.002160	0.000609	0.000609
82	4	322	4	P999	31	0.002765	0.002765	0.001201	0.001201
82	5	327	5	P1	1	-0.002710	-0.002710	0.000047	0.000047
82	5	327	5	P50	1	-0.000814	-0.000814	0.001948	0.001948
82	5	327	5	P75	1	0.000158	0.000158	0.002923	0.002923
82	5	327	5	P90	1	0.000740	0.000740	0.003507	0.003507
82	5	327	5	P95	1	0.000930	0.000930	0.003697	0.003697
82	5	327	5	P99	29	0.002160	0.002160	0.000609	0.000609
82	5	327	5	P999	31	0.002765	0.002765	0.001201	0.001201
82	6	332	6	P1	1	-0.002710	-0.002710	0.000047	0.000047
82	6	332	6	P50	1	-0.000779	-0.000791	0.001984	0.001972
82	6	332	6	P75	1	0.000206	0.000194	0.002971	0.002959
82	6	332	6	P90	1	0.000788	0.000788	0.003554	0.003554
82	6	332	6	P95	2	0.000405	0.000405	-0.000689	-0.000689
82	6	332	6	P99	30	0.000034	0.000034	-0.001519	-0.001519
82	6	332	6	P999	31	0.002765	0.002765	0.001201	0.001201
82	7	2599	7	P1	1	-0.002720	-0.002720	0.000038	0.000038
82	7	2599	7	P50	1	-0.000876	-0.000876	0.001887	0.001887
82	7	2599	7	P75	1	0.000067	0.000067	0.002831	0.002831
82	7	2599	7	P90	1	0.000632	0.000632	0.003399	0.003399
82	7	2599	7	P95	1	0.000821	0.000821	0.003588	0.003588
82	7	2599	7	P99	1	0.000972	0.000972	0.003739	0.003739
82	7	2599	7	P999	30	0.001905	0.001905	0.000349	0.000349
83	1	41	1	P1	1	-0.002376	-0.002376	0.000150	0.000150
83	1	41	1	P50	1	0.000613	0.000613	0.003145	0.003145
83	1	41	1	P75	27	-0.000788	-0.000788	0.001047	0.001047
83	1	41	1	P90	29	-0.003696	-0.003696	-0.001882	-0.001882
83	1	41	1	P95	29	-0.001210	-0.001210	0.000609	0.000609
83	1	41	1	P99	31	-0.000605	-0.000605	0.001201	0.001201
83	1	41	1	P999	31	-0.000605	-0.000605	0.001201	0.001201
83	2	57	2	P1	1	-0.002431	-0.002431	0.000093	0.000093
83	2	57	2	P50	1	0.000183	0.000183	0.002714	0.002714
83	2	57	2	P75	26	-0.000435	-0.000435	0.001408	0.001408
83	2	57	2	P90	28	0.000232	0.000232	0.002060	0.002060
83	2	57	2	P95	29	-0.001210	-0.001210	0.000609	0.000609
83	2	57	2	P99	31	-0.000605	-0.000605	0.001201	0.001201
83	2	57	2	P999	31	-0.000605	-0.000605	0.001201	0.001201
83	3	75	3	P1	1	-0.002431	-0.002431	0.000093	0.000093
83	3	75	3	P50	1	0.001024	0.001024	0.003557	0.003557
83	3	75	3	P75	28	-0.000889	-0.000889	0.000937	0.000937
83	3	75	3	P90	29	-0.001625	-0.001625	0.000193	0.000193
83	3	75	3	P95	31	-0.002471	-0.002471	-0.000668	-0.000668
83	3	75	3	P99	33	0.000434	0.000434	0.002228	0.002228
83	3	75	3	P999	33	0.000434	0.000434	0.002228	0.002228
83	4	1203	4	P1	1	-0.002483	-0.002483	0.000042	0.000042
83	4	1203	4	P50	1	-0.000601	-0.000601	0.001928	0.001928
83	4	1203	4	P75	1	0.000363	0.000363	0.002894	0.002894
83	4	1203	4	P90	1	0.000939	0.000939	0.003472	0.003472
83	4	1203	4	P95	1	0.001131	0.001131	0.003665	0.003665
83	4	1203	4	P99	29	-0.003696	-0.003696	-0.001882	-0.001882
83	4	1203	4	P999	32	0.001296	0.001296	0.003098	0.003098
83	5	1205	5	P1	1	-0.002483	-0.002483	0.000042	0.000042
83	5	1205	5	P50	1	-0.000598	-0.000598	0.001932	0.001932
83	5	1205	5	P75	1	0.000366	0.000366	0.002897	0.002897
83	5	1205	5	P90	1	0.000946	0.000946	0.003478	0.003478
83	5	1205	5	P95	1	0.001138	0.001138	0.003671	0.003671
83	5	1205	5	P99	29	-0.003283	-0.003283	-0.001467	-0.001467
83	5	1205	5	P999	32	0.001296	0.001296	0.003098	0.003098
83	6	1208	6	P1	1	-0.002483	-0.002483	0.000041	0.000041
83	6	1208	6	P50	1	-0.000596	-0.000599	0.001933	0.001930
83	6	1208	6	P75	1	0.000368	0.000365	0.002899	0.002896
83	6	1208	6	P90	1	0.000946	0.000946	0.003479	0.003479
83	6	1208	6	P95	1	0.001138	0.001138	0.003671	0.003671
83	6	1208	6	P99	29	-0.003283	-0.003283	-0.001467	-0.001467
83	6	1208	6	P999	32	0.001296	0.001296	0.003098	0.003098
83	7	1210	7	P1	1	-0.002483	-0.002483	0.000041	0.000041
83	7	1210	7	P50	1	-0.000596	-0.000599	0.001933	0.001930
83	7	1210	7	P75	1	0.000366	0.000366	0.002898	0.002898
83	7	1210	7	P90	1	0.000947	0.000944	0.003480	0.003476
83	7	1210	7	P95	1	0.001138	0.001138	0.003671	0.003671
83	7	1210	7	P99	29	-0.003283	-0.003283	-0.001467	-0.001467
83	7	1210	7	P999	32	0.001296	0.001296	0.003098	0.003098
84	1	7	1	P1	1	-0.002337	-0.002337	0.000748	0.000748
84	1	7	1	P50	1	-0.000096	-0.000096	0.002995	0.002995
84	1	7	1	P75	28	-0.002517	-0.002517	0.000189	0.000189
84	1	7	1	P90	28	-0.000651	-0.000651	0.002060	0.002060
84	1	7	1	P95	28	-0.000651	-0.000651	0.002060	0.002060
84	1	7	1	P99	28	-0.000651	-0.000651	0.002060	0.002060
84	1	7	1	P999	28	-0.000651	-0.000651	0.002060	0.002060
84	2	706	2	P1	1	-0.003040	-0.003040	0.000043	0.000043
84	2	706	2	P50	1	-0.001193	-0.001198	0.001895	0.001889
84	2	706	2	P75	1	-0.000252	-0.000252	0.002838	0.002838
84	2	706	2	P90	1	0.000314	0.000314	0.003407	0.003407
84	2	706	2	P95	1	0.000502	0.000502	0.003595	0.003595
84	2	706	2	P99	1	0.000652	0.000652	0.003745	0.003745
84	2	706	2	P999	28	-0.000651	-0.000651	0.002060	0.002060
84	3	716	3	P1	1	-0.003040	-0.003040	0.000043	0.000043
84	3	716	3	P50	1	-0.001166	-0.001172	0.001922	0.001916
84	3	716	3	P75	1	-0.000210	-0.000215	0.002881	0.002876
84	3	716	3	P90	1	0.000363	0.000363	0.003455	0.003455
84	3	716	3	P95	1	0.000555	0.000555	0.003648	0.003648
84	3	716	3	P99	27	-0.001666	-0.001666	0.001047	0.001047
84	3	716	3	P999	30	0.001386	0.001386	0.000349	0.000349
84	4	728	4	P1	1	-0.003040	-0.003040	0.000042	0.000042
84	4	728	4	P50	1	-0.001167	-0.001172	0.001921	0.001916
84	4	728	4	P75	1	-0.000211	-0.000216	0.002880	0.002875
84	4	728	4	P90	1	0.000362	0.000362	0.003455	0.003455
84	4	728	4	P95	1	0.000552	0.000552	0.003645	0.003645
84	4	728	4	P99	27	-0.001666	-0.001666	0.001047	0.001047
84	4	728	4	P999	30	0.001386	0.001386	0.000349	0.000349
84	5	738	5	P1	1	-0.003041	-0.003041	0.000042	0.000042
84	5	738	5	P50	1	-0.001165	-0.001170	0.001923	0.001918
84	5	738	5	P75	1	-0.000210	-0.000210	0.002880	0.002880
84	5	738	5	P90	1	0.000366	0.000366	0.003458	0.003458
84	5	738	5	P95	1	0.000558	0.000558	0.003651	0.003651
84	5	738	5	P99	27	-0.001666	-0.001666	0.001047	0.001047
84	5	738	5	P999	30	0.001386	0.001386	0.000349	0.000349
84	6	751	6	P1	1	-0.002483	-0.002483	0.000042	0.000042
84	6	751	6	P50	1	-0.000575	-0.000575	0.001954	0.001954
84	6	751	6	P75	1	0.000401	0.000401	0.002932	0.002932
84	6	751	6	P90	1	0.000983	0.000983	0.003516	0.003516
84	6	751	6	P95	1	0.001180	0.001180	0.003714	0.003714
84	6	751	6	P99	29	-0.003696	-0.003696	-0.001882	-0.001882
84	6	751	6	P999	30	0.002278	0.002278	0.000349	0.000349
84	7	915	7	P1	1	-0.002483	-0.002483	0.000042	0.000042
84	7	915	7	P50	1	-0.000591	-0.000591	0.001939	0.001939
84	7	915	7	P75	1	0.000378	0.000378	0.002909	0.002909
84	7	915	7	P90	1	0.000958	0.000958	0.003490	0.003490
84	7	915	7	P95	1	0.001152	0.001152	0.003686	0.003686
84	7	915	7	P99	28	0.000232	0.000232	0.002060	0.002060
84	7	915	7	P999	30	0.002278	0.002278	0.000349	0.000349
85	1	10	1	P1	1	-0.002204	-0.002204	0.000623	0.000623
85	1	10	1	P50	1	0.000909	0.000285	0.003745	0.003120
85	1	10	1	P75	27	0.002478	0.002478	0.001047	0.001047
85	1	10	1	P90	31	0.002655	-0.096996	0.001201	-0.094913
85	1	10	1	P95	31	0.002655	0.002655	0.001201	0.001201
85	1	10	1	P99	31	0.002655	0.002655	0.001201	0.001201
85	1	10	1	P999	31	0.002655	0.002655	0.001201	0.001201
85	2	14	2	P1	1	-0.002453	-0.002453	0.000374	0.000374
85	2	14	2	P50	1	0.000161	-0.000213	0.002995	0.002620
85	2	14	2	P75	26	-0.000908	-0.000908	0.001408	0.001408
85	2	14	2	P90	28	-0.000245	-0.000245	0.002060	0.002060
85	2	14	2	P95	31	0.002655	0.002655	0.001201	0.001201
85	2	14	2	P99	31	0.002655	0.002655	0.001201	0.001201
85	2	14	2	P999	31	0.002655	0.002655	0.001201	0.001201
85	3	19	3	P1	1	-0.002152	-0.002152	0.000374	0.000374
85	3	19	3	P50	1	0.001212	0.001212	0.003745	0.003745
85	3	19	3	P75	28	-0.000703	-0.000703	0.001124	0.001124
85	3	19	3	P90	29	-0.001210	-0.001210	0.000609	0.000609
85	3	19	3	P95	31	0.003139	0.003139	0.001201	0.001201
85	3	19	3	P99	31	0.003139	0.003139	0.001201	0.001201
85	3	19	3	P999	31	0.003139	0.003139	0.001201	0.001201
85	4	36	4	P1	1	-0.002387	-0.002387	0.000138	0.000138
85	4	36	4	P50	1	0.000103	-0.000035	0.002634	0.002495
85	4	36	4	P75	26	-0.000435	-0.961492	0.001408	-0.961394
85	4	36	4	P90	28	0.000232	0.000232	0.002060	0.002060
85	4	36	4	P95	29	-0.001210	-0.001210	0.000609	0.000609
85	4	36	4	P99	31	0.003139	0.003139	0.001201	0.001201
85	4	36	4	P999	31	0.003139	0.003139	0.001201	0.001201
85	5	40	5	P1	1	-0.002387	-0.002387	0.000138	0.000138
85	5	40	5	P50	1	0.000380	0.000242	0.002912	0.002773
85	5	40	5	P75	27	0.002955	-0.000788	0.001047	-0.000200
85	5	40	5	P90	29	-0.003075	-0.004007	-0.001260	-0.002192
85	5	40	5	P95	29	-0.001210	-0.002143	0.000609	-0.000326
85	5	40	5	P99	31	0.003139	0.003139	0.001201	0.001201
85	5	40	5	P999	31	0.003139	0.003139	0.001201	0.001201
85	6	44	6	P1	1	-0.002404	-0.002404	0.000121	0.000121
85	6	44	6	P50	1	0.000246	0.000125	0.002777	0.002656
85	6	44	6	P75	27	-0.000788	-0.002654	-0.000200	-0.001445
85	6	44	6	P90	29	-0.004007	-0.004007	-0.002192	-0.002192
85	6	44	6	P95	29	-0.002143	-0.002143	-0.000326	-0.000326
85	6	44	6	P99	31	0.003139	0.003139	0.001201	0.001201
85	6	44	6	P999	31	0.003139	0.003139	0.001201	0.001201
85	7	48	7	P1	1	-0.002418	-0.002418	0.000107	0.000107
85	7	48	7	P50	1	0.000143	0.000036	0.002674	0.002566
85	7	48	7	P75	27	-0.002654	-0.037456	-0.001445	-0.035681
85	7	48	7	P90	29	-0.004007	-0.004007	-0.002192	-0.002192
85	7	48	7	P95	29	-0.002143	-0.002143	-0.000326	-0.000326
85	7	48	7	P99	31	0.003139	0.003139	0.001201	0.001201
85	7	48	7	P999	31	0.003139	0.003139	0.001201	0.001201
86	1	199	1	P1	1	-0.002486	-0.002486	0.000039	0.000039
86	1	199	1	P50	1	-0.000591	-0.000591	0.001939	0.001939
86	1	199	1	P75	1	0.000378	0.000378	0.002909	0.002909
86	1	199	1	P90	1	0.000959	0.000959	0.003492	0.003492
86	1	199	1	P95	1	0.001153	0.001153	0.003687	0.003687
86	1	199	1	P99	29	-0.002454	-0.002454	-0.000637	-0.000637
86	1	199	1	P999	29	-0.001210	-0.001210	0.000609	0.000609
86	2	202	2	P1	1	-0.002467	-0.002467	0.000058	0.000058
86	2	202	2	P50	1	-0.000552	-0.000571	0.001977	0.001958
86	2	202	2	P75	1	0.000417	0.000417	0.002948	0.002948
86	2	202	2	P90	1	0.000998	0.000998	0.003531	0.003531
86	2	202	2	P95	1	0.001192	0.001192	0.003726	0.003726
86	2	202	2	P99	29	-0.003696	-0.003696	-0.001882	-0.001882
86	2	202	2	P999	29	-0.001210	-0.001210	0.000609	0.000609
86	3	207	3	P1	1	-0.002468	-0.002468	0.000057	0.000057
86	3	207	3	P50	1	-0.000564	-0.000564	0.001965	0.001965
86	3	207	3	P75	1	0.000418	0.000418	0.002949	0.002949
86	3	207	3	P90	1	0.001004	0.001004	0.003537	0.003537
86	3	207	3	P95	1	0.001193	0.001193	0.003726	0.003726
86	3	207	3	P99	29	-0.003696	-0.003696	-0.001882	-0.001882
86	3	207	3	P999	29	-0.001210	-0.001210	0.000609	0.000609
86	4	210	4	P1	1	-0.002469	-0.002469	0.000056	0.000056
86	4	210	4	P50	1	-0.000556	-0.000575	0.001973	0.001955
86	4	210	4	P75	1	0.000411	0.000411	0.002943	0.002943
86	4	210	4	P90	1	0.001007	0.000988	0.003540	0.003521
86	4	210	4	P95	1	0.001193	0.001193	0.003726	0.003726
86	4	210	4	P99	29	-0.003696	-0.003696	-0.001882	-0.001882
86	4	210	4	P999	29	-0.001210	-0.001210	0.000609	0.000609
86	5	213	5	P1	1	-0.002469	-0.002469	0.000056	0.000056
86	5	213	5	P50	1	-0.000537	-0.000537	0.001992	0.001992
86	5	213	5	P75	1	0.000448	0.000448	0.002980	0.002980
86	5	213	5	P90	1	0.001044	0.001044	0.003577	0.003577
86	5	213	5	P95	27	0.002955	0.002955	0.001047	0.001047
86	5	213	5	P99	29	-0.002703	-0.002703	-0.000886	-0.000886
86	5	213	5	P999	29	-0.001210	-0.001210	0.000609	0.000609
86	6	363	6	P1	1	-0.002482	-0.002482	0.000043	0.000043
86	6	363	6	P50	1	-0.000589	-0.000589	0.001940	0.001940
86	6	363	6	P75	1	0.000380	0.000380	0.002912	0.002912
86	6	363	6	P90	1	0.000956	0.000956	0.003488	0.003488
86	6	363	6	P95	1	0.001148	0.001148	0.003681	0.003681
86	6	363	6	P99	29	-0.003448	-0.003448	-0.001633	-0.001633
86	6	363	6	P999	29	-0.001210	-0.001210	0.000609	0.000609
86	7	365	7	P1	1	-0.002482	-0.002482	0.000043	0.000043
86	7	365	7	P50	1	-0.000578	-0.000578	0.001951	0.001951
86	7	365	7	P75	1	0.000391	0.000391	0.002922	0.002922
86	7	365	7	P90	1	0.000977	0.000977	0.003510	0.003510
86	7	365	7	P95	1	0.001169	0.001169	0.003702	0.003702
86	7	365	7	P99	29	-0.002703	-0.002703	-0.001260	-0.001260
86	7	365	7	P999	29	0.002531	0.002531	0.000609	0.000609
87	1	6	1	P1	1	-0.002222	-0.002222	0.000748	0.000748
87	1	6	1	P50	1	0.000018	-0.000729	0.002995	0.002245
87	1	6	1	P75	1	0.000766	0.000766	0.003745	0.003745
87	1	6	1	P90	2	-0.000766	-0.000766	0.002116	0.002116
87	1	6	1	P95	2	-0.000766	-0.000766	0.002116	0.002116
87	1	6	1	P99	2	-0.000766	-0.000766	0.002116	0.002116
87	1	6	1	P999	2	-0.000766	-0.000766	0.002116	0.002116
87	2	9	2	P1	1	-0.002337	-0.002337	0.000748	0.000748
87	2	9	2	P50	1	0.000652	0.000652	0.003745	0.003745
87	2	9	2	P75	28	-0.002517	-0.002517	0.000189	0.000189
87	2	9	2	P90	29	0.001643	0.001643	0.000609	0.000609
87	2	9	2	P95	29	0.001643	0.001643	0.000609	0.000609
87	2	9	2	P99	29	0.001643	0.001643	0.000609	0.000609
87	2	9	2	P999	29	0.001643	0.001643	0.000609	0.000609
87	3	21	3	P1	1	-0.002863	-0.002863	0.000220	0.000220
87	3	21	3	P50	1	-0.000668	-0.000668	0.002422	0.002422
87	3	21	3	P75	1	0.000432	0.000432	0.003524	0.003524
87	3	21	3	P90	28	-0.002517	-0.002517	0.000189	0.000189
87	3	21	3	P95	28	-0.000651	-0.000651	0.002060	0.002060
87	3	21	3	P99	29	0.001643	0.001643	0.000609	0.000609
87	3	21	3	P999	29	0.001643	0.001643	0.000609	0.000609
87	4	23	4	P1	1	-0.002863	-0.002863	0.000220	0.000220
87	4	23	4	P50	1	-0.000448	-0.000448	0.002642	0.002642
87	4	23	4	P75	2	-0.000894	-0.000894	0.002116	0.002116
87	4	23	4	P90	28	-0.001585	-0.001585	0.001124	0.001124
87	4	23	4	P95	28	-0.000651	-0.000651	0.002060	0.002060
87	4	23	4	P99	29	0.001643	0.001643	0.000609	0.000609
87	4	23	4	P999	29	0.001643	0.001643	0.000609	0.000609
87	5	27	5	P1	1	-0.002905	-0.002905	0.000178	0.000178
87	5	27	5	P50	1	-0.000595	-0.000595	0.002495	0.002495
87	5	27	5	P75	1	0.000652	0.000652	0.003745	0.003745
87	5	27	5	P90	28	-0.001585	-0.001585	0.001124	0.001124
87	5	27	5	P95	28	-0.000651	-0.000651	0.002060	0.002060
87	5	27	5	P99	29	0.001643	0.001643	0.000609	0.000609
87	5	27	5	P999	29	0.001643	0.001643	0.000609	0.000609
87	6	29	6	P1	1	-0.002920	-0.002920	0.000163	0.000163
87	6	29	6	P50	1	-0.000649	-0.000649	0.002441	0.002441
87	6	29	6	P75	1	0.000489	0.000489	0.003582	0.003582
87	6	29	6	P90	28	-0.001585	-0.001585	0.001124	0.001124
87	6	29	6	P95	28	-0.000651	-0.000651	0.002060	0.002060
87	6	29	6	P99	29	0.001643	0.001643	0.000609	0.000609
87	6	29	6	P999	29	0.001643	0.001643	0.000609	0.000609
87	7	31	7	P1	1	-0.002920	-0.002920	0.000163	0.000163
87	7	31	7	P50	1	-0.000486	-0.000486	0.002604	0.002604
87	7	31	7	P75	2	-0.000894	-0.000894	0.002116	0.002116
87	7	31	7	P90	28	-0.002144	-0.002144	0.000563	0.000563
87	7	31	7	P95	28	-0.000651	-0.000651	0.002060	0.002060
87	7	31	7	P99	29	0.001643	0.001643	0.000609	0.000609
87	7	31	7	P999	29	0.001643	0.001643	0.000609	0.000609
88	1	5101	1	P1	1	-0.002486	-0.002486	0.000038	0.000038
88	1	5101	1	P50	1	-0.000646	-0.000646	0.001883	0.001883
88	1	5101	1	P75	1	0.000295	0.000295	0.002826	0.002826
88	1	5101	1	P90	1	0.000859	0.000859	0.003392	0.003392
88	1	5101	1	P95	1	0.001048	0.001048	0.003581	0.003581
88	1	5101	1	P99	1	0.001198	0.001198	0.003732	0.003732
88	1	5101	1	P999	29	-0.003448	-0.003448	-0.001633	-0.001633
88	2	5136	2	P1	1	-0.002487	-0.002487	0.000038	0.000038
88	2	5136	2	P50	1	-0.000646	-0.000646	0.001884	0.001883
88	2	5136	2	P75	1	0.000295	0.000294	0.002826	0.002826
88	2	5136	2	P90	1	0.000860	0.000860	0.003392	0.003392
88	2	5136	2	P95	1	0.001048	0.001048	0.003581	0.003581
88	2	5136	2	P99	1	0.001198	0.001198	0.003732	0.003732
88	2	5136	2	P999	29	-0.003448	-0.003448	-0.001633	-0.001633
88	3	5159	3	P1	1	-0.002487	-0.002487	0.000038	0.000038
88	3	5159	3	P50	1	-0.000645	-0.000645	0.001884	0.001884
88	3	5159	3	P75	1	0.000296	0.000296	0.002828	0.002828
88	3	5159	3	P90	1	0.000862	0.000862	0.003394	0.003394
88	3	5159	3	P95	1	0.001050	0.001050	0.003583	0.003583
88	3	5159	3	P99	1	0.001201	0.001201	0.003734	0.003734
88	3	5159	3	P999	29	-0.003448	-0.003448	-0.001633	-0.001633
88	4	5185	4	P1	1	-0.002390	-0.002390	0.000038	0.000038
88	4	5185	4	P50	1	-0.000538	-0.000538	0.001894	0.001894
88	4	5185	4	P75	1	0.000408	0.000408	0.002842	0.002842
88	4	5185	4	P90	1	0.000976	0.000976	0.003411	0.003411
88	4	5185	4	P95	1	0.001165	0.001165	0.003601	0.003601
88	4	5185	4	P99	2	0.003587	0.003587	0.002116	0.002116
88	4	5185	4	P999	30	0.002433	0.002433	0.000349	0.000349
88	5	14780	5	P1	1	-0.002390	-0.002390	0.000038	0.000038
88	5	14780	5	P50	1	-0.000550	-0.000550	0.001882	0.001881
88	5	14780	5	P75	1	0.000390	0.000390	0.002824	0.002823
88	5	14780	5	P90	1	0.000954	0.000954	0.003389	0.003389
88	5	14780	5	P95	1	0.001142	0.001142	0.003578	0.003578
88	5	14780	5	P99	1	0.001293	0.001293	0.003729	0.003729
88	5	14780	5	P999	29	-0.002455	-0.002455	-0.000793	-0.000793
88	6	14802	6	P1	1	-0.002390	-0.002390	0.000038	0.000038
88	6	14802	6	P50	1	-0.000547	-0.000547	0.001884	0.001884
88	6	14802	6	P75	1	0.000394	0.000394	0.002828	0.002828
88	6	14802	6	P90	1	0.000959	0.000959	0.003394	0.003394
88	6	14802	6	P95	1	0.001148	0.001148	0.003583	0.003583
88	6	14802	6	P99	1	0.001298	0.001298	0.003734	0.003734
88	6	14802	6	P999	29	0.002686	0.002686	0.000609	0.000609
88	7	14837	7	P1	1	-0.002390	-0.002390	0.000038	0.000038
88	7	14837	7	P50	1	-0.000547	-0.000547	0.001884	0.001884
88	7	14837	7	P75	1	0.000394	0.000394	0.002828	0.002828
88	7	14837	7	P90	1	0.000959	0.000959	0.003394	0.003394
88	7	14837	7	P95	1	0.001148	0.001148	0.003583	0.003583
88	7	14837	7	P99	1	0.001298	0.001298	0.003734	0.003734
88	7	14837	7	P999	29	0.002686	0.002686	0.000609	0.000609
89	1	46	1	P1	1	-0.002957	-0.002957	0.000197	0.000197
89	1	46	1	P50	27	-0.000533	-0.034805	-0.001445	-0.035681
89	1	46	1	P75	29	-0.001141	-0.001141	-0.002059	-0.002059
89	1	46	1	P90	30	-0.000597	-0.000597	-0.001519	-0.001519
89	1	46	1	P95	30	0.001272	0.001272	0.000349	0.000349
89	1	46	1	P99	33	-0.000580	-0.000580	0.002228	0.002228
89	1	46	1	P999	33	-0.000580	-0.000580	0.002228	0.002228
89	2	8572	2	P1	1	-0.003116	-0.003116	0.000038	0.000038
89	2	8572	2	P50	1	-0.001277	-0.001277	0.001882	0.001882
89	2	8572	2	P75	1	-0.000337	-0.000338	0.002825	0.002824
89	2	8572	2	P90	1	0.000226	0.000226	0.003390	0.003390
89	2	8572	2	P95	1	0.000415	0.000415	0.003579	0.003579
89	2	8572	2	P99	1	0.000565	0.000565	0.003730	0.003730
89	2	8572	2	P999	29	0.000460	0.000460	-0.000459	-0.000459
89	3	8599	3	P1	1	-0.003116	-0.003116	0.000038	0.000038
89	3	8599	3	P50	1	-0.001271	-0.001271	0.001888	0.001888
89	3	8599	3	P75	1	-0.000328	-0.000328	0.002833	0.002833
89	3	8599	3	P90	1	0.000237	0.000237	0.003401	0.003401
89	3	8599	3	P95	1	0.000426	0.000426	0.003590	0.003590
89	3	8599	3	P99	1	0.000577	0.000577	0.003742	0.003742
89	3	8599	3	P999	29	0.001061	0.001061	0.000141	0.000141
89	4	8639	4	P1	1	-0.003115	-0.003115	0.000038	0.000038
89	4	8639	4	P50	1	-0.001271	-0.001271	0.001888	0.001888
89	4	8639	4	P75	1	-0.000329	-0.000329	0.002833	0.002833
89	4	8639	4	P90	1	0.000237	0.000237	0.003401	0.003401
89	4	8639	4	P95	1	0.000426	0.000426	0.003590	0.003590
89	4	8639	4	P99	1	0.000577	0.000577	0.003741	0.003741
89	4	8639	4	P999	29	0.001061	0.001061	0.000141	0.000141
89	5	8666	5	P1	1	-0.003116	-0.003116	0.000038	0.000038
89	5	8666	5	P50	1	-0.001270	-0.001271	0.001889	0.001888
89	5	8666	5	P75	1	-0.000328	-0.000328	0.002834	0.002834
89	5	8666	5	P90	1	0.000238	0.000238	0.003402	0.003402
89	5	8666	5	P95	1	0.000427	0.000427	0.003591	0.003591
89	5	8666	5	P99	1	0.000578	0.000578	0.003743	0.003743
89	5	8666	5	P999	29	0.001061	0.001061	0.000141	0.000141
89	6	8698	6	P1	1	-0.003116	-0.003116	0.000038	0.000038
89	6	8698	6	P50	1	-0.001263	-0.001264	0.001896	0.001895
89	6	8698	6	P75	1	-0.000317	-0.000317	0.002845	0.002845
89	6	8698	6	P90	1	0.000251	0.000251	0.003415	0.003415
89	6	8698	6	P95	1	0.000440	0.000440	0.003605	0.003605
89	6	8698	6	P99	2	0.002768	0.002768	0.002116	0.002116
89	6	8698	6	P999	30	0.000026	0.000026	-0.000897	-0.000897
89	7	15721	7	P1	1	-0.003116	-0.003116	0.000038	0.000038
89	7	15721	7	P50	1	-0.001273	-0.001273	0.001886	0.001886
89	7	15721	7	P75	1	-0.000331	-0.000331	0.002831	0.002831
89	7	15721	7	P90	1	0.000234	0.000234	0.003398	0.003398
89	7	15721	7	P95	1	0.000423	0.000423	0.003587	0.003587
89	7	15721	7	P99	1	0.000574	0.000574	0.003738	0.003738
89	7	15721	7	P999	29	0.000905	0.000905	-0.000014	-0.000014
90	1	75	1	P1	1	-0.003400	-0.003400	0.000085	0.000085
90	1	75	1	P50	1	-0.000262	-0.000262	0.003233	0.003233
90	1	75	1	P75	28	-0.000754	-0.000754	-0.001145	-0.001145
90	1	75	1	P90	29	0.001002	0.001002	0.000609	0.000609
90	1	75	1	P95	30	0.000743	0.000743	0.000349	0.000349
90	1	75	1	P99	33	0.002627	0.002627	0.002228	0.002228
90	1	75	1	P999	33	0.002627	0.002627	0.002228	0.002228
90	2	102	2	P1	1	-0.003373	-0.003373	0.000112	0.000112
90	2	102	2	P50	1	-0.000589	-0.000645	0.002905	0.002849
90	2	102	2	P75	27	-0.001767	-0.001767	-0.002155	-0.002155
90	2	102	2	P90	29	-0.001241	-0.001241	-0.001633	-0.001633
90	2	102	2	P95	30	-0.001126	-0.001126	-0.001519	-0.001519
90	2	102	2	P99	32	-0.000248	-0.000248	0.003098	0.003098
90	2	102	2	P999	33	0.002627	0.002627	0.002228	0.002228
90	3	132	3	P1	1	-0.003373	-0.003373	0.000112	0.000112
90	3	132	3	P50	1	0.000248	0.000192	0.003745	0.003689
90	3	132	3	P75	28	0.001984	0.001750	0.001592	0.001358
90	3	132	3	P90	30	-0.001126	-0.001126	-0.002452	-0.002452
90	3	132	3	P95	31	-0.000273	-0.000273	-0.000668	-0.000668
90	3	132	3	P99	34	0.002679	0.002679	0.002279	0.002279
90	3	132	3	P999	57	0.001848	0.001848	0.001426	0.001426
90	4	149	4	P1	1	-0.003396	-0.003396	0.000089	0.000089
90	4	149	4	P50	1	-0.000153	-0.000153	0.003343	0.003343
90	4	149	4	P75	28	0.000814	0.000814	0.000423	0.000423
90	4	149	4	P90	30	-0.002059	-0.002059	-0.002918	-0.002918
90	4	149	4	P95	30	0.004491	0.004491	0.000349	0.000349
90	4	149	4	P99	34	0.002679	0.002679	0.002279	0.002279
90	4	149	4	P999	57	0.001848	0.001848	0.001426	0.001426
90	5	151	5	P1	1	-0.003396	-0.003396	0.000089	0.000089
90	5	151	5	P50	1	-0.000108	-0.000108	0.003388	0.003388
90	5	151	5	P75	28	0.001048	0.001048	0.000657	0.000657
90	5	151	5	P90	30	-0.002059	-0.002059	-0.002918	-0.002918
90	5	151	5	P95	31	-0.000273	-0.000273	-0.000668	-0.000668
90	5	151	5	P99	34	0.002679	0.002679	0.002279	0.002279
90	5	151	5	P999	57	0.001848	0.001848	0.001426	0.001426
90	6	154	6	P1	1	-0.003399	-0.003399	0.000086	0.000086
90	6	154	6	P50	1	-0.000139	-0.000182	0.003357	0.003314
90	6	154	6	P75	28	0.000814	0.000814	0.000423	0.000423
90	6	154	6	P90	30	-0.002059	-0.002059	-0.002918	-0.002918
90	6	154	6	P95	31	-0.000273	-0.000273	-0.000668	-0.000668
90	6	154	6	P99	34	0.002679	0.002679	0.002279	0.002279
90	6	154	6	P999	57	0.001848	0.001848	0.001426	0.001426
90	7	156	7	P1	1	-0.003401	-0.003401	0.000084	0.000084
90	7	156	7	P50	1	-0.000172	-0.000214	0.003323	0.003281
90	7	156	7	P75	28	0.000814	0.000581	0.000423	0.000189
90	7	156	7	P90	30	-0.002059	-0.002059	-0.002918	-0.002918
90	7	156	7	P95	31	-0.000273	-0.000273	-0.000668	-0.000668
90	7	156	7	P99	34	0.002679	0.002679	0.002279	0.002279
90	7	156	7	P999	57	0.001848	0.001848	0.001426	0.001426
91	1	71	1	P1	1	-0.003028	-0.003028	0.000054	0.000054
91	1	71	1	P50	1	-0.001136	-0.001136	0.001952	0.001952
91	1	71	1	P75	1	-0.000161	-0.000161	0.002930	0.002930
91	1	71	1	P90	1	0.000381	0.000381	0.003473	0.003473
91	1	71	1	P95	1	0.000597	0.000597	0.003691	0.003691
91	1	71	1	P99	29	0.001643	0.001643	0.000609	0.000609
91	1	71	1	P999	29	0.001643	0.001643	0.000609	0.000609
91	2	75	2	P1	1	-0.003028	-0.003028	0.000054	0.000054
91	2	75	2	P50	1	-0.001028	-0.001028	0.002061	0.002061
91	2	75	2	P75	1	0.000001	0.000001	0.003093	0.003093
91	2	75	2	P90	1	0.000597	0.000597	0.003691	0.003691
91	2	75	2	P95	26	-0.001310	-0.001310	0.001408	0.001408
91	2	75	2	P99	29	0.001643	0.001643	0.000609	0.000609
91	2	75	2	P999	29	0.001643	0.001643	0.000609	0.000609
91	3	81	3	P1	1	-0.003033	-0.003033	0.000050	0.000050
91	3	81	3	P50	1	-0.001043	-0.001043	0.002046	0.002046
91	3	81	3	P75	1	-0.000046	-0.000046	0.003045	0.003045
91	3	81	3	P90	1	0.000552	0.000552	0.003645	0.003645
91	3	81	3	P95	26	-0.002554	-0.002554	0.000161	0.000161
91	3	81	3	P99	29	0.001643	0.001643	0.000609	0.000609
91	3	81	3	P999	29	0.001643	0.001643	0.000609	0.000609
91	4	85	4	P1	1	-0.003035	-0.003035	0.000047	0.000047
91	4	85	4	P50	1	-0.001052	-0.001052	0.002037	0.002037
91	4	85	4	P75	1	-0.000058	-0.000058	0.003033	0.003033
91	4	85	4	P90	1	0.000557	0.000557	0.003650	0.003650
91	4	85	4	P95	26	-0.002554	-0.002554	0.000161	0.000161
91	4	85	4	P99	29	0.001643	0.001643	0.000609	0.000609
91	4	85	4	P999	29	0.001643	0.001643	0.000609	0.000609
91	5	89	5	P1	1	-0.002478	-0.002478	0.000047	0.000047
91	5	89	5	P50	1	-0.000398	-0.000398	0.002131	0.002131
91	5	89	5	P75	1	0.000643	0.000643	0.003175	0.003175
91	5	89	5	P90	26	-0.001680	-0.001680	0.000161	0.000161
91	5	89	5	P95	28	0.000232	0.000232	0.002060	0.002060
91	5	89	5	P99	30	0.002278	0.002278	0.000349	0.000349
91	5	89	5	P999	30	0.002278	0.002278	0.000349	0.000349
91	6	117	6	P1	1	-0.002455	-0.002455	0.000070	0.000070
91	6	117	6	P50	1	-0.000466	-0.000466	0.002063	0.002063
91	6	117	6	P75	1	0.000547	0.000547	0.003079	0.003079
91	6	117	6	P90	1	0.001177	0.001177	0.003710	0.003710
91	6	117	6	P95	28	-0.001636	-0.001636	0.000189	0.000189
91	6	117	6	P99	29	0.002531	0.002531	0.000609	0.000609
91	6	117	6	P999	30	0.002278	0.002278	0.000349	0.000349
91	7	121	7	P1	1	-0.002455	-0.002455	0.000070	0.000070
91	7	121	7	P50	1	-0.000396	-0.000396	0.002133	0.002133
91	7	121	7	P75	1	0.000652	0.000652	0.003184	0.003184
91	7	121	7	P90	26	-0.002302	-0.002302	-0.000462	-0.000462
91	7	121	7	P95	28	-0.001636	-0.001636	0.000189	0.000189
91	7	121	7	P99	29	0.002531	0.002531	0.000609	0.000609
91	7	121	7	P999	30	0.002278	0.002278	0.000349	0.000349
92	1	9	0	P1	1	-0.003317	-0.003317	0.000415	0.000415
92	1	9	0	P50	1	-0.001660	-0.001660	0.002079	0.002079
92	1	9	0	P75	1	-0.000830	-0.000830	0.002912	0.002912
92	1	9	0	P90	1	-0.000000	-0.000000	0.003745	0.003745
92	1	9	0	P95	1	-0.000000	-0.000000	0.003745	0.003745
92	1	9	0	P99	1	-0.000000	-0.000000	0.003745	0.003745
92	1	9	0	P999	1	-0.000000	-0.000000	0.003745	0.003745
92	2	14	1	P1	1	-0.002668	-0.002668	0.000415	0.000415
92	2	14	1	P50	1	0.000236	-0.000179	0.003328	0.002912
92	2	14	1	P75	28	-0.002517	-0.002517	0.000189	0.000189
92	2	14	1	P90	29	-0.000228	-0.000228	-0.001260	-0.001260
92	2	14	1	P95	29	0.001643	0.001643	0.000609	0.000609
92	2	14	1	P99	29	0.001643	0.001643	0.000609	0.000609
92	2	14	1	P999	29	0.001643	0.001643	0.000609	0.000609
92	3	33	2	P1	1	-0.002949	-0.002949	0.000134	0.000134
92	3	33	2	P50	1	-0.000817	-0.000817	0.002272	0.002272
92	3	33	2	P75	1	0.000251	0.000251	0.003343	0.003343
92	3	33	2	P90	28	-0.002517	-0.002517	0.000189	0.000189
92	3	33	2	P95	29	-0.000228	-0.000228	-0.001260	-0.001260
92	3	33	2	P99	29	0.001643	0.001643	0.000609	0.000609
92	3	33	2	P999	29	0.001643	0.001643	0.000609	0.000609
92	4	36	3	P1	1	-0.002949	-0.002949	0.000134	0.000134
92	4	36	3	P50	1	-0.000550	-0.000684	0.002540	0.002406
92	4	36	3	P75	1	0.000652	0.000518	0.003745	0.003611
92	4	36	3	P90	28	-0.001896	-0.001896	0.000813	0.000813
92	4	36	3	P95	29	-0.000228	-0.000228	-0.001260	-0.001260
92	4	36	3	P99	29	0.001643	0.001643	0.000609	0.000609
92	4	36	3	P999	29	0.001643	0.001643	0.000609	0.000609
92	5	41	4	P1	1	-0.002969	-0.002969	0.000113	0.000113
92	5	41	4	P50	1	-0.000708	-0.000708	0.002382	0.002382
92	5	41	4	P75	1	0.000425	0.000425	0.003518	0.003518
92	5	41	4	P90	28	-0.003139	-0.003139	-0.000434	-0.000434
92	5	41	4	P95	28	-0.000651	-0.000651	0.002060	0.002060
92	5	41	4	P99	29	0.001643	0.001643	0.000609	0.000609
92	5	41	4	P999	29	0.001643	0.001643	0.000609	0.000609
92	6	44	5	P1	1	-0.002979	-0.002979	0.000104	0.000104
92	6	44	5	P50	1	-0.000698	-0.000802	0.002391	0.002287
92	6	44	5	P75	1	0.000444	0.000340	0.003537	0.003432
92	6	44	5	P90	28	-0.003139	-0.003139	-0.000434	-0.000434
92	6	44	5	P95	28	-0.000651	-0.000651	0.002060	0.002060
92	6	44	5	P99	29	0.001643	0.001643	0.000609	0.000609
92	6	44	5	P999	29	0.001643	0.001643	0.000609	0.000609
92	7	47	6	P1	1	-0.002421	-0.002421	0.000104	0.000104
92	7	47	6	P50	1	-0.000035	-0.000035	0.002495	0.002495
92	7	47	6	P75	1	0.001212	0.001212	0.003745	0.003745
92	7	47	6	P90	28	0.000232	0.000232	0.002060	0.002060
92	7	47	6	P95	29	-0.001210	-0.001210	-0.001260	-0.001260
92	7	47	6	P99	29	0.002531	0.002531	0.000609	0.000609
92	7	47	6	P999	29	0.002531	0.002531	0.000609	0.000609
93	1	402	1	P1	1	-0.003036	-0.003036	0.000047	0.000047
93	1	402	1	P50	1	-0.001198	-0.001208	0.001889	0.001880
93	1	402	1	P75	1	-0.000264	-0.000264	0.002826	0.002826
93	1	402	1	P90	1	0.000296	0.000296	0.003389	0.003389
93	1	402	1	P95	1	0.000483	0.000483	0.003576	0.003576
93	1	402	1	P99	1	0.000633	0.000633	0.003726	0.003726
93	1	402	1	P999	28	-0.000651	-0.000651	0.002060	0.002060
93	2	404	2	P1	1	-0.003036	-0.003036	0.000046	0.000046
93	2	404	2	P50	1	-0.001198	-0.001208	0.001889	0.001880
93	2	404	2	P75	1	-0.000260	-0.000269	0.002831	0.002821
93	2	404	2	P90	1	0.000298	0.000298	0.003390	0.003390
93	2	404	2	P95	1	0.000484	0.000484	0.003577	0.003577
93	2	404	2	P99	1	0.000633	0.000633	0.003726	0.003726
93	2	404	2	P999	28	-0.000651	-0.000651	0.002060	0.002060
93	3	406	3	P1	1	-0.003036	-0.003036	0.000046	0.000046
93	3	406	3	P50	1	-0.001199	-0.001208	0.001889	0.001880
93	3	406	3	P75	1	-0.000265	-0.000265	0.002826	0.002826
93	3	406	3	P90	1	0.000300	0.000300	0.003392	0.003392
93	3	406	3	P95	1	0.000485	0.000485	0.003578	0.003578
93	3	406	3	P99	1	0.000633	0.000633	0.003726	0.003726
93	3	406	3	P999	28	-0.000651	-0.000651	0.002060	0.002060
93	4	408	4	P1	1	-0.002479	-0.002479	0.000046	0.000046
93	4	408	4	P50	1	-0.000631	-0.000640	0.001899	0.001889
93	4	408	4	P75	1	0.000313	0.000304	0.002845	0.002835
93	4	408	4	P90	1	0.000878	0.000878	0.003411	0.003411
93	4	408	4	P95	1	0.001063	0.001063	0.003596	0.003596
93	4	408	4	P99	1	0.001212	0.001212	0.003745	0.003745
93	4	408	4	P999	29	-0.001210	-0.001210	0.000609	0.000609
93	5	524	5	P1	1	-0.002482	-0.002482	0.000043	0.000043
93	5	524	5	P50	1	-0.000633	-0.000640	0.001896	0.001889
93	5	524	5	P75	1	0.000310	0.000303	0.002842	0.002834
93	5	524	5	P90	1	0.000873	0.000873	0.003405	0.003405
93	5	524	5	P95	1	0.001060	0.001060	0.003593	0.003593
93	5	524	5	P99	1	0.001212	0.001212	0.003745	0.003745
93	5	524	5	P999	29	-0.001210	-0.001210	0.000609	0.000609
93	6	527	6	P1	1	-0.002482	-0.002482	0.000043	0.000043
93	6	527	6	P50	1	-0.000626	-0.000626	0.001903	0.001903
93	6	527	6	P75	1	0.000325	0.000325	0.002856	0.002856
93	6	527	6	P90	1	0.000894	0.000894	0.003427	0.003427
93	6	527	6	P95	1	0.001082	0.001082	0.003615	0.003615
93	6	527	6	P99	27	-0.000788	-0.000788	0.001047	0.001047
93	6	527	6	P999	29	0.002531	0.002531	0.000609	0.000609
93	7	533	7	P1	1	-0.002482	-0.002482	0.000043	0.000043
93	7	533	7	P50	1	-0.000626	-0.000626	0.001903	0.001903
93	7	533	7	P75	1	0.000321	0.000321	0.002852	0.002852
93	7	533	7	P90	1	0.000891	0.000891	0.003423	0.003423
93	7	533	7	P95	1	0.001083	0.001083	0.003616	0.003616
93	7	533	7	P99	27	-0.000788	-0.000788	0.001047	0.001047
93	7	533	7	P999	29	0.002531	0.002531	0.000609	0.000609
94	1	8	1	P1	1	-0.000658	-0.000658	0.001871	0.001871
94	1	8	1	P50	28	0.000232	-0.036474	0.002060	-0.034705
94	1	8	1	P75	29	-0.001210	-0.003075	0.000609	-0.001260
94	1	8	1	P90	30	0.002278	0.002278	0.000349	0.000349
94	1	8	1	P95	30	0.002278	0.002278	0.000349	0.000349
94	1	8	1	P99	30	0.002278	0.002278	0.000349	0.000349
94	1	8	1	P999	30	0.002278	0.002278	0.000349	0.000349
94	2	215	2	P1	1	-0.002471	-0.002471	0.000054	0.000054
94	2	215	2	P50	1	-0.000586	-0.000586	0.001943	0.001943
94	2	215	2	P75	1	0.000384	0.000384	0.002916	0.002916
94	2	215	2	P90	1	0.000960	0.000960	0.003492	0.003492
94	2	215	2	P95	1	0.001158	0.001158	0.003691	0.003691
94	2	215	2	P99	29	-0.003075	-0.003075	-0.001260	-0.001260
94	2	215	2	P999	30	0.002278	0.002278	0.000349	0.000349
94	3	218	3	P1	1	-0.002471	-0.002471	0.000054	0.000054
94	3	218	3	P50	1	-0.000551	-0.000569	0.001979	0.001961
94	3	218	3	P75	1	0.000420	0.000420	0.002952	0.002952
94	3	218	3	P90	1	0.001014	0.001014	0.003547	0.003547
94	3	218	3	P95	1	0.001212	0.001212	0.003745	0.003745
94	3	218	3	P99	29	-0.003075	-0.003075	-0.001260	-0.001260
94	3	218	3	P999	30	0.002278	0.002278	0.000349	0.000349
94	4	221	4	P1	1	-0.002472	-0.002472	0.000053	0.000053
94	4	221	4	P50	1	-0.000561	-0.000561	0.001968	0.001968
94	4	221	4	P75	1	0.000414	0.000414	0.002945	0.002945
94	4	221	4	P90	1	0.000999	0.000999	0.003532	0.003532
94	4	221	4	P95	1	0.001194	0.001194	0.003727	0.003727
94	4	221	4	P99	29	-0.003075	-0.003075	-0.001260	-0.001260
94	4	221	4	P999	30	0.002278	0.002278	0.000349	0.000349
94	5	224	5	P1	1	-0.002472	-0.002472	0.000052	0.000052
94	5	224	5	P50	1	-0.000554	-0.000571	0.001976	0.001958
94	5	224	5	P75	1	0.000425	0.000407	0.002956	0.002939
94	5	224	5	P90	1	0.001002	0.001002	0.003535	0.003535
94	5	224	5	P95	1	0.001194	0.001194	0.003727	0.003727
94	5	224	5	P99	29	-0.003075	-0.003075	-0.001260	-0.001260
94	5	224	5	P999	30	0.002278	0.002278	0.000349	0.000349
94	6	228	6	P1	1	-0.002375	-0.002375	0.000052	0.000052
94	6	228	6	P50	1	-0.000421	-0.000439	0.002011	0.001993
94	6	228	6	P75	1	0.000575	0.000557	0.003009	0.002991
94	6	228	6	P90	1	0.001169	0.001169	0.003605	0.003605
94	6	228	6	P95	26	-0.000282	-0.000282	0.001408	0.001408
94	6	228	6	P99	29	-0.001056	-0.001056	0.000609	0.000609
94	6	228	6	P999	30	0.002433	0.002433	0.000349	0.000349
94	7	435	7	P1	1	-0.002383	-0.002383	0.000045	0.000045
94	7	435	7	P50	1	-0.000480	-0.000480	0.001951	0.001951
94	7	435	7	P75	1	0.000495	0.000495	0.002928	0.002928
94	7	435	7	P90	1	0.001076	0.001076	0.003512	0.003512
94	7	435	7	P95	1	0.001273	0.001273	0.003709	0.003709
94	7	435	7	P99	29	-0.003542	-0.003542	-0.001882	-0.001882
94	7	435	7	P999	30	0.002433	0.002433	0.000349	0.000349
95	1	17	1	P1	1	-0.002316	-0.002316	0.000374	0.000374
95	1	17	1	P50	1	0.000673	0.000673	0.003370	0.003370
95	1	17	1	P75	27	-0.001046	-0.001046	0.001047	0.001047
95	1	17	1	P90	29	0.002270	0.002270	0.000609	0.000609
95	1	17	1	P95	30	0.002016	0.002016	0.000349	0.000349
95	1	17	1	P99	30	0.002016	0.002016	0.000349	0.000349
95	1	17	1	P999	30	0.002016	0.002016	0.000349	0.000349
95	2	24	2	P1	1	-0.002440	-0.002440	0.000249	0.000249
95	2	24	2	P50	1	0.000548	0.000299	0.003245	0.002995
95	2	24	2	P75	26	-0.000692	-0.002559	0.001408	-0.000462
95	2	24	2	P90	28	-0.000028	-0.000028	0.002060	0.002060
95	2	24	2	P95	29	0.002270	0.002270	0.000609	0.000609
95	2	24	2	P99	30	0.002016	0.002016	0.000349	0.000349
95	2	24	2	P999	30	0.002016	0.002016	0.000349	0.000349
95	3	34	3	P1	1	-0.002834	-0.002834	0.000249	0.000249
95	3	34	3	P50	26	-0.003175	-0.807219	-0.000462	-0.807380
95	3	34	3	P75	28	-0.002051	-0.002051	0.000657	0.000657
95	3	34	3	P90	29	0.000395	0.000395	-0.000637	-0.000637
95	3	34	3	P95	30	0.001386	0.001386	0.000349	0.000349
95	3	34	3	P99	35	0.000508	0.000508	0.003198	0.003198
95	3	34	3	P999	35	0.000508	0.000508	0.003198	0.003198
95	4	1664	4	P1	1	-0.003044	-0.003044	0.000039	0.000039
95	4	1664	4	P50	1	-0.001187	-0.001190	0.001900	0.001898
95	4	1664	4	P75	1	-0.000240	-0.000242	0.002851	0.002849
95	4	1664	4	P90	1	0.000328	0.000328	0.003420	0.003420
95	4	1664	4	P95	1	0.000517	0.000517	0.003610	0.003610
95	4	1664	4	P99	26	-0.003175	-0.003175	-0.000462	-0.000462
95	4	1664	4	P999	30	0.001386	0.001386	0.000349	0.000349
95	5	1676	5	P1	1	-0.002486	-0.002486	0.000039	0.000039
95	5	1676	5	P50	1	-0.000615	-0.000617	0.001914	0.001912
95	5	1676	5	P75	1	0.000340	0.000338	0.002871	0.002869
95	5	1676	5	P90	1	0.000913	0.000913	0.003445	0.003445
95	5	1676	5	P95	1	0.001104	0.001104	0.003637	0.003637
95	5	1676	5	P99	28	-0.001761	-0.001761	0.000065	0.000065
95	5	1676	5	P999	30	0.002278	0.002278	0.000349	0.000349
95	6	1694	6	P1	1	-0.002486	-0.002486	0.000038	0.000038
95	6	1694	6	P50	1	-0.000616	-0.000618	0.001914	0.001911
95	6	1694	6	P75	1	0.000338	0.000338	0.002870	0.002870
95	6	1694	6	P90	1	0.000911	0.000911	0.003444	0.003444
95	6	1694	6	P95	1	0.001103	0.001103	0.003636	0.003636
95	6	1694	6	P99	28	-0.001761	-0.001761	0.000065	0.000065
95	6	1694	6	P999	30	0.002278	0.002278	0.000349	0.000349
95	7	1706	7	P1	1	-0.002485	-0.002485	0.000040	0.000040
95	7	1706	7	P50	1	-0.000615	-0.000617	0.001914	0.001912
95	7	1706	7	P75	1	0.000339	0.000339	0.002871	0.002871
95	7	1706	7	P90	1	0.000913	0.000913	0.003446	0.003446
95	7	1706	7	P95	1	0.001104	0.001104	0.003637	0.003637
95	7	1706	7	P99	28	-0.002009	-0.002009	-0.000184	-0.000184
95	7	1706	7	P999	30	0.002278	0.002278	0.000349	0.000349
96	1	2964	1	P1	1	-0.003044	-0.003044	0.000038	0.000038
96	1	2964	1	P50	1	-0.001201	-0.001202	0.001887	0.001885
96	1	2964	1	P75	1	-0.000260	-0.000261	0.002831	0.002829
96	1	2964	1	P90	1	0.000304	0.000304	0.003397	0.003397
96	1	2964	1	P95	1	0.000493	0.000493	0.003586	0.003586
96	1	2964	1	P99	1	0.000644	0.000644	0.003737	0.003737
96	1	2964	1	P999	29	0.000146	0.000146	-0.000886	-0.000886
96	2	3007	2	P1	1	-0.003043	-0.003043	0.000039	0.000039
96	2	3007	2	P50	1	-0.001175	-0.001175	0.001913	0.001913
96	2	3007	2	P75	1	-0.000219	-0.000219	0.002871	0.002871
96	2	3007	2	P90	1	0.000354	0.000354	0.003446	0.003446
96	2	3007	2	P95	1	0.000545	0.000545	0.003638	0.003638
96	2	3007	2	P99	28	-0.003596	-0.003596	-0.000892	-0.000892
96	2	3007	2	P999	30	0.000139	0.000139	-0.000897	-0.000897
96	3	3079	3	P1	1	-0.003044	-0.003044	0.000038	0.000038
96	3	3079	3	P50	1	-0.001176	-0.001176	0.001912	0.001912
96	3	3079	3	P75	1	-0.000221	-0.000221	0.002870	0.002870
96	3	3079	3	P90	1	0.000352	0.000352	0.003445	0.003445
96	3	3079	3	P95	1	0.000544	0.000544	0.003637	0.003637
96	3	3079	3	P99	28	-0.003596	-0.003596	-0.000892	-0.000892
96	3	3079	3	P999	30	0.000139	0.000139	-0.000897	-0.000897
96	4	3122	4	P1	1	-0.003043	-0.003043	0.000039	0.000039
96	4	3122	4	P50	1	-0.001173	-0.001174	0.001915	0.001914
96	4	3122	4	P75	1	-0.000218	-0.000218	0.002873	0.002873
96	4	3122	4	P90	1	0.000355	0.000355	0.003448	0.003448
96	4	3122	4	P95	1	0.000546	0.000546	0.003639	0.003639
96	4	3122	4	P99	28	-0.003792	-0.003792	-0.001089	-0.001089
96	4	3122	4	P999	30	0.000139	0.000139	-0.000897	-0.000897
96	5	3181	5	P1	1	-0.003043	-0.003043	0.000039	0.000039
96	5	3181	5	P50	1	-0.001138	-0.001138	0.001950	0.001950
96	5	3181	5	P75	1	-0.000164	-0.000164	0.002927	0.002927
96	5	3181	5	P90	1	0.000420	0.000420	0.003513	0.003513
96	5	3181	5	P95	1	0.000615	0.000615	0.003708	0.003708
96	5	3181	5	P99	29	-0.000228	-0.000228	-0.001260	-0.001260
96	5	3181	5	P999	33	-0.000465	-0.000465	0.002228	0.002228
96	6	7030	6	P1	1	-0.003044	-0.003044	0.000039	0.000039
96	6	7030	6	P50	1	-0.001176	-0.001177	0.001912	0.001911
96	6	7030	6	P75	1	-0.000223	-0.000223	0.002868	0.002868
96	6	7030	6	P90	1	0.000351	0.000350	0.003443	0.003442
96	6	7030	6	P95	1	0.000541	0.000541	0.003634	0.003634
96	6	7030	6	P99	28	-0.003263	-0.003263	-0.000558	-0.000558
96	6	7030	6	P999	31	0.000372	0.000372	-0.000668	-0.000668
96	7	7051	7	P1	1	-0.003044	-0.003044	0.000039	0.000039
96	7	7051	7	P50	1	-0.001171	-0.001171	0.001917	0.001917
96	7	7051	7	P75	1	-0.000214	-0.000214	0.002877	0.002877
96	7	7051	7	P90	1	0.000360	0.000360	0.003453	0.003453
96	7	7051	7	P95	1	0.000552	0.000552	0.003645	0.003645
96	7	7051	7	P99	28	-0.002725	-0.002725	-0.000018	-0.000018
96	7	7051	7	P999	31	0.000372	0.000372	-0.000668	-0.000668
97	1	53	0	P1	1	-0.003653	-0.003653	0.000078	0.000078
97	1	53	0	P50	1	-0.001634	-0.001634	0.002105	0.002105
97	1	53	0	P75	1	-0.000623	-0.000623	0.003120	0.003120
97	1	53	0	P90	1	-0.000000	-0.000000	0.003745	0.003745
97	1	53	0	P95	2	0.000619	0.000619	0.000619	0.000619
97	1	53	0	P99	2	0.002116	0.002116	0.002116	0.002116
97	1	53	0	P999	2	0.002116	0.002116	0.002116	0.002116
97	2	78	1	P1	1	-0.002447	-0.002447	0.000078	0.000078
97	2	78	1	P50	1	0.000588	0.000510	0.003120	0.003042
97	2	78	1	P75	27	-0.000788	-0.000788	0.001047	0.001047
97	2	78	1	P90	29	-0.002040	-0.002040	-0.000222	-0.000222
97	2	78	1	P95	30	0.000406	0.000406	-0.001519	-0.001519
97	2	78	1	P99	31	-0.000605	-0.000605	0.001201	0.001201
97	2	78	1	P999	31	-0.000605	-0.000605	0.001201	0.001201
97	3	2134	2	P1	1	-0.002486	-0.002486	0.000039	0.000039
97	3	2134	2	P50	1	-0.000624	-0.000626	0.001905	0.001903
97	3	2134	2	P75	1	0.000325	0.000325	0.002857	0.002857
97	3	2134	2	P90	1	0.000896	0.000896	0.003428	0.003428
97	3	2134	2	P95	1	0.001087	0.001087	0.003620	0.003620
97	3	2134	2	P99	27	-0.002032	-0.002032	-0.000200	-0.000200
97	3	2134	2	P999	30	0.001341	0.001341	-0.000586	-0.000586
97	4	2166	3	P1	1	-0.002486	-0.002486	0.000039	0.000039
97	4	2166	3	P50	1	-0.000596	-0.000598	0.001933	0.001931
97	4	2166	3	P75	1	0.000368	0.000368	0.002899	0.002899
97	4	2166	3	P90	1	0.000948	0.000948	0.003480	0.003480
97	4	2166	3	P95	1	0.001140	0.001140	0.003673	0.003673
97	4	2166	3	P99	29	-0.004007	-0.004007	-0.002192	-0.002192
97	4	2166	3	P999	31	-0.000605	-0.000605	0.001201	0.001201
97	5	2218	4	P1	1	-0.002485	-0.002485	0.000040	0.000040
97	5	2218	4	P50	1	-0.000597	-0.000598	0.001933	0.001931
97	5	2218	4	P75	1	0.000367	0.000367	0.002899	0.002899
97	5	2218	4	P90	1	0.000947	0.000947	0.003480	0.003480
97	5	2218	4	P95	1	0.001140	0.001140	0.003673	0.003673
97	5	2218	4	P99	29	-0.004317	-0.004317	-0.002503	-0.002503
97	5	2218	4	P999	31	-0.000605	-0.000605	0.001201	0.001201
97	6	2249	5	P1	1	-0.002485	-0.002485	0.000040	0.000040
97	6	2249	5	P50	1	-0.000593	-0.000593	0.001936	0.001936
97	6	2249	5	P75	1	0.000373	0.000373	0.002905	0.002905
97	6	2249	5	P90	1	0.000955	0.000955	0.003488	0.003488
97	6	2249	5	P95	1	0.001148	0.001148	0.003681	0.003681
97	6	2249	5	P99	29	-0.004317	-0.004317	-0.002503	-0.002503
97	6	2249	5	P999	31	-0.000605	-0.000605	0.001201	0.001201
97	7	2301	6	P1	1	-0.003021	-0.003021	0.000041	0.000041
97	7	2301	6	P50	1	-0.001087	-0.001087	0.001981	0.001981
97	7	2301	6	P75	1	-0.000099	-0.000099	0.002972	0.002972
97	7	2301	6	P90	1	0.000494	0.000494	0.003567	0.003567
97	7	2301	6	P95	2	0.001621	0.001621	0.000868	0.000868
97	7	2301	6	P99	30	-0.001153	-0.001153	-0.002219	-0.002219
97	7	2301	6	P999	33	-0.000434	-0.000434	0.002228	0.002228
98	1	1470	1	P1	1	-0.002389	-0.002389	0.000039	0.000039
98	1	1470	1	P50	1	-0.000538	-0.000540	0.001894	0.001891
98	1	1470	1	P75	1	0.000406	0.000406	0.002840	0.002840
98	1	1470	1	P90	1	0.000975	0.000972	0.003410	0.003407
98	1	1470	1	P95	1	0.001163	0.001163	0.003598	0.003598
98	1	1470	1	P99	2	0.001338	0.001338	-0.000129	-0.000129
98	1	1470	1	P999	29	-0.001056	-0.001056	0.000609	0.000609
98	2	1488	2	P1	1	-0.002389	-0.002389	0.000038	0.000038
98	2	1488	2	P50	1	-0.000538	-0.000541	0.001894	0.001891
98	2	1488	2	P75	1	0.000407	0.000404	0.002841	0.002838
98	2	1488	2	P90	1	0.000974	0.000974	0.003409	0.003409
98	2	1488	2	P95	1	0.001162	0.001162	0.003597	0.003597
98	2	1488	2	P99	2	0.001338	0.001338	-0.000129	-0.000129
98	2	1488	2	P999	29	-0.001056	-0.001056	0.000609	0.000609
98	3	1499	3	P1	1	-0.002390	-0.002390	0.000038	0.000038
98	3	1499	3	P50	1	-0.000536	-0.000536	0.001896	0.001896
98	3	1499	3	P75	1	0.000412	0.000412	0.002845	0.002845
98	3	1499	3	P90	1	0.000981	0.000981	0.003415	0.003415
98	3	1499	3	P95	1	0.001170	0.001170	0.003606	0.003606
98	3	1499	3	P99	2	0.002181	0.002181	0.000712	0.000712
98	3	1499	3	P999	29	-0.001056	-0.001056	0.000609	0.000609
98	4	1510	4	P1	1	-0.002387	-0.002387	0.000040	0.000040
98	4	1510	4	P50	1	-0.000520	-0.000523	0.001911	0.001909
98	4	1510	4	P75	1	0.000432	0.000432	0.002866	0.002866
98	4	1510	4	P90	1	0.001006	0.001003	0.003441	0.003438
98	4	1510	4	P95	1	0.001195	0.001195	0.003631	0.003631
98	4	1510	4	P99	27	0.003109	0.003109	0.001047	0.001047
98	4	1510	4	P999	30	0.002433	0.002433	0.000349	0.000349
98	5	3878	5	P1	1	-0.002390	-0.002390	0.000038	0.000038
98	5	3878	5	P50	1	-0.000543	-0.000544	0.001889	0.001888
98	5	3878	5	P75	1	0.000400	0.000400	0.002833	0.002833
98	5	3878	5	P90	1	0.000966	0.000966	0.003401	0.003401
98	5	3878	5	P95	1	0.001155	0.001155	0.003591	0.003591
98	5	3878	5	P99	1	0.001306	0.001306	0.003742	0.003742
98	5	3878	5	P999	29	0.002686	0.002686	0.000609	0.000609
98	6	3886	6	P1	1	-0.002390	-0.002390	0.000038	0.000038
98	6	3886	6	P50	1	-0.000539	-0.000540	0.001893	0.001892
98	6	3886	6	P75	1	0.000406	0.000406	0.002839	0.002839
98	6	3886	6	P90	1	0.000973	0.000973	0.003408	0.003408
98	6	3886	6	P95	1	0.001162	0.001162	0.003598	0.003598
98	6	3886	6	P99	2	0.001400	0.001400	-0.000067	-0.000067
98	6	3886	6	P999	29	0.002686	0.002686	0.000609	0.000609
98	7	3895	7	P1	1	-0.002390	-0.002390	0.000038	0.000038
98	7	3895	7	P50	1	-0.000539	-0.000539	0.001892	0.001892
98	7	3895	7	P75	1	0.000406	0.000406	0.002840	0.002840
98	7	3895	7	P90	1	0.000973	0.000973	0.003408	0.003408
98	7	3895	7	P95	1	0.001163	0.001163	0.003598	0.003598
98	7	3895	7	P99	2	0.001400	0.001400	-0.000067	-0.000067
98	7	3895	7	P999	29	0.002686	0.002686	0.000609	0.000609
99	1	19	1	P1	1	-0.002550	-0.002550	0.000534	0.000534
99	1	19	1	P50	27	0.002073	0.002073	0.001047	0.001047
99	1	19	1	P75	29	0.001643	0.001643	0.000609	0.000609
99	1	19	1	P90	30	0.001386	0.001386	0.000349	0.000349
99	1	19	1	P95	197	-0.000213	-0.000213	0.002278	0.002278
99	1	19	1	P99	197	-0.000213	-0.000213	0.002278	0.002278
99	1	19	1	P999	197	-0.000213	-0.000213	0.002278	0.002278
99	2	31	2	P1	1	-0.002668	-0.002668	0.000415	0.000415
99	2	31	2	P50	5	-0.002772	-0.002772	0.000129	0.000129
99	2	31	2	P75	28	-0.001896	-0.001896	0.000813	0.000813
99	2	31	2	P90	30	-0.001107	-0.001107	-0.002141	-0.002141
99	2	31	2	P95	30	0.001386	0.001386	0.000349	0.000349
99	2	31	2	P99	197	-0.000213	-0.000213	0.002278	0.002278
99	2	31	2	P999	197	-0.000213	-0.000213	0.002278	0.002278
99	3	37	3	P1	1	-0.002668	-0.002668	0.000415	0.000415
99	3	37	3	P50	6	-0.000421	-0.000421	0.002466	0.002466
99	3	37	3	P75	27	0.002073	0.002073	0.001047	0.001047
99	3	37	3	P90	30	-0.001107	-0.001107	-0.002141	-0.002141
99	3	37	3	P95	30	0.001386	0.001386	0.000349	0.000349
99	3	37	3	P99	197	-0.000213	-0.000213	0.002278	0.002278
99	3	37	3	P999	197	-0.000213	-0.000213	0.002278	0.002278
99	4	40	4	P1	1	-0.002772	-0.002772	0.000312	0.000312
99	4	40	4	P50	5	-0.001280	-0.002026	0.001625	0.000877
99	4	40	4	P75	27	0.002073	0.000202	0.001047	-0.000822
99	4	40	4	P90	30	-0.001107	-0.031746	-0.002141	-0.032745
99	4	40	4	P95	30	0.001386	0.000139	0.000349	-0.000897
99	4	40	4	P99	197	-0.000213	-0.000213	0.002278	0.002278
99	4	40	4	P999	197	-0.000213	-0.000213	0.002278	0.002278
99	5	43	5	P1	1	-0.002834	-0.002834	0.000249	0.000249
99	5	43	5	P50	5	-0.002772	-0.002772	0.000129	0.000129
99	5	43	5	P75	27	0.000202	0.000202	-0.000822	-0.000822
99	5	43	5	P90	29	0.001643	0.001643	0.000609	0.000609
99	5	43	5	P95	30	0.000139	0.000139	-0.000897	-0.000897
99	5	43	5	P99	197	-0.000213	-0.000213	0.002278	0.002278
99	5	43	5	P999	197	-0.000213	-0.000213	0.002278	0.002278
99	6	45	6	P1	1	-0.002834	-0.002834	0.000249	0.000249
99	6	45	6	P50	5	-0.002026	-0.002026	0.000877	0.000877
99	6	45	6	P75	12	0.001773	0.001773	0.000839	0.000839
99	6	45	6	P90	29	0.001643	0.001643	0.000609	0.000609
99	6	45	6	P95	30	0.000139	0.000139	-0.000897	-0.000897
99	6	45	6	P99	197	-0.000213	-0.000213	0.002278	0.002278
99	6	45	6	P999	197	-0.000213	-0.000213	0.002278	0.002278
99	7	75	7	P1	1	-0.003466	-0.003466	0.000249	0.000249
99	7	75	7	P50	28	-0.002894	-0.002894	0.000813	0.000813
99	7	75	7	P75	31	-0.001574	-0.001574	-0.001602	-0.001602
99	7	75	7	P90	33	-0.000239	-0.000239	-0.000266	-0.000266
99	7	75	7	P95	47	-0.000017	-0.000017	0.003699	0.003699
99	7	75	7	P99	197	-0.001428	-0.001428	0.002278	0.002278
99	7	75	7	P999	197	-0.001428	-0.001428	0.002278	0.002278
100	1	6	1	P1	12	0.002783	0.002783	0.000839	0.000839
100	1	6	1	P50	30	-0.003115	-0.004046	-0.001519	-0.002452
100	1	6	1	P75	30	-0.002183	-0.002183	-0.000586	-0.000586
100	1	6	1	P90	30	-0.001250	-0.001250	0.000349	0.000349
100	1	6	1	P95	30	-0.001250	-0.001250	0.000349	0.000349
100	1	6	1	P99	30	-0.001250	-0.001250	0.000349	0.000349
100	1	6	1	P999	30	-0.001250	-0.001250	0.000349	0.000349
100	2	8	2	P1	12	0.002517	0.002517	0.000839	0.000839
100	2	8	2	P50	30	-0.002490	-0.003422	-0.000586	-0.001519
100	2	8	2	P75	76	-0.000183	-0.605878	0.001567	-0.605125
100	2	8	2	P90	88	-0.000981	-0.000981	0.000743	0.000743
100	2	8	2	P95	88	-0.000981	-0.000981	0.000743	0.000743
100	2	8	2	P99	88	-0.000981	-0.000981	0.000743	0.000743
100	2	8	2	P999	88	-0.000981	-0.000981	0.000743	0.000743
100	3	12	3	P1	12	0.002517	0.002517	0.000839	0.000839
100	3	12	3	P50	76	-0.000183	-0.605878	0.001567	-0.605125
100	3	12	3	P75	79	-0.001511	-0.023659	0.000231	-0.021953
100	3	12	3	P90	88	-0.000981	-0.000981	0.000743	0.000743
100	3	12	3	P95	112	0.000866	0.000866	0.002551	0.002551
100	3	12	3	P99	112	0.000866	0.000866	0.002551	0.002551
100	3	12	3	P999	112	0.000866	0.000866	0.002551	0.002551
100	4	21	4	P1	1	-0.002242	-0.002242	0.000415	0.000415
100	4	21	4	P50	13	0.000852	0.000852	0.003036	0.003036
100	4	21	4	P75	76	-0.000283	-0.000283	0.001567	0.001567
100	4	21	4	P90	79	-0.001609	-0.001609	0.000231	0.000231
100	4	21	4	P95	88	-0.001078	-0.001078	0.000743	0.000743
100	4	21	4	P99	112	0.000773	0.000773	0.002551	0.002551
100	4	21	4	P999	112	0.000773	0.000773	0.002551	0.002551
100	5	23	5	P1	1	-0.003317	-0.003317	0.000415	0.000415
100	5	23	5	P50	30	-0.006174	-0.006174	-0.002452	-0.002452
100	5	23	5	P75	77	0.003451	0.003451	0.003451	0.003451
100	5	23	5	P90	88	0.000743	0.000743	0.000743	0.000743
100	5	23	5	P95	100	0.000000	0.000000	0.003745	0.003745
100	5	23	5	P99	112	0.002551	0.002551	0.002551	0.002551
100	5	23	5	P999	112	0.002551	0.002551	0.002551	0.002551
100	6	56	6	P1	1	-0.003134	-0.003134	0.000415	0.000415
100	6	56	6	P50	77	0.003776	0.001901	0.003451	0.001578
100	6	56	6	P75	451	0.000481	-0.010676	0.000102	-0.011051
100	6	56	6	P90	574	0.002297	0.002297	0.001909	0.001909
100	6	56	6	P95	1131	0.000660	0.000660	0.000251	0.000251
100	6	56	6	P99	1193	0.003367	0.003367	0.002955	0.002955
100	6	56	6	P999	1193	0.003367	0.003367	0.002955	0.002955
100	7	60	7	P1	1	-0.003134	-0.003134	0.000415	0.000415
100	7	60	7	P50	76	0.001890	-0.447039	0.001567	-0.447206
100	7	60	7	P75	446	0.000416	-0.498990	0.000036	-0.499169
100	7	60	7	P90	574	0.002297	-0.008880	0.001909	-0.009263
100	7	60	7	P95	1131	0.000660	-0.336701	0.000251	-0.334481
100	7	60	7	P99	1193	0.003367	0.003367	0.002955	0.002955
100	7	60	7	P999	1193	0.003367	0.003367	0.002955	0.002955
101	1	8	1	P1	2	-0.000292	-0.000292	-0.000378	-0.000378
101	1	8	1	P50	11	0.000233	-0.727145	0.000008	-0.727178
101	1	8	1	P75	13	-0.000468	-0.152066	0.003036	-0.152257
101	1	8	1	P90	16	0.001236	0.001236	0.000980	0.000980
101	1	8	1	P95	16	0.001236	0.001236	0.000980	0.000980
101	1	8	1	P99	16	0.001236	0.001236	0.000980	0.000980
101	1	8	1	P999	16	0.001236	0.001236	0.000980	0.000980
101	2	19	2	P1	2	-0.000292	-0.000292	-0.000378	-0.000378
101	2	19	2	P50	6	-0.001099	-0.001099	0.002466	0.002466
101	2	19	2	P75	11	-0.000390	-0.000390	-0.000615	-0.000615
101	2	19	2	P90	13	-0.000468	-0.000468	0.003036	0.003036
101	2	19	2	P95	16	0.001236	0.001236	0.000980	0.000980
101	2	19	2	P99	16	0.001236	0.001236	0.000980	0.000980
101	2	19	2	P999	16	0.001236	0.001236	0.000980	0.000980
101	3	298	3	P1	1	-0.003403	-0.003403	0.000040	0.000040
101	3	298	3	P50	1	-0.001431	-0.001445	0.002019	0.002005
101	3	298	3	P75	1	-0.000437	-0.000437	0.003016	0.003016
101	3	298	3	P90	1	0.000168	0.000168	0.003623	0.003623
101	3	298	3	P95	6	-0.004003	-0.004003	-0.000652	-0.000652
101	3	298	3	P99	11	0.002289	0.002289	0.001879	0.001879
101	3	298	3	P999	16	0.001409	0.001409	0.000980	0.000980
101	4	603	4	P1	1	-0.003398	-0.003398	0.000045	0.000045
101	4	603	4	P50	1	-0.001512	-0.001512	0.001938	0.001938
101	4	603	4	P75	1	-0.000544	-0.000544	0.002909	0.002909
101	4	603	4	P90	1	0.000033	0.000033	0.003488	0.003488
101	4	603	4	P95	1	0.000225	0.000225	0.003681	0.003681
101	4	603	4	P99	7	0.001021	0.001021	0.000634	0.000634
101	4	603	4	P999	16	0.001409	0.001409	0.000980	0.000980
101	5	1119	5	P1	1	-0.003531	-0.003531	0.000077	0.000077
101	5	1119	5	P50	1	-0.000024	-0.000024	0.003597	0.003597
101	5	1119	5	P75	196	-0.002916	-0.002916	0.000581	0.000581
101	5	1119	5	P90	204	-0.001377	-0.001377	-0.001614	-0.001614
101	5	1119	5	P95	212	-0.001981	-0.001981	0.001518	0.001518
101	5	1119	5	P99	232	0.003459	0.003459	0.003218	0.003218
101	5	1119	5	P999	288	0.000298	0.000298	0.000053	0.000053
101	6	1388	6	P1	1	-0.003547	-0.003547	0.000062	0.000062
101	6	1388	6	P50	1	-0.000558	-0.000563	0.003061	0.003057
101	6	1388	6	P75	194	0.000151	0.000053	-0.000085	-0.000183
101	6	1388	6	P90	202	-0.001499	-0.001499	0.002002	0.002002
101	6	1388	6	P95	208	0.000511	0.000511	0.000273	0.000273
101	6	1388	6	P99	231	0.000296	0.000296	0.000056	0.000056
101	6	1388	6	P999	288	0.000298	0.000298	0.000053	0.000053
101	7	1749	7	P1	1	-0.003553	-0.003553	0.000056	0.000056
101	7	1749	7	P50	1	-0.000902	-0.000902	0.002716	0.002716
101	7	1749	7	P75	191	0.000735	0.000735	0.000499	0.000499
101	7	1749	7	P90	200	0.000914	0.000914	0.000676	0.000676
101	7	1749	7	P95	206	-0.000668	-0.000668	-0.000905	-0.000905
101	7	1749	7	P99	228	0.000285	0.000285	0.000045	0.000045
101	7	1749	7	P999	288	0.000298	0.000298	0.000053	0.000053
102	1	208	0	P1	1	-0.003676	-0.003676	0.000055	0.000055
102	1	208	0	P50	1	-0.001812	-0.001831	0.001926	0.001907
102	1	208	0	P75	1	-0.000861	-0.000879	0.002881	0.002863
102	1	208	0	P90	1	-0.000293	-0.000293	0.003451	0.003451
102	1	208	0	P95	1	-0.000110	-0.000110	0.003635	0.003635
102	1	208	0	P99	2	0.000868	0.000868	0.000868	0.000868
102	1	208	0	P999	3	0.000349	0.000349	0.000349	0.000349
102	2	214	0	P1	1	-0.003678	-0.003678	0.000053	0.000053
102	2	214	0	P50	1	-0.001814	-0.001832	0.001924	0.001906
102	2	214	0	P75	1	-0.000872	-0.000872	0.002870	0.002870
102	2	214	0	P90	1	-0.000303	-0.000303	0.003441	0.003441
102	2	214	0	P95	1	-0.000107	-0.000107	0.003638	0.003638
102	2	214	0	P99	2	0.000868	0.000868	0.000868	0.000868
102	2	214	0	P999	3	0.000349	0.000349	0.000349	0.000349
102	3	219	0	P1	1	-0.003679	-0.003679	0.000052	0.000052
102	3	219	0	P50	1	-0.001824	-0.001824	0.001914	0.001914
102	3	219	0	P75	1	-0.000869	-0.000869	0.002873	0.002873
102	3	219	0	P90	1	-0.000296	-0.000296	0.003448	0.003448
102	3	219	0	P95	1	-0.000104	-0.000104	0.003640	0.003640
102	3	219	0	P99	2	0.000868	0.000868	0.000868	0.000868
102	3	219	0	P999	3	0.000349	0.000349	0.000349	0.000349
102	4	230	1	P1	1	-0.002623	-0.002623	0.000052	0.000052
102	4	230	1	P50	1	-0.000661	-0.000678	0.002019	0.002001
102	4	230	1	P75	1	0.000330	0.000330	0.003012	0.003012
102	4	230	1	P90	1	0.000939	0.000922	0.003623	0.003605
102	4	230	1	P95	3	0.001613	0.001613	0.000349	0.000349
102	4	230	1	P99	20	-0.000012	-0.000012	0.002116	0.002116
102	4	230	1	P999	32	0.001055	0.001055	0.003098	0.003098
102	5	245	2	P1	1	-0.002624	-0.002624	0.000051	0.000051
102	5	245	2	P50	1	-0.000607	-0.000607	0.002073	0.002073
102	5	245	2	P75	1	0.000420	0.000420	0.003103	0.003103
102	5	245	2	P90	1	0.001044	0.001044	0.003728	0.003728
102	5	245	2	P95	2	0.003308	0.003308	0.002116	0.002116
102	5	245	2	P99	20	-0.000012	-0.000012	0.002116	0.002116
102	5	245	2	P999	32	0.001055	0.001055	0.003098	0.003098
102	6	254	3	P1	1	-0.002626	-0.002626	0.000049	0.000049
102	6	254	3	P50	1	-0.000598	-0.000614	0.002082	0.002066
102	6	254	3	P75	1	0.000426	0.000426	0.003109	0.003109
102	6	254	3	P90	1	0.001045	0.001045	0.003729	0.003729
102	6	254	3	P95	2	0.003308	0.003308	0.002116	0.002116
102	6	254	3	P99	20	-0.000012	-0.000012	0.002116	0.002116
102	6	254	3	P999	32	0.001055	0.001055	0.003098	0.003098
102	7	256	4	P1	1	-0.002788	-0.002788	0.000049	0.000049
102	7	256	4	P50	1	-0.000743	-0.000759	0.002099	0.002082
102	7	256	4	P75	1	0.000297	0.000281	0.003142	0.003125
102	7	256	4	P90	2	-0.000306	-0.000306	-0.001312	-0.001312
102	7	256	4	P95	19	-0.004100	-0.004100	-0.001726	-0.001726
102	7	256	4	P99	32	0.000795	0.000795	0.003098	0.003098
102	7	256	4	P999	1732	0.002268	0.002268	0.000204	0.000204
103	1	10	0	P1	1	-0.003317	-0.003317	0.000415	0.000415
103	1	10	0	P50	1	-0.001245	-0.001660	0.002495	0.002079
103	1	10	0	P75	1	-0.000415	-0.000415	0.003328	0.003328
103	1	10	0	P90	2	0.002116	-0.500000	0.002116	-0.498128
103	1	10	0	P95	2	0.002116	0.002116	0.002116	0.002116
103	1	10	0	P99	2	0.002116	0.002116	0.002116	0.002116
103	1	10	0	P999	2	0.002116	0.002116	0.002116	0.002116
103	2	15	0	P1	1	-0.003444	-0.003444	0.000288	0.000288
103	2	15	0	P50	1	-0.001437	-0.001437	0.002303	0.002303
103	2	15	0	P75	1	-0.000287	-0.000287	0.003456	0.003456
103	2	15	0	P90	2	0.000245	0.000245	0.000245	0.000245
103	2	15	0	P95	2	0.002116	0.002116	0.002116	0.002116
103	2	15	0	P99	2	0.002116	0.002116	0.002116	0.002116
103	2	15	0	P999	2	0.002116	0.002116	0.002116	0.002116
103	3	20	0	P1	1	-0.003465	-0.003465	0.000267	0.000267
103	3	20	0	P50	1	-0.000801	-0.001067	0.002941	0.002674
103	3	20	0	P75	2	-0.000378	-0.001001	-0.000378	-0.001001
103	3	20	0	P90	2	0.001492	0.000868	0.001492	0.000868
103	3	20	0	P95	2	0.002116	0.001492	0.002116	0.001492
103	3	20	0	P99	2	0.002116	0.002116	0.002116	0.002116
103	3	20	0	P999	2	0.002116	0.002116	0.002116	0.002116
103	4	26	1	P1	1	-0.002453	-0.002453	0.000267	0.000267
103	4	26	1	P50	1	0.001017	0.000749	0.003745	0.003477
103	4	26	1	P75	2	0.003258	0.003258	0.002116	0.002116
103	4	26	1	P90	216	0.001879	0.001879	0.003657	0.003657
103	4	26	1	P95	219	-0.000700	-0.000700	0.001071	0.001071
103	4	26	1	P99	394	-0.001016	-0.001016	0.000652	0.000652
103	4	26	1	P999	394	-0.001016	-0.001016	0.000652	0.000652
103	5	33	2	P1	1	-0.002470	-0.002470	0.000249	0.000249
103	5	33	2	P50	2	-0.002725	-0.002725	-0.000944	-0.000944
103	5	33	2	P75	2	0.002633	0.002633	0.001776	0.001776
103	5	33	2	P90	211	-0.000873	-0.000873	0.000905	0.000905
103	5	33	2	P95	219	-0.000700	-0.000700	0.001071	0.001071
103	5	33	2	P99	394	-0.001016	-0.001016	0.000652	0.000652
103	5	33	2	P999	394	-0.001016	-0.001016	0.000652	0.000652
103	6	36	3	P1	1	-0.002508	-0.002508	0.000249	0.000249
103	6	36	3	P50	2	-0.001275	-0.002021	-0.000265	-0.000604
103	6	36	3	P75	206	0.000605	-0.985415	0.002462	-0.985432
103	6	36	3	P90	394	-0.001092	-0.001092	0.000652	0.000652
103	6	36	3	P95	601	-0.000874	-0.000874	0.000798	0.000798
103	6	36	3	P99	617	-0.000978	-0.000978	0.000689	0.000689
103	6	36	3	P999	617	-0.000978	-0.000978	0.000689	0.000689
103	7	48	4	P1	1	-0.002508	-0.002508	0.000249	0.000249
103	7	48	4	P50	2	0.002591	0.001966	0.001776	0.001435
103	7	48	4	P75	19	0.002558	0.001310	0.001076	-0.000170
103	7	48	4	P90	219	-0.000773	-0.000773	0.001071	0.001071
103	7	48	4	P95	588	0.002303	0.002303	0.000238	0.000238
103	7	48	4	P99	617	-0.000978	-0.000978	0.000689	0.000689
103	7	48	4	P999	617	-0.000978	-0.000978	0.000689	0.000689
104	1	23	1	P1	1	-0.002482	-0.002482	0.000534	0.000534
104	1	23	1	P50	63	-0.002102	-0.002102	0.000397	0.000397
104	1	23	1	P75	76	0.002830	0.002830	0.001567	0.001567
104	1	23	1	P90	79	0.001497	0.001497	0.000231	0.000231
104	1	23	1	P95	80	-0.001736	-0.001736	0.000735	0.000735
104	1	23	1	P99	80	0.000132	0.000132	0.002607	0.002607
104	1	23	1	P999	80	0.000132	0.000132	0.002607	0.002607
104	2	44	2	P1	1	-0.002482	-0.002482	0.000534	0.000534
104	2	44	2	P50	19	-0.001041	-0.052486	-0.002126	-0.049964
104	2	44	2	P75	63	-0.000235	-0.002102	0.002269	0.000397
104	2	44	2	P90	78	-0.002585	-0.002585	-0.000113	-0.000113
104	2	44	2	P95	79	0.001497	0.001497	0.000231	0.000231
104	2	44	2	P99	80	0.000132	0.000132	0.002607	0.002607
104	2	44	2	P999	80	0.000132	0.000132	0.002607	0.002607
104	3	55	3	P1	1	-0.002808	-0.002808	0.000208	0.000208
104	3	55	3	P50	18	-0.001714	-0.001714	0.000943	0.000943
104	3	55	3	P75	20	0.003213	0.003213	0.002116	0.002116
104	3	55	3	P90	76	0.002830	0.002830	0.001567	0.001567
104	3	55	3	P95	79	0.001497	0.001497	0.000231	0.000231
104	3	55	3	P99	80	0.000132	0.000132	0.002607	0.002607
104	3	55	3	P999	80	0.000132	0.000132	0.002607	0.002607
104	4	167	4	P1	1	-0.002951	-0.002951	0.000064	0.000064
104	4	167	4	P50	1	-0.000312	-0.000312	0.002710	0.002710
104	4	167	4	P75	2	0.001381	0.001381	0.000575	0.000575
104	4	167	4	P90	19	0.001630	0.001630	0.000542	0.000542
104	4	167	4	P95	65	0.002160	0.002160	0.000918	0.000918
104	4	167	4	P99	80	-0.001736	-0.001736	0.000735	0.000735
104	4	167	4	P999	80	0.000132	0.000132	0.002607	0.002607
104	5	172	5	P1	1	-0.002953	-0.002953	0.000062	0.000062
104	5	172	5	P50	1	-0.000331	-0.000362	0.002691	0.002660
104	5	172	5	P75	2	0.001161	0.000941	0.000355	0.000135
104	5	172	5	P90	19	0.001095	0.001095	0.000008	0.000008
104	5	172	5	P95	65	0.002160	0.002160	0.000918	0.000918
104	5	172	5	P99	80	-0.001736	-0.001736	0.000735	0.000735
104	5	172	5	P999	80	0.000132	0.000132	0.002607	0.002607
104	6	188	6	P1	1	-0.002958	-0.002958	0.000057	0.000057
104	6	188	6	P50	1	-0.000329	-0.000357	0.002694	0.002665
104	6	188	6	P75	2	0.000881	0.000711	0.000075	-0.000095
104	6	188	6	P90	19	0.000561	0.000561	-0.000526	-0.000526
104	6	188	6	P95	65	0.000289	0.000289	-0.000951	-0.000951
104	6	188	6	P99	80	-0.001736	-0.001736	0.000735	0.000735
104	6	188	6	P999	80	0.000132	0.000132	0.002607	0.002607
104	7	190	7	P1	1	-0.002959	-0.002959	0.000056	0.000056
104	7	190	7	P50	1	-0.000341	-0.000369	0.002682	0.002654
104	7	190	7	P75	2	0.000711	0.000711	-0.000095	-0.000095
104	7	190	7	P90	19	0.000561	0.000027	-0.000526	-0.001060
104	7	190	7	P95	65	0.000289	0.000289	-0.000951	-0.000951
104	7	190	7	P99	80	-0.001736	-0.001736	0.000735	0.000735
104	7	190	7	P999	80	0.000132	0.000132	0.002607	0.002607
105	1	9	0	P1	1	-0.003265	-0.003265	0.000467	0.000467
105	1	9	0	P50	1	-0.001401	-0.001401	0.002339	0.002339
105	1	9	0	P75	1	-0.000467	-0.000467	0.003276	0.003276
105	1	9	0	P90	2	0.002116	0.002116	0.002116	0.002116
105	1	9	0	P95	2	0.002116	0.002116	0.002116	0.002116
105	1	9	0	P99	2	0.002116	0.002116	0.002116	0.002116
105	1	9	0	P999	2	0.002116	0.002116	0.002116	0.002116
105	2	14	0	P1	1	-0.003444	-0.003444	0.000288	0.000288
105	2	14	0	P50	1	-0.001437	-0.001724	0.002303	0.002015
105	2	14	0	P75	1	-0.000575	-0.000575	0.003168	0.003168
105	2	14	0	P90	1	-0.000000	-0.000000	0.003745	0.003745
105	2	14	0	P95	2	0.002116	0.002116	0.002116	0.002116
105	2	14	0	P99	2	0.002116	0.002116	0.002116	0.002116
105	2	14	0	P999	2	0.002116	0.002116	0.002116	0.002116
105	3	16	1	P1	1	-0.003127	-0.003127	0.000288	0.000288
105	3	16	1	P50	1	-0.000832	-0.001119	0.002591	0.002303
105	3	16	1	P75	1	0.000318	0.000031	0.003745	0.003456
105	3	16	1	P90	301	0.001394	0.001394	0.000759	0.000759
105	3	16	1	P95	313	-0.000318	-0.000318	0.002787	0.002787
105	3	16	1	P99	313	-0.000318	-0.000318	0.002787	0.002787
105	3	16	1	P999	313	-0.000318	-0.000318	0.002787	0.002787
105	4	20	2	P1	1	-0.003166	-0.003166	0.000249	0.000249
105	4	20	2	P50	1	-0.000678	-0.000927	0.002745	0.002495
105	4	20	2	P75	2	-0.003132	-0.499841	-0.000378	-0.498128
105	4	20	2	P90	301	0.001394	-0.993339	0.000759	-0.993341
105	4	20	2	P95	313	-0.000318	-0.036998	0.002787	-0.037609
105	4	20	2	P99	313	-0.000318	-0.000318	0.002787	0.002787
105	4	20	2	P999	313	-0.000318	-0.000318	0.002787	0.002787
105	5	23	3	P1	1	-0.003207	-0.003207	0.000208	0.000208
105	5	23	3	P50	1	-0.000927	-0.000927	0.002495	0.002495
105	5	23	3	P75	1	0.000318	0.000318	0.003745	0.003745
105	5	23	3	P90	2	0.002474	0.002474	0.002116	0.002116
105	5	23	3	P95	301	0.001394	0.001394	0.000759	0.000759
105	5	23	3	P99	313	-0.000318	-0.000318	0.002787	0.002787
105	5	23	3	P999	313	-0.000318	-0.000318	0.002787	0.002787
105	6	26	4	P1	1	-0.003237	-0.003237	0.000178	0.000178
105	6	26	4	P50	1	-0.000927	-0.001105	0.002495	0.002317
105	6	26	4	P75	1	0.000140	0.000140	0.003566	0.003566
105	6	26	4	P90	2	0.002474	0.002474	0.002116	0.002116
105	6	26	4	P95	301	0.001394	0.001394	0.000759	0.000759
105	6	26	4	P99	313	-0.000318	-0.000318	0.002787	0.002787
105	6	26	4	P999	313	-0.000318	-0.000318	0.002787	0.002787
105	7	29	5	P1	1	-0.003259	-0.003259	0.000156	0.000156
105	7	29	5	P50	1	-0.001083	-0.001083	0.002339	0.002339
105	7	29	5	P75	1	0.000007	0.000007	0.003432	0.003432
105	7	29	5	P90	2	0.002474	0.002474	0.002116	0.002116
105	7	29	5	P95	301	0.001394	0.001394	0.000759	0.000759
105	7	29	5	P99	313	-0.000318	-0.000318	0.002787	0.002787
105	7	29	5	P999	313	-0.000318	-0.000318	0.002787	0.002787
106	1	6	1	P1	1	-0.002120	-0.002120	0.001247	0.001247
106	1	6	1	P50	18	-0.000370	-0.944424	0.002815	-0.944236
106	1	6	1	P75	19	0.001637	0.001637	0.001076	0.001076
106	1	6	1	P90	20	0.002681	0.002681	0.002116	0.002116
106	1	6	1	P95	20	0.002681	0.002681	0.002116	0.002116
106	1	6	1	P99	20	0.002681	0.002681	0.002116	0.002116
106	1	6	1	P999	20	0.002681	0.002681	0.002116	0.002116
106	2	12	2	P1	1	-0.001846	-0.001846	0.001247	0.001247
106	2	12	2	P50	20	0.003099	-0.000644	0.002116	0.000245
106	2	12	2	P75	22	-0.000626	-0.042680	-0.001615	-0.043623
106	2	12	2	P90	22	0.001244	0.001244	0.000253	0.000253
106	2	12	2	P95	25	0.000515	0.000515	0.003253	0.003253
106	2	12	2	P99	25	0.000515	0.000515	0.003253	0.003253
106	2	12	2	P999	25	0.000515	0.000515	0.003253	0.003253
106	3	16	3	P1	1	-0.001771	-0.001771	0.001247	0.001247
106	3	16	3	P50	21	-0.001964	-0.003207	-0.000325	-0.001073
106	3	16	3	P75	22	-0.001132	-0.042569	-0.002237	-0.043623
106	3	16	3	P90	22	0.001360	0.001360	0.000253	0.000253
106	3	16	3	P95	25	0.000633	0.000633	0.003253	0.003253
106	3	16	3	P99	25	0.000633	0.000633	0.003253	0.003253
106	3	16	3	P999	25	0.000633	0.000633	0.003253	0.003253
106	4	19	4	P1	1	-0.001771	-0.001771	0.001247	0.001247
106	4	19	4	P50	20	0.003214	0.003214	0.002116	0.002116
106	4	19	4	P75	21	0.003023	0.003023	0.001919	0.001919
106	4	19	4	P90	22	0.001360	0.001360	0.000253	0.000253
106	4	19	4	P95	25	0.000633	0.000633	0.003253	0.003253
106	4	19	4	P99	25	0.000633	0.000633	0.003253	0.003253
106	4	19	4	P999	25	0.000633	0.000633	0.003253	0.003253
106	5	22	5	P1	1	-0.001771	-0.001771	0.001247	0.001247
106	5	22	5	P50	20	-0.000529	-0.047942	0.000245	-0.048978
106	5	22	5	P75	21	0.001150	0.001150	0.001170	0.001170
106	5	22	5	P90	22	0.000113	0.000113	-0.000993	-0.000993
106	5	22	5	P95	22	0.001360	0.001360	0.000253	0.000253
106	5	22	5	P99	25	0.000633	0.000633	0.003253	0.003253
106	5	22	5	P999	25	0.000633	0.000633	0.003253	0.003253
106	6	27	6	P1	1	-0.002548	-0.002548	0.000467	0.000467
106	6	27	6	P50	12	-0.001867	-0.001867	0.000839	0.000839
106	6	27	6	P75	21	-0.000720	-0.000720	0.000422	0.000422
106	6	27	6	P90	22	0.000113	0.000113	-0.000993	-0.000993
106	6	27	6	P95	22	0.001360	0.001360	0.000253	0.000253
106	6	27	6	P99	25	0.000633	0.000633	0.003253	0.003253
106	6	27	6	P999	25	0.000633	0.000633	0.003253	0.003253
106	7	30	7	P1	1	-0.002548	-0.002548	0.000467	0.000467
106	7	30	7	P50	11	0.002901	0.001964	0.001879	0.000943
106	7	30	7	P75	21	-0.001964	-0.001964	-0.000325	-0.000325
106	7	30	7	P90	22	0.000113	-0.001132	-0.000993	-0.002237
106	7	30	7	P95	22	0.001360	0.001360	0.000253	0.000253
106	7	30	7	P99	25	0.000633	0.000633	0.003253	0.003253
106	7	30	7	P999	25	0.000633	0.000633	0.003253	0.003253
107	1	6	0	P1	1	-0.002986	-0.002986	0.000748	0.000748
107	1	6	0	P50	1	-0.000747	-0.001494	0.002995	0.002245
107	1	6	0	P75	1	-0.000000	-0.000000	0.003745	0.003745
107	1	6	0	P90	2	0.002116	0.002116	0.002116	0.002116
107	1	6	0	P95	2	0.002116	0.002116	0.002116	0.002116
107	1	6	0	P99	2	0.002116	0.002116	0.002116	0.002116
107	1	6	0	P999	2	0.002116	0.002116	0.002116	0.002116
107	2	883	0	P1	1	-0.003687	-0.003687	0.000044	0.000044
107	2	883	0	P50	1	-0.001557	-0.001557	0.002182	0.002182
107	2	883	0	P75	1	-0.000468	-0.000468	0.003275	0.003275
107	2	883	0	P90	2	-0.000517	-0.000517	-0.000517	-0.000517
107	2	883	0	P95	2	0.000798	0.000798	0.000798	0.000798
107	2	883	0	P99	2	0.001876	0.001876	0.001876	0.001876
107	2	883	0	P999	2	0.002116	0.002116	0.002116	0.002116
107	3	2652	1	P1	1	-0.002046	-0.002046	0.000110	0.000110
107	3	2652	1	P50	9	-0.003474	-0.003479	-0.001891	-0.001896
107	3	2652	1	P75	10	-0.004617	-0.004623	0.000669	0.000663
107	3	2652	1	P90	10	-0.002254	-0.002254	0.003044	0.003044
107	3	2652	1	P95	11	-0.002836	-0.002836	-0.001306	-0.001306
107	3	2652	1	P99	12	-0.002131	-0.002131	-0.000624	-0.000624
107	3	2652	1	P999	33	0.000992	0.000992	0.002228	0.002228
107	4	2654	2	P1	1	-0.002046	-0.002046	0.000110	0.000110
107	4	2654	2	P50	9	-0.003479	-0.003483	-0.001896	-0.001901
107	4	2654	2	P75	10	-0.004623	-0.004623	0.000663	0.000663
107	4	2654	2	P90	10	-0.002254	-0.002254	0.003044	0.003044
107	4	2654	2	P95	11	-0.002836	-0.002836	-0.001306	-0.001306
107	4	2654	2	P99	12	-0.002131	-0.002131	-0.000624	-0.000624
107	4	2654	2	P999	33	0.000992	0.000992	0.002228	0.002228
107	5	2656	3	P1	1	-0.002638	-0.002638	0.000110	0.000110
107	5	2656	3	P50	9	-0.004295	-0.004300	-0.001896	-0.001901
107	5	2656	3	P75	10	-0.005443	-0.005449	0.000669	0.000663
107	5	2656	3	P90	10	-0.003077	-0.003077	0.003050	0.003050
107	5	2656	3	P95	11	-0.003639	-0.003639	-0.001272	-0.001272
107	5	2656	3	P99	12	-0.002816	-0.002816	-0.000461	-0.000461
107	5	2656	3	P999	62	0.001233	0.001233	0.003320	0.003320
107	6	2664	4	P1	1	-0.002639	-0.002639	0.000109	0.000109
107	6	2664	4	P50	9	-0.004300	-0.004304	-0.001902	-0.001907
107	6	2664	4	P75	10	-0.005443	-0.005449	0.000669	0.000663
107	6	2664	4	P90	10	-0.003071	-0.003071	0.003056	0.003056
107	6	2664	4	P95	11	-0.003604	-0.003604	-0.001249	-0.001249
107	6	2664	4	P99	12	-0.002816	-0.002816	-0.000461	-0.000461
107	6	2664	4	P999	62	0.001233	0.001233	0.003320	0.003320
107	7	2667	5	P1	1	-0.002639	-0.002639	0.000109	0.000109
107	7	2667	5	P50	9	-0.004309	-0.004309	-0.001912	-0.001912
107	7	2667	5	P75	10	-0.005449	-0.005449	0.000663	0.000663
107	7	2667	5	P90	10	-0.003071	-0.003071	0.003056	0.003056
107	7	2667	5	P95	11	-0.003604	-0.003604	-0.001249	-0.001249
107	7	2667	5	P99	12	-0.002816	-0.002816	-0.000461	-0.000461
107	7	2667	5	P999	62	0.001233	0.001233	0.003320	0.003320
108	1	9	1	P1	1	-0.002932	-0.002932	0.000534	0.000534
108	1	9	1	P50	1	-0.000799	-0.000799	0.002674	0.002674
108	1	9	1	P75	1	0.000268	0.000268	0.003745	0.003745
108	1	9	1	P90	209	-0.000268	-0.000268	0.002957	0.002957
108	1	9	1	P95	209	-0.000268	-0.000268	0.002957	0.002957
108	1	9	1	P99	209	-0.000268	-0.000268	0.002957	0.002957
108	1	9	1	P999	209	-0.000268	-0.000268	0.002957	0.002957
108	2	11	2	P1	1	-0.002932	-0.002932	0.000534	0.000534
108	2	11	2	P50	1	-0.000266	-0.000266	0.003209	0.003209
108	2	11	2	P75	101	0.001748	0.001748	0.001264	0.001264
108	2	11	2	P90	200	0.002633	0.002633	0.002116	0.002116
108	2	11	2	P95	209	-0.000268	-0.000268	0.002957	0.002957
108	2	11	2	P99	209	-0.000268	-0.000268	0.002957	0.002957
108	2	11	2	P999	209	-0.000268	-0.000268	0.002957	0.002957
108	3	19	3	P1	1	-0.003216	-0.003216	0.000249	0.000249
108	3	19	3	P50	1	-0.000977	-0.000977	0.002495	0.002495
108	3	19	3	P75	1	0.000268	0.000268	0.003745	0.003745
108	3	19	3	P90	200	0.002633	0.002633	0.002116	0.002116
108	3	19	3	P95	209	-0.000268	-0.000268	0.002957	0.002957
108	3	19	3	P99	209	-0.000268	-0.000268	0.002957	0.002957
108	3	19	3	P999	209	-0.000268	-0.000268	0.002957	0.002957
108	4	25	4	P1	1	-0.003286	-0.003286	0.000178	0.000178
108	4	25	4	P50	1	-0.001155	-0.001155	0.002317	0.002317
108	4	25	4	P75	1	-0.000088	-0.000088	0.003388	0.003388
108	4	25	4	P90	101	0.001748	0.001748	0.001264	0.001264
108	4	25	4	P95	200	0.002633	0.002633	0.002116	0.002116
108	4	25	4	P99	209	-0.000268	-0.000268	0.002957	0.002957
108	4	25	4	P999	209	-0.000268	-0.000268	0.002957	0.002957
108	5	33	5	P1	1	-0.003286	-0.003286	0.000178	0.000178
108	5	33	5	P50	1	-0.000444	-0.000444	0.003031	0.003031
108	5	33	5	P75	3	0.003165	0.003165	-0.000897	-0.000897
108	5	33	5	P90	77	0.003924	0.003924	0.003451	0.003451
108	5	33	5	P95	200	0.002633	0.002633	0.002116	0.002116
108	5	33	5	P99	209	-0.000268	-0.000268	0.002957	0.002957
108	5	33	5	P999	209	-0.000268	-0.000268	0.002957	0.002957
108	6	37	6	P1	1	-0.003315	-0.003315	0.000150	0.000150
108	6	37	6	P50	1	-0.000629	-0.000629	0.002845	0.002845
108	6	37	6	P75	3	0.002541	0.002541	-0.001519	-0.001519
108	6	37	6	P90	77	0.003924	0.003924	0.003451	0.003451
108	6	37	6	P95	200	0.002633	0.002633	0.002116	0.002116
108	6	37	6	P99	209	-0.000268	-0.000268	0.002957	0.002957
108	6	37	6	P999	209	-0.000268	-0.000268	0.002957	0.002957
108	7	42	7	P1	1	-0.003326	-0.003326	0.000138	0.000138
108	7	42	7	P50	1	-0.000424	-0.000562	0.003050	0.002912
108	7	42	7	P75	3	0.001916	0.001916	-0.002141	-0.002141
108	7	42	7	P90	4	0.000823	0.000823	0.000490	0.000490
108	7	42	7	P95	101	0.001748	0.001748	0.001264	0.001264
108	7	42	7	P99	209	-0.000268	-0.000268	0.002957	0.002957
108	7	42	7	P999	209	-0.000268	-0.000268	0.002957	0.002957
109	1	7	1	P1	1	-0.002306	-0.002306	0.000748	0.000748
109	1	7	1	P50	1	-0.000066	-0.000066	0.002995	0.002995
109	1	7	1	P75	161	-0.000229	-0.000229	0.002228	0.002228
109	1	7	1	P90	214	-0.000682	-0.000682	0.001740	0.001740
109	1	7	1	P95	214	-0.000682	-0.000682	0.001740	0.001740
109	1	7	1	P99	214	-0.000682	-0.000682	0.001740	0.001740
109	1	7	1	P999	214	-0.000682	-0.000682	0.001740	0.001740
109	2	13	2	P1	1	-0.002379	-0.002379	0.000748	0.000748
109	2	13	2	P50	214	-0.000822	-0.000822	0.001740	0.001740
109	2	13	2	P75	280	-0.000474	-0.000474	0.002060	0.002060
109	2	13	2	P90	409	0.001915	0.001915	0.000667	0.000667
109	2	13	2	P95	635	-0.000609	-0.000609	0.001838	0.001838
109	2	13	2	P99	635	-0.000609	-0.000609	0.001838	0.001838
109	2	13	2	P999	635	-0.000609	-0.000609	0.001838	0.001838
109	3	30	3	P1	1	-0.002379	-0.002379	0.000748	0.000748
109	3	30	3	P50	39	0.002511	-0.614280	0.001512	-0.614625
109	3	30	3	P75	161	-0.000366	-0.000366	0.002228	0.002228
109	3	30	3	P90	298	0.000774	-0.060848	0.003305	-0.058467
109	3	30	3	P95	409	0.001915	0.001915	0.000667	0.000667
109	3	30	3	P99	635	-0.000609	-0.000609	0.001838	0.001838
109	3	30	3	P999	635	-0.000609	-0.000609	0.001838	0.001838
109	4	36	4	P1	1	-0.002379	-0.002379	0.000534	0.000534
109	4	36	4	P50	14	0.004582	0.002706	0.003689	0.001815
109	4	36	4	P75	56	0.001471	-0.031664	0.000434	-0.032662
109	4	36	4	P90	280	-0.000474	-0.000474	0.002060	0.002060
109	4	36	4	P95	409	0.001915	0.001915	0.000667	0.000667
109	4	36	4	P99	635	-0.000609	-0.000609	0.001838	0.001838
109	4	36	4	P999	635	-0.000609	-0.000609	0.001838	0.001838
109	5	44	5	P1	1	-0.002658	-0.002658	0.000374	0.000374
109	5	44	5	P50	14	0.002706	-0.141389	0.001815	-0.142138
109	5	44	5	P75	161	-0.000366	-0.651662	0.002228	-0.652023
109	5	44	5	P90	333	0.001877	0.001877	0.000652	0.000652
109	5	44	5	P95	372	-0.000463	-0.000463	0.002041	0.002041
109	5	44	5	P99	635	-0.000609	-0.000609	0.001838	0.001838
109	5	44	5	P999	635	-0.000609	-0.000609	0.001838	0.001838
109	6	55	6	P1	1	-0.002658	-0.002658	0.000374	0.000374
109	6	55	6	P50	31	-0.003428	-0.003428	-0.000668	-0.000668
109	6	55	6	P75	135	0.000061	0.000061	0.002674	0.002674
109	6	55	6	P90	298	0.000774	0.000774	0.003305	0.003305
109	6	55	6	P95	372	-0.000463	-0.000463	0.002041	0.002041
109	6	55	6	P99	635	-0.000609	-0.000609	0.001838	0.001838
109	6	55	6	P999	635	-0.000609	-0.000609	0.001838	0.001838
109	7	60	7	P1	1	-0.002658	-0.002658	0.000374	0.000374
109	7	60	7	P50	15	0.002873	0.001000	0.001975	0.000104
109	7	60	7	P75	133	0.000033	-0.007416	0.002648	-0.004820
109	7	60	7	P90	298	0.000774	-0.060848	0.003305	-0.058467
109	7	60	7	P95	372	-0.000463	-0.065509	0.002041	-0.063161
109	7	60	7	P99	635	-0.000609	-0.000609	0.001838	0.001838
109	7	60	7	P999	635	-0.000609	-0.000609	0.001838	0.001838
110	1	4	1	P1	2	0.001066	0.001066	0.002116	0.002116
110	1	4	1	P50	35	-0.001065	-0.512706	0.003198	-0.514207
110	1	4	1	P75	47	-0.000511	-0.256112	0.003699	-0.252938
110	1	4	1	P90	47	-0.000511	-0.000511	0.003699	0.003699
110	1	4	1	P95	47	-0.000511	-0.000511	0.003699	0.003699
110	1	4	1	P99	47	-0.000511	-0.000511	0.003699	0.003699
110	1	4	1	P999	47	-0.000511	-0.000511	0.003699	0.003699
110	2	8	2	P1	2	0.001066	0.001066	0.002116	0.002116
110	2	8	2	P50	4	-0.000431	-0.247661	0.000490	-0.249738
110	2	8	2	P75	35	-0.001065	-0.512706	0.003198	-0.514207
110	2	8	2	P90	47	-0.000511	-0.000511	0.003699	0.003699
110	2	8	2	P95	47	-0.000511	-0.000511	0.003699	0.003699
110	2	8	2	P99	47	-0.000511	-0.000511	0.003699	0.003699
110	2	8	2	P999	47	-0.000511	-0.000511	0.003699	0.003699
110	3	46	3	P1	1	-0.003407	-0.003407	0.000117	0.000117
110	3	46	3	P50	1	-0.000726	-0.000843	0.002807	0.002690
110	3	46	3	P75	2	0.000479	0.000479	0.000245	0.000245
110	3	46	3	P90	3	0.004344	0.004344	0.000349	0.000349
110	3	46	3	P95	17	0.004220	0.004220	0.000162	0.000162
110	3	46	3	P99	47	0.000302	0.000302	0.003699	0.003699
110	3	46	3	P999	47	0.000302	0.000302	0.003699	0.003699
110	4	70	4	P1	1	-0.002583	-0.002583	0.000117	0.000117
110	4	70	4	P50	2	0.002030	0.001406	0.000868	0.000245
110	4	70	4	P75	56	0.000698	0.000698	-0.001060	-0.001060
110	4	70	4	P90	63	0.000308	-0.029167	0.002269	-0.030889
110	4	70	4	P95	70	-0.002237	-0.002237	-0.000300	-0.000300
110	4	70	4	P99	72	0.001369	0.001369	0.003307	0.003307
110	4	70	4	P999	72	0.001369	0.001369	0.003307	0.003307
110	5	80	5	P1	1	-0.002583	-0.002583	0.000110	0.000110
110	5	80	5	P50	2	0.001718	0.001406	0.000557	0.000245
110	5	80	5	P75	56	-0.000797	-0.016364	-0.002553	-0.014413
110	5	80	5	P90	61	0.002664	-0.015905	0.000886	-0.013968
110	5	80	5	P95	70	-0.002237	-0.040646	-0.000300	-0.042364
110	5	80	5	P99	72	0.001369	0.001369	0.003307	0.003307
110	5	80	5	P999	72	0.001369	0.001369	0.003307	0.003307
110	6	90	6	P1	1	-0.002590	-0.002590	0.000104	0.000104
110	6	90	6	P50	2	0.000159	-0.000153	0.000245	0.000058
110	6	90	6	P75	55	-0.000350	-0.000350	0.001633	0.001633
110	6	90	6	P90	60	0.000496	-0.001372	0.002466	0.000594
110	6	90	6	P95	67	0.002310	0.002310	0.000516	0.000516
110	6	90	6	P99	72	0.001369	0.001369	0.003307	0.003307
110	6	90	6	P999	72	0.001369	0.001369	0.003307	0.003307
110	7	135	7	P1	1	-0.002508	-0.002508	0.000182	0.000182
110	7	135	7	P50	2	-0.001545	-0.001545	0.000395	0.000395
110	7	135	7	P75	3	0.001007	0.001007	-0.000819	-0.000819
110	7	135	7	P90	57	-0.001796	-0.001796	0.000179	0.000179
110	7	135	7	P95	63	0.000308	0.000308	0.002269	0.002269
110	7	135	7	P99	72	-0.000502	-0.000502	0.001433	0.001433
110	7	135	7	P999	72	0.001369	0.001369	0.003307	0.003307
111	1	24	0	P1	1	-0.003569	-0.003569	0.000163	0.000163
111	1	24	0	P50	1	-0.001624	-0.001786	0.002115	0.001952
111	1	24	0	P75	1	-0.000650	-0.000812	0.003093	0.002930
111	1	24	0	P90	1	-0.000163	-0.000163	0.003582	0.003582
111	1	24	0	P95	1	-0.000000	-0.000000	0.003745	0.003745
111	1	24	0	P99	2	0.002116	0.002116	0.002116	0.002116
111	1	24	0	P999	2	0.002116	0.002116	0.002116	0.002116
111	2	28	0	P1	1	-0.003588	-0.003588	0.000144	0.000144
111	2	28	0	P50	1	-0.001580	-0.001724	0.002159	0.002015
111	2	28	0	P75	1	-0.000575	-0.000719	0.003168	0.003024
111	2	28	0	P90	1	-0.000000	-0.000000	0.003745	0.003745
111	2	28	0	P95	2	0.000245	0.000245	0.000245	0.000245
111	2	28	0	P99	2	0.002116	0.002116	0.002116	0.002116
111	2	28	0	P999	2	0.002116	0.002116	0.002116	0.002116
111	3	30	0	P1	1	-0.003598	-0.003598	0.000134	0.000134
111	3	30	0	P50	1	-0.001601	-0.001734	0.002138	0.002004
111	3	30	0	P75	1	-0.000667	-0.000667	0.003075	0.003075
111	3	30	0	P90	1	-0.000000	-0.000133	0.003745	0.003611
111	3	30	0	P95	2	0.000245	0.000245	0.000245	0.000245
111	3	30	0	P99	2	0.002116	0.002116	0.002116	0.002116
111	3	30	0	P999	2	0.002116	0.002116	0.002116	0.002116
111	4	32	0	P1	1	-0.003607	-0.003607	0.000125	0.000125
111	4	32	0	P50	1	-0.001618	-0.001743	0.002120	0.001996
111	4	32	0	P75	1	-0.000623	-0.000747	0.003120	0.002995
111	4	32	0	P90	1	-0.000125	-0.000125	0.003620	0.003620
111	4	32	0	P95	2	0.000245	0.000245	0.000245	0.000245
111	4	32	0	P99	2	0.002116	0.002116	0.002116	0.002116
111	4	32	0	P999	2	0.002116	0.002116	0.002116	0.002116
111	5	43	0	P1	1	-0.003633	-0.003633	0.000098	0.000098
111	5	43	0	P50	1	-0.001573	-0.001573	0.002166	0.002166
111	5	43	0	P75	1	-0.000492	-0.000492	0.003251	0.003251
111	5	43	0	P90	2	-0.000876	-0.000876	-0.000876	-0.000876
111	5	43	0	P95	2	0.000619	0.000619	0.000619	0.000619
111	5	43	0	P99	2	0.002116	0.002116	0.002116	0.002116
111	5	43	0	P999	2	0.002116	0.002116	0.002116	0.002116
111	6	67	1	P1	1	-0.002927	-0.002927	0.000098	0.000098
111	6	67	1	P50	1	0.000316	0.000316	0.003350	0.003350
111	6	67	1	P75	111	0.001594	0.001594	0.000303	0.000303
111	6	67	1	P90	117	-0.000582	-0.000582	0.001861	0.001861
111	6	67	1	P95	118	0.000253	0.000253	0.002698	0.002698
111	6	67	1	P99	123	-0.000124	-0.000124	0.002314	0.002314
111	6	67	1	P999	123	-0.000124	-0.000124	0.002314	0.002314
111	7	77	2	P1	1	-0.002927	-0.002927	0.000098	0.000098
111	7	77	2	P50	2	-0.000082	-0.000082	-0.000876	-0.000876
111	7	77	2	P75	109	-0.000786	-0.000786	0.001666	0.001666
111	7	77	2	P90	116	0.002396	0.002396	0.001099	0.001099
111	7	77	2	P95	118	0.000253	0.000253	0.002698	0.002698
111	7	77	2	P99	123	-0.000124	-0.000124	0.002314	0.002314
111	7	77	2	P999	123	-0.000124	-0.000124	0.002314	0.002314
112	1	186	1	P1	1	-0.001830	-0.001830	0.000935	0.000935
112	1	186	1	P50	56	0.001902	0.001715	0.000247	0.000060
112	1	186	1	P75	59	0.000447	0.000447	-0.001213	-0.001213
112	1	186	1	P90	60	0.004136	0.004136	0.002466	0.002466
112	1	186	1	P95	61	0.002556	0.002556	0.000886	0.000886
112	1	186	1	P99	69	0.002697	0.002697	0.001006	0.001006
112	1	186	1	P999	119	0.003518	0.003518	0.001732	0.001732
112	2	190	2	P1	1	-0.001830	-0.001830	0.000935	0.000935
112	2	190	2	P50	56	0.001528	0.001340	-0.000126	-0.000313
112	2	190	2	P75	59	0.000298	0.000298	-0.001363	-0.001363
112	2	190	2	P90	60	0.004136	0.003902	0.002466	0.002232
112	2	190	2	P95	61	0.002556	0.002556	0.000886	0.000886
112	2	190	2	P99	69	0.002697	0.002697	0.001006	0.001006
112	2	190	2	P999	119	0.003518	0.003518	0.001732	0.001732
112	3	196	3	P1	1	-0.002229	-0.002229	0.000534	0.000534
112	3	196	3	P50	56	0.000966	0.000779	-0.000687	-0.000874
112	3	196	3	P75	59	0.000148	-0.000001	-0.001512	-0.001661
112	3	196	3	P90	60	0.003902	0.003902	0.002232	0.002232
112	3	196	3	P95	61	0.002556	0.002556	0.000886	0.000886
112	3	196	3	P99	69	0.002697	0.002697	0.001006	0.001006
112	3	196	3	P999	119	0.003518	0.003518	0.001732	0.001732
112	4	237	4	P1	1	-0.002140	-0.002140	0.000623	0.000623
112	4	237	4	P50	56	0.000592	0.000592	-0.001060	-0.001060
112	4	237	4	P75	59	-0.001065	-0.001065	-0.002723	-0.002723
112	4	237	4	P90	60	0.003253	0.003253	0.001584	0.001584
112	4	237	4	P95	61	0.002140	0.002140	0.000470	0.000470
112	4	237	4	P99	66	0.002285	0.002285	0.000602	0.000602
112	4	237	4	P999	119	0.003518	0.003518	0.001732	0.001732
112	5	241	5	P1	1	-0.002140	-0.002140	0.000623	0.000623
112	5	241	5	P50	56	0.000293	0.000293	-0.001359	-0.001359
112	5	241	5	P75	59	-0.001208	-0.001208	-0.002866	-0.002866
112	5	241	5	P90	60	0.003033	0.003033	0.001364	0.001364
112	5	241	5	P95	61	0.001723	0.001723	0.000055	0.000055
112	5	241	5	P99	66	0.002285	0.002285	0.000602	0.000602
112	5	241	5	P999	119	0.003518	0.003518	0.001732	0.001732
112	6	251	6	P1	1	-0.002296	-0.002296	0.000467	0.000467
112	6	251	6	P50	56	-0.000455	-0.000455	-0.002105	-0.002105
112	6	251	6	P75	58	0.004392	0.004392	0.002726	0.002726
112	6	251	6	P90	60	0.002812	0.002812	0.001144	0.001144
112	6	251	6	P95	61	0.001723	0.001723	0.000055	0.000055
112	6	251	6	P99	66	0.002285	0.002285	0.000602	0.000602
112	6	251	6	P999	119	0.003518	0.003518	0.001732	0.001732
112	7	327	7	P1	1	-0.002403	-0.002403	0.000623	0.000623
112	7	327	7	P50	58	0.000338	0.000338	-0.000871	-0.000871
112	7	327	7	P75	64	0.002695	0.002695	0.001471	0.001471
112	7	327	7	P90	112	-0.002566	-0.002566	-0.000122	-0.000122
112	7	327	7	P95	116	0.002396	0.002396	0.001099	0.001099
112	7	327	7	P99	198	0.002314	0.002314	0.000951	0.000951
112	7	327	7	P999	201	0.002230	0.002230	0.000865	0.000865
113	1	6	1	P1	47	0.002145	0.002145	0.003699	0.003699
113	1	6	1	P50	65	0.003115	-0.015459	0.000918	-0.013937
113	1	6	1	P75	66	0.000926	0.000926	-0.001267	-0.001267
113	1	6	1	P90	66	0.002799	0.002799	0.000602	0.000602
113	1	6	1	P95	66	0.002799	0.002799	0.000602	0.000602
113	1	6	1	P99	66	0.002799	0.002799	0.000602	0.000602
113	1	6	1	P999	66	0.002799	0.002799	0.000602	0.000602
113	2	14	2	P1	47	0.002276	0.002276	0.003699	0.003699
113	2	14	2	P50	92	0.001623	-0.018760	-0.000722	-0.021056
113	2	14	2	P75	141	0.002666	0.002666	0.000303	0.000303
113	2	14	2	P90	144	0.000300	0.000300	0.001679	0.001679
113	2	14	2	P95	147	0.002111	0.002111	0.003492	0.003492
113	2	14	2	P99	147	0.002111	0.002111	0.003492	0.003492
113	2	14	2	P999	147	0.002111	0.002111	0.003492	0.003492
113	3	21	3	P1	1	-0.002304	-0.002304	0.000534	0.000534
113	3	21	3	P50	65	0.002468	0.002468	0.000918	0.000918
113	3	21	3	P75	92	0.002753	0.002753	0.001147	0.001147
113	3	21	3	P90	143	-0.000897	-0.000897	0.001171	0.001171
113	3	21	3	P95	144	-0.000389	-0.000389	0.001679	0.001679
113	3	21	3	P99	147	0.001424	0.001424	0.003492	0.003492
113	3	21	3	P999	147	0.001424	0.001424	0.003492	0.003492
113	4	53	4	P1	1	-0.002304	-0.002304	0.000534	0.000534
113	4	53	4	P50	141	0.001974	0.001974	0.000303	0.000303
113	4	53	4	P75	284	0.000866	0.000866	0.002830	0.002830
113	4	53	4	P90	300	0.000266	0.000266	-0.001519	-0.001519
113	4	53	4	P95	303	0.003406	0.003406	0.001614	0.001614
113	4	53	4	P99	312	0.000300	0.000300	0.002248	0.002248
113	4	53	4	P999	312	0.000300	0.000300	0.002248	0.002248
113	5	55	5	P1	1	-0.002423	-0.002423	0.000415	0.000415
113	5	55	5	P50	93	-0.000585	-0.000585	0.001551	0.001551
113	5	55	5	P75	284	0.000866	0.000866	0.002830	0.002830
113	5	55	5	P90	300	0.000266	0.000266	-0.001519	-0.001519
113	5	55	5	P95	303	0.003406	0.003406	0.001614	0.001614
113	5	55	5	P99	312	0.000300	0.000300	0.002248	0.002248
113	5	55	5	P999	312	0.000300	0.000300	0.002248	0.002248
113	6	57	6	P1	1	-0.002423	-0.002423	0.000415	0.000415
113	6	57	6	P50	92	0.002753	0.002753	0.001147	0.001147
113	6	57	6	P75	284	-0.001003	-0.001003	0.000957	0.000957
113	6	57	6	P90	300	0.000266	0.000266	-0.001519	-0.001519
113	6	57	6	P95	303	0.003406	0.003406	0.001614	0.001614
113	6	57	6	P99	312	0.000300	0.000300	0.002248	0.002248
113	6	57	6	P999	312	0.000300	0.000300	0.002248	0.002248
113	7	75	7	P1	1	-0.002423	-0.002423	0.000415	0.000415
113	7	75	7	P50	38	0.004665	0.004665	0.003195	0.003195
113	7	75	7	P75	274	0.003069	0.003069	0.001293	0.001293
113	7	75	7	P90	298	0.001348	0.001348	0.003305	0.003305
113	7	75	7	P95	300	0.002138	0.002138	0.000349	0.000349
113	7	75	7	P99	312	0.000300	0.000300	0.002248	0.002248
113	7	75	7	P999	312	0.000300	0.000300	0.002248	0.002248
114	1	69	1	P1	1	-0.001182	-0.001182	0.000415	0.000415
114	1	69	1	P50	274	0.004660	0.004660	0.001293	0.001293
114	1	69	1	P75	385	-0.000223	-0.000223	-0.000537	-0.000537
114	1	69	1	P90	405	0.002726	0.002726	0.003024	0.003024
114	1	69	1	P95	412	0.000541	0.000541	0.000835	0.000835
114	1	69	1	P99	422	0.002734	0.002734	0.003023	0.003023
114	1	69	1	P999	422	0.002734	0.002734	0.003023	0.003023
114	2	74	2	P1	1	-0.003158	-0.003158	0.000267	0.000267
114	2	74	2	P50	273	0.004321	0.003071	-0.000036	-0.001281
114	2	74	2	P75	384	0.002070	0.002070	0.000194	0.000194
114	2	74	2	P90	399	0.003629	0.003629	0.002997	0.002997
114	2	74	2	P95	412	0.001467	0.001467	0.000835	0.000835
114	2	74	2	P99	422	0.003658	0.003658	0.003023	0.003023
114	2	74	2	P999	422	0.003658	0.003658	0.003023	0.003023
114	3	90	3	P1	1	-0.003158	-0.003158	0.000267	0.000267
114	3	90	3	P50	264	0.003575	0.001701	-0.000777	-0.002643
114	3	90	3	P75	372	0.002669	0.002669	0.002041	0.002041
114	3	90	3	P90	396	0.003701	0.002451	0.003069	0.001820
114	3	90	3	P95	412	-0.000403	-0.000403	-0.001034	-0.001034
114	3	90	3	P99	422	0.003658	0.003658	0.003023	0.003023
114	3	90	3	P999	422	0.003658	0.003658	0.003023	0.003023
114	4	93	4	P1	1	-0.003158	-0.003158	0.000267	0.000267
114	4	93	4	P50	263	0.004257	0.004257	-0.000097	-0.000097
114	4	93	4	P75	365	0.002975	0.002975	0.002349	0.002349
114	4	93	4	P90	396	0.002451	0.002451	0.001820	0.001820
114	4	93	4	P95	412	-0.000403	-0.000403	-0.001034	-0.001034
114	4	93	4	P99	422	0.003658	0.003658	0.003023	0.003023
114	4	93	4	P999	422	0.003658	0.003658	0.003023	0.003023
114	5	121	5	P1	1	-0.002985	-0.002985	0.000440	0.000440
114	5	121	5	P50	60	0.002995	0.002995	0.002466	0.002466
114	5	121	5	P75	283	0.001358	0.001358	0.000746	0.000746
114	5	121	5	P90	393	0.001955	0.001955	0.001325	0.001325
114	5	121	5	P95	405	0.003657	0.003657	0.003024	0.003024
114	5	121	5	P99	416	0.003023	0.003023	0.002390	0.002390
114	5	121	5	P999	422	0.003658	0.003658	0.003023	0.003023
114	6	127	6	P1	1	-0.002985	-0.002985	0.000440	0.000440
114	6	127	6	P50	59	0.001108	0.001108	0.000580	0.000580
114	6	127	6	P75	282	0.003033	0.003033	0.002420	0.002420
114	6	127	6	P90	393	0.001955	0.001955	0.001325	0.001325
114	6	127	6	P95	405	0.003657	0.003657	0.003024	0.003024
114	6	127	6	P99	416	0.003023	0.003023	0.002390	0.002390
114	6	127	6	P999	422	0.003658	0.003658	0.003023	0.003023
114	7	178	7	P1	1	-0.002985	-0.002985	0.000440	0.000440
114	7	178	7	P50	71	-0.004061	-0.012007	-0.000935	-0.012537
114	7	178	7	P75	264	0.003575	0.003575	-0.000777	-0.000777
114	7	178	7	P90	385	0.000714	0.000714	-0.000537	-0.000537
114	7	178	7	P95	396	0.003701	0.003701	0.003069	0.003069
114	7	178	7	P99	416	0.003023	0.003023	0.002390	0.002390
114	7	178	7	P999	422	0.003658	0.003658	0.003023	0.003023
115	1	4	1	P1	1	0.002377	0.002377	0.003745	0.003745
115	1	4	1	P50	3	-0.002718	-0.332765	-0.001519	-0.331923
115	1	4	1	P75	3	-0.000852	-0.002718	0.000349	-0.001519
115	1	4	1	P90	3	-0.000852	-0.000852	0.000349	0.000349
115	1	4	1	P95	3	-0.000852	-0.000852	0.000349	0.000349
115	1	4	1	P99	3	-0.000852	-0.000852	0.000349	0.000349
115	1	4	1	P999	3	-0.000852	-0.000852	0.000349	0.000349
115	2	6	2	P1	1	0.002790	0.002790	0.003745	0.003745
115	2	6	2	P50	3	-0.000351	-0.002218	0.000349	-0.001519
115	2	6	2	P75	108	0.001660	0.001660	0.001537	0.001537
115	2	6	2	P90	115	-0.001320	-0.001320	0.002283	0.002283
115	2	6	2	P95	115	-0.001320	-0.001320	0.002283	0.002283
115	2	6	2	P99	115	-0.001320	-0.001320	0.002283	0.002283
115	2	6	2	P999	115	-0.001320	-0.001320	0.002283	0.002283
115	3	10	3	P1	1	0.002790	0.002790	0.003745	0.003745
115	3	10	3	P50	21	0.001665	-0.000205	0.001919	0.000048
115	3	10	3	P75	22	0.000010	0.000010	0.000253	0.000253
115	3	10	3	P90	115	-0.001320	-0.059311	0.002283	-0.059426
115	3	10	3	P95	115	-0.001320	-0.001320	0.002283	0.002283
115	3	10	3	P99	115	-0.001320	-0.001320	0.002283	0.002283
115	3	10	3	P999	115	-0.001320	-0.001320	0.002283	0.002283
115	4	14	4	P1	1	-0.002285	-0.002285	0.000748	0.000748
115	4	14	4	P50	3	0.000964	-0.000905	0.000349	-0.001519
115	4	14	4	P75	22	-0.000823	-0.000823	-0.001615	-0.001615
115	4	14	4	P90	108	0.002475	0.002475	0.001537	0.001537
115	4	14	4	P95	115	-0.000516	-0.000516	0.002283	0.002283
115	4	14	4	P99	115	-0.000516	-0.000516	0.002283	0.002283
115	4	14	4	P999	115	-0.000516	-0.000516	0.002283	0.002283
115	5	45	5	P1	1	-0.002526	-0.002526	0.000467	0.000467
115	5	45	5	P50	223	0.002974	0.002974	0.001662	0.001662
115	5	45	5	P75	242	-0.000290	-0.000290	0.002132	0.002132
115	5	45	5	P90	264	0.002423	0.002423	0.001092	0.001092
115	5	45	5	P95	267	0.002339	0.002339	0.001006	0.001006
115	5	45	5	P99	298	0.000905	0.000905	0.003305	0.003305
115	5	45	5	P999	298	0.000905	0.000905	0.003305	0.003305
115	6	53	6	P1	1	-0.002720	-0.002720	0.000312	0.000312
115	6	53	6	P50	217	0.000337	0.000337	0.002773	0.002773
115	6	53	6	P75	240	0.000532	0.000532	0.002957	0.002957
115	6	53	6	P90	262	0.002552	0.002552	0.001221	0.001221
115	6	53	6	P95	267	0.002339	0.002339	0.001006	0.001006
115	6	53	6	P99	298	0.000905	0.000905	0.003305	0.003305
115	6	53	6	P999	298	0.000905	0.000905	0.003305	0.003305
115	7	67	7	P1	1	-0.002720	-0.002720	0.000312	0.000312
115	7	67	7	P50	29	0.001680	0.001680	0.000609	0.000609
115	7	67	7	P75	236	0.002389	0.002389	0.001070	0.001070
115	7	67	7	P90	260	0.002738	0.002738	0.001408	0.001408
115	7	67	7	P95	266	0.002353	0.002353	0.001021	0.001021
115	7	67	7	P99	298	0.000905	0.000905	0.003305	0.003305
115	7	67	7	P999	298	0.000905	0.000905	0.003305	0.003305
116	1	10	1	P1	1	-0.002623	-0.002623	0.000467	0.000467
116	1	10	1	P50	1	-0.000290	-0.000757	0.002807	0.002339
116	1	10	1	P75	1	0.000645	0.000645	0.003745	0.003745
116	1	10	1	P90	21	0.002907	-0.048233	0.001919	-0.045604
116	1	10	1	P95	21	0.002907	0.002907	0.001919	0.001919
116	1	10	1	P99	21	0.002907	0.002907	0.001919	0.001919
116	1	10	1	P999	21	0.002907	0.002907	0.001919	0.001919
116	2	20	2	P1	1	-0.002623	-0.002623	0.000467	0.000467
116	2	20	2	P50	11	0.002794	0.001545	0.001879	0.000631
116	2	20	2	P75	12	0.001763	0.001014	0.000839	0.000091
116	2	20	2	P90	20	-0.000644	-0.347419	0.002116	-0.348027
116	2	20	2	P95	21	0.002907	-0.048233	0.001919	-0.045604
116	2	20	2	P99	21	0.002907	0.002907	0.001919	0.001919
116	2	20	2	P999	21	0.002907	0.002907	0.001919	0.001919
116	3	45	3	P1	1	-0.002675	-0.002675	0.000415	0.000415
116	3	45	3	P50	12	-0.001229	-0.001229	-0.002149	-0.002149
116	3	45	3	P75	12	0.001513	0.001513	0.000590	0.000590
116	3	45	3	P90	13	0.003435	0.003435	0.002500	0.002500
116	3	45	3	P95	18	0.003787	0.003787	0.002815	0.002815
116	3	45	3	P99	21	0.002907	0.002907	0.001919	0.001919
116	3	45	3	P999	21	0.002907	0.002907	0.001919	0.001919
116	4	48	4	P1	1	-0.002779	-0.002779	0.000312	0.000312
116	4	48	4	P50	12	-0.001478	-0.001726	-0.002398	-0.002647
116	4	48	4	P75	12	0.001513	0.001264	0.000590	0.000340
116	4	48	4	P90	13	0.003435	0.003435	0.002500	0.002500
116	4	48	4	P95	18	0.003787	0.003787	0.002815	0.002815
116	4	48	4	P99	21	0.002907	0.002907	0.001919	0.001919
116	4	48	4	P999	21	0.002907	0.002907	0.001919	0.001919
116	5	54	5	P1	1	-0.002882	-0.002882	0.000208	0.000208
116	5	54	5	P50	11	0.002325	0.001857	0.001411	0.000943
116	5	54	5	P75	12	0.001014	0.001014	0.000091	0.000091
116	5	54	5	P90	13	0.002899	0.002899	0.001965	0.001965
116	5	54	5	P95	18	0.003787	0.003787	0.002815	0.002815
116	5	54	5	P99	21	0.002907	0.002907	0.001919	0.001919
116	5	54	5	P999	21	0.002907	0.002907	0.001919	0.001919
116	6	85	6	P1	1	-0.003213	-0.003213	0.000208	0.000208
116	6	85	6	P50	12	0.001037	0.001037	0.000590	0.000590
116	6	85	6	P75	1001	-0.002552	-0.002552	0.000206	0.000206
116	6	85	6	P90	1001	-0.000611	-0.000611	0.001775	0.001775
116	6	85	6	P95	1002	-0.000065	-0.000065	0.001258	0.001258
116	6	85	6	P99	1002	0.002430	0.002430	0.001741	0.001741
116	6	85	6	P999	1002	0.002430	0.002430	0.001741	0.001741
116	7	126	7	P1	1	-0.003006	-0.003006	0.000415	0.000415
116	7	126	7	P50	14	-0.002090	-0.068189	0.001191	-0.068610
116	7	126	7	P75	27	0.001539	0.001539	0.001047	0.001047
116	7	126	7	P90	1001	-0.001209	-0.001209	0.001292	0.001292
116	7	126	7	P95	1001	-0.000312	-0.000312	0.002017	0.002017
116	7	126	7	P99	1002	0.001806	0.001806	0.001621	0.001621
116	7	126	7	P999	1002	0.002430	0.002430	0.001741	0.001741
117	1	22	1	P1	1	-0.002777	-0.002777	0.000187	0.000187
117	1	22	1	P50	1	-0.000725	-0.000912	0.002245	0.002058
117	1	22	1	P75	1	0.000210	0.000210	0.003182	0.003182
117	1	22	1	P90	1	0.000771	0.000771	0.003745	0.003745
117	1	22	1	P95	9	0.001763	0.001763	0.000698	0.000698
117	1	22	1	P99	11	-0.000770	-0.000770	0.001879	0.001879
117	1	22	1	P999	11	-0.000770	-0.000770	0.001879	0.001879
117	2	40	2	P1	1	-0.002456	-0.002456	0.000187	0.000187
117	2	40	2	P50	9	0.002211	-0.888767	0.000698	-0.888473
117	2	40	2	P75	79	0.002156	-0.518393	0.000231	-0.517451
117	2	40	2	P90	85	-0.000762	-0.001509	0.001039	0.000291
117	2	40	2	P95	89	0.002606	-0.044958	0.000657	-0.043236
117	2	40	2	P99	90	-0.001093	-0.001093	0.000698	0.000698
117	2	40	2	P999	90	-0.001093	-0.001093	0.000698	0.000698
117	3	45	3	P1	1	-0.002584	-0.002584	0.000187	0.000187
117	3	45	3	P50	11	-0.000495	-0.000495	0.001879	0.001879
117	3	45	3	P75	85	-0.003229	-0.003229	-0.001203	-0.001203
117	3	45	3	P90	485	0.000441	0.000441	0.002182	0.002182
117	3	45	3	P95	1832	0.002367	0.002367	0.000142	0.000142
117	3	45	3	P99	11829	-0.000964	-0.000964	0.000239	0.000239
117	3	45	3	P999	11829	-0.000964	-0.000964	0.000239	0.000239
117	4	54	4	P1	1	-0.003482	-0.003482	0.000187	0.000187
117	4	54	4	P50	25	-0.000391	-0.040660	0.003253	-0.037161
117	4	54	4	P75	485	-0.001427	-0.001427	0.002182	0.002182
117	4	54	4	P90	2536	0.000314	0.000314	0.000165	0.000165
117	4	54	4	P95	14766	0.001044	0.001044	0.002748	0.002748
117	4	54	4	P99	14969	0.000472	0.000472	0.000304	0.000304
117	4	54	4	P999	14969	0.000472	0.000472	0.000304	0.000304
117	5	56	5	P1	1	-0.003482	-0.003482	0.000187	0.000187
117	5	56	5	P50	29	0.000709	-0.138268	0.000609	-0.135126
117	5	56	5	P75	1408	0.001867	-0.630713	0.001724	-0.630762
117	5	56	5	P90	3896	0.000822	0.000822	0.000668	0.000668
117	5	56	5	P95	14766	0.001044	0.001044	0.002748	0.002748
117	5	56	5	P99	14969	0.000472	0.000472	0.000304	0.000304
117	5	56	5	P999	14969	0.000472	0.000472	0.000304	0.000304
117	6	66	6	P1	1	-0.003540	-0.003540	0.000129	0.000129
117	6	66	6	P50	13	-0.000615	-0.155344	0.003036	-0.152257
117	6	66	6	P75	90	-0.002924	-0.002924	0.000698	0.000698
117	6	66	6	P90	2536	0.000314	0.000314	0.000165	0.000165
117	6	66	6	P95	11829	0.000405	0.000405	0.000239	0.000239
117	6	66	6	P99	14969	0.000472	0.000472	0.000304	0.000304
117	6	66	6	P999	14969	0.000472	0.000472	0.000304	0.000304
117	7	69	7	P1	1	-0.003552	-0.003552	0.000117	0.000117
117	7	69	7	P50	11	-0.003634	-0.003634	0.000008	0.000008
117	7	69	7	P75	89	0.000770	0.000770	0.000657	0.000657
117	7	69	7	P90	2536	0.000314	0.000314	0.000165	0.000165
117	7	69	7	P95	11829	0.000405	0.000405	0.000239	0.000239
117	7	69	7	P99	14969	0.000472	0.000472	0.000304	0.000304
117	7	69	7	P999	14969	0.000472	0.000472	0.000304	0.000304
118	1	22	1	P1	11	0.000718	0.000718	-0.000615	-0.000615
118	1	22	1	P50	13	-0.000851	-0.001597	0.001537	0.000789
118	1	22	1	P75	517	-0.000143	-0.000143	0.001833	0.001833
118	1	22	1	P90	1365	0.000969	0.000969	0.002838	0.002838
118	1	22	1	P95	1393	-0.000644	-0.000644	0.001220	0.001220
118	1	22	1	P99	1516	0.000723	0.000723	0.002580	0.002580
118	1	22	1	P999	1516	0.000723	0.000723	0.002580	0.002580
118	2	30	2	P1	1	-0.002428	-0.002428	0.000534	0.000534
118	2	30	2	P50	12	0.001948	0.001324	0.000839	0.000216
118	2	30	2	P75	14	0.001073	0.001073	0.003689	0.003689
118	2	30	2	P90	1393	-0.000773	-0.019277	0.001220	-0.017319
118	2	30	2	P95	1516	0.000596	0.000596	0.002580	0.002580
118	2	30	2	P99	3058	0.001743	0.001743	0.003634	0.003634
118	2	30	2	P999	3058	0.001743	0.001743	0.003634	0.003634
118	3	35	3	P1	1	-0.002650	-0.002650	0.000312	0.000312
118	3	35	3	P50	12	0.000077	0.000077	-0.001030	-0.001030
118	3	35	3	P75	14	-0.000797	-0.000797	0.001815	0.001815
118	3	35	3	P90	1365	0.000840	0.000840	0.002838	0.002838
118	3	35	3	P95	1516	0.000596	0.000596	0.002580	0.002580
118	3	35	3	P99	3058	0.001743	0.001743	0.003634	0.003634
118	3	35	3	P999	3058	0.001743	0.001743	0.003634	0.003634
118	4	41	4	P1	1	-0.002741	-0.002741	0.000220	0.000220
118	4	41	4	P50	12	-0.001169	-0.001169	-0.002274	-0.002274
118	4	41	4	P75	13	0.000411	0.000411	0.003036	0.003036
118	4	41	4	P90	1298	0.002573	0.002573	0.000833	0.000833
118	4	41	4	P95	1393	-0.000773	-0.000773	0.001220	0.001220
118	4	41	4	P99	3058	0.001743	0.001743	0.003634	0.003634
118	4	41	4	P999	3058	0.001743	0.001743	0.003634	0.003634
118	5	43	5	P1	1	-0.002754	-0.002754	0.000208	0.000208
118	5	43	5	P50	11	0.002977	0.002977	0.001879	0.001879
118	5	43	5	P75	13	0.000411	0.000411	0.003036	0.003036
118	5	43	5	P90	1298	0.002573	0.002573	0.000833	0.000833
118	5	43	5	P95	1393	-0.000773	-0.000773	0.001220	0.001220
118	5	43	5	P99	3058	0.001743	0.001743	0.003634	0.003634
118	5	43	5	P999	3058	0.001743	0.001743	0.003634	0.003634
118	6	49	6	P1	1	-0.002805	-0.002805	0.000156	0.000156
118	6	49	6	P50	2	-0.000758	-0.000758	0.002116	0.002116
118	6	49	6	P75	13	-0.001084	-0.001084	0.001537	0.001537
118	6	49	6	P90	1298	0.002573	0.002573	0.000833	0.000833
118	6	49	6	P95	1393	-0.000773	-0.000773	0.001220	0.001220
118	6	49	6	P99	3058	0.001743	0.001743	0.003634	0.003634
118	6	49	6	P999	3058	0.001743	0.001743	0.003634	0.003634
118	7	51	7	P1	1	-0.002817	-0.002817	0.000144	0.000144
118	7	51	7	P50	1	0.000774	0.000774	0.003745	0.003745
118	7	51	7	P75	13	-0.001084	-0.001084	0.001537	0.001537
118	7	51	7	P90	952	0.002294	0.002294	0.000597	0.000597
118	7	51	7	P95	1393	-0.000773	-0.000773	0.001220	0.001220
118	7	51	7	P99	3058	0.001743	0.001743	0.003634	0.003634
118	7	51	7	P999	3058	0.001743	0.001743	0.003634	0.003634
119	1	719	0	P1	1	-0.003689	-0.003689	0.000042	0.000042
119	1	719	0	P50	1	-0.001862	-0.001862	0.001876	0.001876
119	1	719	0	P75	1	-0.000926	-0.000926	0.002815	0.002815
119	1	719	0	P90	1	-0.000364	-0.000364	0.003379	0.003379
119	1	719	0	P95	1	-0.000177	-0.000177	0.003567	0.003567
119	1	719	0	P99	1	-0.000031	-0.000031	0.003714	0.003714
119	1	719	0	P999	2	0.002116	0.002116	0.002116	0.002116
119	2	5584	0	P1	1	-0.003694	-0.003694	0.000038	0.000038
119	2	5584	0	P50	1	-0.001861	-0.001861	0.001877	0.001877
119	2	5584	0	P75	1	-0.000924	-0.000925	0.002817	0.002816
119	2	5584	0	P90	1	-0.000363	-0.000363	0.003381	0.003381
119	2	5584	0	P95	1	-0.000175	-0.000175	0.003569	0.003569
119	2	5584	0	P99	1	-0.000025	-0.000025	0.003720	0.003720
119	2	5584	0	P999	2	0.001076	0.001076	0.001076	0.001076
119	3	11052	0	P1	1	-0.003693	-0.003693	0.000038	0.000038
119	3	11052	0	P50	1	-0.001861	-0.001861	0.001877	0.001877
119	3	11052	0	P75	1	-0.000925	-0.000925	0.002816	0.002816
119	3	11052	0	P90	1	-0.000363	-0.000363	0.003380	0.003380
119	3	11052	0	P95	1	-0.000176	-0.000176	0.003569	0.003569
119	3	11052	0	P99	1	-0.000026	-0.000026	0.003719	0.003719
119	3	11052	0	P999	2	0.000982	0.000982	0.000982	0.000982
119	4	11055	1	P1	1	-0.002788	-0.002788	0.000038	0.000038
119	4	11055	1	P50	1	-0.000954	-0.000954	0.001877	0.001877
119	4	11055	1	P75	1	-0.000016	-0.000016	0.002817	0.002817
119	4	11055	1	P90	1	0.000546	0.000546	0.003381	0.003381
119	4	11055	1	P95	1	0.000734	0.000734	0.003570	0.003570
119	4	11055	1	P99	1	0.000884	0.000884	0.003720	0.003720
119	4	11055	1	P999	2	0.002342	0.002342	0.001322	0.001322
119	5	11059	2	P1	1	-0.002788	-0.002788	0.000038	0.000038
119	5	11059	2	P50	1	-0.000954	-0.000954	0.001877	0.001877
119	5	11059	2	P75	1	-0.000016	-0.000016	0.002817	0.002817
119	5	11059	2	P90	1	0.000546	0.000546	0.003381	0.003381
119	5	11059	2	P95	1	0.000734	0.000734	0.003570	0.003570
119	5	11059	2	P99	1	0.000884	0.000884	0.003720	0.003720
119	5	11059	2	P999	2	0.002342	0.002342	0.001322	0.001322
119	6	11062	3	P1	1	-0.002788	-0.002788	0.000038	0.000038
119	6	11062	3	P50	1	-0.000954	-0.000954	0.001877	0.001877
119	6	11062	3	P75	1	-0.000017	-0.000017	0.002817	0.002817
119	6	11062	3	P90	1	0.000546	0.000546	0.003381	0.003381
119	6	11062	3	P95	1	0.000734	0.000734	0.003569	0.003569
119	6	11062	3	P99	1	0.000884	0.000884	0.003720	0.003720
119	6	11062	3	P999	2	0.002342	0.002342	0.001322	0.001322
119	7	11065	4	P1	1	-0.002788	-0.002788	0.000038	0.000038
119	7	11065	4	P50	1	-0.000953	-0.000953	0.001878	0.001878
119	7	11065	4	P75	1	-0.000016	-0.000016	0.002818	0.002818
119	7	11065	4	P90	1	0.000547	0.000547	0.003382	0.003382
119	7	11065	4	P95	1	0.000735	0.000735	0.003570	0.003570
119	7	11065	4	P99	1	0.000885	0.000885	0.003721	0.003721
119	7	11065	4	P999	2	0.002683	0.002683	0.001662	0.001662
120	1	626	0	P1	1	-0.003689	-0.003689	0.000042	0.000042
120	1	626	0	P50	1	-0.001855	-0.001861	0.001883	0.001877
120	1	626	0	P75	1	-0.000922	-0.000922	0.002819	0.002819
120	1	626	0	P90	1	-0.000359	-0.000359	0.003384	0.003384
120	1	626	0	P95	1	-0.000174	-0.000174	0.003571	0.003571
120	1	626	0	P99	1	-0.000024	-0.000024	0.003721	0.003721
120	1	626	0	P999	2	0.002116	0.002116	0.002116	0.002116
120	2	1133	0	P1	1	-0.003691	-0.003691	0.000040	0.000040
120	2	1133	0	P50	1	-0.001862	-0.001862	0.001876	0.001876
120	2	1133	0	P75	1	-0.000928	-0.000928	0.002813	0.002813
120	2	1133	0	P90	1	-0.000367	-0.000367	0.003377	0.003377
120	2	1133	0	P95	1	-0.000178	-0.000178	0.003566	0.003566
120	2	1133	0	P99	1	-0.000030	-0.000030	0.003715	0.003715
120	2	1133	0	P999	2	0.000245	0.000245	0.000245	0.000245
120	3	2012	0	P1	1	-0.003692	-0.003692	0.000039	0.000039
120	3	2012	0	P50	1	-0.001862	-0.001864	0.001876	0.001874
120	3	2012	0	P75	1	-0.000927	-0.000928	0.002815	0.002813
120	3	2012	0	P90	1	-0.000367	-0.000367	0.003377	0.003377
120	3	2012	0	P95	1	-0.000179	-0.000179	0.003566	0.003566
120	3	2012	0	P99	1	-0.000030	-0.000030	0.003715	0.003715
120	3	2012	0	P999	2	0.000868	0.000868	0.000868	0.000868
120	4	2021	1	P1	1	-0.003043	-0.003043	0.000039	0.000039
120	4	2021	1	P50	1	-0.001204	-0.001204	0.001884	0.001884
120	4	2021	1	P75	1	-0.000265	-0.000265	0.002826	0.002826
120	4	2021	1	P90	1	0.000300	0.000300	0.003392	0.003392
120	4	2021	1	P95	1	0.000488	0.000488	0.003581	0.003581
120	4	2021	1	P99	1	0.000639	0.000639	0.003732	0.003732
120	4	2021	1	P999	28	-0.000651	-0.000651	0.002060	0.002060
120	5	2032	2	P1	1	-0.003043	-0.003043	0.000039	0.000039
120	5	2032	2	P50	1	-0.001203	-0.001205	0.001885	0.001883
120	5	2032	2	P75	1	-0.000263	-0.000265	0.002827	0.002826
120	5	2032	2	P90	1	0.000300	0.000300	0.003392	0.003392
120	5	2032	2	P95	1	0.000489	0.000489	0.003581	0.003581
120	5	2032	2	P99	1	0.000639	0.000639	0.003732	0.003732
120	5	2032	2	P999	28	-0.000651	-0.000651	0.002060	0.002060
120	6	2041	3	P1	1	-0.003044	-0.003044	0.000039	0.000039
120	6	2041	3	P50	1	-0.001204	-0.001204	0.001884	0.001884
120	6	2041	3	P75	1	-0.000265	-0.000265	0.002826	0.002826
120	6	2041	3	P90	1	0.000299	0.000299	0.003392	0.003392
120	6	2041	3	P95	1	0.000487	0.000487	0.003580	0.003580
120	6	2041	3	P99	1	0.000639	0.000639	0.003732	0.003732
120	6	2041	3	P999	28	-0.000651	-0.000651	0.002060	0.002060
120	7	2053	4	P1	1	-0.002486	-0.002486	0.000039	0.000039
120	7	2053	4	P50	1	-0.000634	-0.000634	0.001895	0.001895
120	7	2053	4	P75	1	0.000311	0.000311	0.002843	0.002843
120	7	2053	4	P90	1	0.000879	0.000879	0.003412	0.003412
120	7	2053	4	P95	1	0.001069	0.001069	0.003603	0.003603
120	7	2053	4	P99	27	-0.000788	-0.000788	-0.001942	-0.001942
120	7	2053	4	P999	34	0.000491	0.000491	0.002279	0.002279
121	1	4439	1	P1	1	-0.003502	-0.003502	0.000038	0.000038
121	1	4439	1	P50	1	-0.001660	-0.001660	0.001887	0.001887
121	1	4439	1	P75	1	-0.000719	-0.000719	0.002832	0.002832
121	1	4439	1	P90	1	-0.000153	-0.000153	0.003399	0.003399
121	1	4439	1	P95	1	0.000035	0.000035	0.003588	0.003588
121	1	4439	1	P99	1	0.000185	0.000185	0.003739	0.003739
121	1	4439	1	P999	28	-0.000131	-0.000131	-0.000434	-0.000434
121	2	4453	2	P1	1	-0.003502	-0.003502	0.000038	0.000038
121	2	4453	2	P50	1	-0.001660	-0.001660	0.001887	0.001887
121	2	4453	2	P75	1	-0.000719	-0.000719	0.002831	0.002831
121	2	4453	2	P90	1	-0.000154	-0.000154	0.003398	0.003398
121	2	4453	2	P95	1	0.000035	0.000035	0.003588	0.003588
121	2	4453	2	P99	1	0.000186	0.000186	0.003739	0.003739
121	2	4453	2	P999	28	-0.000131	-0.000131	-0.000434	-0.000434
121	3	4467	3	P1	1	-0.003503	-0.003503	0.000038	0.000038
121	3	4467	3	P50	1	-0.001659	-0.001659	0.001888	0.001888
121	3	4467	3	P75	1	-0.000717	-0.000717	0.002833	0.002833
121	3	4467	3	P90	1	-0.000151	-0.000151	0.003401	0.003401
121	3	4467	3	P95	1	0.000037	0.000037	0.003590	0.003590
121	3	4467	3	P99	1	0.000188	0.000188	0.003742	0.003742
121	3	4467	3	P999	28	-0.000131	-0.000131	-0.000434	-0.000434
121	4	4481	4	P1	1	-0.002651	-0.002651	0.000038	0.000038
121	4	4481	4	P50	1	-0.000799	-0.000799	0.001894	0.001894
121	4	4481	4	P75	1	0.000146	0.000146	0.002842	0.002842
121	4	4481	4	P90	1	0.000714	0.000714	0.003411	0.003411
121	4	4481	4	P95	1	0.000903	0.000903	0.003601	0.003601
121	4	4481	4	P99	2	0.000987	0.000987	-0.000186	-0.000186
121	4	4481	4	P999	29	0.002270	0.002270	0.000609	0.000609
121	5	5234	5	P1	1	-0.002650	-0.002650	0.000038	0.000038
121	5	5234	5	P50	1	-0.000801	-0.000802	0.001892	0.001891
121	5	5234	5	P75	1	0.000143	0.000143	0.002839	0.002839
121	5	5234	5	P90	1	0.000710	0.000710	0.003407	0.003407
121	5	5234	5	P95	1	0.000900	0.000900	0.003597	0.003597
121	5	5234	5	P99	2	0.000193	0.000193	-0.000979	-0.000979
121	5	5234	5	P999	29	0.001334	0.001334	-0.000326	-0.000326
121	6	5336	6	P1	1	-0.002650	-0.002650	0.000038	0.000038
121	6	5336	6	P50	1	-0.000802	-0.000802	0.001892	0.001891
121	6	5336	6	P75	1	0.000143	0.000142	0.002838	0.002838
121	6	5336	6	P90	1	0.000710	0.000710	0.003407	0.003407
121	6	5336	6	P95	1	0.000899	0.000899	0.003596	0.003596
121	6	5336	6	P99	2	0.000064	0.000064	-0.001108	-0.001108
121	6	5336	6	P999	29	0.001334	0.001334	-0.000326	-0.000326
121	7	9170	7	P1	1	-0.002651	-0.002651	0.000038	0.000038
121	7	9170	7	P50	1	-0.000807	-0.000807	0.001887	0.001886
121	7	9170	7	P75	1	0.000135	0.000135	0.002831	0.002831
121	7	9170	7	P90	1	0.000701	0.000701	0.003398	0.003398
121	7	9170	7	P95	1	0.000889	0.000889	0.003587	0.003587
121	7	9170	7	P99	1	0.001040	0.001040	0.003738	0.003738
121	7	9170	7	P999	28	0.003093	0.003093	0.001720	0.001720
122	1	86	0	P1	1	-0.003685	-0.003685	0.000046	0.000046
122	1	86	0	P50	1	-0.001706	-0.001752	0.002033	0.001986
122	1	86	0	P75	1	-0.000738	-0.000738	0.003004	0.003004
122	1	86	0	P90	1	-0.000138	-0.000138	0.003606	0.003606
122	1	86	0	P95	2	-0.000689	-0.000689	-0.000689	-0.000689
122	1	86	0	P99	3	0.000349	0.000349	0.000349	0.000349
122	1	86	0	P999	3	0.000349	0.000349	0.000349	0.000349
122	2	88	0	P1	1	-0.003686	-0.003686	0.000045	0.000045
122	2	88	0	P50	1	-0.001710	-0.001755	0.002029	0.001984
122	2	88	0	P75	1	-0.000720	-0.000765	0.003022	0.002977
122	2	88	0	P90	1	-0.000135	-0.000135	0.003609	0.003609
122	2	88	0	P95	2	-0.000689	-0.000689	-0.000689	-0.000689
122	2	88	0	P99	3	0.000349	0.000349	0.000349	0.000349
122	2	88	0	P999	3	0.000349	0.000349	0.000349	0.000349
122	3	128	0	P1	1	-0.003670	-0.003670	0.000061	0.000061
122	3	128	0	P50	1	-0.001745	-0.001775	0.001994	0.001963
122	3	128	0	P75	1	-0.000766	-0.000796	0.002976	0.002946
122	3	128	0	P90	1	-0.000184	-0.000184	0.003560	0.003560
122	3	128	0	P95	1	-0.000000	-0.000000	0.003745	0.003745
122	3	128	0	P99	3	-0.001519	-0.001519	-0.001519	-0.001519
122	3	128	0	P999	3	0.000349	0.000349	0.000349	0.000349
122	4	980	0	P1	1	-0.003693	-0.003693	0.000038	0.000038
122	4	980	0	P50	1	-0.001846	-0.001850	0.001892	0.001888
122	4	980	0	P75	1	-0.000904	-0.000908	0.002837	0.002833
122	4	980	0	P90	1	-0.000339	-0.000343	0.003405	0.003401
122	4	980	0	P95	1	-0.000150	-0.000154	0.003594	0.003590
122	4	980	0	P99	1	-0.000000	-0.000000	0.003745	0.003745
122	4	980	0	P999	3	0.000349	0.000349	0.000349	0.000349
122	5	982	1	P1	1	-0.002788	-0.002788	0.000038	0.000038
122	5	982	1	P50	1	-0.000935	-0.000939	0.001896	0.001892
122	5	982	1	P75	1	0.000008	0.000008	0.002841	0.002841
122	5	982	1	P90	1	0.000574	0.000574	0.003409	0.003409
122	5	982	1	P95	1	0.000763	0.000763	0.003598	0.003598
122	5	982	1	P99	2	0.000462	0.000462	-0.000556	-0.000556
122	5	982	1	P999	29	0.002051	0.002051	0.000609	0.000609
122	6	985	2	P1	1	-0.002788	-0.002788	0.000038	0.000038
122	6	985	2	P50	1	-0.000937	-0.000937	0.001894	0.001894
122	6	985	2	P75	1	0.000007	0.000007	0.002840	0.002840
122	6	985	2	P90	1	0.000575	0.000575	0.003410	0.003410
122	6	985	2	P95	1	0.000763	0.000763	0.003599	0.003599
122	6	985	2	P99	2	0.000462	0.000462	-0.000556	-0.000556
122	6	985	2	P999	29	0.002051	0.002051	0.000609	0.000609
122	7	987	3	P1	1	-0.002788	-0.002788	0.000038	0.000038
122	7	987	3	P50	1	-0.000933	-0.000933	0.001898	0.001898
122	7	987	3	P75	1	0.000014	0.000014	0.002848	0.002848
122	7	987	3	P90	1	0.000582	0.000582	0.003418	0.003418
122	7	987	3	P95	1	0.000771	0.000771	0.003606	0.003606
122	7	987	3	P99	2	0.000462	0.000462	0.000037	0.000037
122	7	987	3	P999	29	0.002051	0.002051	0.000609	0.000609
123	1	2901	1	P1	1	-0.002486	-0.002486	0.000039	0.000039
123	1	2901	1	P50	1	-0.000654	-0.000654	0.001875	0.001875
123	1	2901	1	P75	1	0.000282	0.000282	0.002814	0.002814
123	1	2901	1	P90	1	0.000844	0.000844	0.003377	0.003377
123	1	2901	1	P95	1	0.001032	0.001032	0.003565	0.003565
123	1	2901	1	P99	1	0.001182	0.001182	0.003715	0.003715
123	1	2901	1	P999	2	0.003477	0.003477	0.002116	0.002116
123	2	2911	2	P1	1	-0.002486	-0.002486	0.000039	0.000039
123	2	2911	2	P50	1	-0.000647	-0.000647	0.001882	0.001882
123	2	2911	2	P75	1	0.000293	0.000293	0.002824	0.002824
123	2	2911	2	P90	1	0.000856	0.000856	0.003389	0.003389
123	2	2911	2	P95	1	0.001045	0.001045	0.003578	0.003578
123	2	2911	2	P99	1	0.001195	0.001195	0.003728	0.003728
123	2	2911	2	P999	29	0.001282	0.001282	-0.000326	-0.000326
123	3	2923	3	P1	1	-0.002486	-0.002486	0.000039	0.000039
123	3	2923	3	P50	1	-0.000647	-0.000647	0.001882	0.001882
123	3	2923	3	P75	1	0.000294	0.000294	0.002825	0.002825
123	3	2923	3	P90	1	0.000857	0.000857	0.003390	0.003390
123	3	2923	3	P95	1	0.001045	0.001045	0.003578	0.003578
123	3	2923	3	P99	1	0.001196	0.001196	0.003729	0.003729
123	3	2923	3	P999	29	0.001282	0.001282	-0.000326	-0.000326
123	4	2933	4	P1	1	-0.002486	-0.002486	0.000038	0.000038
123	4	2933	4	P50	1	-0.000645	-0.000645	0.001884	0.001884
123	4	2933	4	P75	1	0.000296	0.000296	0.002827	0.002827
123	4	2933	4	P90	1	0.000861	0.000861	0.003393	0.003393
123	4	2933	4	P95	1	0.001050	0.001050	0.003583	0.003583
123	4	2933	4	P99	1	0.001200	0.001200	0.003733	0.003733
123	4	2933	4	P999	29	0.001282	0.001282	-0.000326	-0.000326
123	5	2944	5	P1	1	-0.002486	-0.002486	0.000038	0.000038
123	5	2944	5	P50	1	-0.000637	-0.000638	0.001892	0.001891
123	5	2944	5	P75	1	0.000307	0.000306	0.002839	0.002837
123	5	2944	5	P90	1	0.000874	0.000874	0.003406	0.003406
123	5	2944	5	P95	1	0.001063	0.001063	0.003596	0.003596
123	5	2944	5	P99	2	0.000667	0.000667	-0.000689	-0.000689
123	5	2944	5	P999	32	-0.000574	-0.000574	0.001225	0.001225
123	6	3487	6	P1	1	-0.002487	-0.002487	0.000038	0.000038
123	6	3487	6	P50	1	-0.000641	-0.000641	0.001888	0.001888
123	6	3487	6	P75	1	0.000302	0.000302	0.002833	0.002833
123	6	3487	6	P90	1	0.000868	0.000868	0.003401	0.003401
123	6	3487	6	P95	1	0.001057	0.001057	0.003590	0.003590
123	6	3487	6	P99	1	0.001208	0.001208	0.003742	0.003742
123	6	3487	6	P999	31	0.003139	0.003139	0.001201	0.001201
123	7	3920	7	P1	1	-0.002486	-0.002486	0.000039	0.000039
123	7	3920	7	P50	1	-0.000640	-0.000641	0.001890	0.001889
123	7	3920	7	P75	1	0.000304	0.000303	0.002835	0.002834
123	7	3920	7	P90	1	0.000870	0.000869	0.003403	0.003402
123	7	3920	7	P95	1	0.001059	0.001058	0.003592	0.003591
123	7	3920	7	P99	1	0.001210	0.001210	0.003743	0.003743
123	7	3920	7	P999	31	0.003139	0.003139	0.001201	0.001201
124	1	846	1	P1	1	-0.003041	-0.003041	0.000041	0.000041
124	1	846	1	P50	1	-0.001153	-0.001158	0.001935	0.001930
124	1	846	1	P75	1	-0.000192	-0.000192	0.002899	0.002899
124	1	846	1	P90	1	0.000387	0.000387	0.003480	0.003480
124	1	846	1	P95	1	0.000579	0.000579	0.003672	0.003672
124	1	846	1	P99	28	-0.002144	-0.002144	0.000563	0.000563
124	1	846	1	P999	29	0.001643	0.001643	0.000609	0.000609
124	2	881	2	P1	1	-0.003043	-0.003043	0.000039	0.000039
124	2	881	2	P50	1	-0.001158	-0.001158	0.001930	0.001930
124	2	881	2	P75	1	-0.000197	-0.000197	0.002894	0.002894
124	2	881	2	P90	1	0.000380	0.000380	0.003473	0.003473
124	2	881	2	P95	1	0.000573	0.000573	0.003666	0.003666
124	2	881	2	P99	28	-0.002144	-0.002144	0.000563	0.000563
124	2	881	2	P999	29	0.001643	0.001643	0.000609	0.000609
124	3	906	3	P1	1	-0.003040	-0.003040	0.000043	0.000043
124	3	906	3	P50	1	-0.001149	-0.001153	0.001939	0.001935
124	3	906	3	P75	1	-0.000185	-0.000185	0.002906	0.002906
124	3	906	3	P90	1	0.000395	0.000395	0.003488	0.003488
124	3	906	3	P95	1	0.000588	0.000588	0.003681	0.003681
124	3	906	3	P99	28	-0.002517	-0.002517	0.000189	0.000189
124	3	906	3	P999	29	0.001643	0.001643	0.000609	0.000609
124	4	943	4	P1	1	-0.003040	-0.003040	0.000043	0.000043
124	4	943	4	P50	1	-0.001072	-0.001072	0.002016	0.002016
124	4	943	4	P75	1	-0.000066	-0.000066	0.003026	0.003026
124	4	943	4	P90	1	0.000536	0.000536	0.003629	0.003629
124	4	943	4	P95	27	0.002073	0.002073	0.001047	0.001047
124	4	943	4	P99	30	-0.001107	-0.001107	-0.002141	-0.002141
124	4	943	4	P999	35	0.000508	0.000508	0.003198	0.003198
124	5	6060	5	P1	1	-0.003044	-0.003044	0.000038	0.000038
124	5	6060	5	P50	1	-0.001192	-0.001192	0.001896	0.001895
124	5	6060	5	P75	1	-0.000246	-0.000246	0.002845	0.002845
124	5	6060	5	P90	1	0.000323	0.000322	0.003415	0.003414
124	5	6060	5	P95	1	0.000512	0.000512	0.003605	0.003604
124	5	6060	5	P99	26	0.000558	0.000558	-0.000462	-0.000462
124	5	6060	5	P999	30	0.000762	0.000762	-0.000274	-0.000274
124	6	7903	6	P1	1	-0.003044	-0.003044	0.000038	0.000038
124	6	7903	6	P50	1	-0.001196	-0.001196	0.001892	0.001892
124	6	7903	6	P75	1	-0.000252	-0.000252	0.002839	0.002839
124	6	7903	6	P90	1	0.000315	0.000315	0.003407	0.003407
124	6	7903	6	P95	1	0.000504	0.000504	0.003597	0.003597
124	6	7903	6	P99	2	-0.000334	-0.000334	-0.000534	-0.000534
124	6	7903	6	P999	30	0.000139	0.000139	-0.000897	-0.000897
124	7	7916	7	P1	1	-0.003044	-0.003044	0.000038	0.000038
124	7	7916	7	P50	1	-0.001193	-0.001193	0.001895	0.001894
124	7	7916	7	P75	1	-0.000247	-0.000248	0.002843	0.002843
124	7	7916	7	P90	1	0.000320	0.000320	0.003413	0.003413
124	7	7916	7	P95	1	0.000510	0.000510	0.003603	0.003603
124	7	7916	7	P99	2	0.002098	0.002098	0.001492	0.001492
124	7	7916	7	P999	30	0.000762	0.000762	-0.000274	-0.000274
125	1	27	0	P1	1	-0.003582	-0.003582	0.000150	0.000150
125	1	27	0	P50	1	-0.001643	-0.001643	0.002095	0.002095
125	1	27	0	P75	1	-0.000598	-0.000598	0.003145	0.003145
125	1	27	0	P90	1	-0.000000	-0.000000	0.003745	0.003745
125	1	27	0	P95	2	0.000245	0.000245	0.000245	0.000245
125	1	27	0	P99	2	0.002116	0.002116	0.002116	0.002116
125	1	27	0	P999	2	0.002116	0.002116	0.002116	0.002116
125	2	40	1	P1	1	-0.002376	-0.002376	0.000150	0.000150
125	2	40	1	P50	1	0.000613	0.000463	0.003145	0.002995
125	2	40	1	P75	29	-0.004007	-0.034259	-0.002192	-0.032493
125	2	40	1	P90	30	0.001341	0.000406	-0.000586	-0.001519
125	2	40	1	P95	32	0.001296	-0.060365	0.003098	-0.062173
125	2	40	1	P99	37	0.001926	0.001926	0.003699	0.003699
125	2	40	1	P999	37	0.001926	0.001926	0.003699	0.003699
125	3	3009	2	P1	1	-0.002486	-0.002486	0.000039	0.000039
125	3	3009	2	P50	1	-0.000645	-0.000645	0.001884	0.001884
125	3	3009	2	P75	1	0.000295	0.000295	0.002827	0.002827
125	3	3009	2	P90	1	0.000861	0.000861	0.003394	0.003394
125	3	3009	2	P95	1	0.001049	0.001049	0.003582	0.003582
125	3	3009	2	P99	1	0.001199	0.001199	0.003732	0.003732
125	3	3009	2	P999	30	0.001341	0.001341	-0.000586	-0.000586
125	4	9058	3	P1	1	-0.002487	-0.002487	0.000038	0.000038
125	4	9058	3	P50	1	-0.000651	-0.000652	0.001878	0.001877
125	4	9058	3	P75	1	0.000286	0.000286	0.002817	0.002817
125	4	9058	3	P90	1	0.000849	0.000849	0.003382	0.003382
125	4	9058	3	P95	1	0.001037	0.001037	0.003570	0.003570
125	4	9058	3	P99	1	0.001187	0.001187	0.003720	0.003720
125	4	9058	3	P999	29	-0.004007	-0.004007	-0.002192	-0.002192
125	5	9070	4	P1	1	-0.002487	-0.002487	0.000038	0.000038
125	5	9070	4	P50	1	-0.000649	-0.000649	0.001880	0.001880
125	5	9070	4	P75	1	0.000290	0.000290	0.002821	0.002821
125	5	9070	4	P90	1	0.000854	0.000853	0.003386	0.003386
125	5	9070	4	P95	1	0.001042	0.001042	0.003575	0.003575
125	5	9070	4	P99	1	0.001192	0.001192	0.003725	0.003725
125	5	9070	4	P999	29	-0.002143	-0.002143	-0.000886	-0.000886
125	6	9090	5	P1	1	-0.002487	-0.002487	0.000038	0.000038
125	6	9090	5	P50	1	-0.000649	-0.000649	0.001880	0.001880
125	6	9090	5	P75	1	0.000290	0.000290	0.002821	0.002821
125	6	9090	5	P90	1	0.000854	0.000853	0.003386	0.003386
125	6	9090	5	P95	1	0.001042	0.001042	0.003575	0.003575
125	6	9090	5	P99	1	0.001192	0.001192	0.003725	0.003725
125	6	9090	5	P999	29	-0.002143	-0.002143	-0.000886	-0.000886
125	7	9102	6	P1	1	-0.002487	-0.002487	0.000038	0.000038
125	7	9102	6	P50	1	-0.000649	-0.000649	0.001880	0.001880
125	7	9102	6	P75	1	0.000290	0.000290	0.002822	0.002822
125	7	9102	6	P90	1	0.000854	0.000854	0.003387	0.003387
125	7	9102	6	P95	1	0.001042	0.001042	0.003575	0.003575
125	7	9102	6	P99	1	0.001193	0.001193	0.003726	0.003726
125	7	9102	6	P999	29	-0.002143	-0.002143	-0.000886	-0.000886
126	1	2696	1	P1	1	-0.002390	-0.002390	0.000038	0.000038
126	1	2696	1	P50	1	-0.000548	-0.000549	0.001884	0.001883
126	1	2696	1	P75	1	0.000393	0.000392	0.002827	0.002825
126	1	2696	1	P90	1	0.000957	0.000957	0.003392	0.003392
126	1	2696	1	P95	1	0.001146	0.001146	0.003581	0.003581
126	1	2696	1	P99	1	0.001297	0.001297	0.003732	0.003732
126	1	2696	1	P999	30	-0.002800	-0.002800	-0.001146	-0.001146
126	2	2700	2	P1	1	-0.002388	-0.002390	0.000039	0.000038
126	2	2700	2	P50	1	-0.000545	-0.000546	0.001887	0.001885
126	2	2700	2	P75	1	0.000397	0.000396	0.002831	0.002829
126	2	2700	2	P90	1	0.000963	0.000961	0.003398	0.003396
126	2	2700	2	P95	1	0.001151	0.001150	0.003587	0.003585
126	2	2700	2	P99	1	0.001302	0.001301	0.003738	0.003737
126	2	2700	2	P999	30	-0.002800	-0.002800	-0.001146	-0.001146
126	3	2705	3	P1	1	-0.002389	-0.002389	0.000039	0.000039
126	3	2705	3	P50	1	-0.000546	-0.000546	0.001886	0.001886
126	3	2705	3	P75	1	0.000396	0.000396	0.002830	0.002830
126	3	2705	3	P90	1	0.000962	0.000962	0.003397	0.003397
126	3	2705	3	P95	1	0.001150	0.001150	0.003586	0.003586
126	3	2705	3	P99	1	0.001301	0.001301	0.003737	0.003737
126	3	2705	3	P999	30	-0.002800	-0.002800	-0.001146	-0.001146
126	4	2709	4	P1	1	-0.002389	-0.002389	0.000039	0.000039
126	4	2709	4	P50	1	-0.000545	-0.000545	0.001887	0.001887
126	4	2709	4	P75	1	0.000397	0.000397	0.002831	0.002831
126	4	2709	4	P90	1	0.000964	0.000964	0.003399	0.003399
126	4	2709	4	P95	1	0.001152	0.001152	0.003587	0.003587
126	4	2709	4	P99	1	0.001302	0.001302	0.003738	0.003738
126	4	2709	4	P999	30	-0.002800	-0.002800	-0.001146	-0.001146
126	5	2713	5	P1	1	-0.002389	-0.002389	0.000039	0.000039
126	5	2713	5	P50	1	-0.000542	-0.000542	0.001890	0.001890
126	5	2713	5	P75	1	0.000401	0.000401	0.002835	0.002835
126	5	2713	5	P90	1	0.000968	0.000968	0.003403	0.003403
126	5	2713	5	P95	1	0.001157	0.001157	0.003593	0.003593
126	5	2713	5	P99	1	0.001308	0.001308	0.003744	0.003744
126	5	2713	5	P999	30	-0.002054	-0.002054	-0.000399	-0.000399
126	6	7907	6	P1	1	-0.002389	-0.002389	0.000038	0.000038
126	6	7907	6	P50	1	-0.000550	-0.000550	0.001881	0.001881
126	6	7907	6	P75	1	0.000389	0.000389	0.002823	0.002823
126	6	7907	6	P90	1	0.000954	0.000954	0.003389	0.003389
126	6	7907	6	P95	1	0.001142	0.001142	0.003577	0.003577
126	6	7907	6	P99	1	0.001292	0.001292	0.003728	0.003728
126	6	7907	6	P999	29	-0.001056	-0.001056	-0.000139	-0.000139
126	7	14723	7	P1	1	-0.002390	-0.002390	0.000038	0.000038
126	7	14723	7	P50	1	-0.000554	-0.000554	0.001877	0.001877
126	7	14723	7	P75	1	0.000384	0.000384	0.002818	0.002818
126	7	14723	7	P90	1	0.000947	0.000947	0.003382	0.003382
126	7	14723	7	P95	1	0.001135	0.001135	0.003570	0.003570
126	7	14723	7	P99	1	0.001285	0.001285	0.003721	0.003721
126	7	14723	7	P999	28	-0.002415	-0.002415	-0.000745	-0.000745
127	1	76	1	P1	1	-0.003001	-0.003001	0.000081	0.000081
127	1	76	1	P50	1	0.000083	0.000001	0.003174	0.003093
127	1	76	1	P75	27	0.000326	0.000077	-0.000698	-0.000947
127	1	76	1	P90	28	-0.002517	-0.002517	0.000189	0.000189
127	1	76	1	P95	28	-0.000651	-0.000651	0.002060	0.002060
127	1	76	1	P99	35	0.000508	0.000508	0.003198	0.003198
127	1	76	1	P999	35	0.000508	0.000508	0.003198	0.003198
127	2	106	2	P1	1	-0.002976	-0.002976	0.000107	0.000107
127	2	106	2	P50	1	-0.000203	-0.000256	0.002888	0.002834
127	2	106	2	P75	26	0.002430	0.002430	0.001408	0.001408
127	2	106	2	P90	28	-0.003915	-0.003915	-0.001212	-0.001212
127	2	106	2	P95	28	-0.001585	-0.001585	0.001124	0.001124
127	2	106	2	P99	32	0.000399	0.000399	0.003098	0.003098
127	2	106	2	P999	35	0.000508	0.000508	0.003198	0.003198
127	3	143	3	P1	1	-0.002976	-0.002976	0.000107	0.000107
127	3	143	3	P50	2	-0.003381	-0.003381	-0.000378	-0.000378
127	3	143	3	P75	28	-0.003263	-0.003263	-0.000558	-0.000558
127	3	143	3	P90	30	-0.000858	-0.000858	-0.001892	-0.001892
127	3	143	3	P95	31	-0.001497	-0.001497	0.001201	0.001201
127	3	143	3	P99	35	0.000508	0.000508	0.003198	0.003198
127	3	143	3	P999	36	-0.001493	-0.001493	0.001188	0.001188
127	4	518	4	P1	1	-0.003032	-0.003032	0.000051	0.000051
127	4	518	4	P50	1	-0.000897	-0.000906	0.002191	0.002183
127	4	518	4	P75	1	0.000188	0.000188	0.003280	0.003280
127	4	518	4	P90	27	-0.000421	-0.000421	-0.000733	-0.000733
127	4	518	4	P95	28	-0.001398	-0.001398	0.001312	0.001312
127	4	518	4	P99	32	-0.000847	-0.000847	0.001849	0.001849
127	4	518	4	P999	36	-0.001493	-0.001493	0.001188	0.001188
127	5	520	5	P1	1	-0.003032	-0.003032	0.000051	0.000051
127	5	520	5	P50	1	-0.000889	-0.000897	0.002200	0.002191
127	5	520	5	P75	1	0.000205	0.000197	0.003297	0.003289
127	5	520	5	P90	27	-0.000172	-0.000421	-0.000483	-0.000653
127	5	520	5	P95	28	-0.001363	-0.001540	0.001347	0.001169
127	5	520	5	P99	32	-0.000847	-0.000847	0.001849	0.001849
127	5	520	5	P999	36	-0.001493	-0.001493	0.001188	0.001188
127	6	523	6	P1	1	-0.003032	-0.003032	0.000050	0.000050
127	6	523	6	P50	1	-0.000895	-0.000895	0.002193	0.002193
127	6	523	6	P75	1	0.000200	0.000200	0.003292	0.003292
127	6	523	6	P90	27	-0.000421	-0.000421	-0.000653	-0.000653
127	6	523	6	P95	28	-0.001540	-0.001540	0.001169	0.001169
127	6	523	6	P99	32	-0.000847	-0.000847	0.001849	0.001849
127	6	523	6	P999	36	-0.001493	-0.001493	0.001188	0.001188
127	7	525	7	P1	1	-0.003032	-0.003032	0.000050	0.000050
127	7	525	7	P50	1	-0.000897	-0.000897	0.002192	0.002192
127	7	525	7	P75	1	0.000193	0.000193	0.003285	0.003285
127	7	525	7	P90	27	-0.000421	-0.000421	-0.000653	-0.000653
127	7	525	7	P95	28	-0.001540	-0.001540	0.001169	0.001169
127	7	525	7	P99	32	-0.000847	-0.000847	0.001849	0.001849
127	7	525	7	P999	36	-0.001493	-0.001493	0.001188	0.001188
128	1	4258	1	P1	1	-0.002487	-0.002487	0.000038	0.000038
128	1	4258	1	P50	1	-0.000652	-0.000653	0.001877	0.001876
128	1	4258	1	P75	1	0.000285	0.000285	0.002816	0.002816
128	1	4258	1	P90	1	0.000848	0.000848	0.003380	0.003380
128	1	4258	1	P95	1	0.001035	0.001035	0.003568	0.003568
128	1	4258	1	P99	1	0.001185	0.001185	0.003718	0.003718
128	1	4258	1	P999	2	0.003060	0.003060	0.001700	0.001700
128	2	5148	2	P1	1	-0.002487	-0.002487	0.000038	0.000038
128	2	5148	2	P50	1	-0.000653	-0.000654	0.001876	0.001875
128	2	5148	2	P75	1	0.000284	0.000283	0.002815	0.002815
128	2	5148	2	P90	1	0.000846	0.000846	0.003379	0.003379
128	2	5148	2	P95	1	0.001034	0.001034	0.003567	0.003567
128	2	5148	2	P99	1	0.001184	0.001184	0.003717	0.003717
128	2	5148	2	P999	2	0.002727	0.002727	0.001367	0.001367
128	3	5155	3	P1	1	-0.002487	-0.002487	0.000038	0.000038
128	3	5155	3	P50	1	-0.000651	-0.000651	0.001878	0.001878
128	3	5155	3	P75	1	0.000288	0.000288	0.002819	0.002819
128	3	5155	3	P90	1	0.000851	0.000851	0.003383	0.003383
128	3	5155	3	P95	1	0.001039	0.001039	0.003572	0.003572
128	3	5155	3	P99	1	0.001189	0.001189	0.003722	0.003722
128	3	5155	3	P999	27	-0.000788	-0.000788	0.001047	0.001047
128	4	5164	4	P1	1	-0.002487	-0.002487	0.000038	0.000038
128	4	5164	4	P50	1	-0.000650	-0.000651	0.001879	0.001878
128	4	5164	4	P75	1	0.000288	0.000287	0.002819	0.002818
128	4	5164	4	P90	1	0.000851	0.000851	0.003383	0.003383
128	4	5164	4	P95	1	0.001038	0.001038	0.003571	0.003571
128	4	5164	4	P99	1	0.001189	0.001189	0.003722	0.003722
128	4	5164	4	P999	27	-0.000788	-0.000788	0.001047	0.001047
128	5	5171	5	P1	1	-0.002487	-0.002487	0.000038	0.000038
128	5	5171	5	P50	1	-0.000650	-0.000650	0.001879	0.001879
128	5	5171	5	P75	1	0.000289	0.000289	0.002821	0.002821
128	5	5171	5	P90	1	0.000852	0.000852	0.003385	0.003385
128	5	5171	5	P95	1	0.001041	0.001041	0.003574	0.003574
128	5	5171	5	P99	1	0.001191	0.001191	0.003725	0.003725
128	5	5171	5	P999	27	-0.000788	-0.000788	0.001047	0.001047
128	6	5178	6	P1	1	-0.002487	-0.002487	0.000038	0.000038
128	6	5178	6	P50	1	-0.000647	-0.000647	0.001882	0.001882
128	6	5178	6	P75	1	0.000293	0.000293	0.002824	0.002824
128	6	5178	6	P90	1	0.000858	0.000858	0.003390	0.003390
128	6	5178	6	P95	1	0.001046	0.001046	0.003579	0.003579
128	6	5178	6	P99	1	0.001196	0.001196	0.003730	0.003730
128	6	5178	6	P999	29	-0.000276	-0.000276	-0.001260	-0.001260
128	7	12421	7	P1	1	-0.002487	-0.002487	0.000038	0.000038
128	7	12421	7	P50	1	-0.000646	-0.000646	0.001883	0.001883
128	7	12421	7	P75	1	0.000295	0.000295	0.002826	0.002826
128	7	12421	7	P90	1	0.000859	0.000859	0.003392	0.003392
128	7	12421	7	P95	1	0.001048	0.001048	0.003581	0.003581
128	7	12421	7	P99	1	0.001199	0.001199	0.003732	0.003732
128	7	12421	7	P999	27	-0.000788	-0.000788	-0.000200	-0.000200
129	1	45	1	P1	1	-0.002545	-0.002545	0.000144	0.000144
129	1	45	1	P50	1	0.000615	0.000615	0.003312	0.003312
129	1	45	1	P75	27	-0.001793	-0.001793	0.000299	0.000299
129	1	45	1	P90	28	-0.000562	-0.000562	0.001525	0.001525
129	1	45	1	P95	29	0.000398	0.000398	-0.001260	-0.001260
129	1	45	1	P99	32	0.001033	0.001033	0.003098	0.003098
129	1	45	1	P999	32	0.001033	0.001033	0.003098	0.003098
129	2	63	2	P1	1	-0.002598	-0.002598	0.000091	0.000091
129	2	63	2	P50	1	0.000226	0.000226	0.002922	0.002922
129	2	63	2	P75	26	-0.000692	-0.000692	0.001408	0.001408
129	2	63	2	P90	28	-0.001629	-0.001629	0.000456	0.000456
129	2	63	2	P95	28	-0.000028	-0.000028	0.002060	0.002060
129	2	63	2	P99	32	0.001033	0.001033	0.003098	0.003098
129	2	63	2	P999	32	0.001033	0.001033	0.003098	0.003098
129	3	82	3	P1	1	-0.002991	-0.002991	0.000091	0.000091
129	3	82	3	P50	2	0.000040	-0.499674	-0.000689	-0.498128
129	3	82	3	P75	28	-0.003050	-0.003050	-0.000345	-0.000345
129	3	82	3	P90	29	0.000146	0.000146	-0.000886	-0.000886
129	3	82	3	P95	30	0.000139	0.000139	-0.000897	-0.000897
129	3	82	3	P99	32	0.000399	0.000399	0.003098	0.003098
129	3	82	3	P999	32	0.000399	0.000399	0.003098	0.003098
129	4	7828	4	P1	1	-0.003044	-0.003044	0.000038	0.000038
129	4	7828	4	P50	1	-0.001201	-0.001201	0.001887	0.001886
129	4	7828	4	P75	1	-0.000259	-0.000260	0.002831	0.002831
129	4	7828	4	P90	1	0.000306	0.000306	0.003398	0.003398
129	4	7828	4	P95	1	0.000495	0.000495	0.003587	0.003587
129	4	7828	4	P99	1	0.000645	0.000645	0.003739	0.003739
129	4	7828	4	P999	29	0.000894	0.000894	-0.000139	-0.000139
129	5	7858	5	P1	1	-0.003044	-0.003044	0.000038	0.000038
129	5	7858	5	P50	1	-0.001194	-0.001194	0.001894	0.001894
129	5	7858	5	P75	1	-0.000249	-0.000249	0.002842	0.002842
129	5	7858	5	P90	1	0.000319	0.000319	0.003412	0.003412
129	5	7858	5	P95	1	0.000508	0.000508	0.003601	0.003601
129	5	7858	5	P99	2	0.001551	0.001551	0.000820	0.000820
129	5	7858	5	P999	30	-0.000276	-0.000276	-0.001312	-0.001312
129	6	7903	6	P1	1	-0.003044	-0.003044	0.000038	0.000038
129	6	7903	6	P50	1	-0.001194	-0.001194	0.001894	0.001894
129	6	7903	6	P75	1	-0.000248	-0.000248	0.002843	0.002843
129	6	7903	6	P90	1	0.000320	0.000320	0.003412	0.003412
129	6	7903	6	P95	1	0.000509	0.000509	0.003602	0.003602
129	6	7903	6	P99	2	0.001510	0.001510	0.000779	0.000779
129	6	7903	6	P999	30	-0.000276	-0.000276	-0.001312	-0.001312
129	7	7933	7	P1	1	-0.003044	-0.003044	0.000038	0.000038
129	7	7933	7	P50	1	-0.001192	-0.001192	0.001896	0.001896
129	7	7933	7	P75	1	-0.000246	-0.000246	0.002845	0.002845
129	7	7933	7	P90	1	0.000322	0.000322	0.003414	0.003414
129	7	7933	7	P95	1	0.000512	0.000512	0.003605	0.003605
129	7	7933	7	P99	2	0.001746	0.001746	0.001015	0.001015
129	7	7933	7	P999	30	-0.000276	-0.000276	-0.001312	-0.001312
130	1	313	1	P1	1	-0.002372	-0.002372	0.000056	0.000056
130	1	313	1	P50	1	-0.000232	-0.000232	0.002200	0.002200
130	1	313	1	P75	1	0.000861	0.000861	0.003295	0.003295
130	1	313	1	P90	28	-0.000764	-0.000764	0.000909	0.000909
130	1	313	1	P95	29	-0.001989	-0.001989	-0.000326	-0.000326
130	1	313	1	P99	33	-0.001278	-0.001278	0.000357	0.000357
130	1	313	1	P999	38	0.001588	0.001588	0.003195	0.003195
130	2	2152	2	P1	1	-0.002388	-0.002388	0.000039	0.000039
130	2	2152	2	P50	1	-0.000510	-0.000512	0.001922	0.001920
130	2	2152	2	P75	1	0.000449	0.000447	0.002883	0.002881
130	2	2152	2	P90	1	0.001024	0.001024	0.003459	0.003459
130	2	2152	2	P95	1	0.001216	0.001216	0.003652	0.003652
130	2	2152	2	P99	29	-0.003387	-0.003387	-0.001726	-0.001726
130	2	2152	2	P999	33	0.000591	0.000591	0.002228	0.002228
130	3	2162	3	P1	1	-0.002388	-0.002388	0.000039	0.000039
130	3	2162	3	P50	1	-0.000501	-0.000503	0.001931	0.001929
130	3	2162	3	P75	1	0.000462	0.000462	0.002895	0.002895
130	3	2162	3	P90	1	0.001040	0.001040	0.003475	0.003475
130	3	2162	3	P95	1	0.001233	0.001233	0.003668	0.003668
130	3	2162	3	P99	29	-0.002455	-0.002455	-0.001052	-0.001052
130	3	2162	3	P999	33	0.000591	0.000591	0.002228	0.002228
130	4	2180	4	P1	1	-0.002389	-0.002389	0.000039	0.000039
130	4	2180	4	P50	1	-0.000502	-0.000503	0.001930	0.001928
130	4	2180	4	P75	1	0.000462	0.000460	0.002896	0.002894
130	4	2180	4	P90	1	0.001040	0.001039	0.003475	0.003474
130	4	2180	4	P95	1	0.001233	0.001231	0.003669	0.003667
130	4	2180	4	P99	29	-0.002455	-0.002455	-0.001052	-0.001052
130	4	2180	4	P999	33	0.000591	0.000591	0.002228	0.002228
130	5	2190	5	P1	1	-0.002389	-0.002389	0.000039	0.000039
130	5	2190	5	P50	1	-0.000499	-0.000501	0.001932	0.001931
130	5	2190	5	P75	1	0.000465	0.000465	0.002898	0.002898
130	5	2190	5	P90	1	0.001045	0.001043	0.003480	0.003478
130	5	2190	5	P95	1	0.001237	0.001237	0.003672	0.003672
130	5	2190	5	P99	29	-0.002455	-0.002455	-0.001052	-0.001052
130	5	2190	5	P999	33	0.000591	0.000591	0.002228	0.002228
130	6	2202	6	P1	1	-0.002387	-0.002387	0.000041	0.000041
130	6	2202	6	P50	1	-0.000489	-0.000490	0.001943	0.001941
130	6	2202	6	P75	1	0.000480	0.000480	0.002914	0.002914
130	6	2202	6	P90	1	0.001062	0.001062	0.003497	0.003497
130	6	2202	6	P95	1	0.001256	0.001256	0.003692	0.003692
130	6	2202	6	P99	29	-0.000433	-0.000433	-0.000241	-0.000241
130	6	2202	6	P999	33	0.000591	0.000591	0.002228	0.002228
130	7	2693	7	P1	1	-0.002389	-0.002389	0.000039	0.000039
130	7	2693	7	P50	1	-0.000502	-0.000502	0.001930	0.001930
130	7	2693	7	P75	1	0.000461	0.000461	0.002895	0.002895
130	7	2693	7	P90	1	0.001040	0.001040	0.003475	0.003475
130	7	2693	7	P95	1	0.001233	0.001233	0.003669	0.003669
130	7	2693	7	P99	29	-0.001756	-0.001756	-0.000920	-0.000920
130	7	2693	7	P999	33	0.000591	0.000591	0.002228	0.002228
131	1	18	1	P1	1	-0.002350	-0.002350	0.000340	0.000340
131	1	18	1	P50	1	0.000707	0.000367	0.003404	0.003063
131	1	18	1	P75	27	-0.002290	-0.002290	-0.000200	-0.000200
131	1	18	1	P90	28	-0.001273	-0.001273	0.000813	0.000813
131	1	18	1	P95	28	-0.000028	-0.000028	0.002060	0.002060
131	1	18	1	P99	28	-0.000028	-0.000028	0.002060	0.002060
131	1	18	1	P999	28	-0.000028	-0.000028	0.002060	0.002060
131	2	25	2	P1	1	-0.002469	-0.002469	0.000220	0.000220
131	2	25	2	P50	1	0.000167	0.000167	0.002863	0.002863
131	2	25	2	P75	24	0.000839	0.000839	0.002957	0.002957
131	2	25	2	P90	28	-0.002517	-0.002517	-0.000434	-0.000434
131	2	25	2	P95	28	-0.001273	-0.001273	0.000813	0.000813
131	2	25	2	P99	28	-0.000028	-0.000028	0.002060	0.002060
131	2	25	2	P999	28	-0.000028	-0.000028	0.002060	0.002060
131	3	33	3	P1	1	-0.002538	-0.002538	0.000220	0.000220
131	3	33	3	P50	1	0.000978	0.000978	0.003745	0.003745
131	3	33	3	P75	28	-0.001631	-0.001631	0.000563	0.000563
131	3	33	3	P90	29	0.002160	0.002160	0.000609	0.000609
131	3	33	3	P95	30	0.001905	0.001905	0.000349	0.000349
131	3	33	3	P99	31	-0.000977	-0.000977	0.001201	0.001201
131	3	33	3	P999	31	-0.000977	-0.000977	0.001201	0.001201
131	4	478	4	P1	1	-0.002717	-0.002717	0.000041	0.000041
131	4	478	4	P50	1	-0.000802	-0.000810	0.001961	0.001952
131	4	478	4	P75	1	0.000169	0.000169	0.002934	0.002934
131	4	478	4	P90	1	0.000757	0.000757	0.003524	0.003524
131	4	478	4	P95	1	0.000953	0.000953	0.003720	0.003720
131	4	478	4	P99	29	0.000912	0.000912	-0.000637	-0.000637
131	4	478	4	P999	31	-0.000977	-0.000977	0.001201	0.001201
131	5	485	5	P1	1	-0.002717	-0.002717	0.000041	0.000041
131	5	485	5	P50	1	-0.000777	-0.000777	0.001985	0.001985
131	5	485	5	P75	1	0.000210	0.000210	0.002975	0.002975
131	5	485	5	P90	1	0.000806	0.000806	0.003573	0.003573
131	5	485	5	P95	2	0.001715	0.001715	0.000619	0.000619
131	5	485	5	P99	29	0.002160	0.002160	0.000609	0.000609
131	5	485	5	P999	32	0.000922	0.000922	0.003098	0.003098
131	6	494	6	P1	1	-0.002718	-0.002718	0.000040	0.000040
131	6	494	6	P50	1	-0.000776	-0.000784	0.001987	0.001979
131	6	494	6	P75	1	0.000209	0.000209	0.002974	0.002974
131	6	494	6	P90	1	0.000802	0.000802	0.003568	0.003568
131	6	494	6	P95	2	0.001715	0.001715	0.000619	0.000619
131	6	494	6	P99	29	0.002160	0.002160	0.000609	0.000609
131	6	494	6	P999	32	0.000922	0.000922	0.003098	0.003098
131	7	501	7	P1	1	-0.002710	-0.002710	0.000047	0.000047
131	7	501	7	P50	1	-0.000777	-0.000777	0.001986	0.001986
131	7	501	7	P75	1	0.000211	0.000211	0.002976	0.002976
131	7	501	7	P90	1	0.000804	0.000804	0.003570	0.003570
131	7	501	7	P95	2	0.001341	0.001341	0.000245	0.000245
131	7	501	7	P99	29	0.001224	0.001224	-0.000326	-0.000326
131	7	501	7	P999	32	0.000922	0.000922	0.003098	0.003098
132	1	1500	1	P1	1	-0.002387	-0.002390	0.000040	0.000038
132	1	1500	1	P50	1	-0.000542	-0.000544	0.001890	0.001887
132	1	1500	1	P75	1	0.000401	0.000398	0.002835	0.002832
132	1	1500	1	P90	1	0.000967	0.000964	0.003402	0.003399
132	1	1500	1	P95	1	0.001156	0.001153	0.003591	0.003589
132	1	1500	1	P99	1	0.001307	0.001304	0.003742	0.003740
132	1	1500	1	P999	30	-0.002241	-0.002241	-0.000586	-0.000586
132	2	1508	2	P1	1	-0.002387	-0.002387	0.000040	0.000040
132	2	1508	2	P50	1	-0.000532	-0.000534	0.001900	0.001897
132	2	1508	2	P75	1	0.000416	0.000413	0.002850	0.002847
132	2	1508	2	P90	1	0.000985	0.000985	0.003420	0.003420
132	2	1508	2	P95	1	0.001173	0.001173	0.003609	0.003609
132	2	1508	2	P99	3	0.001909	0.001909	0.000349	0.000349
132	2	1508	2	P999	30	-0.002241	-0.002241	-0.000586	-0.000586
132	3	1520	3	P1	1	-0.002388	-0.002388	0.000040	0.000040
132	3	1520	3	P50	1	-0.000531	-0.000533	0.001901	0.001898
132	3	1520	3	P75	1	0.000417	0.000415	0.002851	0.002849
132	3	1520	3	P90	1	0.000987	0.000984	0.003422	0.003419
132	3	1520	3	P95	1	0.001177	0.001174	0.003612	0.003610
132	3	1520	3	P99	3	0.001909	0.001909	0.000349	0.000349
132	3	1520	3	P999	30	-0.002241	-0.002241	-0.000586	-0.000586
132	4	1528	4	P1	1	-0.002388	-0.002388	0.000040	0.000040
132	4	1528	4	P50	1	-0.000527	-0.000530	0.001904	0.001902
132	4	1528	4	P75	1	0.000423	0.000420	0.002857	0.002854
132	4	1528	4	P90	1	0.000993	0.000993	0.003428	0.003428
132	4	1528	4	P95	1	0.001182	0.001182	0.003618	0.003618
132	4	1528	4	P99	3	0.001909	0.001909	0.000349	0.000349
132	4	1528	4	P999	30	-0.002241	-0.002241	-0.000586	-0.000586
132	5	1538	5	P1	1	-0.002388	-0.002388	0.000040	0.000040
132	5	1538	5	P50	1	-0.000515	-0.000517	0.001917	0.001914
132	5	1538	5	P75	1	0.000440	0.000440	0.002874	0.002874
132	5	1538	5	P90	1	0.001015	0.001015	0.003450	0.003450
132	5	1538	5	P95	1	0.001207	0.001207	0.003643	0.003643
132	5	1538	5	P99	28	-0.000445	-0.000445	0.001228	0.001228
132	5	1538	5	P999	32	0.001453	0.001453	0.003098	0.003098
132	6	1740	6	P1	1	-0.002388	-0.002388	0.000039	0.000039
132	6	1740	6	P50	1	-0.000519	-0.000521	0.001912	0.001910
132	6	1740	6	P75	1	0.000435	0.000433	0.002869	0.002867
132	6	1740	6	P90	1	0.001008	0.001006	0.003443	0.003441
132	6	1740	6	P95	1	0.001199	0.001197	0.003635	0.003633
132	6	1740	6	P99	28	-0.001275	-0.001275	0.000397	0.000397
132	6	1740	6	P999	32	0.001453	0.001453	0.003098	0.003098
132	7	3150	7	P1	1	-0.002389	-0.002389	0.000039	0.000039
132	7	3150	7	P50	1	-0.000531	-0.000533	0.001900	0.001899
132	7	3150	7	P75	1	0.000417	0.000417	0.002851	0.002851
132	7	3150	7	P90	1	0.000987	0.000986	0.003422	0.003421
132	7	3150	7	P95	1	0.001177	0.001177	0.003612	0.003612
132	7	3150	7	P99	2	0.003087	0.003087	0.001700	0.001700
132	7	3150	7	P999	30	0.000561	0.000561	-0.000274	-0.000274
133	1	33	1	P1	1	-0.002338	-0.002338	0.000187	0.000187
133	1	33	1	P50	1	0.000650	0.000650	0.003182	0.003182
133	1	33	1	P75	27	-0.001721	-0.001721	0.000112	0.000112
133	1	33	1	P90	29	-0.003696	-0.003696	-0.001882	-0.001882
133	1	33	1	P95	29	-0.001210	-0.001210	0.000609	0.000609
133	1	33	1	P99	30	0.002278	0.002278	0.000349	0.000349
133	1	33	1	P999	30	0.002278	0.002278	0.000349	0.000349
133	2	45	2	P1	1	-0.002392	-0.002392	0.000134	0.000134
133	2	45	2	P50	1	0.000543	0.000543	0.003075	0.003075
133	2	45	2	P75	26	-0.000435	-0.000435	0.001408	0.001408
133	2	45	2	P90	28	0.000232	0.000232	0.002060	0.002060
133	2	45	2	P95	29	-0.002454	-0.002454	-0.000637	-0.000637
133	2	45	2	P99	30	0.002278	0.002278	0.000349	0.000349
133	2	45	2	P999	30	0.002278	0.002278	0.000349	0.000349
133	3	61	3	P1	1	-0.002294	-0.002294	0.000134	0.000134
133	3	61	3	P50	2	0.002087	0.002087	0.000619	0.000619
133	3	61	3	P75	28	0.000386	0.000386	0.002060	0.002060
133	3	61	3	P90	29	-0.001056	-0.001056	0.000609	0.000609
133	3	61	3	P95	30	0.002433	0.002433	0.000349	0.000349
133	3	61	3	P99	32	0.001453	0.001453	0.003098	0.003098
133	3	61	3	P999	32	0.001453	0.001453	0.003098	0.003098
133	4	110	4	P1	1	-0.002329	-0.002329	0.000098	0.000098
133	4	110	4	P50	1	0.000325	0.000275	0.002758	0.002709
133	4	110	4	P75	26	-0.000282	-0.000282	0.001408	0.001408
133	4	110	4	P90	29	-0.002714	-0.003128	-0.001052	-0.001467
133	4	110	4	P95	30	-0.003173	-0.003173	-0.002141	-0.002141
133	4	110	4	P99	31	-0.000449	-0.000449	0.001201	0.001201
133	4	110	4	P999	32	0.001453	0.001453	0.003098	0.003098
133	5	280	5	P1	1	-0.002382	-0.002382	0.000046	0.000046
133	5	280	5	P50	1	-0.000287	-0.000303	0.002145	0.002130
133	5	280	5	P75	1	0.000777	0.000762	0.003211	0.003196
133	5	280	5	P90	26	-0.000282	-0.922801	0.001408	-0.922914
133	5	280	5	P95	29	-0.003956	-0.004370	-0.002296	-0.002710
133	5	280	5	P99	31	-0.002316	-0.002316	-0.000668	-0.000668
133	5	280	5	P999	32	0.001453	0.001453	0.003098	0.003098
133	6	283	6	P1	1	-0.002382	-0.002382	0.000046	0.000046
133	6	283	6	P50	1	-0.000272	-0.000272	0.002160	0.002160
133	6	283	6	P75	1	0.000807	0.000807	0.003242	0.003242
133	6	283	6	P90	27	-0.003433	-0.003433	-0.001756	-0.001756
133	6	283	6	P95	29	-0.004039	-0.004039	-0.002379	-0.002379
133	6	283	6	P99	31	-0.002316	-0.002316	-0.000668	-0.000668
133	6	283	6	P999	32	0.001453	0.001453	0.003098	0.003098
133	7	288	7	P1	1	-0.002383	-0.002383	0.000045	0.000045
133	7	288	7	P50	1	-0.000270	-0.000285	0.002162	0.002147
133	7	288	7	P75	1	0.000802	0.000787	0.003237	0.003222
133	7	288	7	P90	27	-0.003433	-0.003433	-0.001756	-0.001756
133	7	288	7	P95	29	-0.004039	-0.004039	-0.002379	-0.002379
133	7	288	7	P99	31	-0.002316	-0.002316	-0.000668	-0.000668
133	7	288	7	P999	32	0.001453	0.001453	0.003098	0.003098
134	1	6	1	P1	1	-0.001839	-0.001839	0.001247	0.001247
134	1	6	1	P50	27	0.000202	-0.962939	-0.000822	-0.962824
134	1	6	1	P75	27	0.002073	0.002073	0.001047	0.001047
134	1	6	1	P90	28	-0.000651	-0.000651	0.002060	0.002060
134	1	6	1	P95	28	-0.000651	-0.000651	0.002060	0.002060
134	1	6	1	P99	28	-0.000651	-0.000651	0.002060	0.002060
134	1	6	1	P999	28	-0.000651	-0.000651	0.002060	0.002060
134	2	207	2	P1	1	-0.003027	-0.003027	0.000055	0.000055
134	2	207	2	P50	1	-0.001180	-0.001180	0.001907	0.001907
134	2	207	2	P75	1	-0.000228	-0.000228	0.002863	0.002863
134	2	207	2	P90	1	0.000340	0.000340	0.003432	0.003432
134	2	207	2	P95	1	0.000523	0.000523	0.003616	0.003616
134	2	207	2	P99	27	0.000202	0.000202	-0.000822	-0.000822
134	2	207	2	P999	28	-0.000651	-0.000651	0.002060	0.002060
134	3	459	3	P1	1	-0.003041	-0.003041	0.000041	0.000041
134	3	459	3	P50	1	-0.001201	-0.001201	0.001887	0.001887
134	3	459	3	P75	1	-0.000259	-0.000259	0.002832	0.002832
134	3	459	3	P90	1	0.000307	0.000307	0.003399	0.003399
134	3	459	3	P95	1	0.000496	0.000496	0.003589	0.003589
134	3	459	3	P99	1	0.000643	0.000643	0.003737	0.003737
134	3	459	3	P999	28	-0.000651	-0.000651	0.002060	0.002060
134	4	478	4	P1	1	-0.003041	-0.003041	0.000041	0.000041
134	4	478	4	P50	1	-0.001119	-0.001127	0.001969	0.001961
134	4	478	4	P75	1	-0.000144	-0.000144	0.002947	0.002947
134	4	478	4	P90	1	0.000447	0.000447	0.003539	0.003539
134	4	478	4	P95	1	0.000643	0.000643	0.003737	0.003737
134	4	478	4	P99	28	-0.001718	-0.001718	0.000991	0.000991
134	4	478	4	P999	30	0.001386	0.001386	0.000349	0.000349
134	5	509	5	P1	1	-0.003036	-0.003036	0.000046	0.000046
134	5	509	5	P50	1	-0.001129	-0.001129	0.001959	0.001959
134	5	509	5	P75	1	-0.000155	-0.000155	0.002936	0.002936
134	5	509	5	P90	1	0.000437	0.000437	0.003529	0.003529
134	5	509	5	P95	1	0.000629	0.000629	0.003722	0.003722
134	5	509	5	P99	28	-0.002251	-0.002251	0.000456	0.000456
134	5	509	5	P999	30	0.001386	0.001386	0.000349	0.000349
134	6	528	6	P1	1	-0.003038	-0.003038	0.000045	0.000045
134	6	528	6	P50	1	-0.001109	-0.001116	0.001979	0.001972
134	6	528	6	P75	1	-0.000125	-0.000132	0.002966	0.002959
134	6	528	6	P90	1	0.000465	0.000465	0.003558	0.003558
134	6	528	6	P95	2	-0.000147	-0.000147	-0.000876	-0.000876
134	6	528	6	P99	28	-0.002251	-0.002251	0.000456	0.000456
134	6	528	6	P999	30	0.001386	0.001386	0.000349	0.000349
134	7	547	7	P1	1	-0.003038	-0.003038	0.000045	0.000045
134	7	547	7	P50	1	-0.001042	-0.001042	0.002046	0.002046
134	7	547	7	P75	1	-0.000020	-0.000020	0.003071	0.003071
134	7	547	7	P90	1	0.000592	0.000592	0.003685	0.003685
134	7	547	7	P95	27	0.000576	0.000576	0.000423	0.000423
134	7	547	7	P99	29	0.001643	0.001643	0.000609	0.000609
134	7	547	7	P999	30	0.001386	0.001386	0.000349	0.000349
135	1	443	1	P1	1	-0.003039	-0.003039	0.000043	0.000043
135	1	443	1	P50	1	-0.001170	-0.001170	0.001918	0.001918
135	1	443	1	P75	1	-0.000212	-0.000212	0.002879	0.002879
135	1	443	1	P90	1	0.000358	0.000358	0.003450	0.003450
135	1	443	1	P95	1	0.000548	0.000548	0.003641	0.003641
135	1	443	1	P99	27	0.002073	0.002073	0.001047	0.001047
135	1	443	1	P999	28	-0.000651	-0.000651	0.002060	0.002060
135	2	457	2	P1	1	-0.003041	-0.003041	0.000042	0.000042
135	2	457	2	P50	1	-0.001171	-0.001171	0.001917	0.001917
135	2	457	2	P75	1	-0.000218	-0.000218	0.002872	0.002872
135	2	457	2	P90	1	0.000359	0.000359	0.003451	0.003451
135	2	457	2	P95	1	0.000551	0.000551	0.003644	0.003644
135	2	457	2	P99	27	0.002073	0.002073	0.001047	0.001047
135	2	457	2	P999	28	-0.000651	-0.000651	0.002060	0.002060
135	3	466	3	P1	1	-0.003041	-0.003041	0.000041	0.000041
135	3	466	3	P50	1	-0.001164	-0.001172	0.001924	0.001916
135	3	466	3	P75	1	-0.000211	-0.000211	0.002879	0.002879
135	3	466	3	P90	1	0.000364	0.000364	0.003456	0.003456
135	3	466	3	P95	1	0.000553	0.000553	0.003646	0.003646
135	3	466	3	P99	27	0.002073	0.002073	0.001047	0.001047
135	3	466	3	P999	28	-0.000651	-0.000651	0.002060	0.002060
135	4	475	4	P1	1	-0.002386	-0.002386	0.000041	0.000041
135	4	475	4	P50	1	-0.000475	-0.000475	0.001957	0.001957
135	4	475	4	P75	1	0.000503	0.000503	0.002937	0.002937
135	4	475	4	P90	1	0.001087	0.001087	0.003522	0.003522
135	4	475	4	P95	1	0.001285	0.001285	0.003720	0.003720
135	4	475	4	P99	29	-0.001989	-0.001989	-0.000326	-0.000326
135	4	475	4	P999	30	-0.001308	-0.001308	0.000349	0.000349
135	5	865	5	P1	1	-0.002388	-0.002388	0.000040	0.000040
135	5	865	5	P50	1	-0.000514	-0.000514	0.001917	0.001917
135	5	865	5	P75	1	0.000441	0.000441	0.002875	0.002875
135	5	865	5	P90	1	0.001017	0.001017	0.003452	0.003452
135	5	865	5	P95	1	0.001207	0.001207	0.003643	0.003643
135	5	865	5	P99	28	-0.000362	-0.000362	0.001312	0.001312
135	5	865	5	P999	30	-0.001308	-0.001308	0.000349	0.000349
135	6	880	6	P1	1	-0.002388	-0.002388	0.000040	0.000040
135	6	880	6	P50	1	-0.000479	-0.000483	0.001953	0.001948
135	6	880	6	P75	1	0.000494	0.000490	0.002928	0.002924
135	6	880	6	P90	1	0.001079	0.001075	0.003514	0.003510
135	6	880	6	P95	1	0.001274	0.001269	0.003709	0.003705
135	6	880	6	P99	29	-0.002921	-0.002921	-0.001633	-0.001633
135	6	880	6	P999	31	-0.000449	-0.000449	0.001201	0.001201
135	7	902	7	P1	1	-0.002384	-0.002384	0.000043	0.000043
135	7	902	7	P50	1	-0.000481	-0.000485	0.001951	0.001946
135	7	902	7	P75	1	0.000489	0.000489	0.002923	0.002923
135	7	902	7	P90	1	0.001072	0.001072	0.003507	0.003507
135	7	902	7	P95	1	0.001266	0.001266	0.003702	0.003702
135	7	902	7	P99	29	-0.003853	-0.003853	-0.002379	-0.002379
135	7	902	7	P999	31	-0.000449	-0.000449	0.001201	0.001201
136	1	32	1	P1	1	-0.003174	-0.003174	0.000312	0.000312
136	1	32	1	P50	27	-0.000433	-0.035307	-0.000822	-0.035681
136	1	32	1	P75	29	-0.001241	-0.001987	-0.001633	-0.002379
136	1	32	1	P90	30	0.000743	0.000743	0.000349	0.000349
136	1	32	1	P95	31	0.001597	0.001597	0.001201	0.001201
136	1	32	1	P99	32	-0.000248	-0.000248	0.003098	0.003098
136	1	32	1	P999	32	-0.000248	-0.000248	0.003098	0.003098
136	2	174	2	P1	1	-0.003436	-0.003436	0.000049	0.000049
136	2	174	2	P50	1	-0.001353	-0.001378	0.002138	0.002114
136	2	174	2	P75	1	-0.000311	-0.000311	0.003185	0.003185
136	2	174	2	P90	2	0.002394	0.002394	0.002116	0.002116
136	2	174	2	P95	29	-0.001987	-0.001987	-0.002379	-0.002379
136	2	174	2	P99	31	0.001597	0.001597	0.001201	0.001201
136	2	174	2	P999	32	-0.000248	-0.000248	0.003098	0.003098
136	3	176	3	P1	1	-0.003436	-0.003436	0.000049	0.000049
136	3	176	3	P50	1	-0.001329	-0.001353	0.002163	0.002138
136	3	176	3	P75	1	-0.000262	-0.000286	0.003233	0.003209
136	3	176	3	P90	27	-0.001056	-0.001056	-0.001445	-0.001445
136	3	176	3	P95	29	-0.001987	-0.001987	-0.002379	-0.002379
136	3	176	3	P99	31	0.001597	0.001597	0.001201	0.001201
136	3	176	3	P999	32	-0.000248	-0.000248	0.003098	0.003098
136	4	179	4	P1	1	-0.003437	-0.003437	0.000048	0.000048
136	4	179	4	P50	1	-0.001347	-0.001347	0.002145	0.002145
136	4	179	4	P75	1	-0.000276	-0.000276	0.003219	0.003219
136	4	179	4	P90	27	-0.001056	-0.001056	-0.001445	-0.001445
136	4	179	4	P95	29	-0.001987	-0.001987	-0.002379	-0.002379
136	4	179	4	P99	31	0.001597	0.001597	0.001201	0.001201
136	4	179	4	P999	32	-0.000248	-0.000248	0.003098	0.003098
136	5	181	5	P1	1	-0.003438	-0.003438	0.000047	0.000047
136	5	181	5	P50	1	-0.001350	-0.001350	0.002142	0.002142
136	5	181	5	P75	1	-0.000293	-0.000293	0.003202	0.003202
136	5	181	5	P90	26	0.001797	0.001797	0.001408	0.001408
136	5	181	5	P95	28	0.002452	0.002452	0.002060	0.002060
136	5	181	5	P99	31	0.001597	0.001597	0.001201	0.001201
136	5	181	5	P999	32	-0.000248	-0.000248	0.003098	0.003098
136	6	183	6	P1	1	-0.003438	-0.003438	0.000047	0.000047
136	6	183	6	P50	1	-0.001327	-0.001327	0.002165	0.002165
136	6	183	6	P75	1	-0.000246	-0.000246	0.003250	0.003250
136	6	183	6	P90	27	0.000190	0.000190	-0.000200	-0.000200
136	6	183	6	P95	29	-0.001987	-0.001987	-0.002379	-0.002379
136	6	183	6	P99	31	0.001597	0.001597	0.001201	0.001201
136	6	183	6	P999	32	-0.000248	-0.000248	0.003098	0.003098
136	7	2376	7	P1	1	-0.003446	-0.003446	0.000038	0.000038
136	7	2376	7	P50	1	-0.001582	-0.001584	0.001908	0.001907
136	7	2376	7	P75	1	-0.000631	-0.000633	0.002863	0.002862
136	7	2376	7	P90	1	-0.000060	-0.000060	0.003436	0.003436
136	7	2376	7	P95	1	0.000131	0.000131	0.003627	0.003627
136	7	2376	7	P99	2	0.002231	0.002231	0.001953	0.001953
136	7	2376	7	P999	31	-0.000273	-0.000273	-0.000668	-0.000668
137	1	23	1	P1	1	-0.002539	-0.002539	0.000288	0.000288
137	1	23	1	P50	1	0.000621	0.000621	0.003456	0.003456
137	1	23	1	P75	26	-0.002152	-0.002152	0.000161	0.000161
137	1	23	1	P90	28	-0.002112	-0.002112	0.000189	0.000189
137	1	23	1	P95	28	-0.000245	-0.000245	0.002060	0.002060
137	1	23	1	P99	29	0.002051	0.002051	0.000609	0.000609
137	1	23	1	P999	29	0.002051	0.002051	0.000609	0.000609
137	2	32	2	P1	1	-0.002648	-0.002648	0.000178	0.000178
137	2	32	2	P50	1	0.000196	0.000018	0.003031	0.002852
137	2	32	2	P75	25	0.000927	-0.000942	0.003253	0.001380
137	2	32	2	P90	27	0.002478	0.002478	0.001047	0.001047
137	2	32	2	P95	28	-0.000245	-0.000245	0.002060	0.002060
137	2	32	2	P99	29	0.002051	0.002051	0.000609	0.000609
137	2	32	2	P999	29	0.002051	0.002051	0.000609	0.000609
137	3	41	3	P1	1	-0.002347	-0.002347	0.000178	0.000178
137	3	41	3	P50	1	0.001212	0.001212	0.003745	0.003745
137	3	41	3	P75	28	-0.002968	-0.002968	-0.001145	-0.001145
137	3	41	3	P90	28	0.000232	0.000232	0.002060	0.002060
137	3	41	3	P95	29	0.002531	0.002531	0.000609	0.000609
137	3	41	3	P99	35	0.001414	0.001414	0.003198	0.003198
137	3	41	3	P999	35	0.001414	0.001414	0.003198	0.003198
137	4	53	4	P1	1	-0.002404	-0.002404	0.000121	0.000121
137	4	53	4	P50	1	0.000729	0.000729	0.003261	0.003261
137	4	53	4	P75	26	-0.000435	-0.000435	0.001408	0.001408
137	4	53	4	P90	28	-0.000302	-0.000302	0.001525	0.001525
137	4	53	4	P95	29	0.002531	0.002531	0.000609	0.000609
137	4	53	4	P99	35	0.001414	0.001414	0.003198	0.003198
137	4	53	4	P999	35	0.001414	0.001414	0.003198	0.003198
137	5	55	5	P1	1	-0.003593	-0.003593	0.000121	0.000121
137	5	55	5	P50	1	-0.000344	-0.000344	0.003382	0.003382
137	5	55	5	P75	27	0.001074	0.001074	-0.000200	-0.000200
137	5	55	5	P90	28	0.002088	0.002088	0.002060	0.002060
137	5	55	5	P95	31	0.001229	0.001229	0.001201	0.001201
137	5	55	5	P99	37	-0.000017	-0.000017	0.003699	0.003699
137	5	55	5	P999	37	-0.000017	-0.000017	0.003699	0.003699
137	6	58	6	P1	1	-0.003601	-0.003601	0.000113	0.000113
137	6	58	6	P50	1	-0.000322	-0.000436	0.003404	0.003290
137	6	58	6	P75	27	-0.000795	-0.000795	-0.001445	-0.001445
137	6	58	6	P90	28	0.002088	0.002088	0.002060	0.002060
137	6	58	6	P95	31	0.001229	0.001229	0.001201	0.001201
137	6	58	6	P99	37	-0.000017	-0.000017	0.003699	0.003699
137	6	58	6	P999	37	-0.000017	-0.000017	0.003699	0.003699
137	7	60	7	P1	1	-0.003604	-0.003604	0.000110	0.000110
137	7	60	7	P50	1	-0.000312	-0.000422	0.003414	0.003304
137	7	60	7	P75	27	-0.000795	-0.039253	-0.001445	-0.035681
137	7	60	7	P90	28	0.002088	0.001553	0.002060	0.001525
137	7	60	7	P95	31	0.001229	-0.060415	0.001201	-0.063947
137	7	60	7	P99	37	-0.000017	-0.000017	0.003699	0.003699
137	7	60	7	P999	37	-0.000017	-0.000017	0.003699	0.003699
138	1	2602	1	P1	1	-0.003135	-0.003135	0.000039	0.000039
138	1	2602	1	P50	1	-0.001294	-0.001296	0.001885	0.001884
138	1	2602	1	P75	1	-0.000355	-0.000355	0.002828	0.002828
138	1	2602	1	P90	1	0.000209	0.000209	0.003394	0.003394
138	1	2602	1	P95	1	0.000398	0.000398	0.003582	0.003582
138	1	2602	1	P99	1	0.000548	0.000548	0.003733	0.003733
138	1	2602	1	P999	2	0.002745	0.002745	0.002116	0.002116
138	2	2609	2	P1	1	-0.003135	-0.003135	0.000039	0.000039
138	2	2609	2	P50	1	-0.001290	-0.001290	0.001890	0.001890
138	2	2609	2	P75	1	-0.000348	-0.000348	0.002835	0.002835
138	2	2609	2	P90	1	0.000220	0.000220	0.003404	0.003404
138	2	2609	2	P95	1	0.000408	0.000408	0.003593	0.003593
138	2	2609	2	P99	1	0.000558	0.000558	0.003744	0.003744
138	2	2609	2	P999	29	0.001497	0.001497	0.000609	0.000609
138	3	2619	3	P1	1	-0.003135	-0.003135	0.000039	0.000039
138	3	2619	3	P50	1	-0.001290	-0.001290	0.001889	0.001889
138	3	2619	3	P75	1	-0.000347	-0.000347	0.002836	0.002836
138	3	2619	3	P90	1	0.000219	0.000219	0.003404	0.003404
138	3	2619	3	P95	1	0.000408	0.000408	0.003593	0.003593
138	3	2619	3	P99	1	0.000558	0.000558	0.003744	0.003744
138	3	2619	3	P999	29	0.001497	0.001497	0.000609	0.000609
138	4	2625	4	P1	1	-0.003135	-0.003135	0.000039	0.000039
138	4	2625	4	P50	1	-0.001289	-0.001289	0.001891	0.001891
138	4	2625	4	P75	1	-0.000346	-0.000346	0.002837	0.002837
138	4	2625	4	P90	1	0.000221	0.000221	0.003406	0.003406
138	4	2625	4	P95	1	0.000410	0.000410	0.003595	0.003595
138	4	2625	4	P99	2	-0.000789	-0.000789	-0.001415	-0.001415
138	4	2625	4	P999	29	0.001497	0.001497	0.000609	0.000609
138	5	2633	5	P1	1	-0.003135	-0.003135	0.000039	0.000039
138	5	2633	5	P50	1	-0.001283	-0.001283	0.001897	0.001897
138	5	2633	5	P75	1	-0.000337	-0.000337	0.002846	0.002846
138	5	2633	5	P90	1	0.000231	0.000231	0.003416	0.003416
138	5	2633	5	P95	1	0.000421	0.000421	0.003606	0.003606
138	5	2633	5	P99	2	0.000872	0.000872	0.000245	0.000245
138	5	2633	5	P999	30	0.001240	0.001240	0.000349	0.000349
138	6	2905	6	P1	1	-0.003135	-0.003135	0.000039	0.000039
138	6	2905	6	P50	1	-0.001285	-0.001285	0.001894	0.001894
138	6	2905	6	P75	1	-0.000341	-0.000341	0.002842	0.002842
138	6	2905	6	P90	1	0.000227	0.000227	0.003412	0.003412
138	6	2905	6	P95	1	0.000416	0.000416	0.003601	0.003601
138	6	2905	6	P99	2	0.000249	0.000249	-0.000378	-0.000378
138	6	2905	6	P999	30	0.001240	0.001240	0.000349	0.000349
138	7	3868	7	P1	1	-0.003136	-0.003136	0.000038	0.000038
138	7	3868	7	P50	1	-0.001290	-0.001291	0.001890	0.001889
138	7	3868	7	P75	1	-0.000347	-0.000348	0.002836	0.002835
138	7	3868	7	P90	1	0.000219	0.000219	0.003403	0.003403
138	7	3868	7	P95	1	0.000407	0.000407	0.003592	0.003592
138	7	3868	7	P99	1	0.000559	0.000559	0.003744	0.003744
138	7	3868	7	P999	30	-0.000630	-0.000630	-0.001519	-0.001519
139	1	1389	1	P1	1	-0.002651	-0.002651	0.000038	0.000038
139	1	1389	1	P50	1	-0.000809	-0.000809	0.001884	0.001884
139	1	1389	1	P75	1	0.000131	0.000131	0.002826	0.002826
139	1	1389	1	P90	1	0.000697	0.000697	0.003394	0.003394
139	1	1389	1	P95	1	0.000884	0.000884	0.003582	0.003582
139	1	1389	1	P99	1	0.001036	0.001036	0.003734	0.003734
139	1	1389	1	P999	29	0.002270	0.002270	0.000609	0.000609
139	2	1398	2	P1	1	-0.002651	-0.002651	0.000038	0.000038
139	2	1398	2	P50	1	-0.000808	-0.000810	0.001886	0.001883
139	2	1398	2	P75	1	0.000131	0.000131	0.002827	0.002827
139	2	1398	2	P90	1	0.000697	0.000697	0.003394	0.003394
139	2	1398	2	P95	1	0.000885	0.000885	0.003583	0.003583
139	2	1398	2	P99	1	0.001036	0.001036	0.003734	0.003734
139	2	1398	2	P999	29	0.002270	0.002270	0.000609	0.000609
139	3	1404	3	P1	1	-0.002648	-0.002648	0.000040	0.000040
139	3	1404	3	P50	1	-0.000808	-0.000810	0.001885	0.001883
139	3	1404	3	P75	1	0.000133	0.000130	0.002828	0.002826
139	3	1404	3	P90	1	0.000696	0.000696	0.003393	0.003393
139	3	1404	3	P95	1	0.000883	0.000883	0.003581	0.003581
139	3	1404	3	P99	1	0.001034	0.001034	0.003732	0.003732
139	3	1404	3	P999	29	0.002270	0.002270	0.000609	0.000609
139	4	1410	4	P1	1	-0.002485	-0.002485	0.000040	0.000040
139	4	1410	4	P50	1	-0.000636	-0.000638	0.001894	0.001891
139	4	1410	4	P75	1	0.000308	0.000308	0.002839	0.002839
139	4	1410	4	P90	1	0.000876	0.000874	0.003409	0.003406
139	4	1410	4	P95	1	0.001064	0.001064	0.003597	0.003597
139	4	1410	4	P99	2	0.001603	0.001603	0.000245	0.000245
139	4	1410	4	P999	31	-0.000605	-0.000605	0.001201	0.001201
139	5	1701	5	P1	1	-0.002485	-0.002485	0.000040	0.000040
139	5	1701	5	P50	1	-0.000639	-0.000639	0.001890	0.001890
139	5	1701	5	P75	1	0.000303	0.000303	0.002835	0.002835
139	5	1701	5	P90	1	0.000870	0.000870	0.003402	0.003402
139	5	1701	5	P95	1	0.001058	0.001058	0.003591	0.003591
139	5	1701	5	P99	1	0.001209	0.001209	0.003743	0.003743
139	5	1701	5	P999	31	-0.000605	-0.000605	0.001201	0.001201
139	6	1706	6	P1	1	-0.002485	-0.002485	0.000040	0.000040
139	6	1706	6	P50	1	-0.000633	-0.000635	0.001896	0.001894
139	6	1706	6	P75	1	0.000312	0.000312	0.002844	0.002844
139	6	1706	6	P90	1	0.000881	0.000881	0.003413	0.003413
139	6	1706	6	P95	1	0.001069	0.001069	0.003602	0.003602
139	6	1706	6	P99	3	0.001792	0.001792	0.000349	0.000349
139	6	1706	6	P999	31	-0.000605	-0.000605	0.001201	0.001201
139	7	1713	7	P1	1	-0.002485	-0.002485	0.000040	0.000040
139	7	1713	7	P50	1	-0.000633	-0.000633	0.001896	0.001896
139	7	1713	7	P75	1	0.000313	0.000313	0.002845	0.002845
139	7	1713	7	P90	1	0.000882	0.000882	0.003414	0.003414
139	7	1713	7	P95	1	0.001072	0.001072	0.003605	0.003605
139	7	1713	7	P99	3	0.001792	0.001792	0.000349	0.000349
139	7	1713	7	P999	31	-0.000605	-0.000605	0.001201	0.001201
140	1	10	1	P1	1	-0.000239	-0.000239	0.001247	0.001247
140	1	10	1	P50	27	-0.000030	-0.925873	0.001047	-0.925769
140	1	10	1	P75	28	0.000987	0.000987	0.002060	0.002060
140	1	10	1	P90	309	-0.000080	-0.902982	0.000694	-0.902879
140	1	10	1	P95	309	-0.000080	-0.000080	0.000694	0.000694
140	1	10	1	P99	309	-0.000080	-0.000080	0.000694	0.000694
140	1	10	1	P999	309	-0.000080	-0.000080	0.000694	0.000694
140	2	2339	2	P1	1	-0.002389	-0.002389	0.000039	0.000039
140	2	2339	2	P50	1	-0.000547	-0.000547	0.001884	0.001884
140	2	2339	2	P75	1	0.000394	0.000394	0.002828	0.002828
140	2	2339	2	P90	1	0.000960	0.000960	0.003395	0.003395
140	2	2339	2	P95	1	0.001148	0.001148	0.003583	0.003583
140	2	2339	2	P99	1	0.001298	0.001298	0.003734	0.003734
140	2	2339	2	P999	28	0.000386	0.000386	0.002060	0.002060
140	3	2351	3	P1	1	-0.002389	-0.002389	0.000039	0.000039
140	3	2351	3	P50	1	-0.000537	-0.000537	0.001894	0.001894
140	3	2351	3	P75	1	0.000409	0.000409	0.002843	0.002843
140	3	2351	3	P90	1	0.000976	0.000976	0.003411	0.003411
140	3	2351	3	P95	1	0.001166	0.001166	0.003601	0.003601
140	3	2351	3	P99	2	0.002649	0.002649	0.001492	0.001492
140	3	2351	3	P999	30	-0.002551	-0.002551	-0.000897	-0.000897
140	4	2369	4	P1	1	-0.002389	-0.002389	0.000038	0.000038
140	4	2369	4	P50	1	-0.000537	-0.000537	0.001895	0.001895
140	4	2369	4	P75	1	0.000409	0.000409	0.002843	0.002843
140	4	2369	4	P90	1	0.000978	0.000978	0.003413	0.003413
140	4	2369	4	P95	1	0.001167	0.001167	0.003602	0.003602
140	4	2369	4	P99	2	0.002837	0.002837	0.001581	0.001581
140	4	2369	4	P999	30	-0.002551	-0.002551	-0.000897	-0.000897
140	5	2381	5	P1	1	-0.002389	-0.002389	0.000038	0.000038
140	5	2381	5	P50	1	-0.000535	-0.000535	0.001897	0.001897
140	5	2381	5	P75	1	0.000412	0.000412	0.002846	0.002846
140	5	2381	5	P90	1	0.000981	0.000981	0.003416	0.003416
140	5	2381	5	P95	1	0.001171	0.001171	0.003606	0.003606
140	5	2381	5	P99	2	0.003118	0.003118	0.001742	0.001742
140	5	2381	5	P999	30	-0.002551	-0.002551	-0.000897	-0.000897
140	6	2396	6	P1	1	-0.002389	-0.002389	0.000038	0.000038
140	6	2396	6	P50	1	-0.000522	-0.000523	0.001910	0.001908
140	6	2396	6	P75	1	0.000432	0.000430	0.002865	0.002864
140	6	2396	6	P90	1	0.001003	0.001003	0.003438	0.003438
140	6	2396	6	P95	1	0.001195	0.001195	0.003630	0.003630
140	6	2396	6	P99	27	0.000612	0.000612	0.000112	0.000112
140	6	2396	6	P999	34	0.000648	0.000648	0.002279	0.002279
140	7	4128	7	P1	1	-0.002389	-0.002389	0.000039	0.000039
140	7	4128	7	P50	1	-0.000537	-0.000537	0.001895	0.001894
140	7	4128	7	P75	1	0.000410	0.000409	0.002843	0.002843
140	7	4128	7	P90	1	0.000978	0.000978	0.003413	0.003413
140	7	4128	7	P95	1	0.001167	0.001167	0.003602	0.003602
140	7	4128	7	P99	2	0.002337	0.002337	0.001046	0.001046
140	7	4128	7	P999	30	-0.001308	-0.001308	-0.000586	-0.000586
141	1	7	1	P1	1	-0.002150	-0.002150	0.000935	0.000935
141	1	7	1	P50	1	0.000652	0.000652	0.003745	0.003745
141	1	7	1	P75	28	-0.002517	-0.002517	0.000189	0.000189
141	1	7	1	P90	28	-0.000651	-0.000651	0.002060	0.002060
141	1	7	1	P95	28	-0.000651	-0.000651	0.002060	0.002060
141	1	7	1	P99	28	-0.000651	-0.000651	0.002060	0.002060
141	1	7	1	P999	28	-0.000651	-0.000651	0.002060	0.002060
141	2	10	2	P1	1	-0.002461	-0.002461	0.000623	0.000623
141	2	10	2	P50	1	0.000652	0.000028	0.003745	0.003120
141	2	10	2	P75	27	0.002073	0.002073	0.001047	0.001047
141	2	10	2	P90	28	-0.000651	-0.002517	0.002060	0.000189
141	2	10	2	P95	28	-0.000651	-0.000651	0.002060	0.002060
141	2	10	2	P99	28	-0.000651	-0.000651	0.002060	0.002060
141	2	10	2	P999	28	-0.000651	-0.000651	0.002060	0.002060
141	3	13	3	P1	1	-0.002461	-0.002461	0.000623	0.000623
141	3	13	3	P50	2	0.002848	0.002848	0.002116	0.002116
141	3	13	3	P75	28	-0.003139	-0.003139	-0.000434	-0.000434
141	3	13	3	P90	28	-0.000651	-0.000651	0.002060	0.002060
141	3	13	3	P95	30	0.001386	0.001386	0.000349	0.000349
141	3	13	3	P99	30	0.001386	0.001386	0.000349	0.000349
141	3	13	3	P999	30	0.001386	0.001386	0.000349	0.000349
141	4	1745	4	P1	1	-0.003044	-0.003044	0.000039	0.000039
141	4	1745	4	P50	1	-0.001206	-0.001206	0.001882	0.001882
141	4	1745	4	P75	1	-0.000268	-0.000268	0.002823	0.002823
141	4	1745	4	P90	1	0.000296	0.000296	0.003388	0.003388
141	4	1745	4	P95	1	0.000484	0.000484	0.003576	0.003576
141	4	1745	4	P99	1	0.000634	0.000634	0.003728	0.003728
141	4	1745	4	P999	28	-0.000651	-0.000651	0.002060	0.002060
141	5	1754	5	P1	1	-0.002486	-0.002486	0.000039	0.000039
141	5	1754	5	P50	1	-0.000637	-0.000639	0.001892	0.001890
141	5	1754	5	P75	1	0.000306	0.000306	0.002838	0.002838
141	5	1754	5	P90	1	0.000873	0.000873	0.003406	0.003406
141	5	1754	5	P95	1	0.001063	0.001063	0.003596	0.003596
141	5	1754	5	P99	2	0.003477	0.003477	0.002116	0.002116
141	5	1754	5	P999	29	-0.001210	-0.001210	0.000609	0.000609
141	6	1764	6	P1	1	-0.002486	-0.002486	0.000039	0.000039
141	6	1764	6	P50	1	-0.000637	-0.000639	0.001892	0.001890
141	6	1764	6	P75	1	0.000307	0.000305	0.002839	0.002836
141	6	1764	6	P90	1	0.000873	0.000873	0.003405	0.003405
141	6	1764	6	P95	1	0.001062	0.001062	0.003595	0.003595
141	6	1764	6	P99	2	0.003477	0.003477	0.002116	0.002116
141	6	1764	6	P999	29	-0.001210	-0.001210	0.000609	0.000609
141	7	1772	7	P1	1	-0.002486	-0.002486	0.000038	0.000038
141	7	1772	7	P50	1	-0.000635	-0.000637	0.001894	0.001892
141	7	1772	7	P75	1	0.000310	0.000308	0.002842	0.002839
141	7	1772	7	P90	1	0.000876	0.000876	0.003409	0.003409
141	7	1772	7	P95	1	0.001066	0.001066	0.003599	0.003599
141	7	1772	7	P99	2	0.003477	0.003477	0.002116	0.002116
141	7	1772	7	P999	29	-0.001210	-0.001210	0.000609	0.000609
142	1	36	1	P1	1	-0.002949	-0.002949	0.000134	0.000134
142	1	36	1	P50	1	-0.000550	-0.000684	0.002540	0.002406
142	1	36	1	P75	1	0.000652	0.000518	0.003745	0.003611
142	1	36	1	P90	28	-0.000651	-0.000651	0.002060	0.002060
142	1	36	1	P95	30	0.001386	0.001386	0.000349	0.000349
142	1	36	1	P99	31	0.002243	0.002243	0.001201	0.001201
142	1	36	1	P999	31	0.002243	0.002243	0.001201	0.001201
142	2	74	2	P1	1	-0.003026	-0.003026	0.000057	0.000057
142	2	74	2	P50	1	-0.000934	-0.000991	0.002154	0.002098
142	2	74	2	P75	1	0.000085	0.000085	0.003177	0.003177
142	2	74	2	P90	27	0.000202	0.000202	-0.000822	-0.000822
142	2	74	2	P95	28	-0.000651	-0.000651	0.002060	0.002060
142	2	74	2	P99	31	0.002243	0.002243	0.001201	0.001201
142	2	74	2	P999	31	0.002243	0.002243	0.001201	0.001201
142	3	1316	3	P1	1	-0.003042	-0.003042	0.000040	0.000040
142	3	1316	3	P50	1	-0.001196	-0.001198	0.001892	0.001889
142	3	1316	3	P75	1	-0.000252	-0.000255	0.002838	0.002835
142	3	1316	3	P90	1	0.000313	0.000313	0.003405	0.003405
142	3	1316	3	P95	1	0.000502	0.000502	0.003595	0.003595
142	3	1316	3	P99	1	0.000652	0.000652	0.003745	0.003745
142	3	1316	3	P999	30	0.001386	0.001386	0.000349	0.000349
142	4	6150	4	P1	1	-0.003044	-0.003044	0.000038	0.000038
142	4	6150	4	P50	1	-0.001208	-0.001209	0.001880	0.001879
142	4	6150	4	P75	1	-0.000270	-0.000270	0.002821	0.002821
142	4	6150	4	P90	1	0.000294	0.000293	0.003386	0.003385
142	4	6150	4	P95	1	0.000481	0.000481	0.003574	0.003574
142	4	6150	4	P99	1	0.000631	0.000631	0.003725	0.003725
142	4	6150	4	P999	27	0.002073	0.002073	0.001047	0.001047
142	5	6940	5	P1	1	-0.003044	-0.003044	0.000038	0.000038
142	5	6940	5	P50	1	-0.001208	-0.001208	0.001880	0.001880
142	5	6940	5	P75	1	-0.000269	-0.000270	0.002821	0.002821
142	5	6940	5	P90	1	0.000294	0.000294	0.003387	0.003386
142	5	6940	5	P95	1	0.000482	0.000482	0.003575	0.003574
142	5	6940	5	P99	1	0.000632	0.000632	0.003725	0.003725
142	5	6940	5	P999	27	0.002073	0.002073	0.001047	0.001047
142	6	6960	6	P1	1	-0.003044	-0.003044	0.000038	0.000038
142	6	6960	6	P50	1	-0.001202	-0.001203	0.001886	0.001885
142	6	6960	6	P75	1	-0.000261	-0.000262	0.002830	0.002829
142	6	6960	6	P90	1	0.000304	0.000303	0.003396	0.003396
142	6	6960	6	P95	1	0.000492	0.000492	0.003585	0.003585
142	6	6960	6	P99	1	0.000643	0.000643	0.003736	0.003736
142	6	6960	6	P999	30	-0.001107	-0.001107	-0.002141	-0.002141
142	7	6992	7	P1	1	-0.003045	-0.003045	0.000038	0.000038
142	7	6992	7	P50	1	-0.001202	-0.001203	0.001886	0.001885
142	7	6992	7	P75	1	-0.000261	-0.000262	0.002829	0.002829
142	7	6992	7	P90	1	0.000303	0.000303	0.003396	0.003396
142	7	6992	7	P95	1	0.000492	0.000492	0.003585	0.003585
142	7	6992	7	P99	1	0.000643	0.000643	0.003736	0.003736
142	7	6992	7	P999	30	-0.001107	-0.001107	-0.002141	-0.002141
143	1	44	1	P1	1	-0.002305	-0.002305	0.000220	0.000220
143	1	44	1	P50	28	-0.002880	-0.036474	-0.001056	-0.034705
143	1	44	1	P75	29	-0.002143	-0.002609	-0.000326	-0.000793
143	1	44	1	P90	31	-0.000605	-0.000605	0.001201	0.001201
143	1	44	1	P95	33	-0.002057	-0.002057	-0.000266	-0.000266
143	1	44	1	P99	33	0.000434	0.000434	0.002228	0.002228
143	1	44	1	P999	33	0.000434	0.000434	0.002228	0.002228
143	2	783	2	P1	1	-0.002485	-0.002485	0.000040	0.000040
143	2	783	2	P50	1	-0.000574	-0.000574	0.001956	0.001956
143	2	783	2	P75	1	0.000403	0.000403	0.002935	0.002935
143	2	783	2	P90	1	0.000987	0.000987	0.003520	0.003520
143	2	783	2	P95	1	0.001182	0.001182	0.003715	0.003715
143	2	783	2	P99	30	-0.000217	-0.000217	-0.002141	-0.002141
143	2	783	2	P999	33	0.000434	0.000434	0.002228	0.002228
143	3	786	3	P1	1	-0.002485	-0.002485	0.000040	0.000040
143	3	786	3	P50	1	-0.000564	-0.000569	0.001966	0.001961
143	3	786	3	P75	1	0.000413	0.000413	0.002945	0.002945
143	3	786	3	P90	1	0.001002	0.001002	0.003535	0.003535
143	3	786	3	P95	1	0.001197	0.001197	0.003730	0.003730
143	3	786	3	P99	30	-0.000217	-0.000217	-0.002141	-0.002141
143	3	786	3	P999	33	0.000434	0.000434	0.002228	0.002228
143	4	791	4	P1	1	-0.002485	-0.002485	0.000040	0.000040
143	4	791	4	P50	1	-0.000567	-0.000567	0.001962	0.001962
143	4	791	4	P75	1	0.000414	0.000414	0.002945	0.002945
143	4	791	4	P90	1	0.000998	0.000998	0.003531	0.003531
143	4	791	4	P95	1	0.001197	0.001197	0.003730	0.003730
143	4	791	4	P99	30	-0.000217	-0.000217	-0.002141	-0.002141
143	4	791	4	P999	33	0.000434	0.000434	0.002228	0.002228
143	5	794	5	P1	1	-0.002485	-0.002485	0.000040	0.000040
143	5	794	5	P50	1	-0.000562	-0.000567	0.001967	0.001962
143	5	794	5	P75	1	0.000416	0.000416	0.002947	0.002947
143	5	794	5	P90	1	0.001004	0.001004	0.003537	0.003537
143	5	794	5	P95	1	0.001202	0.001202	0.003735	0.003735
143	5	794	5	P99	30	-0.000217	-0.000217	-0.002141	-0.002141
143	5	794	5	P999	33	0.000434	0.000434	0.002228	0.002228
143	6	797	6	P1	1	-0.002485	-0.002485	0.000040	0.000040
143	6	797	6	P50	1	-0.000557	-0.000557	0.001972	0.001972
143	6	797	6	P75	1	0.000426	0.000426	0.002957	0.002957
143	6	797	6	P90	1	0.001019	0.001019	0.003552	0.003552
143	6	797	6	P95	2	-0.000268	-0.000268	-0.001208	-0.001208
143	6	797	6	P99	30	-0.000217	-0.000217	-0.002141	-0.002141
143	6	797	6	P999	33	0.000434	0.000434	0.002228	0.002228
143	7	3164	7	P1	1	-0.002486	-0.002486	0.000038	0.000038
143	7	3164	7	P50	1	-0.000630	-0.000631	0.001899	0.001898
143	7	3164	7	P75	1	0.000318	0.000317	0.002849	0.002848
143	7	3164	7	P90	1	0.000886	0.000886	0.003419	0.003419
143	7	3164	7	P95	1	0.001076	0.001076	0.003609	0.003609
143	7	3164	7	P99	2	0.003477	0.003477	0.002116	0.002116
143	7	3164	7	P999	32	0.001296	0.001296	0.003098	0.003098
144	1	626	0	P1	1	-0.003689	-0.003689	0.000042	0.000042
144	1	626	0	P50	1	-0.001858	-0.001864	0.001880	0.001874
144	1	626	0	P75	1	-0.000927	-0.000927	0.002815	0.002815
144	1	626	0	P90	1	-0.000365	-0.000365	0.003379	0.003379
144	1	626	0	P95	1	-0.000179	-0.000179	0.003565	0.003565
144	1	626	0	P99	1	-0.000030	-0.000030	0.003715	0.003715
144	1	626	0	P999	2	0.002116	0.002116	0.002116	0.002116
144	2	628	1	P1	1	-0.002483	-0.002483	0.000042	0.000042
144	2	628	1	P50	1	-0.000643	-0.000649	0.001886	0.001880
144	2	628	1	P75	1	0.000296	0.000290	0.002827	0.002821
144	2	628	1	P90	1	0.000858	0.000858	0.003391	0.003391
144	2	628	1	P95	1	0.001044	0.001044	0.003577	0.003577
144	2	628	1	P99	1	0.001194	0.001194	0.003727	0.003727
144	2	628	1	P999	29	-0.001210	-0.001210	0.000609	0.000609
144	3	632	2	P1	1	-0.002483	-0.002483	0.000042	0.000042
144	3	632	2	P50	1	-0.000643	-0.000649	0.001886	0.001880
144	3	632	2	P75	1	0.000296	0.000290	0.002827	0.002821
144	3	632	2	P90	1	0.000855	0.000855	0.003387	0.003387
144	3	632	2	P95	1	0.001045	0.001045	0.003578	0.003578
144	3	632	2	P99	1	0.001194	0.001194	0.003727	0.003727
144	3	632	2	P999	29	-0.001210	-0.001210	0.000609	0.000609
144	4	634	3	P1	1	-0.002483	-0.002483	0.000042	0.000042
144	4	634	3	P50	1	-0.000641	-0.000646	0.001889	0.001883
144	4	634	3	P75	1	0.000297	0.000297	0.002828	0.002828
144	4	634	3	P90	1	0.000861	0.000861	0.003394	0.003394
144	4	634	3	P95	1	0.001051	0.001051	0.003584	0.003584
144	4	634	3	P99	1	0.001200	0.001200	0.003733	0.003733
144	4	634	3	P999	29	-0.001210	-0.001210	0.000609	0.000609
144	5	637	4	P1	1	-0.002483	-0.002483	0.000042	0.000042
144	5	637	4	P50	1	-0.000635	-0.000635	0.001895	0.001895
144	5	637	4	P75	1	0.000309	0.000309	0.002840	0.002840
144	5	637	4	P90	1	0.000879	0.000879	0.003412	0.003412
144	5	637	4	P95	1	0.001069	0.001069	0.003602	0.003602
144	5	637	4	P99	2	0.001603	0.001603	0.000245	0.000245
144	5	637	4	P999	29	-0.001210	-0.001210	0.000609	0.000609
144	6	645	5	P1	1	-0.002484	-0.002484	0.000041	0.000041
144	6	645	5	P50	1	-0.000635	-0.000635	0.001894	0.001894
144	6	645	5	P75	1	0.000308	0.000308	0.002840	0.002840
144	6	645	5	P90	1	0.000877	0.000877	0.003410	0.003410
144	6	645	5	P95	1	0.001065	0.001065	0.003598	0.003598
144	6	645	5	P99	2	0.001603	0.001603	0.000245	0.000245
144	6	645	5	P999	29	-0.001210	-0.001210	0.000609	0.000609
144	7	671	6	P1	1	-0.002485	-0.002485	0.000039	0.000039
144	7	671	6	P50	1	-0.000636	-0.000636	0.001893	0.001893
144	7	671	6	P75	1	0.000310	0.000310	0.002841	0.002841
144	7	671	6	P90	1	0.000873	0.000873	0.003406	0.003406
144	7	671	6	P95	1	0.001065	0.001065	0.003598	0.003598
144	7	671	6	P99	2	0.001603	0.001603	0.000245	0.000245
144	7	671	6	P999	29	-0.001210	-0.001210	0.000609	0.000609
145	1	5671	0	P1	1	-0.003693	-0.003693	0.000038	0.000038
145	1	5671	0	P50	1	-0.001863	-0.001863	0.001875	0.001875
145	1	5671	0	P75	1	-0.000928	-0.000928	0.002813	0.002813
145	1	5671	0	P90	1	-0.000367	-0.000367	0.003376	0.003376
145	1	5671	0	P95	1	-0.000180	-0.000180	0.003565	0.003565
145	1	5671	0	P99	1	-0.000030	-0.000030	0.003715	0.003715
145	1	5671	0	P999	2	0.000415	0.000415	0.000415	0.000415
145	2	5730	0	P1	1	-0.003693	-0.003693	0.000038	0.000038
145	2	5730	0	P50	1	-0.001863	-0.001864	0.001875	0.001874
145	2	5730	0	P75	1	-0.000928	-0.000928	0.002813	0.002813
145	2	5730	0	P90	1	-0.000367	-0.000367	0.003377	0.003376
145	2	5730	0	P95	1	-0.000180	-0.000180	0.003565	0.003565
145	2	5730	0	P99	1	-0.000030	-0.000030	0.003715	0.003715
145	2	5730	0	P999	2	0.000415	0.000415	0.000415	0.000415
145	3	7136	0	P1	1	-0.003693	-0.003693	0.000038	0.000038
145	3	7136	0	P50	1	-0.001863	-0.001864	0.001875	0.001874
145	3	7136	0	P75	1	-0.000928	-0.000929	0.002813	0.002813
145	3	7136	0	P90	1	-0.000367	-0.000367	0.003376	0.003376
145	3	7136	0	P95	1	-0.000180	-0.000180	0.003564	0.003564
145	3	7136	0	P99	1	-0.000030	-0.000030	0.003714	0.003714
145	3	7136	0	P999	2	0.000101	0.000101	0.000101	0.000101
145	4	11716	0	P1	1	-0.003693	-0.003693	0.000038	0.000038
145	4	11716	0	P50	1	-0.001862	-0.001862	0.001876	0.001876
145	4	11716	0	P75	1	-0.000926	-0.000927	0.002815	0.002815
145	4	11716	0	P90	1	-0.000365	-0.000365	0.003379	0.003379
145	4	11716	0	P95	1	-0.000177	-0.000177	0.003567	0.003567
145	4	11716	0	P99	1	-0.000028	-0.000028	0.003717	0.003717
145	4	11716	0	P999	2	0.000954	0.000954	0.000954	0.000954
145	5	11722	1	P1	1	-0.002487	-0.002487	0.000038	0.000038
145	5	11722	1	P50	1	-0.000652	-0.000652	0.001877	0.001877
145	5	11722	1	P75	1	0.000285	0.000285	0.002816	0.002816
145	5	11722	1	P90	1	0.000848	0.000848	0.003381	0.003381
145	5	11722	1	P95	1	0.001036	0.001036	0.003569	0.003569
145	5	11722	1	P99	1	0.001186	0.001186	0.003719	0.003719
145	5	11722	1	P999	2	0.003089	0.003089	0.001729	0.001729
145	6	11731	2	P1	1	-0.002487	-0.002487	0.000038	0.000038
145	6	11731	2	P50	1	-0.000652	-0.000652	0.001877	0.001877
145	6	11731	2	P75	1	0.000285	0.000285	0.002817	0.002817
145	6	11731	2	P90	1	0.000848	0.000848	0.003381	0.003381
145	6	11731	2	P95	1	0.001036	0.001036	0.003569	0.003569
145	6	11731	2	P99	1	0.001186	0.001186	0.003719	0.003719
145	6	11731	2	P999	2	0.003089	0.003089	0.001729	0.001729
145	7	11737	3	P1	1	-0.002487	-0.002487	0.000038	0.000038
145	7	11737	3	P50	1	-0.000652	-0.000652	0.001877	0.001877
145	7	11737	3	P75	1	0.000286	0.000286	0.002817	0.002817
145	7	11737	3	P90	1	0.000849	0.000849	0.003381	0.003381
145	7	11737	3	P95	1	0.001037	0.001037	0.003570	0.003570
145	7	11737	3	P99	1	0.001187	0.001187	0.003720	0.003720
145	7	11737	3	P999	2	0.003089	0.003089	0.001754	0.001754
146	1	1025	1	P1	1	-0.002484	-0.002484	0.000040	0.000040
146	1	1025	1	P50	1	-0.000644	-0.000644	0.001885	0.001885
146	1	1025	1	P75	1	0.000296	0.000296	0.002828	0.002828
146	1	1025	1	P90	1	0.000862	0.000862	0.003395	0.003395
146	1	1025	1	P95	1	0.001050	0.001050	0.003583	0.003583
146	1	1025	1	P99	1	0.001201	0.001201	0.003734	0.003734
146	1	1025	1	P999	29	-0.001210	-0.001210	0.000609	0.000609
146	2	1036	2	P1	1	-0.002484	-0.002484	0.000040	0.000040
146	2	1036	2	P50	1	-0.000622	-0.000625	0.001908	0.001904
146	2	1036	2	P75	1	0.000329	0.000326	0.002861	0.002857
146	2	1036	2	P90	1	0.000899	0.000899	0.003432	0.003432
146	2	1036	2	P95	1	0.001090	0.001090	0.003623	0.003623
146	2	1036	2	P99	28	0.000232	0.000232	0.002060	0.002060
146	2	1036	2	P999	30	0.002278	0.002278	0.000349	0.000349
146	3	1055	3	P1	1	-0.002485	-0.002485	0.000040	0.000040
146	3	1055	3	P50	1	-0.000624	-0.000624	0.001905	0.001905
146	3	1055	3	P75	1	0.000328	0.000328	0.002859	0.002859
146	3	1055	3	P90	1	0.000898	0.000898	0.003430	0.003430
146	3	1055	3	P95	1	0.001089	0.001089	0.003622	0.003622
146	3	1055	3	P99	28	0.000232	0.000232	0.002060	0.002060
146	3	1055	3	P999	30	0.002278	0.002278	0.000349	0.000349
146	4	1066	4	P1	1	-0.002486	-0.002486	0.000039	0.000039
146	4	1066	4	P50	1	-0.000619	-0.000623	0.001910	0.001907
146	4	1066	4	P75	1	0.000332	0.000332	0.002863	0.002863
146	4	1066	4	P90	1	0.000904	0.000904	0.003437	0.003437
146	4	1066	4	P95	1	0.001093	0.001093	0.003627	0.003627
146	4	1066	4	P99	28	0.000232	0.000232	0.002060	0.002060
146	4	1066	4	P999	30	0.002278	0.002278	0.000349	0.000349
146	5	1077	5	P1	1	-0.002388	-0.002388	0.000039	0.000039
146	5	1077	5	P50	1	-0.000504	-0.000504	0.001928	0.001928
146	5	1077	5	P75	1	0.000458	0.000458	0.002892	0.002892
146	5	1077	5	P90	1	0.001037	0.001037	0.003472	0.003472
146	5	1077	5	P95	1	0.001231	0.001231	0.003666	0.003666
146	5	1077	5	P99	29	-0.001885	-0.001885	-0.000948	-0.000948
146	5	1077	5	P999	31	-0.002316	-0.002316	-0.000668	-0.000668
146	6	1098	6	P1	1	-0.002389	-0.002389	0.000039	0.000039
146	6	1098	6	P50	1	-0.000503	-0.000507	0.001929	0.001925
146	6	1098	6	P75	1	0.000457	0.000457	0.002891	0.002891
146	6	1098	6	P90	1	0.001036	0.001036	0.003471	0.003471
146	6	1098	6	P95	1	0.001229	0.001229	0.003664	0.003664
146	6	1098	6	P99	29	-0.001885	-0.001885	-0.000948	-0.000948
146	6	1098	6	P999	31	-0.002316	-0.002316	-0.000668	-0.000668
146	7	1134	7	P1	1	-0.002387	-0.002387	0.000041	0.000041
146	7	1134	7	P50	1	-0.000505	-0.000508	0.001927	0.001923
146	7	1134	7	P75	1	0.000454	0.000454	0.002888	0.002888
146	7	1134	7	P90	1	0.001031	0.001031	0.003466	0.003466
146	7	1134	7	P95	1	0.001224	0.001224	0.003660	0.003660
146	7	1134	7	P99	29	-0.002300	-0.002300	-0.001260	-0.001260
146	7	1134	7	P999	31	-0.002316	-0.002316	-0.000668	-0.000668
147	1	9	0	P1	1	-0.003317	-0.003317	0.000415	0.000415
147	1	9	0	P50	1	-0.001660	-0.001660	0.002079	0.002079
147	1	9	0	P75	1	-0.000830	-0.000830	0.002912	0.002912
147	1	9	0	P90	1	-0.000000	-0.000000	0.003745	0.003745
147	1	9	0	P95	1	-0.000000	-0.000000	0.003745	0.003745
147	1	9	0	P99	1	-0.000000	-0.000000	0.003745	0.003745
147	1	9	0	P999	1	-0.000000	-0.000000	0.003745	0.003745
147	2	34	0	P1	1	-0.003621	-0.003621	0.000110	0.000110
147	2	34	0	P50	1	-0.001757	-0.001867	0.001981	0.001871
147	2	34	0	P75	1	-0.000879	-0.000879	0.002863	0.002863
147	2	34	0	P90	1	-0.000330	-0.000330	0.003414	0.003414
147	2	34	0	P95	1	-0.000110	-0.000110	0.003635	0.003635
147	2	34	0	P99	1	-0.000000	-0.000000	0.003745	0.003745
147	2	34	0	P999	1	-0.000000	-0.000000	0.003745	0.003745
147	3	43	1	P1	1	-0.002415	-0.002415	0.000110	0.000110
147	3	43	1	P50	1	-0.000109	-0.000109	0.002422	0.002422
147	3	43	1	P75	1	0.001101	0.001101	0.003635	0.003635
147	3	43	1	P90	28	-0.001636	-0.001636	0.000189	0.000189
147	3	43	1	P95	29	-0.003075	-0.003075	-0.001260	-0.001260
147	3	43	1	P99	32	0.001296	0.001296	0.003098	0.003098
147	3	43	1	P999	32	0.001296	0.001296	0.003098	0.003098
147	4	57	2	P1	1	-0.002447	-0.002447	0.000078	0.000078
147	4	57	2	P50	1	-0.000269	-0.000269	0.002261	0.002261
147	4	57	2	P75	1	0.000822	0.000822	0.003354	0.003354
147	4	57	2	P90	27	-0.000788	-0.000788	0.001047	0.001047
147	4	57	2	P95	29	-0.003075	-0.003075	-0.001260	-0.001260
147	4	57	2	P99	32	0.001296	0.001296	0.003098	0.003098
147	4	57	2	P999	32	0.001296	0.001296	0.003098	0.003098
147	5	66	3	P1	1	-0.002457	-0.002457	0.000068	0.000068
147	5	66	3	P50	1	-0.000217	-0.000285	0.002313	0.002245
147	5	66	3	P75	1	0.000871	0.000871	0.003404	0.003404
147	5	66	3	P90	26	-0.000435	-0.000435	0.001408	0.001408
147	5	66	3	P95	28	0.000232	0.000232	0.002060	0.002060
147	5	66	3	P99	32	0.001296	0.001296	0.003098	0.003098
147	5	66	3	P999	32	0.001296	0.001296	0.003098	0.003098
147	6	76	4	P1	1	-0.002457	-0.002457	0.000068	0.000068
147	6	76	4	P50	1	0.000123	0.000055	0.002654	0.002586
147	6	76	4	P75	26	-0.002923	-0.922809	-0.001084	-0.922914
147	6	76	4	P90	29	-0.003342	-0.003342	-0.001526	-0.001526
147	6	76	4	P95	29	-0.001210	-0.001210	0.000609	0.000609
147	6	76	4	P99	32	0.001296	0.001296	0.003098	0.003098
147	6	76	4	P999	32	0.001296	0.001296	0.003098	0.003098
147	7	185	5	P1	1	-0.002479	-0.002479	0.000046	0.000046
147	7	185	5	P50	1	-0.000408	-0.000408	0.002122	0.002122
147	7	185	5	P75	1	0.000641	0.000641	0.003173	0.003173
147	7	185	5	P90	26	-0.002923	-0.002923	-0.001084	-0.001084
147	7	185	5	P95	29	-0.004406	-0.004406	-0.002592	-0.002592
147	7	185	5	P99	31	-0.000605	-0.000605	0.001201	0.001201
147	7	185	5	P999	32	0.001296	0.001296	0.003098	0.003098
148	1	337	1	P1	1	-0.003614	-0.003614	0.000047	0.000047
148	1	337	1	P50	1	-0.001667	-0.001667	0.002001	0.002001
148	1	337	1	P75	1	-0.000675	-0.000675	0.002997	0.002997
148	1	337	1	P90	1	-0.000072	-0.000072	0.003602	0.003602
148	1	337	1	P95	27	-0.002045	-0.002045	-0.002155	-0.002155
148	1	337	1	P99	30	-0.001408	-0.001408	-0.001519	-0.001519
148	1	337	1	P999	105	-0.000070	-0.000070	0.003548	0.003548
148	2	367	2	P1	1	-0.003618	-0.003618	0.000043	0.000043
148	2	367	2	P50	1	-0.001679	-0.001679	0.001990	0.001990
148	2	367	2	P75	1	-0.000686	-0.000686	0.002986	0.002986
148	2	367	2	P90	1	-0.000092	-0.000092	0.003582	0.003582
148	2	367	2	P95	3	0.000432	0.000432	0.000349	0.000349
148	2	367	2	P99	30	-0.001408	-0.001408	-0.001519	-0.001519
148	2	367	2	P999	105	-0.000070	-0.000070	0.003548	0.003548
148	3	385	3	P1	1	-0.003620	-0.003620	0.000042	0.000042
148	3	385	3	P50	1	-0.001657	-0.001657	0.002012	0.002012
148	3	385	3	P75	1	-0.000659	-0.000659	0.003014	0.003014
148	3	385	3	P90	1	-0.000055	-0.000055	0.003620	0.003620
148	3	385	3	P95	3	-0.001436	-0.001436	-0.001519	-0.001519
148	3	385	3	P99	30	-0.001408	-0.001408	-0.001519	-0.001519
148	3	385	3	P999	105	-0.000070	-0.000070	0.003548	0.003548
148	4	407	4	P1	1	-0.003609	-0.003609	0.000052	0.000052
148	4	407	4	P50	1	-0.001543	-0.001543	0.002126	0.002126
148	4	407	4	P75	1	-0.000482	-0.000482	0.003191	0.003191
148	4	407	4	P90	3	0.000432	0.000432	0.000349	0.000349
148	4	407	4	P95	29	-0.002392	-0.002392	-0.002503	-0.002503
148	4	407	4	P99	31	0.001313	0.001313	0.001201	0.001201
148	4	407	4	P999	105	-0.000070	-0.000070	0.003548	0.003548
148	5	415	5	P1	1	-0.003609	-0.003609	0.000052	0.000052
148	5	415	5	P50	1	-0.001501	-0.001501	0.002168	0.002168
148	5	415	5	P75	1	-0.000419	-0.000419	0.003254	0.003254
148	5	415	5	P90	26	0.001518	0.001518	0.001408	0.001408
148	5	415	5	P95	29	-0.001149	-0.001149	-0.001260	-0.001260
148	5	415	5	P99	32	0.001962	0.001962	0.001849	0.001849
148	5	415	5	P999	105	-0.000070	-0.000070	0.003548	0.003548
148	6	421	6	P1	1	-0.002659	-0.002659	0.000052	0.000052
148	6	421	6	P50	1	-0.000517	-0.000517	0.002199	0.002199
148	6	421	6	P75	1	0.000576	0.000576	0.003296	0.003296
148	6	421	6	P90	27	-0.000666	-0.000666	-0.002274	-0.002274
148	6	421	6	P95	29	0.000986	0.000986	-0.000637	-0.000637
148	6	421	6	P99	47	0.005416	0.005416	0.003699	0.003699
148	6	421	6	P999	120	-0.001024	-0.001024	0.000839	0.000839
148	7	423	7	P1	1	-0.002659	-0.002659	0.000052	0.000052
148	7	423	7	P50	1	-0.000519	-0.000519	0.002198	0.002198
148	7	423	7	P75	1	0.000579	0.000579	0.003298	0.003298
148	7	423	7	P90	27	-0.000666	-0.000666	-0.002274	-0.002274
148	7	423	7	P95	29	0.000986	0.000986	-0.000637	-0.000637
148	7	423	7	P99	47	0.005416	0.005416	0.003699	0.003699
148	7	423	7	P999	120	-0.001024	-0.001024	0.000839	0.000839
149	1	9	1	P1	1	-0.002911	-0.002911	0.000534	0.000534
149	1	9	1	P50	1	-0.000779	-0.000779	0.002674	0.002674
149	1	9	1	P75	1	0.000289	0.000289	0.003745	0.003745
149	1	9	1	P90	13	-0.000289	-0.000289	0.003036	0.003036
149	1	9	1	P95	13	-0.000289	-0.000289	0.003036	0.003036
149	1	9	1	P99	13	-0.000289	-0.000289	0.003036	0.003036
149	1	9	1	P999	13	-0.000289	-0.000289	0.003036	0.003036
149	2	12	2	P1	1	-0.002977	-0.002977	0.000467	0.000467
149	2	12	2	P50	1	-0.000178	-0.000645	0.003276	0.002807
149	2	12	2	P75	2	-0.001299	-0.003164	0.002116	0.000245
149	2	12	2	P90	12	0.001253	0.001253	0.000839	0.000839
149	2	12	2	P95	13	-0.000289	-0.000289	0.003036	0.003036
149	2	12	2	P99	13	-0.000289	-0.000289	0.003036	0.003036
149	2	12	2	P999	13	-0.000289	-0.000289	0.003036	0.003036
149	3	14	3	P1	1	-0.002412	-0.002412	0.000467	0.000467
149	3	14	3	P50	1	0.000857	0.000389	0.003745	0.003276
149	3	14	3	P75	12	0.002067	0.002067	0.000839	0.000839
149	3	14	3	P90	57	-0.000856	-0.000856	0.001426	0.001426
149	3	14	3	P95	59	0.002045	0.002045	0.000580	0.000580
149	3	14	3	P99	59	0.002045	0.002045	0.000580	0.000580
149	3	14	3	P999	59	0.002045	0.002045	0.000580	0.000580
149	4	17	4	P1	1	-0.002539	-0.002539	0.000340	0.000340
149	4	17	4	P50	1	0.000177	0.000177	0.003063	0.003063
149	4	17	4	P75	2	-0.000665	-0.000665	0.002116	0.002116
149	4	17	4	P90	57	-0.000856	-0.000856	0.001426	0.001426
149	4	17	4	P95	59	0.002045	0.002045	0.000580	0.000580
149	4	17	4	P99	59	0.002045	0.002045	0.000580	0.000580
149	4	17	4	P999	59	0.002045	0.002045	0.000580	0.000580
149	5	19	5	P1	1	-0.002567	-0.002567	0.000312	0.000312
149	5	19	5	P50	1	0.000233	0.000233	0.003120	0.003120
149	5	19	5	P75	2	-0.000665	-0.000665	0.002116	0.002116
149	5	19	5	P90	57	-0.000856	-0.000856	0.001426	0.001426
149	5	19	5	P95	59	0.002045	0.002045	0.000580	0.000580
149	5	19	5	P99	59	0.002045	0.002045	0.000580	0.000580
149	5	19	5	P999	59	0.002045	0.002045	0.000580	0.000580
149	6	44	6	P1	1	-0.002567	-0.002567	0.000312	0.000312
149	6	44	6	P50	4	-0.001354	-0.001562	-0.002415	-0.002622
149	6	44	6	P75	4	0.000930	0.000722	-0.000133	-0.000341
149	6	44	6	P90	5	0.002724	0.002724	0.001625	0.001625
149	6	44	6	P95	13	0.000531	0.000531	0.003036	0.003036
149	6	44	6	P99	59	0.002045	0.002045	0.000580	0.000580
149	6	44	6	P999	59	0.002045	0.002045	0.000580	0.000580
149	7	66	7	P1	1	-0.002769	-0.002769	0.000110	0.000110
149	7	66	7	P50	1	0.000857	0.000747	0.003745	0.003635
149	7	66	7	P75	4	-0.000317	-0.000317	-0.001378	-0.001378
149	7	66	7	P90	5	0.000228	0.000228	-0.000868	-0.000868
149	7	66	7	P95	12	0.002067	0.002067	0.000839	0.000839
149	7	66	7	P99	59	0.002045	0.002045	0.000580	0.000580
149	7	66	7	P999	59	0.002045	0.002045	0.000580	0.000580
150	1	6	1	P1	11	0.001507	0.001507	0.001879	0.001879
150	1	6	1	P50	52	-0.000460	-0.749331	0.003527	-0.749241
150	1	6	1	P75	55	-0.000475	-0.000475	0.003507	0.003507
150	1	6	1	P90	58	0.002492	0.002492	0.002726	0.002726
150	1	6	1	P95	58	0.002492	0.002492	0.002726	0.002726
150	1	6	1	P99	58	0.002492	0.002492	0.002726	0.002726
150	1	6	1	P999	58	0.002492	0.002492	0.002726	0.002726
150	2	9	2	P1	1	-0.002401	-0.002401	0.001247	0.001247
150	2	9	2	P50	12	0.000965	0.000965	0.000839	0.000839
150	2	9	2	P75	52	-0.000069	-0.000069	0.003527	0.003527
150	2	9	2	P90	58	0.002877	0.002877	0.002726	0.002726
150	2	9	2	P95	58	0.002877	0.002877	0.002726	0.002726
150	2	9	2	P99	58	0.002877	0.002877	0.002726	0.002726
150	2	9	2	P999	58	0.002877	0.002877	0.002726	0.002726
150	3	30	3	P1	1	-0.002401	-0.002401	0.001247	0.001247
150	3	30	3	P50	4	-0.001062	-0.001269	-0.001171	-0.001378
150	3	30	3	P75	4	0.000391	0.000391	0.000282	0.000282
150	3	30	3	P90	52	-0.000069	-0.749209	0.003527	-0.749241
150	3	30	3	P95	55	-0.000088	-0.000088	0.003507	0.003507
150	3	30	3	P99	58	0.002877	0.002877	0.002726	0.002726
150	3	30	3	P999	58	0.002877	0.002877	0.002726	0.002726
150	4	51	4	P1	1	-0.002401	-0.002401	0.001247	0.001247
150	4	51	4	P50	4	-0.001489	-0.001489	-0.001598	-0.001598
150	4	51	4	P75	4	-0.000061	-0.000061	-0.000170	-0.000170
150	4	51	4	P90	11	0.002003	0.002003	0.001879	0.001879
150	4	51	4	P95	52	-0.000069	-0.000069	0.003527	0.003527
150	4	51	4	P99	58	0.002877	0.002877	0.002726	0.002726
150	4	51	4	P999	58	0.002877	0.002877	0.002726	0.002726
150	5	72	5	P1	1	-0.002401	-0.002401	0.001247	0.001247
150	5	72	5	P50	4	-0.001609	-0.001693	-0.001717	-0.001802
150	5	72	5	P75	4	-0.000081	-0.000166	-0.000190	-0.000275
150	5	72	5	P90	5	0.000491	0.000491	0.000378	0.000378
150	5	72	5	P95	13	0.003163	0.003163	0.003036	0.003036
150	5	72	5	P99	58	0.002877	0.002877	0.002726	0.002726
150	5	72	5	P999	58	0.002877	0.002877	0.002726	0.002726
150	6	93	6	P1	1	-0.002401	-0.002401	0.001247	0.001247
150	6	93	6	P50	4	-0.001591	-0.001591	-0.001700	-0.001700
150	6	93	6	P75	4	-0.000110	-0.000110	-0.000219	-0.000219
150	6	93	6	P90	5	-0.000132	-0.000132	-0.000245	-0.000245
150	6	93	6	P95	12	0.000965	0.000965	0.000839	0.000839
150	6	93	6	P99	58	0.002877	0.002877	0.002726	0.002726
150	6	93	6	P999	58	0.002877	0.002877	0.002726	0.002726
150	7	114	7	P1	1	-0.001157	-0.001157	0.002495	0.002495
150	7	114	7	P50	4	-0.001632	-0.001684	-0.001741	-0.001793
150	7	114	7	P75	4	-0.000180	-0.000180	-0.000289	-0.000289
150	7	114	7	P90	5	-0.000933	-0.000933	-0.001045	-0.001045
150	7	114	7	P95	11	0.002003	0.002003	0.001879	0.001879
150	7	114	7	P99	55	-0.000088	-0.000088	0.003507	0.003507
150	7	114	7	P999	58	0.002877	0.002877	0.002726	0.002726
151	1	42	0	P1	3	0.000233	0.000233	-0.003011	-0.003011
151	1	42	0	P50	4	-0.002240	-0.002365	-0.001751	-0.001876
151	1	42	0	P75	4	-0.000996	-0.000996	-0.000507	-0.000507
151	1	42	0	P90	4	-0.000249	-0.000249	0.000241	0.000241
151	1	42	0	P95	4	-0.000000	-0.000000	0.000490	0.000490
151	1	42	0	P99	5	0.001135	0.001135	0.001625	0.001625
151	1	42	0	P999	5	0.001135	0.001135	0.001625	0.001625
151	2	63	0	P1	3	0.000067	0.000067	-0.003176	-0.003176
151	2	63	0	P50	4	-0.002489	-0.002489	-0.002000	-0.002000
151	2	63	0	P75	4	-0.001067	-0.001067	-0.000578	-0.000578
151	2	63	0	P90	4	-0.000267	-0.000267	0.000223	0.000223
151	2	63	0	P95	4	-0.000000	-0.000000	0.000490	0.000490
151	2	63	0	P99	5	0.001135	0.001135	0.001625	0.001625
151	2	63	0	P999	5	0.001135	0.001135	0.001625	0.001625
151	3	347	1	P1	1	-0.002234	-0.002234	0.000053	0.000053
151	3	347	1	P50	1	0.000010	0.000010	0.002301	0.002301
151	3	347	1	P75	1	0.001160	0.001160	0.003453	0.003453
151	3	347	1	P90	4	-0.004201	-0.004201	-0.002267	-0.002267
151	3	347	1	P95	4	-0.002693	-0.002693	-0.000756	-0.000756
151	3	347	1	P99	4	-0.001449	-0.001449	0.000490	0.000490
151	3	347	1	P999	5	-0.000259	-0.000259	0.001625	0.001625
151	4	368	2	P1	1	-0.002234	-0.002234	0.000053	0.000053
151	4	368	2	P50	1	0.000155	0.000142	0.002447	0.002433
151	4	368	2	P75	1	0.001372	0.001358	0.003665	0.003652
151	4	368	2	P90	4	-0.003686	-0.003686	-0.001751	-0.001751
151	4	368	2	P95	4	-0.002467	-0.002467	-0.000529	-0.000529
151	4	368	2	P99	4	-0.001449	-0.001449	0.000490	0.000490
151	4	368	2	P999	5	-0.000259	-0.000259	0.001625	0.001625
151	5	389	3	P1	1	-0.002234	-0.002234	0.000053	0.000053
151	5	389	3	P50	1	0.000287	0.000287	0.002579	0.002579
151	5	389	3	P75	3	-0.000757	-0.000757	-0.002480	-0.002480
151	5	389	3	P90	4	-0.003257	-0.003257	-0.001322	-0.001322
151	5	389	3	P95	4	-0.002184	-0.002184	-0.000246	-0.000246
151	5	389	3	P99	5	-0.002126	-0.002126	-0.000245	-0.000245
151	5	389	3	P999	5	-0.000259	-0.000259	0.001625	0.001625
151	6	410	4	P1	1	-0.002220	-0.002220	0.000066	0.000066
151	6	410	4	P50	1	0.000433	0.000419	0.002725	0.002711
151	6	410	4	P75	3	0.000473	0.000473	-0.001252	-0.001252
151	6	410	4	P90	4	-0.003020	-0.003069	-0.001083	-0.001133
151	6	410	4	P95	4	-0.002038	-0.002038	-0.000100	-0.000100
151	6	410	4	P99	5	-0.002126	-0.002126	-0.000245	-0.000245
151	6	410	4	P999	5	-0.000259	-0.000259	0.001625	0.001625
151	7	421	5	P1	1	-0.002223	-0.002223	0.000064	0.000064
151	7	421	5	P50	1	0.000394	0.000394	0.002686	0.002686
151	7	421	5	P75	3	0.000206	0.000206	-0.001519	-0.001519
151	7	421	5	P90	4	-0.003118	-0.003118	-0.001182	-0.001182
151	7	421	5	P95	4	-0.002087	-0.002087	-0.000150	-0.000150
151	7	421	5	P99	5	-0.002126	-0.002126	-0.000245	-0.000245
151	7	421	5	P999	5	-0.000259	-0.000259	0.001625	0.001625
152	1	7	1	P1	1	-0.001579	-0.001579	0.001871	0.001871
152	1	7	1	P50	11	0.002289	0.002289	0.001879	0.001879
152	1	7	1	P75	13	-0.001534	-0.001534	0.001787	0.001787
152	1	7	1	P90	13	-0.000289	-0.000289	0.003036	0.003036
152	1	7	1	P95	13	-0.000289	-0.000289	0.003036	0.003036
152	1	7	1	P99	13	-0.000289	-0.000289	0.003036	0.003036
152	1	7	1	P999	13	-0.000289	-0.000289	0.003036	0.003036
152	2	11	2	P1	1	-0.000645	-0.000645	0.001871	0.001871
152	2	11	2	P50	13	-0.000184	-0.000184	0.001787	0.001787
152	2	11	2	P75	55	-0.000030	-0.000030	0.001633	0.001633
152	2	11	2	P90	55	0.001841	0.001841	0.003507	0.003507
152	2	11	2	P95	56	-0.001223	-0.001223	0.000434	0.000434
152	2	11	2	P99	56	-0.001223	-0.001223	0.000434	0.000434
152	2	11	2	P999	56	-0.001223	-0.001223	0.000434	0.000434
152	3	15	3	P1	1	-0.001890	-0.001890	0.000623	0.000623
152	3	15	3	P50	11	0.003618	0.003618	0.001879	0.001879
152	3	15	3	P75	53	0.001494	0.001494	0.003168	0.003168
152	3	15	3	P90	55	0.001841	0.001841	0.003507	0.003507
152	3	15	3	P95	56	-0.001223	-0.001223	0.000434	0.000434
152	3	15	3	P99	56	-0.001223	-0.001223	0.000434	0.000434
152	3	15	3	P999	56	-0.001223	-0.001223	0.000434	0.000434
152	4	36	4	P1	1	-0.001890	-0.001890	0.000623	0.000623
152	4	36	4	P50	4	-0.003717	-0.003965	-0.001503	-0.001751
152	4	36	4	P75	7	-0.000532	-0.429559	0.001570	-0.428291
152	4	36	4	P90	53	0.001494	0.001494	0.003168	0.003168
152	4	36	4	P95	55	0.001841	0.001841	0.003507	0.003507
152	4	36	4	P99	56	-0.001223	-0.001223	0.000434	0.000434
152	4	36	4	P999	56	-0.001223	-0.001223	0.000434	0.000434
152	5	48	5	P1	1	-0.001890	-0.001890	0.000623	0.000623
152	5	48	5	P50	4	-0.003469	-0.003717	-0.001887	-0.002057
152	5	48	5	P75	4	0.000941	0.000407	0.000150	-0.000020
152	5	48	5	P90	13	0.001063	0.001063	0.003036	0.003036
152	5	48	5	P95	55	-0.000030	-0.000030	0.001633	0.001633
152	5	48	5	P99	56	-0.001223	-0.001223	0.000434	0.000434
152	5	48	5	P999	56	-0.001223	-0.001223	0.000434	0.000434
152	6	60	6	P1	1	-0.001890	-0.001890	0.000623	0.000623
152	6	60	6	P50	4	-0.003469	-0.003717	-0.002178	-0.002311
152	6	60	6	P75	4	0.000571	0.000283	-0.000178	-0.000311
152	6	60	6	P90	13	-0.000184	-0.001429	0.001787	0.000539
152	6	60	6	P95	55	-0.000030	-0.034924	0.001633	-0.033311
152	6	60	6	P99	56	-0.001223	-0.001223	0.000434	0.000434
152	6	60	6	P999	56	-0.001223	-0.001223	0.000434	0.000434
152	7	72	7	P1	1	-0.001890	-0.001890	0.000623	0.000623
152	7	72	7	P50	4	-0.003836	-0.003998	-0.002207	-0.002311
152	7	72	7	P75	4	-0.000292	-0.000579	-0.000341	-0.000445
152	7	72	7	P90	11	0.003618	0.003618	0.001879	0.001879
152	7	72	7	P95	53	0.001494	0.001494	0.003168	0.003168
152	7	72	7	P99	56	-0.001223	-0.001223	0.000434	0.000434
152	7	72	7	P999	56	-0.001223	-0.001223	0.000434	0.000434
153	1	24	0	P1	3	0.000482	0.000482	-0.002762	-0.002762
153	1	24	0	P50	4	-0.002282	-0.002489	-0.001793	-0.002000
153	1	24	0	P75	4	-0.001038	-0.001245	-0.000548	-0.000756
153	1	24	0	P90	4	-0.000415	-0.000415	0.000075	0.000075
153	1	24	0	P95	4	-0.000208	-0.000208	0.000282	0.000282
153	1	24	0	P99	4	-0.000000	-0.000000	0.000490	0.000490
153	1	24	0	P999	4	-0.000000	-0.000000	0.000490	0.000490
153	2	36	0	P1	3	0.000274	0.000274	-0.002969	-0.002969
153	2	36	0	P50	4	-0.002298	-0.002441	-0.001809	-0.001952
153	2	36	0	P75	4	-0.001006	-0.001149	-0.000516	-0.000660
153	2	36	0	P90	4	-0.000287	-0.000287	0.000202	0.000202
153	2	36	0	P95	4	-0.000000	-0.000000	0.000490	0.000490
153	2	36	0	P99	5	0.001135	0.001135	0.001625	0.001625
153	2	36	0	P999	5	0.001135	0.001135	0.001625	0.001625
153	3	47	0	P1	3	0.000170	0.000170	-0.003073	-0.003073
153	3	47	0	P50	4	-0.002376	-0.002376	-0.001887	-0.001887
153	3	47	0	P75	4	-0.001019	-0.001019	-0.000529	-0.000529
153	3	47	0	P90	4	-0.000227	-0.000227	0.000263	0.000263
153	3	47	0	P95	4	-0.000000	-0.000000	0.000490	0.000490
153	3	47	0	P99	5	0.001135	0.001135	0.001625	0.001625
153	3	47	0	P999	5	0.001135	0.001135	0.001625	0.001625
153	4	59	0	P1	3	0.000093	0.000093	-0.003151	-0.003151
153	4	59	0	P50	4	-0.002459	-0.002459	-0.001970	-0.001970
153	4	59	0	P75	4	-0.001093	-0.001093	-0.000604	-0.000604
153	4	59	0	P90	4	-0.000273	-0.000273	0.000216	0.000216
153	4	59	0	P95	4	-0.000000	-0.000000	0.000490	0.000490
153	4	59	0	P99	5	0.001135	0.001135	0.001625	0.001625
153	4	59	0	P999	5	0.001135	0.001135	0.001625	0.001625
153	5	79	0	P1	3	0.000029	0.000029	-0.003214	-0.003214
153	5	79	0	P50	4	-0.002511	-0.002511	-0.002023	-0.002023
153	5	79	0	P75	4	-0.001155	-0.001155	-0.000665	-0.000665
153	5	79	0	P90	4	-0.000340	-0.000340	0.000150	0.000150
153	5	79	0	P95	4	-0.000068	-0.000068	0.000422	0.000422
153	5	79	0	P99	5	0.001135	0.001135	0.001625	0.001625
153	5	79	0	P999	5	0.001135	0.001135	0.001625	0.001625
153	6	99	0	P1	3	-0.000020	-0.000020	-0.003263	-0.003263
153	6	99	0	P50	4	-0.002642	-0.002642	-0.002153	-0.002153
153	6	99	0	P75	4	-0.001207	-0.001207	-0.000718	-0.000718
153	6	99	0	P90	4	-0.000345	-0.000345	0.000145	0.000145
153	6	99	0	P95	4	-0.000058	-0.000058	0.000432	0.000432
153	6	99	0	P99	5	0.001135	0.001135	0.001625	0.001625
153	6	99	0	P999	5	0.001135	0.001135	0.001625	0.001625
153	7	119	0	P1	3	0.000061	0.000061	-0.003182	-0.003182
153	7	119	0	P50	4	-0.002632	-0.002632	-0.002144	-0.002144
153	7	119	0	P75	4	-0.001197	-0.001197	-0.000708	-0.000708
153	7	119	0	P90	4	-0.000335	-0.000335	0.000154	0.000154
153	7	119	0	P95	4	-0.000048	-0.000048	0.000442	0.000442
153	7	119	0	P99	5	0.000200	0.000200	0.000690	0.000690
153	7	119	0	P999	5	0.001135	0.001135	0.001625	0.001625
154	1	32	1	P1	1	-0.001878	-0.001878	0.000312	0.000312
154	1	32	1	P50	3	-0.003618	-0.004032	-0.001726	-0.002141
154	1	32	1	P75	4	-0.003659	-0.004125	-0.001845	-0.002311
154	1	32	1	P90	4	-0.001795	-0.001795	0.000023	0.000023
154	1	32	1	P95	5	-0.002002	-0.002002	-0.000245	-0.000245
154	1	32	1	P99	5	-0.000134	-0.000134	0.001625	0.001625
154	1	32	1	P999	5	-0.000134	-0.000134	0.001625	0.001625
154	2	35	2	P1	1	-0.002653	-0.002653	0.000312	0.000312
154	2	35	2	P50	3	-0.004125	-0.004125	-0.001312	-0.001312
154	2	35	2	P75	4	-0.003688	-0.003688	-0.000911	-0.000911
154	2	35	2	P90	5	-0.001128	-0.001128	0.001625	0.001625
154	2	35	2	P95	11	-0.000770	-0.000770	0.001879	0.001879
154	2	35	2	P99	12	0.001943	0.001943	0.000839	0.000839
154	2	35	2	P999	12	0.001943	0.001943	0.000839	0.000839
154	3	38	3	P1	1	-0.003340	-0.003340	0.000312	0.000312
154	3	38	3	P50	3	-0.004115	-0.004529	-0.000482	-0.000897
154	3	38	3	P75	4	-0.003609	-0.003609	0.000023	0.000023
154	3	38	3	P90	12	0.000955	0.000955	0.000839	0.000839
154	3	38	3	P95	55	0.003645	0.003645	0.003507	0.003507
154	3	38	3	P99	56	0.000572	0.000572	0.000434	0.000434
154	3	38	3	P999	56	0.000572	0.000572	0.000434	0.000434
154	4	41	4	P1	1	-0.003402	-0.003402	0.000249	0.000249
154	4	41	4	P50	3	-0.004942	-0.004942	-0.001312	-0.001312
154	4	41	4	P75	4	-0.004074	-0.004074	-0.000445	-0.000445
154	4	41	4	P90	11	-0.001745	-0.001745	0.001879	0.001879
154	4	41	4	P95	52	-0.000081	-0.000081	0.003527	0.003527
154	4	41	4	P99	56	0.000572	0.000572	0.000434	0.000434
154	4	41	4	P999	56	0.000572	0.000572	0.000434	0.000434
154	5	56	5	P1	1	-0.003402	-0.003402	0.000249	0.000249
154	5	56	5	P50	3	0.002941	0.002317	-0.000150	-0.000399
154	5	56	5	P75	4	-0.001485	-0.001900	-0.000609	-0.000829
154	5	56	5	P90	11	-0.003609	-0.003609	0.000008	0.000008
154	5	56	5	P95	52	-0.000081	-0.000081	0.003527	0.003527
154	5	56	5	P99	56	0.000572	0.000572	0.000434	0.000434
154	5	56	5	P999	56	0.000572	0.000572	0.000434	0.000434
154	6	67	6	P1	1	-0.003507	-0.003507	0.000144	0.000144
154	6	67	6	P50	3	-0.004115	-0.004115	-0.001643	-0.001643
154	6	67	6	P75	4	-0.002729	-0.002729	-0.001268	-0.001268
154	6	67	6	P90	5	-0.002009	-0.002009	0.001625	0.001625
154	6	67	6	P95	12	0.000955	0.000955	0.000839	0.000839
154	6	67	6	P99	56	0.000572	0.000572	0.000434	0.000434
154	6	67	6	P999	56	0.000572	0.000572	0.000434	0.000434
154	7	70	7	P1	1	-0.003507	-0.003507	0.000144	0.000144
154	7	70	7	P50	3	-0.003288	-0.003701	-0.001146	-0.001395
154	7	70	7	P75	4	-0.001900	-0.001900	-0.000829	-0.000829
154	7	70	7	P90	12	-0.001537	-0.084933	-0.001652	-0.081611
154	7	70	7	P95	14	0.003807	0.003807	0.003689	0.003689
154	7	70	7	P99	56	0.000572	0.000572	0.000434	0.000434
154	7	70	7	P999	56	0.000572	0.000572	0.000434	0.000434
155	1	6	1	P1	1	-0.000645	-0.000645	0.001871	0.001871
155	1	6	1	P50	56	-0.003089	-0.964161	-0.001434	-0.964210
155	1	6	1	P75	56	-0.001223	-0.001223	0.000434	0.000434
155	1	6	1	P90	57	-0.000230	-0.000230	0.001426	0.001426
155	1	6	1	P95	57	-0.000230	-0.000230	0.001426	0.001426
155	1	6	1	P99	57	-0.000230	-0.000230	0.001426	0.001426
155	1	6	1	P999	57	-0.000230	-0.000230	0.001426	0.001426
155	2	21	2	P1	1	-0.000645	-0.000645	0.001871	0.001871
155	2	21	2	P50	4	-0.000030	-0.000030	-0.001548	-0.001548
155	2	21	2	P75	4	0.001670	0.001670	0.000150	0.000150
155	2	21	2	P90	56	-0.003089	-0.003089	-0.001434	-0.001434
155	2	21	2	P95	56	-0.001223	-0.001223	0.000434	0.000434
155	2	21	2	P99	57	-0.000230	-0.000230	0.001426	0.001426
155	2	21	2	P999	57	-0.000230	-0.000230	0.001426	0.001426
155	3	823	3	P1	1	-0.002469	-0.002469	0.000042	0.000042
155	3	823	3	P50	1	-0.000577	-0.000577	0.001939	0.001939
155	3	823	3	P75	1	0.000392	0.000392	0.002910	0.002910
155	3	823	3	P90	1	0.000971	0.000971	0.003490	0.003490
155	3	823	3	P95	1	0.001164	0.001164	0.003684	0.003684
155	3	823	3	P99	4	0.000650	0.000650	-0.000869	-0.000869
155	3	823	3	P999	57	-0.000230	-0.000230	0.001426	0.001426
155	4	839	4	P1	1	-0.002469	-0.002469	0.000042	0.000042
155	4	839	4	P50	1	-0.000539	-0.000539	0.001977	0.001977
155	4	839	4	P75	1	0.000448	0.000448	0.002967	0.002967
155	4	839	4	P90	1	0.001041	0.001041	0.003561	0.003561
155	4	839	4	P95	2	0.000869	0.000869	-0.000503	-0.000503
155	4	839	4	P99	4	0.000990	0.000990	0.000041	0.000041
155	4	839	4	P999	57	-0.000230	-0.000230	0.001426	0.001426
155	5	843	5	P1	1	-0.002469	-0.002469	0.000042	0.000042
155	5	843	5	P50	1	-0.000540	-0.000540	0.001976	0.001976
155	5	843	5	P75	1	0.000448	0.000448	0.002966	0.002966
155	5	843	5	P90	1	0.001038	0.001038	0.003557	0.003557
155	5	843	5	P95	2	0.000495	0.000495	-0.000876	-0.000876
155	5	843	5	P99	4	0.000990	0.000990	0.000041	0.000041
155	5	843	5	P999	57	-0.000230	-0.000230	0.001426	0.001426
155	6	858	6	P1	1	-0.002469	-0.002469	0.000042	0.000042
155	6	858	6	P50	1	-0.000502	-0.000507	0.002014	0.002009
155	6	858	6	P75	1	0.000499	0.000499	0.003017	0.003017
155	6	858	6	P90	1	0.001103	0.001103	0.003623	0.003623
155	6	858	6	P95	3	0.000685	0.000685	-0.000772	-0.000772
155	6	858	6	P99	4	0.000990	0.000990	0.000160	0.000160
155	6	858	6	P999	57	-0.000230	-0.000230	0.001426	0.001426
155	7	1045	7	P1	1	-0.002470	-0.002470	0.000042	0.000042
155	7	1045	7	P50	1	-0.000527	-0.000527	0.001989	0.001989
155	7	1045	7	P75	1	0.000464	0.000464	0.002983	0.002983
155	7	1045	7	P90	1	0.001061	0.001061	0.003581	0.003581
155	7	1045	7	P95	2	0.002555	0.002555	0.001180	0.001180
155	7	1045	7	P99	4	0.000310	0.000310	-0.000060	-0.000060
155	7	1045	7	P999	56	-0.001223	-0.001223	0.000434	0.000434
156	1	38	1	P1	2	-0.001316	-0.001316	0.000245	0.000245
156	1	38	1	P50	12	-0.002185	-0.002418	-0.000796	-0.001030
156	1	38	1	P75	13	-0.001258	-0.001258	0.000124	0.000124
156	1	38	1	P90	13	0.001234	0.001234	0.002619	0.002619
156	1	38	1	P95	14	0.002310	0.002310	0.003689	0.003689
156	1	38	1	P99	15	0.000604	0.000604	0.001975	0.001975
156	1	38	1	P999	15	0.000604	0.000604	0.001975	0.001975
156	2	56	2	P1	1	-0.002128	-0.002128	0.000415	0.000415
156	2	56	2	P50	11	-0.000172	-0.000587	0.001879	0.001463
156	2	56	2	P75	12	-0.001659	-0.001892	0.000371	0.000138
156	2	56	2	P90	13	-0.000229	-0.000229	0.001787	0.001787
156	2	56	2	P95	13	0.001017	0.001017	0.003036	0.003036
156	2	56	2	P99	15	-0.000012	-0.000012	0.001975	0.001975
156	2	56	2	P999	15	-0.000012	-0.000012	0.001975	0.001975
156	3	65	3	P1	1	-0.002659	-0.002659	0.000415	0.000415
156	3	65	3	P50	12	-0.004746	-0.004746	-0.001963	-0.001963
156	3	65	3	P75	13	-0.001827	-0.001827	0.000955	0.000955
156	3	65	3	P90	101	0.002457	0.002457	0.001264	0.001264
156	3	65	3	P95	104	-0.000647	-0.000647	0.001899	0.001899
156	3	65	3	P99	110	-0.000661	-0.000661	0.001879	0.001879
156	3	65	3	P999	110	-0.000661	-0.000661	0.001879	0.001879
156	4	101	4	P1	1	-0.002244	-0.002244	0.000831	0.000831
156	4	101	4	P50	13	-0.000997	-0.000997	0.001787	0.001787
156	4	101	4	P75	56	-0.001806	-0.001806	-0.002926	-0.002926
156	4	101	4	P90	59	0.001710	0.001710	0.000580	0.000580
156	4	101	4	P95	102	0.000079	0.000079	0.002629	0.002629
156	4	101	4	P99	108	0.002738	0.002738	0.001537	0.001537
156	4	101	4	P999	110	-0.000661	-0.000661	0.001879	0.001879
156	5	137	5	P1	1	-0.002871	-0.002871	0.000202	0.000202
156	5	137	5	P50	12	-0.004746	-0.004746	-0.001963	-0.001963
156	5	137	5	P75	54	0.004289	0.004289	0.003165	0.003165
156	5	137	5	P90	58	0.002607	0.002607	0.001478	0.001478
156	5	137	5	P95	101	0.002457	0.002457	0.001264	0.001264
156	5	137	5	P99	108	0.002738	0.002738	0.001537	0.001537
156	5	137	5	P999	110	-0.000661	-0.000661	0.001879	0.001879
156	6	152	6	P1	1	-0.002871	-0.002871	0.000202	0.000202
156	6	152	6	P50	11	-0.002169	-0.002583	0.000631	0.000216
156	6	152	6	P75	53	0.004289	0.003538	0.003168	0.002418
156	6	152	6	P90	57	0.002553	0.002553	0.001426	0.001426
156	6	152	6	P95	100	0.001190	0.001190	0.003745	0.003745
156	6	152	6	P99	108	0.002738	0.002738	0.001537	0.001537
156	6	152	6	P999	110	-0.000661	-0.000661	0.001879	0.001879
156	7	200	7	P1	1	-0.002941	-0.002985	0.000132	0.000088
156	7	200	7	P50	2	0.002197	0.001977	0.001525	0.001328
156	7	200	7	P75	13	-0.000582	-0.000997	0.002203	0.001787
156	7	200	7	P90	56	0.000436	0.000062	-0.000687	-0.001060
156	7	200	7	P95	62	0.004459	-0.046759	0.003320	-0.047835
156	7	200	7	P99	108	0.002738	-0.015831	0.001537	-0.017007
156	7	200	7	P999	110	-0.000661	-0.000661	0.001879	0.001879
157	1	13	1	P1	1	-0.001399	-0.001399	0.000623	0.000623
157	1	13	1	P50	2	-0.002386	-0.002386	-0.000378	-0.000378
157	1	13	1	P75	11	-0.002592	-0.002592	-0.000615	-0.000615
157	1	13	1	P90	11	-0.000103	-0.000103	0.001879	0.001879
157	1	13	1	P95	14	0.001708	0.001708	0.003689	0.003689
157	1	13	1	P99	14	0.001708	0.001708	0.003689	0.003689
157	1	13	1	P999	14	0.001708	0.001708	0.003689	0.003689
157	2	15	2	P1	1	-0.000918	-0.000918	0.000623	0.000623
157	2	15	2	P50	2	-0.000595	-0.000595	0.000868	0.000868
157	2	15	2	P75	11	0.000607	0.000607	0.001879	0.001879
157	2	15	2	P90	53	0.002073	0.002073	0.003168	0.003168
157	2	15	2	P95	56	-0.000651	-0.000651	0.000434	0.000434
157	2	15	2	P99	56	-0.000651	-0.000651	0.000434	0.000434
157	2	15	2	P999	56	-0.000651	-0.000651	0.000434	0.000434
157	3	17	3	P1	1	-0.001979	-0.001979	0.000534	0.000534
157	3	17	3	P50	2	-0.001498	-0.001498	0.000245	0.000245
157	3	17	3	P75	11	-0.001373	-0.001373	0.000631	0.000631
157	3	17	3	P90	53	0.001494	0.001494	0.003168	0.003168
157	3	17	3	P95	56	-0.001223	-0.001223	0.000434	0.000434
157	3	17	3	P99	56	-0.001223	-0.001223	0.000434	0.000434
157	3	17	3	P999	56	-0.001223	-0.001223	0.000434	0.000434
157	4	31	4	P1	1	-0.001979	-0.001979	0.000534	0.000534
157	4	31	4	P50	4	-0.004524	-0.004524	-0.002311	-0.002311
157	4	31	4	P75	4	-0.002039	-0.002039	0.000178	0.000178
157	4	31	4	P90	11	-0.000127	-0.000127	0.001879	0.001879
157	4	31	4	P95	53	0.001494	0.001494	0.003168	0.003168
157	4	31	4	P99	56	-0.001223	-0.001223	0.000434	0.000434
157	4	31	4	P999	56	-0.001223	-0.001223	0.000434	0.000434
157	5	47	5	P1	1	-0.002349	-0.002349	0.000163	0.000163
157	5	47	5	P50	2	-0.002742	-0.002742	-0.000689	-0.000689
157	5	47	5	P75	4	-0.003282	-0.003282	-0.001067	-0.001067
157	5	47	5	P90	11	-0.001373	-0.001373	0.000631	0.000631
157	5	47	5	P95	14	0.001731	0.001731	0.003689	0.003689
157	5	47	5	P99	56	-0.001223	-0.001223	0.000434	0.000434
157	5	47	5	P999	56	-0.001223	-0.001223	0.000434	0.000434
157	6	49	6	P1	1	-0.002349	-0.002349	0.000163	0.000163
157	6	49	6	P50	2	-0.001498	-0.001498	0.000245	0.000245
157	6	49	6	P75	4	-0.002972	-0.002972	-0.000756	-0.000756
157	6	49	6	P90	11	-0.000127	-0.000127	0.001879	0.001879
157	6	49	6	P95	14	0.001731	0.001731	0.003689	0.003689
157	6	49	6	P99	56	-0.001223	-0.001223	0.000434	0.000434
157	6	49	6	P999	56	-0.001223	-0.001223	0.000434	0.000434
157	7	51	7	P1	1	-0.002349	-0.002349	0.000163	0.000163
157	7	51	7	P50	2	-0.000253	-0.000253	0.001180	0.001180
157	7	51	7	P75	4	-0.002350	-0.002350	-0.000133	-0.000133
157	7	51	7	P90	12	-0.001147	-0.001147	0.000839	0.000839
157	7	51	7	P95	55	0.001841	0.001841	0.003507	0.003507
157	7	51	7	P99	56	0.002518	0.002518	0.000434	0.000434
157	7	51	7	P999	56	0.002518	0.002518	0.000434	0.000434
158	1	16	1	P1	1	0.002301	0.002301	0.003745	0.003745
158	1	16	1	P50	4	-0.002898	-0.003430	-0.001645	-0.002178
158	1	16	1	P75	4	-0.000766	-0.001299	0.000490	-0.000044
158	1	16	1	P90	5	-0.000848	-0.000848	0.000378	0.000378
158	1	16	1	P95	5	0.000398	0.000398	0.001625	0.001625
158	1	16	1	P99	5	0.000398	0.000398	0.001625	0.001625
158	1	16	1	P999	5	0.000398	0.000398	0.001625	0.001625
158	2	30	2	P1	1	0.002301	0.002301	0.003745	0.003745
158	2	30	2	P50	4	-0.002741	-0.002961	-0.001488	-0.001707
158	2	30	2	P75	4	-0.001205	-0.001205	0.000050	0.000050
158	2	30	2	P90	5	-0.001097	-0.001843	0.000129	-0.000619
158	2	30	2	P95	5	-0.000350	-0.000350	0.000877	0.000877
158	2	30	2	P99	5	0.000398	0.000398	0.001625	0.001625
158	2	30	2	P999	5	0.000398	0.000398	0.001625	0.001625
158	3	39	3	P1	1	0.002301	0.002301	0.003745	0.003745
158	3	39	3	P50	4	-0.002818	-0.002818	-0.001565	-0.001565
158	3	39	3	P75	4	-0.000952	-0.000952	0.000303	0.000303
158	3	39	3	P90	5	-0.001003	-0.001003	0.000222	0.000222
158	3	39	3	P95	5	-0.000069	-0.000069	0.001157	0.001157
158	3	39	3	P99	5	0.000398	0.000398	0.001625	0.001625
158	3	39	3	P999	5	0.000398	0.000398	0.001625	0.001625
158	4	48	4	P1	1	0.002301	0.002301	0.003745	0.003745
158	4	48	4	P50	4	-0.002839	-0.002977	-0.001586	-0.001724
158	4	48	4	P75	4	-0.001181	-0.001319	0.000075	-0.000064
158	4	48	4	P90	5	-0.001470	-0.001470	-0.000245	-0.000245
158	4	48	4	P95	5	-0.000536	-0.000536	0.000690	0.000690
158	4	48	4	P99	5	0.000398	0.000398	0.001625	0.001625
158	4	48	4	P999	5	0.000398	0.000398	0.001625	0.001625
158	5	57	5	P1	1	0.002301	0.002301	0.003745	0.003745
158	5	57	5	P50	4	-0.003253	-0.003253	-0.002000	-0.002000
158	5	57	5	P75	4	-0.001513	-0.001513	-0.000258	-0.000258
158	5	57	5	P90	5	-0.001937	-0.001937	-0.000712	-0.000712
158	5	57	5	P95	5	-0.000536	-0.000536	0.000690	0.000690
158	5	57	5	P99	5	0.000398	0.000398	0.001625	0.001625
158	5	57	5	P999	5	0.000398	0.000398	0.001625	0.001625
158	6	253	6	P1	1	-0.002229	-0.002229	0.000058	0.000058
158	6	253	6	P50	1	0.000146	0.000146	0.002437	0.002437
158	6	253	6	P75	1	0.001355	0.001355	0.003649	0.003649
158	6	253	6	P90	4	-0.003562	-0.003562	-0.001627	-0.001627
158	6	253	6	P95	4	-0.001947	-0.001947	-0.000009	-0.000009
158	6	253	6	P99	5	-0.001193	-0.001193	0.000690	0.000690
158	6	253	6	P999	5	-0.000259	-0.000259	0.001625	0.001625
158	7	262	7	P1	1	-0.002229	-0.002229	0.000058	0.000058
158	7	262	7	P50	1	0.000242	0.000223	0.002534	0.002514
158	7	262	7	P75	2	0.001871	0.001871	0.000868	0.000868
158	7	262	7	P90	4	-0.003547	-0.003547	-0.001611	-0.001611
158	7	262	7	P95	4	-0.002032	-0.002032	-0.000094	-0.000094
158	7	262	7	P99	5	-0.001193	-0.001193	0.000690	0.000690
158	7	262	7	P999	5	-0.000259	-0.000259	0.001625	0.001625
159	1	12	1	P1	1	-0.000945	-0.000945	0.001247	0.001247
159	1	12	1	P50	3	-0.001546	-0.002479	0.000349	-0.000586
159	1	12	1	P75	4	-0.002821	-0.003566	-0.001005	-0.001751
159	1	12	1	P90	4	-0.002075	-0.002075	-0.000258	-0.000258
159	1	12	1	P95	4	-0.001328	-0.001328	0.000490	0.000490
159	1	12	1	P99	4	-0.001328	-0.001328	0.000490	0.000490
159	1	12	1	P999	4	-0.001328	-0.001328	0.000490	0.000490
159	2	15	2	P1	1	-0.001567	-0.001567	0.000623	0.000623
159	2	15	2	P50	3	-0.003411	-0.003411	-0.001519	-0.001519
159	2	15	2	P75	4	-0.003566	-0.003566	-0.001751	-0.001751
159	2	15	2	P90	4	-0.002075	-0.002075	-0.000258	-0.000258
159	2	15	2	P95	4	-0.001328	-0.001328	0.000490	0.000490
159	2	15	2	P99	4	-0.001328	-0.001328	0.000490	0.000490
159	2	15	2	P999	4	-0.001328	-0.001328	0.000490	0.000490
159	3	24	3	P1	1	-0.001664	-0.001664	0.000623	0.000623
159	3	24	3	P50	4	-0.004603	-0.004889	-0.002669	-0.002956
159	3	24	3	P75	4	-0.002884	-0.003170	-0.000947	-0.001235
159	3	24	3	P90	4	-0.002023	-0.002023	-0.000085	-0.000085
159	3	24	3	P95	4	-0.001736	-0.001736	0.000202	0.000202
159	3	24	3	P99	4	-0.001449	-0.001449	0.000490	0.000490
159	3	24	3	P999	4	-0.001449	-0.001449	0.000490	0.000490
159	4	33	4	P1	1	-0.001664	-0.001664	0.000623	0.000623
159	4	33	4	P50	4	-0.004588	-0.004588	-0.002654	-0.002654
159	4	33	4	P75	4	-0.003020	-0.003020	-0.001083	-0.001083
159	4	33	4	P90	4	-0.002038	-0.002038	-0.000100	-0.000100
159	4	33	4	P95	4	-0.001645	-0.001645	0.000293	0.000293
159	4	33	4	P99	4	-0.001449	-0.001449	0.000490	0.000490
159	4	33	4	P999	4	-0.001449	-0.001449	0.000490	0.000490
159	5	43	5	P1	1	-0.001664	-0.001664	0.000623	0.000623
159	5	43	5	P50	4	-0.004245	-0.004245	-0.002311	-0.002311
159	5	43	5	P75	4	-0.002781	-0.002781	-0.000845	-0.000845
159	5	43	5	P90	4	-0.001982	-0.001982	-0.000044	-0.000044
159	5	43	5	P95	4	-0.001715	-0.001715	0.000223	0.000223
159	5	43	5	P99	4	-0.001449	-0.001449	0.000490	0.000490
159	5	43	5	P999	4	-0.001449	-0.001449	0.000490	0.000490
159	6	53	6	P1	1	-0.001664	-0.001664	0.000623	0.000623
159	6	53	6	P50	4	-0.004386	-0.004386	-0.002452	-0.002452
159	6	53	6	P75	4	-0.002919	-0.002919	-0.000982	-0.000982
159	6	53	6	P90	4	-0.002014	-0.002014	-0.000077	-0.000077
159	6	53	6	P95	4	-0.001675	-0.001675	0.000263	0.000263
159	6	53	6	P99	4	-0.001449	-0.001449	0.000490	0.000490
159	6	53	6	P999	4	-0.001449	-0.001449	0.000490	0.000490
159	7	232	7	P1	1	-0.002226	-0.002226	0.000061	0.000061
159	7	232	7	P50	1	0.000076	0.000055	0.002367	0.002347
159	7	232	7	P75	1	0.001249	0.001228	0.003542	0.003522
159	7	232	7	P90	4	-0.004048	-0.004048	-0.002113	-0.002113
159	7	232	7	P95	4	-0.002693	-0.002693	-0.000756	-0.000756
159	7	232	7	P99	4	-0.001675	-0.001675	0.000263	0.000263
159	7	232	7	P999	4	-0.001449	-0.001449	0.000490	0.000490
160	1	19	1	P1	3	-0.001360	-0.001360	-0.002762	-0.002762
160	1	19	1	P50	4	-0.002500	-0.002500	-0.002000	-0.002000
160	1	19	1	P75	4	0.000382	0.000382	-0.000445	-0.000445
160	1	19	1	P90	4	0.001986	0.001986	0.000490	0.000490
160	1	19	1	P95	5	-0.000552	-0.000552	0.001625	0.001625
160	1	19	1	P99	5	-0.000552	-0.000552	0.001625	0.001625
160	1	19	1	P999	5	-0.000552	-0.000552	0.001625	0.001625
160	2	30	2	P1	1	-0.001947	-0.001947	0.000340	0.000340
160	2	30	2	P50	3	0.001453	0.000830	-0.000274	-0.000897
160	2	30	2	P75	4	-0.000915	-0.000915	-0.001378	-0.001378
160	2	30	2	P90	4	0.001756	0.001222	0.000178	-0.000133
160	2	30	2	P95	4	0.002292	0.002292	0.000490	0.000490
160	2	30	2	P99	5	-0.000259	-0.000259	0.001625	0.001625
160	2	30	2	P999	5	-0.000259	-0.000259	0.001625	0.001625
160	3	44	3	P1	1	-0.002137	-0.002137	0.000150	0.000150
160	3	44	3	P50	1	0.001151	0.001002	0.003445	0.003295
160	3	44	3	P75	4	-0.002941	-0.003686	-0.002311	-0.002622
160	3	44	3	P90	4	0.000687	0.000687	-0.000445	-0.000445
160	3	44	3	P95	4	0.001756	0.001756	0.000178	0.000178
160	3	44	3	P99	5	-0.000259	-0.000259	0.001625	0.001625
160	3	44	3	P999	5	-0.000259	-0.000259	0.001625	0.001625
160	4	49	4	P1	1	-0.002815	-0.002815	0.000150	0.000150
160	4	49	4	P50	1	0.000771	0.000771	0.003745	0.003745
160	4	49	4	P75	4	-0.001757	-0.001757	-0.001378	-0.001378
160	4	49	4	P90	11	-0.002636	-0.002636	0.000008	0.000008
160	4	49	4	P95	12	0.000072	0.000072	-0.001030	-0.001030
160	4	49	4	P99	13	0.000407	0.000407	0.003036	0.003036
160	4	49	4	P999	13	0.000407	0.000407	0.003036	0.003036
160	5	54	5	P1	1	-0.003494	-0.003494	0.000150	0.000150
160	5	54	5	P50	3	-0.001415	-0.002036	-0.001519	-0.002141
160	5	54	5	P75	4	-0.000469	-0.000469	-0.000133	-0.000133
160	5	54	5	P90	13	-0.000580	-0.000580	0.003036	0.003036
160	5	54	5	P95	57	-0.000295	-0.000295	-0.000444	-0.000444
160	5	54	5	P99	59	0.000730	0.000730	0.000580	0.000580
160	5	54	5	P999	59	0.000730	0.000730	0.000580	0.000580
160	6	59	6	P1	1	-0.003519	-0.003519	0.000125	0.000125
160	6	59	6	P50	1	0.000088	0.000088	0.003745	0.003745
160	6	59	6	P75	4	-0.001003	-0.001003	-0.000445	-0.000445
160	6	59	6	P90	13	-0.000580	-0.000580	0.003036	0.003036
160	6	59	6	P95	57	-0.000295	-0.000295	-0.000444	-0.000444
160	6	59	6	P99	59	0.000730	0.000730	0.000580	0.000580
160	6	59	6	P999	59	0.000730	0.000730	0.000580	0.000580
160	7	70	7	P1	1	-0.003553	-0.003553	0.000091	0.000091
160	7	70	7	P50	1	-0.000368	-0.000459	0.003288	0.003196
160	7	70	7	P75	4	-0.002602	-0.002602	-0.001378	-0.001378
160	7	70	7	P90	12	0.000965	-0.000904	0.000839	-0.001030
160	7	70	7	P95	55	-0.000088	-0.000088	0.003507	0.003507
160	7	70	7	P99	59	0.000730	0.000730	0.000580	0.000580
160	7	70	7	P999	59	0.000730	0.000730	0.000580	0.000580
161	1	13	1	P1	1	-0.002502	-0.002502	0.000467	0.000467
161	1	13	1	P50	1	0.000299	0.000299	0.003276	0.003276
161	1	13	1	P75	2	-0.003005	-0.003005	-0.000129	-0.000129
161	1	13	1	P90	2	-0.001513	-0.001513	0.001367	0.001367
161	1	13	1	P95	2	-0.000766	-0.000766	0.002116	0.002116
161	1	13	1	P99	2	-0.000766	-0.000766	0.002116	0.002116
161	1	13	1	P999	2	-0.000766	-0.000766	0.002116	0.002116
161	2	25	2	P1	1	-0.001820	-0.001820	0.000467	0.000467
161	2	25	2	P50	2	-0.000000	-0.000000	0.002116	0.002116
161	2	25	2	P75	4	-0.003314	-0.003314	-0.001378	-0.001378
161	2	25	2	P90	4	-0.001822	-0.001822	0.000116	0.000116
161	2	25	2	P95	4	-0.001449	-0.001449	0.000490	0.000490
161	2	25	2	P99	5	-0.000259	-0.000259	0.001625	0.001625
161	2	25	2	P999	5	-0.000259	-0.000259	0.001625	0.001625
161	3	35	3	P1	1	-0.002079	-0.002079	0.000208	0.000208
161	3	35	3	P50	1	0.001451	0.001451	0.003745	0.003745
161	3	35	3	P75	4	-0.004059	-0.004059	-0.002124	-0.002124
161	3	35	3	P90	4	-0.002195	-0.002195	-0.000258	-0.000258
161	3	35	3	P95	4	-0.001449	-0.001449	0.000490	0.000490
161	3	35	3	P99	5	-0.000259	-0.000259	0.001625	0.001625
161	3	35	3	P999	5	-0.000259	-0.000259	0.001625	0.001625
161	4	37	4	P1	1	-0.003236	-0.003236	0.000208	0.000208
161	4	37	4	P50	2	-0.004282	-0.004282	-0.000876	-0.000876
161	4	37	4	P75	4	-0.005119	-0.005119	-0.001751	-0.001751
161	4	37	4	P90	4	-0.002885	-0.002885	0.000490	0.000490
161	4	37	4	P95	11	0.002289	0.002289	0.001879	0.001879
161	4	37	4	P99	13	-0.000289	-0.000289	0.003036	0.003036
161	4	37	4	P999	13	-0.000289	-0.000289	0.003036	0.003036
161	5	39	5	P1	1	-0.003150	-0.003150	0.000208	0.000208
161	5	39	5	P50	2	-0.003441	-0.003441	-0.000129	-0.000129
161	5	39	5	P75	4	-0.004269	-0.004269	-0.001005	-0.001005
161	5	39	5	P90	11	0.002412	0.002412	0.001879	0.001879
161	5	39	5	P95	55	0.000400	0.000400	0.003507	0.003507
161	5	39	5	P99	58	-0.000375	-0.000375	0.002726	0.002726
161	5	39	5	P999	58	-0.000375	-0.000375	0.002726	0.002726
161	6	41	6	P1	1	-0.003161	-0.003161	0.000197	0.000197
161	6	41	6	P50	2	-0.003689	-0.003689	-0.000378	-0.000378
161	6	41	6	P75	4	-0.004641	-0.004641	-0.001378	-0.001378
161	6	41	6	P90	5	-0.001632	-0.001632	0.001625	0.001625
161	6	41	6	P95	13	-0.000164	-0.000164	0.003036	0.003036
161	6	41	6	P99	58	-0.000375	-0.000375	0.002726	0.002726
161	6	41	6	P999	58	-0.000375	-0.000375	0.002726	0.002726
161	7	53	7	P1	1	-0.003161	-0.003161	0.000197	0.000197
161	7	53	7	P50	3	0.001732	0.001732	-0.001892	-0.001892
161	7	53	7	P75	4	-0.002779	-0.002779	-0.001049	-0.001049
161	7	53	7	P90	5	-0.001632	-0.001632	-0.000245	-0.000245
161	7	53	7	P95	13	-0.000164	-0.000164	0.003036	0.003036
161	7	53	7	P99	58	-0.000375	-0.000375	0.002726	0.002726
161	7	53	7	P999	58	-0.000375	-0.000375	0.002726	0.002726
162	1	55	1	P1	1	-0.003366	-0.003366	0.000078	0.000078
162	1	55	1	P50	1	-0.001268	-0.001268	0.002183	0.002183
162	1	55	1	P75	1	-0.000178	-0.000178	0.003276	0.003276
162	1	55	1	P90	2	0.001193	0.001193	0.000868	0.000868
162	1	55	1	P95	12	-0.000616	-0.000616	-0.001030	-0.001030
162	1	55	1	P99	13	-0.000289	-0.000289	0.003036	0.003036
162	1	55	1	P999	13	-0.000289	-0.000289	0.003036	0.003036
162	2	57	2	P1	1	-0.003369	-0.003369	0.000075	0.000075
162	2	57	2	P50	1	-0.001280	-0.001280	0.002170	0.002170
162	2	57	2	P75	1	-0.000234	-0.000234	0.003220	0.003220
162	2	57	2	P90	2	0.001193	0.001193	0.000868	0.000868
162	2	57	2	P95	12	-0.000616	-0.000616	-0.001030	-0.001030
162	2	57	2	P99	13	-0.000289	-0.000289	0.003036	0.003036
162	2	57	2	P999	13	-0.000289	-0.000289	0.003036	0.003036
162	3	61	3	P1	1	-0.002495	-0.002495	0.000075	0.000075
162	3	61	3	P50	1	-0.000254	-0.000254	0.002320	0.002320
162	3	61	3	P75	1	0.000868	0.000868	0.003445	0.003445
162	3	61	3	P90	12	0.000639	0.000639	-0.001030	-0.001030
162	3	61	3	P95	52	0.001751	0.001751	0.003527	0.003527
162	3	61	3	P99	59	-0.001166	-0.001166	0.000580	0.000580
162	3	61	3	P999	59	-0.001166	-0.001166	0.000580	0.000580
162	4	65	4	P1	1	-0.002500	-0.002500	0.000069	0.000069
162	4	65	4	P50	1	-0.000288	-0.000288	0.002287	0.002287
162	4	65	4	P75	1	0.000820	0.000820	0.003398	0.003398
162	4	65	4	P90	12	0.000639	0.000639	-0.001030	-0.001030
162	4	65	4	P95	52	0.001751	0.001751	0.003527	0.003527
162	4	65	4	P99	59	-0.001166	-0.001166	0.000580	0.000580
162	4	65	4	P999	59	-0.001166	-0.001166	0.000580	0.000580
162	5	77	5	P1	1	-0.002500	-0.002500	0.000069	0.000069
162	5	77	5	P50	1	0.000128	0.000128	0.002703	0.002703
162	5	77	5	P75	3	-0.001066	-0.001066	-0.002452	-0.002452
162	5	77	5	P90	10	0.001634	0.001634	0.003745	0.003745
162	5	77	5	P95	52	0.001751	0.001751	0.003527	0.003527
162	5	77	5	P99	59	-0.001166	-0.001166	0.000580	0.000580
162	5	77	5	P999	59	-0.001166	-0.001166	0.000580	0.000580
162	6	82	6	P1	1	-0.002506	-0.002506	0.000063	0.000063
162	6	82	6	P50	1	0.000089	0.000026	0.002664	0.002601
162	6	82	6	P75	2	0.003427	0.003427	0.002116	0.002116
162	6	82	6	P90	4	-0.001800	-0.001800	0.000490	0.000490
162	6	82	6	P95	13	0.000979	0.000979	0.003036	0.003036
162	6	82	6	P99	59	-0.001166	-0.001166	0.000580	0.000580
162	6	82	6	P999	59	-0.001166	-0.001166	0.000580	0.000580
162	7	198	7	P1	1	-0.002527	-0.002527	0.000043	0.000043
162	7	198	7	P50	1	-0.000436	-0.000457	0.002138	0.002117
162	7	198	7	P75	1	0.000611	0.000611	0.003188	0.003188
162	7	198	7	P90	3	-0.001066	-0.001066	-0.002452	-0.002452
162	7	198	7	P95	4	-0.002266	-0.002266	0.000023	0.000023
162	7	198	7	P99	56	0.002419	0.002419	0.000434	0.000434
162	7	198	7	P999	59	-0.001166	-0.001166	0.000580	0.000580
163	1	37	1	P1	1	-0.002625	-0.002625	0.000340	0.000340
163	1	37	1	P50	11	-0.003926	-0.003926	-0.001285	-0.001285
163	1	37	1	P75	11	-0.001344	-0.001344	0.001303	0.001303
163	1	37	1	P90	12	0.001195	0.001195	0.000091	0.000091
163	1	37	1	P95	13	-0.001462	-0.001462	0.001163	0.001163
163	1	37	1	P99	13	0.000407	0.000407	0.003036	0.003036
163	1	37	1	P999	13	0.000407	0.000407	0.003036	0.003036
163	2	56	2	P1	1	-0.003305	-0.003305	0.000340	0.000340
163	2	56	2	P50	11	-0.002022	-0.002309	0.001591	0.001303
163	2	56	2	P75	54	0.002065	0.000817	0.001916	0.000668
163	2	56	2	P90	57	-0.001229	-0.001229	-0.001378	-0.001378
163	2	56	2	P95	57	0.001575	0.001575	0.001426	0.001426
163	2	56	2	P99	58	0.002877	0.002877	0.002726	0.002726
163	2	56	2	P999	58	0.002877	0.002877	0.002726	0.002726
163	3	60	3	P1	1	-0.003395	-0.003395	0.000249	0.000249
163	3	60	3	P50	11	-0.002596	-0.002883	0.001015	0.000727
163	3	60	3	P75	54	0.000817	-0.015263	0.000668	-0.015410
163	3	60	3	P90	57	-0.001229	-0.016970	-0.001378	-0.017117
163	3	60	3	P95	57	0.001575	0.000640	0.001426	0.000490
163	3	60	3	P99	58	0.002877	0.002877	0.002726	0.002726
163	3	60	3	P999	58	0.002877	0.002877	0.002726	0.002726
163	4	78	4	P1	1	-0.003531	-0.003531	0.000113	0.000113
163	4	78	4	P50	11	-0.005174	-0.090797	-0.001572	-0.087505
163	4	78	4	P75	13	-0.000580	-0.000580	0.003036	0.003036
163	4	78	4	P90	56	-0.001285	-0.001285	-0.001434	-0.001434
163	4	78	4	P95	57	0.000640	0.000640	0.000490	0.000490
163	4	78	4	P99	58	0.002877	0.002877	0.002726	0.002726
163	4	78	4	P999	58	0.002877	0.002877	0.002726	0.002726
163	5	83	5	P1	1	-0.003543	-0.003543	0.000101	0.000101
163	5	83	5	P50	2	0.002215	0.002215	0.002116	0.002116
163	5	83	5	P75	13	-0.002446	-0.002446	0.001163	0.001163
163	5	83	5	P90	55	-0.000088	-0.000088	0.003507	0.003507
163	5	83	5	P95	57	-0.000295	-0.000295	-0.000444	-0.000444
163	5	83	5	P99	58	0.002877	0.002877	0.002726	0.002726
163	5	83	5	P999	58	0.002877	0.002877	0.002726	0.002726
163	6	100	6	P1	1	-0.003503	-0.003573	0.000141	0.000071
163	6	100	6	P50	1	-0.000053	-0.000124	0.003603	0.003533
163	6	100	6	P75	12	-0.001277	-0.002024	-0.001403	-0.002149
163	6	100	6	P90	55	-0.001022	-0.001955	0.002570	0.001633
163	6	100	6	P95	57	-0.000295	-0.001229	-0.000444	-0.001378
163	6	100	6	P99	58	0.002877	0.001004	0.002726	0.000854
163	6	100	6	P999	58	0.002877	0.002877	0.002726	0.002726
163	7	109	7	P1	1	-0.003503	-0.003503	0.000141	0.000141
163	7	109	7	P50	2	-0.000280	-0.000280	-0.000378	-0.000378
163	7	109	7	P75	11	-0.002022	-0.002022	0.001591	0.001591
163	7	109	7	P90	55	-0.001955	-0.001955	0.001633	0.001633
163	7	109	7	P95	57	-0.001229	-0.001229	-0.001378	-0.001378
163	7	109	7	P99	58	0.001004	0.001004	0.000854	0.000854
163	7	109	7	P999	58	0.002877	0.002877	0.002726	0.002726
164	1	306	0	P1	1	-0.003682	-0.003682	0.000049	0.000049
164	1	306	0	P50	1	-0.001843	-0.001855	0.001895	0.001883
164	1	306	0	P75	1	-0.000909	-0.000909	0.002832	0.002832
164	1	306	0	P90	1	-0.000344	-0.000344	0.003399	0.003399
164	1	306	0	P95	1	-0.000160	-0.000160	0.003585	0.003585
164	1	306	0	P99	1	-0.000012	-0.000012	0.003733	0.003733
164	1	306	0	P999	2	0.002116	0.002116	0.002116	0.002116
164	2	313	1	P1	1	-0.002494	-0.002494	0.000049	0.000049
164	2	313	1	P50	1	-0.000615	-0.000615	0.001932	0.001932
164	2	313	1	P75	1	0.000344	0.000344	0.002894	0.002894
164	2	313	1	P90	1	0.000922	0.000922	0.003473	0.003473
164	2	313	1	P95	1	0.001119	0.001119	0.003671	0.003671
164	2	313	1	P99	12	-0.002125	-0.002125	-0.000096	-0.000096
164	2	313	1	P999	16	-0.000991	-0.000991	0.000980	0.000980
164	3	317	2	P1	1	-0.002494	-0.002494	0.000049	0.000049
164	3	317	2	P50	1	-0.000616	-0.000616	0.001932	0.001932
164	3	317	2	P75	1	0.000343	0.000343	0.002893	0.002893
164	3	317	2	P90	1	0.000926	0.000926	0.003477	0.003477
164	3	317	2	P95	1	0.001120	0.001120	0.003672	0.003672
164	3	317	2	P99	12	-0.002125	-0.002125	-0.000096	-0.000096
164	3	317	2	P999	16	-0.000991	-0.000991	0.000980	0.000980
164	4	324	3	P1	1	-0.003595	-0.003595	0.000049	0.000049
164	4	324	3	P50	1	-0.001670	-0.001683	0.001980	0.001968
164	4	324	3	P75	1	-0.000689	-0.000701	0.002966	0.002953
164	4	324	3	P90	1	-0.000106	-0.000106	0.003550	0.003550
164	4	324	3	P95	1	0.000088	0.000088	0.003745	0.003745
164	4	324	3	P99	57	-0.000295	-0.000295	-0.000444	-0.000444
164	4	324	3	P999	58	0.002877	0.002877	0.002726	0.002726
164	5	331	4	P1	1	-0.003596	-0.003596	0.000048	0.000048
164	5	331	4	P50	1	-0.001673	-0.001673	0.001978	0.001978
164	5	331	4	P75	1	-0.000686	-0.000686	0.002969	0.002969
164	5	331	4	P90	1	-0.000103	-0.000103	0.003554	0.003554
164	5	331	4	P95	2	-0.000280	-0.000280	-0.000378	-0.000378
164	5	331	4	P99	57	-0.000295	-0.000295	-0.000444	-0.000444
164	5	331	4	P999	58	0.002877	0.002877	0.002726	0.002726
164	6	338	5	P1	1	-0.003596	-0.003596	0.000048	0.000048
164	6	338	5	P50	1	-0.001625	-0.001637	0.002026	0.002014
164	6	338	5	P75	1	-0.000626	-0.000626	0.003028	0.003028
164	6	338	5	P90	1	-0.000019	-0.000019	0.003637	0.003637
164	6	338	5	P95	4	-0.000469	-0.000469	-0.000578	-0.000578
164	6	338	5	P99	57	-0.000295	-0.000295	-0.000444	-0.000444
164	6	338	5	P999	58	0.002877	0.002877	0.002726	0.002726
164	7	393	6	P1	1	-0.003603	-0.003603	0.000041	0.000041
164	7	393	6	P50	1	-0.001653	-0.001653	0.001998	0.001998
164	7	393	6	P75	1	-0.000661	-0.000661	0.002993	0.002993
164	7	393	6	P90	1	-0.000064	-0.000064	0.003592	0.003592
164	7	393	6	P95	4	-0.002069	-0.002069	-0.002178	-0.002178
164	7	393	6	P99	57	-0.000295	-0.000295	-0.000444	-0.000444
164	7	393	6	P999	58	0.002877	0.002877	0.002726	0.002726
165	1	19	1	P1	1	-0.001088	-0.001088	0.000935	0.000935
165	1	19	1	P50	11	-0.002903	-0.002903	-0.000926	-0.000926
165	1	19	1	P75	12	0.002601	0.002601	0.000839	0.000839
165	1	19	1	P90	13	0.000120	0.000120	0.002099	0.002099
165	1	19	1	P95	13	0.001055	0.001055	0.003036	0.003036
165	1	19	1	P99	13	0.001055	0.001055	0.003036	0.003036
165	1	19	1	P999	13	0.001055	0.001055	0.003036	0.003036
165	2	29	2	P1	1	-0.000629	-0.000629	0.000935	0.000935
165	2	29	2	P50	12	0.003288	0.003288	0.000839	0.000839
165	2	29	2	P75	52	0.002390	0.002390	0.003527	0.003527
165	2	29	2	P90	55	0.002376	0.002376	0.003507	0.003507
165	2	29	2	P95	58	0.001601	0.001601	0.002726	0.002726
165	2	29	2	P99	63	0.001153	0.001153	0.002269	0.002269
165	2	29	2	P999	63	0.001153	0.001153	0.002269	0.002269
165	3	39	3	P1	1	-0.002118	-0.002118	0.000415	0.000415
165	3	39	3	P50	11	-0.002957	-0.002957	-0.000926	-0.000926
165	3	39	3	P75	51	-0.001202	-0.001202	0.000511	0.000511
165	3	39	3	P90	55	0.000557	0.000557	0.002257	0.002257
165	3	39	3	P95	58	0.001036	0.001036	0.002726	0.002726
165	3	39	3	P99	63	0.000597	0.000597	0.002269	0.002269
165	3	39	3	P999	63	0.000597	0.000597	0.002269	0.002269
165	4	46	4	P1	1	-0.002118	-0.002118	0.000415	0.000415
165	4	46	4	P50	4	0.000487	-0.000261	-0.001005	-0.001751
165	4	46	4	P75	13	0.000097	0.000097	0.002099	0.002099
165	4	46	4	P90	55	-0.000689	-0.000689	0.001009	0.001009
165	4	46	4	P95	55	0.001805	0.001805	0.003507	0.003507
165	4	46	4	P99	63	0.000597	0.000597	0.002269	0.002269
165	4	46	4	P999	63	0.000597	0.000597	0.002269	0.002269
165	5	80	5	P1	1	-0.002446	-0.002446	0.000087	0.000087
165	5	80	5	P50	1	0.001030	0.000942	0.003570	0.003483
165	5	80	5	P75	11	-0.002957	-0.635642	-0.000926	-0.636185
165	5	80	5	P90	52	0.001813	-0.000058	0.003527	0.001653
165	5	80	5	P95	55	0.000557	-0.000689	0.002257	0.001009
165	5	80	5	P99	63	0.000597	0.000597	0.002269	0.002269
165	5	80	5	P999	63	0.000597	0.000597	0.002269	0.002269
165	6	87	6	P1	1	-0.002446	-0.002446	0.000087	0.000087
165	6	87	6	P50	2	-0.003262	-0.003262	-0.001249	-0.001249
165	6	87	6	P75	11	-0.000691	-0.000691	0.001344	0.001344
165	6	87	6	P90	52	-0.000058	-0.000058	0.001653	0.001653
165	6	87	6	P95	55	-0.000689	-0.000689	0.001009	0.001009
165	6	87	6	P99	63	0.000597	0.000597	0.002269	0.002269
165	6	87	6	P999	63	0.000597	0.000597	0.002269	0.002269
165	7	94	7	P1	1	-0.002453	-0.002453	0.000080	0.000080
165	7	94	7	P50	2	-0.003262	-0.499398	-0.001336	-0.498128
165	7	94	7	P75	11	-0.001758	-0.001758	0.000275	0.000275
165	7	94	7	P90	51	-0.001202	-0.001202	0.000511	0.000511
165	7	94	7	P95	55	-0.000689	-0.000689	0.001009	0.001009
165	7	94	7	P99	63	0.000597	0.000597	0.002269	0.002269
165	7	94	7	P999	63	0.000597	0.000597	0.002269	0.002269
166	1	12	1	P1	1	-0.000563	-0.000563	0.000748	0.000748
166	1	12	1	P50	51	-0.000176	-0.960748	0.000511	-0.960701
166	1	12	1	P75	55	-0.002778	-0.033970	0.001633	-0.033311
166	1	12	1	P90	55	-0.000912	-0.000912	0.003507	0.003507
166	1	12	1	P95	72	0.002672	0.002672	0.003307	0.003307
166	1	12	1	P99	72	0.002672	0.002672	0.003307	0.003307
166	1	12	1	P999	72	0.002672	0.002672	0.003307	0.003307
166	2	19	2	P1	1	-0.000563	-0.000563	0.000748	0.000748
166	2	19	2	P50	4	-0.003400	-0.003400	-0.002311	-0.002311
166	2	19	2	P75	52	-0.000901	-0.000901	0.003527	0.003527
166	2	19	2	P90	55	-0.000912	-0.000912	0.003507	0.003507
166	2	19	2	P95	72	0.002672	0.002672	0.003307	0.003307
166	2	19	2	P99	72	0.002672	0.002672	0.003307	0.003307
166	2	19	2	P999	72	0.002672	0.002672	0.003307	0.003307
166	3	66	3	P1	1	-0.003564	-0.003564	0.000072	0.000072
166	3	66	3	P50	1	-0.000946	-0.001025	0.002447	0.002375
166	3	66	3	P75	1	0.002333	0.002333	0.003601	0.003601
166	3	66	3	P90	4	0.000599	0.000599	0.000490	0.000490
166	3	66	3	P95	53	0.003317	0.003317	0.003168	0.003168
166	3	66	3	P99	72	0.003461	0.003461	0.003307	0.003307
166	3	66	3	P999	72	0.003461	0.003461	0.003307	0.003307
166	4	75	4	P1	1	-0.003564	-0.003564	0.000072	0.000072
166	4	75	4	P50	1	-0.000628	-0.000628	0.002735	0.002735
166	4	75	4	P75	4	-0.002202	-0.002202	-0.002311	-0.002311
166	4	75	4	P90	12	0.000965	0.000965	0.000839	0.000839
166	4	75	4	P95	53	0.003317	0.003317	0.003168	0.003168
166	4	75	4	P99	72	0.003461	0.003461	0.003307	0.003307
166	4	75	4	P999	72	0.003461	0.003461	0.003307	0.003307
166	5	83	5	P1	1	-0.003572	-0.003572	0.000066	0.000066
166	5	83	5	P50	1	-0.000631	-0.000631	0.002758	0.002758
166	5	83	5	P75	3	-0.000792	-0.000792	-0.000897	-0.000897
166	5	83	5	P90	12	0.000030	0.000030	-0.000096	-0.000096
166	5	83	5	P95	52	-0.000069	-0.000069	0.003527	0.003527
166	5	83	5	P99	72	0.003461	0.003461	0.003307	0.003307
166	5	83	5	P999	72	0.003461	0.003461	0.003307	0.003307
166	6	92	6	P1	1	-0.002806	-0.002806	0.000066	0.000066
166	6	92	6	P50	1	0.000497	0.000425	0.003087	0.003021
166	6	92	6	P75	11	0.000598	-0.086410	-0.000615	-0.087505
166	6	92	6	P90	54	-0.000997	-0.000997	0.001292	0.001292
166	6	92	6	P95	55	0.001216	0.001216	0.003507	0.003507
166	6	92	6	P99	72	0.004806	0.004806	0.003307	0.003307
166	6	92	6	P999	72	0.004806	0.004806	0.003307	0.003307
166	7	101	7	P1	1	-0.002754	-0.002754	0.000115	0.000115
166	7	101	7	P50	1	0.000295	0.000295	0.002937	0.002937
166	7	101	7	P75	4	0.000618	0.000618	-0.000445	-0.000445
166	7	101	7	P90	53	0.004620	0.004620	0.003168	0.003168
166	7	101	7	P95	55	0.000281	0.000281	0.002570	0.002570
166	7	101	7	P99	64	-0.000794	-0.000794	0.001471	0.001471
166	7	101	7	P999	72	0.004806	0.004806	0.003307	0.003307
167	1	57	1	P1	1	-0.002108	-0.002108	0.000081	0.000081
167	1	57	1	P50	1	0.000166	0.000166	0.002359	0.002359
167	1	57	1	P75	1	0.001304	0.001304	0.003500	0.003500
167	1	57	1	P90	4	-0.002986	-0.002986	-0.001171	-0.001171
167	1	57	1	P95	4	-0.001743	-0.001743	0.000075	0.000075
167	1	57	1	P99	5	-0.000134	-0.000134	0.001625	0.001625
167	1	57	1	P999	5	-0.000134	-0.000134	0.001625	0.001625
167	2	65	2	P1	1	-0.002462	-0.002462	0.000081	0.000081
167	2	65	2	P50	1	0.000136	0.000136	0.002685	0.002685
167	2	65	2	P75	4	-0.004666	-0.004666	-0.002415	-0.002415
167	2	65	2	P90	11	-0.001417	-0.001417	0.000631	0.000631
167	2	65	2	P95	12	-0.002436	-0.002436	-0.000407	-0.000407
167	2	65	2	P99	14	0.001685	0.001685	0.003689	0.003689
167	2	65	2	P999	14	0.001685	0.001685	0.003689	0.003689
167	3	72	3	P1	1	-0.002467	-0.002467	0.000076	0.000076
167	3	72	3	P50	1	0.000277	0.000201	0.002827	0.002750
167	3	72	3	P75	4	-0.005079	-0.251476	-0.002829	-0.249738
167	3	72	3	P90	11	-0.002661	-0.002661	-0.000615	-0.000615
167	3	72	3	P95	12	-0.002436	-0.002436	-0.000407	-0.000407
167	3	72	3	P99	14	0.001685	0.001685	0.003689	0.003689
167	3	72	3	P999	14	0.001685	0.001685	0.003689	0.003689
167	4	80	4	P1	1	-0.002435	-0.002435	0.000076	0.000076
167	4	80	4	P50	1	0.000614	0.000538	0.003133	0.003056
167	4	80	4	P75	4	-0.002557	-0.002972	-0.000341	-0.000756
167	4	80	4	P90	52	0.001849	-0.730303	0.003527	-0.729776
167	4	80	4	P95	54	0.001496	-0.017052	0.003165	-0.015410
167	4	80	4	P99	56	-0.001223	-0.001223	0.000434	0.000434
167	4	80	4	P999	56	-0.001223	-0.001223	0.000434	0.000434
167	5	86	5	P1	1	-0.002441	-0.002441	0.000071	0.000071
167	5	86	5	P50	1	0.000589	0.000519	0.003108	0.003037
167	5	86	5	P75	4	-0.003386	-0.003386	-0.001171	-0.001171
167	5	86	5	P90	14	0.001731	0.001731	0.003689	0.003689
167	5	86	5	P95	53	0.001494	0.001494	0.003168	0.003168
167	5	86	5	P99	56	-0.001223	-0.001223	0.000434	0.000434
167	5	86	5	P999	56	-0.001223	-0.001223	0.000434	0.000434
167	6	98	6	P1	1	-0.002441	-0.002441	0.000071	0.000071
167	6	98	6	P50	1	0.001013	0.000942	0.003533	0.003462
167	6	98	6	P75	4	-0.000899	-0.000899	-0.000963	-0.000963
167	6	98	6	P90	13	0.001063	0.001063	0.003036	0.003036
167	6	98	6	P95	53	0.001494	0.001494	0.003168	0.003168
167	6	98	6	P99	56	-0.001223	-0.001223	0.000434	0.000434
167	6	98	6	P999	56	-0.001223	-0.001223	0.000434	0.000434
167	7	102	7	P1	1	-0.002381	-0.002381	0.000131	0.000131
167	7	102	7	P50	1	0.000897	0.000831	0.003416	0.003350
167	7	102	7	P75	4	-0.001314	-0.001314	-0.001171	-0.001171
167	7	102	7	P90	12	-0.001147	-0.001147	0.000839	0.000839
167	7	102	7	P95	53	0.000247	0.000247	0.001918	0.001918
167	7	102	7	P99	56	-0.003089	-0.003089	-0.001434	-0.001434
167	7	102	7	P999	56	-0.001223	-0.001223	0.000434	0.000434
168	1	330	0	P1	1	-0.003686	-0.003686	0.000045	0.000045
168	1	330	0	P50	1	-0.001856	-0.001867	0.001882	0.001871
168	1	330	0	P75	1	-0.000928	-0.000928	0.002813	0.002813
168	1	330	0	P90	1	-0.000362	-0.000374	0.003381	0.003370
168	1	330	0	P95	1	-0.000181	-0.000181	0.003563	0.003563
168	1	330	0	P99	1	-0.000034	-0.000034	0.003711	0.003711
168	1	330	0	P999	1	-0.000000	-0.000000	0.003745	0.003745
168	2	350	1	P1	1	-0.002919	-0.002919	0.000045	0.000045
168	2	350	1	P50	1	-0.000974	-0.000985	0.001996	0.001984
168	2	350	1	P75	1	0.000011	0.000011	0.002983	0.002983
168	2	350	1	P90	1	0.000612	0.000601	0.003586	0.003574
168	2	350	1	P95	10	-0.000417	-0.000417	0.002245	0.002245
168	2	350	1	P99	12	0.000072	0.000072	-0.001030	-0.001030
168	2	350	1	P999	13	0.000407	0.000407	0.003036	0.003036
168	3	352	2	P1	1	-0.003312	-0.003312	0.000045	0.000045
168	3	352	2	P50	1	-0.001357	-0.001368	0.002007	0.001996
168	3	352	2	P75	1	-0.000361	-0.000372	0.003006	0.002995
168	3	352	2	P90	1	0.000228	0.000228	0.003597	0.003597
168	3	352	2	P95	10	0.000526	0.000526	0.003745	0.003745
168	3	352	2	P99	13	-0.002031	-0.002031	0.001163	0.001163
168	3	352	2	P999	58	-0.000375	-0.000375	0.002726	0.002726
168	4	354	3	P1	1	-0.003312	-0.003312	0.000045	0.000045
168	4	354	3	P50	1	-0.001346	-0.001357	0.002018	0.002007
168	4	354	3	P75	1	-0.000350	-0.000350	0.003018	0.003018
168	4	354	3	P90	1	0.000251	0.000251	0.003620	0.003620
168	4	354	3	P95	11	-0.004378	-0.004378	-0.001181	-0.001181
168	4	354	3	P99	18	0.003381	0.003381	0.002815	0.002815
168	4	354	3	P999	58	-0.000375	-0.000375	0.002726	0.002726
168	5	360	4	P1	1	-0.003313	-0.003313	0.000045	0.000045
168	5	360	4	P50	1	-0.001342	-0.001353	0.002022	0.002010
168	5	360	4	P75	1	-0.000339	-0.000350	0.003028	0.003017
168	5	360	4	P90	1	0.000264	0.000253	0.003633	0.003622
168	5	360	4	P95	11	-0.004378	-0.004717	-0.001181	-0.001520
168	5	360	4	P99	18	0.003381	0.003381	0.002815	0.002815
168	5	360	4	P999	58	-0.000375	-0.000375	0.002726	0.002726
168	6	380	5	P1	1	-0.003313	-0.003313	0.000045	0.000045
168	6	380	5	P50	1	-0.001231	-0.001242	0.002133	0.002122
168	6	380	5	P75	1	-0.000171	-0.000183	0.003196	0.003185
168	6	380	5	P90	11	-0.004378	-0.004717	-0.001181	-0.001520
168	6	380	5	P95	52	0.000416	-0.000830	0.003527	0.002278
168	6	380	5	P99	57	0.002066	0.002066	0.001426	0.001426
168	6	380	5	P999	105	0.000482	0.000482	0.003548	0.003548
168	7	388	6	P1	1	-0.003314	-0.003314	0.000044	0.000044
168	7	388	6	P50	1	-0.001237	-0.001248	0.002127	0.002116
168	7	388	6	P75	1	-0.000180	-0.000191	0.003187	0.003176
168	7	388	6	P90	11	-0.004717	-0.004717	-0.001520	-0.001520
168	7	388	6	P95	52	-0.000830	-0.000830	0.002278	0.002278
168	7	388	6	P99	57	0.002066	0.002066	0.001426	0.001426
168	7	388	6	P999	105	0.000482	0.000482	0.003548	0.003548
169	1	86	1	P1	1	-0.002921	-0.002921	0.000047	0.000047
169	1	86	1	P50	1	-0.000916	-0.000963	0.002058	0.002011
169	1	86	1	P75	1	0.000065	0.000065	0.003042	0.003042
169	1	86	1	P90	1	0.000673	0.000673	0.003651	0.003651
169	1	86	1	P95	2	-0.003005	-0.003005	-0.000378	-0.000378
169	1	86	1	P99	2	0.002977	0.002977	0.002116	0.002116
169	1	86	1	P999	2	0.002977	0.002977	0.002116	0.002116
169	2	104	2	P1	1	-0.002890	-0.002890	0.000078	0.000078
169	2	104	2	P50	1	-0.000908	-0.000947	0.002066	0.002027
169	2	104	2	P75	1	0.000104	0.000065	0.003081	0.003042
169	2	104	2	P90	1	0.000688	0.000688	0.003667	0.003667
169	2	104	2	P95	2	-0.002259	-0.002259	-0.000222	-0.000222
169	2	104	2	P99	2	0.001728	0.001728	0.001648	0.001648
169	2	104	2	P999	2	0.002977	0.002977	0.002116	0.002116
169	3	107	3	P1	1	-0.002209	-0.002209	0.000078	0.000078
169	3	107	3	P50	1	-0.000186	-0.000186	0.002105	0.002105
169	3	107	3	P75	1	0.000866	0.000866	0.003159	0.003159
169	3	107	3	P90	2	-0.002987	-0.002987	-0.001156	-0.001156
169	3	107	3	P95	2	0.001247	0.001247	0.001180	0.001180
169	3	107	3	P99	4	-0.001449	-0.001449	0.000490	0.000490
169	3	107	3	P999	5	-0.000259	-0.000259	0.001625	0.001625
169	4	127	4	P1	1	-0.002209	-0.002209	0.000078	0.000078
169	4	127	4	P50	1	0.000204	0.000204	0.002495	0.002495
169	4	127	4	P75	1	0.001451	0.001451	0.003745	0.003745
169	4	127	4	P90	4	-0.003314	-0.003314	-0.001378	-0.001378
169	4	127	4	P95	4	-0.001715	-0.001715	0.000223	0.000223
169	4	127	4	P99	5	-0.001006	-0.001006	0.000877	0.000877
169	4	127	4	P999	5	-0.000259	-0.000259	0.001625	0.001625
169	5	133	5	P1	1	-0.002213	-0.002213	0.000073	0.000073
169	5	133	5	P50	1	0.000167	0.000167	0.002458	0.002458
169	5	133	5	P75	1	0.001378	0.001378	0.003671	0.003671
169	5	133	5	P90	4	-0.003580	-0.003580	-0.001645	-0.001645
169	5	133	5	P95	4	-0.001715	-0.001715	0.000223	0.000223
169	5	133	5	P99	5	-0.001006	-0.001006	0.000877	0.000877
169	5	133	5	P999	5	-0.000259	-0.000259	0.001625	0.001625
169	6	163	6	P1	1	-0.002229	-0.002229	0.000057	0.000057
169	6	163	6	P50	1	0.000051	0.000051	0.002343	0.002343
169	6	163	6	P75	1	0.001222	0.001222	0.003516	0.003516
169	6	163	6	P90	4	-0.004378	-0.004378	-0.002444	-0.002444
169	6	163	6	P95	4	-0.002249	-0.002249	-0.000311	-0.000311
169	6	163	6	P99	5	-0.001006	-0.001006	0.000877	0.000877
169	6	163	6	P999	5	-0.000259	-0.000259	0.001625	0.001625
169	7	169	7	P1	1	-0.002907	-0.002907	0.000057	0.000057
169	7	169	7	P50	1	-0.000542	-0.000542	0.002428	0.002428
169	7	169	7	P75	1	0.000656	0.000656	0.003630	0.003630
169	7	169	7	P90	4	-0.003621	-0.003621	-0.000845	-0.000845
169	7	169	7	P95	5	-0.002621	-0.002621	0.000129	0.000129
169	7	169	7	P99	12	0.000072	0.000072	-0.001030	-0.001030
169	7	169	7	P999	12	0.001943	0.001943	0.000839	0.000839
170	1	14	1	P1	1	-0.002036	-0.002036	0.000534	0.000534
170	1	14	1	P50	2	0.003427	-0.499417	0.002116	-0.498128
170	1	14	1	P75	53	0.001396	0.001396	0.003168	0.003168
170	1	14	1	P90	54	0.001398	0.001398	0.003165	0.003165
170	1	14	1	P95	59	-0.001166	-0.001166	0.000580	0.000580
170	1	14	1	P99	59	-0.001166	-0.001166	0.000580	0.000580
170	1	14	1	P999	59	-0.001166	-0.001166	0.000580	0.000580
170	2	20	2	P1	1	-0.002258	-0.002258	0.000312	0.000312
170	2	20	2	P50	1	0.000855	0.000543	0.003432	0.003120
170	2	20	2	P75	53	0.000149	-0.001097	0.001918	0.000671
170	2	20	2	P90	54	0.001398	-0.000473	0.003165	0.001292
170	2	20	2	P95	59	-0.001166	-0.083467	0.000580	-0.081849
170	2	20	2	P99	59	-0.001166	-0.001166	0.000580	0.000580
170	2	20	2	P999	59	-0.001166	-0.001166	0.000580	0.000580
170	3	33	3	P1	1	-0.002258	-0.002258	0.000312	0.000312
170	3	33	3	P50	3	-0.000132	-0.000132	-0.001519	-0.001519
170	3	33	3	P75	4	-0.002422	-0.002422	-0.000133	-0.000133
170	3	33	3	P90	53	0.001396	0.001396	0.003168	0.003168
170	3	33	3	P95	54	0.001398	0.001398	0.003165	0.003165
170	3	33	3	P99	59	-0.001166	-0.001166	0.000580	0.000580
170	3	33	3	P999	59	-0.001166	-0.001166	0.000580	0.000580
170	4	61	4	P1	1	-0.002476	-0.002476	0.000093	0.000093
170	4	61	4	P50	1	0.000325	0.000325	0.002901	0.002901
170	4	61	4	P75	3	0.000492	0.000492	-0.000897	-0.000897
170	4	61	4	P90	5	-0.000622	-0.000622	0.001625	0.001625
170	4	61	4	P95	53	0.001396	0.001396	0.003168	0.003168
170	4	61	4	P99	59	-0.001166	-0.001166	0.000580	0.000580
170	4	61	4	P999	59	-0.001166	-0.001166	0.000580	0.000580
170	5	73	5	P1	1	-0.002476	-0.002476	0.000093	0.000093
170	5	73	5	P50	1	0.000886	0.000886	0.003464	0.003464
170	5	73	5	P75	5	-0.000622	-0.000622	0.001625	0.001625
170	5	73	5	P90	14	-0.000224	-0.000224	0.001815	0.001815
170	5	73	5	P95	53	0.001396	0.001396	0.003168	0.003168
170	5	73	5	P99	59	-0.001166	-0.001166	0.000580	0.000580
170	5	73	5	P999	59	-0.001166	-0.001166	0.000580	0.000580
170	6	86	6	P1	1	-0.002491	-0.002491	0.000078	0.000078
170	6	86	6	P50	1	0.000855	0.000777	0.003432	0.003354
170	6	86	6	P75	4	-0.003043	-0.003043	-0.000756	-0.000756
170	6	86	6	P90	12	0.002512	0.002512	0.000839	0.000839
170	6	86	6	P95	53	0.000149	0.000149	0.001918	0.001918
170	6	86	6	P99	59	-0.001166	-0.001166	0.000580	0.000580
170	6	86	6	P999	59	-0.001166	-0.001166	0.000580	0.000580
170	7	93	7	P1	1	-0.002491	-0.002491	0.000078	0.000078
170	7	93	7	P50	1	0.001089	0.001089	0.003667	0.003667
170	7	93	7	P75	11	0.000538	0.000538	-0.001113	-0.001113
170	7	93	7	P90	53	0.000648	0.000648	0.002418	0.002418
170	7	93	7	P95	55	-0.000128	-0.000128	0.001633	0.001633
170	7	93	7	P99	59	-0.001166	-0.001166	0.000580	0.000580
170	7	93	7	P999	59	-0.001166	-0.001166	0.000580	0.000580
171	1	18	1	P1	1	-0.001567	-0.001567	0.000623	0.000623
171	1	18	1	P50	4	-0.004642	-0.251160	-0.002829	-0.249738
171	1	18	1	P75	4	-0.002986	-0.002986	-0.001171	-0.001171
171	1	18	1	P90	4	-0.001743	-0.001743	0.000075	0.000075
171	1	18	1	P95	4	-0.001328	-0.001328	0.000490	0.000490
171	1	18	1	P99	4	-0.001328	-0.001328	0.000490	0.000490
171	1	18	1	P999	4	-0.001328	-0.001328	0.000490	0.000490
171	2	34	2	P1	1	-0.002020	-0.002020	0.000170	0.000170
171	2	34	2	P50	1	0.000868	0.000698	0.003063	0.002893
171	2	34	2	P75	4	-0.004642	-0.004642	-0.002829	-0.002829
171	2	34	2	P90	4	-0.002572	-0.002572	-0.000756	-0.000756
171	2	34	2	P95	4	-0.001743	-0.001743	0.000075	0.000075
171	2	34	2	P99	4	-0.001328	-0.001328	0.000490	0.000490
171	2	34	2	P999	4	-0.001328	-0.001328	0.000490	0.000490
171	3	37	3	P1	1	-0.002373	-0.002373	0.000170	0.000170
171	3	37	3	P50	1	0.000683	0.000683	0.003233	0.003233
171	3	37	3	P75	4	-0.004252	-0.004252	-0.002000	-0.002000
171	3	37	3	P90	4	-0.001767	-0.001767	0.000490	0.000490
171	3	37	3	P95	11	-0.000172	-0.000172	0.001879	0.001879
171	3	37	3	P99	12	-0.001192	-0.001192	0.000839	0.000839
171	3	37	3	P999	12	-0.001192	-0.001192	0.000839	0.000839
171	4	40	4	P1	1	-0.003348	-0.003348	0.000170	0.000170
171	4	40	4	P50	1	0.000045	-0.000125	0.003574	0.003404
171	4	40	4	P75	4	-0.004219	-0.004633	-0.000756	-0.001171
171	4	40	4	P90	12	-0.002589	-0.084760	0.000839	-0.081611
171	4	40	4	P95	54	-0.000215	-0.002081	0.003165	0.001292
171	4	40	4	P99	56	0.000799	0.000799	0.000434	0.000434
171	4	40	4	P999	56	0.000799	0.000799	0.000434	0.000434
171	5	43	5	P1	1	-0.003368	-0.003368	0.000150	0.000150
171	5	43	5	P50	1	-0.000234	-0.000234	0.003295	0.003295
171	5	43	5	P75	4	-0.004633	-0.004633	-0.001171	-0.001171
171	5	43	5	P90	11	-0.001556	-0.001556	0.001879	0.001879
171	5	43	5	P95	54	-0.002081	-0.002081	0.001292	0.001292
171	5	43	5	P99	56	0.000799	0.000799	0.000434	0.000434
171	5	43	5	P999	56	0.000799	0.000799	0.000434	0.000434
171	6	52	6	P1	1	-0.003368	-0.003368	0.000150	0.000150
171	6	52	6	P50	3	-0.004370	-0.005610	-0.002141	-0.002762
171	6	52	6	P75	4	-0.002978	-0.003392	-0.000845	-0.001112
171	6	52	6	P90	11	-0.003420	-0.003420	0.000008	0.000008
171	6	52	6	P95	54	-0.002081	-0.002081	0.001292	0.001292
171	6	52	6	P99	56	0.000799	0.000799	0.000434	0.000434
171	6	52	6	P999	56	0.000799	0.000799	0.000434	0.000434
171	7	64	7	P1	1	-0.003417	-0.003417	0.000101	0.000101
171	7	64	7	P50	1	-0.000190	-0.000291	0.003339	0.003238
171	7	64	7	P75	4	-0.004219	-0.004633	-0.001645	-0.001911
171	7	64	7	P90	5	0.001900	0.001900	0.001625	0.001625
171	7	64	7	P95	12	-0.002589	-0.002589	0.000839	0.000839
171	7	64	7	P99	56	0.000799	0.000799	0.000434	0.000434
171	7	64	7	P999	56	0.000799	0.000799	0.000434	0.000434
172	1	12	1	P1	11	-0.002066	-0.002066	-0.001113	-0.001113
172	1	12	1	P50	52	-0.002788	-0.768390	0.001653	-0.769037
172	1	12	1	P75	53	0.002464	0.000591	0.003168	0.001294
172	1	12	1	P90	54	0.002464	0.002464	0.003165	0.003165
172	1	12	1	P95	55	0.002809	0.002809	0.003507	0.003507
172	1	12	1	P99	55	0.002809	0.002809	0.003507	0.003507
172	1	12	1	P999	55	0.002809	0.002809	0.003507	0.003507
172	2	18	2	P1	1	-0.002905	-0.002905	0.000748	0.000748
172	2	18	2	P50	11	0.001244	0.000496	0.001130	0.000382
172	2	18	2	P75	52	-0.000081	-0.000081	0.003527	0.003527
172	2	18	2	P90	54	0.003302	0.003302	0.003165	0.003165
172	2	18	2	P95	55	0.003645	0.003645	0.003507	0.003507
172	2	18	2	P99	55	0.003645	0.003645	0.003507	0.003507
172	2	18	2	P999	55	0.003645	0.003645	0.003507	0.003507
172	3	27	3	P1	1	-0.002905	-0.002905	0.000748	0.000748
172	3	27	3	P50	4	-0.000157	-0.000157	-0.000258	-0.000258
172	3	27	3	P75	12	0.004703	0.004703	0.000839	0.000839
172	3	27	3	P90	53	0.003305	0.003305	0.003168	0.003168
172	3	27	3	P95	54	0.003302	0.003302	0.003165	0.003165
172	3	27	3	P99	55	0.003645	0.003645	0.003507	0.003507
172	3	27	3	P999	55	0.003645	0.003645	0.003507	0.003507
172	4	33	4	P1	1	-0.003312	-0.003312	0.000340	0.000340
172	4	33	4	P50	4	-0.002397	-0.002397	-0.002497	-0.002497
172	4	33	4	P75	11	0.001244	0.001244	0.001130	0.001130
172	4	33	4	P90	53	0.001431	0.001431	0.001294	0.001294
172	4	33	4	P95	54	0.003302	0.003302	0.003165	0.003165
172	4	33	4	P99	55	0.003645	0.003645	0.003507	0.003507
172	4	33	4	P999	55	0.003645	0.003645	0.003507	0.003507
172	5	35	5	P1	1	-0.003312	-0.003312	0.000340	0.000340
172	5	35	5	P50	4	-0.001651	-0.001651	-0.001751	-0.001751
172	5	35	5	P75	11	0.001369	0.001369	0.001255	0.001255
172	5	35	5	P90	53	0.001431	0.001431	0.001294	0.001294
172	5	35	5	P95	54	0.003302	0.003302	0.003165	0.003165
172	5	35	5	P99	55	0.003645	0.003645	0.003507	0.003507
172	5	35	5	P999	55	0.003645	0.003645	0.003507	0.003507
172	6	37	6	P1	1	-0.003312	-0.003312	0.000340	0.000340
172	6	37	6	P50	4	-0.000905	-0.000905	-0.001005	-0.001005
172	6	37	6	P75	11	0.001993	0.001993	0.001879	0.001879
172	6	37	6	P90	53	0.003305	0.003305	0.003168	0.003168
172	6	37	6	P95	55	0.003645	0.003645	0.003507	0.003507
172	6	37	6	P99	56	0.004319	0.004319	0.000434	0.000434
172	6	37	6	P999	56	0.004319	0.004319	0.000434	0.000434
172	7	39	7	P1	1	-0.003364	-0.003364	0.000288	0.000288
172	7	39	7	P50	4	-0.001651	-0.001651	-0.001751	-0.001751
172	7	39	7	P75	11	0.001993	0.001993	0.001879	0.001879
172	7	39	7	P90	53	0.003305	0.003305	0.003168	0.003168
172	7	39	7	P95	55	0.003645	0.003645	0.003507	0.003507
172	7	39	7	P99	56	0.004319	0.004319	0.000434	0.000434
172	7	39	7	P999	56	0.004319	0.004319	0.000434	0.000434
173	1	617	1	P1	1	-0.002243	-0.002243	0.000043	0.000043
173	1	617	1	P50	1	-0.000389	-0.000389	0.001902	0.001902
173	1	617	1	P75	1	0.000558	0.000558	0.002851	0.002851
173	1	617	1	P90	1	0.001131	0.001131	0.003424	0.003424
173	1	617	1	P95	1	0.001322	0.001322	0.003615	0.003615
173	1	617	1	P99	2	0.003746	0.003746	0.002116	0.002116
173	1	617	1	P999	4	-0.001449	-0.001449	0.000490	0.000490
173	2	620	2	P1	1	-0.002921	-0.002921	0.000043	0.000043
173	2	620	2	P50	1	-0.001055	-0.001062	0.001914	0.001908
173	2	620	2	P75	1	-0.000103	-0.000109	0.002869	0.002863
173	2	620	2	P90	1	0.000469	0.000463	0.003443	0.003436
173	2	620	2	P95	1	0.000660	0.000654	0.003634	0.003628
173	2	620	2	P99	4	-0.004526	-0.004526	-0.001751	-0.001751
173	2	620	2	P999	12	0.001943	0.001943	0.000839	0.000839
173	3	625	3	P1	1	-0.003314	-0.003314	0.000043	0.000043
173	3	625	3	P50	1	-0.001437	-0.001437	0.001926	0.001926
173	3	625	3	P75	1	-0.000479	-0.000479	0.002888	0.002888
173	3	625	3	P90	1	0.000099	0.000099	0.003467	0.003467
173	3	625	3	P95	1	0.000289	0.000289	0.003659	0.003659
173	3	625	3	P99	11	-0.001329	-0.001329	0.001879	0.001879
173	3	625	3	P999	58	-0.000375	-0.000375	0.002726	0.002726
173	4	629	4	P1	1	-0.003315	-0.003315	0.000043	0.000043
173	4	629	4	P50	1	-0.001438	-0.001438	0.001926	0.001926
173	4	629	4	P75	1	-0.000480	-0.000480	0.002887	0.002887
173	4	629	4	P90	1	0.000100	0.000100	0.003469	0.003469
173	4	629	4	P95	1	0.000290	0.000290	0.003659	0.003659
173	4	629	4	P99	11	-0.001329	-0.001329	0.001879	0.001879
173	4	629	4	P999	58	-0.000375	-0.000375	0.002726	0.002726
173	5	635	5	P1	1	-0.003315	-0.003315	0.000043	0.000043
173	5	635	5	P50	1	-0.001419	-0.001419	0.001944	0.001944
173	5	635	5	P75	1	-0.000449	-0.000449	0.002918	0.002918
173	5	635	5	P90	1	0.000131	0.000131	0.003500	0.003500
173	5	635	5	P95	1	0.000327	0.000327	0.003696	0.003696
173	5	635	5	P99	11	-0.001329	-0.001329	0.001879	0.001879
173	5	635	5	P999	58	-0.000375	-0.000375	0.002726	0.002726
173	6	640	6	P1	1	-0.003315	-0.003315	0.000042	0.000042
173	6	640	6	P50	1	-0.001417	-0.001423	0.001947	0.001941
173	6	640	6	P75	1	-0.000449	-0.000455	0.002918	0.002912
173	6	640	6	P90	1	0.000133	0.000127	0.003502	0.003496
173	6	640	6	P95	1	0.000327	0.000321	0.003696	0.003690
173	6	640	6	P99	11	-0.001329	-0.001329	0.001879	0.001879
173	6	640	6	P999	58	-0.000375	-0.000375	0.002726	0.002726
173	7	642	7	P1	1	-0.003315	-0.003315	0.000042	0.000042
173	7	642	7	P50	1	-0.001411	-0.001417	0.001953	0.001947
173	7	642	7	P75	1	-0.000442	-0.000442	0.002924	0.002924
173	7	642	7	P90	1	0.000139	0.000139	0.003508	0.003508
173	7	642	7	P95	1	0.000333	0.000333	0.003702	0.003702
173	7	642	7	P99	53	-0.002741	-0.002741	0.000359	0.000359
173	7	642	7	P999	58	-0.000375	-0.000375	0.002726	0.002726
174	1	8	1	P1	1	-0.000322	-0.000322	0.001871	0.001871
174	1	8	1	P50	3	-0.001546	-0.002790	0.000349	-0.000897
174	1	8	1	P75	4	-0.002572	-0.003814	-0.000756	-0.002000
174	1	8	1	P90	4	-0.001328	-0.001328	0.000490	0.000490
174	1	8	1	P95	4	-0.001328	-0.001328	0.000490	0.000490
174	1	8	1	P99	4	-0.001328	-0.001328	0.000490	0.000490
174	1	8	1	P999	4	-0.001328	-0.001328	0.000490	0.000490
174	2	321	2	P1	1	-0.002142	-0.002142	0.000048	0.000048
174	2	321	2	P50	1	-0.000274	-0.000274	0.001918	0.001918
174	2	321	2	P75	1	0.000678	0.000678	0.002873	0.002873
174	2	321	2	P90	1	0.001250	0.001250	0.003446	0.003446
174	2	321	2	P95	1	0.001441	0.001441	0.003637	0.003637
174	2	321	2	P99	3	-0.001546	-0.001546	0.000349	0.000349
174	2	321	2	P999	4	-0.001328	-0.001328	0.000490	0.000490
174	3	327	3	P1	1	-0.002239	-0.002239	0.000048	0.000048
174	3	327	3	P50	1	-0.000336	-0.000336	0.001954	0.001954
174	3	327	3	P75	1	0.000640	0.000640	0.002933	0.002933
174	3	327	3	P90	1	0.001224	0.001224	0.003518	0.003518
174	3	327	3	P95	1	0.001415	0.001415	0.003709	0.003709
174	3	327	3	P99	4	-0.003048	-0.003048	-0.001112	-0.001112
174	3	327	3	P999	4	-0.001449	-0.001449	0.000490	0.000490
174	4	333	4	P1	1	-0.002239	-0.002239	0.000048	0.000048
174	4	333	4	P50	1	-0.000300	-0.000300	0.001990	0.001990
174	4	333	4	P75	1	0.000688	0.000688	0.002981	0.002981
174	4	333	4	P90	1	0.001284	0.001284	0.003578	0.003578
174	4	333	4	P95	3	-0.002906	-0.002906	-0.002141	-0.002141
174	4	333	4	P99	4	-0.002382	-0.002382	-0.000445	-0.000445
174	4	333	4	P999	4	-0.001449	-0.001449	0.000490	0.000490
174	5	339	5	P1	1	-0.002240	-0.002240	0.000047	0.000047
174	5	339	5	P50	1	-0.000296	-0.000296	0.001994	0.001994
174	5	339	5	P75	1	0.000700	0.000700	0.002992	0.002992
174	5	339	5	P90	1	0.001298	0.001298	0.003592	0.003592
174	5	339	5	P95	3	-0.002906	-0.002906	-0.002141	-0.002141
174	5	339	5	P99	4	-0.002382	-0.002382	-0.000445	-0.000445
174	5	339	5	P999	4	-0.001449	-0.001449	0.000490	0.000490
174	6	341	6	P1	1	-0.002486	-0.002486	0.000047	0.000047
174	6	341	6	P50	1	-0.000532	-0.000532	0.002006	0.002006
174	6	341	6	P75	1	0.000465	0.000465	0.003004	0.003004
174	6	341	6	P90	1	0.001063	0.001063	0.003604	0.003604
174	6	341	6	P95	3	-0.001956	-0.001956	-0.001519	-0.001519
174	6	341	6	P99	4	-0.002066	-0.002066	0.000178	0.000178
174	6	341	6	P999	54	0.001460	0.001460	0.003165	0.003165
174	7	346	7	P1	1	-0.002486	-0.002486	0.000047	0.000047
174	7	346	7	P50	1	-0.000496	-0.000508	0.002041	0.002029
174	7	346	7	P75	1	0.000512	0.000512	0.003051	0.003051
174	7	346	7	P90	1	0.001121	0.001121	0.003663	0.003663
174	7	346	7	P95	3	0.001783	0.001783	0.000349	0.000349
174	7	346	7	P99	4	0.000737	0.000737	0.000241	0.000241
174	7	346	7	P999	54	0.001460	0.001460	0.003165	0.003165
175	1	365	1	P1	1	-0.002245	-0.002245	0.000042	0.000042
175	1	365	1	P50	1	-0.000378	-0.000378	0.001913	0.001913
175	1	365	1	P75	1	0.000573	0.000573	0.002865	0.002865
175	1	365	1	P90	1	0.001148	0.001148	0.003441	0.003441
175	1	365	1	P95	1	0.001336	0.001336	0.003630	0.003630
175	1	365	1	P99	3	0.002078	0.002078	0.000349	0.000349
175	1	365	1	P999	4	-0.001449	-0.001449	0.000490	0.000490
175	2	370	2	P1	1	-0.002245	-0.002245	0.000042	0.000042
175	2	370	2	P50	1	-0.000346	-0.000357	0.001944	0.001933
175	2	370	2	P75	1	0.000615	0.000615	0.002907	0.002907
175	2	370	2	P90	1	0.001200	0.001189	0.003493	0.003483
175	2	370	2	P95	1	0.001388	0.001388	0.003682	0.003682
175	2	370	2	P99	4	-0.003048	-0.003048	-0.001112	-0.001112
175	2	370	2	P999	4	-0.001449	-0.001449	0.000490	0.000490
175	3	392	3	P1	1	-0.002247	-0.002247	0.000039	0.000039
175	3	392	3	P50	1	-0.000351	-0.000360	0.001940	0.001930
175	3	392	3	P75	1	0.000614	0.000604	0.002906	0.002896
175	3	392	3	P90	1	0.001185	0.001185	0.003478	0.003478
175	3	392	3	P95	1	0.001382	0.001382	0.003676	0.003676
175	3	392	3	P99	4	-0.003048	-0.003048	-0.001112	-0.001112
175	3	392	3	P999	4	-0.001449	-0.001449	0.000490	0.000490
175	4	396	4	P1	1	-0.002504	-0.002504	0.000039	0.000039
175	4	396	4	P50	1	-0.000588	-0.000598	0.001959	0.001950
175	4	396	4	P75	1	0.000386	0.000376	0.002936	0.002926
175	4	396	4	P90	1	0.000967	0.000967	0.003518	0.003518
175	4	396	4	P95	1	0.001164	0.001164	0.003715	0.003715
175	4	396	4	P99	10	0.001671	0.001671	0.003745	0.003745
175	4	396	4	P999	13	0.001017	0.001017	0.003036	0.003036
175	5	398	5	P1	1	-0.002504	-0.002504	0.000039	0.000039
175	5	398	5	P50	1	-0.000589	-0.000598	0.001959	0.001949
175	5	398	5	P75	1	0.000380	0.000380	0.002930	0.002930
175	5	398	5	P90	1	0.000968	0.000968	0.003519	0.003519
175	5	398	5	P95	1	0.001164	0.001164	0.003715	0.003715
175	5	398	5	P99	10	0.001671	0.001671	0.003745	0.003745
175	5	398	5	P999	13	0.001017	0.001017	0.003036	0.003036
175	6	402	6	P1	1	-0.002463	-0.002463	0.000049	0.000049
175	6	402	6	P50	1	-0.000537	-0.000547	0.001979	0.001969
175	6	402	6	P75	1	0.000441	0.000441	0.002960	0.002960
175	6	402	6	P90	1	0.001029	0.001029	0.003549	0.003549
175	6	402	6	P95	1	0.001225	0.001225	0.003745	0.003745
175	6	402	6	P99	13	0.001063	0.001063	0.003036	0.003036
175	6	402	6	P999	58	0.001073	0.001073	0.002726	0.002726
175	7	406	7	P1	1	-0.002463	-0.002463	0.000049	0.000049
175	7	406	7	P50	1	-0.000533	-0.000543	0.001983	0.001973
175	7	406	7	P75	1	0.000447	0.000447	0.002966	0.002966
175	7	406	7	P90	1	0.001040	0.001040	0.003560	0.003560
175	7	406	7	P95	2	0.000994	0.000994	-0.000378	-0.000378
175	7	406	7	P99	13	0.001063	0.001063	0.003036	0.003036
175	7	406	7	P999	58	0.001073	0.001073	0.002726	0.002726
176	1	41	1	P1	1	-0.002183	-0.002183	0.000104	0.000104
176	1	41	1	P50	1	-0.000108	-0.000108	0.002183	0.002183
176	1	41	1	P75	1	0.000931	0.000931	0.003224	0.003224
176	1	41	1	P90	3	0.002078	0.002078	0.000349	0.000349
176	1	41	1	P95	4	-0.003314	-0.003314	-0.001378	-0.001378
176	1	41	1	P99	4	-0.001449	-0.001449	0.000490	0.000490
176	1	41	1	P999	4	-0.001449	-0.001449	0.000490	0.000490
176	2	48	2	P1	1	-0.002439	-0.002439	0.000104	0.000104
176	2	48	2	P50	1	0.000050	-0.000054	0.002599	0.002495
176	2	48	2	P75	3	0.001771	-0.666269	0.000349	-0.665418
176	2	48	2	P90	11	-0.000172	-0.000172	0.001879	0.001879
176	2	48	2	P95	12	-0.002436	-0.002436	-0.000407	-0.000407
176	2	48	2	P99	13	0.001017	0.001017	0.003036	0.003036
176	2	48	2	P999	13	0.001017	0.001017	0.003036	0.003036
176	3	53	3	P1	1	-0.002450	-0.002450	0.000093	0.000093
176	3	53	3	P50	1	-0.000023	-0.000023	0.002526	0.002526
176	3	53	3	P75	1	0.001193	0.001193	0.003745	0.003745
176	3	53	3	P90	11	-0.001417	-0.001417	0.000631	0.000631
176	3	53	3	P95	12	-0.002436	-0.002436	-0.000407	-0.000407
176	3	53	3	P99	13	0.001017	0.001017	0.003036	0.003036
176	3	53	3	P999	13	0.001017	0.001017	0.003036	0.003036
176	4	63	4	P1	1	-0.003557	-0.003557	0.000093	0.000093
176	4	63	4	P50	1	-0.000667	-0.000667	0.002995	0.002995
176	4	63	4	P75	11	-0.002988	-0.002988	0.000631	0.000631
176	4	63	4	P90	54	0.002053	0.002053	0.001916	0.001916
176	4	63	4	P95	55	0.003645	0.003645	0.003507	0.003507
176	4	63	4	P99	59	0.000718	0.000718	0.000580	0.000580
176	4	63	4	P999	59	0.000718	0.000718	0.000580	0.000580
176	5	73	5	P1	1	-0.003573	-0.003573	0.000078	0.000078
176	5	73	5	P50	1	-0.000776	-0.000776	0.002886	0.002886
176	5	73	5	P75	4	-0.004074	-0.004074	-0.000445	-0.000445
176	5	73	5	P90	54	0.000805	0.000805	0.000668	0.000668
176	5	73	5	P95	55	0.003645	0.003645	0.003507	0.003507
176	5	73	5	P99	59	0.000718	0.000718	0.000580	0.000580
176	5	73	5	P999	59	0.000718	0.000718	0.000580	0.000580
176	6	78	6	P1	1	-0.003573	-0.003573	0.000078	0.000078
176	6	78	6	P50	1	-0.000542	-0.000620	0.003120	0.003042
176	6	78	6	P75	4	-0.001278	-0.001278	-0.000445	-0.000445
176	6	78	6	P90	54	0.000805	0.000805	0.000668	0.000668
176	6	78	6	P95	55	0.003645	0.003645	0.003507	0.003507
176	6	78	6	P99	59	0.000718	0.000718	0.000580	0.000580
176	6	78	6	P999	59	0.000718	0.000718	0.000580	0.000580
176	7	83	7	P1	1	-0.003579	-0.003579	0.000072	0.000072
176	7	83	7	P50	1	-0.000638	-0.000638	0.003024	0.003024
176	7	83	7	P75	4	-0.002211	-0.002211	-0.000911	-0.000911
176	7	83	7	P90	52	-0.000081	-0.000081	0.003527	0.003527
176	7	83	7	P95	55	0.001771	0.001771	0.001633	0.001633
176	7	83	7	P99	59	0.000718	0.000718	0.000580	0.000580
176	7	83	7	P999	59	0.000718	0.000718	0.000580	0.000580
177	1	4	1	P1	12	-0.001689	-0.001689	-0.001030	-0.001030
177	1	4	1	P50	56	-0.002045	-0.785676	-0.001434	-0.785535
177	1	4	1	P75	56	-0.000178	-0.002045	0.000434	-0.001434
177	1	4	1	P90	56	-0.000178	-0.000178	0.000434	0.000434
177	1	4	1	P95	56	-0.000178	-0.000178	0.000434	0.000434
177	1	4	1	P99	56	-0.000178	-0.000178	0.000434	0.000434
177	1	4	1	P999	56	-0.000178	-0.000178	0.000434	0.000434
177	2	6	2	P1	1	0.002200	0.002200	0.003745	0.003745
177	2	6	2	P50	12	-0.000421	-0.002288	0.000839	-0.001030
177	2	6	2	P75	56	-0.002517	-0.002517	-0.001434	-0.001434
177	2	6	2	P90	56	-0.000651	-0.000651	0.000434	0.000434
177	2	6	2	P95	56	-0.000651	-0.000651	0.000434	0.000434
177	2	6	2	P99	56	-0.000651	-0.000651	0.000434	0.000434
177	2	6	2	P999	56	-0.000651	-0.000651	0.000434	0.000434
177	3	11	3	P1	1	0.002200	0.002200	0.003745	0.003745
177	3	11	3	P50	4	-0.001827	-0.001827	-0.000445	-0.000445
177	3	11	3	P75	12	-0.000421	-0.000421	0.000839	0.000839
177	3	11	3	P90	56	-0.002517	-0.002517	-0.001434	-0.001434
177	3	11	3	P95	56	-0.000651	-0.000651	0.000434	0.000434
177	3	11	3	P99	56	-0.000651	-0.000651	0.000434	0.000434
177	3	11	3	P999	56	-0.000651	-0.000651	0.000434	0.000434
177	4	36	4	P1	1	-0.002368	-0.002368	0.000144	0.000144
177	4	36	4	P50	1	0.000218	0.000074	0.002735	0.002591
177	4	36	4	P75	3	-0.001930	-0.333502	0.000349	-0.331923
177	4	36	4	P90	12	-0.003012	-0.003012	-0.001030	-0.001030
177	4	36	4	P95	56	-0.003089	-0.003089	-0.001434	-0.001434
177	4	36	4	P99	56	-0.001223	-0.001223	0.000434	0.000434
177	4	36	4	P999	56	-0.001223	-0.001223	0.000434	0.000434
177	5	44	5	P1	1	-0.002368	-0.002368	0.000144	0.000144
177	5	44	5	P50	1	0.000793	0.000649	0.003312	0.003168
177	5	44	5	P75	11	-0.002616	-0.089350	-0.000615	-0.087505
177	5	44	5	P90	12	0.002595	0.002595	0.000839	0.000839
177	5	44	5	P95	14	0.001731	0.001731	0.003689	0.003689
177	5	44	5	P99	56	-0.001223	-0.001223	0.000434	0.000434
177	5	44	5	P999	56	-0.001223	-0.001223	0.000434	0.000434
177	6	68	6	P1	1	-0.002420	-0.002420	0.000091	0.000091
177	6	68	6	P50	1	0.000677	0.000586	0.003196	0.003105
177	6	68	6	P75	3	-0.001930	-0.331005	0.000349	-0.331923
177	6	68	6	P90	12	-0.001147	-0.001147	-0.001030	-0.001030
177	6	68	6	P95	14	-0.000140	-0.000140	0.001815	0.001815
177	6	68	6	P99	56	-0.001223	-0.001223	0.000434	0.000434
177	6	68	6	P999	56	-0.001223	-0.001223	0.000434	0.000434
177	7	76	7	P1	1	-0.002420	-0.002420	0.000091	0.000091
177	7	76	7	P50	1	0.001042	0.000951	0.003562	0.003470
177	7	76	7	P75	11	-0.002616	-0.089350	-0.000615	-0.087505
177	7	76	7	P90	53	0.000247	0.000247	0.001918	0.001918
177	7	76	7	P95	56	-0.001223	-0.001223	0.000434	0.000434
177	7	76	7	P99	63	0.004381	0.004381	0.002269	0.002269
177	7	76	7	P999	63	0.004381	0.004381	0.002269	0.002269
178	1	13	1	P1	1	-0.001664	-0.001664	0.000623	0.000623
178	1	13	1	P50	2	0.001871	0.001871	0.000245	0.000245
178	1	13	1	P75	4	-0.004245	-0.004245	-0.002311	-0.002311
178	1	13	1	P90	4	-0.002382	-0.002382	-0.000445	-0.000445
178	1	13	1	P95	4	-0.001449	-0.001449	0.000490	0.000490
178	1	13	1	P99	4	-0.001449	-0.001449	0.000490	0.000490
178	1	13	1	P999	4	-0.001449	-0.001449	0.000490	0.000490
178	2	27	2	P1	1	-0.002090	-0.002090	0.000197	0.000197
178	2	27	2	P50	1	0.000466	0.000466	0.002758	0.002758
178	2	27	2	P75	2	0.002496	0.002496	0.000868	0.000868
178	2	27	2	P90	4	-0.003314	-0.003314	-0.001378	-0.001378
178	2	27	2	P95	4	-0.002382	-0.002382	-0.000445	-0.000445
178	2	27	2	P99	4	-0.001449	-0.001449	0.000490	0.000490
178	2	27	2	P999	4	-0.001449	-0.001449	0.000490	0.000490
178	3	31	3	P1	1	-0.002347	-0.002347	0.000197	0.000197
178	3	31	3	P50	1	0.000602	0.000602	0.003153	0.003153
178	3	31	3	P75	4	-0.004563	-0.004563	-0.002311	-0.002311
178	3	31	3	P90	12	-0.003989	-0.003989	-0.001963	-0.001963
178	3	31	3	P95	12	-0.002125	-0.002125	-0.000096	-0.000096
178	3	31	3	P99	12	-0.001192	-0.001192	0.000839	0.000839
178	3	31	3	P999	12	-0.001192	-0.001192	0.000839	0.000839
178	4	34	4	P1	1	-0.002365	-0.002365	0.000178	0.000178
178	4	34	4	P50	1	0.000659	0.000481	0.003209	0.003031
178	4	34	4	P75	3	0.001771	0.001771	0.000349	0.000349
178	4	34	4	P90	12	-0.003989	-0.003989	-0.001963	-0.001963
178	4	34	4	P95	12	-0.002125	-0.002125	-0.000096	-0.000096
178	4	34	4	P99	12	-0.001192	-0.001192	0.000839	0.000839
178	4	34	4	P999	12	-0.001192	-0.001192	0.000839	0.000839
178	5	38	5	P1	1	-0.002334	-0.002334	0.000178	0.000178
178	5	38	5	P50	1	0.001047	0.000868	0.003566	0.003388
178	5	38	5	P75	4	-0.002661	-0.002661	-0.000445	-0.000445
178	5	38	5	P90	53	-0.000376	-0.000376	0.001294	0.001294
178	5	38	5	P95	56	-0.001223	-0.001223	0.000434	0.000434
178	5	38	5	P99	62	0.001680	0.001680	0.003320	0.003320
178	5	38	5	P999	62	0.001680	0.001680	0.003320	0.003320
178	6	42	6	P1	1	-0.002362	-0.002362	0.000150	0.000150
178	6	42	6	P50	1	0.000776	0.000626	0.003295	0.003145
178	6	42	6	P75	4	-0.003593	-0.003593	-0.001378	-0.001378
178	6	42	6	P90	12	-0.001147	-0.001147	0.000839	0.000839
178	6	42	6	P95	53	0.001494	0.001494	0.003168	0.003168
178	6	42	6	P99	62	0.001680	0.001680	0.003320	0.003320
178	6	42	6	P999	62	0.001680	0.001680	0.003320	0.003320
178	7	47	7	P1	1	-0.002362	-0.002362	0.000150	0.000150
178	7	47	7	P50	1	0.001075	0.001075	0.003595	0.003595
178	7	47	7	P75	4	-0.003127	-0.003127	-0.000911	-0.000911
178	7	47	7	P90	12	-0.001147	-0.001147	0.000839	0.000839
178	7	47	7	P95	53	0.001494	0.001494	0.003168	0.003168
178	7	47	7	P99	62	0.001680	0.001680	0.003320	0.003320
178	7	47	7	P999	62	0.001680	0.001680	0.003320	0.003320
179	1	23	1	P1	1	-0.002347	-0.002347	0.000197	0.000197
179	1	23	1	P50	1	-0.000185	-0.000185	0.002364	0.002364
179	1	23	1	P75	1	0.000996	0.000996	0.003548	0.003548
179	1	23	1	P90	12	-0.003057	-0.003057	-0.001030	-0.001030
179	1	23	1	P95	12	-0.001192	-0.001192	0.000839	0.000839
179	1	23	1	P99	14	0.001685	0.001685	0.003689	0.003689
179	1	23	1	P999	14	0.001685	0.001685	0.003689	0.003689
179	2	25	2	P1	1	-0.002365	-0.002365	0.000178	0.000178
179	2	25	2	P50	1	-0.000232	-0.000232	0.002317	0.002317
179	2	25	2	P75	1	0.000837	0.000837	0.003388	0.003388
179	2	25	2	P90	12	-0.003057	-0.003057	-0.001030	-0.001030
179	2	25	2	P95	12	-0.001192	-0.001192	0.000839	0.000839
179	2	25	2	P99	14	0.001685	0.001685	0.003689	0.003689
179	2	25	2	P999	14	0.001685	0.001685	0.003689	0.003689
179	3	28	3	P1	1	-0.003473	-0.003473	0.000178	0.000178
179	3	28	3	P50	1	-0.000987	-0.001165	0.002674	0.002495
179	3	28	3	P75	2	0.002207	-0.499960	0.002116	-0.498128
179	3	28	3	P90	52	-0.000081	-0.000081	0.003527	0.003527
179	3	28	3	P95	57	-0.000307	-0.000307	-0.000444	-0.000444
179	3	28	3	P99	57	0.001563	0.001563	0.001426	0.001426
179	3	28	3	P999	57	0.001563	0.001563	0.001426	0.001426
179	4	31	4	P1	1	-0.003489	-0.003489	0.000163	0.000163
179	4	31	4	P50	1	-0.001056	-0.001056	0.002604	0.002604
179	4	31	4	P75	2	0.000335	0.000335	0.000245	0.000245
179	4	31	4	P90	14	0.000062	0.000062	0.003689	0.003689
179	4	31	4	P95	57	-0.000307	-0.000307	-0.000444	-0.000444
179	4	31	4	P99	57	0.001563	0.001563	0.001426	0.001426
179	4	31	4	P999	57	0.001563	0.001563	0.001426	0.001426
179	5	36	5	P1	1	-0.003489	-0.003489	0.000163	0.000163
179	5	36	5	P50	1	-0.000569	-0.000732	0.003093	0.002930
179	5	36	5	P75	4	-0.001278	-0.002211	-0.001378	-0.002311
179	5	36	5	P90	14	0.000062	0.000062	0.003689	0.003689
179	5	36	5	P95	57	-0.000307	-0.000307	-0.000444	-0.000444
179	5	36	5	P99	57	0.001563	0.001563	0.001426	0.001426
179	5	36	5	P999	57	0.001563	0.001563	0.001426	0.001426
179	6	54	6	P1	1	-0.003557	-0.003557	0.000093	0.000093
179	6	54	6	P50	1	-0.001040	-0.001133	0.002620	0.002526
179	6	54	6	P75	2	-0.000288	-0.000288	-0.000378	-0.000378
179	6	54	6	P90	12	-0.004642	-0.004642	-0.001030	-0.001030
179	6	54	6	P95	52	-0.000081	-0.000081	0.003527	0.003527
179	6	54	6	P99	57	0.001563	0.001563	0.001426	0.001426
179	6	54	6	P999	57	0.001563	0.001563	0.001426	0.001426
179	7	58	7	P1	1	-0.003557	-0.003557	0.000093	0.000093
179	7	58	7	P50	1	-0.000853	-0.000947	0.002807	0.002714
179	7	58	7	P75	3	0.004192	0.004192	0.000349	0.000349
179	7	58	7	P90	12	0.000955	0.000955	0.000839	0.000839
179	7	58	7	P95	52	-0.000081	-0.000081	0.003527	0.003527
179	7	58	7	P99	57	0.001563	0.001563	0.001426	0.001426
179	7	58	7	P999	57	0.001563	0.001563	0.001426	0.001426
180	1	9	1	P1	1	0.000305	0.000305	0.001871	0.001871
180	1	9	1	P50	2	0.000626	0.000626	0.002116	0.002116
180	1	9	1	P75	58	-0.000269	-0.000269	0.000854	0.000854
180	1	9	1	P90	61	-0.000232	-0.000232	0.000886	0.000886
180	1	9	1	P95	61	-0.000232	-0.000232	0.000886	0.000886
180	1	9	1	P99	61	-0.000232	-0.000232	0.000886	0.000886
180	1	9	1	P999	61	-0.000232	-0.000232	0.000886	0.000886
180	2	13	2	P1	1	-0.001787	-0.001787	0.000748	0.000748
180	2	13	2	P50	2	-0.001522	-0.001522	0.000245	0.000245
180	2	13	2	P75	51	-0.001202	-0.001202	0.000511	0.000511
180	2	13	2	P90	58	0.001036	0.001036	0.002726	0.002726
180	2	13	2	P95	61	-0.000791	-0.000791	0.000886	0.000886
180	2	13	2	P99	61	-0.000791	-0.000791	0.000886	0.000886
180	2	13	2	P999	61	-0.000791	-0.000791	0.000886	0.000886
180	3	18	3	P1	1	-0.001787	-0.001787	0.000748	0.000748
180	3	18	3	P50	3	0.001783	-0.331021	0.000349	-0.331923
180	3	18	3	P75	4	-0.001755	-0.001755	0.000490	0.000490
180	3	18	3	P90	58	0.001036	0.001036	0.002726	0.002726
180	3	18	3	P95	61	-0.000791	-0.000791	0.000886	0.000886
180	3	18	3	P99	61	-0.000791	-0.000791	0.000886	0.000886
180	3	18	3	P999	61	-0.000791	-0.000791	0.000886	0.000886
180	4	64	4	P1	1	-0.002460	-0.002460	0.000073	0.000073
180	4	64	4	P50	1	-0.000117	-0.000190	0.002422	0.002348
180	4	64	4	P75	1	0.001057	0.000983	0.003598	0.003524
180	4	64	4	P90	4	-0.003619	-0.003619	-0.001378	-0.001378
180	4	64	4	P95	51	-0.001202	-0.001202	0.000511	0.000511
180	4	64	4	P99	61	-0.000791	-0.000791	0.000886	0.000886
180	4	64	4	P999	61	-0.000791	-0.000791	0.000886	0.000886
180	5	71	5	P1	1	-0.002460	-0.002460	0.000073	0.000073
180	5	71	5	P50	1	0.000103	0.000103	0.002642	0.002642
180	5	71	5	P75	2	-0.000277	-0.000277	0.001180	0.001180
180	5	71	5	P90	12	-0.001177	-0.001177	0.000839	0.000839
180	5	71	5	P95	51	-0.001202	-0.001202	0.000511	0.000511
180	5	71	5	P99	61	-0.000791	-0.000791	0.000886	0.000886
180	5	71	5	P999	61	-0.000791	-0.000791	0.000886	0.000886
180	6	88	6	P1	1	-0.002472	-0.002472	0.000061	0.000061
180	6	88	6	P50	1	0.000222	0.000161	0.002761	0.002700
180	6	88	6	P75	2	0.001126	0.000658	0.000415	0.000075
180	6	88	6	P90	12	-0.002421	-0.002421	-0.000407	-0.000407
180	6	88	6	P95	14	0.001700	0.001700	0.003689	0.003689
180	6	88	6	P99	61	-0.000791	-0.000791	0.000886	0.000886
180	6	88	6	P999	61	-0.000791	-0.000791	0.000886	0.000886
180	7	95	7	P1	1	-0.002450	-0.002450	0.000061	0.000061
180	7	95	7	P50	1	0.000427	0.000427	0.002946	0.002946
180	7	95	7	P75	2	0.003492	0.003492	0.002116	0.002116
180	7	95	7	P90	55	0.001841	0.001841	0.003507	0.003507
180	7	95	7	P95	58	-0.000174	-0.000174	0.001478	0.001478
180	7	95	7	P99	61	-0.000755	-0.000755	0.000886	0.000886
180	7	95	7	P999	61	-0.000755	-0.000755	0.000886	0.000886
181	1	12	1	P1	1	-0.001353	-0.001353	0.000935	0.000935
181	1	12	1	P50	2	0.003746	0.002496	0.002116	0.000868
181	1	12	1	P75	4	-0.003935	-0.248442	-0.002000	-0.249738
181	1	12	1	P90	4	-0.002693	-0.002693	-0.000756	-0.000756
181	1	12	1	P95	4	-0.001449	-0.001449	0.000490	0.000490
181	1	12	1	P99	4	-0.001449	-0.001449	0.000490	0.000490
181	1	12	1	P999	4	-0.001449	-0.001449	0.000490	0.000490
181	2	25	2	P1	1	-0.002067	-0.002067	0.000220	0.000220
181	2	25	2	P50	1	0.000570	0.000570	0.002863	0.002863
181	2	25	2	P75	2	0.002496	0.002496	0.000868	0.000868
181	2	25	2	P90	4	-0.003935	-0.003935	-0.002000	-0.002000
181	2	25	2	P95	4	-0.002693	-0.002693	-0.000756	-0.000756
181	2	25	2	P99	4	-0.001449	-0.001449	0.000490	0.000490
181	2	25	2	P999	4	-0.001449	-0.001449	0.000490	0.000490
181	3	27	3	P1	1	-0.002079	-0.002079	0.000208	0.000208
181	3	27	3	P50	1	0.000619	0.000619	0.002912	0.002912
181	3	27	3	P75	2	0.002808	0.002808	0.001180	0.001180
181	3	27	3	P90	4	-0.003935	-0.003935	-0.002000	-0.002000
181	3	27	3	P95	4	-0.002693	-0.002693	-0.000756	-0.000756
181	3	27	3	P99	4	-0.001449	-0.001449	0.000490	0.000490
181	3	27	3	P999	4	-0.001449	-0.001449	0.000490	0.000490
181	4	32	4	P1	1	-0.002079	-0.002079	0.000208	0.000208
181	4	32	4	P50	1	0.001243	0.001035	0.003537	0.003328
181	4	32	4	P75	3	0.002078	0.000830	0.000349	-0.000897
181	4	32	4	P90	4	-0.003048	-0.003048	-0.001112	-0.001112
181	4	32	4	P95	4	-0.001982	-0.001982	-0.000044	-0.000044
181	4	32	4	P99	4	-0.001449	-0.001449	0.000490	0.000490
181	4	32	4	P999	4	-0.001449	-0.001449	0.000490	0.000490
181	5	37	5	P1	1	-0.002079	-0.002079	0.000208	0.000208
181	5	37	5	P50	2	0.000935	0.000935	-0.000689	-0.000689
181	5	37	5	P75	3	0.002078	0.002078	0.000349	0.000349
181	5	37	5	P90	4	-0.002693	-0.002693	-0.000756	-0.000756
181	5	37	5	P95	4	-0.001864	-0.001864	0.000075	0.000075
181	5	37	5	P99	4	-0.001449	-0.001449	0.000490	0.000490
181	5	37	5	P999	4	-0.001449	-0.001449	0.000490	0.000490
181	6	42	6	P1	1	-0.002079	-0.002079	0.000208	0.000208
181	6	42	6	P50	2	0.003746	0.002808	0.002116	0.001180
181	6	42	6	P75	4	-0.004499	-0.004499	-0.002565	-0.002565
181	6	42	6	P90	4	-0.002467	-0.002467	-0.000529	-0.000529
181	6	42	6	P95	4	-0.001788	-0.001788	0.000150	0.000150
181	6	42	6	P99	5	-0.000259	-0.000259	0.001625	0.001625
181	6	42	6	P999	5	-0.000259	-0.000259	0.001625	0.001625
181	7	47	7	P1	1	-0.002079	-0.002079	0.000208	0.000208
181	7	47	7	P50	3	-0.003899	-0.003899	-0.002452	-0.002452
181	7	47	7	P75	4	-0.003780	-0.003780	-0.001845	-0.001845
181	7	47	7	P90	4	-0.002149	-0.002149	-0.000211	-0.000211
181	7	47	7	P95	4	-0.001682	-0.001682	0.000256	0.000256
181	7	47	7	P99	5	-0.000259	-0.000259	0.001625	0.001625
181	7	47	7	P999	5	-0.000259	-0.000259	0.001625	0.001625
182	1	9	1	P1	1	-0.001353	-0.001353	0.000935	0.000935
182	1	9	1	P50	3	0.002078	0.002078	0.000349	0.000349
182	1	9	1	P75	4	-0.003314	-0.003314	-0.001378	-0.001378
182	1	9	1	P90	4	-0.001449	-0.001449	0.000490	0.000490
182	1	9	1	P95	4	-0.001449	-0.001449	0.000490	0.000490
182	1	9	1	P99	4	-0.001449	-0.001449	0.000490	0.000490
182	1	9	1	P999	4	-0.001449	-0.001449	0.000490	0.000490
182	2	27	2	P1	1	-0.002117	-0.002117	0.000170	0.000170
182	2	27	2	P50	1	0.000090	0.000090	0.002382	0.002382
182	2	27	2	P75	1	0.001281	0.001281	0.003574	0.003574
182	2	27	2	P90	4	-0.003314	-0.003314	-0.001378	-0.001378
182	2	27	2	P95	4	-0.002382	-0.002382	-0.000445	-0.000445
182	2	27	2	P99	4	-0.001449	-0.001449	0.000490	0.000490
182	2	27	2	P999	4	-0.001449	-0.001449	0.000490	0.000490
182	3	31	3	P1	1	-0.002794	-0.002794	0.000170	0.000170
182	3	31	3	P50	1	-0.000249	-0.000249	0.002722	0.002722
182	3	31	3	P75	4	-0.005084	-0.005084	-0.002311	-0.002311
182	3	31	3	P90	11	-0.002636	-0.002636	0.000008	0.000008
182	3	31	3	P95	13	0.000407	0.000407	0.003036	0.003036
182	3	31	3	P99	14	0.001068	0.001068	0.003689	0.003689
182	3	31	3	P999	14	0.001068	0.001068	0.003689	0.003689
182	4	40	4	P1	1	-0.002826	-0.002826	0.000138	0.000138
182	4	40	4	P50	1	-0.000061	-0.000199	0.002912	0.002773
182	4	40	4	P75	2	-0.000761	-0.001694	0.002116	0.001180
182	4	40	4	P90	11	-0.002636	-0.637196	0.000008	-0.636185
182	4	40	4	P95	13	0.000407	-0.154498	0.003036	-0.152257
182	4	40	4	P99	14	0.001068	0.001068	0.003689	0.003689
182	4	40	4	P999	14	0.001068	0.001068	0.003689	0.003689
182	5	44	5	P1	1	-0.003505	-0.003505	0.000138	0.000138
182	5	44	5	P50	1	-0.000466	-0.000604	0.003189	0.003050
182	5	44	5	P75	4	-0.004996	-0.005925	-0.001378	-0.002311
182	5	44	5	P90	14	0.000073	0.000073	0.003689	0.003689
182	5	44	5	P95	56	0.000584	0.000584	0.000434	0.000434
182	5	44	5	P99	60	0.002617	0.002617	0.002466	0.002466
182	5	44	5	P999	60	0.002617	0.002617	0.002466	0.002466
182	6	48	6	P1	1	-0.003523	-0.003523	0.000121	0.000121
182	6	48	6	P50	1	-0.000635	-0.000756	0.003019	0.002898
182	6	48	6	P75	4	-0.005925	-0.249660	-0.002311	-0.249738
182	6	48	6	P90	14	0.000073	0.000073	0.003689	0.003689
182	6	48	6	P95	56	0.000584	0.000584	0.000434	0.000434
182	6	48	6	P99	60	0.002617	0.002617	0.002466	0.002466
182	6	48	6	P999	60	0.002617	0.002617	0.002466	0.002466
182	7	53	7	P1	1	-0.003523	-0.003523	0.000121	0.000121
182	7	53	7	P50	1	-0.000394	-0.000394	0.003261	0.003261
182	7	53	7	P75	4	-0.004996	-0.004996	-0.002178	-0.002178
182	7	53	7	P90	13	-0.000580	-0.000580	0.003036	0.003036
182	7	53	7	P95	56	0.000584	0.000584	0.000434	0.000434
182	7	53	7	P99	60	0.002617	0.002617	0.002466	0.002466
182	7	53	7	P999	60	0.002617	0.002617	0.002466	0.002466
183	1	19	1	P1	1	-0.002294	-0.002294	0.000249	0.000249
183	1	19	1	P50	1	-0.000054	-0.000054	0.002495	0.002495
183	1	19	1	P75	1	0.001193	0.001193	0.003745	0.003745
183	1	19	1	P90	12	-0.002125	-0.002125	-0.000096	-0.000096
183	1	19	1	P95	12	-0.001192	-0.001192	0.000839	0.000839
183	1	19	1	P99	12	-0.001192	-0.001192	0.000839	0.000839
183	1	19	1	P999	12	-0.001192	-0.001192	0.000839	0.000839
183	2	22	2	P1	1	-0.002324	-0.002324	0.000220	0.000220
183	2	22	2	P50	1	0.000093	-0.000127	0.002642	0.002422
183	2	22	2	P75	1	0.001193	0.001193	0.003745	0.003745
183	2	22	2	P90	12	-0.003057	-0.003057	-0.001030	-0.001030
183	2	22	2	P95	12	-0.002125	-0.002125	-0.000096	-0.000096
183	2	22	2	P99	12	-0.001192	-0.001192	0.000839	0.000839
183	2	22	2	P999	12	-0.001192	-0.001192	0.000839	0.000839
183	3	26	3	P1	1	-0.003298	-0.003298	0.000220	0.000220
183	3	26	3	P50	1	-0.000445	-0.000665	0.003083	0.002863
183	3	26	3	P75	12	-0.004451	-0.004451	-0.001030	-0.001030
183	3	26	3	P90	55	0.000127	0.000127	0.003507	0.003507
183	3	26	3	P95	56	-0.001070	-0.001070	-0.001434	-0.001434
183	3	26	3	P99	56	0.000799	0.000799	0.000434	0.000434
183	3	26	3	P999	56	0.000799	0.000799	0.000434	0.000434
183	4	30	4	P1	1	-0.003321	-0.003321	0.000197	0.000197
183	4	30	4	P50	1	-0.000376	-0.000572	0.003153	0.002955
183	4	30	4	P75	12	-0.005381	-0.005381	-0.001963	-0.001963
183	4	30	4	P90	55	0.000127	-0.018392	0.003507	-0.015074
183	4	30	4	P95	56	-0.001070	-0.001070	-0.001434	-0.001434
183	4	30	4	P99	56	0.000799	0.000799	0.000434	0.000434
183	4	30	4	P999	56	0.000799	0.000799	0.000434	0.000434
183	5	35	5	P1	1	-0.003321	-0.003321	0.000197	0.000197
183	5	35	5	P50	1	0.000018	0.000018	0.003548	0.003548
183	5	35	5	P75	5	0.001900	0.001900	0.001625	0.001625
183	5	35	5	P90	54	-0.000215	-0.000215	0.003165	0.003165
183	5	35	5	P95	56	-0.001070	-0.001070	-0.001434	-0.001434
183	5	35	5	P99	56	0.000799	0.000799	0.000434	0.000434
183	5	35	5	P999	56	0.000799	0.000799	0.000434	0.000434
183	6	47	6	P1	1	-0.003397	-0.003397	0.000121	0.000121
183	6	47	6	P50	1	-0.000629	-0.000629	0.002898	0.002898
183	6	47	6	P75	3	0.000604	0.000604	0.000349	0.000349
183	6	47	6	P90	12	-0.002589	-0.002589	0.000839	0.000839
183	6	47	6	P95	55	0.000127	0.000127	0.003507	0.003507
183	6	47	6	P99	56	0.000799	0.000799	0.000434	0.000434
183	6	47	6	P999	56	0.000799	0.000799	0.000434	0.000434
183	7	50	7	P1	1	-0.003404	-0.003404	0.000113	0.000113
183	7	50	7	P50	1	-0.000578	-0.000691	0.002949	0.002836
183	7	50	7	P75	3	-0.001264	-0.001264	-0.001519	-0.001519
183	7	50	7	P90	12	-0.002589	-0.003521	0.000839	-0.000096
183	7	50	7	P95	55	0.000127	0.000127	0.003507	0.003507
183	7	50	7	P99	56	0.000799	0.000799	0.000434	0.000434
183	7	50	7	P999	56	0.000799	0.000799	0.000434	0.000434
184	1	6	1	P1	1	-0.002401	-0.002401	0.001247	0.001247
184	1	6	1	P50	52	-0.000069	-0.980768	0.003527	-0.980697
184	1	6	1	P75	55	-0.000088	-0.000088	0.003507	0.003507
184	1	6	1	P90	60	0.002617	0.002617	0.002466	0.002466
184	1	6	1	P95	60	0.002617	0.002617	0.002466	0.002466
184	1	6	1	P99	60	0.002617	0.002617	0.002466	0.002466
184	1	6	1	P999	60	0.002617	0.002617	0.002466	0.002466
184	2	11	2	P1	1	-0.002401	-0.002401	0.001247	0.001247
184	2	11	2	P50	4	-0.001891	-0.001891	-0.002000	-0.002000
184	2	11	2	P75	52	-0.000069	-0.000069	0.003527	0.003527
184	2	11	2	P90	55	-0.000088	-0.000088	0.003507	0.003507
184	2	11	2	P95	60	0.002617	0.002617	0.002466	0.002466
184	2	11	2	P99	60	0.002617	0.002617	0.002466	0.002466
184	2	11	2	P999	60	0.002617	0.002617	0.002466	0.002466
184	3	33	3	P1	1	-0.003494	-0.003494	0.000150	0.000150
184	3	33	3	P50	1	-0.001108	-0.001108	0.002545	0.002545
184	3	33	3	P75	1	0.000088	0.000088	0.003745	0.003745
184	3	33	3	P90	4	0.000599	0.000599	0.000490	0.000490
184	3	33	3	P95	55	-0.000088	-0.000088	0.003507	0.003507
184	3	33	3	P99	60	0.002617	0.002617	0.002466	0.002466
184	3	33	3	P999	60	0.002617	0.002617	0.002466	0.002466
184	4	36	4	P1	1	-0.003494	-0.003494	0.000150	0.000150
184	4	36	4	P50	1	-0.000809	-0.000958	0.002845	0.002695
184	4	36	4	P75	4	-0.001891	-0.249660	-0.002000	-0.249738
184	4	36	4	P90	12	0.000965	0.000965	0.000839	0.000839
184	4	36	4	P95	55	-0.000088	-0.000088	0.003507	0.003507
184	4	36	4	P99	60	0.002617	0.002617	0.002466	0.002466
184	4	36	4	P999	60	0.002617	0.002617	0.002466	0.002466
184	5	39	5	P1	1	-0.003505	-0.003505	0.000138	0.000138
184	5	39	5	P50	1	-0.000881	-0.000881	0.002773	0.002773
184	5	39	5	P75	3	0.000454	0.000454	0.000349	0.000349
184	5	39	5	P90	12	0.000965	0.000965	0.000839	0.000839
184	5	39	5	P95	55	-0.000088	-0.000088	0.003507	0.003507
184	5	39	5	P99	60	0.002617	0.002617	0.002466	0.002466
184	5	39	5	P999	60	0.002617	0.002617	0.002466	0.002466
184	6	46	6	P1	1	-0.003505	-0.003505	0.000138	0.000138
184	6	46	6	P50	1	-0.000327	-0.000466	0.003328	0.003189
184	6	46	6	P75	11	-0.001735	-0.001735	0.001879	0.001879
184	6	46	6	P90	55	-0.000088	-0.000088	0.003507	0.003507
184	6	46	6	P95	56	0.000584	0.000584	0.000434	0.000434
184	6	46	6	P99	60	0.002617	0.002617	0.002466	0.002466
184	6	46	6	P999	60	0.002617	0.002617	0.002466	0.002466
184	7	53	7	P1	1	-0.003527	-0.003527	0.000117	0.000117
184	7	53	7	P50	1	-0.000496	-0.000496	0.003159	0.003159
184	7	53	7	P75	4	0.000599	0.000599	0.000490	0.000490
184	7	53	7	P90	55	-0.001333	-0.001333	0.002257	0.002257
184	7	53	7	P95	56	0.000584	0.000584	0.000434	0.000434
184	7	53	7	P99	60	0.002617	0.002617	0.002466	0.002466
184	7	53	7	P999	60	0.002617	0.002617	0.002466	0.002466
185	1	25	1	P1	1	-0.002100	-0.002100	0.000187	0.000187
185	1	25	1	P50	1	0.000141	0.000141	0.002433	0.002433
185	1	25	1	P75	1	0.001264	0.001264	0.003557	0.003557
185	1	25	1	P90	3	0.002078	0.002078	0.000349	0.000349
185	1	25	1	P95	4	-0.003314	-0.003314	-0.001378	-0.001378
185	1	25	1	P99	4	-0.001449	-0.001449	0.000490	0.000490
185	1	25	1	P999	4	-0.001449	-0.001449	0.000490	0.000490
185	2	29	2	P1	1	-0.001992	-0.001992	0.000187	0.000187
185	2	29	2	P50	1	0.000623	0.000623	0.002807	0.002807
185	2	29	2	P75	3	0.000958	0.000958	-0.000897	-0.000897
185	2	29	2	P90	11	-0.002145	-0.002145	-0.000615	-0.000615
185	2	29	2	P95	11	-0.000901	-0.000901	0.000631	0.000631
185	2	29	2	P99	11	0.000345	0.000345	0.001879	0.001879
185	2	29	2	P999	11	0.000345	0.000345	0.001879	0.001879
185	3	35	3	P1	1	-0.003464	-0.003464	0.000187	0.000187
185	3	35	3	P50	1	-0.000293	-0.000293	0.003370	0.003370
185	3	35	3	P75	11	-0.000501	-0.000501	-0.000615	-0.000615
185	3	35	3	P90	55	0.003645	0.003645	0.003507	0.003507
185	3	35	3	P95	57	0.001563	0.001563	0.001426	0.001426
185	3	35	3	P99	58	0.002864	0.002864	0.002726	0.002726
185	3	35	3	P999	58	0.002864	0.002864	0.002726	0.002726
185	4	41	4	P1	1	-0.003495	-0.003495	0.000156	0.000156
185	4	41	4	P50	1	-0.000386	-0.000386	0.003276	0.003276
185	4	41	4	P75	4	-0.003143	-0.003143	0.000490	0.000490
185	4	41	4	P90	54	0.003302	0.003302	0.003165	0.003165
185	4	41	4	P95	56	0.000572	0.000572	0.000434	0.000434
185	4	41	4	P99	58	0.002864	0.002864	0.002726	0.002726
185	4	41	4	P999	58	0.002864	0.002864	0.002726	0.002726
185	5	46	5	P1	1	-0.003495	-0.003495	0.000156	0.000156
185	5	46	5	P50	1	0.000081	-0.000075	0.003745	0.003589
185	5	46	5	P75	4	0.000590	0.000590	0.000490	0.000490
185	5	46	5	P90	54	0.003302	0.003302	0.003165	0.003165
185	5	46	5	P95	56	0.000572	0.000572	0.000434	0.000434
185	5	46	5	P99	58	0.002864	0.002864	0.002726	0.002726
185	5	46	5	P999	58	0.002864	0.002864	0.002726	0.002726
185	6	55	6	P1	1	-0.003538	-0.003538	0.000113	0.000113
185	6	55	6	P50	1	-0.000485	-0.000485	0.003177	0.003177
185	6	55	6	P75	4	-0.001900	-0.001900	-0.001005	-0.001005
185	6	55	6	P90	52	-0.000081	-0.000081	0.003527	0.003527
185	6	55	6	P95	56	0.000572	0.000572	0.000434	0.000434
185	6	55	6	P99	58	0.002864	0.002864	0.002726	0.002726
185	6	55	6	P999	58	0.002864	0.002864	0.002726	0.002726
185	7	57	7	P1	1	-0.003538	-0.003538	0.000113	0.000113
185	7	57	7	P50	1	-0.000372	-0.000372	0.003290	0.003290
185	7	57	7	P75	4	-0.000656	-0.000656	-0.000258	-0.000258
185	7	57	7	P90	52	-0.000081	-0.000081	0.003527	0.003527
185	7	57	7	P95	56	0.000572	0.000572	0.000434	0.000434
185	7	57	7	P99	58	0.002864	0.002864	0.002726	0.002726
185	7	57	7	P999	58	0.002864	0.002864	0.002726	0.002726
186	1	4	1	P1	1	-0.001013	-0.001013	0.001871	0.001871
186	1	4	1	P50	53	0.000872	-0.981116	0.003168	-0.981061
186	1	4	1	P75	57	-0.000856	-0.069365	0.001426	-0.067230
186	1	4	1	P90	57	-0.000856	-0.000856	0.001426	0.001426
186	1	4	1	P95	57	-0.000856	-0.000856	0.001426	0.001426
186	1	4	1	P99	57	-0.000856	-0.000856	0.001426	0.001426
186	1	4	1	P999	57	-0.000856	-0.000856	0.001426	0.001426
186	2	6	2	P1	1	-0.001635	-0.001635	0.001247	0.001247
186	2	6	2	P50	2	0.003078	-0.499572	0.002116	-0.498128
186	2	6	2	P75	53	0.000872	0.000872	0.003168	0.003168
186	2	6	2	P90	57	-0.000856	-0.000856	0.001426	0.001426
186	2	6	2	P95	57	-0.000856	-0.000856	0.001426	0.001426
186	2	6	2	P99	57	-0.000856	-0.000856	0.001426	0.001426
186	2	6	2	P999	57	-0.000856	-0.000856	0.001426	0.001426
186	3	11	3	P1	1	-0.001635	-0.001635	0.001247	0.001247
186	3	11	3	P50	3	0.001369	0.001369	0.000349	0.000349
186	3	11	3	P75	5	0.002724	0.002724	0.001625	0.001625
186	3	11	3	P90	53	0.000872	0.000872	0.003168	0.003168
186	3	11	3	P95	57	-0.000856	-0.000856	0.001426	0.001426
186	3	11	3	P99	57	-0.000856	-0.000856	0.001426	0.001426
186	3	11	3	P999	57	-0.000856	-0.000856	0.001426	0.001426
186	4	64	4	P1	1	-0.002812	-0.002812	0.000067	0.000067
186	4	64	4	P50	1	-0.000679	-0.000746	0.002205	0.002138
186	4	64	4	P75	1	0.000389	0.000322	0.003276	0.003209
186	4	64	4	P90	3	-0.000501	-0.000501	-0.001519	-0.001519
186	4	64	4	P95	4	0.001554	0.001554	0.000490	0.000490
186	4	64	4	P99	57	-0.000856	-0.000856	0.001426	0.001426
186	4	64	4	P999	57	-0.000856	-0.000856	0.001426	0.001426
186	5	68	5	P1	1	-0.002812	-0.002812	0.000067	0.000067
186	5	68	5	P50	1	-0.000546	-0.000612	0.002339	0.002272
186	5	68	5	P75	1	0.000589	0.000523	0.003477	0.003410
186	5	68	5	P90	5	0.002724	0.002724	0.001625	0.001625
186	5	68	5	P95	11	-0.000648	-0.000648	0.001879	0.001879
186	5	68	5	P99	57	-0.000856	-0.000856	0.001426	0.001426
186	5	68	5	P999	57	-0.000856	-0.000856	0.001426	0.001426
186	6	95	6	P1	1	-0.002825	-0.002825	0.000053	0.000053
186	6	95	6	P50	1	-0.000319	-0.000319	0.002566	0.002566
186	6	95	6	P75	2	-0.003821	-0.003821	-0.001089	-0.001089
186	6	95	6	P90	3	0.001369	0.001369	0.000349	0.000349
186	6	95	6	P95	11	-0.002515	-0.002515	0.000008	0.000008
186	6	95	6	P99	57	-0.000856	-0.000856	0.001426	0.001426
186	6	95	6	P999	57	-0.000856	-0.000856	0.001426	0.001426
186	7	99	7	P1	1	-0.002825	-0.002825	0.000053	0.000053
186	7	99	7	P50	1	-0.000212	-0.000212	0.002674	0.002674
186	7	99	7	P75	2	-0.002961	-0.002961	-0.000289	-0.000289
186	7	99	7	P90	10	0.001199	0.001199	0.003745	0.003745
186	7	99	7	P95	53	-0.000997	-0.000997	0.001294	0.001294
186	7	99	7	P99	68	0.002139	0.002139	0.000653	0.000653
186	7	99	7	P999	68	0.002139	0.002139	0.000653	0.000653
187	1	9	1	P1	1	-0.000419	-0.000419	0.001871	0.001871
187	1	9	1	P50	4	-0.004245	-0.004245	-0.002311	-0.002311
187	1	9	1	P75	4	-0.002382	-0.002382	-0.000445	-0.000445
187	1	9	1	P90	5	-0.000259	-0.000259	0.001625	0.001625
187	1	9	1	P95	5	-0.000259	-0.000259	0.001625	0.001625
187	1	9	1	P99	5	-0.000259	-0.000259	0.001625	0.001625
187	1	9	1	P999	5	-0.000259	-0.000259	0.001625	0.001625
187	2	27	2	P1	1	-0.002100	-0.002100	0.000187	0.000187
187	2	27	2	P50	1	0.000328	0.000328	0.002620	0.002620
187	2	27	2	P75	2	0.001871	0.001871	0.000245	0.000245
187	2	27	2	P90	4	-0.002382	-0.002382	-0.000445	-0.000445
187	2	27	2	P95	4	-0.001449	-0.001449	0.000490	0.000490
187	2	27	2	P99	5	-0.000259	-0.000259	0.001625	0.001625
187	2	27	2	P999	5	-0.000259	-0.000259	0.001625	0.001625
187	3	158	3	P1	1	-0.002237	-0.002237	0.000050	0.000050
187	3	158	3	P50	1	-0.000295	-0.000320	0.001996	0.001971
187	3	158	3	P75	1	0.000677	0.000677	0.002970	0.002970
187	3	158	3	P90	1	0.001276	0.001276	0.003570	0.003570
187	3	158	3	P95	2	0.001247	0.001247	-0.000378	-0.000378
187	3	158	3	P99	4	-0.001449	-0.001449	0.000490	0.000490
187	3	158	3	P999	5	-0.000259	-0.000259	0.001625	0.001625
187	4	169	4	P1	1	-0.002914	-0.002914	0.000050	0.000050
187	4	169	4	P50	1	-0.000849	-0.000849	0.002120	0.002120
187	4	169	4	P75	1	0.000197	0.000197	0.003170	0.003170
187	4	169	4	P90	2	0.002982	0.002982	0.002116	0.002116
187	4	169	4	P95	11	-0.003754	-0.003754	-0.001113	-0.001113
187	4	169	4	P99	12	0.001943	0.001943	0.000839	0.000839
187	4	169	4	P999	13	0.000407	0.000407	0.003036	0.003036
187	5	195	5	P1	1	-0.002918	-0.002918	0.000046	0.000046
187	5	195	5	P50	1	-0.000720	-0.000720	0.002250	0.002250
187	5	195	5	P75	1	0.000403	0.000403	0.003377	0.003377
187	5	195	5	P90	2	-0.000761	-0.000761	0.001414	0.001414
187	5	195	5	P95	10	0.001079	0.001079	0.003745	0.003745
187	5	195	5	P99	12	0.001943	0.001943	0.000839	0.000839
187	5	195	5	P999	13	0.000407	0.000407	0.003036	0.003036
187	6	205	6	P1	1	-0.003449	-0.003449	0.000069	0.000069
187	6	205	6	P50	1	-0.001161	-0.001161	0.002365	0.002365
187	6	205	6	P75	1	0.000008	0.000008	0.003538	0.003538
187	6	205	6	P90	10	-0.001568	-0.001568	0.001871	0.001871
187	6	205	6	P95	13	-0.000398	-0.000398	0.003036	0.003036
187	6	205	6	P99	57	0.000543	0.000543	0.000179	0.000179
187	6	205	6	P999	65	0.001287	0.001287	0.000918	0.000918
187	7	208	7	P1	1	-0.003451	-0.003451	0.000068	0.000068
187	7	208	7	P50	1	-0.001159	-0.001182	0.002367	0.002345
187	7	208	7	P75	1	0.000011	-0.000011	0.003542	0.003519
187	7	208	7	P90	10	-0.001568	-0.001568	0.001871	0.001871
187	7	208	7	P95	13	-0.000398	-0.000398	0.003036	0.003036
187	7	208	7	P99	57	0.000543	0.000543	0.000179	0.000179
187	7	208	7	P999	65	0.001287	0.001287	0.000918	0.000918
188	1	45	0	P1	1	-0.003644	-0.003644	0.000087	0.000087
188	1	45	0	P50	1	-0.001737	-0.001737	0.002001	0.002001
188	1	45	0	P75	1	-0.000782	-0.000782	0.002960	0.002960
188	1	45	0	P90	1	-0.000174	-0.000174	0.003570	0.003570
188	1	45	0	P95	1	-0.000000	-0.000000	0.003745	0.003745
188	1	45	0	P99	2	0.002116	0.002116	0.002116	0.002116
188	1	45	0	P999	2	0.002116	0.002116	0.002116	0.002116
188	2	55	0	P1	1	-0.003658	-0.003658	0.000073	0.000073
188	2	55	0	P50	1	-0.001684	-0.001684	0.002054	0.002054
188	2	55	0	P75	1	-0.000659	-0.000659	0.003083	0.003083
188	2	55	0	P90	1	-0.000073	-0.000073	0.003671	0.003671
188	2	55	0	P95	2	0.000245	0.000245	0.000245	0.000245
188	2	55	0	P99	2	0.002116	0.002116	0.002116	0.002116
188	2	55	0	P999	2	0.002116	0.002116	0.002116	0.002116
188	3	61	1	P1	1	-0.002734	-0.002734	0.000073	0.000073
188	3	61	1	P50	1	-0.000538	-0.000538	0.002275	0.002275
188	3	61	1	P75	1	0.000561	0.000561	0.003377	0.003377
188	3	61	1	P90	2	0.003158	0.003158	0.002116	0.002116
188	3	61	1	P95	4	-0.000851	-0.000851	-0.002000	-0.002000
188	3	61	1	P99	5	-0.000927	-0.000927	0.001625	0.001625
188	3	61	1	P999	5	-0.000927	-0.000927	0.001625	0.001625
188	4	64	2	P1	1	-0.002738	-0.002738	0.000069	0.000069
188	4	64	2	P50	1	-0.000526	-0.000595	0.002287	0.002218
188	4	64	2	P75	1	0.000581	0.000512	0.003398	0.003328
188	4	64	2	P90	2	0.003158	0.003158	0.002116	0.002116
188	4	64	2	P95	4	-0.000851	-0.000851	-0.002000	-0.002000
188	4	64	2	P99	5	-0.000927	-0.000927	0.001625	0.001625
188	4	64	2	P999	5	-0.000927	-0.000927	0.001625	0.001625
188	5	100	3	P1	1	-0.002724	-0.002766	0.000083	0.000042
188	5	100	3	P50	1	-0.000692	-0.000734	0.002120	0.002079
188	5	100	3	P75	1	0.000346	0.000304	0.003161	0.003120
188	5	100	3	P90	2	0.000350	-0.499536	-0.000689	-0.498128
188	5	100	3	P95	3	0.001454	-0.000416	0.000349	-0.001519
188	5	100	3	P99	5	-0.000927	-0.198686	0.001625	-0.199608
188	5	100	3	P999	5	-0.000927	-0.000927	0.001625	0.001625
188	6	102	4	P1	1	-0.002881	-0.002881	0.000083	0.000083
188	6	102	4	P50	1	-0.000808	-0.000849	0.002162	0.002120
188	6	102	4	P75	1	0.000230	0.000230	0.003203	0.003203
188	6	102	4	P90	2	0.001109	0.001109	0.000245	0.000245
188	6	102	4	P95	4	-0.001046	-0.001046	-0.002000	-0.002000
188	6	102	4	P99	11	-0.000770	-0.000770	0.001879	0.001879
188	6	102	4	P999	12	0.001943	0.001943	0.000839	0.000839
188	7	132	5	P1	1	-0.002893	-0.002893	0.000071	0.000071
188	7	132	5	P50	1	-0.000605	-0.000640	0.002365	0.002330
188	7	132	5	P75	1	0.000559	0.000524	0.003533	0.003497
188	7	132	5	P90	2	-0.000761	-0.000761	0.001235	0.001235
188	7	132	5	P95	3	0.001267	0.001267	0.000349	0.000349
188	7	132	5	P99	11	-0.000770	-0.000770	0.001879	0.001879
188	7	132	5	P999	12	0.001943	0.001943	0.000839	0.000839
189	1	4	1	P1	1	0.002430	0.002430	0.003745	0.003745
189	1	4	1	P50	53	0.002484	-0.962230	0.003168	-0.962184
189	1	4	1	P75	55	-0.000912	-0.033970	0.003507	-0.033311
189	1	4	1	P90	55	-0.000912	-0.000912	0.003507	0.003507
189	1	4	1	P95	55	-0.000912	-0.000912	0.003507	0.003507
189	1	4	1	P99	55	-0.000912	-0.000912	0.003507	0.003507
189	1	4	1	P999	55	-0.000912	-0.000912	0.003507	0.003507
189	2	9	2	P1	1	0.002430	0.002430	0.003745	0.003745
189	2	9	2	P50	4	-0.002468	-0.002468	-0.001378	-0.001378
189	2	9	2	P75	4	-0.000601	-0.000601	0.000490	0.000490
189	2	9	2	P90	55	-0.000912	-0.000912	0.003507	0.003507
189	2	9	2	P95	55	-0.000912	-0.000912	0.003507	0.003507
189	2	9	2	P99	55	-0.000912	-0.000912	0.003507	0.003507
189	2	9	2	P999	55	-0.000912	-0.000912	0.003507	0.003507
189	3	72	3	P1	1	-0.003583	-0.003583	0.000059	0.000059
189	3	72	3	P50	1	-0.001418	-0.001479	0.002198	0.002138
189	3	72	3	P75	1	-0.000334	-0.000394	0.003269	0.003209
189	3	72	3	P90	2	0.002215	0.002215	0.002116	0.002116
189	3	72	3	P95	4	-0.000336	-0.000336	-0.000445	-0.000445
189	3	72	3	P99	55	-0.000088	-0.000088	0.003507	0.003507
189	3	72	3	P999	55	-0.000088	-0.000088	0.003507	0.003507
189	4	81	4	P1	1	-0.003583	-0.003583	0.000059	0.000059
189	4	81	4	P50	1	-0.001177	-0.001177	0.002436	0.002436
189	4	81	4	P75	1	0.000028	0.000028	0.003626	0.003626
189	4	81	4	P90	11	-0.002668	-0.002668	0.000943	0.000943
189	4	81	4	P95	12	0.000965	0.000965	0.000839	0.000839
189	4	81	4	P99	55	-0.000088	-0.000088	0.003507	0.003507
189	4	81	4	P999	55	-0.000088	-0.000088	0.003507	0.003507
189	5	109	5	P1	1	-0.003544	-0.003544	0.000098	0.000098
189	5	109	5	P50	1	-0.000908	-0.000908	0.002709	0.002709
189	5	109	5	P75	2	-0.003761	-0.003761	-0.000305	-0.000305
189	5	109	5	P90	11	-0.004530	-0.004530	-0.000926	-0.000926
189	5	109	5	P95	12	-0.000281	-0.000281	-0.000407	-0.000407
189	5	109	5	P99	53	0.003317	0.003317	0.003168	0.003168
189	5	109	5	P999	55	-0.000088	-0.000088	0.003507	0.003507
189	6	116	6	P1	1	-0.003544	-0.003544	0.000098	0.000098
189	6	116	6	P50	1	-0.000709	-0.000759	0.002906	0.002857
189	6	116	6	P75	2	-0.002271	-0.002519	0.001015	0.000795
189	6	116	6	P90	12	0.000965	0.000965	0.000839	0.000839
189	6	116	6	P95	55	-0.002577	-0.002577	0.001009	0.001009
189	6	116	6	P99	57	0.001575	0.001575	0.001426	0.001426
189	6	116	6	P999	59	0.000730	0.000730	0.000580	0.000580
189	7	123	7	P1	1	-0.003549	-0.003549	0.000093	0.000093
189	7	123	7	P50	1	-0.000716	-0.000716	0.002901	0.002901
189	7	123	7	P75	2	-0.002022	-0.002022	0.000806	0.000806
189	7	123	7	P90	12	-0.000281	-0.000281	-0.000407	-0.000407
189	7	123	7	P95	54	-0.000429	-0.000429	0.003165	0.003165
189	7	123	7	P99	57	0.001575	0.001575	0.001426	0.001426
189	7	123	7	P999	59	0.000730	0.000730	0.000580	0.000580
190	1	17	1	P1	1	-0.001975	-0.001975	0.000312	0.000312
190	1	17	1	P50	1	0.000515	0.000515	0.002807	0.002807
190	1	17	1	P75	3	-0.000417	-0.000417	-0.002141	-0.002141
190	1	17	1	P90	4	-0.003314	-0.003314	-0.001378	-0.001378
190	1	17	1	P95	4	-0.001449	-0.001449	0.000490	0.000490
190	1	17	1	P99	4	-0.001449	-0.001449	0.000490	0.000490
190	1	17	1	P999	4	-0.001449	-0.001449	0.000490	0.000490
190	2	19	2	P1	1	-0.002653	-0.002653	0.000312	0.000312
190	2	19	2	P50	1	0.000147	0.000147	0.003120	0.003120
190	2	19	2	P75	3	0.001267	0.001267	0.000349	0.000349
190	2	19	2	P90	11	-0.000770	-0.000770	0.001879	0.001879
190	2	19	2	P95	12	0.001943	0.001943	0.000839	0.000839
190	2	19	2	P99	12	0.001943	0.001943	0.000839	0.000839
190	2	19	2	P999	12	0.001943	0.001943	0.000839	0.000839
190	3	21	3	P1	1	-0.002698	-0.002698	0.000267	0.000267
190	3	21	3	P50	1	-0.000031	-0.000031	0.002941	0.002941
190	3	21	3	P75	3	0.000020	0.000020	-0.000897	-0.000897
190	3	21	3	P90	4	-0.002290	-0.002290	0.000490	0.000490
190	3	21	3	P95	11	-0.000770	-0.000770	0.001879	0.001879
190	3	21	3	P99	12	0.001943	0.001943	0.000839	0.000839
190	3	21	3	P999	12	0.001943	0.001943	0.000839	0.000839
190	4	23	4	P1	1	-0.002245	-0.002245	0.000267	0.000267
190	4	23	4	P50	1	0.000690	0.000690	0.003209	0.003209
190	4	23	4	P75	4	-0.003593	-0.003593	-0.001378	-0.001378
190	4	23	4	P90	12	0.002595	0.002595	0.000839	0.000839
190	4	23	4	P95	55	0.001841	0.001841	0.003507	0.003507
190	4	23	4	P99	56	-0.001223	-0.001223	0.000434	0.000434
190	4	23	4	P999	56	-0.001223	-0.001223	0.000434	0.000434
190	5	25	5	P1	1	-0.002278	-0.002278	0.000234	0.000234
190	5	25	5	P50	1	0.000523	0.000523	0.003042	0.003042
190	5	25	5	P75	3	0.001808	0.001808	0.000349	0.000349
190	5	25	5	P90	12	0.002595	0.002595	0.000839	0.000839
190	5	25	5	P95	55	0.001841	0.001841	0.003507	0.003507
190	5	25	5	P99	56	-0.001223	-0.001223	0.000434	0.000434
190	5	25	5	P999	56	-0.001223	-0.001223	0.000434	0.000434
190	6	30	6	P1	1	-0.002278	-0.002278	0.000234	0.000234
190	6	30	6	P50	1	0.001225	0.000991	0.003745	0.003510
190	6	30	6	P75	4	-0.001728	-0.001728	-0.001751	-0.001751
190	6	30	6	P90	12	0.002595	-0.083450	0.000839	-0.081611
190	6	30	6	P95	55	0.001841	0.001841	0.003507	0.003507
190	6	30	6	P99	56	-0.001223	-0.001223	0.000434	0.000434
190	6	30	6	P999	56	-0.001223	-0.001223	0.000434	0.000434
190	7	49	7	P1	1	-0.002405	-0.002405	0.000107	0.000107
190	7	49	7	P50	1	0.000156	0.000156	0.002674	0.002674
190	7	49	7	P75	3	-0.000436	-0.000436	-0.001892	-0.001892
190	7	49	7	P90	4	0.002011	0.002011	0.000490	0.000490
190	7	49	7	P95	12	0.002595	0.002595	0.000839	0.000839
190	7	49	7	P99	56	-0.001223	-0.001223	0.000434	0.000434
190	7	49	7	P999	56	-0.001223	-0.001223	0.000434	0.000434
191	1	7	1	P1	1	-0.001721	-0.001721	0.001247	0.001247
191	1	7	1	P50	2	0.002982	0.002982	0.002116	0.002116
191	1	7	1	P75	11	-0.002014	-0.002014	0.000631	0.000631
191	1	7	1	P90	11	-0.000770	-0.000770	0.001879	0.001879
191	1	7	1	P95	11	-0.000770	-0.000770	0.001879	0.001879
191	1	7	1	P99	11	-0.000770	-0.000770	0.001879	0.001879
191	1	7	1	P999	11	-0.000770	-0.000770	0.001879	0.001879
191	2	10	2	P1	1	-0.002276	-0.002276	0.001247	0.001247
191	2	10	2	P50	11	-0.002800	-0.004042	0.000631	-0.000615
191	2	10	2	P75	53	-0.000214	-0.000214	0.003168	0.003168
191	2	10	2	P90	55	0.000126	-0.014717	0.003507	-0.015074
191	2	10	2	P95	55	0.000126	0.000126	0.003507	0.003507
191	2	10	2	P99	55	0.000126	0.000126	0.003507	0.003507
191	2	10	2	P999	55	0.000126	0.000126	0.003507	0.003507
191	3	13	3	P1	1	-0.002897	-0.002897	0.000623	0.000623
191	3	13	3	P50	2	0.002356	0.002356	0.002116	0.002116
191	3	13	3	P75	11	-0.001557	-0.001557	0.001879	0.001879
191	3	13	3	P90	54	0.003529	0.003529	0.003165	0.003165
191	3	13	3	P95	55	0.000126	0.000126	0.003507	0.003507
191	3	13	3	P99	55	0.000126	0.000126	0.003507	0.003507
191	3	13	3	P999	55	0.000126	0.000126	0.003507	0.003507
191	4	18	4	P1	1	-0.002897	-0.002897	0.000623	0.000623
191	4	18	4	P50	4	0.000756	-0.001113	0.000490	-0.001378
191	4	18	4	P75	11	-0.002800	-0.002800	0.000631	0.000631
191	4	18	4	P90	54	0.003529	0.003529	0.003165	0.003165
191	4	18	4	P95	55	0.000126	0.000126	0.003507	0.003507
191	4	18	4	P99	55	0.000126	0.000126	0.003507	0.003507
191	4	18	4	P999	55	0.000126	0.000126	0.003507	0.003507
191	5	30	5	P1	1	-0.003311	-0.003311	0.000208	0.000208
191	5	30	5	P50	1	-0.000201	-0.000409	0.003328	0.003120
191	5	30	5	P75	5	0.000029	0.000029	-0.000245	-0.000245
191	5	30	5	P90	53	-0.000214	-0.792776	0.003168	-0.792063
191	5	30	5	P95	54	0.003529	0.003529	0.003165	0.003165
191	5	30	5	P99	55	0.000126	0.000126	0.003507	0.003507
191	5	30	5	P999	55	0.000126	0.000126	0.003507	0.003507
191	6	33	6	P1	1	-0.003311	-0.003311	0.000208	0.000208
191	6	33	6	P50	1	0.000006	0.000006	0.003537	0.003537
191	6	33	6	P75	11	-0.004042	-0.004042	-0.000926	-0.000926
191	6	33	6	P90	13	-0.000398	-0.000398	0.003036	0.003036
191	6	33	6	P95	54	0.003529	0.003529	0.003165	0.003165
191	6	33	6	P99	55	0.000126	0.000126	0.003507	0.003507
191	6	33	6	P999	55	0.000126	0.000126	0.003507	0.003507
191	7	36	7	P1	1	-0.003332	-0.003332	0.000187	0.000187
191	7	36	7	P50	1	0.000027	-0.000160	0.003557	0.003370
191	7	36	7	P75	11	-0.004042	-0.544591	-0.000926	-0.544716
191	7	36	7	P90	13	-0.000398	-0.000398	0.003036	0.003036
191	7	36	7	P95	54	0.003529	0.003529	0.003165	0.003165
191	7	36	7	P99	55	0.000126	0.000126	0.003507	0.003507
191	7	36	7	P999	55	0.000126	0.000126	0.003507	0.003507
192	1	6	1	P1	1	0.002548	0.002548	0.003745	0.003745
192	1	6	1	P50	52	-0.000692	-0.961498	0.003527	-0.961457
192	1	6	1	P75	54	-0.001046	-0.001046	0.003165	0.003165
192	1	6	1	P90	59	0.000128	0.000128	0.000580	0.000580
192	1	6	1	P95	59	0.000128	0.000128	0.000580	0.000580
192	1	6	1	P99	59	0.000128	0.000128	0.000580	0.000580
192	1	6	1	P999	59	0.000128	0.000128	0.000580	0.000580
192	2	11	2	P1	1	0.002548	0.002548	0.003745	0.003745
192	2	11	2	P50	4	-0.002940	-0.002940	-0.002000	-0.002000
192	2	11	2	P75	52	-0.000692	-0.000692	0.003527	0.003527
192	2	11	2	P90	54	-0.001046	-0.001046	0.003165	0.003165
192	2	11	2	P95	59	0.000128	0.000128	0.000580	0.000580
192	2	11	2	P99	59	0.000128	0.000128	0.000580	0.000580
192	2	11	2	P999	59	0.000128	0.000128	0.000580	0.000580
192	3	30	3	P1	1	-0.003321	-0.003321	0.000187	0.000187
192	3	30	3	P50	1	-0.000376	-0.000572	0.002995	0.002807
192	3	30	3	P75	3	0.002476	0.002476	-0.001519	-0.001519
192	3	30	3	P90	52	0.000145	-0.923019	0.003527	-0.923039
192	3	30	3	P95	54	-0.000215	-0.000215	0.003165	0.003165
192	3	30	3	P99	59	0.000947	0.000947	0.000580	0.000580
192	3	30	3	P999	59	0.000947	0.000947	0.000580	0.000580
192	4	33	4	P1	1	-0.003321	-0.003321	0.000187	0.000187
192	4	33	4	P50	1	-0.000179	-0.000179	0.003182	0.003182
192	4	33	4	P75	4	-0.001734	-0.001734	-0.002000	-0.002000
192	4	33	4	P90	12	0.001146	0.001146	0.000839	0.000839
192	4	33	4	P95	54	-0.000215	-0.000215	0.003165	0.003165
192	4	33	4	P99	59	0.000947	0.000947	0.000580	0.000580
192	4	33	4	P999	59	0.000947	0.000947	0.000580	0.000580
192	5	36	5	P1	1	-0.003348	-0.003348	0.000163	0.000163
192	5	36	5	P50	1	-0.000295	-0.000465	0.003093	0.002930
192	5	36	5	P75	4	-0.001734	-0.246736	-0.002000	-0.249738
192	5	36	5	P90	12	0.001146	0.001146	0.000839	0.000839
192	5	36	5	P95	54	-0.000215	-0.000215	0.003165	0.003165
192	5	36	5	P99	59	0.000947	0.000947	0.000580	0.000580
192	5	36	5	P999	59	0.000947	0.000947	0.000580	0.000580
192	6	39	6	P1	1	-0.003474	-0.003474	0.000163	0.000163
192	6	39	6	P50	1	-0.000252	-0.000252	0.003256	0.003256
192	6	39	6	P75	4	0.000599	0.000599	0.000490	0.000490
192	6	39	6	P90	55	-0.001955	-0.001955	0.001633	0.001633
192	6	39	6	P95	58	0.002877	0.002877	0.002726	0.002726
192	6	39	6	P99	59	0.000730	0.000730	0.000580	0.000580
192	6	39	6	P999	59	0.000730	0.000730	0.000580	0.000580
192	7	42	7	P1	1	-0.003481	-0.003481	0.000156	0.000156
192	7	42	7	P50	1	-0.000075	-0.000237	0.003432	0.003276
192	7	42	7	P75	4	-0.000647	-0.000647	-0.000756	-0.000756
192	7	42	7	P90	54	-0.000429	-0.000429	0.003165	0.003165
192	7	42	7	P95	55	-0.000088	-0.000088	0.003507	0.003507
192	7	42	7	P99	59	0.000730	0.000730	0.000580	0.000580
192	7	42	7	P999	59	0.000730	0.000730	0.000580	0.000580
193	1	10	1	P1	1	-0.001540	-0.001540	0.000748	0.000748
193	1	10	1	P50	4	-0.004245	-0.749637	-0.002311	-0.749064
193	1	10	1	P75	4	-0.002382	-0.002382	-0.000445	-0.000445
193	1	10	1	P90	5	-0.000259	-0.201159	0.001625	-0.199608
193	1	10	1	P95	5	-0.000259	-0.000259	0.001625	0.001625
193	1	10	1	P99	5	-0.000259	-0.000259	0.001625	0.001625
193	1	10	1	P999	5	-0.000259	-0.000259	0.001625	0.001625
193	2	13	2	P1	1	-0.001664	-0.001664	0.000623	0.000623
193	2	13	2	P50	2	-0.001868	-0.001868	0.000245	0.000245
193	2	13	2	P75	4	-0.003314	-0.003314	-0.001378	-0.001378
193	2	13	2	P90	4	-0.001449	-0.001449	0.000490	0.000490
193	2	13	2	P95	5	-0.000259	-0.000259	0.001625	0.001625
193	2	13	2	P99	5	-0.000259	-0.000259	0.001625	0.001625
193	2	13	2	P999	5	-0.000259	-0.000259	0.001625	0.001625
193	3	17	3	P1	1	-0.001664	-0.001664	0.000623	0.000623
193	3	17	3	P50	3	-0.003527	-0.003527	-0.001519	-0.001519
193	3	17	3	P75	4	-0.002941	-0.002941	-0.001005	-0.001005
193	3	17	3	P90	5	-0.002126	-0.002126	-0.000245	-0.000245
193	3	17	3	P95	5	-0.000259	-0.000259	0.001625	0.001625
193	3	17	3	P99	5	-0.000259	-0.000259	0.001625	0.001625
193	3	17	3	P999	5	-0.000259	-0.000259	0.001625	0.001625
193	4	24	4	P1	1	-0.001999	-0.001999	0.000288	0.000288
193	4	24	4	P50	1	0.001451	0.001163	0.003745	0.003456
193	4	24	4	P75	4	-0.003686	-0.004431	-0.001751	-0.002497
193	4	24	4	P90	4	-0.001449	-0.001449	0.000490	0.000490
193	4	24	4	P95	5	-0.002126	-0.002126	-0.000245	-0.000245
193	4	24	4	P99	5	-0.000259	-0.000259	0.001625	0.001625
193	4	24	4	P999	5	-0.000259	-0.000259	0.001625	0.001625
193	5	26	5	P1	1	-0.002256	-0.002256	0.000288	0.000288
193	5	26	5	P50	2	-0.002155	-0.499403	0.000245	-0.498128
193	5	26	5	P75	4	-0.003259	-0.003259	-0.001005	-0.001005
193	5	26	5	P90	5	-0.000588	-0.000588	0.001625	0.001625
193	5	26	5	P95	12	-0.001192	-0.001192	0.000839	0.000839
193	5	26	5	P99	13	0.001017	0.001017	0.003036	0.003036
193	5	26	5	P999	13	0.001017	0.001017	0.003036	0.003036
193	6	28	6	P1	1	-0.003289	-0.003289	0.000288	0.000288
193	6	28	6	P50	2	-0.001448	-0.003313	0.002116	0.000245
193	6	28	6	P75	4	-0.003050	-0.003795	0.000490	-0.000258
193	6	28	6	P90	13	-0.000481	-0.000481	0.003036	0.003036
193	6	28	6	P95	62	-0.002023	-0.002023	0.001447	0.001447
193	6	28	6	P99	62	-0.000156	-0.000156	0.003320	0.003320
193	6	28	6	P999	62	-0.000156	-0.000156	0.003320	0.003320
193	7	30	7	P1	1	-0.003327	-0.003327	0.000249	0.000249
193	7	30	7	P50	2	-0.003313	-0.499922	0.000245	-0.498128
193	7	30	7	P75	4	-0.003795	-0.003795	-0.000258	-0.000258
193	7	30	7	P90	13	-0.000481	-0.079390	0.003036	-0.076149
193	7	30	7	P95	62	-0.002023	-0.002023	0.001447	0.001447
193	7	30	7	P99	62	-0.000156	-0.000156	0.003320	0.003320
193	7	30	7	P999	62	-0.000156	-0.000156	0.003320	0.003320
194	1	17	1	P1	1	-0.001999	-0.001999	0.000288	0.000288
194	1	17	1	P50	1	0.000299	0.000299	0.002591	0.002591
194	1	17	1	P75	1	0.001451	0.001451	0.003745	0.003745
194	1	17	1	P90	4	-0.002382	-0.002382	-0.000445	-0.000445
194	1	17	1	P95	4	-0.001449	-0.001449	0.000490	0.000490
194	1	17	1	P99	4	-0.001449	-0.001449	0.000490	0.000490
194	1	17	1	P999	4	-0.001449	-0.001449	0.000490	0.000490
194	2	21	2	P1	1	-0.002256	-0.002256	0.000288	0.000288
194	2	21	2	P50	1	0.000618	0.000618	0.003168	0.003168
194	2	21	2	P75	4	-0.002700	-0.002700	-0.000445	-0.000445
194	2	21	2	P90	12	-0.001192	-0.001192	0.000839	0.000839
194	2	21	2	P95	13	-0.000852	-0.000852	0.001163	0.001163
194	2	21	2	P99	13	0.001017	0.001017	0.003036	0.003036
194	2	21	2	P999	13	0.001017	0.001017	0.003036	0.003036
194	3	23	3	P1	1	-0.002256	-0.002256	0.000288	0.000288
194	3	23	3	P50	1	0.000905	0.000905	0.003456	0.003456
194	3	23	3	P75	4	-0.002700	-0.002700	-0.000445	-0.000445
194	3	23	3	P90	12	-0.001192	-0.001192	0.000839	0.000839
194	3	23	3	P95	13	-0.000852	-0.000852	0.001163	0.001163
194	3	23	3	P99	13	0.001017	0.001017	0.003036	0.003036
194	3	23	3	P999	13	0.001017	0.001017	0.003036	0.003036
194	4	27	4	P1	1	-0.003357	-0.003357	0.000288	0.000288
194	4	27	4	P50	2	-0.003389	-0.003389	0.000245	0.000245
194	4	27	4	P75	12	-0.002770	-0.002770	0.000839	0.000839
194	4	27	4	P90	58	0.002877	0.002877	0.002726	0.002726
194	4	27	4	P95	61	0.001036	0.001036	0.000886	0.000886
194	4	27	4	P99	63	0.002420	0.002420	0.002269	0.002269
194	4	27	4	P999	63	0.002420	0.002420	0.002269	0.002269
194	5	31	5	P1	1	-0.003395	-0.003395	0.000249	0.000249
194	5	31	5	P50	2	-0.003389	-0.003389	-0.000689	-0.000689
194	5	31	5	P75	12	-0.004632	-0.004632	-0.001030	-0.001030
194	5	31	5	P90	55	-0.000088	-0.000088	0.003507	0.003507
194	5	31	5	P95	61	0.001036	0.001036	0.000886	0.000886
194	5	31	5	P99	63	0.002420	0.002420	0.002269	0.002269
194	5	31	5	P999	63	0.002420	0.002420	0.002269	0.002269
194	6	35	6	P1	1	-0.003395	-0.003395	0.000249	0.000249
194	6	35	6	P50	2	0.000343	0.000343	0.001180	0.001180
194	6	35	6	P75	4	0.000599	0.000599	0.000490	0.000490
194	6	35	6	P90	55	-0.000088	-0.000088	0.003507	0.003507
194	6	35	6	P95	61	0.001036	0.001036	0.000886	0.000886
194	6	35	6	P99	63	0.002420	0.002420	0.002269	0.002269
194	6	35	6	P999	63	0.002420	0.002420	0.002269	0.002269
194	7	46	7	P1	1	-0.003500	-0.003500	0.000144	0.000144
194	7	46	7	P50	1	-0.000200	-0.000343	0.003456	0.003312
194	7	46	7	P75	4	-0.004996	-0.004996	-0.001751	-0.001751
194	7	46	7	P90	13	-0.000580	-0.000580	0.003036	0.003036
194	7	46	7	P95	58	0.002877	0.002877	0.002726	0.002726
194	7	46	7	P99	63	0.002420	0.002420	0.002269	0.002269
194	7	46	7	P999	63	0.002420	0.002420	0.002269	0.002269
195	1	6	1	P1	1	0.002112	0.002112	0.003745	0.003745
195	1	6	1	P50	2	0.000552	-0.000694	0.002116	0.000868
195	1	6	1	P75	11	0.000478	0.000478	0.001879	0.001879
195	1	6	1	P90	12	-0.000552	-0.000552	0.000839	0.000839
195	1	6	1	P95	12	-0.000552	-0.000552	0.000839	0.000839
195	1	6	1	P99	12	-0.000552	-0.000552	0.000839	0.000839
195	1	6	1	P999	12	-0.000552	-0.000552	0.000839	0.000839
195	2	8	2	P1	1	0.002430	0.002430	0.003745	0.003745
195	2	8	2	P50	11	0.000947	-0.818016	0.001879	-0.817797
195	2	8	2	P75	55	-0.000912	-0.781835	0.003507	-0.781635
195	2	8	2	P90	56	-0.000239	-0.000239	0.000434	0.000434
195	2	8	2	P95	56	-0.000239	-0.000239	0.000434	0.000434
195	2	8	2	P99	56	-0.000239	-0.000239	0.000434	0.000434
195	2	8	2	P999	56	-0.000239	-0.000239	0.000434	0.000434
195	3	10	3	P1	1	0.000558	0.000558	0.001871	0.001871
195	3	10	3	P50	2	0.000913	-0.000022	0.002116	0.001180
195	3	10	3	P75	12	-0.000078	-0.000078	0.000839	0.000839
195	3	10	3	P90	56	-0.000239	-0.018753	0.000434	-0.014413
195	3	10	3	P95	56	-0.000239	-0.000239	0.000434	0.000434
195	3	10	3	P99	56	-0.000239	-0.000239	0.000434	0.000434
195	3	10	3	P999	56	-0.000239	-0.000239	0.000434	0.000434
195	4	14	4	P1	1	0.000558	0.000558	0.001871	0.001871
195	4	14	4	P50	4	-0.002468	-0.003400	-0.001378	-0.002311
195	4	14	4	P75	11	0.000947	0.000947	0.001879	0.001879
195	4	14	4	P90	55	-0.000912	-0.000912	0.003507	0.003507
195	4	14	4	P95	56	-0.000239	-0.000239	0.000434	0.000434
195	4	14	4	P99	56	-0.000239	-0.000239	0.000434	0.000434
195	4	14	4	P999	56	-0.000239	-0.000239	0.000434	0.000434
195	5	18	5	P1	1	0.000558	0.000558	0.001871	0.001871
195	5	18	5	P50	4	-0.003089	-0.003710	-0.002000	-0.002622
195	5	18	5	P75	4	-0.000601	-0.000601	0.000490	0.000490
195	5	18	5	P90	55	-0.000912	-0.000912	0.003507	0.003507
195	5	18	5	P95	56	-0.000239	-0.000239	0.000434	0.000434
195	5	18	5	P99	56	-0.000239	-0.000239	0.000434	0.000434
195	5	18	5	P999	56	-0.000239	-0.000239	0.000434	0.000434
195	6	22	6	P1	1	0.000558	0.000558	0.001871	0.001871
195	6	22	6	P50	4	-0.002841	-0.003213	-0.001751	-0.002124
195	6	22	6	P75	4	-0.000975	-0.000975	0.000116	0.000116
195	6	22	6	P90	12	-0.000078	-0.000078	0.000839	0.000839
195	6	22	6	P95	55	-0.000912	-0.000912	0.003507	0.003507
195	6	22	6	P99	56	-0.000239	-0.000239	0.000434	0.000434
195	6	22	6	P999	56	-0.000239	-0.000239	0.000434	0.000434
195	7	26	7	P1	1	0.000558	0.000558	0.001871	0.001871
195	7	26	7	P50	4	-0.003089	-0.003400	-0.002000	-0.002311
195	7	26	7	P75	4	-0.001224	-0.001224	-0.000133	-0.000133
195	7	26	7	P90	12	-0.000078	-0.000078	0.000839	0.000839
195	7	26	7	P95	55	-0.000912	-0.000912	0.003507	0.003507
195	7	26	7	P99	56	-0.000239	-0.000239	0.000434	0.000434
195	7	26	7	P999	56	-0.000239	-0.000239	0.000434	0.000434
196	1	59	1	P1	1	-0.002220	-0.002220	0.000067	0.000067
196	1	59	1	P50	1	-0.000286	-0.000286	0.002004	0.002004
196	1	59	1	P75	1	0.000716	0.000716	0.003008	0.003008
196	1	59	1	P90	1	0.001317	0.001317	0.003611	0.003611
196	1	59	1	P95	3	0.002078	0.002078	0.000349	0.000349
196	1	59	1	P99	4	-0.001449	-0.001449	0.000490	0.000490
196	1	59	1	P999	4	-0.001449	-0.001449	0.000490	0.000490
196	2	66	2	P1	1	-0.002476	-0.002476	0.000067	0.000067
196	2	66	2	P50	1	-0.000276	-0.000343	0.002272	0.002205
196	2	66	2	P75	1	0.000792	0.000792	0.003343	0.003343
196	2	66	2	P90	11	-0.002039	-0.002039	0.000008	0.000008
196	2	66	2	P95	12	-0.002436	-0.002436	-0.000407	-0.000407
196	2	66	2	P99	16	-0.000991	-0.000991	0.000980	0.000980
196	2	66	2	P999	16	-0.000991	-0.000991	0.000980	0.000980
196	3	78	3	P1	1	-0.002484	-0.002484	0.000059	0.000059
196	3	78	3	P50	1	-0.000172	-0.000232	0.002376	0.002317
196	3	78	3	P75	1	0.000956	0.000956	0.003507	0.003507
196	3	78	3	P90	4	-0.001767	-0.001767	0.000490	0.000490
196	3	78	3	P95	12	-0.002436	-0.002436	-0.000407	-0.000407
196	3	78	3	P99	16	-0.000991	-0.000991	0.000980	0.000980
196	3	78	3	P999	16	-0.000991	-0.000991	0.000980	0.000980
196	4	85	4	P1	1	-0.002452	-0.002452	0.000059	0.000059
196	4	85	4	P50	1	0.000037	0.000037	0.002555	0.002555
196	4	85	4	P75	2	0.000495	0.000495	-0.000876	-0.000876
196	4	85	4	P90	13	0.001063	0.001063	0.003036	0.003036
196	4	85	4	P95	56	-0.003710	-0.003710	-0.002056	-0.002056
196	4	85	4	P99	58	0.001073	0.001073	0.002726	0.002726
196	4	85	4	P999	58	0.001073	0.001073	0.002726	0.002726
196	5	92	5	P1	1	-0.002457	-0.002457	0.000054	0.000054
196	5	92	5	P50	1	0.000032	-0.000022	0.002549	0.002495
196	5	92	5	P75	2	-0.000253	-0.499388	-0.001001	-0.498128
196	5	92	5	P90	12	-0.001147	-0.001147	0.000839	0.000839
196	5	92	5	P95	56	-0.003710	-0.003710	-0.002056	-0.002056
196	5	92	5	P99	58	0.001073	0.001073	0.002726	0.002726
196	5	92	5	P999	58	0.001073	0.001073	0.002726	0.002726
196	6	95	6	P1	1	-0.002457	-0.002457	0.000054	0.000054
196	6	95	6	P50	1	0.000086	0.000086	0.002604	0.002604
196	6	95	6	P75	2	0.001243	0.001243	0.000245	0.000245
196	6	95	6	P90	12	-0.001147	-0.001147	0.000839	0.000839
196	6	95	6	P95	56	-0.003710	-0.003710	-0.002056	-0.002056
196	6	95	6	P99	58	0.001073	0.001073	0.002726	0.002726
196	6	95	6	P999	58	0.001073	0.001073	0.002726	0.002726
196	7	117	7	P1	1	-0.002429	-0.002429	0.000082	0.000082
196	7	117	7	P50	1	-0.000091	-0.000091	0.002426	0.002426
196	7	117	7	P75	1	0.001102	0.001102	0.003621	0.003621
196	7	117	7	P90	12	-0.003633	-0.003633	-0.001652	-0.001652
196	7	117	7	P95	55	0.001841	0.001841	0.003507	0.003507
196	7	117	7	P99	58	-0.000797	-0.000797	0.000854	0.000854
196	7	117	7	P999	58	0.001073	0.001073	0.002726	0.002726
197	1	295	1	P1	1	-0.002502	-0.002502	0.000041	0.000041
197	1	295	1	P50	1	-0.000519	-0.000519	0.002028	0.002028
197	1	295	1	P75	1	0.000494	0.000494	0.003044	0.003044
197	1	295	1	P90	1	0.001097	0.001097	0.003649	0.003649
197	1	295	1	P95	12	-0.004547	-0.004547	-0.002522	-0.002522
197	1	295	1	P99	13	0.001017	0.001017	0.003036	0.003036
197	1	295	1	P999	14	0.001685	0.001685	0.003689	0.003689
197	2	329	2	P1	1	-0.002492	-0.002492	0.000051	0.000051
197	2	329	2	P50	1	-0.000441	-0.000441	0.002107	0.002107
197	2	329	2	P75	1	0.000606	0.000606	0.003156	0.003156
197	2	329	2	P90	2	0.000780	0.000780	-0.000556	-0.000556
197	2	329	2	P95	11	-0.000919	-0.000919	0.001130	0.001130
197	2	329	2	P99	13	-0.000229	-0.000229	0.001787	0.001787
197	2	329	2	P999	14	0.001685	0.001685	0.003689	0.003689
197	3	350	3	P1	1	-0.003467	-0.003467	0.000051	0.000051
197	3	350	3	P50	1	-0.001277	-0.001290	0.002248	0.002235
197	3	350	3	P75	1	-0.000168	-0.000168	0.003361	0.003361
197	3	350	3	P90	12	-0.005567	-0.005939	-0.002149	-0.002522
197	3	350	3	P95	53	-0.002701	-0.002701	0.000671	0.000671
197	3	350	3	P99	57	-0.000079	-0.000079	-0.000444	-0.000444
197	3	350	3	P999	58	0.003093	0.003093	0.002726	0.002726
197	4	353	4	P1	1	-0.003467	-0.003467	0.000051	0.000051
197	4	353	4	P50	1	-0.001287	-0.001287	0.002238	0.002238
197	4	353	4	P75	1	-0.000177	-0.000177	0.003352	0.003352
197	4	353	4	P90	12	-0.005939	-0.005939	-0.002522	-0.002522
197	4	353	4	P95	53	-0.002701	-0.002701	0.000671	0.000671
197	4	353	4	P99	57	-0.000079	-0.000079	-0.000444	-0.000444
197	4	353	4	P999	58	0.003093	0.003093	0.002726	0.002726
197	5	394	5	P1	1	-0.003473	-0.003473	0.000044	0.000044
197	5	394	5	P50	1	-0.001326	-0.001337	0.002199	0.002187
197	5	394	5	P75	1	-0.000240	-0.000240	0.003289	0.003289
197	5	394	5	P90	11	-0.003793	-0.003793	-0.000366	-0.000366
197	5	394	5	P95	52	0.000145	0.000145	0.003527	0.003527
197	5	394	5	P99	57	-0.000079	-0.000079	-0.000444	-0.000444
197	5	394	5	P999	58	0.003093	0.003093	0.002726	0.002726
197	6	400	6	P1	1	-0.003462	-0.003473	0.000055	0.000044
197	6	400	6	P50	1	-0.001306	-0.001317	0.002219	0.002208
197	6	400	6	P75	1	-0.000204	-0.000215	0.003324	0.003313
197	6	400	6	P90	11	-0.003793	-0.004537	-0.000366	-0.001113
197	6	400	6	P95	52	0.000145	-0.001723	0.003527	0.001653
197	6	400	6	P99	57	-0.000079	-0.016759	-0.000444	-0.017117
197	6	400	6	P999	58	0.003093	0.003093	0.002726	0.002726
197	7	419	7	P1	1	-0.003465	-0.003465	0.000052	0.000052
197	7	419	7	P50	1	-0.001324	-0.001324	0.002201	0.002201
197	7	419	7	P75	1	-0.000225	-0.000225	0.003304	0.003304
197	7	419	7	P90	10	0.000300	0.000300	0.003745	0.003745
197	7	419	7	P95	52	-0.001723	-0.001723	0.001653	0.001653
197	7	419	7	P99	56	0.000799	0.000799	0.000434	0.000434
197	7	419	7	P999	58	0.003093	0.003093	0.002726	0.002726
198	1	16	1	P1	1	-0.001042	-0.001042	0.001247	0.001247
198	1	16	1	P50	6	0.000626	-0.166883	0.002466	-0.165312
198	1	16	1	P75	11	-0.001676	-0.089062	0.000008	-0.087505
198	1	16	1	P90	12	-0.002690	-0.002690	-0.001030	-0.001030
198	1	16	1	P95	12	-0.000824	-0.000824	0.000839	0.000839
198	1	16	1	P99	12	-0.000824	-0.000824	0.000839	0.000839
198	1	16	1	P999	12	-0.000824	-0.000824	0.000839	0.000839
198	2	87	2	P1	1	-0.002236	-0.002236	0.000051	0.000051
198	2	87	2	P50	1	-0.000066	-0.000066	0.002225	0.002225
198	2	87	2	P75	1	0.001046	0.001046	0.003339	0.003339
198	2	87	2	P90	5	-0.000259	-0.000259	0.001625	0.001625
198	2	87	2	P95	10	0.002032	0.002032	0.003745	0.003745
198	2	87	2	P99	12	-0.000824	-0.000824	0.000839	0.000839
198	2	87	2	P999	12	-0.000824	-0.000824	0.000839	0.000839
198	3	101	3	P1	1	-0.002863	-0.002863	0.000101	0.000101
198	3	101	3	P50	1	-0.000392	-0.000392	0.002579	0.002579
198	3	101	3	P75	4	-0.004153	-0.004153	-0.001378	-0.001378
198	3	101	3	P90	11	-0.002014	-0.002014	0.000631	0.000631
198	3	101	3	P95	12	-0.001795	-0.001795	-0.001030	-0.001030
198	3	101	3	P99	13	0.000407	0.000407	0.003036	0.003036
198	3	101	3	P999	14	0.001068	0.001068	0.003689	0.003689
198	4	118	4	P1	1	-0.002878	-0.002878	0.000086	0.000086
198	4	118	4	P50	1	-0.000390	-0.000433	0.002581	0.002538
198	4	118	4	P75	2	0.001109	0.001109	0.000245	0.000245
198	4	118	4	P90	11	-0.002429	-0.002429	0.000216	0.000216
198	4	118	4	P95	12	-0.001795	-0.001795	-0.001030	-0.001030
198	4	118	4	P99	13	0.000407	0.000407	0.003036	0.003036
198	4	118	4	P999	14	0.001068	0.001068	0.003689	0.003689
198	5	131	5	P1	1	-0.003432	-0.003432	0.000086	0.000086
198	5	131	5	P50	1	-0.000688	-0.000688	0.002840	0.002840
198	5	131	5	P75	9	-0.002740	-0.002740	0.000698	0.000698
198	5	131	5	P90	14	0.000257	0.000257	0.003689	0.003689
198	5	131	5	P95	55	0.000127	0.000127	0.003507	0.003507
198	5	131	5	P99	58	0.003093	0.003093	0.002726	0.002726
198	5	131	5	P999	61	0.001254	0.001254	0.000886	0.000886
198	6	144	6	P1	1	-0.003441	-0.003441	0.000077	0.000077
198	6	144	6	P50	1	-0.000710	-0.000749	0.002817	0.002778
198	6	144	6	P75	5	-0.001838	-0.003702	0.001625	-0.000245
198	6	144	6	P90	13	-0.000397	-0.000397	0.003036	0.003036
198	6	144	6	P95	55	-0.001119	-0.001119	0.002257	0.002257
198	6	144	6	P99	58	0.003093	0.003093	0.002726	0.002726
198	6	144	6	P999	61	0.001254	0.001254	0.000886	0.000886
198	7	147	7	P1	1	-0.003441	-0.003441	0.000077	0.000077
198	7	147	7	P50	1	-0.000672	-0.000672	0.002856	0.002856
198	7	147	7	P75	5	-0.003702	-0.003702	-0.000245	-0.000245
198	7	147	7	P90	13	-0.000397	-0.000397	0.003036	0.003036
198	7	147	7	P95	55	-0.001119	-0.001119	0.002257	0.002257
198	7	147	7	P99	58	0.003093	0.003093	0.002726	0.002726
198	7	147	7	P999	61	0.001254	0.001254	0.000886	0.000886
199	1	38	0	P1	1	-0.003633	-0.003633	0.000098	0.000098
199	1	38	0	P50	1	-0.001769	-0.001867	0.001969	0.001871
199	1	38	0	P75	1	-0.000885	-0.000885	0.002857	0.002857
199	1	38	0	P90	1	-0.000295	-0.000295	0.003449	0.003449
199	1	38	0	P95	1	-0.000098	-0.000098	0.003646	0.003646
199	1	38	0	P99	1	-0.000000	-0.000000	0.003745	0.003745
199	1	38	0	P999	1	-0.000000	-0.000000	0.003745	0.003745
199	2	182	0	P1	1	-0.003690	-0.003690	0.000041	0.000041
199	2	182	0	P50	1	-0.001836	-0.001857	0.001902	0.001881
199	2	182	0	P75	1	-0.000908	-0.000908	0.002833	0.002833
199	2	182	0	P90	1	-0.000351	-0.000351	0.003393	0.003393
199	2	182	0	P95	1	-0.000165	-0.000165	0.003579	0.003579
199	2	182	0	P99	1	-0.000000	-0.000000	0.003745	0.003745
199	2	182	0	P999	2	0.002116	0.002116	0.002116	0.002116
199	3	202	1	P1	1	-0.002902	-0.002902	0.000062	0.000062
199	3	202	1	P50	1	-0.000861	-0.000882	0.002109	0.002088
199	3	202	1	P75	1	0.000171	0.000171	0.003144	0.003144
199	3	202	1	P90	2	0.002982	0.002982	0.002116	0.002116
199	3	202	1	P95	11	-0.001788	-0.001788	0.000858	0.000858
199	3	202	1	P99	12	0.001943	0.001943	0.000839	0.000839
199	3	202	1	P999	13	0.000407	0.000407	0.003036	0.003036
199	4	222	2	P1	1	-0.002906	-0.002906	0.000058	0.000058
199	4	222	2	P50	1	-0.000787	-0.000807	0.002183	0.002163
199	4	222	2	P75	1	0.000284	0.000284	0.003257	0.003257
199	4	222	2	P90	2	-0.001176	-0.001176	0.001367	0.001367
199	4	222	2	P95	11	-0.002127	-0.002127	0.000518	0.000518
199	4	222	2	P99	12	0.001943	0.001943	0.000839	0.000839
199	4	222	2	P999	13	0.000407	0.000407	0.003036	0.003036
199	5	244	3	P1	1	-0.003585	-0.003585	0.000058	0.000058
199	5	244	3	P50	1	-0.001255	-0.001274	0.002398	0.002378
199	5	244	3	P75	1	-0.000068	-0.000087	0.003589	0.003569
199	5	244	3	P90	12	0.000965	0.000965	0.000839	0.000839
199	5	244	3	P95	55	-0.003074	-0.003074	0.000511	0.000511
199	5	244	3	P99	59	0.000730	0.000730	0.000580	0.000580
199	5	244	3	P999	139	0.003545	0.003545	0.003381	0.003381
199	6	251	4	P1	1	-0.003587	-0.003587	0.000056	0.000056
199	6	251	4	P50	1	-0.001282	-0.001282	0.002370	0.002370
199	6	251	4	P75	1	-0.000100	-0.000100	0.003556	0.003556
199	6	251	4	P90	12	0.000217	0.000217	0.000091	0.000091
199	6	251	4	P95	55	-0.003074	-0.003074	0.000511	0.000511
199	6	251	4	P99	59	0.000730	0.000730	0.000580	0.000580
199	6	251	4	P999	139	0.003545	0.003545	0.003381	0.003381
199	7	324	5	P1	1	-0.003589	-0.003589	0.000055	0.000055
199	7	324	5	P50	1	-0.001409	-0.001423	0.002243	0.002229
199	7	324	5	P75	1	-0.000297	-0.000311	0.003359	0.003345
199	7	324	5	P90	11	-0.002752	-0.002752	0.000858	0.000858
199	7	324	5	P95	53	0.000819	0.000819	0.000671	0.000671
199	7	324	5	P99	58	0.002877	0.002877	0.002726	0.002726
199	7	324	5	P999	139	0.003545	0.003545	0.003381	0.003381
200	1	33	0	P1	1	-0.003588	-0.003588	0.000144	0.000144
200	1	33	0	P50	1	-0.001293	-0.001293	0.002447	0.002447
200	1	33	0	P75	1	-0.000144	-0.000144	0.003601	0.003601
200	1	33	0	P90	2	0.000512	0.000512	0.000512	0.000512
200	1	33	0	P95	2	0.001581	0.001581	0.001581	0.001581
200	1	33	0	P99	2	0.002116	0.002116	0.002116	0.002116
200	1	33	0	P999	2	0.002116	0.002116	0.002116	0.002116
200	2	42	1	P1	1	-0.002143	-0.002143	0.000144	0.000144
200	2	42	1	P50	1	0.000875	0.000731	0.003168	0.003024
200	2	42	1	P75	2	0.003210	0.003210	0.001581	0.001581
200	2	42	1	P90	9	-0.001037	-0.001037	0.000698	0.000698
200	2	42	1	P95	10	0.000784	0.000784	0.002495	0.002495
200	2	42	1	P99	11	0.000192	0.000192	0.001879	0.001879
200	2	42	1	P999	11	0.000192	0.000192	0.001879	0.001879
200	3	69	2	P1	1	-0.002216	-0.002216	0.000071	0.000071
200	3	69	2	P50	1	0.000180	0.000180	0.002472	0.002472
200	3	69	2	P75	1	0.001380	0.001380	0.003674	0.003674
200	3	69	2	P90	4	-0.001449	-0.001449	0.000490	0.000490
200	3	69	2	P95	10	-0.000463	-0.000463	0.001247	0.001247
200	3	69	2	P99	11	0.000192	0.000192	0.001879	0.001879
200	3	69	2	P999	11	0.000192	0.000192	0.001879	0.001879
200	4	72	3	P1	1	-0.002473	-0.002473	0.000071	0.000071
200	4	72	3	P50	1	0.000064	-0.000007	0.002613	0.002542
200	4	72	3	P75	2	0.000780	0.000246	-0.000556	-0.001089
200	4	72	3	P90	9	-0.001392	-0.001392	0.000698	0.000698
200	4	72	3	P95	11	-0.002039	-0.002039	0.000008	0.000008
200	4	72	3	P99	12	-0.001192	-0.001192	0.000839	0.000839
200	4	72	3	P999	12	-0.001192	-0.001192	0.000839	0.000839
200	5	83	4	P1	1	-0.002478	-0.002478	0.000066	0.000066
200	5	83	4	P50	1	0.000209	0.000209	0.002758	0.002758
200	5	83	4	P75	2	-0.000822	-0.000822	-0.000022	-0.000022
200	5	83	4	P90	7	-0.000574	-0.000574	0.001570	0.001570
200	5	83	4	P95	10	0.001671	0.001671	0.003745	0.003745
200	5	83	4	P99	12	-0.001192	-0.001192	0.000839	0.000839
200	5	83	4	P999	12	-0.001192	-0.001192	0.000839	0.000839
200	6	86	5	P1	1	-0.003453	-0.003453	0.000066	0.000066
200	6	86	5	P50	1	-0.000638	-0.000704	0.002890	0.002824
200	6	86	5	P75	2	-0.000850	-0.000850	0.000512	0.000512
200	6	86	5	P90	10	-0.000946	-0.000946	0.002495	0.002495
200	6	86	5	P95	12	-0.004452	-0.004452	-0.001030	-0.001030
200	6	86	5	P99	56	0.000798	0.000798	0.000434	0.000434
200	6	86	5	P999	56	0.000798	0.000798	0.000434	0.000434
200	7	89	6	P1	1	-0.003454	-0.003454	0.000064	0.000064
200	7	89	6	P50	1	-0.000624	-0.000624	0.002904	0.002904
200	7	89	6	P75	2	-0.000554	-0.000554	0.000479	0.000479
200	7	89	6	P90	10	-0.000946	-0.000946	0.002495	0.002495
200	7	89	6	P95	12	-0.004452	-0.004452	-0.001030	-0.001030
200	7	89	6	P99	56	0.000798	0.000798	0.000434	0.000434
200	7	89	6	P999	56	0.000798	0.000798	0.000434	0.000434
201	1	63	1	P1	1	-0.002223	-0.002223	0.000063	0.000063
201	1	63	1	P50	1	-0.000261	-0.000261	0.002029	0.002029
201	1	63	1	P75	1	0.000753	0.000753	0.003046	0.003046
201	1	63	1	P90	1	0.001324	0.001324	0.003618	0.003618
201	1	63	1	P95	2	0.003746	0.003746	0.002116	0.002116
201	1	63	1	P99	4	-0.001449	-0.001449	0.000490	0.000490
201	1	63	1	P999	4	-0.001449	-0.001449	0.000490	0.000490
201	2	68	2	P1	1	-0.002480	-0.002480	0.000063	0.000063
201	2	68	2	P50	1	-0.000328	-0.000392	0.002220	0.002156
201	2	68	2	P75	1	0.000749	0.000686	0.003300	0.003236
201	2	68	2	P90	4	-0.003011	-0.003011	-0.000756	-0.000756
201	2	68	2	P95	12	-0.003678	-0.003678	-0.001652	-0.001652
201	2	68	2	P99	13	0.001017	0.001017	0.003036	0.003036
201	2	68	2	P999	13	0.001017	0.001017	0.003036	0.003036
201	3	73	3	P1	1	-0.002484	-0.002484	0.000059	0.000059
201	3	73	3	P50	1	-0.000350	-0.000350	0.002198	0.002198
201	3	73	3	P75	1	0.000718	0.000718	0.003269	0.003269
201	3	73	3	P90	4	-0.004252	-0.004252	-0.002000	-0.002000
201	3	73	3	P95	12	-0.003678	-0.003678	-0.001652	-0.001652
201	3	73	3	P99	13	0.001017	0.001017	0.003036	0.003036
201	3	73	3	P999	13	0.001017	0.001017	0.003036	0.003036
201	4	78	4	P1	1	-0.003459	-0.003459	0.000059	0.000059
201	4	78	4	P50	1	-0.001150	-0.001209	0.002376	0.002317
201	4	78	4	P75	1	-0.000023	-0.000023	0.003507	0.003507
201	4	78	4	P90	12	-0.003832	-0.003832	-0.000407	-0.000407
201	4	78	4	P95	53	-0.000214	-0.000214	0.003168	0.003168
201	4	78	4	P99	58	0.003092	0.003092	0.002726	0.002726
201	4	78	4	P999	58	0.003092	0.003092	0.002726	0.002726
201	5	83	5	P1	1	-0.003463	-0.003463	0.000055	0.000055
201	5	83	5	P50	1	-0.001215	-0.001215	0.002311	0.002311
201	5	83	5	P75	1	-0.000061	-0.000061	0.003469	0.003469
201	5	83	5	P90	12	-0.005072	-0.005072	-0.001652	-0.001652
201	5	83	5	P95	53	-0.002081	-0.002081	0.001294	0.001294
201	5	83	5	P99	58	0.003092	0.003092	0.002726	0.002726
201	5	83	5	P999	58	0.003092	0.003092	0.002726	0.002726
201	6	86	6	P1	1	-0.003463	-0.003463	0.000055	0.000055
201	6	86	6	P50	1	-0.001105	-0.001160	0.002422	0.002367
201	6	86	6	P75	1	0.000049	0.000049	0.003579	0.003579
201	6	86	6	P90	12	-0.005072	-0.005072	-0.001652	-0.001652
201	6	86	6	P95	53	-0.002081	-0.002081	0.001294	0.001294
201	6	86	6	P99	58	0.003092	0.003092	0.002726	0.002726
201	6	86	6	P999	58	0.003092	0.003092	0.002726	0.002726
201	7	89	7	P1	1	-0.003463	-0.003463	0.000055	0.000055
201	7	89	7	P50	1	-0.001050	-0.001050	0.002477	0.002477
201	7	89	7	P75	1	0.000159	0.000159	0.003690	0.003690
201	7	89	7	P90	12	-0.005072	-0.005072	-0.001652	-0.001652
201	7	89	7	P95	53	-0.002081	-0.002081	0.001294	0.001294
201	7	89	7	P99	58	0.003092	0.003092	0.002726	0.002726
201	7	89	7	P999	58	0.003092	0.003092	0.002726	0.002726
202	1	9	1	P1	1	-0.001540	-0.001540	0.000748	0.000748
202	1	9	1	P50	1	0.001451	0.001451	0.003745	0.003745
202	1	9	1	P75	4	-0.003935	-0.003935	-0.002000	-0.002000
202	1	9	1	P90	4	-0.001449	-0.001449	0.000490	0.000490
202	1	9	1	P95	4	-0.001449	-0.001449	0.000490	0.000490
202	1	9	1	P99	4	-0.001449	-0.001449	0.000490	0.000490
202	1	9	1	P999	4	-0.001449	-0.001449	0.000490	0.000490
202	2	13	2	P1	1	-0.001540	-0.001540	0.000748	0.000748
202	2	13	2	P50	3	-0.001662	-0.001662	-0.000897	-0.000897
202	2	13	2	P75	4	-0.003314	-0.003314	-0.001378	-0.001378
202	2	13	2	P90	4	-0.001449	-0.001449	0.000490	0.000490
202	2	13	2	P95	5	-0.000259	-0.000259	0.001625	0.001625
202	2	13	2	P99	5	-0.000259	-0.000259	0.001625	0.001625
202	2	13	2	P999	5	-0.000259	-0.000259	0.001625	0.001625
202	3	17	3	P1	1	-0.001540	-0.001540	0.000748	0.000748
202	3	17	3	P50	4	-0.004710	-0.004710	-0.002777	-0.002777
202	3	17	3	P75	4	-0.002848	-0.002848	-0.000911	-0.000911
202	3	17	3	P90	4	-0.001449	-0.001449	0.000490	0.000490
202	3	17	3	P95	5	-0.000259	-0.000259	0.001625	0.001625
202	3	17	3	P99	5	-0.000259	-0.000259	0.001625	0.001625
202	3	17	3	P999	5	-0.000259	-0.000259	0.001625	0.001625
202	4	823	4	P1	1	-0.002244	-0.002244	0.000042	0.000042
202	4	823	4	P50	1	-0.000351	-0.000351	0.001939	0.001939
202	4	823	4	P75	1	0.000618	0.000618	0.002910	0.002910
202	4	823	4	P90	1	0.001197	0.001197	0.003490	0.003490
202	4	823	4	P95	1	0.001390	0.001390	0.003684	0.003684
202	4	823	4	P99	4	-0.004710	-0.004710	-0.002777	-0.002777
202	4	823	4	P999	5	-0.000259	-0.000259	0.001625	0.001625
202	5	827	5	P1	1	-0.002244	-0.002244	0.000042	0.000042
202	5	827	5	P50	1	-0.000342	-0.000342	0.001948	0.001948
202	5	827	5	P75	1	0.000632	0.000632	0.002924	0.002924
202	5	827	5	P90	1	0.001215	0.001215	0.003509	0.003509
202	5	827	5	P95	1	0.001409	0.001409	0.003702	0.003702
202	5	827	5	P99	4	-0.003624	-0.003624	-0.001689	-0.001689
202	5	827	5	P999	5	-0.000259	-0.000259	0.001625	0.001625
202	6	831	6	P1	1	-0.002244	-0.002244	0.000042	0.000042
202	6	831	6	P50	1	-0.000333	-0.000333	0.001958	0.001958
202	6	831	6	P75	1	0.000646	0.000646	0.002938	0.002938
202	6	831	6	P90	1	0.001230	0.001230	0.003523	0.003523
202	6	831	6	P95	1	0.001427	0.001427	0.003721	0.003721
202	6	831	6	P99	4	-0.003081	-0.003081	-0.001145	-0.001145
202	6	831	6	P999	5	-0.000259	-0.000259	0.001625	0.001625
202	7	1586	7	P1	1	-0.002248	-0.002248	0.000039	0.000039
202	7	1586	7	P50	1	-0.000365	-0.000367	0.001925	0.001923
202	7	1586	7	P75	1	0.000595	0.000595	0.002887	0.002887
202	7	1586	7	P90	1	0.001172	0.001172	0.003465	0.003465
202	7	1586	7	P95	1	0.001364	0.001364	0.003657	0.003657
202	7	1586	7	P99	4	-0.004710	-0.004710	-0.002777	-0.002777
202	7	1586	7	P999	4	-0.001449	-0.001449	0.000490	0.000490
203	1	8	1	P1	1	-0.000312	-0.000312	0.001871	0.001871
203	1	8	1	P50	11	0.000345	-0.092324	0.001879	-0.087505
203	1	8	1	P75	12	-0.000669	-0.002536	0.000839	-0.001030
203	1	8	1	P90	13	0.001546	0.001546	0.003036	0.003036
203	1	8	1	P95	13	0.001546	0.001546	0.003036	0.003036
203	1	8	1	P99	13	0.001546	0.001546	0.003036	0.003036
203	1	8	1	P999	13	0.001546	0.001546	0.003036	0.003036
203	2	13	2	P1	1	-0.001654	-0.001654	0.001871	0.001871
203	2	13	2	P50	12	0.001146	0.001146	0.000839	0.000839
203	2	13	2	P75	53	-0.000214	-0.000214	0.003168	0.003168
203	2	13	2	P90	56	0.000798	0.000798	0.000434	0.000434
203	2	13	2	P95	76	0.001942	0.001942	0.001567	0.001567
203	2	13	2	P99	76	0.001942	0.001942	0.001567	0.001567
203	2	13	2	P999	76	0.001942	0.001942	0.001567	0.001567
203	3	18	3	P1	1	-0.002897	-0.002897	0.000623	0.000623
203	3	18	3	P50	11	0.002182	-0.090637	0.001879	-0.087505
203	3	18	3	P75	52	0.000144	0.000144	0.003527	0.003527
203	3	18	3	P90	56	0.000798	0.000798	0.000434	0.000434
203	3	18	3	P95	76	0.001942	0.001942	0.001567	0.001567
203	3	18	3	P99	76	0.001942	0.001942	0.001567	0.001567
203	3	18	3	P999	76	0.001942	0.001942	0.001567	0.001567
203	4	22	4	P1	1	-0.002897	-0.002897	0.000623	0.000623
203	4	22	4	P50	5	0.001900	-0.199396	0.001625	-0.199608
203	4	22	4	P75	13	0.003346	0.003346	0.003036	0.003036
203	4	22	4	P90	54	0.003529	0.003529	0.003165	0.003165
203	4	22	4	P95	56	0.000798	0.000798	0.000434	0.000434
203	4	22	4	P99	76	0.001942	0.001942	0.001567	0.001567
203	4	22	4	P999	76	0.001942	0.001942	0.001567	0.001567
203	5	32	5	P1	1	-0.003285	-0.003285	0.000234	0.000234
203	5	32	5	P50	2	0.000485	-0.499893	0.000245	-0.498128
203	5	32	5	P75	12	-0.000724	-0.081333	-0.001030	-0.081611
203	5	32	5	P90	53	-0.000214	-0.000214	0.003168	0.003168
203	5	32	5	P95	56	0.000798	0.000798	0.000434	0.000434
203	5	32	5	P99	76	0.001942	0.001942	0.001567	0.001567
203	5	32	5	P999	76	0.001942	0.001942	0.001567	0.001567
203	6	36	6	P1	1	-0.003285	-0.003285	0.000234	0.000234
203	6	36	6	P50	3	-0.001887	-0.331762	-0.002141	-0.331923
203	6	36	6	P75	11	0.002182	-0.090637	0.001879	-0.087505
203	6	36	6	P90	53	-0.000214	-0.000214	0.003168	0.003168
203	6	36	6	P95	56	0.000798	0.000798	0.000434	0.000434
203	6	36	6	P99	76	0.001942	0.001942	0.001567	0.001567
203	6	36	6	P999	76	0.001942	0.001942	0.001567	0.001567
203	7	38	7	P1	1	-0.003311	-0.003311	0.000208	0.000208
203	7	38	7	P50	2	0.002356	0.000485	0.002116	0.000245
203	7	38	7	P75	10	0.000300	0.000300	0.003745	0.003745
203	7	38	7	P90	53	-0.000214	-0.000214	0.003168	0.003168
203	7	38	7	P95	56	0.000798	0.000798	0.000434	0.000434
203	7	38	7	P99	76	0.001942	0.001942	0.001567	0.001567
203	7	38	7	P999	76	0.001942	0.001942	0.001567	0.001567
204	1	8	0	P1	3	0.003603	0.003603	0.000349	0.000349
204	1	8	0	P50	4	-0.001601	-0.002134	-0.001112	-0.001645
204	1	8	0	P75	4	-0.000534	-0.001067	-0.000044	-0.000578
204	1	8	0	P90	4	-0.000000	-0.000000	0.000490	0.000490
204	1	8	0	P95	4	-0.000000	-0.000000	0.000490	0.000490
204	1	8	0	P99	4	-0.000000	-0.000000	0.000490	0.000490
204	1	8	0	P999	4	-0.000000	-0.000000	0.000490	0.000490
204	2	30	1	P1	1	-0.002117	-0.002117	0.000170	0.000170
204	2	30	1	P50	1	0.000430	0.000260	0.002722	0.002552
204	2	30	1	P75	3	0.002078	0.002078	0.000349	0.000349
204	2	30	1	P90	4	-0.002515	-0.003048	-0.000578	-0.001112
204	2	30	1	P95	4	-0.001982	-0.001982	-0.000044	-0.000044
204	2	30	1	P99	4	-0.001449	-0.001449	0.000490	0.000490
204	2	30	1	P999	4	-0.001449	-0.001449	0.000490	0.000490
204	3	37	2	P1	1	-0.002794	-0.002794	0.000170	0.000170
204	3	37	2	P50	1	0.000260	0.000260	0.003233	0.003233
204	3	37	2	P75	4	-0.003355	-0.003355	-0.000578	-0.000578
204	3	37	2	P90	12	0.000446	0.000446	-0.000656	-0.000656
204	3	37	2	P95	12	0.001943	0.001943	0.000839	0.000839
204	3	37	2	P99	13	0.000407	0.000407	0.003036	0.003036
204	3	37	2	P999	13	0.000407	0.000407	0.003036	0.003036
204	4	44	3	P1	1	-0.002709	-0.002709	0.000170	0.000170
204	4	44	3	P50	3	0.001369	-0.666381	0.000349	-0.665418
204	4	44	3	P75	12	0.000569	-0.000179	-0.000656	-0.001403
204	4	44	3	P90	56	0.001891	0.001891	0.000434	0.000434
204	4	44	3	P95	58	-0.001424	-0.001424	0.000854	0.000854
204	4	44	3	P99	59	0.002045	0.002045	0.000580	0.000580
204	4	44	3	P999	59	0.002045	0.002045	0.000580	0.000580
204	5	51	4	P1	1	-0.002740	-0.002740	0.000138	0.000138
204	5	51	4	P50	1	0.000718	0.000718	0.003606	0.003606
204	5	51	4	P75	12	-0.000926	-0.000926	-0.002149	-0.002149
204	5	51	4	P90	56	0.000020	0.000020	-0.001434	-0.001434
204	5	51	4	P95	58	-0.001424	-0.001424	0.000854	0.000854
204	5	51	4	P99	59	0.002045	0.002045	0.000580	0.000580
204	5	51	4	P999	59	0.002045	0.002045	0.000580	0.000580
204	6	55	5	P1	1	-0.002740	-0.002740	0.000138	0.000138
204	6	55	5	P50	2	0.001205	0.001205	0.000245	0.000245
204	6	55	5	P75	11	-0.000648	-0.000648	0.001879	0.001879
204	6	55	5	P90	56	0.000020	0.000020	-0.001434	-0.001434
204	6	55	5	P95	58	-0.001424	-0.001424	0.000854	0.000854
204	6	55	5	P99	59	0.002045	0.002045	0.000580	0.000580
204	6	55	5	P999	59	0.002045	0.002045	0.000580	0.000580
204	7	59	6	P1	1	-0.002740	-0.002740	0.000138	0.000138
204	7	59	6	P50	3	0.001369	0.001369	-0.002141	-0.002141
204	7	59	6	P75	4	0.001554	0.001554	0.000490	0.000490
204	7	59	6	P90	56	0.000020	0.000020	-0.001434	-0.001434
204	7	59	6	P95	58	-0.001424	-0.001424	0.000854	0.000854
204	7	59	6	P99	59	0.002045	0.002045	0.000580	0.000580
204	7	59	6	P999	59	0.002045	0.002045	0.000580	0.000580
205	1	8	1	P1	3	-0.000737	-0.000737	-0.002141	-0.002141
205	1	8	1	P50	4	-0.002997	-0.004239	-0.001751	-0.002497
205	1	8	1	P75	4	0.000114	-0.001754	-0.000258	-0.001005
205	1	8	1	P90	4	0.001986	0.001986	0.000490	0.000490
205	1	8	1	P95	4	0.001986	0.001986	0.000490	0.000490
205	1	8	1	P99	4	0.001986	0.001986	0.000490	0.000490
205	1	8	1	P999	4	0.001986	0.001986	0.000490	0.000490
205	2	79	2	P1	1	-0.002233	-0.002233	0.000053	0.000053
205	2	79	2	P50	1	-0.000152	-0.000152	0.002138	0.002138
205	2	79	2	P75	1	0.000916	0.000916	0.003209	0.003209
205	2	79	2	P90	3	-0.000417	-0.000417	-0.002141	-0.002141
205	2	79	2	P95	4	-0.002693	-0.002693	-0.001751	-0.001751
205	2	79	2	P99	4	0.002292	0.002292	0.000490	0.000490
205	2	79	2	P999	4	0.002292	0.002292	0.000490	0.000490
205	3	83	3	P1	1	-0.003390	-0.003390	0.000053	0.000053
205	3	83	3	P50	1	-0.001205	-0.001205	0.002245	0.002245
205	3	83	3	P75	1	-0.000085	-0.000085	0.003370	0.003370
205	3	83	3	P90	4	-0.005367	-0.005367	-0.002497	-0.002497
205	3	83	3	P95	4	0.000849	0.000849	0.000490	0.000490
205	3	83	3	P99	13	-0.000289	-0.000289	0.003036	0.003036
205	3	83	3	P999	13	-0.000289	-0.000289	0.003036	0.003036
205	4	90	4	P1	1	-0.003394	-0.003394	0.000049	0.000049
205	4	90	4	P50	1	-0.001186	-0.001235	0.002265	0.002216
205	4	90	4	P75	1	-0.000104	-0.000104	0.003350	0.003350
205	4	90	4	P90	4	-0.005367	-0.249480	-0.002497	-0.249738
205	4	90	4	P95	4	0.000849	0.000849	0.000490	0.000490
205	4	90	4	P99	13	-0.000289	-0.000289	0.003036	0.003036
205	4	90	4	P999	13	-0.000289	-0.000289	0.003036	0.003036
205	5	94	5	P1	1	-0.003602	-0.003602	0.000049	0.000049
205	5	94	5	P50	1	-0.001296	-0.001345	0.002364	0.002314
205	5	94	5	P75	1	-0.000165	-0.000165	0.003498	0.003498
205	5	94	5	P90	4	-0.001278	-0.001278	-0.000258	-0.000258
205	5	94	5	P95	13	-0.000590	-0.000590	0.003036	0.003036
205	5	94	5	P99	57	0.001563	0.001563	0.001426	0.001426
205	5	94	5	P999	57	0.001563	0.001563	0.001426	0.001426
205	6	98	6	P1	1	-0.003604	-0.003604	0.000047	0.000047
205	6	98	6	P50	1	-0.001320	-0.001367	0.002339	0.002292
205	6	98	6	P75	1	-0.000200	-0.000200	0.003464	0.003464
205	6	98	6	P90	4	-0.001278	-0.001278	-0.000258	-0.000258
205	6	98	6	P95	13	-0.000590	-0.000590	0.003036	0.003036
205	6	98	6	P99	57	0.001563	0.001563	0.001426	0.001426
205	6	98	6	P999	57	0.001563	0.001563	0.001426	0.001426
205	7	102	7	P1	1	-0.003557	-0.003557	0.000093	0.000093
205	7	102	7	P50	1	-0.001227	-0.001273	0.002433	0.002386
205	7	102	7	P75	1	-0.000059	-0.000059	0.003604	0.003604
205	7	102	7	P90	4	-0.000905	-0.000905	-0.000445	-0.000445
205	7	102	7	P95	11	0.001993	0.001993	0.001879	0.001879
205	7	102	7	P99	56	0.000572	0.000572	0.000434	0.000434
205	7	102	7	P999	57	0.001563	0.001563	0.001426	0.001426
206	1	87	1	P1	1	-0.002241	-0.002241	0.000045	0.000045
206	1	87	1	P50	1	-0.000307	-0.000307	0.001984	0.001984
206	1	87	1	P75	1	0.000684	0.000684	0.002977	0.002977
206	1	87	1	P90	1	0.001271	0.001271	0.003564	0.003564
206	1	87	1	P95	1	0.001451	0.001451	0.003745	0.003745
206	1	87	1	P99	4	-0.001449	-0.001449	0.000490	0.000490
206	1	87	1	P999	4	-0.001449	-0.001449	0.000490	0.000490
206	2	96	2	P1	1	-0.002919	-0.002919	0.000045	0.000045
206	2	96	2	P50	1	-0.000761	-0.000806	0.002209	0.002164
206	2	96	2	P75	1	0.000320	0.000275	0.003293	0.003248
206	2	96	2	P90	4	-0.002290	-0.002290	0.000490	0.000490
206	2	96	2	P95	12	0.000696	0.000696	-0.000407	-0.000407
206	2	96	2	P99	14	0.001068	0.001068	0.003689	0.003689
206	2	96	2	P999	14	0.001068	0.001068	0.003689	0.003689
206	3	110	3	P1	1	-0.002881	-0.002881	0.000083	0.000083
206	3	110	3	P50	1	-0.000642	-0.000683	0.002329	0.002287
206	3	110	3	P75	1	0.000480	0.000480	0.003453	0.003453
206	3	110	3	P90	4	-0.004153	-0.249050	-0.001378	-0.249738
206	3	110	3	P95	12	-0.000551	-0.000551	-0.001652	-0.001652
206	3	110	3	P99	13	0.000407	0.000407	0.003036	0.003036
206	3	110	3	P999	14	0.001068	0.001068	0.003689	0.003689
206	4	114	4	P1	1	-0.002429	-0.002429	0.000083	0.000083
206	4	114	4	P50	1	-0.000105	-0.000147	0.002412	0.002370
206	4	114	4	P75	1	0.001059	0.001059	0.003578	0.003578
206	4	114	4	P90	11	-0.001373	-0.001373	0.000631	0.000631
206	4	114	4	P95	13	0.001063	0.001063	0.003036	0.003036
206	4	114	4	P99	57	-0.000230	-0.000230	0.001426	0.001426
206	4	114	4	P999	58	0.001073	0.001073	0.002726	0.002726
206	5	118	5	P1	1	-0.002431	-0.002431	0.000080	0.000080
206	5	118	5	P50	1	-0.000102	-0.000143	0.002414	0.002374
206	5	118	5	P75	1	0.001064	0.001064	0.003584	0.003584
206	5	118	5	P90	11	-0.001373	-0.001373	0.000631	0.000631
206	5	118	5	P95	13	0.001063	0.001063	0.003036	0.003036
206	5	118	5	P99	57	-0.000230	-0.000230	0.001426	0.001426
206	5	118	5	P999	58	0.001073	0.001073	0.002726	0.002726
206	6	122	6	P1	1	-0.002431	-0.002431	0.000080	0.000080
206	6	122	6	P50	1	-0.000022	-0.000062	0.002495	0.002455
206	6	122	6	P75	1	0.001185	0.001185	0.003705	0.003705
206	6	122	6	P90	11	-0.002616	-0.002616	-0.000615	-0.000615
206	6	122	6	P95	13	-0.000806	-0.000806	0.001163	0.001163
206	6	122	6	P99	57	-0.000230	-0.000230	0.001426	0.001426
206	6	122	6	P999	58	0.001073	0.001073	0.002726	0.002726
206	7	126	7	P1	1	-0.002431	-0.002431	0.000080	0.000080
206	7	126	7	P50	1	0.000058	0.000018	0.002576	0.002535
206	7	126	7	P75	2	0.000682	0.000682	-0.000689	-0.000689
206	7	126	7	P90	11	-0.002616	-0.002616	-0.000615	-0.000615
206	7	126	7	P95	13	-0.000806	-0.000806	0.001163	0.001163
206	7	126	7	P99	57	-0.000230	-0.000230	0.001426	0.001426
206	7	126	7	P999	58	0.001073	0.001073	0.002726	0.002726
207	1	10	1	P1	1	-0.002077	-0.002077	0.000467	0.000467
207	1	10	1	P50	1	0.000258	-0.000209	0.002807	0.002339
207	1	10	1	P75	1	0.001193	0.001193	0.003745	0.003745
207	1	10	1	P90	12	-0.001192	-0.083491	0.000839	-0.081611
207	1	10	1	P95	12	-0.001192	-0.001192	0.000839	0.000839
207	1	10	1	P99	12	-0.001192	-0.001192	0.000839	0.000839
207	1	10	1	P999	12	-0.001192	-0.001192	0.000839	0.000839
207	2	12	2	P1	1	-0.002891	-0.002891	0.000467	0.000467
207	2	12	2	P50	1	-0.000092	-0.000559	0.003276	0.002807
207	2	12	2	P75	12	-0.002359	-0.084551	0.000839	-0.081611
207	2	12	2	P90	56	0.001073	0.001073	0.000434	0.000434
207	2	12	2	P95	58	-0.000375	-0.000375	0.002726	0.002726
207	2	12	2	P99	58	-0.000375	-0.000375	0.002726	0.002726
207	2	12	2	P999	58	-0.000375	-0.000375	0.002726	0.002726
207	3	14	3	P1	1	-0.002985	-0.002985	0.000374	0.000374
207	3	14	3	P50	1	-0.000372	-0.000746	0.002995	0.002620
207	3	14	3	P75	11	-0.001329	-0.001329	0.001879	0.001879
207	3	14	3	P90	56	0.001073	0.001073	0.000434	0.000434
207	3	14	3	P95	58	-0.000375	-0.000375	0.002726	0.002726
207	3	14	3	P99	58	-0.000375	-0.000375	0.002726	0.002726
207	3	14	3	P999	58	-0.000375	-0.000375	0.002726	0.002726
207	4	18	4	P1	1	-0.002985	-0.002985	0.000374	0.000374
207	4	18	4	P50	1	0.000375	0.000002	0.003745	0.003370
207	4	18	4	P75	4	0.000956	0.000956	0.000490	0.000490
207	4	18	4	P90	56	0.001073	0.001073	0.000434	0.000434
207	4	18	4	P95	58	-0.000375	-0.000375	0.002726	0.002726
207	4	18	4	P99	58	-0.000375	-0.000375	0.002726	0.002726
207	4	18	4	P999	58	-0.000375	-0.000375	0.002726	0.002726
207	5	22	5	P1	1	-0.002985	-0.002985	0.000374	0.000374
207	5	22	5	P50	4	-0.002246	-0.246592	-0.002710	-0.249738
207	5	22	5	P75	4	0.000422	0.000422	-0.000044	-0.000044
207	5	22	5	P90	12	-0.002359	-0.002359	0.000839	0.000839
207	5	22	5	P95	56	0.001073	0.001073	0.000434	0.000434
207	5	22	5	P99	58	-0.000375	-0.000375	0.002726	0.002726
207	5	22	5	P999	58	-0.000375	-0.000375	0.002726	0.002726
207	6	52	6	P1	1	-0.003264	-0.003264	0.000093	0.000093
207	6	52	6	P50	1	-0.000839	-0.000933	0.002526	0.002433
207	6	52	6	P75	1	0.000375	0.000282	0.003745	0.003651
207	6	52	6	P90	4	0.000422	0.000422	-0.000044	-0.000044
207	6	52	6	P95	12	-0.002359	-0.002359	0.000839	0.000839
207	6	52	6	P99	58	-0.000375	-0.000375	0.002726	0.002726
207	6	52	6	P999	58	-0.000375	-0.000375	0.002726	0.002726
207	7	55	7	P1	1	-0.003264	-0.003264	0.000093	0.000093
207	7	55	7	P50	1	-0.000746	-0.000746	0.002620	0.002620
207	7	55	7	P75	4	-0.002246	-0.002246	-0.002710	-0.002710
207	7	55	7	P90	12	-0.002359	-0.002359	-0.001652	-0.001652
207	7	55	7	P95	14	0.000492	0.000492	0.003689	0.003689
207	7	55	7	P99	58	-0.000375	-0.000375	0.002726	0.002726
207	7	55	7	P999	58	-0.000375	-0.000375	0.002726	0.002726
208	1	6	1	P1	1	-0.002401	-0.002401	0.001247	0.001247
208	1	6	1	P50	52	-0.000069	-0.980768	0.003527	-0.980697
208	1	6	1	P75	54	0.003315	0.003315	0.003165	0.003165
208	1	6	1	P90	55	-0.000088	-0.000088	0.003507	0.003507
208	1	6	1	P95	55	-0.000088	-0.000088	0.003507	0.003507
208	1	6	1	P99	55	-0.000088	-0.000088	0.003507	0.003507
208	1	6	1	P999	55	-0.000088	-0.000088	0.003507	0.003507
208	2	10	2	P1	1	-0.002401	-0.002401	0.001247	0.001247
208	2	10	2	P50	4	0.000599	-0.249660	0.000490	-0.249738
208	2	10	2	P75	52	-0.000069	-0.000069	0.003527	0.003527
208	2	10	2	P90	55	-0.000088	-0.014927	0.003507	-0.015074
208	2	10	2	P95	55	-0.000088	-0.000088	0.003507	0.003507
208	2	10	2	P99	55	-0.000088	-0.000088	0.003507	0.003507
208	2	10	2	P999	55	-0.000088	-0.000088	0.003507	0.003507
208	3	14	3	P1	1	-0.002401	-0.002401	0.001247	0.001247
208	3	14	3	P50	3	0.000454	-0.000294	0.000349	-0.000399
208	3	14	3	P75	5	0.001738	0.001738	0.001625	0.001625
208	3	14	3	P90	54	0.003315	0.003315	0.003165	0.003165
208	3	14	3	P95	55	-0.000088	-0.000088	0.003507	0.003507
208	3	14	3	P99	55	-0.000088	-0.000088	0.003507	0.003507
208	3	14	3	P999	55	-0.000088	-0.000088	0.003507	0.003507
208	4	18	4	P1	1	-0.003111	-0.003111	0.000534	0.000534
208	4	18	4	P50	3	-0.001041	-0.001788	-0.001146	-0.001892
208	4	18	4	P75	4	0.000599	0.000599	0.000490	0.000490
208	4	18	4	P90	54	0.003315	0.003315	0.003165	0.003165
208	4	18	4	P95	55	-0.000088	-0.000088	0.003507	0.003507
208	4	18	4	P99	55	-0.000088	-0.000088	0.003507	0.003507
208	4	18	4	P999	55	-0.000088	-0.000088	0.003507	0.003507
208	5	22	5	P1	1	-0.003111	-0.003111	0.000534	0.000534
208	5	22	5	P50	3	0.000454	-0.000294	0.000349	-0.000399
208	5	22	5	P75	4	-0.000024	-0.000024	-0.000133	-0.000133
208	5	22	5	P90	52	-0.000069	-0.000069	0.003527	0.003527
208	5	22	5	P95	54	0.003315	0.003315	0.003165	0.003165
208	5	22	5	P99	55	-0.000088	-0.000088	0.003507	0.003507
208	5	22	5	P999	55	-0.000088	-0.000088	0.003507	0.003507
208	6	99	6	P1	1	-0.003599	-0.003599	0.000045	0.000045
208	6	99	6	P50	1	-0.001424	-0.001424	0.002227	0.002227
208	6	99	6	P75	1	-0.000313	-0.000313	0.003343	0.003343
208	6	99	6	P90	4	-0.002513	-0.002513	-0.002622	-0.002622
208	6	99	6	P95	4	0.000599	0.000599	0.000490	0.000490
208	6	99	6	P99	55	-0.000088	-0.000088	0.003507	0.003507
208	6	99	6	P999	55	-0.000088	-0.000088	0.003507	0.003507
208	7	104	7	P1	1	-0.003555	-0.003555	0.000089	0.000089
208	7	104	7	P50	1	-0.001291	-0.001335	0.002361	0.002317
208	7	104	7	P75	1	-0.000135	-0.000179	0.003522	0.003477
208	7	104	7	P90	4	-0.001891	-0.001891	-0.002000	-0.002000
208	7	104	7	P95	4	0.000184	0.000184	0.000075	0.000075
208	7	104	7	P99	54	0.003315	0.003315	0.003165	0.003165
208	7	104	7	P999	55	-0.000088	-0.000088	0.003507	0.003507
209	1	23	1	P1	1	-0.003247	-0.003247	0.000197	0.000197
209	1	23	1	P50	1	-0.001088	-0.001088	0.002364	0.002364
209	1	23	1	P75	1	0.000092	0.000092	0.003548	0.003548
209	1	23	1	P90	11	0.002289	0.002289	0.001879	0.001879
209	1	23	1	P95	12	0.001253	0.001253	0.000839	0.000839
209	1	23	1	P99	13	-0.000289	-0.000289	0.003036	0.003036
209	1	23	1	P999	13	-0.000289	-0.000289	0.003036	0.003036
209	2	26	2	P1	1	-0.002315	-0.002315	0.000197	0.000197
209	2	26	2	P50	1	0.000240	0.000044	0.002758	0.002561
209	2	26	2	P75	2	0.003492	0.003492	0.002116	0.002116
209	2	26	2	P90	52	0.001849	0.001849	0.003527	0.003527
209	2	26	2	P95	56	-0.003089	-0.003089	-0.001434	-0.001434
209	2	26	2	P99	56	-0.001223	-0.001223	0.000434	0.000434
209	2	26	2	P999	56	-0.001223	-0.001223	0.000434	0.000434
209	3	29	3	P1	1	-0.002342	-0.002342	0.000170	0.000170
209	3	29	3	P50	1	0.000035	0.000035	0.002552	0.002552
209	3	29	3	P75	1	0.001225	0.001225	0.003745	0.003745
209	3	29	3	P90	52	0.001849	0.001849	0.003527	0.003527
209	3	29	3	P95	56	-0.003089	-0.003089	-0.001434	-0.001434
209	3	29	3	P99	56	-0.001223	-0.001223	0.000434	0.000434
209	3	29	3	P999	56	-0.001223	-0.001223	0.000434	0.000434
209	4	34	4	P1	1	-0.002342	-0.002342	0.000170	0.000170
209	4	34	4	P50	1	0.000545	0.000375	0.003063	0.002893
209	4	34	4	P75	4	0.001075	0.001075	-0.000445	-0.000445
209	4	34	4	P90	13	0.001063	0.001063	0.003036	0.003036
209	4	34	4	P95	56	-0.003089	-0.003089	-0.001434	-0.001434
209	4	34	4	P99	56	-0.001223	-0.001223	0.000434	0.000434
209	4	34	4	P999	56	-0.001223	-0.001223	0.000434	0.000434
209	5	38	5	P1	1	-0.002368	-0.002368	0.000144	0.000144
209	5	38	5	P50	1	0.000361	0.000218	0.002879	0.002735
209	5	38	5	P75	4	0.000140	0.000140	-0.001378	-0.001378
209	5	38	5	P90	13	0.001063	0.001063	0.003036	0.003036
209	5	38	5	P95	56	-0.003089	-0.003089	-0.001434	-0.001434
209	5	38	5	P99	56	-0.001223	-0.001223	0.000434	0.000434
209	5	38	5	P999	56	-0.001223	-0.001223	0.000434	0.000434
209	6	43	6	P1	1	-0.002368	-0.002368	0.000144	0.000144
209	6	43	6	P50	1	0.000649	0.000649	0.003168	0.003168
209	6	43	6	P75	4	-0.000795	-0.000795	-0.000911	-0.000911
209	6	43	6	P90	12	0.002595	0.002595	0.000839	0.000839
209	6	43	6	P95	52	0.001849	0.001849	0.003527	0.003527
209	6	43	6	P99	56	-0.001223	-0.001223	0.000434	0.000434
209	6	43	6	P999	56	-0.001223	-0.001223	0.000434	0.000434
209	7	56	7	P1	1	-0.002411	-0.002411	0.000101	0.000101
209	7	56	7	P50	1	0.000416	0.000315	0.002934	0.002833
209	7	56	7	P75	4	-0.003593	-0.004524	-0.002311	-0.002777
209	7	56	7	P90	11	0.003618	0.003618	0.001879	0.001879
209	7	56	7	P95	52	0.001849	0.001849	0.003527	0.003527
209	7	56	7	P99	56	-0.001223	-0.001223	0.000434	0.000434
209	7	56	7	P999	56	-0.001223	-0.001223	0.000434	0.000434
210	1	4	1	P1	13	0.003163	0.003163	0.003036	0.003036
210	1	4	1	P50	52	-0.000072	-0.730750	0.003527	-0.729776
210	1	4	1	P75	54	0.003311	-0.037107	0.003165	-0.033641
210	1	4	1	P90	54	0.003311	0.003311	0.003165	0.003165
210	1	4	1	P95	54	0.003311	0.003311	0.003165	0.003165
210	1	4	1	P99	54	0.003311	0.003311	0.003165	0.003165
210	1	4	1	P999	54	0.003311	0.003311	0.003165	0.003165
210	2	6	2	P1	1	-0.001787	-0.001787	0.001871	0.001871
210	2	6	2	P50	14	0.000062	-0.068501	0.003689	-0.068610
210	2	6	2	P75	52	-0.000081	-0.000081	0.003527	0.003527
210	2	6	2	P90	54	0.003302	0.003302	0.003165	0.003165
210	2	6	2	P95	54	0.003302	0.003302	0.003165	0.003165
210	2	6	2	P99	54	0.003302	0.003302	0.003165	0.003165
210	2	6	2	P999	54	0.003302	0.003302	0.003165	0.003165
210	3	11	3	P1	1	-0.001787	-0.001787	0.001871	0.001871
210	3	11	3	P50	4	-0.000344	-0.000344	-0.000445	-0.000445
210	3	11	3	P75	14	0.000062	0.000062	0.003689	0.003689
210	3	11	3	P90	52	-0.000081	-0.000081	0.003527	0.003527
210	3	11	3	P95	54	0.003302	0.003302	0.003165	0.003165
210	3	11	3	P99	54	0.003302	0.003302	0.003165	0.003165
210	3	11	3	P999	54	0.003302	0.003302	0.003165	0.003165
210	4	16	4	P1	1	-0.001787	-0.001787	0.001871	0.001871
210	4	16	4	P50	4	-0.000656	-0.001071	-0.000756	-0.001171
210	4	16	4	P75	13	0.003153	-0.692126	0.003036	-0.692157
210	4	16	4	P90	52	-0.000081	-0.000081	0.003527	0.003527
210	4	16	4	P95	54	0.003302	0.003302	0.003165	0.003165
210	4	16	4	P99	54	0.003302	0.003302	0.003165	0.003165
210	4	16	4	P999	54	0.003302	0.003302	0.003165	0.003165
210	5	23	5	P1	1	-0.003237	-0.003237	0.000415	0.000415
210	5	23	5	P50	4	-0.002315	-0.002315	-0.002415	-0.002415
210	5	23	5	P75	4	0.000175	0.000175	0.000075	0.000075
210	5	23	5	P90	14	0.000062	0.000062	0.003689	0.003689
210	5	23	5	P95	52	-0.000081	-0.000081	0.003527	0.003527
210	5	23	5	P99	54	0.003302	0.003302	0.003165	0.003165
210	5	23	5	P999	54	0.003302	0.003302	0.003165	0.003165
210	6	25	6	P1	1	-0.003237	-0.003237	0.000415	0.000415
210	6	25	6	P50	4	-0.001900	-0.001900	-0.002000	-0.002000
210	6	25	6	P75	4	0.000590	0.000590	0.000490	0.000490
210	6	25	6	P90	14	0.000062	0.000062	0.003689	0.003689
210	6	25	6	P95	52	-0.000081	-0.000081	0.003527	0.003527
210	6	25	6	P99	54	0.003302	0.003302	0.003165	0.003165
210	6	25	6	P999	54	0.003302	0.003302	0.003165	0.003165
210	7	27	7	P1	1	-0.002464	-0.002464	0.000415	0.000415
210	7	27	7	P50	4	-0.000524	-0.000524	-0.001586	-0.001586
210	7	27	7	P75	12	0.002067	0.002067	0.000839	0.000839
210	7	27	7	P90	53	0.000872	0.000872	0.003168	0.003168
210	7	27	7	P95	54	0.004621	0.004621	0.003165	0.003165
210	7	27	7	P99	57	-0.000856	-0.000856	0.001426	0.001426
210	7	27	7	P999	57	-0.000856	-0.000856	0.001426	0.001426
211	1	6	1	P1	2	-0.001103	-0.001103	0.000245	0.000245
211	1	6	1	P50	4	-0.002632	-0.003563	-0.001378	-0.002311
211	1	6	1	P75	4	-0.001699	-0.001699	-0.000445	-0.000445
211	1	6	1	P90	4	-0.000766	-0.000766	0.000490	0.000490
211	1	6	1	P95	4	-0.000766	-0.000766	0.000490	0.000490
211	1	6	1	P99	4	-0.000766	-0.000766	0.000490	0.000490
211	1	6	1	P999	4	-0.000766	-0.000766	0.000490	0.000490
211	2	10	2	P1	2	-0.001103	-0.001103	0.000245	0.000245
211	2	10	2	P50	4	-0.002632	-0.003098	-0.001378	-0.001845
211	2	10	2	P75	4	-0.001699	-0.001699	-0.000445	-0.000445
211	2	10	2	P90	4	-0.000766	-0.001233	0.000490	0.000023
211	2	10	2	P95	4	-0.000766	-0.000766	0.000490	0.000490
211	2	10	2	P99	4	-0.000766	-0.000766	0.000490	0.000490
211	2	10	2	P999	4	-0.000766	-0.000766	0.000490	0.000490
211	3	28	3	P1	1	-0.002053	-0.002053	0.000234	0.000234
211	3	28	3	P50	1	0.001217	0.000983	0.003510	0.003276
211	3	28	3	P75	4	-0.004245	-0.004710	-0.002311	-0.002777
211	3	28	3	P90	4	-0.002382	-0.002382	-0.000445	-0.000445
211	3	28	3	P95	4	-0.001915	-0.001915	0.000023	0.000023
211	3	28	3	P99	4	-0.001449	-0.001449	0.000490	0.000490
211	3	28	3	P999	4	-0.001449	-0.001449	0.000490	0.000490
211	4	30	4	P1	1	-0.002731	-0.002731	0.000234	0.000234
211	4	30	4	P50	1	0.000771	0.000537	0.003745	0.003510
211	4	30	4	P75	4	-0.004619	-0.004619	-0.001845	-0.001845
211	4	30	4	P90	4	-0.002290	-0.002756	0.000490	0.000023
211	4	30	4	P95	11	-0.000770	-0.000770	0.001879	0.001879
211	4	30	4	P99	13	0.000407	0.000407	0.003036	0.003036
211	4	30	4	P999	13	0.000407	0.000407	0.003036	0.003036
211	5	32	5	P1	1	-0.002336	-0.002336	0.000234	0.000234
211	5	32	5	P50	2	-0.002185	-0.499417	-0.000378	-0.498128
211	5	32	5	P75	4	-0.003199	-0.003664	-0.000911	-0.001378
211	5	32	5	P90	11	-0.000209	-0.000209	0.001879	0.001879
211	5	32	5	P95	56	0.002419	0.002419	0.000434	0.000434
211	5	32	5	P99	59	-0.001166	-0.001166	0.000580	0.000580
211	5	32	5	P999	59	-0.001166	-0.001166	0.000580	0.000580
211	6	34	6	P1	1	-0.002362	-0.002362	0.000208	0.000208
211	6	34	6	P50	1	0.001167	0.000959	0.003745	0.003537
211	6	34	6	P75	4	-0.003664	-0.003664	-0.001378	-0.001378
211	6	34	6	P90	11	-0.000209	-0.000209	0.001879	0.001879
211	6	34	6	P95	56	0.002419	0.002419	0.000434	0.000434
211	6	34	6	P99	59	-0.001166	-0.001166	0.000580	0.000580
211	6	34	6	P999	59	-0.001166	-0.001166	0.000580	0.000580
211	7	38	7	P1	1	-0.002362	-0.002362	0.000208	0.000208
211	7	38	7	P50	2	-0.000318	-0.002185	0.000868	-0.000378
211	7	38	7	P75	4	-0.002266	-0.002266	-0.000869	-0.000869
211	7	38	7	P90	11	-0.000209	-0.000209	0.001879	0.001879
211	7	38	7	P95	56	0.002419	0.002419	0.000434	0.000434
211	7	38	7	P99	59	-0.001166	-0.001166	0.000580	0.000580
211	7	38	7	P999	59	-0.001166	-0.001166	0.000580	0.000580
212	1	51	1	P1	1	-0.002205	-0.002205	0.000081	0.000081
212	1	51	1	P50	1	-0.000176	-0.000176	0.002115	0.002115
212	1	51	1	P75	1	0.000881	0.000881	0.003174	0.003174
212	1	51	1	P90	1	0.001451	0.001451	0.003745	0.003745
212	1	51	1	P95	3	0.002078	0.002078	0.000349	0.000349
212	1	51	1	P99	4	-0.001449	-0.001449	0.000490	0.000490
212	1	51	1	P999	4	-0.001449	-0.001449	0.000490	0.000490
212	2	56	2	P1	1	-0.002883	-0.002883	0.000081	0.000081
212	2	56	2	P50	1	-0.000611	-0.000692	0.002359	0.002278
212	2	56	2	P75	1	0.000527	0.000445	0.003500	0.003419
212	2	56	2	P90	4	-0.002290	-0.002290	0.000490	0.000490
212	2	56	2	P95	11	-0.001703	-0.001703	0.000943	0.000943
212	2	56	2	P99	13	0.000407	0.000407	0.003036	0.003036
212	2	56	2	P999	13	0.000407	0.000407	0.003036	0.003036
212	3	61	3	P1	1	-0.003436	-0.003436	0.000081	0.000081
212	3	61	3	P50	1	-0.001004	-0.001004	0.002522	0.002522
212	3	61	3	P75	1	0.000215	0.000215	0.003745	0.003745
212	3	61	3	P90	11	-0.001556	-0.001556	0.001879	0.001879
212	3	61	3	P95	54	-0.000215	-0.000215	0.003165	0.003165
212	3	61	3	P99	60	0.002834	0.002834	0.002466	0.002466
212	3	61	3	P999	60	0.002834	0.002834	0.002466	0.002466
212	4	66	4	P1	1	-0.003441	-0.003441	0.000076	0.000076
212	4	66	4	P50	1	-0.000929	-0.001006	0.002597	0.002521
212	4	66	4	P75	2	-0.003248	-0.003248	-0.000378	-0.000378
212	4	66	4	P90	11	-0.001556	-0.001556	0.001879	0.001879
212	4	66	4	P95	54	-0.000215	-0.000215	0.003165	0.003165
212	4	66	4	P99	60	0.002834	0.002834	0.002466	0.002466
212	4	66	4	P999	60	0.002834	0.002834	0.002466	0.002466
212	5	70	5	P1	1	-0.003441	-0.003441	0.000076	0.000076
212	5	70	5	P50	1	-0.000777	-0.000853	0.002750	0.002674
212	5	70	5	P75	3	-0.001886	-0.001886	-0.002141	-0.002141
212	5	70	5	P90	11	-0.001556	-0.002489	0.001879	0.000943
212	5	70	5	P95	54	-0.000215	-0.000215	0.003165	0.003165
212	5	70	5	P99	60	0.002834	0.002834	0.002466	0.002466
212	5	70	5	P999	60	0.002834	0.002834	0.002466	0.002466
212	6	181	6	P1	1	-0.003471	-0.003471	0.000047	0.000047
212	6	181	6	P50	1	-0.001397	-0.001397	0.002128	0.002128
212	6	181	6	P75	1	-0.000346	-0.000346	0.003182	0.003182
212	6	181	6	P90	2	0.002357	0.002357	0.002116	0.002116
212	6	181	6	P95	11	-0.004351	-0.004351	-0.000926	-0.000926
212	6	181	6	P99	57	0.001791	0.001791	0.001426	0.001426
212	6	181	6	P999	60	0.002834	0.002834	0.002466	0.002466
212	7	185	7	P1	1	-0.003471	-0.003471	0.000047	0.000047
212	7	185	7	P50	1	-0.001350	-0.001350	0.002175	0.002175
212	7	185	7	P75	1	-0.000276	-0.000276	0.003253	0.003253
212	7	185	7	P90	4	-0.004839	-0.004839	-0.002497	-0.002497
212	7	185	7	P95	12	-0.000723	-0.000723	-0.001030	-0.001030
212	7	185	7	P99	57	0.001791	0.001791	0.001426	0.001426
212	7	185	7	P999	60	0.002834	0.002834	0.002466	0.002466
213	1	6	1	P1	2	-0.001394	-0.001394	0.000245	0.000245
213	1	6	1	P50	54	0.001793	-0.016758	0.003165	-0.015410
213	1	6	1	P75	56	0.002810	0.002810	0.000434	0.000434
213	1	6	1	P90	61	-0.000474	-0.000474	0.000886	0.000886
213	1	6	1	P95	61	-0.000474	-0.000474	0.000886	0.000886
213	1	6	1	P99	61	-0.000474	-0.000474	0.000886	0.000886
213	1	6	1	P999	61	-0.000474	-0.000474	0.000886	0.000886
213	2	10	2	P1	1	-0.001751	-0.001751	0.000935	0.000935
213	2	10	2	P50	2	-0.000446	-0.002313	0.002116	0.000245
213	2	10	2	P75	54	0.001203	0.001203	0.003165	0.003165
213	2	10	2	P90	61	-0.001051	-0.079926	0.000886	-0.081568
213	2	10	2	P95	61	-0.001051	-0.001051	0.000886	0.000886
213	2	10	2	P99	61	-0.001051	-0.001051	0.000886	0.000886
213	2	10	2	P999	61	-0.001051	-0.001051	0.000886	0.000886
213	3	14	3	P1	1	-0.001751	-0.001751	0.000935	0.000935
213	3	14	3	P50	3	0.005354	0.003476	0.000349	-0.001519
213	3	14	3	P75	53	0.001202	0.001202	0.003168	0.003168
213	3	14	3	P90	56	0.002223	0.002223	0.000434	0.000434
213	3	14	3	P95	61	-0.001051	-0.001051	0.000886	0.000886
213	3	14	3	P99	61	-0.001051	-0.001051	0.000886	0.000886
213	3	14	3	P999	61	-0.001051	-0.001051	0.000886	0.000886
213	4	451	4	P1	1	-0.002641	-0.002641	0.000043	0.000043
213	4	451	4	P50	1	-0.000758	-0.000758	0.001931	0.001931
213	4	451	4	P75	1	0.000206	0.000206	0.002897	0.002897
213	4	451	4	P90	1	0.000778	0.000778	0.003471	0.003471
213	4	451	4	P95	1	0.000975	0.000975	0.003668	0.003668
213	4	451	4	P99	4	0.001796	0.001796	0.000490	0.000490
213	4	451	4	P999	61	-0.001051	-0.001051	0.000886	0.000886
213	5	467	5	P1	1	-0.002641	-0.002641	0.000043	0.000043
213	5	467	5	P50	1	-0.000690	-0.000690	0.001999	0.001999
213	5	467	5	P75	1	0.000309	0.000309	0.003000	0.003000
213	5	467	5	P90	1	0.000907	0.000907	0.003599	0.003599
213	5	467	5	P95	3	0.003476	0.003476	-0.001519	-0.001519
213	5	467	5	P99	15	-0.000220	-0.000220	0.001975	0.001975
213	5	467	5	P999	61	-0.001051	-0.001051	0.000886	0.000886
213	6	476	6	P1	1	-0.002642	-0.002642	0.000042	0.000042
213	6	476	6	P50	1	-0.000675	-0.000683	0.002014	0.002006
213	6	476	6	P75	1	0.000327	0.000319	0.003018	0.003010
213	6	476	6	P90	1	0.000925	0.000925	0.003618	0.003618
213	6	476	6	P95	3	0.003476	0.003476	-0.001519	-0.001519
213	6	476	6	P99	15	-0.000220	-0.000220	0.001975	0.001975
213	6	476	6	P999	61	-0.001051	-0.001051	0.000886	0.000886
213	7	492	7	P1	1	-0.002642	-0.002642	0.000042	0.000042
213	7	492	7	P50	1	-0.000607	-0.000616	0.002082	0.002073
213	7	492	7	P75	1	0.000428	0.000420	0.003120	0.003111
213	7	492	7	P90	1	0.001043	0.001043	0.003737	0.003737
213	7	492	7	P95	13	-0.000122	-0.000122	0.002099	0.002099
213	7	492	7	P99	56	0.002223	0.002223	0.000434	0.000434
213	7	492	7	P999	61	-0.001051	-0.001051	0.000886	0.000886
214	1	20	1	P1	1	-0.002038	-0.002038	0.000249	0.000249
214	1	20	1	P50	1	0.000453	0.000204	0.002745	0.002495
214	1	20	1	P75	2	0.003746	-0.499275	0.002116	-0.498128
214	1	20	1	P90	4	-0.002693	-0.003935	-0.000756	-0.002000
214	1	20	1	P95	4	-0.001449	-0.002693	0.000490	-0.000756
214	1	20	1	P99	4	-0.001449	-0.001449	0.000490	0.000490
214	1	20	1	P999	4	-0.001449	-0.001449	0.000490	0.000490
214	2	31	2	P1	1	-0.002143	-0.002143	0.000144	0.000144
214	2	31	2	P50	1	0.000012	0.000012	0.002303	0.002303
214	2	31	2	P75	1	0.001163	0.001163	0.003456	0.003456
214	2	31	2	P90	3	0.002078	0.002078	0.000349	0.000349
214	2	31	2	P95	4	-0.002693	-0.002693	-0.000756	-0.000756
214	2	31	2	P99	4	-0.001449	-0.001449	0.000490	0.000490
214	2	31	2	P999	4	-0.001449	-0.001449	0.000490	0.000490
214	3	34	3	P1	1	-0.002820	-0.002820	0.000144	0.000144
214	3	34	3	P50	1	-0.000380	-0.000524	0.002591	0.002447
214	3	34	3	P75	1	0.000771	0.000771	0.003745	0.003745
214	3	34	3	P90	4	-0.002290	-0.002290	0.000490	0.000490
214	3	34	3	P95	13	-0.001462	-0.001462	0.001163	0.001163
214	3	34	3	P99	13	0.000407	0.000407	0.003036	0.003036
214	3	34	3	P999	13	0.000407	0.000407	0.003036	0.003036
214	4	37	4	P1	1	-0.003374	-0.003374	0.000144	0.000144
214	4	37	4	P50	1	-0.000792	-0.000792	0.002735	0.002735
214	4	37	4	P75	3	0.000604	0.000604	0.000349	0.000349
214	4	37	4	P90	13	-0.000397	-0.000397	0.003036	0.003036
214	4	37	4	P95	54	-0.000215	-0.000215	0.003165	0.003165
214	4	37	4	P99	55	0.000127	0.000127	0.003507	0.003507
214	4	37	4	P999	55	0.000127	0.000127	0.003507	0.003507
214	5	40	5	P1	1	-0.003384	-0.003384	0.000134	0.000134
214	5	40	5	P50	1	-0.000720	-0.000853	0.002807	0.002674
214	5	40	5	P75	3	0.000604	-0.331762	0.000349	-0.331923
214	5	40	5	P90	13	-0.000397	-0.002263	0.003036	0.001163
214	5	40	5	P95	54	-0.000215	-0.002081	0.003165	0.001292
214	5	40	5	P99	55	0.000127	0.000127	0.003507	0.003507
214	5	40	5	P999	55	0.000127	0.000127	0.003507	0.003507
214	6	44	6	P1	1	-0.003384	-0.003384	0.000134	0.000134
214	6	44	6	P50	1	-0.000453	-0.000586	0.003075	0.002941
214	6	44	6	P75	4	-0.004219	-0.005459	-0.001751	-0.002497
214	6	44	6	P90	13	-0.002263	-0.002263	0.001163	0.001163
214	6	44	6	P95	54	-0.002081	-0.002081	0.001292	0.001292
214	6	44	6	P99	55	0.000127	0.000127	0.003507	0.003507
214	6	44	6	P999	55	0.000127	0.000127	0.003507	0.003507
214	7	57	7	P1	1	-0.003427	-0.003427	0.000091	0.000091
214	7	57	7	P50	1	-0.000879	-0.000879	0.002647	0.002647
214	7	57	7	P75	2	0.002357	0.002357	0.002116	0.002116
214	7	57	7	P90	11	-0.001556	-0.001556	0.001879	0.001879
214	7	57	7	P95	54	-0.002081	-0.002081	0.001292	0.001292
214	7	57	7	P99	55	0.000127	0.000127	0.003507	0.003507
214	7	57	7	P999	55	0.000127	0.000127	0.003507	0.003507
215	1	8	0	P1	3	0.003603	0.003603	0.000349	0.000349
215	1	8	0	P50	4	-0.001601	-0.002134	-0.001112	-0.001645
215	1	8	0	P75	4	-0.000534	-0.001067	-0.000044	-0.000578
215	1	8	0	P90	4	-0.000000	-0.000000	0.000490	0.000490
215	1	8	0	P95	4	-0.000000	-0.000000	0.000490	0.000490
215	1	8	0	P99	4	-0.000000	-0.000000	0.000490	0.000490
215	1	8	0	P999	4	-0.000000	-0.000000	0.000490	0.000490
215	2	26	1	P1	1	-0.002079	-0.002079	0.000208	0.000208
215	2	26	1	P50	1	0.000619	0.000411	0.002912	0.002703
215	2	26	1	P75	4	-0.004644	-0.004644	-0.002710	-0.002710
215	2	26	1	P90	4	-0.002515	-0.002515	-0.000578	-0.000578
215	2	26	1	P95	4	-0.001982	-0.001982	-0.000044	-0.000044
215	2	26	1	P99	4	-0.001449	-0.001449	0.000490	0.000490
215	2	26	1	P999	4	-0.001449	-0.001449	0.000490	0.000490
215	3	31	2	P1	1	-0.002336	-0.002336	0.000208	0.000208
215	3	31	2	P50	1	0.000777	0.000777	0.003328	0.003328
215	3	31	2	P75	4	-0.002833	-0.002833	-0.000578	-0.000578
215	3	31	2	P90	11	-0.002039	-0.002039	0.000008	0.000008
215	3	31	2	P95	12	-0.001192	-0.001192	0.000839	0.000839
215	3	31	2	P99	13	0.001017	0.001017	0.003036	0.003036
215	3	31	2	P999	13	0.001017	0.001017	0.003036	0.003036
215	4	36	3	P1	1	-0.003310	-0.003310	0.000208	0.000208
215	4	36	3	P50	3	0.000604	-0.666595	0.000349	-0.665418
215	4	36	3	P75	11	-0.003420	-0.090636	0.000008	-0.087505
215	4	36	3	P90	51	0.000873	0.000873	0.000511	0.000511
215	4	36	3	P95	55	-0.001741	-0.001741	0.001633	0.001633
215	4	36	3	P99	55	0.000127	0.000127	0.003507	0.003507
215	4	36	3	P999	55	0.000127	0.000127	0.003507	0.003507
215	5	41	4	P1	1	-0.003355	-0.003355	0.000163	0.000163
215	5	41	4	P50	1	-0.000111	-0.000111	0.003419	0.003419
215	5	41	4	P75	4	-0.002978	-0.002978	0.000490	0.000490
215	5	41	4	P90	48	0.001689	0.001689	0.001329	0.001329
215	5	41	4	P95	54	-0.000215	-0.000215	0.003165	0.003165
215	5	41	4	P99	55	0.000127	0.000127	0.003507	0.003507
215	5	41	4	P999	55	0.000127	0.000127	0.003507	0.003507
215	6	45	5	P1	1	-0.003355	-0.003355	0.000163	0.000163
215	6	45	5	P50	1	0.000215	0.000215	0.003745	0.003745
215	6	45	5	P75	4	-0.001112	-0.001112	0.000075	0.000075
215	6	45	5	P90	48	0.001689	0.001689	0.001329	0.001329
215	6	45	5	P95	54	-0.000215	-0.000215	0.003165	0.003165
215	6	45	5	P99	55	0.000127	0.000127	0.003507	0.003507
215	6	45	5	P999	55	0.000127	0.000127	0.003507	0.003507
215	7	49	6	P1	1	-0.003355	-0.003355	0.000163	0.000163
215	7	49	6	P50	3	0.001540	0.001540	-0.001892	-0.001892
215	7	49	6	P75	4	-0.001112	-0.001112	-0.000190	-0.000190
215	7	49	6	P90	48	0.001689	0.001689	0.001329	0.001329
215	7	49	6	P95	54	-0.000215	-0.000215	0.003165	0.003165
215	7	49	6	P99	55	0.000127	0.000127	0.003507	0.003507
215	7	49	6	P999	55	0.000127	0.000127	0.003507	0.003507
216	1	125	1	P1	1	-0.003642	-0.003642	0.000067	0.000067
216	1	125	1	P50	1	-0.001611	-0.001611	0.002105	0.002105
216	1	125	1	P75	1	-0.000578	-0.000578	0.003142	0.003142
216	1	125	1	P90	10	0.000032	0.000032	0.003745	0.003745
216	1	125	1	P95	12	-0.000997	-0.000997	-0.001030	-0.001030
216	1	125	1	P99	14	-0.001890	-0.001890	0.001815	0.001815
216	1	125	1	P999	14	-0.000023	-0.000023	0.003689	0.003689
216	2	141	2	P1	1	-0.003645	-0.003645	0.000064	0.000064
216	2	141	2	P50	1	-0.001446	-0.001446	0.002271	0.002271
216	2	141	2	P75	1	-0.000329	-0.000329	0.003392	0.003392
216	2	141	2	P90	2	-0.001937	-0.001937	0.001776	0.001776
216	2	141	2	P95	11	0.001911	0.001911	0.001879	0.001879
216	2	141	2	P99	14	-0.001890	-0.001890	0.001815	0.001815
216	2	141	2	P999	14	-0.000023	-0.000023	0.003689	0.003689
216	3	154	3	P1	1	-0.003580	-0.003580	0.000064	0.000064
216	3	154	3	P50	1	-0.001157	-0.001189	0.002495	0.002463
216	3	154	3	P75	1	0.000056	0.000056	0.003713	0.003713
216	3	154	3	P90	13	0.003163	0.003163	0.003036	0.003036
216	3	154	3	P95	56	0.000584	0.000584	0.000434	0.000434
216	3	154	3	P99	62	0.003472	0.003472	0.003320	0.003320
216	3	154	3	P999	83	0.003330	0.003330	0.003174	0.003174
216	4	167	4	P1	1	-0.003585	-0.003585	0.000059	0.000059
216	4	167	4	P50	1	-0.001177	-0.001177	0.002475	0.002475
216	4	167	4	P75	1	0.000058	0.000058	0.003715	0.003715
216	4	167	4	P90	13	0.001914	0.001914	0.001787	0.001787
216	4	167	4	P95	55	-0.000088	-0.000088	0.003507	0.003507
216	4	167	4	P99	62	0.003472	0.003472	0.003320	0.003320
216	4	167	4	P999	83	0.003330	0.003330	0.003174	0.003174
216	5	171	5	P1	1	-0.003585	-0.003585	0.000059	0.000059
216	5	171	5	P50	1	-0.001118	-0.001118	0.002534	0.002534
216	5	171	5	P75	2	-0.004718	-0.004718	-0.001089	-0.001089
216	5	171	5	P90	13	0.000666	0.000666	0.000539	0.000539
216	5	171	5	P95	55	-0.000088	-0.000088	0.003507	0.003507
216	5	171	5	P99	62	0.003472	0.003472	0.003320	0.003320
216	5	171	5	P999	83	0.003330	0.003330	0.003174	0.003174
216	6	174	6	P1	1	-0.003586	-0.003586	0.000058	0.000058
216	6	174	6	P50	1	-0.001119	-0.001148	0.002534	0.002505
216	6	174	6	P75	2	-0.004984	-0.004984	-0.001356	-0.001356
216	6	174	6	P90	13	0.000666	0.000666	0.000539	0.000539
216	6	174	6	P95	55	-0.000088	-0.000088	0.003507	0.003507
216	6	174	6	P99	62	0.003472	0.003472	0.003320	0.003320
216	6	174	6	P999	83	0.003330	0.003330	0.003174	0.003174
216	7	178	7	P1	1	-0.003586	-0.003586	0.000058	0.000058
216	7	178	7	P50	1	-0.001062	-0.001090	0.002591	0.002562
216	7	178	7	P75	2	-0.004187	-0.004187	-0.000556	-0.000556
216	7	178	7	P90	13	0.000666	0.000666	0.000539	0.000539
216	7	178	7	P95	55	-0.000088	-0.000088	0.003507	0.003507
216	7	178	7	P99	62	0.003472	0.003472	0.003320	0.003320
216	7	178	7	P999	83	0.003330	0.003330	0.003174	0.003174
217	1	706	1	P1	1	-0.003400	-0.003400	0.000043	0.000043
217	1	706	1	P50	1	-0.001527	-0.001533	0.001922	0.001917
217	1	706	1	P75	1	-0.000573	-0.000573	0.002879	0.002879
217	1	706	1	P90	1	0.000002	0.000002	0.003456	0.003456
217	1	706	1	P95	1	0.000191	0.000191	0.003647	0.003647
217	1	706	1	P99	2	0.001193	0.001193	0.000868	0.000868
217	1	706	1	P999	13	-0.000289	-0.000289	0.003036	0.003036
217	2	708	2	P1	1	-0.002835	-0.002835	0.000043	0.000043
217	2	708	2	P50	1	-0.000956	-0.000961	0.001928	0.001922
217	2	708	2	P75	1	0.000004	-0.000001	0.002890	0.002885
217	2	708	2	P90	1	0.000580	0.000580	0.003467	0.003467
217	2	708	2	P95	1	0.000770	0.000770	0.003658	0.003658
217	2	708	2	P99	2	0.002329	0.002329	0.001367	0.001367
217	2	708	2	P999	59	0.002045	0.002045	0.000580	0.000580
217	3	710	3	P1	1	-0.002835	-0.002835	0.000043	0.000043
217	3	710	3	P50	1	-0.000950	-0.000956	0.001933	0.001928
217	3	710	3	P75	1	0.000010	0.000010	0.002896	0.002896
217	3	710	3	P90	1	0.000591	0.000585	0.003478	0.003473
217	3	710	3	P95	1	0.000781	0.000781	0.003669	0.003669
217	3	710	3	P99	2	0.002329	0.002329	0.001455	0.001455
217	3	710	3	P999	59	0.002045	0.002045	0.000580	0.000580
217	4	714	4	P1	1	-0.002835	-0.002835	0.000043	0.000043
217	4	714	4	P50	1	-0.000939	-0.000945	0.001944	0.001939
217	4	714	4	P75	1	0.000026	0.000026	0.002912	0.002912
217	4	714	4	P90	1	0.000607	0.000607	0.003494	0.003494
217	4	714	4	P95	1	0.000802	0.000802	0.003691	0.003691
217	4	714	4	P99	3	0.005120	0.005120	0.000349	0.000349
217	4	714	4	P999	59	0.002045	0.002045	0.000580	0.000580
217	5	718	5	P1	1	-0.002835	-0.002835	0.000043	0.000043
217	5	718	5	P50	1	-0.000929	-0.000934	0.001955	0.001950
217	5	718	5	P75	1	0.000042	0.000042	0.002928	0.002928
217	5	718	5	P90	1	0.000629	0.000629	0.003516	0.003516
217	5	718	5	P95	1	0.000824	0.000824	0.003712	0.003712
217	5	718	5	P99	4	-0.000317	-0.000317	-0.001378	-0.001378
217	5	718	5	P999	59	0.002045	0.002045	0.000580	0.000580
217	6	755	6	P1	1	-0.002837	-0.002837	0.000041	0.000041
217	6	755	6	P50	1	-0.000935	-0.000935	0.001948	0.001948
217	6	755	6	P75	1	0.000037	0.000037	0.002924	0.002924
217	6	755	6	P90	1	0.000620	0.000620	0.003507	0.003507
217	6	755	6	P95	1	0.000815	0.000815	0.003704	0.003704
217	6	755	6	P99	4	-0.000317	-0.000317	-0.001378	-0.001378
217	6	755	6	P999	59	0.002045	0.002045	0.000580	0.000580
217	7	758	7	P1	1	-0.002837	-0.002837	0.000041	0.000041
217	7	758	7	P50	1	-0.000925	-0.000930	0.001958	0.001953
217	7	758	7	P75	1	0.000048	0.000048	0.002934	0.002934
217	7	758	7	P90	1	0.000635	0.000635	0.003523	0.003523
217	7	758	7	P95	1	0.000831	0.000831	0.003719	0.003719
217	7	758	7	P99	4	0.001554	0.001554	0.000490	0.000490
217	7	758	7	P999	59	0.002045	0.002045	0.000580	0.000580
218	1	16	1	P1	1	-0.000777	-0.000777	0.000534	0.000534
218	1	16	1	P50	2	-0.001578	-0.002200	-0.000378	-0.001001
218	1	16	1	P75	2	0.000913	0.000290	0.002116	0.001492
218	1	16	1	P90	55	-0.000912	-0.000912	0.003507	0.003507
218	1	16	1	P95	56	-0.000239	-0.000239	0.000434	0.000434
218	1	16	1	P99	56	-0.000239	-0.000239	0.000434	0.000434
218	1	16	1	P999	56	-0.000239	-0.000239	0.000434	0.000434
218	2	19	2	P1	1	-0.002401	-0.002401	0.000374	0.000374
218	2	19	2	P50	1	0.003833	0.003833	0.003745	0.003745
218	2	19	2	P75	2	0.001591	0.001591	0.001492	0.001492
218	2	19	2	P90	55	-0.000088	-0.000088	0.003507	0.003507
218	2	19	2	P95	56	0.000584	0.000584	0.000434	0.000434
218	2	19	2	P99	56	0.000584	0.000584	0.000434	0.000434
218	2	19	2	P999	56	0.000584	0.000584	0.000434	0.000434
218	3	23	3	P1	1	-0.002401	-0.002401	0.000374	0.000374
218	3	23	3	P50	2	-0.000280	-0.000280	-0.000378	-0.000378
218	3	23	3	P75	3	-0.000792	-0.000792	-0.000897	-0.000897
218	3	23	3	P90	54	0.003315	0.003315	0.003165	0.003165
218	3	23	3	P95	55	-0.000088	-0.000088	0.003507	0.003507
218	3	23	3	P99	56	0.000584	0.000584	0.000434	0.000434
218	3	23	3	P999	56	0.000584	0.000584	0.000434	0.000434
218	4	27	4	P1	1	-0.002401	-0.002401	0.000374	0.000374
218	4	27	4	P50	2	0.000967	0.000967	0.000868	0.000868
218	4	27	4	P75	3	0.000454	0.000454	0.000349	0.000349
218	4	27	4	P90	54	0.003315	0.003315	0.003165	0.003165
218	4	27	4	P95	55	-0.000088	-0.000088	0.003507	0.003507
218	4	27	4	P99	56	0.000584	0.000584	0.000434	0.000434
218	4	27	4	P999	56	0.000584	0.000584	0.000434	0.000434
218	5	239	5	P1	1	-0.003591	-0.003591	0.000051	0.000051
218	5	239	5	P50	1	-0.001543	-0.001543	0.002041	0.002041
218	5	239	5	P75	1	-0.000491	-0.000491	0.003063	0.003063
218	5	239	5	P90	1	0.001691	0.001691	0.003677	0.003677
218	5	239	5	P95	2	0.002215	0.002215	0.002116	0.002116
218	5	239	5	P99	54	0.003315	0.003315	0.003165	0.003165
218	5	239	5	P999	56	0.000584	0.000584	0.000434	0.000434
218	6	242	6	P1	1	-0.003591	-0.003591	0.000051	0.000051
218	6	242	6	P50	1	-0.001508	-0.001525	0.002075	0.002058
218	6	242	6	P75	1	-0.000456	-0.000456	0.003097	0.003097
218	6	242	6	P90	1	0.002762	0.002762	0.003711	0.003711
218	6	242	6	P95	3	-0.001788	-0.001788	-0.001892	-0.001892
218	6	242	6	P99	54	0.003315	0.003315	0.003165	0.003165
218	6	242	6	P999	56	0.000584	0.000584	0.000434	0.000434
218	7	245	7	P1	1	-0.003591	-0.003591	0.000051	0.000051
218	7	245	7	P50	1	-0.001490	-0.001490	0.002092	0.002092
218	7	245	7	P75	1	-0.000421	-0.000421	0.003131	0.003131
218	7	245	7	P90	2	-0.001058	-0.001058	-0.001156	-0.001156
218	7	245	7	P95	3	0.000454	0.000454	0.000349	0.000349
218	7	245	7	P99	55	-0.000088	-0.000088	0.003507	0.003507
218	7	245	7	P999	71	0.002492	0.002492	0.002338	0.002338
219	1	7	1	P1	1	0.000505	0.000505	0.001871	0.001871
219	1	7	1	P50	3	-0.000852	-0.000852	0.000349	0.000349
219	1	7	1	P75	4	-0.001913	-0.001913	-0.000756	-0.000756
219	1	7	1	P90	4	-0.000669	-0.000669	0.000490	0.000490
219	1	7	1	P95	4	-0.000669	-0.000669	0.000490	0.000490
219	1	7	1	P99	4	-0.000669	-0.000669	0.000490	0.000490
219	1	7	1	P999	4	-0.000669	-0.000669	0.000490	0.000490
219	2	11	2	P1	1	0.000429	0.000429	0.001871	0.001871
219	2	11	2	P50	4	-0.003874	-0.003874	-0.002622	-0.002622
219	2	11	2	P75	4	-0.002010	-0.002010	-0.000756	-0.000756
219	2	11	2	P90	4	-0.001388	-0.001388	-0.000133	-0.000133
219	2	11	2	P95	4	-0.000766	-0.000766	0.000490	0.000490
219	2	11	2	P99	4	-0.000766	-0.000766	0.000490	0.000490
219	2	11	2	P999	4	-0.000766	-0.000766	0.000490	0.000490
219	3	826	3	P1	1	-0.002244	-0.002244	0.000042	0.000042
219	3	826	3	P50	1	-0.000347	-0.000351	0.001944	0.001939
219	3	826	3	P75	1	0.000620	0.000620	0.002912	0.002912
219	3	826	3	P90	1	0.001202	0.001202	0.003495	0.003495
219	3	826	3	P95	1	0.001395	0.001395	0.003688	0.003688
219	3	826	3	P99	2	0.003746	0.003746	0.002116	0.002116
219	3	826	3	P999	4	-0.001449	-0.001449	0.000490	0.000490
219	4	831	4	P1	1	-0.002501	-0.002501	0.000042	0.000042
219	4	831	4	P50	1	-0.000595	-0.000595	0.001953	0.001953
219	4	831	4	P75	1	0.000381	0.000381	0.002931	0.002931
219	4	831	4	P90	1	0.000963	0.000963	0.003514	0.003514
219	4	831	4	P95	1	0.001160	0.001160	0.003712	0.003712
219	4	831	4	P99	4	-0.003632	-0.003632	-0.001378	-0.001378
219	4	831	4	P999	12	-0.001192	-0.001192	0.000839	0.000839
219	5	836	5	P1	1	-0.002642	-0.002642	0.000042	0.000042
219	5	836	5	P50	1	-0.000722	-0.000726	0.001967	0.001962
219	5	836	5	P75	1	0.000259	0.000254	0.002950	0.002945
219	5	836	5	P90	1	0.000845	0.000845	0.003538	0.003538
219	5	836	5	P95	1	0.001042	0.001042	0.003736	0.003736
219	5	836	5	P99	11	-0.001617	-0.001617	0.000631	0.000631
219	5	836	5	P999	61	-0.001051	-0.001051	0.000886	0.000886
219	6	841	6	P1	1	-0.002642	-0.002642	0.000042	0.000042
219	6	841	6	P50	1	-0.000720	-0.000720	0.001969	0.001969
219	6	841	6	P75	1	0.000262	0.000262	0.002953	0.002953
219	6	841	6	P90	1	0.000851	0.000851	0.003543	0.003543
219	6	841	6	P95	1	0.001047	0.001047	0.003740	0.003740
219	6	841	6	P99	11	-0.001617	-0.001617	0.000631	0.000631
219	6	841	6	P999	61	-0.001051	-0.001051	0.000886	0.000886
219	7	845	7	P1	1	-0.002642	-0.002642	0.000042	0.000042
219	7	845	7	P50	1	-0.000710	-0.000710	0.001978	0.001978
219	7	845	7	P75	1	0.000276	0.000276	0.002967	0.002967
219	7	845	7	P90	1	0.000869	0.000869	0.003562	0.003562
219	7	845	7	P95	2	-0.000107	-0.000107	-0.001136	-0.001136
219	7	845	7	P99	11	-0.001617	-0.001617	0.000631	0.000631
219	7	845	7	P999	61	-0.001051	-0.001051	0.000886	0.000886
220	1	8	1	P1	1	-0.001921	-0.001921	0.000623	0.000623
220	1	8	1	P50	1	0.000570	-0.000054	0.003120	0.002495
220	1	8	1	P75	12	-0.003057	-0.916567	-0.001030	-0.916355
220	1	8	1	P90	12	-0.001192	-0.001192	0.000839	0.000839
220	1	8	1	P95	12	-0.001192	-0.001192	0.000839	0.000839
220	1	8	1	P99	12	-0.001192	-0.001192	0.000839	0.000839
220	1	8	1	P999	12	-0.001192	-0.001192	0.000839	0.000839
220	2	20	2	P1	1	-0.002256	-0.002256	0.000288	0.000288
220	2	20	2	P50	1	0.000618	0.000330	0.003168	0.002879
220	2	20	2	P75	2	-0.001782	-0.002528	0.000619	-0.000129
220	2	20	2	P90	12	-0.003057	-0.833381	-0.001030	-0.832981
220	2	20	2	P95	12	-0.001192	-0.003057	0.000839	-0.001030
220	2	20	2	P99	12	-0.001192	-0.001192	0.000839	0.000839
220	2	20	2	P999	12	-0.001192	-0.001192	0.000839	0.000839
220	3	22	3	P1	1	-0.002225	-0.002225	0.000288	0.000288
220	3	22	3	P50	1	0.000937	0.000649	0.003456	0.003168
220	3	22	3	P75	2	-0.001000	-0.001000	0.001367	0.001367
220	3	22	3	P90	12	-0.001147	-0.001147	0.000839	0.000839
220	3	22	3	P95	55	0.001841	0.001841	0.003507	0.003507
220	3	22	3	P99	56	-0.001223	-0.001223	0.000434	0.000434
220	3	22	3	P999	56	-0.001223	-0.001223	0.000434	0.000434
220	4	24	4	P1	1	-0.002245	-0.002245	0.000267	0.000267
220	4	24	4	P50	1	0.000958	0.000690	0.003477	0.003209
220	4	24	4	P75	2	-0.000253	-0.001000	0.001492	0.000868
220	4	24	4	P90	12	-0.001147	-0.001147	0.000839	0.000839
220	4	24	4	P95	55	0.001841	0.001841	0.003507	0.003507
220	4	24	4	P99	56	-0.001223	-0.001223	0.000434	0.000434
220	4	24	4	P999	56	-0.001223	-0.001223	0.000434	0.000434
220	5	28	5	P1	1	-0.002245	-0.002245	0.000267	0.000267
220	5	28	5	P50	2	-0.003239	-0.499388	-0.001001	-0.498128
220	5	28	5	P75	4	-0.004213	-0.248644	-0.002000	-0.249738
220	5	28	5	P90	12	-0.001147	-0.001147	0.000839	0.000839
220	5	28	5	P95	55	0.001841	0.001841	0.003507	0.003507
220	5	28	5	P99	56	-0.001223	-0.001223	0.000434	0.000434
220	5	28	5	P999	56	-0.001223	-0.001223	0.000434	0.000434
220	6	84	6	P1	1	-0.002457	-0.002457	0.000055	0.000055
220	6	84	6	P50	1	-0.000150	-0.000205	0.002367	0.002311
220	6	84	6	P75	1	0.001005	0.000950	0.003524	0.003469
220	6	84	6	P90	3	-0.000063	-0.000063	-0.001519	-0.001519
220	6	84	6	P95	4	-0.001728	-0.001728	0.000490	0.000490
220	6	84	6	P99	56	-0.001223	-0.001223	0.000434	0.000434
220	6	84	6	P999	56	-0.001223	-0.001223	0.000434	0.000434
220	7	90	7	P1	1	-0.002457	-0.002457	0.000055	0.000055
220	7	90	7	P50	1	0.000015	-0.000040	0.002532	0.002477
220	7	90	7	P75	1	0.001225	0.001225	0.003745	0.003745
220	7	90	7	P90	12	-0.003012	-0.083450	-0.002274	-0.081611
220	7	90	7	P95	12	0.001658	0.001658	0.000216	0.000216
220	7	90	7	P99	56	-0.001223	-0.001223	0.000434	0.000434
220	7	90	7	P999	56	-0.001223	-0.001223	0.000434	0.000434
221	1	10	1	P1	1	-0.002425	-0.002425	0.000935	0.000935
221	1	10	1	P50	54	0.000058	-0.036636	0.003165	-0.033641
221	1	10	1	P75	56	0.001073	0.001073	0.000434	0.000434
221	1	10	1	P90	58	-0.000375	-0.015211	0.002726	-0.015840
221	1	10	1	P95	58	-0.000375	-0.000375	0.002726	0.002726
221	1	10	1	P99	58	-0.000375	-0.000375	0.002726	0.002726
221	1	10	1	P999	58	-0.000375	-0.000375	0.002726	0.002726
221	2	16	2	P1	1	-0.002891	-0.002891	0.000467	0.000467
221	2	16	2	P50	2	0.000666	-0.499812	0.000245	-0.498128
221	2	16	2	P75	56	-0.000797	-0.035659	-0.001434	-0.032662
221	2	16	2	P90	57	0.002066	0.002066	0.001426	0.001426
221	2	16	2	P95	58	-0.000375	-0.000375	0.002726	0.002726
221	2	16	2	P99	58	-0.000375	-0.000375	0.002726	0.002726
221	2	16	2	P999	58	-0.000375	-0.000375	0.002726	0.002726
221	3	20	3	P1	1	-0.002891	-0.002891	0.000467	0.000467
221	3	20	3	P50	3	-0.001073	-0.331641	-0.001519	-0.331923
221	3	20	3	P75	54	0.000058	-0.036636	0.003165	-0.033641
221	3	20	3	P90	57	0.002066	-0.016490	0.001426	-0.017117
221	3	20	3	P95	58	-0.000375	-0.015211	0.002726	-0.015840
221	3	20	3	P99	58	-0.000375	-0.000375	0.002726	0.002726
221	3	20	3	P999	58	-0.000375	-0.000375	0.002726	0.002726
221	4	29	4	P1	1	-0.003124	-0.003124	0.000234	0.000234
221	4	29	4	P50	1	0.000142	0.000142	0.003510	0.003510
221	4	29	4	P75	4	-0.000913	-0.000913	-0.001378	-0.001378
221	4	29	4	P90	56	0.001073	0.001073	0.000434	0.000434
221	4	29	4	P95	57	0.002066	0.002066	0.001426	0.001426
221	4	29	4	P99	58	-0.000375	-0.000375	0.002726	0.002726
221	4	29	4	P999	58	-0.000375	-0.000375	0.002726	0.002726
221	5	33	5	P1	1	-0.003124	-0.003124	0.000234	0.000234
221	5	33	5	P50	2	0.000042	0.000042	-0.000378	-0.000378
221	5	33	5	P75	4	-0.000540	-0.000540	-0.001005	-0.001005
221	5	33	5	P90	56	-0.000797	-0.000797	-0.001434	-0.001434
221	5	33	5	P95	57	0.002066	0.002066	0.001426	0.001426
221	5	33	5	P99	58	-0.000375	-0.000375	0.002726	0.002726
221	5	33	5	P999	58	-0.000375	-0.000375	0.002726	0.002726
221	6	36	6	P1	1	-0.003161	-0.003161	0.000197	0.000197
221	6	36	6	P50	1	0.000375	0.000179	0.003745	0.003548
221	6	36	6	P75	4	-0.000540	-0.001286	-0.001005	-0.001751
221	6	36	6	P90	56	-0.000797	-0.000797	-0.001434	-0.001434
221	6	36	6	P95	57	0.002066	0.002066	0.001426	0.001426
221	6	36	6	P99	58	-0.000375	-0.000375	0.002726	0.002726
221	6	36	6	P999	58	-0.000375	-0.000375	0.002726	0.002726
221	7	40	7	P1	1	-0.003161	-0.003161	0.000197	0.000197
221	7	40	7	P50	2	0.001289	0.000042	0.000868	-0.000378
221	7	40	7	P75	4	-0.000646	-0.001180	-0.001112	-0.001645
221	7	40	7	P90	56	-0.000797	-0.035659	-0.001434	-0.032662
221	7	40	7	P95	57	0.002066	-0.016490	0.001426	-0.017117
221	7	40	7	P99	58	-0.000375	-0.000375	0.002726	0.002726
221	7	40	7	P999	58	-0.000375	-0.000375	0.002726	0.002726
222	1	740	1	P1	1	-0.002245	-0.002245	0.000041	0.000041
222	1	740	1	P50	1	-0.000370	-0.000376	0.001920	0.001915
222	1	740	1	P75	1	0.000586	0.000581	0.002879	0.002874
222	1	740	1	P90	1	0.001161	0.001156	0.003454	0.003449
222	1	740	1	P95	1	0.001353	0.001347	0.003646	0.003641
222	1	740	1	P99	2	0.002880	0.002880	0.001252	0.001252
222	1	740	1	P999	4	-0.001449	-0.001449	0.000490	0.000490
222	2	1111	2	P1	1	-0.002245	-0.002245	0.000041	0.000041
222	2	1111	2	P50	1	-0.000382	-0.000382	0.001909	0.001909
222	2	1111	2	P75	1	0.000572	0.000572	0.002864	0.002864
222	2	1111	2	P90	1	0.001142	0.001142	0.003435	0.003435
222	2	1111	2	P95	1	0.001334	0.001334	0.003628	0.003628
222	2	1111	2	P99	2	0.002340	0.002340	0.000712	0.000712
222	2	1111	2	P999	4	-0.001449	-0.001449	0.000490	0.000490
222	3	1129	3	P1	1	-0.002502	-0.002502	0.000041	0.000041
222	3	1129	3	P50	1	-0.000608	-0.000608	0.001939	0.001939
222	3	1129	3	P75	1	0.000359	0.000359	0.002909	0.002909
222	3	1129	3	P90	1	0.000943	0.000943	0.003494	0.003494
222	3	1129	3	P95	1	0.001135	0.001135	0.003686	0.003686
222	3	1129	3	P99	12	-0.003802	-0.003802	-0.001776	-0.001776
222	3	1129	3	P999	13	0.000082	0.000082	0.002099	0.002099
222	4	1158	4	P1	1	-0.002502	-0.002502	0.000041	0.000041
222	4	1158	4	P50	1	-0.000585	-0.000589	0.001962	0.001959
222	4	1158	4	P75	1	0.000391	0.000391	0.002941	0.002941
222	4	1158	4	P90	1	0.000980	0.000980	0.003531	0.003531
222	4	1158	4	P95	1	0.001176	0.001176	0.003728	0.003728
222	4	1158	4	P99	12	-0.003802	-0.003802	-0.001776	-0.001776
222	4	1158	4	P999	13	0.000082	0.000082	0.002099	0.002099
222	5	1165	5	P1	1	-0.003478	-0.003478	0.000041	0.000041
222	5	1165	5	P50	1	-0.001553	-0.001553	0.001972	0.001972
222	5	1165	5	P75	1	-0.000570	-0.000570	0.002958	0.002958
222	5	1165	5	P90	1	0.000021	0.000021	0.003552	0.003552
222	5	1165	5	P95	2	-0.001255	-0.001255	-0.001494	-0.001494
222	5	1165	5	P99	12	-0.002590	-0.002590	0.000839	0.000839
222	5	1165	5	P999	57	0.001790	0.001790	0.001426	0.001426
222	6	1172	6	P1	1	-0.003478	-0.003478	0.000040	0.000040
222	6	1172	6	P50	1	-0.001550	-0.001553	0.001975	0.001972
222	6	1172	6	P75	1	-0.000566	-0.000569	0.002962	0.002959
222	6	1172	6	P90	1	0.000022	0.000022	0.003553	0.003553
222	6	1172	6	P95	2	-0.001135	-0.001135	-0.001374	-0.001374
222	6	1172	6	P99	12	-0.002590	-0.002590	0.000839	0.000839
222	6	1172	6	P999	57	0.001790	0.001790	0.001426	0.001426
222	7	1176	7	P1	1	-0.003478	-0.003478	0.000040	0.000040
222	7	1176	7	P50	1	-0.001543	-0.001546	0.001982	0.001979
222	7	1176	7	P75	1	-0.000556	-0.000559	0.002973	0.002969
222	7	1176	7	P90	1	0.000036	0.000036	0.003566	0.003566
222	7	1176	7	P95	2	-0.000637	-0.000637	-0.000876	-0.000876
222	7	1176	7	P99	12	-0.002590	-0.002590	0.000839	0.000839
222	7	1176	7	P999	57	0.001790	0.001790	0.001426	0.001426
223	1	8	0	P1	4	-0.003265	-0.003265	-0.002777	-0.002777
223	1	8	0	P50	4	-0.001401	-0.001867	-0.000911	-0.001378
223	1	8	0	P75	4	-0.000467	-0.000934	0.000023	-0.000445
223	1	8	0	P90	4	-0.000000	-0.000000	0.000490	0.000490
223	1	8	0	P95	4	-0.000000	-0.000000	0.000490	0.000490
223	1	8	0	P99	4	-0.000000	-0.000000	0.000490	0.000490
223	1	8	0	P999	4	-0.000000	-0.000000	0.000490	0.000490
223	2	12	0	P1	3	0.003603	0.003603	0.000349	0.000349
223	2	12	0	P50	4	-0.001698	-0.002037	-0.001209	-0.001548
223	2	12	0	P75	4	-0.000679	-0.001019	-0.000190	-0.000529
223	2	12	0	P90	4	-0.000340	-0.000340	0.000150	0.000150
223	2	12	0	P95	4	-0.000000	-0.000000	0.000490	0.000490
223	2	12	0	P99	4	-0.000000	-0.000000	0.000490	0.000490
223	2	12	0	P999	4	-0.000000	-0.000000	0.000490	0.000490
223	3	16	1	P1	3	-0.000737	-0.000737	-0.002141	-0.002141
223	3	16	1	P50	4	-0.003449	-0.003787	-0.001522	-0.001809
223	3	16	1	P75	4	-0.002093	-0.002432	-0.000373	-0.000660
223	3	16	1	P90	4	0.000114	0.000114	0.000202	0.000202
223	3	16	1	P95	4	0.001986	0.001986	0.000490	0.000490
223	3	16	1	P99	4	0.001986	0.001986	0.000490	0.000490
223	3	16	1	P999	4	0.001986	0.001986	0.000490	0.000490
223	4	20	2	P1	3	-0.000737	-0.000737	-0.002141	-0.002141
223	4	20	2	P50	4	-0.003494	-0.003742	-0.001488	-0.001707
223	4	20	2	P75	4	-0.002251	-0.002500	-0.000390	-0.000609
223	4	20	2	P90	4	0.000114	-0.001754	0.000270	0.000050
223	4	20	2	P95	4	0.001986	0.000114	0.000490	0.000270
223	4	20	2	P99	4	0.001986	0.001986	0.000490	0.000490
223	4	20	2	P999	4	0.001986	0.001986	0.000490	0.000490
223	5	49	3	P1	1	-0.002158	-0.002158	0.000129	0.000129
223	5	49	3	P50	1	0.000935	0.000935	0.003228	0.003228
223	5	49	3	P75	4	-0.003935	-0.003935	-0.002146	-0.002146
223	5	49	3	P90	4	-0.001947	-0.001947	-0.000390	-0.000390
223	5	49	3	P95	4	-0.001449	-0.001449	0.000050	0.000050
223	5	49	3	P99	4	0.002292	0.002292	0.000490	0.000490
223	5	49	3	P999	4	0.002292	0.002292	0.000490	0.000490
223	6	51	4	P1	1	-0.002414	-0.002414	0.000129	0.000129
223	6	51	4	P50	1	0.000806	0.000806	0.003357	0.003357
223	6	51	4	P75	4	-0.003756	-0.003756	-0.001707	-0.001707
223	6	51	4	P90	4	-0.002016	-0.002016	-0.000170	-0.000170
223	6	51	4	P95	4	0.001972	0.001972	0.000490	0.000490
223	6	51	4	P99	12	-0.001192	-0.001192	0.000839	0.000839
223	6	51	4	P999	12	-0.001192	-0.001192	0.000839	0.000839
223	7	53	5	P1	1	-0.002423	-0.002423	0.000121	0.000121
223	7	53	5	P50	1	0.000710	0.000710	0.003261	0.003261
223	7	53	5	P75	4	-0.004004	-0.004004	-0.001927	-0.001927
223	7	53	5	P90	4	-0.002016	-0.002016	-0.000170	-0.000170
223	7	53	5	P95	4	0.001972	0.001972	0.000490	0.000490
223	7	53	5	P99	12	-0.001192	-0.001192	0.000839	0.000839
223	7	53	5	P999	12	-0.001192	-0.001192	0.000839	0.000839
224	1	4	1	P1	1	-0.001780	-0.001780	0.001871	0.001871
224	1	4	1	P50	55	-0.000088	-0.981817	0.003507	-0.981750
224	1	4	1	P75	56	0.000584	-0.017943	0.000434	-0.014413
224	1	4	1	P90	56	0.000584	0.000584	0.000434	0.000434
224	1	4	1	P95	56	0.000584	0.000584	0.000434	0.000434
224	1	4	1	P99	56	0.000584	0.000584	0.000434	0.000434
224	1	4	1	P999	56	0.000584	0.000584	0.000434	0.000434
224	2	8	2	P1	1	-0.001780	-0.001780	0.001871	0.001871
224	2	8	2	P50	4	-0.000647	-0.001891	-0.000756	-0.002000
224	2	8	2	P75	55	-0.000088	-0.927229	0.003507	-0.927237
224	2	8	2	P90	56	0.000584	0.000584	0.000434	0.000434
224	2	8	2	P95	56	0.000584	0.000584	0.000434	0.000434
224	2	8	2	P99	56	0.000584	0.000584	0.000434	0.000434
224	2	8	2	P999	56	0.000584	0.000584	0.000434	0.000434
224	3	12	3	P1	1	-0.001780	-0.001780	0.001871	0.001871
224	3	12	3	P50	4	-0.002202	-0.249660	-0.002311	-0.249738
224	3	12	3	P75	4	0.000599	-0.000336	0.000490	-0.000445
224	3	12	3	P90	55	-0.000088	-0.000088	0.003507	0.003507
224	3	12	3	P95	56	0.000584	0.000584	0.000434	0.000434
224	3	12	3	P99	56	0.000584	0.000584	0.000434	0.000434
224	3	12	3	P999	56	0.000584	0.000584	0.000434	0.000434
224	4	605	4	P1	1	-0.003599	-0.003599	0.000044	0.000044
224	4	605	4	P50	1	-0.001732	-0.001732	0.001918	0.001918
224	4	605	4	P75	1	-0.000778	-0.000778	0.002876	0.002876
224	4	605	4	P90	1	-0.000203	-0.000203	0.003453	0.003453
224	4	605	4	P95	1	-0.000013	-0.000013	0.003643	0.003643
224	4	605	4	P99	3	0.000454	0.000454	0.000349	0.000349
224	4	605	4	P999	56	0.000584	0.000584	0.000434	0.000434
224	5	609	5	P1	1	-0.003599	-0.003599	0.000044	0.000044
224	5	609	5	P50	1	-0.001720	-0.001720	0.001931	0.001931
224	5	609	5	P75	1	-0.000759	-0.000759	0.002895	0.002895
224	5	609	5	P90	1	-0.000178	-0.000178	0.003478	0.003478
224	5	609	5	P95	1	0.000012	0.000012	0.003669	0.003669
224	5	609	5	P99	4	-0.001536	-0.001536	-0.001645	-0.001645
224	5	609	5	P999	56	0.000584	0.000584	0.000434	0.000434
224	6	613	6	P1	1	-0.003599	-0.003599	0.000044	0.000044
224	6	613	6	P50	1	-0.001707	-0.001707	0.001944	0.001944
224	6	613	6	P75	1	-0.000740	-0.000740	0.002914	0.002914
224	6	613	6	P90	1	-0.000159	-0.000159	0.003497	0.003497
224	6	613	6	P95	1	0.000037	0.000037	0.003694	0.003694
224	6	613	6	P99	4	-0.000896	-0.000896	-0.001005	-0.001005
224	6	613	6	P999	56	0.000584	0.000584	0.000434	0.000434
224	7	617	7	P1	1	-0.003599	-0.003599	0.000044	0.000044
224	7	617	7	P50	1	-0.001694	-0.001694	0.001956	0.001956
224	7	617	7	P75	1	-0.000721	-0.000721	0.002933	0.002933
224	7	617	7	P90	1	-0.000133	-0.000133	0.003523	0.003523
224	7	617	7	P95	1	0.000063	0.000063	0.003720	0.003720
224	7	617	7	P99	4	-0.000469	-0.000469	-0.000578	-0.000578
224	7	617	7	P999	56	0.000584	0.000584	0.000434	0.000434
225	1	8	0	P1	3	-0.002800	-0.002800	-0.002452	-0.002452
225	1	8	0	P50	4	-0.002659	-0.250000	-0.002311	-0.249738
225	1	8	0	P75	4	-0.000793	-0.001726	-0.000445	-0.001378
225	1	8	0	P90	4	0.000141	0.000141	0.000490	0.000490
225	1	8	0	P95	4	0.000141	0.000141	0.000490	0.000490
225	1	8	0	P99	4	0.000141	0.000141	0.000490	0.000490
225	1	8	0	P999	4	0.000141	0.000141	0.000490	0.000490
225	2	12	1	P1	3	-0.001235	-0.001235	-0.002638	-0.002638
225	2	12	1	P50	4	-0.002997	-0.004239	-0.002178	-0.002710
225	2	12	1	P75	4	0.000114	-0.000820	-0.000578	-0.001112
225	2	12	1	P90	4	0.001050	0.001050	-0.000044	-0.000044
225	2	12	1	P95	4	0.001986	0.001986	0.000490	0.000490
225	2	12	1	P99	4	0.001986	0.001986	0.000490	0.000490
225	2	12	1	P999	4	0.001986	0.001986	0.000490	0.000490
225	3	29	2	P1	1	-0.002067	-0.002067	0.000220	0.000220
225	3	29	2	P50	1	0.001011	0.001011	0.003304	0.003304
225	3	29	2	P75	3	0.002078	0.002078	0.000349	0.000349
225	3	29	2	P90	4	0.000420	0.000420	-0.000578	-0.000578
225	3	29	2	P95	4	0.001355	0.001355	-0.000044	-0.000044
225	3	29	2	P99	4	0.002292	0.002292	0.000490	0.000490
225	3	29	2	P999	4	0.002292	0.002292	0.000490	0.000490
225	4	36	3	P1	1	-0.002117	-0.002117	0.000170	0.000170
225	4	36	3	P50	1	0.000940	0.000770	0.003233	0.003063
225	4	36	3	P75	3	0.001329	0.000580	-0.000399	-0.001146
225	4	36	3	P90	4	-0.000515	-0.000515	-0.001112	-0.001112
225	4	36	3	P95	4	0.001355	0.001355	-0.000044	-0.000044
225	4	36	3	P99	4	0.002292	0.002292	0.000490	0.000490
225	4	36	3	P999	4	0.002292	0.002292	0.000490	0.000490
225	5	40	4	P1	1	-0.002117	-0.002117	0.000170	0.000170
225	5	40	4	P50	1	0.001281	0.001111	0.003574	0.003404
225	5	40	4	P75	4	-0.004555	-0.248442	-0.002870	-0.249738
225	5	40	4	P90	4	-0.000515	-0.001449	-0.000631	-0.001005
225	5	40	4	P95	4	0.001355	0.000420	0.000116	-0.000258
225	5	40	4	P99	4	0.002292	0.002292	0.000490	0.000490
225	5	40	4	P999	4	0.002292	0.002292	0.000490	0.000490
225	6	44	5	P1	1	-0.002117	-0.002117	0.000170	0.000170
225	6	44	5	P50	2	0.001871	-0.499275	0.000245	-0.498128
225	6	44	5	P75	4	-0.003521	-0.003935	-0.002096	-0.002383
225	6	44	5	P90	4	-0.000515	-0.000515	-0.000373	-0.000373
225	6	44	5	P95	4	0.001355	0.001355	0.000202	0.000202
225	6	44	5	P99	5	-0.000259	-0.000259	0.001625	0.001625
225	6	44	5	P999	5	-0.000259	-0.000259	0.001625	0.001625
225	7	478	6	P1	1	-0.002245	-0.002245	0.000042	0.000042
225	7	478	6	P50	1	-0.000295	-0.000303	0.001996	0.001987
225	7	478	6	P75	1	0.000694	0.000694	0.002987	0.002987
225	7	478	6	P90	1	0.001293	0.001293	0.003587	0.003587
225	7	478	6	P95	2	0.002340	0.002340	0.000712	0.000712
225	7	478	6	P99	4	-0.000515	-0.000515	-0.000373	-0.000373
225	7	478	6	P999	5	-0.000259	-0.000259	0.001625	0.001625
226	1	24	1	P1	1	-0.003114	-0.003114	0.000312	0.000312
226	1	24	1	P50	2	-0.000656	-0.499846	-0.001001	-0.498128
226	1	24	1	P75	11	0.002316	-0.817734	0.001879	-0.817797
226	1	24	1	P90	13	-0.001507	-0.001507	0.001787	0.001787
226	1	24	1	P95	13	-0.000262	-0.000262	0.003036	0.003036
226	1	24	1	P99	24	-0.000308	-0.000308	0.002957	0.002957
226	1	24	1	P999	24	-0.000308	-0.000308	0.002957	0.002957
226	2	29	2	P1	1	-0.003047	-0.003047	0.000312	0.000312
226	2	29	2	P50	2	0.000666	0.000666	0.000245	0.000245
226	2	29	2	P75	13	-0.001409	-0.001409	0.001787	0.001787
226	2	29	2	P90	56	0.001073	0.001073	0.000434	0.000434
226	2	29	2	P95	57	0.002066	0.002066	0.001426	0.001426
226	2	29	2	P99	58	-0.000375	-0.000375	0.002726	0.002726
226	2	29	2	P999	58	-0.000375	-0.000375	0.002726	0.002726
226	3	34	3	P1	1	-0.003124	-0.003124	0.000234	0.000234
226	3	34	3	P50	2	-0.000136	-0.000669	-0.000556	-0.001089
226	3	34	3	P75	13	-0.002653	-0.002653	0.000539	0.000539
226	3	34	3	P90	56	-0.000797	-0.000797	-0.001434	-0.001434
226	3	34	3	P95	57	0.002066	0.002066	0.001426	0.001426
226	3	34	3	P99	58	-0.000375	-0.000375	0.002726	0.002726
226	3	34	3	P999	58	-0.000375	-0.000375	0.002726	0.002726
226	4	38	4	P1	1	-0.003124	-0.003124	0.000234	0.000234
226	4	38	4	P50	2	0.000933	0.000399	0.000512	-0.000022
226	4	38	4	P75	12	0.001377	0.001377	0.000839	0.000839
226	4	38	4	P90	56	-0.000797	-0.000797	-0.001434	-0.001434
226	4	38	4	P95	57	0.002066	0.002066	0.001426	0.001426
226	4	38	4	P99	58	-0.000375	-0.000375	0.002726	0.002726
226	4	38	4	P999	58	-0.000375	-0.000375	0.002726	0.002726
226	5	42	5	P1	1	-0.003124	-0.003124	0.000234	0.000234
226	5	42	5	P50	2	0.002003	0.001468	0.001581	0.001046
226	5	42	5	P75	11	0.002412	0.002412	0.001879	0.001879
226	5	42	5	P90	54	0.000058	0.000058	0.003165	0.003165
226	5	42	5	P95	56	0.001073	0.001073	0.000434	0.000434
226	5	42	5	P99	58	-0.000375	-0.000375	0.002726	0.002726
226	5	42	5	P999	58	-0.000375	-0.000375	0.002726	0.002726
226	6	775	6	P1	1	-0.003317	-0.003317	0.000040	0.000040
226	6	775	6	P50	1	-0.001418	-0.001418	0.001946	0.001946
226	6	775	6	P75	1	-0.000446	-0.000446	0.002920	0.002920
226	6	775	6	P90	1	0.000135	0.000135	0.003504	0.003504
226	6	775	6	P95	1	0.000330	0.000330	0.003700	0.003700
226	6	775	6	P99	13	-0.001409	-0.001409	0.001787	0.001787
226	6	775	6	P999	58	-0.000375	-0.000375	0.002726	0.002726
226	7	790	7	P1	1	-0.003317	-0.003317	0.000040	0.000040
226	7	790	7	P50	1	-0.001378	-0.001383	0.001986	0.001981
226	7	790	7	P75	1	-0.000391	-0.000391	0.002976	0.002976
226	7	790	7	P90	1	0.000205	0.000200	0.003574	0.003569
226	7	790	7	P95	2	0.000666	0.000666	0.000245	0.000245
226	7	790	7	P99	13	-0.000164	-0.000164	0.003036	0.003036
226	7	790	7	P999	58	-0.000375	-0.000375	0.002726	0.002726
227	1	36	1	P1	1	-0.003270	-0.003270	0.000249	0.000249
227	1	36	1	P50	2	-0.000388	-0.000637	-0.000627	-0.000876
227	1	36	1	P75	2	0.001857	0.001607	0.001617	0.001367
227	1	36	1	P90	56	0.000798	0.000798	0.000434	0.000434
227	1	36	1	P95	57	0.001790	0.001790	0.001426	0.001426
227	1	36	1	P99	61	0.001253	0.001253	0.000886	0.000886
227	1	36	1	P999	61	0.001253	0.001253	0.000886	0.000886
227	2	42	2	P1	1	-0.003332	-0.003332	0.000187	0.000187
227	2	42	2	P50	2	-0.000917	-0.001150	-0.001156	-0.001389
227	2	42	2	P75	2	0.001420	0.001420	0.001180	0.001180
227	2	42	2	P90	53	-0.000214	-0.000214	0.003168	0.003168
227	2	42	2	P95	57	-0.000080	-0.000080	-0.000444	-0.000444
227	2	42	2	P99	61	0.001253	0.001253	0.000886	0.000886
227	2	42	2	P999	61	0.001253	0.001253	0.000886	0.000886
227	3	46	3	P1	1	-0.003332	-0.003332	0.000187	0.000187
227	3	46	3	P50	2	-0.000450	-0.000683	-0.000689	-0.000923
227	3	46	3	P75	2	0.002122	0.002122	0.001882	0.001882
227	3	46	3	P90	53	-0.000214	-0.000214	0.003168	0.003168
227	3	46	3	P95	57	-0.000080	-0.000080	-0.000444	-0.000444
227	3	46	3	P99	61	0.001253	0.001253	0.000886	0.000886
227	3	46	3	P999	61	0.001253	0.001253	0.000886	0.000886
227	4	50	4	P1	1	-0.003332	-0.003332	0.000187	0.000187
227	4	50	4	P50	2	0.000017	-0.000216	-0.000222	-0.000456
227	4	50	4	P75	3	0.000604	0.000604	0.000349	0.000349
227	4	50	4	P90	53	-0.000214	-0.018727	0.003168	-0.015407
227	4	50	4	P95	57	-0.000080	-0.000080	-0.000444	-0.000444
227	4	50	4	P99	61	0.001253	0.001253	0.000886	0.000886
227	4	50	4	P999	61	0.001253	0.001253	0.000886	0.000886
227	5	54	5	P1	1	-0.003332	-0.003332	0.000187	0.000187
227	5	54	5	P50	2	0.000485	0.000251	0.000245	0.000011
227	5	54	5	P75	3	0.000604	0.000604	0.000349	0.000349
227	5	54	5	P90	52	0.000144	0.000144	0.003527	0.003527
227	5	54	5	P95	57	-0.000080	-0.000080	-0.000444	-0.000444
227	5	54	5	P99	61	0.001253	0.001253	0.000886	0.000886
227	5	54	5	P999	61	0.001253	0.001253	0.000886	0.000886
227	6	58	6	P1	1	-0.003332	-0.003332	0.000187	0.000187
227	6	58	6	P50	2	0.000952	0.000719	0.000712	0.000479
227	6	58	6	P75	4	-0.001860	-0.001860	-0.002124	-0.002124
227	6	58	6	P90	52	0.000144	0.000144	0.003527	0.003527
227	6	58	6	P95	57	-0.000080	-0.000080	-0.000444	-0.000444
227	6	58	6	P99	61	0.001253	0.001253	0.000886	0.000886
227	6	58	6	P999	61	0.001253	0.001253	0.000886	0.000886
227	7	62	7	P1	1	-0.003332	-0.003332	0.000187	0.000187
227	7	62	7	P50	2	0.001420	0.001186	0.001180	0.000946
227	7	62	7	P75	4	-0.001735	-0.001735	-0.002000	-0.002000
227	7	62	7	P90	5	0.001900	0.001900	0.001625	0.001625
227	7	62	7	P95	56	0.000798	0.000798	0.000434	0.000434
227	7	62	7	P99	61	0.001253	0.001253	0.000886	0.000886
227	7	62	7	P999	61	0.001253	0.001253	0.000886	0.000886
228	1	29	1	P1	1	-0.002040	-0.002040	0.000150	0.000150
228	1	29	1	P50	1	0.000052	0.000052	0.002245	0.002245
228	1	29	1	P75	1	0.001099	0.001099	0.003295	0.003295
228	1	29	1	P90	3	-0.002790	-0.002790	-0.000897	-0.000897
228	1	29	1	P95	3	-0.001546	-0.001546	0.000349	0.000349
228	1	29	1	P99	4	-0.001328	-0.001328	0.000490	0.000490
228	1	29	1	P999	4	-0.001328	-0.001328	0.000490	0.000490
228	2	36	2	P1	1	-0.003294	-0.003294	0.000150	0.000150
228	2	36	2	P50	1	-0.000608	-0.000757	0.002845	0.002695
228	2	36	2	P75	3	-0.003041	-0.004282	0.000349	-0.000897
228	2	36	2	P90	12	0.001253	0.001253	0.000839	0.000839
228	2	36	2	P95	13	-0.001534	-0.001534	0.001787	0.001787
228	2	36	2	P99	13	-0.000289	-0.000289	0.003036	0.003036
228	2	36	2	P999	13	-0.000289	-0.000289	0.003036	0.003036
228	3	44	3	P1	1	-0.003319	-0.003319	0.000125	0.000125
228	3	44	3	P50	1	-0.000583	-0.000708	0.002870	0.002745
228	3	44	3	P75	3	-0.005522	-0.331706	-0.002141	-0.331923
228	3	44	3	P90	12	-0.000616	-0.000616	-0.001030	-0.001030
228	3	44	3	P95	13	-0.002777	-0.002777	0.000539	0.000539
228	3	44	3	P99	13	-0.000289	-0.000289	0.003036	0.003036
228	3	44	3	P999	13	-0.000289	-0.000289	0.003036	0.003036
228	4	48	4	P1	1	-0.002754	-0.002754	0.000125	0.000125
228	4	48	4	P50	1	0.000233	0.000109	0.003120	0.002995
228	4	48	4	P75	4	-0.002184	-0.251775	0.000490	-0.249738
228	4	48	4	P90	13	0.000531	0.000531	0.003036	0.003036
228	4	48	4	P95	56	0.001891	0.001891	0.000434	0.000434
228	4	48	4	P99	57	-0.000856	-0.000856	0.001426	0.001426
228	4	48	4	P999	57	-0.000856	-0.000856	0.001426	0.001426
228	5	52	5	P1	1	-0.002769	-0.002769	0.000110	0.000110
228	5	52	5	P50	1	0.000087	-0.000023	0.002973	0.002863
228	5	52	5	P75	3	-0.002367	-0.003610	0.000349	-0.000897
228	5	52	5	P90	13	-0.000715	-0.000715	0.001787	0.001787
228	5	52	5	P95	56	0.001891	0.001891	0.000434	0.000434
228	5	52	5	P99	57	-0.000856	-0.000856	0.001426	0.001426
228	5	52	5	P999	57	-0.000856	-0.000856	0.001426	0.001426
228	6	56	6	P1	1	-0.002769	-0.002769	0.000110	0.000110
228	6	56	6	P50	1	0.000306	0.000197	0.003193	0.003083
228	6	56	6	P75	3	0.001369	0.000122	0.000349	-0.000274
228	6	56	6	P90	13	-0.000715	-0.000715	0.001787	0.001787
228	6	56	6	P95	56	0.001891	0.001891	0.000434	0.000434
228	6	56	6	P99	57	-0.000856	-0.000856	0.001426	0.001426
228	6	56	6	P999	57	-0.000856	-0.000856	0.001426	0.001426
228	7	60	7	P1	1	-0.002769	-0.002769	0.000110	0.000110
228	7	60	7	P50	1	0.000526	0.000416	0.003414	0.003304
228	7	60	7	P75	4	-0.001251	-0.002184	-0.001751	-0.002497
228	7	60	7	P90	13	-0.000715	-0.001960	0.001787	0.000539
228	7	60	7	P95	56	0.001891	-0.052746	0.000434	-0.050574
228	7	60	7	P99	57	-0.000856	-0.000856	0.001426	0.001426
228	7	60	7	P999	57	-0.000856	-0.000856	0.001426	0.001426
229	1	8	1	P1	3	-0.000114	-0.000114	-0.001519	-0.001519
229	1	8	1	P50	4	-0.001754	-0.002997	-0.001005	-0.001751
229	1	8	1	P75	4	0.001986	0.000114	0.000490	-0.000258
229	1	8	1	P90	5	-0.000552	-0.000552	0.001625	0.001625
229	1	8	1	P95	5	-0.000552	-0.000552	0.001625	0.001625
229	1	8	1	P99	5	-0.000552	-0.000552	0.001625	0.001625
229	1	8	1	P999	5	-0.000552	-0.000552	0.001625	0.001625
229	2	17	2	P1	1	-0.001872	-0.001872	0.000415	0.000415
229	2	17	2	P50	1	0.001451	0.001451	0.003745	0.003745
229	2	17	2	P75	4	-0.002693	-0.002693	-0.001751	-0.001751
229	2	17	2	P90	4	0.002292	0.002292	0.000490	0.000490
229	2	17	2	P95	5	-0.000259	-0.000259	0.001625	0.001625
229	2	17	2	P99	5	-0.000259	-0.000259	0.001625	0.001625
229	2	17	2	P999	5	-0.000259	-0.000259	0.001625	0.001625
229	3	24	3	P1	1	-0.002053	-0.002053	0.000234	0.000234
229	3	24	3	P50	1	0.000749	0.000515	0.003042	0.002807
229	3	24	3	P75	4	-0.003935	-0.248442	-0.002497	-0.249738
229	3	24	3	P90	4	0.000420	0.000420	-0.000258	-0.000258
229	3	24	3	P95	4	0.002292	0.002292	0.000490	0.000490
229	3	24	3	P99	5	-0.000259	-0.000259	0.001625	0.001625
229	3	24	3	P999	5	-0.000259	-0.000259	0.001625	0.001625
229	4	28	4	P1	1	-0.002053	-0.002053	0.000234	0.000234
229	4	28	4	P50	1	0.001217	0.000983	0.003510	0.003276
229	4	28	4	P75	4	-0.003314	-0.003935	-0.001845	-0.002311
229	4	28	4	P90	4	0.000420	0.000420	0.000023	0.000023
229	4	28	4	P95	4	0.002292	0.002292	0.000490	0.000490
229	4	28	4	P99	5	-0.000259	-0.000259	0.001625	0.001625
229	4	28	4	P999	5	-0.000259	-0.000259	0.001625	0.001625
229	5	32	5	P1	1	-0.002053	-0.002053	0.000234	0.000234
229	5	32	5	P50	3	-0.004147	-0.666183	-0.002638	-0.665418
229	5	32	5	P75	4	-0.003048	-0.003580	-0.001586	-0.002000
229	5	32	5	P90	4	0.000420	0.000420	0.000075	0.000075
229	5	32	5	P95	5	-0.002126	-0.002126	-0.000245	-0.000245
229	5	32	5	P99	5	-0.000259	-0.000259	0.001625	0.001625
229	5	32	5	P999	5	-0.000259	-0.000259	0.001625	0.001625
229	6	36	6	P1	1	-0.002100	-0.002100	0.000187	0.000187
229	6	36	6	P50	1	0.001264	0.001077	0.003557	0.003370
229	6	36	6	P75	4	-0.003580	-0.004112	-0.002000	-0.002415
229	6	36	6	P90	4	0.000420	0.000420	0.000075	0.000075
229	6	36	6	P95	5	-0.002126	-0.002126	-0.000245	-0.000245
229	6	36	6	P99	5	-0.000259	-0.000259	0.001625	0.001625
229	6	36	6	P999	5	-0.000259	-0.000259	0.001625	0.001625
229	7	43	7	P1	1	-0.002124	-0.002124	0.000163	0.000163
229	7	43	7	P50	1	0.001288	0.001288	0.003582	0.003582
229	7	43	7	P75	4	-0.004644	-0.004644	-0.002829	-0.002829
229	7	43	7	P90	4	-0.001449	-0.001449	-0.000341	-0.000341
229	7	43	7	P95	4	0.002292	0.002292	0.000490	0.000490
229	7	43	7	P99	5	-0.000259	-0.000259	0.001625	0.001625
229	7	43	7	P999	5	-0.000259	-0.000259	0.001625	0.001625
230	1	8	1	P1	3	-0.000737	-0.000737	-0.002141	-0.002141
230	1	8	1	P50	4	-0.002997	-0.004239	-0.001751	-0.002497
230	1	8	1	P75	4	0.000114	-0.001754	-0.000258	-0.001005
230	1	8	1	P90	4	0.001986	0.001986	0.000490	0.000490
230	1	8	1	P95	4	0.001986	0.001986	0.000490	0.000490
230	1	8	1	P99	4	0.001986	0.001986	0.000490	0.000490
230	1	8	1	P999	4	0.001986	0.001986	0.000490	0.000490
230	2	31	2	P1	1	-0.002124	-0.002124	0.000163	0.000163
230	2	31	2	P50	1	0.000312	0.000312	0.002604	0.002604
230	2	31	2	P75	3	-0.000417	-0.000417	-0.002141	-0.002141
230	2	31	2	P90	4	-0.002693	-0.002693	-0.001751	-0.001751
230	2	31	2	P95	4	0.000420	0.000420	-0.000258	-0.000258
230	2	31	2	P99	4	0.002292	0.002292	0.000490	0.000490
230	2	31	2	P999	4	0.002292	0.002292	0.000490	0.000490
230	3	33	3	P1	1	-0.002381	-0.002381	0.000163	0.000163
230	3	33	3	P50	1	0.000217	0.000217	0.002767	0.002767
230	3	33	3	P75	3	0.000523	0.000523	-0.000897	-0.000897
230	3	33	3	P90	4	0.000100	0.000100	-0.000258	-0.000258
230	3	33	3	P95	11	-0.000172	-0.000172	0.001879	0.001879
230	3	33	3	P99	12	-0.001192	-0.001192	0.000839	0.000839
230	3	33	3	P999	12	-0.001192	-0.001192	0.000839	0.000839
230	4	41	4	P1	1	-0.002410	-0.002410	0.000134	0.000134
230	4	41	4	P50	1	0.000258	0.000258	0.002807	0.002807
230	4	41	4	P75	2	0.003456	0.003456	0.002116	0.002116
230	4	41	4	P90	4	-0.001767	-0.001767	-0.001005	-0.001005
230	4	41	4	P95	4	0.001972	0.001972	0.000490	0.000490
230	4	41	4	P99	12	-0.001192	-0.001192	0.000839	0.000839
230	4	41	4	P999	12	-0.001192	-0.001192	0.000839	0.000839
230	5	43	5	P1	1	-0.002745	-0.002745	0.000134	0.000134
230	5	43	5	P50	1	0.000055	0.000055	0.002941	0.002941
230	5	43	5	P75	3	0.000122	0.000122	-0.000897	-0.000897
230	5	43	5	P90	4	0.001554	0.001554	0.000490	0.000490
230	5	43	5	P95	12	-0.001673	-0.001673	0.000839	0.000839
230	5	43	5	P99	57	-0.000856	-0.000856	0.001426	0.001426
230	5	43	5	P999	57	-0.000856	-0.000856	0.001426	0.001426
230	6	45	6	P1	1	-0.002754	-0.002754	0.000125	0.000125
230	6	45	6	P50	1	-0.000016	-0.000016	0.002870	0.002870
230	6	45	6	P75	3	-0.001123	-0.001123	-0.002141	-0.002141
230	6	45	6	P90	4	0.001554	0.001554	0.000490	0.000490
230	6	45	6	P95	12	-0.001673	-0.001673	0.000839	0.000839
230	6	45	6	P99	57	-0.000856	-0.000856	0.001426	0.001426
230	6	45	6	P999	57	-0.000856	-0.000856	0.001426	0.001426
230	7	49	7	P1	1	-0.002754	-0.002754	0.000125	0.000125
230	7	49	7	P50	1	0.000233	0.000233	0.003120	0.003120
230	7	49	7	P75	3	0.005120	0.005120	0.000349	0.000349
230	7	49	7	P90	4	0.001554	0.001554	0.000490	0.000490
230	7	49	7	P95	12	-0.001673	-0.001673	0.000839	0.000839
230	7	49	7	P99	57	-0.000856	-0.000856	0.001426	0.001426
230	7	49	7	P999	57	-0.000856	-0.000856	0.001426	0.001426
231	1	9	1	P1	1	-0.001443	-0.001443	0.000748	0.000748
231	1	9	1	P50	1	0.001549	0.001549	0.003745	0.003745
231	1	9	1	P75	4	-0.003814	-0.003814	-0.002000	-0.002000
231	1	9	1	P90	4	-0.001328	-0.001328	0.000490	0.000490
231	1	9	1	P95	4	-0.001328	-0.001328	0.000490	0.000490
231	1	9	1	P99	4	-0.001328	-0.001328	0.000490	0.000490
231	1	9	1	P999	4	-0.001328	-0.001328	0.000490	0.000490
231	2	13	2	P1	1	-0.001540	-0.001540	0.000748	0.000748
231	2	13	2	P50	3	0.000206	0.000206	-0.000897	-0.000897
231	2	13	2	P75	4	-0.003686	-0.003686	-0.001751	-0.001751
231	2	13	2	P90	4	-0.002195	-0.002195	-0.000258	-0.000258
231	2	13	2	P95	4	-0.001449	-0.001449	0.000490	0.000490
231	2	13	2	P99	4	-0.001449	-0.001449	0.000490	0.000490
231	2	13	2	P999	4	-0.001449	-0.001449	0.000490	0.000490
231	3	17	3	P1	1	-0.001540	-0.001540	0.000748	0.000748
231	3	17	3	P50	4	-0.004762	-0.004762	-0.002829	-0.002829
231	3	17	3	P75	4	-0.003107	-0.003107	-0.001171	-0.001171
231	3	17	3	P90	4	-0.001864	-0.001864	0.000075	0.000075
231	3	17	3	P95	4	-0.001449	-0.001449	0.000490	0.000490
231	3	17	3	P99	4	-0.001449	-0.001449	0.000490	0.000490
231	3	17	3	P999	4	-0.001449	-0.001449	0.000490	0.000490
231	4	45	4	P1	1	-0.002173	-0.002173	0.000113	0.000113
231	4	45	4	P50	1	0.000317	0.000317	0.002609	0.002609
231	4	45	4	P75	3	-0.001662	-0.001662	-0.002141	-0.002141
231	4	45	4	P90	4	-0.003107	-0.003107	-0.001171	-0.001171
231	4	45	4	P95	4	-0.002278	-0.002278	-0.000341	-0.000341
231	4	45	4	P99	4	-0.001449	-0.001449	0.000490	0.000490
231	4	45	4	P999	4	-0.001449	-0.001449	0.000490	0.000490
231	5	50	5	P1	1	-0.002249	-0.002249	0.000113	0.000113
231	5	50	5	P50	1	0.000581	0.000468	0.002949	0.002836
231	5	50	5	P75	4	-0.004442	-0.004442	-0.002415	-0.002415
231	5	50	5	P90	11	-0.001783	-0.636925	0.000008	-0.636185
231	5	50	5	P95	12	-0.000932	-0.000932	0.000839	0.000839
231	5	50	5	P99	22	-0.001373	-0.001373	0.000253	0.000253
231	5	50	5	P999	22	-0.001373	-0.001373	0.000253	0.000253
231	6	60	6	P1	1	-0.002266	-0.002266	0.000096	0.000096
231	6	60	6	P50	1	0.000607	0.000511	0.002976	0.002879
231	6	60	6	P75	3	0.001987	0.000116	0.000349	-0.000897
231	6	60	6	P90	4	-0.001543	-0.001957	0.000490	0.000075
231	6	60	6	P95	12	-0.000932	-0.083255	0.000839	-0.081611
231	6	60	6	P99	22	-0.001373	-0.001373	0.000253	0.000253
231	6	60	6	P999	22	-0.001373	-0.001373	0.000253	0.000253
231	7	64	7	P1	1	-0.002266	-0.002266	0.000096	0.000096
231	7	64	7	P50	1	0.000799	0.000703	0.003168	0.003072
231	7	64	7	P75	4	-0.004649	-0.004959	-0.002622	-0.002932
231	7	64	7	P90	4	-0.001854	-0.001854	0.000178	0.000178
231	7	64	7	P95	11	0.000085	0.000085	0.001879	0.001879
231	7	64	7	P99	22	-0.001373	-0.001373	0.000253	0.000253
231	7	64	7	P999	22	-0.001373	-0.001373	0.000253	0.000253
232	1	24	1	P1	1	-0.002090	-0.002090	0.000197	0.000197
232	1	24	1	P50	1	0.000269	0.000072	0.002561	0.002364
232	1	24	1	P75	1	0.001451	0.001254	0.003745	0.003548
232	1	24	1	P90	4	-0.003314	-0.003314	-0.001378	-0.001378
232	1	24	1	P95	4	-0.002382	-0.002382	-0.000445	-0.000445
232	1	24	1	P99	4	-0.001449	-0.001449	0.000490	0.000490
232	1	24	1	P999	4	-0.001449	-0.001449	0.000490	0.000490
232	2	28	2	P1	1	-0.002347	-0.002347	0.000197	0.000197
232	2	28	2	P50	1	0.000406	0.000209	0.002955	0.002758
232	2	28	2	P75	4	-0.003632	-0.004563	-0.001378	-0.002311
232	2	28	2	P90	12	-0.001192	-0.001192	0.000839	0.000839
232	2	28	2	P95	13	-0.000852	-0.000852	0.001163	0.001163
232	2	28	2	P99	13	0.001017	0.001017	0.003036	0.003036
232	2	28	2	P999	13	0.001017	0.001017	0.003036	0.003036
232	3	31	3	P1	1	-0.002315	-0.002315	0.000197	0.000197
232	3	31	3	P50	1	0.000634	0.000634	0.003153	0.003153
232	3	31	3	P75	4	-0.001728	-0.001728	0.000490	0.000490
232	3	31	3	P90	13	0.001063	0.001063	0.003036	0.003036
232	3	31	3	P95	55	0.001841	0.001841	0.003507	0.003507
232	3	31	3	P99	56	-0.001223	-0.001223	0.000434	0.000434
232	3	31	3	P999	56	-0.001223	-0.001223	0.000434	0.000434
232	4	34	4	P1	1	-0.002325	-0.002325	0.000187	0.000187
232	4	34	4	P50	1	0.000851	0.000664	0.003370	0.003182
232	4	34	4	P75	4	-0.002661	-0.002661	-0.000445	-0.000445
232	4	34	4	P90	13	0.001063	0.001063	0.003036	0.003036
232	4	34	4	P95	55	0.001841	0.001841	0.003507	0.003507
232	4	34	4	P99	56	-0.001223	-0.001223	0.000434	0.000434
232	4	34	4	P999	56	-0.001223	-0.001223	0.000434	0.000434
232	5	36	5	P1	1	-0.002325	-0.002325	0.000187	0.000187
232	5	36	5	P50	1	0.001038	0.000851	0.003557	0.003370
232	5	36	5	P75	4	-0.002350	-0.002972	-0.000133	-0.000756
232	5	36	5	P90	13	0.001063	0.001063	0.003036	0.003036
232	5	36	5	P95	55	0.001841	0.001841	0.003507	0.003507
232	5	36	5	P99	56	-0.001223	-0.001223	0.000434	0.000434
232	5	36	5	P999	56	-0.001223	-0.001223	0.000434	0.000434
232	6	38	6	P1	1	-0.002325	-0.002325	0.000187	0.000187
232	6	38	6	P50	1	0.001225	0.001038	0.003745	0.003557
232	6	38	6	P75	4	-0.002794	-0.002794	-0.000578	-0.000578
232	6	38	6	P90	13	0.001063	0.001063	0.003036	0.003036
232	6	38	6	P95	55	0.001841	0.001841	0.003507	0.003507
232	6	38	6	P99	56	-0.001223	-0.001223	0.000434	0.000434
232	6	38	6	P999	56	-0.001223	-0.001223	0.000434	0.000434
232	7	42	7	P1	1	-0.002325	-0.002325	0.000187	0.000187
232	7	42	7	P50	2	-0.000253	-0.002120	0.000868	-0.000378
232	7	42	7	P75	4	-0.002475	-0.002475	-0.000258	-0.000258
232	7	42	7	P90	13	-0.000806	-0.000806	0.001163	0.001163
232	7	42	7	P95	52	0.001849	0.001849	0.003527	0.003527
232	7	42	7	P99	56	-0.001223	-0.001223	0.000434	0.000434
232	7	42	7	P999	56	-0.001223	-0.001223	0.000434	0.000434
233	1	47	1	P1	1	-0.002198	-0.002198	0.000089	0.000089
233	1	47	1	P50	1	-0.000152	-0.000152	0.002138	0.002138
233	1	47	1	P75	1	0.000916	0.000916	0.003209	0.003209
233	1	47	1	P90	3	0.002078	0.002078	0.000349	0.000349
233	1	47	1	P95	4	-0.003314	-0.003314	-0.001378	-0.001378
233	1	47	1	P99	4	-0.001449	-0.001449	0.000490	0.000490
233	1	47	1	P999	4	-0.001449	-0.001449	0.000490	0.000490
233	2	52	2	P1	1	-0.002454	-0.002454	0.000089	0.000089
233	2	52	2	P50	1	-0.000143	-0.000232	0.002406	0.002317
233	2	52	2	P75	1	0.001015	0.000926	0.003566	0.003477
233	2	52	2	P90	4	-0.001767	-0.001767	0.000490	0.000490
233	2	52	2	P95	12	-0.002436	-0.002436	-0.000407	-0.000407
233	2	52	2	P99	13	0.001017	0.001017	0.003036	0.003036
233	2	52	2	P999	13	0.001017	0.001017	0.003036	0.003036
233	3	55	3	P1	1	-0.002456	-0.002456	0.000087	0.000087
233	3	55	3	P50	1	-0.000112	-0.000112	0.002437	0.002437
233	3	55	3	P75	1	0.001106	0.001106	0.003658	0.003658
233	3	55	3	P90	4	-0.001767	-0.001767	0.000490	0.000490
233	3	55	3	P95	12	-0.002436	-0.002436	-0.000407	-0.000407
233	3	55	3	P99	13	0.001017	0.001017	0.003036	0.003036
233	3	55	3	P999	13	0.001017	0.001017	0.003036	0.003036
233	4	60	4	P1	1	-0.003557	-0.003557	0.000087	0.000087
233	4	60	4	P50	1	-0.000955	-0.001042	0.002698	0.002611
233	4	60	4	P75	3	0.000454	-0.331857	0.000349	-0.331923
233	4	60	4	P90	13	-0.000580	-0.079480	0.003036	-0.076149
233	4	60	4	P95	53	0.003317	0.001443	0.003168	0.001294
233	4	60	4	P99	60	0.002617	0.002617	0.002466	0.002466
233	4	60	4	P999	60	0.002617	0.002617	0.002466	0.002466
233	5	65	5	P1	1	-0.003566	-0.003566	0.000078	0.000078
233	5	65	5	P50	1	-0.001080	-0.001080	0.002573	0.002573
233	5	65	5	P75	2	0.000343	0.000343	0.000245	0.000245
233	5	65	5	P90	12	-0.002770	-0.002770	0.000839	0.000839
233	5	65	5	P95	53	0.001443	0.001443	0.001294	0.001294
233	5	65	5	P99	60	0.002617	0.002617	0.002466	0.002466
233	5	65	5	P999	60	0.002617	0.002617	0.002466	0.002466
233	6	70	6	P1	1	-0.003566	-0.003566	0.000078	0.000078
233	6	70	6	P50	1	-0.000846	-0.000924	0.002807	0.002729
233	6	70	6	P75	3	0.004200	0.004200	0.000349	0.000349
233	6	70	6	P90	12	-0.002770	-0.004011	0.000839	-0.000407
233	6	70	6	P95	53	0.001443	0.001443	0.001294	0.001294
233	6	70	6	P99	60	0.002617	0.002617	0.002466	0.002466
233	6	70	6	P999	60	0.002617	0.002617	0.002466	0.002466
233	7	75	7	P1	1	-0.003573	-0.003573	0.000071	0.000071
233	7	75	7	P50	1	-0.000970	-0.000970	0.002684	0.002684
233	7	75	7	P75	3	0.002325	0.002325	-0.000897	-0.000897
233	7	75	7	P90	12	-0.004011	-0.004011	-0.000407	-0.000407
233	7	75	7	P95	53	0.001443	0.001443	0.001294	0.001294
233	7	75	7	P99	60	0.002617	0.002617	0.002466	0.002466
233	7	75	7	P999	60	0.002617	0.002617	0.002466	0.002466
234	1	55	1	P1	1	-0.002111	-0.002111	0.000078	0.000078
234	1	55	1	P50	1	-0.000011	-0.000011	0.002183	0.002183
234	1	55	1	P75	1	0.001081	0.001081	0.003276	0.003276
234	1	55	1	P90	2	0.003856	0.003856	0.002116	0.002116
234	1	55	1	P95	4	-0.003193	-0.003193	-0.001378	-0.001378
234	1	55	1	P99	4	-0.001328	-0.001328	0.000490	0.000490
234	1	55	1	P999	4	-0.001328	-0.001328	0.000490	0.000490
234	2	71	2	P1	1	-0.002886	-0.002886	0.000078	0.000078
234	2	71	2	P50	1	-0.000164	-0.000164	0.002807	0.002807
234	2	71	2	P75	4	-0.003222	-0.003222	-0.000445	-0.000445
234	2	71	2	P90	12	0.001195	0.001195	0.000091	0.000091
234	2	71	2	P95	13	-0.001088	-0.001088	0.001537	0.001537
234	2	71	2	P99	17	0.001313	0.001313	0.000162	0.000162
234	2	71	2	P999	17	0.001313	0.001313	0.000162	0.000162
234	3	90	3	P1	1	-0.002905	-0.002905	0.000059	0.000059
234	3	90	3	P50	1	-0.000239	-0.000298	0.002733	0.002674
234	3	90	3	P75	2	0.001109	0.001109	0.001492	0.001492
234	3	90	3	P90	12	0.000446	-0.000302	-0.000656	-0.001403
234	3	90	3	P95	13	-0.001835	-0.001835	0.000789	0.000789
234	3	90	3	P99	17	0.001313	0.001313	0.000162	0.000162
234	3	90	3	P999	17	0.001313	0.001313	0.000162	0.000162
234	4	102	4	P1	1	-0.002393	-0.002393	0.000119	0.000119
234	4	102	4	P50	1	0.000572	0.000512	0.003090	0.003031
234	4	102	4	P75	11	-0.001622	-0.001622	0.000382	0.000382
234	4	102	4	P90	54	-0.000375	-0.000375	0.001292	0.001292
234	4	102	4	P95	56	-0.001223	-0.001223	0.000434	0.000434
234	4	102	4	P99	58	0.001073	0.001073	0.002726	0.002726
234	4	102	4	P999	62	0.001680	0.001680	0.003320	0.003320
234	5	114	5	P1	1	-0.002408	-0.002408	0.000104	0.000104
234	5	114	5	P50	1	0.000497	0.000445	0.003016	0.002964
234	5	114	5	P75	4	-0.001728	-0.001728	0.000490	0.000490
234	5	114	5	P90	53	0.001494	0.001494	0.003168	0.003168
234	5	114	5	P95	56	-0.001223	-0.001223	0.000434	0.000434
234	5	114	5	P99	58	0.001073	0.001073	0.002726	0.002726
234	5	114	5	P999	62	0.001680	0.001680	0.003320	0.003320
234	6	119	6	P1	1	-0.002408	-0.002408	0.000104	0.000104
234	6	119	6	P50	1	0.000601	0.000601	0.003120	0.003120
234	6	119	6	P75	4	-0.001728	-0.001728	0.000490	0.000490
234	6	119	6	P90	53	0.001494	0.001494	0.003168	0.003168
234	6	119	6	P95	56	-0.001223	-0.001223	0.000434	0.000434
234	6	119	6	P99	58	0.001073	0.001073	0.002726	0.002726
234	6	119	6	P999	62	0.001680	0.001680	0.003320	0.003320
234	7	139	7	P1	1	-0.002429	-0.002429	0.000082	0.000082
234	7	139	7	P50	1	0.000361	0.000361	0.002879	0.002879
234	7	139	7	P75	4	-0.004391	-0.004391	-0.002178	-0.002178
234	7	139	7	P90	13	0.001063	0.001063	0.003036	0.003036
234	7	139	7	P95	56	-0.003089	-0.003089	-0.001434	-0.001434
234	7	139	7	P99	58	0.001073	0.001073	0.002726	0.002726
234	7	139	7	P999	62	0.001680	0.001680	0.003320	0.003320
235	1	12	1	P1	1	-0.001797	-0.001797	0.000748	0.000748
235	1	12	1	P50	2	0.001582	0.000647	0.000245	-0.000689
235	1	12	1	P75	12	-0.003678	-0.832757	-0.001652	-0.832981
235	1	12	1	P90	12	-0.002436	-0.002436	-0.000407	-0.000407
235	1	12	1	P95	12	-0.001192	-0.001192	0.000839	0.000839
235	1	12	1	P99	12	-0.001192	-0.001192	0.000839	0.000839
235	1	12	1	P999	12	-0.001192	-0.001192	0.000839	0.000839
235	2	15	2	P1	1	-0.002612	-0.002612	0.000748	0.000748
235	2	15	2	P50	2	0.001601	0.001601	0.001180	0.001180
235	2	15	2	P75	12	-0.002359	-0.002359	0.000839	0.000839
235	2	15	2	P90	58	-0.002242	-0.002242	0.000854	0.000854
235	2	15	2	P95	58	-0.000375	-0.000375	0.002726	0.002726
235	2	15	2	P99	58	-0.000375	-0.000375	0.002726	0.002726
235	2	15	2	P999	58	-0.000375	-0.000375	0.002726	0.002726
235	3	18	3	P1	1	-0.002825	-0.002825	0.000534	0.000534
235	3	18	3	P50	2	0.001040	0.000292	0.000619	-0.000129
235	3	18	3	P75	12	-0.003602	-0.003602	-0.000407	-0.000407
235	3	18	3	P90	58	-0.002242	-0.002242	0.000854	0.000854
235	3	18	3	P95	58	-0.000375	-0.000375	0.002726	0.002726
235	3	18	3	P99	58	-0.000375	-0.000375	0.002726	0.002726
235	3	18	3	P999	58	-0.000375	-0.000375	0.002726	0.002726
235	4	25	4	P1	1	-0.002825	-0.002825	0.000534	0.000534
235	4	25	4	P50	3	-0.001695	-0.001695	-0.002141	-0.002141
235	4	25	4	P75	4	0.000956	0.000956	0.000490	0.000490
235	4	25	4	P90	55	0.000400	0.000400	0.003507	0.003507
235	4	25	4	P95	58	-0.002242	-0.002242	0.000854	0.000854
235	4	25	4	P99	58	-0.000375	-0.000375	0.002726	0.002726
235	4	25	4	P999	58	-0.000375	-0.000375	0.002726	0.002726
235	5	72	5	P1	1	-0.003288	-0.003288	0.000069	0.000069
235	5	72	5	P50	1	-0.000801	-0.000870	0.002564	0.002495
235	5	72	5	P75	2	-0.000456	-0.499812	-0.000876	-0.498128
235	5	72	5	P90	4	0.000021	0.000021	-0.000445	-0.000445
235	5	72	5	P95	12	-0.002359	-0.002359	0.000839	0.000839
235	5	72	5	P99	58	-0.000375	-0.000375	0.002726	0.002726
235	5	72	5	P999	58	-0.000375	-0.000375	0.002726	0.002726
235	6	84	6	P1	1	-0.003288	-0.003288	0.000069	0.000069
235	6	84	6	P50	1	-0.000386	-0.000455	0.002981	0.002912
235	6	84	6	P75	4	-0.000913	-0.001846	-0.001378	-0.002311
235	6	84	6	P90	12	0.000308	0.000308	0.000091	0.000091
235	6	84	6	P95	13	-0.001409	-0.001409	0.001787	0.001787
235	6	84	6	P99	58	-0.000375	-0.000375	0.002726	0.002726
235	6	84	6	P999	58	-0.000375	-0.000375	0.002726	0.002726
235	7	99	7	P1	1	-0.003296	-0.003296	0.000061	0.000061
235	7	99	7	P50	1	-0.000299	-0.000299	0.003069	0.003069
235	7	99	7	P75	3	-0.001695	-0.001695	-0.002141	-0.002141
235	7	99	7	P90	12	-0.000226	-0.000226	-0.000283	-0.000283
235	7	99	7	P95	13	-0.001409	-0.001409	0.001787	0.001787
235	7	99	7	P99	58	-0.000375	-0.000375	0.002726	0.002726
235	7	99	7	P999	58	-0.000375	-0.000375	0.002726	0.002726
236	1	20	1	P1	1	-0.001255	-0.001255	0.000623	0.000623
236	1	20	1	P50	50	-0.000074	-0.959989	0.001625	-0.959915
236	1	20	1	P75	56	0.002483	0.000611	0.000434	-0.001434
236	1	20	1	P90	58	0.001032	-0.017504	0.002726	-0.015840
236	1	20	1	P95	59	0.002632	-0.015934	0.000580	-0.014269
236	1	20	1	P99	59	0.002632	0.002632	0.000580	0.000580
236	1	20	1	P999	59	0.002632	0.002632	0.000580	0.000580
236	2	26	2	P1	1	-0.001255	-0.001255	0.000623	0.000623
236	2	26	2	P50	4	-0.002816	-0.003561	-0.001005	-0.001751
236	2	26	2	P75	54	0.001467	0.001467	0.003165	0.003165
236	2	26	2	P90	57	-0.000267	-0.000267	0.001426	0.001426
236	2	26	2	P95	58	0.001032	0.001032	0.002726	0.002726
236	2	26	2	P99	59	0.002632	0.002632	0.000580	0.000580
236	2	26	2	P999	59	0.002632	0.002632	0.000580	0.000580
236	3	32	3	P1	1	-0.001255	-0.001255	0.000623	0.000623
236	3	32	3	P50	4	-0.003189	-0.003561	-0.001378	-0.001751
236	3	32	3	P75	54	-0.000403	-0.017077	0.001292	-0.015410
236	3	32	3	P90	57	-0.002134	-0.002134	-0.000444	-0.000444
236	3	32	3	P95	58	0.001032	0.001032	0.002726	0.002726
236	3	32	3	P99	59	0.002632	0.002632	0.000580	0.000580
236	3	32	3	P999	59	0.002632	0.002632	0.000580	0.000580
236	4	38	4	P1	1	-0.001255	-0.001255	0.000623	0.000623
236	4	38	4	P50	4	-0.003810	-0.004120	-0.002000	-0.002311
236	4	38	4	P75	50	-0.000074	-0.000074	0.001625	0.001625
236	4	38	4	P90	57	-0.002134	-0.002134	-0.000444	-0.000444
236	4	38	4	P95	58	0.001032	0.001032	0.002726	0.002726
236	4	38	4	P99	59	0.002632	0.002632	0.000580	0.000580
236	4	38	4	P999	59	0.002632	0.002632	0.000580	0.000580
236	5	53	5	P1	1	-0.002701	-0.002701	0.000178	0.000178
236	5	53	5	P50	3	-0.004603	-0.004603	-0.002141	-0.002141
236	5	53	5	P75	4	-0.003116	-0.003116	-0.000445	-0.000445
236	5	53	5	P90	56	0.000020	0.000020	-0.001434	-0.001434
236	5	53	5	P95	57	-0.000856	-0.000856	0.001426	0.001426
236	5	53	5	P99	59	0.002045	0.002045	0.000580	0.000580
236	5	53	5	P999	59	0.002045	0.002045	0.000580	0.000580
236	6	55	6	P1	1	-0.002701	-0.002701	0.000178	0.000178
236	6	55	6	P50	3	-0.003858	-0.003858	-0.001519	-0.001519
236	6	55	6	P75	4	-0.002495	-0.002495	0.000178	0.000178
236	6	55	6	P90	56	0.000020	0.000020	-0.001434	-0.001434
236	6	55	6	P95	57	-0.000856	-0.000856	0.001426	0.001426
236	6	55	6	P99	59	0.002045	0.002045	0.000580	0.000580
236	6	55	6	P999	59	0.002045	0.002045	0.000580	0.000580
236	7	57	7	P1	1	-0.002709	-0.002709	0.000170	0.000170
236	7	57	7	P50	3	-0.004603	-0.004603	-0.002141	-0.002141
236	7	57	7	P75	4	-0.002805	-0.002805	-0.000133	-0.000133
236	7	57	7	P90	56	0.000020	0.000020	-0.001434	-0.001434
236	7	57	7	P95	57	-0.000856	-0.000856	0.001426	0.001426
236	7	57	7	P99	59	0.002045	0.002045	0.000580	0.000580
236	7	57	7	P999	59	0.002045	0.002045	0.000580	0.000580
237	1	4	1	P1	2	-0.001601	-0.001601	0.000245	0.000245
237	1	4	1	P50	54	0.001467	-0.962953	0.003165	-0.962885
237	1	4	1	P75	57	-0.000267	-0.051241	0.001426	-0.049633
237	1	4	1	P90	57	-0.000267	-0.000267	0.001426	0.001426
237	1	4	1	P95	57	-0.000267	-0.000267	0.001426	0.001426
237	1	4	1	P99	57	-0.000267	-0.000267	0.001426	0.001426
237	1	4	1	P999	57	-0.000267	-0.000267	0.001426	0.001426
237	2	9	2	P1	2	-0.001601	-0.001601	0.000245	0.000245
237	2	9	2	P50	4	-0.003189	-0.003189	-0.001378	-0.001378
237	2	9	2	P75	4	-0.001324	-0.001324	0.000490	0.000490
237	2	9	2	P90	57	-0.000267	-0.000267	0.001426	0.001426
237	2	9	2	P95	57	-0.000267	-0.000267	0.001426	0.001426
237	2	9	2	P99	57	-0.000267	-0.000267	0.001426	0.001426
237	2	9	2	P999	57	-0.000267	-0.000267	0.001426	0.001426
237	3	12	3	P1	1	-0.001635	-0.001635	0.001247	0.001247
237	3	12	3	P50	4	-0.004978	-0.251775	-0.002311	-0.249738
237	3	12	3	P75	4	-0.002184	-0.003116	0.000490	-0.000445
237	3	12	3	P90	54	0.000872	0.000872	0.003165	0.003165
237	3	12	3	P95	57	-0.000856	-0.000856	0.001426	0.001426
237	3	12	3	P99	57	-0.000856	-0.000856	0.001426	0.001426
237	3	12	3	P999	57	-0.000856	-0.000856	0.001426	0.001426
237	4	17	4	P1	1	-0.001635	-0.001635	0.001247	0.001247
237	4	17	4	P50	3	0.001369	0.001369	0.000349	0.000349
237	4	17	4	P75	4	-0.002184	-0.002184	-0.000756	-0.000756
237	4	17	4	P90	54	0.000872	0.000872	0.003165	0.003165
237	4	17	4	P95	57	-0.000856	-0.000856	0.001426	0.001426
237	4	17	4	P99	57	-0.000856	-0.000856	0.001426	0.001426
237	4	17	4	P999	57	-0.000856	-0.000856	0.001426	0.001426
237	5	22	5	P1	1	-0.001635	-0.001635	0.001247	0.001247
237	5	22	5	P50	4	-0.004978	-0.248973	-0.002777	-0.249738
237	5	22	5	P75	4	-0.000317	-0.000317	-0.000445	-0.000445
237	5	22	5	P90	5	-0.001018	-0.001018	0.001625	0.001625
237	5	22	5	P95	54	0.000872	0.000872	0.003165	0.003165
237	5	22	5	P99	57	-0.000856	-0.000856	0.001426	0.001426
237	5	22	5	P999	57	-0.000856	-0.000856	0.001426	0.001426
237	6	27	6	P1	1	-0.001635	-0.001635	0.001247	0.001247
237	6	27	6	P50	3	0.005120	0.005120	0.000349	0.000349
237	6	27	6	P75	4	-0.000317	-0.000317	-0.000631	-0.000631
237	6	27	6	P90	5	-0.001018	-0.001018	0.001625	0.001625
237	6	27	6	P95	54	0.000872	0.000872	0.003165	0.003165
237	6	27	6	P99	57	-0.000856	-0.000856	0.001426	0.001426
237	6	27	6	P999	57	-0.000856	-0.000856	0.001426	0.001426
237	7	31	7	P1	1	-0.001635	-0.001635	0.001247	0.001247
237	7	31	7	P50	4	-0.004978	-0.004978	-0.002956	-0.002956
237	7	31	7	P75	4	-0.000109	-0.000109	-0.000660	-0.000660
237	7	31	7	P90	4	0.001554	0.001554	0.000490	0.000490
237	7	31	7	P95	54	0.000872	0.000872	0.003165	0.003165
237	7	31	7	P99	57	-0.000856	-0.000856	0.001426	0.001426
237	7	31	7	P999	57	-0.000856	-0.000856	0.001426	0.001426
238	1	12	1	P1	1	-0.001723	-0.001723	0.000467	0.000467
238	1	12	1	P50	1	0.001081	0.000613	0.003276	0.002807
238	1	12	1	P75	4	-0.003814	-0.251160	-0.002000	-0.249738
238	1	12	1	P90	4	-0.002572	-0.002572	-0.000756	-0.000756
238	1	12	1	P95	4	-0.001328	-0.001328	0.000490	0.000490
238	1	12	1	P99	4	-0.001328	-0.001328	0.000490	0.000490
238	1	12	1	P999	4	-0.001328	-0.001328	0.000490	0.000490
238	2	15	2	P1	1	-0.002077	-0.002077	0.000467	0.000467
238	2	15	2	P50	1	0.001193	0.001193	0.003745	0.003745
238	2	15	2	P75	4	-0.001767	-0.001767	0.000490	0.000490
238	2	15	2	P90	12	-0.001192	-0.001192	0.000839	0.000839
238	2	15	2	P95	13	0.001017	0.001017	0.003036	0.003036
238	2	15	2	P99	13	0.001017	0.001017	0.003036	0.003036
238	2	15	2	P999	13	0.001017	0.001017	0.003036	0.003036
238	3	24	3	P1	1	-0.002256	-0.002256	0.000288	0.000288
238	3	24	3	P50	1	0.001193	0.000905	0.003745	0.003456
238	3	24	3	P75	4	-0.004252	-0.251476	-0.002000	-0.249738
238	3	24	3	P90	11	-0.000172	-0.000172	0.001879	0.001879
238	3	24	3	P95	12	-0.001192	-0.001192	0.000839	0.000839
238	3	24	3	P99	13	0.001017	0.001017	0.003036	0.003036
238	3	24	3	P999	13	0.001017	0.001017	0.003036	0.003036
238	4	26	4	P1	1	-0.003357	-0.003357	0.000288	0.000288
238	4	26	4	P50	2	-0.000591	-0.499956	-0.000689	-0.498128
238	4	26	4	P75	4	-0.004375	-0.004375	-0.000756	-0.000756
238	4	26	4	P90	13	-0.000580	-0.000580	0.003036	0.003036
238	4	26	4	P95	55	-0.001955	-0.001955	0.001633	0.001633
238	4	26	4	P99	55	-0.000088	-0.000088	0.003507	0.003507
238	4	26	4	P999	55	-0.000088	-0.000088	0.003507	0.003507
238	5	28	5	P1	1	-0.003395	-0.003395	0.000249	0.000249
238	5	28	5	P50	1	0.000088	-0.000161	0.003745	0.003495
238	5	28	5	P75	4	-0.004375	-0.005615	-0.000756	-0.002000
238	5	28	5	P90	13	-0.000580	-0.000580	0.003036	0.003036
238	5	28	5	P95	55	-0.001955	-0.001955	0.001633	0.001633
238	5	28	5	P99	55	-0.000088	-0.000088	0.003507	0.003507
238	5	28	5	P999	55	-0.000088	-0.000088	0.003507	0.003507
238	6	32	6	P1	1	-0.003395	-0.003395	0.000249	0.000249
238	6	32	6	P50	2	0.000343	-0.000591	0.000245	-0.000689
238	6	32	6	P75	4	-0.001269	-0.002202	-0.000578	-0.001112
238	6	32	6	P90	12	-0.002770	-0.002770	0.000839	0.000839
238	6	32	6	P95	55	-0.001955	-0.001955	0.001633	0.001633
238	6	32	6	P99	55	-0.000088	-0.000088	0.003507	0.003507
238	6	32	6	P999	55	-0.000088	-0.000088	0.003507	0.003507
238	7	36	7	P1	1	-0.003395	-0.003395	0.000249	0.000249
238	7	36	7	P50	2	0.002215	0.001279	0.002116	0.001180
238	7	36	7	P75	4	-0.001269	-0.001891	-0.000756	-0.001171
238	7	36	7	P90	12	-0.002770	-0.002770	0.000839	0.000839
238	7	36	7	P95	55	-0.001955	-0.001955	0.001633	0.001633
238	7	36	7	P99	55	-0.000088	-0.000088	0.003507	0.003507
238	7	36	7	P999	55	-0.000088	-0.000088	0.003507	0.003507
239	1	10	0	P1	1	-0.003265	-0.003265	0.000467	0.000467
239	1	10	0	P50	1	-0.000934	-0.001401	0.002807	0.002339
239	1	10	0	P75	1	-0.000000	-0.000000	0.003745	0.003745
239	1	10	0	P90	2	0.002116	0.000245	0.002116	0.000245
239	1	10	0	P95	2	0.002116	0.002116	0.002116	0.002116
239	1	10	0	P99	2	0.002116	0.002116	0.002116	0.002116
239	1	10	0	P999	2	0.002116	0.002116	0.002116	0.002116
239	2	14	1	P1	1	-0.001723	-0.001723	0.000467	0.000467
239	2	14	1	P50	1	0.001549	0.001081	0.003745	0.003276
239	2	14	1	P75	3	-0.001546	-0.001546	0.000349	0.000349
239	2	14	1	P90	4	-0.002572	-0.002572	-0.000756	-0.000756
239	2	14	1	P95	4	-0.001328	-0.001328	0.000490	0.000490
239	2	14	1	P99	4	-0.001328	-0.001328	0.000490	0.000490
239	2	14	1	P999	4	-0.001328	-0.001328	0.000490	0.000490
239	3	18	2	P1	1	-0.001723	-0.001723	0.000467	0.000467
239	3	18	2	P50	2	0.003856	0.001981	0.002116	0.000245
239	3	18	2	P75	4	-0.004311	-0.004311	-0.002497	-0.002497
239	3	18	2	P90	4	-0.002075	-0.002075	-0.000258	-0.000258
239	3	18	2	P95	4	-0.001328	-0.001328	0.000490	0.000490
239	3	18	2	P99	4	-0.001328	-0.001328	0.000490	0.000490
239	3	18	2	P999	4	-0.001328	-0.001328	0.000490	0.000490
239	4	132	3	P1	1	-0.002128	-0.002128	0.000061	0.000061
239	4	132	3	P50	1	-0.000138	-0.000169	0.002055	0.002024
239	4	132	3	P75	1	0.000874	0.000843	0.003069	0.003038
239	4	132	3	P90	1	0.001457	0.001457	0.003653	0.003653
239	4	132	3	P95	3	-0.002790	-0.002790	-0.000897	-0.000897
239	4	132	3	P99	4	-0.002075	-0.002075	-0.000258	-0.000258
239	4	132	3	P999	4	-0.001328	-0.001328	0.000490	0.000490
239	5	141	4	P1	1	-0.002482	-0.002482	0.000061	0.000061
239	5	141	4	P50	1	-0.000370	-0.000370	0.002178	0.002178
239	5	141	4	P75	1	0.000702	0.000702	0.003253	0.003253
239	5	141	4	P90	3	-0.001968	-0.001968	0.000349	0.000349
239	5	141	4	P95	12	-0.003989	-0.003989	-0.001963	-0.001963
239	5	141	4	P99	15	-0.001879	-0.001879	0.000104	0.000104
239	5	141	4	P999	15	-0.000012	-0.000012	0.001975	0.001975
239	6	145	5	P1	1	-0.002483	-0.002483	0.000060	0.000060
239	6	145	5	P50	1	-0.000345	-0.000345	0.002203	0.002203
239	6	145	5	P75	1	0.000741	0.000741	0.003291	0.003291
239	6	145	5	P90	3	-0.001968	-0.001968	0.000349	0.000349
239	6	145	5	P95	12	-0.003989	-0.003989	-0.001963	-0.001963
239	6	145	5	P99	15	-0.001879	-0.001879	0.000104	0.000104
239	6	145	5	P999	15	-0.000012	-0.000012	0.001975	0.001975
239	7	153	6	P1	1	-0.002451	-0.002451	0.000060	0.000060
239	7	153	6	P50	1	-0.000193	-0.000193	0.002324	0.002324
239	7	153	6	P75	1	0.000953	0.000953	0.003473	0.003473
239	7	153	6	P90	12	-0.003944	-0.003944	-0.001963	-0.001963
239	7	153	6	P95	55	-0.000653	-0.000653	0.001009	0.001009
239	7	153	6	P99	59	-0.002311	-0.002311	-0.000666	-0.000666
239	7	153	6	P999	59	-0.001067	-0.001067	0.000580	0.000580
240	1	12	1	P1	1	-0.001567	-0.001567	0.000623	0.000623
240	1	12	1	P50	2	0.001981	-0.499226	0.000245	-0.498128
240	1	12	1	P75	4	-0.003814	-0.251160	-0.002000	-0.249738
240	1	12	1	P90	4	-0.002572	-0.002572	-0.000756	-0.000756
240	1	12	1	P95	4	-0.001328	-0.001328	0.000490	0.000490
240	1	12	1	P99	4	-0.001328	-0.001328	0.000490	0.000490
240	1	12	1	P999	4	-0.001328	-0.001328	0.000490	0.000490
240	2	82	2	P1	1	-0.002139	-0.002139	0.000050	0.000050
240	2	82	2	P50	1	-0.000098	-0.000148	0.002095	0.002046
240	2	82	2	P75	1	0.000900	0.000900	0.003095	0.003095
240	2	82	2	P90	1	0.001499	0.001499	0.003695	0.003695
240	2	82	2	P95	2	0.003856	0.003856	0.002116	0.002116
240	2	82	2	P99	4	-0.001328	-0.001328	0.000490	0.000490
240	2	82	2	P999	4	-0.001328	-0.001328	0.000490	0.000490
240	3	87	3	P1	1	-0.003393	-0.003393	0.000050	0.000050
240	3	87	3	P50	1	-0.001255	-0.001255	0.002195	0.002195
240	3	87	3	P75	1	-0.000160	-0.000160	0.003295	0.003295
240	3	87	3	P90	3	-0.003041	-0.003041	0.000349	0.000349
240	3	87	3	P95	12	-0.001239	-0.001239	-0.001652	-0.001652
240	3	87	3	P99	13	-0.000289	-0.000289	0.003036	0.003036
240	3	87	3	P999	13	-0.000289	-0.000289	0.003036	0.003036
240	4	92	4	P1	1	-0.003468	-0.003468	0.000050	0.000050
240	4	92	4	P50	1	-0.001181	-0.001231	0.002345	0.002295
240	4	92	4	P75	1	-0.000035	-0.000085	0.003495	0.003445
240	4	92	4	P90	12	-0.001346	-0.001346	-0.001652	-0.001652
240	4	92	4	P95	53	-0.002081	-0.002081	0.001294	0.001294
240	4	92	4	P99	59	0.000946	0.000946	0.000580	0.000580
240	4	92	4	P999	59	0.000946	0.000946	0.000580	0.000580
240	5	97	5	P1	1	-0.003470	-0.003470	0.000049	0.000049
240	5	97	5	P50	1	-0.001145	-0.001145	0.002382	0.002382
240	5	97	5	P75	1	0.000020	0.000020	0.003550	0.003550
240	5	97	5	P90	12	-0.001346	-0.001346	-0.001652	-0.001652
240	5	97	5	P95	53	-0.002081	-0.002081	0.001294	0.001294
240	5	97	5	P99	59	0.000946	0.000946	0.000580	0.000580
240	5	97	5	P999	59	0.000946	0.000946	0.000580	0.000580
240	6	101	6	P1	1	-0.003421	-0.003421	0.000097	0.000097
240	6	101	6	P50	1	-0.001048	-0.001048	0.002479	0.002479
240	6	101	6	P75	1	0.000165	0.000165	0.003696	0.003696
240	6	101	6	P90	4	0.000756	0.000756	0.000490	0.000490
240	6	101	6	P95	13	-0.000398	-0.000398	0.003036	0.003036
240	6	101	6	P99	56	0.000798	0.000798	0.000434	0.000434
240	6	101	6	P999	59	0.000946	0.000946	0.000580	0.000580
240	7	138	7	P1	1	-0.003453	-0.003453	0.000066	0.000066
240	7	138	7	P50	1	-0.001228	-0.001261	0.002298	0.002265
240	7	138	7	P75	1	-0.000114	-0.000114	0.003416	0.003416
240	7	138	7	P90	4	-0.002046	-0.002046	-0.001112	-0.001112
240	7	138	7	P95	13	-0.002264	-0.002264	0.001163	0.001163
240	7	138	7	P99	56	0.000798	0.000798	0.000434	0.000434
240	7	138	7	P999	59	0.000946	0.000946	0.000580	0.000580
241	1	14	1	P1	11	0.001557	0.001557	0.001879	0.001879
241	1	14	1	P50	52	-0.000348	-0.692091	0.003527	-0.692006
241	1	14	1	P75	55	-0.000361	-0.000361	0.003507	0.003507
241	1	14	1	P90	57	0.001306	0.001306	0.001426	0.001426
241	1	14	1	P95	59	0.000464	0.000464	0.000580	0.000580
241	1	14	1	P99	59	0.000464	0.000464	0.000580	0.000580
241	1	14	1	P999	59	0.000464	0.000464	0.000580	0.000580
241	2	21	2	P1	1	-0.000259	-0.000259	0.000935	0.000935
241	2	21	2	P50	12	0.003843	0.003843	0.000839	0.000839
241	2	21	2	P75	53	-0.001047	-0.001047	0.003168	0.003168
241	2	21	2	P90	56	-0.000028	-0.000028	0.000434	0.000434
241	2	21	2	P95	57	0.000966	0.000966	0.001426	0.001426
241	2	21	2	P99	59	0.000128	0.000128	0.000580	0.000580
241	2	21	2	P999	59	0.000128	0.000128	0.000580	0.000580
241	3	24	3	P1	1	-0.000259	-0.000259	0.000935	0.000935
241	3	24	3	P50	12	0.002592	0.001344	-0.000407	-0.001652
241	3	24	3	P75	53	-0.001047	-0.019547	0.003168	-0.015407
241	3	24	3	P90	56	-0.000028	-0.000028	0.000434	0.000434
241	3	24	3	P95	57	0.000966	0.000966	0.001426	0.001426
241	3	24	3	P99	59	0.000128	0.000128	0.000580	0.000580
241	3	24	3	P999	59	0.000128	0.000128	0.000580	0.000580
241	4	27	4	P1	1	-0.000259	-0.000259	0.000935	0.000935
241	4	27	4	P50	11	0.001120	0.001120	0.001879	0.001879
241	4	27	4	P75	52	-0.000692	-0.000692	0.003527	0.003527
241	4	27	4	P90	56	-0.000028	-0.000028	0.000434	0.000434
241	4	27	4	P95	57	0.000966	0.000966	0.001426	0.001426
241	4	27	4	P99	59	0.000128	0.000128	0.000580	0.000580
241	4	27	4	P999	59	0.000128	0.000128	0.000580	0.000580
241	5	62	5	P1	1	-0.003411	-0.003411	0.000096	0.000096
241	5	62	5	P50	1	-0.000106	-0.000213	0.003072	0.002976
241	5	62	5	P75	4	0.000133	0.000133	-0.000133	-0.000133
241	5	62	5	P90	52	0.000145	0.000145	0.003527	0.003527
241	5	62	5	P95	55	0.000127	0.000127	0.003507	0.003507
241	5	62	5	P99	59	0.000947	0.000947	0.000580	0.000580
241	5	62	5	P999	59	0.000947	0.000947	0.000580	0.000580
241	6	70	6	P1	1	-0.003411	-0.003411	0.000096	0.000096
241	6	70	6	P50	1	0.001150	0.000215	0.003456	0.003360
241	6	70	6	P75	12	-0.001096	-0.001096	-0.001963	-0.001963
241	6	70	6	P90	52	0.000145	-0.691908	0.003527	-0.692006
241	6	70	6	P95	55	0.000127	0.000127	0.003507	0.003507
241	6	70	6	P99	59	0.000947	0.000947	0.000580	0.000580
241	6	70	6	P999	59	0.000947	0.000947	0.000580	0.000580
241	7	78	7	P1	1	-0.003411	-0.003411	0.000096	0.000096
241	7	78	7	P50	2	-0.000138	-0.498020	-0.000378	-0.498128
241	7	78	7	P75	12	0.004896	0.004896	0.000839	0.000839
241	7	78	7	P90	56	-0.001070	-0.001070	-0.001434	-0.001434
241	7	78	7	P95	57	0.000544	0.000544	0.000179	0.000179
241	7	78	7	P99	81	0.001775	0.001775	0.001396	0.001396
241	7	78	7	P999	81	0.001775	0.001775	0.001396	0.001396
242	1	11	1	P1	1	-0.001664	-0.001664	0.000623	0.000623
242	1	11	1	P50	1	0.001451	0.001451	0.003745	0.003745
242	1	11	1	P75	4	-0.003935	-0.003935	-0.002000	-0.002000
242	1	11	1	P90	4	-0.002693	-0.002693	-0.000756	-0.000756
242	1	11	1	P95	4	-0.001449	-0.001449	0.000490	0.000490
242	1	11	1	P99	4	-0.001449	-0.001449	0.000490	0.000490
242	1	11	1	P999	4	-0.001449	-0.001449	0.000490	0.000490
242	2	22	2	P1	1	-0.002067	-0.002067	0.000220	0.000220
242	2	22	2	P50	1	0.000350	0.000130	0.002642	0.002422
242	2	22	2	P75	1	0.001451	0.001451	0.003745	0.003745
242	2	22	2	P90	4	-0.003935	-0.003935	-0.002000	-0.002000
242	2	22	2	P95	4	-0.002693	-0.002693	-0.000756	-0.000756
242	2	22	2	P99	4	-0.001449	-0.001449	0.000490	0.000490
242	2	22	2	P999	4	-0.001449	-0.001449	0.000490	0.000490
242	3	25	3	P1	1	-0.002067	-0.002067	0.000220	0.000220
242	3	25	3	P50	1	0.000570	0.000570	0.002863	0.002863
242	3	25	3	P75	2	0.003746	0.003746	0.002116	0.002116
242	3	25	3	P90	4	-0.002693	-0.002693	-0.000756	-0.000756
242	3	25	3	P95	4	-0.002071	-0.002071	-0.000133	-0.000133
242	3	25	3	P99	4	-0.001449	-0.001449	0.000490	0.000490
242	3	25	3	P999	4	-0.001449	-0.001449	0.000490	0.000490
242	4	90	4	P1	1	-0.002241	-0.002241	0.000046	0.000046
242	4	90	4	P50	1	-0.000192	-0.000237	0.002099	0.002053
242	4	90	4	P75	1	0.000812	0.000812	0.003105	0.003105
242	4	90	4	P90	1	0.001451	0.001405	0.003745	0.003699
242	4	90	4	P95	4	-0.003935	-0.003935	-0.002000	-0.002000
242	4	90	4	P99	4	-0.001449	-0.001449	0.000490	0.000490
242	4	90	4	P999	4	-0.001449	-0.001449	0.000490	0.000490
242	5	99	5	P1	1	-0.003663	-0.003663	0.000046	0.000046
242	5	99	5	P50	1	-0.001435	-0.001435	0.002282	0.002282
242	5	99	5	P75	1	-0.000296	-0.000296	0.003425	0.003425
242	5	99	5	P90	4	-0.003215	-0.003215	0.000490	0.000490
242	5	99	5	P95	12	0.000123	0.000123	0.000091	0.000091
242	5	99	5	P99	14	-0.000023	-0.000023	0.003689	0.003689
242	5	99	5	P999	14	-0.000023	-0.000023	0.003689	0.003689
242	6	105	6	P1	1	-0.003623	-0.003623	0.000086	0.000086
242	6	105	6	P50	1	-0.001437	-0.001437	0.002280	0.002280
242	6	105	6	P75	1	-0.000321	-0.000321	0.003400	0.003400
242	6	105	6	P90	4	-0.003836	-0.003836	-0.000133	-0.000133
242	6	105	6	P95	12	-0.000624	-0.000624	-0.000656	-0.000656
242	6	105	6	P99	14	-0.001268	-0.001268	0.002439	0.002439
242	6	105	6	P999	14	-0.000023	-0.000023	0.003689	0.003689
242	7	114	7	P1	1	-0.003432	-0.003432	0.000086	0.000086
242	7	114	7	P50	1	-0.001031	-0.001074	0.002495	0.002452
242	7	114	7	P75	1	0.000172	0.000172	0.003702	0.003702
242	7	114	7	P90	14	-0.002232	-0.002232	0.001191	0.001191
242	7	114	7	P95	55	-0.002362	-0.002362	0.001009	0.001009
242	7	114	7	P99	59	0.000947	0.000947	0.000580	0.000580
242	7	114	7	P999	76	0.001943	0.001943	0.001567	0.001567
243	1	13	1	P1	1	-0.001753	-0.001753	0.000534	0.000534
243	1	13	1	P50	1	0.001451	0.001451	0.003745	0.003745
243	1	13	1	P75	3	0.002078	0.002078	0.000349	0.000349
243	1	13	1	P90	4	-0.002693	-0.002693	-0.000756	-0.000756
243	1	13	1	P95	4	-0.001449	-0.001449	0.000490	0.000490
243	1	13	1	P99	4	-0.001449	-0.001449	0.000490	0.000490
243	1	13	1	P999	4	-0.001449	-0.001449	0.000490	0.000490
243	2	17	2	P1	1	-0.001753	-0.001753	0.000534	0.000534
243	2	17	2	P50	2	0.003746	0.003746	0.002116	0.002116
243	2	17	2	P75	4	-0.003580	-0.003580	-0.001645	-0.001645
243	2	17	2	P90	4	-0.001982	-0.001982	-0.000044	-0.000044
243	2	17	2	P95	4	-0.001449	-0.001449	0.000490	0.000490
243	2	17	2	P99	4	-0.001449	-0.001449	0.000490	0.000490
243	2	17	2	P999	4	-0.001449	-0.001449	0.000490	0.000490
243	3	29	3	P1	1	-0.002090	-0.002090	0.000197	0.000197
243	3	29	3	P50	1	0.000663	0.000663	0.002955	0.002955
243	3	29	3	P75	3	0.002078	0.002078	0.000349	0.000349
243	3	29	3	P90	4	-0.002515	-0.002515	-0.000578	-0.000578
243	3	29	3	P95	4	-0.001982	-0.001982	-0.000044	-0.000044
243	3	29	3	P99	4	-0.001449	-0.001449	0.000490	0.000490
243	3	29	3	P999	4	-0.001449	-0.001449	0.000490	0.000490
243	4	31	4	P1	1	-0.002347	-0.002347	0.000197	0.000197
243	4	31	4	P50	1	0.000602	0.000602	0.003153	0.003153
243	4	31	4	P75	4	-0.004430	-0.004430	-0.002178	-0.002178
243	4	31	4	P90	4	-0.002300	-0.002300	-0.000044	-0.000044
243	4	31	4	P95	12	-0.003057	-0.003057	-0.001030	-0.001030
243	4	31	4	P99	12	-0.001192	-0.001192	0.000839	0.000839
243	4	31	4	P999	12	-0.001192	-0.001192	0.000839	0.000839
243	5	37	5	P1	1	-0.002373	-0.002373	0.000170	0.000170
243	5	37	5	P50	1	0.000683	0.000683	0.003233	0.003233
243	5	37	5	P75	3	0.001771	0.001771	0.000349	0.000349
243	5	37	5	P90	4	-0.002300	-0.002300	-0.000044	-0.000044
243	5	37	5	P95	12	-0.003057	-0.003057	-0.001030	-0.001030
243	5	37	5	P99	12	-0.001192	-0.001192	0.000839	0.000839
243	5	37	5	P999	12	-0.001192	-0.001192	0.000839	0.000839
243	6	39	6	P1	1	-0.002342	-0.002342	0.000170	0.000170
243	6	39	6	P50	1	0.000885	0.000885	0.003404	0.003404
243	6	39	6	P75	4	-0.004391	-0.004391	-0.002178	-0.002178
243	6	39	6	P90	12	-0.003012	-0.003012	-0.001030	-0.001030
243	6	39	6	P95	52	0.001849	0.001849	0.003527	0.003527
243	6	39	6	P99	56	-0.001223	-0.001223	0.000434	0.000434
243	6	39	6	P999	56	-0.001223	-0.001223	0.000434	0.000434
243	7	41	7	P1	1	-0.002349	-0.002349	0.000163	0.000163
243	7	41	7	P50	1	0.000899	0.000899	0.003419	0.003419
243	7	41	7	P75	4	-0.004922	-0.004922	-0.002710	-0.002710
243	7	41	7	P90	4	-0.001728	-0.001728	0.000490	0.000490
243	7	41	7	P95	12	-0.001147	-0.001147	0.000839	0.000839
243	7	41	7	P99	56	-0.001223	-0.001223	0.000434	0.000434
243	7	41	7	P999	56	-0.001223	-0.001223	0.000434	0.000434
244	1	8	0	P1	4	-0.003199	-0.003199	-0.002710	-0.002710
244	1	8	0	P50	4	-0.001067	-0.001601	-0.000578	-0.001112
244	1	8	0	P75	4	-0.000000	-0.000534	0.000490	-0.000044
244	1	8	0	P90	5	0.001135	0.001135	0.001625	0.001625
244	1	8	0	P95	5	0.001135	0.001135	0.001625	0.001625
244	1	8	0	P99	5	0.001135	0.001135	0.001625	0.001625
244	1	8	0	P999	5	0.001135	0.001135	0.001625	0.001625
244	2	54	1	P1	1	-0.002205	-0.002205	0.000081	0.000081
244	2	54	1	P50	1	-0.000013	-0.000094	0.002278	0.002196
244	2	54	1	P75	1	0.001044	0.001044	0.003337	0.003337
244	2	54	1	P90	4	-0.003580	-0.003580	-0.001645	-0.001645
244	2	54	1	P95	4	-0.001982	-0.001982	-0.000044	-0.000044
244	2	54	1	P99	5	-0.000259	-0.000259	0.001625	0.001625
244	2	54	1	P999	5	-0.000259	-0.000259	0.001625	0.001625
244	3	57	2	P1	1	-0.003362	-0.003362	0.000081	0.000081
244	3	57	2	P50	1	-0.001092	-0.001092	0.002359	0.002359
244	3	57	2	P75	1	0.000045	0.000045	0.003500	0.003500
244	3	57	2	P90	4	-0.003418	-0.003418	-0.000044	-0.000044
244	3	57	2	P95	11	0.002289	0.002289	0.001879	0.001879
244	3	57	2	P99	14	0.000366	0.000366	0.003689	0.003689
244	3	57	2	P999	14	0.000366	0.000366	0.003689	0.003689
244	4	69	3	P1	1	-0.003373	-0.003373	0.000071	0.000071
244	4	69	3	P50	1	-0.000980	-0.000980	0.002472	0.002472
244	4	69	3	P75	1	0.000219	0.000219	0.003674	0.003674
244	4	69	3	P90	4	-0.003950	-0.003950	-0.000578	-0.000578
244	4	69	3	P95	5	-0.001743	-0.001743	0.001625	0.001625
244	4	69	3	P99	14	0.000366	0.000366	0.003689	0.003689
244	4	69	3	P999	14	0.000366	0.000366	0.003689	0.003689
244	5	72	4	P1	1	-0.002808	-0.002808	0.000071	0.000071
244	5	72	4	P50	1	-0.000272	-0.000343	0.002613	0.002542
244	5	72	4	P75	2	0.000831	0.000083	-0.000129	-0.000876
244	5	72	4	P90	4	-0.002184	-0.002184	0.000490	0.000490
244	5	72	4	P95	14	0.001194	0.001194	0.003689	0.003689
244	5	72	4	P99	57	-0.000856	-0.000856	0.001426	0.001426
244	5	72	4	P999	57	-0.000856	-0.000856	0.001426	0.001426
244	6	75	5	P1	1	-0.002810	-0.002810	0.000068	0.000068
244	6	75	5	P50	1	-0.000299	-0.000299	0.002586	0.002586
244	6	75	5	P75	2	0.000581	0.000581	-0.000378	-0.000378
244	6	75	5	P90	4	-0.002184	-0.002184	0.000490	0.000490
244	6	75	5	P95	14	0.001194	0.001194	0.003689	0.003689
244	6	75	5	P99	57	-0.000856	-0.000856	0.001426	0.001426
244	6	75	5	P999	57	-0.000856	-0.000856	0.001426	0.001426
244	7	79	6	P1	1	-0.002810	-0.002810	0.000068	0.000068
244	7	79	6	P50	1	-0.000163	-0.000163	0.002722	0.002722
244	7	79	6	P75	2	0.002453	0.002453	0.001492	0.001492
244	7	79	6	P90	4	0.001554	0.001554	0.000490	0.000490
244	7	79	6	P95	14	0.001194	0.001194	0.003689	0.003689
244	7	79	6	P99	57	-0.000856	-0.000856	0.001426	0.001426
244	7	79	6	P999	57	-0.000856	-0.000856	0.001426	0.001426
245	1	8	1	P1	1	-0.001256	-0.001256	0.000935	0.000935
245	1	8	1	P50	3	-0.003411	-0.666150	-0.001519	-0.665418
245	1	8	1	P75	4	-0.003193	-0.251160	-0.001378	-0.249738
245	1	8	1	P90	4	-0.001328	-0.001328	0.000490	0.000490
245	1	8	1	P95	4	-0.001328	-0.001328	0.000490	0.000490
245	1	8	1	P99	4	-0.001328	-0.001328	0.000490	0.000490
245	1	8	1	P999	4	-0.001328	-0.001328	0.000490	0.000490
245	2	123	2	P1	1	-0.002126	-0.002126	0.000063	0.000063
245	2	123	2	P50	1	-0.000244	-0.000244	0.001949	0.001949
245	2	123	2	P75	1	0.000731	0.000731	0.002926	0.002926
245	2	123	2	P90	1	0.001297	0.001297	0.003493	0.003493
245	2	123	2	P95	1	0.001486	0.001486	0.003682	0.003682
245	2	123	2	P99	4	-0.003193	-0.003193	-0.001378	-0.001378
245	2	123	2	P999	4	-0.001328	-0.001328	0.000490	0.000490
245	3	131	3	P1	1	-0.003646	-0.003646	0.000063	0.000063
245	3	131	3	P50	1	-0.001641	-0.001641	0.002075	0.002075
245	3	131	3	P75	1	-0.000605	-0.000605	0.003115	0.003115
245	3	131	3	P90	1	-0.000009	-0.000009	0.003713	0.003713
245	3	131	3	P95	12	-0.000375	-0.000375	-0.000407	-0.000407
245	3	131	3	P99	14	-0.000023	-0.000023	0.003689	0.003689
245	3	131	3	P999	17	0.000196	0.000196	0.000162	0.000162
245	4	134	4	P1	1	-0.003646	-0.003646	0.000062	0.000062
245	4	134	4	P50	1	-0.001596	-0.001627	0.002120	0.002089
245	4	134	4	P75	1	-0.000569	-0.000569	0.003151	0.003151
245	4	134	4	P90	2	-0.003462	-0.003462	0.000245	0.000245
245	4	134	4	P95	12	-0.000375	-0.000375	-0.000407	-0.000407
245	4	134	4	P99	14	-0.000023	-0.000023	0.003689	0.003689
245	4	134	4	P999	17	0.000196	0.000196	0.000162	0.000162
245	5	142	5	P1	1	-0.003295	-0.003295	0.000062	0.000062
245	5	142	5	P50	1	-0.001119	-0.001150	0.002245	0.002214
245	5	142	5	P75	1	-0.000030	-0.000030	0.003339	0.003339
245	5	142	5	P90	12	0.000130	0.000130	-0.000407	-0.000407
245	5	142	5	P95	52	0.000416	0.000416	0.003527	0.003527
245	5	142	5	P99	58	-0.000375	-0.000375	0.002726	0.002726
245	5	142	5	P999	60	0.003110	0.003110	0.002466	0.002466
245	6	150	6	P1	1	-0.003297	-0.003297	0.000060	0.000060
245	6	150	6	P50	1	-0.001071	-0.001101	0.002294	0.002263
245	6	150	6	P75	1	0.000044	0.000044	0.003412	0.003412
245	6	150	6	P90	12	0.000130	-0.001115	-0.000407	-0.001652
245	6	150	6	P95	52	0.000416	0.000416	0.003527	0.003527
245	6	150	6	P99	58	-0.000375	-0.000375	0.002726	0.002726
245	6	150	6	P999	60	0.003110	0.003110	0.002466	0.002466
245	7	153	7	P1	1	-0.003297	-0.003297	0.000060	0.000060
245	7	153	7	P50	1	-0.001041	-0.001041	0.002324	0.002324
245	7	153	7	P75	1	0.000104	0.000104	0.003473	0.003473
245	7	153	7	P90	12	-0.001115	-0.001115	-0.001652	-0.001652
245	7	153	7	P95	52	0.000416	0.000416	0.003527	0.003527
245	7	153	7	P99	58	-0.000375	-0.000375	0.002726	0.002726
245	7	153	7	P999	60	0.003110	0.003110	0.002466	0.002466
246	1	19	1	P1	1	-0.003177	-0.003177	0.000267	0.000267
246	1	19	1	P50	1	-0.000779	-0.000779	0.002674	0.002674
246	1	19	1	P75	12	-0.000616	-0.000616	-0.001030	-0.001030
246	1	19	1	P90	13	-0.000289	-0.000289	0.003036	0.003036
246	1	19	1	P95	14	0.000366	0.000366	0.003689	0.003689
246	1	19	1	P99	14	0.000366	0.000366	0.003689	0.003689
246	1	19	1	P999	14	0.000366	0.000366	0.003689	0.003689
246	2	24	2	P1	1	-0.002612	-0.002612	0.000267	0.000267
246	2	24	2	P50	1	0.000589	0.000322	0.003477	0.003209
246	2	24	2	P75	14	0.001194	-0.070936	0.003689	-0.068610
246	2	24	2	P90	57	-0.000856	-0.000856	0.001426	0.001426
246	2	24	2	P95	63	0.000000	0.000000	0.002269	0.002269
246	2	24	2	P99	266	0.002711	0.002711	0.001021	0.001021
246	2	24	2	P999	266	0.002711	0.002711	0.001021	0.001021
246	3	29	3	P1	1	-0.002659	-0.002659	0.000220	0.000220
246	3	29	3	P50	1	0.000416	0.000416	0.003304	0.003304
246	3	29	3	P75	13	-0.001338	-0.001338	0.001163	0.001163
246	3	29	3	P90	57	-0.000856	-0.000856	0.001426	0.001426
246	3	29	3	P95	63	0.000000	0.000000	0.002269	0.002269
246	3	29	3	P99	266	0.002711	0.002711	0.001021	0.001021
246	3	29	3	P999	266	0.002711	0.002711	0.001021	0.001021
246	4	32	4	P1	1	-0.002659	-0.002659	0.000220	0.000220
246	4	32	4	P50	1	0.000857	0.000637	0.003745	0.003524
246	4	32	4	P75	13	-0.001338	-0.075015	0.001163	-0.076149
246	4	32	4	P90	56	0.001891	0.001891	0.000434	0.000434
246	4	32	4	P95	63	0.000000	0.000000	0.002269	0.002269
246	4	32	4	P99	266	0.002711	0.002711	0.001021	0.001021
246	4	32	4	P999	266	0.002711	0.002711	0.001021	0.001021
246	5	35	5	P1	1	-0.002659	-0.002659	0.000220	0.000220
246	5	35	5	P50	2	-0.002531	-0.002531	0.000245	0.000245
246	5	35	5	P75	12	0.002067	0.002067	0.000839	0.000839
246	5	35	5	P90	56	0.001891	0.001891	0.000434	0.000434
246	5	35	5	P95	63	0.000000	0.000000	0.002269	0.002269
246	5	35	5	P99	266	0.002711	0.002711	0.001021	0.001021
246	5	35	5	P999	266	0.002711	0.002711	0.001021	0.001021
246	6	38	6	P1	1	-0.002659	-0.002659	0.000220	0.000220
246	6	38	6	P50	3	-0.001621	-0.333777	-0.002638	-0.331923
246	6	38	6	P75	12	0.000195	0.000195	-0.001030	-0.001030
246	6	38	6	P90	56	0.001891	0.001891	0.000434	0.000434
246	6	38	6	P95	63	0.000000	0.000000	0.002269	0.002269
246	6	38	6	P99	266	0.002711	0.002711	0.001021	0.001021
246	6	38	6	P999	266	0.002711	0.002711	0.001021	0.001021
246	7	41	7	P1	1	-0.002659	-0.002659	0.000220	0.000220
246	7	41	7	P50	3	-0.000874	-0.000874	-0.002141	-0.002141
246	7	41	7	P75	5	0.002724	0.002724	0.001625	0.001625
246	7	41	7	P90	55	0.001216	0.001216	0.003507	0.003507
246	7	41	7	P95	57	-0.000856	-0.000856	0.001426	0.001426
246	7	41	7	P99	266	0.002711	0.002711	0.001021	0.001021
246	7	41	7	P999	266	0.002711	0.002711	0.001021	0.001021
247	1	8	0	P1	4	-0.003265	-0.003265	-0.002777	-0.002777
247	1	8	0	P50	4	-0.001401	-0.001867	-0.000911	-0.001378
247	1	8	0	P75	4	-0.000467	-0.000934	0.000023	-0.000445
247	1	8	0	P90	4	-0.000000	-0.000000	0.000490	0.000490
247	1	8	0	P95	4	-0.000000	-0.000000	0.000490	0.000490
247	1	8	0	P99	4	-0.000000	-0.000000	0.000490	0.000490
247	1	8	0	P999	4	-0.000000	-0.000000	0.000490	0.000490
247	2	12	0	P1	4	-0.003421	-0.003421	-0.002932	-0.002932
247	2	12	0	P50	4	-0.001556	-0.001867	-0.001067	-0.001378
247	2	12	0	P75	4	-0.000623	-0.000934	-0.000133	-0.000445
247	2	12	0	P90	4	-0.000311	-0.000311	0.000178	0.000178
247	2	12	0	P95	4	-0.000000	-0.000000	0.000490	0.000490
247	2	12	0	P99	4	-0.000000	-0.000000	0.000490	0.000490
247	2	12	0	P999	4	-0.000000	-0.000000	0.000490	0.000490
247	3	200	1	P1	1	-0.002227	-0.002247	0.000060	0.000040
247	3	200	1	P50	1	-0.000270	-0.000290	0.002021	0.002001
247	3	200	1	P75	1	0.000730	0.000710	0.003023	0.003003
247	3	200	1	P90	1	0.001331	0.001311	0.003625	0.003605
247	3	200	1	P95	4	-0.004245	-0.004555	-0.002311	-0.002622
247	3	200	1	P99	4	-0.001760	-0.002071	0.000178	-0.000133
247	3	200	1	P999	4	-0.001449	-0.001449	0.000490	0.000490
247	4	208	2	P1	1	-0.002228	-0.002228	0.000059	0.000059
247	4	208	2	P50	1	-0.000234	-0.000253	0.002057	0.002037
247	4	208	2	P75	1	0.000785	0.000765	0.003077	0.003058
247	4	208	2	P90	1	0.001392	0.001392	0.003686	0.003686
247	4	208	2	P95	4	-0.004555	-0.004555	-0.002622	-0.002622
247	4	208	2	P99	4	-0.002071	-0.002071	-0.000133	-0.000133
247	4	208	2	P999	4	-0.001449	-0.001449	0.000490	0.000490
247	5	212	3	P1	1	-0.002228	-0.002228	0.000059	0.000059
247	5	212	3	P50	1	-0.000194	-0.000214	0.002096	0.002077
247	5	212	3	P75	1	0.000843	0.000824	0.003136	0.003117
247	5	212	3	P90	1	0.001451	0.001451	0.003745	0.003745
247	5	212	3	P95	4	-0.003935	-0.003935	-0.002000	-0.002000
247	5	212	3	P99	4	-0.001947	-0.001947	-0.000009	-0.000009
247	5	212	3	P999	4	-0.001449	-0.001449	0.000490	0.000490
247	6	216	4	P1	1	-0.002228	-0.002228	0.000059	0.000059
247	6	216	4	P50	1	-0.000155	-0.000175	0.002135	0.002116
247	6	216	4	P75	1	0.000902	0.000883	0.003195	0.003175
247	6	216	4	P90	2	-0.000000	-0.000000	0.001367	0.001367
247	6	216	4	P95	4	-0.003521	-0.003521	-0.001586	-0.001586
247	6	216	4	P99	4	-0.001864	-0.001864	0.000075	0.000075
247	6	216	4	P999	4	-0.001449	-0.001449	0.000490	0.000490
247	7	228	5	P1	1	-0.002231	-0.002231	0.000055	0.000055
247	7	228	5	P50	1	-0.000171	-0.000189	0.002120	0.002101
247	7	228	5	P75	1	0.000879	0.000861	0.003172	0.003154
247	7	228	5	P90	2	-0.000934	-0.000934	0.000619	0.000619
247	7	228	5	P95	4	-0.003728	-0.003728	-0.001793	-0.001793
247	7	228	5	P99	4	-0.001864	-0.001864	0.000075	0.000075
247	7	228	5	P999	4	-0.001449	-0.001449	0.000490	0.000490
248	1	8	0	P1	3	-0.003110	-0.003110	-0.002762	-0.002762
248	1	8	0	P50	3	-0.000623	-0.001245	-0.000274	-0.000897
248	1	8	0	P75	4	0.000141	-0.250000	0.000490	-0.249738
248	1	8	0	P90	5	0.001276	0.001276	0.001625	0.001625
248	1	8	0	P95	5	0.001276	0.001276	0.001625	0.001625
248	1	8	0	P99	5	0.001276	0.001276	0.001625	0.001625
248	1	8	0	P999	5	0.001276	0.001276	0.001625	0.001625
248	2	12	1	P1	3	-0.001360	-0.001360	-0.002762	-0.002762
248	2	12	1	P50	4	-0.004549	-0.248682	-0.002497	-0.249738
248	2	12	1	P75	4	-0.001754	-0.002686	-0.000258	-0.001005
248	2	12	1	P90	4	0.001986	0.001986	0.000490	0.000490
248	2	12	1	P95	5	-0.000552	-0.000552	0.001625	0.001625
248	2	12	1	P99	5	-0.000552	-0.000552	0.001625	0.001625
248	2	12	1	P999	5	-0.000552	-0.000552	0.001625	0.001625
248	3	16	2	P1	3	-0.001515	-0.001515	-0.002918	-0.002918
248	3	16	2	P50	4	-0.004549	-0.248682	-0.002710	-0.249738
248	3	16	2	P75	4	-0.000509	-0.001754	-0.000578	-0.001112
248	3	16	2	P90	4	0.001986	0.001986	0.000490	0.000490
248	3	16	2	P95	5	-0.000552	-0.000552	0.001625	0.001625
248	3	16	2	P99	5	-0.000552	-0.000552	0.001625	0.001625
248	3	16	2	P999	5	-0.000552	-0.000552	0.001625	0.001625
248	4	39	3	P1	1	-0.002124	-0.002124	0.000163	0.000163
248	4	39	3	P50	1	0.000963	0.000963	0.003256	0.003256
248	4	39	3	P75	3	0.001609	0.001609	-0.000118	-0.000118
248	4	39	3	P90	4	-0.000204	-0.000204	-0.000578	-0.000578
248	4	39	3	P95	4	0.002292	0.002292	0.000490	0.000490
248	4	39	3	P99	5	-0.000259	-0.000259	0.001625	0.001625
248	4	39	3	P999	5	-0.000259	-0.000259	0.001625	0.001625
248	5	44	4	P1	1	-0.002381	-0.002381	0.000163	0.000163
248	5	44	4	P50	1	0.001193	0.001031	0.003745	0.003582
248	5	44	4	P75	4	-0.002700	-0.003632	-0.001645	-0.002178
248	5	44	4	P90	11	-0.002039	-0.002039	0.000008	0.000008
248	5	44	4	P95	12	-0.003057	-0.003057	-0.001030	-0.001030
248	5	44	4	P99	13	0.001017	0.001017	0.003036	0.003036
248	5	44	4	P999	13	0.001017	0.001017	0.003036	0.003036
248	6	49	5	P1	1	-0.002349	-0.002349	0.000163	0.000163
248	6	49	5	P50	3	-0.000997	-0.000997	-0.002452	-0.002452
248	6	49	5	P75	4	0.000763	0.000763	-0.000044	-0.000044
248	6	49	5	P90	52	0.001849	0.001849	0.003527	0.003527
248	6	49	5	P95	57	-0.000230	-0.000230	0.001426	0.001426
248	6	49	5	P99	60	0.000820	0.000820	0.002466	0.002466
248	6	49	5	P999	60	0.000820	0.000820	0.002466	0.002466
248	7	54	6	P1	1	-0.002362	-0.002362	0.000150	0.000150
248	7	54	6	P50	2	-0.000253	-0.001498	0.002116	0.000868
248	7	54	6	P75	4	-0.000483	-0.000483	-0.000578	-0.000578
248	7	54	6	P90	13	0.001063	0.001063	0.003036	0.003036
248	7	54	6	P95	57	-0.000230	-0.000230	0.001426	0.001426
248	7	54	6	P99	60	0.000820	0.000820	0.002466	0.002466
248	7	54	6	P999	60	0.000820	0.000820	0.002466	0.002466
249	1	8	1	P1	3	-0.001049	-0.001049	-0.002452	-0.002452
249	1	8	1	P50	4	-0.003618	-0.248682	-0.002311	-0.249738
249	1	8	1	P75	4	0.000114	-0.001754	-0.000445	-0.001378
249	1	8	1	P90	4	0.001986	0.001986	0.000490	0.000490
249	1	8	1	P95	4	0.001986	0.001986	0.000490	0.000490
249	1	8	1	P99	4	0.001986	0.001986	0.000490	0.000490
249	1	8	1	P999	4	0.001986	0.001986	0.000490	0.000490
249	2	12	2	P1	3	-0.001235	-0.001235	-0.002638	-0.002638
249	2	12	2	P50	4	-0.003991	-0.004735	-0.002178	-0.002710
249	2	12	2	P75	4	-0.001754	-0.002500	-0.000578	-0.001112
249	2	12	2	P90	4	0.000114	0.000114	-0.000044	-0.000044
249	2	12	2	P95	4	0.001986	0.001986	0.000490	0.000490
249	2	12	2	P99	4	0.001986	0.001986	0.000490	0.000490
249	2	12	2	P999	4	0.001986	0.001986	0.000490	0.000490
249	3	16	3	P1	3	-0.001449	-0.001449	-0.002851	-0.002851
249	3	16	3	P50	4	-0.003991	-0.004735	-0.002415	-0.002829
249	3	16	3	P75	4	-0.000820	-0.001754	-0.000756	-0.001171
249	3	16	3	P90	4	0.001050	0.001050	0.000075	0.000075
249	3	16	3	P95	4	0.001986	0.001986	0.000490	0.000490
249	3	16	3	P99	4	0.001986	0.001986	0.000490	0.000490
249	3	16	3	P999	4	0.001986	0.001986	0.000490	0.000490
249	4	33	4	P1	1	-0.002067	-0.002067	0.000220	0.000220
249	4	33	4	P50	1	0.001451	0.001451	0.003745	0.003745
249	4	33	4	P75	4	-0.004431	-0.004431	-0.002829	-0.002829
249	4	33	4	P90	4	-0.000515	-0.000515	-0.000756	-0.000756
249	4	33	4	P95	4	0.001355	0.001355	0.000075	0.000075
249	4	33	4	P99	4	0.002292	0.002292	0.000490	0.000490
249	4	33	4	P999	4	0.002292	0.002292	0.000490	0.000490
249	5	36	5	P1	1	-0.003489	-0.003489	0.000220	0.000220
249	5	36	5	P50	3	-0.002292	-0.002824	-0.002319	-0.002851
249	5	36	5	P75	4	-0.003960	-0.004704	-0.001586	-0.002000
249	5	36	5	P90	4	0.000518	0.000518	0.000490	0.000490
249	5	36	5	P95	13	0.003068	0.003068	0.003036	0.003036
249	5	36	5	P99	14	-0.000023	-0.000023	0.003689	0.003689
249	5	36	5	P999	14	-0.000023	-0.000023	0.003689	0.003689
249	6	39	6	P1	1	-0.002659	-0.002659	0.000220	0.000220
249	6	39	6	P50	3	-0.000768	-0.000768	-0.001786	-0.001786
249	6	39	6	P75	4	-0.001251	-0.001251	-0.000756	-0.000756
249	6	39	6	P90	14	0.001194	0.001194	0.003689	0.003689
249	6	39	6	P95	57	-0.000856	-0.000856	0.001426	0.001426
249	6	39	6	P99	58	0.000445	0.000445	0.002726	0.002726
249	6	39	6	P999	58	0.000445	0.000445	0.002726	0.002726
249	7	42	7	P1	1	-0.002692	-0.002692	0.000187	0.000187
249	7	42	7	P50	3	-0.001301	-0.001834	-0.002319	-0.002851
249	7	42	7	P75	4	-0.002184	-0.002184	-0.001171	-0.001171
249	7	42	7	P90	13	0.004278	0.004278	0.003036	0.003036
249	7	42	7	P95	55	0.001216	0.001216	0.003507	0.003507
249	7	42	7	P99	58	0.000445	0.000445	0.002726	0.002726
249	7	42	7	P999	58	0.000445	0.000445	0.002726	0.002726
250	1	8	1	P1	3	-0.000114	-0.000114	-0.001519	-0.001519
250	1	8	1	P50	4	-0.001754	-0.002997	-0.001378	-0.002000
250	1	8	1	P75	4	0.000738	-0.000509	-0.000133	-0.000756
250	1	8	1	P90	4	0.001986	0.001986	0.000490	0.000490
250	1	8	1	P95	4	0.001986	0.001986	0.000490	0.000490
250	1	8	1	P99	4	0.001986	0.001986	0.000490	0.000490
250	1	8	1	P999	4	0.001986	0.001986	0.000490	0.000490
250	2	13	2	P1	3	-0.000737	-0.000737	-0.002141	-0.002141
250	2	13	2	P50	4	-0.002997	-0.002997	-0.001586	-0.001586
250	2	13	2	P75	4	-0.000509	-0.000509	-0.000341	-0.000341
250	2	13	2	P90	4	0.001986	0.001986	0.000490	0.000490
250	2	13	2	P95	5	-0.000552	-0.000552	0.001625	0.001625
250	2	13	2	P99	5	-0.000552	-0.000552	0.001625	0.001625
250	2	13	2	P999	5	-0.000552	-0.000552	0.001625	0.001625
250	3	18	3	P1	3	-0.001235	-0.001235	-0.002638	-0.002638
250	3	18	3	P50	4	-0.002375	-0.002997	-0.001689	-0.002000
250	3	18	3	P75	4	0.000114	0.000114	-0.000445	-0.000445
250	3	18	3	P90	4	0.001986	0.001986	0.000490	0.000490
250	3	18	3	P95	5	-0.000552	-0.000552	0.001625	0.001625
250	3	18	3	P99	5	-0.000552	-0.000552	0.001625	0.001625
250	3	18	3	P999	5	-0.000552	-0.000552	0.001625	0.001625
250	4	250	4	P1	1	-0.002238	-0.002238	0.000049	0.000049
250	4	250	4	P50	1	-0.000232	-0.000248	0.002059	0.002042
250	4	250	4	P75	1	0.000781	0.000781	0.003073	0.003073
250	4	250	4	P90	1	0.001402	0.001386	0.003696	0.003679
250	4	250	4	P95	4	-0.004555	-0.004555	-0.002932	-0.002932
250	4	250	4	P99	4	0.001667	0.001667	0.000178	0.000178
250	4	250	4	P999	5	-0.000259	-0.000259	0.001625	0.001625
250	5	271	5	P1	1	-0.002915	-0.002915	0.000049	0.000049
250	5	271	5	P50	1	-0.000748	-0.000748	0.002222	0.002222
250	5	271	5	P75	1	0.000362	0.000362	0.003335	0.003335
250	5	271	5	P90	4	-0.001668	-0.001668	-0.001067	-0.001067
250	5	271	5	P95	12	0.000072	0.000072	-0.001030	-0.001030
250	5	271	5	P99	14	-0.000178	-0.000178	0.002439	0.002439
250	5	271	5	P999	18	0.000230	0.000230	0.002815	0.002815
250	6	287	6	P1	1	-0.002917	-0.002917	0.000047	0.000047
250	6	287	6	P50	1	-0.000696	-0.000696	0.002274	0.002274
250	6	287	6	P75	1	0.000439	0.000439	0.003413	0.003413
250	6	287	6	P90	4	-0.002290	-0.002290	-0.001378	-0.001378
250	6	287	6	P95	12	-0.000551	-0.000551	-0.001652	-0.001652
250	6	287	6	P99	14	-0.000178	-0.000178	0.002439	0.002439
250	6	287	6	P999	18	0.000230	0.000230	0.002815	0.002815
250	7	308	7	P1	1	-0.003581	-0.003581	0.000063	0.000063
250	7	308	7	P50	1	-0.001205	-0.001220	0.002448	0.002432
250	7	308	7	P75	1	0.000009	-0.000007	0.003666	0.003650
250	7	308	7	P90	13	-0.003688	-0.003688	-0.000084	-0.000084
250	7	308	7	P95	54	0.001816	0.001816	0.001666	0.001666
250	7	308	7	P99	58	0.002877	0.002877	0.002726	0.002726
250	7	308	7	P999	59	0.000730	0.000730	0.000580	0.000580
251	1	26	1	P1	1	-0.001956	-0.001956	0.000234	0.000234
251	1	26	1	P50	1	0.001081	0.000847	0.003276	0.003042
251	1	26	1	P75	2	0.003105	0.003105	0.001367	0.001367
251	1	26	1	P90	4	-0.003193	-0.003193	-0.001378	-0.001378
251	1	26	1	P95	4	-0.002261	-0.002261	-0.000445	-0.000445
251	1	26	1	P99	4	-0.001328	-0.001328	0.000490	0.000490
251	1	26	1	P999	4	-0.001328	-0.001328	0.000490	0.000490
251	2	55	2	P1	1	-0.002106	-0.002106	0.000083	0.000083
251	2	55	2	P50	1	0.000135	0.000135	0.002329	0.002329
251	2	55	2	P75	1	0.001299	0.001299	0.003495	0.003495
251	2	55	2	P90	2	0.003856	0.003856	0.002116	0.002116
251	2	55	2	P95	4	-0.003193	-0.003193	-0.001378	-0.001378
251	2	55	2	P99	4	-0.001328	-0.001328	0.000490	0.000490
251	2	55	2	P999	4	-0.001328	-0.001328	0.000490	0.000490
251	3	62	3	P1	1	-0.002460	-0.002460	0.000083	0.000083
251	3	62	3	P50	1	0.000112	0.000029	0.002662	0.002578
251	3	62	3	P75	2	0.001208	0.001208	-0.000129	-0.000129
251	3	62	3	P90	11	-0.000172	-0.000172	0.001879	0.001879
251	3	62	3	P95	12	-0.001192	-0.001192	0.000839	0.000839
251	3	62	3	P99	14	0.001685	0.001685	0.003689	0.003689
251	3	62	3	P999	14	0.001685	0.001685	0.003689	0.003689
251	4	69	4	P1	1	-0.002795	-0.002795	0.000083	0.000083
251	4	69	4	P50	1	0.000025	0.000025	0.002912	0.002912
251	4	69	4	P75	4	-0.004978	-0.004978	-0.002311	-0.002311
251	4	69	4	P90	54	0.000872	0.000872	0.003165	0.003165
251	4	69	4	P95	57	-0.000856	-0.000856	0.001426	0.001426
251	4	69	4	P99	65	0.002397	0.002397	0.000918	0.000918
251	4	69	4	P999	65	0.002397	0.002397	0.000918	0.000918
251	5	76	5	P1	1	-0.002802	-0.002802	0.000076	0.000076
251	5	76	5	P50	1	0.000093	0.000017	0.002980	0.002903
251	5	76	5	P75	3	-0.002367	-0.331281	0.000349	-0.331923
251	5	76	5	P90	14	0.001194	0.001194	0.003689	0.003689
251	5	76	5	P95	57	-0.000856	-0.000856	0.001426	0.001426
251	5	76	5	P99	65	0.002397	0.002397	0.000918	0.000918
251	5	76	5	P999	65	0.002397	0.002397	0.000918	0.000918
251	6	81	6	P1	1	-0.002802	-0.002802	0.000076	0.000076
251	6	81	6	P50	1	0.000246	0.000246	0.003133	0.003133
251	6	81	6	P75	4	-0.003116	-0.003116	-0.001845	-0.001845
251	6	81	6	P90	14	-0.000676	-0.000676	0.001815	0.001815
251	6	81	6	P95	57	-0.002100	-0.002100	0.000179	0.000179
251	6	81	6	P99	65	0.002397	0.002397	0.000918	0.000918
251	6	81	6	P999	65	0.002397	0.002397	0.000918	0.000918
251	7	133	7	P1	1	-0.002804	-0.002804	0.000074	0.000074
251	7	133	7	P50	1	-0.000402	-0.000402	0.002483	0.002483
251	7	133	7	P75	1	0.000820	0.000820	0.003708	0.003708
251	7	133	7	P90	11	-0.000648	-0.000648	0.001879	0.001879
251	7	133	7	P95	54	0.000872	0.000872	0.003165	0.003165
251	7	133	7	P99	63	0.000000	0.000000	0.002269	0.002269
251	7	133	7	P999	65	0.002397	0.002397	0.000918	0.000918
252	1	6	1	P1	1	-0.000154	-0.000154	0.001871	0.001871
252	1	6	1	P50	2	0.000103	-0.001764	0.002116	0.000245
252	1	6	1	P75	11	-0.000103	-0.000103	0.001879	0.001879
252	1	6	1	P90	12	0.002601	0.002601	0.000839	0.000839
252	1	6	1	P95	12	0.002601	0.002601	0.000839	0.000839
252	1	6	1	P99	12	0.002601	0.002601	0.000839	0.000839
252	1	6	1	P999	12	0.002601	0.002601	0.000839	0.000839
252	2	8	2	P1	1	0.000328	0.000328	0.001871	0.001871
252	2	8	2	P50	11	0.000607	-0.818063	0.001879	-0.817797
252	2	8	2	P75	56	-0.000651	-0.785002	0.000434	-0.785535
252	2	8	2	P90	60	0.001386	0.001386	0.002466	0.002466
252	2	8	2	P95	60	0.001386	0.001386	0.002466	0.002466
252	2	8	2	P99	60	0.001386	0.001386	0.002466	0.002466
252	2	8	2	P999	60	0.001386	0.001386	0.002466	0.002466
252	3	10	3	P1	1	-0.001579	-0.001579	0.000935	0.000935
252	3	10	3	P50	2	-0.000253	-0.002120	0.002116	0.000245
252	3	10	3	P75	12	0.002595	0.002595	0.000839	0.000839
252	3	10	3	P90	60	0.000820	-0.067809	0.002466	-0.066261
252	3	10	3	P95	60	0.000820	0.000820	0.002466	0.002466
252	3	10	3	P99	60	0.000820	0.000820	0.002466	0.002466
252	3	10	3	P999	60	0.000820	0.000820	0.002466	0.002466
252	4	15	4	P1	1	-0.001579	-0.001579	0.000935	0.000935
252	4	15	4	P50	4	-0.000795	-0.000795	-0.002311	-0.002311
252	4	15	4	P75	11	-0.000127	-0.000127	0.001879	0.001879
252	4	15	4	P90	56	-0.001223	-0.001223	0.000434	0.000434
252	4	15	4	P95	60	0.000820	0.000820	0.002466	0.002466
252	4	15	4	P99	60	0.000820	0.000820	0.002466	0.002466
252	4	15	4	P999	60	0.000820	0.000820	0.002466	0.002466
252	5	21	5	P1	1	-0.001579	-0.001579	0.000935	0.000935
252	5	21	5	P50	4	-0.003593	-0.003593	-0.002311	-0.002311
252	5	21	5	P75	4	0.001075	0.001075	0.000023	0.000023
252	5	21	5	P90	12	0.002595	0.002595	0.000839	0.000839
252	5	21	5	P95	56	-0.001223	-0.001223	0.000434	0.000434
252	5	21	5	P99	60	0.000820	0.000820	0.002466	0.002466
252	5	21	5	P999	60	0.000820	0.000820	0.002466	0.002466
252	6	44	6	P1	1	-0.002373	-0.002373	0.000138	0.000138
252	6	44	6	P50	1	0.000671	0.000532	0.003189	0.003050
252	6	44	6	P75	4	-0.003593	-0.004524	-0.002311	-0.002777
252	6	44	6	P90	4	0.002011	0.002011	0.000490	0.000490
252	6	44	6	P95	12	0.002595	0.002595	0.000839	0.000839
252	6	44	6	P99	60	0.000820	0.000820	0.002466	0.002466
252	6	44	6	P999	60	0.000820	0.000820	0.002466	0.002466
252	7	50	7	P1	1	-0.002373	-0.002373	0.000138	0.000138
252	7	50	7	P50	1	0.001086	0.000948	0.003606	0.003467
252	7	50	7	P75	4	-0.003386	-0.003386	-0.001809	-0.001809
252	7	50	7	P90	4	0.002011	0.001075	0.000490	0.000202
252	7	50	7	P95	12	0.002595	0.002595	0.000839	0.000839
252	7	50	7	P99	60	0.000820	0.000820	0.002466	0.002466
252	7	50	7	P999	60	0.000820	0.000820	0.002466	0.002466
253	1	12	1	P1	3	-0.001934	-0.001934	-0.002762	-0.002762
253	1	12	1	P50	4	-0.001610	-0.249115	-0.002497	-0.249738
253	1	12	1	P75	4	0.000632	-0.000116	-0.000258	-0.001005
253	1	12	1	P90	4	0.001380	0.001380	0.000490	0.000490
253	1	12	1	P95	5	-0.001179	-0.001179	0.001625	0.001625
253	1	12	1	P99	5	-0.001179	-0.001179	0.001625	0.001625
253	1	12	1	P999	5	-0.001179	-0.001179	0.001625	0.001625
253	2	18	2	P1	3	-0.002090	-0.002090	-0.002918	-0.002918
253	2	18	2	P50	4	-0.001527	-0.001942	-0.002415	-0.002829
253	2	18	2	P75	4	0.000133	0.000133	-0.000756	-0.000756
253	2	18	2	P90	4	0.001380	0.001380	0.000490	0.000490
253	2	18	2	P95	5	-0.001179	-0.001179	0.001625	0.001625
253	2	18	2	P99	5	-0.001179	-0.001179	0.001625	0.001625
253	2	18	2	P999	5	-0.001179	-0.001179	0.001625	0.001625
253	3	34	3	P1	1	-0.002574	-0.002574	0.000234	0.000234
253	3	34	3	P50	3	-0.001350	-0.001816	-0.002452	-0.002918
253	3	34	3	P75	4	-0.001266	-0.001266	-0.002415	-0.002415
253	3	34	3	P90	4	0.000810	0.000810	-0.000341	-0.000341
253	3	34	3	P95	4	0.001642	0.001642	0.000490	0.000490
253	3	34	3	P99	5	-0.000927	-0.000927	0.001625	0.001625
253	3	34	3	P999	5	-0.000927	-0.000927	0.001625	0.001625
253	4	38	4	P1	1	-0.002310	-0.002310	0.000234	0.000234
253	4	38	4	P50	3	-0.000100	-0.000568	-0.001519	-0.001985
253	4	38	4	P75	4	0.000308	0.000308	-0.001171	-0.001171
253	4	38	4	P90	12	-0.003057	-0.003057	-0.001030	-0.001030
253	4	38	4	P95	13	0.001017	0.001017	0.003036	0.003036
253	4	38	4	P99	14	0.001685	0.001685	0.003689	0.003689
253	4	38	4	P999	14	0.001685	0.001685	0.003689	0.003689
253	5	42	5	P1	1	-0.003285	-0.003285	0.000234	0.000234
253	5	42	5	P50	3	-0.000330	-0.000797	-0.000586	-0.001052
253	5	42	5	P75	4	0.000341	0.000341	0.000075	0.000075
253	5	42	5	P90	14	0.000257	0.000257	0.003689	0.003689
253	5	42	5	P95	55	0.000127	0.000127	0.003507	0.003507
253	5	42	5	P99	58	0.003093	0.003093	0.002726	0.002726
253	5	42	5	P999	58	0.003093	0.003093	0.002726	0.002726
253	6	46	6	P1	1	-0.003321	-0.003321	0.000197	0.000197
253	6	46	6	P50	3	-0.001264	-0.001731	-0.001519	-0.001985
253	6	46	6	P75	4	-0.000075	-0.000075	-0.000341	-0.000341
253	6	46	6	P90	14	0.000257	0.000257	0.003689	0.003689
253	6	46	6	P95	55	0.000127	0.000127	0.003507	0.003507
253	6	46	6	P99	58	0.003093	0.003093	0.002726	0.002726
253	6	46	6	P999	58	0.003093	0.003093	0.002726	0.002726
253	7	51	7	P1	1	-0.003321	-0.003321	0.000197	0.000197
253	7	51	7	P50	3	-0.000330	-0.000330	-0.000897	-0.000897
253	7	51	7	P75	4	-0.000107	-0.000107	-0.000373	-0.000373
253	7	51	7	P90	13	-0.000397	-0.000397	0.003036	0.003036
253	7	51	7	P95	55	0.000127	0.000127	0.003507	0.003507
253	7	51	7	P99	58	0.003093	0.003093	0.002726	0.002726
253	7	51	7	P999	58	0.003093	0.003093	0.002726	0.002726
254	1	7	1	P1	1	-0.000419	-0.000419	0.001871	0.001871
254	1	7	1	P50	4	-0.004245	-0.004245	-0.002311	-0.002311
254	1	7	1	P75	4	-0.002382	-0.002382	-0.000445	-0.000445
254	1	7	1	P90	4	-0.001449	-0.001449	0.000490	0.000490
254	1	7	1	P95	4	-0.001449	-0.001449	0.000490	0.000490
254	1	7	1	P99	4	-0.001449	-0.001449	0.000490	0.000490
254	1	7	1	P999	4	-0.001449	-0.001449	0.000490	0.000490
254	2	33	2	P1	1	-0.002153	-0.002153	0.000134	0.000134
254	2	33	2	P50	1	-0.000019	-0.000019	0.002272	0.002272
254	2	33	2	P75	1	0.001050	0.001050	0.003343	0.003343
254	2	33	2	P90	4	-0.004245	-0.004245	-0.002311	-0.002311
254	2	33	2	P95	4	-0.002382	-0.002382	-0.000445	-0.000445
254	2	33	2	P99	4	-0.001449	-0.001449	0.000490	0.000490
254	2	33	2	P999	4	-0.001449	-0.001449	0.000490	0.000490
254	3	37	3	P1	1	-0.003575	-0.003575	0.000134	0.000134
254	3	37	3	P50	1	-0.001178	-0.001178	0.002540	0.002540
254	3	37	3	P75	1	0.000023	0.000023	0.003745	0.003745
254	3	37	3	P90	11	0.000040	0.000040	0.000008	0.000008
254	3	37	3	P95	12	0.000871	0.000871	0.000839	0.000839
254	3	37	3	P99	14	-0.000023	-0.000023	0.003689	0.003689
254	3	37	3	P999	14	-0.000023	-0.000023	0.003689	0.003689
254	4	41	4	P1	1	-0.003129	-0.003129	0.000134	0.000134
254	4	41	4	P50	1	-0.000464	-0.000464	0.002807	0.002807
254	4	41	4	P75	4	-0.004524	-0.004524	-0.001378	-0.001378
254	4	41	4	P90	14	0.000631	0.000631	0.003689	0.003689
254	4	41	4	P95	56	-0.000635	-0.000635	-0.001434	-0.001434
254	4	41	4	P99	60	-0.000470	-0.000470	0.002466	0.002466
254	4	41	4	P999	60	-0.000470	-0.000470	0.002466	0.002466
254	5	45	5	P1	1	-0.003142	-0.003142	0.000121	0.000121
254	5	45	5	P50	1	-0.000494	-0.000494	0.002777	0.002777
254	5	45	5	P75	4	-0.005453	-0.005453	-0.002311	-0.002311
254	5	45	5	P90	14	0.000631	0.000631	0.003689	0.003689
254	5	45	5	P95	56	-0.000635	-0.000635	-0.001434	-0.001434
254	5	45	5	P99	60	-0.000470	-0.000470	0.002466	0.002466
254	5	45	5	P999	60	-0.000470	-0.000470	0.002466	0.002466
254	6	50	6	P1	1	-0.003142	-0.003142	0.000121	0.000121
254	6	50	6	P50	1	-0.000133	-0.000253	0.003140	0.003019
254	6	50	6	P75	4	-0.001915	-0.001915	-0.001171	-0.001171
254	6	50	6	P90	14	0.000631	-0.141560	0.003689	-0.142138
254	6	50	6	P95	56	-0.000635	-0.000635	-0.001434	-0.001434
254	6	50	6	P99	60	-0.000470	-0.000470	0.002466	0.002466
254	6	50	6	P999	60	-0.000470	-0.000470	0.002466	0.002466
254	7	61	7	P1	1	-0.003174	-0.003174	0.000089	0.000089
254	7	61	7	P50	1	-0.000509	-0.000509	0.002763	0.002763
254	7	61	7	P75	4	-0.004524	-0.004524	-0.002415	-0.002415
254	7	61	7	P90	11	0.002547	0.002547	0.001879	0.001879
254	7	61	7	P95	55	0.000561	0.000561	0.003507	0.003507
254	7	61	7	P99	60	-0.000470	-0.000470	0.002466	0.002466
254	7	61	7	P999	60	-0.000470	-0.000470	0.002466	0.002466
255	1	6	1	P1	13	0.001192	0.001192	0.001163	0.001163
255	1	6	1	P50	55	-0.000130	-0.599876	0.003507	-0.599899
255	1	6	1	P75	59	0.000691	0.000691	0.000580	0.000580
255	1	6	1	P90	62	-0.000310	-0.000310	0.003320	0.003320
255	1	6	1	P95	62	-0.000310	-0.000310	0.003320	0.003320
255	1	6	1	P99	62	-0.000310	-0.000310	0.003320	0.003320
255	1	6	1	P999	62	-0.000310	-0.000310	0.003320	0.003320
255	2	9	2	P1	1	0.002487	0.002487	0.003745	0.003745
255	2	9	2	P50	13	0.002215	0.002215	0.003036	0.003036
255	2	9	2	P75	55	-0.000811	-0.000811	0.003507	0.003507
255	2	9	2	P90	62	-0.000977	-0.000977	0.003320	0.003320
255	2	9	2	P95	62	-0.000977	-0.000977	0.003320	0.003320
255	2	9	2	P99	62	-0.000977	-0.000977	0.003320	0.003320
255	2	9	2	P999	62	-0.000977	-0.000977	0.003320	0.003320
255	3	14	3	P1	1	0.002487	0.002487	0.003745	0.003745
255	3	14	3	P50	4	-0.000529	-0.001463	0.000490	-0.000445
255	3	14	3	P75	22	-0.000477	-0.000477	0.000253	0.000253
255	3	14	3	P90	59	0.000018	0.000018	0.000580	0.000580
255	3	14	3	P95	62	-0.000977	-0.000977	0.003320	0.003320
255	3	14	3	P99	62	-0.000977	-0.000977	0.003320	0.003320
255	3	14	3	P999	62	-0.000977	-0.000977	0.003320	0.003320
255	4	19	4	P1	1	0.002487	0.002487	0.003745	0.003745
255	4	19	4	P50	4	-0.001929	-0.001929	-0.000911	-0.000911
255	4	19	4	P75	13	0.002215	0.002215	0.003036	0.003036
255	4	19	4	P90	59	0.000018	0.000018	0.000580	0.000580
255	4	19	4	P95	62	-0.000977	-0.000977	0.003320	0.003320
255	4	19	4	P99	62	-0.000977	-0.000977	0.003320	0.003320
255	4	19	4	P999	62	-0.000977	-0.000977	0.003320	0.003320
255	5	24	5	P1	1	0.002487	0.002487	0.003745	0.003745
255	5	24	5	P50	4	-0.002085	-0.002396	-0.001067	-0.001378
255	5	24	5	P75	13	0.000343	-0.692471	0.001163	-0.692157
255	5	24	5	P90	55	-0.000811	-0.000811	0.003507	0.003507
255	5	24	5	P95	59	0.000018	0.000018	0.000580	0.000580
255	5	24	5	P99	62	-0.000977	-0.000977	0.003320	0.003320
255	5	24	5	P999	62	-0.000977	-0.000977	0.003320	0.003320
255	6	30	6	P1	1	-0.002955	-0.002955	0.000534	0.000534
255	6	30	6	P50	4	-0.001807	-0.002118	-0.002000	-0.002311
255	6	30	6	P75	4	0.000372	0.000372	0.000178	0.000178
255	6	30	6	P90	55	0.000027	-0.599803	0.003507	-0.599899
255	6	30	6	P95	59	0.000847	0.000847	0.000580	0.000580
255	6	30	6	P99	62	-0.000156	-0.000156	0.003320	0.003320
255	6	30	6	P999	62	-0.000156	-0.000156	0.003320	0.003320
255	7	35	7	P1	1	-0.002955	-0.002955	0.000534	0.000534
255	7	35	7	P50	4	-0.002056	-0.002056	-0.002249	-0.002249
255	7	35	7	P75	4	0.000185	0.000185	-0.000009	-0.000009
255	7	35	7	P90	22	0.000492	0.000492	0.000253	0.000253
255	7	35	7	P95	59	0.000847	0.000847	0.000580	0.000580
255	7	35	7	P99	62	-0.000156	-0.000156	0.003320	0.003320
255	7	35	7	P999	62	-0.000156	-0.000156	0.003320	0.003320
256	1	662	1	P1	1	-0.002149	-0.002149	0.000040	0.000040
256	1	662	1	P50	1	-0.000285	-0.000290	0.001908	0.001902
256	1	662	1	P75	1	0.000663	0.000663	0.002858	0.002858
256	1	662	1	P90	1	0.001232	0.001232	0.003428	0.003428
256	1	662	1	P95	1	0.001422	0.001422	0.003618	0.003618
256	1	662	1	P99	2	0.003230	0.003230	0.001492	0.001492
256	1	662	1	P999	4	-0.001328	-0.001328	0.000490	0.000490
256	2	666	2	P1	1	-0.002979	-0.002979	0.000040	0.000040
256	2	666	2	P50	1	-0.001105	-0.001111	0.001920	0.001914
256	2	666	2	P75	1	-0.000153	-0.000153	0.002875	0.002875
256	2	666	2	P90	1	0.000422	0.000422	0.003451	0.003451
256	2	666	2	P95	1	0.000611	0.000611	0.003641	0.003641
256	2	666	2	P99	3	-0.002535	-0.002535	0.000349	0.000349
256	2	666	2	P999	15	-0.000714	-0.000714	0.001975	0.001975
256	3	670	3	P1	1	-0.003317	-0.003317	0.000040	0.000040
256	3	670	3	P50	1	-0.001432	-0.001438	0.001931	0.001925
256	3	670	3	P75	1	-0.000474	-0.000474	0.002892	0.002892
256	3	670	3	P90	1	0.000105	0.000100	0.003474	0.003468
256	3	670	3	P95	1	0.000295	0.000295	0.003664	0.003664
256	3	670	3	P99	11	0.002412	0.002412	0.001879	0.001879
256	3	670	3	P999	58	-0.000375	-0.000375	0.002726	0.002726
256	4	674	4	P1	1	-0.003317	-0.003317	0.000040	0.000040
256	4	674	4	P50	1	-0.001427	-0.001433	0.001937	0.001931
256	4	674	4	P75	1	-0.000466	-0.000466	0.002901	0.002901
256	4	674	4	P90	1	0.000112	0.000112	0.003481	0.003481
256	4	674	4	P95	1	0.000307	0.000307	0.003676	0.003676
256	4	674	4	P99	11	0.002412	0.002412	0.001879	0.001879
256	4	674	4	P999	58	-0.000375	-0.000375	0.002726	0.002726
256	5	679	5	P1	1	-0.003317	-0.003317	0.000040	0.000040
256	5	679	5	P50	1	-0.001415	-0.001415	0.001948	0.001948
256	5	679	5	P75	1	-0.000443	-0.000443	0.002924	0.002924
256	5	679	5	P90	1	0.000141	0.000141	0.003509	0.003509
256	5	679	5	P95	1	0.000335	0.000335	0.003705	0.003705
256	5	679	5	P99	11	0.002412	0.002412	0.001879	0.001879
256	5	679	5	P999	58	-0.000375	-0.000375	0.002726	0.002726
256	6	684	6	P1	1	-0.003317	-0.003317	0.000040	0.000040
256	6	684	6	P50	1	-0.001398	-0.001404	0.001965	0.001960
256	6	684	6	P75	1	-0.000420	-0.000426	0.002947	0.002941
256	6	684	6	P90	1	0.000164	0.000164	0.003532	0.003532
256	6	684	6	P95	1	0.000358	0.000358	0.003728	0.003728
256	6	684	6	P99	11	0.002412	0.002412	0.001879	0.001879
256	6	684	6	P999	58	-0.000375	-0.000375	0.002726	0.002726
256	7	691	7	P1	1	-0.003318	-0.003318	0.000040	0.000040
256	7	691	7	P50	1	-0.001402	-0.001402	0.001962	0.001962
256	7	691	7	P75	1	-0.000423	-0.000423	0.002944	0.002944
256	7	691	7	P90	1	0.000160	0.000160	0.003529	0.003529
256	7	691	7	P95	1	0.000358	0.000358	0.003728	0.003728
256	7	691	7	P99	11	0.002412	0.002412	0.001879	0.001879
256	7	691	7	P999	58	-0.000375	-0.000375	0.002726	0.002726
257	1	10	0	P1	3	0.003603	0.003603	0.000349	0.000349
257	1	10	0	P50	4	-0.001067	-0.001601	-0.000578	-0.001112
257	1	10	0	P75	4	-0.000000	-0.000000	0.000490	0.000490
257	1	10	0	P90	5	0.001135	-0.000734	0.001625	-0.000245
257	1	10	0	P95	5	0.001135	0.001135	0.001625	0.001625
257	1	10	0	P99	5	0.001135	0.001135	0.001625	0.001625
257	1	10	0	P999	5	0.001135	0.001135	0.001625	0.001625
257	2	41	1	P1	1	-0.002162	-0.002162	0.000125	0.000125
257	2	41	1	P50	1	0.000328	0.000328	0.002620	0.002620
257	2	41	1	P75	2	0.003746	0.003746	0.002116	0.002116
257	2	41	1	P90	4	-0.002515	-0.002515	-0.000578	-0.000578
257	2	41	1	P95	4	-0.001449	-0.001449	0.000490	0.000490
257	2	41	1	P99	5	-0.000259	-0.000259	0.001625	0.001625
257	2	41	1	P999	5	-0.000259	-0.000259	0.001625	0.001625
257	3	46	2	P1	1	-0.002419	-0.002419	0.000125	0.000125
257	3	46	2	P50	1	0.000445	0.000320	0.002995	0.002870
257	3	46	2	P75	4	-0.003898	-0.003898	-0.001645	-0.001645
257	3	46	2	P90	12	-0.003989	-0.003989	-0.001963	-0.001963
257	3	46	2	P95	12	-0.002125	-0.002125	-0.000096	-0.000096
257	3	46	2	P99	16	-0.000991	-0.000991	0.000980	0.000980
257	3	46	2	P999	16	-0.000991	-0.000991	0.000980	0.000980
257	4	51	3	P1	1	-0.002387	-0.002387	0.000125	0.000125
257	4	51	3	P50	1	0.000726	0.000726	0.003245	0.003245
257	4	51	3	P75	4	-0.001728	-0.001728	0.000490	0.000490
257	4	51	3	P90	16	-0.000945	-0.000945	0.000980	0.000980
257	4	51	3	P95	56	-0.002467	-0.002467	-0.000811	-0.000811
257	4	51	3	P99	57	-0.000230	-0.000230	0.001426	0.001426
257	4	51	3	P999	57	-0.000230	-0.000230	0.001426	0.001426
257	5	56	4	P1	1	-0.002402	-0.002402	0.000110	0.000110
257	5	56	4	P50	1	0.000675	0.000565	0.003193	0.003083
257	5	56	4	P75	4	-0.002261	-0.002794	-0.000044	-0.000578
257	5	56	4	P90	16	-0.000945	-0.000945	0.000980	0.000980
257	5	56	4	P95	56	-0.002467	-0.002467	-0.000811	-0.000811
257	5	56	4	P99	57	-0.000230	-0.000230	0.001426	0.001426
257	5	56	4	P999	57	-0.000230	-0.000230	0.001426	0.001426
257	6	61	5	P1	1	-0.002402	-0.002402	0.000110	0.000110
257	6	61	5	P50	1	0.000895	0.000895	0.003414	0.003414
257	6	61	5	P75	4	-0.002847	-0.002847	-0.000631	-0.000631
257	6	61	5	P90	12	-0.001147	-0.001147	0.000839	0.000839
257	6	61	5	P95	56	-0.003710	-0.003710	-0.002056	-0.002056
257	6	61	5	P99	57	-0.000230	-0.000230	0.001426	0.001426
257	6	61	5	P999	57	-0.000230	-0.000230	0.001426	0.001426
257	7	65	6	P1	1	-0.002413	-0.002413	0.000098	0.000098
257	7	65	6	P50	1	0.000733	0.000733	0.003251	0.003251
257	7	65	6	P75	4	-0.003220	-0.003220	-0.001005	-0.001005
257	7	65	6	P90	12	-0.001147	-0.001147	0.000839	0.000839
257	7	65	6	P95	56	-0.003710	-0.003710	-0.002056	-0.002056
257	7	65	6	P99	57	-0.000230	-0.000230	0.001426	0.001426
257	7	65	6	P999	57	-0.000230	-0.000230	0.001426	0.001426
258	1	49	1	P1	1	-0.002202	-0.002202	0.000085	0.000085
258	1	49	1	P50	1	-0.000165	-0.000165	0.002126	0.002126
258	1	49	1	P75	1	0.000855	0.000855	0.003148	0.003148
258	1	49	1	P90	3	0.002078	0.002078	0.000349	0.000349
258	1	49	1	P95	4	-0.003314	-0.003314	-0.001378	-0.001378
258	1	49	1	P99	4	-0.001449	-0.001449	0.000490	0.000490
258	1	49	1	P999	4	-0.001449	-0.001449	0.000490	0.000490
258	2	55	2	P1	1	-0.002458	-0.002458	0.000085	0.000085
258	2	55	2	P50	1	-0.000167	-0.000167	0.002382	0.002382
258	2	55	2	P75	1	0.001023	0.001023	0.003574	0.003574
258	2	55	2	P90	11	-0.000172	-0.000172	0.001879	0.001879
258	2	55	2	P95	12	-0.001192	-0.001192	0.000839	0.000839
258	2	55	2	P99	13	0.001017	0.001017	0.003036	0.003036
258	2	55	2	P999	13	0.001017	0.001017	0.003036	0.003036
258	3	61	3	P1	1	-0.002465	-0.002465	0.000078	0.000078
258	3	61	3	P50	1	-0.000132	-0.000132	0.002417	0.002417
258	3	61	3	P75	1	0.001037	0.001037	0.003589	0.003589
258	3	61	3	P90	4	-0.001767	-0.001767	0.000490	0.000490
258	3	61	3	P95	12	-0.002436	-0.002436	-0.000407	-0.000407
258	3	61	3	P99	13	0.001017	0.001017	0.003036	0.003036
258	3	61	3	P999	13	0.001017	0.001017	0.003036	0.003036
258	4	67	4	P1	1	-0.003440	-0.003440	0.000078	0.000078
258	4	67	4	P50	1	-0.000876	-0.000876	0.002651	0.002651
258	4	67	4	P75	3	0.000604	0.000604	0.000349	0.000349
258	4	67	4	P90	13	-0.000398	-0.000398	0.003036	0.003036
258	4	67	4	P95	54	0.001031	0.001031	0.000668	0.000668
258	4	67	4	P99	55	0.000126	0.000126	0.003507	0.003507
258	4	67	4	P999	55	0.000126	0.000126	0.003507	0.003507
258	5	73	5	P1	1	-0.003449	-0.003449	0.000069	0.000069
258	5	73	5	P50	1	-0.000962	-0.000962	0.002564	0.002564
258	5	73	5	P75	2	0.000485	0.000485	0.000245	0.000245
258	5	73	5	P90	13	-0.002264	-0.002264	0.001163	0.001163
258	5	73	5	P95	54	0.001031	0.001031	0.000668	0.000668
258	5	73	5	P99	55	0.000126	0.000126	0.003507	0.003507
258	5	73	5	P999	55	0.000126	0.000126	0.003507	0.003507
258	6	78	6	P1	1	-0.003449	-0.003449	0.000069	0.000069
258	6	78	6	P50	1	-0.000755	-0.000824	0.002773	0.002703
258	6	78	6	P75	3	-0.000891	-0.000891	-0.001146	-0.001146
258	6	78	6	P90	13	-0.002264	-0.002264	0.001163	0.001163
258	6	78	6	P95	54	0.001031	0.001031	0.000668	0.000668
258	6	78	6	P99	55	0.000126	0.000126	0.003507	0.003507
258	6	78	6	P999	55	0.000126	0.000126	0.003507	0.003507
258	7	83	7	P1	1	-0.003449	-0.003449	0.000069	0.000069
258	7	83	7	P50	1	-0.000617	-0.000617	0.002912	0.002912
258	7	83	7	P75	4	-0.005770	-0.005770	-0.002829	-0.002829
258	7	83	7	P90	12	-0.002590	-0.002590	0.000839	0.000839
258	7	83	7	P95	53	-0.000214	-0.000214	0.003168	0.003168
258	7	83	7	P99	55	0.000126	0.000126	0.003507	0.003507
258	7	83	7	P999	55	0.000126	0.000126	0.003507	0.003507
259	1	43	1	P1	1	-0.002565	-0.002565	0.000110	0.000110
259	1	43	1	P50	1	-0.000259	-0.000259	0.002422	0.002422
259	1	43	1	P75	1	0.000951	0.000951	0.003635	0.003635
259	1	43	1	P90	13	-0.000670	-0.000670	0.001537	0.001537
259	1	43	1	P95	13	0.000826	0.000826	0.003036	0.003036
259	1	43	1	P99	19	-0.001060	-0.001060	0.001076	0.001076
259	1	43	1	P999	19	-0.001060	-0.001060	0.001076	0.001076
259	2	52	2	P1	1	-0.003248	-0.003248	0.000110	0.000110
259	2	52	2	P50	1	-0.000394	-0.000504	0.002973	0.002863
259	2	52	2	P75	13	-0.000912	-0.001658	0.002286	0.001537
259	2	52	2	P90	55	0.000400	0.000400	0.003507	0.003507
259	2	52	2	P95	58	-0.002863	-0.002863	0.000231	0.000231
259	2	52	2	P99	58	-0.000375	-0.000375	0.002726	0.002726
259	2	52	2	P999	58	-0.000375	-0.000375	0.002726	0.002726
259	3	61	3	P1	1	-0.003259	-0.003259	0.000098	0.000098
259	3	61	3	P50	1	-0.000313	-0.000313	0.003054	0.003054
259	3	61	3	P75	13	-0.003150	-0.003150	0.000041	0.000041
259	3	61	3	P90	53	0.000059	0.000059	0.003168	0.003168
259	3	61	3	P95	57	0.002066	0.002066	0.001426	0.001426
259	3	61	3	P99	58	-0.000375	-0.000375	0.002726	0.002726
259	3	61	3	P999	58	-0.000375	-0.000375	0.002726	0.002726
259	4	66	4	P1	1	-0.003259	-0.003259	0.000098	0.000098
259	4	66	4	P50	1	-0.000018	-0.000117	0.003350	0.003251
259	4	66	4	P75	12	0.001377	0.001377	0.000839	0.000839
259	4	66	4	P90	53	0.000059	0.000059	0.003168	0.003168
259	4	66	4	P95	57	0.002066	0.002066	0.001426	0.001426
259	4	66	4	P99	58	-0.000375	-0.000375	0.002726	0.002726
259	4	66	4	P999	58	-0.000375	-0.000375	0.002726	0.002726
259	5	112	5	P1	1	-0.003266	-0.003266	0.000091	0.000091
259	5	112	5	P50	1	-0.000764	-0.000810	0.002602	0.002556
259	5	112	5	P75	2	0.000399	-0.000136	-0.000022	-0.000556
259	5	112	5	P90	13	-0.000164	-0.000164	0.003036	0.003036
259	5	112	5	P95	55	0.000400	0.000400	0.003507	0.003507
259	5	112	5	P99	58	-0.001620	-0.001620	0.001478	0.001478
259	5	112	5	P999	58	-0.000375	-0.000375	0.002726	0.002726
259	6	115	6	P1	1	-0.003266	-0.003266	0.000091	0.000091
259	6	115	6	P50	1	-0.000719	-0.000719	0.002647	0.002647
259	6	115	6	P75	2	0.001468	0.001468	0.001046	0.001046
259	6	115	6	P90	14	0.000492	0.000492	0.001815	0.001815
259	6	115	6	P95	55	0.000400	0.000400	0.003507	0.003507
259	6	115	6	P99	58	-0.001620	-0.001620	0.001478	0.001478
259	6	115	6	P999	58	-0.000375	-0.000375	0.002726	0.002726
259	7	126	7	P1	1	-0.003272	-0.003272	0.000086	0.000086
259	7	126	7	P50	1	-0.000613	-0.000656	0.002754	0.002710
259	7	126	7	P75	2	-0.000136	-0.000136	0.000676	0.000676
259	7	126	7	P90	13	0.003580	0.003580	0.003036	0.003036
259	7	126	7	P95	53	0.000059	0.000059	0.003168	0.003168
259	7	126	7	P99	58	-0.001620	-0.001620	0.001478	0.001478
259	7	126	7	P999	58	-0.000375	-0.000375	0.002726	0.002726
260	1	6	1	P1	1	-0.002275	-0.002275	0.001247	0.001247
260	1	6	1	P50	54	-0.000215	-0.981478	0.003165	-0.981412
260	1	6	1	P75	55	0.000127	0.000127	0.003507	0.003507
260	1	6	1	P90	56	0.000799	0.000799	0.000434	0.000434
260	1	6	1	P95	56	0.000799	0.000799	0.000434	0.000434
260	1	6	1	P99	56	0.000799	0.000799	0.000434	0.000434
260	1	6	1	P999	56	0.000799	0.000799	0.000434	0.000434
260	2	11	2	P1	1	-0.002275	-0.002275	0.001247	0.001247
260	2	11	2	P50	4	-0.001112	-0.001112	-0.001378	-0.001378
260	2	11	2	P75	54	-0.000215	-0.000215	0.003165	0.003165
260	2	11	2	P90	55	0.000127	0.000127	0.003507	0.003507
260	2	11	2	P95	56	0.000799	0.000799	0.000434	0.000434
260	2	11	2	P99	56	0.000799	0.000799	0.000434	0.000434
260	2	11	2	P999	56	0.000799	0.000799	0.000434	0.000434
260	3	32	3	P1	1	-0.003362	-0.003362	0.000156	0.000156
260	3	32	3	P50	1	-0.000875	-0.001031	0.002651	0.002495
260	3	32	3	P75	3	0.004352	-0.666595	0.000349	-0.665418
260	3	32	3	P90	4	0.000756	0.000756	0.000490	0.000490
260	3	32	3	P95	55	0.000127	0.000127	0.003507	0.003507
260	3	32	3	P99	56	0.000799	0.000799	0.000434	0.000434
260	3	32	3	P999	56	0.000799	0.000799	0.000434	0.000434
260	4	38	4	P1	1	-0.003362	-0.003362	0.000156	0.000156
260	4	38	4	P50	1	-0.000408	-0.000564	0.003120	0.002964
260	4	38	4	P75	4	0.000756	0.000756	0.000490	0.000490
260	4	38	4	P90	14	0.000257	0.000257	0.003689	0.003689
260	4	38	4	P95	55	0.000127	0.000127	0.003507	0.003507
260	4	38	4	P99	56	0.000799	0.000799	0.000434	0.000434
260	4	38	4	P999	56	0.000799	0.000799	0.000434	0.000434
260	5	44	5	P1	1	-0.002723	-0.002723	0.000156	0.000156
260	5	44	5	P50	1	0.000701	0.000545	0.003589	0.003432
260	5	44	5	P75	14	-0.000676	-0.067456	0.001815	-0.068610
260	5	44	5	P90	55	0.001216	0.001216	0.003507	0.003507
260	5	44	5	P95	57	-0.002722	-0.002722	-0.000444	-0.000444
260	5	44	5	P99	61	0.002356	0.002356	0.000886	0.000886
260	5	44	5	P999	61	0.002356	0.002356	0.000886	0.000886
260	6	50	6	P1	1	-0.002745	-0.002745	0.000134	0.000134
260	6	50	6	P50	1	0.000589	0.000456	0.003477	0.003343
260	6	50	6	P75	12	0.002067	0.002067	0.000839	0.000839
260	6	50	6	P90	55	0.001216	-0.017326	0.003507	-0.015074
260	6	50	6	P95	57	-0.002722	-0.002722	-0.000444	-0.000444
260	6	50	6	P99	61	0.002356	0.002356	0.000886	0.000886
260	6	50	6	P999	61	0.002356	0.002356	0.000886	0.000886
260	7	55	7	P1	1	-0.002745	-0.002745	0.000134	0.000134
260	7	55	7	P50	1	0.000857	0.000857	0.003745	0.003745
260	7	55	7	P75	12	0.000195	0.000195	-0.001030	-0.001030
260	7	55	7	P90	54	0.000872	0.000872	0.003165	0.003165
260	7	55	7	P95	57	-0.002722	-0.002722	-0.000444	-0.000444
260	7	55	7	P99	61	0.002356	0.002356	0.000886	0.000886
260	7	55	7	P999	61	0.002356	0.002356	0.000886	0.000886
261	1	30	1	P1	1	-0.002040	-0.002040	0.000150	0.000150
261	1	30	1	P50	1	0.000201	0.000052	0.002395	0.002245
261	1	30	1	P75	1	0.001249	0.001249	0.003445	0.003445
261	1	30	1	P90	4	-0.002572	-0.003814	-0.000756	-0.002000
261	1	30	1	P95	4	-0.001328	-0.001328	0.000490	0.000490
261	1	30	1	P99	5	-0.000134	-0.000134	0.001625	0.001625
261	1	30	1	P999	5	-0.000134	-0.000134	0.001625	0.001625
261	2	34	2	P1	1	-0.003559	-0.003559	0.000150	0.000150
261	2	34	2	P50	1	-0.001024	-0.001173	0.002695	0.002545
261	2	34	2	P75	3	-0.003357	-0.003357	0.000349	0.000349
261	2	34	2	P90	12	-0.001620	-0.001620	-0.001652	-0.001652
261	2	34	2	P95	12	0.000871	0.000871	0.000839	0.000839
261	2	34	2	P99	14	-0.000023	-0.000023	0.003689	0.003689
261	2	34	2	P999	14	-0.000023	-0.000023	0.003689	0.003689
261	3	38	3	P1	1	-0.003494	-0.003494	0.000150	0.000150
261	3	38	3	P50	1	-0.000659	-0.000809	0.002995	0.002845
261	3	38	3	P75	4	0.000599	0.000599	0.000490	0.000490
261	3	38	3	P90	53	0.001443	0.001443	0.001294	0.001294
261	3	38	3	P95	54	0.003315	0.003315	0.003165	0.003165
261	3	38	3	P99	55	-0.000088	-0.000088	0.003507	0.003507
261	3	38	3	P999	55	-0.000088	-0.000088	0.003507	0.003507
261	4	42	4	P1	1	-0.003515	-0.003515	0.000129	0.000129
261	4	42	4	P50	1	-0.000814	-0.000943	0.002840	0.002710
261	4	42	4	P75	4	-0.000647	-0.000647	-0.000756	-0.000756
261	4	42	4	P90	14	0.000073	0.000073	0.003689	0.003689
261	4	42	4	P95	53	0.003317	0.003317	0.003168	0.003168
261	4	42	4	P99	55	-0.000088	-0.000088	0.003507	0.003507
261	4	42	4	P999	55	-0.000088	-0.000088	0.003507	0.003507
261	5	49	5	P1	1	-0.003515	-0.003515	0.000129	0.000129
261	5	49	5	P50	1	-0.000428	-0.000428	0.003228	0.003228
261	5	49	5	P75	4	-0.001003	-0.001003	-0.001112	-0.001112
261	5	49	5	P90	14	0.000073	0.000073	0.003689	0.003689
261	5	49	5	P95	53	0.003317	0.003317	0.003168	0.003168
261	5	49	5	P99	55	-0.000088	-0.000088	0.003507	0.003507
261	5	49	5	P999	55	-0.000088	-0.000088	0.003507	0.003507
261	6	56	6	P1	1	-0.003540	-0.003540	0.000104	0.000104
261	6	56	6	P50	1	-0.000639	-0.000742	0.003016	0.002912
261	6	56	6	P75	4	-0.001536	-0.002069	-0.001645	-0.002178
261	6	56	6	P90	12	0.000965	0.000965	0.000839	0.000839
261	6	56	6	P95	53	0.003317	0.003317	0.003168	0.003168
261	6	56	6	P99	55	-0.000088	-0.000088	0.003507	0.003507
261	6	56	6	P999	55	-0.000088	-0.000088	0.003507	0.003507
261	7	58	7	P1	1	-0.003540	-0.003540	0.000104	0.000104
261	7	58	7	P50	1	-0.000535	-0.000639	0.003120	0.003016
261	7	58	7	P75	4	-0.001003	-0.001003	-0.001112	-0.001112
261	7	58	7	P90	13	0.003163	0.003163	0.003036	0.003036
261	7	58	7	P95	53	0.003317	0.003317	0.003168	0.003168
261	7	58	7	P99	55	-0.000088	-0.000088	0.003507	0.003507
261	7	58	7	P999	55	-0.000088	-0.000088	0.003507	0.003507
262	1	4	1	P1	1	-0.001493	-0.001493	0.001871	0.001871
262	1	4	1	P50	55	0.000400	-0.981811	0.003507	-0.981750
262	1	4	1	P75	58	-0.000375	-0.051345	0.002726	-0.048398
262	1	4	1	P90	58	-0.000375	-0.000375	0.002726	0.002726
262	1	4	1	P95	58	-0.000375	-0.000375	0.002726	0.002726
262	1	4	1	P99	58	-0.000375	-0.000375	0.002726	0.002726
262	1	4	1	P999	58	-0.000375	-0.000375	0.002726	0.002726
262	2	11	2	P1	1	-0.001493	-0.001493	0.001871	0.001871
262	2	11	2	P50	4	-0.000646	-0.000646	-0.001112	-0.001112
262	2	11	2	P75	4	0.000956	0.000956	0.000490	0.000490
262	2	11	2	P90	55	0.000400	0.000400	0.003507	0.003507
262	2	11	2	P95	58	-0.000375	-0.000375	0.002726	0.002726
262	2	11	2	P99	58	-0.000375	-0.000375	0.002726	0.002726
262	2	11	2	P999	58	-0.000375	-0.000375	0.002726	0.002726
262	3	15	3	P1	1	-0.002736	-0.002736	0.000623	0.000623
262	3	15	3	P50	4	-0.001713	-0.001713	-0.002178	-0.002178
262	3	15	3	P75	4	0.000422	0.000422	-0.000044	-0.000044
262	3	15	3	P90	55	0.000400	0.000400	0.003507	0.003507
262	3	15	3	P95	58	-0.000375	-0.000375	0.002726	0.002726
262	3	15	3	P99	58	-0.000375	-0.000375	0.002726	0.002726
262	3	15	3	P999	58	-0.000375	-0.000375	0.002726	0.002726
262	4	21	4	P1	1	-0.002736	-0.002736	0.000623	0.000623
262	4	21	4	P50	4	-0.001762	-0.001762	-0.002226	-0.002226
262	4	21	4	P75	4	-0.000064	-0.000064	-0.000529	-0.000529
262	4	21	4	P90	4	0.000956	0.000956	0.000490	0.000490
262	4	21	4	P95	55	0.000400	0.000400	0.003507	0.003507
262	4	21	4	P99	58	-0.000375	-0.000375	0.002726	0.002726
262	4	21	4	P999	58	-0.000375	-0.000375	0.002726	0.002726
262	5	28	5	P1	1	-0.002736	-0.002736	0.000623	0.000623
262	5	28	5	P50	4	-0.001713	-0.001980	-0.002178	-0.002444
262	5	28	5	P75	4	0.000155	-0.000112	-0.000311	-0.000578
262	5	28	5	P90	5	0.002107	0.002107	0.001625	0.001625
262	5	28	5	P95	55	0.000400	0.000400	0.003507	0.003507
262	5	28	5	P99	58	-0.000375	-0.000375	0.002726	0.002726
262	5	28	5	P999	58	-0.000375	-0.000375	0.002726	0.002726
262	6	31	6	P1	1	-0.002943	-0.002943	0.000415	0.000415
262	6	31	6	P50	4	-0.002246	-0.002246	-0.002710	-0.002710
262	6	31	6	P75	4	-0.000112	-0.000112	-0.000578	-0.000578
262	6	31	6	P90	4	0.000956	0.000956	0.000490	0.000490
262	6	31	6	P95	55	0.000400	0.000400	0.003507	0.003507
262	6	31	6	P99	58	-0.000375	-0.000375	0.002726	0.002726
262	6	31	6	P999	58	-0.000375	-0.000375	0.002726	0.002726
262	7	39	7	P1	1	-0.003071	-0.003071	0.000288	0.000288
262	7	39	7	P50	3	0.000796	0.000796	-0.001146	-0.001146
262	7	39	7	P75	4	-0.000646	-0.000646	-0.001112	-0.001112
262	7	39	7	P90	4	0.000956	0.000956	0.000490	0.000490
262	7	39	7	P95	55	0.000400	0.000400	0.003507	0.003507
262	7	39	7	P99	58	-0.000375	-0.000375	0.002726	0.002726
262	7	39	7	P999	58	-0.000375	-0.000375	0.002726	0.002726
263	1	15	0	P1	3	0.001106	0.001106	-0.002141	-0.002141
263	1	15	0	P50	4	-0.002178	-0.002178	-0.001689	-0.001689
263	1	15	0	P75	4	-0.000934	-0.000934	-0.000445	-0.000445
263	1	15	0	P90	4	-0.000311	-0.000311	0.000178	0.000178
263	1	15	0	P95	4	-0.000000	-0.000000	0.000490	0.000490
263	1	15	0	P99	4	-0.000000	-0.000000	0.000490	0.000490
263	1	15	0	P999	4	-0.000000	-0.000000	0.000490	0.000490
263	2	26	1	P1	1	-0.001947	-0.001947	0.000340	0.000340
263	2	26	1	P50	3	0.002078	0.000830	0.000349	-0.000897
263	2	26	1	P75	4	-0.003314	-0.003314	-0.001378	-0.001378
263	2	26	1	P90	4	-0.002071	-0.002071	-0.000133	-0.000133
263	2	26	1	P95	4	-0.001760	-0.001760	0.000178	0.000178
263	2	26	1	P99	4	-0.001449	-0.001449	0.000490	0.000490
263	2	26	1	P999	4	-0.001449	-0.001449	0.000490	0.000490
263	3	34	2	P1	1	-0.001947	-0.001947	0.000340	0.000340
263	3	34	2	P50	4	-0.004588	-0.004784	-0.002654	-0.002851
263	3	34	2	P75	4	-0.003020	-0.003020	-0.001083	-0.001083
263	3	34	2	P90	4	-0.002038	-0.002038	-0.000100	-0.000100
263	3	34	2	P95	4	-0.001645	-0.001645	0.000293	0.000293
263	3	34	2	P99	4	-0.001449	-0.001449	0.000490	0.000490
263	3	34	2	P999	4	-0.001449	-0.001449	0.000490	0.000490
263	4	41	3	P1	1	-0.001947	-0.001947	0.000340	0.000340
263	4	41	3	P50	4	-0.004837	-0.004837	-0.002904	-0.002904
263	4	41	3	P75	4	-0.003144	-0.003144	-0.001209	-0.001209
263	4	41	3	P90	4	-0.002127	-0.002127	-0.000190	-0.000190
263	4	41	3	P95	4	-0.001788	-0.001788	0.000150	0.000150
263	4	41	3	P99	4	-0.001449	-0.001449	0.000490	0.000490
263	4	41	3	P999	4	-0.001449	-0.001449	0.000490	0.000490
263	5	106	4	P1	1	-0.002184	-0.002184	0.000102	0.000102
263	5	106	4	P50	1	0.000477	0.000426	0.002769	0.002718
263	5	106	4	P75	3	-0.002408	-0.002408	-0.001519	-0.001519
263	5	106	4	P90	4	-0.003144	-0.003144	-0.001209	-0.001209
263	5	106	4	P95	4	-0.002297	-0.002297	-0.000360	-0.000360
263	5	106	4	P99	4	-0.001619	-0.001619	0.000320	0.000320
263	5	106	4	P999	4	-0.001449	-0.001449	0.000490	0.000490
263	6	115	5	P1	1	-0.002441	-0.002441	0.000102	0.000102
263	6	115	5	P50	1	0.000424	0.000424	0.002974	0.002974
263	6	115	5	P75	4	-0.004985	-0.004985	-0.002735	-0.002735
263	6	115	5	P90	4	-0.002107	-0.002107	0.000150	0.000150
263	6	115	5	P95	12	-0.003057	-0.003057	-0.001030	-0.001030
263	6	115	5	P99	14	0.001685	0.001685	0.003689	0.003689
263	6	115	5	P999	21	0.000002	0.000002	0.001919	0.001919
263	7	133	6	P1	1	-0.002452	-0.002452	0.000091	0.000091
263	7	133	6	P50	1	0.000509	0.000509	0.003059	0.003059
263	7	133	6	P75	3	-0.000723	-0.000723	-0.000586	-0.000586
263	7	133	6	P90	4	-0.002446	-0.002446	-0.000190	-0.000190
263	7	133	6	P95	11	-0.000172	-0.000172	0.001879	0.001879
263	7	133	6	P99	14	0.001685	0.001685	0.003689	0.003689
263	7	133	6	P999	21	0.000002	0.000002	0.001919	0.001919
264	1	8	1	P1	1	-0.002719	-0.002719	0.000935	0.000935
264	1	8	1	P50	52	-0.000081	-0.980768	0.003527	-0.980697
264	1	8	1	P75	55	0.001771	-0.014939	0.001633	-0.015074
264	1	8	1	P90	55	0.003645	0.003645	0.003507	0.003507
264	1	8	1	P95	55	0.003645	0.003645	0.003507	0.003507
264	1	8	1	P99	55	0.003645	0.003645	0.003507	0.003507
264	1	8	1	P999	55	0.003645	0.003645	0.003507	0.003507
264	2	10	2	P1	1	-0.002719	-0.002719	0.000935	0.000935
264	2	10	2	P50	4	0.000590	-0.246856	0.000490	-0.249738
264	2	10	2	P75	54	0.003302	0.003302	0.003165	0.003165
264	2	10	2	P90	55	0.003645	0.001771	0.003507	0.001633
264	2	10	2	P95	55	0.003645	0.003645	0.003507	0.003507
264	2	10	2	P99	55	0.003645	0.003645	0.003507	0.003507
264	2	10	2	P999	55	0.003645	0.003645	0.003507	0.003507
264	3	18	3	P1	1	-0.002719	-0.002719	0.000935	0.000935
264	3	18	3	P50	4	-0.001011	-0.001545	-0.001112	-0.001645
264	3	18	3	P75	5	0.001729	0.001729	0.001625	0.001625
264	3	18	3	P90	55	0.001771	0.001771	0.001633	0.001633
264	3	18	3	P95	55	0.003645	0.003645	0.003507	0.003507
264	3	18	3	P99	55	0.003645	0.003645	0.003507	0.003507
264	3	18	3	P999	55	0.003645	0.003645	0.003507	0.003507
264	4	26	4	P1	1	-0.002719	-0.002719	0.000935	0.000935
264	4	26	4	P50	4	-0.001787	-0.002126	-0.001887	-0.002226
264	4	26	4	P75	4	0.000250	0.000250	0.000150	0.000150
264	4	26	4	P90	54	0.003302	0.003302	0.003165	0.003165
264	4	26	4	P95	55	0.001771	0.001771	0.001633	0.001633
264	4	26	4	P99	55	0.003645	0.003645	0.003507	0.003507
264	4	26	4	P999	55	0.003645	0.003645	0.003507	0.003507
264	5	31	5	P1	1	-0.002719	-0.002719	0.000935	0.000935
264	5	31	5	P50	4	-0.002283	-0.002283	-0.002383	-0.002383
264	5	31	5	P75	4	0.000015	0.000015	-0.000085	-0.000085
264	5	31	5	P90	52	-0.000081	-0.000081	0.003527	0.003527
264	5	31	5	P95	55	0.001771	0.001771	0.001633	0.001633
264	5	31	5	P99	55	0.003645	0.003645	0.003507	0.003507
264	5	31	5	P999	55	0.003645	0.003645	0.003507	0.003507
264	6	36	6	P1	1	-0.002719	-0.002719	0.000935	0.000935
264	6	36	6	P50	4	-0.002397	-0.002646	-0.002497	-0.002746
264	6	36	6	P75	4	-0.000157	-0.000407	-0.000258	-0.000507
264	6	36	6	P90	52	-0.000081	-0.000081	0.003527	0.003527
264	6	36	6	P95	55	0.001771	0.001771	0.001633	0.001633
264	6	36	6	P99	55	0.003645	0.003645	0.003507	0.003507
264	6	36	6	P999	55	0.003645	0.003645	0.003507	0.003507
264	7	41	7	P1	1	-0.002719	-0.002719	0.000935	0.000935
264	7	41	7	P50	4	-0.002162	-0.002162	-0.002262	-0.002262
264	7	41	7	P75	4	-0.000197	-0.000197	-0.000297	-0.000297
264	7	41	7	P90	5	0.001729	0.001729	0.001625	0.001625
264	7	41	7	P95	54	0.003302	0.003302	0.003165	0.003165
264	7	41	7	P99	55	0.003645	0.003645	0.003507	0.003507
264	7	41	7	P999	55	0.003645	0.003645	0.003507	0.003507
265	1	8	1	P1	1	-0.000945	-0.000945	0.001247	0.001247
265	1	8	1	P50	3	-0.001546	-0.003411	0.000349	-0.001519
265	1	8	1	P75	4	-0.002572	-0.003814	-0.000756	-0.002000
265	1	8	1	P90	4	-0.001328	-0.001328	0.000490	0.000490
265	1	8	1	P95	4	-0.001328	-0.001328	0.000490	0.000490
265	1	8	1	P99	4	-0.001328	-0.001328	0.000490	0.000490
265	1	8	1	P999	4	-0.001328	-0.001328	0.000490	0.000490
265	2	10	2	P1	1	-0.001256	-0.001256	0.000935	0.000935
265	2	10	2	P50	3	-0.003411	-0.330763	-0.001519	-0.331923
265	2	10	2	P75	4	-0.003814	-0.003814	-0.002000	-0.002000
265	2	10	2	P90	4	-0.001328	-0.002572	0.000490	-0.000756
265	2	10	2	P95	4	-0.001328	-0.001328	0.000490	0.000490
265	2	10	2	P99	4	-0.001328	-0.001328	0.000490	0.000490
265	2	10	2	P999	4	-0.001328	-0.001328	0.000490	0.000490
265	3	15	3	P1	1	-0.001353	-0.001353	0.000935	0.000935
265	3	15	3	P50	4	-0.004710	-0.004710	-0.002777	-0.002777
265	3	15	3	P75	4	-0.002848	-0.002848	-0.000911	-0.000911
265	3	15	3	P90	4	-0.001915	-0.001915	0.000023	0.000023
265	3	15	3	P95	4	-0.001449	-0.001449	0.000490	0.000490
265	3	15	3	P99	4	-0.001449	-0.001449	0.000490	0.000490
265	3	15	3	P999	4	-0.001449	-0.001449	0.000490	0.000490
265	4	20	4	P1	1	-0.001353	-0.001353	0.000935	0.000935
265	4	20	4	P50	4	-0.004803	-0.251247	-0.002870	-0.249738
265	4	20	4	P75	4	-0.002941	-0.003314	-0.001005	-0.001378
265	4	20	4	P90	4	-0.001822	-0.002195	0.000116	-0.000258
265	4	20	4	P95	4	-0.001449	-0.001822	0.000490	0.000116
265	4	20	4	P99	4	-0.001449	-0.001449	0.000490	0.000490
265	4	20	4	P999	4	-0.001449	-0.001449	0.000490	0.000490
265	5	24	5	P1	1	-0.001353	-0.001353	0.000935	0.000935
265	5	24	5	P50	4	-0.004603	-0.004889	-0.002669	-0.002956
265	5	24	5	P75	4	-0.002884	-0.003170	-0.000947	-0.001235
265	5	24	5	P90	4	-0.002023	-0.002023	-0.000085	-0.000085
265	5	24	5	P95	4	-0.001736	-0.001736	0.000202	0.000202
265	5	24	5	P99	4	-0.001449	-0.001449	0.000490	0.000490
265	5	24	5	P999	4	-0.001449	-0.001449	0.000490	0.000490
265	6	28	6	P1	1	-0.001353	-0.001353	0.000935	0.000935
265	6	28	6	P50	4	-0.004300	-0.004519	-0.002366	-0.002585
265	6	28	6	P75	4	-0.002766	-0.002985	-0.000829	-0.001049
265	6	28	6	P90	4	-0.001888	-0.001888	0.000050	0.000050
265	6	28	6	P95	4	-0.001668	-0.001668	0.000270	0.000270
265	6	28	6	P99	4	-0.001449	-0.001449	0.000490	0.000490
265	6	28	6	P999	4	-0.001449	-0.001449	0.000490	0.000490
265	7	32	7	P1	1	-0.001353	-0.001353	0.000935	0.000935
265	7	32	7	P50	4	-0.004112	-0.004289	-0.002178	-0.002355
265	7	32	7	P75	4	-0.002693	-0.002870	-0.000756	-0.000934
265	7	32	7	P90	4	-0.001982	-0.001982	-0.000044	-0.000044
265	7	32	7	P95	4	-0.001627	-0.001627	0.000312	0.000312
265	7	32	7	P99	4	-0.001449	-0.001449	0.000490	0.000490
265	7	32	7	P999	4	-0.001449	-0.001449	0.000490	0.000490
266	1	6	0	P1	3	-0.001867	-0.001867	-0.001519	-0.001519
266	1	6	0	P50	4	-0.001726	-0.002659	-0.001378	-0.002311
266	1	6	0	P75	4	-0.000793	-0.000793	-0.000445	-0.000445
266	1	6	0	P90	4	0.000141	0.000141	0.000490	0.000490
266	1	6	0	P95	4	0.000141	0.000141	0.000490	0.000490
266	1	6	0	P99	4	0.000141	0.000141	0.000490	0.000490
266	1	6	0	P999	4	0.000141	0.000141	0.000490	0.000490
266	2	10	1	P1	3	-0.000737	-0.000737	-0.002141	-0.002141
266	2	10	1	P50	4	-0.000820	-0.001754	-0.001378	-0.002000
266	2	10	1	P75	4	0.001050	0.001050	-0.000133	-0.000133
266	2	10	1	P90	5	-0.000552	-0.198411	0.001625	-0.199608
266	2	10	1	P95	5	-0.000552	-0.000552	0.001625	0.001625
266	2	10	1	P99	5	-0.000552	-0.000552	0.001625	0.001625
266	2	10	1	P999	5	-0.000552	-0.000552	0.001625	0.001625
266	3	14	2	P1	3	-0.001360	-0.001360	-0.002762	-0.002762
266	3	14	2	P50	4	-0.001754	-0.003618	-0.002178	-0.002710
266	3	14	2	P75	4	0.000488	0.000488	-0.000578	-0.000578
266	3	14	2	P90	4	0.001986	0.001986	0.000490	0.000490
266	3	14	2	P95	5	-0.000552	-0.000552	0.001625	0.001625
266	3	14	2	P99	5	-0.000552	-0.000552	0.001625	0.001625
266	3	14	2	P999	5	-0.000552	-0.000552	0.001625	0.001625
266	4	18	3	P1	3	-0.001449	-0.001449	-0.002851	-0.002851
266	4	18	3	P50	4	-0.002686	-0.003618	-0.002000	-0.002415
266	4	18	3	P75	4	0.000488	0.000488	-0.000341	-0.000341
266	4	18	3	P90	5	-0.002419	-0.002419	-0.000245	-0.000245
266	4	18	3	P95	5	-0.000552	-0.000552	0.001625	0.001625
266	4	18	3	P99	5	-0.000552	-0.000552	0.001625	0.001625
266	4	18	3	P999	5	-0.000552	-0.000552	0.001625	0.001625
266	5	22	4	P1	3	-0.001567	-0.001567	-0.002969	-0.002969
266	5	22	4	P50	4	-0.003618	-0.004239	-0.002226	-0.002565
266	5	22	4	P75	4	-0.000259	-0.000259	-0.000529	-0.000529
266	5	22	4	P90	4	0.001986	0.001986	0.000490	0.000490
266	5	22	4	P95	5	-0.002419	-0.002419	-0.000245	-0.000245
266	5	22	4	P99	5	-0.000552	-0.000552	0.001625	0.001625
266	5	22	4	P999	5	-0.000552	-0.000552	0.001625	0.001625
266	6	26	5	P1	3	-0.001567	-0.001567	-0.002969	-0.002969
266	6	26	5	P50	4	-0.003618	-0.003991	-0.002000	-0.002249
266	6	26	5	P75	4	-0.001007	-0.001007	-0.000507	-0.000507
266	6	26	5	P90	4	0.001986	0.001986	0.000490	0.000490
266	6	26	5	P95	5	-0.002419	-0.002419	-0.000245	-0.000245
266	6	26	5	P99	5	-0.000552	-0.000552	0.001625	0.001625
266	6	26	5	P999	5	-0.000552	-0.000552	0.001625	0.001625
266	7	30	6	P1	3	-0.001567	-0.001567	-0.002969	-0.002969
266	7	30	6	P50	4	-0.003618	-0.003884	-0.001869	-0.002066
266	7	30	6	P75	4	-0.001754	-0.001754	-0.000494	-0.000494
266	7	30	6	P90	4	0.001986	0.001237	0.000490	0.000293
266	7	30	6	P95	5	-0.002419	-0.002419	-0.000245	-0.000245
266	7	30	6	P99	5	-0.000552	-0.000552	0.001625	0.001625
266	7	30	6	P999	5	-0.000552	-0.000552	0.001625	0.001625
267	1	8	1	P1	3	-0.001049	-0.001049	-0.002452	-0.002452
267	1	8	1	P50	4	-0.004239	-0.248682	-0.002311	-0.249738
267	1	8	1	P75	4	-0.001754	-0.002997	-0.000445	-0.001378
267	1	8	1	P90	4	0.001986	0.001986	0.000490	0.000490
267	1	8	1	P95	4	0.001986	0.001986	0.000490	0.000490
267	1	8	1	P99	4	0.001986	0.001986	0.000490	0.000490
267	1	8	1	P999	4	0.001986	0.001986	0.000490	0.000490
267	2	12	2	P1	3	-0.001360	-0.001360	-0.002762	-0.002762
267	2	12	2	P50	4	-0.004239	-0.248682	-0.002622	-0.249738
267	2	12	2	P75	4	-0.000509	-0.001754	-0.000756	-0.001378
267	2	12	2	P90	4	0.000738	0.000738	-0.000133	-0.000133
267	2	12	2	P95	4	0.001986	0.001986	0.000490	0.000490
267	2	12	2	P99	4	0.001986	0.001986	0.000490	0.000490
267	2	12	2	P999	4	0.001986	0.001986	0.000490	0.000490
267	3	16	3	P1	3	-0.001515	-0.001515	-0.002918	-0.002918
267	3	16	3	P50	4	-0.004735	-0.248682	-0.002777	-0.249738
267	3	16	3	P75	4	-0.001754	-0.002500	-0.000911	-0.001378
267	3	16	3	P90	4	0.000738	0.000738	0.000023	0.000023
267	3	16	3	P95	4	0.001986	0.001986	0.000490	0.000490
267	3	16	3	P99	4	0.001986	0.001986	0.000490	0.000490
267	3	16	3	P999	4	0.001986	0.001986	0.000490	0.000490
267	4	18	4	P1	3	-0.001609	-0.001609	-0.003011	-0.003011
267	4	18	4	P50	3	0.001757	0.001382	0.000349	-0.000025
267	4	18	4	P75	4	-0.002500	-0.002500	-0.001378	-0.001378
267	4	18	4	P90	4	0.000738	0.000738	0.000023	0.000023
267	4	18	4	P95	4	0.001986	0.001986	0.000490	0.000490
267	4	18	4	P99	4	0.001986	0.001986	0.000490	0.000490
267	4	18	4	P999	4	0.001986	0.001986	0.000490	0.000490
267	5	20	5	P1	3	-0.001907	-0.001907	-0.003011	-0.003011
267	5	20	5	P50	4	-0.005047	-0.248907	-0.002777	-0.249738
267	5	20	5	P75	4	-0.000822	-0.002066	-0.000445	-0.000911
267	5	20	5	P90	51	-0.001402	-0.921438	0.000511	-0.921530
267	5	20	5	P95	56	-0.001455	-0.090563	0.000434	-0.088820
267	5	20	5	P99	56	-0.001455	-0.001455	0.000434	0.000434
267	5	20	5	P999	56	-0.001455	-0.001455	0.000434	0.000434
267	6	23	6	P1	3	-0.001907	-0.001907	-0.003011	-0.003011
267	6	23	6	P50	4	-0.004303	-0.004303	-0.002311	-0.002311
267	6	23	6	P75	4	0.001672	0.001672	0.000490	0.000490
267	6	23	6	P90	37	0.001699	0.001699	0.003699	0.003699
267	6	23	6	P95	51	-0.001402	-0.001402	0.000511	0.000511
267	6	23	6	P99	56	-0.001455	-0.001455	0.000434	0.000434
267	6	23	6	P999	56	-0.001455	-0.001455	0.000434	0.000434
267	7	39	7	P1	3	-0.002716	-0.002716	-0.003011	-0.003011
267	7	39	7	P50	36	-0.001975	-0.001975	0.001188	0.001188
267	7	39	7	P75	56	-0.001745	-0.001745	-0.001807	-0.001807
267	7	39	7	P90	60	-0.000644	-0.000644	0.002466	0.002466
267	7	39	7	P95	66	0.001244	0.001244	0.000602	0.000602
267	7	39	7	P99	69	0.001653	0.001653	0.001006	0.001006
267	7	39	7	P999	69	0.001653	0.001653	0.001006	0.001006
268	1	22	1	P1	66	0.001235	0.001235	0.000602	0.000602
268	1	22	1	P50	204	0.001704	-0.013163	0.001002	-0.013854
268	1	22	1	P75	218	0.002618	0.002618	0.001911	0.001911
268	1	22	1	P90	224	-0.000238	-0.000238	-0.000944	-0.000944
268	1	22	1	P95	224	0.001633	0.001633	0.000925	0.000925
268	1	22	1	P99	250	0.000224	0.000224	0.003253	0.003253
268	1	22	1	P999	250	0.000224	0.000224	0.003253	0.003253
268	2	32	2	P1	66	0.001235	0.001235	0.000602	0.000602
268	2	32	2	P50	191	-0.001606	-0.003470	0.001434	-0.004165
268	2	32	2	P75	213	-0.002216	-0.004079	0.000816	-0.001053
268	2	32	2	P90	221	0.000162	0.000162	0.003199	0.003199
268	2	32	2	P95	224	0.001633	0.001633	0.000925	0.000925
268	2	32	2	P99	250	0.000224	0.000224	0.003253	0.003253
268	2	32	2	P999	250	0.000224	0.000224	0.003253	0.003253
268	3	356	3	P1	1	-0.000742	-0.000742	0.000157	0.000157
268	3	356	3	P50	7	0.000017	-0.000023	0.000575	0.000535
268	3	356	3	P75	8	0.001523	0.001473	0.002058	0.002008
268	3	356	3	P90	10	0.002416	0.002416	0.002912	0.002912
268	3	356	3	P95	100	-0.000090	-0.000090	0.003745	0.003745
268	3	356	3	P99	221	-0.000495	-0.000495	0.003199	0.003199
268	3	356	3	P999	250	-0.000419	-0.000419	0.003253	0.003253
268	4	584	4	P1	1	-0.000663	-0.000663	0.000236	0.000236
268	4	584	4	P50	9	0.001681	0.001574	-0.001544	-0.001651
268	4	584	4	P75	13	-0.004436	-0.004486	-0.000258	-0.000308
268	4	584	4	P90	15	0.000975	0.000975	0.001399	0.001399
268	4	584	4	P95	77	-0.000429	-0.000429	0.003451	0.003451
268	4	584	4	P99	219	0.001119	0.001119	0.001071	0.001071
268	4	584	4	P999	608	0.000658	0.000658	0.000431	0.000431
268	5	620	5	P1	1	-0.002648	-0.002648	0.000200	0.000200
268	5	620	5	P50	8	0.002898	0.002848	0.002407	0.002357
268	5	620	5	P75	12	0.001354	0.001315	0.000839	0.000800
268	5	620	5	P90	15	0.001064	0.000776	0.000535	0.000248
268	5	620	5	P95	77	-0.001530	-0.036366	0.001578	-0.036971
268	5	620	5	P99	218	0.002608	0.002608	0.001911	0.001911
268	5	620	5	P999	608	0.001192	0.001192	0.000431	0.000431
268	6	666	6	P1	1	-0.003055	-0.003055	0.000148	0.000148
268	6	666	6	P50	8	0.001749	0.001699	0.001259	0.001209
268	6	666	6	P75	12	0.000881	0.000881	0.000367	0.000367
268	6	666	6	P90	15	-0.000374	-0.000374	-0.000902	-0.000902
268	6	666	6	P95	63	0.002888	0.002888	0.002269	0.002269
268	6	666	6	P99	218	0.002608	0.002608	0.001911	0.001911
268	6	666	6	P999	608	0.001192	0.001192	0.000431	0.000431
268	7	709	7	P1	1	-0.003135	-0.003135	0.000136	0.000136
268	7	709	7	P50	8	0.000651	0.000651	0.000162	0.000162
268	7	709	7	P75	12	0.000448	0.000448	-0.000066	-0.000066
268	7	709	7	P90	14	0.000095	0.000095	0.003314	0.003314
268	7	709	7	P95	53	0.000032	0.000032	0.003168	0.003168
268	7	709	7	P99	213	-0.000359	-0.000359	0.002688	0.002688
268	7	709	7	P999	608	0.001192	0.001192	0.000431	0.000431
269	1	60	0	P1	1	-0.003669	-0.003669	0.000062	0.000062
269	1	60	0	P50	1	-0.001805	-0.001867	0.001933	0.001871
269	1	60	0	P75	1	-0.000872	-0.000934	0.002870	0.002807
269	1	60	0	P90	1	-0.000311	-0.000374	0.003432	0.003370
269	1	60	0	P95	1	-0.000125	-0.000187	0.003620	0.003557
269	1	60	0	P99	1	-0.000000	-0.000000	0.003745	0.003745
269	1	60	0	P999	1	-0.000000	-0.000000	0.003745	0.003745
269	2	102	0	P1	1	-0.003658	-0.003658	0.000073	0.000073
269	2	102	0	P50	1	-0.001831	-0.001867	0.001907	0.001871
269	2	102	0	P75	1	-0.000916	-0.000916	0.002826	0.002826
269	2	102	0	P90	1	-0.000366	-0.000366	0.003377	0.003377
269	2	102	0	P95	1	-0.000183	-0.000183	0.003561	0.003561
269	2	102	0	P99	1	-0.000037	-0.000037	0.003708	0.003708
269	2	102	0	P999	1	-0.000000	-0.000000	0.003745	0.003745
269	3	143	0	P1	1	-0.003679	-0.003679	0.000052	0.000052
269	3	143	0	P50	1	-0.001854	-0.001854	0.001884	0.001884
269	3	143	0	P75	1	-0.000914	-0.000914	0.002827	0.002827
269	3	143	0	P90	1	-0.000366	-0.000366	0.003378	0.003378
269	3	143	0	P95	1	-0.000183	-0.000183	0.003561	0.003561
269	3	143	0	P99	1	-0.000026	-0.000026	0.003719	0.003719
269	3	143	0	P999	1	-0.000000	-0.000000	0.003745	0.003745
269	4	185	0	P1	1	-0.003691	-0.003691	0.000040	0.000040
269	4	185	0	P50	1	-0.001857	-0.001857	0.001881	0.001881
269	4	185	0	P75	1	-0.000929	-0.000929	0.002812	0.002812
269	4	185	0	P90	1	-0.000364	-0.000364	0.003380	0.003380
269	4	185	0	P95	1	-0.000182	-0.000182	0.003562	0.003562
269	4	185	0	P99	1	-0.000020	-0.000020	0.003725	0.003725
269	4	185	0	P999	1	-0.000000	-0.000000	0.003745	0.003745
269	5	235	0	P1	1	-0.003683	-0.003683	0.000048	0.000048
269	5	235	0	P50	1	-0.001859	-0.001859	0.001879	0.001879
269	5	235	0	P75	1	-0.000922	-0.000922	0.002819	0.002819
269	5	235	0	P90	1	-0.000366	-0.000366	0.003378	0.003378
269	5	235	0	P95	1	-0.000175	-0.000175	0.003569	0.003569
269	5	235	0	P99	1	-0.000032	-0.000032	0.003713	0.003713
269	5	235	0	P999	1	-0.000000	-0.000000	0.003745	0.003745
269	6	275	0	P1	1	-0.003690	-0.003690	0.000041	0.000041
269	6	275	0	P50	1	-0.001860	-0.001860	0.001878	0.001878
269	6	275	0	P75	1	-0.000924	-0.000924	0.002818	0.002818
269	6	275	0	P90	1	-0.000367	-0.000367	0.003377	0.003377
269	6	275	0	P95	1	-0.000177	-0.000177	0.003568	0.003568
269	6	275	0	P99	1	-0.000027	-0.000027	0.003718	0.003718
269	6	275	0	P999	1	-0.000000	-0.000000	0.003745	0.003745
269	7	311	0	P1	1	-0.003683	-0.003683	0.000048	0.000048
269	7	311	0	P50	1	-0.001861	-0.001861	0.001877	0.001877
269	7	311	0	P75	1	-0.000925	-0.000925	0.002816	0.002816
269	7	311	0	P90	1	-0.000373	-0.000373	0.003371	0.003371
269	7	311	0	P95	1	-0.000180	-0.000180	0.003564	0.003564
269	7	311	0	P99	1	-0.000036	-0.000036	0.003709	0.003709
269	7	311	0	P999	1	-0.000000	-0.000000	0.003745	0.003745
270	1	65	0	P1	1	-0.003674	-0.003674	0.000058	0.000058
270	1	65	0	P50	1	-0.001839	-0.001839	0.001900	0.001900
270	1	65	0	P75	1	-0.000920	-0.000920	0.002822	0.002822
270	1	65	0	P90	1	-0.000345	-0.000345	0.003399	0.003399
270	1	65	0	P95	1	-0.000173	-0.000173	0.003572	0.003572
270	1	65	0	P99	1	-0.000000	-0.000000	0.003745	0.003745
270	1	65	0	P999	1	-0.000000	-0.000000	0.003745	0.003745
270	2	108	0	P1	1	-0.003662	-0.003662	0.000069	0.000069
270	2	108	0	P50	1	-0.001833	-0.001867	0.001905	0.001871
270	2	108	0	P75	1	-0.000899	-0.000934	0.002842	0.002807
270	2	108	0	P90	1	-0.000346	-0.000346	0.003398	0.003398
270	2	108	0	P95	1	-0.000173	-0.000173	0.003571	0.003571
270	2	108	0	P99	1	-0.000035	-0.000035	0.003710	0.003710
270	2	108	0	P999	1	-0.000000	-0.000000	0.003745	0.003745
270	3	143	0	P1	1	-0.003679	-0.003679	0.000052	0.000052
270	3	143	0	P50	1	-0.001854	-0.001854	0.001884	0.001884
270	3	143	0	P75	1	-0.000914	-0.000914	0.002827	0.002827
270	3	143	0	P90	1	-0.000366	-0.000366	0.003378	0.003378
270	3	143	0	P95	1	-0.000183	-0.000183	0.003561	0.003561
270	3	143	0	P99	1	-0.000026	-0.000026	0.003719	0.003719
270	3	143	0	P999	1	-0.000000	-0.000000	0.003745	0.003745
270	4	191	0	P1	1	-0.003692	-0.003692	0.000039	0.000039
270	4	191	0	P50	1	-0.001857	-0.001857	0.001881	0.001881
270	4	191	0	P75	1	-0.000919	-0.000919	0.002822	0.002822
270	4	191	0	P90	1	-0.000372	-0.000372	0.003372	0.003372
270	4	191	0	P95	1	-0.000176	-0.000176	0.003568	0.003568
270	4	191	0	P99	1	-0.000020	-0.000020	0.003725	0.003725
270	4	191	0	P999	1	-0.000000	-0.000000	0.003745	0.003745
270	5	234	0	P1	1	-0.003683	-0.003683	0.000048	0.000048
270	5	234	0	P50	1	-0.001851	-0.001867	0.001887	0.001871
270	5	234	0	P75	1	-0.000926	-0.000926	0.002815	0.002815
270	5	234	0	P90	1	-0.000367	-0.000367	0.003376	0.003376
270	5	234	0	P95	1	-0.000176	-0.000176	0.003569	0.003569
270	5	234	0	P99	1	-0.000032	-0.000032	0.003713	0.003713
270	5	234	0	P999	1	-0.000000	-0.000000	0.003745	0.003745
270	6	268	0	P1	1	-0.003689	-0.003689	0.000042	0.000042
270	6	268	0	P50	1	-0.001853	-0.001867	0.001885	0.001871
270	6	268	0	P75	1	-0.000920	-0.000934	0.002821	0.002807
270	6	268	0	P90	1	-0.000363	-0.000363	0.003381	0.003381
270	6	268	0	P95	1	-0.000181	-0.000181	0.003563	0.003563
270	6	268	0	P99	1	-0.000028	-0.000028	0.003717	0.003717
270	6	268	0	P999	1	-0.000000	-0.000000	0.003745	0.003745
270	7	306	0	P1	1	-0.003682	-0.003682	0.000049	0.000049
270	7	306	0	P50	1	-0.001855	-0.001867	0.001883	0.001871
270	7	306	0	P75	1	-0.000928	-0.000928	0.002814	0.002814
270	7	306	0	P90	1	-0.000366	-0.000366	0.003377	0.003377
270	7	306	0	P95	1	-0.000183	-0.000183	0.003561	0.003561
270	7	306	0	P99	1	-0.000037	-0.000037	0.003708	0.003708
270	7	306	0	P999	1	-0.000000	-0.000000	0.003745	0.003745
271	1	76	0	P1	1	-0.003682	-0.003682	0.000049	0.000049
271	1	76	0	P50	1	-0.001818	-0.001867	0.001920	0.001871
271	1	76	0	P75	1	-0.000885	-0.000934	0.002857	0.002807
271	1	76	0	P90	1	-0.000344	-0.000344	0.003399	0.003399
271	1	76	0	P95	1	-0.000148	-0.000148	0.003597	0.003597
271	1	76	0	P99	1	-0.000000	-0.000000	0.003745	0.003745
271	1	76	0	P999	1	-0.000000	-0.000000	0.003745	0.003745
271	2	110	0	P1	1	-0.003663	-0.003663	0.000068	0.000068
271	2	110	0	P50	1	-0.001833	-0.001867	0.001905	0.001871
271	2	110	0	P75	1	-0.000917	-0.000917	0.002824	0.002824
271	2	110	0	P90	1	-0.000340	-0.000374	0.003404	0.003370
271	2	110	0	P95	1	-0.000170	-0.000170	0.003574	0.003574
271	2	110	0	P99	1	-0.000034	-0.000034	0.003711	0.003711
271	2	110	0	P999	1	-0.000000	-0.000000	0.003745	0.003745
271	3	147	0	P1	1	-0.003680	-0.003680	0.000051	0.000051
271	3	147	0	P50	1	-0.001855	-0.001855	0.001883	0.001883
271	3	147	0	P75	1	-0.000915	-0.000915	0.002827	0.002827
271	3	147	0	P90	1	-0.000356	-0.000356	0.003388	0.003388
271	3	147	0	P95	1	-0.000178	-0.000178	0.003566	0.003566
271	3	147	0	P99	1	-0.000025	-0.000025	0.003719	0.003719
271	3	147	0	P999	1	-0.000000	-0.000000	0.003745	0.003745
271	4	161	0	P1	1	-0.003685	-0.003685	0.000046	0.000046
271	4	161	0	P50	1	-0.001856	-0.001856	0.001882	0.001882
271	4	161	0	P75	1	-0.000928	-0.000928	0.002813	0.002813
271	4	161	0	P90	1	-0.000371	-0.000371	0.003372	0.003372
271	4	161	0	P95	1	-0.000186	-0.000186	0.003559	0.003559
271	4	161	0	P99	1	-0.000023	-0.000023	0.003722	0.003722
271	4	161	0	P999	1	-0.000000	-0.000000	0.003745	0.003745
271	5	184	0	P1	1	-0.003691	-0.003691	0.000041	0.000041
271	5	184	0	P50	1	-0.001847	-0.001867	0.001891	0.001871
271	5	184	0	P75	1	-0.000914	-0.000934	0.002828	0.002807
271	5	184	0	P90	1	-0.000366	-0.000366	0.003378	0.003378
271	5	184	0	P95	1	-0.000183	-0.000183	0.003561	0.003561
271	5	184	0	P99	1	-0.000020	-0.000020	0.003725	0.003725
271	5	184	0	P999	1	-0.000000	-0.000000	0.003745	0.003745
271	6	204	0	P1	1	-0.003676	-0.003676	0.000055	0.000055
271	6	204	0	P50	1	-0.001849	-0.001867	0.001889	0.001871
271	6	204	0	P75	1	-0.000916	-0.000934	0.002826	0.002807
271	6	204	0	P90	1	-0.000366	-0.000366	0.003377	0.003377
271	6	204	0	P95	1	-0.000183	-0.000183	0.003561	0.003561
271	6	204	0	P99	1	-0.000037	-0.000037	0.003708	0.003708
271	6	204	0	P999	1	-0.000000	-0.000000	0.003745	0.003745
271	7	220	0	P1	1	-0.003680	-0.003680	0.000051	0.000051
271	7	220	0	P50	1	-0.001850	-0.001867	0.001888	0.001871
271	7	220	0	P75	1	-0.000917	-0.000934	0.002824	0.002807
271	7	220	0	P90	1	-0.000357	-0.000374	0.003387	0.003370
271	7	220	0	P95	1	-0.000170	-0.000187	0.003574	0.003557
271	7	220	0	P99	1	-0.000034	-0.000034	0.003711	0.003711
271	7	220	0	P999	1	-0.000000	-0.000000	0.003745	0.003745
272	1	23	0	P1	1	-0.003569	-0.003569	0.000163	0.000163
272	1	23	0	P50	1	-0.001786	-0.001786	0.001952	0.001952
272	1	23	0	P75	1	-0.000812	-0.000812	0.002930	0.002930
272	1	23	0	P90	1	-0.000325	-0.000325	0.003419	0.003419
272	1	23	0	P95	1	-0.000163	-0.000163	0.003582	0.003582
272	1	23	0	P99	1	-0.000000	-0.000000	0.003745	0.003745
272	1	23	0	P999	1	-0.000000	-0.000000	0.003745	0.003745
272	2	58	0	P1	1	-0.003667	-0.003667	0.000064	0.000064
272	2	58	0	P50	1	-0.001803	-0.001867	0.001935	0.001871
272	2	58	0	P75	1	-0.000902	-0.000902	0.002840	0.002840
272	2	58	0	P90	1	-0.000322	-0.000322	0.003422	0.003422
272	2	58	0	P95	1	-0.000129	-0.000129	0.003616	0.003616
272	2	58	0	P99	1	-0.000000	-0.000000	0.003745	0.003745
272	2	58	0	P999	1	-0.000000	-0.000000	0.003745	0.003745
272	3	92	0	P1	1	-0.003691	-0.003691	0.000041	0.000041
272	3	92	0	P50	1	-0.001827	-0.001867	0.001911	0.001871
272	3	92	0	P75	1	-0.000893	-0.000934	0.002848	0.002807
272	3	92	0	P90	1	-0.000366	-0.000366	0.003378	0.003378
272	3	92	0	P95	1	-0.000163	-0.000163	0.003582	0.003582
272	3	92	0	P99	1	-0.000000	-0.000000	0.003745	0.003745
272	3	92	0	P999	1	-0.000000	-0.000000	0.003745	0.003745
272	4	133	0	P1	1	-0.003675	-0.003675	0.000056	0.000056
272	4	133	0	P50	1	-0.001853	-0.001853	0.001885	0.001885
272	4	133	0	P75	1	-0.000927	-0.000927	0.002814	0.002814
272	4	133	0	P90	1	-0.000365	-0.000365	0.003378	0.003378
272	4	133	0	P95	1	-0.000169	-0.000169	0.003576	0.003576
272	4	133	0	P99	1	-0.000028	-0.000028	0.003717	0.003717
272	4	133	0	P999	1	-0.000000	-0.000000	0.003745	0.003745
272	5	157	0	P1	1	-0.003684	-0.003684	0.000048	0.000048
272	5	157	0	P50	1	-0.001855	-0.001855	0.001883	0.001883
272	5	157	0	P75	1	-0.000928	-0.000928	0.002813	0.002813
272	5	157	0	P90	1	-0.000357	-0.000357	0.003387	0.003387
272	5	157	0	P95	1	-0.000167	-0.000167	0.003578	0.003578
272	5	157	0	P99	1	-0.000024	-0.000024	0.003721	0.003721
272	5	157	0	P999	1	-0.000000	-0.000000	0.003745	0.003745
272	6	188	0	P1	1	-0.003691	-0.003691	0.000040	0.000040
272	6	188	0	P50	1	-0.001847	-0.001867	0.001891	0.001871
272	6	188	0	P75	1	-0.000914	-0.000934	0.002827	0.002807
272	6	188	0	P90	1	-0.000358	-0.000358	0.003386	0.003386
272	6	188	0	P95	1	-0.000179	-0.000179	0.003565	0.003565
272	6	188	0	P99	1	-0.000020	-0.000020	0.003725	0.003725
272	6	188	0	P999	1	-0.000000	-0.000000	0.003745	0.003745
272	7	220	0	P1	1	-0.003680	-0.003680	0.000051	0.000051
272	7	220	0	P50	1	-0.001850	-0.001867	0.001888	0.001871
272	7	220	0	P75	1	-0.000917	-0.000934	0.002824	0.002807
272	7	220	0	P90	1	-0.000357	-0.000374	0.003387	0.003370
272	7	220	0	P95	1	-0.000170	-0.000187	0.003574	0.003557
272	7	220	0	P99	1	-0.000034	-0.000034	0.003711	0.003711
272	7	220	0	P999	1	-0.000000	-0.000000	0.003745	0.003745
273	1	4	0	P1	1	-0.002800	-0.002800	0.000935	0.000935
273	1	4	0	P50	1	-0.000934	-0.001867	0.002807	0.001871
273	1	4	0	P75	1	-0.000000	-0.000934	0.003745	0.002807
273	1	4	0	P90	1	-0.000000	-0.000000	0.003745	0.003745
273	1	4	0	P95	1	-0.000000	-0.000000	0.003745	0.003745
273	1	4	0	P99	1	-0.000000	-0.000000	0.003745	0.003745
273	1	4	0	P999	1	-0.000000	-0.000000	0.003745	0.003745
273	2	6	0	P1	1	-0.003110	-0.003110	0.000623	0.000623
273	2	6	0	P50	1	-0.001245	-0.001867	0.002495	0.001871
273	2	6	0	P75	1	-0.000623	-0.000623	0.003120	0.003120
273	2	6	0	P90	1	-0.000000	-0.000000	0.003745	0.003745
273	2	6	0	P95	1	-0.000000	-0.000000	0.003745	0.003745
273	2	6	0	P99	1	-0.000000	-0.000000	0.003745	0.003745
273	2	6	0	P999	1	-0.000000	-0.000000	0.003745	0.003745
273	3	8	0	P1	1	-0.003265	-0.003265	0.000467	0.000467
273	3	8	0	P50	1	-0.001401	-0.001867	0.002339	0.001871
273	3	8	0	P75	1	-0.000467	-0.000934	0.003276	0.002807
273	3	8	0	P90	1	-0.000000	-0.000000	0.003745	0.003745
273	3	8	0	P95	1	-0.000000	-0.000000	0.003745	0.003745
273	3	8	0	P99	1	-0.000000	-0.000000	0.003745	0.003745
273	3	8	0	P999	1	-0.000000	-0.000000	0.003745	0.003745
273	4	10	0	P1	1	-0.003359	-0.003359	0.000374	0.000374
273	4	10	0	P50	1	-0.001494	-0.001867	0.002245	0.001871
273	4	10	0	P75	1	-0.000747	-0.000747	0.002995	0.002995
273	4	10	0	P90	1	-0.000000	-0.000374	0.003745	0.003370
273	4	10	0	P95	1	-0.000000	-0.000000	0.003745	0.003745
273	4	10	0	P99	1	-0.000000	-0.000000	0.003745	0.003745
273	4	10	0	P999	1	-0.000000	-0.000000	0.003745	0.003745
273	5	14	0	P1	1	-0.003465	-0.003465	0.000267	0.000267
273	5	14	0	P50	1	-0.001601	-0.001867	0.002138	0.001871
273	5	14	0	P75	1	-0.000801	-0.000801	0.002941	0.002941
273	5	14	0	P90	1	-0.000267	-0.000267	0.003477	0.003477
273	5	14	0	P95	1	-0.000000	-0.000000	0.003745	0.003745
273	5	14	0	P99	1	-0.000000	-0.000000	0.003745	0.003745
273	5	14	0	P999	1	-0.000000	-0.000000	0.003745	0.003745
273	6	16	0	P1	1	-0.003498	-0.003498	0.000234	0.000234
273	6	16	0	P50	1	-0.001634	-0.001867	0.002105	0.001871
273	6	16	0	P75	1	-0.000701	-0.000934	0.003042	0.002807
273	6	16	0	P90	1	-0.000234	-0.000234	0.003510	0.003510
273	6	16	0	P95	1	-0.000000	-0.000000	0.003745	0.003745
273	6	16	0	P99	1	-0.000000	-0.000000	0.003745	0.003745
273	6	16	0	P999	1	-0.000000	-0.000000	0.003745	0.003745
273	7	19	0	P1	1	-0.003535	-0.003535	0.000197	0.000197
273	7	19	0	P50	1	-0.001769	-0.001769	0.001969	0.001969
273	7	19	0	P75	1	-0.000787	-0.000787	0.002955	0.002955
273	7	19	0	P90	1	-0.000197	-0.000197	0.003548	0.003548
273	7	19	0	P95	1	-0.000000	-0.000000	0.003745	0.003745
273	7	19	0	P99	1	-0.000000	-0.000000	0.003745	0.003745
273	7	19	0	P999	1	-0.000000	-0.000000	0.003745	0.003745
274	1	5	0	P1	1	-0.002986	-0.002986	0.000748	0.000748
274	1	5	0	P50	1	-0.001494	-0.001494	0.002245	0.002245
274	1	5	0	P75	1	-0.000747	-0.000747	0.002995	0.002995
274	1	5	0	P90	1	-0.000000	-0.000000	0.003745	0.003745
274	1	5	0	P95	1	-0.000000	-0.000000	0.003745	0.003745
274	1	5	0	P99	1	-0.000000	-0.000000	0.003745	0.003745
274	1	5	0	P999	1	-0.000000	-0.000000	0.003745	0.003745
274	2	8	0	P1	1	-0.003265	-0.003265	0.000467	0.000467
274	2	8	0	P50	1	-0.001401	-0.001867	0.002339	0.001871
274	2	8	0	P75	1	-0.000467	-0.000934	0.003276	0.002807
274	2	8	0	P90	1	-0.000000	-0.000000	0.003745	0.003745
274	2	8	0	P95	1	-0.000000	-0.000000	0.003745	0.003745
274	2	8	0	P99	1	-0.000000	-0.000000	0.003745	0.003745
274	2	8	0	P999	1	-0.000000	-0.000000	0.003745	0.003745
274	3	11	0	P1	1	-0.003392	-0.003392	0.000340	0.000340
274	3	11	0	P50	1	-0.001698	-0.001698	0.002041	0.002041
274	3	11	0	P75	1	-0.000679	-0.000679	0.003063	0.003063
274	3	11	0	P90	1	-0.000340	-0.000340	0.003404	0.003404
274	3	11	0	P95	1	-0.000000	-0.000000	0.003745	0.003745
274	3	11	0	P99	1	-0.000000	-0.000000	0.003745	0.003745
274	3	11	0	P999	1	-0.000000	-0.000000	0.003745	0.003745
274	4	13	0	P1	1	-0.003444	-0.003444	0.000288	0.000288
274	4	13	0	P50	1	-0.001724	-0.001724	0.002015	0.002015
274	4	13	0	P75	1	-0.000862	-0.000862	0.002879	0.002879
274	4	13	0	P90	1	-0.000287	-0.000287	0.003456	0.003456
274	4	13	0	P95	1	-0.000000	-0.000000	0.003745	0.003745
274	4	13	0	P99	1	-0.000000	-0.000000	0.003745	0.003745
274	4	13	0	P999	1	-0.000000	-0.000000	0.003745	0.003745
274	5	15	0	P1	1	-0.003483	-0.003483	0.000249	0.000249
274	5	15	0	P50	1	-0.001743	-0.001743	0.001996	0.001996
274	5	15	0	P75	1	-0.000747	-0.000747	0.002995	0.002995
274	5	15	0	P90	1	-0.000249	-0.000249	0.003495	0.003495
274	5	15	0	P95	1	-0.000000	-0.000000	0.003745	0.003745
274	5	15	0	P99	1	-0.000000	-0.000000	0.003745	0.003745
274	5	15	0	P999	1	-0.000000	-0.000000	0.003745	0.003745
274	6	17	0	P1	1	-0.003512	-0.003512	0.000220	0.000220
274	6	17	0	P50	1	-0.001757	-0.001757	0.001981	0.001981
274	6	17	0	P75	1	-0.000879	-0.000879	0.002863	0.002863
274	6	17	0	P90	1	-0.000220	-0.000220	0.003524	0.003524
274	6	17	0	P95	1	-0.000000	-0.000000	0.003745	0.003745
274	6	17	0	P99	1	-0.000000	-0.000000	0.003745	0.003745
274	6	17	0	P999	1	-0.000000	-0.000000	0.003745	0.003745
274	7	19	0	P1	1	-0.003535	-0.003535	0.000197	0.000197
274	7	19	0	P50	1	-0.001769	-0.001769	0.001969	0.001969
274	7	19	0	P75	1	-0.000787	-0.000787	0.002955	0.002955
274	7	19	0	P90	1	-0.000197	-0.000197	0.003548	0.003548
274	7	19	0	P95	1	-0.000000	-0.000000	0.003745	0.003745
274	7	19	0	P99	1	-0.000000	-0.000000	0.003745	0.003745
274	7	19	0	P999	1	-0.000000	-0.000000	0.003745	0.003745
275	1	5	0	P1	1	-0.002986	-0.002986	0.000748	0.000748
275	1	5	0	P50	1	-0.001494	-0.001494	0.002245	0.002245
275	1	5	0	P75	1	-0.000747	-0.000747	0.002995	0.002995
275	1	5	0	P90	1	-0.000000	-0.000000	0.003745	0.003745
275	1	5	0	P95	1	-0.000000	-0.000000	0.003745	0.003745
275	1	5	0	P99	1	-0.000000	-0.000000	0.003745	0.003745
275	1	5	0	P999	1	-0.000000	-0.000000	0.003745	0.003745
275	2	9	0	P1	1	-0.003317	-0.003317	0.000415	0.000415
275	2	9	0	P50	1	-0.001660	-0.001660	0.002079	0.002079
275	2	9	0	P75	1	-0.000830	-0.000830	0.002912	0.002912
275	2	9	0	P90	1	-0.000000	-0.000000	0.003745	0.003745
275	2	9	0	P95	1	-0.000000	-0.000000	0.003745	0.003745
275	2	9	0	P99	1	-0.000000	-0.000000	0.003745	0.003745
275	2	9	0	P999	1	-0.000000	-0.000000	0.003745	0.003745
275	3	12	0	P1	1	-0.003421	-0.003421	0.000312	0.000312
275	3	12	0	P50	1	-0.001556	-0.001867	0.002183	0.001871
275	3	12	0	P75	1	-0.000623	-0.000934	0.003120	0.002807
275	3	12	0	P90	1	-0.000311	-0.000311	0.003432	0.003432
275	3	12	0	P95	1	-0.000000	-0.000000	0.003745	0.003745
275	3	12	0	P99	1	-0.000000	-0.000000	0.003745	0.003745
275	3	12	0	P999	1	-0.000000	-0.000000	0.003745	0.003745
275	4	14	0	P1	1	-0.003465	-0.003465	0.000267	0.000267
275	4	14	0	P50	1	-0.001601	-0.001867	0.002138	0.001871
275	4	14	0	P75	1	-0.000801	-0.000801	0.002941	0.002941
275	4	14	0	P90	1	-0.000267	-0.000267	0.003477	0.003477
275	4	14	0	P95	1	-0.000000	-0.000000	0.003745	0.003745
275	4	14	0	P99	1	-0.000000	-0.000000	0.003745	0.003745
275	4	14	0	P999	1	-0.000000	-0.000000	0.003745	0.003745
275	5	16	0	P1	1	-0.003498	-0.003498	0.000234	0.000234
275	5	16	0	P50	1	-0.001634	-0.001867	0.002105	0.001871
275	5	16	0	P75	1	-0.000701	-0.000934	0.003042	0.002807
275	5	16	0	P90	1	-0.000234	-0.000234	0.003510	0.003510
275	5	16	0	P95	1	-0.000000	-0.000000	0.003745	0.003745
275	5	16	0	P99	1	-0.000000	-0.000000	0.003745	0.003745
275	5	16	0	P999	1	-0.000000	-0.000000	0.003745	0.003745
275	6	19	0	P1	1	-0.003535	-0.003535	0.000197	0.000197
275	6	19	0	P50	1	-0.001769	-0.001769	0.001969	0.001969
275	6	19	0	P75	1	-0.000787	-0.000787	0.002955	0.002955
275	6	19	0	P90	1	-0.000197	-0.000197	0.003548	0.003548
275	6	19	0	P95	1	-0.000000	-0.000000	0.003745	0.003745
275	6	19	0	P99	1	-0.000000	-0.000000	0.003745	0.003745
275	6	19	0	P999	1	-0.000000	-0.000000	0.003745	0.003745
275	7	46	0	P1	1	-0.003650	-0.003650	0.000081	0.000081
275	7	46	0	P50	1	-0.001786	-0.001867	0.001952	0.001871
275	7	46	0	P75	1	-0.000893	-0.000893	0.002848	0.002848
275	7	46	0	P90	1	-0.000325	-0.000325	0.003419	0.003419
275	7	46	0	P95	1	-0.000163	-0.000163	0.003582	0.003582
275	7	46	0	P99	1	-0.000000	-0.000000	0.003745	0.003745
275	7	46	0	P999	1	-0.000000	-0.000000	0.003745	0.003745
276	1	49	0	P1	1	-0.003655	-0.003655	0.000076	0.000076
276	1	49	0	P50	1	-0.001829	-0.001829	0.001909	0.001909
276	1	49	0	P75	1	-0.000915	-0.000915	0.002827	0.002827
276	1	49	0	P90	1	-0.000305	-0.000305	0.003439	0.003439
276	1	49	0	P95	1	-0.000153	-0.000153	0.003592	0.003592
276	1	49	0	P99	1	-0.000000	-0.000000	0.003745	0.003745
276	1	49	0	P999	1	-0.000000	-0.000000	0.003745	0.003745
276	2	85	0	P1	1	-0.003687	-0.003687	0.000044	0.000044
276	2	85	0	P50	1	-0.001845	-0.001845	0.001893	0.001893
276	2	85	0	P75	1	-0.000923	-0.000923	0.002818	0.002818
276	2	85	0	P90	1	-0.000352	-0.000352	0.003392	0.003392
276	2	85	0	P95	1	-0.000176	-0.000176	0.003568	0.003568
276	2	85	0	P99	1	-0.000000	-0.000000	0.003745	0.003745
276	2	85	0	P999	1	-0.000000	-0.000000	0.003745	0.003745
276	3	114	0	P1	1	-0.003666	-0.003666	0.000066	0.000066
276	3	114	0	P50	1	-0.001835	-0.001867	0.001904	0.001871
276	3	114	0	P75	1	-0.000918	-0.000918	0.002824	0.002824
276	3	114	0	P90	1	-0.000361	-0.000361	0.003383	0.003383
276	3	114	0	P95	1	-0.000164	-0.000164	0.003580	0.003580
276	3	114	0	P99	1	-0.000033	-0.000033	0.003712	0.003712
276	3	114	0	P999	1	-0.000000	-0.000000	0.003745	0.003745
276	4	145	0	P1	1	-0.003680	-0.003680	0.000052	0.000052
276	4	145	0	P50	1	-0.001854	-0.001854	0.001884	0.001884
276	4	145	0	P75	1	-0.000928	-0.000928	0.002814	0.002814
276	4	145	0	P90	1	-0.000361	-0.000361	0.003383	0.003383
276	4	145	0	P95	1	-0.000180	-0.000180	0.003564	0.003564
276	4	145	0	P99	1	-0.000026	-0.000026	0.003719	0.003719
276	4	145	0	P999	1	-0.000000	-0.000000	0.003745	0.003745
276	5	179	0	P1	1	-0.003689	-0.003689	0.000042	0.000042
276	5	179	0	P50	1	-0.001857	-0.001857	0.001881	0.001881
276	5	179	0	P75	1	-0.000918	-0.000918	0.002823	0.002823
276	5	179	0	P90	1	-0.000355	-0.000355	0.003389	0.003389
276	5	179	0	P95	1	-0.000167	-0.000167	0.003577	0.003577
276	5	179	0	P99	1	-0.000021	-0.000021	0.003724	0.003724
276	5	179	0	P999	1	-0.000000	-0.000000	0.003745	0.003745
276	6	185	0	P1	1	-0.003691	-0.003691	0.000040	0.000040
276	6	185	0	P50	1	-0.001857	-0.001857	0.001881	0.001881
276	6	185	0	P75	1	-0.000929	-0.000929	0.002812	0.002812
276	6	185	0	P90	1	-0.000364	-0.000364	0.003380	0.003380
276	6	185	0	P95	1	-0.000182	-0.000182	0.003562	0.003562
276	6	185	0	P99	1	-0.000020	-0.000020	0.003725	0.003725
276	6	185	0	P999	1	-0.000000	-0.000000	0.003745	0.003745
276	7	204	0	P1	1	-0.003676	-0.003676	0.000055	0.000055
276	7	204	0	P50	1	-0.001849	-0.001867	0.001889	0.001871
276	7	204	0	P75	1	-0.000916	-0.000934	0.002826	0.002807
276	7	204	0	P90	1	-0.000366	-0.000366	0.003377	0.003377
276	7	204	0	P95	1	-0.000183	-0.000183	0.003561	0.003561
276	7	204	0	P99	1	-0.000037	-0.000037	0.003708	0.003708
276	7	204	0	P999	1	-0.000000	-0.000000	0.003745	0.003745
277	1	61	0	P1	1	-0.003670	-0.003670	0.000061	0.000061
277	1	61	0	P50	1	-0.001837	-0.001837	0.001901	0.001901
277	1	61	0	P75	1	-0.000919	-0.000919	0.002823	0.002823
277	1	61	0	P90	1	-0.000368	-0.000368	0.003376	0.003376
277	1	61	0	P95	1	-0.000184	-0.000184	0.003560	0.003560
277	1	61	0	P99	1	-0.000000	-0.000000	0.003745	0.003745
277	1	61	0	P999	1	-0.000000	-0.000000	0.003745	0.003745
277	2	89	0	P1	1	-0.003689	-0.003689	0.000042	0.000042
277	2	89	0	P50	1	-0.001846	-0.001846	0.001892	0.001892
277	2	89	0	P75	1	-0.000924	-0.000924	0.002818	0.002818
277	2	89	0	P90	1	-0.000336	-0.000336	0.003408	0.003408
277	2	89	0	P95	1	-0.000168	-0.000168	0.003576	0.003576
277	2	89	0	P99	1	-0.000000	-0.000000	0.003745	0.003745
277	2	89	0	P999	1	-0.000000	-0.000000	0.003745	0.003745
277	3	114	0	P1	1	-0.003666	-0.003666	0.000066	0.000066
277	3	114	0	P50	1	-0.001835	-0.001867	0.001904	0.001871
277	3	114	0	P75	1	-0.000918	-0.000918	0.002824	0.002824
277	3	114	0	P90	1	-0.000361	-0.000361	0.003383	0.003383
277	3	114	0	P95	1	-0.000164	-0.000164	0.003580	0.003580
277	3	114	0	P99	1	-0.000033	-0.000033	0.003712	0.003712
277	3	114	0	P999	1	-0.000000	-0.000000	0.003745	0.003745
277	4	151	0	P1	1	-0.003682	-0.003682	0.000050	0.000050
277	4	151	0	P50	1	-0.001855	-0.001855	0.001883	0.001883
277	4	151	0	P75	1	-0.000916	-0.000916	0.002826	0.002826
277	4	151	0	P90	1	-0.000371	-0.000371	0.003372	0.003372
277	4	151	0	P95	1	-0.000173	-0.000173	0.003571	0.003571
277	4	151	0	P99	1	-0.000025	-0.000025	0.003720	0.003720
277	4	151	0	P999	1	-0.000000	-0.000000	0.003745	0.003745
277	5	176	0	P1	1	-0.003689	-0.003689	0.000042	0.000042
277	5	176	0	P50	1	-0.001846	-0.001867	0.001892	0.001871
277	5	176	0	P75	1	-0.000913	-0.000934	0.002829	0.002807
277	5	176	0	P90	1	-0.000361	-0.000361	0.003383	0.003383
277	5	176	0	P95	1	-0.000170	-0.000170	0.003574	0.003574
277	5	176	0	P99	1	-0.000021	-0.000021	0.003724	0.003724
277	5	176	0	P999	1	-0.000000	-0.000000	0.003745	0.003745
277	6	208	0	P1	1	-0.003677	-0.003677	0.000054	0.000054
277	6	208	0	P50	1	-0.001849	-0.001867	0.001889	0.001871
277	6	208	0	P75	1	-0.000916	-0.000934	0.002825	0.002807
277	6	208	0	P90	1	-0.000359	-0.000359	0.003384	0.003384
277	6	208	0	P95	1	-0.000180	-0.000180	0.003565	0.003565
277	6	208	0	P99	1	-0.000036	-0.000036	0.003709	0.003709
277	6	208	0	P999	1	-0.000000	-0.000000	0.003745	0.003745
277	7	239	0	P1	1	-0.003684	-0.003684	0.000047	0.000047
277	7	239	0	P50	1	-0.001859	-0.001859	0.001879	0.001879
277	7	239	0	P75	1	-0.000922	-0.000922	0.002819	0.002819
277	7	239	0	P90	1	-0.000360	-0.000360	0.003384	0.003384
277	7	239	0	P95	1	-0.000172	-0.000172	0.003572	0.003572
277	7	239	0	P99	1	-0.000031	-0.000031	0.003714	0.003714
277	7	239	0	P999	1	-0.000000	-0.000000	0.003745	0.003745
278	1	6	0	P1	1	-0.003110	-0.003110	0.000623	0.000623
278	1	6	0	P50	1	-0.001245	-0.001867	0.002495	0.001871
278	1	6	0	P75	1	-0.000623	-0.000623	0.003120	0.003120
278	1	6	0	P90	1	-0.000000	-0.000000	0.003745	0.003745
278	1	6	0	P95	1	-0.000000	-0.000000	0.003745	0.003745
278	1	6	0	P99	1	-0.000000	-0.000000	0.003745	0.003745
278	1	6	0	P999	1	-0.000000	-0.000000	0.003745	0.003745
278	2	42	0	P1	1	-0.003642	-0.003642	0.000089	0.000089
278	2	42	0	P50	1	-0.001778	-0.001867	0.001960	0.001871
278	2	42	0	P75	1	-0.000890	-0.000890	0.002852	0.002852
278	2	42	0	P90	1	-0.000356	-0.000356	0.003388	0.003388
278	2	42	0	P95	1	-0.000178	-0.000178	0.003566	0.003566
278	2	42	0	P99	1	-0.000000	-0.000000	0.003745	0.003745
278	2	42	0	P999	1	-0.000000	-0.000000	0.003745	0.003745
278	3	119	0	P1	1	-0.003668	-0.003668	0.000063	0.000063
278	3	119	0	P50	1	-0.001852	-0.001852	0.001886	0.001886
278	3	119	0	P75	1	-0.000911	-0.000911	0.002831	0.002831
278	3	119	0	P90	1	-0.000345	-0.000345	0.003398	0.003398
278	3	119	0	P95	1	-0.000157	-0.000157	0.003587	0.003587
278	3	119	0	P99	1	-0.000031	-0.000031	0.003713	0.003713
278	3	119	0	P999	1	-0.000000	-0.000000	0.003745	0.003745
278	4	121	0	P1	1	-0.003669	-0.003669	0.000062	0.000062
278	4	121	0	P50	1	-0.001852	-0.001852	0.001886	0.001886
278	4	121	0	P75	1	-0.000926	-0.000926	0.002815	0.002815
278	4	121	0	P90	1	-0.000371	-0.000371	0.003373	0.003373
278	4	121	0	P95	1	-0.000185	-0.000185	0.003559	0.003559
278	4	121	0	P99	1	-0.000031	-0.000031	0.003714	0.003714
278	4	121	0	P999	1	-0.000000	-0.000000	0.003745	0.003745
278	5	123	0	P1	1	-0.003670	-0.003670	0.000061	0.000061
278	5	123	0	P50	1	-0.001852	-0.001852	0.001886	0.001886
278	5	123	0	P75	1	-0.000911	-0.000911	0.002830	0.002830
278	5	123	0	P90	1	-0.000365	-0.000365	0.003379	0.003379
278	5	123	0	P95	1	-0.000182	-0.000182	0.003562	0.003562
278	5	123	0	P99	1	-0.000030	-0.000030	0.003714	0.003714
278	5	123	0	P999	1	-0.000000	-0.000000	0.003745	0.003745
278	6	125	0	P1	1	-0.003671	-0.003671	0.000060	0.000060
278	6	125	0	P50	1	-0.001852	-0.001852	0.001886	0.001886
278	6	125	0	P75	1	-0.000927	-0.000927	0.002815	0.002815
278	6	125	0	P90	1	-0.000359	-0.000359	0.003385	0.003385
278	6	125	0	P95	1	-0.000179	-0.000179	0.003565	0.003565
278	6	125	0	P99	1	-0.000030	-0.000030	0.003715	0.003715
278	6	125	0	P999	1	-0.000000	-0.000000	0.003745	0.003745
278	7	127	0	P1	1	-0.003672	-0.003672	0.000059	0.000059
278	7	127	0	P50	1	-0.001853	-0.001853	0.001885	0.001885
278	7	127	0	P75	1	-0.000912	-0.000912	0.002830	0.002830
278	7	127	0	P90	1	-0.000353	-0.000353	0.003391	0.003391
278	7	127	0	P95	1	-0.000177	-0.000177	0.003568	0.003568
278	7	127	0	P99	1	-0.000029	-0.000029	0.003715	0.003715
278	7	127	0	P999	1	-0.000000	-0.000000	0.003745	0.003745
279	1	4	0	P1	1	-0.002800	-0.002800	0.000935	0.000935
279	1	4	0	P50	1	-0.000934	-0.001867	0.002807	0.001871
279	1	4	0	P75	1	-0.000000	-0.000934	0.003745	0.002807
279	1	4	0	P90	1	-0.000000	-0.000000	0.003745	0.003745
279	1	4	0	P95	1	-0.000000	-0.000000	0.003745	0.003745
279	1	4	0	P99	1	-0.000000	-0.000000	0.003745	0.003745
279	1	4	0	P999	1	-0.000000	-0.000000	0.003745	0.003745
279	2	7	0	P1	1	-0.003199	-0.003199	0.000534	0.000534
279	2	7	0	P50	1	-0.001601	-0.001601	0.002138	0.002138
279	2	7	0	P75	1	-0.000534	-0.000534	0.003209	0.003209
279	2	7	0	P90	1	-0.000000	-0.000000	0.003745	0.003745
279	2	7	0	P95	1	-0.000000	-0.000000	0.003745	0.003745
279	2	7	0	P99	1	-0.000000	-0.000000	0.003745	0.003745
279	2	7	0	P999	1	-0.000000	-0.000000	0.003745	0.003745
279	3	9	0	P1	1	-0.003317	-0.003317	0.000415	0.000415
279	3	9	0	P50	1	-0.001660	-0.001660	0.002079	0.002079
279	3	9	0	P75	1	-0.000830	-0.000830	0.002912	0.002912
279	3	9	0	P90	1	-0.000000	-0.000000	0.003745	0.003745
279	3	9	0	P95	1	-0.000000	-0.000000	0.003745	0.003745
279	3	9	0	P99	1	-0.000000	-0.000000	0.003745	0.003745
279	3	9	0	P999	1	-0.000000	-0.000000	0.003745	0.003745
279	4	11	0	P1	1	-0.003392	-0.003392	0.000340	0.000340
279	4	11	0	P50	1	-0.001698	-0.001698	0.002041	0.002041
279	4	11	0	P75	1	-0.000679	-0.000679	0.003063	0.003063
279	4	11	0	P90	1	-0.000340	-0.000340	0.003404	0.003404
279	4	11	0	P95	1	-0.000000	-0.000000	0.003745	0.003745
279	4	11	0	P99	1	-0.000000	-0.000000	0.003745	0.003745
279	4	11	0	P999	1	-0.000000	-0.000000	0.003745	0.003745
279	5	14	0	P1	1	-0.003465	-0.003465	0.000267	0.000267
279	5	14	0	P50	1	-0.001601	-0.001867	0.002138	0.001871
279	5	14	0	P75	1	-0.000801	-0.000801	0.002941	0.002941
279	5	14	0	P90	1	-0.000267	-0.000267	0.003477	0.003477
279	5	14	0	P95	1	-0.000000	-0.000000	0.003745	0.003745
279	5	14	0	P99	1	-0.000000	-0.000000	0.003745	0.003745
279	5	14	0	P999	1	-0.000000	-0.000000	0.003745	0.003745
279	6	17	0	P1	1	-0.003512	-0.003512	0.000220	0.000220
279	6	17	0	P50	1	-0.001757	-0.001757	0.001981	0.001981
279	6	17	0	P75	1	-0.000879	-0.000879	0.002863	0.002863
279	6	17	0	P90	1	-0.000220	-0.000220	0.003524	0.003524
279	6	17	0	P95	1	-0.000000	-0.000000	0.003745	0.003745
279	6	17	0	P99	1	-0.000000	-0.000000	0.003745	0.003745
279	6	17	0	P999	1	-0.000000	-0.000000	0.003745	0.003745
279	7	19	0	P1	1	-0.003535	-0.003535	0.000197	0.000197
279	7	19	0	P50	1	-0.001769	-0.001769	0.001969	0.001969
279	7	19	0	P75	1	-0.000787	-0.000787	0.002955	0.002955
279	7	19	0	P90	1	-0.000197	-0.000197	0.003548	0.003548
279	7	19	0	P95	1	-0.000000	-0.000000	0.003745	0.003745
279	7	19	0	P99	1	-0.000000	-0.000000	0.003745	0.003745
279	7	19	0	P999	1	-0.000000	-0.000000	0.003745	0.003745
280	1	5	0	P1	1	-0.002986	-0.002986	0.000748	0.000748
280	1	5	0	P50	1	-0.001494	-0.001494	0.002245	0.002245
280	1	5	0	P75	1	-0.000747	-0.000747	0.002995	0.002995
280	1	5	0	P90	1	-0.000000	-0.000000	0.003745	0.003745
280	1	5	0	P95	1	-0.000000	-0.000000	0.003745	0.003745
280	1	5	0	P99	1	-0.000000	-0.000000	0.003745	0.003745
280	1	5	0	P999	1	-0.000000	-0.000000	0.003745	0.003745
280	2	7	0	P1	1	-0.003199	-0.003199	0.000534	0.000534
280	2	7	0	P50	1	-0.001601	-0.001601	0.002138	0.002138
280	2	7	0	P75	1	-0.000534	-0.000534	0.003209	0.003209
280	2	7	0	P90	1	-0.000000	-0.000000	0.003745	0.003745
280	2	7	0	P95	1	-0.000000	-0.000000	0.003745	0.003745
280	2	7	0	P99	1	-0.000000	-0.000000	0.003745	0.003745
280	2	7	0	P999	1	-0.000000	-0.000000	0.003745	0.003745
280	3	9	0	P1	1	-0.003317	-0.003317	0.000415	0.000415
280	3	9	0	P50	1	-0.001660	-0.001660	0.002079	0.002079
280	3	9	0	P75	1	-0.000830	-0.000830	0.002912	0.002912
280	3	9	0	P90	1	-0.000000	-0.000000	0.003745	0.003745
280	3	9	0	P95	1	-0.000000	-0.000000	0.003745	0.003745
280	3	9	0	P99	1	-0.000000	-0.000000	0.003745	0.003745
280	3	9	0	P999	1	-0.000000	-0.000000	0.003745	0.003745
280	4	11	0	P1	1	-0.003392	-0.003392	0.000340	0.000340
280	4	11	0	P50	1	-0.001698	-0.001698	0.002041	0.002041
280	4	11	0	P75	1	-0.000679	-0.000679	0.003063	0.003063
280	4	11	0	P90	1	-0.000340	-0.000340	0.003404	0.003404
280	4	11	0	P95	1	-0.000000	-0.000000	0.003745	0.003745
280	4	11	0	P99	1	-0.000000	-0.000000	0.003745	0.003745
280	4	11	0	P999	1	-0.000000	-0.000000	0.003745	0.003745
280	5	13	0	P1	1	-0.003444	-0.003444	0.000288	0.000288
280	5	13	0	P50	1	-0.001724	-0.001724	0.002015	0.002015
280	5	13	0	P75	1	-0.000862	-0.000862	0.002879	0.002879
280	5	13	0	P90	1	-0.000287	-0.000287	0.003456	0.003456
280	5	13	0	P95	1	-0.000000	-0.000000	0.003745	0.003745
280	5	13	0	P99	1	-0.000000	-0.000000	0.003745	0.003745
280	5	13	0	P999	1	-0.000000	-0.000000	0.003745	0.003745
280	6	16	0	P1	1	-0.003498	-0.003498	0.000234	0.000234
280	6	16	0	P50	1	-0.001634	-0.001867	0.002105	0.001871
280	6	16	0	P75	1	-0.000701	-0.000934	0.003042	0.002807
280	6	16	0	P90	1	-0.000234	-0.000234	0.003510	0.003510
280	6	16	0	P95	1	-0.000000	-0.000000	0.003745	0.003745
280	6	16	0	P99	1	-0.000000	-0.000000	0.003745	0.003745
280	6	16	0	P999	1	-0.000000	-0.000000	0.003745	0.003745
280	7	21	0	P1	1	-0.003554	-0.003554	0.000178	0.000178
280	7	21	0	P50	1	-0.001778	-0.001778	0.001960	0.001960
280	7	21	0	P75	1	-0.000890	-0.000890	0.002852	0.002852
280	7	21	0	P90	1	-0.000356	-0.000356	0.003388	0.003388
280	7	21	0	P95	1	-0.000178	-0.000178	0.003566	0.003566
280	7	21	0	P99	1	-0.000000	-0.000000	0.003745	0.003745
280	7	21	0	P999	1	-0.000000	-0.000000	0.003745	0.003745
281	1	6	0	P1	1	-0.003110	-0.003110	0.000623	0.000623
281	1	6	0	P50	1	-0.001245	-0.001867	0.002495	0.001871
281	1	6	0	P75	1	-0.000623	-0.000623	0.003120	0.003120
281	1	6	0	P90	1	-0.000000	-0.000000	0.003745	0.003745
281	1	6	0	P95	1	-0.000000	-0.000000	0.003745	0.003745
281	1	6	0	P99	1	-0.000000	-0.000000	0.003745	0.003745
281	1	6	0	P999	1	-0.000000	-0.000000	0.003745	0.003745
281	2	9	0	P1	1	-0.003317	-0.003317	0.000415	0.000415
281	2	9	0	P50	1	-0.001660	-0.001660	0.002079	0.002079
281	2	9	0	P75	1	-0.000830	-0.000830	0.002912	0.002912
281	2	9	0	P90	1	-0.000000	-0.000000	0.003745	0.003745
281	2	9	0	P95	1	-0.000000	-0.000000	0.003745	0.003745
281	2	9	0	P99	1	-0.000000	-0.000000	0.003745	0.003745
281	2	9	0	P999	1	-0.000000	-0.000000	0.003745	0.003745
281	3	12	0	P1	1	-0.003421	-0.003421	0.000312	0.000312
281	3	12	0	P50	1	-0.001556	-0.001867	0.002183	0.001871
281	3	12	0	P75	1	-0.000623	-0.000934	0.003120	0.002807
281	3	12	0	P90	1	-0.000311	-0.000311	0.003432	0.003432
281	3	12	0	P95	1	-0.000000	-0.000000	0.003745	0.003745
281	3	12	0	P99	1	-0.000000	-0.000000	0.003745	0.003745
281	3	12	0	P999	1	-0.000000	-0.000000	0.003745	0.003745
281	4	14	0	P1	1	-0.003465	-0.003465	0.000267	0.000267
281	4	14	0	P50	1	-0.001601	-0.001867	0.002138	0.001871
281	4	14	0	P75	1	-0.000801	-0.000801	0.002941	0.002941
281	4	14	0	P90	1	-0.000267	-0.000267	0.003477	0.003477
281	4	14	0	P95	1	-0.000000	-0.000000	0.003745	0.003745
281	4	14	0	P99	1	-0.000000	-0.000000	0.003745	0.003745
281	4	14	0	P999	1	-0.000000	-0.000000	0.003745	0.003745
281	5	16	0	P1	1	-0.003498	-0.003498	0.000234	0.000234
281	5	16	0	P50	1	-0.001634	-0.001867	0.002105	0.001871
281	5	16	0	P75	1	-0.000701	-0.000934	0.003042	0.002807
281	5	16	0	P90	1	-0.000234	-0.000234	0.003510	0.003510
281	5	16	0	P95	1	-0.000000	-0.000000	0.003745	0.003745
281	5	16	0	P99	1	-0.000000	-0.000000	0.003745	0.003745
281	5	16	0	P999	1	-0.000000	-0.000000	0.003745	0.003745
281	6	18	0	P1	1	-0.003524	-0.003524	0.000208	0.000208
281	6	18	0	P50	1	-0.001660	-0.001867	0.002079	0.001871
281	6	18	0	P75	1	-0.000830	-0.000830	0.002912	0.002912
281	6	18	0	P90	1	-0.000208	-0.000208	0.003537	0.003537
281	6	18	0	P95	1	-0.000000	-0.000000	0.003745	0.003745
281	6	18	0	P99	1	-0.000000	-0.000000	0.003745	0.003745
281	6	18	0	P999	1	-0.000000	-0.000000	0.003745	0.003745
281	7	20	0	P1	1	-0.003545	-0.003545	0.000187	0.000187
281	7	20	0	P50	1	-0.001681	-0.001867	0.002058	0.001871
281	7	20	0	P75	1	-0.000747	-0.000934	0.002995	0.002807
281	7	20	0	P90	1	-0.000187	-0.000374	0.003557	0.003370
281	7	20	0	P95	1	-0.000000	-0.000187	0.003745	0.003557
281	7	20	0	P99	1	-0.000000	-0.000000	0.003745	0.003745
281	7	20	0	P999	1	-0.000000	-0.000000	0.003745	0.003745
282	1	4	0	P1	1	-0.002800	-0.002800	0.000935	0.000935
282	1	4	0	P50	1	-0.000934	-0.001867	0.002807	0.001871
282	1	4	0	P75	1	-0.000000	-0.000934	0.003745	0.002807
282	1	4	0	P90	1	-0.000000	-0.000000	0.003745	0.003745
282	1	4	0	P95	1	-0.000000	-0.000000	0.003745	0.003745
282	1	4	0	P99	1	-0.000000	-0.000000	0.003745	0.003745
282	1	4	0	P999	1	-0.000000	-0.000000	0.003745	0.003745
282	2	6	0	P1	1	-0.003110	-0.003110	0.000623	0.000623
282	2	6	0	P50	1	-0.001245	-0.001867	0.002495	0.001871
282	2	6	0	P75	1	-0.000623	-0.000623	0.003120	0.003120
282	2	6	0	P90	1	-0.000000	-0.000000	0.003745	0.003745
282	2	6	0	P95	1	-0.000000	-0.000000	0.003745	0.003745
282	2	6	0	P99	1	-0.000000	-0.000000	0.003745	0.003745
282	2	6	0	P999	1	-0.000000	-0.000000	0.003745	0.003745
282	3	8	0	P1	1	-0.003265	-0.003265	0.000467	0.000467
282	3	8	0	P50	1	-0.001401	-0.001867	0.002339	0.001871
282	3	8	0	P75	1	-0.000467	-0.000934	0.003276	0.002807
282	3	8	0	P90	1	-0.000000	-0.000000	0.003745	0.003745
282	3	8	0	P95	1	-0.000000	-0.000000	0.003745	0.003745
282	3	8	0	P99	1	-0.000000	-0.000000	0.003745	0.003745
282	3	8	0	P999	1	-0.000000	-0.000000	0.003745	0.003745
282	4	10	0	P1	1	-0.003359	-0.003359	0.000374	0.000374
282	4	10	0	P50	1	-0.001494	-0.001867	0.002245	0.001871
282	4	10	0	P75	1	-0.000747	-0.000747	0.002995	0.002995
282	4	10	0	P90	1	-0.000000	-0.000374	0.003745	0.003370
282	4	10	0	P95	1	-0.000000	-0.000000	0.003745	0.003745
282	4	10	0	P99	1	-0.000000	-0.000000	0.003745	0.003745
282	4	10	0	P999	1	-0.000000	-0.000000	0.003745	0.003745
282	5	12	0	P1	1	-0.003421	-0.003421	0.000312	0.000312
282	5	12	0	P50	1	-0.001556	-0.001867	0.002183	0.001871
282	5	12	0	P75	1	-0.000623	-0.000934	0.003120	0.002807
282	5	12	0	P90	1	-0.000311	-0.000311	0.003432	0.003432
282	5	12	0	P95	1	-0.000000	-0.000000	0.003745	0.003745
282	5	12	0	P99	1	-0.000000	-0.000000	0.003745	0.003745
282	5	12	0	P999	1	-0.000000	-0.000000	0.003745	0.003745
282	6	14	0	P1	1	-0.003465	-0.003465	0.000267	0.000267
282	6	14	0	P50	1	-0.001601	-0.001867	0.002138	0.001871
282	6	14	0	P75	1	-0.000801	-0.000801	0.002941	0.002941
282	6	14	0	P90	1	-0.000267	-0.000267	0.003477	0.003477
282	6	14	0	P95	1	-0.000000	-0.000000	0.003745	0.003745
282	6	14	0	P99	1	-0.000000	-0.000000	0.003745	0.003745
282	6	14	0	P999	1	-0.000000	-0.000000	0.003745	0.003745
282	7	16	0	P1	1	-0.003498	-0.003498	0.000234	0.000234
282	7	16	0	P50	1	-0.001634	-0.001867	0.002105	0.001871
282	7	16	0	P75	1	-0.000701	-0.000934	0.003042	0.002807
282	7	16	0	P90	1	-0.000234	-0.000234	0.003510	0.003510
282	7	16	0	P95	1	-0.000000	-0.000000	0.003745	0.003745
282	7	16	0	P99	1	-0.000000	-0.000000	0.003745	0.003745
282	7	16	0	P999	1	-0.000000	-0.000000	0.003745	0.003745
283	1	4	0	P1	1	-0.002800	-0.002800	0.000935	0.000935
283	1	4	0	P50	1	-0.000934	-0.001867	0.002807	0.001871
283	1	4	0	P75	1	-0.000000	-0.000934	0.003745	0.002807
283	1	4	0	P90	1	-0.000000	-0.000000	0.003745	0.003745
283	1	4	0	P95	1	-0.000000	-0.000000	0.003745	0.003745
283	1	4	0	P99	1	-0.000000	-0.000000	0.003745	0.003745
283	1	4	0	P999	1	-0.000000	-0.000000	0.003745	0.003745
283	2	6	0	P1	1	-0.003110	-0.003110	0.000623	0.000623
283	2	6	0	P50	1	-0.001245	-0.001867	0.002495	0.001871
283	2	6	0	P75	1	-0.000623	-0.000623	0.003120	0.003120
283	2	6	0	P90	1	-0.000000	-0.000000	0.003745	0.003745
283	2	6	0	P95	1	-0.000000	-0.000000	0.003745	0.003745
283	2	6	0	P99	1	-0.000000	-0.000000	0.003745	0.003745
283	2	6	0	P999	1	-0.000000	-0.000000	0.003745	0.003745
283	3	8	0	P1	1	-0.003265	-0.003265	0.000467	0.000467
283	3	8	0	P50	1	-0.001401	-0.001867	0.002339	0.001871
283	3	8	0	P75	1	-0.000467	-0.000934	0.003276	0.002807
283	3	8	0	P90	1	-0.000000	-0.000000	0.003745	0.003745
283	3	8	0	P95	1	-0.000000	-0.000000	0.003745	0.003745
283	3	8	0	P99	1	-0.000000	-0.000000	0.003745	0.003745
283	3	8	0	P999	1	-0.000000	-0.000000	0.003745	0.003745
283	4	10	0	P1	1	-0.003359	-0.003359	0.000374	0.000374
283	4	10	0	P50	1	-0.001494	-0.001867	0.002245	0.001871
283	4	10	0	P75	1	-0.000747	-0.000747	0.002995	0.002995
283	4	10	0	P90	1	-0.000000	-0.000374	0.003745	0.003370
283	4	10	0	P95	1	-0.000000	-0.000000	0.003745	0.003745
283	4	10	0	P99	1	-0.000000	-0.000000	0.003745	0.003745
283	4	10	0	P999	1	-0.000000	-0.000000	0.003745	0.003745
283	5	12	0	P1	1	-0.003421	-0.003421	0.000312	0.000312
283	5	12	0	P50	1	-0.001556	-0.001867	0.002183	0.001871
283	5	12	0	P75	1	-0.000623	-0.000934	0.003120	0.002807
283	5	12	0	P90	1	-0.000311	-0.000311	0.003432	0.003432
283	5	12	0	P95	1	-0.000000	-0.000000	0.003745	0.003745
283	5	12	0	P99	1	-0.000000	-0.000000	0.003745	0.003745
283	5	12	0	P999	1	-0.000000	-0.000000	0.003745	0.003745
283	6	15	0	P1	1	-0.003483	-0.003483	0.000249	0.000249
283	6	15	0	P50	1	-0.001743	-0.001743	0.001996	0.001996
283	6	15	0	P75	1	-0.000747	-0.000747	0.002995	0.002995
283	6	15	0	P90	1	-0.000249	-0.000249	0.003495	0.003495
283	6	15	0	P95	1	-0.000000	-0.000000	0.003745	0.003745
283	6	15	0	P99	1	-0.000000	-0.000000	0.003745	0.003745
283	6	15	0	P999	1	-0.000000	-0.000000	0.003745	0.003745
283	7	18	0	P1	1	-0.003524	-0.003524	0.000208	0.000208
283	7	18	0	P50	1	-0.001660	-0.001867	0.002079	0.001871
283	7	18	0	P75	1	-0.000830	-0.000830	0.002912	0.002912
283	7	18	0	P90	1	-0.000208	-0.000208	0.003537	0.003537
283	7	18	0	P95	1	-0.000000	-0.000000	0.003745	0.003745
283	7	18	0	P99	1	-0.000000	-0.000000	0.003745	0.003745
283	7	18	0	P999	1	-0.000000	-0.000000	0.003745	0.003745
284	1	4	0	P1	1	-0.002800	-0.002800	0.000935	0.000935
284	1	4	0	P50	1	-0.000934	-0.001867	0.002807	0.001871
284	1	4	0	P75	1	-0.000000	-0.000934	0.003745	0.002807
284	1	4	0	P90	1	-0.000000	-0.000000	0.003745	0.003745
284	1	4	0	P95	1	-0.000000	-0.000000	0.003745	0.003745
284	1	4	0	P99	1	-0.000000	-0.000000	0.003745	0.003745
284	1	4	0	P999	1	-0.000000	-0.000000	0.003745	0.003745
284	2	6	0	P1	1	-0.003110	-0.003110	0.000623	0.000623
284	2	6	0	P50	1	-0.001245	-0.001867	0.002495	0.001871
284	2	6	0	P75	1	-0.000623	-0.000623	0.003120	0.003120
284	2	6	0	P90	1	-0.000000	-0.000000	0.003745	0.003745
284	2	6	0	P95	1	-0.000000	-0.000000	0.003745	0.003745
284	2	6	0	P99	1	-0.000000	-0.000000	0.003745	0.003745
284	2	6	0	P999	1	-0.000000	-0.000000	0.003745	0.003745
284	3	8	0	P1	1	-0.003265	-0.003265	0.000467	0.000467
284	3	8	0	P50	1	-0.001401	-0.001867	0.002339	0.001871
284	3	8	0	P75	1	-0.000467	-0.000934	0.003276	0.002807
284	3	8	0	P90	1	-0.000000	-0.000000	0.003745	0.003745
284	3	8	0	P95	1	-0.000000	-0.000000	0.003745	0.003745
284	3	8	0	P99	1	-0.000000	-0.000000	0.003745	0.003745
284	3	8	0	P999	1	-0.000000	-0.000000	0.003745	0.003745
284	4	10	0	P1	1	-0.003359	-0.003359	0.000374	0.000374
284	4	10	0	P50	1	-0.001494	-0.001867	0.002245	0.001871
284	4	10	0	P75	1	-0.000747	-0.000747	0.002995	0.002995
284	4	10	0	P90	1	-0.000000	-0.000374	0.003745	0.003370
284	4	10	0	P95	1	-0.000000	-0.000000	0.003745	0.003745
284	4	10	0	P99	1	-0.000000	-0.000000	0.003745	0.003745
284	4	10	0	P999	1	-0.000000	-0.000000	0.003745	0.003745
284	5	12	0	P1	1	-0.003421	-0.003421	0.000312	0.000312
284	5	12	0	P50	1	-0.001556	-0.001867	0.002183	0.001871
284	5	12	0	P75	1	-0.000623	-0.000934	0.003120	0.002807
284	5	12	0	P90	1	-0.000311	-0.000311	0.003432	0.003432
284	5	12	0	P95	1	-0.000000	-0.000000	0.003745	0.003745
284	5	12	0	P99	1	-0.000000	-0.000000	0.003745	0.003745
284	5	12	0	P999	1	-0.000000	-0.000000	0.003745	0.003745
284	6	14	0	P1	1	-0.003465	-0.003465	0.000267	0.000267
284	6	14	0	P50	1	-0.001601	-0.001867	0.002138	0.001871
284	6	14	0	P75	1	-0.000801	-0.000801	0.002941	0.002941
284	6	14	0	P90	1	-0.000267	-0.000267	0.003477	0.003477
284	6	14	0	P95	1	-0.000000	-0.000000	0.003745	0.003745
284	6	14	0	P99	1	-0.000000	-0.000000	0.003745	0.003745
284	6	14	0	P999	1	-0.000000	-0.000000	0.003745	0.003745
284	7	16	0	P1	1	-0.003498	-0.003498	0.000234	0.000234
284	7	16	0	P50	1	-0.001634	-0.001867	0.002105	0.001871
284	7	16	0	P75	1	-0.000701	-0.000934	0.003042	0.002807
284	7	16	0	P90	1	-0.000234	-0.000234	0.003510	0.003510
284	7	16	0	P95	1	-0.000000	-0.000000	0.003745	0.003745
284	7	16	0	P99	1	-0.000000	-0.000000	0.003745	0.003745
284	7	16	0	P999	1	-0.000000	-0.000000	0.003745	0.003745
285	1	7	0	P1	1	-0.003199	-0.003199	0.000534	0.000534
285	1	7	0	P50	1	-0.001601	-0.001601	0.002138	0.002138
285	1	7	0	P75	1	-0.000534	-0.000534	0.003209	0.003209
285	1	7	0	P90	1	-0.000000	-0.000000	0.003745	0.003745
285	1	7	0	P95	1	-0.000000	-0.000000	0.003745	0.003745
285	1	7	0	P99	1	-0.000000	-0.000000	0.003745	0.003745
285	1	7	0	P999	1	-0.000000	-0.000000	0.003745	0.003745
285	2	9	0	P1	1	-0.003317	-0.003317	0.000415	0.000415
285	2	9	0	P50	1	-0.001660	-0.001660	0.002079	0.002079
285	2	9	0	P75	1	-0.000830	-0.000830	0.002912	0.002912
285	2	9	0	P90	1	-0.000000	-0.000000	0.003745	0.003745
285	2	9	0	P95	1	-0.000000	-0.000000	0.003745	0.003745
285	2	9	0	P99	1	-0.000000	-0.000000	0.003745	0.003745
285	2	9	0	P999	1	-0.000000	-0.000000	0.003745	0.003745
285	3	11	0	P1	1	-0.003392	-0.003392	0.000340	0.000340
285	3	11	0	P50	1	-0.001698	-0.001698	0.002041	0.002041
285	3	11	0	P75	1	-0.000679	-0.000679	0.003063	0.003063
285	3	11	0	P90	1	-0.000340	-0.000340	0.003404	0.003404
285	3	11	0	P95	1	-0.000000	-0.000000	0.003745	0.003745
285	3	11	0	P99	1	-0.000000	-0.000000	0.003745	0.003745
285	3	11	0	P999	1	-0.000000	-0.000000	0.003745	0.003745
285	4	19	1	P1	1	-0.002120	-0.002120	0.000340	0.000340
285	4	19	1	P50	1	0.000937	0.000937	0.003404	0.003404
285	4	19	1	P75	9	-0.003141	-0.003141	-0.001171	-0.001171
285	4	19	1	P90	16	-0.000867	-0.000867	0.000980	0.000980
285	4	19	1	P95	18	0.000992	0.000992	0.002815	0.002815
285	4	19	1	P99	18	0.000992	0.000992	0.002815	0.002815
285	4	19	1	P999	18	0.000992	0.000992	0.002815	0.002815
285	5	148	2	P1	1	-0.002400	-0.002400	0.000059	0.000059
285	5	148	2	P50	1	-0.000236	-0.000266	0.002227	0.002198
285	5	148	2	P75	1	0.000862	0.000832	0.003328	0.003298
285	5	148	2	P90	4	-0.000418	-0.000418	-0.002000	-0.002000
285	5	148	2	P95	8	-0.001265	-0.001265	0.000735	0.000735
285	5	148	2	P99	16	-0.000867	-0.000867	0.000980	0.000980
285	5	148	2	P999	18	0.000992	0.000992	0.002815	0.002815
285	6	150	3	P1	1	-0.003030	-0.003030	0.000059	0.000059
285	6	150	3	P50	1	-0.000839	-0.000868	0.002257	0.002227
285	6	150	3	P75	1	0.000259	0.000259	0.003358	0.003358
285	6	150	3	P90	4	0.001290	0.000043	0.000490	-0.000756
285	6	150	3	P95	9	-0.004942	-0.004942	-0.002104	-0.002104
285	6	150	3	P99	18	0.000041	0.000041	0.002815	0.002815
285	6	150	3	P999	20	-0.000644	-0.000644	0.002116	0.002116
285	7	152	4	P1	1	-0.003030	-0.003030	0.000059	0.000059
285	7	152	4	P50	1	-0.000809	-0.000839	0.002287	0.002257
285	7	152	4	P75	1	0.000318	0.000288	0.003417	0.003388
285	7	152	4	P90	5	-0.000355	-0.000355	-0.001179	-0.001179
285	7	152	4	P95	9	-0.003080	-0.003080	-0.000237	-0.000237
285	7	152	4	P99	18	0.000041	0.000041	0.002815	0.002815
285	7	152	4	P999	20	-0.000644	-0.000644	0.002116	0.002116
