key_ordinal	n	quantile	oracle	T_int	T_int_err	T_ceil	T_ceil_err	G_int	G_int_err	G_ceil	G_ceil_err
1	334	P1	1	0.996314	-0.003686	0.996314	-0.003686	1.000045	0.000045	1.000045	0.000045
1	334	P50	1	0.998155	-0.001845	0.998144	-0.001856	1.001893	0.001893	1.001882	0.001882
1	334	P75	1	0.999088	-0.000912	0.999088	-0.000912	1.002830	0.002830	1.002830	0.002830
1	334	P90	1	0.999651	-0.000349	0.999651	-0.000349	1.003395	0.003395	1.003395	0.003395
1	334	P95	1	0.999842	-0.000158	0.999842	-0.000158	1.003587	0.003587	1.003587	0.003587
1	334	P99	1	0.999989	-0.000011	0.999989	-0.000011	1.003734	0.003734	1.003734	0.003734
1	334	P999	46	46.127619	0.002774	46.127619	0.002774	46.127619	0.002774	46.127619	0.002774
2	516	P1	3	3.000111	0.000037	3.000111	0.000037	2.990382	-0.003206	2.990382	-0.003206
2	516	P50	4	3.990420	-0.002395	3.990380	-0.002405	3.992375	-0.001906	3.992335	-0.001916
2	516	P75	4	3.995610	-0.001098	3.995569	-0.001108	3.997567	-0.000608	3.997527	-0.000618
2	516	P90	4	3.998711	-0.000322	3.998711	-0.000322	4.000670	0.000167	4.000670	0.000167
2	516	P95	4	3.999758	-0.000060	3.999758	-0.000060	4.001718	0.000429	4.001718	0.000429
2	516	P99	5	5.002373	0.000475	5.002373	0.000475	5.004824	0.000965	5.004824	0.000965
2	516	P999	45	45.082505	0.001833	45.082505	0.001833	45.104594	0.002324	45.104594	0.002324
3	516	P1	3	2.989240	-0.003587	2.989240	-0.003587	2.990282	-0.003239	2.990282	-0.003239
3	516	P50	4	3.989981	-0.002505	3.989939	-0.002515	3.991373	-0.002157	3.991331	-0.002167
3	516	P75	4	3.995374	-0.001157	3.995332	-0.001167	3.996767	-0.000808	3.996725	-0.000819
3	516	P90	4	3.998596	-0.000351	3.998596	-0.000351	3.999991	-0.000002	3.999991	-0.000002
3	516	P95	4	3.999685	-0.000079	3.999685	-0.000079	4.001080	0.000270	4.001080	0.000270
3	516	P99	4	4.000522	0.000131	4.000522	0.000131	4.001918	0.000479	4.001918	0.000479
3	516	P999	43	43.111069	0.002583	43.111069	0.002583	43.126107	0.002933	43.126107	0.002933
4	303	P1	3	3.002216	0.000739	3.002216	0.000739	2.992480	-0.002507	2.992480	-0.002507
4	303	P50	4	3.993160	-0.001710	3.993160	-0.001710	3.995117	-0.001221	3.995117	-0.001221
4	303	P75	4	3.997719	-0.000570	3.997719	-0.000570	3.999678	-0.000081	3.999678	-0.000081
4	303	P90	5	4.990526	-0.001895	4.990526	-0.001895	4.992971	-0.001406	4.992971	-0.001406
4	303	P95	5	4.998094	-0.000381	4.998094	-0.000381	5.000543	0.000109	5.000543	0.000109
4	303	P99	5	5.004157	0.000831	5.004157	0.000831	5.006609	0.001322	5.006609	0.001322
4	303	P999	5	5.005674	0.001135	5.005674	0.001135	5.008127	0.001625	5.008127	0.001625
5	515	P1	3	3.000087	0.000029	3.000087	0.000029	2.990358	-0.003214	2.990358	-0.003214
5	515	P50	4	3.990166	-0.002459	3.990166	-0.002459	3.992121	-0.001970	3.992121	-0.001970
5	515	P75	4	3.995383	-0.001154	3.995383	-0.001154	3.997341	-0.000665	3.997341	-0.000665
5	515	P90	4	3.998501	-0.000375	3.998501	-0.000375	4.000460	0.000115	4.000460	0.000115
5	515	P95	4	3.999554	-0.000111	3.999554	-0.000111	4.001514	0.000378	4.001514	0.000378
5	515	P99	5	4.999920	-0.000016	4.999920	-0.000016	5.002370	0.000474	5.002370	0.000474
5	515	P999	32	32.083428	0.002607	32.083428	0.002607	32.099148	0.003098	32.099148	0.003098
6	514	P1	3	3.000439	0.000146	3.000439	0.000146	2.990709	-0.003097	2.990709	-0.003097
6	514	P50	4	3.992083	-0.001979	3.992044	-0.001989	3.994039	-0.001490	3.994000	-0.001500
6	514	P75	4	3.997073	-0.000732	3.997073	-0.000732	3.999032	-0.000242	3.999032	-0.000242
6	514	P90	5	4.987715	-0.002457	4.987715	-0.002457	4.990159	-0.001968	4.990159	-0.001968
6	514	P95	5	4.997046	-0.000591	4.997046	-0.000591	4.999494	-0.000101	4.999494	-0.000101
6	514	P99	5	5.004235	0.000847	5.004235	0.000847	5.006687	0.001337	5.006687	0.001337
6	514	P999	7	7.007555	0.001079	7.007555	0.001079	7.010988	0.001570	7.010988	0.001570
7	100	P1	3	3.001820	0.000607	3.000698	0.000233	2.992086	-0.002638	2.990967	-0.003011
7	100	P50	4	3.992353	-0.001912	3.992176	-0.001956	3.994309	-0.001423	3.994132	-0.001467
7	100	P75	4	3.996797	-0.000801	3.996619	-0.000845	3.998756	-0.000311	3.998578	-0.000356
7	100	P90	4	3.999466	-0.000133	3.999288	-0.000178	4.001426	0.000356	4.001248	0.000312
7	100	P95	5	4.993216	-0.001357	4.990106	-0.001979	4.995662	-0.000868	4.992551	-0.001490
7	100	P99	5	5.005674	0.001135	5.002557	0.000511	5.008127	0.001625	5.005008	0.001002
7	100	P999	5	5.005674	0.001135	5.005674	0.001135	5.008127	0.001625	5.008127	0.001625
8	205	P1	3	3.000538	0.000179	3.000538	0.000179	2.990808	-0.003064	2.990808	-0.003064
8	205	P50	4	3.991257	-0.002186	3.991257	-0.002186	3.993213	-0.001697	3.993213	-0.001697
8	205	P75	4	3.995899	-0.001025	3.995899	-0.001025	3.997857	-0.000536	3.997857	-0.000536
8	205	P90	4	3.998724	-0.000319	3.998724	-0.000319	4.000683	0.000171	4.000683	0.000171
8	205	P95	4	3.999635	-0.000091	3.999635	-0.000091	4.001595	0.000399	4.001595	0.000399
8	205	P99	5	4.999441	-0.000112	4.999441	-0.000112	5.001891	0.000378	5.001891	0.000378
8	205	P999	5	5.005674	0.001135	5.005674	0.001135	5.008127	0.001625	5.008127	0.001625
9	272	P1	3	2.994853	-0.001716	2.994853	-0.001716	2.992430	-0.002523	2.992430	-0.002523
9	272	P50	42	41.952613	-0.001128	41.950273	-0.001184	41.918665	-0.001937	41.916326	-0.001992
9	272	P75	43	42.954689	-0.001054	42.950572	-0.001149	43.080664	0.001876	43.076535	0.001780
9	272	P90	45	45.103641	0.002303	45.103641	0.002303	45.067143	0.001492	45.067143	0.001492
9	272	P95	46	46.149291	0.003245	46.149291	0.003245	46.111947	0.002434	46.111947	0.002434
9	272	P99	54	54.012519	0.000232	54.012519	0.000232	54.170923	0.003165	54.170923	0.003165
9	272	P999	60	60.196654	0.003278	60.196654	0.003278	60.147943	0.002466	60.147943	0.002466
10	525	P1	8	7.997114	-0.000361	7.997114	-0.000361	7.997114	-0.000361	7.997114	-0.000361
10	525	P50	9	9.000453	0.000050	9.000453	0.000050	9.000453	0.000050	9.000453	0.000050
10	525	P75	10	9.982284	-0.001772	9.982284	-0.001772	10.019668	0.001967	10.019668	0.001967
10	525	P90	11	10.985961	-0.001276	10.985961	-0.001276	10.985961	-0.001276	10.985961	-0.001276
10	525	P95	11	11.019378	0.001762	11.019378	0.001762	11.019378	0.001762	11.019378	0.001762
10	525	P99	18	18.028201	0.001567	18.028201	0.001567	18.028201	0.001567	18.028201	0.001567
10	525	P999	49	49.153952	0.003142	49.153952	0.003142	49.153952	0.003142	49.153952	0.003142
11	595	P1	7	6.975115	-0.003555	6.975115	-0.003555	6.986064	-0.001991	6.986064	-0.001991
11	595	P50	8	7.992508	-0.000937	7.992508	-0.000937	8.005054	0.000632	8.005054	0.000632
11	595	P75	8	8.004814	0.000602	8.004814	0.000602	8.017379	0.002172	8.017379	0.002172
11	595	P90	9	9.009542	0.001060	9.009542	0.001060	8.990017	-0.001109	8.990017	-0.001109
11	595	P95	9	9.020651	0.002295	9.020651	0.002295	9.001102	0.000122	9.001102	0.000122
11	595	P99	10	10.009239	0.000924	10.009239	0.000924	10.024951	0.002495	10.024951	0.002495
11	595	P999	10	10.021718	0.002172	10.021718	0.002172	10.037450	0.003745	10.037450	0.003745
12	533	P1	7	7.010988	0.001570	7.010988	0.001570	7.010988	0.001570	7.010988	0.001570
12	533	P50	9	8.983700	-0.001811	8.983700	-0.001811	8.983700	-0.001811	8.983700	-0.001811
12	533	P75	9	9.005620	0.000624	9.005620	0.000624	9.005620	0.000624	9.005620	0.000624
12	533	P90	10	9.987119	-0.001288	9.987119	-0.001288	10.024520	0.002452	10.024520	0.002452
12	533	P95	10	9.995812	-0.000419	9.995812	-0.000419	10.033246	0.003325	10.033246	0.003325
12	533	P99	12	12.010068	0.000839	12.010068	0.000839	12.010068	0.000839	12.010068	0.000839
12	533	P999	66	66.039716	0.000602	66.039716	0.000602	66.039716	0.000602	66.039716	0.000602
13	1501	P1	6	5.984725	-0.002546	5.984725	-0.002546	5.994119	-0.000980	5.994119	-0.000980
13	1501	P50	7	6.987147	-0.001836	6.987147	-0.001836	6.998115	-0.000269	6.998115	-0.000269
13	1501	P75	7	6.996239	-0.000537	6.996239	-0.000537	7.007221	0.001032	7.007221	0.001032
13	1501	P90	8	7.988402	-0.001450	7.988402	-0.001450	8.000942	0.000118	8.000942	0.000118
13	1501	P95	8	7.999125	-0.000109	7.999125	-0.000109	8.011681	0.001460	8.011681	0.001460
13	1501	P99	8	8.007714	0.000964	8.007714	0.000964	8.020283	0.002535	8.020283	0.002535
13	1501	P999	45	45.033904	0.000753	45.033904	0.000753	45.104594	0.002324	45.104594	0.002324
14	518	P1	5	4.998245	-0.000351	4.998245	-0.000351	4.991875	-0.001625	4.991875	-0.001625
14	518	P50	6	5.990345	-0.001609	5.990285	-0.001619	6.005115	0.000853	6.005056	0.000843
14	518	P75	6	5.998032	-0.000328	5.998032	-0.000328	6.012821	0.002137	6.012821	0.002137
14	518	P90	7	7.006542	0.000935	7.006542	0.000935	6.997612	-0.000341	6.997612	-0.000341
14	518	P95	7	7.013948	0.001993	7.013948	0.001993	7.005009	0.000716	7.005009	0.000716
14	518	P99	7	7.019649	0.002807	7.019649	0.002807	7.010703	0.001529	7.010703	0.001529
14	518	P999	64	64.175909	0.002749	64.175909	0.002749	64.094119	0.001471	64.094119	0.001471
15	140	P1	5	4.997433	-0.000513	4.997433	-0.000513	4.991064	-0.001787	4.991064	-0.001787
15	140	P50	6	5.988138	-0.001977	5.987919	-0.002014	6.002903	0.000484	6.002683	0.000447
15	140	P75	6	5.995824	-0.000696	5.995604	-0.000733	6.010608	0.001768	6.010387	0.001731
15	140	P90	7	6.997479	-0.000360	6.995611	-0.000627	6.988561	-0.001634	6.986695	-0.001901
15	140	P95	7	7.010569	0.001510	7.008698	0.001243	7.001635	0.000234	6.999765	-0.000034
15	140	P99	7	7.019935	0.002848	7.019935	0.002848	7.010988	0.001570	7.010988	0.001570
15	140	P999	8	8.001129	0.000141	8.001129	0.000141	8.020857	0.002607	8.020857	0.002607
16	123	P1	5	5.000278	0.000056	5.000278	0.000056	5.008127	0.001625	5.008127	0.001625
16	123	P50	7	6.981744	-0.002608	6.981744	-0.002608	6.992703	-0.001042	6.992703	-0.001042
16	123	P75	7	6.992835	-0.001024	6.992835	-0.001024	7.003812	0.000545	7.003812	0.000545
16	123	P90	7	6.999283	-0.000102	6.999283	-0.000102	7.010270	0.001467	7.010270	0.001467
16	123	P95	8	7.990346	-0.001207	7.990346	-0.001207	8.002888	0.000361	8.002888	0.000361
16	123	P99	8	8.005294	0.000662	8.005294	0.000662	8.017859	0.002232	8.017859	0.002232
16	123	P999	8	8.008286	0.001036	8.008286	0.001036	8.020857	0.002607	8.020857	0.002607
17	146	P1	5	4.996342	-0.000732	4.996342	-0.000732	4.989975	-0.002005	4.989975	-0.002005
17	146	P50	6	5.978856	-0.003524	5.978545	-0.003576	5.993598	-0.001067	5.993287	-0.001119
17	146	P75	6	5.990040	-0.001660	5.990040	-0.001660	6.004810	0.000802	6.004810	0.000802
17	146	P90	6	5.996886	-0.000519	5.996886	-0.000519	6.011672	0.001945	6.011672	0.001945
17	146	P95	6	5.999066	-0.000156	5.999066	-0.000156	6.013858	0.002310	6.013858	0.002310
17	146	P99	7	7.019935	0.002848	7.019935	0.002848	7.010988	0.001570	7.010988	0.001570
17	146	P999	9	9.017773	0.001975	9.017773	0.001975	9.006280	0.000698	9.006280	0.000698
18	601	P1	6	5.983376	-0.002771	5.983376	-0.002771	5.992768	-0.001205	5.992768	-0.001205
18	601	P50	7	6.980267	-0.002819	6.980267	-0.002819	6.991224	-0.001254	6.991224	-0.001254
18	601	P75	7	6.991960	-0.001149	6.991960	-0.001149	7.002935	0.000419	7.002935	0.000419
18	601	P90	7	6.998985	-0.000145	6.998985	-0.000145	7.009971	0.001424	7.009971	0.001424
18	601	P95	8	7.991092	-0.001113	7.991092	-0.001113	8.003636	0.000455	8.003636	0.000455
18	601	P99	9	9.025840	0.002871	9.025840	0.002871	9.006280	0.000698	9.006280	0.000698
18	601	P999	19	19.061759	0.003250	19.061759	0.003250	19.020450	0.001076	19.020450	0.001076
19	662	P1	6	5.987194	-0.002134	5.987194	-0.002134	5.996592	-0.000568	5.996592	-0.000568
19	662	P50	7	6.992711	-0.001041	6.992647	-0.001050	7.003687	0.000527	7.003623	0.000518
19	662	P75	8	7.985759	-0.001780	7.985759	-0.001780	7.998294	-0.000213	7.998294	-0.000213
19	662	P90	8	8.000048	0.000006	8.000048	0.000006	8.012606	0.001576	8.012606	0.001576
19	662	P95	8	8.004817	0.000602	8.004817	0.000602	8.017382	0.002173	8.017382	0.002173
19	662	P99	9	9.008987	0.000999	9.008987	0.000999	8.989463	-0.001171	8.989463	-0.001171
19	662	P999	41	41.016177	0.000395	41.016177	0.000395	41.080561	0.001965	41.080561	0.001965
20	776	P1	5	4.982061	-0.003588	4.982061	-0.003588	4.990159	-0.001968	4.990159	-0.001968
20	776	P50	6	5.991377	-0.001437	5.991334	-0.001444	6.001115	0.000186	6.001073	0.000179
20	776	P75	6	5.999627	-0.000062	5.999584	-0.000069	6.009379	0.001563	6.009336	0.001556
20	776	P90	6	6.004565	0.000761	6.004565	0.000761	6.014325	0.002388	6.014325	0.002388
20	776	P95	7	7.010720	0.001531	7.010720	0.001531	6.995915	-0.000584	6.995915	-0.000584
20	776	P99	7	7.023039	0.003291	7.023039	0.003291	7.008209	0.001173	7.008209	0.001173
20	776	P999	7	7.025824	0.003689	7.025824	0.003689	7.010988	0.001570	7.010988	0.001570
21	194	P1	6	5.984826	-0.002529	5.984826	-0.002529	5.994220	-0.000963	5.994220	-0.000963
21	194	P50	7	6.988082	-0.001703	6.987890	-0.001730	6.999051	-0.000136	6.998859	-0.000163
21	194	P75	7	6.997307	-0.000385	6.997307	-0.000385	7.008291	0.001184	7.008291	0.001184
21	194	P90	8	7.991975	-0.001003	7.991975	-0.001003	8.004520	0.000565	8.004520	0.000565
21	194	P95	8	8.001033	0.000129	8.001033	0.000129	8.013592	0.001699	8.013592	0.001699
21	194	P99	8	8.008286	0.001036	8.008286	0.001036	8.020857	0.002607	8.020857	0.002607
21	194	P999	9	9.025840	0.002871	9.025840	0.002871	9.006280	0.000698	9.006280	0.000698
22	777	P1	5	5.000338	0.000068	5.000338	0.000068	4.993965	-0.001207	4.993965	-0.001207
22	777	P50	6	5.993080	-0.001153	5.993080	-0.001153	6.007857	0.001309	6.007857	0.001309
22	777	P75	7	6.997866	-0.000305	6.997866	-0.000305	6.988948	-0.001579	6.988948	-0.001579
22	777	P90	7	7.011666	0.001667	7.011666	0.001667	7.002729	0.000390	7.002729	0.000390
22	777	P95	7	7.016271	0.002324	7.016271	0.002324	7.007329	0.001047	7.007329	0.001047
22	777	P99	7	7.019935	0.002848	7.019935	0.002848	7.010988	0.001570	7.010988	0.001570
22	777	P999	61	61.131934	0.002163	61.131934	0.002163	61.054023	0.000886	61.054023	0.000886
23	605	P1	6	5.978196	-0.003634	5.978196	-0.003634	5.992936	-0.001177	5.992936	-0.001177
23	605	P50	7	6.996522	-0.000497	6.996522	-0.000497	6.987605	-0.001771	6.987605	-0.001771
23	605	P75	7	7.008873	0.001268	7.008873	0.001268	6.999941	-0.000008	6.999941	-0.000008
23	605	P90	7	7.016328	0.002333	7.016328	0.002333	7.007385	0.001055	7.007385	0.001055
23	605	P95	7	7.018787	0.002684	7.018787	0.002684	7.009841	0.001406	7.009841	0.001406
23	605	P99	8	7.992588	-0.000926	7.992588	-0.000926	8.012295	0.001537	8.012295	0.001537
23	605	P999	12	12.025394	0.002116	12.025394	0.002116	12.010068	0.000839	12.010068	0.000839
24	763	P1	5	4.996372	-0.000726	4.996372	-0.000726	4.990005	-0.001999	4.990005	-0.001999
24	763	P50	6	5.983167	-0.002805	5.983167	-0.002805	5.997920	-0.000347	5.997920	-0.000347
24	763	P75	6	5.992243	-0.001293	5.992243	-0.001293	6.007019	0.001170	6.007019	0.001170
24	763	P90	6	5.997667	-0.000389	5.997667	-0.000389	6.012456	0.002076	6.012456	0.002076
24	763	P95	6	5.999476	-0.000087	5.999476	-0.000087	6.014269	0.002378	6.014269	0.002378
24	763	P99	7	7.017550	0.002507	7.017550	0.002507	7.008606	0.001229	7.008606	0.001229
24	763	P999	57	57.154095	0.002703	57.154095	0.002703	57.081254	0.001426	57.081254	0.001426
25	827	P1	5	4.996562	-0.000688	4.996562	-0.000688	4.990194	-0.001961	4.990194	-0.001961
25	827	P50	6	5.985159	-0.002474	5.985159	-0.002474	5.999917	-0.000014	5.999917	-0.000014
25	827	P75	6	5.993347	-0.001109	5.993347	-0.001109	6.008125	0.001354	6.008125	0.001354
25	827	P90	6	5.998257	-0.000291	5.998257	-0.000291	6.013047	0.002174	6.013047	0.002174
25	827	P95	6	5.999881	-0.000020	5.999881	-0.000020	6.014675	0.002446	6.014675	0.002446
25	827	P99	7	7.014972	0.002139	7.014972	0.002139	7.006032	0.000862	7.006032	0.000862
25	827	P999	8	8.001129	0.000141	8.001129	0.000141	8.020857	0.002607	8.020857	0.002607
26	493	P1	5	4.997476	-0.000505	4.997476	-0.000505	4.991107	-0.001779	4.991107	-0.001779
26	493	P50	6	5.989067	-0.001822	5.989067	-0.001822	6.003834	0.000639	6.003834	0.000639
26	493	P75	6	5.996453	-0.000591	5.996453	-0.000591	6.011239	0.001873	6.011239	0.001873
26	493	P90	7	7.000175	0.000025	7.000175	0.000025	6.991253	-0.001250	6.991253	-0.001250
26	493	P95	7	7.010907	0.001558	7.010907	0.001558	7.001972	0.000282	7.001972	0.000282
26	493	P99	7	7.019504	0.002786	7.019504	0.002786	7.010558	0.001508	7.010558	0.001508
26	493	P999	52	52.055058	0.001059	52.055058	0.001059	52.183411	0.003527	52.183411	0.003527
27	777	P1	10	9.997365	-0.000264	9.997365	-0.000264	10.005752	0.000575	10.005752	0.000575
27	777	P50	11	11.000492	0.000045	11.000492	0.000045	11.009721	0.000884	11.009721	0.000884
27	777	P75	12	11.970560	-0.002453	11.970560	-0.002453	11.980603	-0.001616	11.980603	-0.001616
27	777	P90	12	11.995515	-0.000374	11.995515	-0.000374	12.005579	0.000465	12.005579	0.000465
27	777	P95	13	12.999788	-0.000016	12.999788	-0.000016	13.010694	0.000823	13.010694	0.000823
27	777	P99	14	14.011273	0.000805	14.011273	0.000805	14.023028	0.001645	14.023028	0.001645
27	777	P999	16	16.002257	0.000141	16.002257	0.000141	16.015683	0.000980	16.015683	0.000980
28	601	P1	6	6.000789	0.000132	6.000789	0.000132	5.993987	-0.001002	5.993987	-0.001002
28	601	P50	7	7.006033	0.000862	7.006033	0.000862	6.998091	-0.000273	6.998091	-0.000273
28	601	P75	7	7.015763	0.002252	7.015763	0.002252	7.007810	0.001116	7.007810	0.001116
28	601	P90	8	7.983440	-0.002070	7.983440	-0.002070	8.004254	0.000532	8.004254	0.000532
28	601	P95	8	7.993177	-0.000853	7.993177	-0.000853	8.014016	0.001752	8.014016	0.001752
28	601	P99	9	8.999665	-0.000037	8.999665	-0.000037	8.989463	-0.001171	8.989463	-0.001171
28	601	P999	14	14.015109	0.001079	14.015109	0.001079	14.051648	0.003689	14.051648	0.003689
29	357	P1	7	6.993266	-0.000962	6.993266	-0.000962	6.985339	-0.002094	6.985339	-0.002094
29	357	P50	8	7.973897	-0.003263	7.973897	-0.003263	7.994686	-0.000664	7.994686	-0.000664
29	357	P75	8	7.987797	-0.001525	7.987797	-0.001525	8.008623	0.001078	8.008623	0.001078
29	357	P90	8	7.996243	-0.000470	7.996243	-0.000470	8.017091	0.002136	8.017091	0.002136
29	357	P95	8	7.999061	-0.000117	7.999061	-0.000117	8.019915	0.002489	8.019915	0.002489
29	357	P99	9	9.007314	0.000813	9.007314	0.000813	8.997103	-0.000322	8.997103	-0.000322
29	357	P999	9	9.016501	0.001833	9.016501	0.001833	9.006280	0.000698	9.006280	0.000698
30	601	P1	6	5.984139	-0.002644	5.984139	-0.002644	5.993532	-0.001078	5.993532	-0.001078
30	601	P50	7	6.985357	-0.002092	6.985357	-0.002092	6.996322	-0.000525	6.996322	-0.000525
30	601	P75	7	6.995618	-0.000626	6.995618	-0.000626	7.006599	0.000943	7.006599	0.000943
30	601	P90	8	7.988355	-0.001456	7.988355	-0.001456	8.000894	0.000112	8.000894	0.000112
30	601	P95	8	7.999848	-0.000019	7.999848	-0.000019	8.012405	0.001551	8.012405	0.001551
30	601	P99	9	9.003376	0.000375	9.003376	0.000375	8.983865	-0.001793	8.983865	-0.001793
30	601	P999	48	48.168196	0.003504	48.168196	0.003504	48.063809	0.001329	48.063809	0.001329
31	637	P1	7	6.989909	-0.001442	6.989909	-0.001442	6.989909	-0.001442	6.989909	-0.001442
31	637	P50	8	8.010523	0.001315	8.010523	0.001315	8.010523	0.001315	8.010523	0.001315
31	637	P75	9	8.974788	-0.002801	8.974788	-0.002801	8.974788	-0.002801	8.974788	-0.002801
31	637	P90	9	8.995065	-0.000548	8.995065	-0.000548	8.995065	-0.000548	8.995065	-0.000548
31	637	P95	9	9.001835	0.000204	9.001835	0.000204	9.001835	0.000204	9.001835	0.000204
31	637	P99	10	9.983993	-0.001601	9.983993	-0.001601	10.021383	0.002138	10.021383	0.002138
31	637	P999	64	64.094119	0.001471	64.094119	0.001471	64.094119	0.001471	64.094119	0.001471
32	694	P1	9	8.967955	-0.003561	8.967955	-0.003561	8.974213	-0.002865	8.974213	-0.002865
32	694	P50	10	10.009824	0.000982	10.009738	0.000974	10.016809	0.001681	10.016723	0.001672
32	694	P75	10	10.024750	0.002475	10.024750	0.002475	10.031745	0.003175	10.031745	0.003175
32	694	P90	11	10.993260	-0.000613	10.993260	-0.000613	11.000932	0.000085	11.000932	0.000085
32	694	P95	11	11.012980	0.001180	11.012980	0.001180	11.020665	0.001879	11.020665	0.001879
32	694	P99	12	11.998702	-0.000108	11.998702	-0.000108	12.007075	0.000590	12.007075	0.000590
32	694	P999	13	13.030371	0.002336	13.030371	0.002336	13.039464	0.003036	13.039464	0.003036
33	601	P1	9	8.973710	-0.002921	8.973710	-0.002921	8.973710	-0.002921	8.973710	-0.002921
33	601	P50	10	9.975111	-0.002489	9.975111	-0.002489	10.012468	0.001247	10.012468	0.001247
33	601	P75	10	9.992883	-0.000712	9.992883	-0.000712	10.030306	0.003031	10.030306	0.003031
33	601	P90	11	10.997405	-0.000236	10.997405	-0.000236	10.997405	-0.000236	10.997405	-0.000236
33	601	P95	11	11.015293	0.001390	11.015293	0.001390	11.015293	0.001390	11.015293	0.001390
33	601	P99	12	12.000620	0.000052	12.000620	0.000052	12.000620	0.000052	12.000620	0.000052
33	601	P999	20	20.042323	0.002116	20.042323	0.002116	20.042323	0.002116	20.042323	0.002116
34	777	P1	6	5.983017	-0.002830	5.983017	-0.002830	5.992409	-0.001265	5.992409	-0.001265
34	777	P50	6	6.004304	0.000717	6.004304	0.000717	6.013729	0.002288	6.013729	0.002288
34	777	P75	7	6.986673	-0.001904	6.986673	-0.001904	6.997640	-0.000337	6.997640	-0.000337
34	777	P90	7	6.995238	-0.000680	6.995238	-0.000680	7.006218	0.000888	7.006218	0.000888
34	777	P95	7	6.998095	-0.000272	6.998095	-0.000272	7.009080	0.001297	7.009080	0.001297
34	777	P99	8	7.990844	-0.001145	7.990844	-0.001145	8.003387	0.000423	8.003387	0.000423
34	777	P999	8	8.008286	0.001036	8.008286	0.001036	8.020857	0.002607	8.020857	0.002607
35	1736	P1	253	252.819148	-0.000715	252.819148	-0.000715	253.073548	0.000291	253.073548	0.000291
35	1736	P50	264	263.937151	-0.000238	263.929382	-0.000267	264.202738	0.000768	264.194962	0.000738
35	1736	P75	269	268.943972	-0.000208	268.936525	-0.000236	269.137793	0.000512	269.120742	0.000449
35	1736	P90	277	276.406884	-0.002141	276.406884	-0.002141	276.685020	-0.001137	276.685020	-0.001137
35	1736	P95	283	283.070732	0.000250	283.070732	0.000250	283.355573	0.001256	283.355573	0.001256
35	1736	P99	297	297.125437	0.000422	297.125437	0.000422	297.424420	0.001429	297.424420	0.001429
35	1736	P999	639	640.296888	0.002030	640.296888	0.002030	640.941189	0.003038	640.941189	0.003038
36	249	P1	1	0.997561	-0.002439	0.997561	-0.002439	1.000050	0.000050	1.000050	0.000050
36	249	P50	1	0.999603	-0.000397	0.999603	-0.000397	1.002097	0.002097	1.002097	0.002097
36	249	P75	1	1.000643	0.000643	1.000643	0.000643	1.003139	0.003139	1.003139	0.003139
36	249	P90	2	2.004534	0.002267	2.004534	0.002267	2.001737	0.000868	2.001737	0.000868
36	249	P95	40	39.951872	-0.001203	39.951872	-0.001203	39.944872	-0.001378	39.944872	-0.001378
36	249	P99	42	42.098762	0.002351	42.098762	0.002351	42.012316	0.000293	42.012316	0.000293
36	249	P999	602	603.064432	0.001768	603.064432	0.001768	603.731945	0.002877	603.731945	0.002877
37	542	P1	3	3.000680	0.000227	3.000680	0.000227	2.990949	-0.003017	2.990949	-0.003017
37	542	P50	4	3.992392	-0.001902	3.992358	-0.001911	3.994348	-0.001413	3.994314	-0.001422
37	542	P75	4	3.997080	-0.000730	3.997080	-0.000730	3.999039	-0.000240	3.999039	-0.000240
37	542	P90	4	3.999896	-0.000026	3.999896	-0.000026	4.001855	0.000464	4.001855	0.000464
37	542	P95	5	4.996137	-0.000773	4.996137	-0.000773	4.998585	-0.000283	4.998585	-0.000283
37	542	P99	5	5.004529	0.000906	5.004529	0.000906	5.006981	0.001396	5.006981	0.001396
37	542	P999	42	42.148999	0.003548	42.148999	0.003548	42.012316	0.000293	42.012316	0.000293
38	1610	P1	1	0.996308	-0.003692	0.996308	-0.003692	1.000039	0.000039	1.000039	0.000039
38	1610	P50	1	0.998135	-0.001865	0.998133	-0.001867	1.001873	0.001873	1.001871	0.001871
38	1610	P75	1	0.999067	-0.000933	0.999067	-0.000933	1.002809	0.002809	1.002809	0.002809
38	1610	P90	1	0.999629	-0.000371	0.999626	-0.000374	1.003372	0.003372	1.003370	0.003370
38	1610	P95	1	0.999814	-0.000186	0.999814	-0.000186	1.003559	0.003559	1.003559	0.003559
38	1610	P99	1	0.999963	-0.000037	0.999963	-0.000037	1.003708	0.003708	1.003708	0.003708
38	1610	P999	1	0.999998	-0.000002	0.999998	-0.000002	1.003743	0.003743	1.003743	0.003743
39	1601	P1	1	0.996309	-0.003691	0.996309	-0.003691	1.000040	0.000040	1.000040	0.000040
39	1601	P50	1	0.998134	-0.001866	0.998134	-0.001866	1.001872	0.001872	1.001872	0.001872
39	1601	P75	1	0.999067	-0.000933	0.999067	-0.000933	1.002808	0.002808	1.002808	0.002808
39	1601	P90	1	0.999627	-0.000373	0.999627	-0.000373	1.003370	0.003370	1.003370	0.003370
39	1601	P95	1	0.999813	-0.000187	0.999813	-0.000187	1.003557	0.003557	1.003557	0.003557
39	1601	P99	1	0.999963	-0.000037	0.999963	-0.000037	1.003707	0.003707	1.003707	0.003707
39	1601	P999	1	0.999998	-0.000002	0.999998	-0.000002	1.003743	0.003743	1.003743	0.003743
40	1622	P1	1	0.996308	-0.003692	0.996308	-0.003692	1.000039	0.000039	1.000039	0.000039
40	1622	P50	1	0.998135	-0.001865	0.998133	-0.001867	1.001873	0.001873	1.001871	0.001871
40	1622	P75	1	0.999067	-0.000933	0.999067	-0.000933	1.002809	0.002809	1.002809	0.002809
40	1622	P90	1	0.999627	-0.000373	0.999627	-0.000373	1.003370	0.003370	1.003370	0.003370
40	1622	P95	1	0.999813	-0.000187	0.999813	-0.000187	1.003558	0.003558	1.003558	0.003558
40	1622	P99	1	0.999963	-0.000037	0.999963	-0.000037	1.003708	0.003708	1.003708	0.003708
40	1622	P999	1	0.999998	-0.000002	0.999998	-0.000002	1.003743	0.003743	1.003743	0.003743
41	2456	P1	1	0.996308	-0.003692	0.996308	-0.003692	1.000039	0.000039	1.000039	0.000039
41	2456	P50	1	0.998167	-0.001833	0.998165	-0.001835	1.001905	0.001905	1.001903	0.001903
41	2456	P75	1	0.999116	-0.000884	0.999115	-0.000885	1.002858	0.002858	1.002856	0.002856
41	2456	P90	1	0.999686	-0.000314	0.999686	-0.000314	1.003429	0.003429	1.003429	0.003429
41	2456	P95	1	0.999876	-0.000124	0.999876	-0.000124	1.003621	0.003621	1.003621	0.003621
41	2456	P99	2	2.001093	0.000547	2.001093	0.000547	2.001093	0.000547	2.001093	0.000547
41	2456	P999	4	3.998969	-0.000258	3.998969	-0.000258	3.998969	-0.000258	3.998969	-0.000258
42	1964	P1	1	0.996307	-0.003693	0.996307	-0.003693	1.000038	0.000038	1.000038	0.000038
42	1964	P50	1	0.998136	-0.001864	0.998134	-0.001866	1.001874	0.001874	1.001872	0.001872
42	1964	P75	1	0.999069	-0.000931	0.999067	-0.000933	1.002811	0.002811	1.002809	0.002809
42	1964	P90	1	0.999629	-0.000371	0.999629	-0.000371	1.003372	0.003372	1.003372	0.003372
42	1964	P95	1	0.999815	-0.000185	0.999815	-0.000185	1.003560	0.003560	1.003560	0.003560
42	1964	P99	1	0.999966	-0.000034	0.999966	-0.000034	1.003711	0.003711	1.003711	0.003711
42	1964	P999	1	1.000000	-0.000000	1.000000	-0.000000	1.003745	0.003745	1.003745	0.003745
43	1640	P1	1	0.996308	-0.003692	0.996308	-0.003692	1.000039	0.000039	1.000039	0.000039
43	1640	P50	1	0.998135	-0.001865	0.998133	-0.001867	1.001873	0.001873	1.001871	0.001871
43	1640	P75	1	0.999068	-0.000932	0.999066	-0.000934	1.002810	0.002810	1.002807	0.002807
43	1640	P90	1	0.999629	-0.000371	0.999626	-0.000374	1.003372	0.003372	1.003370	0.003370
43	1640	P95	1	0.999815	-0.000185	0.999813	-0.000187	1.003560	0.003560	1.003557	0.003557
43	1640	P99	1	0.999964	-0.000036	0.999964	-0.000036	1.003708	0.003708	1.003708	0.003708
43	1640	P999	1	0.999998	-0.000002	0.999998	-0.000002	1.003743	0.003743	1.003743	0.003743
44	1795	P1	1	0.996306	-0.003694	0.996306	-0.003694	1.000038	0.000038	1.000038	0.000038
44	1795	P50	1	0.998135	-0.001865	0.998135	-0.001865	1.001873	0.001873	1.001873	0.001873
44	1795	P75	1	0.999069	-0.000931	0.999069	-0.000931	1.002811	0.002811	1.002811	0.002811
44	1795	P90	1	0.999629	-0.000371	0.999629	-0.000371	1.003373	0.003373	1.003373	0.003373
44	1795	P95	1	0.999817	-0.000183	0.999817	-0.000183	1.003561	0.003561	1.003561	0.003561
44	1795	P99	1	0.999967	-0.000033	0.999967	-0.000033	1.003711	0.003711	1.003711	0.003711
44	1795	P999	1	1.000000	-0.000000	1.000000	-0.000000	1.003745	0.003745	1.003745	0.003745
45	1671	P1	1	0.996307	-0.003693	0.996307	-0.003693	1.000038	0.000038	1.000038	0.000038
45	1671	P50	1	0.998134	-0.001866	0.998134	-0.001866	1.001872	0.001872	1.001872	0.001872
45	1671	P75	1	0.999068	-0.000932	0.999068	-0.000932	1.002809	0.002809	1.002809	0.002809
45	1671	P90	1	0.999626	-0.000374	0.999626	-0.000374	1.003370	0.003370	1.003370	0.003370
45	1671	P95	1	0.999814	-0.000186	0.999814	-0.000186	1.003559	0.003559	1.003559	0.003559
45	1671	P99	1	0.999964	-0.000036	0.999964	-0.000036	1.003709	0.003709	1.003709	0.003709
45	1671	P999	1	0.999998	-0.000002	0.999998	-0.000002	1.003743	0.003743	1.003743	0.003743
46	1639	P1	1	0.996308	-0.003692	0.996308	-0.003692	1.000039	0.000039	1.000039	0.000039
46	1639	P50	1	0.998134	-0.001866	0.998134	-0.001866	1.001872	0.001872	1.001872	0.001872
46	1639	P75	1	0.999068	-0.000932	0.999068	-0.000932	1.002809	0.002809	1.002809	0.002809
46	1639	P90	1	0.999628	-0.000372	0.999628	-0.000372	1.003372	0.003372	1.003372	0.003372
46	1639	P95	1	0.999815	-0.000185	0.999815	-0.000185	1.003560	0.003560	1.003560	0.003560
46	1639	P99	1	0.999964	-0.000036	0.999964	-0.000036	1.003708	0.003708	1.003708	0.003708
46	1639	P999	1	0.999998	-0.000002	0.999998	-0.000002	1.003743	0.003743	1.003743	0.003743
47	1708	P1	1	0.996308	-0.003692	0.996308	-0.003692	1.000039	0.000039	1.000039	0.000039
47	1708	P50	1	0.998135	-0.001865	0.998133	-0.001867	1.001873	0.001873	1.001871	0.001871
47	1708	P75	1	0.999068	-0.000932	0.999066	-0.000934	1.002810	0.002810	1.002807	0.002807
47	1708	P90	1	0.999628	-0.000372	0.999628	-0.000372	1.003372	0.003372	1.003372	0.003372
47	1708	P95	1	0.999814	-0.000186	0.999814	-0.000186	1.003558	0.003558	1.003558	0.003558
47	1708	P99	1	0.999963	-0.000037	0.999963	-0.000037	1.003708	0.003708	1.003708	0.003708
47	1708	P999	1	0.999998	-0.000002	0.999998	-0.000002	1.003743	0.003743	1.003743	0.003743
48	2491	P1	1	0.996307	-0.003693	0.996307	-0.003693	1.000038	0.000038	1.000038	0.000038
48	2491	P50	1	0.998170	-0.001830	0.998170	-0.001830	1.001908	0.001908	1.001908	0.001908
48	2491	P75	1	0.999122	-0.000878	0.999122	-0.000878	1.002864	0.002864	1.002864	0.002864
48	2491	P90	1	0.999693	-0.000307	0.999693	-0.000307	1.003436	0.003436	1.003436	0.003436
48	2491	P95	1	0.999884	-0.000116	0.999884	-0.000116	1.003628	0.003628	1.003628	0.003628
48	2491	P99	2	2.003400	0.001700	2.003400	0.001700	2.003400	0.001700	2.003400	0.001700
48	2491	P999	5	5.008127	0.001625	5.008127	0.001625	5.008127	0.001625	5.008127	0.001625
49	2069	P1	1	0.996307	-0.003693	0.996307	-0.003693	1.000038	0.000038	1.000038	0.000038
49	2069	P50	1	0.998134	-0.001866	0.998134	-0.001866	1.001872	0.001872	1.001872	0.001872
49	2069	P75	1	0.999066	-0.000934	0.999066	-0.000934	1.002808	0.002808	1.002808	0.002808
49	2069	P90	1	0.999628	-0.000372	0.999628	-0.000372	1.003371	0.003371	1.003371	0.003371
49	2069	P95	1	0.999814	-0.000186	0.999814	-0.000186	1.003558	0.003558	1.003558	0.003558
49	2069	P99	1	0.999964	-0.000036	0.999964	-0.000036	1.003709	0.003709	1.003709	0.003709
49	2069	P999	1	0.999996	-0.000004	0.999996	-0.000004	1.003741	0.003741	1.003741	0.003741
50	1621	P1	1	0.996308	-0.003692	0.996308	-0.003692	1.000039	0.000039	1.000039	0.000039
50	1621	P50	1	0.998135	-0.001865	0.998135	-0.001865	1.001873	0.001873	1.001873	0.001873
50	1621	P75	1	0.999068	-0.000932	0.999068	-0.000932	1.002810	0.002810	1.002810	0.002810
50	1621	P90	1	0.999629	-0.000371	0.999629	-0.000371	1.003372	0.003372	1.003372	0.003372
50	1621	P95	1	0.999815	-0.000185	0.999815	-0.000185	1.003560	0.003560	1.003560	0.003560
50	1621	P99	1	0.999965	-0.000035	0.999965	-0.000035	1.003710	0.003710	1.003710	0.003710
50	1621	P999	1	1.000000	-0.000000	1.000000	-0.000000	1.003745	0.003745	1.003745	0.003745
51	540	P1	1	0.996310	-0.003690	0.996310	-0.003690	1.000042	0.000042	1.000042	0.000042
51	540	P50	1	0.998140	-0.001860	0.998133	-0.001867	1.001878	0.001878	1.001871	0.001871
51	540	P75	1	0.999073	-0.000927	0.999066	-0.000934	1.002814	0.002814	1.002807	0.002807
51	540	P90	1	0.999633	-0.000367	0.999626	-0.000374	1.003377	0.003377	1.003370	0.003370
51	540	P95	1	0.999820	-0.000180	0.999813	-0.000187	1.003564	0.003564	1.003557	0.003557
51	540	P99	1	0.999965	-0.000035	0.999965	-0.000035	1.003710	0.003710	1.003710	0.003710
51	540	P999	1	1.000000	-0.000000	1.000000	-0.000000	1.003745	0.003745	1.003745	0.003745
52	539	P1	1	0.996310	-0.003690	0.996310	-0.003690	1.000042	0.000042	1.000042	0.000042
52	539	P50	1	0.998136	-0.001864	0.998136	-0.001864	1.001874	0.001874	1.001874	0.001874
52	539	P75	1	0.999071	-0.000929	0.999071	-0.000929	1.002813	0.002813	1.002813	0.002813
52	539	P90	1	0.999633	-0.000367	0.999633	-0.000367	1.003376	0.003376	1.003376	0.003376
52	539	P95	1	0.999820	-0.000180	0.999820	-0.000180	1.003564	0.003564	1.003564	0.003564
52	539	P99	1	0.999965	-0.000035	0.999965	-0.000035	1.003710	0.003710	1.003710	0.003710
52	539	P999	1	1.000000	-0.000000	1.000000	-0.000000	1.003745	0.003745	1.003745	0.003745
53	2341	P1	39	39.023502	0.000603	39.023502	0.000603	39.014253	0.000365	39.014253	0.000365
53	2341	P50	46	46.008415	0.000183	46.008415	0.000183	45.997510	-0.000054	45.997510	-0.000054
53	2341	P75	49	49.018303	0.000374	49.018303	0.000374	49.006685	0.000136	49.006685	0.000136
53	2341	P90	53	53.020593	0.000389	53.020593	0.000389	53.008026	0.000151	53.008026	0.000151
53	2341	P95	58	58.027130	0.000468	58.027130	0.000468	58.013376	0.000231	58.013376	0.000231
53	2341	P99	77	77.139758	0.001815	77.139758	0.001815	77.121475	0.001578	77.121475	0.001578
53	2341	P999	106	106.188375	0.001777	106.188375	0.001777	106.163206	0.001540	106.163206	0.001540
54	126	P1	1	0.996328	-0.003672	0.996328	-0.003672	1.000059	0.000059	1.000059	0.000059
54	126	P50	1	0.998162	-0.001838	0.998133	-0.001867	1.001900	0.001900	1.001871	0.001871
54	126	P75	1	0.999081	-0.000919	0.999081	-0.000919	1.002822	0.002822	1.002822	0.002822
54	126	P90	1	0.999644	-0.000356	0.999644	-0.000356	1.003388	0.003388	1.003388	0.003388
54	126	P95	1	0.999822	-0.000178	0.999822	-0.000178	1.003566	0.003566	1.003566	0.003566
54	126	P99	1	0.999970	-0.000030	0.999970	-0.000030	1.003715	0.003715	1.003715	0.003715
54	126	P999	1	1.000000	-0.000000	1.000000	-0.000000	1.003745	0.003745	1.003745	0.003745
55	352	P1	1	0.996312	-0.003688	0.996312	-0.003688	1.000043	0.000043	1.000043	0.000043
55	352	P50	1	0.998154	-0.001846	0.998143	-0.001857	1.001892	0.001892	1.001881	0.001881
55	352	P75	1	0.999093	-0.000907	0.999082	-0.000918	1.002834	0.002834	1.002823	0.002823
55	352	P90	1	0.999648	-0.000352	0.999648	-0.000352	1.003391	0.003391	1.003391	0.003391
55	352	P95	1	0.999840	-0.000160	0.999840	-0.000160	1.003584	0.003584	1.003584	0.003584
55	352	P99	1	0.999989	-0.000011	0.999989	-0.000011	1.003734	0.003734	1.003734	0.003734
55	352	P999	2	2.004232	0.002116	2.004232	0.002116	2.004232	0.002116	2.004232	0.002116
56	495	P1	1	0.997471	-0.002529	0.997471	-0.002529	1.000071	0.000071	1.000071	0.000071
56	495	P50	1	1.000935	0.000935	1.000935	0.000935	1.003544	0.003544	1.003544	0.003544
56	495	P75	9	8.990482	-0.001058	8.990482	-0.001058	8.980291	-0.002190	8.980291	-0.002190
56	495	P90	9	9.011405	0.001267	9.011405	0.001267	9.001189	0.000132	9.001189	0.000132
56	495	P95	10	9.983321	-0.001668	9.983321	-0.001668	10.009349	0.000935	10.009349	0.000935
56	495	P99	10	10.010012	0.001001	10.010012	0.001001	10.036110	0.003611	10.036110	0.003611
56	495	P999	92	92.210059	0.002283	92.210059	0.002283	92.105532	0.001147	92.105532	0.001147
57	885	P1	1	0.996307	-0.003693	0.996307	-0.003693	1.000038	0.000038	1.000038	0.000038
57	885	P50	1	0.998135	-0.001865	0.998135	-0.001865	1.001873	0.001873	1.001873	0.001873
57	885	P75	1	0.999067	-0.000933	0.999067	-0.000933	1.002808	0.002808	1.002808	0.002808
57	885	P90	1	0.999628	-0.000372	0.999628	-0.000372	1.003372	0.003372	1.003372	0.003372
57	885	P95	1	0.999814	-0.000186	0.999814	-0.000186	1.003558	0.003558	1.003558	0.003558
57	885	P99	1	0.999966	-0.000034	0.999966	-0.000034	1.003711	0.003711	1.003711	0.003711
57	885	P999	1	1.000000	-0.000000	1.000000	-0.000000	1.003745	0.003745	1.003745	0.003745
58	246	P1	5	4.986426	-0.002715	4.986426	-0.002715	4.994531	-0.001094	4.994531	-0.001094
58	246	P50	7	7.015185	0.002169	7.014831	0.002119	7.000372	0.000053	7.000018	0.000003
58	246	P75	8	7.995762	-0.000530	7.995762	-0.000530	8.008758	0.001095	8.008758	0.001095
58	246	P90	9	9.017310	0.001923	9.017310	0.001923	8.998268	-0.000192	8.998268	-0.000192
58	246	P95	10	10.021161	0.002116	10.021161	0.002116	10.037450	0.003745	10.037450	0.003745
58	246	P99	13	13.002094	0.000161	13.002094	0.000161	13.023227	0.001787	13.023227	0.001787
58	246	P999	14	14.028846	0.002060	14.028846	0.002060	14.051648	0.003689	14.051648	0.003689
59	7378	P1	1	0.998005	-0.001995	0.998005	-0.001995	1.000117	0.000117	1.000117	0.000117
59	7378	P50	2	1.995259	-0.002371	1.995257	-0.002372	1.999481	-0.000260	1.999479	-0.000261
59	7378	P75	2	1.999074	-0.000463	1.999074	-0.000463	2.003304	0.001652	2.003304	0.001652
59	7378	P90	3	3.000131	0.000044	3.000131	0.000044	2.995262	-0.001579	2.995262	-0.001579
59	7378	P95	3	3.003166	0.001055	3.003166	0.001055	2.998293	-0.000569	2.998293	-0.000569
59	7378	P99	3	3.005595	0.001865	3.005595	0.001865	3.000718	0.000239	3.000718	0.000239
59	7378	P999	4	4.006467	0.001617	4.006467	0.001617	3.999966	-0.000009	3.999966	-0.000009
60	537	P1	14	13.973343	-0.001904	13.973343	-0.001904	14.000938	0.000067	14.000938	0.000067
60	537	P50	15	14.971800	-0.001880	14.971800	-0.001880	15.001366	0.000091	15.001366	0.000091
60	537	P75	15	14.997504	-0.000166	14.997504	-0.000166	15.027121	0.001808	15.027121	0.001808
60	537	P90	16	16.033143	0.002071	16.033143	0.002071	16.004867	0.000304	16.004867	0.000304
60	537	P95	17	17.000996	0.000059	17.000996	0.000059	16.971014	-0.001705	16.971014	-0.001705
60	537	P99	19	19.003247	0.000171	19.003247	0.000171	18.969733	-0.001593	18.969733	-0.001593
60	537	P999	19	19.054053	0.002845	19.054053	0.002845	19.020450	0.001076	19.020450	0.001076
61	297	P1	4	4.002160	0.000540	4.002160	0.000540	3.990010	-0.002497	3.990010	-0.002497
61	297	P50	9	8.994826	-0.000575	8.994826	-0.000575	9.001102	0.000122	9.001102	0.000122
61	297	P75	17	17.030647	0.001803	17.030647	0.001803	16.978945	-0.001239	16.978945	-0.001239
61	297	P90	32	32.076765	0.002399	32.076765	0.002399	32.099148	0.003098	32.099148	0.003098
61	297	P95	67	67.238673	0.003562	67.238673	0.003562	67.034550	0.000516	67.034550	0.000516
61	297	P99	107	107.285545	0.002669	107.285545	0.002669	107.360409	0.003368	107.360409	0.003368
61	297	P999	111	111.371733	0.003349	111.371733	0.003349	111.033632	0.000303	111.033632	0.000303
62	165	P1	1	0.996315	-0.003685	0.996315	-0.003685	1.000046	0.000046	1.000046	0.000046
62	165	P50	1	0.998191	-0.001809	0.998191	-0.001809	1.001929	0.001929	1.001929	0.001929
62	165	P75	1	0.999141	-0.000859	0.999141	-0.000859	1.002883	0.002883	1.002883	0.002883
62	165	P90	1	0.999721	-0.000279	0.999721	-0.000279	1.003465	0.003465	1.003465	0.003465
62	165	P95	1	0.999907	-0.000093	0.999907	-0.000093	1.003652	0.003652	1.003652	0.003652
62	165	P99	2	2.002360	0.001180	2.002360	0.001180	2.002360	0.001180	2.002360	0.001180
62	165	P999	2	2.004232	0.002116	2.004232	0.002116	2.004232	0.002116	2.004232	0.002116
63	534	P1	1	1.000331	0.000331	1.000331	0.000331	1.000680	0.000680	1.000680	0.000680
63	534	P50	2	1.999761	-0.000120	1.999745	-0.000128	2.000458	0.000229	2.000443	0.000221
63	534	P75	2	2.001859	0.000930	2.001859	0.000930	2.002558	0.001279	2.002558	0.001279
63	534	P90	2	2.003123	0.001561	2.003123	0.001561	2.003821	0.001911	2.003821	0.001911
63	534	P95	3	2.989237	-0.003588	2.989237	-0.003588	2.990280	-0.003240	2.990280	-0.003240
63	534	P99	3	2.998275	-0.000575	2.998275	-0.000575	2.999321	-0.000226	2.999321	-0.000226
63	534	P999	4	4.000564	0.000141	4.000564	0.000141	4.001960	0.000490	4.001960	0.000490
64	538	P1	13	12.952134	-0.003682	12.952134	-0.003682	12.991453	-0.000657	12.991453	-0.000657
64	538	P50	14	13.988594	-0.000815	13.988426	-0.000827	14.031059	0.002218	14.030890	0.002206
64	538	P75	15	14.990537	-0.000631	14.990537	-0.000631	14.979944	-0.001337	14.979944	-0.001337
64	538	P90	15	15.033826	0.002255	15.033826	0.002255	15.023203	0.001547	15.023203	0.001547
64	538	P95	16	16.007957	0.000497	16.007957	0.000497	15.996646	-0.000210	15.996646	-0.000210
64	538	P99	21	21.055179	0.002628	21.055179	0.002628	21.040301	0.001919	21.040301	0.001919
64	538	P999	69	69.118245	0.001714	69.118245	0.001714	69.069405	0.001006	69.069405	0.001006
65	351	P1	1	0.996311	-0.003689	0.996311	-0.003689	1.000043	0.000043	1.000043	0.000043
65	351	P50	1	0.998138	-0.001862	0.998138	-0.001862	1.001876	0.001876	1.001876	0.001876
65	351	P75	1	0.999074	-0.000926	0.999074	-0.000926	1.002815	0.002815	1.002815	0.002815
65	351	P90	1	0.999627	-0.000373	0.999627	-0.000373	1.003371	0.003371	1.003371	0.003371
65	351	P95	1	0.999819	-0.000181	0.999819	-0.000181	1.003563	0.003563	1.003563	0.003563
65	351	P99	1	0.999968	-0.000032	0.999968	-0.000032	1.003713	0.003713	1.003713	0.003713
65	351	P999	1	1.000000	-0.000000	1.000000	-0.000000	1.003745	0.003745	1.003745	0.003745
66	231	P1	1	0.996318	-0.003682	0.996318	-0.003682	1.000049	0.000049	1.000049	0.000049
66	231	P50	1	0.998149	-0.001851	0.998149	-0.001851	1.001887	0.001887	1.001887	0.001887
66	231	P75	1	0.999090	-0.000910	0.999090	-0.000910	1.002832	0.002832	1.002832	0.002832
66	231	P90	1	0.999643	-0.000357	0.999643	-0.000357	1.003386	0.003386	1.003386	0.003386
66	231	P95	1	0.999837	-0.000163	0.999837	-0.000163	1.003582	0.003582	1.003582	0.003582
66	231	P99	1	0.999984	-0.000016	0.999984	-0.000016	1.003729	0.003729	1.003729	0.003729
66	231	P999	2	2.004232	0.002116	2.004232	0.002116	2.004232	0.002116	2.004232	0.002116
67	868	P1	7	6.973983	-0.003717	6.973983	-0.003717	6.984930	-0.002153	6.984930	-0.002153
67	868	P50	8	7.991233	-0.001096	7.991155	-0.001106	8.003776	0.000472	8.003698	0.000462
67	868	P75	8	8.008131	0.001016	8.008053	0.001007	8.020701	0.002588	8.020623	0.002578
67	868	P90	9	9.025840	0.002871	9.025840	0.002871	9.006280	0.000698	9.006280	0.000698
67	868	P95	10	10.020867	0.002087	10.020867	0.002087	10.036597	0.003660	10.036597	0.003660
67	868	P99	12	12.036152	0.003013	12.036152	0.003013	12.010068	0.000839	12.010068	0.000839
67	868	P999	19	19.061759	0.003250	19.061759	0.003250	19.020450	0.001076	19.020450	0.001076
68	578	P1	6	5.983059	-0.002824	5.983059	-0.002824	5.992451	-0.001258	5.992451	-0.001258
68	578	P50	7	6.979810	-0.002884	6.979702	-0.002900	6.990766	-0.001319	6.990658	-0.001335
68	578	P75	7	6.995352	-0.000664	6.995352	-0.000664	7.006333	0.000905	7.006333	0.000905
68	578	P90	9	9.002786	0.000310	9.002786	0.000310	8.983276	-0.001858	8.983276	-0.001858
68	578	P95	12	12.018169	0.001514	12.018169	0.001514	11.992124	-0.000656	11.992124	-0.000656
68	578	P99	17	17.039689	0.002335	17.039689	0.002335	17.002762	0.000162	17.002762	0.000162
68	578	P999	21	21.007326	0.000349	21.007326	0.000349	21.040301	0.001919	21.040301	0.001919
69	1127	P1	1	0.999548	-0.000452	0.999548	-0.000452	1.001663	0.001663	1.001663	0.001663
69	1127	P50	2	1.997151	-0.001424	1.997151	-0.001424	2.001377	0.000689	2.001377	0.000689
69	1127	P75	2	1.999578	-0.000211	1.999578	-0.000211	2.003809	0.001905	2.003809	0.001905
69	1127	P90	3	3.000633	0.000211	3.000633	0.000211	2.995763	-0.001412	2.995763	-0.001412
69	1127	P95	3	3.003401	0.001134	3.003401	0.001134	2.998527	-0.000491	2.998527	-0.000491
69	1127	P99	3	3.005627	0.001876	3.005627	0.001876	3.000750	0.000250	3.000750	0.000250
69	1127	P999	4	4.005469	0.001367	4.005469	0.001367	3.998969	-0.000258	3.998969	-0.000258
70	113	P1	12	12.017696	0.001475	12.017696	0.001475	11.987642	-0.001030	11.987642	-0.001030
70	113	P50	947	947.843866	0.000891	947.843866	0.000891	949.014236	0.002127	949.014236	0.002127
70	113	P75	1319	1318.666801	-0.000253	1318.666801	-0.000253	1320.295052	0.000982	1320.295052	0.000982
70	113	P90	1379	1382.604108	0.002614	1382.604108	0.002614	1379.146462	0.000106	1379.146462	0.000106
70	113	P95	1410	1410.444013	0.000315	1410.444013	0.000315	1410.427118	0.000303	1410.427118	0.000303
70	113	P99	1440	1440.638397	0.000443	1440.638397	0.000443	1442.417255	0.001679	1442.417255	0.001679
70	113	P999	1532	1535.155555	0.002060	1535.155555	0.002060	1537.051120	0.003297	1537.051120	0.003297
71	119	P1	16	16.028392	0.001775	16.028392	0.001775	15.985778	-0.000889	15.985778	-0.000889
71	119	P50	18	18.011554	0.000642	18.011554	0.000642	18.030940	0.001719	18.030940	0.001719
71	119	P75	19	18.976341	-0.001245	18.976341	-0.001245	18.996765	-0.000170	18.996765	-0.000170
71	119	P90	20	19.997761	-0.000112	19.997761	-0.000112	20.019284	0.000964	20.019284	0.000964
71	119	P95	21	20.978435	-0.001027	20.978435	-0.001027	21.001014	0.000048	21.001014	0.000048
71	119	P99	24	24.045086	0.001879	24.045086	0.001879	24.070965	0.002957	24.070965	0.002957
71	119	P999	27	27.100318	0.003715	27.100318	0.003715	27.028266	0.001047	27.028266	0.001047
72	421	P1	329	329.388518	0.001181	329.388518	0.001181	328.681221	-0.000969	328.681221	-0.000969
72	421	P50	449	449.209277	0.000466	449.209277	0.000466	449.104754	0.000233	449.104754	0.000233
72	421	P75	464	463.694028	-0.000659	463.694028	-0.000659	464.303490	0.000654	464.303490	0.000654
72	421	P90	481	481.672383	0.001398	481.672383	0.001398	481.537230	0.001117	481.537230	0.001117
72	421	P95	493	494.442033	0.002925	494.442033	0.002925	493.380315	0.000771	493.380315	0.000771
72	421	P99	550	551.052916	0.001914	551.052916	0.001914	551.928877	0.003507	551.928877	0.003507
72	421	P999	679	679.363791	0.000536	679.363791	0.000536	680.443716	0.002126	680.443716	0.002126
73	106	P1	2	1.997053	-0.001473	1.997053	-0.001473	1.997750	-0.001125	1.997750	-0.001125
73	106	P50	3	2.994950	-0.001683	2.994792	-0.001736	2.995995	-0.001335	2.995837	-0.001388
73	106	P75	3	2.999052	-0.000316	2.999052	-0.000316	3.000099	0.000033	3.000099	0.000033
73	106	P90	4	3.994412	-0.001397	3.994412	-0.001397	3.995805	-0.001049	3.995805	-0.001049
73	106	P95	4	3.998805	-0.000299	3.998805	-0.000299	4.000200	0.000050	4.000200	0.000050
73	106	P99	5	5.000146	0.000029	5.000146	0.000029	5.001891	0.000378	5.001891	0.000378
73	106	P999	5	5.006380	0.001276	5.006380	0.001276	5.008127	0.001625	5.008127	0.001625
74	2002	P1	1	0.996315	-0.003685	0.996315	-0.003685	1.000047	0.000047	1.000047	0.000047
74	2002	P50	1	0.998485	-0.001515	0.998482	-0.001518	1.002224	0.002224	1.002222	0.002222
74	2002	P75	1	0.999592	-0.000408	0.999592	-0.000408	1.003336	0.003336	1.003336	0.003336
74	2002	P90	2	1.999496	-0.000252	1.999496	-0.000252	1.999496	-0.000252	1.999496	-0.000252
74	2002	P95	2	2.001863	0.000931	2.001863	0.000931	2.001863	0.000931	2.001863	0.000931
74	2002	P99	2	2.003758	0.001879	2.003758	0.001879	2.003758	0.001879	2.003758	0.001879
74	2002	P999	2	2.004185	0.002092	2.004185	0.002092	2.004185	0.002092	2.004185	0.002092
75	458	P1	51	50.972161	-0.000546	50.972161	-0.000546	50.994301	-0.000112	50.994301	-0.000112
75	458	P50	58	58.009540	0.000164	58.004612	0.000080	58.034736	0.000599	58.029806	0.000514
75	458	P75	66	65.843021	-0.002378	65.843021	-0.002378	65.871620	-0.001945	65.871620	-0.001945
75	458	P90	69	69.013616	0.000197	69.013616	0.000197	69.043592	0.000632	69.043592	0.000632
75	458	P95	72	72.059652	0.000828	72.059652	0.000828	72.090951	0.001263	72.090951	0.001263
75	458	P99	77	77.232202	0.003016	77.232202	0.003016	77.265748	0.003451	77.265748	0.003451
75	458	P999	136	136.317516	0.002335	136.317516	0.002335	136.376726	0.002770	136.376726	0.002770
76	1802	P1	1	1.000078	0.000078	1.000078	0.000078	1.000568	0.000568	1.000568	0.000568
76	1802	P50	2	2.000183	0.000091	2.000177	0.000089	2.001163	0.000581	2.001157	0.000579
76	1802	P75	2	2.002739	0.001370	2.002739	0.001370	2.003720	0.001860	2.003720	0.001860
76	1802	P90	3	3.005432	0.001811	3.005432	0.001811	2.995686	-0.001438	2.995686	-0.001438
76	1802	P95	3	3.008365	0.002788	3.008365	0.002788	2.998609	-0.000464	2.998609	-0.000464
76	1802	P99	3	3.010712	0.003571	3.010712	0.003571	3.000949	0.000316	3.000949	0.000316
76	1802	P999	6	6.011849	0.001975	6.011849	0.001975	6.014794	0.002466	6.014794	0.002466
77	1784	P1	1	1.000106	0.000106	1.000106	0.000106	1.000455	0.000455	1.000455	0.000455
77	1784	P50	2	2.000312	0.000156	2.000307	0.000153	2.001010	0.000505	2.001004	0.000502
77	1784	P75	2	2.002864	0.001432	2.002858	0.001429	2.003562	0.001781	2.003557	0.001778
77	1784	P90	3	2.994016	-0.001995	2.994016	-0.001995	2.995060	-0.001647	2.995060	-0.001647
77	1784	P95	3	2.997111	-0.000963	2.997111	-0.000963	2.998156	-0.000615	2.998156	-0.000615
77	1784	P99	3	2.999617	-0.000128	2.999617	-0.000128	3.000663	0.000221	3.000663	0.000221
77	1784	P999	4	4.000564	0.000141	4.000564	0.000141	4.001960	0.000490	4.001960	0.000490
78	2894	P1	1	0.998813	-0.001187	0.998813	-0.001187	1.000927	0.000927	1.000927	0.000927
78	2894	P50	2	1.996914	-0.001543	1.996910	-0.001545	2.001140	0.000570	2.001136	0.000568
78	2894	P75	2	1.999295	-0.000353	1.999295	-0.000353	2.003526	0.001763	2.003526	0.001763
78	2894	P90	3	2.999619	-0.000127	2.999619	-0.000127	2.994751	-0.001750	2.994751	-0.001750
78	2894	P95	3	3.002860	0.000953	3.002860	0.000953	2.997987	-0.000671	2.997987	-0.000671
78	2894	P99	3	3.005454	0.001818	3.005454	0.001818	3.000577	0.000192	3.000577	0.000192
78	2894	P999	4	4.004186	0.001046	4.004186	0.001046	3.997688	-0.000578	3.997688	-0.000578
79	963	P1	1	0.996308	-0.003692	0.996308	-0.003692	1.000039	0.000039	1.000039	0.000039
79	963	P50	1	0.998160	-0.001840	0.998160	-0.001840	1.001898	0.001898	1.001898	0.001898
79	963	P75	1	0.999107	-0.000893	0.999107	-0.000893	1.002849	0.002849	1.002849	0.002849
79	963	P90	1	0.999673	-0.000327	0.999673	-0.000327	1.003417	0.003417	1.003417	0.003417
79	963	P95	1	0.999862	-0.000138	0.999862	-0.000138	1.003607	0.003607	1.003607	0.003607
79	963	P99	2	1.999052	-0.000474	1.999052	-0.000474	1.999052	-0.000474	1.999052	-0.000474
79	963	P999	2	2.004232	0.002116	2.004232	0.002116	2.004232	0.002116	2.004232	0.002116
80	155	P1	1	0.996319	-0.003681	0.996319	-0.003681	1.000051	0.000051	1.000051	0.000051
80	155	P50	1	0.998234	-0.001766	0.998234	-0.001766	1.001972	0.001972	1.001972	0.001972
80	155	P75	1	0.999217	-0.000783	0.999217	-0.000783	1.002959	0.002959	1.002959	0.002959
80	155	P90	1	0.999798	-0.000202	0.999798	-0.000202	1.003542	0.003542	1.003542	0.003542
80	155	P95	1	1.000000	-0.000000	1.000000	-0.000000	1.003745	0.003745	1.003745	0.003745
80	155	P99	2	2.003162	0.001581	2.003162	0.001581	2.003162	0.001581	2.003162	0.001581
80	155	P999	2	2.004232	0.002116	2.004232	0.002116	2.004232	0.002116	2.004232	0.002116
81	754	P1	1	0.997935	-0.002065	0.997935	-0.002065	1.000046	0.000046	1.000046	0.000046
81	754	P50	1	1.000080	0.000080	1.000074	0.000074	1.002196	0.002196	1.002191	0.002191
81	754	P75	1	1.001172	0.001172	1.001172	0.001172	1.003291	0.003291	1.003291	0.003291
81	754	P90	2	1.994909	-0.002545	1.994909	-0.002545	1.999131	-0.000435	1.999131	-0.000435
81	754	P95	2	1.997487	-0.001257	1.997487	-0.001257	2.001714	0.000857	2.001714	0.000857
81	754	P99	2	1.999524	-0.000238	1.999524	-0.000238	2.003756	0.001878	2.003756	0.001878
81	754	P999	2	2.000000	-0.000000	2.000000	-0.000000	2.004232	0.002116	2.004232	0.002116
82	274	P1	1	0.996310	-0.003690	0.996310	-0.003690	1.000041	0.000041	1.000041	0.000041
82	274	P50	1	0.998146	-0.001854	0.998133	-0.001867	1.001884	0.001884	1.001871	0.001871
82	274	P75	1	0.999073	-0.000927	0.999073	-0.000927	1.002814	0.002814	1.002814	0.002814
82	274	P90	1	0.999632	-0.000368	0.999632	-0.000368	1.003375	0.003375	1.003375	0.003375
82	274	P95	1	0.999823	-0.000177	0.999823	-0.000177	1.003567	0.003567	1.003567	0.003567
82	274	P99	1	0.999973	-0.000027	0.999973	-0.000027	1.003718	0.003718	1.003718	0.003718
82	274	P999	1	1.000000	-0.000000	1.000000	-0.000000	1.003745	0.003745	1.003745	0.003745
83	1129	P1	1	0.997971	-0.002029	0.997971	-0.002029	1.000082	0.000082	1.000082	0.000082
83	1129	P50	2	1.992812	-0.003594	1.992812	-0.003594	1.997030	-0.001485	1.997030	-0.001485
83	1129	P75	2	1.996501	-0.001749	1.996501	-0.001749	2.000726	0.000363	2.000726	0.000363
83	1129	P90	2	1.998728	-0.000636	1.998728	-0.000636	2.002958	0.001479	2.002958	0.001479
83	1129	P95	2	1.999462	-0.000269	1.999462	-0.000269	2.003693	0.001847	2.003693	0.001847
83	1129	P99	3	2.998156	-0.000615	2.998156	-0.000615	2.993290	-0.002237	2.993290	-0.002237
83	1129	P999	6	6.002093	0.000349	6.002093	0.000349	6.014794	0.002466	6.014794	0.002466
84	770	P1	97	97.165018	0.001701	97.165018	0.001701	96.908894	-0.000939	96.908894	-0.000939
84	770	P50	115	114.873724	-0.001098	114.866447	-0.001161	114.999983	-0.000000	114.992698	-0.000063
84	770	P75	118	117.811874	-0.001594	117.811874	-0.001594	117.941362	-0.000497	117.941362	-0.000497
84	770	P90	121	121.202424	0.001673	121.178581	0.001476	120.882937	-0.000967	120.859158	-0.001164
84	770	P95	123	123.043136	0.000351	123.043136	0.000351	123.178374	0.001450	123.178374	0.001450
84	770	P99	132	132.213612	0.001618	132.213612	0.001618	132.358930	0.002719	132.358930	0.002719
84	770	P999	190	190.707196	0.003722	190.707196	0.003722	190.204496	0.001076	190.204496	0.001076
85	1620	P1	54	54.009256	0.000171	54.009256	0.000171	53.988989	-0.000204	53.988989	-0.000204
85	1620	P50	62	62.125006	0.002016	62.116999	0.001887	62.101694	0.001640	62.093690	0.001511
85	1620	P75	68	67.901115	-0.001454	67.899262	-0.001481	67.875635	-0.001829	67.873783	-0.001856
85	1620	P90	70	70.045069	0.000644	70.041274	0.000590	70.018785	0.000268	70.014992	0.000214
85	1620	P95	72	72.124875	0.001734	72.114092	0.001585	72.097811	0.001358	72.087032	0.001209
85	1620	P99	79	78.988815	-0.000142	78.988815	-0.000142	78.959174	-0.000517	78.959174	-0.000517
85	1620	P999	236	236.341301	0.001446	236.341301	0.001446	236.252615	0.001070	236.252615	0.001070
86	3610	P1	33	33.051357	0.001556	33.051357	0.001556	33.032344	0.000980	33.032344	0.000980
86	3610	P50	36	36.056060	0.001557	36.055917	0.001553	36.035320	0.000981	36.035176	0.000977
86	3610	P75	38	37.879047	-0.003183	37.879047	-0.003183	37.999031	-0.000025	37.999031	-0.000025
86	3610	P90	39	38.943725	-0.001443	38.943103	-0.001459	39.067081	0.001720	39.066457	0.001704
86	3610	P95	40	39.991053	-0.000224	39.991053	-0.000224	39.968048	-0.000799	39.968048	-0.000799
86	3610	P99	46	46.125424	0.002727	46.125424	0.002727	46.098891	0.002150	46.098891	0.002150
86	3610	P999	108	108.228292	0.002114	108.228292	0.002114	108.166035	0.001537	108.166035	0.001537
87	152055	P1	1	1.000223	0.000223	1.000223	0.000223	1.002950	0.002950	1.002950	0.002950
87	152055	P50	58	57.903871	-0.001657	57.903871	-0.001657	58.061733	0.001064	58.061733	0.001064
87	152055	P75	60	60.060087	0.001001	60.060087	0.001001	59.999133	-0.000014	59.999133	-0.000014
87	152055	P90	62	61.842788	-0.002536	61.842788	-0.002536	62.011389	0.000184	62.011389	0.000184
87	152055	P95	63	63.125187	0.001987	63.125187	0.001987	63.061123	0.000970	63.061123	0.000970
87	152055	P99	69	69.068833	0.000998	69.068833	0.000998	68.998737	-0.000018	68.998737	-0.000018
87	152055	P999	168	168.302409	0.001800	168.302409	0.001800	168.131602	0.000783	168.131602	0.000783
88	171	P1	2	1.996260	-0.001870	1.996260	-0.001870	1.996956	-0.001522	1.996956	-0.001522
88	171	P50	3	2.990348	-0.003217	2.990348	-0.003217	2.991392	-0.002869	2.991392	-0.002869
88	171	P75	3	2.995878	-0.001374	2.995878	-0.001374	2.996923	-0.001026	2.996923	-0.001026
88	171	P90	3	2.999098	-0.000301	2.999098	-0.000301	3.000144	0.000048	3.000144	0.000048
88	171	P95	4	3.988619	-0.002845	3.988619	-0.002845	3.990010	-0.002497	3.990010	-0.002497
88	171	P99	4	3.999069	-0.000233	3.999069	-0.000233	4.000464	0.000116	4.000464	0.000116
88	171	P999	4	4.000564	0.000141	4.000564	0.000141	4.001960	0.000490	4.001960	0.000490
89	599	P1	1	0.996315	-0.003685	0.996315	-0.003685	1.000046	0.000046	1.000046	0.000046
89	599	P50	1	0.998566	-0.001434	0.998566	-0.001434	1.002305	0.002305	1.002305	0.002305
89	599	P75	1	0.999716	-0.000284	0.999716	-0.000284	1.003460	0.003460	1.003460	0.003460
89	599	P90	2	2.000290	0.000145	2.000290	0.000145	2.000290	0.000145	2.000290	0.000145
89	599	P95	2	2.002293	0.001147	2.002293	0.001147	2.002293	0.001147	2.002293	0.001147
89	599	P99	2	2.003898	0.001949	2.003898	0.001949	2.003898	0.001949	2.003898	0.001949
89	599	P999	2	2.004232	0.002116	2.004232	0.002116	2.004232	0.002116	2.004232	0.002116
90	4191	P1	1	0.998471	-0.001529	0.998471	-0.001529	1.000538	0.000538	1.000538	0.000538
90	4191	P50	57	57.098783	0.001733	57.098783	0.001733	57.003513	0.000062	57.003513	0.000062
90	4191	P75	59	58.996807	-0.000054	58.996807	-0.000054	58.898371	-0.001723	58.898371	-0.001723
90	4191	P90	61	60.996107	-0.000064	60.996107	-0.000064	60.894334	-0.001732	60.894334	-0.001732
90	4191	P95	62	62.035499	0.000573	62.035499	0.000573	62.163925	0.002644	62.163925	0.002644
90	4191	P99	70	70.183316	0.002619	70.183316	0.002619	70.066215	0.000946	70.066215	0.000946
90	4191	P999	172	172.232393	0.001351	172.232393	0.001351	172.588950	0.003424	172.588950	0.003424
91	168	P1	26	25.972179	-0.001070	25.972179	-0.001070	25.987992	-0.000462	25.987992	-0.000462
91	168	P50	29	28.952996	-0.001621	28.950954	-0.001691	28.970624	-0.001013	28.968581	-0.001083
91	168	P75	30	30.063291	0.002110	30.059546	0.001985	29.969361	-0.001021	29.965628	-0.001146
91	168	P90	31	31.010627	0.000343	31.010627	0.000343	31.029508	0.000952	31.029508	0.000952
91	168	P95	32	32.064631	0.002020	32.064631	0.002020	32.084153	0.002630	32.084153	0.002630
91	168	P99	35	35.090552	0.002587	35.090552	0.002587	35.111917	0.003198	35.111917	0.003198
91	168	P999	105	105.308380	0.002937	105.308380	0.002937	105.372497	0.003548	105.372497	0.003548
92	741	P1	1	0.996321	-0.003679	0.996321	-0.003679	1.000052	0.000052	1.000052	0.000052
92	741	P50	1	0.998675	-0.001325	0.998675	-0.001325	1.002415	0.002415	1.002415	0.002415
92	741	P75	1	0.999876	-0.000124	0.999876	-0.000124	1.003621	0.003621	1.003621	0.003621
92	741	P90	2	2.001248	0.000624	2.001248	0.000624	2.001248	0.000624	2.001248	0.000624
92	741	P95	2	2.003057	0.001529	2.003057	0.001529	2.003057	0.001529	2.003057	0.001529
92	741	P99	3	2.995012	-0.001663	2.995012	-0.001663	2.995012	-0.001663	2.995012	-0.001663
92	741	P999	3	3.001047	0.000349	3.001047	0.000349	3.001047	0.000349	3.001047	0.000349
93	5104	P1	101	100.800415	-0.001976	100.800415	-0.001976	100.884984	-0.001139	100.884984	-0.001139
93	5104	P50	112	111.779605	-0.001968	111.778668	-0.001976	111.873385	-0.001130	111.872447	-0.001139
93	5104	P75	115	114.914688	-0.000742	114.913003	-0.000756	115.011098	0.000097	115.009412	0.000082
93	5104	P90	120	119.653618	-0.002887	119.653618	-0.002887	119.754004	-0.002050	119.754004	-0.002050
93	5104	P95	124	123.751431	-0.002005	123.751431	-0.002005	123.855255	-0.001167	123.855255	-0.001167
93	5104	P99	148	148.126057	0.000852	148.126057	0.000852	147.697211	-0.002046	147.697211	-0.002046
93	5104	P999	265	265.055665	0.000210	265.055665	0.000210	265.278039	0.001049	265.278039	0.001049
94	190	P1	34	34.047241	0.001389	34.047241	0.001389	34.035051	0.001031	34.035051	0.001031
94	190	P50	38	38.017632	0.000464	38.014079	0.000371	38.004021	0.000106	38.000469	0.000012
94	190	P75	39	38.932775	-0.001724	38.932775	-0.001724	39.064585	0.001656	39.064585	0.001656
94	190	P90	42	42.027363	0.000651	41.948888	-0.001217	42.012316	0.000293	41.933869	-0.001575
94	190	P95	64	63.997353	-0.000041	63.997353	-0.000041	63.974440	-0.000399	63.974440	-0.000399
94	190	P99	69	69.094142	0.001364	69.094142	0.001364	69.069405	0.001006	69.069405	0.001006
94	190	P999	77	77.005040	0.000065	77.005040	0.000065	77.265748	0.003451	77.265748	0.003451
95	233	P1	85	84.840607	-0.001875	84.840607	-0.001875	84.913604	-0.001016	84.913604	-0.001016
95	233	P50	132	131.874920	-0.000948	131.874920	-0.000948	131.988385	-0.000088	131.988385	-0.000088
95	233	P75	154	154.148103	0.000962	154.148103	0.000962	154.280731	0.001823	154.280731	0.001823
95	233	P90	166	165.803628	-0.001183	165.803628	-0.001183	165.946284	-0.000324	165.946284	-0.000324
95	233	P95	177	177.012167	0.000069	177.012167	0.000069	177.164468	0.000929	177.164468	0.000929
95	233	P99	195	195.079175	0.000406	195.079175	0.000406	195.247021	0.001267	195.247021	0.001267
95	233	P999	312	312.432617	0.001387	312.432617	0.001387	312.701432	0.002248	312.701432	0.002248
96	253	P1	1	0.996313	-0.003687	0.996313	-0.003687	1.000045	0.000045	1.000045	0.000045
96	253	P50	1	0.998148	-0.001852	0.998148	-0.001852	1.001886	0.001886	1.001886	0.001886
96	253	P75	1	0.999081	-0.000919	0.999081	-0.000919	1.002822	0.002822	1.002822	0.002822
96	253	P90	1	0.999644	-0.000356	0.999644	-0.000356	1.003388	0.003388	1.003388	0.003388
96	253	P95	1	0.999837	-0.000163	0.999837	-0.000163	1.003581	0.003581	1.003581	0.003581
96	253	P99	1	0.999985	-0.000015	0.999985	-0.000015	1.003730	0.003730	1.003730	0.003730
96	253	P999	2	2.004232	0.002116	2.004232	0.002116	2.004232	0.002116	2.004232	0.002116
97	3247	P1	2	1.997663	-0.001169	1.997663	-0.001169	1.996843	-0.001579	1.996843	-0.001579
97	3247	P50	290	289.668727	-0.001142	289.668727	-0.001142	289.238041	-0.002627	289.238041	-0.002627
97	3247	P75	303	303.649529	0.002144	303.649529	0.002144	303.245937	0.000812	303.245937	0.000812
97	3247	P90	326	325.388903	-0.001875	325.388903	-0.001875	325.942971	-0.000175	325.942971	-0.000175
97	3247	P95	337	336.493031	-0.001504	336.493031	-0.001504	337.168623	0.000500	337.168623	0.000500
97	3247	P99	373	372.637673	-0.000971	372.637673	-0.000971	373.038148	0.000102	373.038148	0.000102
97	3247	P999	480	481.406703	0.002931	481.406703	0.002931	480.638086	0.001329	480.638086	0.001329
98	1349	P1	34	33.969322	-0.000902	33.969322	-0.000902	33.967765	-0.000948	33.967765	-0.000948
98	1349	P50	37	36.937815	-0.001681	36.937815	-0.001681	37.074446	0.002012	37.074446	0.002012
98	1349	P75	38	38.090828	0.002390	38.090828	0.002390	38.089082	0.002344	38.089082	0.002344
98	1349	P90	40	39.923667	-0.001908	39.923667	-0.001908	39.921837	-0.001954	39.921837	-0.001954
98	1349	P95	41	40.985570	-0.000352	40.985570	-0.000352	40.983691	-0.000398	40.983691	-0.000398
98	1349	P99	45	45.106662	0.002370	45.106662	0.002370	45.104594	0.002324	45.104594	0.002324
98	1349	P999	98	98.152874	0.001560	98.152874	0.001560	98.148376	0.001514	98.148376	0.001514
99	3308	P1	1	0.997478	-0.002522	0.997478	-0.002522	1.000407	0.000407	1.000407	0.000407
99	3308	P50	388	388.236213	0.000609	388.220085	0.000567	388.055519	0.000143	388.038847	0.000100
99	3308	P75	406	406.244358	0.000602	406.227293	0.000560	406.224613	0.000553	406.202922	0.000500
99	3308	P90	424	423.350797	-0.001531	423.350797	-0.001531	423.473559	-0.001242	423.473559	-0.001242
99	3308	P95	453	452.684040	-0.000697	452.684040	-0.000697	453.158364	0.000350	453.158364	0.000350
99	3308	P99	531	531.504862	0.000951	531.504862	0.000951	531.678808	0.001278	531.678808	0.001278
99	3308	P999	670	671.832282	0.002735	671.832282	0.002735	670.345505	0.000516	670.345505	0.000516
100	3942	P1	1	0.998447	-0.001553	0.998447	-0.001553	1.000197	0.000197	1.000197	0.000197
100	3942	P50	266	265.955602	-0.000167	265.950049	-0.000188	265.427652	-0.002152	265.422109	-0.002173
100	3942	P75	271	271.736161	0.002716	271.736161	0.002716	271.196736	0.000726	271.196736	0.000726
100	3942	P90	278	277.689316	-0.001118	277.689316	-0.001118	277.859705	-0.000505	277.859705	-0.000505
100	3942	P95	284	283.310806	-0.002427	283.310806	-0.002427	283.807285	-0.000679	283.807285	-0.000679
100	3942	P99	308	308.673496	0.002187	308.673496	0.002187	308.060747	0.000197	308.060747	0.000197
100	3942	P999	476	476.223727	0.000470	476.223727	0.000470	477.058270	0.002223	477.058270	0.002223
101	495	P1	1	0.996308	-0.003692	0.996308	-0.003692	1.000039	0.000039	1.000039	0.000039
101	495	P50	1	0.998183	-0.001817	0.998183	-0.001817	1.001921	0.001921	1.001921	0.001921
101	495	P75	1	0.999141	-0.000859	0.999141	-0.000859	1.002883	0.002883	1.002883	0.002883
101	495	P90	1	0.999714	-0.000286	0.999714	-0.000286	1.003458	0.003458	1.003458	0.003458
101	495	P95	1	0.999907	-0.000093	0.999907	-0.000093	1.003652	0.003652	1.003652	0.003652
101	495	P99	2	2.001737	0.000868	2.001737	0.000868	2.001737	0.000868	2.001737	0.000868
101	495	P999	2	2.004232	0.002116	2.004232	0.002116	2.004232	0.002116	2.004232	0.002116
102	1936	P1	28	28.005902	0.000211	28.005902	0.000211	28.022755	0.000813	28.022755	0.000813
102	1936	P50	43	42.971042	-0.000673	42.970677	-0.000682	42.996900	-0.000072	42.996535	-0.000081
102	1936	P75	44	43.994803	-0.000118	43.994175	-0.000132	44.021277	0.000484	44.020649	0.000469
102	1936	P90	46	46.013799	0.000300	46.013799	0.000300	46.041488	0.000902	46.041488	0.000902
102	1936	P95	48	48.034903	0.000727	48.034903	0.000727	48.063809	0.001329	48.063809	0.001329
102	1936	P99	96	96.273104	0.002845	96.273104	0.002845	96.331037	0.003448	96.331037	0.003448
102	1936	P999	170	170.561732	0.003304	170.561732	0.003304	170.027622	0.000162	170.027622	0.000162
103	123	P1	30	29.912085	-0.002930	29.912085	-0.002930	29.920857	-0.002638	29.920857	-0.002638
103	123	P50	43	43.071896	0.001672	43.071896	0.001672	43.084526	0.001966	43.084526	0.001966
103	123	P75	44	44.061908	0.001407	44.061908	0.001407	44.074828	0.001701	44.074828	0.001701
103	123	P90	45	45.091372	0.002030	45.091372	0.002030	45.104594	0.002324	45.104594	0.002324
103	123	P95	48	48.049719	0.001036	48.049719	0.001036	48.063809	0.001329	48.063809	0.001329
103	123	P99	59	59.016923	0.000287	59.016923	0.000287	59.034229	0.000580	59.034229	0.000580
103	123	P999	65	65.040572	0.000624	65.040572	0.000624	65.059645	0.000918	65.059645	0.000918
104	3226	P1	1	0.996726	-0.003274	0.996726	-0.003274	1.000222	0.000222	1.000222	0.000222
104	3226	P50	56	56.029586	0.000528	56.029115	0.000520	56.016306	0.000291	56.015835	0.000283
104	3226	P75	58	58.114139	0.001968	58.114139	0.001968	58.100365	0.001730	58.100365	0.001730
104	3226	P90	60	60.074102	0.001235	60.074102	0.001235	60.059864	0.000998	60.059864	0.000998
104	3226	P95	61	61.052359	0.000858	61.052359	0.000858	61.037888	0.000621	61.037888	0.000621
104	3226	P99	66	65.949637	-0.000763	65.949637	-0.000763	65.934006	-0.001000	65.934006	-0.001000
104	3226	P999	87	87.103983	0.001195	87.103983	0.001195	87.083337	0.000958	87.083337	0.000958
105	3955	P1	25	25.014693	0.000588	25.014693	0.000588	25.022028	0.000881	25.022028	0.000881
105	3955	P50	28	27.963872	-0.001290	27.963872	-0.001290	27.972072	-0.000997	27.972072	-0.000997
105	3955	P75	29	28.910588	-0.003083	28.910588	-0.003083	28.919065	-0.002791	28.919065	-0.002791
105	3955	P90	30	29.918347	-0.002722	29.918347	-0.002722	29.927121	-0.002429	29.927121	-0.002429
105	3955	P95	31	30.926109	-0.002384	30.926109	-0.002384	30.935178	-0.002091	30.935178	-0.002091
105	3955	P99	34	34.057701	0.001697	34.057701	0.001697	34.067688	0.001991	34.067688	0.001991
105	3955	P999	97	97.025447	0.000262	97.025447	0.000262	97.053899	0.000556	97.053899	0.000556
106	6875	P1	67	66.767492	-0.003470	66.767492	-0.003470	66.801922	-0.002956	66.801922	-0.002956
106	6875	P50	95	95.207729	0.002187	95.207729	0.002187	95.256825	0.002703	95.256825	0.002703
106	6875	P75	107	106.930116	-0.000653	106.930116	-0.000653	106.985258	-0.000138	106.985258	-0.000138
106	6875	P90	110	110.144127	0.001310	110.144127	0.001310	110.200926	0.001827	110.200926	0.001827
106	6875	P95	113	112.815771	-0.001630	112.815771	-0.001630	112.873947	-0.001116	112.873947	-0.001116
106	6875	P99	122	122.029382	0.000241	122.029382	0.000241	122.092310	0.000757	122.092310	0.000757
106	6875	P999	245	245.124370	0.000508	245.124370	0.000508	245.250776	0.001024	245.250776	0.001024
107	131	P1	1	0.996332	-0.003668	0.996332	-0.003668	1.000063	0.000063	1.000063	0.000063
107	131	P50	1	0.998337	-0.001663	0.998337	-0.001663	1.002075	0.002075	1.002075	0.002075
107	131	P75	1	0.999372	-0.000628	0.999372	-0.000628	1.003115	0.003115	1.003115	0.003115
107	131	P90	1	0.999969	-0.000031	0.999969	-0.000031	1.003713	0.003713	1.003713	0.003713
107	131	P95	2	2.000490	0.000245	2.000490	0.000245	2.000490	0.000245	2.000490	0.000245
107	131	P99	2	2.003608	0.001804	2.003608	0.001804	2.003608	0.001804	2.003608	0.001804
107	131	P999	2	2.004232	0.002116	2.004232	0.002116	2.004232	0.002116	2.004232	0.002116
108	792	P1	20	19.977762	-0.001112	19.977762	-0.001112	19.990883	-0.000456	19.990883	-0.000456
108	792	P50	22	22.073474	0.003340	22.073156	0.003325	22.005562	0.000253	22.005245	0.000238
108	792	P75	23	22.990364	-0.000419	22.989978	-0.000436	23.005464	0.000238	23.005078	0.000221
108	792	P90	24	24.048872	0.002036	24.048872	0.002036	24.064668	0.002694	24.064668	0.002694
108	792	P95	25	25.041460	0.001658	25.041460	0.001658	25.057908	0.002316	25.057908	0.002316
108	792	P99	29	29.107209	0.003697	29.107209	0.003697	29.017657	0.000609	29.017657	0.000609
108	792	P999	66	66.243523	0.003690	66.243523	0.003690	66.039716	0.000602	66.039716	0.000602
109	335	P1	1	0.996314	-0.003686	0.996314	-0.003686	1.000045	0.000045	1.000045	0.000045
109	335	P50	1	0.998144	-0.001856	0.998144	-0.001856	1.001882	0.001882	1.001882	0.001882
109	335	P75	1	0.999083	-0.000917	0.999083	-0.000917	1.002824	0.002824	1.002824	0.002824
109	335	P90	1	0.999642	-0.000358	0.999642	-0.000358	1.003386	0.003386	1.003386	0.003386
109	335	P95	1	0.999832	-0.000168	0.999832	-0.000168	1.003576	0.003576	1.003576	0.003576
109	335	P99	1	0.999978	-0.000022	0.999978	-0.000022	1.003722	0.003722	1.003722	0.003722
109	335	P999	2	2.004232	0.002116	2.004232	0.002116	2.004232	0.002116	2.004232	0.002116
110	3711	P1	1	0.997295	-0.002705	0.997295	-0.002705	1.000575	0.000575	1.000575	0.000575
110	3711	P50	236	236.137962	0.000585	236.137962	0.000585	236.030762	0.000130	236.030762	0.000130
110	3711	P75	242	242.592481	0.002448	242.592481	0.002448	242.482351	0.001993	242.482351	0.001993
110	3711	P90	256	256.471056	0.001840	256.471056	0.001840	256.354626	0.001385	256.354626	0.001385
110	3711	P95	276	276.151163	0.000548	276.151163	0.000548	276.025799	0.000093	276.025799	0.000093
110	3711	P99	342	342.206387	0.000603	342.206387	0.000603	342.051035	0.000149	342.051035	0.000149
110	3711	P999	466	466.689866	0.001480	466.689866	0.001480	466.478003	0.001026	466.478003	0.001026
111	214	P1	1	0.996372	-0.003628	0.996372	-0.003628	1.000103	0.000103	1.000103	0.000103
111	214	P50	1	0.999966	-0.000034	0.999931	-0.000069	1.003711	0.003711	1.003676	0.003676
111	214	P75	2	2.000454	0.000227	2.000454	0.000227	2.000454	0.000227	2.000454	0.000227
111	214	P90	2	2.002734	0.001367	2.002734	0.001367	2.002734	0.001367	2.002734	0.001367
111	214	P95	2	2.003519	0.001759	2.003519	0.001759	2.003519	0.001759	2.003519	0.001759
111	214	P99	2	2.004090	0.002045	2.004090	0.002045	2.004090	0.002045	2.004090	0.002045
111	214	P999	2	2.004232	0.002116	2.004232	0.002116	2.004232	0.002116	2.004232	0.002116
112	317	P1	52	51.944358	-0.001070	51.944358	-0.001070	52.085973	0.001653	52.085973	0.001653
112	317	P50	57	57.064707	0.001135	57.064707	0.001135	57.006793	0.000119	57.006793	0.000119
112	317	P75	59	58.963449	-0.000620	58.963449	-0.000620	58.903608	-0.001634	58.903608	-0.001634
112	317	P90	61	60.930715	-0.001136	60.930715	-0.001136	60.868877	-0.002150	60.868877	-0.002150
112	317	P95	62	61.920875	-0.001276	61.920875	-0.001276	62.089688	0.001447	62.089688	0.001447
112	317	P99	64	64.079341	0.001240	64.079341	0.001240	64.014308	0.000224	64.014308	0.000224
112	317	P999	67	67.102652	0.001532	67.102652	0.001532	67.034550	0.000516	67.034550	0.000516
113	553	P1	26	25.942159	-0.002225	25.942159	-0.002225	25.969318	-0.001180	25.969318	-0.001180
113	553	P50	29	29.033046	0.001140	29.033046	0.001140	28.955005	-0.001552	28.955005	-0.001552
113	553	P75	30	30.039133	0.001304	30.039133	0.001304	29.958387	-0.001387	29.958387	-0.001387
113	553	P90	31	30.972985	-0.000871	30.972985	-0.000871	31.005410	0.000175	31.005410	0.000175
113	553	P95	32	32.012884	0.000403	32.012884	0.000403	32.046398	0.001450	32.046398	0.001450
113	553	P99	34	34.023674	0.000696	34.023674	0.000696	34.059292	0.001744	34.059292	0.001744
113	553	P999	51	51.163608	0.003208	51.163608	0.003208	51.026080	0.000511	51.026080	0.000511
114	872	P1	1	0.996308	-0.003692	0.996308	-0.003692	1.000039	0.000039	1.000039	0.000039
114	872	P50	1	0.998157	-0.001843	0.998152	-0.001848	1.001895	0.001895	1.001890	0.001890
114	872	P75	1	0.999099	-0.000901	0.999095	-0.000905	1.002841	0.002841	1.002837	0.002837
114	872	P90	1	0.999662	-0.000338	0.999662	-0.000338	1.003406	0.003406	1.003406	0.003406
114	872	P95	1	0.999853	-0.000147	0.999853	-0.000147	1.003597	0.003597	1.003597	0.003597
114	872	P99	2	1.997584	-0.001208	1.997584	-0.001208	1.997584	-0.001208	1.997584	-0.001208
114	872	P999	2	2.004232	0.002116	2.004232	0.002116	2.004232	0.002116	2.004232	0.002116
115	755	P1	18	17.963018	-0.002055	17.963018	-0.002055	17.988311	-0.000649	17.988311	-0.000649
115	755	P50	20	19.958403	-0.002080	19.958403	-0.002080	19.986505	-0.000675	19.986505	-0.000675
115	755	P75	20	20.013558	0.000678	20.013558	0.000678	20.041737	0.002087	20.041737	0.002087
115	755	P90	22	21.981924	-0.000822	21.981924	-0.000822	21.930745	-0.003148	21.930745	-0.003148
115	755	P95	22	22.051420	0.002337	22.051420	0.002337	22.000079	0.000004	22.000079	0.000004
115	755	P99	26	25.967624	-0.001245	25.967624	-0.001245	26.004188	0.000161	26.004188	0.000161
115	755	P999	230	230.688155	0.002992	230.688155	0.002992	230.151064	0.000657	230.151064	0.000657
116	1620	P1	10	9.992064	-0.000794	9.992064	-0.000794	10.028926	0.002893	10.028926	0.002893
116	1620	P50	12	11.993636	-0.000530	11.993574	-0.000535	11.992969	-0.000586	11.992908	-0.000591
116	1620	P75	13	13.008039	0.000618	13.007908	0.000608	13.007316	0.000563	13.007185	0.000553
116	1620	P90	13	13.039926	0.003071	13.039795	0.003061	13.039201	0.003015	13.039070	0.003005
116	1620	P95	14	13.984589	-0.001101	13.984123	-0.001134	14.036181	0.002584	14.035712	0.002551
116	1620	P99	16	16.016573	0.001036	16.016573	0.001036	16.015683	0.000980	16.015683	0.000980
116	1620	P999	26	26.038056	0.001464	26.038056	0.001464	26.036609	0.001408	26.036609	0.001408
117	2951	P1	1	0.997109	-0.002891	0.997109	-0.002891	1.000844	0.000844	1.000844	0.000844
117	2951	P50	12	12.002228	0.000186	12.002228	0.000186	12.002228	0.000186	12.002228	0.000186
117	2951	P75	13	13.023796	0.001830	13.023796	0.001830	13.023796	0.001830	13.023796	0.001830
117	2951	P90	14	14.028323	0.002023	14.028323	0.002023	14.028323	0.002023	14.028323	0.002023
117	2951	P95	14	14.051648	0.003689	14.051648	0.003689	14.051648	0.003689	14.051648	0.003689
117	2951	P99	16	16.007960	0.000497	16.007960	0.000497	16.007960	0.000497	16.007960	0.000497
117	2951	P999	103	103.035531	0.000345	103.035531	0.000345	103.035531	0.000345	103.035531	0.000345
118	411	P1	1	0.996315	-0.003685	0.996315	-0.003685	1.000046	0.000046	1.000046	0.000046
118	411	P50	1	0.998146	-0.001854	0.998146	-0.001854	1.001884	0.001884	1.001884	0.001884
118	411	P75	1	0.999086	-0.000914	0.999086	-0.000914	1.002828	0.002828	1.002828	0.002828
118	411	P90	1	0.999644	-0.000356	0.999644	-0.000356	1.003387	0.003387	1.003387	0.003387
118	411	P95	1	0.999836	-0.000164	0.999836	-0.000164	1.003580	0.003580	1.003580	0.003580
118	411	P99	1	0.999982	-0.000018	0.999982	-0.000018	1.003727	0.003727	1.003727	0.003727
118	411	P999	2	2.004232	0.002116	2.004232	0.002116	2.004232	0.002116	2.004232	0.002116
119	26238	P1	1001	997.030194	-0.003966	997.030194	-0.003966	1000.008904	-0.000990	1000.008904	-0.000990
119	26238	P50	1001	999.109623	-0.001888	999.109461	-0.001889	1001.857060	0.000856	1001.856916	0.000856
119	26238	P75	1002	1000.172114	-0.001824	1000.172114	-0.001824	1002.801213	0.000800	1002.801213	0.000800
119	26238	P90	1002	1001.203483	-0.000795	1001.203483	-0.000795	1003.368218	0.001365	1003.368218	0.001365
119	26238	P95	1002	1002.855104	0.000853	1002.855104	0.000853	1003.557291	0.001554	1003.557291	0.001554
119	26238	P99	1002	1004.177605	0.002173	1004.177605	0.002173	1003.708488	0.001705	1003.708488	0.001705
119	26238	P999	1003	1004.475376	0.001471	1004.475376	0.001471	1003.742507	0.000740	1003.742507	0.000740
120	209	P1	14	13.985978	-0.001002	13.985978	-0.001002	14.007946	0.000568	14.007946	0.000568
120	209	P50	457	455.842828	-0.002532	455.842828	-0.002532	456.558837	-0.000965	456.558837	-0.000965
120	209	P75	487	487.113383	0.000233	487.113383	0.000233	487.878509	0.001804	487.878509	0.001804
120	209	P90	941	941.641245	0.000681	941.641245	0.000681	941.945930	0.001005	941.945930	0.001005
120	209	P95	960	960.003726	0.000004	960.003726	0.000004	961.511638	0.001575	961.511638	0.001575
120	209	P99	987	987.297968	0.000302	987.297968	0.000302	988.848753	0.001873	988.848753	0.001873
120	209	P999	1142	1142.246752	0.000216	1142.246752	0.000216	1144.040920	0.001787	1144.040920	0.001787
121	380	P1	1	0.996308	-0.003692	0.996308	-0.003692	1.000040	0.000040	1.000040	0.000040
121	380	P50	1	0.998153	-0.001847	0.998143	-0.001857	1.001891	0.001891	1.001881	0.001881
121	380	P75	1	0.999091	-0.000909	0.999081	-0.000919	1.002832	0.002832	1.002822	0.002822
121	380	P90	1	0.999654	-0.000346	0.999644	-0.000356	1.003398	0.003398	1.003388	0.003388
121	380	P95	1	0.999842	-0.000158	0.999832	-0.000168	1.003586	0.003586	1.003576	0.003576
121	380	P99	1	0.999990	-0.000010	0.999990	-0.000010	1.003735	0.003735	1.003735	0.003735
121	380	P999	5	5.008127	0.001625	5.008127	0.001625	5.008127	0.001625	5.008127	0.001625
122	1081	P1	1	0.996324	-0.003676	0.996324	-0.003676	1.000055	0.000055	1.000055	0.000055
122	1081	P50	1	0.998962	-0.001038	0.998962	-0.001038	1.002704	0.002704	1.002704	0.002704
122	1081	P75	2	1.998267	-0.000866	1.998267	-0.000866	1.998267	-0.000866	1.998267	-0.000866
122	1081	P90	2	2.002226	0.001113	2.002226	0.001113	2.002226	0.001113	2.002226	0.001113
122	1081	P95	2	2.003547	0.001773	2.003547	0.001773	2.003547	0.001773	2.003547	0.001773
122	1081	P99	3	2.997011	-0.000996	2.997011	-0.000996	2.997011	-0.000996	2.997011	-0.000996
122	1081	P999	3	3.001047	0.000349	3.001047	0.000349	3.001047	0.000349	3.001047	0.000349
123	834	P1	1	0.996309	-0.003691	0.996309	-0.003691	1.000040	0.000040	1.000040	0.000040
123	834	P50	1	0.998142	-0.001858	0.998137	-0.001863	1.001880	0.001880	1.001875	0.001875
123	834	P75	1	0.999075	-0.000925	0.999075	-0.000925	1.002816	0.002816	1.002816	0.002816
123	834	P90	1	0.999636	-0.000364	0.999636	-0.000364	1.003380	0.003380	1.003380	0.003380
123	834	P95	1	0.999825	-0.000175	0.999825	-0.000175	1.003569	0.003569	1.003569	0.003569
123	834	P99	1	0.999973	-0.000027	0.999973	-0.000027	1.003718	0.003718	1.003718	0.003718
123	834	P999	2	2.004232	0.002116	2.004232	0.002116	2.004232	0.002116	2.004232	0.002116
124	2774	P1	1	0.996307	-0.003693	0.996307	-0.003693	1.000038	0.000038	1.000038	0.000038
124	2774	P50	1	0.998150	-0.001850	0.998148	-0.001852	1.001888	0.001888	1.001886	0.001886
124	2774	P75	1	0.999090	-0.000910	0.999090	-0.000910	1.002832	0.002832	1.002832	0.002832
124	2774	P90	1	0.999655	-0.000345	0.999655	-0.000345	1.003399	0.003399	1.003399	0.003399
124	2774	P95	1	0.999844	-0.000156	0.999844	-0.000156	1.003588	0.003588	1.003588	0.003588
124	2774	P99	1	0.999995	-0.000005	0.999995	-0.000005	1.003740	0.003740	1.003740	0.003740
124	2774	P999	2	2.003892	0.001946	2.003892	0.001946	2.003892	0.001946	2.003892	0.001946
125	1062	P1	1	0.996530	-0.003470	0.996530	-0.003470	1.000262	0.000262	1.000262	0.000262
125	1062	P50	21	21.019993	0.000952	21.019666	0.000936	21.019993	0.000952	21.019666	0.000936
125	1062	P75	22	21.991745	-0.000375	21.991745	-0.000375	21.991745	-0.000375	21.991745	-0.000375
125	1062	P90	23	23.005984	0.000260	23.005984	0.000260	23.005984	0.000260	23.005984	0.000260
125	1062	P95	24	24.038537	0.001606	24.038537	0.001606	24.038537	0.001606	24.038537	0.001606
125	1062	P99	26	25.958866	-0.001582	25.958866	-0.001582	25.958866	-0.001582	25.958866	-0.001582
125	1062	P999	29	29.017657	0.000609	29.017657	0.000609	29.017657	0.000609	29.017657	0.000609
126	344	P1	1	0.996312	-0.003688	0.996312	-0.003688	1.000043	0.000043	1.000043	0.000043
126	344	P50	1	0.998144	-0.001856	0.998133	-0.001867	1.001882	0.001882	1.001871	0.001871
126	344	P75	1	0.999077	-0.000923	0.999066	-0.000934	1.002818	0.002818	1.002807	0.002807
126	344	P90	1	0.999631	-0.000369	0.999631	-0.000369	1.003374	0.003374	1.003374	0.003374
126	344	P95	1	0.999815	-0.000185	0.999815	-0.000185	1.003560	0.003560	1.003560	0.003560
126	344	P99	1	0.999967	-0.000033	0.999967	-0.000033	1.003712	0.003712	1.003712	0.003712
126	344	P999	1	1.000000	-0.000000	1.000000	-0.000000	1.003745	0.003745	1.003745	0.003745
127	2070	P1	1	0.996307	-0.003693	0.996307	-0.003693	1.000038	0.000038	1.000038	0.000038
127	2070	P50	1	0.998139	-0.001861	0.998137	-0.001863	1.001877	0.001877	1.001875	0.001875
127	2070	P75	1	0.999074	-0.000926	0.999074	-0.000926	1.002815	0.002815	1.002815	0.002815
127	2070	P90	1	0.999636	-0.000364	0.999634	-0.000366	1.003380	0.003380	1.003378	0.003378
127	2070	P95	1	0.999823	-0.000177	0.999823	-0.000177	1.003567	0.003567	1.003567	0.003567
127	2070	P99	1	0.999973	-0.000027	0.999973	-0.000027	1.003718	0.003718	1.003718	0.003718
127	2070	P999	2	2.002360	0.001180	2.002360	0.001180	2.002360	0.001180	2.002360	0.001180
128	280	P1	1	0.996309	-0.003691	0.996309	-0.003691	1.000040	0.000040	1.000040	0.000040
128	280	P50	1	0.998153	-0.001847	0.998139	-0.001861	1.001891	0.001891	1.001877	0.001877
128	280	P75	1	0.999089	-0.000911	0.999076	-0.000924	1.002831	0.002831	1.002817	0.002817
128	280	P90	1	0.999652	-0.000348	0.999638	-0.000362	1.003395	0.003395	1.003382	0.003382
128	280	P95	1	0.999839	-0.000161	0.999826	-0.000174	1.003584	0.003584	1.003570	0.003570
128	280	P99	1	0.999987	-0.000013	0.999987	-0.000013	1.003732	0.003732	1.003732	0.003732
128	280	P999	2	2.004232	0.002116	2.004232	0.002116	2.004232	0.002116	2.004232	0.002116
129	180	P1	1	0.996310	-0.003690	0.996310	-0.003690	1.000042	0.000042	1.000042	0.000042
129	180	P50	1	0.998153	-0.001847	0.998133	-0.001867	1.001892	0.001892	1.001871	0.001871
129	180	P75	1	0.999087	-0.000913	0.999066	-0.000934	1.002828	0.002828	1.002807	0.002807
129	180	P90	1	0.999647	-0.000353	0.999626	-0.000374	1.003391	0.003391	1.003370	0.003370
129	180	P95	1	0.999834	-0.000166	0.999813	-0.000187	1.003578	0.003578	1.003557	0.003557
129	180	P99	1	0.999979	-0.000021	0.999979	-0.000021	1.003724	0.003724	1.003724	0.003724
129	180	P999	1	1.000000	-0.000000	1.000000	-0.000000	1.003745	0.003745	1.003745	0.003745
130	5227	P1	1	0.996307	-0.003693	0.996307	-0.003693	1.000038	0.000038	1.000038	0.000038
130	5227	P50	1	0.998138	-0.001862	0.998138	-0.001862	1.001876	0.001876	1.001876	0.001876
130	5227	P75	1	0.999073	-0.000927	0.999073	-0.000927	1.002815	0.002815	1.002815	0.002815
130	5227	P90	1	0.999635	-0.000365	0.999635	-0.000365	1.003379	0.003379	1.003379	0.003379
130	5227	P95	1	0.999822	-0.000178	0.999822	-0.000178	1.003567	0.003567	1.003567	0.003567
130	5227	P99	1	0.999972	-0.000028	0.999972	-0.000028	1.003717	0.003717	1.003717	0.003717
130	5227	P999	2	2.001737	0.000868	2.001737	0.000868	2.001737	0.000868	2.001737	0.000868
131	1523	P1	1	0.996308	-0.003692	0.996308	-0.003692	1.000039	0.000039	1.000039	0.000039
131	1523	P50	1	0.998141	-0.001859	0.998141	-0.001859	1.001879	0.001879	1.001879	0.001879
131	1523	P75	1	0.999079	-0.000921	0.999079	-0.000921	1.002820	0.002820	1.002820	0.002820
131	1523	P90	1	0.999640	-0.000360	0.999640	-0.000360	1.003384	0.003384	1.003384	0.003384
131	1523	P95	1	0.999828	-0.000172	0.999828	-0.000172	1.003572	0.003572	1.003572	0.003572
131	1523	P99	1	0.999978	-0.000022	0.999978	-0.000022	1.003723	0.003723	1.003723	0.003723
131	1523	P999	2	2.002984	0.001492	2.002984	0.001492	2.002984	0.001492	2.002984	0.001492
132	1927	P1	1	0.996308	-0.003692	0.996308	-0.003692	1.000039	0.000039	1.000039	0.000039
132	1927	P50	1	0.998138	-0.001862	0.998138	-0.001862	1.001876	0.001876	1.001876	0.001876
132	1927	P75	1	0.999073	-0.000927	0.999073	-0.000927	1.002815	0.002815	1.002815	0.002815
132	1927	P90	1	0.999635	-0.000365	0.999635	-0.000365	1.003378	0.003378	1.003378	0.003378
132	1927	P95	1	0.999821	-0.000179	0.999821	-0.000179	1.003565	0.003565	1.003565	0.003565
132	1927	P99	1	0.999971	-0.000029	0.999971	-0.000029	1.003716	0.003716	1.003716	0.003716
132	1927	P999	2	2.004232	0.002116	2.004232	0.002116	2.004232	0.002116	2.004232	0.002116
133	267	P1	1	0.996311	-0.003689	0.996311	-0.003689	1.000042	0.000042	1.000042	0.000042
133	267	P50	1	0.998140	-0.001860	0.998140	-0.001860	1.001878	0.001878	1.001878	0.001878
133	267	P75	1	0.999076	-0.000924	0.999076	-0.000924	1.002818	0.002818	1.002818	0.002818
133	267	P90	1	0.999636	-0.000364	0.999636	-0.000364	1.003380	0.003380	1.003380	0.003380
133	267	P95	1	0.999818	-0.000182	0.999818	-0.000182	1.003562	0.003562	1.003562	0.003562
133	267	P99	1	0.999972	-0.000028	0.999972	-0.000028	1.003717	0.003717	1.003717	0.003717
133	267	P999	1	1.000000	-0.000000	1.000000	-0.000000	1.003745	0.003745	1.003745	0.003745
134	2424	P1	1	0.996307	-0.003693	0.996307	-0.003693	1.000039	0.000039	1.000039	0.000039
134	2424	P50	1	0.998136	-0.001864	0.998134	-0.001866	1.001874	0.001874	1.001872	0.001872
134	2424	P75	1	0.999070	-0.000930	0.999068	-0.000932	1.002811	0.002811	1.002810	0.002810
134	2424	P90	1	0.999630	-0.000370	0.999630	-0.000370	1.003373	0.003373	1.003373	0.003373
134	2424	P95	1	0.999816	-0.000184	0.999816	-0.000184	1.003561	0.003561	1.003561	0.003561
134	2424	P99	1	0.999966	-0.000034	0.999966	-0.000034	1.003711	0.003711	1.003711	0.003711
134	2424	P999	1	1.000000	-0.000000	1.000000	-0.000000	1.003745	0.003745	1.003745	0.003745
135	1307	P1	1	0.996309	-0.003691	0.996309	-0.003691	1.000040	0.000040	1.000040	0.000040
135	1307	P50	1	0.998137	-0.001863	0.998137	-0.001863	1.001875	0.001875	1.001875	0.001875
135	1307	P75	1	0.999072	-0.000928	0.999072	-0.000928	1.002814	0.002814	1.002814	0.002814
135	1307	P90	1	0.999633	-0.000367	0.999633	-0.000367	1.003377	0.003377	1.003377	0.003377
135	1307	P95	1	0.999820	-0.000180	0.999820	-0.000180	1.003564	0.003564	1.003564	0.003564
135	1307	P99	1	0.999968	-0.000032	0.999968	-0.000032	1.003713	0.003713	1.003713	0.003713
135	1307	P999	2	2.000490	0.000245	2.000490	0.000245	2.000490	0.000245	2.000490	0.000245
136	523	P1	1	0.996312	-0.003688	0.996312	-0.003688	1.000043	0.000043	1.000043	0.000043
136	523	P50	1	0.998136	-0.001864	0.998136	-0.001864	1.001874	0.001874	1.001874	0.001874
136	523	P75	1	0.999071	-0.000929	0.999071	-0.000929	1.002813	0.002813	1.002813	0.002813
136	523	P90	1	0.999628	-0.000372	0.999628	-0.000372	1.003372	0.003372	1.003372	0.003372
136	523	P95	1	0.999814	-0.000186	0.999814	-0.000186	1.003558	0.003558	1.003558	0.003558
136	523	P99	1	0.999964	-0.000036	0.999964	-0.000036	1.003709	0.003709	1.003709	0.003709
136	523	P999	1	1.000000	-0.000000	1.000000	-0.000000	1.003745	0.003745	1.003745	0.003745
137	801	P1	1	0.996311	-0.003689	0.996311	-0.003689	1.000042	0.000042	1.000042	0.000042
137	801	P50	1	0.998137	-0.001863	0.998137	-0.001863	1.001875	0.001875	1.001875	0.001875
137	801	P75	1	0.999071	-0.000929	0.999071	-0.000929	1.002812	0.002812	1.002812	0.002812
137	801	P90	1	0.999631	-0.000369	0.999631	-0.000369	1.003375	0.003375	1.003375	0.003375
137	801	P95	1	0.999818	-0.000182	0.999818	-0.000182	1.003562	0.003562	1.003562	0.003562
137	801	P99	1	0.999967	-0.000033	0.999967	-0.000033	1.003712	0.003712	1.003712	0.003712
137	801	P999	2	2.004232	0.002116	2.004232	0.002116	2.004232	0.002116	2.004232	0.002116
138	1208	P1	1	0.996309	-0.003691	0.996309	-0.003691	1.000040	0.000040	1.000040	0.000040
138	1208	P50	1	0.998145	-0.001855	0.998142	-0.001858	1.001883	0.001883	1.001880	0.001880
138	1208	P75	1	0.999083	-0.000917	0.999080	-0.000920	1.002825	0.002825	1.002821	0.002821
138	1208	P90	1	0.999646	-0.000354	0.999646	-0.000354	1.003389	0.003389	1.003389	0.003389
138	1208	P95	1	0.999832	-0.000168	0.999832	-0.000168	1.003576	0.003576	1.003576	0.003576
138	1208	P99	1	0.999981	-0.000019	0.999981	-0.000019	1.003726	0.003726	1.003726	0.003726
138	1208	P999	2	2.004232	0.002116	2.004232	0.002116	2.004232	0.002116	2.004232	0.002116
139	1375	P1	1	0.996307	-0.003693	0.996307	-0.003693	1.000038	0.000038	1.000038	0.000038
139	1375	P50	1	0.998138	-0.001862	0.998138	-0.001862	1.001876	0.001876	1.001876	0.001876
139	1375	P75	1	0.999074	-0.000926	0.999074	-0.000926	1.002816	0.002816	1.002816	0.002816
139	1375	P90	1	0.999635	-0.000365	0.999635	-0.000365	1.003379	0.003379	1.003379	0.003379
139	1375	P95	1	0.999823	-0.000177	0.999823	-0.000177	1.003567	0.003567	1.003567	0.003567
139	1375	P99	1	0.999973	-0.000027	0.999973	-0.000027	1.003718	0.003718	1.003718	0.003718
139	1375	P999	2	2.001737	0.000868	2.001737	0.000868	2.001737	0.000868	2.001737	0.000868
140	532	P1	1	0.996311	-0.003689	0.996311	-0.003689	1.000042	0.000042	1.000042	0.000042
140	532	P50	1	0.998154	-0.001846	0.998147	-0.001853	1.001892	0.001892	1.001885	0.001885
140	532	P75	1	0.999094	-0.000906	0.999087	-0.000913	1.002836	0.002836	1.002829	0.002829
140	532	P90	1	0.999653	-0.000347	0.999653	-0.000347	1.003397	0.003397	1.003397	0.003397
140	532	P95	1	0.999844	-0.000156	0.999844	-0.000156	1.003589	0.003589	1.003589	0.003589
140	532	P99	1	0.999993	-0.000007	0.999993	-0.000007	1.003738	0.003738	1.003738	0.003738
140	532	P999	2	2.004232	0.002116	2.004232	0.002116	2.004232	0.002116	2.004232	0.002116
141	196	P1	1	0.996307	-0.003693	0.996307	-0.003693	1.000038	0.000038	1.000038	0.000038
141	196	P50	1	0.998161	-0.001839	0.998142	-0.001858	1.001900	0.001900	1.001880	0.001880
141	196	P75	1	0.999099	-0.000901	0.999080	-0.000920	1.002841	0.002841	1.002822	0.002822
141	196	P90	1	0.999655	-0.000345	0.999655	-0.000345	1.003399	0.003399	1.003399	0.003399
141	196	P95	1	0.999847	-0.000153	0.999847	-0.000153	1.003591	0.003591	1.003591	0.003591
141	196	P99	1	1.000000	-0.000000	1.000000	-0.000000	1.003745	0.003745	1.003745	0.003745
141	196	P999	12	12.010068	0.000839	12.010068	0.000839	12.010068	0.000839	12.010068	0.000839
142	526	P1	1	0.996312	-0.003688	0.996312	-0.003688	1.000043	0.000043	1.000043	0.000043
142	526	P50	1	0.998147	-0.001853	0.998140	-0.001860	1.001885	0.001885	1.001878	0.001878
142	526	P75	1	0.999080	-0.000920	0.999080	-0.000920	1.002822	0.002822	1.002822	0.002822
142	526	P90	1	0.999643	-0.000357	0.999643	-0.000357	1.003387	0.003387	1.003387	0.003387
142	526	P95	1	0.999829	-0.000171	0.999829	-0.000171	1.003573	0.003573	1.003573	0.003573
142	526	P99	1	0.999979	-0.000021	0.999979	-0.000021	1.003723	0.003723	1.003723	0.003723
142	526	P999	3	3.001047	0.000349	3.001047	0.000349	3.001047	0.000349	3.001047	0.000349
143	536	P1	1	0.996311	-0.003689	0.996311	-0.003689	1.000042	0.000042	1.000042	0.000042
143	536	P50	1	0.998150	-0.001850	0.998143	-0.001857	1.001888	0.001888	1.001881	0.001881
143	536	P75	1	0.999089	-0.000911	0.999082	-0.000918	1.002830	0.002830	1.002823	0.002823
143	536	P90	1	0.999649	-0.000351	0.999649	-0.000351	1.003393	0.003393	1.003393	0.003393
143	536	P95	1	0.999839	-0.000161	0.999839	-0.000161	1.003583	0.003583	1.003583	0.003583
143	536	P99	1	0.999986	-0.000014	0.999986	-0.000014	1.003731	0.003731	1.003731	0.003731
143	536	P999	2	2.004232	0.002116	2.004232	0.002116	2.004232	0.002116	2.004232	0.002116
144	2321	P1	1	0.996308	-0.003692	0.996308	-0.003692	1.000039	0.000039	1.000039	0.000039
144	2321	P50	1	0.998146	-0.001854	0.998146	-0.001854	1.001884	0.001884	1.001884	0.001884
144	2321	P75	1	0.999085	-0.000915	0.999085	-0.000915	1.002826	0.002826	1.002826	0.002826
144	2321	P90	1	0.999648	-0.000352	0.999648	-0.000352	1.003392	0.003392	1.003392	0.003392
144	2321	P95	1	0.999836	-0.000164	0.999836	-0.000164	1.003581	0.003581	1.003581	0.003581
144	2321	P99	1	0.999987	-0.000013	0.999987	-0.000013	1.003732	0.003732	1.003732	0.003732
144	2321	P999	2	2.004232	0.002116	2.004232	0.002116	2.004232	0.002116	2.004232	0.002116
145	1100	P1	1	0.996310	-0.003690	0.996306	-0.003694	1.000041	0.000041	1.000037	0.000037
145	1100	P50	1	0.998140	-0.001860	0.998136	-0.001864	1.001878	0.001878	1.001874	0.001874
145	1100	P75	1	0.999074	-0.000926	0.999071	-0.000929	1.002816	0.002816	1.002813	0.002813
145	1100	P90	1	0.999636	-0.000364	0.999632	-0.000368	1.003379	0.003379	1.003376	0.003376
145	1100	P95	1	0.999823	-0.000177	0.999820	-0.000180	1.003567	0.003567	1.003564	0.003564
145	1100	P99	1	0.999973	-0.000027	0.999969	-0.000031	1.003718	0.003718	1.003714	0.003714
145	1100	P999	2	2.000490	0.000245	2.000490	0.000245	2.000490	0.000245	2.000490	0.000245
146	541	P1	1	0.996310	-0.003690	0.996310	-0.003690	1.000042	0.000042	1.000042	0.000042
146	541	P50	1	0.998140	-0.001860	0.998140	-0.001860	1.001878	0.001878	1.001878	0.001878
146	541	P75	1	0.999073	-0.000927	0.999073	-0.000927	1.002814	0.002814	1.002814	0.002814
146	541	P90	1	0.999633	-0.000367	0.999633	-0.000367	1.003377	0.003377	1.003377	0.003377
146	541	P95	1	0.999820	-0.000180	0.999820	-0.000180	1.003564	0.003564	1.003564	0.003564
146	541	P99	1	0.999972	-0.000028	0.999972	-0.000028	1.003717	0.003717	1.003717	0.003717
146	541	P999	2	2.004232	0.002116	2.004232	0.002116	2.004232	0.002116	2.004232	0.002116
147	5097	P1	1	0.996306	-0.003694	0.996306	-0.003694	1.000038	0.000038	1.000038	0.000038
147	5097	P50	1	0.998140	-0.001860	0.998140	-0.001860	1.001878	0.001878	1.001878	0.001878
147	5097	P75	1	0.999077	-0.000923	0.999077	-0.000923	1.002819	0.002819	1.002819	0.002819
147	5097	P90	1	0.999640	-0.000360	0.999640	-0.000360	1.003384	0.003384	1.003384	0.003384
147	5097	P95	1	0.999828	-0.000172	0.999828	-0.000172	1.003572	0.003572	1.003572	0.003572
147	5097	P99	1	0.999978	-0.000022	0.999978	-0.000022	1.003723	0.003723	1.003723	0.003723
147	5097	P999	2	2.002360	0.001180	2.002360	0.001180	2.002360	0.001180	2.002360	0.001180
148	3192	P1	1	0.996306	-0.003694	0.996306	-0.003694	1.000038	0.000038	1.000038	0.000038
148	3192	P50	1	0.998138	-0.001862	0.998137	-0.001863	1.001876	0.001876	1.001875	0.001875
148	3192	P75	1	0.999073	-0.000927	0.999072	-0.000928	1.002815	0.002815	1.002814	0.002814
148	3192	P90	1	0.999634	-0.000366	0.999634	-0.000366	1.003377	0.003377	1.003377	0.003377
148	3192	P95	1	0.999822	-0.000178	0.999822	-0.000178	1.003566	0.003566	1.003566	0.003566
148	3192	P99	1	0.999972	-0.000028	0.999972	-0.000028	1.003717	0.003717	1.003717	0.003717
148	3192	P999	2	2.001024	0.000512	2.001024	0.000512	2.001024	0.000512	2.001024	0.000512
149	2548	P1	1	0.996307	-0.003693	0.996307	-0.003693	1.000038	0.000038	1.000038	0.000038
149	2548	P50	1	0.998138	-0.001862	0.998136	-0.001864	1.001876	0.001876	1.001874	0.001874
149	2548	P75	1	0.999073	-0.000927	0.999071	-0.000929	1.002814	0.002814	1.002813	0.002813
149	2548	P90	1	0.999634	-0.000366	0.999634	-0.000366	1.003378	0.003378	1.003378	0.003378
149	2548	P95	1	0.999821	-0.000179	0.999821	-0.000179	1.003565	0.003565	1.003565	0.003565
149	2548	P99	1	0.999971	-0.000029	0.999971	-0.000029	1.003715	0.003715	1.003715	0.003715
149	2548	P999	2	2.001238	0.000619	2.001238	0.000619	2.001238	0.000619	2.001238	0.000619
150	2633	P1	1	0.996307	-0.003693	0.996307	-0.003693	1.000039	0.000039	1.000039	0.000039
150	2633	P50	1	0.998147	-0.001853	0.998147	-0.001853	1.001885	0.001885	1.001885	0.001885
150	2633	P75	1	0.999087	-0.000913	0.999087	-0.000913	1.002828	0.002828	1.002828	0.002828
150	2633	P90	1	0.999651	-0.000349	0.999651	-0.000349	1.003395	0.003395	1.003395	0.003395
150	2633	P95	1	0.999840	-0.000160	0.999840	-0.000160	1.003584	0.003584	1.003584	0.003584
150	2633	P99	1	0.999990	-0.000010	0.999990	-0.000010	1.003735	0.003735	1.003735	0.003735
150	2633	P999	2	2.003816	0.001908	2.003816	0.001908	2.003816	0.001908	2.003816	0.001908
151	504	P1	1	0.996313	-0.003687	0.996313	-0.003687	1.000045	0.000045	1.000045	0.000045
151	504	P50	1	0.998140	-0.001860	0.998133	-0.001867	1.001878	0.001878	1.001871	0.001871
151	504	P75	1	0.999073	-0.000927	0.999066	-0.000934	1.002815	0.002815	1.002807	0.002807
151	504	P90	1	0.999629	-0.000371	0.999629	-0.000371	1.003373	0.003373	1.003373	0.003373
151	504	P95	1	0.999815	-0.000185	0.999815	-0.000185	1.003559	0.003559	1.003559	0.003559
151	504	P99	1	0.999963	-0.000037	0.999963	-0.000037	1.003708	0.003708	1.003708	0.003708
151	504	P999	1	1.000000	-0.000000	1.000000	-0.000000	1.003745	0.003745	1.003745	0.003745
152	411	P1	1	0.996314	-0.003686	0.996314	-0.003686	1.000046	0.000046	1.000046	0.000046
152	411	P50	1	0.998142	-0.001858	0.998142	-0.001858	1.001880	0.001880	1.001880	0.001880
152	411	P75	1	0.999080	-0.000920	0.999080	-0.000920	1.002821	0.002821	1.002821	0.002821
152	411	P90	1	0.999635	-0.000365	0.999635	-0.000365	1.003379	0.003379	1.003379	0.003379
152	411	P95	1	0.999827	-0.000173	0.999827	-0.000173	1.003571	0.003571	1.003571	0.003571
152	411	P99	1	0.999973	-0.000027	0.999973	-0.000027	1.003718	0.003718	1.003718	0.003718
152	411	P999	2	2.004232	0.002116	2.004232	0.002116	2.004232	0.002116	2.004232	0.002116
153	928	P1	1	0.996309	-0.003691	0.996309	-0.003691	1.000040	0.000040	1.000040	0.000040
153	928	P50	1	0.998141	-0.001859	0.998137	-0.001863	1.001879	0.001879	1.001875	0.001875
153	928	P75	1	0.999076	-0.000924	0.999072	-0.000928	1.002818	0.002818	1.002813	0.002813
153	928	P90	1	0.999637	-0.000363	0.999637	-0.000363	1.003380	0.003380	1.003380	0.003380
153	928	P95	1	0.999822	-0.000178	0.999822	-0.000178	1.003567	0.003567	1.003567	0.003567
153	928	P99	1	0.999972	-0.000028	0.999972	-0.000028	1.003717	0.003717	1.003717	0.003717
153	928	P999	2	2.004232	0.002116	2.004232	0.002116	2.004232	0.002116	2.004232	0.002116
154	703	P1	1	0.996312	-0.003688	0.996312	-0.003688	1.000043	0.000043	1.000043	0.000043
154	703	P50	1	0.998154	-0.001846	0.998154	-0.001846	1.001892	0.001892	1.001892	0.001892
154	703	P75	1	0.999098	-0.000902	0.999098	-0.000902	1.002840	0.002840	1.002840	0.002840
154	703	P90	1	0.999662	-0.000338	0.999662	-0.000338	1.003405	0.003405	1.003405	0.003405
154	703	P95	1	0.999850	-0.000150	0.999850	-0.000150	1.003594	0.003594	1.003594	0.003594
154	703	P99	1	1.000000	-0.000000	1.000000	-0.000000	1.003745	0.003745	1.003745	0.003745
154	703	P999	2	2.004232	0.002116	2.004232	0.002116	2.004232	0.002116	2.004232	0.002116
155	799	P1	1	0.996306	-0.003694	0.996306	-0.003694	1.000038	0.000038	1.000038	0.000038
155	799	P50	1	0.998140	-0.001860	0.998140	-0.001860	1.001878	0.001878	1.001878	0.001878
155	799	P75	1	0.999076	-0.000924	0.999076	-0.000924	1.002818	0.002818	1.002818	0.002818
155	799	P90	1	0.999639	-0.000361	0.999639	-0.000361	1.003383	0.003383	1.003383	0.003383
155	799	P95	1	0.999826	-0.000174	0.999826	-0.000174	1.003571	0.003571	1.003571	0.003571
155	799	P99	1	0.999977	-0.000023	0.999977	-0.000023	1.003721	0.003721	1.003721	0.003721
155	799	P999	3	3.001047	0.000349	3.001047	0.000349	3.001047	0.000349	3.001047	0.000349
156	305	P1	1	0.996318	-0.003682	0.996318	-0.003682	1.000049	0.000049	1.000049	0.000049
156	305	P50	1	0.998145	-0.001855	0.998145	-0.001855	1.001883	0.001883	1.001883	0.001883
156	305	P75	1	0.999078	-0.000922	0.999078	-0.000922	1.002820	0.002820	1.002820	0.002820
156	305	P90	1	0.999643	-0.000357	0.999643	-0.000357	1.003387	0.003387	1.003387	0.003387
156	305	P95	1	0.999828	-0.000172	0.999828	-0.000172	1.003572	0.003572	1.003572	0.003572
156	305	P99	1	0.999975	-0.000025	0.999975	-0.000025	1.003720	0.003720	1.003720	0.003720
156	305	P999	2	2.004232	0.002116	2.004232	0.002116	2.004232	0.002116	2.004232	0.002116
157	2267	P1	1	0.996307	-0.003693	0.996307	-0.003693	1.000038	0.000038	1.000038	0.000038
157	2267	P50	1	0.998137	-0.001863	0.998137	-0.001863	1.001875	0.001875	1.001875	0.001875
157	2267	P75	1	0.999072	-0.000928	0.999072	-0.000928	1.002814	0.002814	1.002814	0.002814
157	2267	P90	1	0.999633	-0.000367	0.999633	-0.000367	1.003377	0.003377	1.003377	0.003377
157	2267	P95	1	0.999820	-0.000180	0.999820	-0.000180	1.003564	0.003564	1.003564	0.003564
157	2267	P99	1	0.999970	-0.000030	0.999970	-0.000030	1.003715	0.003715	1.003715	0.003715
157	2267	P999	2	2.000490	0.000245	2.000490	0.000245	2.000490	0.000245	2.000490	0.000245
158	1128	P1	1	0.996309	-0.003691	0.996309	-0.003691	1.000040	0.000040	1.000040	0.000040
158	1128	P50	1	0.998136	-0.001864	0.998133	-0.001867	1.001874	0.001874	1.001871	0.001871
158	1128	P75	1	0.999069	-0.000931	0.999066	-0.000934	1.002811	0.002811	1.002807	0.002807
158	1128	P90	1	0.999629	-0.000371	0.999629	-0.000371	1.003372	0.003372	1.003372	0.003372
158	1128	P95	1	0.999814	-0.000186	0.999814	-0.000186	1.003559	0.003559	1.003559	0.003559
158	1128	P99	1	0.999964	-0.000036	0.999964	-0.000036	1.003708	0.003708	1.003708	0.003708
158	1128	P999	1	0.999997	-0.000003	0.999997	-0.000003	1.003742	0.003742	1.003742	0.003742
159	699	P1	1	0.996307	-0.003693	0.996307	-0.003693	1.000038	0.000038	1.000038	0.000038
159	699	P50	1	0.998149	-0.001851	0.998149	-0.001851	1.001887	0.001887	1.001887	0.001887
159	699	P75	1	0.999090	-0.000910	0.999090	-0.000910	1.002832	0.002832	1.002832	0.002832
159	699	P90	1	0.999655	-0.000345	0.999655	-0.000345	1.003399	0.003399	1.003399	0.003399
159	699	P95	1	0.999844	-0.000156	0.999844	-0.000156	1.003588	0.003588	1.003588	0.003588
159	699	P99	1	0.999995	-0.000005	0.999995	-0.000005	1.003740	0.003740	1.003740	0.003740
159	699	P999	2	2.004232	0.002116	2.004232	0.002116	2.004232	0.002116	2.004232	0.002116
160	164	P1	1	0.996314	-0.003686	0.996314	-0.003686	1.000046	0.000046	1.000046	0.000046
160	164	P50	1	0.998156	-0.001844	0.998133	-0.001867	1.001894	0.001894	1.001871	0.001871
160	164	P75	1	0.999089	-0.000911	0.999066	-0.000934	1.002830	0.002830	1.002807	0.002807
160	164	P90	1	0.999635	-0.000365	0.999635	-0.000365	1.003379	0.003379	1.003379	0.003379
160	164	P95	1	0.999818	-0.000182	0.999818	-0.000182	1.003562	0.003562	1.003562	0.003562
160	164	P99	1	0.999977	-0.000023	0.999977	-0.000023	1.003722	0.003722	1.003722	0.003722
160	164	P999	1	1.000000	-0.000000	1.000000	-0.000000	1.003745	0.003745	1.003745	0.003745
161	194	P1	1	0.996308	-0.003692	0.996308	-0.003692	1.000039	0.000039	1.000039	0.000039
161	194	P50	1	0.998162	-0.001838	0.998142	-0.001858	1.001900	0.001900	1.001880	0.001880
161	194	P75	1	0.999090	-0.000910	0.999090	-0.000910	1.002832	0.002832	1.002832	0.002832
161	194	P90	1	0.999651	-0.000349	0.999651	-0.000349	1.003395	0.003395	1.003395	0.003395
161	194	P95	1	0.999845	-0.000155	0.999845	-0.000155	1.003589	0.003589	1.003589	0.003589
161	194	P99	1	1.000000	-0.000000	1.000000	-0.000000	1.003745	0.003745	1.003745	0.003745
161	194	P999	2	2.004232	0.002116	2.004232	0.002116	2.004232	0.002116	2.004232	0.002116
162	150	P1	1	0.996319	-0.003681	0.996319	-0.003681	1.000050	0.000050	1.000050	0.000050
162	150	P50	1	0.998158	-0.001842	0.998133	-0.001867	1.001896	0.001896	1.001871	0.001871
162	150	P75	1	0.999078	-0.000922	0.999078	-0.000922	1.002820	0.002820	1.002820	0.002820
162	150	P90	1	0.999651	-0.000349	0.999626	-0.000374	1.003395	0.003395	1.003370	0.003370
162	150	P95	1	0.999826	-0.000174	0.999826	-0.000174	1.003570	0.003570	1.003570	0.003570
162	150	P99	1	0.999975	-0.000025	0.999975	-0.000025	1.003720	0.003720	1.003720	0.003720
162	150	P999	1	1.000000	-0.000000	1.000000	-0.000000	1.003745	0.003745	1.003745	0.003745
163	5078	P1	1	0.996306	-0.003694	0.996306	-0.003694	1.000038	0.000038	1.000038	0.000038
163	5078	P50	1	0.998137	-0.001863	0.998136	-0.001864	1.001875	0.001875	1.001874	0.001874
163	5078	P75	1	0.999072	-0.000928	0.999072	-0.000928	1.002813	0.002813	1.002813	0.002813
163	5078	P90	1	0.999633	-0.000367	0.999633	-0.000367	1.003377	0.003377	1.003377	0.003377
163	5078	P95	1	0.999821	-0.000179	0.999821	-0.000179	1.003565	0.003565	1.003565	0.003565
163	5078	P99	1	0.999970	-0.000030	0.999970	-0.000030	1.003715	0.003715	1.003715	0.003715
163	5078	P999	2	2.001425	0.000712	2.001425	0.000712	2.001425	0.000712	2.001425	0.000712
164	9595	P1	1	0.996306	-0.003694	0.996306	-0.003694	1.000037	0.000037	1.000037	0.000037
164	9595	P50	1	0.998137	-0.001863	0.998137	-0.001863	1.001875	0.001875	1.001875	0.001875
164	9595	P75	1	0.999072	-0.000928	0.999072	-0.000928	1.002814	0.002814	1.002814	0.002814
164	9595	P90	1	0.999634	-0.000366	0.999634	-0.000366	1.003377	0.003377	1.003377	0.003377
164	9595	P95	1	0.999821	-0.000179	0.999821	-0.000179	1.003565	0.003565	1.003565	0.003565
164	9595	P99	1	0.999971	-0.000029	0.999971	-0.000029	1.003716	0.003716	1.003716	0.003716
164	9595	P999	2	2.001474	0.000737	2.001474	0.000737	2.001474	0.000737	2.001474	0.000737
165	8526	P1	1	0.996307	-0.003693	0.996307	-0.003693	1.000038	0.000038	1.000038	0.000038
165	8526	P50	1	0.998138	-0.001862	0.998138	-0.001862	1.001876	0.001876	1.001876	0.001876
165	8526	P75	1	0.999074	-0.000926	0.999074	-0.000926	1.002816	0.002816	1.002816	0.002816
165	8526	P90	1	0.999636	-0.000364	0.999636	-0.000364	1.003380	0.003380	1.003380	0.003380
165	8526	P95	1	0.999823	-0.000177	0.999823	-0.000177	1.003568	0.003568	1.003568	0.003568
165	8526	P99	1	0.999973	-0.000027	0.999973	-0.000027	1.003718	0.003718	1.003718	0.003718
165	8526	P999	2	2.002449	0.001225	2.002449	0.001225	2.002449	0.001225	2.002449	0.001225
166	7023	P1	1	0.996307	-0.003693	0.996307	-0.003693	1.000038	0.000038	1.000038	0.000038
166	7023	P50	1	0.998138	-0.001862	0.998138	-0.001862	1.001876	0.001876	1.001876	0.001876
166	7023	P75	1	0.999073	-0.000927	0.999073	-0.000927	1.002815	0.002815	1.002815	0.002815
166	7023	P90	1	0.999635	-0.000365	0.999635	-0.000365	1.003378	0.003378	1.003378	0.003378
166	7023	P95	1	0.999822	-0.000178	0.999822	-0.000178	1.003566	0.003566	1.003566	0.003566
166	7023	P99	1	0.999972	-0.000028	0.999972	-0.000028	1.003717	0.003717	1.003717	0.003717
166	7023	P999	2	2.001150	0.000575	2.001150	0.000575	2.001150	0.000575	2.001150	0.000575
167	400	P1	1	0.996316	-0.003684	0.996306	-0.003694	1.000047	0.000047	1.000037	0.000037
167	400	P50	1	0.998142	-0.001858	0.998133	-0.001867	1.001880	0.001880	1.001871	0.001871
167	400	P75	1	0.999075	-0.000925	0.999066	-0.000934	1.002817	0.002817	1.002807	0.002807
167	400	P90	1	0.999636	-0.000364	0.999626	-0.000374	1.003379	0.003379	1.003370	0.003370
167	400	P95	1	0.999822	-0.000178	0.999813	-0.000187	1.003567	0.003567	1.003557	0.003557
167	400	P99	1	0.999972	-0.000028	0.999963	-0.000037	1.003717	0.003717	1.003707	0.003707
167	400	P999	1	1.000000	-0.000000	1.000000	-0.000000	1.003745	0.003745	1.003745	0.003745
168	116	P1	1	0.996334	-0.003666	0.996334	-0.003666	1.000065	0.000065	1.000065	0.000065
168	116	P50	1	0.998181	-0.001819	0.998149	-0.001851	1.001920	0.001920	1.001887	0.001887
168	116	P75	1	0.999123	-0.000877	0.999090	-0.000910	1.002864	0.002864	1.002832	0.002832
168	116	P90	1	0.999675	-0.000325	0.999675	-0.000325	1.003419	0.003419	1.003419	0.003419
168	116	P95	1	0.999870	-0.000130	0.999870	-0.000130	1.003614	0.003614	1.003614	0.003614
168	116	P99	1	1.000000	-0.000000	1.000000	-0.000000	1.003745	0.003745	1.003745	0.003745
168	116	P999	2	2.004232	0.002116	2.004232	0.002116	2.004232	0.002116	2.004232	0.002116
169	207	P1	1	0.996323	-0.003677	0.996323	-0.003677	1.000054	0.000054	1.000054	0.000054
169	207	P50	1	0.998151	-0.001849	0.998151	-0.001849	1.001889	0.001889	1.001889	0.001889
169	207	P75	1	0.999093	-0.000907	0.999093	-0.000907	1.002835	0.002835	1.002835	0.002835
169	207	P90	1	0.999655	-0.000345	0.999655	-0.000345	1.003399	0.003399	1.003399	0.003399
169	207	P95	1	0.999837	-0.000163	0.999837	-0.000163	1.003581	0.003581	1.003581	0.003581
169	207	P99	1	0.999982	-0.000018	0.999982	-0.000018	1.003727	0.003727	1.003727	0.003727
169	207	P999	2	2.004232	0.002116	2.004232	0.002116	2.004232	0.002116	2.004232	0.002116
170	207	P1	1	0.996324	-0.003676	0.996324	-0.003676	1.000055	0.000055	1.000055	0.000055
170	207	P50	1	0.998169	-0.001831	0.998169	-0.001831	1.001907	0.001907	1.001907	0.001907
170	207	P75	1	0.999121	-0.000879	0.999121	-0.000879	1.002863	0.002863	1.002863	0.002863
170	207	P90	1	0.999689	-0.000311	0.999689	-0.000311	1.003432	0.003432	1.003432	0.003432
170	207	P95	1	0.999872	-0.000128	0.999872	-0.000128	1.003616	0.003616	1.003616	0.003616
170	207	P99	2	1.999244	-0.000378	1.999244	-0.000378	1.999244	-0.000378	1.999244	-0.000378
170	207	P999	2	2.004232	0.002116	2.004232	0.002116	2.004232	0.002116	2.004232	0.002116
171	1630	P1	1	0.996308	-0.003692	0.996308	-0.003692	1.000039	0.000039	1.000039	0.000039
171	1630	P50	1	0.998141	-0.001859	0.998139	-0.001861	1.001879	0.001879	1.001876	0.001876
171	1630	P75	1	0.999076	-0.000924	0.999076	-0.000924	1.002817	0.002817	1.002817	0.002817
171	1630	P90	1	0.999639	-0.000361	0.999637	-0.000363	1.003383	0.003383	1.003380	0.003380
171	1630	P95	1	0.999825	-0.000175	0.999825	-0.000175	1.003569	0.003569	1.003569	0.003569
171	1630	P99	1	0.999975	-0.000025	0.999975	-0.000025	1.003720	0.003720	1.003720	0.003720
171	1630	P999	2	2.004232	0.002116	2.004232	0.002116	2.004232	0.002116	2.004232	0.002116
172	2951	P1	1	0.996307	-0.003693	0.996307	-0.003693	1.000038	0.000038	1.000038	0.000038
172	2951	P50	1	0.998140	-0.001860	0.998140	-0.001860	1.001878	0.001878	1.001878	0.001878
172	2951	P75	1	0.999076	-0.000924	0.999076	-0.000924	1.002818	0.002818	1.002818	0.002818
172	2951	P90	1	0.999638	-0.000362	0.999638	-0.000362	1.003381	0.003381	1.003381	0.003381
172	2951	P95	1	0.999826	-0.000174	0.999826	-0.000174	1.003570	0.003570	1.003570	0.003570
172	2951	P99	1	0.999976	-0.000024	0.999976	-0.000024	1.003721	0.003721	1.003721	0.003721
172	2951	P999	2	2.002734	0.001367	2.002734	0.001367	2.002734	0.001367	2.002734	0.001367
173	3849	P1	1	0.996307	-0.003693	0.996307	-0.003693	1.000038	0.000038	1.000038	0.000038
173	3849	P50	1	0.998143	-0.001857	0.998143	-0.001857	1.001881	0.001881	1.001881	0.001881
173	3849	P75	1	0.999080	-0.000920	0.999080	-0.000920	1.002822	0.002822	1.002822	0.002822
173	3849	P90	1	0.999644	-0.000356	0.999644	-0.000356	1.003387	0.003387	1.003387	0.003387
173	3849	P95	1	0.999831	-0.000169	0.999831	-0.000169	1.003575	0.003575	1.003575	0.003575
173	3849	P99	1	0.999981	-0.000019	0.999981	-0.000019	1.003726	0.003726	1.003726	0.003726
173	3849	P999	2	2.003792	0.001896	2.003792	0.001896	2.003792	0.001896	2.003792	0.001896
174	2056	P1	1	0.996307	-0.003693	0.996307	-0.003693	1.000038	0.000038	1.000038	0.000038
174	2056	P50	1	0.998140	-0.001860	0.998138	-0.001862	1.001878	0.001878	1.001876	0.001876
174	2056	P75	1	0.999076	-0.000924	0.999074	-0.000926	1.002817	0.002817	1.002816	0.002816
174	2056	P90	1	0.999637	-0.000363	0.999637	-0.000363	1.003381	0.003381	1.003381	0.003381
174	2056	P95	1	0.999825	-0.000175	0.999825	-0.000175	1.003569	0.003569	1.003569	0.003569
174	2056	P99	1	0.999974	-0.000026	0.999974	-0.000026	1.003719	0.003719	1.003719	0.003719
174	2056	P999	2	2.001737	0.000868	2.001737	0.000868	2.001737	0.000868	2.001737	0.000868
175	1459	P1	1	0.996307	-0.003693	0.996307	-0.003693	1.000039	0.000039	1.000039	0.000039
175	1459	P50	1	0.998140	-0.001860	0.998140	-0.001860	1.001878	0.001878	1.001878	0.001878
175	1459	P75	1	0.999078	-0.000922	0.999078	-0.000922	1.002819	0.002819	1.002819	0.002819
175	1459	P90	1	0.999640	-0.000360	0.999640	-0.000360	1.003384	0.003384	1.003384	0.003384
175	1459	P95	1	0.999828	-0.000172	0.999828	-0.000172	1.003572	0.003572	1.003572	0.003572
175	1459	P99	1	0.999977	-0.000023	0.999977	-0.000023	1.003722	0.003722	1.003722	0.003722
175	1459	P999	2	2.002734	0.001367	2.002734	0.001367	2.002734	0.001367	2.002734	0.001367
176	2368	P1	1	0.996307	-0.003693	0.996307	-0.003693	1.000038	0.000038	1.000038	0.000038
176	2368	P50	1	0.998138	-0.001862	0.998137	-0.001863	1.001876	0.001876	1.001875	0.001875
176	2368	P75	1	0.999073	-0.000927	0.999072	-0.000928	1.002815	0.002815	1.002813	0.002813
176	2368	P90	1	0.999635	-0.000365	0.999635	-0.000365	1.003378	0.003378	1.003378	0.003378
176	2368	P95	1	0.999821	-0.000179	0.999821	-0.000179	1.003566	0.003566	1.003566	0.003566
176	2368	P99	1	0.999972	-0.000028	0.999972	-0.000028	1.003716	0.003716	1.003716	0.003716
176	2368	P999	2	2.002360	0.001180	2.002360	0.001180	2.002360	0.001180	2.002360	0.001180
177	279	P1	1	0.996309	-0.003691	0.996309	-0.003691	1.000040	0.000040	1.000040	0.000040
177	279	P50	1	0.998146	-0.001854	0.998146	-0.001854	1.001884	0.001884	1.001884	0.001884
177	279	P75	1	0.999086	-0.000914	0.999086	-0.000914	1.002828	0.002828	1.002828	0.002828
177	279	P90	1	0.999650	-0.000350	0.999650	-0.000350	1.003394	0.003394	1.003394	0.003394
177	279	P95	1	0.999839	-0.000161	0.999839	-0.000161	1.003583	0.003583	1.003583	0.003583
177	279	P99	1	0.999987	-0.000013	0.999987	-0.000013	1.003731	0.003731	1.003731	0.003731
177	279	P999	2	2.004232	0.002116	2.004232	0.002116	2.004232	0.002116	2.004232	0.002116
178	305	P1	1	0.996318	-0.003682	0.996318	-0.003682	1.000049	0.000049	1.000049	0.000049
178	305	P50	1	0.998139	-0.001861	0.998139	-0.001861	1.001877	0.001877	1.001877	0.001877
178	305	P75	1	0.999069	-0.000931	0.999069	-0.000931	1.002810	0.002810	1.002810	0.002810
178	305	P90	1	0.999632	-0.000368	0.999632	-0.000368	1.003376	0.003376	1.003376	0.003376
178	305	P95	1	0.999816	-0.000184	0.999816	-0.000184	1.003560	0.003560	1.003560	0.003560
178	305	P99	1	0.999963	-0.000037	0.999963	-0.000037	1.003708	0.003708	1.003708	0.003708
178	305	P999	1	1.000000	-0.000000	1.000000	-0.000000	1.003745	0.003745	1.003745	0.003745
179	516	P1	86	85.982449	-0.000204	85.982449	-0.000204	85.951458	-0.000564	85.951458	-0.000564
179	516	P50	196	196.048876	0.000249	196.021736	0.000111	196.712143	0.003633	196.684911	0.003494
179	516	P75	203	202.890272	-0.000541	202.845665	-0.000760	202.817143	-0.000901	202.772552	-0.001120
179	516	P90	212	212.058295	0.000275	212.058295	0.000275	212.775724	0.003659	212.775724	0.003659
179	516	P95	222	222.201749	0.000909	222.201749	0.000909	222.121659	0.000548	222.121659	0.000548
179	516	P99	243	243.511906	0.002107	243.511906	0.002107	243.424136	0.001745	243.424136	0.001745
179	516	P999	308	308.171823	0.000558	308.171823	0.000558	308.060747	0.000197	308.060747	0.000197
180	269	P1	1	0.996311	-0.003689	0.996311	-0.003689	1.000042	0.000042	1.000042	0.000042
180	269	P50	1	0.998154	-0.001846	0.998154	-0.001846	1.001892	0.001892	1.001892	0.001892
180	269	P75	1	0.999090	-0.000910	0.999090	-0.000910	1.002832	0.002832	1.002832	0.002832
180	269	P90	1	0.999664	-0.000336	0.999664	-0.000336	1.003408	0.003408	1.003408	0.003408
180	269	P95	1	0.999846	-0.000154	0.999846	-0.000154	1.003590	0.003590	1.003590	0.003590
180	269	P99	1	1.000000	-0.000000	1.000000	-0.000000	1.003745	0.003745	1.003745	0.003745
180	269	P999	4	4.001960	0.000490	4.001960	0.000490	4.001960	0.000490	4.001960	0.000490
181	361	P1	1	0.996311	-0.003689	0.996311	-0.003689	1.000042	0.000042	1.000042	0.000042
181	361	P50	1	0.998164	-0.001836	0.998164	-0.001836	1.001902	0.001902	1.001902	0.001902
181	361	P75	1	0.999108	-0.000892	0.999108	-0.000892	1.002850	0.002850	1.002850	0.002850
181	361	P90	1	0.999675	-0.000325	0.999675	-0.000325	1.003418	0.003418	1.003418	0.003418
181	361	P95	1	0.999864	-0.000136	0.999864	-0.000136	1.003608	0.003608	1.003608	0.003608
181	361	P99	2	1.999742	-0.000129	1.999742	-0.000129	1.999742	-0.000129	1.999742	-0.000129
181	361	P999	2	2.004232	0.002116	2.004232	0.002116	2.004232	0.002116	2.004232	0.002116
182	196	P1	1	0.996308	-0.003692	0.996308	-0.003692	1.000039	0.000039	1.000039	0.000039
182	196	P50	1	0.998181	-0.001819	0.998162	-0.001838	1.001919	0.001919	1.001900	0.001900
182	196	P75	1	0.999129	-0.000871	0.999109	-0.000891	1.002871	0.002871	1.002851	0.002851
182	196	P90	1	0.999690	-0.000310	0.999690	-0.000310	1.003434	0.003434	1.003434	0.003434
182	196	P95	1	0.999884	-0.000116	0.999884	-0.000116	1.003628	0.003628	1.003628	0.003628
182	196	P99	2	2.004232	0.002116	2.004232	0.002116	2.004232	0.002116	2.004232	0.002116
182	196	P999	3	3.001047	0.000349	3.001047	0.000349	3.001047	0.000349	3.001047	0.000349
183	112	P1	1	0.996345	-0.003655	0.996345	-0.003655	1.000076	0.000076	1.000076	0.000076
183	112	P50	1	0.998437	-0.001563	0.998399	-0.001601	1.002176	0.002176	1.002138	0.002138
183	112	P75	1	0.999504	-0.000496	0.999466	-0.000534	1.003247	0.003247	1.003209	0.003209
183	112	P90	2	1.998478	-0.000761	1.998478	-0.000761	1.998478	-0.000761	1.998478	-0.000761
183	112	P95	2	2.001928	0.000964	2.001928	0.000964	2.001928	0.000964	2.001928	0.000964
183	112	P99	2	2.004232	0.002116	2.004232	0.002116	2.004232	0.002116	2.004232	0.002116
183	112	P999	4	4.001960	0.000490	4.001960	0.000490	4.001960	0.000490	4.001960	0.000490
184	877	P1	1	0.996314	-0.003686	0.996314	-0.003686	1.000045	0.000045	1.000045	0.000045
184	877	P50	1	0.998442	-0.001558	0.998442	-0.001558	1.002182	0.002182	1.002182	0.002182
184	877	P75	1	0.999529	-0.000471	0.999529	-0.000471	1.003272	0.003272	1.003272	0.003272
184	877	P90	2	1.998983	-0.000509	1.998983	-0.000509	1.998983	-0.000509	1.998983	-0.000509
184	877	P95	2	2.001636	0.000818	2.001636	0.000818	2.001636	0.000818	2.001636	0.000818
184	877	P99	2	2.003749	0.001874	2.003749	0.001874	2.003749	0.001874	2.003749	0.001874
184	877	P999	2	2.004232	0.002116	2.004232	0.002116	2.004232	0.002116	2.004232	0.002116
185	1769	P1	1	1.000418	0.000418	1.000418	0.000418	1.000418	0.000418	1.000418	0.000418
185	1769	P50	9	9.001623	0.000180	9.001623	0.000180	9.001623	0.000180	9.001623	0.000180
185	1769	P75	10	9.982460	-0.001754	9.982460	-0.001754	10.019844	0.001984	10.019844	0.001984
185	1769	P90	10	9.998328	-0.000167	9.998328	-0.000167	10.035772	0.003577	10.035772	0.003577
185	1769	P95	11	11.002371	0.000216	11.002371	0.000216	11.002371	0.000216	11.002371	0.000216
185	1769	P99	12	12.010068	0.000839	12.010068	0.000839	12.010068	0.000839	12.010068	0.000839
185	1769	P999	62	62.205841	0.003320	62.205841	0.003320	62.205841	0.003320	62.205841	0.003320
186	145	P1	1	0.997200	-0.002800	0.997200	-0.002800	1.000935	0.000935	1.000935	0.000935
186	145	P50	58	58.016990	0.000293	58.016990	0.000293	58.016990	0.000293	58.016990	0.000293
186	145	P75	59	59.016578	0.000281	59.016578	0.000281	59.016578	0.000281	59.016578	0.000281
186	145	P90	61	60.927367	-0.001191	60.927367	-0.001191	60.927367	-0.001191	60.927367	-0.001191
186	145	P95	62	62.128382	0.002071	62.128382	0.002071	62.128382	0.002071	62.128382	0.002071
186	145	P99	69	69.069405	0.001006	69.069405	0.001006	69.069405	0.001006	69.069405	0.001006
186	145	P999	119	119.206161	0.001732	119.206161	0.001732	119.206161	0.001732	119.206161	0.001732
187	716	P1	1	0.996311	-0.003689	0.996311	-0.003689	1.000042	0.000042	1.000042	0.000042
187	716	P50	1	0.998141	-0.001859	0.998135	-0.001865	1.001879	0.001879	1.001873	0.001873
187	716	P75	1	0.999075	-0.000925	0.999070	-0.000930	1.002817	0.002817	1.002811	0.002811
187	716	P90	1	0.999634	-0.000366	0.999634	-0.000366	1.003378	0.003378	1.003378	0.003378
187	716	P95	1	0.999822	-0.000178	0.999822	-0.000178	1.003567	0.003567	1.003567	0.003567
187	716	P99	1	0.999969	-0.000031	0.999969	-0.000031	1.003713	0.003713	1.003713	0.003713
187	716	P999	2	2.004232	0.002116	2.004232	0.002116	2.004232	0.002116	2.004232	0.002116
188	4865	P1	1	0.996307	-0.003693	0.996307	-0.003693	1.000038	0.000038	1.000038	0.000038
188	4865	P50	1	0.998140	-0.001860	0.998140	-0.001860	1.001878	0.001878	1.001878	0.001878
188	4865	P75	1	0.999076	-0.000924	0.999076	-0.000924	1.002817	0.002817	1.002817	0.002817
188	4865	P90	1	0.999638	-0.000362	0.999638	-0.000362	1.003382	0.003382	1.003382	0.003382
188	4865	P95	1	0.999826	-0.000174	0.999826	-0.000174	1.003570	0.003570	1.003570	0.003570
188	4865	P99	1	0.999976	-0.000024	0.999976	-0.000024	1.003721	0.003721	1.003721	0.003721
188	4865	P999	2	2.002470	0.001235	2.002470	0.001235	2.002470	0.001235	2.002470	0.001235
189	5468	P1	1	0.996307	-0.003693	0.996307	-0.003693	1.000038	0.000038	1.000038	0.000038
189	5468	P50	1	0.998139	-0.001861	0.998138	-0.001862	1.001877	0.001877	1.001876	0.001876
189	5468	P75	1	0.999075	-0.000925	0.999074	-0.000926	1.002816	0.002816	1.002816	0.002816
189	5468	P90	1	0.999637	-0.000363	0.999637	-0.000363	1.003380	0.003380	1.003380	0.003380
189	5468	P95	1	0.999824	-0.000176	0.999824	-0.000176	1.003568	0.003568	1.003568	0.003568
189	5468	P99	1	0.999974	-0.000026	0.999974	-0.000026	1.003719	0.003719	1.003719	0.003719
189	5468	P999	2	2.002235	0.001118	2.002235	0.001118	2.002235	0.001118	2.002235	0.001118
190	221	P1	1	0.996320	-0.003680	0.996320	-0.003680	1.000051	0.000051	1.000051	0.000051
190	221	P50	1	0.998141	-0.001859	0.998141	-0.001859	1.001879	0.001879	1.001879	0.001879
190	221	P75	1	0.999070	-0.000930	0.999070	-0.000930	1.002812	0.002812	1.002812	0.002812
190	221	P90	1	0.999628	-0.000372	0.999628	-0.000372	1.003372	0.003372	1.003372	0.003372
190	221	P95	1	0.999814	-0.000186	0.999814	-0.000186	1.003558	0.003558	1.003558	0.003558
190	221	P99	1	0.999966	-0.000034	0.999966	-0.000034	1.003711	0.003711	1.003711	0.003711
190	221	P999	1	1.000000	-0.000000	1.000000	-0.000000	1.003745	0.003745	1.003745	0.003745
191	405	P1	1	0.996315	-0.003685	0.996315	-0.003685	1.000046	0.000046	1.000046	0.000046
191	405	P50	1	0.998147	-0.001853	0.998147	-0.001853	1.001885	0.001885	1.001885	0.001885
191	405	P75	1	0.999082	-0.000918	0.999082	-0.000918	1.002824	0.002824	1.002824	0.002824
191	405	P90	1	0.999648	-0.000352	0.999648	-0.000352	1.003391	0.003391	1.003391	0.003391
191	405	P95	1	0.999833	-0.000167	0.999833	-0.000167	1.003577	0.003577	1.003577	0.003577
191	405	P99	1	0.999981	-0.000019	0.999981	-0.000019	1.003726	0.003726	1.003726	0.003726
191	405	P999	2	2.004232	0.002116	2.004232	0.002116	2.004232	0.002116	2.004232	0.002116
192	507	P1	1	0.996313	-0.003687	0.996313	-0.003687	1.000044	0.000044	1.000044	0.000044
192	507	P50	1	0.998136	-0.001864	0.998136	-0.001864	1.001874	0.001874	1.001874	0.001874
192	507	P75	1	0.999071	-0.000929	0.999071	-0.000929	1.002813	0.002813	1.002813	0.002813
192	507	P90	1	0.999631	-0.000369	0.999631	-0.000369	1.003375	0.003375	1.003375	0.003375
192	507	P95	1	0.999816	-0.000184	0.999816	-0.000184	1.003560	0.003560	1.003560	0.003560
192	507	P99	1	0.999963	-0.000037	0.999963	-0.000037	1.003708	0.003708	1.003708	0.003708
192	507	P999	1	1.000000	-0.000000	1.000000	-0.000000	1.003745	0.003745	1.003745	0.003745
193	879	P1	1	0.996307	-0.003693	0.996307	-0.003693	1.000038	0.000038	1.000038	0.000038
193	879	P50	1	0.998139	-0.001861	0.998139	-0.001861	1.001877	0.001877	1.001877	0.001877
193	879	P75	1	0.999076	-0.000924	0.999076	-0.000924	1.002817	0.002817	1.002817	0.002817
193	879	P90	1	0.999638	-0.000362	0.999638	-0.000362	1.003381	0.003381	1.003381	0.003381
193	879	P95	1	0.999825	-0.000175	0.999825	-0.000175	1.003570	0.003570	1.003570	0.003570
193	879	P99	1	0.999974	-0.000026	0.999974	-0.000026	1.003719	0.003719	1.003719	0.003719
193	879	P999	15	15.029622	0.001975	15.029622	0.001975	15.029622	0.001975	15.029622	0.001975
194	4425	P1	1	0.996307	-0.003693	0.996307	-0.003693	1.000038	0.000038	1.000038	0.000038
194	4425	P50	1	0.998143	-0.001857	0.998143	-0.001857	1.001881	0.001881	1.001881	0.001881
194	4425	P75	1	0.999081	-0.000919	0.999081	-0.000919	1.002822	0.002822	1.002822	0.002822
194	4425	P90	1	0.999644	-0.000356	0.999644	-0.000356	1.003388	0.003388	1.003388	0.003388
194	4425	P95	1	0.999832	-0.000168	0.999832	-0.000168	1.003576	0.003576	1.003576	0.003576
194	4425	P99	1	0.999982	-0.000018	0.999982	-0.000018	1.003727	0.003727	1.003727	0.003727
194	4425	P999	2	2.002930	0.001465	2.002930	0.001465	2.002930	0.001465	2.002930	0.001465
195	753	P1	1	0.996309	-0.003691	0.996309	-0.003691	1.000040	0.000040	1.000040	0.000040
195	753	P50	1	0.998143	-0.001857	0.998143	-0.001857	1.001881	0.001881	1.001881	0.001881
195	753	P75	1	0.999078	-0.000922	0.999078	-0.000922	1.002820	0.002820	1.002820	0.002820
195	753	P90	1	0.999641	-0.000359	0.999641	-0.000359	1.003385	0.003385	1.003385	0.003385
195	753	P95	1	0.999831	-0.000169	0.999831	-0.000169	1.003575	0.003575	1.003575	0.003575
195	753	P99	1	0.999980	-0.000020	0.999980	-0.000020	1.003725	0.003725	1.003725	0.003725
195	753	P999	2	2.004232	0.002116	2.004232	0.002116	2.004232	0.002116	2.004232	0.002116
196	102	P1	1	0.996342	-0.003658	0.996342	-0.003658	1.000073	0.000073	1.000073	0.000073
196	102	P50	1	0.998169	-0.001831	0.998133	-0.001867	1.001907	0.001907	1.001871	0.001871
196	102	P75	1	0.999084	-0.000916	0.999084	-0.000916	1.002826	0.002826	1.002826	0.002826
196	102	P90	1	0.999634	-0.000366	0.999634	-0.000366	1.003377	0.003377	1.003377	0.003377
196	102	P95	1	0.999817	-0.000183	0.999817	-0.000183	1.003561	0.003561	1.003561	0.003561
196	102	P99	1	0.999963	-0.000037	0.999963	-0.000037	1.003708	0.003708	1.003708	0.003708
196	102	P999	1	1.000000	-0.000000	1.000000	-0.000000	1.003745	0.003745	1.003745	0.003745
197	3834	P1	1	0.996307	-0.003693	0.996307	-0.003693	1.000038	0.000038	1.000038	0.000038
197	3834	P50	1	0.998143	-0.001857	0.998142	-0.001858	1.001881	0.001881	1.001880	0.001880
197	3834	P75	1	0.999080	-0.000920	0.999080	-0.000920	1.002821	0.002821	1.002821	0.002821
197	3834	P90	1	0.999643	-0.000357	0.999643	-0.000357	1.003386	0.003386	1.003386	0.003386
197	3834	P95	1	0.999831	-0.000169	0.999831	-0.000169	1.003575	0.003575	1.003575	0.003575
197	3834	P99	1	0.999980	-0.000020	0.999980	-0.000020	1.003725	0.003725	1.003725	0.003725
197	3834	P999	2	2.002984	0.001492	2.002984	0.001492	2.002984	0.001492	2.002984	0.001492
198	852	P1	1	0.996308	-0.003692	0.996308	-0.003692	1.000040	0.000040	1.000040	0.000040
198	852	P50	1	0.998144	-0.001856	0.998139	-0.001861	1.001882	0.001882	1.001877	0.001877
198	852	P75	1	0.999080	-0.000920	0.999076	-0.000924	1.002822	0.002822	1.002817	0.002817
198	852	P90	1	0.999639	-0.000361	0.999639	-0.000361	1.003383	0.003383	1.003383	0.003383
198	852	P95	1	0.999828	-0.000172	0.999828	-0.000172	1.003573	0.003573	1.003573	0.003573
198	852	P99	1	0.999978	-0.000022	0.999978	-0.000022	1.003723	0.003723	1.003723	0.003723
198	852	P999	2	2.004232	0.002116	2.004232	0.002116	2.004232	0.002116	2.004232	0.002116
199	2899	P1	1	0.996306	-0.003694	0.996306	-0.003694	1.000037	0.000037	1.000037	0.000037
199	2899	P50	1	0.998136	-0.001864	0.998136	-0.001864	1.001874	0.001874	1.001874	0.001874
199	2899	P75	1	0.999071	-0.000929	0.999071	-0.000929	1.002812	0.002812	1.002812	0.002812
199	2899	P90	1	0.999632	-0.000368	0.999632	-0.000368	1.003376	0.003376	1.003376	0.003376
199	2899	P95	1	0.999819	-0.000181	0.999819	-0.000181	1.003564	0.003564	1.003564	0.003564
199	2899	P99	1	0.999969	-0.000031	0.999969	-0.000031	1.003714	0.003714	1.003714	0.003714
199	2899	P999	2	2.000490	0.000245	2.000490	0.000245	2.000490	0.000245	2.000490	0.000245
200	543	P1	1	0.996310	-0.003690	0.996310	-0.003690	1.000041	0.000041	1.000041	0.000041
200	543	P50	1	0.998136	-0.001864	0.998136	-0.001864	1.001874	0.001874	1.001874	0.001874
200	543	P75	1	0.999071	-0.000929	0.999071	-0.000929	1.002813	0.002813	1.002813	0.002813
200	543	P90	1	0.999628	-0.000372	0.999628	-0.000372	1.003372	0.003372	1.003372	0.003372
200	543	P95	1	0.999814	-0.000186	0.999814	-0.000186	1.003558	0.003558	1.003558	0.003558
200	543	P99	1	0.999966	-0.000034	0.999966	-0.000034	1.003710	0.003710	1.003710	0.003710
200	543	P999	1	1.000000	-0.000000	1.000000	-0.000000	1.003745	0.003745	1.003745	0.003745
201	433	P1	1	0.996313	-0.003687	0.996313	-0.003687	1.000044	0.000044	1.000044	0.000044
201	433	P50	1	0.998163	-0.001837	0.998163	-0.001837	1.001901	0.001901	1.001901	0.001901
201	433	P75	1	0.999107	-0.000893	0.999107	-0.000893	1.002849	0.002849	1.002849	0.002849
201	433	P90	1	0.999676	-0.000324	0.999676	-0.000324	1.003420	0.003420	1.003420	0.003420
201	433	P95	1	0.999869	-0.000131	0.999869	-0.000131	1.003613	0.003613	1.003613	0.003613
201	433	P99	2	1.999244	-0.000378	1.999244	-0.000378	1.999244	-0.000378	1.999244	-0.000378
201	433	P999	2	2.004232	0.002116	2.004232	0.002116	2.004232	0.002116	2.004232	0.002116
202	821	P1	1	0.996310	-0.003690	0.996310	-0.003690	1.000041	0.000041	1.000041	0.000041
202	821	P50	1	0.998137	-0.001863	0.998137	-0.001863	1.001875	0.001875	1.001875	0.001875
202	821	P75	1	0.999071	-0.000929	0.999071	-0.000929	1.002812	0.002812	1.002812	0.002812
202	821	P90	1	0.999631	-0.000369	0.999631	-0.000369	1.003374	0.003374	1.003374	0.003374
202	821	P95	1	0.999818	-0.000182	0.999818	-0.000182	1.003562	0.003562	1.003562	0.003562
202	821	P99	1	0.999968	-0.000032	0.999968	-0.000032	1.003713	0.003713	1.003713	0.003713
202	821	P999	2	2.004232	0.002116	2.004232	0.002116	2.004232	0.002116	2.004232	0.002116
203	5117	P1	1	0.996307	-0.003693	0.996307	-0.003693	1.000038	0.000038	1.000038	0.000038
203	5117	P50	1	0.998138	-0.001862	0.998138	-0.001862	1.001875	0.001875	1.001875	0.001875
203	5117	P75	1	0.999073	-0.000927	0.999073	-0.000927	1.002814	0.002814	1.002814	0.002814
203	5117	P90	1	0.999635	-0.000365	0.999635	-0.000365	1.003378	0.003378	1.003378	0.003378
203	5117	P95	1	0.999822	-0.000178	0.999822	-0.000178	1.003566	0.003566	1.003566	0.003566
203	5117	P99	1	0.999971	-0.000029	0.999971	-0.000029	1.003716	0.003716	1.003716	0.003716
203	5117	P999	2	2.001113	0.000557	2.001113	0.000557	2.001113	0.000557	2.001113	0.000557
204	1843	P1	1	0.996308	-0.003692	0.996308	-0.003692	1.000039	0.000039	1.000039	0.000039
204	1843	P50	1	0.998141	-0.001859	0.998141	-0.001859	1.001879	0.001879	1.001879	0.001879
204	1843	P75	1	0.999078	-0.000922	0.999078	-0.000922	1.002820	0.002820	1.002820	0.002820
204	1843	P90	1	0.999640	-0.000360	0.999640	-0.000360	1.003383	0.003383	1.003383	0.003383
204	1843	P95	1	0.999827	-0.000173	0.999827	-0.000173	1.003571	0.003571	1.003571	0.003571
204	1843	P99	1	0.999978	-0.000022	0.999978	-0.000022	1.003722	0.003722	1.003722	0.003722
204	1843	P999	2	2.003162	0.001581	2.003162	0.001581	2.003162	0.001581	2.003162	0.001581
205	2969	P1	1	0.996307	-0.003693	0.996307	-0.003693	1.000038	0.000038	1.000038	0.000038
205	2969	P50	1	0.998137	-0.001863	0.998137	-0.001863	1.001875	0.001875	1.001875	0.001875
205	2969	P75	1	0.999071	-0.000929	0.999071	-0.000929	1.002812	0.002812	1.002812	0.002812
205	2969	P90	1	0.999633	-0.000367	0.999633	-0.000367	1.003377	0.003377	1.003377	0.003377
205	2969	P95	1	0.999820	-0.000180	0.999820	-0.000180	1.003564	0.003564	1.003564	0.003564
205	2969	P99	1	0.999970	-0.000030	0.999970	-0.000030	1.003715	0.003715	1.003715	0.003715
205	2969	P999	2	2.001238	0.000619	2.001238	0.000619	2.001238	0.000619	2.001238	0.000619
206	6049	P1	1	0.996307	-0.003693	0.996307	-0.003693	1.000038	0.000038	1.000038	0.000038
206	6049	P50	1	0.998136	-0.001864	0.998136	-0.001864	1.001874	0.001874	1.001874	0.001874
206	6049	P75	1	0.999071	-0.000929	0.999071	-0.000929	1.002813	0.002813	1.002813	0.002813
206	6049	P90	1	0.999633	-0.000367	0.999633	-0.000367	1.003377	0.003377	1.003377	0.003377
206	6049	P95	1	0.999820	-0.000180	0.999820	-0.000180	1.003564	0.003564	1.003564	0.003564
206	6049	P99	1	0.999970	-0.000030	0.999970	-0.000030	1.003715	0.003715	1.003715	0.003715
206	6049	P999	2	2.000150	0.000075	2.000150	0.000075	2.000150	0.000075	2.000150	0.000075
207	2684	P1	1	0.996307	-0.003693	0.996307	-0.003693	1.000038	0.000038	1.000038	0.000038
207	2684	P50	1	0.998138	-0.001862	0.998136	-0.001864	1.001876	0.001876	1.001874	0.001874
207	2684	P75	1	0.999073	-0.000927	0.999071	-0.000929	1.002814	0.002814	1.002813	0.002813
207	2684	P90	1	0.999633	-0.000367	0.999633	-0.000367	1.003377	0.003377	1.003377	0.003377
207	2684	P95	1	0.999820	-0.000180	0.999820	-0.000180	1.003564	0.003564	1.003564	0.003564
207	2684	P99	1	0.999971	-0.000029	0.999971	-0.000029	1.003716	0.003716	1.003716	0.003716
207	2684	P999	2	2.002360	0.001180	2.002360	0.001180	2.002360	0.001180	2.002360	0.001180
208	5194	P1	1	0.996306	-0.003694	0.996306	-0.003694	1.000038	0.000038	1.000038	0.000038
208	5194	P50	1	0.998140	-0.001860	0.998139	-0.001861	1.001878	0.001878	1.001877	0.001877
208	5194	P75	1	0.999076	-0.000924	0.999076	-0.000924	1.002817	0.002817	1.002817	0.002817
208	5194	P90	1	0.999638	-0.000362	0.999638	-0.000362	1.003381	0.003381	1.003381	0.003381
208	5194	P95	1	0.999825	-0.000175	0.999825	-0.000175	1.003570	0.003570	1.003570	0.003570
208	5194	P99	1	0.999975	-0.000025	0.999975	-0.000025	1.003720	0.003720	1.003720	0.003720
208	5194	P999	2	2.002734	0.001367	2.002734	0.001367	2.002734	0.001367	2.002734	0.001367
209	6816	P1	1	0.996307	-0.003693	0.996307	-0.003693	1.000038	0.000038	1.000038	0.000038
209	6816	P50	1	0.998136	-0.001864	0.998135	-0.001865	1.001874	0.001874	1.001873	0.001873
209	6816	P75	1	0.999070	-0.000930	0.999070	-0.000930	1.002812	0.002812	1.002811	0.002811
209	6816	P90	1	0.999631	-0.000369	0.999631	-0.000369	1.003375	0.003375	1.003375	0.003375
209	6816	P95	1	0.999818	-0.000182	0.999818	-0.000182	1.003563	0.003563	1.003563	0.003563
209	6816	P99	1	0.999968	-0.000032	0.999968	-0.000032	1.003712	0.003712	1.003712	0.003712
209	6816	P999	2	1.999244	-0.000378	1.999244	-0.000378	1.999244	-0.000378	1.999244	-0.000378
210	375	P1	1	0.996309	-0.003691	0.996309	-0.003691	1.000040	0.000040	1.000040	0.000040
210	375	P50	1	0.998143	-0.001857	0.998143	-0.001857	1.001881	0.001881	1.001881	0.001881
210	375	P75	1	0.999081	-0.000919	0.999081	-0.000919	1.002822	0.002822	1.002822	0.002822
210	375	P90	1	0.999640	-0.000360	0.999640	-0.000360	1.003384	0.003384	1.003384	0.003384
210	375	P95	1	0.999830	-0.000170	0.999830	-0.000170	1.003574	0.003574	1.003574	0.003574
210	375	P99	1	0.999980	-0.000020	0.999980	-0.000020	1.003725	0.003725	1.003725	0.003725
210	375	P999	2	2.004232	0.002116	2.004232	0.002116	2.004232	0.002116	2.004232	0.002116
211	4256	P1	1	0.996307	-0.003693	0.996307	-0.003693	1.000038	0.000038	1.000038	0.000038
211	4256	P50	1	0.998138	-0.001862	0.998137	-0.001863	1.001876	0.001876	1.001875	0.001875
211	4256	P75	1	0.999073	-0.000927	0.999073	-0.000927	1.002815	0.002815	1.002814	0.002814
211	4256	P90	1	0.999635	-0.000365	0.999635	-0.000365	1.003378	0.003378	1.003378	0.003378
211	4256	P95	1	0.999822	-0.000178	0.999822	-0.000178	1.003566	0.003566	1.003566	0.003566
211	4256	P99	1	0.999972	-0.000028	0.999972	-0.000028	1.003717	0.003717	1.003717	0.003717
211	4256	P999	2	2.001737	0.000868	2.001737	0.000868	2.001737	0.000868	2.001737	0.000868
212	890	P1	1	0.996307	-0.003693	0.996307	-0.003693	1.000038	0.000038	1.000038	0.000038
212	890	P50	1	0.998139	-0.001861	0.998135	-0.001865	1.001877	0.001877	1.001873	0.001873
212	890	P75	1	0.999071	-0.000929	0.999071	-0.000929	1.002813	0.002813	1.002813	0.002813
212	890	P90	1	0.999634	-0.000366	0.999630	-0.000370	1.003378	0.003378	1.003374	0.003374
212	890	P95	1	0.999819	-0.000181	0.999819	-0.000181	1.003563	0.003563	1.003563	0.003563
212	890	P99	1	0.999971	-0.000029	0.999971	-0.000029	1.003715	0.003715	1.003715	0.003715
212	890	P999	2	2.004232	0.002116	2.004232	0.002116	2.004232	0.002116	2.004232	0.002116
213	7243	P1	1	0.996307	-0.003693	0.996307	-0.003693	1.000038	0.000038	1.000038	0.000038
213	7243	P50	1	0.998146	-0.001854	0.998146	-0.001854	1.001884	0.001884	1.001884	0.001884
213	7243	P75	1	0.999086	-0.000914	0.999086	-0.000914	1.002828	0.002828	1.002828	0.002828
213	7243	P90	1	0.999650	-0.000350	0.999650	-0.000350	1.003394	0.003394	1.003394	0.003394
213	7243	P95	1	0.999838	-0.000162	0.999838	-0.000162	1.003583	0.003583	1.003583	0.003583
213	7243	P99	1	0.999989	-0.000011	0.999989	-0.000011	1.003734	0.003734	1.003734	0.003734
213	7243	P999	2	2.003907	0.001953	2.003907	0.001953	2.003907	0.001953	2.003907	0.001953
214	7746	P1	1	0.996307	-0.003693	0.996307	-0.003693	1.000038	0.000038	1.000038	0.000038
214	7746	P50	1	0.998139	-0.001861	0.998139	-0.001861	1.001877	0.001877	1.001877	0.001877
214	7746	P75	1	0.999075	-0.000925	0.999075	-0.000925	1.002816	0.002816	1.002816	0.002816
214	7746	P90	1	0.999637	-0.000363	0.999637	-0.000363	1.003381	0.003381	1.003381	0.003381
214	7746	P95	1	0.999824	-0.000176	0.999824	-0.000176	1.003569	0.003569	1.003569	0.003569
214	7746	P99	1	0.999974	-0.000026	0.999974	-0.000026	1.003719	0.003719	1.003719	0.003719
214	7746	P999	2	2.002530	0.001265	2.002530	0.001265	2.002530	0.001265	2.002530	0.001265
215	267	P1	1	0.996311	-0.003689	0.996311	-0.003689	1.000042	0.000042	1.000042	0.000042
215	267	P50	1	0.998140	-0.001860	0.998140	-0.001860	1.001878	0.001878	1.001878	0.001878
215	267	P75	1	0.999076	-0.000924	0.999076	-0.000924	1.002818	0.002818	1.002818	0.002818
215	267	P90	1	0.999636	-0.000364	0.999636	-0.000364	1.003380	0.003380	1.003380	0.003380
215	267	P95	1	0.999818	-0.000182	0.999818	-0.000182	1.003562	0.003562	1.003562	0.003562
215	267	P99	1	0.999972	-0.000028	0.999972	-0.000028	1.003717	0.003717	1.003717	0.003717
215	267	P999	1	1.000000	-0.000000	1.000000	-0.000000	1.003745	0.003745	1.003745	0.003745
216	1839	P1	1	0.996308	-0.003692	0.996308	-0.003692	1.000039	0.000039	1.000039	0.000039
216	1839	P50	1	0.998143	-0.001857	0.998143	-0.001857	1.001881	0.001881	1.001881	0.001881
216	1839	P75	1	0.999081	-0.000919	0.999081	-0.000919	1.002823	0.002823	1.002823	0.002823
216	1839	P90	1	0.999645	-0.000355	0.999645	-0.000355	1.003388	0.003388	1.003388	0.003388
216	1839	P95	1	0.999833	-0.000167	0.999833	-0.000167	1.003577	0.003577	1.003577	0.003577
216	1839	P99	1	0.999982	-0.000018	0.999982	-0.000018	1.003727	0.003727	1.003727	0.003727
216	1839	P999	2	2.003400	0.001700	2.003400	0.001700	2.003400	0.001700	2.003400	0.001700
217	491	P1	1	0.996307	-0.003693	0.996307	-0.003693	1.000038	0.000038	1.000038	0.000038
217	491	P50	1	0.998140	-0.001860	0.998140	-0.001860	1.001878	0.001878	1.001878	0.001878
217	491	P75	1	0.999077	-0.000923	0.999077	-0.000923	1.002819	0.002819	1.002819	0.002819
217	491	P90	1	0.999634	-0.000366	0.999634	-0.000366	1.003377	0.003377	1.003377	0.003377
217	491	P95	1	0.999825	-0.000175	0.999825	-0.000175	1.003569	0.003569	1.003569	0.003569
217	491	P99	1	0.999977	-0.000023	0.999977	-0.000023	1.003722	0.003722	1.003722	0.003722
217	491	P999	2	2.004232	0.002116	2.004232	0.002116	2.004232	0.002116	2.004232	0.002116
218	445	P1	1	0.996311	-0.003689	0.996311	-0.003689	1.000042	0.000042	1.000042	0.000042
218	445	P50	1	0.998154	-0.001846	0.998154	-0.001846	1.001892	0.001892	1.001892	0.001892
218	445	P75	1	0.999093	-0.000907	0.999093	-0.000907	1.002835	0.002835	1.002835	0.002835
218	445	P90	1	0.999661	-0.000339	0.999661	-0.000339	1.003405	0.003405	1.003405	0.003405
218	445	P95	1	0.999847	-0.000153	0.999847	-0.000153	1.003592	0.003592	1.003592	0.003592
218	445	P99	1	1.000000	-0.000000	1.000000	-0.000000	1.003745	0.003745	1.003745	0.003745
218	445	P999	2	2.004232	0.002116	2.004232	0.002116	2.004232	0.002116	2.004232	0.002116
219	1493	P1	1	0.996307	-0.003693	0.996307	-0.003693	1.000038	0.000038	1.000038	0.000038
219	1493	P50	1	0.998142	-0.001858	0.998142	-0.001858	1.001880	0.001880	1.001880	0.001880
219	1493	P75	1	0.999078	-0.000922	0.999078	-0.000922	1.002819	0.002819	1.002819	0.002819
219	1493	P90	1	0.999641	-0.000359	0.999641	-0.000359	1.003384	0.003384	1.003384	0.003384
219	1493	P95	1	0.999829	-0.000171	0.999829	-0.000171	1.003573	0.003573	1.003573	0.003573
219	1493	P99	1	0.999980	-0.000020	0.999980	-0.000020	1.003725	0.003725	1.003725	0.003725
219	1493	P999	2	2.004232	0.002116	2.004232	0.002116	2.004232	0.002116	2.004232	0.002116
220	202	P1	1	0.996325	-0.003675	0.996325	-0.003675	1.000056	0.000056	1.000056	0.000056
220	202	P50	1	0.998161	-0.001839	0.998142	-0.001858	1.001899	0.001899	1.001880	0.001880
220	202	P75	1	0.999089	-0.000911	0.999089	-0.000911	1.002831	0.002831	1.002831	0.002831
220	202	P90	1	0.999647	-0.000353	0.999647	-0.000353	1.003390	0.003390	1.003390	0.003390
220	202	P95	1	0.999833	-0.000167	0.999833	-0.000167	1.003577	0.003577	1.003577	0.003577
220	202	P99	1	0.999981	-0.000019	0.999981	-0.000019	1.003726	0.003726	1.003726	0.003726
220	202	P999	2	2.004232	0.002116	2.004232	0.002116	2.004232	0.002116	2.004232	0.002116
221	1410	P1	1	0.996309	-0.003691	0.996309	-0.003691	1.000040	0.000040	1.000040	0.000040
221	1410	P50	1	0.998150	-0.001850	0.998147	-0.001853	1.001888	0.001888	1.001885	0.001885
221	1410	P75	1	0.999089	-0.000911	0.999089	-0.000911	1.002831	0.002831	1.002831	0.002831
221	1410	P90	1	0.999655	-0.000345	0.999653	-0.000347	1.003399	0.003399	1.003396	0.003396
221	1410	P95	1	0.999842	-0.000158	0.999842	-0.000158	1.003587	0.003587	1.003587	0.003587
221	1410	P99	1	0.999992	-0.000008	0.999992	-0.000008	1.003737	0.003737	1.003737	0.003737
221	1410	P999	3	3.001047	0.000349	3.001047	0.000349	3.001047	0.000349	3.001047	0.000349
222	170	P1	1	0.996313	-0.003687	0.996313	-0.003687	1.000044	0.000044	1.000044	0.000044
222	170	P50	1	0.998155	-0.001845	0.998133	-0.001867	1.001893	0.001893	1.001871	0.001871
222	170	P75	1	0.999077	-0.000923	0.999077	-0.000923	1.002818	0.002818	1.002818	0.002818
222	170	P90	1	0.999648	-0.000352	0.999626	-0.000374	1.003392	0.003392	1.003370	0.003370
222	170	P95	1	0.999824	-0.000176	0.999824	-0.000176	1.003568	0.003568	1.003568	0.003568
222	170	P99	1	0.999978	-0.000022	0.999978	-0.000022	1.003723	0.003723	1.003723	0.003723
222	170	P999	1	1.000000	-0.000000	1.000000	-0.000000	1.003745	0.003745	1.003745	0.003745
223	201	P1	1	0.996325	-0.003675	0.996325	-0.003675	1.000056	0.000056	1.000056	0.000056
223	201	P50	1	0.998142	-0.001858	0.998142	-0.001858	1.001880	0.001880	1.001880	0.001880
223	201	P75	1	0.999071	-0.000929	0.999071	-0.000929	1.002812	0.002812	1.002812	0.002812
223	201	P90	1	0.999628	-0.000372	0.999628	-0.000372	1.003372	0.003372	1.003372	0.003372
223	201	P95	1	0.999814	-0.000186	0.999814	-0.000186	1.003558	0.003558	1.003558	0.003558
223	201	P99	1	0.999963	-0.000037	0.999963	-0.000037	1.003708	0.003708	1.003708	0.003708
223	201	P999	1	1.000000	-0.000000	1.000000	-0.000000	1.003745	0.003745	1.003745	0.003745
224	252	P1	1	0.996313	-0.003687	0.996313	-0.003687	1.000045	0.000045	1.000045	0.000045
224	252	P50	1	0.998148	-0.001852	0.998133	-0.001867	1.001886	0.001886	1.001871	0.001871
224	252	P75	1	0.999081	-0.000919	0.999066	-0.000934	1.002822	0.002822	1.002807	0.002807
224	252	P90	1	0.999629	-0.000371	0.999629	-0.000371	1.003373	0.003373	1.003373	0.003373
224	252	P95	1	0.999822	-0.000178	0.999822	-0.000178	1.003566	0.003566	1.003566	0.003566
224	252	P99	1	0.999970	-0.000030	0.999970	-0.000030	1.003715	0.003715	1.003715	0.003715
224	252	P999	1	1.000000	-0.000000	1.000000	-0.000000	1.003745	0.003745	1.003745	0.003745
225	433	P1	1	0.996312	-0.003688	0.996312	-0.003688	1.000043	0.000043	1.000043	0.000043
225	433	P50	1	0.998137	-0.001863	0.998137	-0.001863	1.001875	0.001875	1.001875	0.001875
225	433	P75	1	0.999068	-0.000932	0.999068	-0.000932	1.002810	0.002810	1.002810	0.002810
225	433	P90	1	0.999629	-0.000371	0.999629	-0.000371	1.003372	0.003372	1.003372	0.003372
225	433	P95	1	0.999819	-0.000181	0.999819	-0.000181	1.003563	0.003563	1.003563	0.003563
225	433	P99	1	0.999965	-0.000035	0.999965	-0.000035	1.003710	0.003710	1.003710	0.003710
225	433	P999	1	1.000000	-0.000000	1.000000	-0.000000	1.003745	0.003745	1.003745	0.003745
226	390	P1	1	0.996307	-0.003693	0.996307	-0.003693	1.000038	0.000038	1.000038	0.000038
226	390	P50	1	0.998142	-0.001858	0.998133	-0.001867	1.001880	0.001880	1.001871	0.001871
226	390	P75	1	0.999071	-0.000929	0.999071	-0.000929	1.002812	0.002812	1.002812	0.002812
226	390	P90	1	0.999636	-0.000364	0.999626	-0.000374	1.003379	0.003379	1.003370	0.003370
226	390	P95	1	0.999818	-0.000182	0.999818	-0.000182	1.003562	0.003562	1.003562	0.003562
226	390	P99	1	0.999971	-0.000029	0.999971	-0.000029	1.003716	0.003716	1.003716	0.003716
226	390	P999	1	1.000000	-0.000000	1.000000	-0.000000	1.003745	0.003745	1.003745	0.003745
227	142	P1	1	0.996321	-0.003679	0.996321	-0.003679	1.000053	0.000053	1.000053	0.000053
227	142	P50	1	0.998159	-0.001841	0.998133	-0.001867	1.001897	0.001897	1.001871	0.001871
227	142	P75	1	0.999079	-0.000921	0.999079	-0.000921	1.002821	0.002821	1.002821	0.002821
227	142	P90	1	0.999632	-0.000368	0.999632	-0.000368	1.003375	0.003375	1.003375	0.003375
227	142	P95	1	0.999816	-0.000184	0.999816	-0.000184	1.003560	0.003560	1.003560	0.003560
227	142	P99	1	0.999974	-0.000026	0.999974	-0.000026	1.003719	0.003719	1.003719	0.003719
227	142	P999	1	1.000000	-0.000000	1.000000	-0.000000	1.003745	0.003745	1.003745	0.003745
228	2193	P1	1	0.996307	-0.003693	0.996307	-0.003693	1.000038	0.000038	1.000038	0.000038
228	2193	P50	1	0.998152	-0.001848	0.998152	-0.001848	1.001890	0.001890	1.001890	0.001890
228	2193	P75	1	0.999093	-0.000907	0.999093	-0.000907	1.002835	0.002835	1.002835	0.002835
228	2193	P90	1	0.999659	-0.000341	0.999659	-0.000341	1.003403	0.003403	1.003403	0.003403
228	2193	P95	1	0.999849	-0.000151	0.999849	-0.000151	1.003593	0.003593	1.003593	0.003593
228	2193	P99	1	1.000000	-0.000000	1.000000	-0.000000	1.003745	0.003745	1.003745	0.003745
228	2193	P999	2	2.003858	0.001929	2.003858	0.001929	2.003858	0.001929	2.003858	0.001929
229	2600	P1	1	0.996308	-0.003692	0.996306	-0.003694	1.000039	0.000039	1.000038	0.000038
229	2600	P50	1	0.998146	-0.001854	0.998144	-0.001856	1.001884	0.001884	1.001882	0.001882
229	2600	P75	1	0.999085	-0.000915	0.999083	-0.000917	1.002826	0.002826	1.002825	0.002825
229	2600	P90	1	0.999649	-0.000351	0.999647	-0.000353	1.003392	0.003392	1.003391	0.003391
229	2600	P95	1	0.999837	-0.000163	0.999835	-0.000165	1.003581	0.003581	1.003579	0.003579
229	2600	P99	1	0.999987	-0.000013	0.999986	-0.000014	1.003732	0.003732	1.003730	0.003730
229	2600	P999	2	2.003296	0.001648	2.003296	0.001648	2.003296	0.001648	2.003296	0.001648
230	272	P1	1	0.996310	-0.003690	0.996310	-0.003690	1.000041	0.000041	1.000041	0.000041
230	272	P50	1	0.998146	-0.001854	0.998133	-0.001867	1.001884	0.001884	1.001871	0.001871
230	272	P75	1	0.999080	-0.000920	0.999066	-0.000934	1.002821	0.002821	1.002807	0.002807
230	272	P90	1	0.999629	-0.000371	0.999629	-0.000371	1.003373	0.003373	1.003373	0.003373
230	272	P95	1	0.999821	-0.000179	0.999821	-0.000179	1.003566	0.003566	1.003566	0.003566
230	272	P99	1	0.999973	-0.000027	0.999973	-0.000027	1.003717	0.003717	1.003717	0.003717
230	272	P999	1	1.000000	-0.000000	1.000000	-0.000000	1.003745	0.003745	1.003745	0.003745
231	963	P1	1	0.996308	-0.003692	0.996308	-0.003692	1.000039	0.000039	1.000039	0.000039
231	963	P50	1	0.998139	-0.001861	0.998139	-0.001861	1.001877	0.001877	1.001877	0.001877
231	963	P75	1	0.999075	-0.000925	0.999075	-0.000925	1.002816	0.002816	1.002816	0.002816
231	963	P90	1	0.999634	-0.000366	0.999634	-0.000366	1.003378	0.003378	1.003378	0.003378
231	963	P95	1	0.999821	-0.000179	0.999821	-0.000179	1.003565	0.003565	1.003565	0.003565
231	963	P99	1	0.999973	-0.000027	0.999973	-0.000027	1.003718	0.003718	1.003718	0.003718
231	963	P999	2	2.004232	0.002116	2.004232	0.002116	2.004232	0.002116	2.004232	0.002116
232	1383	P1	1	0.996307	-0.003693	0.996307	-0.003693	1.000038	0.000038	1.000038	0.000038
232	1383	P50	1	0.998138	-0.001862	0.998138	-0.001862	1.001876	0.001876	1.001876	0.001876
232	1383	P75	1	0.999074	-0.000926	0.999074	-0.000926	1.002816	0.002816	1.002816	0.002816
232	1383	P90	1	0.999634	-0.000366	0.999634	-0.000366	1.003378	0.003378	1.003378	0.003378
232	1383	P95	1	0.999821	-0.000179	0.999821	-0.000179	1.003566	0.003566	1.003566	0.003566
232	1383	P99	1	0.999973	-0.000027	0.999973	-0.000027	1.003718	0.003718	1.003718	0.003718
232	1383	P999	2	2.004232	0.002116	2.004232	0.002116	2.004232	0.002116	2.004232	0.002116
233	291	P1	1	0.996308	-0.003692	0.996308	-0.003692	1.000039	0.000039	1.000039	0.000039
233	291	P50	1	0.998146	-0.001854	0.998146	-0.001854	1.001884	0.001884	1.001884	0.001884
233	291	P75	1	0.999085	-0.000915	0.999085	-0.000915	1.002827	0.002827	1.002827	0.002827
233	291	P90	1	0.999639	-0.000361	0.999639	-0.000361	1.003383	0.003383	1.003383	0.003383
233	291	P95	1	0.999832	-0.000168	0.999832	-0.000168	1.003577	0.003577	1.003577	0.003577
233	291	P99	1	0.999987	-0.000013	0.999987	-0.000013	1.003732	0.003732	1.003732	0.003732
233	291	P999	2	2.004232	0.002116	2.004232	0.002116	2.004232	0.002116	2.004232	0.002116
234	2329	P1	1	0.996308	-0.003692	0.996308	-0.003692	1.000039	0.000039	1.000039	0.000039
234	2329	P50	1	0.998141	-0.001859	0.998141	-0.001859	1.001879	0.001879	1.001879	0.001879
234	2329	P75	1	0.999077	-0.000923	0.999077	-0.000923	1.002819	0.002819	1.002819	0.002819
234	2329	P90	1	0.999641	-0.000359	0.999641	-0.000359	1.003384	0.003384	1.003384	0.003384
234	2329	P95	1	0.999828	-0.000172	0.999828	-0.000172	1.003572	0.003572	1.003572	0.003572
234	2329	P99	1	0.999977	-0.000023	0.999977	-0.000023	1.003722	0.003722	1.003722	0.003722
234	2329	P999	3	2.996563	-0.001146	2.996563	-0.001146	2.996563	-0.001146	2.996563	-0.001146
235	1732	P1	1	0.996308	-0.003692	0.996308	-0.003692	1.000039	0.000039	1.000039	0.000039
235	1732	P50	1	0.998139	-0.001861	0.998137	-0.001863	1.001877	0.001877	1.001875	0.001875
235	1732	P75	1	0.999075	-0.000925	0.999072	-0.000928	1.002816	0.002816	1.002814	0.002814
235	1732	P90	1	0.999634	-0.000366	0.999634	-0.000366	1.003378	0.003378	1.003378	0.003378
235	1732	P95	1	0.999823	-0.000177	0.999823	-0.000177	1.003567	0.003567	1.003567	0.003567
235	1732	P99	1	0.999972	-0.000028	0.999972	-0.000028	1.003717	0.003717	1.003717	0.003717
235	1732	P999	2	2.002360	0.001180	2.002360	0.001180	2.002360	0.001180	2.002360	0.001180
236	1732	P1	1	0.996308	-0.003692	0.996308	-0.003692	1.000039	0.000039	1.000039	0.000039
236	1732	P50	1	0.998137	-0.001863	0.998135	-0.001865	1.001875	0.001875	1.001873	0.001873
236	1732	P75	1	0.999071	-0.000929	0.999069	-0.000931	1.002813	0.002813	1.002811	0.002811
236	1732	P90	1	0.999631	-0.000369	0.999631	-0.000369	1.003374	0.003374	1.003374	0.003374
236	1732	P95	1	0.999819	-0.000181	0.999819	-0.000181	1.003563	0.003563	1.003563	0.003563
236	1732	P99	1	0.999968	-0.000032	0.999968	-0.000032	1.003712	0.003712	1.003712	0.003712
236	1732	P999	3	2.995443	-0.001519	2.995443	-0.001519	2.995443	-0.001519	2.995443	-0.001519
237	1242	P1	1	0.996308	-0.003692	0.996308	-0.003692	1.000039	0.000039	1.000039	0.000039
237	1242	P50	1	0.998143	-0.001857	0.998140	-0.001860	1.001881	0.001881	1.001878	0.001878
237	1242	P75	1	0.999079	-0.000921	0.999079	-0.000921	1.002820	0.002820	1.002820	0.002820
237	1242	P90	1	0.999640	-0.000360	0.999640	-0.000360	1.003384	0.003384	1.003384	0.003384
237	1242	P95	1	0.999828	-0.000172	0.999828	-0.000172	1.003572	0.003572	1.003572	0.003572
237	1242	P99	1	0.999979	-0.000021	0.999979	-0.000021	1.003724	0.003724	1.003724	0.003724
237	1242	P999	2	2.002734	0.001367	2.002734	0.001367	2.002734	0.001367	2.002734	0.001367
238	4834	P1	1	0.996307	-0.003693	0.996307	-0.003693	1.000038	0.000038	1.000038	0.000038
238	4834	P50	1	0.998139	-0.001861	0.998139	-0.001861	1.001877	0.001877	1.001877	0.001877
238	4834	P75	1	0.999075	-0.000925	0.999075	-0.000925	1.002817	0.002817	1.002817	0.002817
238	4834	P90	1	0.999637	-0.000363	0.999637	-0.000363	1.003381	0.003381	1.003381	0.003381
238	4834	P95	1	0.999825	-0.000175	0.999825	-0.000175	1.003569	0.003569	1.003569	0.003569
238	4834	P99	1	0.999974	-0.000026	0.999974	-0.000026	1.003719	0.003719	1.003719	0.003719
238	4834	P999	2	2.002235	0.001118	2.002235	0.001118	2.002235	0.001118	2.002235	0.001118
239	790	P1	1	0.996307	-0.003693	0.996307	-0.003693	1.000038	0.000038	1.000038	0.000038
239	790	P50	1	0.998149	-0.001851	0.998145	-0.001855	1.001887	0.001887	1.001883	0.001883
239	790	P75	1	0.999086	-0.000914	0.999086	-0.000914	1.002828	0.002828	1.002828	0.002828
239	790	P90	1	0.999652	-0.000348	0.999648	-0.000352	1.003396	0.003396	1.003391	0.003391
239	790	P95	1	0.999838	-0.000162	0.999838	-0.000162	1.003582	0.003582	1.003582	0.003582
239	790	P99	1	0.999990	-0.000010	0.999990	-0.000010	1.003735	0.003735	1.003735	0.003735
239	790	P999	3	3.001047	0.000349	3.001047	0.000349	3.001047	0.000349	3.001047	0.000349
240	739	P1	1	0.996310	-0.003690	0.996310	-0.003690	1.000041	0.000041	1.000041	0.000041
240	739	P50	1	0.998151	-0.001849	0.998151	-0.001849	1.001889	0.001889	1.001889	0.001889
240	739	P75	1	0.999093	-0.000907	0.999093	-0.000907	1.002834	0.002834	1.002834	0.002834
240	739	P90	1	0.999658	-0.000342	0.999658	-0.000342	1.003402	0.003402	1.003402	0.003402
240	739	P95	1	0.999847	-0.000153	0.999847	-0.000153	1.003591	0.003591	1.003591	0.003591
240	739	P99	1	0.999995	-0.000005	0.999995	-0.000005	1.003740	0.003740	1.003740	0.003740
240	739	P999	3	3.001047	0.000349	3.001047	0.000349	3.001047	0.000349	3.001047	0.000349
241	2367	P1	1	0.996307	-0.003693	0.996307	-0.003693	1.000038	0.000038	1.000038	0.000038
241	2367	P50	1	0.998138	-0.001862	0.998138	-0.001862	1.001875	0.001875	1.001875	0.001875
241	2367	P75	1	0.999073	-0.000927	0.999073	-0.000927	1.002815	0.002815	1.002815	0.002815
241	2367	P90	1	0.999634	-0.000366	0.999634	-0.000366	1.003378	0.003378	1.003378	0.003378
241	2367	P95	1	0.999821	-0.000179	0.999821	-0.000179	1.003565	0.003565	1.003565	0.003565
241	2367	P99	1	0.999972	-0.000028	0.999972	-0.000028	1.003716	0.003716	1.003716	0.003716
241	2367	P999	2	2.001238	0.000619	2.001238	0.000619	2.001238	0.000619	2.001238	0.000619
242	508	P1	1	0.996313	-0.003687	0.996313	-0.003687	1.000044	0.000044	1.000044	0.000044
242	508	P50	1	0.998140	-0.001860	0.998133	-0.001867	1.001878	0.001878	1.001871	0.001871
242	508	P75	1	0.999073	-0.000927	0.999066	-0.000934	1.002815	0.002815	1.002807	0.002807
242	508	P90	1	0.999632	-0.000368	0.999632	-0.000368	1.003376	0.003376	1.003376	0.003376
242	508	P95	1	0.999816	-0.000184	0.999816	-0.000184	1.003560	0.003560	1.003560	0.003560
242	508	P99	1	0.999963	-0.000037	0.999963	-0.000037	1.003708	0.003708	1.003708	0.003708
242	508	P999	1	1.000000	-0.000000	1.000000	-0.000000	1.003745	0.003745	1.003745	0.003745
243	118	P1	1	0.996333	-0.003667	0.996333	-0.003667	1.000064	0.000064	1.000064	0.000064
243	118	P50	1	0.998181	-0.001819	0.998149	-0.001851	1.001919	0.001919	1.001887	0.001887
243	118	P75	1	0.999106	-0.000894	0.999106	-0.000894	1.002847	0.002847	1.002847	0.002847
243	118	P90	1	0.999681	-0.000319	0.999681	-0.000319	1.003424	0.003424	1.003424	0.003424
243	118	P95	1	0.999872	-0.000128	0.999872	-0.000128	1.003617	0.003617	1.003617	0.003617
243	118	P99	1	1.000000	-0.000000	1.000000	-0.000000	1.003745	0.003745	1.003745	0.003745
243	118	P999	2	2.004232	0.002116	2.004232	0.002116	2.004232	0.002116	2.004232	0.002116
244	5669	P1	1	0.996307	-0.003693	0.996307	-0.003693	1.000038	0.000038	1.000038	0.000038
244	5669	P50	1	0.998137	-0.001863	0.998137	-0.001863	1.001875	0.001875	1.001875	0.001875
244	5669	P75	1	0.999072	-0.000928	0.999072	-0.000928	1.002813	0.002813	1.002813	0.002813
244	5669	P90	1	0.999633	-0.000367	0.999633	-0.000367	1.003377	0.003377	1.003377	0.003377
244	5669	P95	1	0.999820	-0.000180	0.999820	-0.000180	1.003565	0.003565	1.003565	0.003565
244	5669	P99	1	0.999970	-0.000030	0.999970	-0.000030	1.003715	0.003715	1.003715	0.003715
244	5669	P999	2	2.000830	0.000415	2.000830	0.000415	2.000830	0.000415	2.000830	0.000415
245	1406	P1	1	0.996309	-0.003691	0.996309	-0.003691	1.000040	0.000040	1.000040	0.000040
245	1406	P50	1	0.998138	-0.001862	0.998135	-0.001865	1.001876	0.001876	1.001873	0.001873
245	1406	P75	1	0.999071	-0.000929	0.999071	-0.000929	1.002813	0.002813	1.002813	0.002813
245	1406	P90	1	0.999633	-0.000367	0.999633	-0.000367	1.003376	0.003376	1.003376	0.003376
245	1406	P95	1	0.999819	-0.000181	0.999819	-0.000181	1.003563	0.003563	1.003563	0.003563
245	1406	P99	1	0.999968	-0.000032	0.999968	-0.000032	1.003713	0.003713	1.003713	0.003713
245	1406	P999	2	2.000490	0.000245	2.000490	0.000245	2.000490	0.000245	2.000490	0.000245
246	4580	P1	1	0.996307	-0.003693	0.996307	-0.003693	1.000038	0.000038	1.000038	0.000038
246	4580	P50	1	0.998141	-0.001859	0.998140	-0.001860	1.001879	0.001879	1.001878	0.001878
246	4580	P75	1	0.999078	-0.000922	0.999077	-0.000923	1.002819	0.002819	1.002818	0.002818
246	4580	P90	1	0.999640	-0.000360	0.999640	-0.000360	1.003384	0.003384	1.003383	0.003383
246	4580	P95	1	0.999828	-0.000172	0.999827	-0.000173	1.003572	0.003572	1.003571	0.003571
246	4580	P99	1	0.999978	-0.000022	0.999978	-0.000022	1.003723	0.003723	1.003723	0.003723
246	4580	P999	2	2.003296	0.001648	2.003296	0.001648	2.003296	0.001648	2.003296	0.001648
247	1019	P1	1	0.996309	-0.003691	0.996309	-0.003691	1.000040	0.000040	1.000040	0.000040
247	1019	P50	1	0.998136	-0.001864	0.998136	-0.001864	1.001874	0.001874	1.001874	0.001874
247	1019	P75	1	0.999071	-0.000929	0.999071	-0.000929	1.002813	0.002813	1.002813	0.002813
247	1019	P90	1	0.999633	-0.000367	0.999633	-0.000367	1.003376	0.003376	1.003376	0.003376
247	1019	P95	1	0.999820	-0.000180	0.999820	-0.000180	1.003564	0.003564	1.003564	0.003564
247	1019	P99	1	0.999967	-0.000033	0.999967	-0.000033	1.003712	0.003712	1.003712	0.003712
247	1019	P999	1	1.000000	-0.000000	1.000000	-0.000000	1.003745	0.003745	1.003745	0.003745
248	109	P1	1	0.996337	-0.003663	0.996337	-0.003663	1.000069	0.000069	1.000069	0.000069
248	109	P50	1	0.998150	-0.001850	0.998150	-0.001850	1.001888	0.001888	1.001888	0.001888
248	109	P75	1	0.999075	-0.000925	0.999075	-0.000925	1.002816	0.002816	1.002816	0.002816
248	109	P90	1	0.999657	-0.000343	0.999657	-0.000343	1.003401	0.003401	1.003401	0.003401
248	109	P95	1	0.999829	-0.000171	0.999829	-0.000171	1.003573	0.003573	1.003573	0.003573
248	109	P99	1	0.999966	-0.000034	0.999966	-0.000034	1.003711	0.003711	1.003711	0.003711
248	109	P999	1	1.000000	-0.000000	1.000000	-0.000000	1.003745	0.003745	1.003745	0.003745
249	319	P1	1	0.996316	-0.003684	0.996316	-0.003684	1.000047	0.000047	1.000047	0.000047
249	319	P50	1	0.998156	-0.001844	0.998156	-0.001844	1.001894	0.001894	1.001894	0.001894
249	319	P75	1	0.999101	-0.000899	0.999101	-0.000899	1.002843	0.002843	1.002843	0.002843
249	319	P90	1	0.999669	-0.000331	0.999669	-0.000331	1.003413	0.003413	1.003413	0.003413
249	319	P95	1	0.999858	-0.000142	0.999858	-0.000142	1.003602	0.003602	1.003602	0.003602
249	319	P99	1	1.000000	-0.000000	1.000000	-0.000000	1.003745	0.003745	1.003745	0.003745
249	319	P999	3	3.001047	0.000349	3.001047	0.000349	3.001047	0.000349	3.001047	0.000349
250	284	P1	1	0.996308	-0.003692	0.996308	-0.003692	1.000040	0.000040	1.000040	0.000040
250	284	P50	1	0.998153	-0.001847	0.998139	-0.001861	1.001891	0.001891	1.001877	0.001877
250	284	P75	1	0.999089	-0.000911	0.999076	-0.000924	1.002831	0.002831	1.002817	0.002817
250	284	P90	1	0.999643	-0.000357	0.999643	-0.000357	1.003387	0.003387	1.003387	0.003387
250	284	P95	1	0.999828	-0.000172	0.999828	-0.000172	1.003573	0.003573	1.003573	0.003573
250	284	P99	1	0.999987	-0.000013	0.999987	-0.000013	1.003732	0.003732	1.003732	0.003732
250	284	P999	2	2.004232	0.002116	2.004232	0.002116	2.004232	0.002116	2.004232	0.002116
251	802	P1	1	0.996311	-0.003689	0.996311	-0.003689	1.000042	0.000042	1.000042	0.000042
251	802	P50	1	0.998159	-0.001841	0.998154	-0.001846	1.001897	0.001897	1.001892	0.001892
251	802	P75	1	0.999100	-0.000900	0.999100	-0.000900	1.002842	0.002842	1.002842	0.002842
251	802	P90	1	0.999665	-0.000335	0.999665	-0.000335	1.003409	0.003409	1.003409	0.003409
251	802	P95	1	0.999854	-0.000146	0.999854	-0.000146	1.003598	0.003598	1.003598	0.003598
251	802	P99	2	1.997584	-0.001208	1.997584	-0.001208	1.997584	-0.001208	1.997584	-0.001208
251	802	P999	2	2.004232	0.002116	2.004232	0.002116	2.004232	0.002116	2.004232	0.002116
252	187	P1	1	0.996309	-0.003691	0.996309	-0.003691	1.000040	0.000040	1.000040	0.000040
252	187	P50	1	0.998163	-0.001837	0.998163	-0.001837	1.001901	0.001901	1.001901	0.001901
252	187	P75	1	0.999111	-0.000889	0.999111	-0.000889	1.002853	0.002853	1.002853	0.002853
252	187	P90	1	0.999677	-0.000323	0.999677	-0.000323	1.003421	0.003421	1.003421	0.003421
252	187	P95	1	0.999859	-0.000141	0.999859	-0.000141	1.003603	0.003603	1.003603	0.003603
252	187	P99	2	2.000490	0.000245	2.000490	0.000245	2.000490	0.000245	2.000490	0.000245
252	187	P999	2	2.004232	0.002116	2.004232	0.002116	2.004232	0.002116	2.004232	0.002116
253	196	P1	1	0.996307	-0.003693	0.996307	-0.003693	1.000039	0.000039	1.000039	0.000039
253	196	P50	1	0.998171	-0.001829	0.998152	-0.001848	1.001909	0.001909	1.001890	0.001890
253	196	P75	1	0.999114	-0.000886	0.999095	-0.000905	1.002856	0.002856	1.002836	0.002836
253	196	P90	1	0.999673	-0.000327	0.999673	-0.000327	1.003416	0.003416	1.003416	0.003416
253	196	P95	1	0.999865	-0.000135	0.999865	-0.000135	1.003610	0.003610	1.003610	0.003610
253	196	P99	2	2.000490	0.000245	2.000490	0.000245	2.000490	0.000245	2.000490	0.000245
253	196	P999	2	2.004232	0.002116	2.004232	0.002116	2.004232	0.002116	2.004232	0.002116
254	179	P1	1	0.996311	-0.003689	0.996311	-0.003689	1.000042	0.000042	1.000042	0.000042
254	179	P50	1	0.998143	-0.001857	0.998143	-0.001857	1.001881	0.001881	1.001881	0.001881
254	179	P75	1	0.999082	-0.000918	0.999082	-0.000918	1.002823	0.002823	1.002823	0.002823
254	179	P90	1	0.999645	-0.000355	0.999645	-0.000355	1.003389	0.003389	1.003389	0.003389
254	179	P95	1	0.999833	-0.000167	0.999833	-0.000167	1.003577	0.003577	1.003577	0.003577
254	179	P99	1	0.999979	-0.000021	0.999979	-0.000021	1.003724	0.003724	1.003724	0.003724
254	179	P999	1	1.000000	-0.000000	1.000000	-0.000000	1.003745	0.003745	1.003745	0.003745
255	116	P1	1	0.996333	-0.003667	0.996333	-0.003667	1.000064	0.000064	1.000064	0.000064
255	116	P50	1	0.998165	-0.001835	0.998133	-0.001867	1.001903	0.001903	1.001871	0.001871
255	116	P75	1	0.999098	-0.000902	0.999066	-0.000934	1.002840	0.002840	1.002807	0.002807
255	116	P90	1	0.999646	-0.000354	0.999646	-0.000354	1.003389	0.003389	1.003389	0.003389
255	116	P95	1	0.999839	-0.000161	0.999839	-0.000161	1.003583	0.003583	1.003583	0.003583
255	116	P99	1	0.999968	-0.000032	0.999968	-0.000032	1.003713	0.003713	1.003713	0.003713
255	116	P999	1	1.000000	-0.000000	1.000000	-0.000000	1.003745	0.003745	1.003745	0.003745
256	304	P1	1	0.996318	-0.003682	0.996318	-0.003682	1.000050	0.000050	1.000050	0.000050
256	304	P50	1	0.998157	-0.001843	0.998145	-0.001855	1.001896	0.001896	1.001883	0.001883
256	304	P75	1	0.999097	-0.000903	0.999084	-0.000916	1.002838	0.002838	1.002826	0.002826
256	304	P90	1	0.999653	-0.000347	0.999653	-0.000347	1.003397	0.003397	1.003397	0.003397
256	304	P95	1	0.999839	-0.000161	0.999839	-0.000161	1.003583	0.003583	1.003583	0.003583
256	304	P99	1	0.999988	-0.000012	0.999988	-0.000012	1.003733	0.003733	1.003733	0.003733
256	304	P999	2	2.004232	0.002116	2.004232	0.002116	2.004232	0.002116	2.004232	0.002116
257	289	P1	1	0.996308	-0.003692	0.996308	-0.003692	1.000039	0.000039	1.000039	0.000039
257	289	P50	1	0.998139	-0.001861	0.998139	-0.001861	1.001877	0.001877	1.001877	0.001877
257	289	P75	1	0.999069	-0.000931	0.999069	-0.000931	1.002811	0.002811	1.002811	0.002811
257	289	P90	1	0.999638	-0.000362	0.999638	-0.000362	1.003382	0.003382	1.003382	0.003382
257	289	P95	1	0.999819	-0.000181	0.999819	-0.000181	1.003563	0.003563	1.003563	0.003563
257	289	P99	1	0.999974	-0.000026	0.999974	-0.000026	1.003719	0.003719	1.003719	0.003719
257	289	P999	1	1.000000	-0.000000	1.000000	-0.000000	1.003745	0.003745	1.003745	0.003745
258	611	P1	1	0.996312	-0.003688	0.996312	-0.003688	1.000043	0.000043	1.000043	0.000043
258	611	P50	1	0.998145	-0.001855	0.998145	-0.001855	1.001883	0.001883	1.001883	0.001883
258	611	P75	1	0.999084	-0.000916	0.999084	-0.000916	1.002826	0.002826	1.002826	0.002826
258	611	P90	1	0.999643	-0.000357	0.999643	-0.000357	1.003387	0.003387	1.003387	0.003387
258	611	P95	1	0.999834	-0.000166	0.999834	-0.000166	1.003578	0.003578	1.003578	0.003578
258	611	P99	1	0.999982	-0.000018	0.999982	-0.000018	1.003726	0.003726	1.003726	0.003726
258	611	P999	2	2.004232	0.002116	2.004232	0.002116	2.004232	0.002116	2.004232	0.002116
259	313	P1	1	0.996317	-0.003683	0.996317	-0.003683	1.000048	0.000048	1.000048	0.000048
259	313	P50	1	0.998145	-0.001855	0.998145	-0.001855	1.001883	0.001883	1.001883	0.001883
259	313	P75	1	0.999078	-0.000922	0.999078	-0.000922	1.002819	0.002819	1.002819	0.002819
259	313	P90	1	0.999641	-0.000359	0.999641	-0.000359	1.003384	0.003384	1.003384	0.003384
259	313	P95	1	0.999832	-0.000168	0.999832	-0.000168	1.003577	0.003577	1.003577	0.003577
259	313	P99	1	0.999976	-0.000024	0.999976	-0.000024	1.003721	0.003721	1.003721	0.003721
259	313	P999	2	2.004232	0.002116	2.004232	0.002116	2.004232	0.002116	2.004232	0.002116
260	360	P1	1	0.996311	-0.003689	0.996311	-0.003689	1.000042	0.000042	1.000042	0.000042
260	360	P50	1	0.998154	-0.001846	0.998143	-0.001857	1.001892	0.001892	1.001881	0.001881
260	360	P75	1	0.999092	-0.000908	0.999082	-0.000918	1.002834	0.002834	1.002823	0.002823
260	360	P90	1	0.999655	-0.000345	0.999645	-0.000355	1.003399	0.003399	1.003389	0.003389
260	360	P95	1	0.999843	-0.000157	0.999833	-0.000167	1.003588	0.003588	1.003577	0.003577
260	360	P99	1	0.999990	-0.000010	0.999990	-0.000010	1.003734	0.003734	1.003734	0.003734
260	360	P999	2	2.004232	0.002116	2.004232	0.002116	2.004232	0.002116	2.004232	0.002116
261	131	P1	1	0.996326	-0.003674	0.996326	-0.003674	1.000058	0.000058	1.000058	0.000058
261	131	P50	1	0.998161	-0.001839	0.998161	-0.001839	1.001900	0.001900	1.001900	0.001900
261	131	P75	1	0.999109	-0.000891	0.999109	-0.000891	1.002851	0.002851	1.002851	0.002851
261	131	P90	1	0.999655	-0.000345	0.999655	-0.000345	1.003399	0.003399	1.003399	0.003399
261	131	P95	1	0.999856	-0.000144	0.999856	-0.000144	1.003601	0.003601	1.003601	0.003601
261	131	P99	1	1.000000	-0.000000	1.000000	-0.000000	1.003745	0.003745	1.003745	0.003745
261	131	P999	2	2.004232	0.002116	2.004232	0.002116	2.004232	0.002116	2.004232	0.002116
262	273	P1	1	0.996310	-0.003690	0.996310	-0.003690	1.000041	0.000041	1.000041	0.000041
262	273	P50	1	0.998140	-0.001860	0.998140	-0.001860	1.001878	0.001878	1.001878	0.001878
262	273	P75	1	0.999069	-0.000931	0.999069	-0.000931	1.002811	0.002811	1.002811	0.002811
262	273	P90	1	0.999630	-0.000370	0.999630	-0.000370	1.003374	0.003374	1.003374	0.003374
262	273	P95	1	0.999822	-0.000178	0.999822	-0.000178	1.003566	0.003566	1.003566	0.003566
262	273	P99	1	0.999973	-0.000027	0.999973	-0.000027	1.003717	0.003717	1.003717	0.003717
262	273	P999	1	1.000000	-0.000000	1.000000	-0.000000	1.003745	0.003745	1.003745	0.003745
263	144	P1	1	0.996321	-0.003679	0.996321	-0.003679	1.000052	0.000052	1.000052	0.000052
263	144	P50	1	0.998172	-0.001828	0.998146	-0.001854	1.001910	0.001910	1.001884	0.001884
263	144	P75	1	0.999112	-0.000888	0.999086	-0.000914	1.002853	0.002853	1.002827	0.002827
263	144	P90	1	0.999660	-0.000340	0.999660	-0.000340	1.003404	0.003404	1.003404	0.003404
263	144	P95	1	0.999843	-0.000157	0.999843	-0.000157	1.003588	0.003588	1.003588	0.003588
263	144	P99	1	1.000000	-0.000000	1.000000	-0.000000	1.003745	0.003745	1.003745	0.003745
263	144	P999	2	2.004232	0.002116	2.004232	0.002116	2.004232	0.002116	2.004232	0.002116
264	806	P1	1	0.996311	-0.003689	0.996311	-0.003689	1.000043	0.000043	1.000043	0.000043
264	806	P50	1	0.998175	-0.001825	0.998171	-0.001829	1.001913	0.001913	1.001909	0.001909
264	806	P75	1	0.999125	-0.000875	0.999125	-0.000875	1.002867	0.002867	1.002867	0.002867
264	806	P90	1	0.999697	-0.000303	0.999697	-0.000303	1.003441	0.003441	1.003441	0.003441
264	806	P95	1	0.999886	-0.000114	0.999886	-0.000114	1.003631	0.003631	1.003631	0.003631
264	806	P99	2	2.000490	0.000245	2.000490	0.000245	2.000490	0.000245	2.000490	0.000245
264	806	P999	2	2.004232	0.002116	2.004232	0.002116	2.004232	0.002116	2.004232	0.002116
265	755	P1	1	0.996309	-0.003691	0.996309	-0.003691	1.000040	0.000040	1.000040	0.000040
265	755	P50	1	0.998153	-0.001847	0.998153	-0.001847	1.001891	0.001891	1.001891	0.001891
265	755	P75	1	0.999096	-0.000904	0.999096	-0.000904	1.002837	0.002837	1.002837	0.002837
265	755	P90	1	0.999660	-0.000340	0.999660	-0.000340	1.003404	0.003404	1.003404	0.003404
265	755	P95	1	0.999850	-0.000150	0.999850	-0.000150	1.003594	0.003594	1.003594	0.003594
265	755	P99	1	1.000000	-0.000000	1.000000	-0.000000	1.003745	0.003745	1.003745	0.003745
265	755	P999	2	2.004232	0.002116	2.004232	0.002116	2.004232	0.002116	2.004232	0.002116
266	111	P1	1	0.996336	-0.003664	0.996336	-0.003664	1.000067	0.000067	1.000067	0.000067
266	111	P50	1	0.998150	-0.001850	0.998150	-0.001850	1.001888	0.001888	1.001888	0.001888
266	111	P75	1	0.999091	-0.000909	0.999091	-0.000909	1.002833	0.002833	1.002833	0.002833
266	111	P90	1	0.999630	-0.000370	0.999630	-0.000370	1.003373	0.003373	1.003373	0.003373
266	111	P95	1	0.999832	-0.000168	0.999832	-0.000168	1.003576	0.003576	1.003576	0.003576
266	111	P99	1	0.999966	-0.000034	0.999966	-0.000034	1.003711	0.003711	1.003711	0.003711
266	111	P999	1	1.000000	-0.000000	1.000000	-0.000000	1.003745	0.003745	1.003745	0.003745
267	437	P1	1	0.996312	-0.003688	0.996312	-0.003688	1.000043	0.000043	1.000043	0.000043
267	437	P50	1	0.998150	-0.001850	0.998150	-0.001850	1.001888	0.001888	1.001888	0.001888
267	437	P75	1	0.999087	-0.000913	0.999087	-0.000913	1.002829	0.002829	1.002829	0.002829
267	437	P90	1	0.999656	-0.000344	0.999656	-0.000344	1.003399	0.003399	1.003399	0.003399
267	437	P95	1	0.999845	-0.000155	0.999845	-0.000155	1.003589	0.003589	1.003589	0.003589
267	437	P99	1	0.999991	-0.000009	0.999991	-0.000009	1.003736	0.003736	1.003736	0.003736
267	437	P999	2	2.004232	0.002116	2.004232	0.002116	2.004232	0.002116	2.004232	0.002116
268	112	P1	1	0.996336	-0.003664	0.996336	-0.003664	1.000067	0.000067	1.000067	0.000067
268	112	P50	1	0.998166	-0.001834	0.998133	-0.001867	1.001904	0.001904	1.001871	0.001871
268	112	P75	1	0.999099	-0.000901	0.999066	-0.000934	1.002841	0.002841	1.002807	0.002807
268	112	P90	1	0.999633	-0.000367	0.999633	-0.000367	1.003377	0.003377	1.003377	0.003377
268	112	P95	1	0.999833	-0.000167	0.999833	-0.000167	1.003577	0.003577	1.003577	0.003577
268	112	P99	1	0.999967	-0.000033	0.999967	-0.000033	1.003711	0.003711	1.003711	0.003711
268	112	P999	1	1.000000	-0.000000	1.000000	-0.000000	1.003745	0.003745	1.003745	0.003745
269	704	P1	1	0.996312	-0.003688	0.996312	-0.003688	1.000043	0.000043	1.000043	0.000043
269	704	P50	1	0.998179	-0.001821	0.998173	-0.001827	1.001917	0.001917	1.001911	0.001911
269	704	P75	1	0.999132	-0.000868	0.999127	-0.000873	1.002874	0.002874	1.002869	0.002869
269	704	P90	1	0.999702	-0.000298	0.999702	-0.000298	1.003445	0.003445	1.003445	0.003445
269	704	P95	1	0.999892	-0.000108	0.999892	-0.000108	1.003636	0.003636	1.003636	0.003636
269	704	P99	2	2.000739	0.000370	2.000739	0.000370	2.000739	0.000370	2.000739	0.000370
269	704	P999	2	2.004232	0.002116	2.004232	0.002116	2.004232	0.002116	2.004232	0.002116
270	212	P1	1	0.996322	-0.003678	0.996322	-0.003678	1.000053	0.000053	1.000053	0.000053
270	212	P50	1	0.998168	-0.001832	0.998151	-0.001849	1.001906	0.001906	1.001889	0.001889
270	212	P75	1	0.999110	-0.000890	0.999093	-0.000907	1.002852	0.002852	1.002834	0.002834
270	212	P90	1	0.999662	-0.000338	0.999662	-0.000338	1.003406	0.003406	1.003406	0.003406
270	212	P95	1	0.999858	-0.000142	0.999858	-0.000142	1.003602	0.003602	1.003602	0.003602
270	212	P99	1	1.000000	-0.000000	1.000000	-0.000000	1.003745	0.003745	1.003745	0.003745
270	212	P999	2	2.004232	0.002116	2.004232	0.002116	2.004232	0.002116	2.004232	0.002116
271	815	P1	1	0.996311	-0.003689	0.996311	-0.003689	1.000042	0.000042	1.000042	0.000042
271	815	P50	1	0.998182	-0.001818	0.998182	-0.001818	1.001920	0.001920	1.001920	0.001920
271	815	P75	1	0.999140	-0.000860	0.999140	-0.000860	1.002882	0.002882	1.002882	0.002882
271	815	P90	1	0.999713	-0.000287	0.999713	-0.000287	1.003457	0.003457	1.003457	0.003457
271	815	P95	1	0.999906	-0.000094	0.999906	-0.000094	1.003651	0.003651	1.003651	0.003651
271	815	P99	2	2.001238	0.000619	2.001238	0.000619	2.001238	0.000619	2.001238	0.000619
271	815	P999	2	2.004232	0.002116	2.004232	0.002116	2.004232	0.002116	2.004232	0.002116
272	736	P1	1	0.996310	-0.003690	0.996310	-0.003690	1.000041	0.000041	1.000041	0.000041
272	736	P50	1	0.998171	-0.001829	0.998166	-0.001834	1.001910	0.001910	1.001904	0.001904
272	736	P75	1	0.999121	-0.000879	0.999116	-0.000884	1.002863	0.002863	1.002858	0.002858
272	736	P90	1	0.999690	-0.000310	0.999690	-0.000310	1.003434	0.003434	1.003434	0.003434
272	736	P95	1	0.999881	-0.000119	0.999881	-0.000119	1.003626	0.003626	1.003626	0.003626
272	736	P99	2	2.000202	0.000101	2.000202	0.000101	2.000202	0.000101	2.000202	0.000101
272	736	P999	2	2.004232	0.002116	2.004232	0.002116	2.004232	0.002116	2.004232	0.002116
273	371	P1	1	0.996310	-0.003690	0.996310	-0.003690	1.000041	0.000041	1.000041	0.000041
273	371	P50	1	0.998158	-0.001842	0.998158	-0.001842	1.001896	0.001896	1.001896	0.001896
273	371	P75	1	0.999104	-0.000896	0.999104	-0.000896	1.002846	0.002846	1.002846	0.002846
273	371	P90	1	0.999664	-0.000336	0.999664	-0.000336	1.003408	0.003408	1.003408	0.003408
273	371	P95	1	0.999857	-0.000143	0.999857	-0.000143	1.003602	0.003602	1.003602	0.003602
273	371	P99	2	1.999244	-0.000378	1.999244	-0.000378	1.999244	-0.000378	1.999244	-0.000378
273	371	P999	9	9.006280	0.000698	9.006280	0.000698	9.006280	0.000698	9.006280	0.000698
274	593	P1	1	0.996307	-0.003693	0.996307	-0.003693	1.000038	0.000038	1.000038	0.000038
274	593	P50	1	0.998149	-0.001851	0.998149	-0.001851	1.001887	0.001887	1.001887	0.001887
274	593	P75	1	0.999087	-0.000913	0.999087	-0.000913	1.002828	0.002828	1.002828	0.002828
274	593	P90	1	0.999651	-0.000349	0.999651	-0.000349	1.003395	0.003395	1.003395	0.003395
274	593	P95	1	0.999841	-0.000159	0.999841	-0.000159	1.003586	0.003586	1.003586	0.003586
274	593	P99	1	0.999994	-0.000006	0.999994	-0.000006	1.003739	0.003739	1.003739	0.003739
274	593	P999	2	2.004232	0.002116	2.004232	0.002116	2.004232	0.002116	2.004232	0.002116
275	434	P1	1	0.996313	-0.003687	0.996313	-0.003687	1.000044	0.000044	1.000044	0.000044
275	434	P50	1	0.998168	-0.001832	0.998159	-0.001841	1.001906	0.001906	1.001897	0.001897
275	434	P75	1	0.999110	-0.000890	0.999110	-0.000890	1.002851	0.002851	1.002851	0.002851
275	434	P90	1	0.999677	-0.000323	0.999677	-0.000323	1.003421	0.003421	1.003421	0.003421
275	434	P95	1	0.999869	-0.000131	0.999869	-0.000131	1.003613	0.003613	1.003613	0.003613
275	434	P99	2	1.999244	-0.000378	1.999244	-0.000378	1.999244	-0.000378	1.999244	-0.000378
275	434	P999	2	2.004232	0.002116	2.004232	0.002116	2.004232	0.002116	2.004232	0.002116
276	733	P1	1	0.996310	-0.003690	0.996310	-0.003690	1.000041	0.000041	1.000041	0.000041
276	733	P50	1	0.998143	-0.001857	0.998143	-0.001857	1.001881	0.001881	1.001881	0.001881
276	733	P75	1	0.999079	-0.000921	0.999079	-0.000921	1.002820	0.002820	1.002820	0.002820
276	733	P90	1	0.999642	-0.000358	0.999642	-0.000358	1.003385	0.003385	1.003385	0.003385
276	733	P95	1	0.999831	-0.000169	0.999831	-0.000169	1.003575	0.003575	1.003575	0.003575
276	733	P99	1	0.999980	-0.000020	0.999980	-0.000020	1.003724	0.003724	1.003724	0.003724
276	733	P999	2	2.004232	0.002116	2.004232	0.002116	2.004232	0.002116	2.004232	0.002116
277	114	P1	1	0.996334	-0.003666	0.996334	-0.003666	1.000066	0.000066	1.000066	0.000066
277	114	P50	1	0.998165	-0.001835	0.998133	-0.001867	1.001904	0.001904	1.001871	0.001871
277	114	P75	1	0.999082	-0.000918	0.999082	-0.000918	1.002824	0.002824	1.002824	0.002824
277	114	P90	1	0.999639	-0.000361	0.999639	-0.000361	1.003383	0.003383	1.003383	0.003383
277	114	P95	1	0.999836	-0.000164	0.999836	-0.000164	1.003580	0.003580	1.003580	0.003580
277	114	P99	1	0.999967	-0.000033	0.999967	-0.000033	1.003712	0.003712	1.003712	0.003712
277	114	P999	1	1.000000	-0.000000	1.000000	-0.000000	1.003745	0.003745	1.003745	0.003745
278	115	P1	1	0.996334	-0.003666	0.996334	-0.003666	1.000065	0.000065	1.000065	0.000065
278	115	P50	1	0.998149	-0.001851	0.998149	-0.001851	1.001887	0.001887	1.001887	0.001887
278	115	P75	1	0.999090	-0.000910	0.999090	-0.000910	1.002832	0.002832	1.002832	0.002832
278	115	P90	1	0.999643	-0.000357	0.999643	-0.000357	1.003386	0.003386	1.003386	0.003386
278	115	P95	1	0.999837	-0.000163	0.999837	-0.000163	1.003582	0.003582	1.003582	0.003582
278	115	P99	1	0.999967	-0.000033	0.999967	-0.000033	1.003712	0.003712	1.003712	0.003712
278	115	P999	1	1.000000	-0.000000	1.000000	-0.000000	1.003745	0.003745	1.003745	0.003745
279	188	P1	1	0.996309	-0.003691	0.996309	-0.003691	1.000040	0.000040	1.000040	0.000040
279	188	P50	1	0.998163	-0.001837	0.998143	-0.001857	1.001901	0.001901	1.001881	0.001881
279	188	P75	1	0.999101	-0.000899	0.999081	-0.000919	1.002842	0.002842	1.002822	0.002822
279	188	P90	1	0.999660	-0.000340	0.999660	-0.000340	1.003404	0.003404	1.003404	0.003404
279	188	P95	1	0.999840	-0.000160	0.999840	-0.000160	1.003584	0.003584	1.003584	0.003584
279	188	P99	1	1.000000	-0.000000	1.000000	-0.000000	1.003745	0.003745	1.003745	0.003745
279	188	P999	2	2.004232	0.002116	2.004232	0.002116	2.004232	0.002116	2.004232	0.002116
280	232	P1	1	0.996318	-0.003682	0.996318	-0.003682	1.000049	0.000049	1.000049	0.000049
280	232	P50	1	0.998173	-0.001827	0.998157	-0.001843	1.001912	0.001912	1.001895	0.001895
280	232	P75	1	0.999119	-0.000881	0.999103	-0.000897	1.002861	0.002861	1.002844	0.002844
280	232	P90	1	0.999674	-0.000326	0.999674	-0.000326	1.003417	0.003417	1.003417	0.003417
280	232	P95	1	0.999869	-0.000131	0.999869	-0.000131	1.003614	0.003614	1.003614	0.003614
280	232	P99	2	1.999244	-0.000378	1.999244	-0.000378	1.999244	-0.000378	1.999244	-0.000378
280	232	P999	2	2.004232	0.002116	2.004232	0.002116	2.004232	0.002116	2.004232	0.002116
281	657	P1	1	0.996309	-0.003691	0.996309	-0.003691	1.000040	0.000040	1.000040	0.000040
281	657	P50	1	0.998153	-0.001847	0.998153	-0.001847	1.001891	0.001891	1.001891	0.001891
281	657	P75	1	0.999093	-0.000907	0.999093	-0.000907	1.002835	0.002835	1.002835	0.002835
281	657	P90	1	0.999661	-0.000339	0.999661	-0.000339	1.003405	0.003405	1.003405	0.003405
281	657	P95	1	0.999851	-0.000149	0.999851	-0.000149	1.003595	0.003595	1.003595	0.003595
281	657	P99	1	1.000000	-0.000000	1.000000	-0.000000	1.003745	0.003745	1.003745	0.003745
281	657	P999	2	2.004232	0.002116	2.004232	0.002116	2.004232	0.002116	2.004232	0.002116
282	324	P1	1	0.998590	-0.001410	0.998590	-0.001410	1.000157	0.000157	1.000157	0.000157
282	324	P50	7	6.988597	-0.001629	6.988319	-0.001669	6.999567	-0.000062	6.999288	-0.000102
282	324	P75	8	7.994329	-0.000709	7.993931	-0.000759	8.006878	0.000860	8.006479	0.000810
282	324	P90	9	9.004658	0.000518	9.004658	0.000518	8.985144	-0.001651	8.985144	-0.001651
282	324	P95	9	9.020059	0.002229	9.020059	0.002229	9.000511	0.000057	9.000511	0.000057
282	324	P99	10	10.013397	0.001340	10.013397	0.001340	10.029115	0.002912	10.029115	0.002912
282	324	P999	11	11.003393	0.000308	11.003393	0.000308	11.020665	0.001879	11.020665	0.001879
283	228	P1	11	10.998517	-0.000135	10.998517	-0.000135	10.990746	-0.000841	10.990746	-0.000841
283	228	P50	13	12.957308	-0.003284	12.956662	-0.003334	12.996642	-0.000258	12.995995	-0.000308
283	228	P75	13	12.994170	-0.000448	12.993522	-0.000498	13.033616	0.002586	13.032967	0.002536
283	228	P90	16	15.987118	-0.000805	15.987118	-0.000805	15.975822	-0.001511	15.975822	-0.001511
283	228	P95	48	48.097795	0.002037	48.097795	0.002037	48.063809	0.001329	48.063809	0.001329
283	228	P99	62	62.017575	0.000283	62.017575	0.000283	62.205841	0.003320	62.205841	0.003320
283	228	P999	608	608.692426	0.001139	608.692426	0.001139	608.262313	0.000431	608.262313	0.000431
284	129	P1	1	0.996334	-0.003666	0.996334	-0.003666	1.000065	0.000065	1.000065	0.000065
284	129	P50	1	0.998376	-0.001624	0.998376	-0.001624	1.002115	0.002115	1.002115	0.002115
284	129	P75	1	0.999415	-0.000585	0.999415	-0.000585	1.003158	0.003158	1.003158	0.003158
284	129	P90	2	1.998888	-0.000556	1.998888	-0.000556	1.998888	-0.000556	1.998888	-0.000556
284	129	P95	4	3.991999	-0.002000	3.991999	-0.002000	3.991999	-0.002000	3.991999	-0.002000
284	129	P99	5	5.003449	0.000690	5.003449	0.000690	5.003449	0.000690	5.003449	0.000690
284	129	P999	5	5.008127	0.001625	5.008127	0.001625	5.008127	0.001625	5.008127	0.001625
